viaje_idx,tarjeta_id,origen,destino,servicio_final,linea,version_que_gana,t_entrada_viaje,t_salida_viaje,direccion,dia_proceso,etiqueta,servicio_tramo_v1,servicio_tramo_v2,MONTO_TRANSACCION,tipo_pasajero_norm
0,175975,Concepcion,Cristo Redentor,20163,L2,V1,2026-02-08 18:56:05,2026-02-08 19:41:37,CC→CW,2026-02-08,,20163,20163,850,Monedero
1,176047,Huinca,Concepcion,20052,L2,V1,2026-02-08 11:23:37,2026-02-08 12:03:35,CW→CC,2026-02-08,,20052,20052,850,Monedero
2,177521,Concepcion,Concepcion,,,N/A,2026-02-08 09:45:34,2026-02-08 09:46:43,,2026-02-08,no viajo,,,420,Monedero
3,177521,Concepcion,Chiguayante,20847,L1,V1,2026-02-08 20:27:30,2026-02-08 20:40:05,TH→HQ,2026-02-08,,20847,20847,510,Monedero
4,177738,Lomas Coloradas,Laguna Quinenco,20059,L2,V1,2026-02-08 13:29:06,2026-02-08 14:00:46,CC→CW,2026-02-08,,20059,20059,650,Monedero
5,178095,Cdal. Raul Silva Henriquez,Coronel,20161,L2,V1,2026-02-08 18:47:02,2026-02-08 19:13:21,CC→CW,2026-02-08,,20161,20161,650,Monedero
6,178105,Concepcion,Concepcion,,,N/A,2026-02-08 19:39:29,2026-02-08 19:40:04,,2026-02-08,no viajo,,,420,Monedero
7,180254,Laguna Quinenco,Concepcion,20156,L2,V1,2026-02-08 09:03:17,2026-02-08 10:02:18,CW→CC,2026-02-08,,20156,20156,880,Monedero
8,180254,Concepcion,Laguna Quinenco,20171,L2,V1,2026-02-08 20:05:56,2026-02-08 21:45:20,CC→CW,2026-02-08,,20171,20167,880,Monedero
9,180377,Concepcion,Huinca,20161,L2,V1,2026-02-08 17:59:45,2026-02-08 19:06:05,CC→CW,2026-02-08,,20161,20161,850,Monedero
10,183301,Hito Galvarino,Coronel,20063,L2,V1,2026-02-08 14:54:52,2026-02-08 15:21:47,CC→CW,2026-02-08,,20063,20063,530,Monedero
11,183301,Hito Galvarino,Coronel,20063,L2,V1,2026-02-08 14:55:03,2026-02-08 15:21:26,CC→CW,2026-02-08,,20063,20063,530,Monedero
12,184194,Concepcion,Huinca,20069,L2,V1,2026-02-08 16:37:36,2026-02-08 17:21:33,CC→CW,2026-02-08,,20069,20069,850,Monedero
13,186881,Hito Galvarino,Coronel,20063,L2,V1,2026-02-08 14:55:08,2026-02-08 15:22:01,CC→CW,2026-02-08,,20063,20063,530,Monedero
14,188410,Higueras,Pedro Medina,20857,L1,V1,2026-02-08 08:22:23,2026-02-08 09:12:01,TH→HQ,2026-02-08,,20857,20857,540,Monedero
15,188507,Alborada,Coronel,20035,L2,V1,2026-02-08 10:06:28,2026-02-08 10:47:41,CC→CW,2026-02-08,,20035,,790,Monedero
16,188507,Coronel,Alborada,20068,L2,V1,2026-02-08 15:20:00,2026-02-08 16:11:21,CW→CC,2026-02-08,,20068,20068,790,Monedero
17,190731,Concepcion,Costa Mar,20059,L2,V1,2026-02-08 13:01:24,2026-02-08 13:35:25,CC→CW,2026-02-08,,20059,20059,570,Monedero
18,191395,Huinca,Concepcion,20056,L2,V1,2026-02-08 12:20:05,2026-02-08 13:04:05,CW→CC,2026-02-08,,20056,20056,850,Monedero
19,191772,Concepcion,Lomas Coloradas,20063,L2,V1,2026-02-08 13:56:17,2026-02-08 14:57:44,CC→CW,2026-02-08,,20063,20063,570,Monedero
20,194005,Concepcion,Lomas Coloradas,20067,L2,V1,2026-02-08 15:21:19,2026-02-08 15:49:49,CC→CW,2026-02-08,,20067,,570,Monedero
21,194019,Huinca,Juan Pablo II,20162,L2,V1,2026-02-08 18:22:53,2026-02-08 18:52:52,CW→CC,2026-02-08,,20162,20162,680,Monedero
22,194019,Juan Pablo II,Huinca,20163,L2,V1,2026-02-08 18:57:54,2026-02-08 19:37:39,CC→CW,2026-02-08,,20163,20163,680,Monedero
23,197580,Concepcion,Coronel,20171,L2,V1,2026-02-08 20:38:27,2026-02-08 21:49:17,CC→CW,2026-02-08,,20171,,880,Monedero
24,199365,Diagonal Bio Bio,Lomas Coloradas,20063,L2,V1,2026-02-08 14:30:15,2026-02-08 14:57:14,CC→CW,2026-02-08,,20063,20063,510,Monedero
25,200356,Cristo Redentor,El Parque,20166,L2,V1,2026-02-08 19:18:08,2026-02-08 19:44:42,CW→CC,2026-02-08,,20166,20166,630,Monedero
26,204820,El Arenal,Concepcion,20847,L1,V1,2026-02-08 19:52:48,2026-02-08 20:24:51,TH→HQ,2026-02-08,,20847,20847,540,Monedero
27,209754,Concepcion,Pedro Medina,20847,L1,V1,2026-02-08 20:24:54,2026-02-08 20:42:16,TH→HQ,2026-02-08,,20847,20847,510,Monedero
28,221716,Lomas Coloradas,Concepcion,20068,L2,V1,2026-02-08 15:53:36,2026-02-08 16:24:47,CW→CC,2026-02-08,,20068,20068,570,Monedero
29,221716,Lomas Coloradas,Concepcion,20068,L2,V1,2026-02-08 15:53:51,2026-02-08 16:24:29,CW→CC,2026-02-08,,20068,20068,570,Monedero
30,221716,Diagonal Bio Bio,Lomas Coloradas,20171,L2,V1,2026-02-08 21:08:26,2026-02-08 21:27:46,CC→CW,2026-02-08,,20171,,510,Monedero
31,221716,Diagonal Bio Bio,Lomas Coloradas,20171,L2,V1,2026-02-08 21:08:28,2026-02-08 21:27:39,CC→CW,2026-02-08,,20171,,510,Monedero
32,223519,Cdal. Raul Silva Henriquez,Costa Mar,20050,L2,V1,2026-02-08 11:15:33,2026-02-08 11:24:21,CW→CC,2026-02-08,,20050,20050,430,Monedero
33,225782,Cristo Redentor,El Parque,20170,L2,V1,2026-02-08 20:21:57,2026-02-08 20:45:16,CW→CC,2026-02-08,,20170,20170,630,Monedero
34,232764,Lomas Coloradas,Laguna Quinenco,20163,L2,V1,2026-02-08 19:21:22,2026-02-08 19:43:13,CC→CW,2026-02-08,,20163,20163,650,Monedero
35,241053,Concepcion,Costa Mar,20053,L2,V1,2026-02-08 11:52:34,2026-02-08 12:24:56,CC→CW,2026-02-08,,20053,20051,570,Monedero
36,261764,Concepcion,Mercado,20846,L1,V1,2026-02-08 17:24:49,2026-02-08 17:57:44,HQ→TH,2026-02-08,,20846,20846,540,Monedero
37,274391,Concepcion,Higueras,20848,L1,V1,2026-02-08 20:49:39,2026-02-08 21:24:50,HQ→TH,2026-02-08,,20848,20848,500,Monedero
38,275688,El Parque,Lomas Coloradas,20069,L2,V1,2026-02-08 17:00:39,2026-02-08 17:06:32,CC→CW,2026-02-08,,20069,20069,430,Monedero
39,275704,Diagonal Bio Bio,Lomas Coloradas,20069,L2,V1,2026-02-08 16:52:43,2026-02-08 17:06:25,CC→CW,2026-02-08,,20069,20069,510,Monedero
40,288774,El Arenal,Hualqui,20857,L1,V1,2026-02-08 08:30:44,2026-02-08 09:36:21,TH→HQ,2026-02-08,,20857,20857,580,Monedero
41,288774,El Arenal,Hualqui,20857,L1,V1,2026-02-08 08:31:45,2026-02-08 09:36:10,TH→HQ,2026-02-08,,20857,20857,580,Monedero
42,329912,Diagonal Bio Bio,Lomas Coloradas,20069,L2,V1,2026-02-08 16:49:55,2026-02-08 17:05:47,CC→CW,2026-02-08,,20069,20069,510,Monedero
43,330621,Concepcion,Cdal. Raul Silva Henriquez,20171,L2,V1,2026-02-08 20:55:11,2026-02-08 21:29:54,CC→CW,2026-02-08,,20171,,570,Monedero
44,334341,Cdal. Raul Silva Henriquez,Huinca,20157,L2,V1,2026-02-08 17:50:55,2026-02-08 18:06:11,CC→CW,2026-02-08,,20157,,630,Monedero
45,341660,Concepcion,Hualqui,20847,L1,V1,2026-02-08 20:21:27,2026-02-08 21:03:25,TH→HQ,2026-02-08,,20847,20847,550,Monedero
46,344535,Pedro Medina,Lzo. Arenas,20848,L1,V1,2026-02-08 20:43:26,2026-02-08 21:12:51,HQ→TH,2026-02-08,,20848,20848,510,Monedero
47,344825,Hito Galvarino,Concepcion,20160,L2,V1,2026-02-08 17:57:38,2026-02-08 18:29:48,CW→CC,2026-02-08,,20160,20160,850,Monedero
48,352506,Alborada,Hito Galvarino,20167,L2,V1,2026-02-08 20:01:24,2026-02-08 20:32:37,CC→CW,2026-02-08,,20167,20167,650,Monedero
49,356931,Concepcion,Huinca,20059,L2,V1,2026-02-08 13:10:56,2026-02-08 13:55:16,CC→CW,2026-02-08,,20059,20059,850,Monedero
50,362805,Laguna Quinenco,El Parque,20166,L2,V1,2026-02-08 19:06:38,2026-02-08 19:44:07,CW→CC,2026-02-08,,20166,20166,650,Monedero
51,365462,Coronel,Costa Mar,20170,L2,V1,2026-02-08 20:16:59,2026-02-08 20:46:08,CW→CC,2026-02-08,,20170,20170,650,Monedero
52,366406,Concepcion,Huinca,20059,L2,V1,2026-02-08 11:43:58,2026-02-08 13:56:08,CC→CW,2026-02-08,combo_por_entrada,20059,20059,900,Monedero
53,369925,Concepcion,Los Canelos,20059,L2,V1,2026-02-08 13:03:56,2026-02-08 13:53:27,CC→CW,2026-02-08,,20059,20059,850,Monedero
54,373905,Hito Galvarino,Concepcion,20170,L2,V1,2026-02-08 20:24:46,2026-02-08 21:01:19,CW→CC,2026-02-08,,20170,20170,850,Monedero
55,383566,Concepcion,Hito Galvarino,20063,L2,V1,2026-02-08 14:14:48,2026-02-08 15:07:20,CC→CW,2026-02-08,,20063,20063,850,Monedero
56,383572,Coronel,Concepcion,20156,L2,V1,2026-02-08 09:10:45,2026-02-08 10:02:00,CW→CC,2026-02-08,,20156,20156,880,Monedero
57,383572,Concepcion,Coronel,20163,L2,V1,2026-02-08 18:54:42,2026-02-08 19:46:57,CC→CW,2026-02-08,,20163,20163,880,Monedero
58,383717,Concepcion,El Parque,20069,L2,V1,2026-02-08 16:36:54,2026-02-08 17:03:27,CC→CW,2026-02-08,,20069,20069,570,Monedero
59,383717,El Parque,Concepcion,20160,L2,V1,2026-02-08 18:02:13,2026-02-08 18:27:51,CW→CC,2026-02-08,,20160,20160,570,Monedero
60,383825,Coronel,Concepcion,20166,L2,V1,2026-02-08 19:12:38,2026-02-08 19:59:35,CW→CC,2026-02-08,,20166,20166,880,Monedero
61,383954,Juan Pablo II,Costa Mar,20167,L2,V1,2026-02-08 20:05:59,2026-02-08 20:16:50,CC→CW,2026-02-08,,20167,20167,510,Monedero
62,383978,Costa Mar,Concepcion,20160,L2,V1,2026-02-08 18:10:41,2026-02-08 18:27:32,CW→CC,2026-02-08,,20160,20160,570,Monedero
63,383978,Costa Mar,Concepcion,20160,L2,V1,2026-02-08 18:10:46,2026-02-08 18:27:20,CW→CC,2026-02-08,,20160,20160,570,Monedero
64,383978,Concepcion,Costa Mar,20171,L2,V1,2026-02-08 20:39:29,2026-02-08 21:22:33,CC→CW,2026-02-08,,20171,,570,Monedero
65,383978,Concepcion,Costa Mar,20171,L2,V1,2026-02-08 20:39:41,2026-02-08 21:22:28,CC→CW,2026-02-08,,20171,,570,Monedero
66,383997,Lomas Coloradas,Coronel,20067,L2,V1,2026-02-08 15:45:21,2026-02-08 16:14:08,CC→CW,2026-02-08,,20067,20067,650,Monedero
67,385793,El Parque,Coronel,20049,L2,V1,2026-02-08 11:41:27,2026-02-08 12:15:10,CC→CW,2026-02-08,,20049,20049,650,Monedero
68,386413,Huinca,Concepcion,20166,L2,V1,2026-02-08 18:51:50,2026-02-08 19:59:30,CW→CC,2026-02-08,,20166,20166,850,Monedero
69,386790,Laguna Quinenco,Concepcion,20156,L2,V1,2026-02-08 09:18:15,2026-02-08 10:04:24,CW→CC,2026-02-08,,20156,20156,880,Monedero
70,386899,Costa Mar,Hito Galvarino,20153,L2,V1,2026-02-08 09:20:44,2026-02-08 09:48:22,CC→CW,2026-02-08,,20153,20153,610,Monedero
71,387227,Hito Galvarino,Cdal. Raul Silva Henriquez,20160,L2,V1,2026-02-08 17:47:54,2026-02-08 18:05:14,CW→CC,2026-02-08,,20160,20160,610,Monedero
72,390497,Concepcion,Costa Mar,20059,L2,V1,2026-02-08 13:18:18,2026-02-08 13:34:43,CC→CW,2026-02-08,,20059,20059,570,Monedero
73,396983,Cristo Redentor,Concepcion,20068,L2,V1,2026-02-08 15:34:29,2026-02-08 16:25:03,CW→CC,2026-02-08,,20068,20068,850,Monedero
74,396983,Cristo Redentor,Concepcion,20068,L2,V1,2026-02-08 15:34:37,2026-02-08 16:24:16,CW→CC,2026-02-08,,20068,20068,850,Monedero
75,396983,Concepcion,Cristo Redentor,20161,L2,V1,2026-02-08 18:12:50,2026-02-08 19:08:37,CC→CW,2026-02-08,,20161,20161,850,Monedero
76,396983,Concepcion,Cristo Redentor,20161,L2,V1,2026-02-08 18:12:52,2026-02-08 19:08:35,CC→CW,2026-02-08,,20161,20161,850,Monedero
77,397019,Concepcion,Lomas Coloradas,20053,L2,V1,2026-02-08 12:08:39,2026-02-08 12:29:28,CC→CW,2026-02-08,,20053,20053,570,Monedero
78,399735,Juan Pablo II,Concepcion,20166,L2,V1,2026-02-08 19:36:58,2026-02-08 20:01:34,CW→CC,2026-02-08,,20166,20166,570,Monedero
79,399735,Juan Pablo II,Concepcion,20166,L2,V1,2026-02-08 19:37:04,2026-02-08 20:01:31,CW→CC,2026-02-08,,20166,20166,570,Monedero
80,399735,Juan Pablo II,Concepcion,20166,L2,V1,2026-02-08 19:37:10,2026-02-08 20:01:29,CW→CC,2026-02-08,,20166,20166,570,Monedero
81,402869,Concepcion,Concepcion,,,N/A,2026-02-08 15:32:09,2026-02-08 15:32:32,,2026-02-08,no viajo,,,420,Monedero
82,402892,Cdal. Raul Silva Henriquez,Concepcion,20162,L2,V1,2026-02-08 18:28:49,2026-02-08 19:02:37,CW→CC,2026-02-08,,20162,20162,570,Monedero
83,405746,Cdal. Raul Silva Henriquez,El Parque,20160,L2,V1,2026-02-08 18:02:40,2026-02-08 18:11:10,CW→CC,2026-02-08,,20160,20160,430,Monedero
84,405746,El Parque,Cdal. Raul Silva Henriquez,20167,L2,V1,2026-02-08 19:51:21,2026-02-08 20:26:58,CC→CW,2026-02-08,,20167,20167,430,Monedero
85,405902,Los Canelos,Concepcion,20160,L2,V1,2026-02-08 17:51:43,2026-02-08 18:28:52,CW→CC,2026-02-08,,20160,20160,850,Monedero
86,405990,Los Canelos,Lomas Coloradas,20040,L2,V1,2026-02-08 09:48:29,2026-02-08 10:03:07,CW→CC,2026-02-08,,20040,20040,610,Monedero
87,407290,Laguna Quinenco,Concepcion,20056,L2,V1,2026-02-08 12:19:49,2026-02-08 13:05:41,CW→CC,2026-02-08,,20056,20056,880,Monedero
88,408960,Hito Galvarino,Diagonal Bio Bio,20170,L2,V1,2026-02-08 20:27:32,2026-02-08 20:50:59,CW→CC,2026-02-08,,20170,20170,650,Monedero
89,413840,El Arenal,Concepcion,20857,L1,V1,2026-02-08 08:26:15,2026-02-08 08:57:11,TH→HQ,2026-02-08,,20857,20857,540,Monedero
90,413840,Concepcion,El Arenal,20844,L1,V1,2026-02-08 12:45:11,2026-02-08 13:15:27,HQ→TH,2026-02-08,,20844,20844,540,Monedero
91,413841,Hito Galvarino,Alborada,20076,L2,V1,2026-02-08 16:52:08,2026-02-08 17:17:00,CW→CC,2026-02-08,,20076,20076,650,Monedero
92,419075,Lomas Coloradas,Concepcion,,,N/A,2026-02-08 17:52:30,2026-02-08 18:11:57,,2026-02-08,sin_combo_factible_en_hub|sin_s1_factible_retro,,,570,Monedero
93,419288,Concepcion,Laguna Quinenco,20035,L2,V1,2026-02-08 09:43:18,2026-02-08 10:45:15,CC→CW,2026-02-08,,20035,,880,Monedero
94,419288,Concepcion,Laguna Quinenco,20035,L2,V1,2026-02-08 09:43:30,2026-02-08 10:45:03,CC→CW,2026-02-08,,20035,,880,Monedero
95,419384,Los Canelos,El Parque,20156,L2,V1,2026-02-08 09:22:29,2026-02-08 09:44:09,CW→CC,2026-02-08,,20156,20156,610,Monedero
96,419384,El Parque,Los Canelos,20161,L2,V1,2026-02-08 18:41:48,2026-02-08 19:02:50,CC→CW,2026-02-08,,20161,20161,610,Monedero
97,420915,Concepcion,Higueras,20846,L1,V1,2026-02-08 17:27:44,2026-02-08 17:51:30,HQ→TH,2026-02-08,,20846,20846,500,Monedero
98,422038,Lomas Coloradas,Concepcion,20068,L2,V1,2026-02-08 15:57:48,2026-02-08 16:24:18,CW→CC,2026-02-08,,20068,20068,570,Monedero
99,422038,Juan Pablo II,Lomas Coloradas,20171,L2,V1,2026-02-08 20:54:33,2026-02-08 21:27:19,CC→CW,2026-02-08,,20171,20167,510,Monedero
100,425038,Cristo Redentor,Concepcion,20166,L2,V1,2026-02-08 19:17:59,2026-02-08 20:01:11,CW→CC,2026-02-08,,20166,20166,850,Monedero
101,425118,Concepcion,La Leonera,20845,L1,V1,2026-02-08 15:38:23,2026-02-08 16:48:46,TH→HQ,2026-02-08,combo_por_entrada,20845,20845,900,Monedero
102,425118,Concepcion,Los Canelos,20171,L2,V1,2026-02-08 20:31:27,2026-02-08 21:40:12,CC→CW,2026-02-08,match_por_salida_fallback,20171,,900,Monedero
103,425214,Concepcion,El Parque,20069,L2,V1,2026-02-08 15:56:00,2026-02-08 17:03:44,CC→CW,2026-02-08,combo_por_entrada,20069,20069,590,Monedero
104,425214,El Parque,Concepcion,20162,L2,V1,2026-02-08 18:44:59,2026-02-08 20:00:10,CW→CC,2026-02-08,,20162,20162,570,Monedero
105,425331,Cdal. Raul Silva Henriquez,Concepcion,20166,L2,V1,2026-02-08 19:23:29,2026-02-08 19:59:50,CW→CC,2026-02-08,,20166,20166,570,Monedero
106,428235,Lomas Coloradas,Laguna Quinenco,20035,L2,V1,2026-02-08 10:18:11,2026-02-08 10:44:21,CC→CW,2026-02-08,,20035,,650,Monedero
107,428235,Laguna Quinenco,Lomas Coloradas,20170,L2,V1,2026-02-08 20:15:27,2026-02-08 20:42:18,CW→CC,2026-02-08,,20170,20170,650,Monedero
108,428304,Lomas Coloradas,Concepcion,20066,L2,V1,2026-02-08 14:43:22,2026-02-08 15:24:16,CW→CC,2026-02-08,,20066,20066,570,Monedero
109,429976,Lomas Coloradas,Cristo Redentor,20153,L2,V1,2026-02-08 09:36:22,2026-02-08 09:56:57,CC→CW,2026-02-08,,20153,20153,630,Monedero
110,431795,Alborada,Concepcion,20068,L2,V1,2026-02-08 16:01:15,2026-02-08 17:00:44,CW→CC,2026-02-08,combo_por_entrada,20068,20845,600,Monedero
111,435408,Alborada,Lomas Coloradas,20051,L2,V1,2026-02-08 11:49:31,2026-02-08 12:05:28,CC→CW,2026-02-08,,20051,20049,510,Monedero
112,435440,Concepcion,Hito Galvarino,20051,L2,V1,2026-02-08 11:41:12,2026-02-08 12:14:43,CC→CW,2026-02-08,,20051,20051,850,Monedero
113,435440,Laguna Quinenco,Concepcion,20162,L2,V1,2026-02-08 18:16:41,2026-02-08 19:00:07,CW→CC,2026-02-08,,20162,20162,880,Monedero
114,439325,Concepcion,Mercado,20844,L1,V1,2026-02-08 12:34:40,2026-02-08 13:19:41,HQ→TH,2026-02-08,combo_relajado_pase1,20844,20844,550,Monedero
115,439325,Concepcion,Mercado,20844,L1,V1,2026-02-08 12:34:52,2026-02-08 13:18:41,HQ→TH,2026-02-08,combo_relajado_pase1,20844,20844,550,Monedero
116,440989,Lomas Coloradas,Coronel,20161,L2,V1,2026-02-08 18:48:17,2026-02-08 19:13:17,CC→CW,2026-02-08,,20161,20161,650,Monedero
117,441121,Costa Mar,Cdal. Raul Silva Henriquez,20069,L2,V1,2026-02-08 16:54:24,2026-02-08 17:08:50,CC→CW,2026-02-08,,20069,20069,430,Monedero
118,444053,Los Canelos,Concepcion,20162,L2,V1,2026-02-08 18:17:51,2026-02-08 19:00:21,CW→CC,2026-02-08,,20162,20162,850,Monedero
119,444299,Hito Galvarino,Concepcion,20076,L2,V1,2026-02-08 16:47:47,2026-02-08 17:31:25,CW→CC,2026-02-08,,20076,20076,850,Monedero
120,444923,Juan Pablo II,El Parque,20069,L2,V1,2026-02-08 16:50:52,2026-02-08 17:03:15,CC→CW,2026-02-08,,20069,20069,510,Monedero
121,447331,Concepcion,El Arenal,20848,L1,V1,2026-02-08 20:57:12,2026-02-08 21:28:25,HQ→TH,2026-02-08,,20848,20848,540,Monedero
122,447695,Cdal. Raul Silva Henriquez,Laguna Quinenco,20063,L2,V1,2026-02-08 14:47:03,2026-02-08 15:17:49,CC→CW,2026-02-08,,20063,20063,650,Monedero
123,447695,Laguna Quinenco,Cdal. Raul Silva Henriquez,20076,L2,V1,2026-02-08 16:40:06,2026-02-08 17:05:58,CW→CC,2026-02-08,,20076,20076,650,Monedero
124,447865,Concepcion,Costa Mar,20049,L2,V1,2026-02-08 11:06:56,2026-02-08 11:45:50,CC→CW,2026-02-08,,20049,20049,570,Monedero
125,455233,Costa Mar,Concepcion,20068,L2,V1,2026-02-08 16:07:21,2026-02-08 16:27:16,CW→CC,2026-02-08,,20068,20068,570,Monedero
126,455356,Lomas Coloradas,Concepcion,20156,L2,V1,2026-02-08 09:39:29,2026-02-08 10:01:36,CW→CC,2026-02-08,,20156,20156,570,Monedero
127,455356,Lomas Coloradas,Concepcion,20156,L2,V1,2026-02-08 09:39:46,2026-02-08 10:01:30,CW→CC,2026-02-08,,20156,20156,570,Monedero
128,460727,Cdal. Raul Silva Henriquez,Concepcion,20044,L2,V1,2026-02-08 10:23:30,2026-02-08 10:48:19,CW→CC,2026-02-08,,20044,20044,570,Monedero
129,460727,Concepcion,Cdal. Raul Silva Henriquez,20161,L2,V1,2026-02-08 17:37:13,2026-02-08 18:54:34,CC→CW,2026-02-08,,20161,20157,570,Monedero
130,464974,Concepcion,Coronel,20153,L2,V1,2026-02-08 09:13:40,2026-02-08 10:03:20,CC→CW,2026-02-08,,20153,20153,880,Monedero
131,466919,Lomas Coloradas,Hito Galvarino,20035,L2,V1,2026-02-08 10:16:49,2026-02-08 10:33:35,CC→CW,2026-02-08,,20035,,610,Monedero
132,469960,Cdal. Raul Silva Henriquez,Huinca,20163,L2,V1,2026-02-08 19:22:22,2026-02-08 19:38:34,CC→CW,2026-02-08,,20163,20163,630,Monedero
133,483643,Concepcion,Cristo Redentor,20041,L2,V1,2026-02-08 10:07:55,2026-02-08 11:08:20,CC→CW,2026-02-08,,20041,20035,850,Monedero
134,493471,Coronel,Concepcion,20056,L2,V1,2026-02-08 11:55:00,2026-02-08 13:04:02,CW→CC,2026-02-08,,20056,20056,880,Monedero
135,493471,Concepcion,Coronel,20063,L2,V1,2026-02-08 13:44:35,2026-02-08 15:20:31,CC→CW,2026-02-08,,20063,20063,880,Monedero
136,496526,El Parque,Laguna Quinenco,20161,L2,V1,2026-02-08 18:44:56,2026-02-08 19:10:18,CC→CW,2026-02-08,,20161,20161,650,Monedero
137,496764,Lomas Coloradas,Concepcion,20068,L2,V1,2026-02-08 16:02:30,2026-02-08 17:01:47,CW→CC,2026-02-08,combo_por_entrada,20068,20845,600,Monedero
138,497743,Hito Galvarino,Coronel,20163,L2,V1,2026-02-08 19:29:27,2026-02-08 19:45:51,CC→CW,2026-02-08,,20163,20163,530,Monedero
139,499841,Cristo Redentor,Concepcion,20066,L2,V1,2026-02-08 14:32:50,2026-02-08 15:24:23,CW→CC,2026-02-08,,20066,20066,850,Monedero
140,501729,Hito Galvarino,Concepcion,20076,L2,V1,2026-02-08 16:56:55,2026-02-08 17:30:00,CW→CC,2026-02-08,,20076,20076,850,Monedero
141,505391,UTF Santa Maria,La Leonera,20859,L1,V1,2026-02-08 12:39:40,2026-02-08 13:19:03,TH→HQ,2026-02-08,,20859,20859,540,Monedero
142,505391,UTF Santa Maria,La Leonera,20859,L1,V1,2026-02-08 12:39:51,2026-02-08 13:18:53,TH→HQ,2026-02-08,,20859,20859,540,Monedero
143,508229,Concepcion,Lomas Coloradas,20059,L2,V1,2026-02-08 13:18:19,2026-02-08 13:41:25,CC→CW,2026-02-08,,20059,20059,570,Monedero
144,511146,Juan Pablo II,Coronel,20041,L2,V1,2026-02-08 10:18:18,2026-02-08 11:13:54,CC→CW,2026-02-08,,20041,20035,790,Monedero
145,511146,Coronel,Juan Pablo II,20062,L2,V1,2026-02-08 13:44:43,2026-02-08 14:28:05,CW→CC,2026-02-08,,20062,20062,790,Monedero
146,516775,Coronel,El Parque,20156,L2,V1,2026-02-08 08:43:16,2026-02-08 09:44:01,CW→CC,2026-02-08,,20156,20156,650,Monedero
147,516902,Coronel,Concepcion,20066,L2,V1,2026-02-08 14:35:00,2026-02-08 15:23:22,CW→CC,2026-02-08,,20066,20066,880,Monedero
148,516902,Concepcion,Concepcion,,,N/A,2026-02-08 16:09:57,2026-02-08 16:11:45,,2026-02-08,no viajo,,,420,Monedero
149,516902,Concepcion,Laguna Quinenco,20157,L2,V1,2026-02-08 16:54:12,2026-02-08 18:10:59,CC→CW,2026-02-08,,20157,,880,Monedero
150,518401,Concepcion,Cristo Redentor,20171,L2,V1,2026-02-08 20:53:49,2026-02-08 21:43:08,CC→CW,2026-02-08,,20171,,850,Monedero
151,520024,Coronel,Concepcion,20170,L2,V1,2026-02-08 19:47:26,2026-02-08 21:03:02,CW→CC,2026-02-08,,20170,20170,880,Monedero
152,527859,Coronel,Concepcion,20050,L2,V1,2026-02-08 10:54:04,2026-02-08 11:38:56,CW→CC,2026-02-08,,20050,20050,880,Monedero
153,527859,Concepcion,Laguna Quinenco,20067,L2,V1,2026-02-08 14:48:08,2026-02-08 16:12:12,CC→CW,2026-02-08,,20067,20067,880,Monedero
154,527949,Cdal. Raul Silva Henriquez,Concepcion,20162,L2,V1,2026-02-08 18:22:27,2026-02-08 18:59:52,CW→CC,2026-02-08,,20162,20162,570,Monedero
155,528042,Concepcion,Laguna Quinenco,20153,L2,V1,2026-02-08 09:15:14,2026-02-08 09:59:58,CC→CW,2026-02-08,,20153,20153,880,Monedero
156,528055,Concepcion,Cristo Redentor,20157,L2,V1,2026-02-08 17:28:31,2026-02-08 18:07:49,CC→CW,2026-02-08,,20157,,850,Monedero
157,533377,Lomas Coloradas,Concepcion,20076,L2,V1,2026-02-08 16:56:49,2026-02-08 17:29:40,CW→CC,2026-02-08,,20076,20076,570,Monedero
158,533377,Concepcion,Lomas Coloradas,20171,L2,V1,2026-02-08 20:32:45,2026-02-08 21:26:57,CC→CW,2026-02-08,,20171,,570,Monedero
159,533513,Lomas Coloradas,Concepcion,20052,L2,V1,2026-02-08 11:39:10,2026-02-08 12:06:46,CW→CC,2026-02-08,,20052,20052,570,Monedero
160,535955,Cdal. Raul Silva Henriquez,Costa Mar,20062,L2,V1,2026-02-08 14:03:58,2026-02-08 14:19:14,CW→CC,2026-02-08,,20062,20062,430,Monedero
161,539504,Cdal. Raul Silva Henriquez,Cristo Redentor,20051,L2,V1,2026-02-08 12:00:44,2026-02-08 12:22:56,CC→CW,2026-02-08,,20051,20051,630,Monedero
162,539507,Concepcion,Hito Galvarino,20171,L2,V1,2026-02-08 20:37:50,2026-02-08 21:36:11,CC→CW,2026-02-08,,20171,,850,Monedero
163,539507,Concepcion,Hito Galvarino,20171,L2,V1,2026-02-08 20:37:54,2026-02-08 21:36:03,CC→CW,2026-02-08,,20171,,850,Monedero
164,543638,Higueras,Manquimavida,20845,L1,V1,2026-02-08 16:08:43,2026-02-08 16:46:17,TH→HQ,2026-02-08,,20845,20845,540,Monedero
165,551322,Juan Pablo II,Lomas Coloradas,20171,L2,V1,2026-02-08 20:41:33,2026-02-08 21:27:34,CC→CW,2026-02-08,,20171,20167,510,Monedero
166,558797,Concepcion,El Parque,20069,L2,V1,2026-02-08 16:20:11,2026-02-08 17:06:47,CC→CW,2026-02-08,,20069,20069,570,Monedero
167,558797,Concepcion,El Parque,20069,L2,V1,2026-02-08 16:20:29,2026-02-08 17:06:21,CC→CW,2026-02-08,,20069,20069,570,Monedero
168,561786,Coronel,Concepcion,20162,L2,V1,2026-02-08 18:01:21,2026-02-08 19:00:34,CW→CC,2026-02-08,,20162,20162,880,Monedero
169,566884,Lzo. Arenas,Los Condores,20844,L1,V1,2026-02-08 12:47:58,2026-02-08 13:09:37,HQ→TH,2026-02-08,,20844,20844,500,Monedero
170,569367,Lomas Coloradas,Concepcion,20166,L2,V1,2026-02-08 19:36:49,2026-02-08 20:00:25,CW→CC,2026-02-08,,20166,20166,570,Monedero
171,569955,Concepcion,Coronel,20051,L2,V1,2026-02-08 11:45:18,2026-02-08 12:54:47,CC→CW,2026-02-08,,20051,20051,880,Monedero
172,569963,Concepcion,Mercado,20848,L1,V1,2026-02-08 20:48:14,2026-02-08 21:31:11,HQ→TH,2026-02-08,,20848,20848,540,Monedero
173,572835,Hito Galvarino,Cdal. Raul Silva Henriquez,20058,L2,V1,2026-02-08 12:42:23,2026-02-08 12:52:14,CW→CC,2026-02-08,,20058,20058,610,Monedero
174,575351,Lomas Coloradas,Concepcion,20160,L2,V1,2026-02-08 18:03:49,2026-02-08 18:28:06,CW→CC,2026-02-08,,20160,20160,570,Monedero
175,575934,Concepcion,Costa Mar,20161,L2,V1,2026-02-08 18:24:59,2026-02-08 18:46:16,CC→CW,2026-02-08,,20161,20161,570,Monedero
176,578237,Cristo Redentor,Lomas Coloradas,20044,L2,V1,2026-02-08 10:00:12,2026-02-08 10:28:38,CW→CC,2026-02-08,,20044,20044,630,Monedero
177,578237,Cristo Redentor,Lomas Coloradas,20044,L2,V1,2026-02-08 10:00:24,2026-02-08 10:28:30,CW→CC,2026-02-08,,20044,20044,630,Monedero
178,578764,Concepcion,Coronel,20063,L2,V1,2026-02-08 14:18:07,2026-02-08 15:20:52,CC→CW,2026-02-08,,20063,20063,880,Monedero
179,578839,Concepcion,Los Canelos,20063,L2,V1,2026-02-08 14:25:57,2026-02-08 15:12:38,CC→CW,2026-02-08,,20063,20063,850,Monedero
180,578839,Concepcion,Los Canelos,20063,L2,V1,2026-02-08 14:26:11,2026-02-08 15:12:32,CC→CW,2026-02-08,,20063,20063,850,Monedero
181,581477,Coronel,Huinca,20056,L2,V1,2026-02-08 12:10:21,2026-02-08 12:26:56,CW→CC,2026-02-08,,20056,20056,450,Monedero
182,581575,Concepcion,Laguna Quinenco,20167,L2,V1,2026-02-08 19:58:22,2026-02-08 20:44:27,CC→CW,2026-02-08,,20167,20167,880,Monedero
183,581575,Concepcion,Laguna Quinenco,20167,L2,V1,2026-02-08 19:58:28,2026-02-08 20:44:20,CC→CW,2026-02-08,,20167,20167,880,Monedero
184,584129,El Parque,Coronel,20053,L2,V1,2026-02-08 12:10:04,2026-02-08 12:55:18,CC→CW,2026-02-08,,20053,20053,650,Monedero
185,588496,Cristo Redentor,Concepcion,20066,L2,V1,2026-02-08 14:32:01,2026-02-08 15:23:33,CW→CC,2026-02-08,,20066,20066,850,Monedero
186,591957,Mercado,Los Condores,20847,L1,V1,2026-02-08 19:56:16,2026-02-08 20:13:04,TH→HQ,2026-02-08,,20847,20847,490,Monedero
187,594896,Juan Pablo II,Los Canelos,20161,L2,V1,2026-02-08 18:14:39,2026-02-08 19:03:09,CC→CW,2026-02-08,,20161,20161,650,Monedero
188,594984,El Arenal,Concepcion,20847,L1,V1,2026-02-08 19:47:37,2026-02-08 20:25:38,TH→HQ,2026-02-08,,20847,20847,540,Monedero
189,595038,Concepcion,Cristo Redentor,20059,L2,V1,2026-02-08 13:11:43,2026-02-08 13:58:33,CC→CW,2026-02-08,,20059,20059,850,Monedero
190,597552,Concepcion,Cristo Redentor,20067,L2,V1,2026-02-08 15:25:22,2026-02-08 16:07:44,CC→CW,2026-02-08,,20067,20067,850,Monedero
191,597645,Concepcion,Los Canelos,20069,L2,V1,2026-02-08 16:17:23,2026-02-08 17:19:00,CC→CW,2026-02-08,,20069,20069,850,Monedero
192,597746,Concepcion,Los Condores,20848,L1,V1,2026-02-08 20:17:51,2026-02-08 21:21:34,HQ→TH,2026-02-08,match_por_salida_fallback,20848,20170,880,Monedero
193,605655,Costa Mar,Cdal. Raul Silva Henriquez,20049,L2,V1,2026-02-08 11:43:18,2026-02-08 11:53:56,CC→CW,2026-02-08,,20049,20049,430,Monedero
194,607898,Lomas Coloradas,Concepcion,20152,L2,V1,2026-02-08 08:53:06,2026-02-08 09:16:41,CW→CC,2026-02-08,,20152,20152,570,Monedero
195,610473,Lomas Coloradas,Concepcion,20068,L2,V1,2026-02-08 15:59:39,2026-02-08 16:24:24,CW→CC,2026-02-08,,20068,20068,570,Monedero
196,610741,Juan Pablo II,Lomas Coloradas,20167,L2,V1,2026-02-08 19:32:00,2026-02-08 20:23:30,CC→CW,2026-02-08,,20167,20167,510,Monedero
197,613044,Huinca,Costa Mar,20062,L2,V1,2026-02-08 13:47:23,2026-02-08 14:19:14,CW→CC,2026-02-08,,20062,20062,630,Monedero
198,613265,Costa Mar,Coronel,20059,L2,V1,2026-02-08 13:31:39,2026-02-08 14:03:28,CC→CW,2026-02-08,,20059,20059,650,Monedero
199,615825,Cristo Redentor,Concepcion,20160,L2,V1,2026-02-08 17:45:59,2026-02-08 18:27:47,CW→CC,2026-02-08,,20160,20160,850,Monedero
200,615825,Cristo Redentor,Concepcion,20160,L2,V1,2026-02-08 17:46:02,2026-02-08 18:27:19,CW→CC,2026-02-08,,20160,20160,850,Monedero
201,615835,Hito Galvarino,Concepcion,20170,L2,V1,2026-02-08 20:15:38,2026-02-08 21:03:30,CW→CC,2026-02-08,,20170,20170,850,Monedero
202,620859,Concepcion,Los Canelos,20063,L2,V1,2026-02-08 14:15:33,2026-02-08 15:10:40,CC→CW,2026-02-08,,20063,20063,850,Monedero
203,620859,Los Canelos,Concepcion,20170,L2,V1,2026-02-08 20:14:19,2026-02-08 21:02:44,CW→CC,2026-02-08,,20170,20170,850,Monedero
204,620871,Concepcion,Los Canelos,20063,L2,V1,2026-02-08 14:15:33,2026-02-08 15:10:34,CC→CW,2026-02-08,,20063,20063,850,Monedero
205,620871,Los Canelos,Concepcion,20170,L2,V1,2026-02-08 20:14:18,2026-02-08 21:02:38,CW→CC,2026-02-08,,20170,20170,850,Monedero
206,620900,Concepcion,Los Canelos,20049,L2,V1,2026-02-08 11:14:24,2026-02-08 12:04:02,CC→CW,2026-02-08,,20049,20049,850,Monedero
207,620987,Concepcion,Cristo Redentor,20163,L2,V1,2026-02-08 18:55:00,2026-02-08 19:40:05,CC→CW,2026-02-08,,20163,20163,850,Monedero
208,623429,Coronel,Concepcion,20058,L2,V1,2026-02-08 12:28:57,2026-02-08 13:16:08,CW→CC,2026-02-08,,20058,20058,880,Monedero
209,625669,Los Canelos,Concepcion,20050,L2,V1,2026-02-08 11:01:19,2026-02-08 11:38:18,CW→CC,2026-02-08,,20050,20050,850,Monedero
210,625823,Concepcion,Hito Galvarino,20171,L2,V1,2026-02-08 20:41:01,2026-02-08 21:35:39,CC→CW,2026-02-08,,20171,,850,Monedero
211,628029,Cdal. Raul Silva Henriquez,Concepcion,20066,L2,V1,2026-02-08 14:57:57,2026-02-08 15:23:26,CW→CC,2026-02-08,,20066,20066,570,Monedero
212,628029,Concepcion,Cdal. Raul Silva Henriquez,20167,L2,V1,2026-02-08 19:36:40,2026-02-08 20:26:53,CC→CW,2026-02-08,,20167,20167,570,Monedero
213,628035,Coronel,Concepcion,20166,L2,V1,2026-02-08 18:51:42,2026-02-08 20:01:10,CW→CC,2026-02-08,,20166,20166,880,Monedero
214,630926,Concepcion,Laguna Quinenco,20067,L2,V1,2026-02-08 15:08:15,2026-02-08 16:11:09,CC→CW,2026-02-08,,20067,20067,880,Monedero
215,630926,Laguna Quinenco,Concepcion,20166,L2,V1,2026-02-08 19:09:13,2026-02-08 20:01:13,CW→CC,2026-02-08,,20166,20166,880,Monedero
216,637258,Cristo Redentor,Lomas Coloradas,20166,L2,V1,2026-02-08 19:18:31,2026-02-08 19:41:20,CW→CC,2026-02-08,,20166,20166,630,Monedero
217,637283,Pedro Medina,Los Condores,20848,L1,V1,2026-02-08 20:19:43,2026-02-08 21:20:17,HQ→TH,2026-02-08,,20848,20848,540,Monedero
218,637283,Pedro Medina,Los Condores,20848,L1,V1,2026-02-08 20:19:53,2026-02-08 21:20:06,HQ→TH,2026-02-08,,20848,20848,540,Monedero
219,640221,Concepcion,Huinca,20167,L2,V1,2026-02-08 19:49:19,2026-02-08 20:38:58,CC→CW,2026-02-08,,20167,20167,850,Monedero
220,640255,Laguna Quinenco,Concepcion,20076,L2,V1,2026-02-08 16:34:40,2026-02-08 17:30:35,CW→CC,2026-02-08,,20076,20076,880,Monedero
221,640255,Concepcion,Laguna Quinenco,20167,L2,V1,2026-02-08 19:42:34,2026-02-08 20:43:14,CC→CW,2026-02-08,,20167,20167,880,Monedero
222,640327,Coronel,Concepcion,20056,L2,V1,2026-02-08 11:43:07,2026-02-08 13:05:05,CW→CC,2026-02-08,,20056,20056,880,Monedero
223,645970,Laguna Quinenco,Costa Mar,20044,L2,V1,2026-02-08 09:49:37,2026-02-08 10:34:24,CW→CC,2026-02-08,,20044,20040,650,Monedero
224,645970,Costa Mar,Laguna Quinenco,20059,L2,V1,2026-02-08 13:33:30,2026-02-08 14:01:38,CC→CW,2026-02-08,,20059,20059,650,Monedero
225,649150,Huinca,Laguna Quinenco,20035,L2,V1,2026-02-08 10:21:26,2026-02-08 10:44:53,CC→CW,2026-02-08,,20035,,450,Monedero
226,649202,Concepcion,Cdal. Raul Silva Henriquez,20161,L2,V1,2026-02-08 17:36:42,2026-02-08 18:54:42,CC→CW,2026-02-08,,20161,20157,570,Monedero
227,649202,Cdal. Raul Silva Henriquez,Concepcion,20166,L2,V1,2026-02-08 19:21:47,2026-02-08 19:59:21,CW→CC,2026-02-08,,20166,20166,570,Monedero
228,650714,Hito Galvarino,Costa Mar,20160,L2,V1,2026-02-08 17:50:07,2026-02-08 18:12:32,CW→CC,2026-02-08,,20160,20160,610,Monedero
229,651746,Cdal. Raul Silva Henriquez,Concepcion,20166,L2,V1,2026-02-08 19:22:37,2026-02-08 20:00:11,CW→CC,2026-02-08,,20166,20166,570,Monedero
230,652078,Juan Pablo II,Huinca,20035,L2,V1,2026-02-08 10:11:53,2026-02-08 10:39:38,CC→CW,2026-02-08,,20035,,680,Monedero
231,654897,Concepcion,Los Canelos,20163,L2,V1,2026-02-08 18:37:55,2026-02-08 19:35:36,CC→CW,2026-02-08,,20163,20161,850,Monedero
232,657257,Costa Mar,El Parque,20041,L2,V1,2026-02-08 10:36:55,2026-02-08 10:47:47,CC→CW,2026-02-08,,20041,20041,430,Monedero
233,657257,Costa Mar,El Parque,20041,L2,V1,2026-02-08 10:37:16,2026-02-08 10:47:33,CC→CW,2026-02-08,,20041,20041,430,Monedero
234,657414,Concepcion,Laguna Quinenco,20041,L2,V1,2026-02-08 10:24:09,2026-02-08 11:11:20,CC→CW,2026-02-08,,20041,20041,880,Monedero
235,657492,Hito Galvarino,Lomas Coloradas,20062,L2,V1,2026-02-08 14:03:04,2026-02-08 14:13:42,CW→CC,2026-02-08,,20062,20062,610,Monedero
236,657492,Lomas Coloradas,Hito Galvarino,20157,L2,V1,2026-02-08 17:38:12,2026-02-08 18:00:59,CC→CW,2026-02-08,,20157,,610,Monedero
237,657589,Laguna Quinenco,Costa Mar,20066,L2,V1,2026-02-08 14:37:25,2026-02-08 15:09:54,CW→CC,2026-02-08,,20066,20066,650,Monedero
238,659750,Concepcion,Coronel,20063,L2,V1,2026-02-08 13:56:50,2026-02-08 15:21:11,CC→CW,2026-02-08,,20063,20063,880,Monedero
239,659750,Concepcion,Coronel,20063,L2,V1,2026-02-08 13:56:56,2026-02-08 15:21:01,CC→CW,2026-02-08,,20063,20063,880,Monedero
240,659750,Concepcion,Coronel,20063,L2,V1,2026-02-08 13:57:00,2026-02-08 15:20:48,CC→CW,2026-02-08,,20063,20063,880,Monedero
241,662513,Lomas Coloradas,Los Canelos,20053,L2,V1,2026-02-08 12:19:00,2026-02-08 12:42:43,CC→CW,2026-02-08,,20053,20053,610,Monedero
242,665325,Concepcion,Concepcion,,,N/A,2026-02-08 19:22:01,2026-02-08 19:52:45,,2026-02-08,no viajo,,,420,Monedero
243,668018,Laguna Quinenco,El Parque,20160,L2,V1,2026-02-08 17:39:12,2026-02-08 18:10:11,CW→CC,2026-02-08,,20160,20160,650,Monedero
244,668119,Concepcion,Cristo Redentor,20049,L2,V1,2026-02-08 11:18:53,2026-02-08 12:07:59,CC→CW,2026-02-08,,20049,20049,850,Monedero
245,668161,Huinca,Lomas Coloradas,20160,L2,V1,2026-02-08 17:47:09,2026-02-08 18:06:59,CW→CC,2026-02-08,,20160,20160,630,Monedero
246,670983,Coronel,Costa Mar,20040,L2,V1,2026-02-08 09:24:18,2026-02-08 10:08:00,CW→CC,2026-02-08,,20040,20156,650,Monedero
247,674049,Huinca,Concepcion,20068,L2,V1,2026-02-08 15:48:48,2026-02-08 16:26:27,CW→CC,2026-02-08,,20068,20068,850,Monedero
248,674085,Concepcion,Coronel,20063,L2,V1,2026-02-08 14:24:27,2026-02-08 15:21:28,CC→CW,2026-02-08,,20063,20063,880,Monedero
249,676641,Pedro Medina,Lzo. Arenas,20850,L1,V1,2026-02-08 09:32:05,2026-02-08 10:10:56,HQ→TH,2026-02-08,,20850,20850,510,Monedero
250,676732,Concepcion,Costa Mar,20067,L2,V1,2026-02-08 15:01:21,2026-02-08 15:45:11,CC→CW,2026-02-08,,20067,20067,570,Monedero
251,679235,Concepcion,Diagonal Bio Bio,20157,L2,V1,2026-02-08 17:16:24,2026-02-08 17:43:20,CC→CW,2026-02-08,,20157,20157,570,Monedero
252,679463,Concepcion,Cristo Redentor,20157,L2,V1,2026-02-08 17:03:02,2026-02-08 18:08:19,CC→CW,2026-02-08,,20157,,850,Monedero
253,679747,Diagonal Bio Bio,Los Canelos,20053,L2,V1,2026-02-08 12:04:29,2026-02-08 12:43:15,CC→CW,2026-02-08,,20053,20053,650,Monedero
254,679747,Diagonal Bio Bio,Los Canelos,20053,L2,V1,2026-02-08 12:04:37,2026-02-08 12:43:10,CC→CW,2026-02-08,,20053,20053,650,Monedero
255,679815,Juan Pablo II,Lomas Coloradas,20049,L2,V1,2026-02-08 11:25:40,2026-02-08 11:50:46,CC→CW,2026-02-08,,20049,20049,510,Monedero
256,679935,Concepcion,El Parque,20067,L2,V1,2026-02-08 15:31:23,2026-02-08 17:06:01,CC→CW,2026-02-08,,20067,20067,570,Monedero
257,679935,Concepcion,El Parque,20067,L2,V1,2026-02-08 15:32:22,2026-02-08 17:05:29,CC→CW,2026-02-08,,20067,20067,570,Monedero
258,679935,El Parque,Concepcion,20166,L2,V1,2026-02-08 18:46:23,2026-02-08 20:02:47,CW→CC,2026-02-08,,20166,20162,570,Monedero
259,679935,El Parque,Concepcion,20166,L2,V1,2026-02-08 18:46:37,2026-02-08 20:02:20,CW→CC,2026-02-08,,20166,20162,570,Monedero
260,679935,El Parque,Concepcion,20166,L2,V1,2026-02-08 18:46:44,2026-02-08 20:02:08,CW→CC,2026-02-08,,20166,20162,570,Monedero
261,687442,Concepcion,Concepcion,,,N/A,2026-02-08 17:57:49,2026-02-08 18:16:57,,2026-02-08,no viajo,,,420,Monedero
262,688480,Concepcion,Alborada,20059,L2,V1,2026-02-08 12:54:11,2026-02-08 13:33:31,CC→CW,2026-02-08,,20059,20059,570,Monedero
263,692774,Costa Mar,Concepcion,20056,L2,V1,2026-02-08 12:46:07,2026-02-08 13:05:53,CW→CC,2026-02-08,,20056,20056,570,Monedero
264,692774,Pedro Medina,Costa Mar,,,N/A,2026-02-08 17:11:44,2026-02-08 17:49:18,,2026-02-08,sin_combo_factible_en_hub|sin_s1_factible_retro,,,590,Monedero
265,692809,Concepcion,Cdal. Raul Silva Henriquez,20171,L2,V1,2026-02-08 20:47:26,2026-02-08 21:31:46,CC→CW,2026-02-08,,20171,20171,570,Monedero
266,697160,Cdal. Raul Silva Henriquez,Laguna Quinenco,20067,L2,V1,2026-02-08 15:37:20,2026-02-08 16:12:00,CC→CW,2026-02-08,,20067,20067,650,Monedero
267,697160,Laguna Quinenco,Cdal. Raul Silva Henriquez,20170,L2,V1,2026-02-08 20:04:05,2026-02-08 20:37:35,CW→CC,2026-02-08,,20170,20170,650,Monedero
268,698985,Concepcion,Lomas Coloradas,20161,L2,V1,2026-02-08 18:00:50,2026-02-08 18:49:56,CC→CW,2026-02-08,,20161,20161,570,Monedero
269,701557,Los Canelos,Concepcion,20166,L2,V1,2026-02-08 19:24:14,2026-02-08 19:59:20,CW→CC,2026-02-08,,20166,20166,850,Monedero
270,708249,Concepcion,Laguna Quinenco,20163,L2,V1,2026-02-08 18:58:12,2026-02-08 19:42:55,CC→CW,2026-02-08,,20163,20163,880,Monedero
271,711751,Cristo Redentor,Concepcion,20062,L2,V1,2026-02-08 13:48:11,2026-02-08 14:32:59,CW→CC,2026-02-08,,20062,20062,850,Monedero
272,711751,Concepcion,Cristo Redentor,20171,L2,V1,2026-02-08 20:56:11,2026-02-08 21:42:43,CC→CW,2026-02-08,,20171,,850,Monedero
273,711761,Lomas Coloradas,Concepcion,20166,L2,V1,2026-02-08 18:52:22,2026-02-08 19:59:34,CW→CC,2026-02-08,,20166,20166,570,Monedero
274,713657,Concepcion,Mercado,20850,L1,V1,2026-02-08 08:49:35,2026-02-08 10:27:43,HQ→TH,2026-02-08,combo_relajado_pase1,20850,20850,590,Monedero
275,713657,Concepcion,El Parque,20069,L2,V1,2026-02-08 15:45:50,2026-02-08 17:03:56,CC→CW,2026-02-08,combo_por_entrada,20069,20069,590,Monedero
276,713674,Los Canelos,Diagonal Bio Bio,20162,L2,V1,2026-02-08 18:15:40,2026-02-08 18:50:37,CW→CC,2026-02-08,,20162,20162,650,Monedero
277,715074,Los Canelos,Costa Mar,20044,L2,V1,2026-02-08 10:13:39,2026-02-08 10:34:17,CW→CC,2026-02-08,,20044,20044,610,Monedero
278,715899,Lomas Coloradas,Concepcion,20058,L2,V1,2026-02-08 12:53:57,2026-02-08 13:15:57,CW→CC,2026-02-08,,20058,20058,570,Monedero
279,718673,Hito Galvarino,Costa Mar,20044,L2,V1,2026-02-08 10:00:55,2026-02-08 10:34:01,CW→CC,2026-02-08,,20044,20040,610,Monedero
280,718797,Concepcion,Los Condores,20850,L1,V1,2026-02-08 08:26:54,2026-02-08 10:18:49,HQ→TH,2026-02-08,combo_relajado_pase1,20850,20850,900,Monedero
281,718797,Concepcion,Laguna Quinenco,20171,L2,V1,2026-02-08 19:57:01,2026-02-08 21:46:02,CC→CW,2026-02-08,combo_por_entrada,20171,,900,Monedero
282,718974,Costa Mar,Huinca,20157,L2,V1,2026-02-08 17:40:15,2026-02-08 18:05:43,CC→CW,2026-02-08,,20157,,630,Monedero
283,721065,Concepcion,Los Canelos,20161,L2,V1,2026-02-08 18:25:18,2026-02-08 19:05:05,CC→CW,2026-02-08,,20161,20161,850,Monedero
284,721487,Hualqui,Los Condores,20880,L1,V1,2026-02-08 21:01:39,2026-02-08 22:57:57,HQ→TH,2026-02-08,,20880,20880,560,Monedero
285,721542,Los Canelos,Concepcion,20052,L2,V1,2026-02-08 11:15:09,2026-02-08 12:03:28,CW→CC,2026-02-08,,20052,20052,850,Monedero
286,721566,Concepcion,Lomas Coloradas,20035,L2,V1,2026-02-08 09:30:05,2026-02-08 10:25:10,CC→CW,2026-02-08,combo_por_entrada,20035,,590,Monedero
287,726874,Coronel,Huinca,20040,L2,V1,2026-02-08 09:27:09,2026-02-08 09:48:54,CW→CC,2026-02-08,,20040,20040,450,Monedero
288,731492,Concepcion,Coronel,20049,L2,V1,2026-02-08 11:16:31,2026-02-08 12:13:58,CC→CW,2026-02-08,,20049,20049,880,Monedero
289,731525,Concepcion,Costa Mar,20171,L2,V1,2026-02-08 20:51:34,2026-02-08 21:22:42,CC→CW,2026-02-08,,20171,,570,Monedero
290,739803,Coronel,Concepcion,20068,L2,V1,2026-02-08 15:26:33,2026-02-08 16:24:13,CW→CC,2026-02-08,,20068,20068,880,Monedero
291,740569,Los Canelos,Concepcion,20162,L2,V1,2026-02-08 18:25:33,2026-02-08 18:59:02,CW→CC,2026-02-08,,20162,20162,850,Monedero
292,745809,La Leonera,El Arenal,20846,L1,V1,2026-02-08 17:08:13,2026-02-08 17:54:19,HQ→TH,2026-02-08,,20846,20846,550,Monedero
293,746091,Cristo Redentor,Concepcion,20052,L2,V1,2026-02-08 11:20:24,2026-02-08 12:04:05,CW→CC,2026-02-08,,20052,20052,850,Monedero
294,746091,Concepcion,Cristo Redentor,20067,L2,V1,2026-02-08 15:22:29,2026-02-08 16:08:04,CC→CW,2026-02-08,,20067,20067,850,Monedero
295,746260,Concepcion,Concepcion,,,N/A,2026-02-08 16:04:02,2026-02-08 16:10:24,,2026-02-08,no viajo,,,420,Monedero
296,746702,Coronel,Concepcion,20068,L2,V1,2026-02-08 15:38:30,2026-02-08 16:25:34,CW→CC,2026-02-08,,20068,20068,880,Monedero
297,746702,Concepcion,Coronel,20167,L2,V1,2026-02-08 19:59:02,2026-02-08 20:46:56,CC→CW,2026-02-08,,20167,20167,880,Monedero
298,746949,Concepcion,Hito Galvarino,20053,L2,V1,2026-02-08 12:09:11,2026-02-08 12:40:04,CC→CW,2026-02-08,,20053,20053,850,Monedero
299,752253,Hito Galvarino,Cristo Redentor,20157,L2,V1,2026-02-08 17:58:26,2026-02-08 18:08:53,CC→CW,2026-02-08,,20157,,460,Monedero
300,759543,Concepcion,Laguna Quinenco,20163,L2,V1,2026-02-08 18:38:47,2026-02-08 19:43:26,CC→CW,2026-02-08,,20163,20163,880,Monedero
301,762104,Diagonal Bio Bio,Lomas Coloradas,20171,L2,V1,2026-02-08 20:53:59,2026-02-08 21:27:52,CC→CW,2026-02-08,,20171,,510,Monedero
302,764260,Lomas Coloradas,Concepcion,20058,L2,V1,2026-02-08 12:49:17,2026-02-08 13:17:37,CW→CC,2026-02-08,,20058,20058,570,Monedero
303,764431,Higueras,Concepcion,20847,L1,V1,2026-02-08 19:52:35,2026-02-08 21:30:16,TH→HQ,2026-02-08,combo_por_entrada,20847,,590,Monedero
304,773079,Concepcion,Laguna Quinenco,20035,L2,V1,2026-02-08 09:52:53,2026-02-08 10:44:28,CC→CW,2026-02-08,,20035,,880,Monedero
305,773079,Laguna Quinenco,Concepcion,20170,L2,V1,2026-02-08 20:19:55,2026-02-08 21:31:16,CW→CC,2026-02-08,match_por_salida_fallback,20170,20848,910,Monedero
306,775576,Huinca,Costa Mar,20050,L2,V1,2026-02-08 10:58:02,2026-02-08 11:24:33,CW→CC,2026-02-08,,20050,20050,630,Monedero
307,777174,Diagonal Bio Bio,El Parque,20153,L2,V1,2026-02-08 09:27:56,2026-02-08 09:36:58,CC→CW,2026-02-08,,20153,20153,510,Monedero
308,777174,El Parque,Diagonal Bio Bio,20170,L2,V1,2026-02-08 20:36:52,2026-02-08 20:51:25,CW→CC,2026-02-08,,20170,20170,510,Monedero
309,777402,Laguna Quinenco,Concepcion,20066,L2,V1,2026-02-08 14:38:35,2026-02-08 15:24:59,CW→CC,2026-02-08,,20066,20066,880,Monedero
310,780325,Cdal. Raul Silva Henriquez,Laguna Quinenco,20041,L2,V1,2026-02-08 10:51:47,2026-02-08 11:10:05,CC→CW,2026-02-08,,20041,20041,650,Monedero
311,782995,Cdal. Raul Silva Henriquez,Cristo Redentor,20067,L2,V1,2026-02-08 15:46:54,2026-02-08 16:07:53,CC→CW,2026-02-08,,20067,20067,630,Monedero
312,782995,Cristo Redentor,Cdal. Raul Silva Henriquez,20166,L2,V1,2026-02-08 19:15:57,2026-02-08 19:38:33,CW→CC,2026-02-08,,20166,20166,630,Monedero
313,782995,Cdal. Raul Silva Henriquez,Cristo Redentor,20167,L2,V1,2026-02-08 20:15:00,2026-02-08 20:40:27,CC→CW,2026-02-08,,20167,20167,630,Monedero
314,784044,Cristo Redentor,Lomas Coloradas,20156,L2,V1,2026-02-08 09:19:02,2026-02-08 09:41:34,CW→CC,2026-02-08,,20156,20156,630,Monedero
315,784498,Costa Mar,Concepcion,20152,L2,V1,2026-02-08 08:50:04,2026-02-08 09:16:32,CW→CC,2026-02-08,,20152,20152,570,Monedero
316,787240,Concepcion,Chiguayante,20857,L1,V1,2026-02-08 08:48:26,2026-02-08 09:09:32,TH→HQ,2026-02-08,,20857,20857,510,Monedero
317,787430,Concepcion,El Parque,20063,L2,V1,2026-02-08 14:26:49,2026-02-08 14:55:25,CC→CW,2026-02-08,,20063,20063,570,Monedero
318,787430,El Parque,Concepcion,20160,L2,V1,2026-02-08 18:00:31,2026-02-08 18:29:16,CW→CC,2026-02-08,,20160,20160,570,Monedero
319,789602,Concepcion,Laguna Quinenco,20035,L2,V1,2026-02-08 09:52:59,2026-02-08 10:44:40,CC→CW,2026-02-08,,20035,,880,Monedero
320,789602,Concepcion,Mercado,20848,L1,V1,2026-02-08 20:20:02,2026-02-08 21:31:16,HQ→TH,2026-02-08,match_por_salida_fallback,20848,20848,910,Monedero
321,791886,Laguna Quinenco,Concepcion,,,N/A,2026-02-08 09:31:34,2026-02-08 10:07:54,,2026-02-08,sin_combo_factible_en_hub|sin_s1_factible_retro,,,880,Monedero
322,791886,Concepcion,Los Canelos,20053,L2,V1,2026-02-08 12:00:38,2026-02-08 12:43:51,CC→CW,2026-02-08,,20053,20053,850,Monedero
323,794016,Costa Mar,Los Canelos,20157,L2,V1,2026-02-08 17:41:28,2026-02-08 18:03:38,CC→CW,2026-02-08,,20157,,610,Monedero
324,796936,Concepcion,Costa Mar,20167,L2,V1,2026-02-08 19:56:28,2026-02-08 20:17:23,CC→CW,2026-02-08,,20167,20167,570,Monedero
325,797110,Los Canelos,Concepcion,20152,L2,V1,2026-02-08 08:40:41,2026-02-08 09:16:35,CW→CC,2026-02-08,,20152,20152,850,Monedero
326,797110,Concepcion,Los Canelos,20067,L2,V1,2026-02-08 15:13:52,2026-02-08 16:03:23,CC→CW,2026-02-08,,20067,20067,850,Monedero
327,799502,Laguna Quinenco,Huinca,20162,L2,V1,2026-02-08 18:02:12,2026-02-08 18:25:34,CW→CC,2026-02-08,,20162,20162,450,Monedero
328,799695,Lomas Coloradas,Concepcion,20166,L2,V1,2026-02-08 19:38:42,2026-02-08 20:00:10,CW→CC,2026-02-08,,20166,20166,570,Monedero
329,802403,Diagonal Bio Bio,Concepcion,20066,L2,V1,2026-02-08 15:06:48,2026-02-08 15:24:37,CW→CC,2026-02-08,,20066,20066,570,Monedero
330,802403,Concepcion,Diagonal Bio Bio,20069,L2,V1,2026-02-08 16:39:33,2026-02-08 16:55:07,CC→CW,2026-02-08,,20069,20069,570,Monedero
331,802428,El Parque,Concepcion,20160,L2,V1,2026-02-08 17:40:14,2026-02-08 18:27:29,CW→CC,2026-02-08,,20160,20160,570,Monedero
332,802459,Huinca,Concepcion,20062,L2,V1,2026-02-08 13:49:47,2026-02-08 14:33:24,CW→CC,2026-02-08,,20062,20062,850,Monedero
333,802466,Alborada,Laguna Quinenco,20063,L2,V1,2026-02-08 14:46:16,2026-02-08 15:17:30,CC→CW,2026-02-08,,20063,20063,790,Monedero
334,802466,Laguna Quinenco,Alborada,20162,L2,V1,2026-02-08 18:13:44,2026-02-08 18:47:08,CW→CC,2026-02-08,,20162,20162,790,Monedero
335,802500,Concepcion,Coronel,20063,L2,V1,2026-02-08 14:12:52,2026-02-08 15:21:05,CC→CW,2026-02-08,,20063,20063,880,Monedero
336,804198,Concepcion,Los Canelos,20049,L2,V1,2026-02-08 11:32:40,2026-02-08 12:18:46,CC→CW,2026-02-08,,20049,20049,850,Monedero
337,805254,Cdal. Raul Silva Henriquez,Concepcion,20062,L2,V1,2026-02-08 14:01:24,2026-02-08 14:34:37,CW→CC,2026-02-08,,20062,20062,570,Monedero
338,809890,Laguna Quinenco,Concepcion,20160,L2,V1,2026-02-08 17:12:46,2026-02-08 18:27:33,CW→CC,2026-02-08,,20160,20160,880,Monedero
339,809970,Concepcion,Laguna Quinenco,20059,L2,V1,2026-02-08 12:30:19,2026-02-08 14:01:14,CC→CW,2026-02-08,combo_por_entrada,20059,20859,910,Monedero
340,809970,Concepcion,Laguna Quinenco,20059,L2,V1,2026-02-08 12:30:30,2026-02-08 14:00:56,CC→CW,2026-02-08,combo_por_entrada,20059,20059,910,Monedero
341,809970,Concepcion,El Arenal,20848,L1,V1,2026-02-08 20:23:51,2026-02-08 21:28:35,HQ→TH,2026-02-08,match_por_salida_fallback,20848,20848,880,Monedero
342,809970,Los Canelos,Concepcion,20170,L2,V1,2026-02-08 20:23:59,2026-02-08 21:28:25,CW→CC,2026-02-08,match_por_salida_fallback,20170,20848,880,Monedero
343,809994,Hito Galvarino,Juan Pablo II,20162,L2,V1,2026-02-08 18:11:26,2026-02-08 18:52:26,CW→CC,2026-02-08,,20162,20162,650,Monedero
344,812403,Los Canelos,Concepcion,20056,L2,V1,2026-02-08 12:06:05,2026-02-08 13:04:14,CW→CC,2026-02-08,,20056,20056,850,Monedero
345,812441,Lomas Coloradas,Concepcion,20076,L2,V1,2026-02-08 16:57:48,2026-02-08 17:29:57,CW→CC,2026-02-08,,20076,20076,570,Monedero
346,812441,Concepcion,Lomas Coloradas,20163,L2,V1,2026-02-08 18:47:28,2026-02-08 19:22:48,CC→CW,2026-02-08,,20163,20163,570,Monedero
347,815029,Concepcion,Hualqui,20859,L1,V1,2026-02-08 12:49:38,2026-02-08 13:30:02,TH→HQ,2026-02-08,,20859,20859,550,Monedero
348,817481,Concepcion,Mercado,20846,L1,V1,2026-02-08 15:46:35,2026-02-08 17:58:22,HQ→TH,2026-02-08,combo_por_entrada,20846,20076,900,Monedero
349,817481,Concepcion,Huinca,20171,L2,V1,2026-02-08 19:45:40,2026-02-08 21:40:56,CC→CW,2026-02-08,combo_por_entrada,20171,,900,Monedero
350,817516,Diagonal Bio Bio,Concepcion,20066,L2,V1,2026-02-08 15:07:19,2026-02-08 15:24:30,CW→CC,2026-02-08,,20066,20066,570,Monedero
351,817516,Concepcion,Diagonal Bio Bio,20069,L2,V1,2026-02-08 16:39:32,2026-02-08 16:55:16,CC→CW,2026-02-08,,20069,20069,570,Monedero
352,817546,Concepcion,Cristo Redentor,20063,L2,V1,2026-02-08 14:01:50,2026-02-08 15:14:39,CC→CW,2026-02-08,,20063,20063,850,Monedero
353,820429,Concepcion,Lomas Coloradas,20171,L2,V1,2026-02-08 20:39:45,2026-02-08 21:27:00,CC→CW,2026-02-08,,20171,,570,Monedero
354,822755,Cristo Redentor,El Parque,20076,L2,V1,2026-02-08 16:49:22,2026-02-08 17:11:39,CW→CC,2026-02-08,,20076,20076,630,Monedero
355,826346,Lomas Coloradas,Concepcion,20160,L2,V1,2026-02-08 17:50:24,2026-02-08 18:54:27,CW→CC,2026-02-08,,20160,20160,570,Monedero
356,826654,Huinca,Hito Galvarino,20076,L2,V1,2026-02-08 16:51:33,2026-02-08 16:59:23,CW→CC,2026-02-08,,20076,20076,460,Monedero
357,827933,Lomas Coloradas,Concepcion,20050,L2,V1,2026-02-08 10:43:42,2026-02-08 11:38:39,CW→CC,2026-02-08,,20050,20050,570,Monedero
358,827933,Concepcion,Cdal. Raul Silva Henriquez,20059,L2,V1,2026-02-08 12:26:47,2026-02-08 13:44:00,CC→CW,2026-02-08,,20059,20059,570,Monedero
359,831033,UTF Santa Maria,La Leonera,20859,L1,V1,2026-02-08 12:40:00,2026-02-08 13:19:25,TH→HQ,2026-02-08,,20859,20859,540,Monedero
360,833377,El Parque,Concepcion,20166,L2,V1,2026-02-08 19:05:08,2026-02-08 19:59:32,CW→CC,2026-02-08,,20166,20166,570,Monedero
361,835728,Los Canelos,Concepcion,20052,L2,V1,2026-02-08 11:24:41,2026-02-08 12:03:19,CW→CC,2026-02-08,,20052,20052,850,Monedero
362,835728,Concepcion,Los Canelos,20069,L2,V1,2026-02-08 15:56:02,2026-02-08 17:19:53,CC→CW,2026-02-08,combo_por_entrada,20069,20069,880,Monedero
363,837370,Coronel,Concepcion,20160,L2,V1,2026-02-08 17:34:10,2026-02-08 18:32:05,CW→CC,2026-02-08,,20160,20160,880,Monedero
364,837892,Pedro Medina,Lzo. Arenas,20850,L1,V1,2026-02-08 09:32:09,2026-02-08 10:11:00,HQ→TH,2026-02-08,,20850,20850,510,Monedero
365,837944,Lomas Coloradas,Los Canelos,20067,L2,V1,2026-02-08 15:46:53,2026-02-08 16:03:33,CC→CW,2026-02-08,,20067,20067,610,Monedero
366,837944,Los Canelos,Lomas Coloradas,20076,L2,V1,2026-02-08 16:50:21,2026-02-08 17:08:17,CW→CC,2026-02-08,,20076,20076,610,Monedero
367,841976,Concepcion,Coronel,20063,L2,V1,2026-02-08 13:57:13,2026-02-08 15:21:00,CC→CW,2026-02-08,,20063,20063,880,Monedero
368,844179,Concepcion,Los Canelos,20069,L2,V1,2026-02-08 16:34:33,2026-02-08 17:19:26,CC→CW,2026-02-08,,20069,20069,850,Monedero
369,844179,Los Canelos,Concepcion,20162,L2,V1,2026-02-08 18:25:29,2026-02-08 18:59:24,CW→CC,2026-02-08,,20162,20162,850,Monedero
370,848326,Los Canelos,Cdal. Raul Silva Henriquez,20166,L2,V1,2026-02-08 19:23:42,2026-02-08 19:38:51,CW→CC,2026-02-08,,20166,20166,610,Monedero
371,848699,Los Canelos,El Parque,20066,L2,V1,2026-02-08 14:49:11,2026-02-08 15:06:42,CW→CC,2026-02-08,,20066,20066,610,Monedero
372,848699,Costa Mar,Los Canelos,20171,L2,V1,2026-02-08 21:19:31,2026-02-08 21:38:31,CC→CW,2026-02-08,,20171,,610,Monedero
373,851608,Diagonal Bio Bio,Los Canelos,20067,L2,V1,2026-02-08 15:38:51,2026-02-08 16:04:05,CC→CW,2026-02-08,,20067,20067,650,Monedero
374,851824,Concepcion,Coronel,20041,L2,V1,2026-02-08 10:22:38,2026-02-08 11:15:30,CC→CW,2026-02-08,,20041,20041,880,Monedero
375,851824,Concepcion,Coronel,20041,L2,V1,2026-02-08 10:22:47,2026-02-08 11:15:25,CC→CW,2026-02-08,,20041,20041,880,Monedero
376,856615,Costa Mar,Hito Galvarino,20069,L2,V1,2026-02-08 16:55:59,2026-02-08 17:16:58,CC→CW,2026-02-08,,20069,20069,610,Monedero
377,856615,Cristo Redentor,Costa Mar,20170,L2,V1,2026-02-08 20:04:11,2026-02-08 20:47:00,CW→CC,2026-02-08,,20170,20170,630,Monedero
378,856615,Cristo Redentor,Costa Mar,20170,L2,V1,2026-02-08 20:05:49,2026-02-08 20:46:51,CW→CC,2026-02-08,,20170,20170,630,Monedero
379,864175,Cdal. Raul Silva Henriquez,Concepcion,20058,L2,V1,2026-02-08 12:50:52,2026-02-08 13:16:12,CW→CC,2026-02-08,,20058,20058,570,Monedero
380,866801,Concepcion,Los Canelos,20161,L2,V1,2026-02-08 17:51:17,2026-02-08 19:03:27,CC→CW,2026-02-08,,20161,20161,850,Monedero
381,868219,Concepcion,Concepcion,,,N/A,2026-02-08 15:32:36,2026-02-08 15:33:06,,2026-02-08,no viajo,,,420,Monedero
382,869945,Juan Pablo II,Costa Mar,20167,L2,V1,2026-02-08 20:07:42,2026-02-08 20:17:58,CC→CW,2026-02-08,,20167,20167,510,Monedero
383,869955,Lomas Coloradas,Huinca,20049,L2,V1,2026-02-08 11:49:14,2026-02-08 12:05:43,CC→CW,2026-02-08,,20049,20049,630,Monedero
384,872653,Concepcion,Higueras,20850,L1,V1,2026-02-08 09:56:13,2026-02-08 10:21:09,HQ→TH,2026-02-08,,20850,20850,500,Monedero
385,872684,Los Canelos,Concepcion,20160,L2,V1,2026-02-08 17:48:48,2026-02-08 18:28:28,CW→CC,2026-02-08,,20160,20160,850,Monedero
386,872892,Concepcion,Coronel,20067,L2,V1,2026-02-08 15:20:29,2026-02-08 16:13:54,CC→CW,2026-02-08,,20067,20067,880,Monedero
387,872892,Laguna Quinenco,Concepcion,20170,L2,V1,2026-02-08 19:39:32,2026-02-08 21:02:24,CW→CC,2026-02-08,,20170,20170,880,Monedero
388,875127,Lomas Coloradas,Concepcion,20166,L2,V1,2026-02-08 19:39:02,2026-02-08 20:00:04,CW→CC,2026-02-08,,20166,20166,570,Monedero
389,875155,Hito Galvarino,Concepcion,20068,L2,V1,2026-02-08 15:44:18,2026-02-08 16:25:31,CW→CC,2026-02-08,,20068,20068,850,Monedero
390,875155,Concepcion,Hito Galvarino,20161,L2,V1,2026-02-08 18:32:26,2026-02-08 19:32:37,CC→CW,2026-02-08,,20161,20161,850,Monedero
391,875203,Concepcion,Mercado,20846,L1,V1,2026-02-08 16:53:30,2026-02-08 17:59:03,HQ→TH,2026-02-08,,20846,20846,540,Monedero
392,875203,Concepcion,Mercado,20846,L1,V1,2026-02-08 16:53:42,2026-02-08 17:58:56,HQ→TH,2026-02-08,,20846,20846,540,Monedero
393,881776,El Parque,Concepcion,20166,L2,V1,2026-02-08 19:34:57,2026-02-08 20:00:18,CW→CC,2026-02-08,,20166,20166,570,Monedero
394,885859,Huinca,Concepcion,20160,L2,V1,2026-02-08 17:44:43,2026-02-08 18:28:02,CW→CC,2026-02-08,,20160,20160,850,Monedero
395,885992,Concepcion,Laguna Quinenco,20157,L2,V1,2026-02-08 17:08:11,2026-02-08 18:15:10,CC→CW,2026-02-08,,20157,20157,880,Monedero
396,887985,Concepcion,Costa Mar,20167,L2,V1,2026-02-08 19:24:14,2026-02-08 20:17:15,CC→CW,2026-02-08,,20167,20167,570,Monedero
397,891320,Laguna Quinenco,Concepcion,20076,L2,V1,2026-02-08 16:43:16,2026-02-08 17:32:34,CW→CC,2026-02-08,,20076,20076,880,Monedero
398,893187,Lomas Coloradas,Concepcion,20156,L2,V1,2026-02-08 09:38:25,2026-02-08 10:02:04,CW→CC,2026-02-08,,20156,20156,570,Monedero
399,893187,Concepcion,Lomas Coloradas,20163,L2,V1,2026-02-08 18:47:09,2026-02-08 19:22:43,CC→CW,2026-02-08,,20163,20163,570,Monedero
400,893331,Concepcion,Alborada,20163,L2,V1,2026-02-08 18:36:46,2026-02-08 19:15:51,CC→CW,2026-02-08,,20163,20161,570,Monedero
401,897785,Cdal. Raul Silva Henriquez,Diagonal Bio Bio,20162,L2,V1,2026-02-08 18:12:55,2026-02-08 18:51:01,CW→CC,2026-02-08,,20162,20162,510,Monedero
402,898120,El Parque,Huinca,20051,L2,V1,2026-02-08 12:00:42,2026-02-08 12:20:19,CC→CW,2026-02-08,,20051,20051,630,Monedero
403,898395,Costa Mar,Los Canelos,20063,L2,V1,2026-02-08 14:49:01,2026-02-08 15:09:40,CC→CW,2026-02-08,,20063,20063,610,Monedero
404,898395,Huinca,Costa Mar,20170,L2,V1,2026-02-08 20:23:09,2026-02-08 20:45:45,CW→CC,2026-02-08,,20170,20170,630,Monedero
405,900191,UTF Santa Maria,Lzo. Arenas,20845,L1,V1,2026-02-08 16:14:21,2026-02-08 17:40:58,TH→HQ,2026-02-08,,20845,20845,500,Monedero
406,901906,Concepcion,Los Canelos,20059,L2,V1,2026-02-08 13:03:10,2026-02-08 13:53:55,CC→CW,2026-02-08,,20059,20059,850,Monedero
407,901972,Coronel,Los Canelos,20076,L2,V1,2026-02-08 16:41:51,2026-02-08 16:56:08,CW→CC,2026-02-08,,20076,20076,530,Monedero
408,902069,Concepcion,Hito Galvarino,20163,L2,V1,2026-02-08 18:57:10,2026-02-08 19:32:44,CC→CW,2026-02-08,,20163,20163,850,Monedero
409,905859,Cdal. Raul Silva Henriquez,Cristo Redentor,20157,L2,V1,2026-02-08 17:51:47,2026-02-08 18:08:46,CC→CW,2026-02-08,,20157,,630,Monedero
410,905859,Cristo Redentor,Cdal. Raul Silva Henriquez,20170,L2,V1,2026-02-08 20:07:21,2026-02-08 20:36:49,CW→CC,2026-02-08,,20170,20170,630,Monedero
411,905970,Huinca,El Parque,20152,L2,V1,2026-02-08 08:40:08,2026-02-08 08:59:49,CW→CC,2026-02-08,,20152,20152,630,Monedero
412,906033,Concepcion,Huinca,20161,L2,V1,2026-02-08 17:47:10,2026-02-08 19:05:52,CC→CW,2026-02-08,,20161,20161,850,Monedero
413,908037,Cristo Redentor,Los Canelos,20166,L2,V1,2026-02-08 19:20:10,2026-02-08 19:29:25,CW→CC,2026-02-08,,20166,20166,460,Monedero
414,908295,Los Canelos,Concepcion,20162,L2,V1,2026-02-08 18:22:45,2026-02-08 18:58:51,CW→CC,2026-02-08,,20162,20162,850,Monedero
415,908304,Concepcion,Hito Galvarino,20069,L2,V1,2026-02-08 16:37:50,2026-02-08 17:15:17,CC→CW,2026-02-08,,20069,20069,850,Monedero
416,908304,Concepcion,Hito Galvarino,20069,L2,V1,2026-02-08 16:37:58,2026-02-08 17:15:11,CC→CW,2026-02-08,,20069,20069,850,Monedero
417,908328,Juan Pablo II,Lomas Coloradas,20161,L2,V1,2026-02-08 18:16:59,2026-02-08 18:50:39,CC→CW,2026-02-08,,20161,20161,510,Monedero
418,910261,Lzo. Arenas,Chiguayante,20847,L1,V1,2026-02-08 20:08:56,2026-02-08 20:40:25,TH→HQ,2026-02-08,,20847,20847,510,Monedero
419,910296,Concepcion,Los Canelos,20059,L2,V1,2026-02-08 13:11:25,2026-02-08 13:52:51,CC→CW,2026-02-08,,20059,20059,850,Monedero
420,910296,Los Canelos,Concepcion,20160,L2,V1,2026-02-08 17:49:15,2026-02-08 18:28:23,CW→CC,2026-02-08,,20160,20160,850,Monedero
421,911867,El Parque,Los Canelos,20067,L2,V1,2026-02-08 15:46:28,2026-02-08 16:03:38,CC→CW,2026-02-08,,20067,20067,610,Monedero
422,912397,Concepcion,Concepcion,,,N/A,2026-02-08 17:25:53,2026-02-08 17:26:28,,2026-02-08,no viajo,,,420,Monedero
423,912589,Concepcion,Los Canelos,20059,L2,V1,2026-02-08 13:03:53,2026-02-08 13:53:26,CC→CW,2026-02-08,,20059,20059,850,Monedero
424,915562,Concepcion,Concepcion,,,N/A,2026-02-08 12:30:03,2026-02-08 15:23:48,,2026-02-08,no viajo,,,420,Monedero
425,917584,Concepcion,Lomas Coloradas,20067,L2,V1,2026-02-08 15:10:29,2026-02-08 15:49:44,CC→CW,2026-02-08,,20067,,570,Monedero
426,917870,Concepcion,El Parque,20161,L2,V1,2026-02-08 18:04:27,2026-02-08 18:47:45,CC→CW,2026-02-08,,20161,20161,570,Monedero
427,917870,El Parque,Concepcion,20166,L2,V1,2026-02-08 19:19:54,2026-02-08 20:00:00,CW→CC,2026-02-08,,20166,20166,570,Monedero
428,917895,Cristo Redentor,Los Canelos,20044,L2,V1,2026-02-08 10:06:39,2026-02-08 10:15:25,CW→CC,2026-02-08,,20044,20044,460,Monedero
429,917915,Los Canelos,Lomas Coloradas,20052,L2,V1,2026-02-08 11:29:02,2026-02-08 11:43:13,CW→CC,2026-02-08,,20052,20052,610,Monedero
430,917915,Lomas Coloradas,Los Canelos,20157,L2,V1,2026-02-08 17:28:37,2026-02-08 18:03:55,CC→CW,2026-02-08,,20157,,610,Monedero
431,917930,Concepcion,Hito Galvarino,20069,L2,V1,2026-02-08 16:38:09,2026-02-08 17:15:22,CC→CW,2026-02-08,,20069,20069,850,Monedero
432,919988,Los Canelos,Concepcion,20052,L2,V1,2026-02-08 11:29:38,2026-02-08 12:03:10,CW→CC,2026-02-08,,20052,20052,850,Monedero
433,919988,Concepcion,Los Canelos,20167,L2,V1,2026-02-08 20:01:29,2026-02-08 20:36:10,CC→CW,2026-02-08,,20167,20167,850,Monedero
434,920001,Hualqui,UTF Santa Maria,20848,L1,V1,2026-02-08 20:20:33,2026-02-08 21:16:07,HQ→TH,2026-02-08,,20848,20848,560,Monedero
435,920001,Hualqui,UTF Santa Maria,20848,L1,V1,2026-02-08 20:20:42,2026-02-08 21:16:04,HQ→TH,2026-02-08,,20848,20848,560,Monedero
436,922330,Huinca,Concepcion,20062,L2,V1,2026-02-08 13:58:09,2026-02-08 14:32:51,CW→CC,2026-02-08,,20062,20062,850,Monedero
437,922330,Juan Pablo II,Huinca,20171,L2,V1,2026-02-08 20:56:38,2026-02-08 21:40:59,CC→CW,2026-02-08,,20171,,680,Monedero
438,922401,Lomas Coloradas,Juan Pablo II,20044,L2,V1,2026-02-08 10:26:08,2026-02-08 10:41:30,CW→CC,2026-02-08,,20044,20044,510,Monedero
439,922401,Diagonal Bio Bio,Lomas Coloradas,20059,L2,V1,2026-02-08 12:43:04,2026-02-08 13:40:16,CC→CW,2026-02-08,,20059,20059,510,Monedero
440,922480,Cdal. Raul Silva Henriquez,Concepcion,20166,L2,V1,2026-02-08 19:29:45,2026-02-08 20:00:59,CW→CC,2026-02-08,,20166,20166,570,Monedero
441,924676,Coronel,Juan Pablo II,20156,L2,V1,2026-02-08 09:14:01,2026-02-08 10:03:39,CW→CC,2026-02-08,,20156,20156,790,Monedero
442,924723,Cdal. Raul Silva Henriquez,Concepcion,20062,L2,V1,2026-02-08 14:08:03,2026-02-08 14:33:30,CW→CC,2026-02-08,,20062,20062,570,Monedero
443,924723,Concepcion,Cdal. Raul Silva Henriquez,20157,L2,V1,2026-02-08 17:00:37,2026-02-08 17:55:09,CC→CW,2026-02-08,,20157,,570,Monedero
444,924847,Concepcion,Alborada,20163,L2,V1,2026-02-08 18:37:20,2026-02-08 19:16:49,CC→CW,2026-02-08,,20163,20161,570,Monedero
445,924854,El Parque,Laguna Quinenco,20161,L2,V1,2026-02-08 18:45:09,2026-02-08 19:10:25,CC→CW,2026-02-08,,20161,20161,650,Monedero
446,925131,Concepcion,Los Canelos,20171,L2,V1,2026-02-08 20:53:32,2026-02-08 21:39:22,CC→CW,2026-02-08,,20171,,850,Monedero
447,927597,Lomas Coloradas,Juan Pablo II,20056,L2,V1,2026-02-08 12:28:05,2026-02-08 12:55:07,CW→CC,2026-02-08,,20056,20056,510,Monedero
448,927808,Concepcion,Los Canelos,20059,L2,V1,2026-02-08 12:38:08,2026-02-08 13:54:00,CC→CW,2026-02-08,,20059,20059,850,Monedero
449,927808,Los Canelos,Concepcion,20170,L2,V1,2026-02-08 20:18:32,2026-02-08 21:00:50,CW→CC,2026-02-08,,20170,20170,850,Monedero
450,927934,Huinca,Concepcion,20076,L2,V1,2026-02-08 16:49:28,2026-02-08 17:30:18,CW→CC,2026-02-08,,20076,20076,850,Monedero
451,930380,Concepcion,El Parque,20069,L2,V1,2026-02-08 16:36:30,2026-02-08 17:03:37,CC→CW,2026-02-08,,20069,20069,570,Monedero
452,930380,El Parque,Concepcion,20160,L2,V1,2026-02-08 18:02:20,2026-02-08 18:27:45,CW→CC,2026-02-08,,20160,20160,570,Monedero
453,930382,Concepcion,Huinca,20063,L2,V1,2026-02-08 14:33:55,2026-02-08 15:11:45,CC→CW,2026-02-08,,20063,20063,850,Monedero
454,930679,Concepcion,Cristo Redentor,20167,L2,V1,2026-02-08 19:55:26,2026-02-08 20:41:18,CC→CW,2026-02-08,,20167,20167,850,Monedero
455,933558,Concepcion,Cdal. Raul Silva Henriquez,20163,L2,V1,2026-02-08 18:33:12,2026-02-08 19:26:45,CC→CW,2026-02-08,,20163,20161,570,Monedero
456,935895,Concepcion,Concepcion,,,N/A,2026-02-08 17:57:38,2026-02-08 17:59:31,,2026-02-08,no viajo,,,420,Monedero
457,935902,Lomas Coloradas,Concepcion,20156,L2,V1,2026-02-08 09:40:16,2026-02-08 10:01:47,CW→CC,2026-02-08,,20156,20156,570,Monedero
458,937441,Concepcion,La Leonera,20847,L1,V1,2026-02-08 20:16:44,2026-02-08 20:49:28,TH→HQ,2026-02-08,,20847,20847,510,Monedero
459,939116,Cdal. Raul Silva Henriquez,Laguna Quinenco,20063,L2,V1,2026-02-08 14:38:21,2026-02-08 15:20:24,CC→CW,2026-02-08,,20063,20063,650,Monedero
460,939799,Concepcion,Lomas Coloradas,20157,L2,V1,2026-02-08 17:28:54,2026-02-08 17:53:33,CC→CW,2026-02-08,,20157,20157,570,Monedero
461,939906,Lomas Coloradas,Concepcion,20050,L2,V1,2026-02-08 11:12:42,2026-02-08 11:51:56,CW→CC,2026-02-08,,20050,20050,570,Monedero
462,939960,Higueras,Concepcion,20847,L1,V1,2026-02-08 20:05:03,2026-02-08 20:25:31,TH→HQ,2026-02-08,,20847,20847,500,Monedero
463,941813,Concepcion,Cristo Redentor,20171,L2,V1,2026-02-08 20:51:06,2026-02-08 21:42:24,CC→CW,2026-02-08,,20171,,850,Monedero
464,942414,Coronel,Concepcion,20068,L2,V1,2026-02-08 15:38:35,2026-02-08 16:25:40,CW→CC,2026-02-08,,20068,20068,880,Monedero
465,942414,Concepcion,Coronel,20167,L2,V1,2026-02-08 19:59:11,2026-02-08 20:47:02,CC→CW,2026-02-08,,20167,20167,880,Monedero
466,943791,Concepcion,Cristo Redentor,20171,L2,V1,2026-02-08 20:16:44,2026-02-08 21:42:09,CC→CW,2026-02-08,,20171,,850,Monedero
467,950126,Huinca,Concepcion,20066,L2,V1,2026-02-08 14:47:36,2026-02-08 15:26:50,CW→CC,2026-02-08,,20066,20066,850,Monedero
468,950126,Concepcion,Huinca,20167,L2,V1,2026-02-08 19:51:58,2026-02-08 20:38:16,CC→CW,2026-02-08,,20167,20167,850,Monedero
469,950167,Cdal. Raul Silva Henriquez,Concepcion,20058,L2,V1,2026-02-08 12:51:13,2026-02-08 13:15:38,CW→CC,2026-02-08,,20058,20058,570,Monedero
470,950167,Concepcion,Cdal. Raul Silva Henriquez,20161,L2,V1,2026-02-08 18:16:18,2026-02-08 18:53:27,CC→CW,2026-02-08,,20161,20161,570,Monedero
471,950258,Concepcion,Laguna Quinenco,20157,L2,V1,2026-02-08 17:21:30,2026-02-08 18:10:55,CC→CW,2026-02-08,,20157,,880,Monedero
472,955477,El Parque,Huinca,20163,L2,V1,2026-02-08 19:21:19,2026-02-08 20:38:45,CC→CW,2026-02-08,,20163,20163,630,Monedero
473,957244,Los Condores,Chiguayante,20857,L1,V1,2026-02-08 08:37:45,2026-02-08 09:09:42,TH→HQ,2026-02-08,,20857,20857,540,Monedero
474,957244,Los Condores,Chiguayante,20857,L1,V1,2026-02-08 08:37:52,2026-02-08 09:09:37,TH→HQ,2026-02-08,,20857,20857,540,Monedero
475,959090,Coronel,Concepcion,20152,L2,V1,2026-02-08 08:08:05,2026-02-08 09:16:46,CW→CC,2026-02-08,,20152,20152,880,Monedero
476,959112,Diagonal Bio Bio,Laguna Quinenco,20153,L2,V1,2026-02-08 09:27:45,2026-02-08 10:00:02,CC→CW,2026-02-08,,20153,20153,790,Monedero
477,961327,Concepcion,Los Canelos,20171,L2,V1,2026-02-08 20:29:33,2026-02-08 21:40:46,CC→CW,2026-02-08,match_por_salida_fallback,20171,,910,Monedero
478,963493,Diagonal Bio Bio,Laguna Quinenco,20059,L2,V1,2026-02-08 13:17:54,2026-02-08 14:01:44,CC→CW,2026-02-08,,20059,20059,790,Monedero
479,963493,Diagonal Bio Bio,Laguna Quinenco,20059,L2,V1,2026-02-08 13:18:10,2026-02-08 14:01:29,CC→CW,2026-02-08,,20059,20059,790,Monedero
480,963493,Laguna Quinenco,Diagonal Bio Bio,20068,L2,V1,2026-02-08 15:21:25,2026-02-08 16:13:49,CW→CC,2026-02-08,,20068,20068,790,Monedero
481,963535,Lomas Coloradas,Concepcion,20056,L2,V1,2026-02-08 12:24:17,2026-02-08 13:05:55,CW→CC,2026-02-08,,20056,20056,570,Monedero
482,963549,Diagonal Bio Bio,Laguna Quinenco,20059,L2,V1,2026-02-08 13:19:30,2026-02-08 14:00:51,CC→CW,2026-02-08,,20059,20059,790,Monedero
483,964778,Los Canelos,Concepcion,20166,L2,V1,2026-02-08 19:18:35,2026-02-08 20:00:43,CW→CC,2026-02-08,,20166,20166,850,Monedero
484,965313,Concepcion,Hualqui,20859,L1,V1,2026-02-08 12:36:33,2026-02-08 13:30:42,TH→HQ,2026-02-08,,20859,20859,550,Monedero
485,965313,Hualqui,Concepcion,20848,L1,V1,2026-02-08 20:14:03,2026-02-08 21:07:34,HQ→TH,2026-02-08,,20848,20848,550,Monedero
486,966921,Coronel,Cdal. Raul Silva Henriquez,20166,L2,V1,2026-02-08 19:10:13,2026-02-08 19:38:35,CW→CC,2026-02-08,,20166,20166,650,Monedero
487,966988,Juan Pablo II,Concepcion,20040,L2,V1,2026-02-08 10:13:31,2026-02-08 10:24:05,CW→CC,2026-02-08,,20040,20040,570,Monedero
488,967020,Laguna Quinenco,Concepcion,20066,L2,V1,2026-02-08 14:41:34,2026-02-08 15:23:56,CW→CC,2026-02-08,,20066,20066,880,Monedero
489,968883,Hualqui,El Arenal,20846,L1,V1,2026-02-08 16:59:34,2026-02-08 17:54:20,HQ→TH,2026-02-08,,20846,20846,580,Monedero
490,971139,Concepcion,Lomas Coloradas,20157,L2,V1,2026-02-08 17:22:06,2026-02-08 17:52:57,CC→CW,2026-02-08,,20157,,570,Monedero
491,971139,Concepcion,Lomas Coloradas,20157,L2,V1,2026-02-08 17:23:09,2026-02-08 17:52:54,CC→CW,2026-02-08,,20157,,570,Monedero
492,971315,Concepcion,El Arenal,20848,L1,V1,2026-02-08 20:56:56,2026-02-08 21:28:02,HQ→TH,2026-02-08,,20848,20848,540,Monedero
493,971315,Concepcion,El Arenal,20848,L1,V1,2026-02-08 20:57:02,2026-02-08 21:27:52,HQ→TH,2026-02-08,,20848,20848,540,Monedero
494,973220,Huinca,Concepcion,20068,L2,V1,2026-02-08 15:48:55,2026-02-08 16:26:23,CW→CC,2026-02-08,,20068,20068,850,Monedero
495,973220,Concepcion,Huinca,20163,L2,V1,2026-02-08 18:45:34,2026-02-08 19:37:44,CC→CW,2026-02-08,,20163,20163,850,Monedero
496,975213,Laguna Quinenco,Concepcion,20162,L2,V1,2026-02-08 18:11:34,2026-02-08 18:59:10,CW→CC,2026-02-08,,20162,20162,880,Monedero
497,977214,Costa Mar,Huinca,20063,L2,V1,2026-02-08 14:45:41,2026-02-08 15:12:19,CC→CW,2026-02-08,,20063,20063,630,Monedero
498,977248,Concepcion,El Parque,20069,L2,V1,2026-02-08 15:51:09,2026-02-08 17:03:40,CC→CW,2026-02-08,combo_por_entrada,20069,20069,590,Monedero
499,977248,Concepcion,El Parque,20069,L2,V1,2026-02-08 15:51:16,2026-02-08 17:03:34,CC→CW,2026-02-08,combo_por_entrada,20069,20069,590,Monedero
500,977248,El Parque,Concepcion,20162,L2,V1,2026-02-08 18:28:10,2026-02-08 19:00:47,CW→CC,2026-02-08,,20162,20162,570,Monedero
501,977248,El Parque,Concepcion,20162,L2,V1,2026-02-08 18:28:15,2026-02-08 19:00:36,CW→CC,2026-02-08,,20162,20162,570,Monedero
502,977345,Concepcion,Laguna Quinenco,20157,L2,V1,2026-02-08 17:22:12,2026-02-08 18:10:59,CC→CW,2026-02-08,,20157,,880,Monedero
503,978988,Concepcion,Laguna Quinenco,20163,L2,V1,2026-02-08 18:40:51,2026-02-08 19:51:29,CC→CW,2026-02-08,,20163,20163,880,Monedero
504,978988,Laguna Quinenco,Concepcion,20170,L2,V1,2026-02-08 19:57:43,2026-02-08 21:02:38,CW→CC,2026-02-08,,20170,20170,880,Monedero
505,980757,Costa Mar,Concepcion,20170,L2,V1,2026-02-08 20:40:18,2026-02-08 21:00:51,CW→CC,2026-02-08,,20170,20170,570,Monedero
506,985771,Huinca,Concepcion,20170,L2,V1,2026-02-08 20:24:31,2026-02-08 21:02:15,CW→CC,2026-02-08,,20170,20170,850,Monedero
507,986993,Concepcion,Concepcion,,,N/A,2026-02-08 21:08:19,2026-02-08 21:08:58,,2026-02-08,no viajo,,,420,Monedero
508,989332,Cristo Redentor,El Parque,20068,L2,V1,2026-02-08 15:20:33,2026-02-08 16:07:13,CW→CC,2026-02-08,,20068,20068,630,Monedero
509,989332,Cristo Redentor,El Parque,20068,L2,V1,2026-02-08 15:20:38,2026-02-08 16:07:07,CW→CC,2026-02-08,,20068,20068,630,Monedero
510,989332,El Parque,Cristo Redentor,20069,L2,V1,2026-02-08 16:53:08,2026-02-08 17:25:36,CC→CW,2026-02-08,,20069,20069,630,Monedero
511,989332,El Parque,Cristo Redentor,20069,L2,V1,2026-02-08 16:53:14,2026-02-08 17:25:05,CC→CW,2026-02-08,,20069,20069,630,Monedero
512,989398,Costa Mar,Huinca,20167,L2,V1,2026-02-08 20:06:21,2026-02-08 20:39:06,CC→CW,2026-02-08,,20167,20167,630,Monedero
513,989398,Costa Mar,Huinca,20167,L2,V1,2026-02-08 20:06:28,2026-02-08 20:39:03,CC→CW,2026-02-08,,20167,20167,630,Monedero
514,991380,El Arenal,Concepcion,20859,L1,V1,2026-02-08 12:28:53,2026-02-08 12:55:42,TH→HQ,2026-02-08,,20859,20859,540,Monedero
515,991382,El Arenal,Concepcion,20859,L1,V1,2026-02-08 12:29:08,2026-02-08 12:55:49,TH→HQ,2026-02-08,,20859,20859,540,Monedero
516,993294,Juan Pablo II,Costa Mar,20167,L2,V1,2026-02-08 20:05:41,2026-02-08 20:17:36,CC→CW,2026-02-08,,20167,20167,510,Monedero
517,993487,Lomas Coloradas,Concepcion,20076,L2,V1,2026-02-08 17:01:02,2026-02-08 17:30:57,CW→CC,2026-02-08,,20076,20076,570,Monedero
518,993487,Concepcion,Lomas Coloradas,20161,L2,V1,2026-02-08 18:15:27,2026-02-08 18:50:08,CC→CW,2026-02-08,,20161,20161,570,Monedero
519,993561,Concepcion,Huinca,20163,L2,V1,2026-02-08 18:52:10,2026-02-08 19:39:02,CC→CW,2026-02-08,,20163,20163,850,Monedero
520,993672,Hito Galvarino,Alborada,20066,L2,V1,2026-02-08 14:53:37,2026-02-08 15:10:04,CW→CC,2026-02-08,,20066,20063,650,Monedero
521,993672,Alborada,Concepcion,20068,L2,V1,2026-02-08 16:08:20,2026-02-08 16:23:17,CW→CC,2026-02-08,,20068,20068,570,Monedero
522,993672,Concepcion,Alborada,20167,L2,V1,2026-02-08 19:45:00,2026-02-08 20:15:45,CC→CW,2026-02-08,,20167,20167,570,Monedero
523,993672,Alborada,Hito Galvarino,20171,L2,V1,2026-02-08 21:11:50,2026-02-08 21:35:45,CC→CW,2026-02-08,,20171,,650,Monedero
524,995674,Concepcion,Cristo Redentor,20161,L2,V1,2026-02-08 18:18:11,2026-02-08 19:08:01,CC→CW,2026-02-08,,20161,20161,850,Monedero
525,998040,Concepcion,Huinca,20049,L2,V1,2026-02-08 11:25:12,2026-02-08 12:05:43,CC→CW,2026-02-08,,20049,20049,850,Monedero
526,998171,Concepcion,Concepcion,,,N/A,2026-02-08 14:30:33,2026-02-08 14:31:53,,2026-02-08,no viajo,,,420,Monedero
527,998171,Concepcion,Huinca,20157,L2,V1,2026-02-08 17:28:11,2026-02-08 18:06:04,CC→CW,2026-02-08,,20157,,850,Monedero
528,998214,Laguna Quinenco,Los Canelos,20170,L2,V1,2026-02-08 20:09:55,2026-02-08 20:28:05,CW→CC,2026-02-08,,20170,20170,530,Monedero
529,1000083,El Parque,Los Canelos,20059,L2,V1,2026-02-08 13:15:20,2026-02-08 13:55:48,CC→CW,2026-02-08,,20059,20059,610,Monedero
530,1000110,El Parque,Huinca,20167,L2,V1,2026-02-08 20:11:11,2026-02-08 20:38:58,CC→CW,2026-02-08,,20167,20167,630,Monedero
531,1001931,Costa Mar,Concepcion,20160,L2,V1,2026-02-08 17:55:06,2026-02-08 18:28:26,CW→CC,2026-02-08,,20160,20160,570,Monedero
532,1001974,Concepcion,Laguna Quinenco,20163,L2,V1,2026-02-08 18:40:47,2026-02-08 19:51:33,CC→CW,2026-02-08,,20163,20163,880,Monedero
533,1002232,Concepcion,Lomas Coloradas,20171,L2,V1,2026-02-08 20:34:13,2026-02-08 21:28:36,CC→CW,2026-02-08,match_por_salida_fallback,20171,20171,590,Monedero
534,1004521,Cdal. Raul Silva Henriquez,Concepcion,20156,L2,V1,2026-02-08 09:36:32,2026-02-08 10:01:50,CW→CC,2026-02-08,,20156,20156,570,Monedero
535,1004521,Concepcion,Concepcion,,,N/A,2026-02-08 18:14:55,2026-02-08 18:16:51,,2026-02-08,no viajo,,,420,Monedero
536,1004521,Concepcion,Cdal. Raul Silva Henriquez,20167,L2,V1,2026-02-08 19:53:54,2026-02-08 20:27:06,CC→CW,2026-02-08,,20167,20167,570,Monedero
537,1004521,Concepcion,Cdal. Raul Silva Henriquez,20167,L2,V1,2026-02-08 19:54:11,2026-02-08 20:27:00,CC→CW,2026-02-08,,20167,20167,570,Monedero
538,1004758,Manquimavida,Concepcion,20850,L1,V1,2026-02-08 09:18:40,2026-02-08 10:19:56,HQ→TH,2026-02-08,combo_por_entrada,20850,20035,590,Monedero
539,1004758,Concepcion,Alborada,20035,L2,V1,2026-02-08 09:20:18,2026-02-08 10:19:37,CC→CW,2026-02-08,combo_por_entrada,20035,20035,590,Monedero
540,1004759,Concepcion,Alborada,20035,L2,V1,2026-02-08 09:18:17,2026-02-08 10:19:49,CC→CW,2026-02-08,combo_por_entrada,20035,20035,590,Monedero
541,1006674,Concepcion,Coronel,20161,L2,V1,2026-02-08 17:59:27,2026-02-08 19:13:58,CC→CW,2026-02-08,,20161,20161,880,Monedero
542,1006789,Concepcion,Costa Mar,20069,L2,V1,2026-02-08 16:38:37,2026-02-08 16:59:31,CC→CW,2026-02-08,,20069,20069,570,Monedero
543,1006805,Cdal. Raul Silva Henriquez,Coronel,20157,L2,V1,2026-02-08 17:49:11,2026-02-08 18:14:02,CC→CW,2026-02-08,,20157,,650,Monedero
544,1008647,Concepcion,Higueras,20848,L1,V1,2026-02-08 20:49:29,2026-02-08 21:24:15,HQ→TH,2026-02-08,,20848,20848,500,Monedero
545,1011035,Costa Mar,Cristo Redentor,20167,L2,V1,2026-02-08 20:07:08,2026-02-08 20:41:08,CC→CW,2026-02-08,,20167,20167,630,Monedero
546,1011209,Concepcion,Los Canelos,20161,L2,V1,2026-02-08 17:51:07,2026-02-08 19:03:21,CC→CW,2026-02-08,,20161,20161,850,Monedero
547,1015255,El Parque,Costa Mar,20162,L2,V1,2026-02-08 18:37:34,2026-02-08 18:45:12,CW→CC,2026-02-08,,20162,20162,430,Monedero
548,1019156,Concepcion,Huinca,20049,L2,V1,2026-02-08 10:58:32,2026-02-08 12:06:25,CC→CW,2026-02-08,,20049,20049,850,Monedero
549,1019194,Concepcion,Concepcion,,,N/A,2026-02-08 14:35:36,2026-02-08 14:36:05,,2026-02-08,no viajo,,,420,Monedero
550,1019194,Concepcion,Cdal. Raul Silva Henriquez,20067,L2,V1,2026-02-08 15:16:27,2026-02-08 15:53:32,CC→CW,2026-02-08,,20067,20067,570,Monedero
551,1020918,Coronel,Concepcion,20160,L2,V1,2026-02-08 17:34:33,2026-02-08 18:31:50,CW→CC,2026-02-08,,20160,20160,880,Monedero
552,1021451,Cristo Redentor,El Parque,20066,L2,V1,2026-02-08 14:36:08,2026-02-08 15:06:59,CW→CC,2026-02-08,,20066,20066,630,Monedero
553,1021451,El Parque,Concepcion,20076,L2,V1,2026-02-08 16:59:29,2026-02-08 17:31:18,CW→CC,2026-02-08,,20076,20076,570,Monedero
554,1021451,Concepcion,Cristo Redentor,20167,L2,V1,2026-02-08 19:48:42,2026-02-08 20:40:10,CC→CW,2026-02-08,,20167,20167,850,Monedero
555,1021496,Concepcion,Cdal. Raul Silva Henriquez,20171,L2,V1,2026-02-08 20:42:49,2026-02-08 21:31:12,CC→CW,2026-02-08,match_por_salida_fallback,20171,20171,590,Monedero
556,1021546,Cristo Redentor,Diagonal Bio Bio,20152,L2,V1,2026-02-08 08:35:29,2026-02-08 09:06:10,CW→CC,2026-02-08,,20152,20152,680,Monedero
557,1023320,Concepcion,Concepcion,,,N/A,2026-02-08 19:57:30,2026-02-08 19:58:31,,2026-02-08,no viajo,,,420,Monedero
558,1024598,Lomas Coloradas,Concepcion,20160,L2,V1,2026-02-08 17:43:56,2026-02-08 18:27:17,CW→CC,2026-02-08,,20160,20160,570,Monedero
559,1024598,Concepcion,Lomas Coloradas,20167,L2,V1,2026-02-08 19:51:00,2026-02-08 20:22:46,CC→CW,2026-02-08,,20167,20167,570,Monedero
560,1031133,Los Canelos,Laguna Quinenco,20067,L2,V1,2026-02-08 15:55:38,2026-02-08 16:12:32,CC→CW,2026-02-08,,20067,20067,530,Monedero
561,1031146,Alborada,Laguna Quinenco,20051,L2,V1,2026-02-08 11:48:58,2026-02-08 12:31:55,CC→CW,2026-02-08,,20051,20049,790,Monedero
562,1031193,Laguna Quinenco,Alborada,20160,L2,V1,2026-02-08 17:41:40,2026-02-08 18:15:09,CW→CC,2026-02-08,,20160,20160,790,Monedero
563,1031398,Laguna Quinenco,Los Canelos,20068,L2,V1,2026-02-08 15:39:23,2026-02-08 15:51:47,CW→CC,2026-02-08,,20068,20068,530,Monedero
564,1031398,Los Canelos,Laguna Quinenco,20167,L2,V1,2026-02-08 20:23:19,2026-02-08 20:43:21,CC→CW,2026-02-08,,20167,20167,530,Monedero
565,1031403,Concepcion,Lomas Coloradas,20171,L2,V1,2026-02-08 20:14:56,2026-02-08 21:28:11,CC→CW,2026-02-08,,20171,20171,570,Monedero
566,1033229,Laguna Quinenco,Hito Galvarino,20162,L2,V1,2026-02-08 18:06:54,2026-02-08 18:30:35,CW→CC,2026-02-08,,20162,20162,530,Monedero
567,1033485,Huinca,Concepcion,20056,L2,V1,2026-02-08 12:08:54,2026-02-08 13:14:50,CW→CC,2026-02-08,,20056,20056,850,Monedero
568,1035387,Laguna Quinenco,Juan Pablo II,20162,L2,V1,2026-02-08 18:08:20,2026-02-08 18:53:32,CW→CC,2026-02-08,,20162,20162,790,Monedero
569,1036953,Huinca,Concepcion,20062,L2,V1,2026-02-08 13:47:37,2026-02-08 14:32:25,CW→CC,2026-02-08,,20062,20062,850,Monedero
570,1036953,Concepcion,Huinca,20157,L2,V1,2026-02-08 17:26:21,2026-02-08 18:06:07,CC→CW,2026-02-08,,20157,,850,Monedero
571,1036958,Concepcion,Huinca,20163,L2,V1,2026-02-08 18:52:17,2026-02-08 19:38:58,CC→CW,2026-02-08,,20163,20163,850,Monedero
572,1037059,Concepcion,Lomas Coloradas,20157,L2,V1,2026-02-08 17:28:46,2026-02-08 17:53:36,CC→CW,2026-02-08,,20157,20157,570,Monedero
573,1037081,Hualqui,Mercado,20850,L1,V1,2026-02-08 09:21:48,2026-02-08 10:27:18,HQ→TH,2026-02-08,,20850,20850,580,Monedero
574,1037141,Concepcion,Hito Galvarino,20167,L2,V1,2026-02-08 19:50:31,2026-02-08 20:33:31,CC→CW,2026-02-08,,20167,20167,850,Monedero
575,1037141,Concepcion,Hito Galvarino,20167,L2,V1,2026-02-08 19:50:35,2026-02-08 20:33:22,CC→CW,2026-02-08,,20167,20167,850,Monedero
576,1039199,Laguna Quinenco,Alborada,20170,L2,V1,2026-02-08 20:19:47,2026-02-08 20:48:38,CW→CC,2026-02-08,,20170,20170,790,Monedero
577,1041682,Concepcion,Costa Mar,20161,L2,V1,2026-02-08 17:47:09,2026-02-08 18:45:52,CC→CW,2026-02-08,,20161,20161,570,Monedero
578,1041796,Concepcion,Hito Galvarino,20171,L2,V1,2026-02-08 20:50:31,2026-02-08 21:35:35,CC→CW,2026-02-08,,20171,,850,Monedero
579,1043742,Concepcion,Laguna Quinenco,20063,L2,V1,2026-02-08 14:23:58,2026-02-08 15:17:35,CC→CW,2026-02-08,,20063,20063,880,Monedero
580,1043906,Lomas Coloradas,Concepcion,20062,L2,V1,2026-02-08 14:07:56,2026-02-08 14:34:18,CW→CC,2026-02-08,,20062,20062,570,Monedero
581,1043906,Concepcion,Lomas Coloradas,20161,L2,V1,2026-02-08 18:25:53,2026-02-08 18:50:25,CC→CW,2026-02-08,,20161,20161,570,Monedero
582,1043906,Lomas Coloradas,Los Canelos,20163,L2,V1,2026-02-08 19:21:03,2026-02-08 19:35:51,CC→CW,2026-02-08,,20163,20163,610,Monedero
583,1046151,Los Canelos,Concepcion,20050,L2,V1,2026-02-08 11:05:03,2026-02-08 11:38:55,CW→CC,2026-02-08,,20050,20050,850,Monedero
584,1046151,Los Canelos,Concepcion,20050,L2,V1,2026-02-08 11:05:09,2026-02-08 11:38:48,CW→CC,2026-02-08,,20050,20050,850,Monedero
585,1046151,Los Canelos,Concepcion,20050,L2,V1,2026-02-08 11:05:18,2026-02-08 11:38:37,CW→CC,2026-02-08,,20050,20050,850,Monedero
586,1046312,Huinca,Concepcion,20056,L2,V1,2026-02-08 12:17:19,2026-02-08 13:04:37,CW→CC,2026-02-08,,20056,20056,850,Monedero
587,1046451,Cristo Redentor,El Parque,20156,L2,V1,2026-02-08 09:19:35,2026-02-08 09:46:07,CW→CC,2026-02-08,,20156,20156,630,Monedero
588,1046451,El Parque,Cristo Redentor,20049,L2,V1,2026-02-08 11:36:35,2026-02-08 12:08:58,CC→CW,2026-02-08,,20049,20049,630,Monedero
589,1048751,El Parque,Concepcion,20050,L2,V1,2026-02-08 11:18:36,2026-02-08 11:38:39,CW→CC,2026-02-08,,20050,20050,570,Monedero
590,1048751,Juan Pablo II,El Parque,20059,L2,V1,2026-02-08 13:25:03,2026-02-08 13:37:01,CC→CW,2026-02-08,,20059,20059,510,Monedero
591,1048751,Concepcion,El Parque,20167,L2,V1,2026-02-08 19:46:45,2026-02-08 20:20:51,CC→CW,2026-02-08,,20167,20167,570,Monedero
592,1048754,Hito Galvarino,Concepcion,20066,L2,V1,2026-02-08 14:54:06,2026-02-08 15:24:24,CW→CC,2026-02-08,,20066,20066,850,Monedero
593,1051209,El Parque,Cristo Redentor,20157,L2,V1,2026-02-08 17:43:15,2026-02-08 18:09:25,CC→CW,2026-02-08,,20157,,630,Monedero
594,1053265,Concepcion,Hito Galvarino,20053,L2,V1,2026-02-08 12:03:14,2026-02-08 12:39:59,CC→CW,2026-02-08,,20053,20053,850,Monedero
595,1053271,Concepcion,Cdal. Raul Silva Henriquez,20041,L2,V1,2026-02-08 10:09:38,2026-02-08 10:53:16,CC→CW,2026-02-08,,20041,20035,570,Monedero
596,1055282,Huinca,Costa Mar,20160,L2,V1,2026-02-08 17:47:12,2026-02-08 18:12:53,CW→CC,2026-02-08,,20160,20160,630,Monedero
597,1055282,Costa Mar,Huinca,20167,L2,V1,2026-02-08 20:03:53,2026-02-08 20:38:38,CC→CW,2026-02-08,,20167,20167,630,Monedero
598,1057367,Costa Mar,Juan Pablo II,20062,L2,V1,2026-02-08 14:06:30,2026-02-08 14:26:17,CW→CC,2026-02-08,,20062,20062,510,Monedero
599,1059762,Cdal. Raul Silva Henriquez,El Parque,20160,L2,V1,2026-02-08 18:02:36,2026-02-08 18:11:16,CW→CC,2026-02-08,,20160,20160,430,Monedero
600,1059762,El Parque,Cdal. Raul Silva Henriquez,20167,L2,V1,2026-02-08 19:51:25,2026-02-08 20:26:58,CC→CW,2026-02-08,,20167,20167,430,Monedero
601,1059800,Los Canelos,Concepcion,20152,L2,V1,2026-02-08 08:32:14,2026-02-08 09:16:34,CW→CC,2026-02-08,,20152,20152,850,Monedero
602,1059800,Concepcion,Hito Galvarino,20171,L2,V1,2026-02-08 20:44:28,2026-02-08 21:35:41,CC→CW,2026-02-08,,20171,,850,Monedero
603,1061973,Lomas Coloradas,Alborada,20160,L2,V1,2026-02-08 18:05:46,2026-02-08 18:14:38,CW→CC,2026-02-08,,20160,20160,510,Monedero
604,1062128,Concepcion,Laguna Quinenco,20049,L2,V1,2026-02-08 10:41:59,2026-02-08 12:12:19,CC→CW,2026-02-08,,20049,20049,880,Monedero
605,1062128,Concepcion,Laguna Quinenco,20049,L2,V1,2026-02-08 10:42:10,2026-02-08 12:11:54,CC→CW,2026-02-08,,20049,20049,880,Monedero
606,1062272,Cdal. Raul Silva Henriquez,Los Canelos,20171,L2,V1,2026-02-08 21:10:34,2026-02-08 21:38:21,CC→CW,2026-02-08,,20171,,610,Monedero
607,1064296,El Parque,Concepcion,20068,L2,V1,2026-02-08 16:01:53,2026-02-08 16:24:36,CW→CC,2026-02-08,,20068,20068,570,Monedero
608,1066268,Coronel,Concepcion,20056,L2,V1,2026-02-08 11:42:59,2026-02-08 13:04:50,CW→CC,2026-02-08,,20056,20056,880,Monedero
609,1066344,Chiguayante,Concepcion,20850,L1,V1,2026-02-08 09:45:54,2026-02-08 10:06:18,HQ→TH,2026-02-08,,20850,20850,510,Monedero
610,1066344,Concepcion,Chiguayante,20859,L1,V1,2026-02-08 12:45:13,2026-02-08 13:10:56,TH→HQ,2026-02-08,,20859,20859,510,Monedero
611,1066344,Chiguayante,Higueras,20846,L1,V1,2026-02-08 17:13:31,2026-02-08 17:50:59,HQ→TH,2026-02-08,,20846,20846,540,Monedero
612,1066344,Higueras,Chiguayante,20847,L1,V1,2026-02-08 20:00:42,2026-02-08 20:40:10,TH→HQ,2026-02-08,,20847,20847,540,Monedero
613,1068050,Concepcion,Laguna Quinenco,20067,L2,V1,2026-02-08 15:10:38,2026-02-08 16:12:04,CC→CW,2026-02-08,,20067,20067,880,Monedero
614,1068130,Pedro Medina,Lzo. Arenas,20848,L1,V1,2026-02-08 20:43:16,2026-02-08 21:12:57,HQ→TH,2026-02-08,,20848,20848,510,Monedero
615,1068258,Concepcion,Coronel,20063,L2,V1,2026-02-08 14:19:48,2026-02-08 15:20:55,CC→CW,2026-02-08,,20063,20063,880,Monedero
616,1068258,Concepcion,La Leonera,20847,L1,V1,2026-02-08 19:17:17,2026-02-08 20:49:37,TH→HQ,2026-02-08,combo_por_entrada,20847,20847,910,Monedero
617,1068258,Concepcion,La Leonera,20847,L1,V1,2026-02-08 19:17:23,2026-02-08 20:49:22,TH→HQ,2026-02-08,combo_por_entrada,20847,20847,910,Monedero
618,1068285,Lomas Coloradas,Concepcion,20052,L2,V1,2026-02-08 11:37:11,2026-02-08 12:03:29,CW→CC,2026-02-08,,20052,20052,570,Monedero
619,1070506,Concepcion,Los Canelos,20049,L2,V1,2026-02-08 11:28:11,2026-02-08 12:04:24,CC→CW,2026-02-08,,20049,20049,850,Monedero
620,1070506,Los Canelos,Concepcion,20166,L2,V1,2026-02-08 19:20:04,2026-02-08 19:59:23,CW→CC,2026-02-08,,20166,20166,850,Monedero
621,1070553,Los Canelos,Concepcion,20156,L2,V1,2026-02-08 09:21:46,2026-02-08 10:01:36,CW→CC,2026-02-08,,20156,20156,850,Monedero
622,1070553,Concepcion,Coronel,20161,L2,V1,2026-02-08 18:14:51,2026-02-08 19:14:22,CC→CW,2026-02-08,,20161,20161,880,Monedero
623,1070675,El Parque,Diagonal Bio Bio,20170,L2,V1,2026-02-08 20:36:47,2026-02-08 20:51:44,CW→CC,2026-02-08,,20170,20170,510,Monedero
624,1070680,Cristo Redentor,Lomas Coloradas,20040,L2,V1,2026-02-08 09:45:20,2026-02-08 10:02:52,CW→CC,2026-02-08,,20040,20040,630,Monedero
625,1070688,Lomas Coloradas,Juan Pablo II,20152,L2,V1,2026-02-08 08:53:34,2026-02-08 09:09:28,CW→CC,2026-02-08,,20152,20152,510,Monedero
626,1070688,Juan Pablo II,Lomas Coloradas,20063,L2,V1,2026-02-08 14:43:26,2026-02-08 14:57:43,CC→CW,2026-02-08,,20063,20063,510,Monedero
627,1074686,Concepcion,Cdal. Raul Silva Henriquez,20059,L2,V1,2026-02-08 12:11:58,2026-02-08 13:43:34,CC→CW,2026-02-08,combo_por_entrada,20059,20059,590,Monedero
628,1074785,Concepcion,Cristo Redentor,20069,L2,V1,2026-02-08 16:37:30,2026-02-08 17:24:04,CC→CW,2026-02-08,,20069,20069,850,Monedero
629,1074868,Juan Pablo II,Huinca,20059,L2,V1,2026-02-08 13:11:47,2026-02-08 13:56:03,CC→CW,2026-02-08,,20059,20059,680,Monedero
630,1074868,Huinca,Juan Pablo II,20170,L2,V1,2026-02-08 20:04:40,2026-02-08 20:53:47,CW→CC,2026-02-08,,20170,20170,680,Monedero
631,1075077,Concepcion,Concepcion,,,N/A,2026-02-08 10:37:10,2026-02-08 10:37:38,,2026-02-08,no viajo,,,420,Monedero
632,1075077,Concepcion,Hualqui,20847,L1,V1,2026-02-08 20:25:35,2026-02-08 21:02:49,TH→HQ,2026-02-08,,20847,20847,550,Monedero
633,1076948,Cdal. Raul Silva Henriquez,Concepcion,20062,L2,V1,2026-02-08 13:54:08,2026-02-08 14:35:06,CW→CC,2026-02-08,,20062,20062,570,Monedero
634,1077010,Concepcion,Diagonal Bio Bio,20063,L2,V1,2026-02-08 14:22:57,2026-02-08 14:47:38,CC→CW,2026-02-08,,20063,20063,570,Monedero
635,1077154,Costa Mar,Coronel,20059,L2,V1,2026-02-08 13:32:21,2026-02-08 14:03:34,CC→CW,2026-02-08,,20059,20059,650,Monedero
636,1078805,Laguna Quinenco,Concepcion,20160,L2,V1,2026-02-08 17:41:29,2026-02-08 18:27:56,CW→CC,2026-02-08,,20160,20160,880,Monedero
637,1079127,Concepcion,Hito Galvarino,20163,L2,V1,2026-02-08 18:59:01,2026-02-08 19:32:46,CC→CW,2026-02-08,,20163,20163,850,Monedero
638,1079304,Costa Mar,Concepcion,20166,L2,V1,2026-02-08 19:13:15,2026-02-08 20:04:20,CW→CC,2026-02-08,,20166,20166,570,Monedero
639,1079308,Concepcion,Cristo Redentor,20035,L2,V1,2026-02-08 09:41:06,2026-02-08 10:42:29,CC→CW,2026-02-08,,20035,,850,Monedero
640,1079321,Coronel,Concepcion,20044,L2,V1,2026-02-08 09:52:05,2026-02-08 10:49:17,CW→CC,2026-02-08,,20044,20044,880,Monedero
641,1079321,Concepcion,Coronel,20049,L2,V1,2026-02-08 11:10:57,2026-02-08 12:15:16,CC→CW,2026-02-08,,20049,20049,880,Monedero
642,1081791,El Parque,Hito Galvarino,20053,L2,V1,2026-02-08 12:13:11,2026-02-08 12:40:25,CC→CW,2026-02-08,,20053,20053,610,Monedero
643,1081854,Diagonal Bio Bio,Cdal. Raul Silva Henriquez,20167,L2,V1,2026-02-08 19:44:07,2026-02-08 20:26:08,CC→CW,2026-02-08,,20167,20167,510,Monedero
644,1085562,Los Canelos,Laguna Quinenco,20051,L2,V1,2026-02-08 12:13:44,2026-02-08 12:25:09,CC→CW,2026-02-08,,20051,20051,530,Monedero
645,1086550,Laguna Quinenco,Concepcion,20066,L2,V1,2026-02-08 14:38:18,2026-02-08 15:25:00,CW→CC,2026-02-08,,20066,20066,880,Monedero
646,1086550,Concepcion,Huinca,20161,L2,V1,2026-02-08 17:59:39,2026-02-08 19:06:04,CC→CW,2026-02-08,,20161,20161,850,Monedero
647,1086659,Costa Mar,El Parque,20161,L2,V1,2026-02-08 18:34:41,2026-02-08 18:48:18,CC→CW,2026-02-08,,20161,20161,430,Monedero
648,1086682,Manquimavida,Los Condores,20844,L1,V1,2026-02-08 12:24:17,2026-02-08 13:09:48,HQ→TH,2026-02-08,,20844,20844,540,Monedero
649,1086682,Los Condores,Manquimavida,20847,L1,V1,2026-02-08 20:06:40,2026-02-08 20:46:11,TH→HQ,2026-02-08,,20847,20847,540,Monedero
650,1086778,Los Canelos,Concepcion,20068,L2,V1,2026-02-08 15:46:09,2026-02-08 16:23:37,CW→CC,2026-02-08,,20068,20068,850,Monedero
651,1086808,Huinca,Concepcion,20076,L2,V1,2026-02-08 16:49:30,2026-02-08 17:30:13,CW→CC,2026-02-08,,20076,20076,850,Monedero
652,1086836,Concepcion,Costa Mar,20067,L2,V1,2026-02-08 15:18:07,2026-02-08 15:44:42,CC→CW,2026-02-08,,20067,,570,Monedero
653,1089119,Cdal. Raul Silva Henriquez,Concepcion,20162,L2,V1,2026-02-08 18:31:59,2026-02-08 18:59:37,CW→CC,2026-02-08,,20162,20162,570,Monedero
654,1089247,Los Canelos,Concepcion,20068,L2,V1,2026-02-08 15:39:28,2026-02-08 16:44:10,CW→CC,2026-02-08,,20068,20068,850,Monedero
655,1089247,Los Canelos,Concepcion,20068,L2,V1,2026-02-08 15:39:34,2026-02-08 16:41:47,CW→CC,2026-02-08,,20068,20068,850,Monedero
656,1089247,Los Canelos,Concepcion,20068,L2,V1,2026-02-08 15:39:39,2026-02-08 16:41:43,CW→CC,2026-02-08,,20068,20068,850,Monedero
657,1089247,Concepcion,Los Canelos,20171,L2,V1,2026-02-08 19:47:58,2026-02-08 21:40:33,CC→CW,2026-02-08,combo_por_entrada,20171,,880,Monedero
658,1089247,Concepcion,Los Canelos,20171,L2,V1,2026-02-08 19:48:04,2026-02-08 21:39:29,CC→CW,2026-02-08,combo_por_entrada,20171,,880,Monedero
659,1093030,Huinca,Diagonal Bio Bio,20058,L2,V1,2026-02-08 12:30:01,2026-02-08 13:05:06,CW→CC,2026-02-08,,20058,20056,680,Monedero
660,1093030,Diagonal Bio Bio,Hito Galvarino,20161,L2,V1,2026-02-08 18:34:55,2026-02-08 19:00:08,CC→CW,2026-02-08,,20161,20161,650,Monedero
661,1095914,Concepcion,Huinca,20149,L2,V1,2026-02-08 08:27:47,2026-02-08 09:07:40,CC→CW,2026-02-08,,20149,20149,850,Monedero
662,1095914,Huinca,Concepcion,20170,L2,V1,2026-02-08 20:24:04,2026-02-08 21:02:07,CW→CC,2026-02-08,,20170,20170,850,Monedero
663,1095942,Hito Galvarino,Costa Mar,20152,L2,V1,2026-02-08 08:35:52,2026-02-08 09:02:05,CW→CC,2026-02-08,,20152,20152,610,Monedero
664,1097669,Concepcion,Costa Mar,20171,L2,V1,2026-02-08 20:55:54,2026-02-08 21:22:23,CC→CW,2026-02-08,,20171,,570,Monedero
665,1099792,Concepcion,Cdal. Raul Silva Henriquez,20163,L2,V1,2026-02-08 18:53:56,2026-02-08 19:26:02,CC→CW,2026-02-08,,20163,20163,570,Monedero
666,1103575,Costa Mar,Concepcion,20170,L2,V1,2026-02-08 20:40:10,2026-02-08 21:00:44,CW→CC,2026-02-08,,20170,20170,570,Monedero
667,1103595,Los Canelos,Juan Pablo II,20068,L2,V1,2026-02-08 15:33:39,2026-02-08 16:16:18,CW→CC,2026-02-08,,20068,20068,650,Monedero
668,1103761,Concepcion,Coronel,20059,L2,V1,2026-02-08 12:51:51,2026-02-08 14:03:55,CC→CW,2026-02-08,,20059,20059,880,Monedero
669,1105956,Costa Mar,Concepcion,20056,L2,V1,2026-02-08 12:39:25,2026-02-08 13:17:23,CW→CC,2026-02-08,,20056,20056,570,Monedero
670,1105974,Hito Galvarino,Concepcion,20058,L2,V1,2026-02-08 12:41:02,2026-02-08 13:23:51,CW→CC,2026-02-08,,20058,20058,850,Monedero
671,1105974,Concepcion,Hito Galvarino,20163,L2,V1,2026-02-08 18:47:37,2026-02-08 19:32:28,CC→CW,2026-02-08,,20163,20163,850,Monedero
672,1106014,Hito Galvarino,Laguna Quinenco,20063,L2,V1,2026-02-08 15:01:41,2026-02-08 15:18:32,CC→CW,2026-02-08,,20063,20063,530,Monedero
673,1107360,Juan Pablo II,Lomas Coloradas,20063,L2,V1,2026-02-08 14:37:47,2026-02-08 14:57:29,CC→CW,2026-02-08,,20063,20063,510,Monedero
674,1107718,Lomas Coloradas,Concepcion,20044,L2,V1,2026-02-08 10:27:50,2026-02-08 10:53:22,CW→CC,2026-02-08,,20044,20044,570,Monedero
675,1107718,Concepcion,Lomas Coloradas,20171,L2,V1,2026-02-08 20:35:05,2026-02-08 21:27:59,CC→CW,2026-02-08,,20171,,570,Monedero
676,1107808,Los Canelos,Concepcion,20040,L2,V1,2026-02-08 09:50:54,2026-02-08 10:47:15,CW→CC,2026-02-08,,20040,20040,850,Monedero
677,1107808,Concepcion,Los Canelos,20059,L2,V1,2026-02-08 12:42:22,2026-02-08 13:53:15,CC→CW,2026-02-08,,20059,20059,850,Monedero
678,1107895,Coronel,Concepcion,20076,L2,V1,2026-02-08 16:39:27,2026-02-08 17:43:59,CW→CC,2026-02-08,,20076,20076,880,Monedero
679,1107990,Lomas Coloradas,Cristo Redentor,20069,L2,V1,2026-02-08 17:01:52,2026-02-08 17:23:38,CC→CW,2026-02-08,,20069,20069,630,Monedero
680,1109753,Cristo Redentor,Concepcion,20062,L2,V1,2026-02-08 13:54:01,2026-02-08 14:34:45,CW→CC,2026-02-08,,20062,20062,850,Monedero
681,1109788,Los Canelos,Concepcion,20058,L2,V1,2026-02-08 12:33:19,2026-02-08 13:18:00,CW→CC,2026-02-08,,20058,20056,850,Monedero
682,1109788,Concepcion,Los Canelos,20167,L2,V1,2026-02-08 19:51:56,2026-02-08 20:37:18,CC→CW,2026-02-08,,20167,20167,850,Monedero
683,1110081,Concepcion,Cristo Redentor,20069,L2,V1,2026-02-08 16:43:11,2026-02-08 17:23:26,CC→CW,2026-02-08,,20069,20069,850,Monedero
684,1113703,Concepcion,Laguna Quinenco,20153,L2,V1,2026-02-08 09:02:37,2026-02-08 09:59:39,CC→CW,2026-02-08,,20153,20153,880,Monedero
685,1113703,Laguna Quinenco,Cdal. Raul Silva Henriquez,20052,L2,V1,2026-02-08 11:11:23,2026-02-08 11:39:31,CW→CC,2026-02-08,,20052,20052,650,Monedero
686,1113779,Laguna Quinenco,Concepcion,20170,L2,V1,2026-02-08 20:10:29,2026-02-08 21:19:47,CW→CC,2026-02-08,match_por_salida_fallback,20170,20848,900,Monedero
687,1113822,Concepcion,Lomas Coloradas,20041,L2,V1,2026-02-08 10:25:01,2026-02-08 10:49:16,CC→CW,2026-02-08,,20041,20041,570,Monedero
688,1113836,Los Condores,Chiguayante,20859,L1,V1,2026-02-08 12:21:36,2026-02-08 13:12:10,TH→HQ,2026-02-08,,20859,20859,540,Monedero
689,1113836,Chiguayante,Los Condores,20846,L1,V1,2026-02-08 17:12:16,2026-02-08 17:48:48,HQ→TH,2026-02-08,,20846,20846,540,Monedero
690,1116072,Huinca,Costa Mar,20160,L2,V1,2026-02-08 17:47:13,2026-02-08 18:12:53,CW→CC,2026-02-08,,20160,20160,630,Monedero
691,1116072,Costa Mar,Huinca,20167,L2,V1,2026-02-08 20:03:53,2026-02-08 20:38:40,CC→CW,2026-02-08,,20167,20167,630,Monedero
692,1116137,Concepcion,Costa Mar,20167,L2,V1,2026-02-08 19:31:55,2026-02-08 20:17:34,CC→CW,2026-02-08,,20167,20167,570,Monedero
693,1118435,Laguna Quinenco,Diagonal Bio Bio,20170,L2,V1,2026-02-08 19:52:21,2026-02-08 20:52:06,CW→CC,2026-02-08,,20170,20170,790,Monedero
694,1118459,Los Canelos,Lomas Coloradas,20066,L2,V1,2026-02-08 14:35:27,2026-02-08 15:03:45,CW→CC,2026-02-08,,20066,20066,610,Monedero
695,1118459,Los Canelos,Lomas Coloradas,20066,L2,V1,2026-02-08 14:35:43,2026-02-08 15:03:37,CW→CC,2026-02-08,,20066,20066,610,Monedero
696,1118459,Lomas Coloradas,Los Canelos,20163,L2,V1,2026-02-08 19:00:57,2026-02-08 19:37:13,CC→CW,2026-02-08,,20163,20163,610,Monedero
697,1118459,Lomas Coloradas,Los Canelos,20163,L2,V1,2026-02-08 19:01:14,2026-02-08 19:37:02,CC→CW,2026-02-08,,20163,20163,610,Monedero
698,1118663,Concepcion,Huinca,20167,L2,V1,2026-02-08 19:31:56,2026-02-08 20:38:53,CC→CW,2026-02-08,,20167,20167,850,Monedero
699,1119914,UTF Santa Maria,Hualqui,20847,L1,V1,2026-02-08 20:07:08,2026-02-08 21:02:09,TH→HQ,2026-02-08,,20847,20847,560,Monedero
700,1123052,Laguna Quinenco,Concepcion,20044,L2,V1,2026-02-08 09:49:22,2026-02-08 10:48:01,CW→CC,2026-02-08,,20044,20040,880,Monedero
701,1123052,Laguna Quinenco,Concepcion,20044,L2,V1,2026-02-08 09:49:34,2026-02-08 10:47:42,CW→CC,2026-02-08,,20044,20040,880,Monedero
702,1123052,Costa Mar,Laguna Quinenco,20161,L2,V1,2026-02-08 18:03:11,2026-02-08 19:11:41,CC→CW,2026-02-08,,20161,20161,650,Monedero
703,1123052,Costa Mar,Laguna Quinenco,20161,L2,V1,2026-02-08 18:03:17,2026-02-08 19:11:35,CC→CW,2026-02-08,,20161,20161,650,Monedero
704,1124726,Cristo Redentor,Concepcion,20066,L2,V1,2026-02-08 14:39:16,2026-02-08 15:24:17,CW→CC,2026-02-08,,20066,20066,850,Monedero
705,1124727,Cristo Redentor,Concepcion,20066,L2,V1,2026-02-08 14:39:20,2026-02-08 15:24:21,CW→CC,2026-02-08,,20066,20066,850,Monedero
706,1125532,Laguna Quinenco,Cristo Redentor,20160,L2,V1,2026-02-08 17:37:42,2026-02-08 17:51:14,CW→CC,2026-02-08,,20160,20160,450,Monedero
707,1125532,Laguna Quinenco,Cristo Redentor,20160,L2,V1,2026-02-08 17:37:56,2026-02-08 17:51:07,CW→CC,2026-02-08,,20160,20160,450,Monedero
708,1125773,Manquimavida,Los Condores,20880,L1,V1,2026-02-08 21:04:12,2026-02-08 22:57:27,HQ→TH,2026-02-08,,20880,20880,540,Monedero
709,1127888,Huinca,Cristo Redentor,20157,L2,V1,2026-02-08 17:51:50,2026-02-08 18:09:29,CC→CW,2026-02-08,,20157,,440,Monedero
710,1127897,Concepcion,Coronel,20051,L2,V1,2026-02-08 11:35:35,2026-02-08 12:56:44,CC→CW,2026-02-08,,20051,20049,880,Monedero
711,1127897,Coronel,Concepcion,20166,L2,V1,2026-02-08 19:06:44,2026-02-08 20:02:21,CW→CC,2026-02-08,,20166,20166,880,Monedero
712,1127941,Concepcion,Coronel,20153,L2,V1,2026-02-08 08:49:29,2026-02-08 10:03:30,CC→CW,2026-02-08,,20153,20153,880,Monedero
713,1127941,Coronel,Concepcion,20166,L2,V1,2026-02-08 19:12:32,2026-02-08 19:59:37,CW→CC,2026-02-08,,20166,20166,880,Monedero
714,1128086,UTF Santa Maria,La Leonera,20847,L1,V1,2026-02-08 20:07:02,2026-02-08 20:49:47,TH→HQ,2026-02-08,,20847,20847,540,Monedero
715,1130680,Cristo Redentor,Concepcion,20062,L2,V1,2026-02-08 13:50:44,2026-02-08 14:34:40,CW→CC,2026-02-08,,20062,20062,850,Monedero
716,1130680,Concepcion,Huinca,20161,L2,V1,2026-02-08 18:07:00,2026-02-08 19:06:15,CC→CW,2026-02-08,,20161,20161,850,Monedero
717,1130696,Concepcion,Cristo Redentor,20171,L2,V1,2026-02-08 20:41:27,2026-02-08 21:42:33,CC→CW,2026-02-08,,20171,,850,Monedero
718,1130937,Cdal. Raul Silva Henriquez,Cristo Redentor,20171,L2,V1,2026-02-08 21:12:03,2026-02-08 21:42:32,CC→CW,2026-02-08,,20171,,630,Monedero
719,1132873,Cdal. Raul Silva Henriquez,Cristo Redentor,20069,L2,V1,2026-02-08 16:44:48,2026-02-08 17:23:32,CC→CW,2026-02-08,,20069,20069,630,Monedero
720,1132897,Concepcion,Cristo Redentor,20161,L2,V1,2026-02-08 18:25:46,2026-02-08 19:08:07,CC→CW,2026-02-08,,20161,20161,850,Monedero
721,1132900,Concepcion,Concepcion,,,N/A,2026-02-08 20:20:55,2026-02-08 20:24:46,,2026-02-08,no viajo,,,420,Monedero
722,1133079,Laguna Quinenco,Concepcion,20066,L2,V1,2026-02-08 14:41:38,2026-02-08 15:25:00,CW→CC,2026-02-08,,20066,20066,880,Monedero
723,1133079,Laguna Quinenco,Concepcion,20066,L2,V1,2026-02-08 14:41:49,2026-02-08 15:24:56,CW→CC,2026-02-08,,20066,20066,880,Monedero
724,1137243,Manquimavida,Hualqui,20847,L1,V1,2026-02-08 20:39:37,2026-02-08 21:02:56,TH→HQ,2026-02-08,,20847,20847,500,Monedero
725,1137467,Los Canelos,Concepcion,20170,L2,V1,2026-02-08 20:16:26,2026-02-08 21:03:08,CW→CC,2026-02-08,,20170,20170,850,Monedero
726,1137543,Hito Galvarino,Concepcion,20066,L2,V1,2026-02-08 14:33:10,2026-02-08 15:24:03,CW→CC,2026-02-08,,20066,20066,850,Monedero
727,1139479,Lomas Coloradas,Hito Galvarino,20059,L2,V1,2026-02-08 13:38:48,2026-02-08 13:48:57,CC→CW,2026-02-08,,20059,20059,610,Monedero
728,1139479,Hito Galvarino,Cdal. Raul Silva Henriquez,20076,L2,V1,2026-02-08 16:57:51,2026-02-08 17:06:09,CW→CC,2026-02-08,,20076,20076,610,Monedero
729,1141830,Concepcion,Laguna Quinenco,20157,L2,V1,2026-02-08 17:11:23,2026-02-08 18:11:58,CC→CW,2026-02-08,,20157,,880,Monedero
730,1143725,La Leonera,UTF Santa Maria,20850,L1,V1,2026-02-08 09:26:14,2026-02-08 10:14:46,HQ→TH,2026-02-08,,20850,20850,540,Monedero
731,1145816,Concepcion,Hito Galvarino,20167,L2,V1,2026-02-08 19:31:51,2026-02-08 20:33:08,CC→CW,2026-02-08,,20167,20167,850,Monedero
732,1145823,Lomas Coloradas,Concepcion,20166,L2,V1,2026-02-08 19:38:50,2026-02-08 20:00:01,CW→CC,2026-02-08,,20166,20166,570,Monedero
733,1147728,Cristo Redentor,Concepcion,20066,L2,V1,2026-02-08 14:38:02,2026-02-08 15:23:22,CW→CC,2026-02-08,,20066,20066,850,Monedero
734,1147810,Coronel,Costa Mar,20076,L2,V1,2026-02-08 16:26:28,2026-02-08 17:14:13,CW→CC,2026-02-08,,20076,20076,650,Monedero
735,1147810,El Parque,Los Canelos,20163,L2,V1,2026-02-08 19:08:00,2026-02-08 19:36:09,CC→CW,2026-02-08,,20163,20163,610,Monedero
736,1147846,Cdal. Raul Silva Henriquez,Coronel,20067,L2,V1,2026-02-08 15:47:55,2026-02-08 16:14:14,CC→CW,2026-02-08,,20067,20067,650,Monedero
737,1147906,Mercado,Concepcion,20845,L1,V1,2026-02-08 15:53:59,2026-02-08 16:26:22,TH→HQ,2026-02-08,,20845,20845,540,Monedero
738,1152030,Coronel,Concepcion,20066,L2,V1,2026-02-08 14:39:53,2026-02-08 15:25:10,CW→CC,2026-02-08,,20066,20066,880,Monedero
739,1154466,Concepcion,Concepcion,,,N/A,2026-02-08 21:07:42,2026-02-08 21:08:22,,2026-02-08,no viajo,,,420,Monedero
740,1154526,Coronel,Costa Mar,20056,L2,V1,2026-02-08 12:09:55,2026-02-08 12:47:30,CW→CC,2026-02-08,,20056,20056,650,Monedero
741,1154526,Coronel,Costa Mar,20056,L2,V1,2026-02-08 12:10:08,2026-02-08 12:47:05,CW→CC,2026-02-08,,20056,20056,650,Monedero
742,1154526,Costa Mar,Coronel,20167,L2,V1,2026-02-08 19:49:38,2026-02-08 20:46:41,CC→CW,2026-02-08,,20167,20167,650,Monedero
743,1154526,Costa Mar,Coronel,20167,L2,V1,2026-02-08 19:50:16,2026-02-08 20:46:30,CC→CW,2026-02-08,,20167,20167,650,Monedero
744,1157009,Concepcion,Los Canelos,20149,L2,V1,2026-02-08 08:03:06,2026-02-08 09:05:27,CC→CW,2026-02-08,,20149,20149,850,Monedero
745,1157044,Hito Galvarino,Cdal. Raul Silva Henriquez,20170,L2,V1,2026-02-08 20:12:50,2026-02-08 20:36:41,CW→CC,2026-02-08,,20170,20170,610,Monedero
746,1157104,Huinca,Concepcion,20058,L2,V1,2026-02-08 12:32:23,2026-02-08 13:15:17,CW→CC,2026-02-08,,20058,20058,850,Monedero
747,1157351,Concepcion,Coronel,20063,L2,V1,2026-02-08 14:22:29,2026-02-08 15:20:39,CC→CW,2026-02-08,,20063,20063,880,Monedero
748,1157409,Lomas Coloradas,Juan Pablo II,20068,L2,V1,2026-02-08 15:53:49,2026-02-08 16:16:09,CW→CC,2026-02-08,,20068,20068,510,Monedero
749,1157409,Juan Pablo II,Lomas Coloradas,20163,L2,V1,2026-02-08 19:01:39,2026-02-08 19:24:21,CC→CW,2026-02-08,,20163,20163,510,Monedero
750,1159819,Concepcion,Los Canelos,20041,L2,V1,2026-02-08 10:08:11,2026-02-08 11:02:53,CC→CW,2026-02-08,,20041,20035,850,Monedero
751,1159827,Coronel,Concepcion,20062,L2,V1,2026-02-08 13:27:38,2026-02-08 14:32:54,CW→CC,2026-02-08,,20062,20062,880,Monedero
752,1161781,Higueras,Concepcion,20859,L1,V1,2026-02-08 12:31:33,2026-02-08 12:55:35,TH→HQ,2026-02-08,,20859,20859,500,Monedero
753,1161784,Concepcion,El Parque,20059,L2,V1,2026-02-08 13:08:19,2026-02-08 13:38:58,CC→CW,2026-02-08,,20059,20059,570,Monedero
754,1161784,Cristo Redentor,Concepcion,20170,L2,V1,2026-02-08 19:37:32,2026-02-08 21:03:59,CW→CC,2026-02-08,,20170,20170,850,Monedero
755,1161876,Pedro Medina,Concepcion,20844,L1,V1,2026-02-08 12:27:03,2026-02-08 13:05:35,HQ→TH,2026-02-08,,20844,20844,510,Monedero
756,1161876,Pedro Medina,Concepcion,20844,L1,V1,2026-02-08 12:27:31,2026-02-08 13:05:23,HQ→TH,2026-02-08,,20844,20844,510,Monedero
757,1161994,Los Canelos,Cristo Redentor,20049,L2,V1,2026-02-08 11:57:46,2026-02-08 12:08:20,CC→CW,2026-02-08,,20049,20049,460,Monedero
758,1162007,Concepcion,Concepcion,,,N/A,2026-02-08 17:47:20,2026-02-08 17:47:58,,2026-02-08,no viajo,,,420,Monedero
759,1165198,El Parque,Cristo Redentor,20167,L2,V1,2026-02-08 20:04:31,2026-02-08 20:41:59,CC→CW,2026-02-08,,20167,20167,630,Monedero
760,1167323,Concepcion,Huinca,20161,L2,V1,2026-02-08 18:13:55,2026-02-08 19:05:44,CC→CW,2026-02-08,,20161,20161,850,Monedero
761,1167443,Concepcion,Laguna Quinenco,20059,L2,V1,2026-02-08 13:08:23,2026-02-08 14:00:53,CC→CW,2026-02-08,,20059,20059,880,Monedero
762,1167782,Coronel,Concepcion,20062,L2,V1,2026-02-08 13:41:07,2026-02-08 14:36:45,CW→CC,2026-02-08,,20062,20062,880,Monedero
763,1167782,Coronel,Concepcion,20062,L2,V1,2026-02-08 13:41:26,2026-02-08 14:36:36,CW→CC,2026-02-08,,20062,20062,880,Monedero
764,1168539,Cdal. Raul Silva Henriquez,Concepcion,20076,L2,V1,2026-02-08 16:38:10,2026-02-08 17:29:34,CW→CC,2026-02-08,,20076,20076,570,Monedero
765,1168539,Concepcion,Cdal. Raul Silva Henriquez,20171,L2,V1,2026-02-08 20:31:36,2026-02-08 21:31:06,CC→CW,2026-02-08,,20171,20171,570,Monedero
766,1170776,Concepcion,Costa Mar,20157,L2,V1,2026-02-08 17:03:35,2026-02-08 17:48:51,CC→CW,2026-02-08,,20157,20157,570,Monedero
767,1171695,Concepcion,Lomas Coloradas,20063,L2,V1,2026-02-08 14:16:34,2026-02-08 14:58:02,CC→CW,2026-02-08,,20063,20063,570,Monedero
768,1174453,Los Canelos,Laguna Quinenco,20035,L2,V1,2026-02-08 10:33:42,2026-02-08 10:44:39,CC→CW,2026-02-08,,20035,,530,Monedero
769,1174580,Hito Galvarino,Cristo Redentor,20053,L2,V1,2026-02-08 12:37:43,2026-02-08 12:47:06,CC→CW,2026-02-08,,20053,20053,460,Monedero
770,1174581,Huinca,Concepcion,20056,L2,V1,2026-02-08 12:22:25,2026-02-08 13:04:35,CW→CC,2026-02-08,,20056,20056,850,Monedero
771,1174585,Cristo Redentor,Concepcion,20040,L2,V1,2026-02-08 09:44:22,2026-02-08 10:22:39,CW→CC,2026-02-08,,20040,20040,850,Monedero
772,1174740,La Leonera,Chiguayante,20844,L1,V1,2026-02-08 12:22:03,2026-02-08 12:47:17,HQ→TH,2026-02-08,,20844,20844,420,Monedero
773,1175287,Los Condores,Mercado,20844,L1,V1,2026-02-08 12:53:52,2026-02-08 13:19:25,HQ→TH,2026-02-08,,20844,20844,490,Monedero
774,1175287,Mercado,Los Condores,20845,L1,V1,2026-02-08 15:33:00,2026-02-08 16:12:40,TH→HQ,2026-02-08,,20845,20845,490,Monedero
775,1175857,Cdal. Raul Silva Henriquez,Costa Mar,20062,L2,V1,2026-02-08 14:06:03,2026-02-08 14:19:32,CW→CC,2026-02-08,,20062,20062,430,Monedero
776,1176551,Concepcion,Alborada,20161,L2,V1,2026-02-08 18:28:21,2026-02-08 18:43:19,CC→CW,2026-02-08,,20161,20161,570,Monedero
777,1177928,Juan Pablo II,Cdal. Raul Silva Henriquez,20157,L2,V1,2026-02-08 17:36:34,2026-02-08 17:55:39,CC→CW,2026-02-08,,20157,,510,Monedero
778,1178355,Concepcion,Costa Mar,20063,L2,V1,2026-02-08 14:07:45,2026-02-08 14:52:09,CC→CW,2026-02-08,,20063,20063,570,Monedero
779,1183010,Concepcion,Hito Galvarino,20069,L2,V1,2026-02-08 15:58:23,2026-02-08 17:15:46,CC→CW,2026-02-08,combo_por_entrada,20069,20069,880,Monedero
780,1184629,Concepcion,Coronel,20049,L2,V1,2026-02-08 10:48:00,2026-02-08 12:14:28,CC→CW,2026-02-08,,20049,20049,880,Monedero
781,1184629,Cristo Redentor,Concepcion,20160,L2,V1,2026-02-08 17:38:57,2026-02-08 18:28:33,CW→CC,2026-02-08,,20160,20160,850,Monedero
782,1184924,Coronel,Cristo Redentor,20170,L2,V1,2026-02-08 19:52:25,2026-02-08 20:23:49,CW→CC,2026-02-08,,20170,20170,450,Monedero
783,1189442,Los Canelos,Concepcion,20044,L2,V1,2026-02-08 10:14:36,2026-02-08 10:47:43,CW→CC,2026-02-08,,20044,20044,850,Monedero
784,1189442,Concepcion,Los Canelos,20171,L2,V1,2026-02-08 20:56:59,2026-02-08 21:38:22,CC→CW,2026-02-08,,20171,,850,Monedero
785,1189449,Hualqui,Concepcion,20880,L1,V1,2026-02-08 21:00:03,2026-02-08 21:45:34,HQ→TH,2026-02-08,,20880,20880,550,Monedero
786,1190034,El Arenal,Concepcion,20847,L1,V1,2026-02-08 19:47:30,2026-02-08 20:25:32,TH→HQ,2026-02-08,,20847,20847,540,Monedero
787,1190711,Cristo Redentor,Concepcion,20152,L2,V1,2026-02-08 08:36:00,2026-02-08 09:17:23,CW→CC,2026-02-08,,20152,20152,850,Monedero
788,1190711,Concepcion,Cristo Redentor,20059,L2,V1,2026-02-08 12:33:39,2026-02-08 13:58:58,CC→CW,2026-02-08,combo_por_entrada,20059,20059,850,Monedero
789,1191163,El Parque,Diagonal Bio Bio,20166,L2,V1,2026-02-08 18:46:56,2026-02-08 19:51:06,CW→CC,2026-02-08,,20166,20162,510,Monedero
790,1191841,Cdal. Raul Silva Henriquez,Laguna Quinenco,20059,L2,V1,2026-02-08 13:41:43,2026-02-08 14:00:42,CC→CW,2026-02-08,,20059,20059,650,Monedero
791,1191841,Laguna Quinenco,Cdal. Raul Silva Henriquez,20160,L2,V1,2026-02-08 17:43:32,2026-02-08 18:04:05,CW→CC,2026-02-08,,20160,20160,650,Monedero
792,1193268,Concepcion,Laguna Quinenco,20149,L2,V1,2026-02-08 08:28:04,2026-02-08 09:11:52,CC→CW,2026-02-08,,20149,20149,880,Monedero
793,1193693,Cdal. Raul Silva Henriquez,Laguna Quinenco,20067,L2,V1,2026-02-08 15:46:43,2026-02-08 16:12:10,CC→CW,2026-02-08,,20067,20067,650,Monedero
794,1194674,El Parque,Concepcion,20068,L2,V1,2026-02-08 16:01:52,2026-02-08 16:24:34,CW→CC,2026-02-08,,20068,20068,570,Monedero
795,1195174,Costa Mar,Cristo Redentor,20069,L2,V1,2026-02-08 16:55:08,2026-02-08 17:24:16,CC→CW,2026-02-08,,20069,20069,630,Monedero
796,1196734,Laguna Quinenco,El Parque,20044,L2,V1,2026-02-08 09:50:16,2026-02-08 10:31:23,CW→CC,2026-02-08,,20044,20044,650,Monedero
797,1196939,Los Condores,Hualqui,20859,L1,V1,2026-02-08 12:39:05,2026-02-08 13:30:48,TH→HQ,2026-02-08,,20859,20859,560,Monedero
798,1197690,Mercado,Concepcion,20859,L1,V1,2026-02-08 12:24:10,2026-02-08 13:56:00,TH→HQ,2026-02-08,combo_por_entrada,20859,20859,900,Monedero
799,1199611,Diagonal Bio Bio,Los Canelos,20041,L2,V1,2026-02-08 10:38:45,2026-02-08 11:03:28,CC→CW,2026-02-08,,20041,20041,650,Monedero
800,1199611,Los Canelos,Costa Mar,20066,L2,V1,2026-02-08 14:34:11,2026-02-08 15:08:47,CW→CC,2026-02-08,,20066,20063,610,Monedero
801,1201825,Laguna Quinenco,Concepcion,20166,L2,V1,2026-02-08 19:18:38,2026-02-08 20:00:33,CW→CC,2026-02-08,,20166,20166,880,Monedero
802,1202359,Coronel,Los Canelos,20056,L2,V1,2026-02-08 12:17:17,2026-02-08 12:29:08,CW→CC,2026-02-08,,20056,20056,530,Monedero
803,1202359,Los Canelos,Concepcion,20066,L2,V1,2026-02-08 14:49:09,2026-02-08 15:23:42,CW→CC,2026-02-08,,20066,20066,850,Monedero
804,1202359,Concepcion,Los Canelos,20171,L2,V1,2026-02-08 20:06:27,2026-02-08 21:39:41,CC→CW,2026-02-08,,20171,20167,850,Monedero
805,1202829,Diagonal Bio Bio,Concepcion,20076,L2,V1,2026-02-08 17:05:13,2026-02-08 17:30:10,CW→CC,2026-02-08,,20076,20076,570,Monedero
806,1203618,Cdal. Raul Silva Henriquez,Laguna Quinenco,20063,L2,V1,2026-02-08 14:55:17,2026-02-08 15:18:23,CC→CW,2026-02-08,,20063,20063,650,Monedero
807,1203618,Laguna Quinenco,Cdal. Raul Silva Henriquez,20076,L2,V1,2026-02-08 16:43:05,2026-02-08 17:05:52,CW→CC,2026-02-08,,20076,20076,650,Monedero
808,1204769,Concepcion,Laguna Quinenco,20053,L2,V1,2026-02-08 11:59:14,2026-02-08 12:51:21,CC→CW,2026-02-08,,20053,20053,880,Monedero
809,1205493,Cristo Redentor,Laguna Quinenco,20067,L2,V1,2026-02-08 16:04:11,2026-02-08 16:11:53,CC→CW,2026-02-08,,20067,20067,450,Monedero
810,1206411,Huinca,El Parque,20152,L2,V1,2026-02-08 08:40:13,2026-02-08 08:59:00,CW→CC,2026-02-08,,20152,20152,630,Monedero
811,1206411,El Parque,Los Canelos,20167,L2,V1,2026-02-08 20:12:21,2026-02-08 20:36:49,CC→CW,2026-02-08,,20167,20167,610,Monedero
812,1206769,Juan Pablo II,Cristo Redentor,20167,L2,V1,2026-02-08 19:46:30,2026-02-08 20:40:15,CC→CW,2026-02-08,,20167,20167,680,Monedero
813,1206780,El Parque,Concepcion,20056,L2,V1,2026-02-08 12:31:43,2026-02-08 13:09:29,CW→CC,2026-02-08,,20056,20056,570,Monedero
814,1207981,Los Canelos,Cristo Redentor,20053,L2,V1,2026-02-08 12:38:23,2026-02-08 12:47:51,CC→CW,2026-02-08,,20053,20053,460,Monedero
815,1208352,Laguna Quinenco,Concepcion,20068,L2,V1,2026-02-08 15:38:18,2026-02-08 16:24:18,CW→CC,2026-02-08,,20068,20068,880,Monedero
816,1208352,Concepcion,Laguna Quinenco,20167,L2,V1,2026-02-08 19:33:09,2026-02-08 20:43:41,CC→CW,2026-02-08,,20167,20167,880,Monedero
817,1209317,Costa Mar,Lomas Coloradas,20161,L2,V1,2026-02-08 18:25:46,2026-02-08 18:49:40,CC→CW,2026-02-08,,20161,20161,430,Monedero
818,1210453,Coronel,Concepcion,20152,L2,V1,2026-02-08 08:19:18,2026-02-08 09:17:15,CW→CC,2026-02-08,,20152,20152,880,Monedero
819,1211752,El Parque,Cristo Redentor,20167,L2,V1,2026-02-08 20:17:35,2026-02-08 20:42:18,CC→CW,2026-02-08,,20167,20167,630,Monedero
820,1211752,El Parque,Cristo Redentor,20167,L2,V1,2026-02-08 20:17:55,2026-02-08 20:41:46,CC→CW,2026-02-08,,20167,20167,630,Monedero
821,1211942,Lomas Coloradas,Coronel,20163,L2,V1,2026-02-08 19:15:14,2026-02-08 19:46:39,CC→CW,2026-02-08,,20163,20163,650,Monedero
822,1211942,Lomas Coloradas,Coronel,20163,L2,V1,2026-02-08 19:15:37,2026-02-08 19:46:25,CC→CW,2026-02-08,,20163,20163,650,Monedero
823,1212125,Concepcion,El Arenal,20848,L1,V1,2026-02-08 20:56:12,2026-02-08 21:28:01,HQ→TH,2026-02-08,,20848,20848,540,Monedero
824,1212125,Concepcion,El Arenal,20848,L1,V1,2026-02-08 20:56:28,2026-02-08 21:27:56,HQ→TH,2026-02-08,,20848,20848,540,Monedero
825,1212125,Concepcion,El Arenal,20848,L1,V1,2026-02-08 20:57:05,2026-02-08 21:27:51,HQ→TH,2026-02-08,,20848,20848,540,Monedero
826,1212825,Lomas Coloradas,Concepcion,20166,L2,V1,2026-02-08 19:34:15,2026-02-08 20:49:38,CW→CC,2026-02-08,combo_por_entrada,20166,20847,590,Monedero
827,1212833,Concepcion,Hito Galvarino,20063,L2,V1,2026-02-08 13:57:04,2026-02-08 15:06:32,CC→CW,2026-02-08,,20063,20063,850,Monedero
828,1213069,Huinca,Lomas Coloradas,20166,L2,V1,2026-02-08 19:04:49,2026-02-08 19:41:29,CW→CC,2026-02-08,,20166,20166,630,Monedero
829,1213870,Costa Mar,Concepcion,20056,L2,V1,2026-02-08 12:45:40,2026-02-08 13:05:52,CW→CC,2026-02-08,,20056,20056,570,Monedero
830,1213870,Costa Mar,Concepcion,20056,L2,V1,2026-02-08 12:46:02,2026-02-08 13:05:37,CW→CC,2026-02-08,,20056,20056,570,Monedero
831,1213870,Pedro Medina,Costa Mar,,,N/A,2026-02-08 17:11:38,2026-02-08 17:49:48,,2026-02-08,sin_combo_factible_en_hub|sin_s1_factible_retro,,,590,Monedero
832,1213870,Pedro Medina,Costa Mar,,,N/A,2026-02-08 17:11:53,2026-02-08 17:49:13,,2026-02-08,sin_combo_factible_en_hub|sin_s1_factible_retro,,,590,Monedero
833,1213927,Coronel,Concepcion,20056,L2,V1,2026-02-08 11:59:51,2026-02-08 13:05:30,CW→CC,2026-02-08,,20056,20056,880,Monedero
834,1213927,Concepcion,Coronel,20167,L2,V1,2026-02-08 19:51:43,2026-02-08 20:46:07,CC→CW,2026-02-08,,20167,20167,880,Monedero
835,1214999,Concepcion,Chiguayante,20845,L1,V1,2026-02-08 15:34:01,2026-02-08 16:40:30,TH→HQ,2026-02-08,combo_por_entrada,20845,20068,910,Monedero
836,1215010,Concepcion,Costa Mar,20041,L2,V1,2026-02-08 10:22:05,2026-02-08 10:43:44,CC→CW,2026-02-08,,20041,,570,Monedero
837,1215010,Costa Mar,Concepcion,20170,L2,V1,2026-02-08 20:33:58,2026-02-08 21:02:32,CW→CC,2026-02-08,,20170,20170,570,Monedero
838,1215778,Alborada,Concepcion,20068,L2,V1,2026-02-08 15:50:20,2026-02-08 16:27:03,CW→CC,2026-02-08,,20068,20068,570,Monedero
839,1215778,Alborada,Concepcion,20068,L2,V1,2026-02-08 15:50:43,2026-02-08 16:26:39,CW→CC,2026-02-08,,20068,20068,570,Monedero
840,1215778,Concepcion,Alborada,20167,L2,V1,2026-02-08 19:57:29,2026-02-08 20:15:21,CC→CW,2026-02-08,,20167,20167,570,Monedero
841,1216914,Concepcion,Hualqui,20881,L1,V1,2026-02-08 07:46:25,2026-02-08 08:39:02,TH→HQ,2026-02-08,,20881,20881,550,Monedero
842,1217151,Concepcion,Coronel,20067,L2,V1,2026-02-08 15:30:07,2026-02-08 16:14:35,CC→CW,2026-02-08,,20067,20067,880,Monedero
843,1217151,Concepcion,Coronel,20067,L2,V1,2026-02-08 15:30:17,2026-02-08 16:14:02,CC→CW,2026-02-08,,20067,20067,880,Monedero
844,1217151,Concepcion,La Leonera,20847,L1,V1,2026-02-08 19:04:23,2026-02-08 20:48:54,TH→HQ,2026-02-08,combo_por_entrada,20847,20847,910,Monedero
845,1217151,Concepcion,La Leonera,20847,L1,V1,2026-02-08 19:04:31,2026-02-08 20:48:31,TH→HQ,2026-02-08,combo_por_entrada,20847,20847,910,Monedero
846,1217456,Concepcion,Concepcion,,,N/A,2026-02-08 17:07:07,2026-02-08 17:07:52,,2026-02-08,no viajo,,,420,Monedero
847,1217456,Concepcion,El Arenal,20846,L1,V1,2026-02-08 17:28:16,2026-02-08 17:54:34,HQ→TH,2026-02-08,,20846,20846,540,Monedero
848,1217538,Concepcion,Lomas Coloradas,20059,L2,V1,2026-02-08 12:21:14,2026-02-08 13:40:42,CC→CW,2026-02-08,combo_por_entrada,20059,20059,590,Monedero
849,1217847,Lomas Coloradas,Concepcion,20066,L2,V1,2026-02-08 14:52:51,2026-02-08 15:25:17,CW→CC,2026-02-08,,20066,20066,570,Monedero
850,1217847,Concepcion,Lomas Coloradas,20161,L2,V1,2026-02-08 18:10:06,2026-02-08 18:49:53,CC→CW,2026-02-08,,20161,20161,570,Monedero
851,1218001,Los Canelos,Concepcion,20066,L2,V1,2026-02-08 14:43:12,2026-02-08 15:26:15,CW→CC,2026-02-08,,20066,20066,850,Monedero
852,1218001,Juan Pablo II,Los Canelos,20167,L2,V1,2026-02-08 20:01:48,2026-02-08 20:37:53,CC→CW,2026-02-08,,20167,20167,650,Monedero
853,1218732,Concepcion,Cdal. Raul Silva Henriquez,20041,L2,V1,2026-02-08 10:22:02,2026-02-08 10:53:36,CC→CW,2026-02-08,,20041,20041,570,Monedero
854,1218732,Cdal. Raul Silva Henriquez,Concepcion,20170,L2,V1,2026-02-08 20:18:36,2026-02-08 21:01:06,CW→CC,2026-02-08,,20170,20170,570,Monedero
855,1219059,Los Condores,Hualqui,20845,L1,V1,2026-02-08 15:59:18,2026-02-08 17:01:55,TH→HQ,2026-02-08,,20845,20845,560,Monedero
856,1221399,Huinca,Concepcion,20170,L2,V1,2026-02-08 20:11:45,2026-02-08 21:04:02,CW→CC,2026-02-08,,20170,20170,850,Monedero
857,1221607,Huinca,Concepcion,20056,L2,V1,2026-02-08 12:07:54,2026-02-08 13:04:25,CW→CC,2026-02-08,,20056,20056,850,Monedero
858,1221804,Los Canelos,Concepcion,20040,L2,V1,2026-02-08 09:43:04,2026-02-08 10:22:31,CW→CC,2026-02-08,,20040,20040,850,Monedero
859,1221804,Concepcion,Los Canelos,20167,L2,V1,2026-02-08 19:46:45,2026-02-08 20:36:30,CC→CW,2026-02-08,,20167,20167,850,Monedero
860,1223075,Cristo Redentor,Laguna Quinenco,20035,L2,V1,2026-02-08 10:38:28,2026-02-08 10:45:11,CC→CW,2026-02-08,,20035,,450,Monedero
861,1223599,Concepcion,Huinca,20067,L2,V1,2026-02-08 15:23:46,2026-02-08 16:06:18,CC→CW,2026-02-08,,20067,20067,850,Monedero
862,1223599,Huinca,Concepcion,20166,L2,V1,2026-02-08 19:20:43,2026-02-08 20:04:21,CW→CC,2026-02-08,,20166,20166,850,Monedero
863,1225312,Concepcion,Juan Pablo II,20059,L2,V1,2026-02-08 12:35:04,2026-02-08 13:28:03,CC→CW,2026-02-08,combo_por_entrada,20059,20844,590,Monedero
864,1226192,Concepcion,Coronel,20059,L2,V1,2026-02-08 12:26:25,2026-02-08 14:04:38,CC→CW,2026-02-08,combo_por_entrada,20059,20059,910,Monedero
865,1226716,Los Canelos,Concepcion,20068,L2,V1,2026-02-08 15:47:30,2026-02-08 16:25:58,CW→CC,2026-02-08,,20068,20068,850,Monedero
866,1226716,Los Canelos,Concepcion,20068,L2,V1,2026-02-08 15:47:34,2026-02-08 16:25:53,CW→CC,2026-02-08,,20068,20068,850,Monedero
867,1226716,Concepcion,Los Canelos,20167,L2,V1,2026-02-08 19:49:34,2026-02-08 20:37:57,CC→CW,2026-02-08,,20167,20167,850,Monedero
868,1226716,Concepcion,Los Canelos,20167,L2,V1,2026-02-08 19:49:38,2026-02-08 20:37:47,CC→CW,2026-02-08,,20167,20167,850,Monedero
869,1227570,Laguna Quinenco,Cristo Redentor,20170,L2,V1,2026-02-08 20:04:00,2026-02-08 20:23:44,CW→CC,2026-02-08,,20170,20170,450,Monedero
870,1229097,Lomas Coloradas,Costa Mar,20062,L2,V1,2026-02-08 14:11:28,2026-02-08 14:18:17,CW→CC,2026-02-08,,20062,20062,430,Monedero
871,1229246,Concepcion,Concepcion,,,N/A,2026-02-08 16:57:57,2026-02-08 17:00:15,,2026-02-08,no viajo,,,420,Monedero
872,1229246,Concepcion,Concepcion,,,N/A,2026-02-08 18:55:53,2026-02-08 18:56:33,,2026-02-08,no viajo,,,420,Monedero
873,1232239,Concepcion,Huinca,20171,L2,V1,2026-02-08 20:52:42,2026-02-08 21:40:44,CC→CW,2026-02-08,,20171,,850,Monedero
874,1234918,Concepcion,Huinca,20171,L2,V1,2026-02-08 20:37:25,2026-02-08 21:41:08,CC→CW,2026-02-08,,20171,,850,Monedero
875,1235013,Huinca,Costa Mar,20050,L2,V1,2026-02-08 10:49:00,2026-02-08 11:24:33,CW→CC,2026-02-08,,20050,20050,630,Monedero
876,1235015,Cdal. Raul Silva Henriquez,Concepcion,20170,L2,V1,2026-02-08 20:19:42,2026-02-08 21:01:01,CW→CC,2026-02-08,,20170,20170,570,Monedero
877,1235296,Concepcion,Coronel,20049,L2,V1,2026-02-08 10:46:30,2026-02-08 12:14:57,CC→CW,2026-02-08,,20049,20049,880,Monedero
878,1235296,Coronel,Concepcion,20062,L2,V1,2026-02-08 13:43:15,2026-02-08 14:33:45,CW→CC,2026-02-08,,20062,20062,880,Monedero
879,1235317,Coronel,Concepcion,20066,L2,V1,2026-02-08 14:39:55,2026-02-08 15:25:22,CW→CC,2026-02-08,,20066,20066,880,Monedero
880,1235864,Alborada,Cristo Redentor,20063,L2,V1,2026-02-08 14:39:34,2026-02-08 15:14:57,CC→CW,2026-02-08,,20063,20063,680,Monedero
881,1235985,Lomas Coloradas,Concepcion,20044,L2,V1,2026-02-08 10:27:24,2026-02-08 10:53:17,CW→CC,2026-02-08,,20044,20044,570,Monedero
882,1235985,Concepcion,Lomas Coloradas,20171,L2,V1,2026-02-08 20:35:07,2026-02-08 21:27:52,CC→CW,2026-02-08,,20171,,570,Monedero
883,1236610,Concepcion,Costa Mar,20167,L2,V1,2026-02-08 19:58:14,2026-02-08 20:18:22,CC→CW,2026-02-08,,20167,20167,570,Monedero
884,1236624,Los Condores,Concepcion,20859,L1,V1,2026-02-08 12:25:44,2026-02-08 12:55:00,TH→HQ,2026-02-08,,20859,20859,500,Monedero
885,1236751,Concepcion,Concepcion,,,N/A,2026-02-08 14:07:39,2026-02-08 14:08:11,,2026-02-08,no viajo,,,420,Monedero
886,1237256,Concepcion,Coronel,20167,L2,V1,2026-02-08 19:35:13,2026-02-08 20:46:15,CC→CW,2026-02-08,,20167,20167,880,Monedero
887,1238653,Cdal. Raul Silva Henriquez,Concepcion,20052,L2,V1,2026-02-08 11:35:42,2026-02-08 12:03:05,CW→CC,2026-02-08,,20052,20052,570,Monedero
888,1240314,Concepcion,Cristo Redentor,20171,L2,V1,2026-02-08 21:00:18,2026-02-08 21:43:34,CC→CW,2026-02-08,,20171,,850,Monedero
889,1241885,Lomas Coloradas,Concepcion,20160,L2,V1,2026-02-08 17:50:29,2026-02-08 18:54:05,CW→CC,2026-02-08,,20160,20160,570,Monedero
890,1241888,Hito Galvarino,Laguna Quinenco,20069,L2,V1,2026-02-08 17:11:53,2026-02-08 17:30:32,CC→CW,2026-02-08,,20069,20069,530,Monedero
891,1241888,Huinca,Lomas Coloradas,20166,L2,V1,2026-02-08 19:12:26,2026-02-08 19:41:12,CW→CC,2026-02-08,,20166,20166,630,Monedero
892,1241889,Lomas Coloradas,Concepcion,20160,L2,V1,2026-02-08 17:50:30,2026-02-08 18:54:12,CW→CC,2026-02-08,,20160,20160,570,Monedero
893,1241929,Cdal. Raul Silva Henriquez,Concepcion,20044,L2,V1,2026-02-08 10:21:54,2026-02-08 10:50:29,CW→CC,2026-02-08,,20044,20044,570,Monedero
894,1242174,Los Canelos,Concepcion,20166,L2,V1,2026-02-08 19:19:45,2026-02-08 19:59:37,CW→CC,2026-02-08,,20166,20166,850,Monedero
895,1243425,Concepcion,Coronel,20163,L2,V1,2026-02-08 18:36:23,2026-02-08 19:45:49,CC→CW,2026-02-08,,20163,20161,880,Monedero
896,1243700,Costa Mar,Concepcion,20066,L2,V1,2026-02-08 14:59:35,2026-02-08 15:28:03,CW→CC,2026-02-08,,20066,20066,570,Monedero
897,1243700,Concepcion,Costa Mar,20161,L2,V1,2026-02-08 18:18:54,2026-02-08 18:45:56,CC→CW,2026-02-08,,20161,20161,570,Monedero
898,1245350,Cristo Redentor,Concepcion,20066,L2,V1,2026-02-08 14:46:07,2026-02-08 15:23:09,CW→CC,2026-02-08,,20066,20066,850,Monedero
899,1248778,Cristo Redentor,Concepcion,20062,L2,V1,2026-02-08 13:51:17,2026-02-08 14:33:14,CW→CC,2026-02-08,,20062,20062,850,Monedero
900,1248778,Concepcion,Cristo Redentor,20161,L2,V1,2026-02-08 18:03:25,2026-02-08 19:08:18,CC→CW,2026-02-08,,20161,20161,850,Monedero
901,1248778,Concepcion,Cristo Redentor,20161,L2,V1,2026-02-08 18:03:28,2026-02-08 19:08:09,CC→CW,2026-02-08,,20161,20161,850,Monedero
902,1249174,El Parque,Concepcion,20050,L2,V1,2026-02-08 11:02:46,2026-02-08 11:42:39,CW→CC,2026-02-08,,20050,20050,570,Monedero
903,1249174,Concepcion,El Parque,20059,L2,V1,2026-02-08 12:31:13,2026-02-08 21:25:01,CC→CW,2026-02-08,,20059,20059,570,Monedero
904,1250264,Laguna Quinenco,Cdal. Raul Silva Henriquez,20152,L2,V1,2026-02-08 08:30:59,2026-02-08 08:53:06,CW→CC,2026-02-08,,20152,20152,650,Monedero
905,1252969,Lomas Coloradas,Concepcion,20050,L2,V1,2026-02-08 10:47:56,2026-02-08 11:38:12,CW→CC,2026-02-08,,20050,20050,570,Monedero
906,1253121,Laguna Quinenco,El Parque,20068,L2,V1,2026-02-08 15:16:04,2026-02-08 16:06:51,CW→CC,2026-02-08,,20068,20068,650,Monedero
907,1253121,El Parque,Cristo Redentor,20157,L2,V1,2026-02-08 17:38:52,2026-02-08 18:08:44,CC→CW,2026-02-08,,20157,,630,Monedero
908,1253939,Concepcion,Los Canelos,20171,L2,V1,2026-02-08 20:38:59,2026-02-08 21:39:52,CC→CW,2026-02-08,,20171,,850,Monedero
909,1254047,Concepcion,Cristo Redentor,20167,L2,V1,2026-02-08 19:54:18,2026-02-08 20:41:38,CC→CW,2026-02-08,,20167,20167,850,Monedero
910,1254047,Concepcion,Cristo Redentor,20167,L2,V1,2026-02-08 19:54:31,2026-02-08 20:41:24,CC→CW,2026-02-08,,20167,20167,850,Monedero
911,1257638,Costa Mar,Cdal. Raul Silva Henriquez,20063,L2,V1,2026-02-08 14:42:57,2026-02-08 15:00:42,CC→CW,2026-02-08,,20063,20063,430,Monedero
912,1257638,Cdal. Raul Silva Henriquez,Costa Mar,20170,L2,V1,2026-02-08 20:33:11,2026-02-08 20:46:18,CW→CC,2026-02-08,,20170,20170,430,Monedero
913,1258114,Concepcion,Costa Mar,20167,L2,V1,2026-02-08 19:31:11,2026-02-08 20:17:22,CC→CW,2026-02-08,,20167,20167,570,Monedero
914,1258757,Concepcion,Hito Galvarino,20069,L2,V1,2026-02-08 16:35:12,2026-02-08 17:15:51,CC→CW,2026-02-08,,20069,20069,850,Monedero
915,1258757,Hito Galvarino,Juan Pablo II,20170,L2,V1,2026-02-08 20:25:04,2026-02-08 20:53:49,CW→CC,2026-02-08,,20170,20170,650,Monedero
916,1258761,Costa Mar,Concepcion,20066,L2,V1,2026-02-08 14:59:32,2026-02-08 15:24:08,CW→CC,2026-02-08,,20066,20066,570,Monedero
917,1259539,Concepcion,Los Canelos,20161,L2,V1,2026-02-08 18:24:30,2026-02-08 19:04:43,CC→CW,2026-02-08,,20161,20161,850,Monedero
918,1260877,Concepcion,Higueras,20848,L1,V1,2026-02-08 20:08:24,2026-02-08 21:24:10,HQ→TH,2026-02-08,match_por_salida_fallback,20848,20848,590,Monedero
919,1261915,Concepcion,Laguna Quinenco,20163,L2,V1,2026-02-08 18:58:16,2026-02-08 19:43:00,CC→CW,2026-02-08,,20163,20163,880,Monedero
920,1262437,Concepcion,Higueras,20846,L1,V1,2026-02-08 17:27:24,2026-02-08 17:51:07,HQ→TH,2026-02-08,,20846,20846,500,Monedero
921,1262622,Concepcion,Los Condores,20848,L1,V1,2026-02-08 20:53:15,2026-02-08 21:19:52,HQ→TH,2026-02-08,,20848,20848,500,Monedero
922,1262831,Coronel,Juan Pablo II,20076,L2,V1,2026-02-08 16:32:53,2026-02-08 17:21:32,CW→CC,2026-02-08,,20076,20076,790,Monedero
923,1262831,Concepcion,Coronel,,,N/A,2026-02-08 20:47:01,2026-02-08 21:47:35,,2026-02-08,sin_combo_factible_en_hub|sin_s1_factible_retro,,,880,Monedero
924,1264046,El Parque,Huinca,20167,L2,V1,2026-02-08 20:19:02,2026-02-08 20:39:24,CC→CW,2026-02-08,,20167,20167,630,Monedero
925,1264501,Coronel,Concepcion,20076,L2,V1,2026-02-08 16:42:10,2026-02-08 17:30:18,CW→CC,2026-02-08,,20076,20076,880,Monedero
926,1264501,Concepcion,Laguna Quinenco,20161,L2,V1,2026-02-08 18:32:42,2026-02-08 19:43:57,CC→CW,2026-02-08,,20161,20161,880,Monedero
927,1264697,Costa Mar,Cristo Redentor,20167,L2,V1,2026-02-08 20:07:55,2026-02-08 20:41:31,CC→CW,2026-02-08,,20167,20167,630,Monedero
928,1264902,Lomas Coloradas,Coronel,20053,L2,V1,2026-02-08 12:17:09,2026-02-08 12:54:25,CC→CW,2026-02-08,,20053,20053,650,Monedero
929,1264902,Lomas Coloradas,Coronel,20053,L2,V1,2026-02-08 12:17:22,2026-02-08 12:54:17,CC→CW,2026-02-08,,20053,20053,650,Monedero
930,1265125,Coronel,El Parque,20050,L2,V1,2026-02-08 10:47:13,2026-02-08 11:23:05,CW→CC,2026-02-08,,20050,20050,650,Monedero
931,1265521,Concepcion,Lomas Coloradas,20069,L2,V1,2026-02-08 16:40:18,2026-02-08 17:06:23,CC→CW,2026-02-08,,20069,20069,570,Monedero
932,1265521,Cdal. Raul Silva Henriquez,Concepcion,20162,L2,V1,2026-02-08 18:13:01,2026-02-08 18:59:17,CW→CC,2026-02-08,,20162,20162,570,Monedero
933,1265521,Concepcion,Hualqui,20847,L1,V1,2026-02-08 19:50:44,2026-02-08 21:01:30,TH→HQ,2026-02-08,,20847,20847,550,Monedero
934,1265538,Costa Mar,Concepcion,20156,L2,V1,2026-02-08 09:37:05,2026-02-08 10:02:17,CW→CC,2026-02-08,,20156,20156,570,Monedero
935,1266006,Concepcion,Cdal. Raul Silva Henriquez,20063,L2,V1,2026-02-08 14:15:28,2026-02-08 15:05:34,CC→CW,2026-02-08,,20063,20063,570,Monedero
936,1266399,Concepcion,Laguna Quinenco,20063,L2,V1,2026-02-08 14:19:24,2026-02-08 15:19:18,CC→CW,2026-02-08,,20063,20063,880,Monedero
937,1266667,Concepcion,Mercado,20846,L1,V1,2026-02-08 16:27:04,2026-02-08 17:57:31,HQ→TH,2026-02-08,combo_por_entrada,20846,20076,910,Monedero
938,1267237,Hito Galvarino,Cdal. Raul Silva Henriquez,20050,L2,V1,2026-02-08 11:06:41,2026-02-08 11:20:32,CW→CC,2026-02-08,,20050,20050,610,Monedero
939,1267549,Concepcion,Lomas Coloradas,20171,L2,V1,2026-02-08 20:41:17,2026-02-08 21:27:28,CC→CW,2026-02-08,,20171,,570,Monedero
940,1268121,El Parque,Concepcion,20170,L2,V1,2026-02-08 20:08:13,2026-02-08 21:00:54,CW→CC,2026-02-08,,20170,20170,570,Monedero
941,1269657,Concepcion,El Parque,20053,L2,V1,2026-02-08 12:08:03,2026-02-08 12:28:08,CC→CW,2026-02-08,,20053,20053,570,Monedero
942,1270531,Concepcion,Concepcion,,,N/A,2026-02-08 20:11:00,2026-02-08 20:11:30,,2026-02-08,no viajo,,,420,Monedero
943,1270531,Concepcion,Concepcion,,,N/A,2026-02-08 20:39:58,2026-02-08 20:40:33,,2026-02-08,no viajo,,,420,Monedero
944,1270692,Alborada,Juan Pablo II,20076,L2,V1,2026-02-08 16:45:45,2026-02-08 17:21:27,CW→CC,2026-02-08,,20076,20076,440,Monedero
945,1271773,Juan Pablo II,Cristo Redentor,20059,L2,V1,2026-02-08 13:24:52,2026-02-08 13:58:38,CC→CW,2026-02-08,,20059,20059,680,Monedero
946,1272200,Huinca,Concepcion,20058,L2,V1,2026-02-08 12:37:53,2026-02-08 13:15:45,CW→CC,2026-02-08,,20058,20058,850,Monedero
947,1272513,Lomas Coloradas,Coronel,20069,L2,V1,2026-02-08 16:53:11,2026-02-08 17:30:31,CC→CW,2026-02-08,,20069,20069,650,Monedero
948,1272767,Concepcion,Chiguayante,20847,L1,V1,2026-02-08 20:15:53,2026-02-08 20:40:22,TH→HQ,2026-02-08,,20847,20847,510,Monedero
949,1272767,Concepcion,Chiguayante,20847,L1,V1,2026-02-08 20:15:57,2026-02-08 20:40:19,TH→HQ,2026-02-08,,20847,20847,510,Monedero
950,1273449,Lomas Coloradas,Cristo Redentor,20049,L2,V1,2026-02-08 11:49:19,2026-02-08 12:08:32,CC→CW,2026-02-08,,20049,20049,630,Monedero
951,1273838,Cristo Redentor,Concepcion,20068,L2,V1,2026-02-08 15:45:38,2026-02-08 16:23:32,CW→CC,2026-02-08,,20068,20068,850,Monedero
952,1273838,Concepcion,Cristo Redentor,20171,L2,V1,2026-02-08 20:34:16,2026-02-08 21:42:02,CC→CW,2026-02-08,,20171,,850,Monedero
953,1274039,Concepcion,Huinca,20167,L2,V1,2026-02-08 19:56:55,2026-02-08 20:39:07,CC→CW,2026-02-08,,20167,20167,850,Monedero
954,1274259,Cdal. Raul Silva Henriquez,Concepcion,20162,L2,V1,2026-02-08 18:34:48,2026-02-08 18:59:22,CW→CC,2026-02-08,,20162,20162,570,Monedero
955,1274296,Concepcion,La Leonera,20847,L1,V1,2026-02-08 20:12:12,2026-02-08 20:49:28,TH→HQ,2026-02-08,,20847,20847,510,Monedero
956,1274296,Concepcion,La Leonera,20847,L1,V1,2026-02-08 20:12:26,2026-02-08 20:49:17,TH→HQ,2026-02-08,,20847,20847,510,Monedero
957,1274307,Concepcion,Pedro Medina,20847,L1,V1,2026-02-08 20:14:05,2026-02-08 20:42:21,TH→HQ,2026-02-08,,20847,20847,510,Monedero
958,1274645,Concepcion,El Parque,20069,L2,V1,2026-02-08 15:56:02,2026-02-08 17:03:51,CC→CW,2026-02-08,combo_por_entrada,20069,20069,590,Monedero
959,1274645,El Parque,Concepcion,20162,L2,V1,2026-02-08 18:44:58,2026-02-08 20:00:16,CW→CC,2026-02-08,,20162,20162,570,Monedero
960,1275668,Concepcion,Hito Galvarino,20069,L2,V1,2026-02-08 16:35:10,2026-02-08 17:15:59,CC→CW,2026-02-08,,20069,20069,850,Monedero
961,1275668,Hito Galvarino,Juan Pablo II,20170,L2,V1,2026-02-08 20:25:02,2026-02-08 20:54:51,CW→CC,2026-02-08,,20170,20170,650,Monedero
962,1278323,Cdal. Raul Silva Henriquez,Concepcion,20066,L2,V1,2026-02-08 14:49:20,2026-02-08 15:25:01,CW→CC,2026-02-08,,20066,20066,570,Monedero
963,1280007,Alborada,Concepcion,20068,L2,V1,2026-02-08 14:47:27,2026-02-08 16:48:51,CW→CC,2026-02-08,combo_por_entrada,20068,20845,590,Monedero
964,1280007,Manquimavida,Concepcion,20848,L1,V1,2026-02-08 20:45:11,2026-02-08 21:21:40,HQ→TH,2026-02-08,match_por_salida_fallback,20848,20171,590,Monedero
965,1280190,Laguna Quinenco,Concepcion,20076,L2,V1,2026-02-08 16:47:06,2026-02-08 17:30:11,CW→CC,2026-02-08,,20076,20076,880,Monedero
966,1280190,Concepcion,Laguna Quinenco,20171,L2,V1,2026-02-08 20:30:26,2026-02-08 21:46:07,CC→CW,2026-02-08,,20171,,880,Monedero
967,1281148,Concepcion,Huinca,20067,L2,V1,2026-02-08 14:58:17,2026-02-08 16:06:12,CC→CW,2026-02-08,,20067,20067,850,Monedero
968,1284530,Lomas Coloradas,Concepcion,20066,L2,V1,2026-02-08 14:58:12,2026-02-08 15:28:27,CW→CC,2026-02-08,,20066,20066,570,Monedero
969,1284530,Concepcion,Lomas Coloradas,20157,L2,V1,2026-02-08 17:06:31,2026-02-08 17:52:44,CC→CW,2026-02-08,,20157,,570,Monedero
970,1284832,La Leonera,Concepcion,20846,L1,V1,2026-02-08 17:03:08,2026-02-08 17:33:39,HQ→TH,2026-02-08,,20846,20846,510,Monedero
971,1285019,Los Canelos,Concepcion,20068,L2,V1,2026-02-08 15:47:39,2026-02-08 16:26:06,CW→CC,2026-02-08,,20068,20068,850,Monedero
972,1285019,Concepcion,Los Canelos,20167,L2,V1,2026-02-08 19:49:44,2026-02-08 20:38:04,CC→CW,2026-02-08,,20167,20167,850,Monedero
973,1285846,Coronel,Concepcion,20076,L2,V1,2026-02-08 16:39:17,2026-02-08 17:31:49,CW→CC,2026-02-08,,20076,20076,880,Monedero
974,1285846,Concepcion,Coronel,20171,L2,V1,2026-02-08 20:44:39,2026-02-08 21:48:53,CC→CW,2026-02-08,,20171,,880,Monedero
975,1285846,Concepcion,Coronel,20171,L2,V1,2026-02-08 20:44:45,2026-02-08 21:48:32,CC→CW,2026-02-08,,20171,,880,Monedero
976,1285865,Hito Galvarino,Concepcion,20062,L2,V1,2026-02-08 13:44:51,2026-02-08 14:33:47,CW→CC,2026-02-08,,20062,20062,850,Monedero
977,1286466,Concepcion,Lomas Coloradas,20167,L2,V1,2026-02-08 19:53:32,2026-02-08 20:22:58,CC→CW,2026-02-08,,20167,20167,570,Monedero
978,1287106,Concepcion,Laguna Quinenco,20067,L2,V1,2026-02-08 15:17:35,2026-02-08 16:11:41,CC→CW,2026-02-08,,20067,20067,880,Monedero
979,1287106,Laguna Quinenco,Concepcion,20170,L2,V1,2026-02-08 20:01:29,2026-02-08 21:02:11,CW→CC,2026-02-08,,20170,20170,880,Monedero
980,1287228,Lomas Coloradas,Coronel,20149,L2,V1,2026-02-08 08:48:50,2026-02-08 09:14:43,CC→CW,2026-02-08,,20149,20149,650,Monedero
981,1287576,Cristo Redentor,Concepcion,20170,L2,V1,2026-02-08 20:06:52,2026-02-08 21:00:32,CW→CC,2026-02-08,,20170,20170,850,Monedero
982,1287672,Coronel,Concepcion,20076,L2,V1,2026-02-08 16:24:45,2026-02-08 17:32:06,CW→CC,2026-02-08,,20076,20076,880,Monedero
983,1287672,Concepcion,Coronel,20167,L2,V1,2026-02-08 19:49:27,2026-02-08 20:47:17,CC→CW,2026-02-08,,20167,20167,880,Monedero
984,1289100,Hito Galvarino,Lomas Coloradas,20152,L2,V1,2026-02-08 08:35:52,2026-02-08 08:56:24,CW→CC,2026-02-08,,20152,20152,610,Monedero
985,1289100,Diagonal Bio Bio,Lomas Coloradas,20161,L2,V1,2026-02-08 18:33:58,2026-02-08 18:49:29,CC→CW,2026-02-08,,20161,20161,510,Monedero
986,1289241,Concepcion,Alborada,20069,L2,V1,2026-02-08 15:55:20,2026-02-08 16:57:56,CC→CW,2026-02-08,combo_por_entrada,20069,20069,560,Monedero
987,1289246,Pedro Medina,Concepcion,20846,L1,V1,2026-02-08 17:16:08,2026-02-08 17:34:28,HQ→TH,2026-02-08,,20846,20846,510,Monedero
988,1289522,Concepcion,Los Canelos,20067,L2,V1,2026-02-08 15:20:56,2026-02-08 16:04:28,CC→CW,2026-02-08,,20067,20067,850,Monedero
989,1291429,Cristo Redentor,Diagonal Bio Bio,20058,L2,V1,2026-02-08 12:28:39,2026-02-08 13:05:39,CW→CC,2026-02-08,,20058,20056,680,Monedero
990,1291429,Diagonal Bio Bio,Cristo Redentor,20157,L2,V1,2026-02-08 17:26:04,2026-02-08 18:08:02,CC→CW,2026-02-08,,20157,,680,Monedero
991,1292108,Huinca,Concepcion,20066,L2,V1,2026-02-08 14:16:39,2026-02-08 15:23:58,CW→CC,2026-02-08,,20066,20066,850,Monedero
992,1292389,Cristo Redentor,Lomas Coloradas,20052,L2,V1,2026-02-08 11:10:46,2026-02-08 11:43:08,CW→CC,2026-02-08,,20052,20052,630,Monedero
993,1293747,Concepcion,Coronel,20063,L2,V1,2026-02-08 14:32:34,2026-02-08 15:21:12,CC→CW,2026-02-08,,20063,20063,880,Monedero
994,1295908,Los Canelos,Concepcion,20062,L2,V1,2026-02-08 13:47:07,2026-02-08 14:34:04,CW→CC,2026-02-08,,20062,20062,850,Monedero
995,1296308,Los Canelos,Concepcion,20062,L2,V1,2026-02-08 13:48:54,2026-02-08 14:32:53,CW→CC,2026-02-08,,20062,20062,850,Monedero
996,1298291,Concepcion,Laguna Quinenco,20059,L2,V1,2026-02-08 13:11:57,2026-02-08 14:00:45,CC→CW,2026-02-08,,20059,20059,880,Monedero
997,1298291,Laguna Quinenco,Concepcion,20170,L2,V1,2026-02-08 20:19:15,2026-02-08 21:02:52,CW→CC,2026-02-08,,20170,20170,880,Monedero
998,1299696,Los Canelos,Laguna Quinenco,20069,L2,V1,2026-02-08 17:17:34,2026-02-08 17:27:21,CC→CW,2026-02-08,,20069,20069,530,Monedero
999,1300267,Concepcion,El Parque,20063,L2,V1,2026-02-08 14:26:28,2026-02-08 14:55:16,CC→CW,2026-02-08,,20063,20063,570,Monedero
1000,1300267,Concepcion,Higueras,20846,L1,V1,2026-02-08 16:53:33,2026-02-08 17:51:20,HQ→TH,2026-02-08,combo_por_entrada,20846,20846,590,Monedero
1001,1300267,Concepcion,Higueras,20846,L1,V1,2026-02-08 16:53:39,2026-02-08 17:51:10,HQ→TH,2026-02-08,combo_por_entrada,20846,20846,590,Monedero
1002,1301230,Concepcion,Costa Mar,20167,L2,V1,2026-02-08 19:59:47,2026-02-08 20:17:48,CC→CW,2026-02-08,,20167,20167,570,Monedero
1003,1301599,Manquimavida,Lzo. Arenas,20846,L1,V1,2026-02-08 17:15:10,2026-02-08 17:39:47,HQ→TH,2026-02-08,,20846,20846,510,Monedero
1004,1302431,Laguna Quinenco,Concepcion,20166,L2,V1,2026-02-08 19:09:20,2026-02-08 20:01:06,CW→CC,2026-02-08,,20166,20166,880,Monedero
1005,1303456,Laguna Quinenco,Concepcion,20066,L2,V1,2026-02-08 14:41:05,2026-02-08 15:29:28,CW→CC,2026-02-08,,20066,20066,880,Monedero
1006,1303664,Concepcion,Los Canelos,20171,L2,V1,2026-02-08 20:57:12,2026-02-08 21:40:22,CC→CW,2026-02-08,,20171,,850,Monedero
1007,1303693,Coronel,Costa Mar,20076,L2,V1,2026-02-08 16:26:26,2026-02-08 17:14:16,CW→CC,2026-02-08,,20076,20076,650,Monedero
1008,1303693,El Parque,Los Canelos,20163,L2,V1,2026-02-08 19:08:07,2026-02-08 19:36:05,CC→CW,2026-02-08,,20163,20163,610,Monedero
1009,1305113,El Parque,Huinca,20171,L2,V1,2026-02-08 21:23:39,2026-02-08 21:40:54,CC→CW,2026-02-08,,20171,,630,Monedero
1010,1305332,Chiguayante,El Arenal,20880,L1,V1,2026-02-08 21:21:07,2026-02-08 23:06:04,HQ→TH,2026-02-08,,20880,20880,550,Monedero
1011,1305592,Concepcion,Huinca,20069,L2,V1,2026-02-08 15:47:07,2026-02-08 17:24:56,CC→CW,2026-02-08,combo_por_entrada,20069,20069,880,Monedero
1012,1305592,Huinca,Concepcion,20162,L2,V1,2026-02-08 18:14:46,2026-02-08 18:56:06,CW→CC,2026-02-08,,20162,20162,850,Monedero
1013,1305622,Concepcion,Coronel,20051,L2,V1,2026-02-08 11:45:34,2026-02-08 12:55:00,CC→CW,2026-02-08,,20051,20051,880,Monedero
1014,1305755,Concepcion,Cdal. Raul Silva Henriquez,20063,L2,V1,2026-02-08 14:30:24,2026-02-08 15:01:07,CC→CW,2026-02-08,,20063,20063,570,Monedero
1015,1305755,Cdal. Raul Silva Henriquez,Concepcion,20170,L2,V1,2026-02-08 20:29:08,2026-02-08 21:03:10,CW→CC,2026-02-08,,20170,20170,570,Monedero
1016,1307636,Cdal. Raul Silva Henriquez,Huinca,20161,L2,V1,2026-02-08 18:52:32,2026-02-08 19:07:34,CC→CW,2026-02-08,,20161,20161,630,Monedero
1017,1309438,Costa Mar,Cristo Redentor,20069,L2,V1,2026-02-08 16:55:36,2026-02-08 17:25:10,CC→CW,2026-02-08,,20069,20069,630,Monedero
1018,1309862,Cristo Redentor,Concepcion,20052,L2,V1,2026-02-08 11:18:25,2026-02-08 12:03:44,CW→CC,2026-02-08,,20052,20052,850,Monedero
1019,1309862,Mercado,Concepcion,20845,L1,V1,2026-02-08 15:46:10,2026-02-08 16:29:08,TH→HQ,2026-02-08,,20845,20845,540,Monedero
1020,1309862,Diagonal Bio Bio,Coronel,20161,L2,V1,2026-02-08 18:31:38,2026-02-08 19:14:30,CC→CW,2026-02-08,,20161,20161,790,Monedero
1021,1310652,Cristo Redentor,Concepcion,20062,L2,V1,2026-02-08 13:53:58,2026-02-08 14:34:50,CW→CC,2026-02-08,,20062,20062,850,Monedero
1022,1311766,Diagonal Bio Bio,Coronel,20035,L2,V1,2026-02-08 10:11:35,2026-02-08 10:47:23,CC→CW,2026-02-08,,20035,,790,Monedero
1023,1312239,Los Canelos,Concepcion,20066,L2,V1,2026-02-08 14:22:41,2026-02-08 15:24:52,CW→CC,2026-02-08,,20066,20066,850,Monedero
1024,1312519,Laguna Quinenco,Lomas Coloradas,20052,L2,V1,2026-02-08 11:16:24,2026-02-08 11:43:42,CW→CC,2026-02-08,,20052,20052,650,Monedero
1025,1312519,Laguna Quinenco,Lomas Coloradas,20052,L2,V1,2026-02-08 11:16:28,2026-02-08 11:43:40,CW→CC,2026-02-08,,20052,20052,650,Monedero
1026,1312935,Concepcion,El Parque,20069,L2,V1,2026-02-08 15:58:13,2026-02-08 17:05:58,CC→CW,2026-02-08,combo_por_entrada,20069,20069,590,Monedero
1027,1313076,Concepcion,Coronel,20171,L2,V1,2026-02-08 19:54:10,2026-02-08 21:48:29,CC→CW,2026-02-08,combo_por_entrada,20171,,910,Monedero
1028,1313865,Cristo Redentor,Concepcion,20166,L2,V1,2026-02-08 19:20:31,2026-02-08 19:59:35,CW→CC,2026-02-08,,20166,20166,850,Monedero
1029,1315843,Concepcion,Huinca,20161,L2,V1,2026-02-08 17:52:25,2026-02-08 19:05:13,CC→CW,2026-02-08,,20161,20161,850,Monedero
1030,1316015,Concepcion,Cristo Redentor,20167,L2,V1,2026-02-08 19:56:23,2026-02-08 20:41:26,CC→CW,2026-02-08,,20167,20167,850,Monedero
1031,1316016,Los Canelos,Hito Galvarino,20170,L2,V1,2026-02-08 20:15:30,2026-02-08 20:30:59,CW→CC,2026-02-08,,20170,20170,440,Monedero
1032,1316193,Concepcion,Concepcion,,,N/A,2026-02-08 15:21:44,2026-02-08 15:23:08,,2026-02-08,no viajo,,,420,Monedero
1033,1316412,Costa Mar,Diagonal Bio Bio,20162,L2,V1,2026-02-08 18:34:21,2026-02-08 18:49:58,CW→CC,2026-02-08,,20162,20162,510,Monedero
1034,1317317,Coronel,El Parque,20050,L2,V1,2026-02-08 10:21:42,2026-02-08 11:22:31,CW→CC,2026-02-08,,20050,20050,650,Monedero
1035,1317317,El Parque,Coronel,20059,L2,V1,2026-02-08 13:23:49,2026-02-08 14:04:51,CC→CW,2026-02-08,,20059,20059,650,Monedero
1036,1317839,Los Canelos,Hito Galvarino,20156,L2,V1,2026-02-08 09:10:48,2026-02-08 09:30:51,CW→CC,2026-02-08,,20156,20156,440,Monedero
1037,1317843,Los Canelos,Hito Galvarino,20156,L2,V1,2026-02-08 09:10:45,2026-02-08 09:30:49,CW→CC,2026-02-08,,20156,20156,440,Monedero
1038,1318284,Diagonal Bio Bio,Cristo Redentor,20161,L2,V1,2026-02-08 18:38:03,2026-02-08 19:08:26,CC→CW,2026-02-08,,20161,20161,680,Monedero
1039,1318308,Laguna Quinenco,Costa Mar,20062,L2,V1,2026-02-08 13:25:42,2026-02-08 14:19:20,CW→CC,2026-02-08,,20062,20062,650,Monedero
1040,1319061,Concepcion,La Leonera,20847,L1,V1,2026-02-08 20:23:39,2026-02-08 20:49:30,TH→HQ,2026-02-08,,20847,20847,510,Monedero
1041,1319504,Cdal. Raul Silva Henriquez,Laguna Quinenco,20153,L2,V1,2026-02-08 09:35:49,2026-02-08 09:59:45,CC→CW,2026-02-08,,20153,20153,650,Monedero
1042,1319504,Laguna Quinenco,Cdal. Raul Silva Henriquez,20170,L2,V1,2026-02-08 19:57:48,2026-02-08 20:36:22,CW→CC,2026-02-08,,20170,20170,650,Monedero
1043,1320272,Laguna Quinenco,Lomas Coloradas,20170,L2,V1,2026-02-08 19:53:32,2026-02-08 20:41:41,CW→CC,2026-02-08,,20170,20170,650,Monedero
1044,1320276,Coronel,Concepcion,20162,L2,V1,2026-02-08 18:01:24,2026-02-08 19:00:23,CW→CC,2026-02-08,,20162,20162,880,Monedero
1045,1321475,Cdal. Raul Silva Henriquez,Concepcion,20062,L2,V1,2026-02-08 14:01:14,2026-02-08 14:32:34,CW→CC,2026-02-08,,20062,20062,570,Monedero
1046,1325330,Coronel,Concepcion,20062,L2,V1,2026-02-08 13:40:12,2026-02-08 14:34:21,CW→CC,2026-02-08,,20062,20062,880,Monedero
1047,1325330,Concepcion,El Parque,20161,L2,V1,2026-02-08 18:23:41,2026-02-08 18:48:50,CC→CW,2026-02-08,,20161,20161,570,Monedero
1048,1325330,El Parque,Costa Mar,20166,L2,V1,2026-02-08 19:37:51,2026-02-08 19:47:03,CW→CC,2026-02-08,,20166,20166,430,Monedero
1049,1325336,Costa Mar,Diagonal Bio Bio,20162,L2,V1,2026-02-08 18:34:18,2026-02-08 18:50:00,CW→CC,2026-02-08,,20162,20162,510,Monedero
1050,1325785,Costa Mar,Laguna Quinenco,20063,L2,V1,2026-02-08 14:40:43,2026-02-08 15:17:36,CC→CW,2026-02-08,,20063,20063,650,Monedero
1051,1325785,Costa Mar,Laguna Quinenco,20063,L2,V1,2026-02-08 14:40:47,2026-02-08 15:17:26,CC→CW,2026-02-08,,20063,20063,650,Monedero
1052,1325785,Laguna Quinenco,Costa Mar,20170,L2,V1,2026-02-08 20:12:52,2026-02-08 20:46:37,CW→CC,2026-02-08,,20170,20170,650,Monedero
1053,1325785,Laguna Quinenco,Costa Mar,20170,L2,V1,2026-02-08 20:12:55,2026-02-08 20:46:21,CW→CC,2026-02-08,,20170,20170,650,Monedero
1054,1327381,Laguna Quinenco,Diagonal Bio Bio,20152,L2,V1,2026-02-08 08:21:07,2026-02-08 09:07:03,CW→CC,2026-02-08,,20152,20152,790,Monedero
1055,1327381,Diagonal Bio Bio,Laguna Quinenco,20053,L2,V1,2026-02-08 12:10:20,2026-02-08 12:51:08,CC→CW,2026-02-08,,20053,20053,790,Monedero
1056,1327543,Cdal. Raul Silva Henriquez,Diagonal Bio Bio,20058,L2,V1,2026-02-08 12:46:44,2026-02-08 13:06:00,CW→CC,2026-02-08,,20058,20058,510,Monedero
1057,1328052,Concepcion,Cdal. Raul Silva Henriquez,20035,L2,V1,2026-02-08 09:44:17,2026-02-08 10:28:10,CC→CW,2026-02-08,,20035,,570,Monedero
1058,1328282,Concepcion,Laguna Quinenco,20157,L2,V1,2026-02-08 17:23:59,2026-02-08 18:11:29,CC→CW,2026-02-08,,20157,,880,Monedero
1059,1328975,Diagonal Bio Bio,Coronel,20035,L2,V1,2026-02-08 10:11:35,2026-02-08 10:47:16,CC→CW,2026-02-08,,20035,,790,Monedero
1060,1329604,Concepcion,Los Canelos,20171,L2,V1,2026-02-08 20:56:54,2026-02-08 21:38:30,CC→CW,2026-02-08,,20171,,850,Monedero
1061,1330090,Concepcion,Huinca,20059,L2,V1,2026-02-08 12:39:03,2026-02-08 13:56:08,CC→CW,2026-02-08,,20059,20059,850,Monedero
1062,1332787,Juan Pablo II,Cdal. Raul Silva Henriquez,20063,L2,V1,2026-02-08 14:33:39,2026-02-08 15:00:32,CC→CW,2026-02-08,,20063,20063,510,Monedero
1063,1332989,Laguna Quinenco,Hito Galvarino,20162,L2,V1,2026-02-08 18:06:56,2026-02-08 18:30:30,CW→CC,2026-02-08,,20162,20162,530,Monedero
1064,1333156,Concepcion,Coronel,20041,L2,V1,2026-02-08 10:28:19,2026-02-08 11:13:51,CC→CW,2026-02-08,,20041,20041,880,Monedero
1065,1333156,Coronel,Concepcion,20160,L2,V1,2026-02-08 17:33:25,2026-02-08 18:29:49,CW→CC,2026-02-08,,20160,20160,880,Monedero
1066,1333156,Coronel,Concepcion,20160,L2,V1,2026-02-08 17:33:49,2026-02-08 18:29:43,CW→CC,2026-02-08,,20160,20160,880,Monedero
1067,1333729,UTF Santa Maria,Chiguayante,20847,L1,V1,2026-02-08 20:10:29,2026-02-08 20:40:11,TH→HQ,2026-02-08,,20847,20847,540,Monedero
1068,1334047,Costa Mar,Hito Galvarino,20167,L2,V1,2026-02-08 20:12:07,2026-02-08 20:32:32,CC→CW,2026-02-08,,20167,20167,610,Monedero
1069,1335771,El Parque,Cristo Redentor,20063,L2,V1,2026-02-08 14:45:48,2026-02-08 15:15:39,CC→CW,2026-02-08,,20063,20063,630,Monedero
1070,1335776,UTF Santa Maria,Hualqui,20881,L1,V1,2026-02-08 07:46:38,2026-02-08 08:39:07,TH→HQ,2026-02-08,,20881,20881,560,Monedero
1071,1336352,Cdal. Raul Silva Henriquez,Diagonal Bio Bio,20050,L2,V1,2026-02-08 11:06:09,2026-02-08 11:29:24,CW→CC,2026-02-08,,20050,20050,510,Monedero
1072,1336352,Cdal. Raul Silva Henriquez,Concepcion,20068,L2,V1,2026-02-08 15:57:03,2026-02-08 16:24:37,CW→CC,2026-02-08,,20068,20068,570,Monedero
1073,1336352,Cdal. Raul Silva Henriquez,Concepcion,20068,L2,V1,2026-02-08 15:57:09,2026-02-08 16:24:34,CW→CC,2026-02-08,,20068,20068,570,Monedero
1074,1336352,Concepcion,Cdal. Raul Silva Henriquez,20167,L2,V1,2026-02-08 19:47:20,2026-02-08 20:26:41,CC→CW,2026-02-08,,20167,20167,570,Monedero
1075,1336352,Concepcion,Cdal. Raul Silva Henriquez,20167,L2,V1,2026-02-08 19:47:23,2026-02-08 20:26:19,CC→CW,2026-02-08,,20167,20167,570,Monedero
1076,1337826,Cdal. Raul Silva Henriquez,Huinca,20049,L2,V1,2026-02-08 11:28:13,2026-02-08 12:06:13,CC→CW,2026-02-08,,20049,20049,630,Monedero
1077,1338713,Concepcion,Laguna Quinenco,20063,L2,V1,2026-02-08 14:16:10,2026-02-08 15:18:45,CC→CW,2026-02-08,,20063,20063,880,Monedero
1078,1339034,Concepcion,Los Canelos,20163,L2,V1,2026-02-08 18:51:27,2026-02-08 19:36:37,CC→CW,2026-02-08,,20163,20163,850,Monedero
1079,1340222,Concepcion,Cristo Redentor,20041,L2,V1,2026-02-08 10:20:55,2026-02-08 11:08:29,CC→CW,2026-02-08,,20041,20041,850,Monedero
1080,1341402,Los Canelos,Concepcion,20066,L2,V1,2026-02-08 14:28:52,2026-02-08 15:30:55,CW→CC,2026-02-08,,20066,20066,850,Monedero
1081,1341402,Los Canelos,Concepcion,20066,L2,V1,2026-02-08 14:29:10,2026-02-08 15:30:48,CW→CC,2026-02-08,,20066,20066,850,Monedero
1082,1341402,Los Canelos,Concepcion,20066,L2,V1,2026-02-08 14:29:14,2026-02-08 15:30:38,CW→CC,2026-02-08,,20066,20066,850,Monedero
1083,1341402,Concepcion,Los Canelos,20171,L2,V1,2026-02-08 20:12:11,2026-02-08 21:40:51,CC→CW,2026-02-08,,20171,,850,Monedero
1084,1341402,Concepcion,Los Canelos,20171,L2,V1,2026-02-08 20:12:28,2026-02-08 21:40:34,CC→CW,2026-02-08,,20171,,850,Monedero
1085,1341402,Concepcion,Los Canelos,20171,L2,V1,2026-02-08 20:12:33,2026-02-08 21:40:29,CC→CW,2026-02-08,,20171,,850,Monedero
1086,1342684,Cdal. Raul Silva Henriquez,Concepcion,20160,L2,V1,2026-02-08 17:56:24,2026-02-08 18:29:13,CW→CC,2026-02-08,,20160,20160,570,Monedero
1087,1343052,Los Canelos,Concepcion,20066,L2,V1,2026-02-08 14:43:22,2026-02-08 15:26:09,CW→CC,2026-02-08,,20066,20066,850,Monedero
1088,1343052,Juan Pablo II,Los Canelos,20167,L2,V1,2026-02-08 20:01:39,2026-02-08 20:38:11,CC→CW,2026-02-08,,20167,20167,650,Monedero
1089,1343489,Concepcion,Coronel,20041,L2,V1,2026-02-08 10:20:55,2026-02-08 11:13:49,CC→CW,2026-02-08,,20041,20041,880,Monedero
1090,1343491,Lomas Coloradas,Concepcion,20160,L2,V1,2026-02-08 17:58:17,2026-02-08 18:28:16,CW→CC,2026-02-08,,20160,20160,570,Monedero
1091,1343491,Lomas Coloradas,Concepcion,,,N/A,2026-02-08 17:58:19,2026-02-08 18:11:17,,2026-02-08,sin_combo_factible_en_hub|sin_s1_factible_retro,,,570,Monedero
1092,1344633,Concepcion,Laguna Quinenco,20063,L2,V1,2026-02-08 14:24:35,2026-02-08 15:18:01,CC→CW,2026-02-08,,20063,20063,880,Monedero
1093,1344633,Laguna Quinenco,Concepcion,20160,L2,V1,2026-02-08 17:36:00,2026-02-08 18:28:12,CW→CC,2026-02-08,,20160,20160,880,Monedero
1094,1345043,Cristo Redentor,Laguna Quinenco,20053,L2,V1,2026-02-08 12:32:02,2026-02-08 12:51:41,CC→CW,2026-02-08,,20053,20053,450,Monedero
1095,1345043,Laguna Quinenco,Los Canelos,20062,L2,V1,2026-02-08 13:27:07,2026-02-08 14:01:02,CW→CC,2026-02-08,,20062,20062,530,Monedero
1096,1345057,Concepcion,Alborada,20171,L2,V1,2026-02-08 20:50:38,2026-02-08 21:20:31,CC→CW,2026-02-08,,20171,,570,Monedero
1097,1345538,Higueras,Concepcion,20859,L1,V1,2026-02-08 12:18:45,2026-02-08 12:55:41,TH→HQ,2026-02-08,,20859,20859,500,Monedero
1098,1345544,Coronel,El Parque,20062,L2,V1,2026-02-08 13:47:03,2026-02-08 14:16:52,CW→CC,2026-02-08,,20062,20062,650,Monedero
1099,1346167,UTF Santa Maria,Hualqui,20847,L1,V1,2026-02-08 20:07:04,2026-02-08 21:01:57,TH→HQ,2026-02-08,,20847,20847,560,Monedero
1100,1346338,Costa Mar,Cdal. Raul Silva Henriquez,20069,L2,V1,2026-02-08 16:52:50,2026-02-08 17:09:43,CC→CW,2026-02-08,,20069,20069,430,Monedero
1101,1347992,Cdal. Raul Silva Henriquez,Huinca,20053,L2,V1,2026-02-08 12:32:43,2026-02-08 12:45:54,CC→CW,2026-02-08,,20053,20053,630,Monedero
1102,1348263,Laguna Quinenco,Cdal. Raul Silva Henriquez,20170,L2,V1,2026-02-08 20:13:33,2026-02-08 20:37:09,CW→CC,2026-02-08,,20170,20170,650,Monedero
1103,1348654,Concepcion,Coronel,20161,L2,V1,2026-02-08 17:37:01,2026-02-08 19:13:34,CC→CW,2026-02-08,,20161,20157,880,Monedero
1104,1348974,Costa Mar,Lomas Coloradas,20067,L2,V1,2026-02-08 15:36:09,2026-02-08 15:49:52,CC→CW,2026-02-08,,20067,,430,Monedero
1105,1349392,Concepcion,Lomas Coloradas,20171,L2,V1,2026-02-08 21:02:53,2026-02-08 21:28:08,CC→CW,2026-02-08,,20171,20171,570,Monedero
1106,1349406,Los Canelos,Concepcion,20062,L2,V1,2026-02-08 13:51:32,2026-02-08 14:33:51,CW→CC,2026-02-08,,20062,20062,850,Monedero
1107,1349406,Concepcion,Los Canelos,20167,L2,V1,2026-02-08 19:28:14,2026-02-08 20:36:22,CC→CW,2026-02-08,,20167,20167,850,Monedero
1108,1349936,Concepcion,El Arenal,20848,L1,V2,2026-02-08 21:05:38,2026-02-08 21:27:46,,2026-02-08,sin_combo_factible_en_hub|sin_s1_factible_retro,,20848,540,Monedero
1109,1350787,El Arenal,Concepcion,20859,L1,V1,2026-02-08 12:26:38,2026-02-08 12:55:28,TH→HQ,2026-02-08,,20859,20859,540,Monedero
1110,1350851,Coronel,Lomas Coloradas,20062,L2,V1,2026-02-08 13:40:36,2026-02-08 14:13:40,CW→CC,2026-02-08,,20062,20062,650,Monedero
1111,1351020,Concepcion,El Parque,20051,L2,V1,2026-02-08 11:40:11,2026-02-08 12:01:36,CC→CW,2026-02-08,,20051,20051,570,Monedero
1112,1351020,El Parque,Concepcion,20056,L2,V1,2026-02-08 12:29:33,2026-02-08 13:04:24,CW→CC,2026-02-08,,20056,20056,570,Monedero
1113,1351054,Concepcion,Hualqui,20847,L1,V1,2026-02-08 19:19:56,2026-02-08 21:01:22,TH→HQ,2026-02-08,combo_por_entrada,20847,20847,960,Monedero
1114,1352327,Los Canelos,Concepcion,20052,L2,V1,2026-02-08 11:21:57,2026-02-08 12:02:50,CW→CC,2026-02-08,,20052,20052,850,Monedero
1115,1352483,Cdal. Raul Silva Henriquez,Concepcion,20058,L2,V1,2026-02-08 12:41:38,2026-02-08 13:15:11,CW→CC,2026-02-08,,20058,20056,570,Monedero
1116,1353180,Higueras,Concepcion,20845,L1,V1,2026-02-08 15:46:16,2026-02-08 16:26:22,TH→HQ,2026-02-08,,20845,20845,500,Monedero
1117,1353183,Concepcion,Laguna Quinenco,20063,L2,V1,2026-02-08 14:37:05,2026-02-08 15:17:46,CC→CW,2026-02-08,,20063,20063,880,Monedero
1118,1353195,El Parque,Laguna Quinenco,20067,L2,V1,2026-02-08 15:32:22,2026-02-08 16:11:01,CC→CW,2026-02-08,,20067,20067,650,Monedero
1119,1353195,El Parque,Laguna Quinenco,20067,L2,V1,2026-02-08 15:32:27,2026-02-08 16:10:55,CC→CW,2026-02-08,,20067,20067,650,Monedero
1120,1354004,Lomas Coloradas,Los Canelos,20035,L2,V1,2026-02-08 09:44:37,2026-02-08 10:37:38,CC→CW,2026-02-08,,20035,20153,610,Monedero
1121,1354165,Coronel,Concepcion,20166,L2,V1,2026-02-08 18:51:35,2026-02-08 20:01:21,CW→CC,2026-02-08,,20166,20166,880,Monedero
1122,1354604,Concepcion,Laguna Quinenco,20157,L2,V1,2026-02-08 17:06:43,2026-02-08 18:10:54,CC→CW,2026-02-08,,20157,,880,Monedero
1123,1355428,Cristo Redentor,Concepcion,20062,L2,V1,2026-02-08 13:54:56,2026-02-08 14:33:33,CW→CC,2026-02-08,,20062,20062,850,Monedero
1124,1355444,Concepcion,Los Condores,20844,L1,V1,2026-02-08 12:28:26,2026-02-08 13:08:39,HQ→TH,2026-02-08,,20844,20844,500,Monedero
1125,1355444,Los Condores,Concepcion,20845,L1,V1,2026-02-08 16:06:13,2026-02-08 16:26:25,TH→HQ,2026-02-08,,20845,20845,500,Monedero
1126,1356686,Coronel,Concepcion,20166,L2,V1,2026-02-08 19:12:28,2026-02-08 20:01:11,CW→CC,2026-02-08,,20166,20166,880,Monedero
1127,1356875,Concepcion,Laguna Quinenco,20157,L2,V1,2026-02-08 17:24:16,2026-02-08 18:11:20,CC→CW,2026-02-08,,20157,,880,Monedero
1128,1356879,Concepcion,Cdal. Raul Silva Henriquez,20153,L2,V1,2026-02-08 09:08:53,2026-02-08 09:42:35,CC→CW,2026-02-08,,20153,20153,570,Monedero
1129,1356879,Cdal. Raul Silva Henriquez,Concepcion,20166,L2,V1,2026-02-08 19:32:47,2026-02-08 20:02:00,CW→CC,2026-02-08,,20166,20166,570,Monedero
1130,1356887,Lomas Coloradas,Concepcion,20062,L2,V1,2026-02-08 13:47:25,2026-02-08 14:33:30,CW→CC,2026-02-08,,20062,20062,570,Monedero
1131,1358439,Coronel,Cristo Redentor,20076,L2,V1,2026-02-08 16:44:37,2026-02-08 16:54:09,CW→CC,2026-02-08,,20076,20076,450,Monedero
1132,1358473,Concepcion,Laguna Quinenco,20063,L2,V1,2026-02-08 14:35:40,2026-02-08 15:18:27,CC→CW,2026-02-08,,20063,20063,880,Monedero
1133,1358511,Costa Mar,Concepcion,20058,L2,V1,2026-02-08 12:59:27,2026-02-08 13:16:20,CW→CC,2026-02-08,,20058,20058,570,Monedero
1134,1360114,Lomas Coloradas,Concepcion,20166,L2,V1,2026-02-08 19:32:51,2026-02-08 20:00:40,CW→CC,2026-02-08,,20166,20166,570,Monedero
1135,1360114,Concepcion,Chiguayante,20847,L1,V1,2026-02-08 20:12:55,2026-02-08 20:40:14,TH→HQ,2026-02-08,,20847,20847,510,Monedero
1136,1360324,Costa Mar,Juan Pablo II,20062,L2,V1,2026-02-08 14:02:33,2026-02-08 14:26:31,CW→CC,2026-02-08,,20062,20062,510,Monedero
1137,1361809,Laguna Quinenco,Concepcion,20062,L2,V1,2026-02-08 13:47:36,2026-02-08 14:33:40,CW→CC,2026-02-08,,20062,20062,880,Monedero
1138,1361809,Concepcion,Laguna Quinenco,20157,L2,V1,2026-02-08 16:59:49,2026-02-08 18:10:52,CC→CW,2026-02-08,,20157,,880,Monedero
1139,1362769,Juan Pablo II,Cdal. Raul Silva Henriquez,20053,L2,V1,2026-02-08 12:11:27,2026-02-08 12:35:36,CC→CW,2026-02-08,,20053,20053,510,Monedero
1140,1362769,Juan Pablo II,Cdal. Raul Silva Henriquez,20053,L2,V1,2026-02-08 12:11:39,2026-02-08 12:35:21,CC→CW,2026-02-08,,20053,20053,510,Monedero
1141,1362941,El Parque,Concepcion,20076,L2,V1,2026-02-08 17:04:42,2026-02-08 17:31:01,CW→CC,2026-02-08,,20076,20076,570,Monedero
1142,1363465,Cdal. Raul Silva Henriquez,Concepcion,20062,L2,V1,2026-02-08 14:05:56,2026-02-08 14:33:28,CW→CC,2026-02-08,,20062,20062,570,Monedero
1143,1363465,Concepcion,Lomas Coloradas,20171,L2,V1,2026-02-08 20:58:39,2026-02-08 21:27:46,CC→CW,2026-02-08,,20171,,570,Monedero
1144,1363703,El Arenal,Hualqui,20857,L1,V1,2026-02-08 08:29:16,2026-02-08 09:34:22,TH→HQ,2026-02-08,,20857,20857,580,Monedero
1145,1363703,Hualqui,Mercado,20848,L1,V1,2026-02-08 20:03:42,2026-02-08 21:33:32,HQ→TH,2026-02-08,,20848,20848,580,Monedero
1146,1363704,El Arenal,Hualqui,20857,L1,V1,2026-02-08 08:28:26,2026-02-08 09:33:57,TH→HQ,2026-02-08,,20857,20857,580,Monedero
1147,1363704,Hualqui,Mercado,20848,L1,V1,2026-02-08 20:03:16,2026-02-08 21:32:47,HQ→TH,2026-02-08,,20848,20848,580,Monedero
1148,1363758,Alborada,El Parque,20153,L2,V1,2026-02-08 09:09:58,2026-02-08 09:37:36,CC→CW,2026-02-08,,20153,20153,510,Monedero
1149,1363758,El Parque,Alborada,20160,L2,V1,2026-02-08 17:46:10,2026-02-08 18:14:54,CW→CC,2026-02-08,,20160,20160,510,Monedero
1150,1363851,Concepcion,Lomas Coloradas,20063,L2,V1,2026-02-08 14:29:19,2026-02-08 14:57:26,CC→CW,2026-02-08,,20063,20063,570,Monedero
1151,1363965,Concepcion,Coronel,20059,L2,V1,2026-02-08 13:12:39,2026-02-08 14:04:55,CC→CW,2026-02-08,,20059,20059,880,Monedero
1152,1364133,Los Canelos,Coronel,20069,L2,V1,2026-02-08 17:02:57,2026-02-08 17:31:27,CC→CW,2026-02-08,,20069,20069,530,Monedero
1153,1364133,Coronel,Laguna Quinenco,20166,L2,V1,2026-02-08 19:18:10,2026-02-08 19:22:46,CW→CC,2026-02-08,,20166,20166,440,Monedero
1154,1364328,Cdal. Raul Silva Henriquez,Lomas Coloradas,20162,L2,V1,2026-02-08 18:11:12,2026-02-08 18:40:10,CW→CC,2026-02-08,,20162,20162,430,Monedero
1155,1364328,Lomas Coloradas,Cdal. Raul Silva Henriquez,20163,L2,V1,2026-02-08 19:14:56,2026-02-08 19:26:19,CC→CW,2026-02-08,,20163,20163,430,Monedero
1156,1364343,Lomas Coloradas,Cristo Redentor,20171,L2,V1,2026-02-08 21:19:57,2026-02-08 21:42:27,CC→CW,2026-02-08,,20171,,630,Monedero
1157,1364550,Cristo Redentor,Concepcion,20052,L2,V1,2026-02-08 11:18:36,2026-02-08 12:04:05,CW→CC,2026-02-08,,20052,20052,850,Monedero
1158,1365053,Huinca,Concepcion,20052,L2,V1,2026-02-08 11:26:49,2026-02-08 12:04:30,CW→CC,2026-02-08,,20052,20052,850,Monedero
1159,1365053,Concepcion,Huinca,20163,L2,V1,2026-02-08 18:36:07,2026-02-08 19:38:44,CC→CW,2026-02-08,,20163,20161,850,Monedero
1160,1365345,Laguna Quinenco,Concepcion,20170,L2,V1,2026-02-08 20:13:58,2026-02-08 21:03:00,CW→CC,2026-02-08,,20170,20170,880,Monedero
1161,1365471,Huinca,Concepcion,20170,L2,V1,2026-02-08 20:24:37,2026-02-08 21:01:26,CW→CC,2026-02-08,,20170,20170,850,Monedero
1162,1366917,Cristo Redentor,Los Canelos,20044,L2,V1,2026-02-08 10:03:49,2026-02-08 10:15:56,CW→CC,2026-02-08,,20044,20044,460,Monedero
1163,1366917,Los Canelos,Concepcion,20050,L2,V1,2026-02-08 11:04:26,2026-02-08 11:39:51,CW→CC,2026-02-08,,20050,20050,850,Monedero
1164,1366919,Cdal. Raul Silva Henriquez,Concepcion,20044,L2,V1,2026-02-08 10:23:39,2026-02-08 10:53:17,CW→CC,2026-02-08,,20044,20044,570,Monedero
1165,1366919,Concepcion,Cdal. Raul Silva Henriquez,20171,L2,V1,2026-02-08 20:34:51,2026-02-08 21:30:23,CC→CW,2026-02-08,,20171,,570,Monedero
1166,1367057,Cdal. Raul Silva Henriquez,El Parque,20152,L2,V1,2026-02-08 08:51:33,2026-02-08 08:59:06,CW→CC,2026-02-08,,20152,20152,430,Monedero
1167,1367187,Concepcion,Alborada,20069,L2,V1,2026-02-08 16:39:23,2026-02-08 16:57:40,CC→CW,2026-02-08,,20069,20069,570,Monedero
1168,1367381,Concepcion,UTF Santa Maria,20848,L1,V1,2026-02-08 20:54:13,2026-02-08 21:16:42,HQ→TH,2026-02-08,,20848,20848,500,Monedero
1169,1367779,Concepcion,Concepcion,,,N/A,2026-02-08 12:37:49,2026-02-08 12:59:48,,2026-02-08,no viajo,,,420,Monedero
1170,1367779,Concepcion,Costa Mar,20067,L2,V1,2026-02-08 15:21:23,2026-02-08 15:44:52,CC→CW,2026-02-08,,20067,,570,Monedero
1171,1368024,Concepcion,Huinca,20041,L2,V1,2026-02-08 10:25:16,2026-02-08 11:04:42,CC→CW,2026-02-08,,20041,20041,850,Monedero
1172,1368828,Juan Pablo II,Cristo Redentor,20149,L2,V1,2026-02-08 08:12:14,2026-02-08 09:09:09,CC→CW,2026-02-08,,20149,20149,680,Monedero
1173,1368841,Cristo Redentor,Concepcion,20160,L2,V1,2026-02-08 17:42:42,2026-02-08 18:27:40,CW→CC,2026-02-08,,20160,20160,850,Monedero
1174,1369689,Concepcion,Hito Galvarino,20161,L2,V1,2026-02-08 18:12:48,2026-02-08 18:59:40,CC→CW,2026-02-08,,20161,20161,850,Monedero
1175,1370016,Concepcion,Cdal. Raul Silva Henriquez,20063,L2,V1,2026-02-08 14:31:17,2026-02-08 15:00:18,CC→CW,2026-02-08,,20063,20063,570,Monedero
1176,1370016,Diagonal Bio Bio,Cdal. Raul Silva Henriquez,20171,L2,V1,2026-02-08 20:59:08,2026-02-08 21:30:39,CC→CW,2026-02-08,,20171,,510,Monedero
1177,1370160,Hito Galvarino,Diagonal Bio Bio,20066,L2,V1,2026-02-08 14:49:11,2026-02-08 15:13:44,CW→CC,2026-02-08,,20066,20062,650,Monedero
1178,1370464,Concepcion,Cdal. Raul Silva Henriquez,20059,L2,V1,2026-02-08 13:13:01,2026-02-08 13:43:16,CC→CW,2026-02-08,,20059,20059,570,Monedero
1179,1370467,Concepcion,Diagonal Bio Bio,20157,L2,V1,2026-02-08 17:16:16,2026-02-08 17:43:11,CC→CW,2026-02-08,,20157,20157,570,Monedero
1180,1370545,Higueras,La Leonera,20847,L1,V1,2026-02-08 20:01:46,2026-02-08 20:47:54,TH→HQ,2026-02-08,,20847,20847,540,Monedero
1181,1370668,Lomas Coloradas,Costa Mar,20170,L2,V1,2026-02-08 20:30:10,2026-02-08 20:45:51,CW→CC,2026-02-08,,20170,20170,430,Monedero
1182,1372472,Higueras,Hualqui,20845,L1,V1,2026-02-08 16:06:29,2026-02-08 17:03:35,TH→HQ,2026-02-08,,20845,20845,560,Monedero
1183,1372472,Higueras,Hualqui,20845,L1,V1,2026-02-08 16:06:38,2026-02-08 17:03:25,TH→HQ,2026-02-08,,20845,20845,560,Monedero
1184,1372472,Hualqui,Higueras,20848,L1,V1,2026-02-08 20:23:59,2026-02-08 21:25:21,HQ→TH,2026-02-08,,20848,20848,560,Monedero
1185,1372472,Hualqui,Higueras,20848,L1,V1,2026-02-08 20:24:32,2026-02-08 21:25:16,HQ→TH,2026-02-08,,20848,20848,560,Monedero
1186,1372490,Costa Mar,Laguna Quinenco,20149,L2,V1,2026-02-08 08:43:29,2026-02-08 09:11:58,CC→CW,2026-02-08,,20149,20149,650,Monedero
1187,1372996,Huinca,El Parque,20050,L2,V1,2026-02-08 10:53:40,2026-02-08 11:22:18,CW→CC,2026-02-08,,20050,20050,630,Monedero
1188,1373226,Concepcion,El Parque,20153,L2,V1,2026-02-08 09:03:58,2026-02-08 09:36:29,CC→CW,2026-02-08,,20153,20153,570,Monedero
1189,1373226,El Parque,Concepcion,20076,L2,V1,2026-02-08 17:05:30,2026-02-08 17:32:59,CW→CC,2026-02-08,,20076,20076,570,Monedero
1190,1373364,Lomas Coloradas,Concepcion,20050,L2,V1,2026-02-08 11:00:37,2026-02-08 11:38:51,CW→CC,2026-02-08,,20050,20050,570,Monedero
1191,1373477,Alborada,Lomas Coloradas,20167,L2,V1,2026-02-08 20:12:06,2026-02-08 20:22:55,CC→CW,2026-02-08,,20167,20167,510,Monedero
1192,1374018,Concepcion,Cristo Redentor,20049,L2,V1,2026-02-08 11:16:42,2026-02-08 12:08:13,CC→CW,2026-02-08,,20049,20049,850,Monedero
1193,1374571,Concepcion,Coronel,20069,L2,V1,2026-02-08 15:58:30,2026-02-08 17:30:36,CC→CW,2026-02-08,,20069,20069,880,Monedero
1194,1374571,Coronel,Concepcion,20170,L2,V1,2026-02-08 19:54:55,2026-02-08 21:02:06,CW→CC,2026-02-08,,20170,20170,880,Monedero
1195,1375336,Concepcion,Los Canelos,20171,L2,V1,2026-02-08 20:25:12,2026-02-08 21:39:27,CC→CW,2026-02-08,,20171,,850,Monedero
1196,1375894,Huinca,Laguna Quinenco,20161,L2,V1,2026-02-08 18:53:59,2026-02-08 19:11:02,CC→CW,2026-02-08,,20161,20161,450,Monedero
1197,1376039,Coronel,Concepcion,20156,L2,V1,2026-02-08 09:01:57,2026-02-08 10:06:51,CW→CC,2026-02-08,,20156,20156,880,Monedero
1198,1376039,Coronel,Concepcion,20156,L2,V1,2026-02-08 09:02:03,2026-02-08 10:06:36,CW→CC,2026-02-08,,20156,20156,880,Monedero
1199,1376039,Coronel,Concepcion,20156,L2,V1,2026-02-08 09:02:08,2026-02-08 10:06:21,CW→CC,2026-02-08,,20156,20156,880,Monedero
1200,1376225,Concepcion,Coronel,20059,L2,V1,2026-02-08 13:14:42,2026-02-08 14:06:47,CC→CW,2026-02-08,,20059,20059,880,Monedero
1201,1376225,Concepcion,Coronel,20059,L2,V1,2026-02-08 13:14:47,2026-02-08 14:06:39,CC→CW,2026-02-08,,20059,20059,880,Monedero
1202,1376225,Concepcion,El Arenal,20848,L1,V1,2026-02-08 19:49:48,2026-02-08 21:29:07,HQ→TH,2026-02-08,match_por_salida_fallback,20848,20848,910,Monedero
1203,1376225,Concepcion,El Arenal,20848,L1,V1,2026-02-08 19:49:53,2026-02-08 21:29:03,HQ→TH,2026-02-08,match_por_salida_fallback,20848,20848,910,Monedero
1204,1376822,Coronel,Concepcion,20170,L2,V1,2026-02-08 19:47:20,2026-02-08 21:03:11,CW→CC,2026-02-08,,20170,20170,880,Monedero
1205,1376832,Concepcion,Cdal. Raul Silva Henriquez,20063,L2,V1,2026-02-08 14:15:40,2026-02-08 15:05:27,CC→CW,2026-02-08,,20063,20063,570,Monedero
1206,1377251,Concepcion,Lomas Coloradas,20059,L2,V1,2026-02-08 13:01:24,2026-02-08 13:40:19,CC→CW,2026-02-08,,20059,20059,570,Monedero
1207,1377251,Lomas Coloradas,Concepcion,20076,L2,V1,2026-02-08 16:52:51,2026-02-08 17:30:36,CW→CC,2026-02-08,,20076,20076,570,Monedero
1208,1377722,Concepcion,Costa Mar,20049,L2,V1,2026-02-08 11:19:34,2026-02-08 11:45:20,CC→CW,2026-02-08,,20049,20049,570,Monedero
1209,1378324,Concepcion,Los Canelos,20049,L2,V1,2026-02-08 11:08:24,2026-02-08 12:06:55,CC→CW,2026-02-08,,20049,20049,850,Monedero
1210,1378324,Concepcion,Los Canelos,20049,L2,V1,2026-02-08 11:08:32,2026-02-08 12:06:46,CC→CW,2026-02-08,,20049,20049,850,Monedero
1211,1378753,Concepcion,Concepcion,,,N/A,2026-02-08 17:57:51,2026-02-08 17:58:28,,2026-02-08,no viajo,,,420,Monedero
1212,1379956,La Leonera,Higueras,20850,L1,V1,2026-02-08 09:29:22,2026-02-08 10:21:21,HQ→TH,2026-02-08,,20850,20850,540,Monedero
1213,1379956,La Leonera,Higueras,20850,L1,V1,2026-02-08 09:29:35,2026-02-08 10:21:14,HQ→TH,2026-02-08,,20850,20850,540,Monedero
1214,1379961,La Leonera,Higueras,20850,L1,V1,2026-02-08 09:38:24,2026-02-08 10:21:11,HQ→TH,2026-02-08,,20850,20850,540,Monedero
1215,1380193,Concepcion,Lomas Coloradas,20163,L2,V1,2026-02-08 18:40:31,2026-02-08 19:22:49,CC→CW,2026-02-08,,20163,20163,570,Monedero
1216,1380394,El Parque,Concepcion,20170,L2,V1,2026-02-08 20:37:01,2026-02-08 21:01:04,CW→CC,2026-02-08,,20170,20170,570,Monedero
1217,1380737,Concepcion,Huinca,20063,L2,V1,2026-02-08 14:27:48,2026-02-08 15:12:39,CC→CW,2026-02-08,,20063,20063,850,Monedero
1218,1382642,Laguna Quinenco,Cristo Redentor,20058,L2,V1,2026-02-08 12:32:20,2026-02-08 12:38:09,CW→CC,2026-02-08,,20058,20058,450,Monedero
1219,1382642,Diagonal Bio Bio,Laguna Quinenco,20167,L2,V1,2026-02-08 20:06:08,2026-02-08 20:44:44,CC→CW,2026-02-08,,20167,20167,790,Monedero
1220,1382765,Juan Pablo II,Costa Mar,20167,L2,V1,2026-02-08 20:05:49,2026-02-08 20:17:39,CC→CW,2026-02-08,,20167,20167,510,Monedero
1221,1383100,Cdal. Raul Silva Henriquez,Diagonal Bio Bio,20058,L2,V1,2026-02-08 12:46:38,2026-02-08 13:05:53,CW→CC,2026-02-08,,20058,20058,510,Monedero
1222,1383109,Lomas Coloradas,Diagonal Bio Bio,20040,L2,V1,2026-02-08 09:59:21,2026-02-08 10:13:01,CW→CC,2026-02-08,,20040,20040,510,Monedero
1223,1384419,Huinca,Concepcion,20056,L2,V1,2026-02-08 12:09:18,2026-02-08 13:14:28,CW→CC,2026-02-08,,20056,20056,850,Monedero
1224,1384589,Los Condores,Chiguayante,20845,L1,V1,2026-02-08 16:11:24,2026-02-08 16:41:53,TH→HQ,2026-02-08,,20845,20845,540,Monedero
1225,1384802,Laguna Quinenco,Cristo Redentor,20066,L2,V1,2026-02-08 14:38:32,2026-02-08 14:48:56,CW→CC,2026-02-08,,20066,20066,450,Monedero
1226,1384802,Los Canelos,Laguna Quinenco,20069,L2,V1,2026-02-08 17:09:53,2026-02-08 17:27:34,CC→CW,2026-02-08,,20069,20069,530,Monedero
1227,1385241,Los Canelos,Concepcion,20066,L2,V1,2026-02-08 14:38:12,2026-02-08 15:23:34,CW→CC,2026-02-08,,20066,20066,850,Monedero
1228,1385241,Concepcion,El Parque,20069,L2,V1,2026-02-08 16:36:27,2026-02-08 17:04:16,CC→CW,2026-02-08,,20069,20069,570,Monedero
1229,1385241,El Parque,Los Canelos,20163,L2,V1,2026-02-08 19:00:33,2026-02-08 19:35:53,CC→CW,2026-02-08,,20163,20163,610,Monedero
1230,1385897,Concepcion,Alborada,20171,L2,V1,2026-02-08 20:46:31,2026-02-08 21:22:04,CC→CW,2026-02-08,combo_relajado_pase1,20171,20848,590,Monedero
1231,1387475,Juan Pablo II,Coronel,20153,L2,V1,2026-02-08 09:16:53,2026-02-08 10:02:50,CC→CW,2026-02-08,,20153,20153,790,Monedero
1232,1388082,Lomas Coloradas,Concepcion,20068,L2,V1,2026-02-08 15:57:51,2026-02-08 16:24:53,CW→CC,2026-02-08,,20068,20068,570,Monedero
1233,1388082,Juan Pablo II,Lomas Coloradas,20171,L2,V1,2026-02-08 20:54:27,2026-02-08 21:27:17,CC→CW,2026-02-08,,20171,20167,510,Monedero
1234,1388410,Lomas Coloradas,Diagonal Bio Bio,20152,L2,V1,2026-02-08 08:44:24,2026-02-08 09:06:27,CW→CC,2026-02-08,,20152,20152,510,Monedero
1235,1389627,Concepcion,Cristo Redentor,20171,L2,V1,2026-02-08 20:56:10,2026-02-08 21:42:24,CC→CW,2026-02-08,,20171,,850,Monedero
1236,1391128,Coronel,Concepcion,20162,L2,V1,2026-02-08 18:11:39,2026-02-08 18:59:02,CW→CC,2026-02-08,,20162,20162,880,Monedero
1237,1391953,Concepcion,Cristo Redentor,20171,L2,V1,2026-02-08 20:22:00,2026-02-08 21:43:06,CC→CW,2026-02-08,,20171,,850,Monedero
1238,1392102,Concepcion,Hito Galvarino,20063,L2,V1,2026-02-08 14:29:47,2026-02-08 15:06:33,CC→CW,2026-02-08,,20063,20063,850,Monedero
1239,1392108,Concepcion,Hito Galvarino,20063,L2,V1,2026-02-08 14:29:28,2026-02-08 15:06:34,CC→CW,2026-02-08,,20063,20063,850,Monedero
1240,1392113,Lzo. Arenas,Chiguayante,20857,L1,V1,2026-02-08 08:47:25,2026-02-08 09:09:58,TH→HQ,2026-02-08,,20857,20857,510,Monedero
1241,1392117,Diagonal Bio Bio,Cdal. Raul Silva Henriquez,20167,L2,V1,2026-02-08 20:05:23,2026-02-08 20:26:04,CC→CW,2026-02-08,,20167,20167,510,Monedero
1242,1394030,Laguna Quinenco,Cdal. Raul Silva Henriquez,20166,L2,V1,2026-02-08 19:15:42,2026-02-08 19:38:43,CW→CC,2026-02-08,,20166,20166,650,Monedero
1243,1394811,Huinca,Concepcion,20170,L2,V1,2026-02-08 20:11:46,2026-02-08 21:04:02,CW→CC,2026-02-08,,20170,20170,850,Monedero
1244,1394839,Higueras,Chiguayante,20845,L1,V1,2026-02-08 15:57:35,2026-02-08 16:40:28,TH→HQ,2026-02-08,,20845,20845,540,Monedero
1245,1394839,Higueras,Chiguayante,20845,L1,V1,2026-02-08 15:57:40,2026-02-08 16:40:23,TH→HQ,2026-02-08,,20845,20845,540,Monedero
1246,1395510,Concepcion,Costa Mar,20035,L2,V1,2026-02-08 10:00:42,2026-02-08 10:20:38,CC→CW,2026-02-08,,20035,,570,Monedero
1247,1395510,Costa Mar,Concepcion,20170,L2,V1,2026-02-08 19:50:16,2026-02-08 21:00:24,CW→CC,2026-02-08,,20170,20166,570,Monedero
1248,1395523,Coronel,Diagonal Bio Bio,20160,L2,V1,2026-02-08 17:32:25,2026-02-08 18:17:15,CW→CC,2026-02-08,,20160,20160,790,Monedero
1249,1396956,Concepcion,Laguna Quinenco,20059,L2,V1,2026-02-08 12:29:42,2026-02-08 14:01:12,CC→CW,2026-02-08,,20059,20059,880,Monedero
1250,1396958,Concepcion,Laguna Quinenco,20059,L2,V1,2026-02-08 12:28:59,2026-02-08 14:01:09,CC→CW,2026-02-08,,20059,20059,880,Monedero
1251,1397675,Concepcion,Diagonal Bio Bio,20167,L2,V1,2026-02-08 19:36:04,2026-02-08 20:12:38,CC→CW,2026-02-08,,20167,20167,570,Monedero
1252,1397675,Concepcion,Diagonal Bio Bio,20167,L2,V1,2026-02-08 19:36:26,2026-02-08 20:12:33,CC→CW,2026-02-08,,20167,20167,570,Monedero
1253,1398117,Concepcion,Costa Mar,20167,L2,V1,2026-02-08 19:46:56,2026-02-08 20:17:09,CC→CW,2026-02-08,,20167,20167,570,Monedero
1254,1398133,Lomas Coloradas,Concepcion,20166,L2,V1,2026-02-08 19:34:37,2026-02-08 19:59:25,CW→CC,2026-02-08,,20166,20166,570,Monedero
1255,1398543,Cdal. Raul Silva Henriquez,Concepcion,20044,L2,V1,2026-02-08 10:23:55,2026-02-08 10:53:27,CW→CC,2026-02-08,,20044,20044,570,Monedero
1256,1398543,Concepcion,Cdal. Raul Silva Henriquez,20171,L2,V1,2026-02-08 20:35:29,2026-02-08 21:30:51,CC→CW,2026-02-08,,20171,,570,Monedero
1257,1398545,Cdal. Raul Silva Henriquez,Concepcion,20044,L2,V1,2026-02-08 10:23:19,2026-02-08 10:53:31,CW→CC,2026-02-08,,20044,20044,570,Monedero
1258,1398545,Concepcion,Cdal. Raul Silva Henriquez,20171,L2,V1,2026-02-08 20:35:22,2026-02-08 21:31:34,CC→CW,2026-02-08,,20171,20171,570,Monedero
1259,1398545,Concepcion,Cdal. Raul Silva Henriquez,20171,L2,V1,2026-02-08 20:35:27,2026-02-08 21:30:42,CC→CW,2026-02-08,,20171,,570,Monedero
1260,1399512,Coronel,Concepcion,20066,L2,V1,2026-02-08 14:36:19,2026-02-08 15:23:37,CW→CC,2026-02-08,,20066,20066,880,Monedero
1261,1399518,Coronel,Concepcion,20066,L2,V1,2026-02-08 14:36:20,2026-02-08 15:23:42,CW→CC,2026-02-08,,20066,20066,880,Monedero
1262,1399944,Coronel,Concepcion,20068,L2,V1,2026-02-08 15:34:07,2026-02-08 16:23:41,CW→CC,2026-02-08,,20068,20068,880,Monedero
1263,1399944,Concepcion,Coronel,,,N/A,2026-02-08 20:58:57,2026-02-08 21:47:46,,2026-02-08,sin_combo_factible_en_hub|sin_s1_factible_retro,,,880,Monedero
1264,1400118,Concepcion,Costa Mar,20171,L2,V1,2026-02-08 20:32:59,2026-02-08 21:23:03,CC→CW,2026-02-08,match_por_salida_fallback,20171,20171,590,Monedero
1265,1400476,Coronel,Concepcion,20058,L2,V1,2026-02-08 12:28:15,2026-02-08 13:14:58,CW→CC,2026-02-08,,20058,20058,880,Monedero
1266,1400482,Costa Mar,Concepcion,20156,L2,V1,2026-02-08 09:35:19,2026-02-08 10:01:59,CW→CC,2026-02-08,,20156,20156,570,Monedero
1267,1400482,Concepcion,Costa Mar,20157,L2,V2,2026-02-08 17:34:04,2026-02-08 17:48:22,,2026-02-08,sin_combo_factible_en_hub|sin_s1_factible_retro,,20157,570,Monedero
1268,1400625,El Parque,Costa Mar,20056,L2,V1,2026-02-08 12:33:01,2026-02-08 12:47:30,CW→CC,2026-02-08,,20056,20056,430,Monedero
1269,1400625,Costa Mar,El Parque,20059,L2,V1,2026-02-08 13:33:31,2026-02-08 13:39:12,CC→CW,2026-02-08,,20059,20059,430,Monedero
1270,1400779,Coronel,Juan Pablo II,20166,L2,V1,2026-02-08 19:09:44,2026-02-08 19:52:51,CW→CC,2026-02-08,,20166,20162,790,Monedero
1271,1400785,Concepcion,Laguna Quinenco,20059,L2,V1,2026-02-08 13:07:25,2026-02-08 14:00:36,CC→CW,2026-02-08,,20059,20059,880,Monedero
1272,1400785,Laguna Quinenco,Cristo Redentor,20160,L2,V1,2026-02-08 17:29:58,2026-02-08 17:51:49,CW→CC,2026-02-08,,20160,20160,450,Monedero
1273,1400785,Laguna Quinenco,Cristo Redentor,20160,L2,V1,2026-02-08 17:30:02,2026-02-08 17:51:45,CW→CC,2026-02-08,,20160,20160,450,Monedero
1274,1400785,Cristo Redentor,Laguna Quinenco,20161,L2,V1,2026-02-08 18:57:25,2026-02-08 19:11:13,CC→CW,2026-02-08,,20161,20161,450,Monedero
1275,1400785,Cristo Redentor,Laguna Quinenco,20161,L2,V1,2026-02-08 18:57:28,2026-02-08 19:11:05,CC→CW,2026-02-08,,20161,20161,450,Monedero
1276,1400930,Los Condores,Manquimavida,20847,L1,V1,2026-02-08 20:05:32,2026-02-08 20:46:17,TH→HQ,2026-02-08,,20847,20847,540,Monedero
1277,1400942,Hito Galvarino,Concepcion,20056,L2,V1,2026-02-08 12:21:56,2026-02-08 13:04:32,CW→CC,2026-02-08,,20056,20056,850,Monedero
1278,1401064,Cdal. Raul Silva Henriquez,Concepcion,20044,L2,V1,2026-02-08 10:24:22,2026-02-08 10:47:45,CW→CC,2026-02-08,,20044,20044,570,Monedero
1279,1401442,Concepcion,Hualqui,20847,L1,V1,2026-02-08 20:22:59,2026-02-08 21:01:42,TH→HQ,2026-02-08,,20847,20847,550,Monedero
1280,1402511,Concepcion,Coronel,20161,L2,V1,2026-02-08 18:15:12,2026-02-08 19:17:08,CC→CW,2026-02-08,,20161,20161,880,Monedero
1281,1402638,Hito Galvarino,Laguna Quinenco,20063,L2,V1,2026-02-08 15:02:27,2026-02-08 15:17:56,CC→CW,2026-02-08,,20063,20063,530,Monedero
1282,1403034,Coronel,Concepcion,20068,L2,V1,2026-02-08 15:33:50,2026-02-08 16:25:09,CW→CC,2026-02-08,,20068,20068,880,Monedero
1283,1403034,Concepcion,Coronel,20167,L2,V1,2026-02-08 19:56:53,2026-02-08 20:46:42,CC→CW,2026-02-08,,20167,20167,880,Monedero
1284,1403409,Higueras,Concepcion,20859,L1,V1,2026-02-08 12:31:34,2026-02-08 12:55:33,TH→HQ,2026-02-08,,20859,20859,500,Monedero
1285,1403409,Concepcion,Los Condores,20880,L1,V1,2026-02-08 21:18:57,2026-02-08 22:58:03,HQ→TH,2026-02-08,,20880,20880,500,Monedero
1286,1403562,Costa Mar,Laguna Quinenco,20049,L2,V1,2026-02-08 11:42:58,2026-02-08 12:11:40,CC→CW,2026-02-08,,20049,20049,650,Monedero
1287,1403562,Laguna Quinenco,Costa Mar,20170,L2,V1,2026-02-08 20:15:26,2026-02-08 20:46:39,CW→CC,2026-02-08,,20170,20170,650,Monedero
1288,1405036,Concepcion,Costa Mar,20167,L2,V1,2026-02-08 19:39:19,2026-02-08 20:16:55,CC→CW,2026-02-08,,20167,20167,570,Monedero
1289,1405052,Concepcion,Costa Mar,20167,L2,V1,2026-02-08 19:39:00,2026-02-08 20:16:57,CC→CW,2026-02-08,,20167,20167,570,Monedero
1290,1406285,Concepcion,Huinca,20153,L2,V1,2026-02-08 08:13:08,2026-02-08 09:54:11,CC→CW,2026-02-08,combo_por_entrada,20153,20153,900,Monedero
1291,1407432,Concepcion,Los Canelos,20149,L2,V1,2026-02-08 07:42:48,2026-02-08 09:05:11,CC→CW,2026-02-08,,20149,20149,850,Monedero
1292,1407601,Pedro Medina,El Arenal,20880,L1,V1,2026-02-08 21:09:59,2026-02-08 23:06:09,HQ→TH,2026-02-08,,20880,20880,550,Monedero
1293,1408920,Laguna Quinenco,El Parque,20040,L2,V1,2026-02-08 09:41:24,2026-02-08 10:06:09,CW→CC,2026-02-08,,20040,20040,650,Monedero
1294,1408920,El Parque,Cristo Redentor,20157,L2,V1,2026-02-08 17:42:56,2026-02-08 18:09:04,CC→CW,2026-02-08,,20157,,630,Monedero
1295,1409179,Diagonal Bio Bio,Coronel,20051,L2,V1,2026-02-08 11:57:49,2026-02-08 12:54:55,CC→CW,2026-02-08,,20051,20051,790,Monedero
1296,1409351,Coronel,Lomas Coloradas,20044,L2,V1,2026-02-08 09:51:07,2026-02-08 10:28:10,CW→CC,2026-02-08,,20044,20044,650,Monedero
1297,1409354,Costa Mar,Concepcion,20170,L2,V1,2026-02-08 20:40:36,2026-02-08 21:20:13,CW→CC,2026-02-08,match_por_salida_fallback,20170,20170,590,Monedero
1298,1409523,Huinca,Concepcion,,,N/A,2026-02-08 10:48:13,2026-02-08 11:21:17,,2026-02-08,sin_combo_factible_en_hub|sin_s1_factible_retro,,,850,Monedero
1299,1409523,Concepcion,Huinca,20161,L2,V1,2026-02-08 18:06:55,2026-02-08 19:06:15,CC→CW,2026-02-08,,20161,20161,850,Monedero
1300,1409532,Concepcion,Cristo Redentor,20035,L2,V1,2026-02-08 09:59:25,2026-02-08 10:41:51,CC→CW,2026-02-08,,20035,,850,Monedero
1301,1409707,Concepcion,Coronel,20069,L2,V1,2026-02-08 16:42:28,2026-02-08 17:30:25,CC→CW,2026-02-08,,20069,20069,880,Monedero
1302,1410150,Cristo Redentor,Los Canelos,20068,L2,V1,2026-02-08 15:41:59,2026-02-08 15:51:28,CW→CC,2026-02-08,,20068,20068,460,Monedero
1303,1410150,Cristo Redentor,Los Canelos,20170,L2,V1,2026-02-08 20:22:55,2026-02-08 20:28:55,CW→CC,2026-02-08,,20170,20170,460,Monedero
1304,1410415,Concepcion,Laguna Quinenco,20069,L2,V1,2026-02-08 16:39:12,2026-02-08 17:28:25,CC→CW,2026-02-08,,20069,20069,880,Monedero
1305,1410792,Cristo Redentor,Los Canelos,20044,L2,V1,2026-02-08 10:06:39,2026-02-08 10:15:17,CW→CC,2026-02-08,,20044,20044,460,Monedero
1306,1411038,Hito Galvarino,El Parque,20076,L2,V1,2026-02-08 16:57:49,2026-02-08 17:11:54,CW→CC,2026-02-08,,20076,20076,610,Monedero
1307,1411059,Cdal. Raul Silva Henriquez,Laguna Quinenco,20059,L2,V1,2026-02-08 13:35:59,2026-02-08 14:01:17,CC→CW,2026-02-08,,20059,20059,650,Monedero
1308,1411060,Concepcion,Coronel,20059,L2,V1,2026-02-08 11:54:55,2026-02-08 14:04:07,CC→CW,2026-02-08,combo_por_entrada,20059,20059,910,Monedero
1309,1411060,Coronel,Concepcion,20170,L2,V1,2026-02-08 18:57:13,2026-02-08 21:32:09,CW→CC,2026-02-08,match_por_salida_fallback,20170,20848,910,Monedero
1310,1411222,Concepcion,Concepcion,,,N/A,2026-02-08 18:55:46,2026-02-08 18:59:17,,2026-02-08,no viajo,,,420,Monedero
1311,1411222,Concepcion,Cristo Redentor,20167,L2,V1,2026-02-08 19:56:05,2026-02-08 20:40:14,CC→CW,2026-02-08,,20167,20167,850,Monedero
1312,1411255,Cristo Redentor,Los Canelos,20160,L2,V1,2026-02-08 17:47:17,2026-02-08 17:55:22,CW→CC,2026-02-08,,20160,20160,460,Monedero
1313,1411255,Los Canelos,Cristo Redentor,20157,L2,V1,2026-02-08 17:58:53,2026-02-08 18:08:35,CC→CW,2026-02-08,,20157,,460,Monedero
1314,1411433,Concepcion,Los Condores,20848,L1,V1,2026-02-08 19:47:12,2026-02-08 21:20:57,HQ→TH,2026-02-08,match_por_salida_fallback,20848,20848,590,Monedero
1315,1411437,Concepcion,Los Condores,20848,L1,V1,2026-02-08 19:47:26,2026-02-08 21:21:00,HQ→TH,2026-02-08,match_por_salida_fallback,20848,20848,590,Monedero
1316,1411440,La Leonera,UTF Santa Maria,20850,L1,V1,2026-02-08 09:34:31,2026-02-08 10:14:56,HQ→TH,2026-02-08,,20850,20850,540,Monedero
1317,1411440,Concepcion,Laguna Quinenco,20157,L2,V1,2026-02-08 17:04:18,2026-02-08 18:11:12,CC→CW,2026-02-08,,20157,,880,Monedero
1318,1411534,Cristo Redentor,Concepcion,20166,L2,V1,2026-02-08 19:17:33,2026-02-08 19:59:56,CW→CC,2026-02-08,,20166,20166,850,Monedero
1319,1411548,Los Canelos,Laguna Quinenco,20157,L2,V1,2026-02-08 18:00:37,2026-02-08 18:10:49,CC→CW,2026-02-08,,20157,,530,Monedero
1320,1411560,Lomas Coloradas,Concepcion,20066,L2,V1,2026-02-08 14:34:53,2026-02-08 15:25:03,CW→CC,2026-02-08,,20066,20066,570,Monedero
1321,1411560,Lomas Coloradas,Concepcion,20066,L2,V1,2026-02-08 14:35:21,2026-02-08 15:24:31,CW→CC,2026-02-08,,20066,20066,570,Monedero
1322,1411642,Lomas Coloradas,Concepcion,20076,L2,V1,2026-02-08 17:04:30,2026-02-08 17:30:28,CW→CC,2026-02-08,,20076,20076,570,Monedero
1323,1411642,Concepcion,Lomas Coloradas,20167,L2,V1,2026-02-08 19:31:46,2026-02-08 20:24:37,CC→CW,2026-02-08,,20167,20167,570,Monedero
1324,1411643,Concepcion,El Parque,20067,L2,V1,2026-02-08 15:28:08,2026-02-08 15:48:15,CC→CW,2026-02-08,,20067,20067,570,Monedero
1325,1411643,El Parque,Concepcion,20160,L2,V1,2026-02-08 17:48:39,2026-02-08 18:27:50,CW→CC,2026-02-08,,20160,20160,570,Monedero
1326,1412083,El Parque,Los Canelos,20171,L2,V1,2026-02-08 20:37:24,2026-02-08 21:40:05,CC→CW,2026-02-08,,20171,20166,610,Monedero
1327,1412416,Costa Mar,Huinca,20059,L2,V1,2026-02-08 13:09:04,2026-02-08 13:56:45,CC→CW,2026-02-08,,20059,20059,630,Monedero
1328,1412416,Huinca,Diagonal Bio Bio,20166,L2,V1,2026-02-08 19:04:18,2026-02-08 19:51:29,CW→CC,2026-02-08,,20166,20166,680,Monedero
1329,1412421,Costa Mar,Juan Pablo II,20044,L2,V1,2026-02-08 10:19:55,2026-02-08 10:41:31,CW→CC,2026-02-08,,20044,20044,510,Monedero
1330,1412638,Lomas Coloradas,Concepcion,20068,L2,V1,2026-02-08 15:52:56,2026-02-08 16:24:34,CW→CC,2026-02-08,,20068,20068,570,Monedero
1331,1412638,Lomas Coloradas,Concepcion,20068,L2,V1,2026-02-08 15:53:10,2026-02-08 16:24:29,CW→CC,2026-02-08,,20068,20068,570,Monedero
1332,1412653,Los Canelos,Juan Pablo II,20056,L2,V1,2026-02-08 12:09:38,2026-02-08 12:54:03,CW→CC,2026-02-08,,20056,20053,650,Monedero
1333,1412664,Diagonal Bio Bio,Cdal. Raul Silva Henriquez,20053,L2,V1,2026-02-08 12:19:08,2026-02-08 12:34:27,CC→CW,2026-02-08,,20053,20053,510,Monedero
1334,1413054,Concepcion,Coronel,20041,L2,V1,2026-02-08 10:20:43,2026-02-08 11:13:47,CC→CW,2026-02-08,,20041,20041,880,Monedero
1335,1413067,Concepcion,El Parque,20059,L2,V1,2026-02-08 13:08:11,2026-02-08 13:38:45,CC→CW,2026-02-08,,20059,20059,570,Monedero
1336,1413067,Concepcion,El Parque,20059,L2,V1,2026-02-08 13:08:38,2026-02-08 13:38:23,CC→CW,2026-02-08,,20059,20059,570,Monedero
1337,1413067,Cristo Redentor,Concepcion,20170,L2,V1,2026-02-08 19:37:29,2026-02-08 21:04:12,CW→CC,2026-02-08,,20170,20170,850,Monedero
1338,1413067,Cristo Redentor,Concepcion,20170,L2,V1,2026-02-08 19:37:47,2026-02-08 21:03:48,CW→CC,2026-02-08,,20170,20170,850,Monedero
1339,1413290,Cristo Redentor,Concepcion,20068,L2,V1,2026-02-08 14:54:45,2026-02-08 16:24:47,CW→CC,2026-02-08,,20068,20066,850,Monedero
1340,1413496,Costa Mar,Coronel,20049,L2,V1,2026-02-08 11:33:34,2026-02-08 12:14:52,CC→CW,2026-02-08,,20049,20049,650,Monedero
1341,1413525,Concepcion,Mercado,20844,L1,V1,2026-02-08 11:15:36,2026-02-08 13:19:06,HQ→TH,2026-02-08,combo_relajado_pase1,20844,20844,900,Monedero
1342,1413747,Cristo Redentor,Costa Mar,20058,L2,V1,2026-02-08 12:37:26,2026-02-08 13:00:33,CW→CC,2026-02-08,,20058,20058,630,Monedero
1343,1413795,Concepcion,El Parque,20059,L2,V1,2026-02-08 12:04:15,2026-02-08 13:39:05,CC→CW,2026-02-08,combo_por_entrada,20059,20059,590,Monedero
1344,1414026,Concepcion,Juan Pablo II,20063,L2,V1,2026-02-08 14:28:20,2026-02-08 14:44:18,CC→CW,2026-02-08,,20063,20063,570,Monedero
1345,1414443,Hito Galvarino,Huinca,20067,L2,V1,2026-02-08 15:41:32,2026-02-08 16:05:31,CC→CW,2026-02-08,,20067,20067,460,Monedero
1346,1414443,Huinca,Hito Galvarino,20076,L2,V1,2026-02-08 16:50:03,2026-02-08 16:59:08,CW→CC,2026-02-08,,20076,20076,460,Monedero
1347,1414449,Manquimavida,Hualqui,20847,L1,V1,2026-02-08 20:39:45,2026-02-08 21:03:02,TH→HQ,2026-02-08,,20847,20847,500,Monedero
1348,1414462,Concepcion,Lomas Coloradas,20035,L2,V1,2026-02-08 09:55:34,2026-02-08 10:25:22,CC→CW,2026-02-08,,20035,,570,Monedero
1349,1414462,Lomas Coloradas,Concepcion,20160,L2,V1,2026-02-08 17:43:23,2026-02-08 18:27:13,CW→CC,2026-02-08,,20160,20160,570,Monedero
1350,1414629,Concepcion,Costa Mar,20161,L2,V1,2026-02-08 17:52:41,2026-02-08 18:45:25,CC→CW,2026-02-08,,20161,20161,570,Monedero
1351,1415060,Los Canelos,Concepcion,20066,L2,V1,2026-02-08 14:44:24,2026-02-08 15:24:15,CW→CC,2026-02-08,,20066,20066,850,Monedero
1352,1415407,Concepcion,Diagonal Bio Bio,20053,L2,V1,2026-02-08 12:04:27,2026-02-08 12:19:38,CC→CW,2026-02-08,,20053,20053,570,Monedero
1353,1415610,Cristo Redentor,Juan Pablo II,20160,L2,V1,2026-02-08 17:16:57,2026-02-08 18:20:47,CW→CC,2026-02-08,,20160,20160,680,Monedero
1354,1415626,Diagonal Bio Bio,Hito Galvarino,20163,L2,V1,2026-02-08 19:10:38,2026-02-08 19:32:41,CC→CW,2026-02-08,,20163,20163,650,Monedero
1355,1415627,Cristo Redentor,Juan Pablo II,20160,L2,V1,2026-02-08 17:16:59,2026-02-08 18:21:09,CW→CC,2026-02-08,,20160,20160,680,Monedero
1356,1415627,Cristo Redentor,Juan Pablo II,20160,L2,V1,2026-02-08 17:17:06,2026-02-08 18:20:45,CW→CC,2026-02-08,,20160,20160,680,Monedero
1357,1415859,Hito Galvarino,Concepcion,20162,L2,V1,2026-02-08 18:13:29,2026-02-08 19:00:02,CW→CC,2026-02-08,,20162,20162,850,Monedero
1358,1416078,Costa Mar,Concepcion,20062,L2,V1,2026-02-08 14:00:37,2026-02-08 14:34:31,CW→CC,2026-02-08,,20062,20062,570,Monedero
1359,1416082,Costa Mar,Concepcion,20062,L2,V1,2026-02-08 14:01:20,2026-02-08 14:34:12,CW→CC,2026-02-08,,20062,20062,570,Monedero
1360,1416105,Cristo Redentor,Concepcion,20056,L2,V1,2026-02-08 12:23:41,2026-02-08 13:04:14,CW→CC,2026-02-08,,20056,20056,850,Monedero
1361,1416326,Lomas Coloradas,Concepcion,20160,L2,V1,2026-02-08 18:00:28,2026-02-08 18:27:37,CW→CC,2026-02-08,,20160,20160,570,Monedero
1362,1416326,Lomas Coloradas,Concepcion,20160,L2,V1,2026-02-08 18:00:34,2026-02-08 18:27:31,CW→CC,2026-02-08,,20160,20160,570,Monedero
1363,1416336,Hito Galvarino,Diagonal Bio Bio,20066,L2,V1,2026-02-08 14:49:07,2026-02-08 15:13:00,CW→CC,2026-02-08,,20066,20063,650,Monedero
1364,1416357,Concepcion,Laguna Quinenco,20049,L2,V1,2026-02-08 10:34:47,2026-02-08 12:11:19,CC→CW,2026-02-08,,20049,20041,880,Monedero
1365,1416357,Laguna Quinenco,Concepcion,20166,L2,V1,2026-02-08 19:09:22,2026-02-08 20:01:09,CW→CC,2026-02-08,,20166,20166,880,Monedero
1366,1416364,Los Canelos,Concepcion,20152,L2,V1,2026-02-08 08:37:42,2026-02-08 09:16:21,CW→CC,2026-02-08,,20152,20152,850,Monedero
1367,1416610,Cdal. Raul Silva Henriquez,Concepcion,20062,L2,V1,2026-02-08 13:53:49,2026-02-08 14:35:02,CW→CC,2026-02-08,,20062,20062,570,Monedero
1368,1416801,Concepcion,Laguna Quinenco,20059,L2,V1,2026-02-08 13:10:06,2026-02-08 14:01:40,CC→CW,2026-02-08,,20059,20059,880,Monedero
1369,1416801,Laguna Quinenco,Concepcion,20170,L2,V1,2026-02-08 20:05:03,2026-02-08 21:01:09,CW→CC,2026-02-08,,20170,20170,880,Monedero
1370,1416832,Concepcion,Coronel,20167,L2,V1,2026-02-08 19:18:53,2026-02-08 20:46:34,CC→CW,2026-02-08,,20167,20167,880,Monedero
1371,1416833,Hito Galvarino,Concepcion,20066,L2,V1,2026-02-08 14:49:05,2026-02-08 15:23:21,CW→CC,2026-02-08,,20066,20066,850,Monedero
1372,1416854,Cristo Redentor,Costa Mar,20170,L2,V1,2026-02-08 20:19:48,2026-02-08 20:45:54,CW→CC,2026-02-08,,20170,20170,630,Monedero
1373,1417031,Los Canelos,Concepcion,20162,L2,V1,2026-02-08 18:17:55,2026-02-08 19:00:25,CW→CC,2026-02-08,,20162,20162,850,Monedero
1374,1417069,Manquimavida,UTF Santa Maria,20844,L1,V1,2026-02-08 12:29:24,2026-02-08 13:05:46,HQ→TH,2026-02-08,,20844,20844,540,Monedero
1375,1417085,Cdal. Raul Silva Henriquez,Cristo Redentor,20063,L2,V1,2026-02-08 14:55:10,2026-02-08 15:14:39,CC→CW,2026-02-08,,20063,20063,630,Monedero
1376,1417089,Concepcion,Cdal. Raul Silva Henriquez,20157,L2,V1,2026-02-08 17:28:27,2026-02-08 17:55:27,CC→CW,2026-02-08,,20157,,570,Monedero
1377,1417093,Manquimavida,Concepcion,20850,L1,V1,2026-02-08 09:40:44,2026-02-08 10:06:48,HQ→TH,2026-02-08,,20850,20850,510,Monedero
1378,1417100,Coronel,Concepcion,20170,L2,V1,2026-02-08 20:11:38,2026-02-08 21:03:53,CW→CC,2026-02-08,,20170,20170,880,Monedero
1379,1417284,Concepcion,Cristo Redentor,20149,L2,V1,2026-02-08 08:29:54,2026-02-08 09:10:17,CC→CW,2026-02-08,,20149,20149,850,Monedero
1380,1417284,Concepcion,Cristo Redentor,20149,L2,V1,2026-02-08 08:30:32,2026-02-08 09:10:05,CC→CW,2026-02-08,,20149,20149,850,Monedero
1381,1417292,Los Canelos,Costa Mar,20068,L2,V1,2026-02-08 15:43:34,2026-02-08 16:09:00,CW→CC,2026-02-08,,20068,20068,610,Monedero
1382,1417439,Concepcion,Laguna Quinenco,20149,L2,V1,2026-02-08 08:20:22,2026-02-08 09:12:36,CC→CW,2026-02-08,,20149,20149,880,Monedero
1383,1417439,Laguna Quinenco,Concepcion,20056,L2,V1,2026-02-08 12:17:25,2026-02-08 13:05:41,CW→CC,2026-02-08,,20056,20056,880,Monedero
1384,1417581,Concepcion,Laguna Quinenco,20041,L2,V1,2026-02-08 10:18:02,2026-02-08 11:10:52,CC→CW,2026-02-08,,20041,20041,880,Monedero
1385,1417583,Lomas Coloradas,Concepcion,20076,L2,V1,2026-02-08 17:02:21,2026-02-08 17:30:54,CW→CC,2026-02-08,,20076,20076,570,Monedero
1386,1417583,Concepcion,Lomas Coloradas,20171,L2,V1,2026-02-08 21:02:58,2026-02-08 21:27:43,CC→CW,2026-02-08,,20171,,570,Monedero
1387,1417853,El Arenal,Hualqui,20857,L1,V1,2026-02-08 08:28:47,2026-02-08 09:34:05,TH→HQ,2026-02-08,,20857,20857,580,Monedero
1388,1417853,Hualqui,Mercado,20848,L1,V1,2026-02-08 20:03:25,2026-02-08 21:33:08,HQ→TH,2026-02-08,,20848,20848,580,Monedero
1389,1417869,Concepcion,Coronel,20149,L2,V1,2026-02-08 08:12:36,2026-02-08 09:14:58,CC→CW,2026-02-08,,20149,20149,880,Monedero
1390,1417870,Laguna Quinenco,Concepcion,20152,L2,V1,2026-02-08 08:14:24,2026-02-08 09:17:04,CW→CC,2026-02-08,,20152,20152,880,Monedero
1391,1417871,Concepcion,Los Canelos,20153,L2,V1,2026-02-08 08:26:16,2026-02-08 09:53:58,CC→CW,2026-02-08,combo_por_entrada,20153,20153,880,Monedero
1392,1417871,Concepcion,Los Canelos,20153,L2,V1,2026-02-08 08:26:37,2026-02-08 09:53:45,CC→CW,2026-02-08,combo_por_entrada,20153,20153,880,Monedero
1393,1417872,Lzo. Arenas,Hualqui,20857,L1,V1,2026-02-08 08:21:51,2026-02-08 09:35:17,TH→HQ,2026-02-08,,20857,20857,550,Monedero
1394,1417872,Lzo. Arenas,Hualqui,20857,L1,V1,2026-02-08 08:22:04,2026-02-08 09:34:23,TH→HQ,2026-02-08,,20857,20857,550,Monedero
1395,1417872,Hualqui,Lzo. Arenas,20848,L1,V1,2026-02-08 20:12:39,2026-02-08 21:13:22,HQ→TH,2026-02-08,,20848,20848,550,Monedero
1396,1417874,Concepcion,Los Canelos,20153,L2,V1,2026-02-08 08:26:27,2026-02-08 09:54:05,CC→CW,2026-02-08,combo_por_entrada,20153,20153,880,Monedero
1397,1417874,Concepcion,Los Canelos,20153,L2,V1,2026-02-08 08:26:38,2026-02-08 09:53:29,CC→CW,2026-02-08,combo_por_entrada,20153,20153,880,Monedero
1398,1417876,Huinca,Concepcion,20152,L2,V1,2026-02-08 08:39:56,2026-02-08 09:16:42,CW→CC,2026-02-08,,20152,20152,850,Monedero
1399,1417877,UTF Santa Maria,Manquimavida,20857,L1,V1,2026-02-08 08:38:52,2026-02-08 09:35:50,TH→HQ,2026-02-08,,20857,20857,540,Monedero
1400,1417878,El Arenal,Hualqui,20857,L1,V1,2026-02-08 08:30:46,2026-02-08 09:36:38,TH→HQ,2026-02-08,,20857,20857,580,Monedero
1401,1417878,Hualqui,El Arenal,20848,L1,V1,2026-02-08 19:56:44,2026-02-08 21:29:53,HQ→TH,2026-02-08,,20848,20848,580,Monedero
1402,1417879,Coronel,Costa Mar,20156,L2,V1,2026-02-08 08:45:42,2026-02-08 09:47:39,CW→CC,2026-02-08,,20156,20156,650,Monedero
1403,1417915,Concepcion,Coronel,20153,L2,V1,2026-02-08 09:06:03,2026-02-08 10:03:46,CC→CW,2026-02-08,,20153,20153,880,Monedero
1404,1417915,Concepcion,Coronel,20153,L2,V1,2026-02-08 09:06:12,2026-02-08 10:03:38,CC→CW,2026-02-08,,20153,20153,880,Monedero
1405,1417916,Concepcion,Coronel,20153,L2,V1,2026-02-08 09:03:19,2026-02-08 10:03:35,CC→CW,2026-02-08,,20153,20153,880,Monedero
1406,1417917,Concepcion,El Parque,20153,L2,V1,2026-02-08 09:10:23,2026-02-08 09:37:29,CC→CW,2026-02-08,,20153,20153,570,Monedero
1407,1417917,El Parque,Concepcion,20160,L2,V1,2026-02-08 17:59:28,2026-02-08 18:27:33,CW→CC,2026-02-08,,20160,20160,570,Monedero
1408,1417918,Concepcion,Alborada,20035,L2,V1,2026-02-08 09:18:46,2026-02-08 10:19:37,CC→CW,2026-02-08,combo_por_entrada,20035,20035,590,Monedero
1409,1417919,Coronel,Lomas Coloradas,20156,L2,V1,2026-02-08 09:14:06,2026-02-08 09:41:23,CW→CC,2026-02-08,,20156,20156,650,Monedero
1410,1417920,Manquimavida,Concepcion,20850,L1,V1,2026-02-08 09:21:35,2026-02-08 10:08:03,HQ→TH,2026-02-08,,20850,20850,510,Monedero
1411,1417921,Concepcion,Hito Galvarino,20035,L2,V1,2026-02-08 09:27:05,2026-02-08 10:34:51,CC→CW,2026-02-08,combo_por_entrada,20035,,900,Monedero
1412,1417921,La Leonera,Concepcion,20850,L1,V1,2026-02-08 09:27:18,2026-02-08 10:34:45,HQ→TH,2026-02-08,combo_por_entrada,20850,,900,Monedero
1413,1417923,Concepcion,Cdal. Raul Silva Henriquez,20035,L2,V1,2026-02-08 09:31:56,2026-02-08 10:27:40,CC→CW,2026-02-08,,20035,,570,Monedero
1414,1417924,Coronel,Concepcion,20040,L2,V1,2026-02-08 09:33:58,2026-02-08 10:22:19,CW→CC,2026-02-08,,20040,20040,880,Monedero
1415,1417924,Concepcion,Coronel,20171,L2,V1,2026-02-08 20:47:48,2026-02-08 21:48:03,CC→CW,2026-02-08,,20171,,880,Monedero
1416,1417925,Coronel,Concepcion,20044,L2,V1,2026-02-08 09:50:01,2026-02-08 10:47:31,CW→CC,2026-02-08,,20044,20044,880,Monedero
1417,1417926,Huinca,Costa Mar,20040,L2,V1,2026-02-08 09:45:31,2026-02-08 10:08:35,CW→CC,2026-02-08,,20040,20040,630,Monedero
1418,1417926,Costa Mar,Huinca,20059,L2,V1,2026-02-08 13:16:51,2026-02-08 13:56:54,CC→CW,2026-02-08,,20059,20059,630,Monedero
1419,1417968,Concepcion,Coronel,20035,L2,V1,2026-02-08 10:01:23,2026-02-08 10:48:04,CC→CW,2026-02-08,,20035,,880,Monedero
1420,1417978,Concepcion,Coronel,20041,L2,V1,2026-02-08 10:21:22,2026-02-08 11:14:04,CC→CW,2026-02-08,,20041,20041,880,Monedero
1421,1417978,Coronel,Concepcion,20166,L2,V1,2026-02-08 18:56:06,2026-02-08 20:07:40,CW→CC,2026-02-08,,20166,20166,880,Monedero
1422,1418014,Concepcion,Coronel,20035,L2,V1,2026-02-08 10:02:34,2026-02-08 10:50:47,CC→CW,2026-02-08,,20035,20035,880,Monedero
1423,1418015,Concepcion,Cristo Redentor,20035,L2,V1,2026-02-08 09:59:31,2026-02-08 10:42:05,CC→CW,2026-02-08,,20035,,850,Monedero
1424,1418016,Concepcion,Coronel,20035,L2,V1,2026-02-08 10:02:54,2026-02-08 10:51:00,CC→CW,2026-02-08,,20035,20035,880,Monedero
1425,1418017,Concepcion,Coronel,20035,L2,V1,2026-02-08 10:03:31,2026-02-08 10:50:28,CC→CW,2026-02-08,,20035,20035,880,Monedero
1426,1418019,Concepcion,Coronel,20035,L2,V1,2026-02-08 10:03:28,2026-02-08 10:50:16,CC→CW,2026-02-08,,20035,20035,880,Monedero
1427,1418020,Concepcion,Coronel,20041,L2,V1,2026-02-08 10:08:00,2026-02-08 11:13:34,CC→CW,2026-02-08,,20041,20035,880,Monedero
1428,1418020,Concepcion,Coronel,20041,L2,V1,2026-02-08 10:09:10,2026-02-08 11:13:29,CC→CW,2026-02-08,,20041,20035,880,Monedero
1429,1418020,Laguna Quinenco,Concepcion,20160,L2,V1,2026-02-08 17:12:09,2026-02-08 18:31:59,CW→CC,2026-02-08,,20160,20160,880,Monedero
1430,1418020,Laguna Quinenco,Concepcion,20160,L2,V1,2026-02-08 17:12:51,2026-02-08 18:31:51,CW→CC,2026-02-08,,20160,20160,880,Monedero
1431,1418021,Concepcion,Los Canelos,20041,L2,V1,2026-02-08 10:08:23,2026-02-08 11:03:28,CC→CW,2026-02-08,,20041,20035,850,Monedero
1432,1418021,Concepcion,Los Canelos,20041,L2,V1,2026-02-08 10:09:09,2026-02-08 11:03:16,CC→CW,2026-02-08,,20041,20035,850,Monedero
1433,1418021,Coronel,Concepcion,20166,L2,V1,2026-02-08 18:54:07,2026-02-08 20:03:41,CW→CC,2026-02-08,,20166,20166,880,Monedero
1434,1418021,Coronel,Concepcion,20166,L2,V1,2026-02-08 18:54:21,2026-02-08 20:03:33,CW→CC,2026-02-08,,20166,20166,880,Monedero
1435,1418021,Coronel,Concepcion,20166,L2,V1,2026-02-08 18:54:28,2026-02-08 20:03:23,CW→CC,2026-02-08,,20166,20166,880,Monedero
1436,1418021,Coronel,Concepcion,20166,L2,V1,2026-02-08 18:54:38,2026-02-08 20:03:10,CW→CC,2026-02-08,,20166,20166,880,Monedero
1437,1418023,Concepcion,Coronel,20041,L2,V1,2026-02-08 10:09:20,2026-02-08 11:14:08,CC→CW,2026-02-08,,20041,20035,880,Monedero
1438,1418023,Concepcion,Coronel,20041,L2,V1,2026-02-08 10:09:40,2026-02-08 11:14:00,CC→CW,2026-02-08,,20041,20035,880,Monedero
1439,1418023,Laguna Quinenco,Concepcion,20160,L2,V1,2026-02-08 17:12:05,2026-02-08 18:31:47,CW→CC,2026-02-08,,20160,20160,880,Monedero
1440,1418023,Laguna Quinenco,Concepcion,20160,L2,V1,2026-02-08 17:12:10,2026-02-08 18:31:43,CW→CC,2026-02-08,,20160,20160,880,Monedero
1441,1418024,Concepcion,Coronel,20041,L2,V1,2026-02-08 10:09:26,2026-02-08 11:13:55,CC→CW,2026-02-08,,20041,20035,880,Monedero
1442,1418024,Concepcion,Coronel,20041,L2,V1,2026-02-08 10:09:32,2026-02-08 11:13:41,CC→CW,2026-02-08,,20041,20035,880,Monedero
1443,1418025,Cristo Redentor,Concepcion,20044,L2,V1,2026-02-08 10:04:27,2026-02-08 10:47:56,CW→CC,2026-02-08,,20044,20044,850,Monedero
1444,1418026,Lomas Coloradas,Concepcion,20040,L2,V1,2026-02-08 09:53:32,2026-02-08 10:22:55,CW→CC,2026-02-08,,20040,20040,570,Monedero
1445,1418026,Concepcion,Lomas Coloradas,20167,L2,V1,2026-02-08 19:39:29,2026-02-08 20:23:16,CC→CW,2026-02-08,,20167,20167,570,Monedero
1446,1418027,Concepcion,Coronel,20041,L2,V1,2026-02-08 10:09:30,2026-02-08 11:14:28,CC→CW,2026-02-08,,20041,20035,880,Monedero
1447,1418027,Concepcion,Coronel,20041,L2,V1,2026-02-08 10:09:47,2026-02-08 11:13:59,CC→CW,2026-02-08,,20041,20035,880,Monedero
1448,1418027,Coronel,Concepcion,20056,L2,V1,2026-02-08 12:07:18,2026-02-08 13:05:11,CW→CC,2026-02-08,,20056,20056,880,Monedero
1449,1418028,Concepcion,Hito Galvarino,20041,L2,V1,2026-02-08 10:19:48,2026-02-08 11:00:10,CC→CW,2026-02-08,,20041,20041,850,Monedero
1450,1418028,Hito Galvarino,Concepcion,20066,L2,V1,2026-02-08 14:29:36,2026-02-08 15:25:14,CW→CC,2026-02-08,,20066,20066,850,Monedero
1451,1418029,Concepcion,Cristo Redentor,20041,L2,V1,2026-02-08 10:23:12,2026-02-08 11:07:38,CC→CW,2026-02-08,,20041,20041,850,Monedero
1452,1418030,Coronel,Concepcion,20050,L2,V1,2026-02-08 10:26:03,2026-02-08 11:39:03,CW→CC,2026-02-08,,20050,20050,880,Monedero
1453,1418030,Coronel,Concepcion,20050,L2,V1,2026-02-08 10:26:20,2026-02-08 11:38:45,CW→CC,2026-02-08,,20050,20050,880,Monedero
1454,1418031,Concepcion,Cdal. Raul Silva Henriquez,20041,L2,V1,2026-02-08 10:15:13,2026-02-08 10:54:48,CC→CW,2026-02-08,,20041,20041,570,Monedero
1455,1418031,Cdal. Raul Silva Henriquez,Concepcion,20062,L2,V1,2026-02-08 14:03:56,2026-02-08 14:33:29,CW→CC,2026-02-08,,20062,20062,570,Monedero
1456,1418032,Costa Mar,Concepcion,20044,L2,V1,2026-02-08 10:30:25,2026-02-08 10:47:48,CW→CC,2026-02-08,,20044,20044,570,Monedero
1457,1418033,Concepcion,Concepcion,,,N/A,2026-02-08 10:14:57,2026-02-08 10:37:39,,2026-02-08,no viajo,,,420,Monedero
1458,1418034,Concepcion,Coronel,20041,L2,V1,2026-02-08 10:28:13,2026-02-08 11:13:56,CC→CW,2026-02-08,,20041,20041,880,Monedero
1459,1418035,Laguna Quinenco,Concepcion,20050,L2,V1,2026-02-08 10:43:28,2026-02-08 11:40:50,CW→CC,2026-02-08,,20050,20050,880,Monedero
1460,1418037,Laguna Quinenco,Concepcion,20050,L2,V1,2026-02-08 10:43:57,2026-02-08 11:41:08,CW→CC,2026-02-08,,20050,20050,880,Monedero
1461,1418038,Coronel,El Parque,20050,L2,V1,2026-02-08 10:47:00,2026-02-08 11:23:12,CW→CC,2026-02-08,,20050,20050,650,Monedero
1462,1418039,Laguna Quinenco,Concepcion,20050,L2,V1,2026-02-08 10:44:03,2026-02-08 11:40:40,CW→CC,2026-02-08,,20050,20050,880,Monedero
1463,1418118,Concepcion,Cristo Redentor,20049,L2,V1,2026-02-08 11:10:44,2026-02-08 12:08:32,CC→CW,2026-02-08,,20049,20049,850,Monedero
1464,1418124,Concepcion,Lomas Coloradas,20067,L2,V1,2026-02-08 15:22:54,2026-02-08 15:51:55,CC→CW,2026-02-08,,20067,20067,570,Monedero
1465,1418124,Concepcion,Lomas Coloradas,20067,L2,V1,2026-02-08 15:23:18,2026-02-08 15:51:35,CC→CW,2026-02-08,,20067,20067,570,Monedero
1466,1418124,Lomas Coloradas,Concepcion,20162,L2,V1,2026-02-08 18:20:37,2026-02-08 19:01:17,CW→CC,2026-02-08,,20162,20162,570,Monedero
1467,1418124,Lomas Coloradas,Concepcion,20162,L2,V1,2026-02-08 18:20:49,2026-02-08 19:01:04,CW→CC,2026-02-08,,20162,20162,570,Monedero
1468,1418151,Concepcion,Lomas Coloradas,20049,L2,V1,2026-02-08 10:50:42,2026-02-08 11:50:23,CC→CW,2026-02-08,,20049,20049,570,Monedero
1469,1418152,Diagonal Bio Bio,Coronel,20049,L2,V1,2026-02-08 11:10:24,2026-02-08 12:14:31,CC→CW,2026-02-08,,20049,20049,790,Monedero
1470,1418152,Diagonal Bio Bio,Coronel,20049,L2,V1,2026-02-08 11:10:39,2026-02-08 12:14:26,CC→CW,2026-02-08,,20049,20049,790,Monedero
1471,1418153,Diagonal Bio Bio,Coronel,20049,L2,V1,2026-02-08 11:10:58,2026-02-08 12:14:35,CC→CW,2026-02-08,,20049,20049,790,Monedero
1472,1418154,Diagonal Bio Bio,Coronel,20049,L2,V1,2026-02-08 11:11:02,2026-02-08 12:15:03,CC→CW,2026-02-08,,20049,20049,790,Monedero
1473,1418155,Huinca,El Parque,20050,L2,V1,2026-02-08 11:02:30,2026-02-08 11:23:11,CW→CC,2026-02-08,,20050,20050,630,Monedero
1474,1418155,El Parque,Juan Pablo II,20062,L2,V1,2026-02-08 13:50:00,2026-02-08 14:26:25,CW→CC,2026-02-08,,20062,20062,510,Monedero
1475,1418155,Concepcion,Huinca,20161,L2,V1,2026-02-08 18:08:42,2026-02-08 19:06:26,CC→CW,2026-02-08,,20161,20161,850,Monedero
1476,1418156,Concepcion,Los Canelos,20049,L2,V1,2026-02-08 11:00:01,2026-02-08 12:04:13,CC→CW,2026-02-08,,20049,20049,850,Monedero
1477,1418156,Los Canelos,Concepcion,20170,L2,V1,2026-02-08 20:19:21,2026-02-08 21:01:26,CW→CC,2026-02-08,,20170,20170,850,Monedero
1478,1418156,Los Canelos,Concepcion,20170,L2,V1,2026-02-08 20:19:34,2026-02-08 21:01:08,CW→CC,2026-02-08,,20170,20170,850,Monedero
1479,1418157,Diagonal Bio Bio,Coronel,20049,L2,V1,2026-02-08 11:11:32,2026-02-08 12:14:55,CC→CW,2026-02-08,,20049,20049,790,Monedero
1480,1418158,Diagonal Bio Bio,Los Canelos,20049,L2,V1,2026-02-08 11:03:52,2026-02-08 12:04:01,CC→CW,2026-02-08,,20049,20049,650,Monedero
1481,1418159,Diagonal Bio Bio,Coronel,20049,L2,V1,2026-02-08 11:11:39,2026-02-08 12:15:44,CC→CW,2026-02-08,,20049,20049,790,Monedero
1482,1418159,Diagonal Bio Bio,Coronel,20049,L2,V1,2026-02-08 11:11:48,2026-02-08 12:15:35,CC→CW,2026-02-08,,20049,20049,790,Monedero
1483,1418160,Huinca,El Parque,20050,L2,V1,2026-02-08 11:02:26,2026-02-08 11:22:59,CW→CC,2026-02-08,,20050,20050,630,Monedero
1484,1418160,El Parque,Juan Pablo II,20062,L2,V1,2026-02-08 13:49:57,2026-02-08 14:26:23,CW→CC,2026-02-08,,20062,20062,510,Monedero
1485,1418160,Concepcion,Huinca,20161,L2,V1,2026-02-08 18:08:56,2026-02-08 19:06:23,CC→CW,2026-02-08,,20161,20161,850,Monedero
1486,1418161,Diagonal Bio Bio,Coronel,20049,L2,V1,2026-02-08 11:11:16,2026-02-08 12:15:23,CC→CW,2026-02-08,,20049,20049,790,Monedero
1487,1418161,Diagonal Bio Bio,Coronel,20049,L2,V1,2026-02-08 11:11:26,2026-02-08 12:14:56,CC→CW,2026-02-08,,20049,20049,790,Monedero
1488,1418162,Concepcion,Costa Mar,20049,L2,V1,2026-02-08 11:07:09,2026-02-08 11:45:49,CC→CW,2026-02-08,,20049,20049,570,Monedero
1489,1418163,Diagonal Bio Bio,Coronel,20049,L2,V1,2026-02-08 11:11:26,2026-02-08 12:14:50,CC→CW,2026-02-08,,20049,20049,790,Monedero
1490,1418163,Diagonal Bio Bio,Coronel,20049,L2,V1,2026-02-08 11:11:33,2026-02-08 12:14:46,CC→CW,2026-02-08,,20049,20049,790,Monedero
1491,1418164,Concepcion,Los Canelos,20049,L2,V1,2026-02-08 11:12:39,2026-02-08 12:03:41,CC→CW,2026-02-08,,20049,20049,850,Monedero
1492,1418165,Concepcion,El Parque,20049,L2,V1,2026-02-08 11:15:09,2026-02-08 11:48:44,CC→CW,2026-02-08,,20049,20049,570,Monedero
1493,1418165,Concepcion,El Parque,20049,L2,V1,2026-02-08 11:15:17,2026-02-08 11:48:41,CC→CW,2026-02-08,,20049,20049,570,Monedero
1494,1418165,El Parque,Concepcion,20056,L2,V1,2026-02-08 12:33:16,2026-02-08 13:05:32,CW→CC,2026-02-08,,20056,20056,570,Monedero
1495,1418165,El Parque,Concepcion,20056,L2,V1,2026-02-08 12:33:21,2026-02-08 13:05:05,CW→CC,2026-02-08,,20056,20056,570,Monedero
1496,1418165,Concepcion,Concepcion,,,N/A,2026-02-08 13:40:25,2026-02-08 13:41:07,,2026-02-08,no viajo,,,420,Monedero
1497,1418165,Concepcion,Concepcion,,,N/A,2026-02-08 13:40:30,2026-02-08 13:41:04,,2026-02-08,no viajo,,,420,Monedero
1498,1418166,Coronel,Costa Mar,20062,L2,V1,2026-02-08 13:27:37,2026-02-08 14:18:55,CW→CC,2026-02-08,,20062,20062,650,Monedero
1499,1418167,Concepcion,Coronel,20049,L2,V1,2026-02-08 11:24:15,2026-02-08 12:18:15,CC→CW,2026-02-08,,20049,20049,880,Monedero
1500,1418167,Concepcion,Coronel,20049,L2,V1,2026-02-08 11:24:24,2026-02-08 12:18:06,CC→CW,2026-02-08,,20049,20049,880,Monedero
1501,1418167,Coronel,Concepcion,20066,L2,V1,2026-02-08 14:27:56,2026-02-08 15:23:51,CW→CC,2026-02-08,,20066,20066,880,Monedero
1502,1418168,Concepcion,Coronel,20051,L2,V1,2026-02-08 11:33:48,2026-02-08 12:29:53,CC→CW,2026-02-08,,20051,20049,880,Monedero
1503,1418168,Concepcion,Coronel,20051,L2,V1,2026-02-08 11:34:17,2026-02-08 12:29:48,CC→CW,2026-02-08,,20051,20049,880,Monedero
1504,1418168,Concepcion,Coronel,20051,L2,V1,2026-02-08 11:34:35,2026-02-08 12:29:39,CC→CW,2026-02-08,,20051,20049,880,Monedero
1505,1418168,Concepcion,Coronel,20051,L2,V1,2026-02-08 11:35:30,2026-02-08 12:29:08,CC→CW,2026-02-08,,20051,20049,880,Monedero
1506,1418169,Lomas Coloradas,El Parque,20052,L2,V1,2026-02-08 11:36:11,2026-02-08 11:46:41,CW→CC,2026-02-08,,20052,20052,430,Monedero
1507,1418170,Concepcion,Coronel,20049,L2,V1,2026-02-08 11:32:46,2026-02-08 12:28:50,CC→CW,2026-02-08,,20049,20049,880,Monedero
1508,1418170,Coronel,Concepcion,20068,L2,V1,2026-02-08 15:19:14,2026-02-08 16:24:03,CW→CC,2026-02-08,,20068,20068,880,Monedero
1509,1418171,Concepcion,Coronel,20049,L2,V1,2026-02-08 11:32:22,2026-02-08 12:28:55,CC→CW,2026-02-08,,20049,20049,880,Monedero
1510,1418171,Coronel,Concepcion,20068,L2,V1,2026-02-08 15:19:24,2026-02-08 16:23:57,CW→CC,2026-02-08,,20068,20068,880,Monedero
1511,1418172,Laguna Quinenco,Concepcion,20056,L2,V1,2026-02-08 11:41:30,2026-02-08 13:09:24,CW→CC,2026-02-08,,20056,20056,880,Monedero
1512,1418172,Concepcion,Laguna Quinenco,20069,L2,V1,2026-02-08 16:32:57,2026-02-08 17:27:19,CC→CW,2026-02-08,,20069,20069,880,Monedero
1513,1418173,Mercado,Concepcion,20859,L1,V1,2026-02-08 11:54:42,2026-02-08 14:04:00,TH→HQ,2026-02-08,combo_por_entrada,20859,20059,910,Monedero
1514,1418173,Concepcion,Mercado,20848,L1,V1,2026-02-08 18:57:13,2026-02-08 21:32:00,HQ→TH,2026-02-08,match_por_salida_fallback,20848,20848,910,Monedero
1515,1418174,Hualqui,Mercado,20844,L1,V1,2026-02-08 11:51:07,2026-02-08 13:20:38,HQ→TH,2026-02-08,,20844,20844,580,Monedero
1516,1418174,Hualqui,Mercado,20844,L1,V1,2026-02-08 11:51:31,2026-02-08 13:20:32,HQ→TH,2026-02-08,,20844,20844,580,Monedero
1517,1418174,Mercado,Hualqui,20847,L1,V1,2026-02-08 19:27:39,2026-02-08 21:02:58,TH→HQ,2026-02-08,,20847,20847,580,Monedero
1518,1418174,Mercado,Hualqui,20847,L1,V1,2026-02-08 19:27:48,2026-02-08 21:02:40,TH→HQ,2026-02-08,,20847,20847,580,Monedero
1519,1418175,Hualqui,Mercado,20844,L1,V1,2026-02-08 11:51:00,2026-02-08 13:20:28,HQ→TH,2026-02-08,,20844,20844,580,Monedero
1520,1418175,Hualqui,Mercado,20844,L1,V1,2026-02-08 11:51:24,2026-02-08 13:20:12,HQ→TH,2026-02-08,,20844,20844,580,Monedero
1521,1418175,Mercado,Hualqui,20847,L1,V1,2026-02-08 19:27:27,2026-02-08 21:04:06,TH→HQ,2026-02-08,,20847,20847,580,Monedero
1522,1418175,Mercado,Hualqui,20847,L1,V1,2026-02-08 19:27:35,2026-02-08 21:02:52,TH→HQ,2026-02-08,,20847,20847,580,Monedero
1523,1418334,Concepcion,Hito Galvarino,20161,L2,V1,2026-02-08 17:50:55,2026-02-08 19:00:20,CC→CW,2026-02-08,,20161,20161,850,Monedero
1524,1418336,Hualqui,Mercado,20844,L1,V1,2026-02-08 11:51:41,2026-02-08 13:20:49,HQ→TH,2026-02-08,,20844,20844,580,Monedero
1525,1418336,Hualqui,Mercado,20844,L1,V1,2026-02-08 11:51:48,2026-02-08 13:20:44,HQ→TH,2026-02-08,,20844,20844,580,Monedero
1526,1418336,Mercado,Hualqui,20847,L1,V1,2026-02-08 19:27:54,2026-02-08 21:03:20,TH→HQ,2026-02-08,,20847,20847,580,Monedero
1527,1418336,Mercado,Hualqui,20847,L1,V1,2026-02-08 19:27:59,2026-02-08 21:03:08,TH→HQ,2026-02-08,,20847,20847,580,Monedero
1528,1418337,Concepcion,Los Canelos,20053,L2,V1,2026-02-08 11:58:45,2026-02-08 12:43:48,CC→CW,2026-02-08,,20053,20053,850,Monedero
1529,1418337,Los Canelos,Concepcion,20170,L2,V1,2026-02-08 20:26:03,2026-02-08 21:02:21,CW→CC,2026-02-08,,20170,20170,850,Monedero
1530,1418338,Concepcion,Coronel,20053,L2,V1,2026-02-08 11:52:45,2026-02-08 12:56:12,CC→CW,2026-02-08,,20053,20051,880,Monedero
1531,1418338,Concepcion,Coronel,20053,L2,V1,2026-02-08 11:52:52,2026-02-08 12:56:04,CC→CW,2026-02-08,,20053,20051,880,Monedero
1532,1418338,Concepcion,Coronel,20053,L2,V1,2026-02-08 11:53:02,2026-02-08 12:55:34,CC→CW,2026-02-08,,20053,20053,880,Monedero
1533,1418338,Coronel,Concepcion,20170,L2,V1,2026-02-08 20:01:51,2026-02-08 21:03:34,CW→CC,2026-02-08,,20170,20170,880,Monedero
1534,1418338,Coronel,Concepcion,20170,L2,V1,2026-02-08 20:01:54,2026-02-08 21:03:20,CW→CC,2026-02-08,,20170,20170,880,Monedero
1535,1418338,Coronel,Concepcion,20170,L2,V1,2026-02-08 20:01:56,2026-02-08 21:03:16,CW→CC,2026-02-08,,20170,20170,880,Monedero
1536,1418339,Los Canelos,Laguna Quinenco,20049,L2,V1,2026-02-08 11:53:30,2026-02-08 12:11:38,CC→CW,2026-02-08,,20049,20049,530,Monedero
1537,1418339,Los Canelos,Laguna Quinenco,20049,L2,V1,2026-02-08 11:53:40,2026-02-08 12:11:31,CC→CW,2026-02-08,,20049,20049,530,Monedero
1538,1418340,Concepcion,Coronel,20053,L2,V1,2026-02-08 11:55:19,2026-02-08 12:55:13,CC→CW,2026-02-08,,20053,20053,880,Monedero
1539,1418340,Concepcion,Coronel,20053,L2,V1,2026-02-08 11:55:38,2026-02-08 12:55:08,CC→CW,2026-02-08,,20053,20053,880,Monedero
1540,1418340,Coronel,Concepcion,20162,L2,V1,2026-02-08 18:12:30,2026-02-08 19:00:48,CW→CC,2026-02-08,,20162,20162,880,Monedero
1541,1418340,Coronel,Concepcion,20162,L2,V1,2026-02-08 18:12:56,2026-02-08 19:00:41,CW→CC,2026-02-08,,20162,20162,880,Monedero
1542,1418341,Concepcion,Laguna Quinenco,20063,L2,V1,2026-02-08 14:12:55,2026-02-08 15:17:44,CC→CW,2026-02-08,,20063,20063,880,Monedero
1543,1418342,Coronel,Concepcion,20056,L2,V1,2026-02-08 12:09:04,2026-02-08 13:06:09,CW→CC,2026-02-08,,20056,20056,880,Monedero
1544,1418342,Coronel,Concepcion,20056,L2,V1,2026-02-08 12:09:09,2026-02-08 13:06:04,CW→CC,2026-02-08,,20056,20056,880,Monedero
1545,1418342,Coronel,Concepcion,20056,L2,V1,2026-02-08 12:09:31,2026-02-08 13:05:52,CW→CC,2026-02-08,,20056,20056,880,Monedero
1546,1418342,Concepcion,Coronel,20167,L2,V1,2026-02-08 19:50:30,2026-02-08 20:47:07,CC→CW,2026-02-08,,20167,20167,880,Monedero
1547,1418342,Concepcion,Coronel,20167,L2,V1,2026-02-08 19:50:40,2026-02-08 20:46:58,CC→CW,2026-02-08,,20167,20167,880,Monedero
1548,1418343,Coronel,Concepcion,20056,L2,V1,2026-02-08 12:07:03,2026-02-08 13:05:17,CW→CC,2026-02-08,,20056,20056,880,Monedero
1549,1418344,Concepcion,Juan Pablo II,20059,L2,V1,2026-02-08 12:18:48,2026-02-08 13:28:15,CC→CW,2026-02-08,combo_por_entrada,20059,20059,560,Monedero
1550,1418344,Concepcion,Juan Pablo II,20059,L2,V1,2026-02-08 12:18:57,2026-02-08 13:27:32,CC→CW,2026-02-08,combo_por_entrada,20059,20059,560,Monedero
1551,1418344,Concepcion,Juan Pablo II,20059,L2,V1,2026-02-08 12:19:07,2026-02-08 13:27:23,CC→CW,2026-02-08,combo_por_entrada,20059,20059,560,Monedero
1552,1418345,Los Condores,Chiguayante,20859,L1,V1,2026-02-08 12:21:27,2026-02-08 13:11:54,TH→HQ,2026-02-08,,20859,20859,540,Monedero
1553,1418345,Chiguayante,Los Condores,20846,L1,V1,2026-02-08 17:11:55,2026-02-08 17:48:33,HQ→TH,2026-02-08,,20846,20846,540,Monedero
1554,1418347,Laguna Quinenco,Concepcion,20056,L2,V1,2026-02-08 12:14:28,2026-02-08 13:17:42,CW→CC,2026-02-08,,20056,20056,880,Monedero
1555,1418348,Los Canelos,Laguna Quinenco,20051,L2,V1,2026-02-08 12:13:44,2026-02-08 12:25:10,CC→CW,2026-02-08,,20051,20051,530,Monedero
1556,1418349,Pedro Medina,Lzo. Arenas,20844,L1,V1,2026-02-08 12:19:02,2026-02-08 13:02:48,HQ→TH,2026-02-08,,20844,20844,510,Monedero
1557,1418350,Concepcion,El Parque,20059,L2,V1,2026-02-08 12:32:43,2026-02-08 13:38:15,CC→CW,2026-02-08,combo_por_entrada,20059,20059,570,Monedero
1558,1418350,Concepcion,El Parque,20059,L2,V1,2026-02-08 12:32:58,2026-02-08 13:38:08,CC→CW,2026-02-08,combo_por_entrada,20059,20059,570,Monedero
1559,1418350,El Parque,Concepcion,20068,L2,V1,2026-02-08 15:46:19,2026-02-08 16:30:18,CW→CC,2026-02-08,,20068,20068,570,Monedero
1560,1418350,El Parque,Concepcion,20068,L2,V1,2026-02-08 15:46:29,2026-02-08 16:30:10,CW→CC,2026-02-08,,20068,20068,570,Monedero
1561,1418351,Hualqui,Concepcion,20844,L1,V1,2026-02-08 12:24:02,2026-02-08 13:19:53,HQ→TH,2026-02-08,combo_relajado_pase1,20844,20844,580,Monedero
1562,1418352,Concepcion,Coronel,20059,L2,V1,2026-02-08 12:26:30,2026-02-08 14:05:13,CC→CW,2026-02-08,combo_por_entrada,20059,20059,910,Monedero
1563,1418352,Concepcion,Coronel,20059,L2,V1,2026-02-08 12:26:38,2026-02-08 14:05:05,CC→CW,2026-02-08,combo_por_entrada,20059,20844,910,Monedero
1564,1418353,Concepcion,Diagonal Bio Bio,20059,L2,V1,2026-02-08 12:29:17,2026-02-08 13:30:08,CC→CW,2026-02-08,combo_por_entrada,20059,20844,590,Monedero
1565,1418353,Concepcion,Manquimavida,20845,L1,V1,2026-02-08 16:02:48,2026-02-08 16:45:51,TH→HQ,2026-02-08,combo_por_entrada,20845,20068,590,Monedero
1566,1418354,Concepcion,Diagonal Bio Bio,20059,L2,V1,2026-02-08 12:29:24,2026-02-08 13:30:14,CC→CW,2026-02-08,combo_por_entrada,20059,20059,590,Monedero
1567,1418355,Concepcion,Hualqui,20859,L1,V1,2026-02-08 12:34:01,2026-02-08 13:30:23,TH→HQ,2026-02-08,,20859,20859,550,Monedero
1568,1418355,Concepcion,Hualqui,20859,L1,V1,2026-02-08 12:34:11,2026-02-08 13:30:16,TH→HQ,2026-02-08,,20859,20859,550,Monedero
1569,1418356,Concepcion,Coronel,20059,L2,V1,2026-02-08 12:33:08,2026-02-08 14:04:35,CC→CW,2026-02-08,,20059,20059,880,Monedero
1570,1418356,Concepcion,Coronel,20059,L2,V1,2026-02-08 12:33:23,2026-02-08 14:04:30,CC→CW,2026-02-08,,20059,20059,880,Monedero
1571,1418356,Coronel,Concepcion,20170,L2,V1,2026-02-08 19:46:44,2026-02-08 21:02:23,CW→CC,2026-02-08,,20170,20170,880,Monedero
1572,1418356,Coronel,Concepcion,20170,L2,V1,2026-02-08 19:46:49,2026-02-08 21:02:16,CW→CC,2026-02-08,,20170,20170,880,Monedero
1573,1418357,Concepcion,Coronel,20059,L2,V1,2026-02-08 12:32:01,2026-02-08 14:06:02,CC→CW,2026-02-08,combo_por_entrada,20059,20059,910,Monedero
1574,1418358,Concepcion,Hualqui,20859,L1,V1,2026-02-08 12:27:34,2026-02-08 13:30:07,TH→HQ,2026-02-08,,20859,20859,550,Monedero
1575,1418359,Lomas Coloradas,Concepcion,20056,L2,V1,2026-02-08 12:33:49,2026-02-08 13:04:42,CW→CC,2026-02-08,,20056,20056,570,Monedero
1576,1418359,Lomas Coloradas,Concepcion,20056,L2,V1,2026-02-08 12:34:03,2026-02-08 13:04:33,CW→CC,2026-02-08,,20056,20056,570,Monedero
1577,1418360,Concepcion,El Parque,20059,L2,V1,2026-02-08 12:37:30,2026-02-08 13:37:01,CC→CW,2026-02-08,,20059,20059,570,Monedero
1578,1418360,El Parque,Concepcion,20068,L2,V1,2026-02-08 15:31:34,2026-02-08 16:25:03,CW→CC,2026-02-08,,20068,20068,570,Monedero
1579,1418361,Concepcion,Concepcion,,,N/A,2026-02-08 12:35:23,2026-02-08 12:36:32,,2026-02-08,no viajo,,,420,Monedero
1580,1418362,Concepcion,El Parque,20059,L2,V1,2026-02-08 12:20:20,2026-02-08 13:36:59,CC→CW,2026-02-08,,20059,20059,570,Monedero
1581,1418363,Cdal. Raul Silva Henriquez,Concepcion,20058,L2,V1,2026-02-08 12:43:41,2026-02-08 13:19:53,CW→CC,2026-02-08,,20058,20056,570,Monedero
1582,1418364,Concepcion,Mercado,20844,L1,V1,2026-02-08 12:48:01,2026-02-08 13:19:32,HQ→TH,2026-02-08,,20844,20844,540,Monedero
1583,1418365,Lzo. Arenas,Hualqui,20859,L1,V1,2026-02-08 12:39:06,2026-02-08 13:31:03,TH→HQ,2026-02-08,,20859,20859,550,Monedero
1584,1418366,Concepcion,Coronel,20059,L2,V1,2026-02-08 12:47:43,2026-02-08 14:05:55,CC→CW,2026-02-08,,20059,20059,880,Monedero
1585,1418366,Coronel,Concepcion,20076,L2,V1,2026-02-08 16:44:27,2026-02-08 17:30:52,CW→CC,2026-02-08,,20076,20076,880,Monedero
1586,1418367,Concepcion,Coronel,20059,L2,V1,2026-02-08 12:47:53,2026-02-08 14:06:37,CC→CW,2026-02-08,,20059,20059,880,Monedero
1587,1418367,Concepcion,Coronel,20059,L2,V1,2026-02-08 12:48:08,2026-02-08 14:06:08,CC→CW,2026-02-08,,20059,20059,880,Monedero
1588,1418367,Coronel,Concepcion,20076,L2,V1,2026-02-08 16:44:17,2026-02-08 17:31:25,CW→CC,2026-02-08,,20076,20076,880,Monedero
1589,1418367,Coronel,Concepcion,20076,L2,V1,2026-02-08 16:44:26,2026-02-08 17:30:34,CW→CC,2026-02-08,,20076,20076,880,Monedero
1590,1418368,El Parque,Concepcion,20058,L2,V1,2026-02-08 12:51:48,2026-02-08 13:16:15,CW→CC,2026-02-08,,20058,20058,570,Monedero
1591,1418562,Concepcion,Lomas Coloradas,20059,L2,V1,2026-02-08 12:51:09,2026-02-08 13:40:34,CC→CW,2026-02-08,,20059,20059,570,Monedero
1592,1418562,Concepcion,Lomas Coloradas,20059,L2,V1,2026-02-08 12:51:23,2026-02-08 13:40:16,CC→CW,2026-02-08,,20059,20059,570,Monedero
1593,1418564,Concepcion,Mercado,20844,L1,V1,2026-02-08 12:49:06,2026-02-08 13:18:54,HQ→TH,2026-02-08,,20844,20844,540,Monedero
1594,1418565,El Parque,Concepcion,20058,L2,V1,2026-02-08 12:52:13,2026-02-08 13:16:15,CW→CC,2026-02-08,,20058,20058,570,Monedero
1595,1418566,Costa Mar,Concepcion,20058,L2,V1,2026-02-08 12:54:13,2026-02-08 13:15:43,CW→CC,2026-02-08,,20058,20058,570,Monedero
1596,1418567,Concepcion,Huinca,20059,L2,V1,2026-02-08 13:04:13,2026-02-08 13:59:00,CC→CW,2026-02-08,,20059,20059,850,Monedero
1597,1418568,Concepcion,Diagonal Bio Bio,20059,L2,V1,2026-02-08 13:06:29,2026-02-08 13:30:29,CC→CW,2026-02-08,,20059,20059,570,Monedero
1598,1418569,Concepcion,Coronel,20059,L2,V1,2026-02-08 13:09:05,2026-02-08 14:05:03,CC→CW,2026-02-08,,20059,20059,880,Monedero
1599,1418570,Concepcion,Coronel,20059,L2,V1,2026-02-08 13:09:11,2026-02-08 14:05:41,CC→CW,2026-02-08,,20059,20059,880,Monedero
1600,1418570,Concepcion,Coronel,20059,L2,V1,2026-02-08 13:09:30,2026-02-08 14:05:22,CC→CW,2026-02-08,,20059,20059,880,Monedero
1601,1418571,Concepcion,Coronel,20059,L2,V1,2026-02-08 13:09:00,2026-02-08 14:05:17,CC→CW,2026-02-08,,20059,20059,880,Monedero
1602,1418572,Concepcion,Coronel,20059,L2,V1,2026-02-08 13:08:41,2026-02-08 14:05:26,CC→CW,2026-02-08,,20059,20059,880,Monedero
1603,1418573,Concepcion,Coronel,20059,L2,V1,2026-02-08 13:09:24,2026-02-08 14:05:54,CC→CW,2026-02-08,,20059,20059,880,Monedero
1604,1418575,Concepcion,El Parque,20059,L2,V1,2026-02-08 13:17:40,2026-02-08 13:38:46,CC→CW,2026-02-08,,20059,20059,570,Monedero
1605,1418575,Concepcion,El Parque,20059,L2,V1,2026-02-08 13:17:50,2026-02-08 13:38:13,CC→CW,2026-02-08,,20059,20059,570,Monedero
1606,1418576,El Parque,Lomas Coloradas,20059,L2,V1,2026-02-08 13:24:28,2026-02-08 13:40:39,CC→CW,2026-02-08,,20059,20059,430,Monedero
1607,1418577,El Parque,Concepcion,20062,L2,V1,2026-02-08 13:28:28,2026-02-08 14:34:40,CW→CC,2026-02-08,,20062,20062,570,Monedero
1608,1418577,El Parque,Concepcion,20062,L2,V1,2026-02-08 13:28:47,2026-02-08 14:34:04,CW→CC,2026-02-08,,20062,20062,570,Monedero
1609,1418577,El Parque,Concepcion,20062,L2,V1,2026-02-08 13:28:59,2026-02-08 14:33:52,CW→CC,2026-02-08,,20062,20062,570,Monedero
1610,1418578,Diagonal Bio Bio,Coronel,20059,L2,V1,2026-02-08 13:26:39,2026-02-08 14:03:27,CC→CW,2026-02-08,,20059,20059,790,Monedero
1611,1418578,Diagonal Bio Bio,Coronel,20059,L2,V1,2026-02-08 13:26:59,2026-02-08 14:03:16,CC→CW,2026-02-08,,20059,20059,790,Monedero
1612,1418579,Huinca,Concepcion,20062,L2,V1,2026-02-08 13:34:50,2026-02-08 14:34:51,CW→CC,2026-02-08,,20062,20062,850,Monedero
1613,1418581,Cdal. Raul Silva Henriquez,Concepcion,20062,L2,V1,2026-02-08 13:42:13,2026-02-08 14:44:26,CW→CC,2026-02-08,,20062,20062,570,Monedero
1614,1418581,Cdal. Raul Silva Henriquez,Concepcion,20062,L2,V1,2026-02-08 13:42:52,2026-02-08 14:44:12,CW→CC,2026-02-08,,20062,20062,570,Monedero
1615,1418583,Cdal. Raul Silva Henriquez,Laguna Quinenco,20059,L2,V1,2026-02-08 13:35:45,2026-02-08 14:01:18,CC→CW,2026-02-08,,20059,20059,650,Monedero
1616,1418584,Los Canelos,El Parque,20062,L2,V1,2026-02-08 13:45:26,2026-02-08 14:16:19,CW→CC,2026-02-08,,20062,20062,610,Monedero
1617,1418728,Concepcion,Hito Galvarino,20069,L2,V1,2026-02-08 16:06:52,2026-02-08 17:16:17,CC→CW,2026-02-08,,20069,20069,850,Monedero
1618,1418729,Concepcion,Hito Galvarino,20069,L2,V1,2026-02-08 16:06:46,2026-02-08 17:16:11,CC→CW,2026-02-08,,20069,20069,850,Monedero
1619,1418750,Los Canelos,Concepcion,20066,L2,V1,2026-02-08 14:45:03,2026-02-08 15:27:27,CW→CC,2026-02-08,,20066,20066,850,Monedero
1620,1418750,Concepcion,Coronel,20163,L2,V1,2026-02-08 19:02:36,2026-02-08 19:46:10,CC→CW,2026-02-08,,20163,20163,880,Monedero
1621,1418764,Concepcion,Coronel,20063,L2,V1,2026-02-08 13:58:01,2026-02-08 15:23:14,CC→CW,2026-02-08,,20063,20063,880,Monedero
1622,1418764,Concepcion,Coronel,20063,L2,V1,2026-02-08 13:58:10,2026-02-08 15:23:09,CC→CW,2026-02-08,,20063,20063,880,Monedero
1623,1418765,El Parque,Concepcion,20062,L2,V1,2026-02-08 13:56:30,2026-02-08 14:35:37,CW→CC,2026-02-08,,20062,20062,570,Monedero
1624,1418765,El Parque,Concepcion,20062,L2,V1,2026-02-08 13:56:50,2026-02-08 14:35:25,CW→CC,2026-02-08,,20062,20062,570,Monedero
1625,1418765,Concepcion,El Parque,20161,L2,V1,2026-02-08 18:01:37,2026-02-08 18:48:40,CC→CW,2026-02-08,,20161,20161,570,Monedero
1626,1418765,Concepcion,El Parque,20161,L2,V1,2026-02-08 18:02:19,2026-02-08 18:48:30,CC→CW,2026-02-08,,20161,20161,570,Monedero
1627,1418766,Los Canelos,Concepcion,20062,L2,V1,2026-02-08 13:51:09,2026-02-08 14:35:03,CW→CC,2026-02-08,,20062,20062,850,Monedero
1628,1418766,Los Canelos,Concepcion,20062,L2,V1,2026-02-08 13:51:18,2026-02-08 14:34:18,CW→CC,2026-02-08,,20062,20062,850,Monedero
1629,1418766,Los Canelos,Concepcion,20062,L2,V1,2026-02-08 13:51:25,2026-02-08 14:33:54,CW→CC,2026-02-08,,20062,20062,850,Monedero
1630,1418767,Huinca,Concepcion,20062,L2,V1,2026-02-08 13:55:52,2026-02-08 14:34:23,CW→CC,2026-02-08,,20062,20062,850,Monedero
1631,1418767,Concepcion,Huinca,20161,L2,V1,2026-02-08 18:22:21,2026-02-08 19:06:10,CC→CW,2026-02-08,,20161,20161,850,Monedero
1632,1418768,Concepcion,Cristo Redentor,20063,L2,V1,2026-02-08 14:00:18,2026-02-08 15:16:16,CC→CW,2026-02-08,,20063,20063,850,Monedero
1633,1418768,Concepcion,Cristo Redentor,20063,L2,V1,2026-02-08 14:00:26,2026-02-08 15:15:54,CC→CW,2026-02-08,,20063,20063,850,Monedero
1634,1418769,Cdal. Raul Silva Henriquez,Concepcion,20062,L2,V1,2026-02-08 13:56:23,2026-02-08 14:33:48,CW→CC,2026-02-08,,20062,20062,570,Monedero
1635,1418770,Concepcion,Coronel,20063,L2,V1,2026-02-08 14:15:04,2026-02-08 15:22:37,CC→CW,2026-02-08,,20063,20063,880,Monedero
1636,1418770,Concepcion,Coronel,20063,L2,V1,2026-02-08 14:15:14,2026-02-08 15:22:25,CC→CW,2026-02-08,,20063,20063,880,Monedero
1637,1418770,Coronel,Concepcion,20166,L2,V1,2026-02-08 19:04:43,2026-02-08 20:02:13,CW→CC,2026-02-08,,20166,20166,880,Monedero
1638,1418770,Coronel,Concepcion,20166,L2,V1,2026-02-08 19:04:55,2026-02-08 20:01:20,CW→CC,2026-02-08,,20166,20166,880,Monedero
1639,1418771,Cdal. Raul Silva Henriquez,Concepcion,20062,L2,V1,2026-02-08 14:02:06,2026-02-08 14:34:49,CW→CC,2026-02-08,,20062,20062,570,Monedero
1640,1418772,Cdal. Raul Silva Henriquez,Concepcion,20062,L2,V1,2026-02-08 14:07:36,2026-02-08 14:32:59,CW→CC,2026-02-08,,20062,20062,570,Monedero
1641,1418772,Concepcion,Cdal. Raul Silva Henriquez,20171,L2,V1,2026-02-08 20:45:18,2026-02-08 21:30:02,CC→CW,2026-02-08,,20171,,570,Monedero
1642,1418773,Cdal. Raul Silva Henriquez,Concepcion,20062,L2,V1,2026-02-08 14:07:20,2026-02-08 14:32:56,CW→CC,2026-02-08,,20062,20062,570,Monedero
1643,1418773,Concepcion,Cdal. Raul Silva Henriquez,20171,L2,V1,2026-02-08 20:45:19,2026-02-08 21:29:56,CC→CW,2026-02-08,,20171,,570,Monedero
1644,1418774,Laguna Quinenco,Juan Pablo II,20066,L2,V1,2026-02-08 14:11:20,2026-02-08 15:18:13,CW→CC,2026-02-08,,20066,20066,790,Monedero
1645,1418775,Lomas Coloradas,Concepcion,20062,L2,V1,2026-02-08 14:03:42,2026-02-08 14:34:49,CW→CC,2026-02-08,,20062,20062,570,Monedero
1646,1418775,Lomas Coloradas,Concepcion,20062,L2,V1,2026-02-08 14:03:51,2026-02-08 14:33:22,CW→CC,2026-02-08,,20062,20062,570,Monedero
1647,1418775,Concepcion,Lomas Coloradas,20157,L2,V1,2026-02-08 17:22:53,2026-02-08 17:53:50,CC→CW,2026-02-08,,20157,20157,570,Monedero
1648,1418776,Concepcion,Coronel,20063,L2,V1,2026-02-08 14:15:21,2026-02-08 15:22:05,CC→CW,2026-02-08,,20063,20063,880,Monedero
1649,1418776,Laguna Quinenco,Concepcion,20162,L2,V1,2026-02-08 18:15:35,2026-02-08 19:00:59,CW→CC,2026-02-08,,20162,20162,880,Monedero
1650,1418777,Concepcion,Coronel,20063,L2,V1,2026-02-08 14:15:32,2026-02-08 15:22:07,CC→CW,2026-02-08,,20063,20063,880,Monedero
1651,1418777,Laguna Quinenco,Concepcion,20162,L2,V1,2026-02-08 18:15:32,2026-02-08 19:00:34,CW→CC,2026-02-08,,20162,20162,880,Monedero
1652,1418778,Concepcion,Coronel,20063,L2,V1,2026-02-08 14:19:43,2026-02-08 15:20:49,CC→CW,2026-02-08,,20063,20063,880,Monedero
1653,1418779,Concepcion,Coronel,20063,L2,V1,2026-02-08 14:20:08,2026-02-08 15:22:00,CC→CW,2026-02-08,,20063,20063,880,Monedero
1654,1418779,Coronel,Concepcion,20166,L2,V1,2026-02-08 19:15:23,2026-02-08 20:01:49,CW→CC,2026-02-08,,20166,20166,880,Monedero
1655,1418780,Concepcion,Costa Mar,20063,L2,V1,2026-02-08 14:16:24,2026-02-08 14:51:57,CC→CW,2026-02-08,,20063,20063,570,Monedero
1656,1418780,Costa Mar,Concepcion,20166,L2,V1,2026-02-08 19:43:14,2026-02-08 20:03:09,CW→CC,2026-02-08,,20166,20166,570,Monedero
1657,1418781,Concepcion,Coronel,20063,L2,V1,2026-02-08 14:20:16,2026-02-08 15:21:55,CC→CW,2026-02-08,,20063,20063,880,Monedero
1658,1418781,Coronel,Concepcion,20166,L2,V1,2026-02-08 19:15:26,2026-02-08 20:01:49,CW→CC,2026-02-08,,20166,20166,880,Monedero
1659,1418782,Diagonal Bio Bio,Concepcion,20062,L2,V1,2026-02-08 14:15:44,2026-02-08 14:33:45,CW→CC,2026-02-08,,20062,20062,570,Monedero
1660,1418782,Concepcion,Diagonal Bio Bio,20167,L2,V1,2026-02-08 19:52:49,2026-02-08 20:11:57,CC→CW,2026-02-08,,20167,20167,570,Monedero
1661,1418784,Concepcion,Cristo Redentor,20167,L2,V1,2026-02-08 19:37:18,2026-02-08 20:40:19,CC→CW,2026-02-08,,20167,20167,850,Monedero
1662,1418786,Lomas Coloradas,Concepcion,20066,L2,V1,2026-02-08 14:34:22,2026-02-08 15:24:34,CW→CC,2026-02-08,,20066,20066,570,Monedero
1663,1418787,Lomas Coloradas,Concepcion,20066,L2,V1,2026-02-08 14:32:33,2026-02-08 15:23:42,CW→CC,2026-02-08,,20066,20066,570,Monedero
1664,1418788,Coronel,Concepcion,20066,L2,V1,2026-02-08 14:27:57,2026-02-08 15:23:53,CW→CC,2026-02-08,,20066,20066,880,Monedero
1665,1418789,Juan Pablo II,Cristo Redentor,20063,L2,V1,2026-02-08 14:27:37,2026-02-08 15:15:18,CC→CW,2026-02-08,,20063,20063,680,Monedero
1666,1418790,Concepcion,Concepcion,,,N/A,2026-02-08 19:37:21,2026-02-08 19:41:44,,2026-02-08,no viajo,,,420,Monedero
1667,1418791,Los Canelos,El Parque,20066,L2,V1,2026-02-08 14:37:38,2026-02-08 15:07:00,CW→CC,2026-02-08,,20066,20066,610,Monedero
1668,1418792,Lomas Coloradas,Concepcion,20066,L2,V1,2026-02-08 14:35:15,2026-02-08 15:24:49,CW→CC,2026-02-08,,20066,20066,570,Monedero
1669,1418793,Concepcion,Lomas Coloradas,20063,L2,V1,2026-02-08 14:35:03,2026-02-08 14:58:04,CC→CW,2026-02-08,,20063,20063,570,Monedero
1670,1418793,Lomas Coloradas,Concepcion,20170,L2,V1,2026-02-08 20:39:23,2026-02-08 21:19:52,CW→CC,2026-02-08,match_por_salida_fallback,20170,20848,590,Monedero
1671,1418794,Concepcion,Concepcion,,,N/A,2026-02-08 14:35:42,2026-02-08 14:36:34,,2026-02-08,no viajo,,,420,Monedero
1672,1418795,Huinca,Concepcion,20066,L2,V1,2026-02-08 14:36:58,2026-02-08 15:24:13,CW→CC,2026-02-08,,20066,20066,850,Monedero
1673,1418796,Coronel,Concepcion,20066,L2,V1,2026-02-08 14:40:00,2026-02-08 15:24:26,CW→CC,2026-02-08,,20066,20066,880,Monedero
1674,1418797,Cristo Redentor,Concepcion,20066,L2,V1,2026-02-08 14:35:04,2026-02-08 15:24:04,CW→CC,2026-02-08,,20066,20066,850,Monedero
1675,1418798,Los Canelos,Concepcion,20066,L2,V1,2026-02-08 14:38:22,2026-02-08 15:23:37,CW→CC,2026-02-08,,20066,20066,850,Monedero
1676,1418798,Concepcion,El Parque,20069,L2,V1,2026-02-08 16:36:34,2026-02-08 17:04:22,CC→CW,2026-02-08,,20069,20069,570,Monedero
1677,1418798,El Parque,Los Canelos,20163,L2,V1,2026-02-08 19:00:40,2026-02-08 19:35:54,CC→CW,2026-02-08,,20163,20163,610,Monedero
1678,1418799,Huinca,Concepcion,20066,L2,V1,2026-02-08 14:37:01,2026-02-08 15:24:08,CW→CC,2026-02-08,,20066,20066,850,Monedero
1679,1418800,Laguna Quinenco,Costa Mar,20066,L2,V1,2026-02-08 14:41:47,2026-02-08 15:09:14,CW→CC,2026-02-08,,20066,20066,650,Monedero
1680,1418801,Cristo Redentor,Diagonal Bio Bio,20066,L2,V1,2026-02-08 14:43:46,2026-02-08 15:13:23,CW→CC,2026-02-08,,20066,20063,680,Monedero
1681,1418801,Diagonal Bio Bio,Cristo Redentor,20171,L2,V1,2026-02-08 20:39:21,2026-02-08 21:43:56,CC→CW,2026-02-08,,20171,20167,680,Monedero
1682,1418952,Lomas Coloradas,Laguna Quinenco,20063,L2,V1,2026-02-08 14:55:32,2026-02-08 15:18:54,CC→CW,2026-02-08,,20063,20063,650,Monedero
1683,1418952,Lomas Coloradas,Laguna Quinenco,20063,L2,V1,2026-02-08 14:55:39,2026-02-08 15:18:47,CC→CW,2026-02-08,,20063,20063,650,Monedero
1684,1418952,Lomas Coloradas,Laguna Quinenco,20063,L2,V1,2026-02-08 14:55:45,2026-02-08 15:18:40,CC→CW,2026-02-08,,20063,20063,650,Monedero
1685,1418953,Alborada,Concepcion,20066,L2,V1,2026-02-08 14:48:03,2026-02-08 15:36:23,CW→CC,2026-02-08,,20066,20066,570,Monedero
1686,1418953,Concepcion,Alborada,20171,L2,V1,2026-02-08 20:45:45,2026-02-08 21:22:36,CC→CW,2026-02-08,match_por_salida_fallback,20171,20171,590,Monedero
1687,1418953,Concepcion,Alborada,20171,L2,V1,2026-02-08 20:46:43,2026-02-08 21:22:08,CC→CW,2026-02-08,combo_relajado_pase1,20171,20171,590,Monedero
1688,1418954,Concepcion,Concepcion,,,N/A,2026-02-08 14:55:14,2026-02-08 14:56:17,,2026-02-08,no viajo,,,420,Monedero
1689,1418955,Concepcion,Concepcion,,,N/A,2026-02-08 14:59:00,2026-02-08 14:59:47,,2026-02-08,no viajo,,,420,Monedero
1690,1418955,Concepcion,Concepcion,,,N/A,2026-02-08 15:46:45,2026-02-08 15:48:43,,2026-02-08,no viajo,,,420,Monedero
1691,1418956,Diagonal Bio Bio,Concepcion,20066,L2,V1,2026-02-08 15:03:39,2026-02-08 15:38:10,CW→CC,2026-02-08,,20066,20066,570,Monedero
1692,1418956,Diagonal Bio Bio,Concepcion,20066,L2,V1,2026-02-08 15:04:03,2026-02-08 15:35:51,CW→CC,2026-02-08,,20066,20066,570,Monedero
1693,1418956,Diagonal Bio Bio,Concepcion,20066,L2,V1,2026-02-08 15:04:21,2026-02-08 15:35:30,CW→CC,2026-02-08,,20066,20066,570,Monedero
1694,1418956,Diagonal Bio Bio,Concepcion,20066,L2,V1,2026-02-08 15:04:35,2026-02-08 15:35:21,CW→CC,2026-02-08,,20066,20066,570,Monedero
1695,1418956,Concepcion,Diagonal Bio Bio,20171,L2,V1,2026-02-08 19:30:30,2026-02-08 21:17:38,CC→CW,2026-02-08,combo_por_entrada,20171,,560,Monedero
1696,1418956,Concepcion,Diagonal Bio Bio,20171,L2,V1,2026-02-08 19:30:39,2026-02-08 21:17:34,CC→CW,2026-02-08,combo_por_entrada,20171,,560,Monedero
1697,1418956,Concepcion,Diagonal Bio Bio,20171,L2,V1,2026-02-08 19:30:48,2026-02-08 21:17:29,CC→CW,2026-02-08,combo_por_entrada,20171,,560,Monedero
1698,1418957,Concepcion,Concepcion,,,N/A,2026-02-08 15:01:29,2026-02-08 15:03:07,,2026-02-08,no viajo,,,420,Monedero
1699,1418960,Concepcion,Coronel,20067,L2,V1,2026-02-08 15:13:03,2026-02-08 16:15:54,CC→CW,2026-02-08,,20067,20067,880,Monedero
1700,1418960,Concepcion,Coronel,20067,L2,V1,2026-02-08 15:13:09,2026-02-08 16:15:43,CC→CW,2026-02-08,,20067,20067,880,Monedero
1701,1418961,Concepcion,Coronel,20067,L2,V1,2026-02-08 15:06:03,2026-02-08 16:16:41,CC→CW,2026-02-08,,20067,20067,880,Monedero
1702,1418962,Concepcion,Coronel,20067,L2,V1,2026-02-08 15:12:06,2026-02-08 16:15:18,CC→CW,2026-02-08,,20067,20067,880,Monedero
1703,1418962,Concepcion,Coronel,20067,L2,V1,2026-02-08 15:12:15,2026-02-08 16:15:07,CC→CW,2026-02-08,,20067,20067,880,Monedero
1704,1418966,Concepcion,Cristo Redentor,20067,L2,V1,2026-02-08 15:20:41,2026-02-08 16:09:12,CC→CW,2026-02-08,,20067,20067,850,Monedero
1705,1418966,Cristo Redentor,Concepcion,20170,L2,V1,2026-02-08 20:15:22,2026-02-08 21:00:17,CW→CC,2026-02-08,,20170,20170,850,Monedero
1706,1418967,Concepcion,Cristo Redentor,20067,L2,V1,2026-02-08 15:19:10,2026-02-08 16:09:23,CC→CW,2026-02-08,,20067,20067,850,Monedero
1707,1418967,Concepcion,Cristo Redentor,20067,L2,V1,2026-02-08 15:19:19,2026-02-08 16:09:19,CC→CW,2026-02-08,,20067,20067,850,Monedero
1708,1418967,Concepcion,Cristo Redentor,20067,L2,V1,2026-02-08 15:19:27,2026-02-08 16:09:14,CC→CW,2026-02-08,,20067,20067,850,Monedero
1709,1418969,Coronel,Concepcion,20160,L2,V1,2026-02-08 17:33:42,2026-02-08 18:28:59,CW→CC,2026-02-08,,20160,20160,880,Monedero
1710,1418969,Coronel,Concepcion,20160,L2,V1,2026-02-08 17:33:57,2026-02-08 18:28:49,CW→CC,2026-02-08,,20160,20160,880,Monedero
1711,1418971,Concepcion,Coronel,20067,L2,V1,2026-02-08 15:22:18,2026-02-08 16:16:09,CC→CW,2026-02-08,,20067,20067,880,Monedero
1712,1418973,Concepcion,Costa Mar,20067,L2,V1,2026-02-08 15:25:33,2026-02-08 15:45:23,CC→CW,2026-02-08,,20067,20067,570,Monedero
1713,1418974,Concepcion,Concepcion,,,N/A,2026-02-08 15:21:59,2026-02-08 15:24:02,,2026-02-08,no viajo,,,420,Monedero
1714,1418974,Concepcion,Concepcion,,,N/A,2026-02-08 18:37:21,2026-02-08 18:38:03,,2026-02-08,no viajo,,,420,Monedero
1715,1418976,Coronel,Concepcion,20068,L2,V1,2026-02-08 15:26:30,2026-02-08 16:24:25,CW→CC,2026-02-08,,20068,20068,880,Monedero
1716,1418977,Coronel,Concepcion,20068,L2,V1,2026-02-08 15:33:48,2026-02-08 16:27:55,CW→CC,2026-02-08,,20068,20068,880,Monedero
1717,1418978,Concepcion,Laguna Quinenco,20067,L2,V1,2026-02-08 15:26:39,2026-02-08 16:12:26,CC→CW,2026-02-08,,20067,20067,880,Monedero
1718,1418978,Concepcion,Laguna Quinenco,20067,L2,V1,2026-02-08 15:26:56,2026-02-08 16:11:43,CC→CW,2026-02-08,,20067,20067,880,Monedero
1719,1418978,Laguna Quinenco,Costa Mar,20166,L2,V1,2026-02-08 18:42:32,2026-02-08 19:46:51,CW→CC,2026-02-08,,20166,20166,650,Monedero
1720,1418978,Laguna Quinenco,Costa Mar,20166,L2,V1,2026-02-08 18:42:37,2026-02-08 19:46:47,CW→CC,2026-02-08,,20166,20166,650,Monedero
1721,1418979,Huinca,Concepcion,20068,L2,V1,2026-02-08 15:34:21,2026-02-08 16:25:48,CW→CC,2026-02-08,,20068,20068,850,Monedero
1722,1418981,Costa Mar,Lomas Coloradas,20067,L2,V1,2026-02-08 15:34:20,2026-02-08 15:50:21,CC→CW,2026-02-08,,20067,20067,430,Monedero
1723,1418982,Los Canelos,El Parque,20068,L2,V1,2026-02-08 15:42:25,2026-02-08 16:06:39,CW→CC,2026-02-08,,20068,20068,610,Monedero
1724,1418983,Cristo Redentor,Concepcion,20068,L2,V1,2026-02-08 15:41:12,2026-02-08 16:24:07,CW→CC,2026-02-08,,20068,20068,850,Monedero
1725,1418983,Concepcion,Cristo Redentor,20167,L2,V1,2026-02-08 19:38:52,2026-02-08 20:40:41,CC→CW,2026-02-08,,20167,20167,850,Monedero
1726,1418984,Cristo Redentor,Concepcion,20068,L2,V1,2026-02-08 15:41:26,2026-02-08 16:24:13,CW→CC,2026-02-08,,20068,20068,850,Monedero
1727,1418984,Concepcion,Cristo Redentor,20167,L2,V1,2026-02-08 19:39:02,2026-02-08 20:40:47,CC→CW,2026-02-08,,20167,20167,850,Monedero
1728,1418985,Costa Mar,Concepcion,20068,L2,V1,2026-02-08 15:45:04,2026-02-08 16:27:54,CW→CC,2026-02-08,,20068,20068,570,Monedero
1729,1418985,Costa Mar,Concepcion,20068,L2,V1,2026-02-08 15:45:17,2026-02-08 16:27:45,CW→CC,2026-02-08,,20068,20068,570,Monedero
1730,1418985,Costa Mar,Concepcion,20068,L2,V1,2026-02-08 15:45:20,2026-02-08 16:27:40,CW→CC,2026-02-08,,20068,20068,570,Monedero
1731,1418986,Concepcion,Mercado,20846,L1,V1,2026-02-08 15:46:35,2026-02-08 17:58:36,HQ→TH,2026-02-08,combo_por_entrada,20846,20076,900,Monedero
1732,1418986,Concepcion,Huinca,20171,L2,V1,2026-02-08 19:38:54,2026-02-08 21:41:25,CC→CW,2026-02-08,combo_por_entrada,20171,,900,Monedero
1733,1419123,Concepcion,Laguna Quinenco,20069,L2,V1,2026-02-08 16:46:17,2026-02-08 18:10:43,CC→CW,2026-02-08,,20069,20069,880,Monedero
1734,1419130,Laguna Quinenco,Concepcion,20170,L2,V1,2026-02-08 20:11:03,2026-02-08 21:03:09,CW→CC,2026-02-08,,20170,20170,880,Monedero
1735,1419131,El Parque,Concepcion,20068,L2,V1,2026-02-08 15:55:14,2026-02-08 16:26:01,CW→CC,2026-02-08,,20068,20068,570,Monedero
1736,1419132,Concepcion,Cristo Redentor,20069,L2,V1,2026-02-08 15:53:16,2026-02-08 17:24:33,CC→CW,2026-02-08,,20069,20069,850,Monedero
1737,1419133,El Parque,Concepcion,20068,L2,V1,2026-02-08 15:54:43,2026-02-08 16:26:10,CW→CC,2026-02-08,,20068,20068,570,Monedero
1738,1419134,Concepcion,El Parque,20069,L2,V1,2026-02-08 15:49:51,2026-02-08 17:05:08,CC→CW,2026-02-08,,20069,20069,570,Monedero
1739,1419134,Concepcion,El Parque,20069,L2,V1,2026-02-08 15:49:58,2026-02-08 17:04:58,CC→CW,2026-02-08,,20069,20069,570,Monedero
1740,1419135,Cdal. Raul Silva Henriquez,Concepcion,20068,L2,V1,2026-02-08 15:53:41,2026-02-08 16:24:56,CW→CC,2026-02-08,,20068,20068,570,Monedero
1741,1419136,Mercado,Los Condores,20845,L1,V1,2026-02-08 15:54:11,2026-02-08 16:12:09,TH→HQ,2026-02-08,,20845,20845,490,Monedero
1742,1419137,Los Condores,Concepcion,20845,L1,V1,2026-02-08 15:59:29,2026-02-08 16:28:27,TH→HQ,2026-02-08,,20845,20845,500,Monedero
1743,1419137,Los Condores,Concepcion,20845,L1,V1,2026-02-08 15:59:37,2026-02-08 16:28:17,TH→HQ,2026-02-08,,20845,20845,500,Monedero
1744,1419138,Concepcion,Cristo Redentor,20069,L2,V1,2026-02-08 15:53:01,2026-02-08 17:24:23,CC→CW,2026-02-08,,20069,20069,850,Monedero
1745,1419139,Concepcion,Hito Galvarino,20069,L2,V1,2026-02-08 16:02:03,2026-02-08 17:17:00,CC→CW,2026-02-08,combo_por_entrada,20069,20069,870,Monedero
1746,1419139,Concepcion,Hito Galvarino,20069,L2,V1,2026-02-08 16:02:17,2026-02-08 17:16:39,CC→CW,2026-02-08,combo_por_entrada,20069,20069,870,Monedero
1747,1419140,Concepcion,Coronel,20069,L2,V1,2026-02-08 16:03:58,2026-02-08 17:31:46,CC→CW,2026-02-08,,20069,20069,880,Monedero
1748,1419140,Concepcion,Coronel,20069,L2,V1,2026-02-08 16:04:10,2026-02-08 17:31:35,CC→CW,2026-02-08,,20069,20069,880,Monedero
1749,1419140,Concepcion,Coronel,20069,L2,V1,2026-02-08 16:04:25,2026-02-08 17:31:15,CC→CW,2026-02-08,,20069,20069,880,Monedero
1750,1419141,Juan Pablo II,Concepcion,20068,L2,V1,2026-02-08 16:02:47,2026-02-08 16:45:55,CW→CC,2026-02-08,combo_por_entrada,20068,20845,590,Monedero
1751,1419142,Los Condores,La Leonera,20845,L1,V1,2026-02-08 16:05:52,2026-02-08 16:48:07,TH→HQ,2026-02-08,,20845,20845,540,Monedero
1752,1419142,La Leonera,Los Condores,20848,L1,V1,2026-02-08 20:38:28,2026-02-08 21:20:23,HQ→TH,2026-02-08,,20848,20848,540,Monedero
1753,1419144,Los Condores,La Leonera,20845,L1,V1,2026-02-08 16:05:50,2026-02-08 16:47:50,TH→HQ,2026-02-08,,20845,20845,540,Monedero
1754,1419144,La Leonera,Los Condores,20848,L1,V1,2026-02-08 20:38:17,2026-02-08 21:20:07,HQ→TH,2026-02-08,,20848,20848,540,Monedero
1755,1419145,El Parque,Cristo Redentor,20157,L2,V1,2026-02-08 17:13:30,2026-02-08 18:08:16,CC→CW,2026-02-08,,20157,,630,Monedero
1756,1419147,El Parque,Concepcion,20076,L2,V1,2026-02-08 16:20:41,2026-02-08 17:31:09,CW→CC,2026-02-08,,20076,20076,570,Monedero
1757,1419148,El Parque,Concepcion,20076,L2,V1,2026-02-08 16:21:13,2026-02-08 17:31:20,CW→CC,2026-02-08,,20076,20076,570,Monedero
1758,1419149,El Parque,Concepcion,20076,L2,V1,2026-02-08 16:20:51,2026-02-08 17:31:26,CW→CC,2026-02-08,,20076,20076,570,Monedero
1759,1419150,Cristo Redentor,Concepcion,20076,L2,V1,2026-02-08 16:22:06,2026-02-08 17:30:23,CW→CC,2026-02-08,,20076,20076,850,Monedero
1760,1419151,Laguna Quinenco,Concepcion,20076,L2,V1,2026-02-08 16:24:09,2026-02-08 17:31:29,CW→CC,2026-02-08,,20076,20076,880,Monedero
1761,1419152,El Parque,Concepcion,20076,L2,V1,2026-02-08 16:20:51,2026-02-08 17:31:01,CW→CC,2026-02-08,,20076,20076,570,Monedero
1762,1419153,Concepcion,Cristo Redentor,20069,L2,V1,2026-02-08 16:33:00,2026-02-08 17:25:28,CC→CW,2026-02-08,,20069,20069,850,Monedero
1763,1419154,Concepcion,Cristo Redentor,20069,L2,V1,2026-02-08 16:35:48,2026-02-08 17:24:31,CC→CW,2026-02-08,,20069,20069,850,Monedero
1764,1419155,Cristo Redentor,Concepcion,20076,L2,V1,2026-02-08 16:34:59,2026-02-08 17:30:12,CW→CC,2026-02-08,,20076,20076,850,Monedero
1765,1419155,Concepcion,Cristo Redentor,20167,L2,V1,2026-02-08 19:39:07,2026-02-08 20:41:16,CC→CW,2026-02-08,,20167,20167,850,Monedero
1766,1419156,Concepcion,Laguna Quinenco,20069,L2,V1,2026-02-08 16:40:24,2026-02-08 17:27:46,CC→CW,2026-02-08,,20069,20069,880,Monedero
1767,1419156,Concepcion,Laguna Quinenco,20069,L2,V1,2026-02-08 16:40:33,2026-02-08 17:27:41,CC→CW,2026-02-08,,20069,20069,880,Monedero
1768,1419156,Laguna Quinenco,Concepcion,20162,L2,V1,2026-02-08 18:16:01,2026-02-08 18:59:43,CW→CC,2026-02-08,,20162,20162,880,Monedero
1769,1419157,Concepcion,Hito Galvarino,20069,L2,V1,2026-02-08 16:37:52,2026-02-08 17:16:25,CC→CW,2026-02-08,,20069,20069,850,Monedero
1770,1419157,Concepcion,Hito Galvarino,20069,L2,V1,2026-02-08 16:38:00,2026-02-08 17:16:06,CC→CW,2026-02-08,,20069,20069,850,Monedero
1771,1419158,Concepcion,Lomas Coloradas,20069,L2,V1,2026-02-08 16:39:03,2026-02-08 17:06:37,CC→CW,2026-02-08,,20069,20069,570,Monedero
1772,1419160,Concepcion,Coronel,20069,L2,V1,2026-02-08 16:40:48,2026-02-08 17:30:41,CC→CW,2026-02-08,,20069,20069,880,Monedero
1773,1419161,Coronel,Concepcion,20076,L2,V1,2026-02-08 16:42:13,2026-02-08 17:30:28,CW→CC,2026-02-08,,20076,20076,880,Monedero
1774,1419161,Concepcion,Laguna Quinenco,20161,L2,V1,2026-02-08 18:32:21,2026-02-08 19:44:00,CC→CW,2026-02-08,,20161,20161,880,Monedero
1775,1419163,Huinca,Diagonal Bio Bio,20076,L2,V1,2026-02-08 16:43:46,2026-02-08 17:19:13,CW→CC,2026-02-08,,20076,20076,680,Monedero
1776,1419163,Diagonal Bio Bio,Huinca,20163,L2,V1,2026-02-08 19:00:12,2026-02-08 19:38:32,CC→CW,2026-02-08,,20163,20163,680,Monedero
1777,1419164,Laguna Quinenco,Concepcion,20076,L2,V1,2026-02-08 16:45:13,2026-02-08 17:33:44,CW→CC,2026-02-08,,20076,20076,880,Monedero
1778,1419164,Concepcion,Laguna Quinenco,20171,L2,V1,2026-02-08 20:24:57,2026-02-08 21:45:14,CC→CW,2026-02-08,,20171,,880,Monedero
1779,1419165,Laguna Quinenco,Cristo Redentor,20076,L2,V1,2026-02-08 16:36:33,2026-02-08 16:51:42,CW→CC,2026-02-08,,20076,20076,450,Monedero
1780,1419282,Coronel,Concepcion,20160,L2,V1,2026-02-08 17:32:26,2026-02-08 18:29:37,CW→CC,2026-02-08,,20160,20160,880,Monedero
1781,1419282,Coronel,Concepcion,20160,L2,V1,2026-02-08 17:32:38,2026-02-08 18:28:35,CW→CC,2026-02-08,,20160,20160,880,Monedero
1782,1419308,Concepcion,Cristo Redentor,20069,L2,V1,2026-02-08 16:47:28,2026-02-08 18:08:23,CC→CW,2026-02-08,,20069,20069,850,Monedero
1783,1419309,Concepcion,Concepcion,,,N/A,2026-02-08 16:52:18,2026-02-08 16:53:33,,2026-02-08,no viajo,,,420,Monedero
1784,1419309,Concepcion,Concepcion,,,N/A,2026-02-08 18:55:47,2026-02-08 18:56:53,,2026-02-08,no viajo,,,420,Monedero
1785,1419310,El Parque,Concepcion,20076,L2,V1,2026-02-08 16:48:21,2026-02-08 17:31:27,CW→CC,2026-02-08,,20076,20076,570,Monedero
1786,1419312,Concepcion,El Parque,20157,L2,V1,2026-02-08 17:01:43,2026-02-08 17:53:48,CC→CW,2026-02-08,,20157,20157,570,Monedero
1787,1419312,El Parque,Concepcion,20166,L2,V1,2026-02-08 19:04:26,2026-02-08 20:01:03,CW→CC,2026-02-08,,20166,20166,570,Monedero
1788,1419313,Hito Galvarino,Concepcion,20076,L2,V1,2026-02-08 16:57:04,2026-02-08 17:32:14,CW→CC,2026-02-08,,20076,20076,850,Monedero
1789,1419315,El Parque,Concepcion,20076,L2,V1,2026-02-08 17:04:53,2026-02-08 17:31:05,CW→CC,2026-02-08,,20076,20076,570,Monedero
1790,1419316,Cdal. Raul Silva Henriquez,Coronel,20069,L2,V1,2026-02-08 17:05:53,2026-02-08 17:31:00,CC→CW,2026-02-08,,20069,20069,650,Monedero
1791,1419317,Chiguayante,Concepcion,20846,L1,V1,2026-02-08 17:08:03,2026-02-08 19:01:12,HQ→TH,2026-02-08,,20846,20846,510,Monedero
1792,1419317,Chiguayante,Concepcion,20846,L1,V1,2026-02-08 17:08:20,2026-02-08 19:00:43,HQ→TH,2026-02-08,,20846,20846,510,Monedero
1793,1419318,Chiguayante,Concepcion,20846,L1,V1,2026-02-08 17:08:29,2026-02-08 19:00:36,HQ→TH,2026-02-08,,20846,20846,510,Monedero
1794,1419319,Manquimavida,UTF Santa Maria,20846,L1,V1,2026-02-08 17:10:00,2026-02-08 17:43:48,HQ→TH,2026-02-08,,20846,20846,540,Monedero
1795,1419320,Cristo Redentor,Juan Pablo II,20160,L2,V1,2026-02-08 17:17:17,2026-02-08 18:21:02,CW→CC,2026-02-08,,20160,20160,680,Monedero
1796,1419320,Cristo Redentor,Juan Pablo II,20160,L2,V1,2026-02-08 17:17:24,2026-02-08 18:20:49,CW→CC,2026-02-08,,20160,20160,680,Monedero
1797,1419321,Concepcion,Costa Mar,20157,L2,V1,2026-02-08 17:25:18,2026-02-08 17:48:19,CC→CW,2026-02-08,,20157,20157,570,Monedero
1798,1419322,Concepcion,Juan Pablo II,20157,L2,V1,2026-02-08 17:17:09,2026-02-08 17:41:53,CC→CW,2026-02-08,,20157,20157,570,Monedero
1799,1419323,Concepcion,Juan Pablo II,20157,L2,V1,2026-02-08 17:16:54,2026-02-08 17:42:06,CC→CW,2026-02-08,,20157,20157,570,Monedero
1800,1419324,Concepcion,Higueras,20846,L1,V1,2026-02-08 17:22:01,2026-02-08 17:50:35,HQ→TH,2026-02-08,,20846,20846,500,Monedero
1801,1419325,Concepcion,Coronel,20157,L2,V1,2026-02-08 17:25:53,2026-02-08 18:15:03,CC→CW,2026-02-08,,20157,,880,Monedero
1802,1419325,Concepcion,Coronel,20157,L2,V1,2026-02-08 17:26:05,2026-02-08 18:14:54,CC→CW,2026-02-08,,20157,,880,Monedero
1803,1419325,Concepcion,Coronel,20157,L2,V1,2026-02-08 17:26:13,2026-02-08 18:14:46,CC→CW,2026-02-08,,20157,,880,Monedero
1804,1419325,Coronel,Concepcion,20170,L2,V1,2026-02-08 20:01:30,2026-02-08 21:06:19,CW→CC,2026-02-08,,20170,20170,880,Monedero
1805,1419326,Laguna Quinenco,El Parque,20160,L2,V1,2026-02-08 17:19:24,2026-02-08 18:10:12,CW→CC,2026-02-08,,20160,20160,650,Monedero
1806,1419327,Concepcion,Juan Pablo II,20157,L2,V1,2026-02-08 17:17:40,2026-02-08 17:42:01,CC→CW,2026-02-08,,20157,20157,570,Monedero
1807,1419328,Chiguayante,UTF Santa Maria,20846,L1,V1,2026-02-08 17:13:36,2026-02-08 17:43:16,HQ→TH,2026-02-08,,20846,20846,540,Monedero
1808,1419329,Los Canelos,Concepcion,20160,L2,V1,2026-02-08 17:23:39,2026-02-08 18:30:07,CW→CC,2026-02-08,,20160,20160,850,Monedero
1809,1419331,Coronel,Concepcion,20160,L2,V1,2026-02-08 17:33:47,2026-02-08 18:26:46,CW→CC,2026-02-08,,20160,20160,880,Monedero
1810,1419333,Concepcion,Concepcion,,,N/A,2026-02-08 17:32:24,2026-02-08 18:44:21,,2026-02-08,no viajo,,,420,Monedero
1811,1419335,Huinca,Concepcion,20160,L2,V1,2026-02-08 17:41:37,2026-02-08 18:28:07,CW→CC,2026-02-08,,20160,20160,850,Monedero
1812,1419336,Lomas Coloradas,Cristo Redentor,20157,L2,V1,2026-02-08 17:43:53,2026-02-08 18:08:37,CC→CW,2026-02-08,,20157,,630,Monedero
1813,1419337,Lomas Coloradas,Concepcion,20160,L2,V1,2026-02-08 17:43:54,2026-02-08 18:27:46,CW→CC,2026-02-08,,20160,20160,570,Monedero
1814,1419337,Lomas Coloradas,Concepcion,20160,L2,V1,2026-02-08 17:44:02,2026-02-08 18:27:39,CW→CC,2026-02-08,,20160,20160,570,Monedero
1815,1419339,Concepcion,Concepcion,,,N/A,2026-02-08 17:47:28,2026-02-08 17:47:56,,2026-02-08,no viajo,,,420,Monedero
1816,1419453,El Parque,Juan Pablo II,20160,L2,V1,2026-02-08 17:53:46,2026-02-08 18:19:58,CW→CC,2026-02-08,,20160,20160,510,Monedero
1817,1419454,El Parque,Concepcion,20160,L2,V1,2026-02-08 17:58:42,2026-02-08 18:27:14,CW→CC,2026-02-08,,20160,20160,570,Monedero
1818,1419454,El Parque,Concepcion,20160,L2,V1,2026-02-08 17:58:48,2026-02-08 18:27:09,CW→CC,2026-02-08,,20160,20160,570,Monedero
1819,1419454,El Parque,Concepcion,20160,L2,V1,2026-02-08 17:58:56,2026-02-08 18:27:06,CW→CC,2026-02-08,,20160,20160,570,Monedero
1820,1419455,Lomas Coloradas,Concepcion,20160,L2,V1,2026-02-08 18:00:21,2026-02-08 18:27:43,CW→CC,2026-02-08,,20160,20160,570,Monedero
1821,1419456,Concepcion,Cristo Redentor,20161,L2,V1,2026-02-08 17:55:26,2026-02-08 19:09:37,CC→CW,2026-02-08,,20161,20161,850,Monedero
1822,1419457,Coronel,Concepcion,20162,L2,V1,2026-02-08 18:12:17,2026-02-08 19:09:58,CW→CC,2026-02-08,,20162,20162,880,Monedero
1823,1419458,Alborada,Concepcion,20160,L2,V1,2026-02-08 18:02:18,2026-02-08 18:31:35,CW→CC,2026-02-08,,20160,20160,570,Monedero
1824,1419460,Cdal. Raul Silva Henriquez,Concepcion,20160,L2,V1,2026-02-08 17:59:59,2026-02-08 18:31:03,CW→CC,2026-02-08,,20160,20160,570,Monedero
1825,1419461,Los Canelos,Concepcion,20162,L2,V1,2026-02-08 18:07:01,2026-02-08 19:00:59,CW→CC,2026-02-08,,20162,20162,850,Monedero
1826,1419464,El Parque,Concepcion,20160,L2,V1,2026-02-08 17:46:19,2026-02-08 18:27:50,CW→CC,2026-02-08,,20160,20160,570,Monedero
1827,1419467,Los Canelos,Concepcion,20162,L2,V1,2026-02-08 18:16:51,2026-02-08 18:59:28,CW→CC,2026-02-08,,20162,20162,850,Monedero
1828,1419468,Laguna Quinenco,Concepcion,20162,L2,V1,2026-02-08 18:16:00,2026-02-08 18:59:35,CW→CC,2026-02-08,,20162,20162,880,Monedero
1829,1419470,El Parque,Coronel,20161,L2,V1,2026-02-08 18:27:09,2026-02-08 19:14:00,CC→CW,2026-02-08,,20161,20161,650,Monedero
1830,1419471,Lomas Coloradas,Concepcion,20162,L2,V1,2026-02-08 18:18:54,2026-02-08 18:59:38,CW→CC,2026-02-08,,20162,20162,570,Monedero
1831,1419472,Huinca,Concepcion,20162,L2,V1,2026-02-08 18:22:24,2026-02-08 19:00:14,CW→CC,2026-02-08,,20162,20162,850,Monedero
1832,1419472,Huinca,Concepcion,20162,L2,V1,2026-02-08 18:22:39,2026-02-08 18:59:58,CW→CC,2026-02-08,,20162,20162,850,Monedero
1833,1419473,El Parque,Coronel,20161,L2,V1,2026-02-08 18:27:24,2026-02-08 19:14:10,CC→CW,2026-02-08,,20161,20161,650,Monedero
1834,1419473,El Parque,Coronel,20161,L2,V1,2026-02-08 18:28:42,2026-02-08 19:13:56,CC→CW,2026-02-08,,20161,20161,650,Monedero
1835,1419475,Diagonal Bio Bio,Costa Mar,20161,L2,V1,2026-02-08 18:27:11,2026-02-08 18:44:57,CC→CW,2026-02-08,,20161,20161,510,Monedero
1836,1419476,Costa Mar,El Parque,20161,L2,V1,2026-02-08 18:34:26,2026-02-08 18:48:17,CC→CW,2026-02-08,,20161,20161,430,Monedero
1837,1419477,Concepcion,Alborada,20163,L2,V1,2026-02-08 18:37:10,2026-02-08 19:16:10,CC→CW,2026-02-08,,20163,20161,570,Monedero
1838,1419478,El Parque,Concepcion,20162,L2,V1,2026-02-08 18:42:00,2026-02-08 20:02:35,CW→CC,2026-02-08,,20162,20162,570,Monedero
1839,1419480,Concepcion,Cdal. Raul Silva Henriquez,20163,L2,V1,2026-02-08 18:38:47,2026-02-08 19:25:57,CC→CW,2026-02-08,,20163,20163,570,Monedero
1840,1419481,Concepcion,Huinca,20163,L2,V1,2026-02-08 18:52:18,2026-02-08 19:39:03,CC→CW,2026-02-08,,20163,20163,850,Monedero
1841,1419482,Concepcion,Concepcion,,,N/A,2026-02-08 18:50:11,2026-02-08 18:51:06,,2026-02-08,no viajo,,,420,Monedero
1842,1419482,Concepcion,Concepcion,,,N/A,2026-02-08 18:50:22,2026-02-08 18:50:59,,2026-02-08,no viajo,,,420,Monedero
1843,1419483,Coronel,Laguna Quinenco,20166,L2,V1,2026-02-08 18:55:47,2026-02-08 19:22:44,CW→CC,2026-02-08,,20166,20166,440,Monedero
1844,1419483,Coronel,Laguna Quinenco,20166,L2,V1,2026-02-08 18:56:00,2026-02-08 19:22:38,CW→CC,2026-02-08,,20166,20166,440,Monedero
1845,1419587,Los Canelos,Concepcion,20166,L2,V1,2026-02-08 19:18:40,2026-02-08 20:00:38,CW→CC,2026-02-08,,20166,20166,850,Monedero
1846,1419613,Concepcion,Coronel,20163,L2,V1,2026-02-08 18:56:00,2026-02-08 19:46:18,CC→CW,2026-02-08,,20163,20163,880,Monedero
1847,1419614,Concepcion,Coronel,20163,L2,V1,2026-02-08 18:56:04,2026-02-08 19:46:21,CC→CW,2026-02-08,,20163,20163,880,Monedero
1848,1419615,Coronel,Concepcion,20166,L2,V1,2026-02-08 18:51:45,2026-02-08 20:00:16,CW→CC,2026-02-08,,20166,20166,880,Monedero
1849,1419616,Coronel,Concepcion,20166,L2,V1,2026-02-08 19:04:37,2026-02-08 20:00:48,CW→CC,2026-02-08,,20166,20166,880,Monedero
1850,1419616,Coronel,Concepcion,20166,L2,V1,2026-02-08 19:05:06,2026-02-08 20:00:35,CW→CC,2026-02-08,,20166,20166,880,Monedero
1851,1419617,Concepcion,Diagonal Bio Bio,20163,L2,V1,2026-02-08 18:57:48,2026-02-08 19:13:04,CC→CW,2026-02-08,,20163,20163,570,Monedero
1852,1419617,Concepcion,Diagonal Bio Bio,20163,L2,V1,2026-02-08 18:57:57,2026-02-08 19:12:40,CC→CW,2026-02-08,,20163,20163,570,Monedero
1853,1419618,Laguna Quinenco,Los Canelos,20166,L2,V1,2026-02-08 19:07:51,2026-02-08 19:29:19,CW→CC,2026-02-08,,20166,20166,530,Monedero
1854,1419619,Laguna Quinenco,Concepcion,20166,L2,V1,2026-02-08 19:10:04,2026-02-08 20:08:15,CW→CC,2026-02-08,,20166,20166,880,Monedero
1855,1419620,Hito Galvarino,Concepcion,20166,L2,V1,2026-02-08 19:11:57,2026-02-08 19:59:39,CW→CC,2026-02-08,,20166,20166,850,Monedero
1856,1419621,Costa Mar,Cristo Redentor,20163,L2,V1,2026-02-08 19:09:57,2026-02-08 19:40:15,CC→CW,2026-02-08,,20163,20163,630,Monedero
1857,1419622,Diagonal Bio Bio,Huinca,20163,L2,V1,2026-02-08 19:09:52,2026-02-08 19:38:32,CC→CW,2026-02-08,,20163,20163,680,Monedero
1858,1419623,Laguna Quinenco,Concepcion,20166,L2,V1,2026-02-08 19:09:38,2026-02-08 20:01:54,CW→CC,2026-02-08,,20166,20166,880,Monedero
1859,1419624,Diagonal Bio Bio,Concepcion,20166,L2,V1,2026-02-08 19:18:46,2026-02-08 20:02:05,CW→CC,2026-02-08,,20166,20166,570,Monedero
1860,1419625,El Parque,Concepcion,20166,L2,V1,2026-02-08 19:25:58,2026-02-08 20:00:45,CW→CC,2026-02-08,,20166,20166,570,Monedero
1861,1419625,El Parque,Concepcion,20166,L2,V1,2026-02-08 19:26:04,2026-02-08 20:00:35,CW→CC,2026-02-08,,20166,20166,570,Monedero
1862,1419625,El Parque,Concepcion,20166,L2,V1,2026-02-08 19:26:44,2026-02-08 19:59:45,CW→CC,2026-02-08,,20166,20166,570,Monedero
1863,1419626,Concepcion,Coronel,20167,L2,V1,2026-02-08 19:19:04,2026-02-08 20:46:40,CC→CW,2026-02-08,,20167,20167,880,Monedero
1864,1419627,Cristo Redentor,Concepcion,20166,L2,V1,2026-02-08 19:21:16,2026-02-08 20:01:10,CW→CC,2026-02-08,,20166,20166,850,Monedero
1865,1419627,Cristo Redentor,Concepcion,20166,L2,V1,2026-02-08 19:21:25,2026-02-08 20:01:04,CW→CC,2026-02-08,,20166,20166,850,Monedero
1866,1419627,Cristo Redentor,Concepcion,20166,L2,V1,2026-02-08 19:21:33,2026-02-08 20:00:49,CW→CC,2026-02-08,,20166,20166,850,Monedero
1867,1419628,Juan Pablo II,Los Canelos,20167,L2,V1,2026-02-08 19:24:25,2026-02-08 20:37:43,CC→CW,2026-02-08,,20167,20167,650,Monedero
1868,1419630,Mercado,Concepcion,20847,L1,V1,2026-02-08 19:30:58,2026-02-08 21:17:46,TH→HQ,2026-02-08,combo_por_entrada,20847,,560,Monedero
1869,1419632,Coronel,Concepcion,20170,L2,V1,2026-02-08 19:45:41,2026-02-08 21:01:05,CW→CC,2026-02-08,,20170,20170,880,Monedero
1870,1419633,Lomas Coloradas,Costa Mar,20166,L2,V1,2026-02-08 19:38:16,2026-02-08 19:46:27,CW→CC,2026-02-08,,20166,20166,430,Monedero
1871,1419633,Costa Mar,Lomas Coloradas,20171,L2,V1,2026-02-08 21:15:55,2026-02-08 21:27:11,CC→CW,2026-02-08,,20171,,430,Monedero
1872,1419634,Mercado,UTF Santa Maria,20847,L1,V1,2026-02-08 19:43:43,2026-02-08 20:16:58,TH→HQ,2026-02-08,,20847,20847,490,Monedero
1873,1419635,Concepcion,Alborada,20167,L2,V1,2026-02-08 19:45:13,2026-02-08 20:15:46,CC→CW,2026-02-08,,20167,20167,570,Monedero
1874,1419636,Diagonal Bio Bio,Los Canelos,20167,L2,V1,2026-02-08 19:50:09,2026-02-08 20:37:46,CC→CW,2026-02-08,,20167,20167,650,Monedero
1875,1419636,Diagonal Bio Bio,Los Canelos,20167,L2,V1,2026-02-08 19:50:20,2026-02-08 20:36:56,CC→CW,2026-02-08,,20167,20167,650,Monedero
1876,1419637,Concepcion,Hito Galvarino,20167,L2,V1,2026-02-08 19:46:22,2026-02-08 20:32:52,CC→CW,2026-02-08,,20167,20167,850,Monedero
1877,1419638,Concepcion,Diagonal Bio Bio,20167,L2,V1,2026-02-08 19:46:05,2026-02-08 20:12:37,CC→CW,2026-02-08,,20167,20167,570,Monedero
1878,1419639,El Parque,Concepcion,20166,L2,V1,2026-02-08 19:42:28,2026-02-08 19:59:48,CW→CC,2026-02-08,,20166,20166,570,Monedero
1879,1419753,Laguna Quinenco,Diagonal Bio Bio,20170,L2,V1,2026-02-08 19:52:13,2026-02-08 20:51:58,CW→CC,2026-02-08,,20170,20170,790,Monedero
1880,1419754,UTF Santa Maria,Hualqui,20847,L1,V1,2026-02-08 19:48:00,2026-02-08 21:02:44,TH→HQ,2026-02-08,,20847,20847,560,Monedero
1881,1419754,UTF Santa Maria,Hualqui,20847,L1,V1,2026-02-08 19:48:06,2026-02-08 21:02:25,TH→HQ,2026-02-08,,20847,20847,560,Monedero
1882,1419755,Mercado,UTF Santa Maria,20847,L1,V1,2026-02-08 19:44:32,2026-02-08 20:16:53,TH→HQ,2026-02-08,,20847,20847,490,Monedero
1883,1419756,Laguna Quinenco,Lomas Coloradas,20170,L2,V1,2026-02-08 19:58:44,2026-02-08 20:41:00,CW→CC,2026-02-08,,20170,20170,650,Monedero
1884,1419759,Concepcion,Cristo Redentor,20167,L2,V1,2026-02-08 19:39:00,2026-02-08 20:41:54,CC→CW,2026-02-08,,20167,20167,850,Monedero
1885,1419760,Concepcion,Huinca,20167,L2,V1,2026-02-08 20:00:38,2026-02-08 20:39:55,CC→CW,2026-02-08,,20167,20167,850,Monedero
1886,1419761,El Parque,Cristo Redentor,20167,L2,V1,2026-02-08 20:02:24,2026-02-08 20:42:18,CC→CW,2026-02-08,,20167,20167,630,Monedero
1887,1419763,Concepcion,Concepcion,,,N/A,2026-02-08 19:59:22,2026-02-08 20:01:25,,2026-02-08,no viajo,,,420,Monedero
1888,1419764,Hualqui,Lzo. Arenas,20848,L1,V1,2026-02-08 20:12:23,2026-02-08 21:13:19,HQ→TH,2026-02-08,,20848,20848,550,Monedero
1889,1419765,Higueras,Concepcion,20847,L1,V1,2026-02-08 20:08:49,2026-02-08 20:24:48,TH→HQ,2026-02-08,,20847,20847,500,Monedero
1890,1419766,Laguna Quinenco,Concepcion,20170,L2,V1,2026-02-08 20:13:33,2026-02-08 21:01:13,CW→CC,2026-02-08,,20170,20170,880,Monedero
1891,1419767,Hualqui,Los Condores,20848,L1,V1,2026-02-08 20:13:05,2026-02-08 21:20:45,HQ→TH,2026-02-08,,20848,20848,560,Monedero
1892,1419768,El Parque,Cdal. Raul Silva Henriquez,20167,L2,V1,2026-02-08 20:08:25,2026-02-08 20:26:20,CC→CW,2026-02-08,,20167,20167,430,Monedero
1893,1419769,Concepcion,La Leonera,20847,L1,V1,2026-02-08 20:12:01,2026-02-08 20:49:18,TH→HQ,2026-02-08,,20847,20847,510,Monedero
1894,1419770,Hito Galvarino,Concepcion,20170,L2,V1,2026-02-08 20:13:36,2026-02-08 21:01:25,CW→CC,2026-02-08,,20170,20170,850,Monedero
1895,1419770,Hito Galvarino,Concepcion,20170,L2,V1,2026-02-08 20:13:40,2026-02-08 21:01:17,CW→CC,2026-02-08,,20170,20170,850,Monedero
1896,1419771,Concepcion,La Leonera,20847,L1,V1,2026-02-08 20:11:36,2026-02-08 20:49:05,TH→HQ,2026-02-08,,20847,20847,510,Monedero
1897,1419772,Concepcion,Hualqui,20847,L1,V1,2026-02-08 20:15:39,2026-02-08 21:01:17,TH→HQ,2026-02-08,,20847,20847,550,Monedero
1898,1419774,Concepcion,Huinca,20171,L2,V1,2026-02-08 20:16:49,2026-02-08 21:41:16,CC→CW,2026-02-08,,20171,,850,Monedero
1899,1419775,Los Canelos,Concepcion,20170,L2,V1,2026-02-08 20:27:09,2026-02-08 21:00:28,CW→CC,2026-02-08,,20170,20170,850,Monedero
1900,1419776,Cristo Redentor,Concepcion,20170,L2,V1,2026-02-08 20:22:58,2026-02-08 21:00:32,CW→CC,2026-02-08,,20170,20170,850,Monedero
1901,1419779,Costa Mar,Concepcion,20170,L2,V1,2026-02-08 20:34:56,2026-02-08 21:00:44,CW→CC,2026-02-08,,20170,20170,570,Monedero
1902,1419780,Lomas Coloradas,Juan Pablo II,20170,L2,V1,2026-02-08 20:38:22,2026-02-08 20:54:46,CW→CC,2026-02-08,,20170,20170,510,Monedero
1903,1419781,Concepcion,Coronel,20171,L2,V1,2026-02-08 20:37:48,2026-02-08 21:48:40,CC→CW,2026-02-08,,20171,,880,Monedero
1904,1419781,Concepcion,Coronel,20171,L2,V1,2026-02-08 20:37:53,2026-02-08 21:48:13,CC→CW,2026-02-08,,20171,,880,Monedero
1905,1419782,Concepcion,Cdal. Raul Silva Henriquez,20171,L2,V1,2026-02-08 20:41:58,2026-02-08 21:30:57,CC→CW,2026-02-08,,20171,,570,Monedero
1906,1419782,Concepcion,Cdal. Raul Silva Henriquez,20171,L2,V1,2026-02-08 20:42:07,2026-02-08 21:30:39,CC→CW,2026-02-08,,20171,,570,Monedero
1907,1419786,Concepcion,Los Condores,20848,L1,V1,2026-02-08 20:44:15,2026-02-08 21:20:47,HQ→TH,2026-02-08,,20848,20848,500,Monedero
1908,1419787,Concepcion,Mercado,20848,L1,V1,2026-02-08 20:43:49,2026-02-08 21:31:48,HQ→TH,2026-02-08,match_por_salida_fallback,20848,20170,590,Monedero
1909,1419788,Costa Mar,Concepcion,20170,L2,V1,2026-02-08 20:42:49,2026-02-08 21:01:14,CW→CC,2026-02-08,,20170,20170,570,Monedero
1910,1419874,Concepcion,Cdal. Raul Silva Henriquez,20171,L2,V1,2026-02-08 20:42:44,2026-02-08 21:30:36,CC→CW,2026-02-08,,20171,,570,Monedero
1911,1419875,Concepcion,Lomas Coloradas,20171,L2,V1,2026-02-08 20:53:53,2026-02-08 21:27:52,CC→CW,2026-02-08,,20171,,570,Monedero
1912,1419877,Juan Pablo II,Huinca,20171,L2,V1,2026-02-08 21:01:35,2026-02-08 21:41:13,CC→CW,2026-02-08,,20171,,680,Monedero
1913,1419878,Hualqui,Manquimavida,20880,L1,V2,2026-02-08 21:07:35,2026-02-08 21:31:40,,2026-02-08,sin_combo_factible_en_hub|sin_s1_factible_retro,,20880,500,Monedero
1914,1419878,Hualqui,Manquimavida,20880,L1,V2,2026-02-08 21:07:46,2026-02-08 21:31:21,,2026-02-08,sin_combo_factible_en_hub|sin_s1_factible_retro,,20880,500,Monedero
1915,1419879,Diagonal Bio Bio,Laguna Quinenco,20171,L2,V1,2026-02-08 21:09:38,2026-02-08 21:45:59,CC→CW,2026-02-08,,20171,,790,Monedero
1916,1419879,Diagonal Bio Bio,Laguna Quinenco,20171,L2,V1,2026-02-08 21:09:49,2026-02-08 21:45:44,CC→CW,2026-02-08,,20171,,790,Monedero
1917,1419880,Costa Mar,Coronel,20171,L2,V1,2026-02-08 21:20:00,2026-02-08 21:48:05,CC→CW,2026-02-08,,20171,,650,Monedero
1918,53034024,Manquimavida,Hualqui,20859,L1,V1,2026-02-08 12:58:04,2026-02-08 13:30:00,TH→HQ,2026-02-08,,20859,20859,0,Otros
1919,53034232,Juan Pablo II,Lomas Coloradas,20167,L2,V1,2026-02-08 19:44:45,2026-02-08 20:23:56,CC→CW,2026-02-08,,20167,20167,510,Monedero
1920,53034449,Laguna Quinenco,Costa Mar,20166,L2,V1,2026-02-08 19:09:46,2026-02-08 19:46:21,CW→CC,2026-02-08,,20166,20166,650,Monedero
1921,53034524,Concepcion,Mercado,20848,L1,V1,2026-02-08 20:20:12,2026-02-08 21:31:42,HQ→TH,2026-02-08,match_por_salida_fallback,20848,20848,900,Monedero
1922,53034645,Cdal. Raul Silva Henriquez,Costa Mar,20052,L2,V1,2026-02-08 11:32:50,2026-02-08 11:48:12,CW→CC,2026-02-08,,20052,20052,430,Monedero
1923,53034827,Huinca,Concepcion,20156,L2,V1,2026-02-08 09:13:34,2026-02-08 10:01:39,CW→CC,2026-02-08,,20156,20156,850,Monedero
1924,53035037,Los Canelos,Costa Mar,20076,L2,V1,2026-02-08 16:51:05,2026-02-08 17:14:01,CW→CC,2026-02-08,,20076,20076,310,Adulto Mayor
1925,53035140,Concepcion,Laguna Quinenco,20149,L2,V1,2026-02-08 08:30:45,2026-02-08 09:11:51,CC→CW,2026-02-08,,20149,20149,440,Adulto Mayor
1926,53035407,El Parque,Cristo Redentor,20059,L2,V1,2026-02-08 13:33:52,2026-02-08 13:58:53,CC→CW,2026-02-08,,20059,20059,320,Adulto Mayor
1927,53035407,Cristo Redentor,Costa Mar,20170,L2,V1,2026-02-08 20:17:57,2026-02-08 20:46:29,CW→CC,2026-02-08,,20170,20170,320,Adulto Mayor
1928,53035439,El Arenal,Lzo. Arenas,20847,L1,V1,2026-02-08 19:49:19,2026-02-08 20:20:51,TH→HQ,2026-02-08,,20847,20847,270,Adulto Mayor
1929,53035645,Hito Galvarino,Coronel,20035,L2,V1,2026-02-08 10:32:27,2026-02-08 10:46:44,CC→CW,2026-02-08,,20035,,530,Monedero
1930,53036759,El Arenal,UTF Santa Maria,20845,L1,V1,2026-02-08 15:58:22,2026-02-08 16:16:06,TH→HQ,2026-02-08,,20845,20845,270,Adulto Mayor
1931,53036932,El Parque,Huinca,20163,L2,V1,2026-02-08 19:11:26,2026-02-08 19:38:41,CC→CW,2026-02-08,,20163,20163,320,Adulto Mayor
1932,53036967,Laguna Quinenco,Los Canelos,20170,L2,V1,2026-02-08 19:49:28,2026-02-08 20:28:15,CW→CC,2026-02-08,,20170,20170,270,Adulto Mayor
1933,53037063,Cristo Redentor,Concepcion,20152,L2,V1,2026-02-08 08:18:54,2026-02-08 10:04:45,CW→CC,2026-02-08,,20152,20152,0,Otros
1934,53037063,Concepcion,Coronel,20059,L2,V1,2026-02-08 12:47:07,2026-02-08 14:21:02,CC→CW,2026-02-08,,20059,20059,0,Otros
1935,53037063,Coronel,Concepcion,20066,L2,V1,2026-02-08 14:31:21,2026-02-08 15:24:11,CW→CC,2026-02-08,,20066,20066,0,Otros
1936,53037063,Concepcion,Cristo Redentor,20069,L2,V1,2026-02-08 16:29:50,2026-02-08 17:24:01,CC→CW,2026-02-08,,20069,20069,0,Otros
1937,53037240,Hualqui,Concepcion,20846,L1,V1,2026-02-08 16:57:01,2026-02-08 17:33:23,HQ→TH,2026-02-08,,20846,20846,0,Otros
1938,53037387,Chiguayante,Mercado,20844,L1,V1,2026-02-08 12:28:59,2026-02-08 13:18:25,HQ→TH,2026-02-08,,20844,20844,280,Adulto Mayor
1939,53037485,Laguna Quinenco,Concepcion,20044,L2,V1,2026-02-08 09:45:55,2026-02-08 10:48:07,CW→CC,2026-02-08,,20044,20040,0,Otros
1940,53037485,Concepcion,Laguna Quinenco,20059,L2,V1,2026-02-08 13:14:45,2026-02-08 14:01:19,CC→CW,2026-02-08,,20059,20059,0,Otros
1941,53037519,Concepcion,Coronel,20161,L2,V1,2026-02-08 18:14:56,2026-02-08 19:13:45,CC→CW,2026-02-08,,20161,20161,0,Otros
1942,53037641,Los Canelos,Cdal. Raul Silva Henriquez,20068,L2,V1,2026-02-08 15:44:53,2026-02-08 16:01:00,CW→CC,2026-02-08,,20068,20068,310,Adulto Mayor
1943,53037686,Costa Mar,Cdal. Raul Silva Henriquez,20171,L2,V1,2026-02-08 21:14:39,2026-02-08 21:30:28,CC→CW,2026-02-08,,20171,,0,Otros
1944,53037721,Concepcion,Cristo Redentor,20063,L2,V1,2026-02-08 14:04:16,2026-02-08 15:15:15,CC→CW,2026-02-08,,20063,20063,430,Adulto Mayor
1945,53037726,Huinca,Laguna Quinenco,20067,L2,V1,2026-02-08 16:01:53,2026-02-08 16:11:48,CC→CW,2026-02-08,,20067,20067,0,Otros
1946,53037730,Laguna Quinenco,Concepcion,20156,L2,V1,2026-02-08 08:52:35,2026-02-08 10:02:14,CW→CC,2026-02-08,,20156,20156,440,Adulto Mayor
1947,53037730,Laguna Quinenco,Concepcion,20156,L2,V1,2026-02-08 08:52:52,2026-02-08 10:02:24,CW→CC,2026-02-08,,20156,20156,880,Monedero
1948,53037741,Los Canelos,El Parque,20056,L2,V1,2026-02-08 12:24:58,2026-02-08 12:44:59,CW→CC,2026-02-08,,20056,20056,310,Adulto Mayor
1949,53038872,Huinca,Diagonal Bio Bio,20162,L2,V1,2026-02-08 18:16:44,2026-02-08 18:49:43,CW→CC,2026-02-08,,20162,20162,340,Adulto Mayor
1950,53038976,Concepcion,Laguna Quinenco,20161,L2,V1,2026-02-08 18:25:08,2026-02-08 19:11:18,CC→CW,2026-02-08,,20161,20161,880,Monedero
1951,53039363,Lomas Coloradas,Concepcion,20062,L2,V1,2026-02-08 13:57:41,2026-02-08 14:34:35,CW→CC,2026-02-08,,20062,20062,290,Adulto Mayor
1952,53039874,El Parque,Juan Pablo II,20162,L2,V1,2026-02-08 18:29:22,2026-02-08 18:53:10,CW→CC,2026-02-08,,20162,20162,260,Adulto Mayor
1953,53040508,Cristo Redentor,Costa Mar,20052,L2,V1,2026-02-08 11:18:58,2026-02-08 11:48:19,CW→CC,2026-02-08,,20052,20052,0,Otros
1954,53040508,Costa Mar,Cristo Redentor,20069,L2,V1,2026-02-08 16:21:39,2026-02-08 17:24:55,CC→CW,2026-02-08,,20069,20069,0,Otros
1955,53040625,Concepcion,Cristo Redentor,20051,L2,V1,2026-02-08 11:34:08,2026-02-08 12:22:53,CC→CW,2026-02-08,,20051,20049,850,Monedero
1956,53040747,Juan Pablo II,Hito Galvarino,20167,L2,V1,2026-02-08 19:58:21,2026-02-08 20:32:01,CC→CW,2026-02-08,,20167,20167,650,Monedero
1957,53040965,Laguna Quinenco,Los Canelos,20162,L2,V1,2026-02-08 17:50:44,2026-02-08 18:30:11,CW→CC,2026-02-08,,20162,20160,270,Adulto Mayor
1958,53040980,Huinca,El Parque,20040,L2,V1,2026-02-08 09:43:41,2026-02-08 10:06:08,CW→CC,2026-02-08,,20040,20040,0,Otros
1959,53040980,El Parque,Laguna Quinenco,20035,L2,V1,2026-02-08 10:14:08,2026-02-08 10:44:22,CC→CW,2026-02-08,,20035,,0,Otros
1960,53041153,Concepcion,Laguna Quinenco,20171,L2,V1,2026-02-08 20:44:47,2026-02-08 21:45:12,CC→CW,2026-02-08,,20171,,880,Monedero
1961,53041405,Lomas Coloradas,Concepcion,20152,L2,V1,2026-02-08 08:52:35,2026-02-08 09:16:07,CW→CC,2026-02-08,,20152,20152,570,Monedero
1962,53041405,Concepcion,Lomas Coloradas,20171,L2,V1,2026-02-08 20:53:08,2026-02-08 21:27:34,CC→CW,2026-02-08,,20171,,570,Monedero
1963,53042082,Lomas Coloradas,Huinca,20035,L2,V1,2026-02-08 10:21:55,2026-02-08 10:38:49,CC→CW,2026-02-08,,20035,,320,Adulto Mayor
1964,53042756,Coronel,Concepcion,20152,L2,V1,2026-02-08 08:19:11,2026-02-08 09:17:35,CW→CC,2026-02-08,,20152,20152,440,Adulto Mayor
1965,53042756,Concepcion,Laguna Quinenco,20059,L2,V1,2026-02-08 12:20:28,2026-02-08 14:01:30,CC→CW,2026-02-08,,20059,20059,440,Adulto Mayor
1966,53042930,Juan Pablo II,Costa Mar,20149,L2,V1,2026-02-08 08:13:08,2026-02-08 08:47:51,CC→CW,2026-02-08,,20149,20149,260,Adulto Mayor
1967,53042930,Costa Mar,Juan Pablo II,20162,L2,V1,2026-02-08 18:35:27,2026-02-08 18:53:24,CW→CC,2026-02-08,,20162,20162,260,Adulto Mayor
1968,53043022,Diagonal Bio Bio,Cristo Redentor,20167,L2,V1,2026-02-08 19:44:13,2026-02-08 20:41:38,CC→CW,2026-02-08,,20167,20167,0,Otros
1969,53043041,Concepcion,Coronel,20149,L2,V1,2026-02-08 08:32:46,2026-02-08 10:03:02,CC→CW,2026-02-08,,20149,20149,0,Otros
1970,53043144,Cristo Redentor,El Parque,20062,L2,V1,2026-02-08 13:51:43,2026-02-08 14:17:19,CW→CC,2026-02-08,,20062,20062,0,Otros
1971,53043144,El Parque,Cristo Redentor,20069,L2,V1,2026-02-08 16:42:20,2026-02-08 17:25:16,CC→CW,2026-02-08,,20069,20069,0,Otros
1972,53043170,Lomas Coloradas,Coronel,20069,L2,V1,2026-02-08 16:47:14,2026-02-08 17:30:26,CC→CW,2026-02-08,,20069,20069,330,Adulto Mayor
1973,53043237,Lomas Coloradas,Concepcion,20068,L2,V1,2026-02-08 15:54:32,2026-02-08 16:24:14,CW→CC,2026-02-08,,20068,20068,290,Adulto Mayor
1974,53043378,Laguna Quinenco,Concepcion,20044,L2,V1,2026-02-08 09:50:44,2026-02-08 10:56:57,CW→CC,2026-02-08,,20044,20044,0,Otros
1975,53043378,Concepcion,Laguna Quinenco,20063,L2,V1,2026-02-08 14:01:24,2026-02-08 15:18:49,CC→CW,2026-02-08,,20063,20063,0,Otros
1976,53043397,Cdal. Raul Silva Henriquez,Laguna Quinenco,20069,L2,V1,2026-02-08 16:52:47,2026-02-08 17:27:18,CC→CW,2026-02-08,,20069,20069,330,Adulto Mayor
1977,53043397,Laguna Quinenco,Cdal. Raul Silva Henriquez,20166,L2,V1,2026-02-08 19:09:35,2026-02-08 19:38:45,CW→CC,2026-02-08,,20166,20166,330,Adulto Mayor
1978,53043513,Laguna Quinenco,Juan Pablo II,20052,L2,V1,2026-02-08 11:23:28,2026-02-08 11:56:13,CW→CC,2026-02-08,,20052,20052,0,Otros
1979,53043513,Juan Pablo II,Laguna Quinenco,20167,L2,V1,2026-02-08 19:27:46,2026-02-08 20:45:35,CC→CW,2026-02-08,,20167,20167,0,Otros
1980,53043554,Laguna Quinenco,Huinca,20056,L2,V1,2026-02-08 11:45:54,2026-02-08 12:27:05,CW→CC,2026-02-08,,20056,20056,0,Otros
1981,53043554,Cristo Redentor,Laguna Quinenco,20069,L2,V1,2026-02-08 16:47:35,2026-02-08 17:27:55,CC→CW,2026-02-08,,20069,20069,0,Otros
1982,53043555,Concepcion,Laguna Quinenco,20149,L2,V1,2026-02-08 08:11:26,2026-02-08 09:12:17,CC→CW,2026-02-08,,20149,20149,440,Adulto Mayor
1983,53043580,Coronel,Lomas Coloradas,20050,L2,V1,2026-02-08 10:48:14,2026-02-08 11:19:07,CW→CC,2026-02-08,,20050,20050,0,Otros
1984,53043580,Lomas Coloradas,Laguna Quinenco,20053,L2,V1,2026-02-08 12:20:22,2026-02-08 12:51:30,CC→CW,2026-02-08,,20053,20053,0,Otros
1985,53043605,Laguna Quinenco,Los Canelos,20166,L2,V1,2026-02-08 19:10:01,2026-02-08 19:29:32,CW→CC,2026-02-08,,20166,20166,270,Adulto Mayor
1986,53043768,Los Canelos,Concepcion,20062,L2,V1,2026-02-08 13:55:45,2026-02-08 14:34:25,CW→CC,2026-02-08,,20062,20062,430,Adulto Mayor
1987,53043768,Concepcion,Los Canelos,20161,L2,V1,2026-02-08 18:15:07,2026-02-08 19:03:46,CC→CW,2026-02-08,,20161,20161,430,Adulto Mayor
1988,53043860,Chiguayante,Concepcion,20844,L1,V1,2026-02-08 12:28:32,2026-02-08 12:57:33,HQ→TH,2026-02-08,,20844,20844,0,Otros
1989,53043860,Concepcion,Concepcion,,,N/A,2026-02-08 13:15:37,2026-02-08 13:19:53,,2026-02-08,no viajo,,,0,Otros
1990,53043866,Higueras,Manquimavida,20845,L1,V1,2026-02-08 16:08:35,2026-02-08 16:45:34,TH→HQ,2026-02-08,,20845,20845,0,Otros
1991,53044022,Chiguayante,Concepcion,20844,L1,V1,2026-02-08 12:30:21,2026-02-08 12:57:02,HQ→TH,2026-02-08,,20844,20844,260,Adulto Mayor
1992,53044022,Chiguayante,Concepcion,20844,L1,V1,2026-02-08 12:30:26,2026-02-08 12:57:07,HQ→TH,2026-02-08,,20844,20844,510,Monedero
1993,53044044,Coronel,Concepcion,20044,L2,V1,2026-02-08 10:01:17,2026-02-08 10:47:44,CW→CC,2026-02-08,,20044,20044,440,Adulto Mayor
1994,53044044,Concepcion,Coronel,20163,L2,V1,2026-02-08 19:01:03,2026-02-08 19:46:34,CC→CW,2026-02-08,,20163,20163,440,Adulto Mayor
1995,53044201,Huinca,El Parque,20062,L2,V1,2026-02-08 13:34:14,2026-02-08 14:16:34,CW→CC,2026-02-08,,20062,20062,320,Adulto Mayor
1996,53044231,Concepcion,El Parque,20067,L2,V1,2026-02-08 14:51:23,2026-02-08 15:48:46,CC→CW,2026-02-08,,20067,20067,290,Adulto Mayor
1997,53044231,Concepcion,El Parque,20067,L2,V1,2026-02-08 14:51:31,2026-02-08 15:48:51,CC→CW,2026-02-08,,20067,20067,570,Monedero
1998,53044231,El Parque,Concepcion,20160,L2,V1,2026-02-08 17:55:51,2026-02-08 18:28:22,CW→CC,2026-02-08,,20160,20160,290,Adulto Mayor
1999,53044231,El Parque,Concepcion,20160,L2,V1,2026-02-08 17:56:02,2026-02-08 18:28:36,CW→CC,2026-02-08,,20160,20160,570,Monedero
2000,53044256,Cdal. Raul Silva Henriquez,Concepcion,20076,L2,V1,2026-02-08 16:58:11,2026-02-08 17:30:48,CW→CC,2026-02-08,,20076,20076,0,Otros
2001,53044361,Cdal. Raul Silva Henriquez,Coronel,20069,L2,V1,2026-02-08 17:05:04,2026-02-08 17:31:22,CC→CW,2026-02-08,,20069,20069,330,Adulto Mayor
2002,53044516,Concepcion,Hito Galvarino,20161,L2,V1,2026-02-08 18:06:22,2026-02-08 18:59:46,CC→CW,2026-02-08,,20161,20161,0,Otros
2003,53044674,Concepcion,Laguna Quinenco,20067,L2,V1,2026-02-08 15:10:55,2026-02-08 16:12:10,CC→CW,2026-02-08,,20067,20067,0,Otros
2004,53044752,Concepcion,Cristo Redentor,20171,L2,V1,2026-02-08 20:22:39,2026-02-08 21:42:49,CC→CW,2026-02-08,,20171,,0,Otros
2005,53044788,Juan Pablo II,Cristo Redentor,20067,L2,V1,2026-02-08 15:32:41,2026-02-08 16:09:07,CC→CW,2026-02-08,,20067,20067,340,Adulto Mayor
2006,53044818,Concepcion,Laguna Quinenco,20167,L2,V1,2026-02-08 19:45:32,2026-02-08 20:43:30,CC→CW,2026-02-08,,20167,20167,0,Otros
2007,53044904,Los Canelos,Concepcion,20056,L2,V1,2026-02-08 12:23:45,2026-02-08 13:04:26,CW→CC,2026-02-08,,20056,20056,430,Adulto Mayor
2008,53044904,Concepcion,Los Canelos,20163,L2,V1,2026-02-08 18:53:25,2026-02-08 19:35:33,CC→CW,2026-02-08,,20163,20163,430,Adulto Mayor
2009,53044918,Cristo Redentor,Concepcion,20152,L2,V1,2026-02-08 08:19:05,2026-02-08 10:01:45,CW→CC,2026-02-08,,20152,20152,0,Otros
2010,53044918,Concepcion,Coronel,20059,L2,V1,2026-02-08 12:31:12,2026-02-08 14:04:04,CC→CW,2026-02-08,,20059,20059,0,Otros
2011,53044918,Coronel,Cristo Redentor,20066,L2,V1,2026-02-08 14:32:48,2026-02-08 16:08:43,CW→CC,2026-02-08,,20066,20066,0,Otros
2012,53045252,Cdal. Raul Silva Henriquez,Coronel,20063,L2,V1,2026-02-08 14:47:46,2026-02-08 15:23:07,CC→CW,2026-02-08,,20063,20063,330,Adulto Mayor
2013,53045252,Coronel,Cdal. Raul Silva Henriquez,20076,L2,V1,2026-02-08 16:38:49,2026-02-08 17:06:10,CW→CC,2026-02-08,,20076,20076,330,Adulto Mayor
2014,53045292,Laguna Quinenco,Concepcion,20068,L2,V1,2026-02-08 15:08:33,2026-02-08 16:23:56,CW→CC,2026-02-08,,20068,20068,440,Adulto Mayor
2015,53045292,Concepcion,Laguna Quinenco,20167,L2,V1,2026-02-08 19:38:52,2026-02-08 20:43:58,CC→CW,2026-02-08,,20167,20167,440,Adulto Mayor
2016,53045320,Juan Pablo II,Lomas Coloradas,20041,L2,V1,2026-02-08 10:21:14,2026-02-08 10:49:59,CC→CW,2026-02-08,,20041,20035,0,Otros
2017,53045320,Lomas Coloradas,Diagonal Bio Bio,20068,L2,V1,2026-02-08 15:48:04,2026-02-08 16:13:36,CW→CC,2026-02-08,,20068,20068,0,Otros
2018,53045443,Cristo Redentor,Concepcion,20062,L2,V1,2026-02-08 13:38:20,2026-02-08 14:34:23,CW→CC,2026-02-08,,20062,20062,0,Otros
2019,53045533,Hito Galvarino,Coronel,20041,L2,V1,2026-02-08 10:51:24,2026-02-08 11:13:43,CC→CW,2026-02-08,,20041,20041,270,Adulto Mayor
2020,53045564,Lomas Coloradas,Juan Pablo II,20068,L2,V1,2026-02-08 15:40:59,2026-02-08 16:15:59,CW→CC,2026-02-08,,20068,20068,260,Adulto Mayor
2021,53045564,Juan Pablo II,Lomas Coloradas,20167,L2,V1,2026-02-08 19:56:24,2026-02-08 20:23:24,CC→CW,2026-02-08,,20167,20167,260,Adulto Mayor
2022,53045767,Concepcion,Costa Mar,20035,L2,V1,2026-02-08 09:27:18,2026-02-08 10:21:10,CC→CW,2026-02-08,combo_por_entrada,20035,20850,300,Adulto Mayor
2023,53045767,Coronel,Costa Mar,20166,L2,V1,2026-02-08 19:17:41,2026-02-08 19:46:26,CW→CC,2026-02-08,,20166,20166,330,Adulto Mayor
2024,53045833,Laguna Quinenco,Los Canelos,20062,L2,V1,2026-02-08 13:37:38,2026-02-08 14:02:22,CW→CC,2026-02-08,,20062,20062,270,Adulto Mayor
2025,53046954,Cdal. Raul Silva Henriquez,Juan Pablo II,20044,L2,V1,2026-02-08 10:20:30,2026-02-08 10:41:13,CW→CC,2026-02-08,,20044,20044,260,Adulto Mayor
2026,53046954,Juan Pablo II,Cdal. Raul Silva Henriquez,20049,L2,V1,2026-02-08 11:06:30,2026-02-08 11:53:19,CC→CW,2026-02-08,,20049,20049,260,Adulto Mayor
2027,53047043,Los Canelos,Cristo Redentor,20059,L2,V1,2026-02-08 13:49:44,2026-02-08 13:58:41,CC→CW,2026-02-08,,20059,20059,230,Adulto Mayor
2028,53047047,Laguna Quinenco,Huinca,20166,L2,V1,2026-02-08 19:09:46,2026-02-08 19:27:00,CW→CC,2026-02-08,,20166,20166,230,Adulto Mayor
2029,53047080,Huinca,Coronel,20161,L2,V1,2026-02-08 19:02:26,2026-02-08 19:14:04,CC→CW,2026-02-08,,20161,20161,0,Discapacitado
2030,53047121,Coronel,Cdal. Raul Silva Henriquez,20052,L2,V1,2026-02-08 11:12:35,2026-02-08 11:39:47,CW→CC,2026-02-08,,20052,20052,0,Discapacitado
2031,53047307,Concepcion,Diagonal Bio Bio,20161,L2,V1,2026-02-08 18:27:03,2026-02-08 18:40:05,CC→CW,2026-02-08,,20161,20161,290,Adulto Mayor
2032,53047307,Diagonal Bio Bio,Concepcion,20170,L2,V1,2026-02-08 20:47:14,2026-02-08 21:01:45,CW→CC,2026-02-08,,20170,20170,290,Adulto Mayor
2033,53047316,Hualqui,Lomas Coloradas,,,N/A,2026-02-08 16:53:37,2026-02-08 17:53:14,,2026-02-08,sin_combo_factible_en_hub|sin_s1_factible_retro,,,300,Adulto Mayor
2034,53047438,Cristo Redentor,El Parque,20162,L2,V1,2026-02-08 18:12:55,2026-02-08 18:43:29,CW→CC,2026-02-08,,20162,20162,320,Adulto Mayor
2035,53047448,Los Canelos,Laguna Quinenco,20157,L2,V1,2026-02-08 17:55:13,2026-02-08 18:10:42,CC→CW,2026-02-08,,20157,,270,Adulto Mayor
2036,53047448,Los Canelos,Laguna Quinenco,20157,L2,V1,2026-02-08 17:55:21,2026-02-08 18:10:46,CC→CW,2026-02-08,,20157,,530,Monedero
2037,53047684,Huinca,Concepcion,20166,L2,V1,2026-02-08 18:59:09,2026-02-08 20:02:41,CW→CC,2026-02-08,,20166,20166,430,Adulto Mayor
2038,53047833,Concepcion,Cdal. Raul Silva Henriquez,20149,L2,V1,2026-02-08 08:25:32,2026-02-08 08:55:17,CC→CW,2026-02-08,,20149,20149,0,Discapacitado
2039,53047991,El Parque,Coronel,20059,L2,V1,2026-02-08 13:23:22,2026-02-08 14:04:53,CC→CW,2026-02-08,,20059,20059,650,Monedero
2040,53047991,El Parque,Coronel,20059,L2,V1,2026-02-08 13:23:28,2026-02-08 14:04:44,CC→CW,2026-02-08,,20059,20059,650,Monedero
2041,53048127,Huinca,Diagonal Bio Bio,20076,L2,V1,2026-02-08 16:37:22,2026-02-08 17:19:31,CW→CC,2026-02-08,,20076,20076,340,Adulto Mayor
2042,53048314,Costa Mar,Cristo Redentor,20157,L2,V1,2026-02-08 17:41:25,2026-02-08 18:07:40,CC→CW,2026-02-08,,20157,,320,Adulto Mayor
2043,53048397,Los Canelos,Concepcion,20162,L2,V1,2026-02-08 18:26:14,2026-02-08 18:58:59,CW→CC,2026-02-08,,20162,20162,0,Discapacitado
2044,53048403,Laguna Quinenco,Los Canelos,20166,L2,V1,2026-02-08 19:09:53,2026-02-08 19:28:59,CW→CC,2026-02-08,,20166,20166,0,Discapacitado
2045,53048717,Laguna Quinenco,Concepcion,20066,L2,V1,2026-02-08 14:42:41,2026-02-08 15:25:31,CW→CC,2026-02-08,,20066,20066,0,Discapacitado
2046,53048717,Concepcion,Laguna Quinenco,20161,L2,V1,2026-02-08 18:12:30,2026-02-08 19:12:37,CC→CW,2026-02-08,,20161,20161,0,Discapacitado
2047,53048766,Cristo Redentor,Concepcion,20152,L2,V1,2026-02-08 08:13:30,2026-02-08 09:18:05,CW→CC,2026-02-08,,20152,20152,0,Discapacitado
2048,53048766,Concepcion,Hito Galvarino,20069,L2,V1,2026-02-08 16:27:34,2026-02-08 17:16:16,CC→CW,2026-02-08,,20069,20069,0,Discapacitado
2049,53048823,Los Canelos,Concepcion,20052,L2,V1,2026-02-08 11:24:38,2026-02-08 12:03:17,CW→CC,2026-02-08,,20052,20052,0,Discapacitado
2050,53048823,Concepcion,Los Canelos,20069,L2,V1,2026-02-08 15:56:05,2026-02-08 17:19:52,CC→CW,2026-02-08,combo_por_entrada,20069,20069,0,Discapacitado
2051,53048879,Concepcion,Los Canelos,20049,L2,V1,2026-02-08 11:11:43,2026-02-08 12:03:31,CC→CW,2026-02-08,,20049,20049,0,Discapacitado
2052,53048965,Mercado,Pedro Medina,20859,L1,V1,2026-02-08 12:20:23,2026-02-08 13:13:26,TH→HQ,2026-02-08,,20859,20859,280,Adulto Mayor
2053,53048984,Huinca,Costa Mar,20170,L2,V1,2026-02-08 19:44:18,2026-02-08 20:46:03,CW→CC,2026-02-08,,20170,20170,320,Adulto Mayor
2054,53049008,Los Canelos,Concepcion,20052,L2,V1,2026-02-08 11:21:57,2026-02-08 12:03:15,CW→CC,2026-02-08,,20052,20052,430,Adulto Mayor
2055,53049008,Concepcion,Los Canelos,20161,L2,V1,2026-02-08 18:17:49,2026-02-08 19:03:26,CC→CW,2026-02-08,,20161,20161,430,Adulto Mayor
2056,53049063,Laguna Quinenco,Lomas Coloradas,20170,L2,V1,2026-02-08 20:05:40,2026-02-08 20:40:55,CW→CC,2026-02-08,,20170,20170,330,Adulto Mayor
2057,53049093,Juan Pablo II,Los Canelos,20153,L2,V1,2026-02-08 09:10:17,2026-02-08 09:52:06,CC→CW,2026-02-08,,20153,20153,330,Adulto Mayor
2058,53049093,Los Canelos,Coronel,20049,L2,V1,2026-02-08 11:56:49,2026-02-08 12:28:26,CC→CW,2026-02-08,,20049,20049,270,Adulto Mayor
2059,53049196,El Parque,Hito Galvarino,20053,L2,V1,2026-02-08 12:14:06,2026-02-08 12:40:43,CC→CW,2026-02-08,,20053,20053,310,Adulto Mayor
2060,53049305,Laguna Quinenco,Concepcion,20056,L2,V1,2026-02-08 12:13:11,2026-02-08 13:05:22,CW→CC,2026-02-08,,20056,20056,440,Adulto Mayor
2061,53049364,Concepcion,Cristo Redentor,20157,L2,V1,2026-02-08 17:12:20,2026-02-08 18:08:39,CC→CW,2026-02-08,,20157,,430,Adulto Mayor
2062,53049467,Concepcion,Higueras,20850,L1,V1,2026-02-08 09:50:15,2026-02-08 10:21:06,HQ→TH,2026-02-08,combo_relajado_pase1,20850,20850,270,Adulto Mayor
2063,53049611,Laguna Quinenco,El Parque,20156,L2,V1,2026-02-08 08:49:42,2026-02-08 09:45:31,CW→CC,2026-02-08,,20156,20156,330,Adulto Mayor
2064,53049611,El Parque,Cristo Redentor,20049,L2,V1,2026-02-08 11:27:43,2026-02-08 12:09:09,CC→CW,2026-02-08,,20049,20049,320,Adulto Mayor
2065,53049625,Diagonal Bio Bio,Cdal. Raul Silva Henriquez,20067,L2,V1,2026-02-08 15:32:05,2026-02-08 15:54:32,CC→CW,2026-02-08,,20067,20067,260,Adulto Mayor
2066,53049678,Cristo Redentor,Concepcion,20152,L2,V1,2026-02-08 08:37:42,2026-02-08 09:16:22,CW→CC,2026-02-08,,20152,20152,430,Adulto Mayor
2067,53049678,UTF Santa Maria,Concepcion,20845,L1,V1,2026-02-08 16:03:53,2026-02-08 17:25:02,TH→HQ,2026-02-08,combo_por_entrada,20845,20069,440,Adulto Mayor
2068,53049721,UTF Santa Maria,Manquimavida,20847,L1,V1,2026-02-08 20:03:06,2026-02-08 20:45:53,TH→HQ,2026-02-08,,20847,20847,270,Adulto Mayor
2069,53049721,UTF Santa Maria,Manquimavida,20847,L1,V1,2026-02-08 20:03:10,2026-02-08 20:45:57,TH→HQ,2026-02-08,,20847,20847,540,Monedero
2070,53049799,Cdal. Raul Silva Henriquez,Juan Pablo II,20152,L2,V1,2026-02-08 08:49:22,2026-02-08 09:09:20,CW→CC,2026-02-08,,20152,20152,0,Discapacitado
2071,53049800,Costa Mar,Concepcion,20152,L2,V1,2026-02-08 08:58:02,2026-02-08 09:17:01,CW→CC,2026-02-08,,20152,20152,0,Discapacitado
2072,53049876,Los Canelos,Laguna Quinenco,20049,L2,V1,2026-02-08 11:58:53,2026-02-08 12:12:47,CC→CW,2026-02-08,,20049,20049,0,Discapacitado
2073,53049876,Laguna Quinenco,Los Canelos,20066,L2,V1,2026-02-08 14:25:00,2026-02-08 14:53:12,CW→CC,2026-02-08,,20066,20066,0,Discapacitado
2074,53049927,Hualqui,Mercado,20844,L1,V1,2026-02-08 12:12:03,2026-02-08 13:18:02,HQ→TH,2026-02-08,,20844,20844,0,Discapacitado
2075,53050199,Concepcion,Cdal. Raul Silva Henriquez,20161,L2,V1,2026-02-08 17:52:50,2026-02-08 18:55:12,CC→CW,2026-02-08,,20161,20161,290,Adulto Mayor
2076,53050223,Concepcion,Lomas Coloradas,20051,L2,V1,2026-02-08 11:41:28,2026-02-08 12:05:11,CC→CW,2026-02-08,,20051,20051,290,Adulto Mayor
2077,53050252,Laguna Quinenco,Cristo Redentor,20166,L2,V1,2026-02-08 19:08:11,2026-02-08 19:24:26,CW→CC,2026-02-08,,20166,20166,0,Discapacitado
2078,53050336,Huinca,Laguna Quinenco,20049,L2,V1,2026-02-08 12:04:44,2026-02-08 12:11:24,CC→CW,2026-02-08,,20049,20049,230,Adulto Mayor
2079,53050351,Lomas Coloradas,Concepcion,20062,L2,V1,2026-02-08 13:32:28,2026-02-08 14:33:23,CW→CC,2026-02-08,,20062,20062,290,Adulto Mayor
2080,53050428,Costa Mar,Concepcion,20056,L2,V1,2026-02-08 12:42:21,2026-02-08 13:05:19,CW→CC,2026-02-08,,20056,20056,0,Discapacitado
2081,53050544,Concepcion,Coronel,20171,L2,V1,2026-02-08 20:27:14,2026-02-08 21:48:29,CC→CW,2026-02-08,,20171,,440,Adulto Mayor
2082,53050562,Concepcion,Cristo Redentor,20069,L2,V1,2026-02-08 16:07:28,2026-02-08 17:25:14,CC→CW,2026-02-08,,20069,20069,430,Adulto Mayor
2083,53050604,Huinca,Laguna Quinenco,20069,L2,V1,2026-02-08 17:19:11,2026-02-08 17:29:01,CC→CW,2026-02-08,,20069,20069,230,Adulto Mayor
2084,53050604,Huinca,Laguna Quinenco,20069,L2,V1,2026-02-08 17:19:15,2026-02-08 17:29:06,CC→CW,2026-02-08,,20069,20069,450,Monedero
2085,53050679,Concepcion,Los Canelos,20069,L2,V1,2026-02-08 16:39:27,2026-02-08 17:18:54,CC→CW,2026-02-08,,20069,20069,430,Adulto Mayor
2086,53050736,Laguna Quinenco,Concepcion,20062,L2,V1,2026-02-08 13:48:22,2026-02-08 14:34:11,CW→CC,2026-02-08,,20062,20062,440,Adulto Mayor
2087,53050736,Concepcion,El Parque,20163,L2,V1,2026-02-08 18:58:26,2026-02-08 19:20:25,CC→CW,2026-02-08,,20163,20163,290,Adulto Mayor
2088,53050736,El Parque,Cristo Redentor,20167,L2,V1,2026-02-08 19:52:47,2026-02-08 20:41:59,CC→CW,2026-02-08,,20167,20167,320,Adulto Mayor
2089,53050827,Los Canelos,Concepcion,20062,L2,V1,2026-02-08 13:58:59,2026-02-08 14:34:31,CW→CC,2026-02-08,,20062,20062,430,Adulto Mayor
2090,53050827,Concepcion,El Parque,20157,L2,V1,2026-02-08 17:11:12,2026-02-08 17:51:33,CC→CW,2026-02-08,,20157,20157,290,Adulto Mayor
2091,53050827,El Parque,Los Canelos,20161,L2,V1,2026-02-08 18:46:18,2026-02-08 19:03:18,CC→CW,2026-02-08,,20161,20161,310,Adulto Mayor
2092,53050832,Costa Mar,Los Canelos,20167,L2,V1,2026-02-08 19:59:22,2026-02-08 20:35:55,CC→CW,2026-02-08,,20167,20167,310,Adulto Mayor
2093,53050843,Huinca,Concepcion,20076,L2,V1,2026-02-08 16:50:54,2026-02-08 17:30:39,CW→CC,2026-02-08,,20076,20076,430,Adulto Mayor
2094,53050843,Lomas Coloradas,Huinca,20171,L2,V1,2026-02-08 21:01:52,2026-02-08 21:41:04,CC→CW,2026-02-08,,20171,,320,Adulto Mayor
2095,53050852,Cristo Redentor,Juan Pablo II,20052,L2,V1,2026-02-08 11:24:55,2026-02-08 11:57:02,CW→CC,2026-02-08,,20052,20052,680,Monedero
2096,53050852,Juan Pablo II,Cristo Redentor,20167,L2,V1,2026-02-08 19:38:15,2026-02-08 20:42:27,CC→CW,2026-02-08,,20167,20167,680,Monedero
2097,53050859,Alborada,Coronel,20163,L2,V1,2026-02-08 18:55:11,2026-02-08 19:46:50,CC→CW,2026-02-08,,20163,20163,400,Adulto Mayor
2098,53050869,Diagonal Bio Bio,Cristo Redentor,20167,L2,V1,2026-02-08 19:49:07,2026-02-08 20:41:02,CC→CW,2026-02-08,,20167,20167,340,Adulto Mayor
2099,53050892,Alborada,Concepcion,20062,L2,V1,2026-02-08 14:18:07,2026-02-08 14:33:47,CW→CC,2026-02-08,,20062,20062,0,Discapacitado
2100,53050892,Concepcion,El Parque,20161,L2,V1,2026-02-08 18:23:26,2026-02-08 18:48:33,CC→CW,2026-02-08,,20161,20161,0,Discapacitado
2101,53050892,El Parque,Costa Mar,20166,L2,V1,2026-02-08 19:37:40,2026-02-08 19:47:02,CW→CC,2026-02-08,,20166,20166,0,Discapacitado
2102,53050929,Los Canelos,Concepcion,20068,L2,V1,2026-02-08 15:29:09,2026-02-08 16:27:58,CW→CC,2026-02-08,,20068,20068,430,Adulto Mayor
2103,53050935,Los Canelos,Diagonal Bio Bio,20162,L2,V1,2026-02-08 18:22:48,2026-02-08 18:50:33,CW→CC,2026-02-08,,20162,20162,330,Adulto Mayor
2104,53050943,Los Canelos,Laguna Quinenco,20059,L2,V1,2026-02-08 13:41:22,2026-02-08 14:00:18,CC→CW,2026-02-08,,20059,20059,270,Adulto Mayor
2105,53050943,Laguna Quinenco,El Parque,20068,L2,V1,2026-02-08 15:21:52,2026-02-08 16:06:24,CW→CC,2026-02-08,,20068,20068,330,Adulto Mayor
2106,53050975,Cristo Redentor,Concepcion,20044,L2,V1,2026-02-08 09:54:01,2026-02-08 10:49:07,CW→CC,2026-02-08,,20044,20044,430,Adulto Mayor
2107,53050975,Concepcion,Cristo Redentor,20163,L2,V1,2026-02-08 18:49:06,2026-02-08 19:40:15,CC→CW,2026-02-08,,20163,20163,430,Adulto Mayor
2108,53050977,Cristo Redentor,Concepcion,20052,L2,V1,2026-02-08 11:17:57,2026-02-08 12:05:41,CW→CC,2026-02-08,,20052,20052,430,Adulto Mayor
2109,53050977,Concepcion,Cristo Redentor,20161,L2,V1,2026-02-08 18:20:21,2026-02-08 19:08:46,CC→CW,2026-02-08,,20161,20161,430,Adulto Mayor
2110,53051017,Hito Galvarino,Concepcion,20062,L2,V1,2026-02-08 13:52:57,2026-02-08 14:33:38,CW→CC,2026-02-08,,20062,20062,430,Adulto Mayor
2111,53051017,Concepcion,Hito Galvarino,20167,L2,V1,2026-02-08 19:39:34,2026-02-08 20:32:58,CC→CW,2026-02-08,,20167,20167,430,Adulto Mayor
2112,53051053,Concepcion,Coronel,20049,L2,V1,2026-02-08 11:20:31,2026-02-08 12:15:40,CC→CW,2026-02-08,,20049,20049,440,Adulto Mayor
2113,53051055,Concepcion,Costa Mar,20069,L2,V1,2026-02-08 15:57:24,2026-02-08 16:59:27,CC→CW,2026-02-08,combo_por_entrada,20069,20069,300,Adulto Mayor
2114,53051105,Cdal. Raul Silva Henriquez,Laguna Quinenco,20069,L2,V1,2026-02-08 16:52:38,2026-02-08 17:27:08,CC→CW,2026-02-08,,20069,20069,330,Adulto Mayor
2115,53051105,Laguna Quinenco,Cdal. Raul Silva Henriquez,20166,L2,V1,2026-02-08 19:09:25,2026-02-08 19:38:40,CW→CC,2026-02-08,,20166,20166,330,Adulto Mayor
2116,53051155,Concepcion,Juan Pablo II,20063,L2,V1,2026-02-08 13:34:55,2026-02-08 14:47:37,CC→CW,2026-02-08,,20063,20063,290,Adulto Mayor
2117,53051190,Juan Pablo II,Lomas Coloradas,20161,L2,V1,2026-02-08 18:15:59,2026-02-08 18:49:33,CC→CW,2026-02-08,,20161,20161,0,Discapacitado
2118,53051197,Cristo Redentor,Juan Pablo II,20062,L2,V1,2026-02-08 13:42:08,2026-02-08 14:26:51,CW→CC,2026-02-08,,20062,20062,0,Discapacitado
2119,53051197,Concepcion,Cristo Redentor,20069,L2,V1,2026-02-08 16:32:27,2026-02-08 17:25:10,CC→CW,2026-02-08,,20069,20069,0,Discapacitado
2120,53051252,Cristo Redentor,Los Canelos,20156,L2,V1,2026-02-08 09:22:29,2026-02-08 09:28:48,CW→CC,2026-02-08,,20156,20156,230,Adulto Mayor
2121,53051275,Lomas Coloradas,Cristo Redentor,20067,L2,V1,2026-02-08 15:42:49,2026-02-08 16:08:40,CC→CW,2026-02-08,,20067,20067,320,Adulto Mayor
2122,53051276,Los Canelos,Concepcion,20052,L2,V1,2026-02-08 11:10:50,2026-02-08 12:02:40,CW→CC,2026-02-08,,20052,20050,430,Adulto Mayor
2123,53051276,Concepcion,Los Canelos,20069,L2,V1,2026-02-08 16:28:04,2026-02-08 17:20:52,CC→CW,2026-02-08,,20069,20069,430,Adulto Mayor
2124,53051293,Cdal. Raul Silva Henriquez,Concepcion,20044,L2,V1,2026-02-08 10:19:45,2026-02-08 10:47:33,CW→CC,2026-02-08,,20044,20044,290,Adulto Mayor
2125,53051293,Concepcion,Cdal. Raul Silva Henriquez,20049,L2,V1,2026-02-08 10:55:02,2026-02-08 11:53:24,CC→CW,2026-02-08,,20049,20049,290,Adulto Mayor
2126,53051320,Costa Mar,Cristo Redentor,20167,L2,V1,2026-02-08 19:59:46,2026-02-08 20:40:21,CC→CW,2026-02-08,,20167,20167,320,Adulto Mayor
2127,53051399,Costa Mar,Hito Galvarino,20053,L2,V1,2026-02-08 12:23:02,2026-02-08 12:38:50,CC→CW,2026-02-08,,20053,20053,310,Adulto Mayor
2128,53051464,Concepcion,Los Condores,20880,L1,V1,2026-02-08 21:23:52,2026-02-08 22:57:45,HQ→TH,2026-02-08,,20880,20880,250,Adulto Mayor
2129,53051610,Cristo Redentor,Concepcion,20044,L2,V1,2026-02-08 10:10:30,2026-02-08 10:49:40,CW→CC,2026-02-08,,20044,20044,430,Adulto Mayor
2130,53051610,Concepcion,Cristo Redentor,20161,L2,V1,2026-02-08 18:14:09,2026-02-08 19:08:52,CC→CW,2026-02-08,,20161,20161,430,Adulto Mayor
2131,53051737,Huinca,Laguna Quinenco,20069,L2,V1,2026-02-08 17:16:50,2026-02-08 17:28:11,CC→CW,2026-02-08,,20069,20069,230,Adulto Mayor
2132,53051737,Laguna Quinenco,Huinca,20170,L2,V1,2026-02-08 19:34:08,2026-02-08 20:26:52,CW→CC,2026-02-08,,20170,20170,230,Adulto Mayor
2133,53051763,Concepcion,Laguna Quinenco,20059,L2,V1,2026-02-08 13:01:23,2026-02-08 14:01:37,CC→CW,2026-02-08,,20059,20059,440,Adulto Mayor
2134,53051771,Los Canelos,Laguna Quinenco,20067,L2,V1,2026-02-08 15:50:32,2026-02-08 16:11:37,CC→CW,2026-02-08,,20067,20067,270,Adulto Mayor
2135,53051771,Laguna Quinenco,Los Canelos,20160,L2,V1,2026-02-08 17:35:01,2026-02-08 17:55:42,CW→CC,2026-02-08,,20160,20160,270,Adulto Mayor
2136,53051789,El Parque,Cristo Redentor,20063,L2,V1,2026-02-08 14:47:54,2026-02-08 15:15:15,CC→CW,2026-02-08,,20063,20063,320,Adulto Mayor
2137,53051789,Los Canelos,El Parque,20170,L2,V1,2026-02-08 20:19:52,2026-02-08 20:44:14,CW→CC,2026-02-08,,20170,20170,310,Adulto Mayor
2138,53051930,Concepcion,Laguna Quinenco,20059,L2,V1,2026-02-08 12:57:37,2026-02-08 14:00:21,CC→CW,2026-02-08,,20059,20059,440,Adulto Mayor
2139,53052024,Hito Galvarino,Los Canelos,20149,L2,V1,2026-02-08 08:48:45,2026-02-08 09:06:14,CC→CW,2026-02-08,,20149,20149,0,Discapacitado
2140,53052068,Cdal. Raul Silva Henriquez,Coronel,20035,L2,V1,2026-02-08 10:25:59,2026-02-08 10:47:40,CC→CW,2026-02-08,,20035,,330,Adulto Mayor
2141,53052068,Coronel,Los Canelos,20052,L2,V1,2026-02-08 11:15:01,2026-02-08 11:30:36,CW→CC,2026-02-08,,20052,20052,270,Adulto Mayor
2142,53052068,Los Canelos,Cdal. Raul Silva Henriquez,20056,L2,V1,2026-02-08 12:11:44,2026-02-08 12:37:57,CW→CC,2026-02-08,,20056,20056,310,Adulto Mayor
2143,53052077,Laguna Quinenco,Concepcion,20152,L2,V1,2026-02-08 08:16:25,2026-02-08 09:17:34,CW→CC,2026-02-08,,20152,20152,440,Adulto Mayor
2144,53052118,Concepcion,Coronel,20069,L2,V1,2026-02-08 15:59:47,2026-02-08 17:31:54,CC→CW,2026-02-08,combo_por_entrada,20069,20069,460,Adulto Mayor
2145,53052118,Concepcion,Mercado,20848,L1,V1,2026-02-08 20:09:08,2026-02-08 21:31:07,HQ→TH,2026-02-08,match_por_salida_fallback,20848,20848,460,Adulto Mayor
2146,53052147,Concepcion,Los Canelos,20069,L2,V1,2026-02-08 16:12:05,2026-02-08 17:18:40,CC→CW,2026-02-08,combo_por_entrada,20069,20069,440,Adulto Mayor
2147,53052167,Cdal. Raul Silva Henriquez,Coronel,20069,L2,V1,2026-02-08 17:04:45,2026-02-08 17:31:15,CC→CW,2026-02-08,,20069,20069,330,Adulto Mayor
2148,53052223,Concepcion,Coronel,20163,L2,V1,2026-02-08 18:36:40,2026-02-08 19:45:53,CC→CW,2026-02-08,,20163,20161,440,Adulto Mayor
2149,53052229,Coronel,Concepcion,20058,L2,V1,2026-02-08 12:29:24,2026-02-08 13:18:14,CW→CC,2026-02-08,,20058,20058,0,Discapacitado
2150,53052229,Concepcion,Coronel,20171,L2,V1,2026-02-08 20:32:41,2026-02-08 21:48:49,CC→CW,2026-02-08,,20171,,0,Discapacitado
2151,53052292,Alborada,Cristo Redentor,20149,L2,V1,2026-02-08 08:38:53,2026-02-08 09:11:22,CC→CW,2026-02-08,,20149,20149,0,Discapacitado
2152,53052305,Coronel,Concepcion,20068,L2,V1,2026-02-08 15:38:27,2026-02-08 16:24:53,CW→CC,2026-02-08,,20068,20068,0,Discapacitado
2153,53052305,Concepcion,Coronel,20167,L2,V1,2026-02-08 19:59:07,2026-02-08 20:47:06,CC→CW,2026-02-08,,20167,20167,0,Discapacitado
2154,53052339,Concepcion,Laguna Quinenco,20149,L2,V1,2026-02-08 08:20:21,2026-02-08 09:11:55,CC→CW,2026-02-08,,20149,20149,0,Discapacitado
2155,53052339,Laguna Quinenco,Juan Pablo II,20162,L2,V1,2026-02-08 18:05:28,2026-02-08 18:52:37,CW→CC,2026-02-08,,20162,20162,0,Discapacitado
2156,53052364,Los Canelos,Diagonal Bio Bio,20066,L2,V1,2026-02-08 14:47:11,2026-02-08 15:13:36,CW→CC,2026-02-08,,20066,20063,0,Discapacitado
2157,53052379,Cristo Redentor,Diagonal Bio Bio,20058,L2,V1,2026-02-08 12:34:05,2026-02-08 13:05:34,CW→CC,2026-02-08,,20058,20058,0,Discapacitado
2158,53052379,Diagonal Bio Bio,Cristo Redentor,20157,L2,V1,2026-02-08 17:26:13,2026-02-08 18:08:13,CC→CW,2026-02-08,,20157,,0,Discapacitado
2159,53052458,Huinca,Concepcion,20044,L2,V1,2026-02-08 10:12:32,2026-02-08 10:48:22,CW→CC,2026-02-08,,20044,20044,430,Adulto Mayor
2160,53052472,Laguna Quinenco,Concepcion,20056,L2,V1,2026-02-08 12:11:19,2026-02-08 13:05:55,CW→CC,2026-02-08,,20056,20056,440,Adulto Mayor
2161,53052472,Concepcion,Laguna Quinenco,20167,L2,V1,2026-02-08 19:27:37,2026-02-08 20:44:06,CC→CW,2026-02-08,,20167,20167,440,Adulto Mayor
2162,53052523,Lomas Coloradas,Costa Mar,20062,L2,V1,2026-02-08 13:24:36,2026-02-08 14:19:49,CW→CC,2026-02-08,,20062,20062,0,Discapacitado
2163,53052523,Costa Mar,Lomas Coloradas,20067,L2,V1,2026-02-08 15:07:25,2026-02-08 15:50:31,CC→CW,2026-02-08,,20067,20067,0,Discapacitado
2164,53052649,Costa Mar,Diagonal Bio Bio,20160,L2,V1,2026-02-08 17:59:44,2026-02-08 18:18:04,CW→CC,2026-02-08,,20160,20160,260,Adulto Mayor
2165,53055255,Cdal. Raul Silva Henriquez,Concepcion,20166,L2,V1,2026-02-08 19:31:40,2026-02-08 19:59:47,CW→CC,2026-02-08,,20166,20166,570,Monedero
2166,53055299,Concepcion,El Parque,20067,L2,V1,2026-02-08 15:14:42,2026-02-08 15:48:11,CC→CW,2026-02-08,,20067,20067,570,Monedero
2167,53055299,El Parque,Concepcion,20076,L2,V1,2026-02-08 17:00:33,2026-02-08 17:30:12,CW→CC,2026-02-08,,20076,20076,570,Monedero
2168,53055438,Huinca,Coronel,20049,L2,V1,2026-02-08 12:04:03,2026-02-08 12:13:56,CC→CW,2026-02-08,,20049,20049,230,Adulto Mayor
2169,53055468,Juan Pablo II,Laguna Quinenco,20167,L2,V1,2026-02-08 19:42:33,2026-02-08 20:43:10,CC→CW,2026-02-08,,20167,20167,400,Adulto Mayor
2170,53055608,Concepcion,Cristo Redentor,20161,L2,V1,2026-02-08 17:45:05,2026-02-08 19:07:44,CC→CW,2026-02-08,,20161,20161,430,Adulto Mayor
2171,53055991,Los Canelos,Hito Galvarino,20166,L2,V1,2026-02-08 19:21:05,2026-02-08 19:33:10,CW→CC,2026-02-08,,20166,20166,220,Adulto Mayor
2172,53056053,Costa Mar,Los Canelos,20041,L2,V1,2026-02-08 10:42:43,2026-02-08 11:03:13,CC→CW,2026-02-08,,20041,20041,610,Monedero
2173,53056335,Coronel,Concepcion,20160,L2,V1,2026-02-08 17:29:33,2026-02-08 18:31:01,CW→CC,2026-02-08,,20160,20160,440,Adulto Mayor
2174,53056592,Concepcion,Cristo Redentor,20063,L2,V1,2026-02-08 14:34:27,2026-02-08 15:14:21,CC→CW,2026-02-08,,20063,20063,0,Discapacitado
2175,53056677,Manquimavida,Lzo. Arenas,20850,L1,V1,2026-02-08 09:29:59,2026-02-08 10:10:52,HQ→TH,2026-02-08,,20850,20850,260,Adulto Mayor
2176,54225673,Huinca,Concepcion,20056,L2,V1,2026-02-08 12:17:53,2026-02-08 13:05:11,CW→CC,2026-02-08,,20056,20056,850,Monedero
2177,54225673,Huinca,Concepcion,20056,L2,V1,2026-02-08 12:18:10,2026-02-08 13:05:05,CW→CC,2026-02-08,,20056,20056,850,Monedero
2178,54225673,Concepcion,Huinca,20069,L2,V1,2026-02-08 16:20:55,2026-02-08 17:22:07,CC→CW,2026-02-08,,20069,20069,850,Monedero
2179,54225673,Concepcion,Huinca,20069,L2,V1,2026-02-08 16:21:00,2026-02-08 17:21:58,CC→CW,2026-02-08,,20069,20069,850,Monedero
2180,54226715,Hito Galvarino,Concepcion,20162,L2,V1,2026-02-08 18:22:41,2026-02-08 18:59:18,CW→CC,2026-02-08,,20162,20162,850,Monedero
2181,54229205,Cristo Redentor,Concepcion,20058,L2,V1,2026-02-08 12:32:06,2026-02-08 13:15:15,CW→CC,2026-02-08,,20058,20058,850,Monedero
2182,54229267,El Parque,Laguna Quinenco,20163,L2,V1,2026-02-08 18:57:17,2026-02-08 20:43:37,CC→CW,2026-02-08,,20163,20163,650,Monedero
2183,54229677,Coronel,Lomas Coloradas,20160,L2,V1,2026-02-08 17:32:04,2026-02-08 18:07:55,CW→CC,2026-02-08,,20160,20160,650,Monedero
2184,54229677,Coronel,Lomas Coloradas,20160,L2,V1,2026-02-08 17:32:14,2026-02-08 18:07:45,CW→CC,2026-02-08,,20160,20160,650,Monedero
2185,54230072,Laguna Quinenco,Cristo Redentor,20166,L2,V1,2026-02-08 19:09:40,2026-02-08 19:24:41,CW→CC,2026-02-08,,20166,20166,450,Monedero
2186,54230420,Laguna Quinenco,Concepcion,20056,L2,V1,2026-02-08 12:14:32,2026-02-08 13:17:40,CW→CC,2026-02-08,,20056,20056,880,Monedero
2187,54230420,Concepcion,Laguna Quinenco,20161,L2,V1,2026-02-08 18:25:09,2026-02-08 19:43:46,CC→CW,2026-02-08,,20161,20161,880,Monedero
2188,54230420,Concepcion,Laguna Quinenco,20161,L2,V1,2026-02-08 18:25:18,2026-02-08 19:43:38,CC→CW,2026-02-08,,20161,20161,880,Monedero
2189,54231816,Juan Pablo II,Los Canelos,20167,L2,V1,2026-02-08 20:04:50,2026-02-08 20:36:24,CC→CW,2026-02-08,,20167,20167,650,Monedero
2190,54236403,Cdal. Raul Silva Henriquez,Costa Mar,20156,L2,V1,2026-02-08 09:31:05,2026-02-08 09:46:43,CW→CC,2026-02-08,,20156,20156,430,Monedero
2191,54236862,Concepcion,Cristo Redentor,20161,L2,V1,2026-02-08 18:23:09,2026-02-08 19:08:00,CC→CW,2026-02-08,,20161,20161,850,Monedero
2192,54236862,Concepcion,Cristo Redentor,20161,L2,V1,2026-02-08 18:24:05,2026-02-08 19:07:55,CC→CW,2026-02-08,,20161,20161,850,Monedero
2193,54237585,Concepcion,Los Canelos,20063,L2,V1,2026-02-08 14:15:46,2026-02-08 15:10:46,CC→CW,2026-02-08,,20063,20063,850,Monedero
2194,54238012,Coronel,Juan Pablo II,20160,L2,V1,2026-02-08 17:28:09,2026-02-08 18:19:50,CW→CC,2026-02-08,,20160,20160,790,Monedero
2195,54238205,Concepcion,Los Canelos,20167,L2,V1,2026-02-08 19:47:50,2026-02-08 20:36:02,CC→CW,2026-02-08,,20167,20167,850,Monedero
2196,54238614,El Parque,Huinca,20157,L2,V1,2026-02-08 17:44:18,2026-02-08 18:06:27,CC→CW,2026-02-08,,20157,,630,Monedero
2197,54238614,El Parque,Huinca,20157,L2,V1,2026-02-08 17:44:23,2026-02-08 18:06:22,CC→CW,2026-02-08,,20157,,630,Monedero
2198,54238636,Coronel,Lomas Coloradas,20076,L2,V1,2026-02-08 16:32:34,2026-02-08 17:09:17,CW→CC,2026-02-08,,20076,20076,650,Monedero
2199,54238723,Concepcion,Cristo Redentor,20041,L2,V1,2026-02-08 10:22:48,2026-02-08 11:07:56,CC→CW,2026-02-08,,20041,20041,850,Monedero
2200,54238723,Cristo Redentor,Concepcion,20170,L2,V1,2026-02-08 19:44:37,2026-02-08 21:02:01,CW→CC,2026-02-08,,20170,20170,850,Monedero
2201,54239530,Huinca,El Parque,20056,L2,V1,2026-02-08 12:25:44,2026-02-08 12:45:20,CW→CC,2026-02-08,,20056,20056,630,Monedero
2202,54241180,Cdal. Raul Silva Henriquez,Los Canelos,20059,L2,V1,2026-02-08 13:29:51,2026-02-08 13:52:57,CC→CW,2026-02-08,,20059,20059,610,Monedero
2203,54241193,Los Canelos,Concepcion,20166,L2,V1,2026-02-08 18:52:38,2026-02-08 20:00:46,CW→CC,2026-02-08,,20166,20166,850,Monedero
2204,54241795,Cdal. Raul Silva Henriquez,El Parque,20156,L2,V1,2026-02-08 09:35:12,2026-02-08 09:45:03,CW→CC,2026-02-08,,20156,20156,430,Monedero
2205,54241795,El Parque,Cdal. Raul Silva Henriquez,20167,L2,V1,2026-02-08 20:07:35,2026-02-08 20:26:12,CC→CW,2026-02-08,,20167,20167,430,Monedero
2206,54247780,Huinca,Coronel,20157,L2,V1,2026-02-08 17:54:05,2026-02-08 18:13:04,CC→CW,2026-02-08,,20157,,450,Monedero
2207,54249497,Cdal. Raul Silva Henriquez,Concepcion,20040,L2,V1,2026-02-08 09:48:54,2026-02-08 10:23:48,CW→CC,2026-02-08,,20040,20040,570,Monedero
2208,54249497,Cdal. Raul Silva Henriquez,Concepcion,20040,L2,V1,2026-02-08 09:49:00,2026-02-08 10:23:28,CW→CC,2026-02-08,,20040,20040,570,Monedero
2209,54249497,Concepcion,Cdal. Raul Silva Henriquez,20163,L2,V1,2026-02-08 19:02:57,2026-02-08 20:27:22,CC→CW,2026-02-08,,20163,20163,570,Monedero
2210,54249497,Concepcion,Cdal. Raul Silva Henriquez,20163,L2,V1,2026-02-08 19:03:06,2026-02-08 20:27:11,CC→CW,2026-02-08,,20163,20163,570,Monedero
2211,54249798,Lomas Coloradas,Concepcion,20062,L2,V1,2026-02-08 14:09:45,2026-02-08 14:32:47,CW→CC,2026-02-08,,20062,20062,570,Monedero
2212,54251471,Laguna Quinenco,Los Canelos,20056,L2,V1,2026-02-08 12:02:16,2026-02-08 12:29:10,CW→CC,2026-02-08,,20056,20056,530,Monedero
2213,54257115,Los Canelos,Juan Pablo II,20162,L2,V1,2026-02-08 18:22:55,2026-02-08 18:53:33,CW→CC,2026-02-08,,20162,20162,650,Monedero
2214,54260798,Concepcion,Huinca,20059,L2,V1,2026-02-08 13:04:07,2026-02-08 13:56:43,CC→CW,2026-02-08,,20059,20059,850,Monedero
2215,54261272,Mercado,Hualqui,20857,L1,V1,2026-02-08 08:27:56,2026-02-08 09:36:06,TH→HQ,2026-02-08,,20857,20857,580,Monedero
2216,54261655,La Leonera,Higueras,20850,L1,V1,2026-02-08 09:34:20,2026-02-08 10:21:17,HQ→TH,2026-02-08,,20850,20850,540,Monedero
2217,54261655,Higueras,La Leonera,20859,L1,V1,2026-02-08 12:24:21,2026-02-08 13:20:41,TH→HQ,2026-02-08,,20859,20859,540,Monedero
2218,54268636,Cristo Redentor,Concepcion,20062,L2,V1,2026-02-08 13:38:11,2026-02-08 14:34:27,CW→CC,2026-02-08,,20062,20062,850,Monedero
2219,54270842,Cdal. Raul Silva Henriquez,Laguna Quinenco,20063,L2,V1,2026-02-08 14:47:02,2026-02-08 15:17:54,CC→CW,2026-02-08,,20063,20063,650,Monedero
2220,54270842,Laguna Quinenco,Cdal. Raul Silva Henriquez,20076,L2,V1,2026-02-08 16:40:04,2026-02-08 17:06:00,CW→CC,2026-02-08,,20076,20076,650,Monedero
2221,54279694,Laguna Quinenco,Concepcion,20068,L2,V1,2026-02-08 15:30:15,2026-02-08 16:41:03,CW→CC,2026-02-08,combo_por_entrada,20068,20068,910,Monedero
2222,54279694,Concepcion,Laguna Quinenco,20171,L2,V1,2026-02-08 20:42:16,2026-02-08 21:44:53,CC→CW,2026-02-08,combo_relajado_pase1,20171,,910,Monedero
2223,54282091,Cristo Redentor,Concepcion,20170,L2,V1,2026-02-08 20:12:54,2026-02-08 21:24:39,CW→CC,2026-02-08,match_por_salida_fallback,20170,20848,880,Monedero
2224,54282632,Diagonal Bio Bio,Lomas Coloradas,20063,L2,V1,2026-02-08 14:38:30,2026-02-08 15:00:20,CC→CW,2026-02-08,,20063,20063,510,Monedero
2225,54285152,Concepcion,Huinca,20157,L2,V1,2026-02-08 17:33:52,2026-02-08 18:08:23,CC→CW,2026-02-08,,20157,20157,850,Monedero
2226,54285152,Concepcion,Huinca,20157,L2,V1,2026-02-08 17:33:56,2026-02-08 18:07:08,CC→CW,2026-02-08,,20157,,850,Monedero
2227,54285152,Concepcion,Huinca,,,N/A,2026-02-08 17:34:01,2026-02-08 18:06:55,,2026-02-08,sin_combo_factible_en_hub|sin_s1_factible_retro,,,850,Monedero
2228,54291580,Concepcion,Laguna Quinenco,20163,L2,V1,2026-02-08 18:57:09,2026-02-08 19:44:03,CC→CW,2026-02-08,,20163,20163,880,Monedero
2229,54295523,Higueras,Concepcion,20845,L1,V1,2026-02-08 15:48:44,2026-02-08 17:10:22,TH→HQ,2026-02-08,combo_por_entrada,20845,20069,590,Monedero
2230,54295523,Higueras,Concepcion,20845,L1,V1,2026-02-08 15:48:52,2026-02-08 17:10:16,TH→HQ,2026-02-08,combo_por_entrada,20845,20069,590,Monedero
2231,54295523,Higueras,Concepcion,20845,L1,V1,2026-02-08 15:48:57,2026-02-08 17:09:59,TH→HQ,2026-02-08,combo_por_entrada,20845,20069,590,Monedero
2232,54295523,Concepcion,Cdal. Raul Silva Henriquez,20069,L2,V1,2026-02-08 15:49:02,2026-02-08 17:09:53,CC→CW,2026-02-08,combo_por_entrada,20069,20069,590,Monedero
2233,54295523,Cdal. Raul Silva Henriquez,Concepcion,20170,L2,V1,2026-02-08 20:07:19,2026-02-08 21:02:41,CW→CC,2026-02-08,,20170,20170,570,Monedero
2234,54295523,Cdal. Raul Silva Henriquez,Concepcion,20170,L2,V1,2026-02-08 20:07:30,2026-02-08 21:02:24,CW→CC,2026-02-08,,20170,20170,570,Monedero
2235,54295523,Cdal. Raul Silva Henriquez,Concepcion,20170,L2,V1,2026-02-08 20:07:36,2026-02-08 21:02:16,CW→CC,2026-02-08,,20170,20170,570,Monedero
2236,54295523,Cdal. Raul Silva Henriquez,Concepcion,20170,L2,V1,2026-02-08 20:07:43,2026-02-08 21:02:09,CW→CC,2026-02-08,,20170,20170,570,Monedero
2237,54297230,Los Canelos,Cristo Redentor,20049,L2,V1,2026-02-08 11:55:38,2026-02-08 12:09:03,CC→CW,2026-02-08,,20049,20049,460,Monedero
2238,54299145,La Leonera,Coronel,,,N/A,2026-02-08 16:55:43,2026-02-08 18:13:57,,2026-02-08,sin_combo_factible_en_hub|sin_s1_factible_retro,,,910,Monedero
2239,54300437,Huinca,Lomas Coloradas,20162,L2,V1,2026-02-08 18:23:30,2026-02-08 18:40:36,CW→CC,2026-02-08,,20162,20162,630,Monedero
2240,54300513,Concepcion,Cristo Redentor,20059,L2,V1,2026-02-08 12:17:18,2026-02-08 13:58:17,CC→CW,2026-02-08,combo_por_entrada,20059,20059,960,Monedero
2241,54300513,Hualqui,Concepcion,20844,L1,V1,2026-02-08 12:17:25,2026-02-08 13:58:12,HQ→TH,2026-02-08,combo_por_entrada,20844,20059,960,Monedero
2242,54301788,Mercado,Hualqui,20847,L1,V1,2026-02-08 19:59:05,2026-02-08 21:00:59,TH→HQ,2026-02-08,,20847,20847,580,Monedero
2243,54302372,Cdal. Raul Silva Henriquez,Concepcion,20162,L2,V1,2026-02-08 18:30:17,2026-02-08 18:58:39,CW→CC,2026-02-08,,20162,20162,570,Monedero
2244,54305559,Los Canelos,Concepcion,20068,L2,V1,2026-02-08 15:42:38,2026-02-08 16:26:03,CW→CC,2026-02-08,,20068,20068,850,Monedero
2245,54305569,Huinca,Concepcion,20066,L2,V1,2026-02-08 14:47:34,2026-02-08 15:25:38,CW→CC,2026-02-08,,20066,20066,850,Monedero
2246,54307634,Los Canelos,Diagonal Bio Bio,20076,L2,V1,2026-02-08 16:20:01,2026-02-08 17:18:34,CW→CC,2026-02-08,,20076,20076,650,Monedero
2247,54309627,Cdal. Raul Silva Henriquez,Concepcion,20170,L2,V1,2026-02-08 20:15:53,2026-02-08 21:02:32,CW→CC,2026-02-08,,20170,20170,570,Monedero
2248,54309627,Cdal. Raul Silva Henriquez,Concepcion,20170,L2,V1,2026-02-08 20:16:15,2026-02-08 21:02:26,CW→CC,2026-02-08,,20170,20170,570,Monedero
2249,54310864,Concepcion,Higueras,20848,L1,V1,2026-02-08 20:28:55,2026-02-08 21:24:46,HQ→TH,2026-02-08,,20848,20848,500,Monedero
2250,54311652,Cristo Redentor,Concepcion,20040,L2,V1,2026-02-08 09:29:17,2026-02-08 10:23:01,CW→CC,2026-02-08,,20040,20156,850,Monedero
2251,54311652,Concepcion,Cristo Redentor,20069,L2,V1,2026-02-08 16:11:09,2026-02-08 17:23:53,CC→CW,2026-02-08,,20069,20069,850,Monedero
2252,54312130,Lomas Coloradas,Concepcion,20068,L2,V1,2026-02-08 15:54:54,2026-02-08 16:25:00,CW→CC,2026-02-08,,20068,20068,570,Monedero
2253,54313947,Lomas Coloradas,Laguna Quinenco,20069,L2,V1,2026-02-08 17:03:56,2026-02-08 17:28:00,CC→CW,2026-02-08,,20069,20069,650,Monedero
2254,54317323,Cristo Redentor,Laguna Quinenco,20167,L2,V1,2026-02-08 20:25:28,2026-02-08 20:43:46,CC→CW,2026-02-08,,20167,20167,450,Monedero
2255,54317673,Concepcion,Hualqui,20847,L1,V1,2026-02-08 20:21:04,2026-02-08 21:02:04,TH→HQ,2026-02-08,,20847,20847,550,Monedero
2256,54319444,Concepcion,Los Canelos,20053,L2,V1,2026-02-08 11:51:46,2026-02-08 12:43:35,CC→CW,2026-02-08,,20053,20051,850,Monedero
2257,54319444,Concepcion,Los Canelos,20053,L2,V1,2026-02-08 11:51:54,2026-02-08 12:43:29,CC→CW,2026-02-08,,20053,20051,850,Monedero
2258,54320473,Hito Galvarino,Diagonal Bio Bio,20152,L2,V1,2026-02-08 08:40:25,2026-02-08 09:06:13,CW→CC,2026-02-08,,20152,20152,650,Monedero
2259,54320473,Diagonal Bio Bio,Hito Galvarino,20041,L2,V1,2026-02-08 10:28:12,2026-02-08 10:59:54,CC→CW,2026-02-08,,20041,20041,650,Monedero
2260,54323003,Cdal. Raul Silva Henriquez,Concepcion,20066,L2,V1,2026-02-08 14:50:47,2026-02-08 15:23:56,CW→CC,2026-02-08,,20066,20066,570,Monedero
2261,54326156,El Arenal,Hualqui,20859,L1,V1,2026-02-08 11:47:47,2026-02-08 13:29:52,TH→HQ,2026-02-08,,20859,20859,580,Monedero
2262,54327556,Lomas Coloradas,Juan Pablo II,20052,L2,V1,2026-02-08 11:35:39,2026-02-08 11:56:23,CW→CC,2026-02-08,,20052,20052,510,Monedero
2263,54327556,Juan Pablo II,Lomas Coloradas,20167,L2,V1,2026-02-08 19:39:30,2026-02-08 20:23:23,CC→CW,2026-02-08,,20167,20167,510,Monedero
2264,54332907,Cdal. Raul Silva Henriquez,Costa Mar,20066,L2,V1,2026-02-08 14:48:10,2026-02-08 15:09:17,CW→CC,2026-02-08,,20066,20066,430,Monedero
2265,54332907,Alborada,Cdal. Raul Silva Henriquez,20171,L2,V1,2026-02-08 20:53:54,2026-02-08 21:29:47,CC→CW,2026-02-08,,20171,,510,Monedero
2266,54334422,Cristo Redentor,Concepcion,20062,L2,V1,2026-02-08 13:33:47,2026-02-08 14:36:17,CW→CC,2026-02-08,,20062,20062,850,Monedero
2267,54334422,Concepcion,Cristo Redentor,20167,L2,V1,2026-02-08 19:25:39,2026-02-08 20:41:21,CC→CW,2026-02-08,,20167,20167,850,Monedero
2268,54335462,Concepcion,Lomas Coloradas,20153,L2,V1,2026-02-08 09:08:36,2026-02-08 09:38:52,CC→CW,2026-02-08,,20153,20153,570,Monedero
2269,54335462,Lomas Coloradas,Concepcion,20160,L2,V1,2026-02-08 18:03:29,2026-02-08 18:26:49,CW→CC,2026-02-08,,20160,20160,570,Monedero
2270,54335959,Hito Galvarino,Concepcion,20040,L2,V1,2026-02-08 09:47:20,2026-02-08 10:23:53,CW→CC,2026-02-08,,20040,20040,850,Monedero
2271,54340795,Cristo Redentor,Concepcion,20068,L2,V1,2026-02-08 15:28:56,2026-02-08 16:24:35,CW→CC,2026-02-08,,20068,20068,850,Monedero
2272,54340795,Cristo Redentor,Concepcion,20068,L2,V1,2026-02-08 15:29:00,2026-02-08 16:24:31,CW→CC,2026-02-08,,20068,20068,850,Monedero
2273,54340795,Cristo Redentor,Concepcion,20068,L2,V1,2026-02-08 15:29:05,2026-02-08 16:24:24,CW→CC,2026-02-08,,20068,20068,850,Monedero
2274,54340795,Concepcion,Cristo Redentor,20167,L2,V1,2026-02-08 19:58:03,2026-02-08 20:43:44,CC→CW,2026-02-08,,20167,20167,850,Monedero
2275,54340795,Concepcion,Cristo Redentor,20167,L2,V1,2026-02-08 19:58:14,2026-02-08 20:43:39,CC→CW,2026-02-08,,20167,20167,850,Monedero
2276,54340795,Concepcion,Cristo Redentor,20167,L2,V1,2026-02-08 19:58:16,2026-02-08 20:43:38,CC→CW,2026-02-08,,20167,20167,850,Monedero
2277,54340854,Laguna Quinenco,Cristo Redentor,20166,L2,V1,2026-02-08 18:59:58,2026-02-08 19:25:53,CW→CC,2026-02-08,,20166,20166,450,Monedero
2278,54340854,Laguna Quinenco,Cristo Redentor,20166,L2,V1,2026-02-08 19:00:07,2026-02-08 19:25:36,CW→CC,2026-02-08,,20166,20166,450,Monedero
2279,54343290,Concepcion,Lomas Coloradas,20149,L2,V1,2026-02-08 08:20:44,2026-02-08 08:52:03,CC→CW,2026-02-08,,20149,20149,570,Monedero
2280,54343290,Lomas Coloradas,Concepcion,20050,L2,V1,2026-02-08 10:44:16,2026-02-08 11:50:12,CW→CC,2026-02-08,,20050,20050,570,Monedero
2281,54344543,Concepcion,Los Canelos,20161,L2,V1,2026-02-08 18:12:28,2026-02-08 19:03:02,CC→CW,2026-02-08,,20161,20161,850,Monedero
2282,54345131,Concepcion,Laguna Quinenco,20157,L2,V1,2026-02-08 16:48:47,2026-02-08 18:16:07,CC→CW,2026-02-08,,20157,20069,880,Monedero
2283,54345131,Concepcion,Laguna Quinenco,20157,L2,V1,2026-02-08 16:48:53,2026-02-08 18:16:02,CC→CW,2026-02-08,,20157,20069,880,Monedero
2284,54345175,Coronel,Juan Pablo II,20050,L2,V1,2026-02-08 10:58:07,2026-02-08 11:56:35,CW→CC,2026-02-08,,20050,20050,790,Monedero
2285,54348217,Laguna Quinenco,Los Canelos,20062,L2,V1,2026-02-08 13:37:28,2026-02-08 14:02:15,CW→CC,2026-02-08,,20062,20062,530,Monedero
2286,54399563,Cristo Redentor,Juan Pablo II,20066,L2,V1,2026-02-08 14:27:55,2026-02-08 15:17:13,CW→CC,2026-02-08,,20066,20066,680,Monedero
2287,54400749,Laguna Quinenco,Diagonal Bio Bio,20052,L2,V1,2026-02-08 11:08:15,2026-02-08 11:53:06,CW→CC,2026-02-08,,20052,20052,790,Monedero
2288,54400749,Juan Pablo II,Laguna Quinenco,20171,L2,V1,2026-02-08 20:45:04,2026-02-08 21:45:38,CC→CW,2026-02-08,,20171,20167,790,Monedero
2289,54400806,Costa Mar,Los Canelos,20167,L2,V1,2026-02-08 20:11:07,2026-02-08 20:36:00,CC→CW,2026-02-08,,20167,20167,610,Monedero
2290,54401136,Concepcion,Manquimavida,20847,L1,V1,2026-02-08 20:21:08,2026-02-08 20:45:23,TH→HQ,2026-02-08,,20847,20847,510,Monedero
2291,54401391,Cristo Redentor,Concepcion,20162,L2,V1,2026-02-08 18:16:55,2026-02-08 18:58:45,CW→CC,2026-02-08,,20162,20162,850,Monedero
2292,54405035,Cdal. Raul Silva Henriquez,Laguna Quinenco,20153,L2,V1,2026-02-08 09:40:03,2026-02-08 09:59:42,CC→CW,2026-02-08,,20153,20153,650,Monedero
2293,54405035,Laguna Quinenco,Cdal. Raul Silva Henriquez,20052,L2,V1,2026-02-08 11:11:11,2026-02-08 11:39:28,CW→CC,2026-02-08,,20052,20052,650,Monedero
2294,54406307,El Arenal,Concepcion,20847,L1,V1,2026-02-08 20:01:56,2026-02-08 20:25:01,TH→HQ,2026-02-08,,20847,20847,540,Monedero
2295,54406307,Concepcion,El Arenal,20848,L1,V1,2026-02-08 20:46:57,2026-02-08 21:28:07,HQ→TH,2026-02-08,,20848,20848,540,Monedero
2296,54407204,Huinca,Concepcion,20066,L2,V1,2026-02-08 14:37:57,2026-02-08 15:24:13,CW→CC,2026-02-08,,20066,20066,850,Monedero
2297,54407204,Concepcion,Huinca,20161,L2,V1,2026-02-08 18:24:19,2026-02-08 19:06:17,CC→CW,2026-02-08,,20161,20161,850,Monedero
2298,54407548,Costa Mar,Cdal. Raul Silva Henriquez,20059,L2,V1,2026-02-08 13:22:15,2026-02-08 13:43:55,CC→CW,2026-02-08,,20059,20059,430,Monedero
2299,54407758,Laguna Quinenco,Cristo Redentor,20162,L2,V1,2026-02-08 18:16:06,2026-02-08 18:23:49,CW→CC,2026-02-08,,20162,20162,450,Monedero
2300,54411563,Concepcion,Laguna Quinenco,20161,L2,V1,2026-02-08 18:11:33,2026-02-08 19:10:54,CC→CW,2026-02-08,,20161,20161,880,Monedero
2301,54412461,Concepcion,El Parque,20153,L2,V1,2026-02-08 08:48:45,2026-02-08 09:37:21,CC→CW,2026-02-08,,20153,20153,570,Monedero
2302,54412461,El Parque,Concepcion,20160,L2,V1,2026-02-08 17:42:20,2026-02-08 18:27:22,CW→CC,2026-02-08,,20160,20160,570,Monedero
2303,54413907,Laguna Quinenco,Concepcion,20068,L2,V1,2026-02-08 15:18:56,2026-02-08 16:25:26,CW→CC,2026-02-08,,20068,20068,880,Monedero
2304,54413907,Concepcion,Laguna Quinenco,20167,L2,V1,2026-02-08 19:24:55,2026-02-08 20:44:06,CC→CW,2026-02-08,,20167,20167,880,Monedero
2305,54416002,El Parque,Costa Mar,20050,L2,V1,2026-02-08 11:11:56,2026-02-08 11:27:29,CW→CC,2026-02-08,,20050,20050,430,Monedero
2306,54416002,El Parque,Costa Mar,20050,L2,V1,2026-02-08 11:12:09,2026-02-08 11:25:25,CW→CC,2026-02-08,,20050,20050,430,Monedero
2307,54419676,Hualqui,Higueras,20850,L1,V1,2026-02-08 08:50:13,2026-02-08 10:21:04,HQ→TH,2026-02-08,,20850,20850,560,Monedero
2308,54419676,Higueras,Hualqui,20847,L1,V1,2026-02-08 19:55:16,2026-02-08 21:01:58,TH→HQ,2026-02-08,,20847,20847,560,Monedero
2309,54420613,Concepcion,Laguna Quinenco,20161,L2,V1,2026-02-08 18:26:39,2026-02-08 19:11:28,CC→CW,2026-02-08,,20161,20161,880,Monedero
2310,54424657,Hito Galvarino,Concepcion,20066,L2,V1,2026-02-08 14:45:22,2026-02-08 15:24:12,CW→CC,2026-02-08,,20066,20066,850,Monedero
2311,54424657,Hito Galvarino,Concepcion,20066,L2,V1,2026-02-08 14:45:27,2026-02-08 15:24:06,CW→CC,2026-02-08,,20066,20066,850,Monedero
2312,54424908,Coronel,Los Canelos,20076,L2,V1,2026-02-08 16:31:06,2026-02-08 16:56:20,CW→CC,2026-02-08,,20076,20076,530,Monedero
2313,54426398,El Parque,Juan Pablo II,20066,L2,V1,2026-02-08 14:53:54,2026-02-08 15:16:27,CW→CC,2026-02-08,,20066,20063,510,Monedero
2314,54426398,Juan Pablo II,Lomas Coloradas,20167,L2,V1,2026-02-08 19:22:01,2026-02-08 20:24:04,CC→CW,2026-02-08,,20167,20167,510,Monedero
2315,54427121,Cristo Redentor,El Parque,20162,L2,V1,2026-02-08 18:15:11,2026-02-08 18:42:38,CW→CC,2026-02-08,,20162,20162,630,Monedero
2316,54427748,Concepcion,Cdal. Raul Silva Henriquez,20167,L2,V1,2026-02-08 19:41:19,2026-02-08 20:26:38,CC→CW,2026-02-08,,20167,20167,570,Monedero
2317,54428108,El Parque,Concepcion,20056,L2,V1,2026-02-08 12:33:30,2026-02-08 13:10:36,CW→CC,2026-02-08,,20056,20056,570,Monedero
2318,54428108,El Parque,Concepcion,20056,L2,V1,2026-02-08 12:33:40,2026-02-08 13:10:30,CW→CC,2026-02-08,,20056,20056,570,Monedero
2319,54428251,Concepcion,Coronel,20163,L2,V1,2026-02-08 18:44:09,2026-02-08 19:47:02,CC→CW,2026-02-08,,20163,20163,880,Monedero
2320,54428371,Hito Galvarino,Concepcion,20166,L2,V1,2026-02-08 19:22:24,2026-02-08 20:01:44,CW→CC,2026-02-08,,20166,20166,850,Monedero
2321,54429532,Los Canelos,El Parque,20156,L2,V1,2026-02-08 09:21:27,2026-02-08 09:45:36,CW→CC,2026-02-08,,20156,20156,610,Monedero
2322,54429532,El Parque,Los Canelos,20167,L2,V1,2026-02-08 20:08:56,2026-02-08 20:36:35,CC→CW,2026-02-08,,20167,20167,610,Monedero
2323,54431031,Los Canelos,Concepcion,20166,L2,V1,2026-02-08 19:18:06,2026-02-08 19:59:41,CW→CC,2026-02-08,,20166,20166,850,Monedero
2324,54432055,Cdal. Raul Silva Henriquez,Concepcion,20040,L2,V1,2026-02-08 09:46:58,2026-02-08 10:23:55,CW→CC,2026-02-08,,20040,20040,570,Monedero
2325,54433483,Concepcion,Coronel,20171,L2,V1,2026-02-08 20:47:08,2026-02-08 21:49:16,CC→CW,2026-02-08,,20171,,880,Monedero
2326,54433483,Concepcion,Coronel,20171,L2,V1,2026-02-08 20:47:15,2026-02-08 21:49:10,CC→CW,2026-02-08,,20171,,880,Monedero
2327,54434402,Cristo Redentor,Hito Galvarino,20166,L2,V1,2026-02-08 19:19:10,2026-02-08 19:32:34,CW→CC,2026-02-08,,20166,20166,460,Monedero
2328,54434628,Coronel,Costa Mar,20166,L2,V1,2026-02-08 18:32:12,2026-02-08 19:46:44,CW→CC,2026-02-08,,20166,20166,650,Monedero
2329,54436064,Huinca,El Parque,20156,L2,V1,2026-02-08 09:20:16,2026-02-08 09:44:43,CW→CC,2026-02-08,,20156,20156,630,Monedero
2330,54436637,El Parque,Los Canelos,20163,L2,V1,2026-02-08 19:14:06,2026-02-08 19:35:30,CC→CW,2026-02-08,,20163,20163,610,Monedero
2331,54436757,Pedro Medina,Chiguayante,20850,L1,V2,2026-02-08 09:50:33,2026-02-08 09:55:55,,2026-02-08,sin_combo_factible_en_hub|sin_s1_factible_retro,,20850,420,Monedero
2332,54436757,Pedro Medina,Chiguayante,20850,L1,V2,2026-02-08 09:50:39,2026-02-08 09:55:50,,2026-02-08,sin_combo_factible_en_hub|sin_s1_factible_retro,,20850,420,Monedero
2333,54437839,Los Canelos,Concepcion,20152,L2,V1,2026-02-08 08:32:30,2026-02-08 09:16:27,CW→CC,2026-02-08,,20152,20152,850,Monedero
2334,54437839,Concepcion,Los Canelos,20069,L2,V1,2026-02-08 16:22:27,2026-02-08 17:20:15,CC→CW,2026-02-08,,20069,20069,850,Monedero
2335,54438164,Costa Mar,Concepcion,20056,L2,V1,2026-02-08 12:39:27,2026-02-08 13:17:31,CW→CC,2026-02-08,,20056,20056,570,Monedero
2336,54438272,Diagonal Bio Bio,Coronel,20149,L2,V1,2026-02-08 08:33:40,2026-02-08 09:15:11,CC→CW,2026-02-08,,20149,20149,790,Monedero
2337,54438324,Mercado,Concepcion,20845,L1,V1,2026-02-08 15:46:33,2026-02-08 16:29:25,TH→HQ,2026-02-08,,20845,20845,540,Monedero
2338,54438324,Diagonal Bio Bio,Los Canelos,20161,L2,V1,2026-02-08 18:31:35,2026-02-08 19:03:54,CC→CW,2026-02-08,,20161,20161,650,Monedero
2339,54438606,Laguna Quinenco,Los Canelos,20170,L2,V1,2026-02-08 19:55:45,2026-02-08 20:28:10,CW→CC,2026-02-08,,20170,20170,530,Monedero
2340,54439478,Cristo Redentor,Concepcion,20076,L2,V1,2026-02-08 16:42:59,2026-02-08 17:30:06,CW→CC,2026-02-08,,20076,20076,850,Monedero
2341,54439789,Coronel,Concepcion,20152,L2,V1,2026-02-08 08:19:30,2026-02-08 09:15:55,CW→CC,2026-02-08,,20152,20152,880,Monedero
2342,54439789,Concepcion,Coronel,,,N/A,2026-02-08 20:44:32,2026-02-08 21:47:39,,2026-02-08,sin_combo_factible_en_hub|sin_s1_factible_retro,,,880,Monedero
2343,54439952,Concepcion,Laguna Quinenco,20157,L2,V1,2026-02-08 17:29:25,2026-02-08 18:11:45,CC→CW,2026-02-08,,20157,,880,Monedero
2344,54440648,Lomas Coloradas,Concepcion,20066,L2,V1,2026-02-08 14:58:08,2026-02-08 15:23:14,CW→CC,2026-02-08,,20066,20066,570,Monedero
2345,54440648,Concepcion,Lomas Coloradas,20163,L2,V1,2026-02-08 18:57:50,2026-02-08 19:22:29,CC→CW,2026-02-08,,20163,20163,570,Monedero
2346,54440805,Coronel,Concepcion,20166,L2,V1,2026-02-08 19:13:36,2026-02-08 20:06:41,CW→CC,2026-02-08,,20166,20166,880,Monedero
2347,54440805,Coronel,Concepcion,20166,L2,V1,2026-02-08 19:13:40,2026-02-08 20:06:29,CW→CC,2026-02-08,,20166,20166,880,Monedero
2348,54440805,Coronel,Concepcion,20166,L2,V1,2026-02-08 19:13:44,2026-02-08 20:06:23,CW→CC,2026-02-08,,20166,20166,880,Monedero
2349,54441107,Juan Pablo II,Lomas Coloradas,20153,L2,V1,2026-02-08 09:20:57,2026-02-08 09:39:05,CC→CW,2026-02-08,,20153,20153,510,Monedero
2350,54441109,Huinca,Alborada,20058,L2,V1,2026-02-08 12:35:57,2026-02-08 13:02:39,CW→CC,2026-02-08,,20058,20058,680,Monedero
2351,54441335,Costa Mar,Coronel,20051,L2,V1,2026-02-08 11:53:52,2026-02-08 12:28:45,CC→CW,2026-02-08,,20051,20051,650,Monedero
2352,54441427,Diagonal Bio Bio,Cdal. Raul Silva Henriquez,20171,L2,V1,2026-02-08 21:02:10,2026-02-08 21:30:20,CC→CW,2026-02-08,,20171,,510,Monedero
2353,54442680,Cristo Redentor,Costa Mar,20056,L2,V1,2026-02-08 12:22:08,2026-02-08 12:47:08,CW→CC,2026-02-08,,20056,20056,630,Monedero
2354,54443004,Concepcion,Coronel,20063,L2,V1,2026-02-08 14:15:42,2026-02-08 15:22:22,CC→CW,2026-02-08,,20063,20063,880,Monedero
2355,54443958,Cdal. Raul Silva Henriquez,Diagonal Bio Bio,20056,L2,V1,2026-02-08 12:37:07,2026-02-08 12:52:48,CW→CC,2026-02-08,,20056,20056,510,Monedero
2356,54443958,Diagonal Bio Bio,Cdal. Raul Silva Henriquez,20063,L2,V1,2026-02-08 14:33:27,2026-02-08 15:03:30,CC→CW,2026-02-08,,20063,20063,510,Monedero
2357,54444654,Huinca,Juan Pablo II,20044,L2,V1,2026-02-08 09:59:17,2026-02-08 10:41:35,CW→CC,2026-02-08,,20044,20044,680,Monedero
2358,54444654,Juan Pablo II,Huinca,20157,L2,V1,2026-02-08 17:21:18,2026-02-08 18:07:06,CC→CW,2026-02-08,,20157,,680,Monedero
2359,54445153,Hito Galvarino,Cdal. Raul Silva Henriquez,20050,L2,V1,2026-02-08 11:05:46,2026-02-08 11:20:22,CW→CC,2026-02-08,,20050,20050,610,Monedero
2360,54446296,Costa Mar,Concepcion,20058,L2,V1,2026-02-08 12:55:01,2026-02-08 13:15:41,CW→CC,2026-02-08,,20058,20058,570,Monedero
2361,54446296,Pedro Medina,Costa Mar,,,N/A,2026-02-08 17:14:56,2026-02-08 17:48:08,,2026-02-08,sin_combo_factible_en_hub|sin_s1_factible_retro,,,590,Monedero
2362,54448010,Concepcion,Costa Mar,20069,L2,V1,2026-02-08 16:33:47,2026-02-08 16:59:17,CC→CW,2026-02-08,,20069,20069,570,Monedero
2363,54448295,Laguna Quinenco,Cdal. Raul Silva Henriquez,20068,L2,V1,2026-02-08 15:41:07,2026-02-08 16:01:30,CW→CC,2026-02-08,,20068,20068,650,Monedero
2364,54448388,Hito Galvarino,Coronel,20153,L2,V1,2026-02-08 09:43:52,2026-02-08 10:02:49,CC→CW,2026-02-08,,20153,20153,530,Monedero
2365,54448670,Los Canelos,Hito Galvarino,20166,L2,V1,2026-02-08 19:18:15,2026-02-08 19:32:26,CW→CC,2026-02-08,,20166,20166,440,Monedero
2366,54448802,Concepcion,Coronel,20035,L2,V1,2026-02-08 09:51:28,2026-02-08 10:47:23,CC→CW,2026-02-08,,20035,,880,Monedero
2367,54448802,Concepcion,Coronel,20035,L2,V1,2026-02-08 09:51:37,2026-02-08 10:47:16,CC→CW,2026-02-08,,20035,,880,Monedero
2368,54448954,Cristo Redentor,Concepcion,20050,L2,V1,2026-02-08 10:54:15,2026-02-08 11:42:17,CW→CC,2026-02-08,,20050,20050,850,Monedero
2369,54449389,Laguna Quinenco,Cristo Redentor,20170,L2,V1,2026-02-08 20:15:31,2026-02-08 20:24:34,CW→CC,2026-02-08,,20170,20170,450,Monedero
2370,54449670,Concepcion,Pedro Medina,20847,L1,V1,2026-02-08 19:26:55,2026-02-08 20:42:44,TH→HQ,2026-02-08,combo_por_entrada,20847,20847,590,Monedero
2371,54451122,Coronel,Concepcion,20056,L2,V1,2026-02-08 12:13:21,2026-02-08 13:04:49,CW→CC,2026-02-08,,20056,20056,880,Monedero
2372,54451122,Concepcion,Cristo Redentor,20157,L2,V1,2026-02-08 17:25:00,2026-02-08 18:08:57,CC→CW,2026-02-08,,20157,,850,Monedero
2373,54454584,Huinca,Costa Mar,20160,L2,V1,2026-02-08 17:47:08,2026-02-08 18:14:13,CW→CC,2026-02-08,,20160,20160,630,Monedero
2374,54454584,Costa Mar,Huinca,20167,L2,V1,2026-02-08 20:03:54,2026-02-08 20:38:44,CC→CW,2026-02-08,,20167,20167,630,Monedero
2375,54454667,Cristo Redentor,Concepcion,20152,L2,V1,2026-02-08 08:30:57,2026-02-08 09:16:38,CW→CC,2026-02-08,,20152,20152,850,Monedero
2376,54454667,Concepcion,Cristo Redentor,20163,L2,V1,2026-02-08 18:57:39,2026-02-08 19:40:16,CC→CW,2026-02-08,,20163,20163,850,Monedero
2377,54454945,Coronel,Concepcion,20160,L2,V1,2026-02-08 17:28:19,2026-02-08 18:31:46,CW→CC,2026-02-08,,20160,20160,880,Monedero
2378,54456787,Concepcion,Laguna Quinenco,20167,L2,V1,2026-02-08 19:38:06,2026-02-08 20:43:09,CC→CW,2026-02-08,,20167,20167,880,Monedero
2379,54456789,Diagonal Bio Bio,Los Canelos,20063,L2,V1,2026-02-08 14:03:07,2026-02-08 15:11:34,CC→CW,2026-02-08,,20063,20063,650,Monedero
2380,54456935,Concepcion,Lomas Coloradas,20067,L2,V1,2026-02-08 14:51:27,2026-02-08 15:50:36,CC→CW,2026-02-08,,20067,20067,570,Monedero
2381,54456935,Lomas Coloradas,Concepcion,20170,L2,V1,2026-02-08 20:37:56,2026-02-08 21:00:53,CW→CC,2026-02-08,,20170,20170,570,Monedero
2382,54457579,Juan Pablo II,Lomas Coloradas,20163,L2,V1,2026-02-08 19:00:05,2026-02-08 19:22:56,CC→CW,2026-02-08,,20163,20163,510,Monedero
2383,54458948,Cristo Redentor,Diagonal Bio Bio,20044,L2,V1,2026-02-08 09:49:08,2026-02-08 10:38:13,CW→CC,2026-02-08,,20044,20040,680,Monedero
2384,54458948,Concepcion,Cristo Redentor,20069,L2,V1,2026-02-08 16:25:49,2026-02-08 17:23:43,CC→CW,2026-02-08,,20069,20069,850,Monedero
2385,54458981,El Parque,Concepcion,20166,L2,V1,2026-02-08 19:20:03,2026-02-08 20:00:04,CW→CC,2026-02-08,,20166,20166,570,Monedero
2386,54459072,Concepcion,Lomas Coloradas,20167,L2,V1,2026-02-08 19:47:59,2026-02-08 20:23:24,CC→CW,2026-02-08,,20167,20167,570,Monedero
2387,54459072,Concepcion,Lomas Coloradas,20167,L2,V1,2026-02-08 19:48:15,2026-02-08 20:23:20,CC→CW,2026-02-08,,20167,20167,570,Monedero
2388,54460101,Los Canelos,Costa Mar,20166,L2,V1,2026-02-08 19:10:42,2026-02-08 19:46:30,CW→CC,2026-02-08,,20166,20166,610,Monedero
2389,54460154,Cdal. Raul Silva Henriquez,Concepcion,20076,L2,V1,2026-02-08 16:55:48,2026-02-08 17:30:17,CW→CC,2026-02-08,,20076,20076,570,Monedero
2390,54460154,Concepcion,Cdal. Raul Silva Henriquez,20167,L2,V1,2026-02-08 19:46:22,2026-02-08 20:26:50,CC→CW,2026-02-08,,20167,20167,570,Monedero
2391,54462114,Diagonal Bio Bio,El Parque,20067,L2,V1,2026-02-08 15:26:37,2026-02-08 15:47:28,CC→CW,2026-02-08,,20067,20067,510,Monedero
2392,54462114,El Parque,Diagonal Bio Bio,20076,L2,V1,2026-02-08 16:52:16,2026-02-08 17:18:29,CW→CC,2026-02-08,,20076,20076,510,Monedero
2393,54462769,Costa Mar,Cristo Redentor,20167,L2,V1,2026-02-08 20:07:02,2026-02-08 20:41:08,CC→CW,2026-02-08,,20167,20167,630,Monedero
2394,54463955,Los Canelos,Laguna Quinenco,20067,L2,V1,2026-02-08 15:55:27,2026-02-08 16:12:26,CC→CW,2026-02-08,,20067,20067,530,Monedero
2395,54464195,Coronel,Concepcion,20152,L2,V1,2026-02-08 08:21:57,2026-02-08 09:17:53,CW→CC,2026-02-08,,20152,20152,880,Monedero
2396,54464195,Coronel,Concepcion,20152,L2,V1,2026-02-08 08:22:15,2026-02-08 09:17:48,CW→CC,2026-02-08,,20152,20152,880,Monedero
2397,54464773,Los Canelos,Concepcion,20156,L2,V1,2026-02-08 09:16:40,2026-02-08 10:02:12,CW→CC,2026-02-08,,20156,20156,850,Monedero
2398,54467370,Concepcion,Cdal. Raul Silva Henriquez,20167,L2,V1,2026-02-08 19:38:46,2026-02-08 20:25:59,CC→CW,2026-02-08,,20167,20167,570,Monedero
2399,54467526,Cdal. Raul Silva Henriquez,Juan Pablo II,20056,L2,V1,2026-02-08 12:32:00,2026-02-08 12:54:01,CW→CC,2026-02-08,,20056,20053,510,Monedero
2400,54467526,Juan Pablo II,Cdal. Raul Silva Henriquez,20157,L2,V1,2026-02-08 17:32:21,2026-02-08 17:55:14,CC→CW,2026-02-08,,20157,,510,Monedero
2401,54467555,Cdal. Raul Silva Henriquez,Hito Galvarino,20063,L2,V1,2026-02-08 14:42:52,2026-02-08 15:06:43,CC→CW,2026-02-08,,20063,20063,610,Monedero
2402,54467858,Concepcion,El Parque,20153,L2,V1,2026-02-08 09:16:52,2026-02-08 09:37:32,CC→CW,2026-02-08,,20153,20153,570,Monedero
2403,54467858,Concepcion,El Parque,20153,L2,V1,2026-02-08 09:17:04,2026-02-08 09:37:26,CC→CW,2026-02-08,,20153,20153,570,Monedero
2404,54468316,Costa Mar,El Parque,20157,L2,V1,2026-02-08 17:44:18,2026-02-08 17:50:31,CC→CW,2026-02-08,,20157,20157,430,Monedero
2405,54468316,El Parque,Concepcion,20162,L2,V1,2026-02-08 18:41:52,2026-02-08 18:59:00,CW→CC,2026-02-08,,20162,20162,570,Monedero
2406,54469669,Laguna Quinenco,Concepcion,20066,L2,V1,2026-02-08 14:23:09,2026-02-08 15:25:56,CW→CC,2026-02-08,,20066,20066,880,Monedero
2407,54469669,Concepcion,Laguna Quinenco,20167,L2,V1,2026-02-08 19:40:31,2026-02-08 20:43:23,CC→CW,2026-02-08,,20167,20167,880,Monedero
2408,54470236,Hito Galvarino,Cristo Redentor,20157,L2,V1,2026-02-08 17:53:44,2026-02-08 18:11:16,CC→CW,2026-02-08,,20157,20157,460,Monedero
2409,54471671,El Parque,Laguna Quinenco,20161,L2,V1,2026-02-08 18:30:20,2026-02-08 19:11:25,CC→CW,2026-02-08,,20161,20161,650,Monedero
2410,54473073,Concepcion,Cristo Redentor,20167,L2,V1,2026-02-08 19:44:28,2026-02-08 20:45:08,CC→CW,2026-02-08,,20167,20167,850,Monedero
2411,54473073,Concepcion,Cristo Redentor,20167,L2,V1,2026-02-08 19:44:33,2026-02-08 20:44:59,CC→CW,2026-02-08,,20167,20167,850,Monedero
2412,54473538,Los Canelos,Concepcion,20040,L2,V1,2026-02-08 09:40:46,2026-02-08 10:22:34,CW→CC,2026-02-08,,20040,20040,850,Monedero
2413,54473538,Concepcion,Los Canelos,20171,L2,V1,2026-02-08 20:36:59,2026-02-08 21:38:34,CC→CW,2026-02-08,,20171,,850,Monedero
2414,54473883,Los Canelos,Concepcion,20170,L2,V1,2026-02-08 20:14:26,2026-02-08 21:05:15,CW→CC,2026-02-08,,20170,20170,850,Monedero
2415,54473973,Laguna Quinenco,Huinca,20166,L2,V1,2026-02-08 19:09:53,2026-02-08 19:27:51,CW→CC,2026-02-08,,20166,20166,450,Monedero
2416,54474176,Juan Pablo II,Lomas Coloradas,20161,L2,V1,2026-02-08 18:29:03,2026-02-08 18:49:56,CC→CW,2026-02-08,,20161,20161,510,Monedero
2417,54474610,Alborada,Lomas Coloradas,20171,L2,V1,2026-02-08 20:50:41,2026-02-08 21:26:51,CC→CW,2026-02-08,,20171,,510,Monedero
2418,54474631,Lomas Coloradas,Huinca,20067,L2,V1,2026-02-08 15:41:31,2026-02-08 16:05:21,CC→CW,2026-02-08,,20067,20067,630,Monedero
2419,54474724,Laguna Quinenco,Concepcion,20052,L2,V1,2026-02-08 11:20:15,2026-02-08 12:04:25,CW→CC,2026-02-08,,20052,20052,880,Monedero
2420,54474724,Hualqui,Concepcion,20880,L1,V1,2026-02-08 20:51:47,2026-02-08 21:47:52,HQ→TH,2026-02-08,,20880,20880,550,Monedero
2421,54474895,Concepcion,Huinca,20063,L2,V1,2026-02-08 14:31:32,2026-02-08 15:12:25,CC→CW,2026-02-08,,20063,20063,850,Monedero
2422,54475899,Cristo Redentor,Concepcion,20160,L2,V1,2026-02-08 17:45:19,2026-02-08 18:27:27,CW→CC,2026-02-08,,20160,20160,850,Monedero
2423,54476352,Cristo Redentor,Concepcion,20058,L2,V1,2026-02-08 12:35:37,2026-02-08 13:16:08,CW→CC,2026-02-08,,20058,20058,850,Monedero
2424,54476352,Concepcion,Concepcion,,,N/A,2026-02-08 14:24:41,2026-02-08 14:26:26,,2026-02-08,no viajo,,,420,Monedero
2425,54476352,Concepcion,Cristo Redentor,20063,L2,V1,2026-02-08 14:26:34,2026-02-08 19:41:39,CC→CW,2026-02-08,,20063,20063,850,Monedero
2426,54476360,Concepcion,Huinca,20053,L2,V1,2026-02-08 11:52:19,2026-02-08 12:45:39,CC→CW,2026-02-08,,20053,20051,850,Monedero
2427,54476421,Concepcion,Cristo Redentor,20153,L2,V1,2026-02-08 08:49:01,2026-02-08 09:59:39,CC→CW,2026-02-08,,20153,20153,850,Monedero
2428,54477032,Concepcion,Hito Galvarino,20167,L2,V1,2026-02-08 19:46:17,2026-02-08 20:33:36,CC→CW,2026-02-08,,20167,20167,850,Monedero
2429,54477893,Juan Pablo II,Lomas Coloradas,20167,L2,V1,2026-02-08 19:45:02,2026-02-08 20:23:50,CC→CW,2026-02-08,,20167,20167,510,Monedero
2430,54477900,Juan Pablo II,Cristo Redentor,20153,L2,V1,2026-02-08 08:59:01,2026-02-08 09:58:02,CC→CW,2026-02-08,,20153,20153,680,Monedero
2431,54478648,Laguna Quinenco,Hito Galvarino,20170,L2,V1,2026-02-08 20:08:00,2026-02-08 20:31:03,CW→CC,2026-02-08,,20170,20170,530,Monedero
2432,54479059,Concepcion,Cristo Redentor,20049,L2,V1,2026-02-08 11:00:18,2026-02-08 12:08:26,CC→CW,2026-02-08,,20049,20049,850,Monedero
2433,54479246,Costa Mar,Concepcion,20162,L2,V1,2026-02-08 18:44:24,2026-02-08 18:58:50,CW→CC,2026-02-08,,20162,20162,570,Monedero
2434,54479258,Laguna Quinenco,Concepcion,20156,L2,V1,2026-02-08 09:14:59,2026-02-08 10:02:37,CW→CC,2026-02-08,,20156,20156,880,Monedero
2435,54479258,Juan Pablo II,Laguna Quinenco,20049,L2,V1,2026-02-08 11:12:53,2026-02-08 12:11:02,CC→CW,2026-02-08,,20049,20049,790,Monedero
2436,54479871,Coronel,Concepcion,,,N/A,2026-02-08 12:27:39,2026-02-08 13:03:21,,2026-02-08,sin_combo_factible_en_hub|sin_s1_factible_retro,,,880,Monedero
2437,54479871,Concepcion,Coronel,20161,L2,V1,2026-02-08 17:59:45,2026-02-08 19:14:03,CC→CW,2026-02-08,,20161,20161,880,Monedero
2438,54480205,Juan Pablo II,Coronel,20167,L2,V1,2026-02-08 19:44:16,2026-02-08 20:47:25,CC→CW,2026-02-08,,20167,20167,790,Monedero
2439,54480781,Concepcion,Cdal. Raul Silva Henriquez,20149,L2,V1,2026-02-08 07:19:49,2026-02-08 08:55:52,CC→CW,2026-02-08,combo_por_entrada,20149,20149,590,Monedero
2440,54480781,Concepcion,Mercado,20848,L1,V1,2026-02-08 20:31:49,2026-02-08 21:31:11,HQ→TH,2026-02-08,match_por_salida_fallback,20848,20848,590,Monedero
2441,54481976,Coronel,Concepcion,20170,L2,V1,2026-02-08 19:47:59,2026-02-08 21:02:54,CW→CC,2026-02-08,,20170,20170,880,Monedero
2442,54482751,Concepcion,Alborada,20167,L2,V1,2026-02-08 19:37:11,2026-02-08 20:15:25,CC→CW,2026-02-08,,20167,20167,570,Monedero
2443,54482770,La Leonera,UTF Santa Maria,20850,L1,V1,2026-02-08 09:26:42,2026-02-08 10:14:50,HQ→TH,2026-02-08,,20850,20850,540,Monedero
2444,54482928,Laguna Quinenco,Lomas Coloradas,20160,L2,V1,2026-02-08 17:30:08,2026-02-08 18:08:07,CW→CC,2026-02-08,,20160,20160,650,Monedero
2445,54483518,Diagonal Bio Bio,Concepcion,20044,L2,V1,2026-02-08 10:27:58,2026-02-08 10:47:06,CW→CC,2026-02-08,,20044,20044,570,Monedero
2446,54483575,Hito Galvarino,Juan Pablo II,20160,L2,V1,2026-02-08 17:45:24,2026-02-08 18:19:53,CW→CC,2026-02-08,,20160,20160,650,Monedero
2447,54483593,Diagonal Bio Bio,Concepcion,20076,L2,V1,2026-02-08 17:16:27,2026-02-08 17:31:20,CW→CC,2026-02-08,,20076,20076,570,Monedero
2448,54483593,Diagonal Bio Bio,Concepcion,20076,L2,V1,2026-02-08 17:16:34,2026-02-08 17:31:15,CW→CC,2026-02-08,,20076,20076,570,Monedero
2449,54483596,Lomas Coloradas,Concepcion,20076,L2,V1,2026-02-08 17:04:16,2026-02-08 17:30:46,CW→CC,2026-02-08,,20076,20076,570,Monedero
2450,54483596,Concepcion,Lomas Coloradas,20167,L2,V1,2026-02-08 19:31:37,2026-02-08 20:24:18,CC→CW,2026-02-08,,20167,20167,570,Monedero
2451,54483799,Huinca,Concepcion,20044,L2,V1,2026-02-08 10:04:40,2026-02-08 10:48:11,CW→CC,2026-02-08,,20044,20044,850,Monedero
2452,54483799,Concepcion,Huinca,20167,L2,V1,2026-02-08 19:59:04,2026-02-08 20:40:04,CC→CW,2026-02-08,,20167,20167,850,Monedero
2453,54484152,Cdal. Raul Silva Henriquez,Concepcion,20044,L2,V1,2026-02-08 10:21:22,2026-02-08 10:50:19,CW→CC,2026-02-08,,20044,20044,570,Monedero
2454,54484588,Concepcion,Huinca,20053,L2,V1,2026-02-08 12:00:15,2026-02-08 12:45:43,CC→CW,2026-02-08,,20053,20053,850,Monedero
2455,54484588,Huinca,Concepcion,20166,L2,V1,2026-02-08 19:19:42,2026-02-08 20:00:13,CW→CC,2026-02-08,,20166,20166,850,Monedero
2456,54484856,Lomas Coloradas,Juan Pablo II,20152,L2,V1,2026-02-08 08:44:15,2026-02-08 09:09:17,CW→CC,2026-02-08,,20152,20152,510,Monedero
2457,54485189,Concepcion,Huinca,20171,L2,V1,2026-02-08 20:19:51,2026-02-08 21:40:46,CC→CW,2026-02-08,,20171,,850,Monedero
2458,54485237,Coronel,Concepcion,20056,L2,V1,2026-02-08 12:15:56,2026-02-08 13:05:44,CW→CC,2026-02-08,,20056,20056,880,Monedero
2459,54485237,Coronel,Concepcion,20056,L2,V1,2026-02-08 12:16:06,2026-02-08 13:05:33,CW→CC,2026-02-08,,20056,20056,880,Monedero
2460,54485363,Concepcion,Costa Mar,20149,L2,V1,2026-02-08 08:10:58,2026-02-08 08:46:51,CC→CW,2026-02-08,,20149,20149,570,Monedero
2461,54485363,Concepcion,Costa Mar,20149,L2,V1,2026-02-08 08:11:03,2026-02-08 08:46:46,CC→CW,2026-02-08,,20149,20149,570,Monedero
2462,54485396,Coronel,Concepcion,20062,L2,V1,2026-02-08 13:26:20,2026-02-08 14:34:38,CW→CC,2026-02-08,,20062,20062,880,Monedero
2463,54485396,Coronel,Concepcion,20062,L2,V1,2026-02-08 13:26:25,2026-02-08 14:34:33,CW→CC,2026-02-08,,20062,20062,880,Monedero
2464,54485842,Huinca,Concepcion,20076,L2,V1,2026-02-08 16:47:44,2026-02-08 17:30:25,CW→CC,2026-02-08,,20076,20076,850,Monedero
2465,54485842,Concepcion,Huinca,20171,L2,V1,2026-02-08 20:35:19,2026-02-08 21:40:17,CC→CW,2026-02-08,,20171,,850,Monedero
2466,54486179,Laguna Quinenco,El Parque,20166,L2,V1,2026-02-08 19:07:40,2026-02-08 19:44:14,CW→CC,2026-02-08,,20166,20166,650,Monedero
2467,54486994,Laguna Quinenco,Concepcion,20166,L2,V1,2026-02-08 19:20:24,2026-02-08 20:00:14,CW→CC,2026-02-08,,20166,20166,880,Monedero
2468,54487210,Cdal. Raul Silva Henriquez,Los Canelos,20059,L2,V1,2026-02-08 13:36:03,2026-02-08 13:53:07,CC→CW,2026-02-08,,20059,20059,610,Monedero
2469,54487210,Los Canelos,Cdal. Raul Silva Henriquez,20160,L2,V1,2026-02-08 17:50:49,2026-02-08 18:04:17,CW→CC,2026-02-08,,20160,20160,610,Monedero
2470,54487754,Huinca,Juan Pablo II,20062,L2,V1,2026-02-08 13:54:01,2026-02-08 14:26:00,CW→CC,2026-02-08,,20062,20062,680,Monedero
2471,54488055,El Arenal,Lzo. Arenas,20845,L1,V1,2026-02-08 15:58:50,2026-02-08 16:20:18,TH→HQ,2026-02-08,,20845,20845,540,Monedero
2472,54488055,El Arenal,Lzo. Arenas,20845,L1,V1,2026-02-08 15:58:53,2026-02-08 16:20:02,TH→HQ,2026-02-08,,20845,20845,540,Monedero
2473,54488055,Lzo. Arenas,El Arenal,20848,L1,V1,2026-02-08 20:58:33,2026-02-08 21:29:25,HQ→TH,2026-02-08,,20848,20848,540,Monedero
2474,54488055,Lzo. Arenas,El Arenal,20848,L1,V1,2026-02-08 20:58:38,2026-02-08 21:28:30,HQ→TH,2026-02-08,,20848,20848,540,Monedero
2475,54488433,Coronel,Los Canelos,20040,L2,V1,2026-02-08 09:25:47,2026-02-08 09:50:54,CW→CC,2026-02-08,,20040,20156,530,Monedero
2476,54488594,Cristo Redentor,Laguna Quinenco,20161,L2,V1,2026-02-08 19:04:36,2026-02-08 19:10:39,CC→CW,2026-02-08,,20161,20161,450,Monedero
2477,54488740,Cristo Redentor,Concepcion,20062,L2,V1,2026-02-08 13:39:20,2026-02-08 14:33:39,CW→CC,2026-02-08,,20062,20062,850,Monedero
2478,54488851,Laguna Quinenco,Concepcion,20068,L2,V1,2026-02-08 15:19:05,2026-02-08 16:27:16,CW→CC,2026-02-08,,20068,20068,880,Monedero
2479,54488851,Concepcion,Laguna Quinenco,20167,L2,V1,2026-02-08 19:25:01,2026-02-08 20:44:01,CC→CW,2026-02-08,,20167,20167,880,Monedero
2480,54488991,Cristo Redentor,Concepcion,20052,L2,V1,2026-02-08 11:17:50,2026-02-08 12:05:38,CW→CC,2026-02-08,,20052,20052,850,Monedero
2481,54489093,Huinca,Juan Pablo II,20162,L2,V1,2026-02-08 18:17:08,2026-02-08 18:52:33,CW→CC,2026-02-08,,20162,20162,680,Monedero
2482,54489119,Laguna Quinenco,Concepcion,20152,L2,V1,2026-02-08 08:34:30,2026-02-08 09:16:52,CW→CC,2026-02-08,,20152,20152,880,Monedero
2483,54489822,Huinca,Concepcion,,,N/A,2026-02-08 09:42:59,2026-02-08 10:09:00,,2026-02-08,sin_combo_factible_en_hub|sin_s1_factible_retro,,,850,Monedero
2484,54489870,Lomas Coloradas,Juan Pablo II,20170,L2,V1,2026-02-08 20:37:03,2026-02-08 20:54:07,CW→CC,2026-02-08,,20170,20170,510,Monedero
2485,54490103,Concepcion,Coronel,20059,L2,V1,2026-02-08 12:51:05,2026-02-08 14:04:22,CC→CW,2026-02-08,,20059,20059,880,Monedero
2486,54490166,Cdal. Raul Silva Henriquez,Concepcion,20056,L2,V1,2026-02-08 12:35:41,2026-02-08 13:05:49,CW→CC,2026-02-08,,20056,20056,570,Monedero
2487,54490166,Concepcion,Cdal. Raul Silva Henriquez,20069,L2,V1,2026-02-08 16:25:55,2026-02-08 17:09:08,CC→CW,2026-02-08,,20069,20069,570,Monedero
2488,54490189,Mercado,Concepcion,20857,L1,V1,2026-02-08 08:20:53,2026-02-08 09:14:32,TH→HQ,2026-02-08,,20857,20857,540,Monedero
2489,54490558,Cdal. Raul Silva Henriquez,Laguna Quinenco,20153,L2,V1,2026-02-08 09:39:54,2026-02-08 09:59:39,CC→CW,2026-02-08,,20153,20153,650,Monedero
2490,54490558,Laguna Quinenco,Cdal. Raul Silva Henriquez,20052,L2,V1,2026-02-08 11:11:07,2026-02-08 11:39:23,CW→CC,2026-02-08,,20052,20052,650,Monedero
2491,54490992,Cdal. Raul Silva Henriquez,Concepcion,20160,L2,V1,2026-02-08 17:37:17,2026-02-08 18:27:26,CW→CC,2026-02-08,,20160,20160,570,Monedero
2492,54491013,Los Condores,Concepcion,20845,L1,V1,2026-02-08 16:04:39,2026-02-08 16:26:44,TH→HQ,2026-02-08,,20845,20845,500,Monedero
2493,54491197,Lomas Coloradas,Coronel,20053,L2,V1,2026-02-08 12:28:52,2026-02-08 12:54:29,CC→CW,2026-02-08,,20053,20053,650,Monedero
2494,54491280,Lomas Coloradas,Los Canelos,20161,L2,V1,2026-02-08 18:48:42,2026-02-08 19:05:51,CC→CW,2026-02-08,,20161,20161,610,Monedero
2495,54491459,Hito Galvarino,Concepcion,20076,L2,V1,2026-02-08 16:41:48,2026-02-08 17:29:38,CW→CC,2026-02-08,,20076,20076,850,Monedero
2496,54491612,Concepcion,Cdal. Raul Silva Henriquez,20167,L2,V1,2026-02-08 19:57:02,2026-02-08 20:27:19,CC→CW,2026-02-08,,20167,20167,570,Monedero
2497,54491612,Concepcion,Cdal. Raul Silva Henriquez,20167,L2,V1,2026-02-08 19:57:07,2026-02-08 20:27:15,CC→CW,2026-02-08,,20167,20167,570,Monedero
2498,54491965,Costa Mar,Coronel,20157,L2,V1,2026-02-08 17:42:43,2026-02-08 18:13:44,CC→CW,2026-02-08,,20157,,650,Monedero
2499,54491987,Cristo Redentor,Concepcion,20066,L2,V1,2026-02-08 14:26:37,2026-02-08 15:24:43,CW→CC,2026-02-08,,20066,20066,850,Monedero
2500,54491987,Concepcion,Cristo Redentor,20167,L2,V1,2026-02-08 19:54:29,2026-02-08 20:41:46,CC→CW,2026-02-08,,20167,20167,850,Monedero
2501,54492072,Cdal. Raul Silva Henriquez,Concepcion,20050,L2,V1,2026-02-08 11:13:00,2026-02-08 11:39:10,CW→CC,2026-02-08,,20050,20050,570,Monedero
2502,54492072,Concepcion,Cdal. Raul Silva Henriquez,20171,L2,V1,2026-02-08 20:33:13,2026-02-08 21:30:22,CC→CW,2026-02-08,,20171,,570,Monedero
2503,54492388,Diagonal Bio Bio,Costa Mar,20153,L2,V1,2026-02-08 09:15:37,2026-02-08 09:33:19,CC→CW,2026-02-08,,20153,20153,510,Monedero
2504,54493395,El Parque,Los Canelos,20167,L2,V1,2026-02-08 20:04:18,2026-02-08 20:36:28,CC→CW,2026-02-08,,20167,20167,610,Monedero
2505,54493744,Juan Pablo II,Huinca,20067,L2,V1,2026-02-08 15:35:27,2026-02-08 16:06:08,CC→CW,2026-02-08,,20067,20067,680,Monedero
2506,54493744,Juan Pablo II,Huinca,20067,L2,V1,2026-02-08 15:35:35,2026-02-08 16:05:59,CC→CW,2026-02-08,,20067,20067,680,Monedero
2507,54493744,Huinca,Diagonal Bio Bio,20170,L2,V1,2026-02-08 20:08:33,2026-02-08 20:51:08,CW→CC,2026-02-08,,20170,20170,680,Monedero
2508,54493744,Huinca,Diagonal Bio Bio,20170,L2,V1,2026-02-08 20:08:43,2026-02-08 20:51:04,CW→CC,2026-02-08,,20170,20170,680,Monedero
2509,54493800,Concepcion,Laguna Quinenco,20157,L2,V1,2026-02-08 17:27:54,2026-02-08 18:10:53,CC→CW,2026-02-08,,20157,,880,Monedero
2510,54494078,Laguna Quinenco,Concepcion,20066,L2,V1,2026-02-08 14:26:55,2026-02-08 15:25:05,CW→CC,2026-02-08,,20066,20066,880,Monedero
2511,54494289,Los Canelos,El Parque,20066,L2,V1,2026-02-08 14:44:40,2026-02-08 15:07:10,CW→CC,2026-02-08,,20066,20066,610,Monedero
2512,54494424,Coronel,Laguna Quinenco,20050,L2,V1,2026-02-08 10:27:03,2026-02-08 11:00:01,CW→CC,2026-02-08,,20050,20050,440,Monedero
2513,54494892,Hualqui,UTF Santa Maria,20850,L1,V1,2026-02-08 09:24:26,2026-02-08 10:15:48,HQ→TH,2026-02-08,,20850,20850,560,Monedero
2514,54495149,Laguna Quinenco,Diagonal Bio Bio,20050,L2,V1,2026-02-08 10:54:23,2026-02-08 11:30:02,CW→CC,2026-02-08,,20050,20050,790,Monedero
2515,54495315,Cristo Redentor,Juan Pablo II,20062,L2,V1,2026-02-08 13:46:48,2026-02-08 14:26:11,CW→CC,2026-02-08,,20062,20062,680,Monedero
2516,54495315,Juan Pablo II,Cristo Redentor,20171,L2,V1,2026-02-08 20:39:55,2026-02-08 21:43:37,CC→CW,2026-02-08,,20171,20167,680,Monedero
2517,54495661,Concepcion,Lomas Coloradas,20167,L2,V1,2026-02-08 19:57:01,2026-02-08 20:23:42,CC→CW,2026-02-08,,20167,20167,570,Monedero
2518,54495933,Laguna Quinenco,Concepcion,20062,L2,V1,2026-02-08 13:37:21,2026-02-08 14:33:21,CW→CC,2026-02-08,,20062,20062,880,Monedero
2519,54495933,Laguna Quinenco,Concepcion,20062,L2,V1,2026-02-08 13:37:31,2026-02-08 14:33:10,CW→CC,2026-02-08,,20062,20062,880,Monedero
2520,54495933,Concepcion,Coronel,20161,L2,V1,2026-02-08 18:16:08,2026-02-08 19:14:46,CC→CW,2026-02-08,,20161,20161,880,Monedero
2521,54495933,Concepcion,Coronel,20161,L2,V1,2026-02-08 18:16:19,2026-02-08 19:14:41,CC→CW,2026-02-08,,20161,20161,880,Monedero
2522,54496523,Concepcion,El Parque,20161,L2,V1,2026-02-08 18:14:25,2026-02-08 18:48:54,CC→CW,2026-02-08,,20161,20161,570,Monedero
2523,54496523,Concepcion,El Parque,20161,L2,V1,2026-02-08 18:14:32,2026-02-08 18:48:48,CC→CW,2026-02-08,,20161,20161,570,Monedero
2524,54496780,Laguna Quinenco,Hito Galvarino,20166,L2,V1,2026-02-08 19:02:00,2026-02-08 19:33:02,CW→CC,2026-02-08,,20166,20166,530,Monedero
2525,54497050,Laguna Quinenco,Concepcion,20152,L2,V1,2026-02-08 08:19:15,2026-02-08 09:16:22,CW→CC,2026-02-08,,20152,20152,880,Monedero
2526,54497109,Coronel,El Parque,20062,L2,V1,2026-02-08 13:46:58,2026-02-08 14:18:38,CW→CC,2026-02-08,,20062,20062,650,Monedero
2527,54497109,El Parque,Coronel,20063,L2,V1,2026-02-08 14:47:44,2026-02-08 15:21:49,CC→CW,2026-02-08,,20063,20063,650,Monedero
2528,54497166,Cristo Redentor,Concepcion,20152,L2,V1,2026-02-08 08:36:34,2026-02-08 09:20:49,CW→CC,2026-02-08,,20152,20152,850,Monedero
2529,54497231,Huinca,Concepcion,20056,L2,V1,2026-02-08 12:20:49,2026-02-08 13:16:09,CW→CC,2026-02-08,,20056,20056,850,Monedero
2530,54497231,Huinca,Concepcion,20056,L2,V1,2026-02-08 12:21:08,2026-02-08 13:15:57,CW→CC,2026-02-08,,20056,20056,850,Monedero
2531,54497588,Lomas Coloradas,Concepcion,20076,L2,V1,2026-02-08 16:56:49,2026-02-08 17:34:25,CW→CC,2026-02-08,,20076,20076,570,Monedero
2532,54497588,Concepcion,Lomas Coloradas,20171,L2,V1,2026-02-08 20:24:58,2026-02-08 21:27:29,CC→CW,2026-02-08,,20171,,570,Monedero
2533,54497740,Lomas Coloradas,Cdal. Raul Silva Henriquez,20163,L2,V1,2026-02-08 19:15:47,2026-02-08 19:26:50,CC→CW,2026-02-08,,20163,20163,430,Monedero
2534,54497740,Cdal. Raul Silva Henriquez,Lomas Coloradas,20170,L2,V1,2026-02-08 19:58:03,2026-02-08 20:41:42,CW→CC,2026-02-08,,20170,20170,430,Monedero
2535,54498091,Concepcion,Coronel,20049,L2,V1,2026-02-08 11:20:25,2026-02-08 12:15:01,CC→CW,2026-02-08,,20049,20049,880,Monedero
2536,54498640,Costa Mar,Concepcion,20066,L2,V1,2026-02-08 14:46:26,2026-02-08 15:25:09,CW→CC,2026-02-08,,20066,20066,570,Monedero
2537,54498640,Costa Mar,Concepcion,20066,L2,V1,2026-02-08 14:46:30,2026-02-08 15:25:07,CW→CC,2026-02-08,,20066,20066,570,Monedero
2538,54499883,Concepcion,Laguna Quinenco,20059,L2,V1,2026-02-08 12:57:37,2026-02-08 14:00:23,CC→CW,2026-02-08,,20059,20059,880,Monedero
2539,54500762,Concepcion,Costa Mar,20069,L2,V1,2026-02-08 16:33:50,2026-02-08 16:59:19,CC→CW,2026-02-08,,20069,20069,570,Monedero
2540,54501139,Alborada,Cdal. Raul Silva Henriquez,20161,L2,V1,2026-02-08 18:41:34,2026-02-08 18:53:20,CC→CW,2026-02-08,,20161,20161,510,Monedero
2541,54501139,Cdal. Raul Silva Henriquez,Costa Mar,20170,L2,V1,2026-02-08 20:04:58,2026-02-08 20:46:22,CW→CC,2026-02-08,,20170,20170,430,Monedero
2542,54502747,Concepcion,Lomas Coloradas,20049,L2,V1,2026-02-08 11:13:42,2026-02-08 11:50:20,CC→CW,2026-02-08,,20049,20049,570,Monedero
2543,54502747,Lomas Coloradas,Concepcion,20066,L2,V1,2026-02-08 14:53:00,2026-02-08 15:25:15,CW→CC,2026-02-08,,20066,20066,570,Monedero
2544,54502747,Concepcion,Lomas Coloradas,20161,L2,V1,2026-02-08 18:10:01,2026-02-08 18:49:53,CC→CW,2026-02-08,,20161,20161,570,Monedero
2545,54503011,Juan Pablo II,Huinca,20163,L2,V1,2026-02-08 18:50:13,2026-02-08 20:15:43,CC→CW,2026-02-08,,20163,20163,680,Monedero
2546,54503211,Concepcion,Los Canelos,20171,L2,V1,2026-02-08 20:53:39,2026-02-08 21:40:20,CC→CW,2026-02-08,,20171,,0,Otros
2547,54503250,Los Canelos,Laguna Quinenco,20049,L2,V1,2026-02-08 11:58:39,2026-02-08 12:12:49,CC→CW,2026-02-08,,20049,20049,270,Adulto Mayor
2548,54503250,Laguna Quinenco,Los Canelos,20066,L2,V1,2026-02-08 14:24:54,2026-02-08 14:53:02,CW→CC,2026-02-08,,20066,20066,270,Adulto Mayor
2549,54503256,Cristo Redentor,El Parque,20056,L2,V1,2026-02-08 12:20:57,2026-02-08 12:45:23,CW→CC,2026-02-08,,20056,20056,630,Monedero
2550,54503516,Concepcion,Cdal. Raul Silva Henriquez,20157,L2,V1,2026-02-08 17:21:14,2026-02-08 17:56:26,CC→CW,2026-02-08,,20157,20157,570,Monedero
2551,54503516,Concepcion,Cdal. Raul Silva Henriquez,20157,L2,V1,2026-02-08 17:21:22,2026-02-08 17:56:16,CC→CW,2026-02-08,,20157,20157,570,Monedero
2552,54504866,Costa Mar,Coronel,20049,L2,V1,2026-02-08 11:33:50,2026-02-08 12:14:36,CC→CW,2026-02-08,,20049,20049,650,Monedero
2553,54505110,Concepcion,Cdal. Raul Silva Henriquez,20149,L2,V1,2026-02-08 07:58:17,2026-02-08 08:59:29,CC→CW,2026-02-08,,20149,20149,570,Monedero
2554,54505110,Concepcion,Cdal. Raul Silva Henriquez,20149,L2,V1,2026-02-08 07:58:32,2026-02-08 08:57:17,CC→CW,2026-02-08,,20149,20149,570,Monedero
2555,54505252,Los Canelos,Concepcion,20076,L2,V1,2026-02-08 16:35:38,2026-02-08 17:30:03,CW→CC,2026-02-08,,20076,20076,850,Monedero
2556,54505688,Diagonal Bio Bio,Coronel,20051,L2,V1,2026-02-08 11:57:58,2026-02-08 12:55:06,CC→CW,2026-02-08,,20051,20051,790,Monedero
2557,54505929,Huinca,Concepcion,20156,L2,V1,2026-02-08 09:20:24,2026-02-08 10:02:51,CW→CC,2026-02-08,,20156,20156,850,Monedero
2558,54505929,Huinca,Concepcion,20156,L2,V1,2026-02-08 09:20:33,2026-02-08 10:02:48,CW→CC,2026-02-08,,20156,20156,850,Monedero
2559,54505929,Huinca,Concepcion,20156,L2,V1,2026-02-08 09:20:50,2026-02-08 10:02:44,CW→CC,2026-02-08,,20156,20156,850,Monedero
2560,54506002,Cristo Redentor,Concepcion,20170,L2,V1,2026-02-08 20:14:07,2026-02-08 21:01:50,CW→CC,2026-02-08,,20170,20170,850,Monedero
2561,54506862,Los Canelos,Laguna Quinenco,20161,L2,V1,2026-02-08 18:56:22,2026-02-08 19:11:02,CC→CW,2026-02-08,,20161,20161,530,Monedero
2562,54506862,Laguna Quinenco,Los Canelos,20170,L2,V1,2026-02-08 20:05:36,2026-02-08 20:28:18,CW→CC,2026-02-08,,20170,20170,530,Monedero
2563,54507318,Concepcion,Higueras,20848,L1,V1,2026-02-08 20:04:57,2026-02-08 21:24:19,HQ→TH,2026-02-08,match_por_salida_fallback,20848,20170,880,Monedero
2564,54508273,Cristo Redentor,Concepcion,20062,L2,V1,2026-02-08 13:55:19,2026-02-08 14:35:43,CW→CC,2026-02-08,,20062,20062,850,Monedero
2565,54508273,Concepcion,Cristo Redentor,20161,L2,V1,2026-02-08 17:42:26,2026-02-08 19:08:33,CC→CW,2026-02-08,,20161,20161,850,Monedero
2566,54508576,Laguna Quinenco,Juan Pablo II,20052,L2,V1,2026-02-08 11:06:59,2026-02-08 11:55:58,CW→CC,2026-02-08,,20052,20052,790,Monedero
2567,54508576,Juan Pablo II,Laguna Quinenco,20053,L2,V1,2026-02-08 12:11:56,2026-02-08 12:51:10,CC→CW,2026-02-08,,20053,20053,790,Monedero
2568,54508815,Costa Mar,Laguna Quinenco,20063,L2,V1,2026-02-08 14:48:44,2026-02-08 15:18:26,CC→CW,2026-02-08,,20063,20063,650,Monedero
2569,54508815,Laguna Quinenco,Costa Mar,20170,L2,V1,2026-02-08 20:04:56,2026-02-08 20:45:54,CW→CC,2026-02-08,,20170,20170,650,Monedero
2570,54509020,Laguna Quinenco,Concepcion,20062,L2,V1,2026-02-08 13:35:29,2026-02-08 14:33:17,CW→CC,2026-02-08,,20062,20062,880,Monedero
2571,54509442,Los Canelos,Concepcion,20062,L2,V1,2026-02-08 13:55:46,2026-02-08 14:34:29,CW→CC,2026-02-08,,20062,20062,850,Monedero
2572,54509442,Concepcion,Los Canelos,20161,L2,V1,2026-02-08 18:15:09,2026-02-08 19:03:39,CC→CW,2026-02-08,,20161,20161,850,Monedero
2573,54509456,Los Canelos,Coronel,20035,L2,V1,2026-02-08 10:30:06,2026-02-08 10:47:31,CC→CW,2026-02-08,,20035,,530,Monedero
2574,54509456,Coronel,Los Canelos,20056,L2,V1,2026-02-08 12:11:14,2026-02-08 12:29:31,CW→CC,2026-02-08,,20056,20056,530,Monedero
2575,54510564,Cristo Redentor,Concepcion,20076,L2,V1,2026-02-08 16:42:23,2026-02-08 17:30:42,CW→CC,2026-02-08,,20076,20076,850,Monedero
2576,54510816,Lomas Coloradas,Concepcion,20050,L2,V1,2026-02-08 11:11:58,2026-02-08 11:39:16,CW→CC,2026-02-08,,20050,20050,570,Monedero
2577,54510816,Concepcion,Lomas Coloradas,20167,L2,V1,2026-02-08 19:38:38,2026-02-08 20:23:51,CC→CW,2026-02-08,,20167,20167,570,Monedero
2578,54511424,Huinca,Concepcion,20058,L2,V1,2026-02-08 12:37:14,2026-02-08 13:16:16,CW→CC,2026-02-08,,20058,20058,850,Monedero
2579,54511534,Huinca,Juan Pablo II,20044,L2,V1,2026-02-08 10:10:29,2026-02-08 10:41:19,CW→CC,2026-02-08,,20044,20044,680,Monedero
2580,54511534,Juan Pablo II,Huinca,20167,L2,V1,2026-02-08 20:04:56,2026-02-08 20:39:41,CC→CW,2026-02-08,,20167,20167,680,Monedero
2581,54511704,Costa Mar,Laguna Quinenco,20063,L2,V1,2026-02-08 14:49:53,2026-02-08 15:21:16,CC→CW,2026-02-08,,20063,20063,650,Monedero
2582,54511704,Coronel,Costa Mar,20162,L2,V1,2026-02-08 17:58:15,2026-02-08 18:45:39,CW→CC,2026-02-08,,20162,20162,650,Monedero
2583,54512605,Costa Mar,Concepcion,20170,L2,V1,2026-02-08 20:25:24,2026-02-08 21:01:00,CW→CC,2026-02-08,,20170,20170,570,Monedero
2584,54513534,Laguna Quinenco,El Parque,20166,L2,V1,2026-02-08 19:11:53,2026-02-08 19:43:31,CW→CC,2026-02-08,,20166,20166,650,Monedero
2585,54513610,Lomas Coloradas,Alborada,20170,L2,V1,2026-02-08 20:36:23,2026-02-08 20:48:40,CW→CC,2026-02-08,,20170,20170,510,Monedero
2586,54514096,Cdal. Raul Silva Henriquez,Concepcion,20152,L2,V1,2026-02-08 08:39:38,2026-02-08 09:16:54,CW→CC,2026-02-08,,20152,20152,570,Monedero
2587,54514500,Huinca,Diagonal Bio Bio,20166,L2,V1,2026-02-08 19:25:01,2026-02-08 19:50:27,CW→CC,2026-02-08,,20166,,680,Monedero
2588,54514532,Lomas Coloradas,Concepcion,20044,L2,V1,2026-02-08 10:14:48,2026-02-08 10:48:09,CW→CC,2026-02-08,,20044,20044,570,Monedero
2589,54514532,Concepcion,Lomas Coloradas,20053,L2,V1,2026-02-08 12:04:56,2026-02-08 12:29:35,CC→CW,2026-02-08,,20053,20053,570,Monedero
2590,54514860,Cristo Redentor,El Parque,20066,L2,V1,2026-02-08 14:26:17,2026-02-08 15:07:41,CW→CC,2026-02-08,,20066,20066,630,Monedero
2591,54515353,El Parque,Concepcion,20170,L2,V1,2026-02-08 20:37:50,2026-02-08 21:23:20,CW→CC,2026-02-08,match_por_salida_fallback,20170,20848,590,Monedero
2592,54515369,Concepcion,Cdal. Raul Silva Henriquez,20053,L2,V1,2026-02-08 11:59:43,2026-02-08 12:34:43,CC→CW,2026-02-08,,20053,20053,570,Monedero
2593,54515536,Cristo Redentor,Lomas Coloradas,20170,L2,V1,2026-02-08 20:22:58,2026-02-08 20:44:10,CW→CC,2026-02-08,,20170,20170,630,Monedero
2594,54515652,Los Canelos,Cdal. Raul Silva Henriquez,20068,L2,V1,2026-02-08 15:36:17,2026-02-08 16:00:56,CW→CC,2026-02-08,,20068,20068,610,Monedero
2595,54515660,Laguna Quinenco,Concepcion,20052,L2,V1,2026-02-08 11:11:31,2026-02-08 12:03:42,CW→CC,2026-02-08,,20052,20052,880,Monedero
2596,54515815,Cdal. Raul Silva Henriquez,Concepcion,20170,L2,V1,2026-02-08 20:29:12,2026-02-08 21:02:31,CW→CC,2026-02-08,,20170,20170,570,Monedero
2597,54515986,Los Canelos,Concepcion,20052,L2,V1,2026-02-08 11:21:59,2026-02-08 12:03:04,CW→CC,2026-02-08,,20052,20052,850,Monedero
2598,54515986,Concepcion,Los Canelos,20161,L2,V1,2026-02-08 18:19:04,2026-02-08 19:03:31,CC→CW,2026-02-08,,20161,20161,850,Monedero
2599,54516901,Cristo Redentor,Concepcion,20050,L2,V1,2026-02-08 10:56:15,2026-02-08 11:41:11,CW→CC,2026-02-08,,20050,20050,850,Monedero
2600,54517470,Concepcion,Juan Pablo II,20059,L2,V1,2026-02-08 12:38:57,2026-02-08 13:27:14,CC→CW,2026-02-08,combo_por_entrada,20059,20059,560,Monedero
2601,54518403,Costa Mar,Huinca,20059,L2,V1,2026-02-08 13:19:30,2026-02-08 13:55:47,CC→CW,2026-02-08,,20059,20059,630,Monedero
2602,54518403,Huinca,Alborada,20170,L2,V1,2026-02-08 20:01:59,2026-02-08 20:48:12,CW→CC,2026-02-08,,20170,20170,680,Monedero
2603,54518709,El Parque,Cdal. Raul Silva Henriquez,20063,L2,V1,2026-02-08 14:01:07,2026-02-08 15:00:27,CC→CW,2026-02-08,,20063,20063,430,Monedero
2604,54518897,Diagonal Bio Bio,Cristo Redentor,20035,L2,V1,2026-02-08 10:11:55,2026-02-08 10:42:37,CC→CW,2026-02-08,,20035,,680,Monedero
2605,54518897,Diagonal Bio Bio,Cristo Redentor,20035,L2,V1,2026-02-08 10:12:00,2026-02-08 10:42:33,CC→CW,2026-02-08,,20035,,680,Monedero
2606,54519687,Chiguayante,Mercado,20844,L1,V1,2026-02-08 12:37:09,2026-02-08 13:19:38,HQ→TH,2026-02-08,,20844,20844,550,Monedero
2607,54519687,Chiguayante,Mercado,20844,L1,V1,2026-02-08 12:37:28,2026-02-08 13:19:24,HQ→TH,2026-02-08,,20844,20844,550,Monedero
2608,54520342,Concepcion,Laguna Quinenco,20149,L2,V1,2026-02-08 08:05:57,2026-02-08 09:11:56,CC→CW,2026-02-08,,20149,20149,880,Monedero
2609,54520342,Laguna Quinenco,Concepcion,20040,L2,V1,2026-02-08 09:43:27,2026-02-08 10:22:26,CW→CC,2026-02-08,,20040,20040,880,Monedero
2610,54520342,El Arenal,Concepcion,20845,L1,V1,2026-02-08 15:58:28,2026-02-08 17:34:16,TH→HQ,2026-02-08,combo_por_entrada,20845,20069,910,Monedero
2611,54520342,Laguna Quinenco,Concepcion,20162,L2,V1,2026-02-08 18:07:54,2026-02-08 18:58:45,CW→CC,2026-02-08,,20162,20162,880,Monedero
2612,54520565,El Parque,Lomas Coloradas,20167,L2,V1,2026-02-08 20:15:58,2026-02-08 20:22:52,CC→CW,2026-02-08,,20167,20167,430,Monedero
2613,54520795,Coronel,Concepcion,20160,L2,V1,2026-02-08 17:31:52,2026-02-08 18:27:21,CW→CC,2026-02-08,,20160,20160,880,Monedero
2614,54520939,Los Canelos,Laguna Quinenco,20063,L2,V1,2026-02-08 15:03:37,2026-02-08 15:18:20,CC→CW,2026-02-08,,20063,20063,530,Monedero
2615,54520939,Los Canelos,Laguna Quinenco,20063,L2,V1,2026-02-08 15:03:56,2026-02-08 15:18:14,CC→CW,2026-02-08,,20063,20063,530,Monedero
2616,54521102,Costa Mar,El Parque,20157,L2,V1,2026-02-08 17:41:29,2026-02-08 17:51:39,CC→CW,2026-02-08,,20157,20157,430,Monedero
2617,54521668,Costa Mar,Lomas Coloradas,20161,L2,V1,2026-02-08 18:35:04,2026-02-08 18:49:39,CC→CW,2026-02-08,,20161,20161,430,Monedero
2618,54522384,Concepcion,Huinca,20035,L2,V1,2026-02-08 09:52:30,2026-02-08 10:38:52,CC→CW,2026-02-08,,20035,,850,Monedero
2619,54522825,Concepcion,Huinca,20171,L2,V1,2026-02-08 20:19:35,2026-02-08 21:40:46,CC→CW,2026-02-08,,20171,,850,Monedero
2620,54522999,Manquimavida,UTF Santa Maria,20850,L1,V1,2026-02-08 09:33:44,2026-02-08 10:14:29,HQ→TH,2026-02-08,,20850,20850,540,Monedero
2621,54522999,Manquimavida,UTF Santa Maria,20850,L1,V1,2026-02-08 09:34:00,2026-02-08 10:14:24,HQ→TH,2026-02-08,,20850,20850,540,Monedero
2622,54523239,Concepcion,Costa Mar,20157,L2,V1,2026-02-08 17:28:00,2026-02-08 17:49:02,CC→CW,2026-02-08,,20157,20157,570,Monedero
2623,54523239,Concepcion,Costa Mar,20157,L2,V1,2026-02-08 17:28:14,2026-02-08 17:48:55,CC→CW,2026-02-08,,20157,20157,570,Monedero
2624,54523915,Concepcion,Hito Galvarino,20153,L2,V1,2026-02-08 09:00:17,2026-02-08 09:48:06,CC→CW,2026-02-08,,20153,20153,850,Monedero
2625,54524342,Costa Mar,Coronel,20063,L2,V1,2026-02-08 14:44:10,2026-02-08 15:21:53,CC→CW,2026-02-08,,20063,20063,650,Monedero
2626,54524870,Laguna Quinenco,Lomas Coloradas,20156,L2,V1,2026-02-08 09:19:51,2026-02-08 09:41:40,CW→CC,2026-02-08,,20156,20156,650,Monedero
2627,54524870,Lomas Coloradas,Laguna Quinenco,20053,L2,V1,2026-02-08 12:25:28,2026-02-08 12:51:01,CC→CW,2026-02-08,,20053,20053,650,Monedero
2628,54525135,Concepcion,Costa Mar,20149,L2,V1,2026-02-08 08:08:05,2026-02-08 08:47:33,CC→CW,2026-02-08,,20149,20149,570,Monedero
2629,54525282,Lomas Coloradas,Coronel,20163,L2,V1,2026-02-08 19:02:15,2026-02-08 19:46:27,CC→CW,2026-02-08,,20163,20163,650,Monedero
2630,54525587,Coronel,Costa Mar,20068,L2,V1,2026-02-08 15:37:31,2026-02-08 16:08:59,CW→CC,2026-02-08,,20068,20068,650,Monedero
2631,54525587,Coronel,Costa Mar,20068,L2,V1,2026-02-08 15:37:40,2026-02-08 16:08:52,CW→CC,2026-02-08,,20068,20068,650,Monedero
2632,54525587,Costa Mar,Coronel,20171,L2,V1,2026-02-08 21:09:24,2026-02-08 21:49:25,CC→CW,2026-02-08,,20171,,650,Monedero
2633,54525587,Costa Mar,Coronel,20171,L2,V1,2026-02-08 21:09:28,2026-02-08 21:49:10,CC→CW,2026-02-08,,20171,,650,Monedero
2634,54526030,El Parque,Huinca,20067,L2,V1,2026-02-08 15:37:56,2026-02-08 16:07:47,CC→CW,2026-02-08,,20067,20067,630,Monedero
2635,54527177,Concepcion,Laguna Quinenco,20035,L2,V1,2026-02-08 09:27:53,2026-02-08 10:44:06,CC→CW,2026-02-08,,20035,,880,Monedero
2636,54527952,Los Canelos,Concepcion,20050,L2,V1,2026-02-08 10:53:46,2026-02-08 11:38:37,CW→CC,2026-02-08,,20050,20050,850,Monedero
2637,54528159,Concepcion,Concepcion,,,N/A,2026-02-08 17:52:15,2026-02-08 17:53:59,,2026-02-08,no viajo,,,420,Monedero
2638,54528819,Costa Mar,Laguna Quinenco,20157,L2,V1,2026-02-08 17:34:41,2026-02-08 18:11:20,CC→CW,2026-02-08,,20157,,650,Monedero
2639,54528819,Costa Mar,Laguna Quinenco,20157,L2,V1,2026-02-08 17:34:50,2026-02-08 18:11:13,CC→CW,2026-02-08,,20157,,650,Monedero
2640,54529116,Laguna Quinenco,Hito Galvarino,20066,L2,V1,2026-02-08 14:17:29,2026-02-08 14:57:21,CW→CC,2026-02-08,,20066,20066,530,Monedero
2641,54529525,Laguna Quinenco,Los Canelos,20162,L2,V1,2026-02-08 18:09:49,2026-02-08 18:27:22,CW→CC,2026-02-08,,20162,20162,530,Monedero
2642,54530072,Lomas Coloradas,Coronel,20059,L2,V1,2026-02-08 13:19:01,2026-02-08 14:03:56,CC→CW,2026-02-08,,20059,20059,650,Monedero
2643,54530854,Cdal. Raul Silva Henriquez,Juan Pablo II,20050,L2,V1,2026-02-08 11:06:10,2026-02-08 11:31:58,CW→CC,2026-02-08,,20050,20050,510,Monedero
2644,54530854,Juan Pablo II,Cdal. Raul Silva Henriquez,20051,L2,V1,2026-02-08 11:48:55,2026-02-08 12:07:35,CC→CW,2026-02-08,,20051,20051,510,Monedero
2645,54530929,Concepcion,Cdal. Raul Silva Henriquez,20067,L2,V1,2026-02-08 15:07:30,2026-02-08 15:55:53,CC→CW,2026-02-08,,20067,20067,570,Monedero
2646,54531222,Concepcion,Hito Galvarino,20059,L2,V1,2026-02-08 13:07:15,2026-02-08 13:53:03,CC→CW,2026-02-08,,20059,20059,850,Monedero
2647,54531547,Mercado,Hualqui,20857,L1,V1,2026-02-08 08:24:16,2026-02-08 09:34:00,TH→HQ,2026-02-08,,20857,20857,580,Monedero
2648,54531547,Hualqui,Mercado,20848,L1,V1,2026-02-08 20:12:32,2026-02-08 21:31:46,HQ→TH,2026-02-08,,20848,20848,580,Monedero
2649,54534249,Concepcion,Coronel,20171,L2,V1,2026-02-08 21:02:48,2026-02-08 21:48:00,CC→CW,2026-02-08,,20171,,880,Monedero
2650,54534249,Concepcion,Coronel,,,N/A,2026-02-08 21:02:59,2026-02-08 21:47:53,,2026-02-08,sin_combo_factible_en_hub|sin_s1_factible_retro,,,880,Monedero
2651,54534249,Concepcion,Coronel,,,N/A,2026-02-08 21:03:04,2026-02-08 21:47:49,,2026-02-08,sin_combo_factible_en_hub|sin_s1_factible_retro,,,880,Monedero
2652,54535469,Concepcion,Laguna Quinenco,20149,L2,V1,2026-02-08 08:29:11,2026-02-08 09:11:53,CC→CW,2026-02-08,,20149,20149,880,Monedero
2653,54535885,Cristo Redentor,Concepcion,,,N/A,2026-02-08 11:41:50,2026-02-08 12:50:13,,2026-02-08,sin_combo_factible_en_hub|sin_s1_factible_retro,,,850,Monedero
2654,54535885,Cristo Redentor,Concepcion,,,N/A,2026-02-08 11:41:58,2026-02-08 12:50:07,,2026-02-08,sin_combo_factible_en_hub|sin_s1_factible_retro,,,850,Monedero
2655,54535885,Concepcion,Laguna Quinenco,20167,L2,V1,2026-02-08 19:20:44,2026-02-08 20:44:11,CC→CW,2026-02-08,,20167,20167,880,Monedero
2656,54535910,Juan Pablo II,Cristo Redentor,20067,L2,V1,2026-02-08 15:28:16,2026-02-08 16:08:50,CC→CW,2026-02-08,,20067,20067,680,Monedero
2657,54535910,Juan Pablo II,Cristo Redentor,20067,L2,V1,2026-02-08 15:28:26,2026-02-08 16:08:45,CC→CW,2026-02-08,,20067,20067,680,Monedero
2658,54536055,Huinca,Alborada,20152,L2,V1,2026-02-08 08:40:01,2026-02-08 09:04:15,CW→CC,2026-02-08,,20152,20152,680,Monedero
2659,54536055,Alborada,Los Canelos,20161,L2,V1,2026-02-08 18:41:08,2026-02-08 19:03:49,CC→CW,2026-02-08,,20161,20161,650,Monedero
2660,54536141,Lomas Coloradas,Concepcion,20076,L2,V1,2026-02-08 16:56:44,2026-02-08 17:34:14,CW→CC,2026-02-08,,20076,20076,570,Monedero
2661,54536141,Concepcion,Lomas Coloradas,20171,L2,V1,2026-02-08 20:24:54,2026-02-08 21:27:28,CC→CW,2026-02-08,,20171,,570,Monedero
2662,54536665,Lomas Coloradas,Costa Mar,20152,L2,V1,2026-02-08 08:49:55,2026-02-08 09:01:46,CW→CC,2026-02-08,,20152,20152,0,Otros
2663,54536835,Laguna Quinenco,Concepcion,,,N/A,2026-02-08 08:33:41,2026-02-08 09:02:08,,2026-02-08,sin_combo_factible_en_hub|sin_s1_factible_retro,,,0,Otros
2664,54536835,Concepcion,Laguna Quinenco,20171,L2,V1,2026-02-08 19:56:33,2026-02-08 21:45:01,CC→CW,2026-02-08,match_por_salida_fallback,20171,,0,Otros
2665,54537122,Los Canelos,Coronel,20063,L2,V1,2026-02-08 15:07:50,2026-02-08 15:22:59,CC→CW,2026-02-08,,20063,20063,530,Monedero
2666,54537645,Coronel,Concepcion,20152,L2,V1,2026-02-08 08:29:15,2026-02-08 09:17:02,CW→CC,2026-02-08,,20152,20152,880,Monedero
2667,54537645,Concepcion,Coronel,,,N/A,2026-02-08 20:45:22,2026-02-08 21:47:39,,2026-02-08,sin_combo_factible_en_hub|sin_s1_factible_retro,,,880,Monedero
2668,54538103,Cristo Redentor,Concepcion,20052,L2,V1,2026-02-08 11:21:40,2026-02-08 12:03:47,CW→CC,2026-02-08,,20052,20052,850,Monedero
2669,54538103,Concepcion,Juan Pablo II,20069,L2,V1,2026-02-08 16:39:10,2026-02-08 16:52:33,CC→CW,2026-02-08,,20069,20069,570,Monedero
2670,54538103,Juan Pablo II,Cristo Redentor,20171,L2,V1,2026-02-08 21:07:59,2026-02-08 21:43:24,CC→CW,2026-02-08,,20171,,680,Monedero
2671,54538359,Los Canelos,Concepcion,20166,L2,V1,2026-02-08 19:19:27,2026-02-08 20:10:09,CW→CC,2026-02-08,,20166,20166,850,Monedero
2672,54538680,Los Canelos,Costa Mar,20062,L2,V1,2026-02-08 13:51:02,2026-02-08 14:18:35,CW→CC,2026-02-08,,20062,20062,610,Monedero
2673,54538836,Huinca,Coronel,20041,L2,V1,2026-02-08 11:03:56,2026-02-08 11:12:59,CC→CW,2026-02-08,,20041,20041,230,Adulto Mayor
2674,54538949,Cristo Redentor,Concepcion,20044,L2,V1,2026-02-08 10:06:51,2026-02-08 10:47:53,CW→CC,2026-02-08,,20044,20044,850,Monedero
2675,54538949,Concepcion,Cristo Redentor,20157,L2,V1,2026-02-08 17:11:09,2026-02-08 18:08:33,CC→CW,2026-02-08,,20157,,850,Monedero
2676,54538971,Coronel,Concepcion,20052,L2,V1,2026-02-08 11:16:06,2026-02-08 12:03:28,CW→CC,2026-02-08,,20052,20052,880,Monedero
2677,54538971,Concepcion,Concepcion,,,N/A,2026-02-08 16:15:43,2026-02-08 16:16:33,,2026-02-08,no viajo,,,420,Monedero
2678,54538971,Concepcion,Concepcion,,,N/A,2026-02-08 16:15:48,2026-02-08 16:16:28,,2026-02-08,no viajo,,,420,Monedero
2679,54538971,Concepcion,Coronel,20157,L2,V1,2026-02-08 17:25:56,2026-02-08 18:13:37,CC→CW,2026-02-08,,20157,,880,Monedero
2680,54539037,Laguna Quinenco,Concepcion,20058,L2,V1,2026-02-08 12:30:13,2026-02-08 13:16:41,CW→CC,2026-02-08,,20058,20058,880,Monedero
2681,54539037,Concepcion,Laguna Quinenco,20067,L2,V1,2026-02-08 15:08:00,2026-02-08 16:11:10,CC→CW,2026-02-08,,20067,20067,880,Monedero
2682,54539537,Lomas Coloradas,Cristo Redentor,20041,L2,V1,2026-02-08 10:48:12,2026-02-08 11:08:01,CC→CW,2026-02-08,,20041,20041,630,Monedero
2683,54542311,Mercado,Concepcion,20847,L1,V1,2026-02-08 19:17:43,2026-02-08 20:29:01,TH→HQ,2026-02-08,,20847,20847,540,Monedero
2684,54542311,Mercado,Concepcion,20847,L1,V1,2026-02-08 19:17:49,2026-02-08 20:25:59,TH→HQ,2026-02-08,,20847,20847,540,Monedero
2685,54542786,Laguna Quinenco,Juan Pablo II,20058,L2,V1,2026-02-08 12:34:54,2026-02-08 13:08:04,CW→CC,2026-02-08,,20058,20058,790,Monedero
2686,54542786,Juan Pablo II,Cristo Redentor,20067,L2,V1,2026-02-08 15:23:26,2026-02-08 16:10:52,CC→CW,2026-02-08,,20067,20067,680,Monedero
2687,54543006,Costa Mar,Diagonal Bio Bio,20076,L2,V1,2026-02-08 17:04:22,2026-02-08 17:18:18,CW→CC,2026-02-08,,20076,20076,510,Monedero
2688,54543060,Costa Mar,Los Canelos,20063,L2,V1,2026-02-08 14:49:23,2026-02-08 15:09:57,CC→CW,2026-02-08,,20063,20063,610,Monedero
2689,54543396,Huinca,Cdal. Raul Silva Henriquez,20166,L2,V1,2026-02-08 19:20:48,2026-02-08 19:38:55,CW→CC,2026-02-08,,20166,20166,630,Monedero
2690,54543431,Higueras,Manquimavida,20845,L1,V1,2026-02-08 16:05:27,2026-02-08 16:45:59,TH→HQ,2026-02-08,,20845,20845,540,Monedero
2691,54544183,Concepcion,Huinca,20171,L2,V1,2026-02-08 20:23:23,2026-02-08 21:40:30,CC→CW,2026-02-08,match_por_salida_fallback,20171,,960,Monedero
2692,54544183,Concepcion,Huinca,20171,L2,V1,2026-02-08 20:23:28,2026-02-08 21:40:14,CC→CW,2026-02-08,match_por_salida_fallback,20171,,960,Monedero
2693,54544308,El Parque,Concepcion,20068,L2,V1,2026-02-08 15:57:11,2026-02-08 16:25:52,CW→CC,2026-02-08,,20068,20068,570,Monedero
2694,54544623,Coronel,Diagonal Bio Bio,20152,L2,V1,2026-02-08 08:19:34,2026-02-08 09:06:07,CW→CC,2026-02-08,,20152,20152,790,Monedero
2695,54544623,Diagonal Bio Bio,Coronel,20163,L2,V1,2026-02-08 18:50:41,2026-02-08 19:46:05,CC→CW,2026-02-08,,20163,20163,790,Monedero
2696,54544857,Concepcion,Cristo Redentor,20171,L2,V1,2026-02-08 20:42:56,2026-02-08 21:42:57,CC→CW,2026-02-08,,20171,,850,Monedero
2697,54545361,Concepcion,Huinca,20163,L2,V1,2026-02-08 18:57:15,2026-02-08 19:38:35,CC→CW,2026-02-08,,20163,20163,850,Monedero
2698,54545431,Concepcion,Cristo Redentor,20059,L2,V1,2026-02-08 12:30:31,2026-02-08 13:58:33,CC→CW,2026-02-08,combo_por_entrada,20059,20059,880,Monedero
2699,54545535,Juan Pablo II,Hito Galvarino,20035,L2,V1,2026-02-08 10:13:25,2026-02-08 10:59:46,CC→CW,2026-02-08,,20035,20035,650,Monedero
2700,54545535,Hito Galvarino,Juan Pablo II,20170,L2,V1,2026-02-08 19:38:58,2026-02-08 20:53:37,CW→CC,2026-02-08,,20170,20166,650,Monedero
2701,54545761,Costa Mar,Juan Pablo II,20162,L2,V1,2026-02-08 18:31:56,2026-02-08 18:53:12,CW→CC,2026-02-08,,20162,20162,510,Monedero
2702,54546412,Hito Galvarino,Concepcion,20058,L2,V1,2026-02-08 12:40:18,2026-02-08 13:17:48,CW→CC,2026-02-08,,20058,20058,850,Monedero
2703,54546412,Concepcion,Concepcion,,,N/A,2026-02-08 16:24:37,2026-02-08 16:26:58,,2026-02-08,no viajo,,,420,Monedero
2704,54546514,Concepcion,Cdal. Raul Silva Henriquez,20171,L2,V1,2026-02-08 20:39:16,2026-02-08 21:30:08,CC→CW,2026-02-08,,20171,,570,Monedero
2705,54546581,Concepcion,Cdal. Raul Silva Henriquez,20167,L2,V1,2026-02-08 19:25:12,2026-02-08 20:28:33,CC→CW,2026-02-08,,20167,20167,570,Monedero
2706,54546856,Concepcion,Concepcion,,,N/A,2026-02-08 09:21:17,2026-02-08 09:22:06,,2026-02-08,no viajo,,,420,Monedero
2707,54546856,Concepcion,Concepcion,,,N/A,2026-02-08 21:02:33,2026-02-08 21:03:06,,2026-02-08,no viajo,,,420,Monedero
2708,54546893,Juan Pablo II,Costa Mar,20167,L2,V1,2026-02-08 20:05:59,2026-02-08 20:16:48,CC→CW,2026-02-08,,20167,20167,510,Monedero
2709,54547178,Concepcion,Hito Galvarino,20153,L2,V1,2026-02-08 08:54:53,2026-02-08 09:48:38,CC→CW,2026-02-08,,20153,20153,850,Monedero
2710,54547246,Coronel,Concepcion,20050,L2,V1,2026-02-08 10:47:46,2026-02-08 11:44:58,CW→CC,2026-02-08,,20050,20050,880,Monedero
2711,54547246,Coronel,Concepcion,20050,L2,V1,2026-02-08 10:48:02,2026-02-08 11:44:48,CW→CC,2026-02-08,,20050,20050,880,Monedero
2712,54547246,Concepcion,Coronel,20167,L2,V1,2026-02-08 19:34:37,2026-02-08 20:46:30,CC→CW,2026-02-08,,20167,20167,880,Monedero
2713,54547246,Concepcion,Coronel,20167,L2,V1,2026-02-08 19:34:51,2026-02-08 20:46:24,CC→CW,2026-02-08,,20167,20167,880,Monedero
2714,54548514,Concepcion,El Parque,20161,L2,V1,2026-02-08 17:57:33,2026-02-08 18:47:21,CC→CW,2026-02-08,,20161,20161,570,Monedero
2715,54549833,Concepcion,Laguna Quinenco,20053,L2,V1,2026-02-08 12:06:00,2026-02-08 12:51:56,CC→CW,2026-02-08,,20053,20053,880,Monedero
2716,54549833,Laguna Quinenco,Concepcion,20166,L2,V1,2026-02-08 19:01:21,2026-02-08 20:00:42,CW→CC,2026-02-08,,20166,20166,880,Monedero
2717,54550095,Laguna Quinenco,Concepcion,20068,L2,V1,2026-02-08 15:35:02,2026-02-08 16:23:56,CW→CC,2026-02-08,,20068,20068,880,Monedero
2718,54550095,Concepcion,Laguna Quinenco,20167,L2,V1,2026-02-08 19:38:52,2026-02-08 20:43:53,CC→CW,2026-02-08,,20167,20167,880,Monedero
2719,54550484,Concepcion,Cdal. Raul Silva Henriquez,20171,L2,V1,2026-02-08 20:35:16,2026-02-08 21:30:06,CC→CW,2026-02-08,,20171,,570,Monedero
2720,54550785,Cdal. Raul Silva Henriquez,Concepcion,20076,L2,V1,2026-02-08 16:58:23,2026-02-08 17:30:48,CW→CC,2026-02-08,,20076,20076,570,Monedero
2721,54550785,Cdal. Raul Silva Henriquez,Concepcion,20076,L2,V1,2026-02-08 16:58:30,2026-02-08 17:30:43,CW→CC,2026-02-08,,20076,20076,570,Monedero
2722,54550785,Concepcion,Cdal. Raul Silva Henriquez,20167,L2,V1,2026-02-08 19:48:12,2026-02-08 20:27:21,CC→CW,2026-02-08,,20167,20167,570,Monedero
2723,54550785,Concepcion,Cdal. Raul Silva Henriquez,20167,L2,V1,2026-02-08 19:48:17,2026-02-08 20:27:16,CC→CW,2026-02-08,,20167,20167,570,Monedero
2724,54551258,Concepcion,Lomas Coloradas,20063,L2,V1,2026-02-08 14:26:19,2026-02-08 14:57:41,CC→CW,2026-02-08,,20063,20063,570,Monedero
2725,54551258,Concepcion,Lomas Coloradas,20063,L2,V1,2026-02-08 14:26:23,2026-02-08 14:57:37,CC→CW,2026-02-08,,20063,20063,570,Monedero
2726,54551258,Lomas Coloradas,Concepcion,20160,L2,V1,2026-02-08 18:02:08,2026-02-08 18:28:48,CW→CC,2026-02-08,,20160,20160,570,Monedero
2727,54551258,Lomas Coloradas,Concepcion,20160,L2,V1,2026-02-08 18:02:14,2026-02-08 18:28:43,CW→CC,2026-02-08,,20160,20160,570,Monedero
2728,54551258,Lomas Coloradas,Concepcion,20160,L2,V1,2026-02-08 18:02:18,2026-02-08 18:28:37,CW→CC,2026-02-08,,20160,20160,570,Monedero
2729,54551317,Cristo Redentor,Concepcion,20068,L2,V1,2026-02-08 15:40:44,2026-02-08 16:25:17,CW→CC,2026-02-08,,20068,20068,850,Monedero
2730,54551395,Los Canelos,Hito Galvarino,20166,L2,V1,2026-02-08 19:10:55,2026-02-08 19:32:57,CW→CC,2026-02-08,,20166,20166,440,Monedero
2731,54552483,Lomas Coloradas,Laguna Quinenco,20167,L2,V1,2026-02-08 20:09:33,2026-02-08 20:44:01,CC→CW,2026-02-08,,20167,20167,650,Monedero
2732,54552689,Los Canelos,Lomas Coloradas,20076,L2,V1,2026-02-08 16:18:46,2026-02-08 17:09:51,CW→CC,2026-02-08,,20076,20076,610,Monedero
2733,54552768,Los Canelos,Concepcion,20068,L2,V1,2026-02-08 15:37:03,2026-02-08 16:29:04,CW→CC,2026-02-08,,20068,20068,850,Monedero
2734,54553209,Laguna Quinenco,El Parque,20166,L2,V1,2026-02-08 19:06:35,2026-02-08 19:44:05,CW→CC,2026-02-08,,20166,20166,650,Monedero
2735,54553298,Coronel,Hito Galvarino,20066,L2,V1,2026-02-08 14:31:41,2026-02-08 14:55:10,CW→CC,2026-02-08,,20066,20066,530,Monedero
2736,54553393,Cristo Redentor,Costa Mar,20076,L2,V1,2026-02-08 16:44:48,2026-02-08 17:14:00,CW→CC,2026-02-08,,20076,20076,630,Monedero
2737,54553497,Concepcion,Cristo Redentor,20035,L2,V1,2026-02-08 09:57:35,2026-02-08 10:42:02,CC→CW,2026-02-08,,20035,,850,Monedero
2738,54553634,Cdal. Raul Silva Henriquez,Concepcion,20050,L2,V1,2026-02-08 11:10:54,2026-02-08 11:42:24,CW→CC,2026-02-08,,20050,20050,570,Monedero
2739,54553634,Cdal. Raul Silva Henriquez,Concepcion,20050,L2,V1,2026-02-08 11:11:03,2026-02-08 11:42:13,CW→CC,2026-02-08,,20050,20050,570,Monedero
2740,54553921,Concepcion,Concepcion,,,N/A,2026-02-08 18:27:08,2026-02-08 18:28:22,,2026-02-08,no viajo,,,420,Monedero
2741,54554419,Coronel,Concepcion,20056,L2,V1,2026-02-08 12:17:25,2026-02-08 18:52:01,CW→CC,2026-02-08,,20056,20056,880,Monedero
2742,54554419,Coronel,Concepcion,20056,L2,V1,2026-02-08 12:17:29,2026-02-08 13:04:32,CW→CC,2026-02-08,,20056,20056,880,Monedero
2743,54554419,Concepcion,Coronel,20163,L2,V1,2026-02-08 18:52:12,2026-02-08 19:57:16,CC→CW,2026-02-08,,20163,20163,880,Monedero
2744,54554741,Concepcion,Lomas Coloradas,20069,L2,V1,2026-02-08 16:21:54,2026-02-08 17:05:55,CC→CW,2026-02-08,,20069,20069,570,Monedero
2745,54554741,Lomas Coloradas,Concepcion,20160,L2,V1,2026-02-08 17:23:06,2026-02-08 18:27:33,CW→CC,2026-02-08,,20160,20160,570,Monedero
2746,54554893,Hualqui,Los Condores,20844,L1,V1,2026-02-08 12:02:40,2026-02-08 13:09:32,HQ→TH,2026-02-08,,20844,20844,560,Monedero
2747,54554893,Hualqui,Los Condores,20844,L1,V1,2026-02-08 12:03:13,2026-02-08 13:09:23,HQ→TH,2026-02-08,,20844,20844,560,Monedero
2748,54554893,Los Condores,Hualqui,20847,L1,V1,2026-02-08 20:06:02,2026-02-08 21:02:21,TH→HQ,2026-02-08,,20847,20847,560,Monedero
2749,54554893,Los Condores,Hualqui,20847,L1,V1,2026-02-08 20:06:15,2026-02-08 21:02:15,TH→HQ,2026-02-08,,20847,20847,560,Monedero
2750,54555168,Concepcion,El Parque,20053,L2,V1,2026-02-08 11:57:16,2026-02-08 12:27:15,CC→CW,2026-02-08,,20053,20053,570,Monedero
2751,54555168,Concepcion,El Parque,20053,L2,V1,2026-02-08 11:57:21,2026-02-08 12:27:10,CC→CW,2026-02-08,,20053,20053,570,Monedero
2752,54555203,Concepcion,UTF Santa Maria,20848,L1,V1,2026-02-08 20:12:00,2026-02-08 21:16:11,HQ→TH,2026-02-08,match_por_salida_fallback,20848,20170,590,Monedero
2753,54555212,Concepcion,Coronel,20041,L2,V1,2026-02-08 10:23:43,2026-02-08 11:14:57,CC→CW,2026-02-08,,20041,20041,880,Monedero
2754,54555212,Concepcion,Coronel,20041,L2,V1,2026-02-08 10:23:55,2026-02-08 11:14:49,CC→CW,2026-02-08,,20041,20041,880,Monedero
2755,54555212,Concepcion,Coronel,20041,L2,V1,2026-02-08 10:24:02,2026-02-08 11:14:36,CC→CW,2026-02-08,,20041,20041,880,Monedero
2756,54555212,Concepcion,Coronel,20041,L2,V1,2026-02-08 10:24:08,2026-02-08 11:14:30,CC→CW,2026-02-08,,20041,20041,880,Monedero
2757,54555328,Manquimavida,Lzo. Arenas,20850,L1,V1,2026-02-08 09:34:06,2026-02-08 10:11:08,HQ→TH,2026-02-08,,20850,20850,510,Monedero
2758,54555328,Lzo. Arenas,Manquimavida,20859,L1,V1,2026-02-08 12:16:42,2026-02-08 13:16:29,TH→HQ,2026-02-08,,20859,20859,510,Monedero
2759,54556109,Costa Mar,Diagonal Bio Bio,20068,L2,V1,2026-02-08 16:05:30,2026-02-08 16:13:08,CW→CC,2026-02-08,,20068,20068,510,Monedero
2760,54556109,Concepcion,Costa Mar,20167,L2,V1,2026-02-08 19:41:00,2026-02-08 20:20:03,CC→CW,2026-02-08,,20167,20167,570,Monedero
2761,54556376,Juan Pablo II,Lomas Coloradas,20163,L2,V1,2026-02-08 19:01:54,2026-02-08 19:23:04,CC→CW,2026-02-08,,20163,20163,510,Monedero
2762,54556506,Concepcion,Mercado,20850,L1,V1,2026-02-08 09:39:01,2026-02-08 10:27:57,HQ→TH,2026-02-08,combo_relajado_pase2,20850,20850,590,Monedero
2763,54556506,Concepcion,Mercado,20850,L1,V1,2026-02-08 09:39:07,2026-02-08 10:27:54,HQ→TH,2026-02-08,combo_relajado_pase2,20850,20850,590,Monedero
2764,54556506,Concepcion,El Parque,20059,L2,V1,2026-02-08 12:00:37,2026-02-08 13:37:58,CC→CW,2026-02-08,combo_por_entrada,20059,20059,590,Monedero
2765,54556506,Concepcion,El Parque,20059,L2,V1,2026-02-08 12:00:41,2026-02-08 13:37:41,CC→CW,2026-02-08,combo_por_entrada,20059,20059,590,Monedero
2766,54556931,Laguna Quinenco,Lomas Coloradas,20166,L2,V1,2026-02-08 19:12:03,2026-02-08 19:41:46,CW→CC,2026-02-08,,20166,20166,650,Monedero
2767,54556975,Cristo Redentor,El Parque,20066,L2,V1,2026-02-08 14:46:57,2026-02-08 15:07:51,CW→CC,2026-02-08,,20066,20066,630,Monedero
2768,54556975,El Parque,Cristo Redentor,20157,L2,V1,2026-02-08 17:42:00,2026-02-08 18:09:42,CC→CW,2026-02-08,,20157,,630,Monedero
2769,54557205,Lomas Coloradas,Diagonal Bio Bio,20066,L2,V1,2026-02-08 14:55:25,2026-02-08 15:12:54,CW→CC,2026-02-08,,20066,20063,510,Monedero
2770,54557236,Lomas Coloradas,Concepcion,20160,L2,V1,2026-02-08 18:03:38,2026-02-08 18:29:42,CW→CC,2026-02-08,,20160,20160,570,Monedero
2771,54558101,Juan Pablo II,Lomas Coloradas,20171,L2,V1,2026-02-08 21:04:36,2026-02-08 21:27:15,CC→CW,2026-02-08,,20171,,510,Monedero
2772,54558602,Juan Pablo II,Los Canelos,20171,L2,V1,2026-02-08 20:38:12,2026-02-08 21:40:15,CC→CW,2026-02-08,,20171,20167,650,Monedero
2773,54559130,Los Canelos,Concepcion,20062,L2,V1,2026-02-08 13:59:38,2026-02-08 14:33:03,CW→CC,2026-02-08,,20062,20062,850,Monedero
2774,54559226,Concepcion,Coronel,20161,L2,V1,2026-02-08 17:45:13,2026-02-08 19:13:48,CC→CW,2026-02-08,,20161,20161,880,Monedero
2775,54559226,Concepcion,Coronel,20161,L2,V1,2026-02-08 17:45:27,2026-02-08 19:13:41,CC→CW,2026-02-08,,20161,20161,880,Monedero
2776,54559226,Concepcion,UTF Santa Maria,20848,L1,V1,2026-02-08 20:14:36,2026-02-08 21:15:59,HQ→TH,2026-02-08,match_por_salida_fallback,20848,20170,900,Monedero
2777,54559226,Concepcion,UTF Santa Maria,20848,L1,V1,2026-02-08 20:14:42,2026-02-08 21:15:50,HQ→TH,2026-02-08,match_por_salida_fallback,20848,20848,900,Monedero
2778,54559730,Diagonal Bio Bio,Coronel,20063,L2,V1,2026-02-08 14:21:00,2026-02-08 15:20:36,CC→CW,2026-02-08,,20063,20063,790,Monedero
2779,54559837,Chiguayante,Lzo. Arenas,20848,L1,V1,2026-02-08 20:42:47,2026-02-08 21:12:38,HQ→TH,2026-02-08,,20848,20848,510,Monedero
2780,54560111,Concepcion,Cdal. Raul Silva Henriquez,20167,L2,V1,2026-02-08 19:23:21,2026-02-08 20:26:44,CC→CW,2026-02-08,,20167,20167,570,Monedero
2781,54560779,Huinca,Juan Pablo II,20162,L2,V1,2026-02-08 18:22:53,2026-02-08 18:52:42,CW→CC,2026-02-08,,20162,20162,680,Monedero
2782,54560841,Laguna Quinenco,Concepcion,20076,L2,V1,2026-02-08 16:32:45,2026-02-08 17:33:28,CW→CC,2026-02-08,,20076,20076,880,Monedero
2783,54560841,Laguna Quinenco,Concepcion,20076,L2,V1,2026-02-08 16:32:51,2026-02-08 17:33:23,CW→CC,2026-02-08,,20076,20076,880,Monedero
2784,54560841,Laguna Quinenco,Concepcion,20076,L2,V1,2026-02-08 16:32:54,2026-02-08 17:33:18,CW→CC,2026-02-08,,20076,20076,880,Monedero
2785,54561203,Coronel,Lomas Coloradas,20062,L2,V1,2026-02-08 13:27:40,2026-02-08 14:13:16,CW→CC,2026-02-08,,20062,20062,650,Monedero
2786,54561506,Cdal. Raul Silva Henriquez,Diagonal Bio Bio,20058,L2,V1,2026-02-08 12:44:09,2026-02-08 13:05:58,CW→CC,2026-02-08,,20058,20056,510,Monedero
2787,54561864,Concepcion,Huinca,20153,L2,V1,2026-02-08 08:40:30,2026-02-08 09:55:06,CC→CW,2026-02-08,,20153,20153,850,Monedero
2788,54562005,Coronel,Concepcion,20056,L2,V1,2026-02-08 12:10:23,2026-02-08 13:06:00,CW→CC,2026-02-08,,20056,20056,880,Monedero
2789,54562414,Laguna Quinenco,El Parque,20066,L2,V1,2026-02-08 14:25:04,2026-02-08 15:10:09,CW→CC,2026-02-08,,20066,20066,650,Monedero
2790,54562414,El Parque,Laguna Quinenco,20067,L2,V1,2026-02-08 15:30:49,2026-02-08 16:10:55,CC→CW,2026-02-08,,20067,20067,650,Monedero
2791,54563003,Cristo Redentor,Costa Mar,20062,L2,V1,2026-02-08 13:41:47,2026-02-08 14:18:14,CW→CC,2026-02-08,,20062,20062,630,Monedero
2792,54563383,Lomas Coloradas,Concepcion,20056,L2,V1,2026-02-08 12:27:03,2026-02-08 13:04:37,CW→CC,2026-02-08,,20056,20056,570,Monedero
2793,54563383,Concepcion,Lomas Coloradas,20167,L2,V1,2026-02-08 19:34:25,2026-02-08 20:23:43,CC→CW,2026-02-08,,20167,20167,570,Monedero
2794,54563612,Los Canelos,Concepcion,20162,L2,V1,2026-02-08 18:25:15,2026-02-08 19:01:33,CW→CC,2026-02-08,,20162,20162,850,Monedero
2795,54564136,Costa Mar,Huinca,20163,L2,V1,2026-02-08 19:17:37,2026-02-08 20:38:53,CC→CW,2026-02-08,,20163,20163,630,Monedero
2796,54564136,Costa Mar,Huinca,20163,L2,V1,2026-02-08 19:17:43,2026-02-08 20:38:47,CC→CW,2026-02-08,,20163,20163,630,Monedero
2797,54564246,Coronel,Concepcion,20152,L2,V1,2026-02-08 08:23:45,2026-02-08 09:16:39,CW→CC,2026-02-08,,20152,20152,880,Monedero
2798,54565521,Juan Pablo II,El Parque,20163,L2,V1,2026-02-08 19:03:04,2026-02-08 19:19:36,CC→CW,2026-02-08,,20163,20163,510,Monedero
2799,54565610,Concepcion,Concepcion,,,N/A,2026-02-08 18:18:52,2026-02-08 18:19:27,,2026-02-08,no viajo,,,420,Monedero
2800,54565614,Coronel,Concepcion,20066,L2,V1,2026-02-08 14:37:13,2026-02-08 15:25:05,CW→CC,2026-02-08,,20066,20066,880,Monedero
2801,54566198,Concepcion,Hito Galvarino,20041,L2,V1,2026-02-08 10:18:41,2026-02-08 10:59:51,CC→CW,2026-02-08,,20041,20041,850,Monedero
2802,54567754,El Parque,Laguna Quinenco,20161,L2,V1,2026-02-08 18:45:16,2026-02-08 19:10:26,CC→CW,2026-02-08,,20161,20161,650,Monedero
2803,54567754,El Parque,Laguna Quinenco,20161,L2,V1,2026-02-08 18:45:26,2026-02-08 19:10:21,CC→CW,2026-02-08,,20161,20161,650,Monedero
2804,54568691,Lomas Coloradas,Concepcion,20050,L2,V1,2026-02-08 11:00:04,2026-02-08 11:38:25,CW→CC,2026-02-08,,20050,20050,570,Monedero
2805,54568691,Concepcion,Juan Pablo II,20157,L2,V1,2026-02-08 17:22:36,2026-02-08 17:41:39,CC→CW,2026-02-08,,20157,20157,570,Monedero
2806,54569392,Concepcion,Huinca,20167,L2,V1,2026-02-08 19:57:09,2026-02-08 20:38:41,CC→CW,2026-02-08,,20167,20167,850,Monedero
2807,54569949,Cristo Redentor,Concepcion,20052,L2,V1,2026-02-08 11:17:48,2026-02-08 12:05:51,CW→CC,2026-02-08,,20052,20052,850,Monedero
2808,54570192,Los Canelos,Concepcion,20062,L2,V1,2026-02-08 13:59:31,2026-02-08 14:33:03,CW→CC,2026-02-08,,20062,20062,850,Monedero
2809,54570326,Cristo Redentor,Diagonal Bio Bio,20160,L2,V1,2026-02-08 17:37:31,2026-02-08 18:17:45,CW→CC,2026-02-08,,20160,20160,680,Monedero
2810,54570356,Cristo Redentor,Los Canelos,20166,L2,V1,2026-02-08 19:12:32,2026-02-08 19:29:02,CW→CC,2026-02-08,,20166,20166,460,Monedero
2811,54570495,Los Canelos,Concepcion,20052,L2,V1,2026-02-08 11:23:32,2026-02-08 12:04:44,CW→CC,2026-02-08,,20052,20052,850,Monedero
2812,54570495,Los Canelos,Concepcion,20052,L2,V1,2026-02-08 11:23:42,2026-02-08 12:04:40,CW→CC,2026-02-08,,20052,20052,850,Monedero
2813,54570495,Los Canelos,Concepcion,20052,L2,V1,2026-02-08 11:23:50,2026-02-08 12:04:35,CW→CC,2026-02-08,,20052,20052,850,Monedero
2814,54570702,Concepcion,Hualqui,20845,L1,V1,2026-02-08 16:11:49,2026-02-08 17:00:56,TH→HQ,2026-02-08,combo_por_entrada,20845,20845,600,Monedero
2815,54571561,Concepcion,Laguna Quinenco,20041,L2,V1,2026-02-08 10:16:33,2026-02-08 11:10:00,CC→CW,2026-02-08,,20041,20041,880,Monedero
2816,54571561,Laguna Quinenco,Concepcion,20166,L2,V1,2026-02-08 19:04:38,2026-02-08 19:58:59,CW→CC,2026-02-08,,20166,20166,880,Monedero
2817,54572497,El Parque,Los Canelos,20171,L2,V1,2026-02-08 21:23:29,2026-02-08 21:38:56,CC→CW,2026-02-08,,20171,,610,Monedero
2818,54573068,Laguna Quinenco,Concepcion,20170,L2,V1,2026-02-08 20:10:20,2026-02-08 21:02:15,CW→CC,2026-02-08,,20170,20170,880,Monedero
2819,54574299,Laguna Quinenco,Los Canelos,20162,L2,V1,2026-02-08 18:16:09,2026-02-08 18:27:50,CW→CC,2026-02-08,,20162,20162,530,Monedero
2820,54575373,Lomas Coloradas,Los Canelos,20157,L2,V1,2026-02-08 17:46:15,2026-02-08 18:07:24,CC→CW,2026-02-08,,20157,20157,610,Monedero
2821,54576018,Coronel,Diagonal Bio Bio,20166,L2,V1,2026-02-08 19:12:16,2026-02-08 19:51:12,CW→CC,2026-02-08,,20166,20166,790,Monedero
2822,54576025,Los Canelos,Concepcion,20056,L2,V1,2026-02-08 12:05:07,2026-02-08 13:04:29,CW→CC,2026-02-08,,20056,20056,850,Monedero
2823,54576616,Laguna Quinenco,Diagonal Bio Bio,20156,L2,V1,2026-02-08 09:21:30,2026-02-08 10:13:06,CW→CC,2026-02-08,,20156,20156,790,Monedero
2824,54576616,Diagonal Bio Bio,Laguna Quinenco,20167,L2,V1,2026-02-08 19:33:13,2026-02-08 20:43:30,CC→CW,2026-02-08,,20167,20167,790,Monedero
2825,54576899,Lomas Coloradas,Concepcion,20062,L2,V1,2026-02-08 14:11:36,2026-02-08 14:34:08,CW→CC,2026-02-08,,20062,20062,570,Monedero
2826,54576981,Cristo Redentor,Concepcion,20056,L2,V1,2026-02-08 12:16:54,2026-02-08 13:04:57,CW→CC,2026-02-08,,20056,20056,850,Monedero
2827,54577537,Coronel,Laguna Quinenco,20160,L2,V1,2026-02-08 17:19:10,2026-02-08 17:48:16,CW→CC,2026-02-08,,20160,20160,440,Monedero
2828,54577663,Alborada,Concepcion,20076,L2,V1,2026-02-08 16:51:40,2026-02-08 17:30:13,CW→CC,2026-02-08,,20076,20076,570,Monedero
2829,54577663,Concepcion,Alborada,20167,L2,V1,2026-02-08 19:20:54,2026-02-08 20:15:01,CC→CW,2026-02-08,,20167,20167,570,Monedero
2830,54578404,Concepcion,Laguna Quinenco,20059,L2,V1,2026-02-08 12:16:24,2026-02-08 14:03:20,CC→CW,2026-02-08,combo_por_entrada,20059,20059,910,Monedero
2831,54578404,Concepcion,Laguna Quinenco,20059,L2,V1,2026-02-08 12:16:35,2026-02-08 14:03:14,CC→CW,2026-02-08,combo_por_entrada,20059,20059,910,Monedero
2832,54578404,La Leonera,Concepcion,20844,L1,V1,2026-02-08 12:16:43,2026-02-08 14:03:00,HQ→TH,2026-02-08,combo_por_entrada,20844,20059,910,Monedero
2833,54578542,Concepcion,Lomas Coloradas,20059,L2,V1,2026-02-08 12:36:31,2026-02-08 13:40:29,CC→CW,2026-02-08,combo_por_entrada,20059,20059,570,Monedero
2834,54578542,Lomas Coloradas,Concepcion,20166,L2,V1,2026-02-08 19:33:58,2026-02-08 19:59:27,CW→CC,2026-02-08,,20166,20166,570,Monedero
2835,54579038,Higueras,Hualqui,20845,L1,V1,2026-02-08 15:54:37,2026-02-08 17:00:50,TH→HQ,2026-02-08,,20845,20845,560,Monedero
2836,54579038,Hualqui,Higueras,20848,L1,V1,2026-02-08 20:18:27,2026-02-08 21:24:05,HQ→TH,2026-02-08,,20848,20848,560,Monedero
2837,54579138,Concepcion,La Leonera,20845,L1,V1,2026-02-08 14:47:50,2026-02-08 16:49:04,TH→HQ,2026-02-08,combo_por_entrada,20845,20068,590,Monedero
2838,54579138,Concepcion,La Leonera,20845,L1,V1,2026-02-08 14:47:56,2026-02-08 16:49:00,TH→HQ,2026-02-08,combo_por_entrada,20845,20068,590,Monedero
2839,54579139,Costa Mar,Diagonal Bio Bio,20068,L2,V1,2026-02-08 16:04:38,2026-02-08 16:13:08,CW→CC,2026-02-08,,20068,20068,510,Monedero
2840,54579380,La Leonera,Concepcion,20844,L1,V1,2026-02-08 12:21:34,2026-02-08 12:59:19,HQ→TH,2026-02-08,,20844,20844,510,Monedero
2841,54579380,La Leonera,Concepcion,20844,L1,V1,2026-02-08 12:21:42,2026-02-08 12:59:06,HQ→TH,2026-02-08,,20844,20844,510,Monedero
2842,54579629,Juan Pablo II,Los Canelos,20035,L2,V1,2026-02-08 09:54:20,2026-02-08 10:37:05,CC→CW,2026-02-08,,20035,20153,650,Monedero
2843,54580014,Concepcion,Laguna Quinenco,20163,L2,V1,2026-02-08 18:37:14,2026-02-08 19:43:31,CC→CW,2026-02-08,,20163,20161,880,Monedero
2844,54580094,Concepcion,Lomas Coloradas,20063,L2,V1,2026-02-08 14:33:13,2026-02-08 14:57:42,CC→CW,2026-02-08,,20063,20063,570,Monedero
2845,54580094,Lomas Coloradas,Concepcion,20166,L2,V1,2026-02-08 19:28:04,2026-02-08 19:59:36,CW→CC,2026-02-08,,20166,20166,570,Monedero
2846,54580509,Cdal. Raul Silva Henriquez,Concepcion,20162,L2,V1,2026-02-08 18:32:41,2026-02-08 19:00:04,CW→CC,2026-02-08,,20162,20162,570,Monedero
2847,54580631,Laguna Quinenco,Concepcion,20050,L2,V1,2026-02-08 10:39:35,2026-02-08 11:38:27,CW→CC,2026-02-08,,20050,20050,880,Monedero
2848,54580631,Concepcion,Laguna Quinenco,20063,L2,V1,2026-02-08 14:23:34,2026-02-08 15:18:38,CC→CW,2026-02-08,,20063,20063,880,Monedero
2849,54580636,Los Canelos,Concepcion,20066,L2,V1,2026-02-08 14:48:43,2026-02-08 15:26:58,CW→CC,2026-02-08,,20066,20066,850,Monedero
2850,54580636,Los Canelos,Concepcion,20066,L2,V1,2026-02-08 14:48:48,2026-02-08 15:26:53,CW→CC,2026-02-08,,20066,20066,850,Monedero
2851,54580636,Concepcion,Los Canelos,20163,L2,V1,2026-02-08 18:36:23,2026-02-08 19:38:34,CC→CW,2026-02-08,,20163,20161,850,Monedero
2852,54580636,Concepcion,Los Canelos,20163,L2,V1,2026-02-08 18:36:28,2026-02-08 19:36:26,CC→CW,2026-02-08,,20163,20161,850,Monedero
2853,54580654,Costa Mar,Concepcion,20068,L2,V1,2026-02-08 15:50:01,2026-02-08 18:40:46,CW→CC,2026-02-08,,20068,20068,570,Monedero
2854,54580732,Los Canelos,El Parque,20156,L2,V1,2026-02-08 09:24:26,2026-02-08 09:44:29,CW→CC,2026-02-08,,20156,20156,610,Monedero
2855,54580732,El Parque,Los Canelos,20167,L2,V1,2026-02-08 20:14:27,2026-02-08 20:35:59,CC→CW,2026-02-08,,20167,20167,610,Monedero
2856,54580910,Juan Pablo II,Cristo Redentor,20069,L2,V1,2026-02-08 16:39:08,2026-02-08 17:23:36,CC→CW,2026-02-08,,20069,20069,680,Monedero
2857,54580910,Cristo Redentor,Costa Mar,20170,L2,V1,2026-02-08 19:54:21,2026-02-08 20:45:59,CW→CC,2026-02-08,,20170,20170,630,Monedero
2858,54581048,Hito Galvarino,Costa Mar,20056,L2,V1,2026-02-08 12:26:49,2026-02-08 12:47:24,CW→CC,2026-02-08,,20056,20056,610,Monedero
2859,54581071,Chiguayante,Concepcion,20846,L1,V1,2026-02-08 17:14:37,2026-02-08 17:36:38,HQ→TH,2026-02-08,,20846,20846,510,Monedero
2860,54581703,Pedro Medina,Mercado,20844,L1,V1,2026-02-08 12:30:13,2026-02-08 13:18:43,HQ→TH,2026-02-08,,20844,20844,550,Monedero
2861,54581703,Pedro Medina,Mercado,20844,L1,V1,2026-02-08 12:30:38,2026-02-08 13:18:38,HQ→TH,2026-02-08,,20844,20844,550,Monedero
2862,54582827,Lomas Coloradas,Concepcion,20170,L2,V1,2026-02-08 20:24:00,2026-02-08 21:02:00,CW→CC,2026-02-08,,20170,20170,570,Monedero
2863,54582896,Huinca,El Parque,20052,L2,V1,2026-02-08 11:26:09,2026-02-08 11:46:49,CW→CC,2026-02-08,,20052,20052,630,Monedero
2864,54582896,El Parque,Laguna Quinenco,20053,L2,V1,2026-02-08 12:26:00,2026-02-08 12:53:04,CC→CW,2026-02-08,,20053,20053,650,Monedero
2865,54583099,Juan Pablo II,Cristo Redentor,20167,L2,V1,2026-02-08 19:43:41,2026-02-08 20:41:06,CC→CW,2026-02-08,,20167,20167,680,Monedero
2866,54583391,Coronel,Juan Pablo II,20166,L2,V1,2026-02-08 19:16:09,2026-02-08 19:53:22,CW→CC,2026-02-08,,20166,20163,790,Monedero
2867,54583436,Cdal. Raul Silva Henriquez,Huinca,20153,L2,V1,2026-02-08 09:38:31,2026-02-08 09:55:04,CC→CW,2026-02-08,,20153,20153,630,Monedero
2868,54583436,Huinca,Cdal. Raul Silva Henriquez,20160,L2,V1,2026-02-08 17:43:22,2026-02-08 18:05:08,CW→CC,2026-02-08,,20160,20160,630,Monedero
2869,54583771,Laguna Quinenco,Hito Galvarino,20066,L2,V1,2026-02-08 14:31:29,2026-02-08 14:55:06,CW→CC,2026-02-08,,20066,20066,530,Monedero
2870,54585568,Concepcion,Cdal. Raul Silva Henriquez,20163,L2,V1,2026-02-08 18:55:53,2026-02-08 19:25:44,CC→CW,2026-02-08,,20163,20163,570,Monedero
2871,54585656,Concepcion,Hito Galvarino,20063,L2,V1,2026-02-08 14:19:30,2026-02-08 15:07:49,CC→CW,2026-02-08,,20063,20063,850,Monedero
2872,54586647,Cristo Redentor,Concepcion,20040,L2,V1,2026-02-08 09:32:24,2026-02-08 10:22:48,CW→CC,2026-02-08,,20040,20040,850,Monedero
2873,54586888,Concepcion,Cdal. Raul Silva Henriquez,20041,L2,V1,2026-02-08 10:28:39,2026-02-08 10:53:28,CC→CW,2026-02-08,,20041,20041,570,Monedero
2874,54586888,Cdal. Raul Silva Henriquez,Concepcion,20052,L2,V1,2026-02-08 11:33:06,2026-02-08 12:03:28,CW→CC,2026-02-08,,20052,20052,570,Monedero
2875,54587078,Costa Mar,Coronel,20063,L2,V1,2026-02-08 14:44:25,2026-02-08 15:22:05,CC→CW,2026-02-08,,20063,20063,650,Monedero
2876,54587554,Diagonal Bio Bio,Concepcion,20076,L2,V1,2026-02-08 17:08:59,2026-02-08 17:33:48,CW→CC,2026-02-08,,20076,20076,570,Monedero
2877,54587654,Coronel,Concepcion,20160,L2,V1,2026-02-08 17:28:23,2026-02-08 18:27:00,CW→CC,2026-02-08,,20160,20160,880,Monedero
2878,54587655,Laguna Quinenco,Concepcion,20050,L2,V1,2026-02-08 10:42:41,2026-02-08 11:38:26,CW→CC,2026-02-08,,20050,20050,880,Monedero
2879,54587811,La Leonera,Juan Pablo II,,,N/A,2026-02-08 17:02:49,2026-02-08 17:41:32,,2026-02-08,sin_combo_factible_en_hub|sin_s1_factible_retro,,,590,Monedero
2880,54587811,La Leonera,Juan Pablo II,,,N/A,2026-02-08 17:02:54,2026-02-08 17:41:28,,2026-02-08,sin_combo_factible_en_hub|sin_s1_factible_retro,,,590,Monedero
2881,54587811,Concepcion,La Leonera,20847,L1,V1,2026-02-08 19:46:35,2026-02-08 20:48:45,TH→HQ,2026-02-08,combo_por_entrada,20847,20847,590,Monedero
2882,54587811,Concepcion,La Leonera,20847,L1,V1,2026-02-08 19:46:41,2026-02-08 20:48:39,TH→HQ,2026-02-08,combo_por_entrada,20847,20847,590,Monedero
2883,54588072,Laguna Quinenco,Lomas Coloradas,20166,L2,V1,2026-02-08 19:15:38,2026-02-08 19:41:35,CW→CC,2026-02-08,,20166,20166,650,Monedero
2884,54588154,Lzo. Arenas,Los Condores,20850,L1,V1,2026-02-08 09:57:33,2026-02-08 10:18:13,HQ→TH,2026-02-08,,20850,20850,500,Monedero
2885,54588154,Los Condores,Mercado,20844,L1,V1,2026-02-08 12:53:39,2026-02-08 13:19:18,HQ→TH,2026-02-08,,20844,20844,490,Monedero
2886,54588154,Mercado,Lzo. Arenas,20845,L1,V1,2026-02-08 15:32:55,2026-02-08 16:19:54,TH→HQ,2026-02-08,,20845,20845,540,Monedero
2887,54588257,El Parque,Concepcion,20166,L2,V1,2026-02-08 19:35:21,2026-02-08 19:59:40,CW→CC,2026-02-08,,20166,20166,570,Monedero
2888,54588600,Chiguayante,Concepcion,20850,L1,V1,2026-02-08 09:40:57,2026-02-08 10:06:33,HQ→TH,2026-02-08,,20850,20850,510,Monedero
2889,54588670,Los Canelos,Concepcion,20068,L2,V1,2026-02-08 15:47:42,2026-02-08 16:24:43,CW→CC,2026-02-08,,20068,20068,850,Monedero
2890,54588670,Concepcion,Los Canelos,20167,L2,V1,2026-02-08 19:42:53,2026-02-08 20:37:29,CC→CW,2026-02-08,,20167,20167,850,Monedero
2891,54588725,Concepcion,Los Canelos,20041,L2,V1,2026-02-08 10:19:48,2026-02-08 11:03:20,CC→CW,2026-02-08,,20041,20041,850,Monedero
2892,54588727,Cristo Redentor,Concepcion,20076,L2,V1,2026-02-08 16:44:13,2026-02-08 17:31:32,CW→CC,2026-02-08,,20076,20076,850,Monedero
2893,54588881,Laguna Quinenco,Concepcion,20162,L2,V1,2026-02-08 18:11:28,2026-02-08 18:59:29,CW→CC,2026-02-08,,20162,20162,880,Monedero
2894,54588945,Concepcion,Los Canelos,20059,L2,V1,2026-02-08 13:19:06,2026-02-08 13:55:03,CC→CW,2026-02-08,,20059,20059,850,Monedero
2895,54588945,Concepcion,Los Canelos,20059,L2,V1,2026-02-08 13:19:09,2026-02-08 13:54:57,CC→CW,2026-02-08,,20059,20059,850,Monedero
2896,54588945,Los Canelos,Concepcion,20166,L2,V1,2026-02-08 19:20:41,2026-02-08 20:00:33,CW→CC,2026-02-08,,20166,20166,850,Monedero
2897,54588945,Los Canelos,Concepcion,20166,L2,V1,2026-02-08 19:20:45,2026-02-08 20:00:30,CW→CC,2026-02-08,,20166,20166,850,Monedero
2898,54588982,Alborada,Concepcion,20076,L2,V1,2026-02-08 16:51:45,2026-02-08 17:30:17,CW→CC,2026-02-08,,20076,20076,570,Monedero
2899,54588982,Concepcion,Alborada,20167,L2,V1,2026-02-08 19:20:53,2026-02-08 20:14:58,CC→CW,2026-02-08,,20167,20167,570,Monedero
2900,54589237,Alborada,Lomas Coloradas,20167,L2,V1,2026-02-08 20:03:23,2026-02-08 20:22:41,CC→CW,2026-02-08,,20167,20167,510,Monedero
2901,54590097,Concepcion,Los Canelos,20161,L2,V1,2026-02-08 18:26:05,2026-02-08 19:03:20,CC→CW,2026-02-08,,20161,20161,850,Monedero
2902,54590323,Cdal. Raul Silva Henriquez,Costa Mar,20056,L2,V1,2026-02-08 12:27:04,2026-02-08 12:46:54,CW→CC,2026-02-08,,20056,20056,430,Monedero
2903,54590323,Costa Mar,Cdal. Raul Silva Henriquez,20063,L2,V1,2026-02-08 14:24:32,2026-02-08 15:00:17,CC→CW,2026-02-08,,20063,20063,430,Monedero
2904,54590323,Cdal. Raul Silva Henriquez,Juan Pablo II,20162,L2,V1,2026-02-08 18:08:23,2026-02-08 18:53:41,CW→CC,2026-02-08,,20162,20160,510,Monedero
2905,54590323,Cdal. Raul Silva Henriquez,Juan Pablo II,20162,L2,V1,2026-02-08 18:08:28,2026-02-08 18:53:35,CW→CC,2026-02-08,,20162,20160,510,Monedero
2906,54590574,Concepcion,Huinca,20049,L2,V1,2026-02-08 11:08:56,2026-02-08 12:06:15,CC→CW,2026-02-08,,20049,20049,850,Monedero
2907,54590712,Costa Mar,Concepcion,20062,L2,V1,2026-02-08 13:53:00,2026-02-08 14:34:14,CW→CC,2026-02-08,,20062,20062,570,Monedero
2908,54590712,Concepcion,Costa Mar,20167,L2,V1,2026-02-08 19:18:20,2026-02-08 20:17:40,CC→CW,2026-02-08,,20167,20167,570,Monedero
2909,54590712,Concepcion,Costa Mar,20167,L2,V1,2026-02-08 19:18:26,2026-02-08 20:17:34,CC→CW,2026-02-08,,20167,20167,570,Monedero
2910,54590778,Cdal. Raul Silva Henriquez,Lomas Coloradas,20040,L2,V1,2026-02-08 09:54:15,2026-02-08 10:17:23,CW→CC,2026-02-08,,20040,20040,430,Monedero
2911,54590855,Coronel,Concepcion,20056,L2,V1,2026-02-08 11:34:47,2026-02-08 13:04:12,CW→CC,2026-02-08,,20056,20056,880,Monedero
2912,54590855,Concepcion,Concepcion,,,N/A,2026-02-08 13:27:44,2026-02-08 13:29:09,,2026-02-08,no viajo,,,420,Monedero
2913,54590855,Concepcion,Cristo Redentor,20161,L2,V1,2026-02-08 18:13:48,2026-02-08 19:07:29,CC→CW,2026-02-08,,20161,20161,850,Monedero
2914,54590921,Concepcion,El Parque,20157,L2,V1,2026-02-08 17:02:21,2026-02-08 17:53:37,CC→CW,2026-02-08,,20157,20157,570,Monedero
2915,54590921,El Parque,Concepcion,20166,L2,V1,2026-02-08 19:04:18,2026-02-08 20:00:57,CW→CC,2026-02-08,,20166,20166,570,Monedero
2916,54591015,Costa Mar,Concepcion,20152,L2,V1,2026-02-08 08:59:32,2026-02-08 09:16:12,CW→CC,2026-02-08,,20152,20152,570,Monedero
2917,54591015,Concepcion,Costa Mar,20067,L2,V1,2026-02-08 15:09:17,2026-02-08 15:45:30,CC→CW,2026-02-08,,20067,20067,570,Monedero
2918,54591443,Concepcion,Hito Galvarino,20069,L2,V1,2026-02-08 16:10:06,2026-02-08 17:16:06,CC→CW,2026-02-08,,20069,20069,850,Monedero
2919,54591987,Laguna Quinenco,Concepcion,,,N/A,2026-02-08 13:42:18,2026-02-08 14:17:08,,2026-02-08,sin_combo_factible_en_hub|sin_s1_factible_retro,,,880,Monedero
2920,54591987,Laguna Quinenco,Concepcion,,,N/A,2026-02-08 13:42:24,2026-02-08 14:17:01,,2026-02-08,sin_combo_factible_en_hub|sin_s1_factible_retro,,,880,Monedero
2921,54592310,Concepcion,Laguna Quinenco,20157,L2,V1,2026-02-08 17:27:56,2026-02-08 18:11:00,CC→CW,2026-02-08,,20157,,880,Monedero
2922,54592391,Concepcion,UTF Santa Maria,20846,L1,V1,2026-02-08 16:44:19,2026-02-08 17:43:15,HQ→TH,2026-02-08,combo_por_entrada,20846,20076,900,Monedero
2923,54592488,Concepcion,Coronel,20171,L2,V1,2026-02-08 21:13:58,2026-02-08 21:47:51,CC→CW,2026-02-08,combo_relajado_pase1,20171,,650,Monedero
2924,54592630,Lomas Coloradas,Concepcion,20050,L2,V1,2026-02-08 11:11:57,2026-02-08 11:39:17,CW→CC,2026-02-08,,20050,20050,570,Monedero
2925,54592630,Concepcion,Lomas Coloradas,20167,L2,V1,2026-02-08 19:38:39,2026-02-08 20:23:50,CC→CW,2026-02-08,,20167,20167,570,Monedero
2926,54592818,Laguna Quinenco,Concepcion,20162,L2,V1,2026-02-08 18:13:47,2026-02-08 18:59:55,CW→CC,2026-02-08,,20162,20162,880,Monedero
2927,54592818,Laguna Quinenco,Concepcion,20162,L2,V1,2026-02-08 18:13:58,2026-02-08 18:59:36,CW→CC,2026-02-08,,20162,20162,880,Monedero
2928,54592825,Juan Pablo II,Lomas Coloradas,20069,L2,V1,2026-02-08 16:45:44,2026-02-08 17:07:31,CC→CW,2026-02-08,,20069,20069,510,Monedero
2929,54592973,Lomas Coloradas,Concepcion,20066,L2,V1,2026-02-08 14:35:32,2026-02-08 15:23:16,CW→CC,2026-02-08,,20066,20066,570,Monedero
2930,54593054,Coronel,Concepcion,20058,L2,V1,2026-02-08 12:27:32,2026-02-08 13:20:21,CW→CC,2026-02-08,,20058,20058,880,Monedero
2931,54594292,Hito Galvarino,Cristo Redentor,20063,L2,V1,2026-02-08 14:58:34,2026-02-08 15:15:00,CC→CW,2026-02-08,,20063,20063,460,Monedero
2932,54594840,Cristo Redentor,El Parque,20066,L2,V1,2026-02-08 14:26:24,2026-02-08 15:07:31,CW→CC,2026-02-08,,20066,20066,630,Monedero
2933,54594840,El Parque,Huinca,20157,L2,V1,2026-02-08 17:46:12,2026-02-08 18:10:29,CC→CW,2026-02-08,,20157,20157,630,Monedero
2934,54594840,El Parque,Huinca,20157,L2,V1,2026-02-08 17:46:20,2026-02-08 18:10:25,CC→CW,2026-02-08,,20157,20157,630,Monedero
2935,54595515,Los Canelos,Laguna Quinenco,20067,L2,V1,2026-02-08 15:52:10,2026-02-08 16:11:15,CC→CW,2026-02-08,,20067,20067,530,Monedero
2936,54595515,Los Canelos,Laguna Quinenco,20067,L2,V1,2026-02-08 15:52:14,2026-02-08 16:11:11,CC→CW,2026-02-08,,20067,20067,530,Monedero
2937,54595707,Cristo Redentor,Concepcion,20156,L2,V1,2026-02-08 09:11:31,2026-02-08 10:03:04,CW→CC,2026-02-08,,20156,20156,850,Monedero
2938,54595707,Concepcion,Cristo Redentor,20167,L2,V1,2026-02-08 19:24:51,2026-02-08 20:42:04,CC→CW,2026-02-08,,20167,20167,850,Monedero
2939,54595904,Cdal. Raul Silva Henriquez,Laguna Quinenco,20069,L2,V1,2026-02-08 17:04:09,2026-02-08 17:27:36,CC→CW,2026-02-08,,20069,20069,650,Monedero
2940,54597530,Cristo Redentor,Cdal. Raul Silva Henriquez,20068,L2,V1,2026-02-08 15:23:41,2026-02-08 16:01:04,CW→CC,2026-02-08,,20068,20068,630,Monedero
2941,54597788,Cdal. Raul Silva Henriquez,Concepcion,20160,L2,V1,2026-02-08 17:39:52,2026-02-08 18:27:44,CW→CC,2026-02-08,,20160,20160,570,Monedero
2942,54597884,Concepcion,Laguna Quinenco,20063,L2,V1,2026-02-08 14:16:54,2026-02-08 15:17:40,CC→CW,2026-02-08,,20063,20063,880,Monedero
2943,54599082,Concepcion,Costa Mar,20069,L2,V1,2026-02-08 16:12:45,2026-02-08 16:59:11,CC→CW,2026-02-08,,20069,20069,570,Monedero
2944,54599200,Concepcion,Costa Mar,20059,L2,V1,2026-02-08 13:13:24,2026-02-08 13:35:15,CC→CW,2026-02-08,,20059,20059,570,Monedero
2945,54599374,Los Canelos,Concepcion,20152,L2,V1,2026-02-08 08:37:40,2026-02-08 09:16:29,CW→CC,2026-02-08,,20152,20152,850,Monedero
2946,54599374,Concepcion,Los Canelos,20161,L2,V1,2026-02-08 18:16:06,2026-02-08 19:03:47,CC→CW,2026-02-08,,20161,20161,850,Monedero
2947,54599415,Costa Mar,El Parque,20053,L2,V1,2026-02-08 12:23:12,2026-02-08 12:27:49,CC→CW,2026-02-08,,20053,20053,430,Monedero
2948,54599963,Coronel,Concepcion,20056,L2,V1,2026-02-08 12:17:13,2026-02-08 13:04:41,CW→CC,2026-02-08,,20056,20056,880,Monedero
2949,54600096,Hito Galvarino,Cristo Redentor,20053,L2,V1,2026-02-08 12:37:00,2026-02-08 12:48:33,CC→CW,2026-02-08,,20053,20053,460,Monedero
2950,54601180,Juan Pablo II,Laguna Quinenco,20167,L2,V1,2026-02-08 19:41:34,2026-02-08 20:43:13,CC→CW,2026-02-08,,20167,20167,790,Monedero
2951,54601521,Cdal. Raul Silva Henriquez,Juan Pablo II,20076,L2,V1,2026-02-08 16:56:15,2026-02-08 17:22:01,CW→CC,2026-02-08,,20076,20076,510,Monedero
2952,54601589,Los Condores,Manquimavida,20847,L1,V1,2026-02-08 20:02:42,2026-02-08 20:46:28,TH→HQ,2026-02-08,,20847,20847,540,Monedero
2953,54601589,Los Condores,Manquimavida,20847,L1,V1,2026-02-08 20:02:49,2026-02-08 20:46:23,TH→HQ,2026-02-08,,20847,20847,540,Monedero
2954,54601654,Hualqui,Concepcion,20844,L1,V1,2026-02-08 12:06:44,2026-02-08 13:33:37,HQ→TH,2026-02-08,combo_por_entrada,20844,20844,600,Monedero
2955,54601654,Concepcion,Hualqui,20847,L1,V1,2026-02-08 19:18:36,2026-02-08 21:01:45,TH→HQ,2026-02-08,combo_por_entrada,20847,20166,600,Monedero
2956,54601764,Higueras,Concepcion,20859,L1,V1,2026-02-08 12:21:21,2026-02-08 13:01:08,TH→HQ,2026-02-08,,20859,20859,500,Monedero
2957,54601764,Concepcion,Higueras,20848,L1,V1,2026-02-08 20:41:24,2026-02-08 21:24:38,HQ→TH,2026-02-08,,20848,20848,500,Monedero
2958,54601928,Lomas Coloradas,Laguna Quinenco,20069,L2,V1,2026-02-08 16:58:33,2026-02-08 17:28:02,CC→CW,2026-02-08,,20069,20069,650,Monedero
2959,54601991,Laguna Quinenco,Concepcion,20160,L2,V1,2026-02-08 17:29:24,2026-02-08 18:27:54,CW→CC,2026-02-08,,20160,20160,880,Monedero
2960,54601991,Laguna Quinenco,Concepcion,20160,L2,V1,2026-02-08 17:29:31,2026-02-08 18:27:49,CW→CC,2026-02-08,,20160,20160,880,Monedero
2961,54601991,Laguna Quinenco,Concepcion,20160,L2,V1,2026-02-08 17:29:36,2026-02-08 18:27:44,CW→CC,2026-02-08,,20160,20160,880,Monedero
2962,54603033,Huinca,Concepcion,20162,L2,V1,2026-02-08 18:19:45,2026-02-08 18:59:00,CW→CC,2026-02-08,,20162,20162,850,Monedero
2963,54603276,Los Canelos,Costa Mar,20068,L2,V1,2026-02-08 15:44:59,2026-02-08 16:08:26,CW→CC,2026-02-08,,20068,20068,610,Monedero
2964,54603281,Coronel,Concepcion,20050,L2,V1,2026-02-08 10:48:31,2026-02-08 11:41:12,CW→CC,2026-02-08,,20050,20050,880,Monedero
2965,54603287,Coronel,Concepcion,20066,L2,V1,2026-02-08 14:31:33,2026-02-08 15:27:00,CW→CC,2026-02-08,,20066,20066,880,Monedero
2966,54603287,Concepcion,Los Canelos,20157,L2,V1,2026-02-08 16:56:59,2026-02-08 18:05:37,CC→CW,2026-02-08,,20157,,850,Monedero
2967,54604142,Coronel,Concepcion,20162,L2,V1,2026-02-08 18:00:07,2026-02-08 19:01:27,CW→CC,2026-02-08,,20162,20162,880,Monedero
2968,54604142,Coronel,Concepcion,20162,L2,V1,2026-02-08 18:00:34,2026-02-08 19:01:20,CW→CC,2026-02-08,,20162,20162,880,Monedero
2969,54604503,Lomas Coloradas,Concepcion,20058,L2,V1,2026-02-08 12:53:07,2026-02-08 13:16:39,CW→CC,2026-02-08,,20058,20058,570,Monedero
2970,54604509,Cdal. Raul Silva Henriquez,Concepcion,20062,L2,V1,2026-02-08 13:41:27,2026-02-08 14:36:53,CW→CC,2026-02-08,,20062,20062,570,Monedero
2971,54605253,Huinca,Concepcion,20156,L2,V1,2026-02-08 09:13:37,2026-02-08 10:01:42,CW→CC,2026-02-08,,20156,20156,850,Monedero
2972,54605279,Cristo Redentor,Los Canelos,20160,L2,V1,2026-02-08 17:47:56,2026-02-08 17:55:01,CW→CC,2026-02-08,,20160,20160,460,Monedero
2973,54605436,Cristo Redentor,Costa Mar,20066,L2,V1,2026-02-08 14:34:43,2026-02-08 15:08:55,CW→CC,2026-02-08,,20066,20063,630,Monedero
2974,54605436,Cristo Redentor,Costa Mar,20066,L2,V1,2026-02-08 14:34:49,2026-02-08 15:08:48,CW→CC,2026-02-08,,20066,20062,630,Monedero
2975,54605639,Los Condores,Mercado,20844,L1,V1,2026-02-08 12:59:34,2026-02-08 13:18:48,HQ→TH,2026-02-08,,20844,20844,490,Monedero
2976,54606002,Lzo. Arenas,Manquimavida,20857,L1,V1,2026-02-08 08:37:53,2026-02-08 09:15:35,TH→HQ,2026-02-08,,20857,20857,510,Monedero
2977,54606584,Diagonal Bio Bio,Cristo Redentor,20049,L2,V1,2026-02-08 11:28:54,2026-02-08 12:08:57,CC→CW,2026-02-08,,20049,20049,680,Monedero
2978,54606584,Cristo Redentor,Diagonal Bio Bio,20166,L2,V1,2026-02-08 18:49:09,2026-02-08 19:50:38,CW→CC,2026-02-08,,20166,20162,680,Monedero
2979,54606697,Costa Mar,Cristo Redentor,20067,L2,V1,2026-02-08 15:40:11,2026-02-08 16:08:54,CC→CW,2026-02-08,,20067,20067,630,Monedero
2980,54606818,Lomas Coloradas,Huinca,20067,L2,V1,2026-02-08 15:34:45,2026-02-08 16:06:06,CC→CW,2026-02-08,,20067,20067,630,Monedero
2981,56010076,Laguna Quinenco,Hito Galvarino,20068,L2,V1,2026-02-08 15:41:39,2026-02-08 15:54:59,CW→CC,2026-02-08,,20068,20068,530,Monedero
2982,56010112,Los Canelos,Laguna Quinenco,20063,L2,V1,2026-02-08 15:03:38,2026-02-08 15:18:10,CC→CW,2026-02-08,,20063,20063,530,Monedero
2983,56012729,Concepcion,Hito Galvarino,20069,L2,V1,2026-02-08 16:35:51,2026-02-08 17:16:43,CC→CW,2026-02-08,,20069,20069,850,Monedero
2984,56012729,Concepcion,Hito Galvarino,20069,L2,V1,2026-02-08 16:35:56,2026-02-08 17:16:38,CC→CW,2026-02-08,,20069,20069,850,Monedero
2985,56014285,Laguna Quinenco,El Parque,20050,L2,V1,2026-02-08 10:54:07,2026-02-08 11:21:51,CW→CC,2026-02-08,,20050,20050,650,Monedero
2986,56017216,Cristo Redentor,Concepcion,20052,L2,V1,2026-02-08 11:21:41,2026-02-08 12:03:50,CW→CC,2026-02-08,,20052,20052,850,Monedero
2987,56017216,Concepcion,Juan Pablo II,20069,L2,V1,2026-02-08 16:39:06,2026-02-08 16:52:23,CC→CW,2026-02-08,,20069,20069,570,Monedero
2988,56017216,Juan Pablo II,Cristo Redentor,20171,L2,V1,2026-02-08 21:07:58,2026-02-08 21:43:21,CC→CW,2026-02-08,,20171,,680,Monedero
2989,56019711,La Leonera,El Arenal,20850,L1,V1,2026-02-08 09:35:15,2026-02-08 10:24:55,HQ→TH,2026-02-08,,20850,20850,550,Monedero
2990,56022441,Concepcion,Cdal. Raul Silva Henriquez,20157,L2,V1,2026-02-08 17:15:13,2026-02-08 17:55:07,CC→CW,2026-02-08,,20157,,570,Monedero
2991,56022927,Concepcion,Laguna Quinenco,20063,L2,V1,2026-02-08 14:21:43,2026-02-08 15:18:19,CC→CW,2026-02-08,,20063,20063,880,Monedero
2992,56022994,Laguna Quinenco,Concepcion,20160,L2,V1,2026-02-08 17:39:12,2026-02-08 18:27:38,CW→CC,2026-02-08,,20160,20160,880,Monedero
2993,56025520,Hito Galvarino,Concepcion,20040,L2,V1,2026-02-08 09:43:47,2026-02-08 10:22:14,CW→CC,2026-02-08,,20040,20040,850,Monedero
2994,56025520,Concepcion,Hito Galvarino,20167,L2,V1,2026-02-08 19:11:24,2026-02-08 20:32:03,CC→CW,2026-02-08,,20167,20167,850,Monedero
2995,56031154,Laguna Quinenco,Lomas Coloradas,20166,L2,V1,2026-02-08 19:08:22,2026-02-08 19:41:17,CW→CC,2026-02-08,,20166,20166,650,Monedero
2996,56031154,Laguna Quinenco,Lomas Coloradas,20166,L2,V1,2026-02-08 19:08:30,2026-02-08 19:41:10,CW→CC,2026-02-08,,20166,20166,650,Monedero
2997,56031309,Cristo Redentor,Concepcion,20076,L2,V1,2026-02-08 16:44:38,2026-02-08 17:30:28,CW→CC,2026-02-08,,20076,20076,850,Monedero
2998,56031309,Concepcion,Lomas Coloradas,20167,L2,V1,2026-02-08 19:42:38,2026-02-08 20:24:38,CC→CW,2026-02-08,,20167,20167,570,Monedero
2999,56033786,Cristo Redentor,Concepcion,20076,L2,V1,2026-02-08 16:47:06,2026-02-08 17:30:58,CW→CC,2026-02-08,,20076,20076,850,Monedero
3000,56039551,Lomas Coloradas,Costa Mar,20162,L2,V1,2026-02-08 18:37:29,2026-02-08 18:46:03,CW→CC,2026-02-08,,20162,20162,430,Monedero
3001,56039785,Higueras,Hualqui,20847,L1,V1,2026-02-08 20:07:44,2026-02-08 21:01:48,TH→HQ,2026-02-08,,20847,20847,560,Monedero
3002,56039825,Juan Pablo II,Los Canelos,20171,L2,V1,2026-02-08 20:49:50,2026-02-08 21:38:13,CC→CW,2026-02-08,,20171,20167,650,Monedero
3003,56040187,Concepcion,Coronel,20063,L2,V1,2026-02-08 14:27:00,2026-02-08 15:25:30,CC→CW,2026-02-08,,20063,20063,880,Monedero
3004,56040187,Concepcion,Manquimavida,20847,L1,V1,2026-02-08 19:15:39,2026-02-08 20:46:56,TH→HQ,2026-02-08,combo_por_entrada,20847,20166,910,Monedero
3005,56040905,Los Canelos,Concepcion,20066,L2,V1,2026-02-08 14:43:35,2026-02-08 15:24:30,CW→CC,2026-02-08,,20066,20066,850,Monedero
3006,56040905,Concepcion,Huinca,20157,L2,V1,2026-02-08 16:49:06,2026-02-08 18:06:50,CC→CW,2026-02-08,,20157,20069,850,Monedero
3007,56041762,Hito Galvarino,Concepcion,20166,L2,V1,2026-02-08 19:22:13,2026-02-08 20:00:10,CW→CC,2026-02-08,,20166,20166,850,Monedero
3008,56044772,Los Canelos,Cristo Redentor,20171,L2,V1,2026-02-08 21:31:32,2026-02-08 21:42:55,CC→CW,2026-02-08,,20171,,460,Monedero
3009,56045030,Lzo. Arenas,Manquimavida,20847,L1,V1,2026-02-08 19:57:59,2026-02-08 20:46:22,TH→HQ,2026-02-08,,20847,20847,510,Monedero
3010,56045315,Los Canelos,Concepcion,20066,L2,V1,2026-02-08 14:46:56,2026-02-08 15:24:06,CW→CC,2026-02-08,,20066,20066,850,Monedero
3011,56045315,Concepcion,Los Canelos,20171,L2,V1,2026-02-08 20:55:43,2026-02-08 21:38:52,CC→CW,2026-02-08,,20171,,850,Monedero
3012,56045595,Diagonal Bio Bio,Concepcion,20056,L2,V1,2026-02-08 12:49:44,2026-02-08 13:06:15,CW→CC,2026-02-08,,20056,20056,570,Monedero
3013,56046002,Huinca,Diagonal Bio Bio,20066,L2,V1,2026-02-08 14:39:04,2026-02-08 15:13:56,CW→CC,2026-02-08,,20066,20062,680,Monedero
3014,56046637,Concepcion,Alborada,20059,L2,V1,2026-02-08 12:24:42,2026-02-08 13:33:07,CC→CW,2026-02-08,,20059,20059,570,Monedero
3015,56047646,Concepcion,Los Canelos,20051,L2,V1,2026-02-08 11:34:09,2026-02-08 12:18:20,CC→CW,2026-02-08,,20051,20049,850,Monedero
3016,56047955,Cdal. Raul Silva Henriquez,Concepcion,20170,L2,V1,2026-02-08 20:07:16,2026-02-08 21:02:36,CW→CC,2026-02-08,,20170,20170,570,Monedero
3017,56047955,Cdal. Raul Silva Henriquez,Concepcion,,,N/A,2026-02-08 20:07:22,2026-02-08 20:49:02,,2026-02-08,sin_combo_factible_en_hub|sin_s1_factible_retro,,,570,Monedero
3018,56048509,Concepcion,Cristo Redentor,20035,L2,V1,2026-02-08 09:47:29,2026-02-08 10:41:39,CC→CW,2026-02-08,,20035,,850,Monedero
3019,56048509,Cristo Redentor,Concepcion,20068,L2,V1,2026-02-08 15:39:47,2026-02-08 16:23:28,CW→CC,2026-02-08,,20068,20068,850,Monedero
3020,56049330,Lomas Coloradas,Huinca,20035,L2,V1,2026-02-08 10:03:54,2026-02-08 10:38:59,CC→CW,2026-02-08,,20035,,630,Monedero
3021,56050857,Cristo Redentor,Diagonal Bio Bio,20040,L2,V1,2026-02-08 09:28:48,2026-02-08 10:13:00,CW→CC,2026-02-08,,20040,20156,680,Monedero
3022,56050901,Cristo Redentor,El Parque,20076,L2,V1,2026-02-08 16:50:24,2026-02-08 17:13:04,CW→CC,2026-02-08,,20076,20076,630,Monedero
3023,56050901,Cristo Redentor,El Parque,20076,L2,V1,2026-02-08 16:50:30,2026-02-08 17:12:58,CW→CC,2026-02-08,,20076,20076,630,Monedero
3024,56050901,Cristo Redentor,El Parque,20076,L2,V1,2026-02-08 16:50:35,2026-02-08 17:12:52,CW→CC,2026-02-08,,20076,20076,630,Monedero
3025,56050901,Cristo Redentor,El Parque,20076,L2,V1,2026-02-08 16:50:39,2026-02-08 17:12:46,CW→CC,2026-02-08,,20076,20076,630,Monedero
3026,56050901,El Parque,Cristo Redentor,20167,L2,V1,2026-02-08 19:49:40,2026-02-08 20:42:28,CC→CW,2026-02-08,,20167,20167,630,Monedero
3027,56050901,El Parque,Cristo Redentor,20167,L2,V1,2026-02-08 19:49:45,2026-02-08 20:42:23,CC→CW,2026-02-08,,20167,20167,630,Monedero
3028,56050901,El Parque,Cristo Redentor,20167,L2,V1,2026-02-08 19:49:50,2026-02-08 20:42:18,CC→CW,2026-02-08,,20167,20167,630,Monedero
3029,56050901,El Parque,Cristo Redentor,20167,L2,V1,2026-02-08 19:49:56,2026-02-08 20:42:10,CC→CW,2026-02-08,,20167,20167,630,Monedero
3030,56051579,Cristo Redentor,Concepcion,20170,L2,V1,2026-02-08 20:19:30,2026-02-08 21:01:55,CW→CC,2026-02-08,,20170,20170,850,Monedero
3031,56051854,Costa Mar,Concepcion,20162,L2,V1,2026-02-08 18:43:37,2026-02-08 18:59:27,CW→CC,2026-02-08,,20162,20162,570,Monedero
3032,56052121,Hualqui,Los Condores,20848,L1,V1,2026-02-08 20:20:30,2026-02-08 21:20:30,HQ→TH,2026-02-08,,20848,20848,560,Monedero
3033,56053132,Concepcion,Coronel,20063,L2,V1,2026-02-08 14:26:00,2026-02-08 15:20:30,CC→CW,2026-02-08,,20063,20063,880,Monedero
3034,56053240,Huinca,Coronel,20041,L2,V1,2026-02-08 11:00:33,2026-02-08 11:12:59,CC→CW,2026-02-08,,20041,20041,450,Monedero
3035,56054517,Diagonal Bio Bio,Lomas Coloradas,20069,L2,V1,2026-02-08 16:49:57,2026-02-08 17:06:16,CC→CW,2026-02-08,,20069,20069,510,Monedero
3036,56054565,Concepcion,Concepcion,,,N/A,2026-02-08 14:12:58,2026-02-08 20:01:19,,2026-02-08,no viajo,,,420,Monedero
3037,56054565,Concepcion,Los Canelos,20063,L2,V1,2026-02-08 14:13:12,2026-02-08 19:23:00,CC→CW,2026-02-08,,20063,20063,850,Monedero
3038,56054868,Concepcion,Cdal. Raul Silva Henriquez,20163,L2,V1,2026-02-08 18:37:20,2026-02-08 19:25:58,CC→CW,2026-02-08,,20163,20161,570,Monedero
3039,56055498,Huinca,Juan Pablo II,20044,L2,V1,2026-02-08 09:59:52,2026-02-08 10:41:36,CW→CC,2026-02-08,,20044,20044,680,Monedero
3040,56055498,Juan Pablo II,Huinca,20157,L2,V1,2026-02-08 17:21:18,2026-02-08 18:07:03,CC→CW,2026-02-08,,20157,,680,Monedero
3041,56056707,La Leonera,Chiguayante,20850,L1,V2,2026-02-08 09:44:40,2026-02-08 09:56:43,,2026-02-08,sin_combo_factible_en_hub|sin_s1_factible_retro,,20850,420,Monedero
3042,56058896,Lomas Coloradas,Concepcion,20056,L2,V1,2026-02-08 12:33:26,2026-02-08 13:04:28,CW→CC,2026-02-08,,20056,20056,570,Monedero
3043,56058993,Concepcion,Costa Mar,20167,L2,V1,2026-02-08 19:32:55,2026-02-08 20:19:19,CC→CW,2026-02-08,,20167,20167,570,Monedero
3044,56058993,Concepcion,Costa Mar,20167,L2,V1,2026-02-08 19:33:35,2026-02-08 20:19:12,CC→CW,2026-02-08,,20167,20167,570,Monedero
3045,56059376,Huinca,Hito Galvarino,20166,L2,V1,2026-02-08 19:20:58,2026-02-08 19:32:16,CW→CC,2026-02-08,,20166,20166,460,Monedero
3046,56060805,Chiguayante,Concepcion,20846,L1,V1,2026-02-08 17:12:50,2026-02-08 17:34:47,HQ→TH,2026-02-08,,20846,20846,510,Monedero
3047,56060805,Concepcion,Chiguayante,20847,L1,V1,2026-02-08 20:18:07,2026-02-08 20:40:58,TH→HQ,2026-02-08,,20847,20847,510,Monedero
3048,56060873,Laguna Quinenco,Concepcion,,,N/A,2026-02-08 10:40:06,2026-02-08 11:23:40,,2026-02-08,sin_combo_factible_en_hub|sin_s1_factible_retro,,,880,Monedero
3049,56060873,Concepcion,Laguna Quinenco,20059,L2,V1,2026-02-08 13:16:24,2026-02-08 14:01:37,CC→CW,2026-02-08,,20059,20059,880,Monedero
3050,56061120,El Parque,Cdal. Raul Silva Henriquez,20153,L2,V1,2026-02-08 09:22:48,2026-02-08 09:42:05,CC→CW,2026-02-08,,20153,20153,430,Monedero
3051,56061120,Cdal. Raul Silva Henriquez,El Parque,20166,L2,V1,2026-02-08 19:31:02,2026-02-08 19:44:16,CW→CC,2026-02-08,,20166,20166,430,Monedero
3052,56061361,Los Canelos,El Parque,20062,L2,V1,2026-02-08 13:45:14,2026-02-08 14:16:32,CW→CC,2026-02-08,,20062,20062,610,Monedero
3053,56061361,Los Canelos,El Parque,20062,L2,V1,2026-02-08 13:45:30,2026-02-08 14:16:25,CW→CC,2026-02-08,,20062,20062,610,Monedero
3054,56061361,Costa Mar,Los Canelos,20171,L2,V1,2026-02-08 20:21:53,2026-02-08 21:39:56,CC→CW,2026-02-08,,20171,20167,610,Monedero
3055,56061361,Costa Mar,Los Canelos,20171,L2,V1,2026-02-08 20:21:57,2026-02-08 21:39:52,CC→CW,2026-02-08,,20171,20167,610,Monedero
3056,56062271,Costa Mar,Diagonal Bio Bio,20166,L2,V1,2026-02-08 19:42:46,2026-02-08 19:51:21,CW→CC,2026-02-08,,20166,20166,510,Monedero
3057,56062465,Lomas Coloradas,Concepcion,20156,L2,V1,2026-02-08 09:14:26,2026-02-08 10:01:24,CW→CC,2026-02-08,,20156,20156,570,Monedero
3058,56062465,Concepcion,Lomas Coloradas,20171,L2,V1,2026-02-08 20:49:38,2026-02-08 21:27:00,CC→CW,2026-02-08,,20171,,570,Monedero
3059,56063047,Coronel,Concepcion,20056,L2,V1,2026-02-08 11:41:24,2026-02-08 13:06:15,CW→CC,2026-02-08,,20056,20056,880,Monedero
3060,56063047,Coronel,Concepcion,20056,L2,V1,2026-02-08 11:41:28,2026-02-08 13:06:09,CW→CC,2026-02-08,,20056,20056,880,Monedero
3061,56063047,Concepcion,Coronel,20063,L2,V1,2026-02-08 14:07:39,2026-02-08 15:24:55,CC→CW,2026-02-08,,20063,20063,880,Monedero
3062,56063078,Laguna Quinenco,Concepcion,20056,L2,V1,2026-02-08 12:15:22,2026-02-08 13:20:03,CW→CC,2026-02-08,,20056,20056,880,Monedero
3063,56063078,Concepcion,Laguna Quinenco,20167,L2,V1,2026-02-08 19:51:49,2026-02-08 20:43:26,CC→CW,2026-02-08,,20167,20167,880,Monedero
3064,56063625,Huinca,Concepcion,20052,L2,V1,2026-02-08 11:15:41,2026-02-08 13:19:12,CW→CC,2026-02-08,combo_relajado_pase1,20052,20052,900,Monedero
3065,56063625,Concepcion,Huinca,20167,L2,V1,2026-02-08 19:43:21,2026-02-08 20:40:46,CC→CW,2026-02-08,,20167,20167,850,Monedero
3066,56064078,Juan Pablo II,Los Canelos,20063,L2,V1,2026-02-08 14:19:47,2026-02-08 15:10:13,CC→CW,2026-02-08,,20063,20063,650,Monedero
3067,56064639,Laguna Quinenco,Diagonal Bio Bio,20052,L2,V1,2026-02-08 11:21:03,2026-02-08 11:54:30,CW→CC,2026-02-08,,20052,20052,790,Monedero
3068,56064799,Laguna Quinenco,Concepcion,20076,L2,V1,2026-02-08 16:37:57,2026-02-08 17:29:53,CW→CC,2026-02-08,,20076,20076,880,Monedero
3069,56064799,Laguna Quinenco,Concepcion,20076,L2,V1,2026-02-08 16:38:02,2026-02-08 17:29:47,CW→CC,2026-02-08,,20076,20076,880,Monedero
3070,56065077,Laguna Quinenco,Lomas Coloradas,20066,L2,V1,2026-02-08 14:37:04,2026-02-08 15:03:53,CW→CC,2026-02-08,,20066,20066,650,Monedero
3071,56065077,Lomas Coloradas,Laguna Quinenco,20171,L2,V1,2026-02-08 21:19:06,2026-02-08 21:45:51,CC→CW,2026-02-08,,20171,,650,Monedero
3072,56065373,Cristo Redentor,Lomas Coloradas,20166,L2,V1,2026-02-08 19:21:18,2026-02-08 19:41:45,CW→CC,2026-02-08,,20166,20166,630,Monedero
3073,56066113,Cdal. Raul Silva Henriquez,Cristo Redentor,20067,L2,V1,2026-02-08 15:46:47,2026-02-08 16:07:48,CC→CW,2026-02-08,,20067,20067,630,Monedero
3074,56066113,Cristo Redentor,Cdal. Raul Silva Henriquez,20166,L2,V1,2026-02-08 19:16:01,2026-02-08 19:38:32,CW→CC,2026-02-08,,20166,20166,630,Monedero
3075,56068603,Alborada,Concepcion,20058,L2,V1,2026-02-08 12:57:49,2026-02-08 13:18:50,CW→CC,2026-02-08,,20058,20058,570,Monedero
3076,56068603,Alborada,Concepcion,20058,L2,V1,2026-02-08 12:58:00,2026-02-08 13:18:45,CW→CC,2026-02-08,,20058,20058,570,Monedero
3077,56068603,Alborada,Concepcion,20058,L2,V1,2026-02-08 12:58:11,2026-02-08 13:18:39,CW→CC,2026-02-08,,20058,20058,570,Monedero
3078,56068663,Concepcion,Costa Mar,20049,L2,V1,2026-02-08 11:10:42,2026-02-08 11:46:03,CC→CW,2026-02-08,,20049,20049,570,Monedero
3079,56069541,Coronel,Concepcion,20170,L2,V1,2026-02-08 20:15:58,2026-02-08 21:00:43,CW→CC,2026-02-08,,20170,20170,880,Monedero
3080,56069648,El Parque,Laguna Quinenco,20041,L2,V1,2026-02-08 10:45:44,2026-02-08 11:10:24,CC→CW,2026-02-08,,20041,20041,650,Monedero
3081,56069648,Laguna Quinenco,El Parque,20066,L2,V1,2026-02-08 14:32:50,2026-02-08 15:06:52,CW→CC,2026-02-08,,20066,20066,650,Monedero
3082,56069769,Concepcion,Costa Mar,20059,L2,V1,2026-02-08 13:01:23,2026-02-08 13:38:30,CC→CW,2026-02-08,,20059,20059,570,Monedero
3083,56069769,Concepcion,Costa Mar,20059,L2,V1,2026-02-08 13:01:33,2026-02-08 13:38:20,CC→CW,2026-02-08,,20059,20059,570,Monedero
3084,56069769,Costa Mar,Concepcion,20068,L2,V1,2026-02-08 15:58:13,2026-02-08 16:24:05,CW→CC,2026-02-08,,20068,20068,570,Monedero
3085,56069769,Costa Mar,Concepcion,20068,L2,V1,2026-02-08 15:58:18,2026-02-08 16:24:00,CW→CC,2026-02-08,,20068,20068,570,Monedero
3086,56070051,Concepcion,Coronel,20063,L2,V1,2026-02-08 13:50:23,2026-02-08 15:21:16,CC→CW,2026-02-08,,20063,20063,880,Monedero
3087,56070051,Concepcion,Coronel,20063,L2,V1,2026-02-08 13:50:33,2026-02-08 15:21:09,CC→CW,2026-02-08,,20063,20063,880,Monedero
3088,56070051,Coronel,Concepcion,20166,L2,V1,2026-02-08 18:58:43,2026-02-08 20:01:45,CW→CC,2026-02-08,,20166,20166,880,Monedero
3089,56070051,Coronel,Concepcion,20166,L2,V1,2026-02-08 18:58:50,2026-02-08 20:01:40,CW→CC,2026-02-08,,20166,20166,880,Monedero
3090,56070407,Cristo Redentor,Concepcion,20068,L2,V1,2026-02-08 15:43:34,2026-02-08 16:24:22,CW→CC,2026-02-08,,20068,20068,850,Monedero
3091,56071026,Laguna Quinenco,Concepcion,20152,L2,V1,2026-02-08 08:32:51,2026-02-08 09:16:21,CW→CC,2026-02-08,,20152,20152,440,Adulto Mayor
3092,56071026,Concepcion,Laguna Quinenco,20041,L2,V1,2026-02-08 10:30:56,2026-02-08 12:11:26,CC→CW,2026-02-08,,20041,20041,440,Adulto Mayor
3093,56071137,Coronel,Concepcion,20160,L2,V1,2026-02-08 17:24:36,2026-02-08 18:27:46,CW→CC,2026-02-08,,20160,20160,0,Discapacitado
3094,56071322,Lomas Coloradas,Concepcion,20170,L2,V1,2026-02-08 20:30:44,2026-02-08 21:01:51,CW→CC,2026-02-08,,20170,20170,290,Adulto Mayor
3095,56071328,Laguna Quinenco,Concepcion,20152,L2,V1,2026-02-08 08:23:15,2026-02-08 09:16:33,CW→CC,2026-02-08,,20152,20152,0,Discapacitado
3096,56071328,Concepcion,Laguna Quinenco,20063,L2,V1,2026-02-08 14:13:43,2026-02-08 15:17:47,CC→CW,2026-02-08,,20063,20063,0,Discapacitado
3097,56071340,Huinca,Laguna Quinenco,20069,L2,V1,2026-02-08 17:12:49,2026-02-08 17:28:51,CC→CW,2026-02-08,,20069,20069,230,Adulto Mayor
3098,56071461,Cristo Redentor,Juan Pablo II,20052,L2,V1,2026-02-08 11:25:23,2026-02-08 11:56:51,CW→CC,2026-02-08,,20052,20052,340,Adulto Mayor
3099,56071461,Juan Pablo II,Cristo Redentor,20167,L2,V1,2026-02-08 19:38:17,2026-02-08 20:42:14,CC→CW,2026-02-08,,20167,20167,340,Adulto Mayor
3100,56071503,Costa Mar,Lomas Coloradas,20063,L2,V1,2026-02-08 14:23:30,2026-02-08 14:57:36,CC→CW,2026-02-08,,20063,20063,220,Adulto Mayor
3101,56071670,Laguna Quinenco,Hito Galvarino,20170,L2,V1,2026-02-08 19:49:43,2026-02-08 20:31:01,CW→CC,2026-02-08,,20170,20170,270,Adulto Mayor
3102,56071695,Manquimavida,Lzo. Arenas,20850,L1,V1,2026-02-08 09:29:52,2026-02-08 10:10:50,HQ→TH,2026-02-08,,20850,20850,260,Adulto Mayor
3103,56071703,Cristo Redentor,Costa Mar,20062,L2,V1,2026-02-08 13:16:07,2026-02-08 14:20:20,CW→CC,2026-02-08,,20062,20062,320,Adulto Mayor
3104,56071756,Concepcion,Huinca,20171,L2,V1,2026-02-08 20:48:42,2026-02-08 21:40:48,CC→CW,2026-02-08,,20171,,430,Adulto Mayor
3105,56071835,Laguna Quinenco,Los Canelos,20162,L2,V1,2026-02-08 17:50:36,2026-02-08 18:28:15,CW→CC,2026-02-08,,20162,20160,270,Adulto Mayor
3106,56071876,Los Canelos,Diagonal Bio Bio,20156,L2,V1,2026-02-08 08:48:23,2026-02-08 09:51:47,CW→CC,2026-02-08,,20156,20152,330,Adulto Mayor
3107,56071876,Diagonal Bio Bio,Los Canelos,20163,L2,V1,2026-02-08 18:53:13,2026-02-08 19:36:21,CC→CW,2026-02-08,,20163,20163,330,Adulto Mayor
3108,56071919,Costa Mar,Laguna Quinenco,20153,L2,V1,2026-02-08 09:27:36,2026-02-08 09:59:26,CC→CW,2026-02-08,,20153,20153,330,Adulto Mayor
3109,56071919,Laguna Quinenco,Costa Mar,20170,L2,V1,2026-02-08 20:19:24,2026-02-08 20:45:40,CW→CC,2026-02-08,,20170,20170,330,Adulto Mayor
3110,56074514,Cdal. Raul Silva Henriquez,Los Canelos,20041,L2,V1,2026-02-08 10:53:49,2026-02-08 11:02:58,CC→CW,2026-02-08,,20041,20041,0,Discapacitado
3111,56074552,Alborada,Laguna Quinenco,20035,L2,V1,2026-02-08 10:07:45,2026-02-08 10:45:21,CC→CW,2026-02-08,,20035,,0,Discapacitado
3112,56074552,Laguna Quinenco,Alborada,20068,L2,V1,2026-02-08 15:00:00,2026-02-08 16:10:57,CW→CC,2026-02-08,,20068,20068,0,Discapacitado
3113,56074552,El Parque,Alborada,20160,L2,V1,2026-02-08 18:05:29,2026-02-08 18:15:00,CW→CC,2026-02-08,,20160,20160,0,Discapacitado
3114,56074572,Cristo Redentor,Costa Mar,20160,L2,V1,2026-02-08 17:45:50,2026-02-08 18:12:33,CW→CC,2026-02-08,,20160,20160,0,Discapacitado
3115,56074595,Coronel,El Parque,20050,L2,V1,2026-02-08 10:25:29,2026-02-08 11:23:32,CW→CC,2026-02-08,,20050,20050,0,Discapacitado
3116,56074595,El Parque,Laguna Quinenco,20059,L2,V1,2026-02-08 13:12:17,2026-02-08 14:01:11,CC→CW,2026-02-08,,20059,20059,0,Discapacitado
3117,56074595,Laguna Quinenco,Coronel,20161,L2,V1,2026-02-08 18:25:02,2026-02-08 19:14:10,CC→CW,2026-02-08,,20161,20161,0,Discapacitado
3118,56074630,Los Canelos,Concepcion,20050,L2,V1,2026-02-08 10:52:50,2026-02-08 11:42:36,CW→CC,2026-02-08,,20050,20050,0,Discapacitado
3119,56074634,Concepcion,Coronel,20041,L2,V1,2026-02-08 10:24:19,2026-02-08 11:15:10,CC→CW,2026-02-08,,20041,20041,0,Discapacitado
3120,56074642,Los Canelos,Laguna Quinenco,20063,L2,V1,2026-02-08 15:08:18,2026-02-08 15:17:34,CC→CW,2026-02-08,,20063,20063,0,Discapacitado
3121,56074695,Concepcion,Cristo Redentor,20067,L2,V1,2026-02-08 14:40:33,2026-02-08 16:08:24,CC→CW,2026-02-08,,20067,20063,0,Discapacitado
3122,56074703,Cristo Redentor,Laguna Quinenco,20053,L2,V1,2026-02-08 12:41:49,2026-02-08 12:51:13,CC→CW,2026-02-08,,20053,20053,0,Discapacitado
3123,56074800,El Parque,Lomas Coloradas,20161,L2,V1,2026-02-08 18:42:49,2026-02-08 18:49:26,CC→CW,2026-02-08,,20161,20161,0,Otros
3124,56074847,Concepcion,Los Condores,20850,L1,V1,2026-02-08 09:16:17,2026-02-08 10:17:56,HQ→TH,2026-02-08,combo_relajado_pase2,20850,20152,440,Adulto Mayor
3125,56074854,Costa Mar,Lomas Coloradas,20035,L2,V1,2026-02-08 10:17:23,2026-02-08 10:25:04,CC→CW,2026-02-08,,20035,,220,Adulto Mayor
3126,56074854,Lomas Coloradas,Costa Mar,20066,L2,V1,2026-02-08 14:55:10,2026-02-08 15:08:40,CW→CC,2026-02-08,,20066,20062,220,Adulto Mayor
3127,56074898,Lomas Coloradas,Concepcion,20068,L2,V1,2026-02-08 15:54:23,2026-02-08 16:24:09,CW→CC,2026-02-08,,20068,20068,290,Adulto Mayor
3128,56074982,Concepcion,Laguna Quinenco,20157,L2,V1,2026-02-08 17:06:36,2026-02-08 18:10:53,CC→CW,2026-02-08,,20157,,0,Discapacitado
3129,56075046,Concepcion,Cdal. Raul Silva Henriquez,20171,L2,V1,2026-02-08 20:22:15,2026-02-08 21:30:44,CC→CW,2026-02-08,,20171,,570,Monedero
3130,56075077,Cdal. Raul Silva Henriquez,Lomas Coloradas,20156,L2,V1,2026-02-08 09:34:49,2026-02-08 09:41:29,CW→CC,2026-02-08,,20156,20156,220,Adulto Mayor
3131,56075135,Juan Pablo II,Diagonal Bio Bio,20067,L2,V1,2026-02-08 15:28:20,2026-02-08 15:40:12,CC→CW,2026-02-08,,20067,20067,0,Discapacitado
3132,56075163,Coronel,Laguna Quinenco,20068,L2,V1,2026-02-08 15:15:47,2026-02-08 15:46:06,CW→CC,2026-02-08,,20068,20068,0,Discapacitado
3133,56075173,Laguna Quinenco,Huinca,20050,L2,V1,2026-02-08 10:30:17,2026-02-08 11:04:42,CW→CC,2026-02-08,,20050,20050,230,Adulto Mayor
3134,56075173,Huinca,Laguna Quinenco,20167,L2,V1,2026-02-08 19:56:35,2026-02-08 20:44:09,CC→CW,2026-02-08,,20167,20167,230,Adulto Mayor
3135,56075209,Coronel,Concepcion,20062,L2,V1,2026-02-08 13:47:15,2026-02-08 14:34:30,CW→CC,2026-02-08,,20062,20062,440,Adulto Mayor
3136,56075222,Concepcion,Pedro Medina,20847,L1,V1,2026-02-08 20:14:39,2026-02-08 20:42:39,TH→HQ,2026-02-08,,20847,20847,0,Otros
3137,56075258,Cdal. Raul Silva Henriquez,Costa Mar,20160,L2,V1,2026-02-08 17:56:58,2026-02-08 18:12:26,CW→CC,2026-02-08,,20160,20160,0,Discapacitado
3138,56075258,Costa Mar,Los Canelos,20167,L2,V1,2026-02-08 19:42:46,2026-02-08 20:36:44,CC→CW,2026-02-08,,20167,20167,0,Discapacitado
3139,56075332,Laguna Quinenco,Los Canelos,20170,L2,V1,2026-02-08 20:09:53,2026-02-08 20:27:52,CW→CC,2026-02-08,,20170,20170,0,Otros
3140,56075345,Higueras,Chiguayante,20845,L1,V1,2026-02-08 16:04:10,2026-02-08 16:40:34,TH→HQ,2026-02-08,,20845,20845,0,Discapacitado
3141,56075345,Chiguayante,Higueras,20848,L1,V1,2026-02-08 20:38:10,2026-02-08 21:23:58,HQ→TH,2026-02-08,,20848,20848,0,Discapacitado
3142,56075366,Concepcion,Laguna Quinenco,20149,L2,V1,2026-02-08 08:00:06,2026-02-08 09:13:05,CC→CW,2026-02-08,,20149,20149,440,Adulto Mayor
3143,56075376,Lomas Coloradas,Concepcion,20156,L2,V1,2026-02-08 09:38:22,2026-02-08 10:03:52,CW→CC,2026-02-08,,20156,20156,290,Adulto Mayor
3144,56075376,Concepcion,Lomas Coloradas,20063,L2,V1,2026-02-08 13:51:42,2026-02-08 14:57:31,CC→CW,2026-02-08,,20063,20063,290,Adulto Mayor
3145,56080429,Los Canelos,Concepcion,20160,L2,V1,2026-02-08 17:25:46,2026-02-08 18:29:09,CW→CC,2026-02-08,,20160,20160,430,Adulto Mayor
3146,56080429,Concepcion,Los Canelos,20167,L2,V1,2026-02-08 19:51:59,2026-02-08 20:36:38,CC→CW,2026-02-08,,20167,20167,430,Adulto Mayor
3147,56080463,Cristo Redentor,El Parque,20052,L2,V1,2026-02-08 11:22:38,2026-02-08 11:46:19,CW→CC,2026-02-08,,20052,20052,320,Adulto Mayor
3148,56080463,El Parque,Cristo Redentor,20163,L2,V1,2026-02-08 18:53:18,2026-02-08 19:39:57,CC→CW,2026-02-08,,20163,20161,320,Adulto Mayor
3149,56080491,Laguna Quinenco,Concepcion,20044,L2,V1,2026-02-08 09:55:54,2026-02-08 10:47:56,CW→CC,2026-02-08,,20044,20044,440,Adulto Mayor
3150,56081561,Alborada,Los Canelos,20163,L2,V1,2026-02-08 19:05:49,2026-02-08 19:35:34,CC→CW,2026-02-08,,20163,20163,0,Discapacitado
3151,56081573,Hito Galvarino,Huinca,20149,L2,V1,2026-02-08 08:48:51,2026-02-08 09:06:53,CC→CW,2026-02-08,,20149,20149,230,Adulto Mayor
3152,56081615,Coronel,Concepcion,20152,L2,V1,2026-02-08 08:33:19,2026-02-08 10:02:36,CW→CC,2026-02-08,,20152,20152,440,Adulto Mayor
3153,56081647,Lomas Coloradas,Concepcion,20062,L2,V1,2026-02-08 14:03:59,2026-02-08 14:34:15,CW→CC,2026-02-08,,20062,20062,290,Adulto Mayor
3154,56081647,Concepcion,Lomas Coloradas,20157,L2,V1,2026-02-08 17:23:01,2026-02-08 17:53:50,CC→CW,2026-02-08,,20157,20157,290,Adulto Mayor
3155,56081731,Cdal. Raul Silva Henriquez,Lomas Coloradas,20050,L2,V1,2026-02-08 10:50:18,2026-02-08 11:19:39,CW→CC,2026-02-08,,20050,20050,220,Adulto Mayor
3156,56081731,Lomas Coloradas,Cdal. Raul Silva Henriquez,20051,L2,V1,2026-02-08 12:03:13,2026-02-08 12:07:48,CC→CW,2026-02-08,,20051,20051,220,Adulto Mayor
3157,56081901,Lomas Coloradas,Concepcion,20162,L2,V1,2026-02-08 18:16:25,2026-02-08 18:59:21,CW→CC,2026-02-08,,20162,20162,290,Adulto Mayor
3158,56081901,Concepcion,Coronel,20171,L2,V1,2026-02-08 20:44:47,2026-02-08 21:48:34,CC→CW,2026-02-08,,20171,,440,Adulto Mayor
3159,56081925,Lomas Coloradas,Concepcion,20156,L2,V1,2026-02-08 09:33:29,2026-02-08 10:02:16,CW→CC,2026-02-08,,20156,20156,290,Adulto Mayor
3160,56081925,Concepcion,Lomas Coloradas,20161,L2,V1,2026-02-08 17:56:41,2026-02-08 18:50:15,CC→CW,2026-02-08,,20161,20161,290,Adulto Mayor
3161,56081926,Concepcion,Cristo Redentor,20059,L2,V1,2026-02-08 12:17:38,2026-02-08 13:58:43,CC→CW,2026-02-08,combo_por_entrada,20059,20059,480,Adulto Mayor
3162,56081985,Coronel,Concepcion,20156,L2,V1,2026-02-08 09:10:42,2026-02-08 10:01:59,CW→CC,2026-02-08,,20156,20156,440,Adulto Mayor
3163,56081985,Concepcion,Coronel,20163,L2,V1,2026-02-08 18:54:35,2026-02-08 19:46:55,CC→CW,2026-02-08,,20163,20163,440,Adulto Mayor
3164,56082351,Concepcion,Los Canelos,20067,L2,V1,2026-02-08 15:18:31,2026-02-08 16:03:42,CC→CW,2026-02-08,,20067,20067,430,Adulto Mayor
3165,56082358,Laguna Quinenco,Concepcion,20056,L2,V1,2026-02-08 11:53:50,2026-02-08 13:17:19,CW→CC,2026-02-08,,20056,20056,440,Adulto Mayor
3166,56082383,Lomas Coloradas,Costa Mar,20044,L2,V1,2026-02-08 10:23:33,2026-02-08 10:33:30,CW→CC,2026-02-08,,20044,20044,220,Adulto Mayor
3167,56082383,Costa Mar,Lomas Coloradas,20049,L2,V1,2026-02-08 11:12:18,2026-02-08 11:50:16,CC→CW,2026-02-08,,20049,20049,220,Adulto Mayor
3168,56082386,Laguna Quinenco,El Parque,20062,L2,V1,2026-02-08 13:32:13,2026-02-08 14:16:50,CW→CC,2026-02-08,,20062,20062,330,Adulto Mayor
3169,56082416,Huinca,Concepcion,20166,L2,V1,2026-02-08 19:23:11,2026-02-08 19:59:25,CW→CC,2026-02-08,,20166,20166,430,Adulto Mayor
3170,56082436,Juan Pablo II,Cristo Redentor,20063,L2,V1,2026-02-08 14:14:20,2026-02-08 15:15:08,CC→CW,2026-02-08,,20063,20063,340,Adulto Mayor
3171,56082446,Concepcion,Huinca,20041,L2,V1,2026-02-08 10:13:37,2026-02-08 11:05:24,CC→CW,2026-02-08,,20041,20041,430,Adulto Mayor
3172,56082446,Huinca,Concepcion,20162,L2,V1,2026-02-08 18:24:07,2026-02-08 18:59:46,CW→CC,2026-02-08,,20162,20162,430,Adulto Mayor
3173,56083624,Concepcion,Laguna Quinenco,20063,L2,V1,2026-02-08 13:46:24,2026-02-08 15:18:01,CC→CW,2026-02-08,,20063,20063,440,Adulto Mayor
3174,58006615,Concepcion,Cristo Redentor,20157,L2,V1,2026-02-08 16:57:18,2026-02-08 18:07:28,CC→CW,2026-02-08,,20157,,430,Adulto Mayor
3175,58006883,El Parque,Laguna Quinenco,20069,L2,V1,2026-02-08 16:43:52,2026-02-08 17:27:52,CC→CW,2026-02-08,,20069,20069,650,Monedero
3176,58007084,Los Canelos,Concepcion,20050,L2,V1,2026-02-08 10:52:28,2026-02-08 11:42:07,CW→CC,2026-02-08,,20050,20050,430,Adulto Mayor
3177,58007084,Concepcion,Los Canelos,20067,L2,V1,2026-02-08 14:54:58,2026-02-08 16:04:53,CC→CW,2026-02-08,,20067,20067,430,Adulto Mayor
3178,58007085,Los Canelos,Concepcion,20050,L2,V1,2026-02-08 10:52:33,2026-02-08 11:41:48,CW→CC,2026-02-08,,20050,20050,430,Adulto Mayor
3179,58007085,Concepcion,Los Canelos,20067,L2,V1,2026-02-08 14:54:45,2026-02-08 16:04:48,CC→CW,2026-02-08,,20067,20067,430,Adulto Mayor
3180,58007185,Los Canelos,Cristo Redentor,20171,L2,V1,2026-02-08 21:34:54,2026-02-08 21:42:41,CC→CW,2026-02-08,,20171,,230,Adulto Mayor
3181,58007908,Costa Mar,Cdal. Raul Silva Henriquez,20171,L2,V1,2026-02-08 21:14:48,2026-02-08 21:30:33,CC→CW,2026-02-08,,20171,,220,Adulto Mayor
3182,58007952,Concepcion,Lomas Coloradas,20041,L2,V1,2026-02-08 10:20:52,2026-02-08 10:49:17,CC→CW,2026-02-08,,20041,20041,290,Adulto Mayor
3183,58008220,Los Canelos,Laguna Quinenco,20059,L2,V1,2026-02-08 13:31:45,2026-02-08 14:00:14,CC→CW,2026-02-08,,20059,20059,270,Adulto Mayor
3184,58008220,Laguna Quinenco,Huinca,20068,L2,V1,2026-02-08 15:31:52,2026-02-08 15:50:03,CW→CC,2026-02-08,,20068,20068,230,Adulto Mayor
3185,58008269,Concepcion,Lomas Coloradas,20059,L2,V1,2026-02-08 12:50:53,2026-02-08 13:40:12,CC→CW,2026-02-08,,20059,20059,290,Adulto Mayor
3186,58008469,Los Canelos,Lomas Coloradas,20058,L2,V1,2026-02-08 12:34:02,2026-02-08 12:55:18,CW→CC,2026-02-08,,20058,20056,310,Adulto Mayor
3187,58008533,Cdal. Raul Silva Henriquez,Laguna Quinenco,20059,L2,V1,2026-02-08 13:37:52,2026-02-08 14:00:51,CC→CW,2026-02-08,,20059,20059,330,Adulto Mayor
3188,58008533,Laguna Quinenco,Cdal. Raul Silva Henriquez,20160,L2,V1,2026-02-08 17:35:39,2026-02-08 18:05:15,CW→CC,2026-02-08,,20160,20160,330,Adulto Mayor
3189,58009524,Los Canelos,Concepcion,20166,L2,V1,2026-02-08 19:19:42,2026-02-08 20:00:06,CW→CC,2026-02-08,,20166,20166,430,Adulto Mayor
3190,58010056,Juan Pablo II,Lomas Coloradas,20149,L2,V1,2026-02-08 08:30:09,2026-02-08 08:54:10,CC→CW,2026-02-08,,20149,20149,260,Adulto Mayor
3191,58010056,Lomas Coloradas,Juan Pablo II,20166,L2,V1,2026-02-08 19:35:51,2026-02-08 19:53:00,CW→CC,2026-02-08,,20166,20162,260,Adulto Mayor
3192,58010167,Cristo Redentor,Concepcion,20040,L2,V1,2026-02-08 09:34:47,2026-02-08 10:25:57,CW→CC,2026-02-08,,20040,20040,850,Monedero
3193,58010167,Concepcion,Cristo Redentor,20167,L2,V1,2026-02-08 19:36:16,2026-02-08 20:42:09,CC→CW,2026-02-08,,20167,20167,850,Monedero
3194,58010553,Los Canelos,Cristo Redentor,20049,L2,V1,2026-02-08 11:55:16,2026-02-08 12:09:32,CC→CW,2026-02-08,,20049,20049,230,Adulto Mayor
3195,58010553,Cristo Redentor,Los Canelos,20170,L2,V1,2026-02-08 20:15:25,2026-02-08 20:28:29,CW→CC,2026-02-08,,20170,20170,230,Adulto Mayor
3196,58011205,Cristo Redentor,Concepcion,20162,L2,V1,2026-02-08 18:20:50,2026-02-08 18:58:47,CW→CC,2026-02-08,,20162,20162,430,Adulto Mayor
3197,58012015,Los Canelos,Huinca,20059,L2,V1,2026-02-08 13:51:17,2026-02-08 13:56:45,CC→CW,2026-02-08,,20059,20059,230,Adulto Mayor
3198,58012180,Laguna Quinenco,Concepcion,20062,L2,V1,2026-02-08 13:53:12,2026-02-08 14:43:23,CW→CC,2026-02-08,,20062,20062,880,Monedero
3199,58012180,Concepcion,Laguna Quinenco,20167,L2,V1,2026-02-08 19:44:04,2026-02-08 20:43:05,CC→CW,2026-02-08,,20167,20167,880,Monedero
3200,58012220,El Arenal,UTF Santa Maria,20845,L1,V1,2026-02-08 15:58:16,2026-02-08 16:16:11,TH→HQ,2026-02-08,,20845,20845,490,Monedero
3201,58012356,Costa Mar,Cdal. Raul Silva Henriquez,20153,L2,V1,2026-02-08 09:29:03,2026-02-08 09:42:37,CC→CW,2026-02-08,,20153,20153,430,Monedero
3202,58014049,Costa Mar,Concepcion,20056,L2,V1,2026-02-08 12:38:04,2026-02-08 13:05:51,CW→CC,2026-02-08,,20056,20056,570,Monedero
3203,58014049,Concepcion,Costa Mar,20167,L2,V1,2026-02-08 19:41:07,2026-02-08 20:20:06,CC→CW,2026-02-08,,20167,20167,570,Monedero
3204,58014728,Huinca,Juan Pablo II,20152,L2,V1,2026-02-08 08:40:05,2026-02-08 09:09:20,CW→CC,2026-02-08,,20152,20152,340,Adulto Mayor
3205,58015035,Concepcion,Cdal. Raul Silva Henriquez,20167,L2,V1,2026-02-08 19:55:51,2026-02-08 20:27:26,CC→CW,2026-02-08,,20167,20167,570,Monedero
3206,58015331,Los Condores,Pedro Medina,20881,L1,V1,2026-02-08 07:43:50,2026-02-08 08:21:13,TH→HQ,2026-02-08,,20881,20881,540,Monedero
3207,58015368,Juan Pablo II,Cdal. Raul Silva Henriquez,20167,L2,V1,2026-02-08 19:48:22,2026-02-08 20:26:42,CC→CW,2026-02-08,,20167,20167,0,Otros
3208,58015384,Lomas Coloradas,Costa Mar,20160,L2,V1,2026-02-08 17:48:17,2026-02-08 18:12:14,CW→CC,2026-02-08,,20160,20160,0,Otros
3209,58016259,Los Canelos,Concepcion,20068,L2,V1,2026-02-08 15:47:37,2026-02-08 16:24:42,CW→CC,2026-02-08,,20068,20068,850,Monedero
3210,58016259,Concepcion,Los Canelos,20167,L2,V1,2026-02-08 19:42:53,2026-02-08 20:37:24,CC→CW,2026-02-08,,20167,20167,850,Monedero
3211,58016687,Concepcion,El Parque,20167,L2,V1,2026-02-08 19:31:26,2026-02-08 20:20:02,CC→CW,2026-02-08,,20167,20167,290,Adulto Mayor
3212,58017157,Concepcion,Cristo Redentor,20167,L2,V1,2026-02-08 19:12:30,2026-02-08 20:40:05,CC→CW,2026-02-08,,20167,20167,430,Adulto Mayor
3213,58017214,Cdal. Raul Silva Henriquez,Laguna Quinenco,20067,L2,V1,2026-02-08 15:44:25,2026-02-08 16:10:46,CC→CW,2026-02-08,,20067,20067,330,Adulto Mayor
3214,58017214,Laguna Quinenco,Cdal. Raul Silva Henriquez,20160,L2,V1,2026-02-08 17:09:40,2026-02-08 18:05:09,CW→CC,2026-02-08,,20160,20160,330,Adulto Mayor
3215,58017311,Laguna Quinenco,Cdal. Raul Silva Henriquez,20170,L2,V1,2026-02-08 20:13:53,2026-02-08 20:36:41,CW→CC,2026-02-08,,20170,20170,330,Adulto Mayor
3216,58018177,Lomas Coloradas,Concepcion,20052,L2,V1,2026-02-08 11:38:50,2026-02-08 12:06:44,CW→CC,2026-02-08,,20052,20052,0,Otros
3217,58018297,Laguna Quinenco,Concepcion,20152,L2,V1,2026-02-08 08:33:01,2026-02-08 09:16:27,CW→CC,2026-02-08,,20152,20152,440,Adulto Mayor
3218,58018297,Concepcion,Laguna Quinenco,20049,L2,V1,2026-02-08 11:10:02,2026-02-08 12:11:27,CC→CW,2026-02-08,,20049,20049,440,Adulto Mayor
3219,58018423,Coronel,Costa Mar,20050,L2,V1,2026-02-08 10:50:53,2026-02-08 11:24:28,CW→CC,2026-02-08,,20050,20050,330,Adulto Mayor
3220,58018423,Costa Mar,Coronel,20171,L2,V1,2026-02-08 21:13:51,2026-02-08 21:48:07,CC→CW,2026-02-08,,20171,,330,Adulto Mayor
3221,58018431,Cristo Redentor,Lomas Coloradas,20062,L2,V1,2026-02-08 13:44:52,2026-02-08 14:13:20,CW→CC,2026-02-08,,20062,20062,320,Adulto Mayor
3222,58018431,Lomas Coloradas,Cristo Redentor,20167,L2,V1,2026-02-08 20:22:02,2026-02-08 20:40:52,CC→CW,2026-02-08,,20167,20167,320,Adulto Mayor
3223,58018659,Los Canelos,Lomas Coloradas,20066,L2,V1,2026-02-08 14:51:09,2026-02-08 15:04:18,CW→CC,2026-02-08,,20066,20066,310,Adulto Mayor
3224,58018853,Laguna Quinenco,Concepcion,20066,L2,V1,2026-02-08 14:38:12,2026-02-08 15:23:44,CW→CC,2026-02-08,,20066,20066,0,Otros
3225,58018853,Concepcion,Laguna Quinenco,20171,L2,V1,2026-02-08 20:44:27,2026-02-08 21:45:31,CC→CW,2026-02-08,,20171,,0,Otros
3226,58018967,Costa Mar,Laguna Quinenco,20067,L2,V1,2026-02-08 15:29:36,2026-02-08 16:11:46,CC→CW,2026-02-08,,20067,20067,0,Otros
3227,58018967,Laguna Quinenco,Costa Mar,20170,L2,V1,2026-02-08 19:33:05,2026-02-08 20:46:07,CW→CC,2026-02-08,,20170,20170,0,Otros
3228,58019168,Cdal. Raul Silva Henriquez,Lomas Coloradas,20156,L2,V1,2026-02-08 09:32:22,2026-02-08 09:41:33,CW→CC,2026-02-08,,20156,20156,220,Adulto Mayor
3229,58019322,Cristo Redentor,Los Canelos,20068,L2,V1,2026-02-08 15:41:51,2026-02-08 15:52:21,CW→CC,2026-02-08,,20068,20068,0,Otros
3230,58019323,Cristo Redentor,Los Canelos,20068,L2,V1,2026-02-08 15:41:59,2026-02-08 15:52:16,CW→CC,2026-02-08,,20068,20068,0,Otros
3231,58019832,Cristo Redentor,Concepcion,20058,L2,V1,2026-02-08 12:29:40,2026-02-08 13:15:59,CW→CC,2026-02-08,,20058,20056,850,Monedero
3232,58019832,Concepcion,Cristo Redentor,20161,L2,V1,2026-02-08 18:06:18,2026-02-08 19:09:58,CC→CW,2026-02-08,,20161,20161,850,Monedero
3233,58020458,Hualqui,Lzo. Arenas,20880,L1,V1,2026-02-08 20:55:16,2026-02-08 21:50:39,HQ→TH,2026-02-08,,20880,20880,550,Monedero
3234,58021512,Lomas Coloradas,Concepcion,20066,L2,V1,2026-02-08 14:54:47,2026-02-08 15:23:45,CW→CC,2026-02-08,,20066,20066,570,Monedero
3235,58021512,Lomas Coloradas,Concepcion,20066,L2,V1,2026-02-08 14:54:55,2026-02-08 15:23:40,CW→CC,2026-02-08,,20066,20066,570,Monedero
3236,58021512,Concepcion,Lomas Coloradas,20171,L2,V1,2026-02-08 20:45:36,2026-02-08 21:28:15,CC→CW,2026-02-08,match_por_salida_fallback,20171,20848,590,Monedero
3237,58021883,Los Canelos,Concepcion,20162,L2,V1,2026-02-08 18:26:02,2026-02-08 19:01:20,CW→CC,2026-02-08,,20162,20162,0,Otros
3238,58022411,El Parque,Coronel,20149,L2,V1,2026-02-08 08:45:27,2026-02-08 09:15:26,CC→CW,2026-02-08,,20149,20149,0,Otros
3239,58022712,Cristo Redentor,Juan Pablo II,20052,L2,V1,2026-02-08 11:09:43,2026-02-08 11:55:47,CW→CC,2026-02-08,,20052,20052,680,Monedero
3240,58023332,Concepcion,Los Canelos,20171,L2,V1,2026-02-08 20:41:34,2026-02-08 21:39:21,CC→CW,2026-02-08,,20171,,430,Adulto Mayor
3241,58023785,Laguna Quinenco,Concepcion,20062,L2,V1,2026-02-08 13:30:40,2026-02-08 14:33:56,CW→CC,2026-02-08,,20062,20062,880,Monedero
3242,58023785,Laguna Quinenco,Concepcion,20062,L2,V1,2026-02-08 13:30:47,2026-02-08 14:33:51,CW→CC,2026-02-08,,20062,20062,880,Monedero
3243,58023839,Concepcion,Coronel,20167,L2,V1,2026-02-08 19:18:00,2026-02-08 20:46:47,CC→CW,2026-02-08,,20167,20167,880,Monedero
3244,58024080,Diagonal Bio Bio,El Parque,20067,L2,V1,2026-02-08 15:26:34,2026-02-08 15:47:31,CC→CW,2026-02-08,,20067,20067,260,Adulto Mayor
3245,58024080,El Parque,Diagonal Bio Bio,20076,L2,V1,2026-02-08 16:52:24,2026-02-08 17:18:35,CW→CC,2026-02-08,,20076,20076,260,Adulto Mayor
3246,58024513,Huinca,Concepcion,20160,L2,V1,2026-02-08 17:48:27,2026-02-08 18:27:41,CW→CC,2026-02-08,,20160,20160,0,Otros
3247,58024662,Laguna Quinenco,Lomas Coloradas,20068,L2,V1,2026-02-08 15:23:38,2026-02-08 16:04:03,CW→CC,2026-02-08,,20068,20068,330,Adulto Mayor
3248,58024697,Los Canelos,El Parque,20066,L2,V1,2026-02-08 14:37:50,2026-02-08 15:06:49,CW→CC,2026-02-08,,20066,20066,310,Adulto Mayor
3249,58024697,El Parque,Los Canelos,20069,L2,V1,2026-02-08 16:44:11,2026-02-08 17:19:10,CC→CW,2026-02-08,,20069,20069,310,Adulto Mayor
3250,58025732,Los Canelos,Concepcion,20160,L2,V1,2026-02-08 17:48:58,2026-02-08 18:28:57,CW→CC,2026-02-08,,20160,20160,850,Monedero
3251,58025732,Los Canelos,Concepcion,20160,L2,V1,2026-02-08 17:50:45,2026-02-08 18:28:44,CW→CC,2026-02-08,,20160,20160,850,Monedero
3252,58027809,Concepcion,El Parque,20153,L2,V1,2026-02-08 09:10:12,2026-02-08 09:36:32,CC→CW,2026-02-08,,20153,20153,570,Monedero
3253,58027809,El Parque,Laguna Quinenco,20167,L2,V1,2026-02-08 20:03:29,2026-02-08 20:43:48,CC→CW,2026-02-08,,20167,20167,650,Monedero
3254,58029231,Cristo Redentor,Coronel,20069,L2,V1,2026-02-08 17:07:32,2026-02-08 17:30:59,CC→CW,2026-02-08,,20069,20069,450,Monedero
3255,58029231,Coronel,Cristo Redentor,20170,L2,V1,2026-02-08 20:10:33,2026-02-08 20:23:59,CW→CC,2026-02-08,,20170,20170,450,Monedero
3256,58029383,Concepcion,Coronel,20063,L2,V1,2026-02-08 14:00:07,2026-02-08 15:23:23,CC→CW,2026-02-08,,20063,20063,880,Monedero
3257,58029383,Concepcion,Coronel,20063,L2,V1,2026-02-08 14:00:13,2026-02-08 15:21:31,CC→CW,2026-02-08,,20063,20063,880,Monedero
3258,58030210,Cristo Redentor,Laguna Quinenco,20053,L2,V1,2026-02-08 12:46:14,2026-02-08 12:51:44,CC→CW,2026-02-08,,20053,20053,450,Monedero
3259,58031035,Los Canelos,Concepcion,20052,L2,V1,2026-02-08 11:26:24,2026-02-08 12:05:09,CW→CC,2026-02-08,,20052,20052,430,Adulto Mayor
3260,58031035,Concepcion,Coronel,20059,L2,V1,2026-02-08 13:11:19,2026-02-08 14:04:24,CC→CW,2026-02-08,,20059,20059,440,Adulto Mayor
3261,58031060,Laguna Quinenco,Los Canelos,20170,L2,V1,2026-02-08 19:49:28,2026-02-08 20:28:22,CW→CC,2026-02-08,,20170,20170,0,Otros
3262,58031244,Huinca,El Parque,20044,L2,V1,2026-02-08 10:03:00,2026-02-08 10:31:31,CW→CC,2026-02-08,,20044,20044,320,Adulto Mayor
3263,58031244,El Parque,Huinca,20059,L2,V1,2026-02-08 13:11:45,2026-02-08 13:55:54,CC→CW,2026-02-08,,20059,20059,320,Adulto Mayor
3264,58031441,Laguna Quinenco,Lomas Coloradas,20166,L2,V1,2026-02-08 19:03:18,2026-02-08 19:41:27,CW→CC,2026-02-08,,20166,20166,330,Adulto Mayor
3265,58031441,Laguna Quinenco,Lomas Coloradas,20166,L2,V1,2026-02-08 19:03:25,2026-02-08 19:41:32,CW→CC,2026-02-08,,20166,20166,650,Monedero
3266,58031554,Concepcion,Coronel,20163,L2,V1,2026-02-08 18:55:53,2026-02-08 19:46:14,CC→CW,2026-02-08,,20163,20163,440,Adulto Mayor
3267,58031790,Los Canelos,Concepcion,20068,L2,V1,2026-02-08 15:42:43,2026-02-08 16:26:02,CW→CC,2026-02-08,,20068,20068,0,Otros
3268,58031790,Concepcion,Los Canelos,20163,L2,V1,2026-02-08 18:46:27,2026-02-08 19:35:57,CC→CW,2026-02-08,,20163,20163,0,Otros
3269,58032077,Lomas Coloradas,Juan Pablo II,20052,L2,V1,2026-02-08 11:35:44,2026-02-08 11:56:23,CW→CC,2026-02-08,,20052,20052,260,Adulto Mayor
3270,58032077,Juan Pablo II,Lomas Coloradas,20167,L2,V1,2026-02-08 19:39:45,2026-02-08 20:23:31,CC→CW,2026-02-08,,20167,20167,260,Adulto Mayor
3271,58032119,Concepcion,Los Canelos,20171,L2,V1,2026-02-08 20:34:13,2026-02-08 21:38:43,CC→CW,2026-02-08,,20171,,430,Adulto Mayor
3272,58032139,Los Canelos,Cdal. Raul Silva Henriquez,20160,L2,V1,2026-02-08 17:46:38,2026-02-08 18:05:09,CW→CC,2026-02-08,,20160,20160,310,Adulto Mayor
3273,58032426,Los Canelos,Concepcion,20160,L2,V1,2026-02-08 17:49:17,2026-02-08 18:28:14,CW→CC,2026-02-08,,20160,20160,430,Adulto Mayor
3274,72786231,Cristo Redentor,Concepcion,20040,L2,V1,2026-02-08 09:45:46,2026-02-08 10:22:16,CW→CC,2026-02-08,,20040,20040,280,Estudiante
3275,72792317,Concepcion,Laguna Quinenco,20161,L2,V1,2026-02-08 17:58:31,2026-02-08 19:11:16,CC→CW,2026-02-08,,20161,20161,290,Estudiante
3276,83634555,Los Canelos,Concepcion,20052,L2,V1,2026-02-08 11:27:57,2026-02-08 12:02:36,CW→CC,2026-02-08,,20052,20052,280,Estudiante
3277,83639903,Hito Galvarino,El Parque,20152,L2,V1,2026-02-08 08:42:39,2026-02-08 08:59:41,CW→CC,2026-02-08,,20152,20152,200,Estudiante
3278,83639903,El Parque,Hito Galvarino,20167,L2,V1,2026-02-08 20:14:59,2026-02-08 20:32:38,CC→CW,2026-02-08,,20167,20167,200,Estudiante
3279,83949718,UTF Santa Maria,Los Condores,20846,L1,V1,2026-02-08 17:38:09,2026-02-08 17:47:41,HQ→TH,2026-02-08,,20846,20846,140,Estudiante
3280,84118014,Concepcion,Los Canelos,20163,L2,V1,2026-02-08 18:58:07,2026-02-08 19:36:24,CC→CW,2026-02-08,,20163,20163,280,Estudiante
3281,84121208,Pedro Medina,Hualqui,20859,L1,V1,2026-02-08 13:03:14,2026-02-08 13:30:12,TH→HQ,2026-02-08,,20859,20859,170,Estudiante
3282,84121412,Cristo Redentor,Cdal. Raul Silva Henriquez,20062,L2,V1,2026-02-08 13:53:01,2026-02-08 14:10:42,CW→CC,2026-02-08,,20062,20062,210,Estudiante
3283,84121412,Cdal. Raul Silva Henriquez,Cristo Redentor,20161,L2,V1,2026-02-08 18:52:32,2026-02-08 19:08:55,CC→CW,2026-02-08,,20161,20161,210,Estudiante
3284,84215548,Concepcion,Cdal. Raul Silva Henriquez,20167,L2,V1,2026-02-08 19:52:27,2026-02-08 20:26:43,CC→CW,2026-02-08,,20167,20167,190,Estudiante
3285,84224121,Los Canelos,Concepcion,20162,L2,V1,2026-02-08 18:20:34,2026-02-08 18:59:55,CW→CC,2026-02-08,,20162,20162,280,Estudiante
3286,84224438,Costa Mar,Coronel,20163,L2,V1,2026-02-08 19:10:24,2026-02-08 19:46:00,CC→CW,2026-02-08,,20163,20163,220,Estudiante
3287,84323096,Concepcion,Concepcion,,,N/A,2026-02-08 09:36:24,2026-02-08 09:37:38,,2026-02-08,no viajo,,,140,Estudiante
3288,84323096,Concepcion,Concepcion,,,N/A,2026-02-08 21:02:35,2026-02-08 21:04:41,,2026-02-08,no viajo,,,140,Estudiante
3289,84323439,Lomas Coloradas,Concepcion,20052,L2,V1,2026-02-08 11:37:48,2026-02-08 12:02:38,CW→CC,2026-02-08,,20052,20052,190,Estudiante
3290,84336599,Concepcion,Concepcion,,,N/A,2026-02-08 15:12:00,2026-02-08 15:13:41,,2026-02-08,no viajo,,,140,Estudiante
3291,84337585,Cristo Redentor,Concepcion,20056,L2,V1,2026-02-08 12:17:00,2026-02-08 13:03:40,CW→CC,2026-02-08,,20056,20056,280,Estudiante
3292,84337585,Concepcion,Laguna Quinenco,20067,L2,V1,2026-02-08 15:25:26,2026-02-08 16:12:14,CC→CW,2026-02-08,,20067,20067,290,Estudiante
3293,84337585,Laguna Quinenco,Cristo Redentor,20160,L2,V1,2026-02-08 17:37:41,2026-02-08 17:51:05,CW→CC,2026-02-08,,20160,20160,150,Estudiante
3294,84367631,Los Canelos,Lomas Coloradas,20066,L2,V1,2026-02-08 14:48:47,2026-02-08 15:03:26,CW→CC,2026-02-08,,20066,20066,200,Estudiante
3295,84372448,Laguna Quinenco,Juan Pablo II,20040,L2,V1,2026-02-08 09:27:52,2026-02-08 10:15:52,CW→CC,2026-02-08,,20040,20156,260,Estudiante
3296,84372448,Laguna Quinenco,Concepcion,20162,L2,V1,2026-02-08 18:14:19,2026-02-08 18:59:09,CW→CC,2026-02-08,,20162,20162,290,Estudiante
3297,85968438,Laguna Quinenco,Juan Pablo II,20044,L2,V1,2026-02-08 10:05:15,2026-02-08 10:40:55,CW→CC,2026-02-08,,20044,20044,260,Estudiante
3298,85968438,Concepcion,Laguna Quinenco,20163,L2,V1,2026-02-08 18:49:36,2026-02-08 19:42:59,CC→CW,2026-02-08,,20163,20163,290,Estudiante
3299,96608661,Los Canelos,Coronel,20041,L2,V1,2026-02-08 11:00:17,2026-02-08 11:14:19,CC→CW,2026-02-08,,20041,20041,180,Estudiante
3300,96689784,Concepcion,Hito Galvarino,20167,L2,V1,2026-02-08 19:44:27,2026-02-08 20:32:55,CC→CW,2026-02-08,,20167,20167,280,Estudiante
3301,222151320,Lomas Coloradas,Concepcion,20160,L2,V1,2026-02-08 18:05:01,2026-02-08 18:28:19,CW→CC,2026-02-08,,20160,20160,190,Estudiante
3302,222368391,Cdal. Raul Silva Henriquez,Concepcion,20056,L2,V1,2026-02-08 11:43:04,2026-02-08 13:04:43,CW→CC,2026-02-08,,20056,20052,190,Estudiante
3303,222389910,Los Canelos,Concepcion,20160,L2,V1,2026-02-08 17:23:34,2026-02-08 18:30:14,CW→CC,2026-02-08,,20160,20160,280,Estudiante
3304,222389910,Concepcion,Los Canelos,20171,L2,V1,2026-02-08 20:58:53,2026-02-08 21:39:12,CC→CW,2026-02-08,,20171,,280,Estudiante
3305,222390016,Los Canelos,Cristo Redentor,20153,L2,V1,2026-02-08 09:49:30,2026-02-08 09:57:09,CC→CW,2026-02-08,,20153,20153,150,Estudiante
3306,222435998,Concepcion,Cristo Redentor,20067,L2,V1,2026-02-08 15:28:06,2026-02-08 16:07:36,CC→CW,2026-02-08,,20067,20067,280,Estudiante
3307,222483644,Concepcion,Costa Mar,20053,L2,V1,2026-02-08 12:03:51,2026-02-08 12:24:46,CC→CW,2026-02-08,,20053,20053,190,Estudiante
3308,232143475,Huinca,Concepcion,20050,L2,V1,2026-02-08 10:56:03,2026-02-08 11:39:21,CW→CC,2026-02-08,,20050,20050,0,Estudiante
3309,232143475,Concepcion,Concepcion,,,N/A,2026-02-08 11:55:17,2026-02-08 11:55:49,,2026-02-08,no viajo,,,0,Estudiante
3310,232156110,Concepcion,Pedro Medina,20847,L1,V1,2026-02-08 20:24:35,2026-02-08 20:44:25,TH→HQ,2026-02-08,,20847,20847,0,Estudiante
3311,232215576,Laguna Quinenco,Cristo Redentor,20068,L2,V1,2026-02-08 15:30:01,2026-02-08 15:48:09,CW→CC,2026-02-08,,20068,20068,0,Estudiante
3312,232215576,Cristo Redentor,Los Canelos,20076,L2,V1,2026-02-08 16:36:17,2026-02-08 16:56:10,CW→CC,2026-02-08,,20076,20076,0,Estudiante
3313,232215582,Concepcion,Coronel,20059,L2,V1,2026-02-08 12:37:48,2026-02-08 15:22:23,CC→CW,2026-02-08,,20059,20059,0,Estudiante
3314,232217263,Coronel,Diagonal Bio Bio,20052,L2,V1,2026-02-08 11:16:11,2026-02-08 11:52:48,CW→CC,2026-02-08,,20052,20052,0,Estudiante
3315,232217263,Costa Mar,Coronel,20167,L2,V1,2026-02-08 20:15:09,2026-02-08 20:46:00,CC→CW,2026-02-08,,20167,20167,0,Estudiante
3316,232229985,Los Canelos,Diagonal Bio Bio,20056,L2,V1,2026-02-08 12:26:21,2026-02-08 12:51:27,CW→CC,2026-02-08,,20056,20053,0,Estudiante
3317,232229985,Diagonal Bio Bio,Los Canelos,20157,L2,V1,2026-02-08 17:25:50,2026-02-08 18:04:39,CC→CW,2026-02-08,,20157,,0,Estudiante
3318,232232522,Concepcion,Los Canelos,20059,L2,V1,2026-02-08 13:15:05,2026-02-08 13:53:51,CC→CW,2026-02-08,,20059,20059,0,Estudiante
3319,232233993,Los Canelos,Concepcion,20162,L2,V1,2026-02-08 18:02:58,2026-02-08 19:00:13,CW→CC,2026-02-08,,20162,20162,0,Estudiante
3320,232241786,Pedro Medina,Mercado,20844,L1,V1,2026-02-08 12:30:24,2026-02-08 13:18:30,HQ→TH,2026-02-08,,20844,20844,0,Estudiante
3321,232246994,Costa Mar,Lomas Coloradas,20049,L2,V1,2026-02-08 11:35:09,2026-02-08 11:50:30,CC→CW,2026-02-08,,20049,20049,0,Estudiante
3322,232246994,Lomas Coloradas,Costa Mar,20056,L2,V1,2026-02-08 12:11:46,2026-02-08 12:47:16,CW→CC,2026-02-08,,20056,20056,0,Estudiante
3323,232248385,Hito Galvarino,Concepcion,20040,L2,V1,2026-02-08 09:44:59,2026-02-08 10:23:46,CW→CC,2026-02-08,,20040,20040,0,Estudiante
3324,232254902,Costa Mar,Laguna Quinenco,20153,L2,V1,2026-02-08 09:23:59,2026-02-08 09:59:50,CC→CW,2026-02-08,,20153,20153,0,Estudiante
3325,232254902,Laguna Quinenco,Costa Mar,20166,L2,V1,2026-02-08 19:11:08,2026-02-08 19:46:05,CW→CC,2026-02-08,,20166,20166,0,Estudiante
3326,232256178,El Parque,Laguna Quinenco,20059,L2,V1,2026-02-08 13:11:59,2026-02-08 14:01:24,CC→CW,2026-02-08,,20059,20059,0,Estudiante
3327,232256178,Laguna Quinenco,Coronel,20161,L2,V1,2026-02-08 18:24:58,2026-02-08 19:14:25,CC→CW,2026-02-08,,20161,20161,0,Estudiante
3328,232256190,Laguna Quinenco,Huinca,20040,L2,V1,2026-02-08 09:39:12,2026-02-08 09:48:50,CW→CC,2026-02-08,,20040,20040,0,Estudiante
3329,232256851,Los Canelos,Alborada,20050,L2,V1,2026-02-08 10:37:02,2026-02-08 11:26:16,CW→CC,2026-02-08,,20050,20050,0,Estudiante
3330,232256851,Alborada,Los Canelos,20059,L2,V1,2026-02-08 12:46:15,2026-02-08 13:53:18,CC→CW,2026-02-08,,20059,20059,0,Estudiante
3331,232258939,Costa Mar,Cdal. Raul Silva Henriquez,20069,L2,V1,2026-02-08 16:56:01,2026-02-08 17:09:26,CC→CW,2026-02-08,,20069,20069,0,Estudiante
3332,232260754,Concepcion,Lomas Coloradas,20051,L2,V1,2026-02-08 11:41:30,2026-02-08 12:05:13,CC→CW,2026-02-08,,20051,20051,0,Estudiante
3333,232312020,Costa Mar,Concepcion,20062,L2,V1,2026-02-08 13:53:14,2026-02-08 14:34:37,CW→CC,2026-02-08,,20062,20062,0,Estudiante
3334,232312020,Concepcion,Costa Mar,20167,L2,V1,2026-02-08 19:18:22,2026-02-08 20:17:48,CC→CW,2026-02-08,,20167,20167,0,Estudiante
3335,232337709,Los Canelos,Lomas Coloradas,20052,L2,V1,2026-02-08 11:27:00,2026-02-08 11:42:55,CW→CC,2026-02-08,,20052,20052,0,Estudiante
3336,232337709,Lomas Coloradas,Los Canelos,20167,L2,V1,2026-02-08 20:20:30,2026-02-08 20:35:57,CC→CW,2026-02-08,,20167,20167,0,Estudiante
3337,232399250,Lomas Coloradas,Cristo Redentor,20059,L2,V1,2026-02-08 13:15:05,2026-02-08 13:58:47,CC→CW,2026-02-08,,20059,20059,0,Estudiante
3338,232409100,Laguna Quinenco,Alborada,20162,L2,V1,2026-02-08 18:18:04,2026-02-08 18:47:10,CW→CC,2026-02-08,,20162,20162,0,Estudiante
3339,232409682,Concepcion,Hito Galvarino,20035,L2,V1,2026-02-08 09:27:00,2026-02-08 10:34:12,CC→CW,2026-02-08,combo_por_entrada,20035,,0,Estudiante
3340,232409682,Concepcion,La Leonera,20847,L1,V1,2026-02-08 19:18:10,2026-02-08 20:48:58,TH→HQ,2026-02-08,combo_por_entrada,20847,20847,0,Estudiante
3341,232411022,Laguna Quinenco,Concepcion,20152,L2,V1,2026-02-08 08:33:40,2026-02-08 09:16:58,CW→CC,2026-02-08,,20152,20152,0,Estudiante
3342,232411116,Lomas Coloradas,Los Canelos,20167,L2,V1,2026-02-08 20:19:05,2026-02-08 20:36:34,CC→CW,2026-02-08,,20167,20167,0,Estudiante
3343,232411222,Cristo Redentor,Concepcion,20052,L2,V1,2026-02-08 11:20:17,2026-02-08 12:04:08,CW→CC,2026-02-08,,20052,20052,0,Estudiante
3344,232411222,Concepcion,Cristo Redentor,20067,L2,V1,2026-02-08 15:22:29,2026-02-08 16:08:00,CC→CW,2026-02-08,,20067,20067,0,Estudiante
3345,232412981,Huinca,Concepcion,20162,L2,V1,2026-02-08 18:11:28,2026-02-08 19:00:32,CW→CC,2026-02-08,,20162,20162,0,Estudiante
3346,232435018,Lomas Coloradas,Concepcion,20056,L2,V1,2026-02-08 12:35:45,2026-02-08 13:05:57,CW→CC,2026-02-08,,20056,20056,0,Estudiante
3347,232435018,Concepcion,Lomas Coloradas,20157,L2,V1,2026-02-08 16:54:46,2026-02-08 17:53:05,CC→CW,2026-02-08,,20157,20157,0,Estudiante
3348,232435065,Diagonal Bio Bio,Concepcion,20062,L2,V1,2026-02-08 14:15:42,2026-02-08 14:33:49,CW→CC,2026-02-08,,20062,20062,0,Estudiante
3349,232435065,Concepcion,Diagonal Bio Bio,20167,L2,V1,2026-02-08 19:52:35,2026-02-08 20:11:56,CC→CW,2026-02-08,,20167,20167,0,Estudiante
3350,232447830,Cdal. Raul Silva Henriquez,Concepcion,20166,L2,V1,2026-02-08 19:32:40,2026-02-08 19:59:31,CW→CC,2026-02-08,,20166,20166,0,Estudiante
3351,232447866,Lomas Coloradas,El Parque,20056,L2,V1,2026-02-08 12:37:56,2026-02-08 12:45:15,CW→CC,2026-02-08,,20056,20056,0,Estudiante
3352,232447866,El Parque,Lomas Coloradas,20063,L2,V1,2026-02-08 14:37:44,2026-02-08 14:57:23,CC→CW,2026-02-08,,20063,20063,0,Estudiante
3353,232447866,Lomas Coloradas,Cristo Redentor,20167,L2,V1,2026-02-08 20:19:14,2026-02-08 20:40:24,CC→CW,2026-02-08,,20167,20167,0,Estudiante
3354,232448321,Lomas Coloradas,Costa Mar,20076,L2,V1,2026-02-08 17:03:42,2026-02-08 17:13:54,CW→CC,2026-02-08,,20076,20076,0,Estudiante
3355,232454887,Cdal. Raul Silva Henriquez,Coronel,20035,L2,V1,2026-02-08 10:25:54,2026-02-08 10:47:35,CC→CW,2026-02-08,,20035,,0,Estudiante
3356,232454887,Coronel,Los Canelos,20052,L2,V1,2026-02-08 11:15:02,2026-02-08 11:30:38,CW→CC,2026-02-08,,20052,20052,0,Estudiante
3357,232454887,Los Canelos,Cdal. Raul Silva Henriquez,20056,L2,V1,2026-02-08 12:11:42,2026-02-08 12:37:59,CW→CC,2026-02-08,,20056,20056,0,Estudiante
3358,232454995,Laguna Quinenco,Concepcion,20056,L2,V1,2026-02-08 12:16:26,2026-02-08 13:04:21,CW→CC,2026-02-08,,20056,20056,0,Estudiante
3359,232455544,Hito Galvarino,Concepcion,20068,L2,V1,2026-02-08 15:51:17,2026-02-08 16:24:08,CW→CC,2026-02-08,,20068,20068,0,Estudiante
3360,232465648,Huinca,Los Canelos,20166,L2,V1,2026-02-08 19:15:18,2026-02-08 19:28:49,CW→CC,2026-02-08,,20166,20166,0,Estudiante
3361,232465648,Los Canelos,Concepcion,20170,L2,V1,2026-02-08 20:25:55,2026-02-08 21:01:41,CW→CC,2026-02-08,,20170,20170,0,Estudiante
3362,232466407,Los Canelos,Cristo Redentor,20069,L2,V1,2026-02-08 17:09:29,2026-02-08 17:23:50,CC→CW,2026-02-08,,20069,20069,0,Estudiante
3363,232480229,Laguna Quinenco,Costa Mar,20076,L2,V1,2026-02-08 16:30:44,2026-02-08 17:14:32,CW→CC,2026-02-08,,20076,20076,0,Estudiante
3364,232480248,Cdal. Raul Silva Henriquez,Laguna Quinenco,20053,L2,V1,2026-02-08 12:29:08,2026-02-08 12:51:18,CC→CW,2026-02-08,,20053,20053,0,Estudiante
3365,232480248,Laguna Quinenco,Cdal. Raul Silva Henriquez,20170,L2,V1,2026-02-08 20:14:11,2026-02-08 20:36:43,CW→CC,2026-02-08,,20170,20170,0,Estudiante
3366,232519606,Juan Pablo II,Laguna Quinenco,20149,L2,V1,2026-02-08 08:36:35,2026-02-08 09:12:24,CC→CW,2026-02-08,,20149,20149,0,Estudiante
3367,232531028,Los Condores,Hualqui,20847,L1,V1,2026-02-08 20:06:04,2026-02-08 21:02:26,TH→HQ,2026-02-08,,20847,20847,0,Estudiante
3368,232533875,Los Canelos,Juan Pablo II,20068,L2,V1,2026-02-08 15:38:02,2026-02-08 16:16:05,CW→CC,2026-02-08,,20068,20068,0,Estudiante
3369,232537289,Cdal. Raul Silva Henriquez,Concepcion,20152,L2,V1,2026-02-08 08:52:18,2026-02-08 09:16:54,CW→CC,2026-02-08,,20152,20152,0,Estudiante
3370,232537289,Concepcion,Cdal. Raul Silva Henriquez,20067,L2,V1,2026-02-08 15:30:58,2026-02-08 15:53:17,CC→CW,2026-02-08,,20067,20067,0,Estudiante
3371,232572018,Laguna Quinenco,Los Canelos,20162,L2,V1,2026-02-08 18:03:48,2026-02-08 18:28:07,CW→CC,2026-02-08,,20162,20162,0,Estudiante
3372,232572076,Laguna Quinenco,Costa Mar,20166,L2,V1,2026-02-08 19:14:44,2026-02-08 19:46:24,CW→CC,2026-02-08,,20166,20166,0,Estudiante
3373,232572184,Juan Pablo II,Cdal. Raul Silva Henriquez,20167,L2,V1,2026-02-08 20:02:47,2026-02-08 20:26:07,CC→CW,2026-02-08,,20167,20167,0,Estudiante
3374,232572496,Alborada,Costa Mar,20161,L2,V1,2026-02-08 18:21:30,2026-02-08 18:45:31,CC→CW,2026-02-08,,20161,20161,0,Estudiante
3375,232572806,Cdal. Raul Silva Henriquez,Lomas Coloradas,20156,L2,V1,2026-02-08 09:36:03,2026-02-08 09:41:23,CW→CC,2026-02-08,,20156,20156,0,Estudiante
3376,232572806,Cdal. Raul Silva Henriquez,Concepcion,20062,L2,V1,2026-02-08 14:06:59,2026-02-08 14:32:53,CW→CC,2026-02-08,,20062,20062,0,Estudiante
3377,232572806,Concepcion,Cdal. Raul Silva Henriquez,20171,L2,V1,2026-02-08 20:45:24,2026-02-08 21:29:53,CC→CW,2026-02-08,,20171,,0,Estudiante
3378,232575320,Coronel,El Parque,20152,L2,V1,2026-02-08 08:24:44,2026-02-08 08:59:01,CW→CC,2026-02-08,,20152,20152,0,Estudiante
3379,232575320,El Parque,Cristo Redentor,20167,L2,V1,2026-02-08 20:14:58,2026-02-08 20:40:18,CC→CW,2026-02-08,,20167,20167,0,Estudiante
3380,232575580,Coronel,Concepcion,20056,L2,V1,2026-02-08 12:15:55,2026-02-08 13:05:32,CW→CC,2026-02-08,,20056,20056,0,Estudiante
3381,232575580,Concepcion,Coronel,20069,L2,V1,2026-02-08 16:25:44,2026-02-08 17:32:10,CC→CW,2026-02-08,,20069,20069,0,Estudiante
3382,232575915,Huinca,Cristo Redentor,20157,L2,V1,2026-02-08 17:51:50,2026-02-08 18:09:22,CC→CW,2026-02-08,,20157,,0,Estudiante
3383,232576002,Huinca,Concepcion,20044,L2,V1,2026-02-08 09:57:29,2026-02-08 10:47:36,CW→CC,2026-02-08,,20044,20044,0,Estudiante
3384,232576002,Concepcion,Huinca,20063,L2,V1,2026-02-08 14:31:37,2026-02-08 15:11:38,CC→CW,2026-02-08,,20063,20063,0,Estudiante
3385,232576002,Huinca,Concepcion,20160,L2,V1,2026-02-08 17:47:09,2026-02-08 18:27:29,CW→CC,2026-02-08,,20160,20160,0,Estudiante
3386,232576002,Concepcion,Concepcion,,,N/A,2026-02-08 19:08:31,2026-02-08 19:11:02,,2026-02-08,no viajo,,,0,Estudiante
3387,232578761,Concepcion,Los Canelos,20157,L2,V1,2026-02-08 16:53:33,2026-02-08 18:04:24,CC→CW,2026-02-08,,20157,,0,Estudiante
3388,232578915,Laguna Quinenco,Cristo Redentor,20062,L2,V1,2026-02-08 13:37:40,2026-02-08 13:57:37,CW→CC,2026-02-08,,20062,20062,0,Estudiante
3389,232581561,Costa Mar,Cdal. Raul Silva Henriquez,20153,L2,V1,2026-02-08 09:26:56,2026-02-08 09:42:42,CC→CW,2026-02-08,,20153,20153,0,Estudiante
3390,232582131,Lomas Coloradas,Huinca,20059,L2,V1,2026-02-08 13:25:23,2026-02-08 13:55:21,CC→CW,2026-02-08,,20059,20059,0,Estudiante
3391,232583236,Concepcion,Los Canelos,20157,L2,V1,2026-02-08 16:53:29,2026-02-08 18:04:20,CC→CW,2026-02-08,,20157,,0,Estudiante
3392,232630419,Concepcion,Costa Mar,20157,L2,V1,2026-02-08 17:17:32,2026-02-08 17:48:16,CC→CW,2026-02-08,,20157,20157,0,Estudiante
3393,232631352,Coronel,Los Canelos,20162,L2,V1,2026-02-08 18:15:07,2026-02-08 18:28:04,CW→CC,2026-02-08,,20162,20162,0,Estudiante
3394,232631506,Costa Mar,Los Canelos,20051,L2,V1,2026-02-08 11:52:58,2026-02-08 12:18:27,CC→CW,2026-02-08,,20051,20051,0,Estudiante
3395,232631550,Los Canelos,Concepcion,20162,L2,V1,2026-02-08 18:19:10,2026-02-08 19:02:28,CW→CC,2026-02-08,,20162,20162,0,Estudiante
3396,232632190,UTF Santa Maria,Concepcion,20881,L1,V1,2026-02-08 07:50:13,2026-02-08 08:04:52,TH→HQ,2026-02-08,,20881,20881,0,Estudiante
3397,232646843,Los Canelos,Costa Mar,20052,L2,V1,2026-02-08 11:11:26,2026-02-08 11:48:33,CW→CC,2026-02-08,,20052,20050,0,Estudiante
3398,232648289,Laguna Quinenco,Cristo Redentor,20170,L2,V1,2026-02-08 20:14:13,2026-02-08 20:26:02,CW→CC,2026-02-08,,20170,20170,0,Estudiante
3399,232655080,Cdal. Raul Silva Henriquez,El Parque,20066,L2,V1,2026-02-08 15:00:02,2026-02-08 15:06:44,CW→CC,2026-02-08,,20066,20066,0,Estudiante
3400,232655280,Huinca,Concepcion,20066,L2,V1,2026-02-08 14:47:35,2026-02-08 15:26:38,CW→CC,2026-02-08,,20066,20066,0,Estudiante
3401,232655280,Concepcion,Huinca,20167,L2,V1,2026-02-08 19:51:29,2026-02-08 20:38:15,CC→CW,2026-02-08,,20167,20167,0,Estudiante
3402,232660902,Alborada,Laguna Quinenco,20157,L2,V1,2026-02-08 17:24:23,2026-02-08 18:10:39,CC→CW,2026-02-08,,20157,,0,Estudiante
3403,232662414,Lomas Coloradas,Juan Pablo II,20056,L2,V1,2026-02-08 12:27:55,2026-02-08 12:55:06,CW→CC,2026-02-08,,20056,20056,0,Estudiante
3404,242164225,Los Canelos,Lomas Coloradas,20058,L2,V1,2026-02-08 12:37:57,2026-02-08 12:55:13,CW→CC,2026-02-08,,20058,20058,200,Estudiante
3405,242165389,Cristo Redentor,Laguna Quinenco,20153,L2,V1,2026-02-08 09:51:10,2026-02-08 10:00:10,CC→CW,2026-02-08,,20153,20153,150,Estudiante
3406,242178021,Concepcion,Alborada,20171,L2,V1,2026-02-08 20:28:30,2026-02-08 21:21:10,CC→CW,2026-02-08,match_por_salida_fallback,20171,20171,200,Estudiante
3407,242179186,Laguna Quinenco,Hito Galvarino,20160,L2,V1,2026-02-08 17:37:41,2026-02-08 17:59:19,CW→CC,2026-02-08,,20160,20160,180,Estudiante
3408,242194510,Huinca,Concepcion,20062,L2,V1,2026-02-08 13:55:17,2026-02-08 14:34:29,CW→CC,2026-02-08,,20062,20062,280,Estudiante
3409,242194510,Concepcion,Huinca,20161,L2,V1,2026-02-08 18:22:16,2026-02-08 19:07:32,CC→CW,2026-02-08,,20161,20161,280,Estudiante
3410,242232583,Los Canelos,Cristo Redentor,20167,L2,V1,2026-02-08 20:23:09,2026-02-08 20:41:22,CC→CW,2026-02-08,,20167,20167,150,Estudiante
3411,242278911,Coronel,Los Canelos,20050,L2,V1,2026-02-08 10:49:03,2026-02-08 11:05:31,CW→CC,2026-02-08,,20050,20050,180,Estudiante
3412,242285204,Coronel,Costa Mar,20062,L2,V1,2026-02-08 13:40:08,2026-02-08 14:18:17,CW→CC,2026-02-08,,20062,20062,220,Estudiante
3413,242286266,Costa Mar,Cdal. Raul Silva Henriquez,20059,L2,V1,2026-02-08 13:27:56,2026-02-08 13:44:14,CC→CW,2026-02-08,,20059,20059,140,Estudiante
3414,242286266,Cdal. Raul Silva Henriquez,Costa Mar,20170,L2,V1,2026-02-08 20:32:27,2026-02-08 20:46:32,CW→CC,2026-02-08,,20170,20170,140,Estudiante
3415,242287438,Lomas Coloradas,Concepcion,20062,L2,V1,2026-02-08 14:09:47,2026-02-08 14:34:03,CW→CC,2026-02-08,,20062,20062,190,Estudiante
3416,242288369,Los Canelos,Cristo Redentor,20067,L2,V1,2026-02-08 15:59:18,2026-02-08 16:08:02,CC→CW,2026-02-08,,20067,20067,150,Estudiante
3417,242288369,Cristo Redentor,Los Canelos,20170,L2,V1,2026-02-08 19:47:54,2026-02-08 20:28:07,CW→CC,2026-02-08,,20170,20170,150,Estudiante
3418,242359350,Concepcion,El Parque,20063,L2,V1,2026-02-08 14:31:06,2026-02-08 14:56:16,CC→CW,2026-02-08,,20063,20063,190,Estudiante
3419,242359350,El Parque,Concepcion,20160,L2,V1,2026-02-08 17:31:16,2026-02-08 18:28:15,CW→CC,2026-02-08,,20160,20160,190,Estudiante
3420,242359350,Concepcion,Hualqui,20847,L1,V1,2026-02-08 20:11:57,2026-02-08 21:02:30,TH→HQ,2026-02-08,,20847,20847,180,Estudiante
3421,242367271,Laguna Quinenco,Concepcion,20068,L2,V1,2026-02-08 15:28:25,2026-02-08 16:24:03,CW→CC,2026-02-08,,20068,20068,290,Estudiante
3422,242367271,Concepcion,Laguna Quinenco,20161,L2,V1,2026-02-08 18:18:05,2026-02-08 19:10:17,CC→CW,2026-02-08,,20161,20161,290,Estudiante
3423,242367522,Cdal. Raul Silva Henriquez,Huinca,20163,L2,V1,2026-02-08 19:16:51,2026-02-08 19:37:56,CC→CW,2026-02-08,,20163,20163,210,Estudiante
3424,242397280,Huinca,Concepcion,20066,L2,V1,2026-02-08 14:47:35,2026-02-08 15:24:00,CW→CC,2026-02-08,,20066,20066,280,Estudiante
3425,242397280,Concepcion,Los Canelos,20167,L2,V1,2026-02-08 19:27:59,2026-02-08 20:37:26,CC→CW,2026-02-08,,20167,20167,280,Estudiante
3426,242408272,Lomas Coloradas,Los Canelos,20161,L2,V1,2026-02-08 18:48:34,2026-02-08 19:05:55,CC→CW,2026-02-08,,20161,20161,200,Estudiante
3427,242411278,Laguna Quinenco,Concepcion,20076,L2,V1,2026-02-08 16:43:50,2026-02-08 18:02:05,CW→CC,2026-02-08,combo_por_entrada,20076,20846,300,Estudiante
3428,242411278,Concepcion,Laguna Quinenco,20171,L2,V1,2026-02-08 19:29:50,2026-02-08 21:45:28,CC→CW,2026-02-08,combo_por_entrada,20171,,300,Estudiante
3429,242428032,Cristo Redentor,Concepcion,20040,L2,V1,2026-02-08 09:44:51,2026-02-08 10:22:21,CW→CC,2026-02-08,,20040,20040,280,Estudiante
3430,242443599,Lomas Coloradas,Juan Pablo II,20152,L2,V1,2026-02-08 08:44:19,2026-02-08 09:09:16,CW→CC,2026-02-08,,20152,20152,170,Estudiante
3431,242444276,Laguna Quinenco,Concepcion,20066,L2,V1,2026-02-08 14:22:59,2026-02-08 15:24:12,CW→CC,2026-02-08,,20066,20066,290,Estudiante
3432,242444276,Concepcion,Laguna Quinenco,20157,L2,V1,2026-02-08 16:48:44,2026-02-08 18:11:25,CC→CW,2026-02-08,,20157,20069,290,Estudiante
3433,242444305,Cristo Redentor,Concepcion,20068,L2,V1,2026-02-08 15:28:52,2026-02-08 16:24:21,CW→CC,2026-02-08,,20068,20068,280,Estudiante
3434,242444305,Concepcion,Cristo Redentor,20167,L2,V1,2026-02-08 19:58:11,2026-02-08 20:43:35,CC→CW,2026-02-08,,20167,20167,280,Estudiante
3435,242444357,Cdal. Raul Silva Henriquez,Concepcion,20052,L2,V1,2026-02-08 11:33:06,2026-02-08 12:03:25,CW→CC,2026-02-08,,20052,20052,190,Estudiante
3436,242444472,Costa Mar,Concepcion,20040,L2,V1,2026-02-08 09:57:51,2026-02-08 10:22:33,CW→CC,2026-02-08,,20040,20040,190,Estudiante
3437,242444472,Concepcion,Costa Mar,20063,L2,V1,2026-02-08 14:17:23,2026-02-08 14:52:15,CC→CW,2026-02-08,,20063,20063,190,Estudiante
3438,242455931,Los Canelos,Concepcion,20076,L2,V1,2026-02-08 16:52:55,2026-02-08 17:29:52,CW→CC,2026-02-08,,20076,20076,280,Estudiante
3439,242456318,Concepcion,Costa Mar,20163,L2,V1,2026-02-08 18:48:51,2026-02-08 19:17:02,CC→CW,2026-02-08,,20163,20163,190,Estudiante
3440,242456448,Diagonal Bio Bio,Concepcion,20068,L2,V1,2026-02-08 16:05:46,2026-02-08 16:23:31,CW→CC,2026-02-08,,20068,20068,190,Estudiante
3441,242456448,Concepcion,Diagonal Bio Bio,20157,L2,V1,2026-02-08 17:17:59,2026-02-08 17:43:20,CC→CW,2026-02-08,,20157,20157,190,Estudiante
3442,242459203,Lomas Coloradas,Concepcion,20052,L2,V1,2026-02-08 11:40:41,2026-02-08 12:04:20,CW→CC,2026-02-08,,20052,20052,190,Estudiante
3443,242459203,Concepcion,Higueras,20844,L1,V1,2026-02-08 12:41:45,2026-02-08 13:12:03,HQ→TH,2026-02-08,,20844,20844,170,Estudiante
3444,242459203,Concepcion,Lomas Coloradas,20069,L2,V1,2026-02-08 16:27:49,2026-02-08 17:06:13,CC→CW,2026-02-08,,20069,20069,190,Estudiante
3445,242460979,Mercado,Hualqui,20859,L1,V1,2026-02-08 12:19:19,2026-02-08 13:30:17,TH→HQ,2026-02-08,,20859,20859,190,Estudiante
3446,242461333,Cdal. Raul Silva Henriquez,El Parque,20062,L2,V1,2026-02-08 13:55:53,2026-02-08 14:16:58,CW→CC,2026-02-08,,20062,20062,140,Estudiante
3447,242461360,Concepcion,Costa Mar,20163,L2,V1,2026-02-08 18:49:06,2026-02-08 19:17:04,CC→CW,2026-02-08,,20163,20163,190,Estudiante
3448,242461538,Concepcion,Cdal. Raul Silva Henriquez,20171,L2,V1,2026-02-08 20:40:55,2026-02-08 21:30:28,CC→CW,2026-02-08,,20171,,190,Estudiante
3449,242461747,Concepcion,Hito Galvarino,20069,L2,V1,2026-02-08 16:37:50,2026-02-08 17:15:09,CC→CW,2026-02-08,,20069,20069,280,Estudiante
3450,242488457,Lomas Coloradas,Diagonal Bio Bio,20162,L2,V1,2026-02-08 18:11:03,2026-02-08 18:49:53,CW→CC,2026-02-08,,20162,20160,170,Estudiante
3451,242504110,Laguna Quinenco,Cristo Redentor,20066,L2,V1,2026-02-08 14:38:22,2026-02-08 14:48:39,CW→CC,2026-02-08,,20066,20066,150,Estudiante
3452,242504110,Los Canelos,Laguna Quinenco,20069,L2,V1,2026-02-08 17:09:55,2026-02-08 17:27:34,CC→CW,2026-02-08,,20069,20069,180,Estudiante
3453,242507762,Costa Mar,Huinca,20163,L2,V1,2026-02-08 18:58:33,2026-02-08 19:37:38,CC→CW,2026-02-08,,20163,20163,210,Estudiante
3454,242507775,Cristo Redentor,Cdal. Raul Silva Henriquez,20162,L2,V1,2026-02-08 18:18:51,2026-02-08 18:36:05,CW→CC,2026-02-08,,20162,20162,210,Estudiante
3455,242522454,Los Canelos,Cdal. Raul Silva Henriquez,20068,L2,V1,2026-02-08 15:44:53,2026-02-08 16:00:59,CW→CC,2026-02-08,,20068,20068,200,Estudiante
3456,242523146,Cdal. Raul Silva Henriquez,Lomas Coloradas,20076,L2,V1,2026-02-08 16:48:03,2026-02-08 17:08:34,CW→CC,2026-02-08,,20076,20076,140,Estudiante
3457,242541098,Laguna Quinenco,Los Canelos,20170,L2,V1,2026-02-08 20:17:47,2026-02-08 20:29:20,CW→CC,2026-02-08,,20170,20170,180,Estudiante
3458,242541111,Hito Galvarino,Concepcion,20068,L2,V1,2026-02-08 15:39:33,2026-02-08 16:26:44,CW→CC,2026-02-08,,20068,20068,280,Estudiante
3459,242541111,Concepcion,Hito Galvarino,20161,L2,V1,2026-02-08 18:28:54,2026-02-08 18:59:08,CC→CW,2026-02-08,,20161,20161,280,Estudiante
3460,242541800,Hito Galvarino,Concepcion,20068,L2,V1,2026-02-08 15:44:16,2026-02-08 16:25:25,CW→CC,2026-02-08,,20068,20068,280,Estudiante
3461,242541800,Concepcion,Hito Galvarino,20161,L2,V1,2026-02-08 18:32:19,2026-02-08 19:32:35,CC→CW,2026-02-08,,20161,20161,280,Estudiante
3462,242549709,Coronel,Cristo Redentor,20044,L2,V1,2026-02-08 09:52:56,2026-02-08 10:11:31,CW→CC,2026-02-08,,20044,20044,150,Estudiante
3463,242549936,Los Canelos,Concepcion,20068,L2,V1,2026-02-08 15:42:41,2026-02-08 16:26:06,CW→CC,2026-02-08,,20068,20068,280,Estudiante
3464,242549936,Concepcion,Los Canelos,20163,L2,V1,2026-02-08 18:46:30,2026-02-08 19:36:12,CC→CW,2026-02-08,,20163,20163,280,Estudiante
3465,242564672,Costa Mar,Cdal. Raul Silva Henriquez,20167,L2,V1,2026-02-08 20:14:09,2026-02-08 20:26:37,CC→CW,2026-02-08,,20167,20167,140,Estudiante
3466,242564956,Hito Galvarino,Concepcion,20040,L2,V1,2026-02-08 09:44:58,2026-02-08 10:23:47,CW→CC,2026-02-08,,20040,20040,280,Estudiante
3467,242572507,Laguna Quinenco,Coronel,20063,L2,V1,2026-02-08 14:08:48,2026-02-08 15:21:46,CC→CW,2026-02-08,,20063,20063,150,Estudiante
3468,242572507,Coronel,Huinca,20160,L2,V1,2026-02-08 16:59:03,2026-02-08 17:53:58,CW→CC,2026-02-08,,20160,20160,150,Estudiante
3469,242574713,Concepcion,Coronel,20167,L2,V1,2026-02-08 19:56:26,2026-02-08 20:47:11,CC→CW,2026-02-08,,20167,20167,290,Estudiante
3470,242623996,Juan Pablo II,Los Canelos,20157,L2,V1,2026-02-08 17:32:26,2026-02-08 18:03:57,CC→CW,2026-02-08,,20157,,220,Estudiante
3471,242624479,Hualqui,Pedro Medina,20880,L1,V1,2026-02-08 20:58:10,2026-02-08 21:33:09,HQ→TH,2026-02-08,,20880,20880,170,Estudiante
3472,242624647,Costa Mar,Laguna Quinenco,20069,L2,V1,2026-02-08 16:50:54,2026-02-08 17:27:07,CC→CW,2026-02-08,,20069,20069,220,Estudiante
3473,242624647,Laguna Quinenco,Los Canelos,20162,L2,V1,2026-02-08 17:54:21,2026-02-08 18:27:59,CW→CC,2026-02-08,,20162,20162,180,Estudiante
3474,242624647,Laguna Quinenco,Los Canelos,20170,L2,V1,2026-02-08 20:00:11,2026-02-08 20:28:36,CW→CC,2026-02-08,,20170,20170,180,Estudiante
3475,242625621,Lomas Coloradas,Concepcion,20156,L2,V1,2026-02-08 09:14:28,2026-02-08 10:01:25,CW→CC,2026-02-08,,20156,20156,190,Estudiante
3476,242625621,Concepcion,Lomas Coloradas,20171,L2,V1,2026-02-08 20:49:38,2026-02-08 21:27:12,CC→CW,2026-02-08,,20171,,190,Estudiante
3477,242625870,Cdal. Raul Silva Henriquez,Costa Mar,20076,L2,V1,2026-02-08 16:55:57,2026-02-08 17:14:26,CW→CC,2026-02-08,,20076,20076,140,Estudiante
3478,242626781,Concepcion,Higueras,20848,L1,V1,2026-02-08 20:34:01,2026-02-08 21:24:45,HQ→TH,2026-02-08,,20848,20848,170,Estudiante
3479,242628950,Los Canelos,Concepcion,20162,L2,V1,2026-02-08 18:22:13,2026-02-08 18:59:12,CW→CC,2026-02-08,,20162,20162,280,Estudiante
3480,242629079,Costa Mar,Los Canelos,20163,L2,V1,2026-02-08 19:05:48,2026-02-08 19:36:17,CC→CW,2026-02-08,,20163,20163,200,Estudiante
3481,242629099,Hito Galvarino,Cdal. Raul Silva Henriquez,20058,L2,V1,2026-02-08 12:42:19,2026-02-08 12:52:16,CW→CC,2026-02-08,,20058,20058,200,Estudiante
3482,242629157,Coronel,Diagonal Bio Bio,20162,L2,V1,2026-02-08 18:05:50,2026-02-08 18:49:58,CW→CC,2026-02-08,,20162,20162,260,Estudiante
3483,242629216,El Parque,Laguna Quinenco,20157,L2,V1,2026-02-08 17:46:47,2026-02-08 18:10:19,CC→CW,2026-02-08,,20157,,220,Estudiante
3484,242631511,Lomas Coloradas,Laguna Quinenco,20059,L2,V1,2026-02-08 13:29:01,2026-02-08 14:00:40,CC→CW,2026-02-08,,20059,20059,220,Estudiante
3485,242632219,Huinca,Concepcion,20052,L2,V1,2026-02-08 11:26:44,2026-02-08 12:04:23,CW→CC,2026-02-08,,20052,20052,280,Estudiante
3486,242632219,Concepcion,Huinca,20163,L2,V1,2026-02-08 18:36:00,2026-02-08 19:38:44,CC→CW,2026-02-08,,20163,20161,280,Estudiante
3487,242632240,Alborada,Los Canelos,20163,L2,V1,2026-02-08 18:49:58,2026-02-08 19:35:49,CC→CW,2026-02-08,,20163,20161,220,Estudiante
3488,242633837,Los Canelos,Hito Galvarino,20056,L2,V1,2026-02-08 12:26:44,2026-02-08 12:32:06,CW→CC,2026-02-08,,20056,20056,150,Estudiante
3489,242634403,Juan Pablo II,Lomas Coloradas,20067,L2,V1,2026-02-08 15:35:57,2026-02-08 15:50:02,CC→CW,2026-02-08,,20067,20067,170,Estudiante
3490,242634403,Lomas Coloradas,Juan Pablo II,20170,L2,V1,2026-02-08 20:38:28,2026-02-08 20:54:46,CW→CC,2026-02-08,,20170,20170,170,Estudiante
3491,242634476,Huinca,Concepcion,20062,L2,V1,2026-02-08 13:55:17,2026-02-08 14:34:04,CW→CC,2026-02-08,,20062,20062,280,Estudiante
3492,242634476,Concepcion,Huinca,20161,L2,V1,2026-02-08 18:22:19,2026-02-08 19:06:09,CC→CW,2026-02-08,,20161,20161,280,Estudiante
3493,242636942,Laguna Quinenco,Hito Galvarino,20160,L2,V1,2026-02-08 17:37:37,2026-02-08 17:59:17,CW→CC,2026-02-08,,20160,20160,180,Estudiante
3494,242637011,Lomas Coloradas,Hito Galvarino,20171,L2,V1,2026-02-08 21:19:21,2026-02-08 21:35:32,CC→CW,2026-02-08,,20171,,200,Estudiante
3495,242637165,Cristo Redentor,Lomas Coloradas,20068,L2,V1,2026-02-08 15:43:32,2026-02-08 16:05:30,CW→CC,2026-02-08,,20068,20068,210,Estudiante
3496,242637172,Los Canelos,El Parque,20068,L2,V1,2026-02-08 15:28:46,2026-02-08 16:06:29,CW→CC,2026-02-08,,20068,20068,200,Estudiante
3497,242637172,El Parque,Concepcion,20076,L2,V1,2026-02-08 16:53:47,2026-02-08 17:29:52,CW→CC,2026-02-08,,20076,20076,190,Estudiante
3498,242637172,Concepcion,Los Canelos,20167,L2,V1,2026-02-08 19:52:38,2026-02-08 20:36:18,CC→CW,2026-02-08,,20167,20167,280,Estudiante
3499,242669969,Lomas Coloradas,Juan Pablo II,20068,L2,V1,2026-02-08 15:53:39,2026-02-08 16:16:09,CW→CC,2026-02-08,,20068,20068,170,Estudiante
3500,242669969,Juan Pablo II,Lomas Coloradas,20163,L2,V1,2026-02-08 19:01:52,2026-02-08 19:24:12,CC→CW,2026-02-08,,20163,20163,170,Estudiante
3501,242670106,Cristo Redentor,Concepcion,20050,L2,V1,2026-02-08 10:54:08,2026-02-08 11:39:31,CW→CC,2026-02-08,,20050,20050,280,Estudiante
3502,242670106,Concepcion,Cristo Redentor,20067,L2,V1,2026-02-08 14:47:37,2026-02-08 16:08:24,CC→CW,2026-02-08,,20067,20067,280,Estudiante
3503,242686570,Coronel,Concepcion,20162,L2,V1,2026-02-08 18:12:20,2026-02-08 19:00:45,CW→CC,2026-02-08,,20162,20162,290,Estudiante
3504,242687072,Hito Galvarino,Laguna Quinenco,20067,L2,V1,2026-02-08 15:52:22,2026-02-08 16:12:05,CC→CW,2026-02-08,,20067,20067,180,Estudiante
3505,242687072,Laguna Quinenco,Hito Galvarino,20162,L2,V1,2026-02-08 18:09:30,2026-02-08 18:31:06,CW→CC,2026-02-08,,20162,20162,180,Estudiante
3506,242687497,Cristo Redentor,El Parque,20066,L2,V1,2026-02-08 14:26:11,2026-02-08 15:07:38,CW→CC,2026-02-08,,20066,20066,210,Estudiante
3507,242687497,El Parque,Huinca,20157,L2,V1,2026-02-08 17:46:05,2026-02-08 18:10:24,CC→CW,2026-02-08,,20157,20157,210,Estudiante
3508,242698195,El Parque,Lomas Coloradas,20067,L2,V1,2026-02-08 15:43:56,2026-02-08 15:50:48,CC→CW,2026-02-08,,20067,20067,140,Estudiante
3509,242699198,Costa Mar,Concepcion,20160,L2,V1,2026-02-08 18:10:37,2026-02-08 18:27:30,CW→CC,2026-02-08,,20160,20160,190,Estudiante
3510,242699198,Concepcion,Costa Mar,20171,L2,V1,2026-02-08 20:39:14,2026-02-08 21:22:23,CC→CW,2026-02-08,,20171,,190,Estudiante
3511,242699231,Lomas Coloradas,Diagonal Bio Bio,20052,L2,V1,2026-02-08 11:37:00,2026-02-08 11:53:06,CW→CC,2026-02-08,,20052,20052,170,Estudiante
3512,242708039,Laguna Quinenco,Concepcion,20068,L2,V1,2026-02-08 15:29:38,2026-02-08 16:26:40,CW→CC,2026-02-08,,20068,20068,290,Estudiante
3513,242708039,Concepcion,Laguna Quinenco,20161,L2,V1,2026-02-08 18:28:50,2026-02-08 19:11:13,CC→CW,2026-02-08,,20161,20161,290,Estudiante
3514,242708154,Cdal. Raul Silva Henriquez,Laguna Quinenco,20167,L2,V1,2026-02-08 20:12:49,2026-02-08 20:43:17,CC→CW,2026-02-08,,20167,20167,220,Estudiante
3515,242708201,Los Canelos,Cristo Redentor,20053,L2,V1,2026-02-08 12:42:02,2026-02-08 12:48:00,CC→CW,2026-02-08,,20053,20053,150,Estudiante
3516,242708576,Coronel,Concepcion,,,N/A,2026-02-08 14:35:10,2026-02-08 15:08:54,,2026-02-08,sin_combo_factible_en_hub|sin_s1_factible_retro,,,290,Estudiante
3517,242708576,Concepcion,Laguna Quinenco,20157,L2,V1,2026-02-08 17:06:57,2026-02-08 18:11:05,CC→CW,2026-02-08,,20157,,290,Estudiante
3518,242710971,Diagonal Bio Bio,El Parque,20059,L2,V1,2026-02-08 13:19:14,2026-02-08 13:38:06,CC→CW,2026-02-08,,20059,20059,170,Estudiante
3519,242710971,Costa Mar,Diagonal Bio Bio,20066,L2,V1,2026-02-08 14:50:29,2026-02-08 15:13:09,CW→CC,2026-02-08,,20066,20063,170,Estudiante
3520,242710983,Cristo Redentor,Concepcion,20056,L2,V1,2026-02-08 12:15:55,2026-02-08 13:05:58,CW→CC,2026-02-08,,20056,20056,280,Estudiante
3521,242710983,Concepcion,Cristo Redentor,20167,L2,V1,2026-02-08 19:55:44,2026-02-08 20:41:15,CC→CW,2026-02-08,,20167,20167,280,Estudiante
3522,242712586,Cdal. Raul Silva Henriquez,Lomas Coloradas,20050,L2,V1,2026-02-08 11:13:42,2026-02-08 11:19:36,CW→CC,2026-02-08,,20050,20050,140,Estudiante
3523,242716607,Concepcion,Los Canelos,20161,L2,V1,2026-02-08 17:57:31,2026-02-08 19:03:00,CC→CW,2026-02-08,,20161,20161,280,Estudiante
3524,242717121,Laguna Quinenco,Lomas Coloradas,20166,L2,V1,2026-02-08 19:09:34,2026-02-08 19:41:36,CW→CC,2026-02-08,,20166,20166,220,Estudiante
3525,242719210,Concepcion,Cristo Redentor,20153,L2,V1,2026-02-08 08:40:42,2026-02-08 09:57:30,CC→CW,2026-02-08,,20153,20153,280,Estudiante
3526,242719210,Concepcion,Cristo Redentor,20171,L2,V1,2026-02-08 20:08:37,2026-02-08 21:42:55,CC→CW,2026-02-08,combo_por_entrada,20171,,290,Estudiante
3527,242724148,Los Canelos,Concepcion,20152,L2,V1,2026-02-08 08:34:28,2026-02-08 09:16:45,CW→CC,2026-02-08,,20152,20152,280,Estudiante
3528,242724148,Concepcion,Los Canelos,20161,L2,V1,2026-02-08 18:18:16,2026-02-08 19:03:28,CC→CW,2026-02-08,,20161,20161,280,Estudiante
3529,242727678,Costa Mar,Concepcion,20156,L2,V1,2026-02-08 09:42:25,2026-02-08 10:02:13,CW→CC,2026-02-08,,20156,20156,190,Estudiante
3530,242727678,Concepcion,Costa Mar,20041,L2,V1,2026-02-08 10:09:22,2026-02-08 10:45:05,CC→CW,2026-02-08,,20041,20035,190,Estudiante
3531,252019243,Cdal. Raul Silva Henriquez,Diagonal Bio Bio,20156,L2,V1,2026-02-08 09:35:29,2026-02-08 09:51:14,CW→CC,2026-02-08,,20156,20156,170,Estudiante
3532,252036544,Coronel,Lomas Coloradas,20170,L2,V1,2026-02-08 20:11:20,2026-02-08 20:41:21,CW→CC,2026-02-08,,20170,20170,220,Estudiante
3533,252045339,Los Condores,Pedro Medina,20859,L1,V1,2026-02-08 12:40:11,2026-02-08 13:14:02,TH→HQ,2026-02-08,,20859,20859,180,Estudiante
3534,252046498,Coronel,Diagonal Bio Bio,20058,L2,V1,2026-02-08 12:21:36,2026-02-08 13:05:31,CW→CC,2026-02-08,,20058,20056,260,Estudiante
3535,252046498,Diagonal Bio Bio,Coronel,20167,L2,V1,2026-02-08 20:06:00,2026-02-08 20:46:35,CC→CW,2026-02-08,,20167,20167,260,Estudiante
3536,252065250,Cristo Redentor,Juan Pablo II,20044,L2,V1,2026-02-08 10:07:51,2026-02-08 10:40:58,CW→CC,2026-02-08,,20044,20044,230,Estudiante
3537,252065250,Juan Pablo II,Los Canelos,20171,L2,V1,2026-02-08 20:47:10,2026-02-08 21:38:21,CC→CW,2026-02-08,,20171,20166,220,Estudiante
3538,252069442,Concepcion,Laguna Quinenco,20069,L2,V1,2026-02-08 16:26:01,2026-02-08 17:27:46,CC→CW,2026-02-08,,20069,20069,290,Estudiante
3539,252077101,Concepcion,Costa Mar,20053,L2,V1,2026-02-08 12:01:50,2026-02-08 12:24:51,CC→CW,2026-02-08,,20053,20053,190,Estudiante
3540,252081594,Juan Pablo II,Costa Mar,20167,L2,V1,2026-02-08 19:58:11,2026-02-08 20:17:28,CC→CW,2026-02-08,,20167,20167,170,Estudiante
3541,252082135,Los Canelos,Concepcion,20076,L2,V1,2026-02-08 16:52:12,2026-02-08 17:29:55,CW→CC,2026-02-08,,20076,20076,280,Estudiante
3542,252092005,Lomas Coloradas,El Parque,20152,L2,V1,2026-02-08 08:45:17,2026-02-08 08:59:12,CW→CC,2026-02-08,,20152,20152,140,Estudiante
3543,252092005,El Parque,Lomas Coloradas,20167,L2,V1,2026-02-08 20:07:37,2026-02-08 20:23:39,CC→CW,2026-02-08,,20167,20167,140,Estudiante
3544,252092476,Concepcion,El Parque,20157,L2,V1,2026-02-08 17:21:29,2026-02-08 17:50:37,CC→CW,2026-02-08,,20157,20157,190,Estudiante
3545,252096320,Coronel,Concepcion,20056,,V2,2026-02-08 12:06:46,2026-02-08 12:53:13,,2026-02-08,sin_combo_factible_en_hub|sin_s1_factible_retro,,20056,290,Estudiante
3546,252097263,Los Canelos,Hito Galvarino,20052,L2,V1,2026-02-08 11:25:57,2026-02-08 11:35:57,CW→CC,2026-02-08,,20052,20052,150,Estudiante
3547,252099795,Huinca,Concepcion,20066,L2,V1,2026-02-08 14:40:22,2026-02-08 15:23:46,CW→CC,2026-02-08,,20066,20066,280,Estudiante
3548,252099795,Concepcion,Laguna Quinenco,20171,L2,V1,2026-02-08 20:44:26,2026-02-08 21:45:26,CC→CW,2026-02-08,,20171,,290,Estudiante
3549,252100552,Juan Pablo II,Concepcion,20166,L2,V1,2026-02-08 19:41:38,2026-02-08 20:00:20,CW→CC,2026-02-08,,20166,20166,190,Estudiante
3550,252101624,UTF Santa Maria,Hualqui,20845,L1,V1,2026-02-08 16:10:51,2026-02-08 17:01:04,TH→HQ,2026-02-08,,20845,20845,190,Estudiante
3551,252102580,Costa Mar,Coronel,20049,L2,V1,2026-02-08 11:43:28,2026-02-08 12:13:53,CC→CW,2026-02-08,,20049,20049,220,Estudiante
3552,252103931,Cdal. Raul Silva Henriquez,Concepcion,20040,L2,V1,2026-02-08 09:55:43,2026-02-08 10:22:10,CW→CC,2026-02-08,,20040,20040,190,Estudiante
3553,252103931,Concepcion,Cdal. Raul Silva Henriquez,20053,L2,V1,2026-02-08 11:59:48,2026-02-08 12:33:37,CC→CW,2026-02-08,,20053,20053,190,Estudiante
3554,252109561,Coronel,Concepcion,20040,L2,V1,2026-02-08 09:30:39,2026-02-08 10:23:17,CW→CC,2026-02-08,,20040,20040,290,Estudiante
3555,252110675,Los Canelos,Lomas Coloradas,20160,L2,V1,2026-02-08 17:51:29,2026-02-08 18:06:49,CW→CC,2026-02-08,,20160,20160,200,Estudiante
3556,252111925,Hito Galvarino,Costa Mar,20058,L2,V1,2026-02-08 12:43:00,2026-02-08 13:00:52,CW→CC,2026-02-08,,20058,20058,200,Estudiante
3557,252111927,Cdal. Raul Silva Henriquez,Concepcion,20058,L2,V1,2026-02-08 12:45:11,2026-02-08 13:15:52,CW→CC,2026-02-08,,20058,20058,190,Estudiante
3558,252111927,Concepcion,Cdal. Raul Silva Henriquez,20163,L2,V1,2026-02-08 18:42:22,2026-02-08 19:25:45,CC→CW,2026-02-08,,20163,20163,190,Estudiante
3559,252114234,Los Canelos,Juan Pablo II,20066,L2,V1,2026-02-08 14:39:45,2026-02-08 15:16:25,CW→CC,2026-02-08,,20066,20063,220,Estudiante
3560,252114234,Juan Pablo II,Los Canelos,20163,L2,V1,2026-02-08 18:53:12,2026-02-08 19:36:12,CC→CW,2026-02-08,,20163,20163,220,Estudiante
3561,252115148,Cdal. Raul Silva Henriquez,Concepcion,20040,L2,V1,2026-02-08 09:57:35,2026-02-08 10:22:17,CW→CC,2026-02-08,,20040,20040,190,Estudiante
3562,252115148,Concepcion,Cdal. Raul Silva Henriquez,20157,L2,V1,2026-02-08 17:26:25,2026-02-08 17:55:10,CC→CW,2026-02-08,,20157,,190,Estudiante
3563,252123795,Laguna Quinenco,Concepcion,20058,L2,V1,2026-02-08 12:31:33,2026-02-08 13:15:00,CW→CC,2026-02-08,,20058,20058,290,Estudiante
3564,252123795,Concepcion,Laguna Quinenco,20067,L2,V1,2026-02-08 15:12:40,2026-02-08 16:10:48,CC→CW,2026-02-08,,20067,20067,290,Estudiante
3565,252123994,El Parque,Costa Mar,20170,L2,V1,2026-02-08 20:29:29,2026-02-08 20:46:27,CW→CC,2026-02-08,,20170,20170,140,Estudiante
3566,252125001,Concepcion,Cdal. Raul Silva Henriquez,20161,L2,V1,2026-02-08 18:29:35,2026-02-08 18:53:24,CC→CW,2026-02-08,,20161,20161,190,Estudiante
3567,252125193,Lomas Coloradas,Concepcion,20160,L2,V1,2026-02-08 18:05:01,2026-02-08 18:28:19,CW→CC,2026-02-08,,20160,20160,190,Estudiante
3568,252125573,Huinca,Alborada,20058,L2,V1,2026-02-08 12:35:50,2026-02-08 13:02:40,CW→CC,2026-02-08,,20058,20058,230,Estudiante
3569,252125657,Costa Mar,El Parque,20053,L2,V1,2026-02-08 12:23:08,2026-02-08 12:27:45,CC→CW,2026-02-08,,20053,20053,140,Estudiante
3570,252125676,Laguna Quinenco,Concepcion,20062,L2,V1,2026-02-08 13:44:33,2026-02-08 14:32:50,CW→CC,2026-02-08,,20062,20062,290,Estudiante
3571,252125973,Costa Mar,Lomas Coloradas,20167,L2,V1,2026-02-08 20:01:58,2026-02-08 20:23:59,CC→CW,2026-02-08,,20167,20167,140,Estudiante
3572,252125973,Lomas Coloradas,Costa Mar,20170,L2,V1,2026-02-08 20:37:51,2026-02-08 20:45:39,CW→CC,2026-02-08,,20170,20170,140,Estudiante
3573,252126905,Cdal. Raul Silva Henriquez,Concepcion,20152,L2,V1,2026-02-08 08:39:33,2026-02-08 09:16:55,CW→CC,2026-02-08,,20152,20152,190,Estudiante
3574,252127845,Diagonal Bio Bio,Coronel,20059,L2,V1,2026-02-08 13:07:10,2026-02-08 14:05:10,CC→CW,2026-02-08,,20059,20059,260,Estudiante
3575,252147896,Concepcion,Cristo Redentor,20153,L2,V1,2026-02-08 09:13:55,2026-02-08 09:57:11,CC→CW,2026-02-08,,20153,20153,280,Estudiante
3576,252147896,Cristo Redentor,Costa Mar,20052,L2,V1,2026-02-08 11:21:00,2026-02-08 11:48:39,CW→CC,2026-02-08,,20052,20052,210,Estudiante
3577,252147896,Costa Mar,Cristo Redentor,20171,L2,V1,2026-02-08 21:17:52,2026-02-08 21:42:10,CC→CW,2026-02-08,,20171,,210,Estudiante
3578,252147906,Concepcion,Cristo Redentor,20153,L2,V1,2026-02-08 09:13:55,2026-02-08 09:57:06,CC→CW,2026-02-08,,20153,20153,280,Estudiante
3579,252148333,Los Canelos,Concepcion,20152,L2,V1,2026-02-08 08:39:30,2026-02-08 09:16:07,CW→CC,2026-02-08,,20152,20152,280,Estudiante
3580,252148333,Concepcion,Los Canelos,20157,L2,V1,2026-02-08 17:25:24,2026-02-08 18:04:28,CC→CW,2026-02-08,,20157,,280,Estudiante
3581,252148643,Concepcion,Coronel,20161,L2,V1,2026-02-08 18:12:30,2026-02-08 19:13:44,CC→CW,2026-02-08,,20161,20161,290,Estudiante
3582,252148678,Concepcion,Huinca,20167,L2,V1,2026-02-08 19:08:29,2026-02-08 20:38:54,CC→CW,2026-02-08,,20167,20163,280,Estudiante
3583,252149387,Concepcion,El Parque,20035,L2,V1,2026-02-08 09:49:10,2026-02-08 10:23:07,CC→CW,2026-02-08,,20035,20035,190,Estudiante
3584,252149387,El Parque,Concepcion,20170,L2,V1,2026-02-08 20:40:19,2026-02-08 21:02:38,CW→CC,2026-02-08,,20170,20170,190,Estudiante
3585,252149826,Chiguayante,Concepcion,20850,L1,V1,2026-02-08 09:44:47,2026-02-08 10:06:24,HQ→TH,2026-02-08,,20850,20850,170,Estudiante
3586,252150225,Concepcion,Laguna Quinenco,20049,L2,V1,2026-02-08 11:24:14,2026-02-08 12:11:17,CC→CW,2026-02-08,,20049,20049,290,Estudiante
3587,252150225,Laguna Quinenco,Concepcion,20166,L2,V1,2026-02-08 19:13:20,2026-02-08 19:59:50,CW→CC,2026-02-08,,20166,20166,290,Estudiante
3588,252151193,Concepcion,Coronel,20161,L2,V1,2026-02-08 18:25:36,2026-02-08 19:13:17,CC→CW,2026-02-08,,20161,20161,290,Estudiante
3589,252151416,Coronel,Juan Pablo II,20056,L2,V1,2026-02-08 12:13:31,2026-02-08 12:54:05,CW→CC,2026-02-08,,20056,20052,260,Estudiante
3590,252151947,Concepcion,Coronel,20167,L2,V1,2026-02-08 19:54:05,2026-02-08 20:46:16,CC→CW,2026-02-08,,20167,20167,290,Estudiante
3591,252152271,Concepcion,Cristo Redentor,20063,L2,V1,2026-02-08 13:29:25,2026-02-08 15:16:00,CC→CW,2026-02-08,,20063,20063,280,Estudiante
3592,252152271,Cristo Redentor,Concepcion,20160,L2,V1,2026-02-08 17:47:35,2026-02-08 18:28:15,CW→CC,2026-02-08,,20160,20160,280,Estudiante
3593,252163905,Coronel,Cristo Redentor,20162,L2,V1,2026-02-08 18:05:39,2026-02-08 18:23:37,CW→CC,2026-02-08,,20162,20162,150,Estudiante
3594,252164312,Concepcion,Coronel,20063,L2,V1,2026-02-08 14:20:25,2026-02-08 15:21:16,CC→CW,2026-02-08,,20063,20063,290,Estudiante
3595,252164312,Coronel,Concepcion,20170,L2,V1,2026-02-08 20:02:17,2026-02-08 21:01:31,CW→CC,2026-02-08,,20170,20170,290,Estudiante
3596,252164560,El Parque,Concepcion,20062,L2,V1,2026-02-08 14:07:19,2026-02-08 14:34:30,CW→CC,2026-02-08,,20062,20062,190,Estudiante
3597,252169729,Coronel,Concepcion,20068,L2,V1,2026-02-08 15:34:27,2026-02-08 16:25:34,CW→CC,2026-02-08,,20068,20068,290,Estudiante
3598,252169967,Concepcion,Lomas Coloradas,20067,L2,V1,2026-02-08 15:17:38,2026-02-08 15:49:59,CC→CW,2026-02-08,,20067,,190,Estudiante
3599,252170380,Concepcion,Cdal. Raul Silva Henriquez,20149,L2,V1,2026-02-08 07:50:41,2026-02-08 08:54:54,CC→CW,2026-02-08,combo_por_entrada,20149,20149,200,Estudiante
3600,252170763,Laguna Quinenco,El Parque,20040,L2,V1,2026-02-08 09:35:17,2026-02-08 10:06:05,CW→CC,2026-02-08,,20040,20040,220,Estudiante
3601,252170763,El Parque,Laguna Quinenco,20167,L2,V1,2026-02-08 20:18:30,2026-02-08 20:43:18,CC→CW,2026-02-08,,20167,20167,220,Estudiante
3602,252178791,Cdal. Raul Silva Henriquez,Concepcion,20152,L2,V1,2026-02-08 08:40:56,2026-02-08 09:16:52,CW→CC,2026-02-08,,20152,20152,190,Estudiante
3603,252192602,Laguna Quinenco,Diagonal Bio Bio,20068,L2,V1,2026-02-08 15:41:08,2026-02-08 16:13:43,CW→CC,2026-02-08,,20068,20068,260,Estudiante
3604,252198663,Lomas Coloradas,Los Canelos,20161,L2,V1,2026-02-08 18:41:01,2026-02-08 19:03:05,CC→CW,2026-02-08,,20161,20161,200,Estudiante
3605,252200265,Laguna Quinenco,Diagonal Bio Bio,20058,L2,V1,2026-02-08 12:32:27,2026-02-08 13:05:43,CW→CC,2026-02-08,,20058,20058,260,Estudiante
3606,252200265,Diagonal Bio Bio,Laguna Quinenco,20167,L2,V1,2026-02-08 20:05:40,2026-02-08 20:44:27,CC→CW,2026-02-08,,20167,20167,260,Estudiante
3607,252207630,Huinca,Concepcion,20156,L2,V1,2026-02-08 09:21:41,2026-02-08 10:01:34,CW→CC,2026-02-08,,20156,20156,280,Estudiante
3608,252220474,Laguna Quinenco,Los Canelos,20056,L2,V1,2026-02-08 12:08:26,2026-02-08 12:29:20,CW→CC,2026-02-08,,20056,20056,180,Estudiante
3609,252223158,Lomas Coloradas,Concepcion,20062,L2,V1,2026-02-08 14:09:40,2026-02-08 14:34:25,CW→CC,2026-02-08,,20062,20062,190,Estudiante
3610,252223158,Concepcion,Lomas Coloradas,20167,L2,V1,2026-02-08 19:44:16,2026-02-08 20:23:40,CC→CW,2026-02-08,,20167,20167,190,Estudiante
3611,252223158,Concepcion,Coronel,20171,L2,V1,2026-02-08 21:23:36,2026-02-08 21:47:48,CC→CW,2026-02-08,combo_relajado_pase2,20171,,220,Estudiante
3612,252224560,Concepcion,Cristo Redentor,20171,L2,V1,2026-02-08 20:21:33,2026-02-08 21:42:20,CC→CW,2026-02-08,,20171,,280,Estudiante
3613,252227979,Concepcion,Los Canelos,20049,L2,V1,2026-02-08 11:00:35,2026-02-08 12:03:51,CC→CW,2026-02-08,,20049,20049,280,Estudiante
3614,252228008,Coronel,Concepcion,20062,L2,V1,2026-02-08 13:45:15,2026-02-08 14:34:28,CW→CC,2026-02-08,,20062,20062,290,Estudiante
3615,252228008,Concepcion,Coronel,20167,L2,V1,2026-02-08 19:44:15,2026-02-08 20:46:56,CC→CW,2026-02-08,,20167,20167,290,Estudiante
3616,252229394,Chiguayante,Concepcion,20846,L1,V1,2026-02-08 17:20:11,2026-02-08 17:35:52,HQ→TH,2026-02-08,,20846,20846,170,Estudiante
3617,252234085,Cdal. Raul Silva Henriquez,Costa Mar,20058,L2,V1,2026-02-08 12:51:14,2026-02-08 13:01:01,CW→CC,2026-02-08,,20058,20058,140,Estudiante
3618,252234105,Los Canelos,Diagonal Bio Bio,20076,L2,V1,2026-02-08 16:51:31,2026-02-08 17:19:32,CW→CC,2026-02-08,,20076,20076,220,Estudiante
3619,252235293,Concepcion,Huinca,20067,L2,V1,2026-02-08 15:16:22,2026-02-08 16:05:18,CC→CW,2026-02-08,,20067,20067,280,Estudiante
3620,252235797,Cdal. Raul Silva Henriquez,Diagonal Bio Bio,20062,L2,V1,2026-02-08 14:05:27,2026-02-08 14:23:56,CW→CC,2026-02-08,,20062,20062,170,Estudiante
3621,252249618,Huinca,Coronel,20163,L2,V1,2026-02-08 19:36:18,2026-02-08 19:45:47,CC→CW,2026-02-08,,20163,20163,150,Estudiante
3622,252249712,Concepcion,Coronel,20063,L2,V1,2026-02-08 14:27:40,2026-02-08 15:21:23,CC→CW,2026-02-08,,20063,20063,290,Estudiante
3623,252249984,Cristo Redentor,Concepcion,20062,L2,V1,2026-02-08 13:53:43,2026-02-08 14:33:35,CW→CC,2026-02-08,,20062,20062,280,Estudiante
3624,252250168,Los Canelos,Costa Mar,20068,L2,V1,2026-02-08 15:45:02,2026-02-08 16:08:29,CW→CC,2026-02-08,,20068,20068,200,Estudiante
3625,252250777,Cdal. Raul Silva Henriquez,Concepcion,20050,L2,V1,2026-02-08 11:15:27,2026-02-08 11:38:33,CW→CC,2026-02-08,,20050,20050,190,Estudiante
3626,252264600,Los Canelos,Concepcion,20152,L2,V1,2026-02-08 08:39:02,2026-02-08 09:16:30,CW→CC,2026-02-08,,20152,20152,280,Estudiante
3627,252264600,Concepcion,Los Canelos,20049,L2,V1,2026-02-08 11:23:22,2026-02-08 12:03:40,CC→CW,2026-02-08,,20049,20049,280,Estudiante
3628,252264652,Cdal. Raul Silva Henriquez,Concepcion,20056,L2,V1,2026-02-08 12:33:13,2026-02-08 13:05:21,CW→CC,2026-02-08,,20056,20056,190,Estudiante
3629,252264652,Concepcion,Cdal. Raul Silva Henriquez,20157,L2,V1,2026-02-08 17:22:36,2026-02-08 18:36:33,CC→CW,2026-02-08,,20157,20157,190,Estudiante
3630,252264663,Concepcion,Cristo Redentor,20059,L2,V1,2026-02-08 12:53:44,2026-02-08 13:57:35,CC→CW,2026-02-08,,20059,20059,280,Estudiante
3631,252264728,Laguna Quinenco,Hito Galvarino,20076,L2,V1,2026-02-08 16:30:48,2026-02-08 16:59:15,CW→CC,2026-02-08,,20076,20076,180,Estudiante
3632,252264939,Concepcion,Cristo Redentor,20171,L2,V1,2026-02-08 20:50:41,2026-02-08 21:43:00,CC→CW,2026-02-08,,20171,,280,Estudiante
3633,252264999,Coronel,Cristo Redentor,20152,L2,V1,2026-02-08 08:24:47,2026-02-08 08:39:44,CW→CC,2026-02-08,,20152,20152,150,Estudiante
3634,252265393,Juan Pablo II,Cristo Redentor,20171,L2,V1,2026-02-08 21:08:32,2026-02-08 21:43:07,CC→CW,2026-02-08,,20171,,230,Estudiante
3635,252265496,Juan Pablo II,Los Canelos,20035,L2,V1,2026-02-08 10:12:26,2026-02-08 10:38:07,CC→CW,2026-02-08,,20035,,220,Estudiante
3636,252265496,Concepcion,Higueras,20848,L1,V1,2026-02-08 20:04:49,2026-02-08 21:24:24,HQ→TH,2026-02-08,match_por_salida_fallback,20848,20848,290,Estudiante
3637,252265656,Huinca,Diagonal Bio Bio,20044,L2,V1,2026-02-08 10:11:36,2026-02-08 10:38:16,CW→CC,2026-02-08,,20044,20044,230,Estudiante
3638,252265656,Diagonal Bio Bio,Huinca,20063,L2,V1,2026-02-08 14:37:03,2026-02-08 15:12:31,CC→CW,2026-02-08,,20063,20063,230,Estudiante
3639,252265734,Cdal. Raul Silva Henriquez,El Parque,20156,L2,V1,2026-02-08 09:35:27,2026-02-08 09:44:33,CW→CC,2026-02-08,,20156,20156,140,Estudiante
3640,252265912,Concepcion,Los Canelos,20171,L2,V1,2026-02-08 20:23:22,2026-02-08 21:39:07,CC→CW,2026-02-08,,20171,,280,Estudiante
3641,252266207,Concepcion,Cdal. Raul Silva Henriquez,20035,L2,V1,2026-02-08 09:43:08,2026-02-08 10:28:04,CC→CW,2026-02-08,combo_por_entrada,20035,,200,Estudiante
3642,252266865,Laguna Quinenco,Huinca,20170,L2,V1,2026-02-08 20:05:32,2026-02-08 20:25:39,CW→CC,2026-02-08,,20170,20170,150,Estudiante
3643,252277161,Coronel,Concepcion,20056,L2,V1,2026-02-08 12:12:27,2026-02-08 13:05:16,CW→CC,2026-02-08,,20056,20056,290,Estudiante
3644,252277161,Concepcion,Coronel,20157,L2,V1,2026-02-08 17:22:38,2026-02-08 18:15:36,CC→CW,2026-02-08,,20157,,290,Estudiante
3645,252277456,Laguna Quinenco,Costa Mar,20156,L2,V1,2026-02-08 09:18:36,2026-02-08 09:46:52,CW→CC,2026-02-08,,20156,20156,220,Estudiante
3646,252277456,Costa Mar,Laguna Quinenco,20171,L2,V1,2026-02-08 21:16:37,2026-02-08 21:45:06,CC→CW,2026-02-08,,20171,,220,Estudiante
3647,252286037,Los Canelos,Concepcion,20068,L2,V1,2026-02-08 15:40:57,2026-02-08 16:24:13,CW→CC,2026-02-08,,20068,20068,280,Estudiante
3648,252286037,Concepcion,Huinca,20157,L2,V1,2026-02-08 17:20:00,2026-02-08 18:06:00,CC→CW,2026-02-08,,20157,,280,Estudiante
3649,252286363,Los Canelos,El Parque,20152,L2,V1,2026-02-08 08:34:15,2026-02-08 08:59:07,CW→CC,2026-02-08,,20152,20152,200,Estudiante
3650,252286363,El Parque,Los Canelos,20167,L2,V1,2026-02-08 20:12:10,2026-02-08 20:36:02,CC→CW,2026-02-08,,20167,20167,200,Estudiante
3651,252287863,Chiguayante,Los Condores,20848,L1,V1,2026-02-08 20:33:05,2026-02-08 21:20:56,HQ→TH,2026-02-08,,20848,20848,180,Estudiante
3652,252298296,Concepcion,Pedro Medina,20847,L1,V1,2026-02-08 19:51:31,2026-02-08 20:42:44,TH→HQ,2026-02-08,,20847,20847,170,Estudiante
3653,252298793,Laguna Quinenco,Concepcion,20044,L2,V1,2026-02-08 10:04:36,2026-02-08 10:48:17,CW→CC,2026-02-08,,20044,20044,290,Estudiante
3654,252298793,Concepcion,Laguna Quinenco,20059,L2,V1,2026-02-08 13:14:47,2026-02-08 14:01:08,CC→CW,2026-02-08,,20059,20059,290,Estudiante
3655,252299166,Cristo Redentor,Concepcion,20156,L2,V1,2026-02-08 09:21:26,2026-02-08 10:02:03,CW→CC,2026-02-08,,20156,20156,280,Estudiante
3656,252299166,Concepcion,Coronel,20067,L2,V1,2026-02-08 15:15:01,2026-02-08 16:15:55,CC→CW,2026-02-08,,20067,20067,290,Estudiante
3657,252299201,Juan Pablo II,Laguna Quinenco,20041,L2,V1,2026-02-08 10:33:12,2026-02-08 11:10:23,CC→CW,2026-02-08,,20041,20041,260,Estudiante
3658,252308100,Cdal. Raul Silva Henriquez,Concepcion,20068,L2,V1,2026-02-08 15:51:30,2026-02-08 16:25:37,CW→CC,2026-02-08,,20068,20068,190,Estudiante
3659,252308100,Concepcion,Costa Mar,20163,L2,V1,2026-02-08 18:54:22,2026-02-08 19:17:32,CC→CW,2026-02-08,,20163,20163,190,Estudiante
3660,252323544,Cdal. Raul Silva Henriquez,Coronel,20153,L2,V1,2026-02-08 09:40:20,2026-02-08 10:03:14,CC→CW,2026-02-08,,20153,20153,220,Estudiante
3661,252323544,Coronel,Cdal. Raul Silva Henriquez,20166,L2,V1,2026-02-08 19:17:44,2026-02-08 19:38:54,CW→CC,2026-02-08,,20166,20166,220,Estudiante
3662,252323871,Los Canelos,Costa Mar,20152,L2,V1,2026-02-08 08:32:07,2026-02-08 09:02:29,CW→CC,2026-02-08,,20152,20152,200,Estudiante
3663,252327888,Cdal. Raul Silva Henriquez,Laguna Quinenco,20149,L2,V1,2026-02-08 08:49:46,2026-02-08 09:12:11,CC→CW,2026-02-08,,20149,20149,220,Estudiante
3664,252327888,Laguna Quinenco,Cdal. Raul Silva Henriquez,20170,L2,V1,2026-02-08 20:18:15,2026-02-08 20:36:18,CW→CC,2026-02-08,,20170,20170,220,Estudiante
3665,252328478,Concepcion,Concepcion,,,N/A,2026-02-08 16:57:09,2026-02-08 16:59:25,,2026-02-08,no viajo,,,140,Estudiante
3666,252328478,Concepcion,Laguna Quinenco,20163,L2,V1,2026-02-08 18:53:50,2026-02-08 19:43:12,CC→CW,2026-02-08,,20163,20163,290,Estudiante
3667,252337988,Cristo Redentor,Diagonal Bio Bio,20062,L2,V1,2026-02-08 13:32:00,2026-02-08 14:24:26,CW→CC,2026-02-08,,20062,20062,230,Estudiante
3668,252337988,Diagonal Bio Bio,Cristo Redentor,20163,L2,V1,2026-02-08 19:09:43,2026-02-08 19:40:52,CC→CW,2026-02-08,,20163,20163,230,Estudiante
3669,252338729,Coronel,Diagonal Bio Bio,20076,L2,V1,2026-02-08 16:35:52,2026-02-08 17:19:28,CW→CC,2026-02-08,,20076,20076,260,Estudiante
3670,252338729,Concepcion,Coronel,20171,L2,V1,2026-02-08 20:59:46,2026-02-08 21:47:55,CC→CW,2026-02-08,combo_relajado_pase1,20171,,260,Estudiante
3671,252340058,Cdal. Raul Silva Henriquez,Cristo Redentor,20067,L2,V1,2026-02-08 15:51:39,2026-02-08 16:08:40,CC→CW,2026-02-08,,20067,20067,210,Estudiante
3672,252341493,Los Canelos,Juan Pablo II,20066,L2,V1,2026-02-08 14:46:23,2026-02-08 15:16:20,CW→CC,2026-02-08,,20066,20063,220,Estudiante
3673,252341768,Laguna Quinenco,Concepcion,20066,L2,V1,2026-02-08 14:33:31,2026-02-08 15:24:44,CW→CC,2026-02-08,,20066,20066,290,Estudiante
3674,252341768,Concepcion,Laguna Quinenco,20167,L2,V1,2026-02-08 19:43:10,2026-02-08 20:43:06,CC→CW,2026-02-08,,20167,20167,290,Estudiante
3675,252342472,Concepcion,UTF Santa Maria,20846,L1,V1,2026-02-08 17:33:11,2026-02-08 17:43:16,HQ→TH,2026-02-08,,20846,20846,170,Estudiante
3676,252350033,Huinca,Costa Mar,20056,L2,V1,2026-02-08 12:08:06,2026-02-08 12:47:13,CW→CC,2026-02-08,,20056,20056,210,Estudiante
3677,252350098,Diagonal Bio Bio,Lomas Coloradas,20163,L2,V1,2026-02-08 19:09:47,2026-02-08 19:22:33,CC→CW,2026-02-08,,20163,20163,170,Estudiante
3678,252367080,Laguna Quinenco,Huinca,20162,L2,V1,2026-02-08 18:02:11,2026-02-08 18:25:33,CW→CC,2026-02-08,,20162,20162,150,Estudiante
3679,252367149,Costa Mar,Hito Galvarino,20161,L2,V1,2026-02-08 18:44:00,2026-02-08 18:59:05,CC→CW,2026-02-08,,20161,20161,200,Estudiante
3680,252367843,Concepcion,Lomas Coloradas,20067,L2,V1,2026-02-08 14:58:24,2026-02-08 15:50:04,CC→CW,2026-02-08,,20067,20067,190,Estudiante
3681,252368549,Cdal. Raul Silva Henriquez,El Parque,20156,L2,V1,2026-02-08 09:34:25,2026-02-08 09:44:33,CW→CC,2026-02-08,,20156,20156,140,Estudiante
3682,252368549,El Parque,Cdal. Raul Silva Henriquez,20163,L2,V1,2026-02-08 19:06:47,2026-02-08 19:25:44,CC→CW,2026-02-08,,20163,20163,140,Estudiante
3683,252368825,Diagonal Bio Bio,Hito Galvarino,20167,L2,V1,2026-02-08 20:10:02,2026-02-08 20:32:08,CC→CW,2026-02-08,,20167,20167,220,Estudiante
3684,252369141,Coronel,Concepcion,20056,L2,V1,2026-02-08 12:10:26,2026-02-08 13:07:25,CW→CC,2026-02-08,,20056,20056,290,Estudiante
3685,252369141,Concepcion,Coronel,20167,L2,V1,2026-02-08 19:49:59,2026-02-08 20:46:18,CC→CW,2026-02-08,,20167,20167,290,Estudiante
3686,252369234,Concepcion,Cristo Redentor,20063,L2,V1,2026-02-08 14:16:43,2026-02-08 15:15:31,CC→CW,2026-02-08,,20063,20063,280,Estudiante
3687,252369259,Lomas Coloradas,Cristo Redentor,20069,L2,V1,2026-02-08 17:04:11,2026-02-08 17:23:22,CC→CW,2026-02-08,,20069,20069,210,Estudiante
3688,252369259,Cristo Redentor,Lomas Coloradas,20162,L2,V1,2026-02-08 18:21:04,2026-02-08 18:40:01,CW→CC,2026-02-08,,20162,20162,210,Estudiante
3689,252369398,Concepcion,Coronel,20059,L2,V1,2026-02-08 12:47:45,2026-02-08 14:03:48,CC→CW,2026-02-08,combo_por_entrada,20059,20059,290,Estudiante
3690,252369636,Los Canelos,Laguna Quinenco,20067,L2,V1,2026-02-08 15:55:40,2026-02-08 16:11:42,CC→CW,2026-02-08,,20067,20067,180,Estudiante
3691,252369636,Laguna Quinenco,Los Canelos,20160,L2,V1,2026-02-08 17:34:58,2026-02-08 17:55:39,CW→CC,2026-02-08,,20160,20160,180,Estudiante
3692,252371398,Laguna Quinenco,Coronel,20063,L2,V1,2026-02-08 14:08:42,2026-02-08 15:21:42,CC→CW,2026-02-08,,20063,20063,150,Estudiante
3693,252371398,Coronel,Laguna Quinenco,20160,L2,V1,2026-02-08 16:58:59,2026-02-08 17:48:47,CW→CC,2026-02-08,,20160,20160,150,Estudiante
3694,252371420,El Parque,Juan Pablo II,20050,L2,V1,2026-02-08 11:14:51,2026-02-08 11:32:05,CW→CC,2026-02-08,,20050,20050,170,Estudiante
3695,252371948,Los Canelos,Lomas Coloradas,20052,L2,V1,2026-02-08 11:29:29,2026-02-08 11:43:29,CW→CC,2026-02-08,,20052,20052,200,Estudiante
3696,252372032,Cristo Redentor,Concepcion,20076,L2,V1,2026-02-08 16:47:32,2026-02-08 17:29:43,CW→CC,2026-02-08,,20076,20076,280,Estudiante
3697,252372219,Concepcion,Coronel,20059,L2,V1,2026-02-08 13:08:20,2026-02-08 14:04:14,CC→CW,2026-02-08,,20059,20059,290,Estudiante
3698,252372227,Juan Pablo II,Cristo Redentor,20171,L2,V1,2026-02-08 21:08:04,2026-02-08 21:42:59,CC→CW,2026-02-08,,20171,,230,Estudiante
3699,252372235,Coronel,Concepcion,20062,L2,V1,2026-02-08 13:41:47,2026-02-08 14:32:46,CW→CC,2026-02-08,,20062,20062,290,Estudiante
3700,252372235,Concepcion,Coronel,20171,L2,V1,2026-02-08 20:30:44,2026-02-08 21:48:44,CC→CW,2026-02-08,,20171,,290,Estudiante
3701,252372519,Concepcion,Cdal. Raul Silva Henriquez,20171,L2,V1,2026-02-08 20:41:05,2026-02-08 21:31:01,CC→CW,2026-02-08,,20171,20171,190,Estudiante
3702,252372670,Los Canelos,Concepcion,20156,L2,V1,2026-02-08 09:21:29,2026-02-08 10:01:15,CW→CC,2026-02-08,,20156,20156,280,Estudiante
3703,252372670,Concepcion,Huinca,20167,L2,V1,2026-02-08 19:55:14,2026-02-08 20:38:33,CC→CW,2026-02-08,,20167,20167,280,Estudiante
3704,252372757,Huinca,Concepcion,20062,L2,V1,2026-02-08 13:47:35,2026-02-08 14:32:25,CW→CC,2026-02-08,,20062,20062,280,Estudiante
3705,252372757,Concepcion,Huinca,20157,L2,V1,2026-02-08 17:26:20,2026-02-08 18:06:06,CC→CW,2026-02-08,,20157,,280,Estudiante
3706,252372823,Lomas Coloradas,Diagonal Bio Bio,20162,L2,V1,2026-02-08 18:37:13,2026-02-08 18:50:26,CW→CC,2026-02-08,,20162,20162,170,Estudiante
3707,252372910,Cdal. Raul Silva Henriquez,Concepcion,20050,L2,V1,2026-02-08 11:03:40,2026-02-08 11:38:44,CW→CC,2026-02-08,,20050,20050,190,Estudiante
3708,252374434,Concepcion,Cristo Redentor,20059,L2,V1,2026-02-08 12:34:51,2026-02-08 14:01:07,CC→CW,2026-02-08,combo_por_entrada,20059,20059,280,Estudiante
3709,252374442,Huinca,Costa Mar,20062,L2,V1,2026-02-08 13:12:26,2026-02-08 14:18:54,CW→CC,2026-02-08,,20062,20062,210,Estudiante
3710,252374442,Concepcion,Huinca,20167,L2,V1,2026-02-08 19:31:02,2026-02-08 20:38:45,CC→CW,2026-02-08,,20167,20167,280,Estudiante
3711,252374812,Cristo Redentor,Cdal. Raul Silva Henriquez,20066,L2,V1,2026-02-08 14:42:46,2026-02-08 15:01:18,CW→CC,2026-02-08,,20066,20066,210,Estudiante
3712,252374830,Juan Pablo II,Huinca,20053,L2,V1,2026-02-08 12:04:40,2026-02-08 12:45:42,CC→CW,2026-02-08,,20053,20053,230,Estudiante
3713,252375487,Laguna Quinenco,El Parque,20156,L2,V1,2026-02-08 09:16:10,2026-02-08 09:44:08,CW→CC,2026-02-08,,20156,20156,220,Estudiante
3714,252375487,El Parque,Laguna Quinenco,20167,L2,V1,2026-02-08 20:11:12,2026-02-08 20:43:15,CC→CW,2026-02-08,,20167,20167,220,Estudiante
3715,252375841,Concepcion,Los Canelos,20069,L2,V1,2026-02-08 16:18:07,2026-02-08 17:20:22,CC→CW,2026-02-08,,20069,20069,280,Estudiante
3716,252375910,Cristo Redentor,Los Canelos,20056,L2,V1,2026-02-08 12:17:45,2026-02-08 12:30:02,CW→CC,2026-02-08,,20056,20056,150,Estudiante
3717,252375910,Los Canelos,Cristo Redentor,20157,L2,V1,2026-02-08 18:00:43,2026-02-08 18:12:40,CC→CW,2026-02-08,,20157,20157,150,Estudiante
3718,252376906,Hito Galvarino,Laguna Quinenco,20067,L2,V1,2026-02-08 15:52:21,2026-02-08 16:12:12,CC→CW,2026-02-08,,20067,20067,180,Estudiante
3719,252376906,Laguna Quinenco,Hito Galvarino,20162,L2,V1,2026-02-08 18:09:30,2026-02-08 18:31:00,CW→CC,2026-02-08,,20162,20162,180,Estudiante
3720,252384858,Los Canelos,Diagonal Bio Bio,20066,L2,V1,2026-02-08 14:43:51,2026-02-08 15:13:43,CW→CC,2026-02-08,,20066,20063,220,Estudiante
3721,252384858,Diagonal Bio Bio,Los Canelos,20167,L2,V1,2026-02-08 20:04:41,2026-02-08 20:36:26,CC→CW,2026-02-08,,20167,20167,220,Estudiante
3722,252388632,Concepcion,Cdal. Raul Silva Henriquez,20161,L2,V1,2026-02-08 18:29:35,2026-02-08 18:53:25,CC→CW,2026-02-08,,20161,20161,190,Estudiante
3723,252389044,Concepcion,Laguna Quinenco,20067,L2,V1,2026-02-08 15:08:51,2026-02-08 16:11:28,CC→CW,2026-02-08,,20067,20067,290,Estudiante
3724,252389069,Concepcion,Cristo Redentor,20171,L2,V1,2026-02-08 20:39:51,2026-02-08 21:43:07,CC→CW,2026-02-08,,20171,,280,Estudiante
3725,252389338,Chiguayante,Los Condores,20848,L1,V1,2026-02-08 20:33:08,2026-02-08 21:20:51,HQ→TH,2026-02-08,,20848,20848,180,Estudiante
3726,252389345,Concepcion,Los Canelos,20069,L2,V1,2026-02-08 16:00:48,2026-02-08 17:19:33,CC→CW,2026-02-08,,20069,20069,280,Estudiante
3727,252390589,Costa Mar,Concepcion,20058,L2,V1,2026-02-08 12:58:09,2026-02-08 13:19:08,CW→CC,2026-02-08,,20058,20058,190,Estudiante
3728,252390589,Concepcion,El Parque,20069,L2,V1,2026-02-08 16:43:42,2026-02-08 17:04:27,CC→CW,2026-02-08,,20069,20069,190,Estudiante
3729,252390722,Lomas Coloradas,Concepcion,20056,L2,V1,2026-02-08 12:32:00,2026-02-08 13:07:24,CW→CC,2026-02-08,,20056,20056,190,Estudiante
3730,252390722,Concepcion,Lomas Coloradas,20167,L2,V1,2026-02-08 19:49:57,2026-02-08 20:22:56,CC→CW,2026-02-08,,20167,20167,190,Estudiante
3731,252391714,Huinca,Concepcion,20050,L2,V1,2026-02-08 10:52:57,2026-02-08 11:38:45,CW→CC,2026-02-08,,20050,20050,280,Estudiante
3732,252391990,Los Canelos,Lomas Coloradas,20076,L2,V1,2026-02-08 16:35:17,2026-02-08 17:13:11,CW→CC,2026-02-08,,20076,20076,200,Estudiante
3733,252392148,El Parque,Concepcion,20156,L2,V1,2026-02-08 09:25:47,2026-02-08 10:03:01,CW→CC,2026-02-08,,20156,20156,190,Estudiante
3734,252392148,Concepcion,El Parque,20171,L2,V1,2026-02-08 20:34:57,2026-02-08 21:25:21,CC→CW,2026-02-08,,20171,20171,190,Estudiante
3735,252392290,Cdal. Raul Silva Henriquez,Cristo Redentor,20035,L2,V1,2026-02-08 10:10:19,2026-02-08 10:41:14,CC→CW,2026-02-08,,20035,,210,Estudiante
3736,252404066,Laguna Quinenco,Huinca,20152,L2,V1,2026-02-08 08:27:26,2026-02-08 08:41:26,CW→CC,2026-02-08,,20152,20152,150,Estudiante
3737,252404066,Huinca,Laguna Quinenco,20049,L2,V1,2026-02-08 11:55:38,2026-02-08 12:11:13,CC→CW,2026-02-08,,20049,20049,150,Estudiante
3738,252404982,Cristo Redentor,Concepcion,20160,L2,V1,2026-02-08 17:34:39,2026-02-08 18:27:51,CW→CC,2026-02-08,,20160,20160,280,Estudiante
3739,252405290,Cdal. Raul Silva Henriquez,Concepcion,20062,L2,V1,2026-02-08 13:57:22,2026-02-08 14:33:49,CW→CC,2026-02-08,,20062,20062,190,Estudiante
3740,252405290,Concepcion,Cdal. Raul Silva Henriquez,20167,L2,V1,2026-02-08 19:40:50,2026-02-08 20:26:23,CC→CW,2026-02-08,,20167,20167,190,Estudiante
3741,252405428,Cdal. Raul Silva Henriquez,Los Canelos,20149,L2,V1,2026-02-08 08:38:35,2026-02-08 09:05:31,CC→CW,2026-02-08,,20149,20149,200,Estudiante
3742,252405701,Cristo Redentor,Los Canelos,20160,L2,V1,2026-02-08 17:47:17,2026-02-08 17:55:14,CW→CC,2026-02-08,,20160,20160,150,Estudiante
3743,252405701,Los Canelos,Cristo Redentor,20157,L2,V1,2026-02-08 17:58:52,2026-02-08 18:08:23,CC→CW,2026-02-08,,20157,,150,Estudiante
3744,252405797,Lomas Coloradas,Diagonal Bio Bio,20062,L2,V1,2026-02-08 13:42:42,2026-02-08 14:23:13,CW→CC,2026-02-08,,20062,20062,170,Estudiante
3745,252406506,Los Canelos,Cristo Redentor,20053,L2,V1,2026-02-08 12:39:06,2026-02-08 12:47:29,CC→CW,2026-02-08,,20053,20053,150,Estudiante
3746,252414501,Concepcion,Cristo Redentor,20069,L2,V1,2026-02-08 16:01:07,2026-02-08 17:23:31,CC→CW,2026-02-08,,20069,20069,280,Estudiante
3747,252414799,Huinca,Concepcion,20068,L2,V1,2026-02-08 15:21:18,2026-02-08 16:24:30,CW→CC,2026-02-08,,20068,20068,280,Estudiante
3748,252414799,Concepcion,Hito Galvarino,20171,L2,V1,2026-02-08 20:41:49,2026-02-08 21:35:38,CC→CW,2026-02-08,,20171,,280,Estudiante
3749,252414886,Cdal. Raul Silva Henriquez,Concepcion,20044,L2,V1,2026-02-08 10:21:05,2026-02-08 10:47:42,CW→CC,2026-02-08,,20044,20044,190,Estudiante
3750,252414886,Concepcion,Cdal. Raul Silva Henriquez,20163,L2,V1,2026-02-08 18:54:10,2026-02-08 19:26:07,CC→CW,2026-02-08,,20163,20163,190,Estudiante
3751,252415251,Coronel,Concepcion,20058,L2,V1,2026-02-08 12:30:11,2026-02-08 13:17:36,CW→CC,2026-02-08,,20058,20058,290,Estudiante
3752,252420127,Cristo Redentor,Concepcion,20062,L2,V1,2026-02-08 13:49:02,2026-02-08 14:32:36,CW→CC,2026-02-08,,20062,20062,280,Estudiante
3753,252420127,Concepcion,Cristo Redentor,20161,L2,V1,2026-02-08 18:17:11,2026-02-08 19:07:57,CC→CW,2026-02-08,,20161,20161,280,Estudiante
3754,252420141,Coronel,Concepcion,20062,L2,V1,2026-02-08 12:51:19,2026-02-08 14:32:40,CW→CC,2026-02-08,,20062,20062,290,Estudiante
3755,252420141,Concepcion,Coronel,20157,L2,V1,2026-02-08 17:01:33,2026-02-08 19:13:20,CC→CW,2026-02-08,,20157,20157,290,Estudiante
3756,252427210,Cristo Redentor,Juan Pablo II,20052,L2,V1,2026-02-08 11:12:43,2026-02-08 11:56:15,CW→CC,2026-02-08,,20052,20052,230,Estudiante
3757,252427210,Juan Pablo II,Cristo Redentor,20171,L2,V1,2026-02-08 21:03:40,2026-02-08 21:42:17,CC→CW,2026-02-08,,20171,,230,Estudiante
3758,252433923,Coronel,El Parque,20050,L2,V1,2026-02-08 10:21:37,2026-02-08 11:22:36,CW→CC,2026-02-08,,20050,20050,220,Estudiante
3759,252433923,El Parque,Coronel,20059,L2,V1,2026-02-08 13:23:48,2026-02-08 14:04:40,CC→CW,2026-02-08,,20059,20059,220,Estudiante
3760,252435922,Los Canelos,Concepcion,20152,L2,V1,2026-02-08 08:32:18,2026-02-08 09:16:53,CW→CC,2026-02-08,,20152,20152,280,Estudiante
3761,252436009,Concepcion,Cristo Redentor,20167,L2,V1,2026-02-08 19:57:29,2026-02-08 20:41:35,CC→CW,2026-02-08,,20167,20167,280,Estudiante
3762,252436098,Costa Mar,Los Canelos,20069,L2,V1,2026-02-08 16:57:01,2026-02-08 17:19:09,CC→CW,2026-02-08,,20069,20069,200,Estudiante
3763,252436125,Concepcion,Diagonal Bio Bio,20167,L2,V1,2026-02-08 19:58:53,2026-02-08 20:11:51,CC→CW,2026-02-08,,20167,20167,190,Estudiante
3764,252436189,Concepcion,El Parque,20051,L2,V1,2026-02-08 11:38:57,2026-02-08 12:01:34,CC→CW,2026-02-08,,20051,20051,190,Estudiante
3765,252436189,El Parque,Concepcion,20056,L2,V1,2026-02-08 12:29:31,2026-02-08 13:04:24,CW→CC,2026-02-08,,20056,20056,190,Estudiante
3766,252436360,Huinca,Costa Mar,20160,L2,V1,2026-02-08 17:49:23,2026-02-08 18:12:00,CW→CC,2026-02-08,,20160,20160,210,Estudiante
3767,252436745,Huinca,Concepcion,20052,L2,V1,2026-02-08 11:23:25,2026-02-08 12:03:36,CW→CC,2026-02-08,,20052,20052,280,Estudiante
3768,252441314,Diagonal Bio Bio,El Parque,20059,L2,V1,2026-02-08 13:21:08,2026-02-08 13:37:36,CC→CW,2026-02-08,,20059,20059,170,Estudiante
3769,252441394,Huinca,Concepcion,20068,L2,V1,2026-02-08 15:42:53,2026-02-08 16:48:33,CW→CC,2026-02-08,,20068,20068,280,Estudiante
3770,252441394,Concepcion,UTF Santa Maria,20846,L1,V1,2026-02-08 16:56:51,2026-02-08 17:43:21,HQ→TH,2026-02-08,,20846,20846,170,Estudiante
3771,252441394,Concepcion,Huinca,20161,L2,V1,2026-02-08 18:27:02,2026-02-08 19:06:18,CC→CW,2026-02-08,,20161,20161,280,Estudiante
3772,252441487,Hualqui,Concepcion,20850,L1,V1,2026-02-08 09:24:54,2026-02-08 10:07:19,HQ→TH,2026-02-08,,20850,20850,180,Estudiante
3773,252444202,Cdal. Raul Silva Henriquez,Concepcion,20162,L2,V1,2026-02-08 18:22:16,2026-02-08 18:59:45,CW→CC,2026-02-08,,20162,20162,190,Estudiante
3774,252444338,Cristo Redentor,Concepcion,20066,L2,V1,2026-02-08 14:38:11,2026-02-08 15:25:52,CW→CC,2026-02-08,,20066,20066,280,Estudiante
3775,252444338,Concepcion,Huinca,20163,L2,V1,2026-02-08 18:57:54,2026-02-08 19:39:04,CC→CW,2026-02-08,,20163,20163,280,Estudiante
3776,252447941,Concepcion,Costa Mar,20167,L2,V1,2026-02-08 19:30:57,2026-02-08 20:17:35,CC→CW,2026-02-08,,20167,20167,190,Estudiante
3777,252448207,Cristo Redentor,Concepcion,20066,L2,V1,2026-02-08 14:27:37,2026-02-08 15:24:09,CW→CC,2026-02-08,,20066,20066,280,Estudiante
3778,252448267,Huinca,Coronel,20035,L2,V1,2026-02-08 10:38:07,2026-02-08 10:46:40,CC→CW,2026-02-08,,20035,,150,Estudiante
3779,252450535,Alborada,Concepcion,20160,L2,V1,2026-02-08 18:11:35,2026-02-08 18:26:57,CW→CC,2026-02-08,,20160,20160,190,Estudiante
3780,252450547,Cristo Redentor,Concepcion,20056,L2,V1,2026-02-08 12:22:17,2026-02-08 13:04:21,CW→CC,2026-02-08,,20056,20056,280,Estudiante
3781,252450547,Concepcion,Cristo Redentor,20171,L2,V1,2026-02-08 20:09:06,2026-02-08 21:42:18,CC→CW,2026-02-08,,20171,20167,280,Estudiante
3782,252451234,Cdal. Raul Silva Henriquez,Juan Pablo II,20040,L2,V1,2026-02-08 09:57:21,2026-02-08 10:15:43,CW→CC,2026-02-08,,20040,20040,170,Estudiante
3783,252452377,Lomas Coloradas,Concepcion,20170,L2,V1,2026-02-08 20:36:50,2026-02-08 21:01:45,CW→CC,2026-02-08,,20170,20170,190,Estudiante
3784,252453292,Costa Mar,Cristo Redentor,20163,L2,V1,2026-02-08 19:11:30,2026-02-08 19:40:22,CC→CW,2026-02-08,,20163,20163,210,Estudiante
3785,252453307,Laguna Quinenco,El Parque,20050,L2,V1,2026-02-08 10:54:05,2026-02-08 11:21:51,CW→CC,2026-02-08,,20050,20050,220,Estudiante
3786,252453750,Concepcion,Alborada,20171,L2,V1,2026-02-08 20:56:15,2026-02-08 21:20:35,CC→CW,2026-02-08,,20171,,190,Estudiante
3787,252455180,Cristo Redentor,Hito Galvarino,20066,L2,V1,2026-02-08 14:42:54,2026-02-08 14:55:10,CW→CC,2026-02-08,,20066,20066,150,Estudiante
3788,252455589,Coronel,Concepcion,20160,L2,V1,2026-02-08 17:14:05,2026-02-08 18:27:07,CW→CC,2026-02-08,,20160,20160,290,Estudiante
3789,252456187,Cristo Redentor,Concepcion,20062,L2,V1,2026-02-08 13:52:02,2026-02-08 14:33:27,CW→CC,2026-02-08,,20062,20062,280,Estudiante
3790,252456323,Diagonal Bio Bio,Cdal. Raul Silva Henriquez,20157,L2,V1,2026-02-08 17:36:24,2026-02-08 17:55:17,CC→CW,2026-02-08,,20157,,170,Estudiante
3791,252456323,Lomas Coloradas,Costa Mar,20166,L2,V1,2026-02-08 19:38:17,2026-02-08 19:46:29,CW→CC,2026-02-08,,20166,20166,140,Estudiante
3792,252456323,Costa Mar,Cdal. Raul Silva Henriquez,20171,L2,V1,2026-02-08 21:16:01,2026-02-08 21:30:25,CC→CW,2026-02-08,,20171,,140,Estudiante
3793,252459698,Coronel,El Parque,20050,L2,V1,2026-02-08 10:25:34,2026-02-08 11:23:41,CW→CC,2026-02-08,,20050,20050,220,Estudiante
3794,252459698,El Parque,Laguna Quinenco,20059,L2,V1,2026-02-08 13:12:22,2026-02-08 14:01:20,CC→CW,2026-02-08,,20059,20059,220,Estudiante
3795,252459698,Laguna Quinenco,Coronel,20161,L2,V1,2026-02-08 18:25:12,2026-02-08 19:14:17,CC→CW,2026-02-08,,20161,20161,150,Estudiante
3796,252459762,Laguna Quinenco,Diagonal Bio Bio,20044,L2,V1,2026-02-08 09:54:57,2026-02-08 10:38:17,CW→CC,2026-02-08,,20044,20044,260,Estudiante
3797,252459762,Diagonal Bio Bio,Laguna Quinenco,20163,L2,V1,2026-02-08 18:54:53,2026-02-08 19:43:18,CC→CW,2026-02-08,,20163,20163,260,Estudiante
3798,252460417,Concepcion,Los Canelos,20063,L2,V1,2026-02-08 14:19:39,2026-02-08 15:10:24,CC→CW,2026-02-08,,20063,20063,280,Estudiante
3799,252460430,Laguna Quinenco,Los Canelos,20170,L2,V1,2026-02-08 20:17:47,2026-02-08 20:28:15,CW→CC,2026-02-08,,20170,20170,180,Estudiante
3800,252460456,Concepcion,Manquimavida,20847,L1,V1,2026-02-08 20:27:36,2026-02-08 20:45:38,TH→HQ,2026-02-08,,20847,20847,170,Estudiante
3801,252460523,Huinca,Concepcion,20056,L2,V1,2026-02-08 12:16:18,2026-02-08 13:04:54,CW→CC,2026-02-08,,20056,20056,280,Estudiante
3802,252460523,Concepcion,El Parque,20161,L2,V1,2026-02-08 18:30:25,2026-02-08 18:47:44,CC→CW,2026-02-08,,20161,20161,190,Estudiante
3803,252460625,Laguna Quinenco,Concepcion,20162,L2,V1,2026-02-08 18:15:48,2026-02-08 18:58:55,CW→CC,2026-02-08,,20162,20162,290,Estudiante
3804,252460665,Concepcion,Costa Mar,20059,L2,V1,2026-02-08 13:18:50,2026-02-08 13:34:26,CC→CW,2026-02-08,,20059,20059,190,Estudiante
3805,252460665,El Parque,Laguna Quinenco,20067,L2,V1,2026-02-08 15:33:48,2026-02-08 16:11:04,CC→CW,2026-02-08,,20067,20067,220,Estudiante
3806,252460665,Laguna Quinenco,El Parque,20170,L2,V1,2026-02-08 19:46:03,2026-02-08 20:44:05,CW→CC,2026-02-08,,20170,20170,220,Estudiante
3807,252460978,Huinca,Concepcion,20156,L2,V1,2026-02-08 09:22:56,2026-02-08 10:01:35,CW→CC,2026-02-08,,20156,20156,280,Estudiante
3808,252460978,Concepcion,Laguna Quinenco,20171,L2,V1,2026-02-08 20:57:15,2026-02-08 21:46:11,CC→CW,2026-02-08,,20171,,290,Estudiante
3809,252461014,Concepcion,Los Canelos,20059,L2,V1,2026-02-08 12:46:13,2026-02-08 13:53:00,CC→CW,2026-02-08,,20059,20059,280,Estudiante
3810,252461021,Los Condores,Concepcion,20859,L1,V1,2026-02-08 12:33:02,2026-02-08 12:55:34,TH→HQ,2026-02-08,,20859,20859,170,Estudiante
3811,252461084,Concepcion,Concepcion,,,N/A,2026-02-08 08:31:51,2026-02-08 08:32:21,,2026-02-08,no viajo,,,140,Estudiante
3812,252461138,Huinca,Concepcion,20068,L2,V1,2026-02-08 15:40:26,2026-02-08 16:23:50,CW→CC,2026-02-08,,20068,20068,280,Estudiante
3813,252461138,Concepcion,Huinca,20157,L2,V1,2026-02-08 17:16:26,2026-02-08 18:06:17,CC→CW,2026-02-08,,20157,,280,Estudiante
3814,252461197,Cristo Redentor,El Parque,20076,L2,V1,2026-02-08 16:49:04,2026-02-08 17:13:14,CW→CC,2026-02-08,,20076,20076,210,Estudiante
3815,252461197,El Parque,Cristo Redentor,20167,L2,V1,2026-02-08 19:50:08,2026-02-08 20:42:36,CC→CW,2026-02-08,,20167,20167,210,Estudiante
3816,252461214,Coronel,Costa Mar,20056,L2,V1,2026-02-08 12:08:56,2026-02-08 12:47:09,CW→CC,2026-02-08,,20056,20056,220,Estudiante
3817,252461428,Cristo Redentor,Diagonal Bio Bio,20162,L2,V1,2026-02-08 18:15:14,2026-02-08 18:50:00,CW→CC,2026-02-08,,20162,20162,230,Estudiante
3818,252461465,Cristo Redentor,Concepcion,20066,L2,V1,2026-02-08 14:26:42,2026-02-08 15:24:40,CW→CC,2026-02-08,,20066,20066,280,Estudiante
3819,252461465,Concepcion,Cristo Redentor,20167,L2,V1,2026-02-08 19:54:19,2026-02-08 20:41:26,CC→CW,2026-02-08,,20167,20167,280,Estudiante
3820,252461595,Cristo Redentor,Concepcion,20152,L2,V1,2026-02-08 08:37:37,2026-02-08 09:16:46,CW→CC,2026-02-08,,20152,20152,280,Estudiante
3821,252461754,Huinca,Alborada,20152,L2,V1,2026-02-08 08:39:47,2026-02-08 09:04:02,CW→CC,2026-02-08,,20152,20152,230,Estudiante
3822,252471908,Laguna Quinenco,Concepcion,20066,L2,V1,2026-02-08 14:33:35,2026-02-08 15:24:43,CW→CC,2026-02-08,,20066,20066,290,Estudiante
3823,252471908,Concepcion,Laguna Quinenco,20167,L2,V1,2026-02-08 19:43:08,2026-02-08 20:42:59,CC→CW,2026-02-08,,20167,20167,290,Estudiante
3824,252471942,Mercado,Hualqui,20845,L1,V1,2026-02-08 15:58:21,2026-02-08 17:01:27,TH→HQ,2026-02-08,,20845,20845,190,Estudiante
3825,252472102,Concepcion,Cdal. Raul Silva Henriquez,20149,L2,V1,2026-02-08 08:19:15,2026-02-08 08:55:02,CC→CW,2026-02-08,,20149,20149,190,Estudiante
3826,252472147,El Parque,Los Canelos,20069,L2,V1,2026-02-08 17:00:50,2026-02-08 17:18:41,CC→CW,2026-02-08,,20069,20069,200,Estudiante
3827,252472195,Los Canelos,Laguna Quinenco,20067,L2,V1,2026-02-08 15:57:36,2026-02-08 16:11:00,CC→CW,2026-02-08,,20067,20067,180,Estudiante
3828,252472195,Laguna Quinenco,Los Canelos,20076,L2,V1,2026-02-08 16:43:13,2026-02-08 16:55:49,CW→CC,2026-02-08,,20076,20076,180,Estudiante
3829,252472244,El Parque,Cristo Redentor,20167,L2,V1,2026-02-08 20:11:10,2026-02-08 20:41:02,CC→CW,2026-02-08,,20167,20167,210,Estudiante
3830,252472264,Los Canelos,Concepcion,20066,L2,V1,2026-02-08 14:45:03,2026-02-08 15:23:19,CW→CC,2026-02-08,,20066,20066,280,Estudiante
3831,252472268,Cdal. Raul Silva Henriquez,Hito Galvarino,20059,L2,V1,2026-02-08 13:40:37,2026-02-08 13:49:59,CC→CW,2026-02-08,,20059,20059,200,Estudiante
3832,252472268,Hito Galvarino,Cdal. Raul Silva Henriquez,20166,L2,V1,2026-02-08 19:30:00,2026-02-08 19:38:55,CW→CC,2026-02-08,,20166,20166,200,Estudiante
3833,252472332,Lomas Coloradas,Costa Mar,20066,L2,V1,2026-02-08 14:53:25,2026-02-08 15:08:37,CW→CC,2026-02-08,,20066,20063,140,Estudiante
3834,252472657,Huinca,Concepcion,20062,L2,V1,2026-02-08 13:56:00,2026-02-08 14:37:52,CW→CC,2026-02-08,,20062,20062,280,Estudiante
3835,252472657,Concepcion,Concepcion,,,N/A,2026-02-08 19:16:42,2026-02-08 19:17:11,,2026-02-08,no viajo,,,140,Estudiante
3836,252472657,Concepcion,Huinca,20171,L2,V1,2026-02-08 20:55:59,2026-02-08 21:40:34,CC→CW,2026-02-08,,20171,,280,Estudiante
3837,252472697,Diagonal Bio Bio,Costa Mar,20171,L2,V1,2026-02-08 21:08:57,2026-02-08 21:22:10,CC→CW,2026-02-08,,20171,,170,Estudiante
3838,252472872,Lomas Coloradas,Diagonal Bio Bio,20062,L2,V1,2026-02-08 14:07:24,2026-02-08 14:23:06,CW→CC,2026-02-08,,20062,20062,170,Estudiante
3839,252472872,Diagonal Bio Bio,Lomas Coloradas,20157,L2,V1,2026-02-08 17:39:53,2026-02-08 17:52:41,CC→CW,2026-02-08,,20157,,170,Estudiante
3840,252472942,Alborada,Concepcion,20152,L2,V1,2026-02-08 08:49:55,2026-02-08 09:16:58,CW→CC,2026-02-08,,20152,20152,190,Estudiante
3841,252473216,Cdal. Raul Silva Henriquez,Los Canelos,20049,L2,V1,2026-02-08 11:44:16,2026-02-08 12:04:29,CC→CW,2026-02-08,,20049,20049,200,Estudiante
3842,252473216,Los Canelos,Cdal. Raul Silva Henriquez,20166,L2,V1,2026-02-08 19:28:01,2026-02-08 19:38:42,CW→CC,2026-02-08,,20166,20166,200,Estudiante
3843,252473546,Los Canelos,Costa Mar,20160,L2,V1,2026-02-08 17:50:45,2026-02-08 18:12:26,CW→CC,2026-02-08,,20160,20160,200,Estudiante
3844,252473645,Lomas Coloradas,Concepcion,20066,L2,V1,2026-02-08 14:55:50,2026-02-08 15:24:16,CW→CC,2026-02-08,,20066,20066,190,Estudiante
3845,252473659,Chiguayante,Hualqui,20857,L1,V1,2026-02-08 08:58:55,2026-02-08 09:33:13,TH→HQ,2026-02-08,,20857,20857,170,Estudiante
3846,252473659,Hualqui,Chiguayante,20848,L1,V1,2026-02-08 20:25:45,2026-02-08 20:56:20,HQ→TH,2026-02-08,,20848,20848,170,Estudiante
3847,252474106,Lomas Coloradas,Costa Mar,20044,L2,V1,2026-02-08 10:24:14,2026-02-08 10:33:54,CW→CC,2026-02-08,,20044,20044,140,Estudiante
3848,252474191,Cristo Redentor,Diagonal Bio Bio,20058,L2,V1,2026-02-08 12:28:42,2026-02-08 13:05:40,CW→CC,2026-02-08,,20058,20056,230,Estudiante
3849,252474191,Diagonal Bio Bio,Cristo Redentor,20157,L2,V1,2026-02-08 17:26:08,2026-02-08 18:07:57,CC→CW,2026-02-08,,20157,,230,Estudiante
3850,252474222,Concepcion,Concepcion,,,N/A,2026-02-08 12:35:17,2026-02-08 12:36:17,,2026-02-08,no viajo,,,140,Estudiante
3851,252474265,Los Canelos,Laguna Quinenco,20051,L2,V1,2026-02-08 12:11:33,2026-02-08 12:25:20,CC→CW,2026-02-08,,20051,20051,180,Estudiante
3852,252474265,Coronel,Los Canelos,20162,L2,V1,2026-02-08 18:14:30,2026-02-08 18:27:42,CW→CC,2026-02-08,,20162,20162,180,Estudiante
3853,252480052,Lomas Coloradas,Huinca,20049,L2,V1,2026-02-08 11:46:01,2026-02-08 12:05:51,CC→CW,2026-02-08,,20049,20049,210,Estudiante
3854,252480052,Huinca,Lomas Coloradas,20166,L2,V1,2026-02-08 19:25:47,2026-02-08 19:40:56,CW→CC,2026-02-08,,20166,20166,210,Estudiante
3855,252480190,Concepcion,UTF Santa Maria,20848,L1,V1,2026-02-08 20:22:07,2026-02-08 21:16:19,HQ→TH,2026-02-08,match_por_salida_fallback,20848,20848,290,Estudiante
3856,252480610,Costa Mar,Concepcion,20160,L2,V1,2026-02-08 17:56:21,2026-02-08 18:28:37,CW→CC,2026-02-08,,20160,20160,190,Estudiante
3857,252482600,Lomas Coloradas,Costa Mar,20166,L2,V1,2026-02-08 19:34:56,2026-02-08 19:45:54,CW→CC,2026-02-08,,20166,20163,140,Estudiante
3858,252491226,Laguna Quinenco,Concepcion,20152,L2,V1,2026-02-08 08:23:41,2026-02-08 09:16:46,CW→CC,2026-02-08,,20152,20152,290,Estudiante
3859,252491226,Concepcion,Laguna Quinenco,20157,L2,V1,2026-02-08 17:09:03,2026-02-08 18:10:18,CC→CW,2026-02-08,,20157,,290,Estudiante
3860,252491389,Lomas Coloradas,Costa Mar,20040,L2,V1,2026-02-08 10:00:09,2026-02-08 10:08:02,CW→CC,2026-02-08,,20040,20040,140,Estudiante
3861,252491389,Costa Mar,Lomas Coloradas,20163,L2,V1,2026-02-08 19:04:14,2026-02-08 19:22:32,CC→CW,2026-02-08,,20163,20163,140,Estudiante
3862,252491685,Concepcion,Hito Galvarino,20171,L2,V1,2026-02-08 20:49:56,2026-02-08 21:35:32,CC→CW,2026-02-08,,20171,,280,Estudiante
3863,252491702,Laguna Quinenco,El Parque,20156,L2,V1,2026-02-08 09:17:47,2026-02-08 09:44:43,CW→CC,2026-02-08,,20156,20156,220,Estudiante
3864,252491702,El Parque,Laguna Quinenco,20167,L2,V1,2026-02-08 20:08:54,2026-02-08 20:43:15,CC→CW,2026-02-08,,20167,20167,220,Estudiante
3865,252491764,Los Canelos,Cristo Redentor,20067,L2,V1,2026-02-08 16:01:56,2026-02-08 16:07:46,CC→CW,2026-02-08,,20067,20067,150,Estudiante
3866,252491802,Concepcion,Los Canelos,20163,L2,V1,2026-02-08 18:41:44,2026-02-08 19:35:54,CC→CW,2026-02-08,,20163,20163,280,Estudiante
3867,252492069,Cristo Redentor,Concepcion,20062,L2,V1,2026-02-08 13:54:49,2026-02-08 14:37:52,CW→CC,2026-02-08,,20062,20062,280,Estudiante
3868,252492069,Concepcion,Concepcion,,,N/A,2026-02-08 19:16:41,2026-02-08 19:17:10,,2026-02-08,no viajo,,,140,Estudiante
3869,252492069,Concepcion,Cristo Redentor,20171,L2,V1,2026-02-08 20:55:47,2026-02-08 21:42:32,CC→CW,2026-02-08,,20171,,280,Estudiante
3870,252492465,Huinca,El Parque,20044,L2,V1,2026-02-08 10:07:47,2026-02-08 10:31:32,CW→CC,2026-02-08,,20044,20044,210,Estudiante
3871,252492465,El Parque,Huinca,20171,L2,V1,2026-02-08 21:12:47,2026-02-08 21:41:14,CC→CW,2026-02-08,,20171,,210,Estudiante
3872,252492546,Concepcion,Laguna Quinenco,20063,L2,V1,2026-02-08 13:53:30,2026-02-08 15:18:29,CC→CW,2026-02-08,,20063,20063,290,Estudiante
3873,252492828,Los Canelos,Concepcion,20076,L2,V1,2026-02-08 16:42:01,2026-02-08 17:30:25,CW→CC,2026-02-08,,20076,20076,280,Estudiante
3874,252492971,Los Canelos,Concepcion,20076,L2,V1,2026-02-08 16:42:05,2026-02-08 17:30:24,CW→CC,2026-02-08,,20076,20076,280,Estudiante
3875,252492971,Concepcion,Los Canelos,20171,L2,V1,2026-02-08 20:59:40,2026-02-08 21:40:10,CC→CW,2026-02-08,,20171,,280,Estudiante
3876,252493823,Cristo Redentor,Laguna Quinenco,,,N/A,2026-02-08 21:39:20,2026-02-08 21:44:55,,2026-02-08,sin_combo_factible_en_hub|sin_s1_factible_retro,,,150,Estudiante
3877,252493842,Coronel,Costa Mar,20066,L2,V1,2026-02-08 14:23:23,2026-02-08 15:09:03,CW→CC,2026-02-08,,20066,20066,220,Estudiante
3878,252493842,Costa Mar,Huinca,20067,L2,V1,2026-02-08 15:40:51,2026-02-08 16:05:22,CC→CW,2026-02-08,,20067,20067,210,Estudiante
3879,252493850,Huinca,Diagonal Bio Bio,20152,L2,V1,2026-02-08 08:39:43,2026-02-08 09:06:20,CW→CC,2026-02-08,,20152,20152,230,Estudiante
3880,252494072,Concepcion,Cristo Redentor,20157,L2,V1,2026-02-08 17:20:48,2026-02-08 18:07:36,CC→CW,2026-02-08,,20157,,280,Estudiante
3881,252494476,Cristo Redentor,Concepcion,20066,L2,V1,2026-02-08 14:44:39,2026-02-08 15:23:30,CW→CC,2026-02-08,,20066,20066,280,Estudiante
3882,252494476,Concepcion,Cristo Redentor,20167,L2,V1,2026-02-08 19:47:35,2026-02-08 20:40:36,CC→CW,2026-02-08,,20167,20167,280,Estudiante
3883,252499996,Cdal. Raul Silva Henriquez,Concepcion,20068,L2,V1,2026-02-08 15:56:47,2026-02-08 16:24:09,CW→CC,2026-02-08,,20068,20068,190,Estudiante
3884,252499996,Concepcion,Cdal. Raul Silva Henriquez,20171,L2,V1,2026-02-08 20:35:32,2026-02-08 21:30:03,CC→CW,2026-02-08,,20171,,190,Estudiante
3885,252500163,El Parque,Lomas Coloradas,20167,L2,V1,2026-02-08 20:08:15,2026-02-08 20:22:39,CC→CW,2026-02-08,,20167,20167,140,Estudiante
3886,252504237,Concepcion,Costa Mar,20035,L2,V1,2026-02-08 09:24:14,2026-02-08 10:21:26,CC→CW,2026-02-08,combo_por_entrada,20035,20035,200,Estudiante
3887,252504237,Concepcion,Hualqui,20845,L1,V1,2026-02-08 15:48:49,2026-02-08 17:02:51,TH→HQ,2026-02-08,combo_por_entrada,20845,20845,200,Estudiante
3888,252504706,Concepcion,Cdal. Raul Silva Henriquez,20167,L2,V1,2026-02-08 19:56:13,2026-02-08 20:26:33,CC→CW,2026-02-08,,20167,20167,190,Estudiante
3889,252505015,Huinca,Concepcion,20058,L2,V1,2026-02-08 12:37:24,2026-02-08 13:15:50,CW→CC,2026-02-08,,20058,20058,280,Estudiante
3890,252505015,Concepcion,Huinca,20171,L2,V1,2026-02-08 20:15:15,2026-02-08 21:40:51,CC→CW,2026-02-08,,20171,,280,Estudiante
3891,252505222,Cristo Redentor,Diagonal Bio Bio,20076,L2,V1,2026-02-08 16:35:15,2026-02-08 17:19:02,CW→CC,2026-02-08,,20076,20076,230,Estudiante
3892,252505222,Diagonal Bio Bio,Cristo Redentor,20157,L2,V1,2026-02-08 17:35:55,2026-02-08 18:08:10,CC→CW,2026-02-08,,20157,,230,Estudiante
3893,252507038,Lomas Coloradas,Costa Mar,20152,L2,V1,2026-02-08 08:47:16,2026-02-08 09:01:38,CW→CC,2026-02-08,,20152,20152,140,Estudiante
3894,252507038,Costa Mar,Lomas Coloradas,20063,L2,V1,2026-02-08 14:40:44,2026-02-08 14:57:55,CC→CW,2026-02-08,,20063,20063,140,Estudiante
3895,252507140,Concepcion,Los Canelos,20171,L2,V1,2026-02-08 20:56:20,2026-02-08 21:38:40,CC→CW,2026-02-08,,20171,,280,Estudiante
3896,252508458,Diagonal Bio Bio,Cristo Redentor,20157,L2,V1,2026-02-08 17:26:30,2026-02-08 18:08:08,CC→CW,2026-02-08,,20157,,230,Estudiante
3897,252510244,Huinca,Costa Mar,20160,L2,V1,2026-02-08 17:47:06,2026-02-08 18:12:12,CW→CC,2026-02-08,,20160,20160,210,Estudiante
3898,252510244,Costa Mar,Huinca,20161,L2,V1,2026-02-08 18:45:18,2026-02-08 19:37:48,CC→CW,2026-02-08,,20161,20161,210,Estudiante
3899,252511030,Cristo Redentor,Concepcion,20160,L2,V1,2026-02-08 17:45:13,2026-02-08 18:27:34,CW→CC,2026-02-08,,20160,20160,280,Estudiante
3900,252511203,Concepcion,Cdal. Raul Silva Henriquez,20069,L2,V1,2026-02-08 16:37:46,2026-02-08 17:08:43,CC→CW,2026-02-08,,20069,20069,190,Estudiante
3901,252515548,Concepcion,Costa Mar,20167,L2,V1,2026-02-08 19:39:06,2026-02-08 20:17:44,CC→CW,2026-02-08,,20167,20167,190,Estudiante
3902,252515564,Hito Galvarino,Laguna Quinenco,20063,L2,V1,2026-02-08 15:01:34,2026-02-08 15:17:21,CC→CW,2026-02-08,,20063,20063,180,Estudiante
3903,252515574,Juan Pablo II,Lomas Coloradas,20171,L2,V1,2026-02-08 20:50:03,2026-02-08 21:27:19,CC→CW,2026-02-08,,20171,20167,170,Estudiante
3904,252515698,Costa Mar,Coronel,20153,L2,V1,2026-02-08 09:28:54,2026-02-08 10:02:58,CC→CW,2026-02-08,,20153,20153,220,Estudiante
3905,252515698,Coronel,Concepcion,20162,L2,V1,2026-02-08 18:09:44,2026-02-08 18:58:49,CW→CC,2026-02-08,,20162,20162,290,Estudiante
3906,252516485,Cdal. Raul Silva Henriquez,Diagonal Bio Bio,20056,L2,V1,2026-02-08 12:36:33,2026-02-08 12:51:32,CW→CC,2026-02-08,,20056,20056,170,Estudiante
3907,252528882,Concepcion,Coronel,20059,L2,V1,2026-02-08 13:06:08,2026-02-08 14:04:22,CC→CW,2026-02-08,,20059,20059,290,Estudiante
3908,252528882,Coronel,Concepcion,20166,L2,V1,2026-02-08 18:55:55,2026-02-08 20:00:26,CW→CC,2026-02-08,,20166,20166,290,Estudiante
3909,252529493,Coronel,Concepcion,20160,L2,V1,2026-02-08 17:24:31,2026-02-08 18:28:48,CW→CC,2026-02-08,,20160,20160,290,Estudiante
3910,252530062,Cristo Redentor,Diagonal Bio Bio,20076,L2,V1,2026-02-08 16:35:22,2026-02-08 17:19:00,CW→CC,2026-02-08,,20076,20076,230,Estudiante
3911,252530062,Diagonal Bio Bio,Cristo Redentor,20157,L2,V1,2026-02-08 17:35:53,2026-02-08 18:08:07,CC→CW,2026-02-08,,20157,,230,Estudiante
3912,252530367,Cristo Redentor,Hito Galvarino,20152,L2,V1,2026-02-08 08:37:09,2026-02-08 08:46:32,CW→CC,2026-02-08,,20152,20152,150,Estudiante
3913,252530367,Hito Galvarino,Laguna Quinenco,20163,L2,V1,2026-02-08 19:27:49,2026-02-08 19:42:54,CC→CW,2026-02-08,,20163,20163,180,Estudiante
3914,252530374,Cristo Redentor,Lomas Coloradas,20062,L2,V1,2026-02-08 13:53:05,2026-02-08 14:13:27,CW→CC,2026-02-08,,20062,20062,210,Estudiante
3915,252530374,Lomas Coloradas,Cristo Redentor,20069,L2,V1,2026-02-08 17:04:11,2026-02-08 17:23:21,CC→CW,2026-02-08,,20069,20069,210,Estudiante
3916,252530374,Cristo Redentor,Lomas Coloradas,20162,L2,V1,2026-02-08 18:21:04,2026-02-08 18:40:03,CW→CC,2026-02-08,,20162,20162,210,Estudiante
3917,252530573,Concepcion,Cdal. Raul Silva Henriquez,20171,L2,V1,2026-02-08 19:56:30,2026-02-08 21:30:43,CC→CW,2026-02-08,combo_por_entrada,20171,,200,Estudiante
3918,252530809,Concepcion,Cristo Redentor,20053,L2,V1,2026-02-08 12:09:11,2026-02-08 12:47:41,CC→CW,2026-02-08,,20053,20053,280,Estudiante
3919,252531048,Higueras,Concepcion,20845,L1,V1,2026-02-08 16:03:50,2026-02-08 16:27:07,TH→HQ,2026-02-08,,20845,20845,170,Estudiante
3920,252531182,Hito Galvarino,Costa Mar,20160,L2,V1,2026-02-08 17:56:51,2026-02-08 18:12:15,CW→CC,2026-02-08,,20160,20160,200,Estudiante
3921,252531252,Costa Mar,Hito Galvarino,20171,L2,V1,2026-02-08 21:02:55,2026-02-08 21:35:42,CC→CW,2026-02-08,,20171,,200,Estudiante
3922,252531498,Cdal. Raul Silva Henriquez,Alborada,20040,L2,V1,2026-02-08 09:56:56,2026-02-08 10:10:03,CW→CC,2026-02-08,,20040,20040,170,Estudiante
3923,252531498,Alborada,Cdal. Raul Silva Henriquez,20049,L2,V1,2026-02-08 11:39:07,2026-02-08 11:53:20,CC→CW,2026-02-08,,20049,20049,170,Estudiante
3924,252537719,Concepcion,Cristo Redentor,20035,L2,V1,2026-02-08 10:00:15,2026-02-08 10:42:09,CC→CW,2026-02-08,,20035,,280,Estudiante
3925,252538031,El Parque,Laguna Quinenco,20067,L2,V1,2026-02-08 15:33:47,2026-02-08 16:11:06,CC→CW,2026-02-08,,20067,20067,220,Estudiante
3926,252538031,Laguna Quinenco,El Parque,20170,L2,V1,2026-02-08 19:46:08,2026-02-08 20:44:09,CW→CC,2026-02-08,,20170,20170,220,Estudiante
3927,252538323,Coronel,Concepcion,20156,L2,V1,2026-02-08 08:43:37,2026-02-08 10:01:38,CW→CC,2026-02-08,,20156,20156,290,Estudiante
3928,252538323,Concepcion,Concepcion,,,N/A,2026-02-08 20:06:41,2026-02-08 20:08:45,,2026-02-08,no viajo,,,140,Estudiante
3929,252538323,Concepcion,Laguna Quinenco,20171,L2,V1,2026-02-08 20:19:45,2026-02-08 21:45:28,CC→CW,2026-02-08,,20171,,290,Estudiante
3930,252542673,Concepcion,Cristo Redentor,20167,L2,V1,2026-02-08 19:47:39,2026-02-08 20:40:32,CC→CW,2026-02-08,,20167,20167,280,Estudiante
3931,252542711,Huinca,Costa Mar,20068,L2,V1,2026-02-08 15:42:28,2026-02-08 16:08:18,CW→CC,2026-02-08,,20068,20068,210,Estudiante
3932,252542722,Concepcion,Cristo Redentor,20171,L2,V1,2026-02-08 20:42:08,2026-02-08 21:42:39,CC→CW,2026-02-08,,20171,,280,Estudiante
3933,252542778,Costa Mar,Concepcion,20156,L2,V1,2026-02-08 09:45:48,2026-02-08 10:02:11,CW→CC,2026-02-08,,20156,20156,190,Estudiante
3934,252544553,Cristo Redentor,Diagonal Bio Bio,20044,L2,V1,2026-02-08 09:49:02,2026-02-08 10:38:11,CW→CC,2026-02-08,,20044,20040,230,Estudiante
3935,252544553,Concepcion,Cristo Redentor,20069,L2,V1,2026-02-08 16:25:52,2026-02-08 17:23:46,CC→CW,2026-02-08,,20069,20069,280,Estudiante
3936,252544672,Cristo Redentor,Concepcion,20068,L2,V1,2026-02-08 15:33:08,2026-02-08 16:24:18,CW→CC,2026-02-08,,20068,20068,280,Estudiante
3937,252544697,Lomas Coloradas,Coronel,20167,L2,V1,2026-02-08 20:18:07,2026-02-08 20:45:57,CC→CW,2026-02-08,,20167,20167,220,Estudiante
3938,252544710,Cdal. Raul Silva Henriquez,Diagonal Bio Bio,20058,L2,V1,2026-02-08 12:46:31,2026-02-08 13:05:55,CW→CC,2026-02-08,,20058,20058,170,Estudiante
3939,252544735,Lomas Coloradas,Concepcion,20152,L2,V1,2026-02-08 08:53:04,2026-02-08 09:16:16,CW→CC,2026-02-08,,20152,20152,190,Estudiante
3940,252544735,Concepcion,Lomas Coloradas,20171,L2,V1,2026-02-08 20:44:24,2026-02-08 21:27:54,CC→CW,2026-02-08,,20171,,190,Estudiante
3941,252544749,Cristo Redentor,Concepcion,20166,L2,V1,2026-02-08 18:58:52,2026-02-08 20:00:14,CW→CC,2026-02-08,,20166,20166,280,Estudiante
3942,252545189,Concepcion,Laguna Quinenco,20153,L2,V1,2026-02-08 08:35:38,2026-02-08 09:59:32,CC→CW,2026-02-08,combo_por_entrada,20153,20153,300,Estudiante
3943,252545189,Laguna Quinenco,Concepcion,20166,L2,V1,2026-02-08 19:11:30,2026-02-08 20:01:08,CW→CC,2026-02-08,,20166,20166,290,Estudiante
3944,252545189,Concepcion,Los Condores,20848,L1,V1,2026-02-08 20:17:01,2026-02-08 21:19:45,HQ→TH,2026-02-08,,20848,20848,170,Estudiante
3945,252545244,El Parque,Los Canelos,20069,L2,V1,2026-02-08 17:00:50,2026-02-08 17:18:40,CC→CW,2026-02-08,,20069,20069,200,Estudiante
3946,252547238,Cdal. Raul Silva Henriquez,Los Canelos,20063,L2,V1,2026-02-08 14:57:35,2026-02-08 15:09:46,CC→CW,2026-02-08,,20063,20063,200,Estudiante
3947,252547403,Costa Mar,Coronel,20063,L2,V1,2026-02-08 14:38:22,2026-02-08 15:21:01,CC→CW,2026-02-08,,20063,20063,220,Estudiante
3948,252547403,Coronel,Costa Mar,20170,L2,V1,2026-02-08 20:16:37,2026-02-08 20:46:00,CW→CC,2026-02-08,,20170,20170,220,Estudiante
3949,252547467,Costa Mar,Cristo Redentor,20149,L2,V1,2026-02-08 08:34:36,2026-02-08 09:09:21,CC→CW,2026-02-08,,20149,20149,210,Estudiante
3950,252548278,Mercado,Hualqui,20845,L1,V1,2026-02-08 15:58:21,2026-02-08 17:01:29,TH→HQ,2026-02-08,,20845,20845,190,Estudiante
3951,252550353,Costa Mar,Concepcion,20170,L2,V1,2026-02-08 20:41:32,2026-02-08 21:01:27,CW→CC,2026-02-08,,20170,20170,190,Estudiante
3952,252550434,Concepcion,Cristo Redentor,20163,L2,V1,2026-02-08 18:54:47,2026-02-08 19:40:00,CC→CW,2026-02-08,,20163,20163,280,Estudiante
3953,252550683,El Parque,Coronel,20157,L2,V1,2026-02-08 17:38:26,2026-02-08 18:13:35,CC→CW,2026-02-08,,20157,,220,Estudiante
3954,252551881,Coronel,Concepcion,20160,L2,V1,2026-02-08 17:29:13,2026-02-08 18:26:57,CW→CC,2026-02-08,,20160,20160,290,Estudiante
3955,252553235,Cdal. Raul Silva Henriquez,Costa Mar,20044,L2,V1,2026-02-08 10:22:18,2026-02-08 10:33:47,CW→CC,2026-02-08,,20044,20044,140,Estudiante
3956,252553235,Costa Mar,Cdal. Raul Silva Henriquez,20053,L2,V1,2026-02-08 12:18:00,2026-02-08 12:34:12,CC→CW,2026-02-08,,20053,20053,140,Estudiante
3957,252553262,Concepcion,Laguna Quinenco,20053,L2,V1,2026-02-08 11:52:24,2026-02-08 12:51:40,CC→CW,2026-02-08,,20053,20051,290,Estudiante
3958,252555142,Laguna Quinenco,Costa Mar,20062,L2,V1,2026-02-08 13:51:23,2026-02-08 14:19:16,CW→CC,2026-02-08,,20062,20062,220,Estudiante
3959,252556071,Los Canelos,Concepcion,20068,L2,V1,2026-02-08 15:42:23,2026-02-08 16:23:45,CW→CC,2026-02-08,,20068,20068,280,Estudiante
3960,252556074,Diagonal Bio Bio,Coronel,20167,L2,V1,2026-02-08 19:21:04,2026-02-08 20:46:25,CC→CW,2026-02-08,,20167,20167,260,Estudiante
3961,252556091,Lomas Coloradas,Costa Mar,20044,L2,V1,2026-02-08 10:24:53,2026-02-08 10:33:34,CW→CC,2026-02-08,,20044,20044,140,Estudiante
3962,252556722,Los Canelos,Cristo Redentor,20067,L2,V1,2026-02-08 15:59:15,2026-02-08 16:08:01,CC→CW,2026-02-08,,20067,20067,150,Estudiante
3963,252556722,Cristo Redentor,Los Canelos,20170,L2,V1,2026-02-08 19:47:53,2026-02-08 20:28:03,CW→CC,2026-02-08,,20170,20170,150,Estudiante
3964,252559371,Mercado,Concepcion,20845,L1,V1,2026-02-08 15:57:18,2026-02-08 16:26:35,TH→HQ,2026-02-08,,20845,20845,180,Estudiante
3965,252559893,Concepcion,Laguna Quinenco,20161,L2,V1,2026-02-08 18:13:38,2026-02-08 19:10:36,CC→CW,2026-02-08,,20161,20161,290,Estudiante
3966,252560705,Cristo Redentor,Lomas Coloradas,20162,L2,V1,2026-02-08 18:16:30,2026-02-08 18:39:54,CW→CC,2026-02-08,,20162,20162,210,Estudiante
3967,252560717,Diagonal Bio Bio,Huinca,20163,L2,V1,2026-02-08 19:07:58,2026-02-08 19:38:24,CC→CW,2026-02-08,,20163,20163,230,Estudiante
3968,252561384,Hito Galvarino,Concepcion,20076,L2,V1,2026-02-08 16:51:18,2026-02-08 17:31:20,CW→CC,2026-02-08,,20076,20076,280,Estudiante
3969,252561409,Coronel,Concepcion,20076,L2,V1,2026-02-08 16:31:02,2026-02-08 17:30:01,CW→CC,2026-02-08,,20076,20076,290,Estudiante
3970,252561409,Concepcion,Coronel,20167,L2,V1,2026-02-08 19:35:21,2026-02-08 20:46:11,CC→CW,2026-02-08,,20167,20167,290,Estudiante
3971,252564789,Los Canelos,Laguna Quinenco,20063,L2,V1,2026-02-08 14:58:40,2026-02-08 15:17:29,CC→CW,2026-02-08,,20063,20063,180,Estudiante
3972,252564789,Laguna Quinenco,Los Canelos,20162,L2,V1,2026-02-08 18:16:34,2026-02-08 18:27:12,CW→CC,2026-02-08,,20162,20162,180,Estudiante
3973,252566193,Laguna Quinenco,Concepcion,20160,L2,V1,2026-02-08 17:46:40,2026-02-08 18:27:48,CW→CC,2026-02-08,,20160,20160,290,Estudiante
3974,272053392,Cristo Redentor,Concepcion,20062,L2,V1,2026-02-08 13:33:46,2026-02-08 14:35:58,CW→CC,2026-02-08,,20062,20062,280,Estudiante
3975,272053392,Concepcion,Cristo Redentor,20167,L2,V1,2026-02-08 19:25:30,2026-02-08 20:41:18,CC→CW,2026-02-08,,20167,20167,280,Estudiante
3976,282015842,Concepcion,Chiguayante,20847,L1,V1,2026-02-08 20:23:42,2026-02-08 20:39:50,TH→HQ,2026-02-08,,20847,20847,170,Estudiante
3977,282039913,Lomas Coloradas,Costa Mar,20076,L2,V1,2026-02-08 16:48:13,2026-02-08 17:14:28,CW→CC,2026-02-08,,20076,20076,140,Estudiante
3978,282039913,Costa Mar,Lomas Coloradas,20167,L2,V1,2026-02-08 20:01:45,2026-02-08 20:23:46,CC→CW,2026-02-08,,20167,20167,140,Estudiante
3979,282065895,Chiguayante,Concepcion,20848,L1,V1,2026-02-08 20:32:41,2026-02-08 21:22:58,HQ→TH,2026-02-08,match_por_salida_fallback,20848,,200,Estudiante
3980,282065930,Coronel,Concepcion,20170,L2,V1,2026-02-08 20:16:00,2026-02-08 21:00:49,CW→CC,2026-02-08,,20170,20170,290,Estudiante
3981,282100752,Cdal. Raul Silva Henriquez,Alborada,20050,L2,V1,2026-02-08 11:12:06,2026-02-08 11:26:36,CW→CC,2026-02-08,,20050,20050,170,Estudiante
3982,282100752,Alborada,Cdal. Raul Silva Henriquez,20059,L2,V1,2026-02-08 13:29:27,2026-02-08 13:43:14,CC→CW,2026-02-08,,20059,20059,170,Estudiante
3983,282133938,Concepcion,Cristo Redentor,20153,L2,V1,2026-02-08 08:48:12,2026-02-08 09:57:31,CC→CW,2026-02-08,combo_por_entrada,20153,20153,280,Estudiante
3984,282137999,Cristo Redentor,Concepcion,20166,L2,V1,2026-02-08 19:18:07,2026-02-08 20:03:33,CW→CC,2026-02-08,,20166,20166,280,Estudiante
3985,282141476,La Leonera,Chiguayante,20848,L1,V1,2026-02-08 20:37:30,2026-02-08 20:55:59,HQ→TH,2026-02-08,,20848,20848,140,Estudiante
3986,282143421,El Parque,Concepcion,20152,L2,V1,2026-02-08 08:44:21,2026-02-08 09:16:58,CW→CC,2026-02-08,,20152,20152,190,Estudiante
3987,282143421,Concepcion,El Parque,20163,L2,V1,2026-02-08 18:45:54,2026-02-08 19:23:05,CC→CW,2026-02-08,,20163,20163,190,Estudiante
3988,282145464,Alborada,Costa Mar,20049,L2,V1,2026-02-08 11:40:01,2026-02-08 11:45:48,CC→CW,2026-02-08,,20049,20049,170,Estudiante
3989,282147695,Concepcion,El Parque,20153,L2,V1,2026-02-08 09:13:34,2026-02-08 09:36:17,CC→CW,2026-02-08,,20153,20153,190,Estudiante
3990,282147695,El Parque,Concepcion,20170,L2,V1,2026-02-08 20:18:24,2026-02-08 21:00:14,CW→CC,2026-02-08,,20170,20170,190,Estudiante
3991,282149248,Concepcion,Huinca,20171,L2,V1,2026-02-08 19:58:39,2026-02-08 21:40:35,CC→CW,2026-02-08,combo_por_entrada,20171,,300,Estudiante
3992,282154093,Concepcion,Costa Mar,20161,L2,V1,2026-02-08 18:25:03,2026-02-08 18:44:46,CC→CW,2026-02-08,,20161,20161,190,Estudiante
3993,282157145,Costa Mar,Lomas Coloradas,20067,L2,V1,2026-02-08 15:33:58,2026-02-08 15:50:04,CC→CW,2026-02-08,,20067,20067,140,Estudiante
3994,282158266,Concepcion,Laguna Quinenco,20167,L2,V1,2026-02-08 19:32:27,2026-02-08 20:42:59,CC→CW,2026-02-08,,20167,20167,290,Estudiante
3995,282159550,Coronel,Diagonal Bio Bio,20056,L2,V1,2026-02-08 12:06:05,2026-02-08 12:51:21,CW→CC,2026-02-08,,20056,20053,260,Estudiante
3996,282160888,Huinca,Diagonal Bio Bio,20056,L2,V1,2026-02-08 12:15:58,2026-02-08 12:51:38,CW→CC,2026-02-08,,20056,20056,230,Estudiante
3997,282160888,Diagonal Bio Bio,Huinca,20167,L2,V1,2026-02-08 19:48:49,2026-02-08 20:37:59,CC→CW,2026-02-08,,20167,20167,230,Estudiante
3998,282160921,Costa Mar,El Parque,20157,L2,V1,2026-02-08 17:44:14,2026-02-08 17:50:29,CC→CW,2026-02-08,,20157,20157,140,Estudiante
3999,282160921,El Parque,Concepcion,20162,L2,V1,2026-02-08 18:41:48,2026-02-08 18:58:44,CW→CC,2026-02-08,,20162,20162,190,Estudiante
4000,282163557,Coronel,Diagonal Bio Bio,20160,L2,V1,2026-02-08 17:46:39,2026-02-08 18:49:55,CW→CC,2026-02-08,,20160,20160,260,Estudiante
4001,282163942,Concepcion,Alborada,20163,L2,V1,2026-02-08 18:49:40,2026-02-08 19:15:27,CC→CW,2026-02-08,,20163,20163,190,Estudiante
4002,282170013,Coronel,Juan Pablo II,20156,L2,V1,2026-02-08 09:12:39,2026-02-08 09:55:21,CW→CC,2026-02-08,,20156,20156,260,Estudiante
4003,282172190,Concepcion,Cristo Redentor,20157,L2,V1,2026-02-08 17:32:24,2026-02-08 18:07:52,CC→CW,2026-02-08,,20157,,280,Estudiante
4004,282172233,Cristo Redentor,Concepcion,20066,L2,V1,2026-02-08 14:34:31,2026-02-08 15:23:43,CW→CC,2026-02-08,,20066,20066,280,Estudiante
4005,282172233,Concepcion,Cristo Redentor,20069,L2,V1,2026-02-08 16:37:19,2026-02-08 17:25:07,CC→CW,2026-02-08,,20069,20069,280,Estudiante
4006,282172499,Concepcion,Coronel,,,N/A,2026-02-08 20:58:56,2026-02-08 21:47:44,,2026-02-08,sin_combo_factible_en_hub|sin_s1_factible_retro,,,290,Estudiante
4007,282175269,Coronel,Laguna Quinenco,20052,L2,V1,2026-02-08 11:13:12,2026-02-08 11:23:40,CW→CC,2026-02-08,,20052,20052,150,Estudiante
4008,282181518,Alborada,Cristo Redentor,20171,L2,V1,2026-02-08 20:50:23,2026-02-08 21:42:20,CC→CW,2026-02-08,,20171,,230,Estudiante
4009,292047965,Concepcion,Concepcion,,,N/A,2026-02-08 08:50:18,2026-02-08 08:50:51,,2026-02-08,no viajo,,,0,Estudiante
4010,292047965,Concepcion,Concepcion,,,N/A,2026-02-08 21:07:01,2026-02-08 21:07:43,,2026-02-08,no viajo,,,0,Estudiante
4011,292106198,Juan Pablo II,Lomas Coloradas,20161,L2,V1,2026-02-08 18:15:53,2026-02-08 18:49:30,CC→CW,2026-02-08,,20161,20161,0,Estudiante
4012,292133186,Cdal. Raul Silva Henriquez,Concepcion,20162,L2,V1,2026-02-08 18:24:01,2026-02-08 18:59:03,CW→CC,2026-02-08,,20162,20162,0,Estudiante
4013,292133339,Concepcion,Los Canelos,20161,L2,V1,2026-02-08 18:26:05,2026-02-08 19:03:22,CC→CW,2026-02-08,,20161,20161,0,Estudiante
4014,292141791,Concepcion,Laguna Quinenco,20153,L2,V1,2026-02-08 09:04:22,2026-02-08 10:00:21,CC→CW,2026-02-08,,20153,20153,0,Estudiante
4015,292141792,Concepcion,Cristo Redentor,20067,L2,V1,2026-02-08 15:29:33,2026-02-08 16:10:52,CC→CW,2026-02-08,,20067,20067,0,Estudiante
4016,292141994,Los Canelos,Lomas Coloradas,20160,L2,V1,2026-02-08 17:51:11,2026-02-08 18:07:03,CW→CC,2026-02-08,,20160,20160,0,Estudiante
4017,292153660,Laguna Quinenco,Concepcion,20076,L2,V1,2026-02-08 16:09:58,2026-02-08 17:30:48,CW→CC,2026-02-08,,20076,20076,0,Estudiante
4018,292153660,Concepcion,Laguna Quinenco,20167,L2,V1,2026-02-08 19:56:07,2026-02-08 20:43:57,CC→CW,2026-02-08,,20167,20167,0,Estudiante
4019,292153947,Concepcion,Coronel,20035,L2,V1,2026-02-08 09:38:10,2026-02-08 10:46:52,CC→CW,2026-02-08,combo_por_entrada,20035,,0,Estudiante
4020,292153947,Coronel,Concepcion,20160,L2,V1,2026-02-08 17:36:45,2026-02-08 18:32:27,CW→CC,2026-02-08,,20160,20160,0,Estudiante
4021,292194102,Concepcion,Los Canelos,20171,L2,V1,2026-02-08 20:29:38,2026-02-08 21:40:28,CC→CW,2026-02-08,match_por_salida_fallback,20171,,0,Estudiante
4022,302085263,Coronel,Concepcion,20166,L2,V1,2026-02-08 19:12:15,2026-02-08 20:01:19,CW→CC,2026-02-08,,20166,20166,290,Estudiante
4023,302167143,Concepcion,Hito Galvarino,20161,L2,V1,2026-02-08 17:58:26,2026-02-08 18:59:33,CC→CW,2026-02-08,,20161,20161,280,Estudiante
4024,302168730,Lomas Coloradas,Concepcion,20068,L2,V1,2026-02-08 15:56:46,2026-02-08 16:23:46,CW→CC,2026-02-08,,20068,20068,190,Estudiante
4025,302168730,Concepcion,Lomas Coloradas,20161,L2,V1,2026-02-08 17:51:52,2026-02-08 18:49:33,CC→CW,2026-02-08,,20161,20161,190,Estudiante
4026,302175443,Concepcion,Los Canelos,20049,L2,V1,2026-02-08 11:26:30,2026-02-08 12:03:43,CC→CW,2026-02-08,,20049,20049,280,Estudiante
4027,302230204,Costa Mar,Concepcion,20162,L2,V1,2026-02-08 18:41:29,2026-02-08 18:58:39,CW→CC,2026-02-08,,20162,20162,190,Estudiante
4028,302233751,Costa Mar,Concepcion,20156,L2,V1,2026-02-08 09:42:09,2026-02-08 10:02:10,CW→CC,2026-02-08,,20156,20156,190,Estudiante
4029,302233877,Hito Galvarino,Laguna Quinenco,20053,L2,V1,2026-02-08 12:32:36,2026-02-08 12:51:18,CC→CW,2026-02-08,,20053,20053,180,Estudiante
4030,302233984,Huinca,Juan Pablo II,20170,L2,V1,2026-02-08 20:20:38,2026-02-08 20:54:14,CW→CC,2026-02-08,,20170,20170,230,Estudiante
4031,302243408,Alborada,Diagonal Bio Bio,20050,L2,V1,2026-02-08 11:22:10,2026-02-08 11:29:55,CW→CC,2026-02-08,,20050,20050,150,Estudiante
4032,302247667,Diagonal Bio Bio,Cdal. Raul Silva Henriquez,20069,L2,V1,2026-02-08 16:37:58,2026-02-08 17:09:26,CC→CW,2026-02-08,,20069,20069,170,Estudiante
4033,302247667,Cdal. Raul Silva Henriquez,Diagonal Bio Bio,20166,L2,V1,2026-02-08 19:30:32,2026-02-08 19:51:14,CW→CC,2026-02-08,,20166,20166,170,Estudiante
4034,302247998,Hito Galvarino,Concepcion,20058,L2,V1,2026-02-08 12:41:08,2026-02-08 13:23:51,CW→CC,2026-02-08,,20058,20058,280,Estudiante
4035,302247998,Concepcion,Hito Galvarino,20163,L2,V1,2026-02-08 18:47:13,2026-02-08 19:32:36,CC→CW,2026-02-08,,20163,20163,280,Estudiante
4036,302248124,Lzo. Arenas,Concepcion,20857,L1,V1,2026-02-08 08:43:43,2026-02-08 10:02:59,TH→HQ,2026-02-08,combo_por_entrada,20857,20153,290,Estudiante
4037,302252792,Concepcion,Cdal. Raul Silva Henriquez,20063,L2,V1,2026-02-08 14:13:52,2026-02-08 15:00:35,CC→CW,2026-02-08,,20063,20063,190,Estudiante
4038,302252977,Lomas Coloradas,Juan Pablo II,20076,L2,V1,2026-02-08 17:07:38,2026-02-08 17:21:44,CW→CC,2026-02-08,,20076,20076,170,Estudiante
4039,302252977,Juan Pablo II,Lomas Coloradas,20171,L2,V1,2026-02-08 20:42:29,2026-02-08 21:27:47,CC→CW,2026-02-08,,20171,20167,170,Estudiante
4040,302253637,Cristo Redentor,Concepcion,,,N/A,2026-02-08 17:22:41,2026-02-08 18:14:45,,2026-02-08,sin_combo_factible_en_hub|sin_s1_factible_retro,,,280,Estudiante
4041,302257191,Concepcion,Coronel,20161,L2,V1,2026-02-08 18:15:02,2026-02-08 19:14:06,CC→CW,2026-02-08,,20161,20161,290,Estudiante
4042,302263250,Cristo Redentor,Cdal. Raul Silva Henriquez,20170,L2,V1,2026-02-08 20:18:57,2026-02-08 20:36:14,CW→CC,2026-02-08,,20170,20170,210,Estudiante
4043,302270396,Concepcion,El Arenal,20846,L1,V1,2026-02-08 17:22:46,2026-02-08 17:54:12,HQ→TH,2026-02-08,,20846,20846,180,Estudiante
4044,302270572,Diagonal Bio Bio,Los Canelos,20067,L2,V1,2026-02-08 15:26:36,2026-02-08 16:03:34,CC→CW,2026-02-08,,20067,20067,220,Estudiante
4045,302270613,Diagonal Bio Bio,Costa Mar,20049,L2,V1,2026-02-08 11:40:02,2026-02-08 11:50:27,CC→CW,2026-02-08,,20049,20049,170,Estudiante
4046,302271374,Costa Mar,Cdal. Raul Silva Henriquez,20067,L2,V1,2026-02-08 15:40:58,2026-02-08 15:53:15,CC→CW,2026-02-08,,20067,20067,140,Estudiante
4047,302271374,Cdal. Raul Silva Henriquez,Costa Mar,20166,L2,V1,2026-02-08 19:31:27,2026-02-08 19:45:56,CW→CC,2026-02-08,,20166,20163,140,Estudiante
4048,302271469,Concepcion,Lomas Coloradas,20171,L2,V1,2026-02-08 20:03:15,2026-02-08 21:27:08,CC→CW,2026-02-08,combo_por_entrada,20171,,200,Estudiante
4049,302280793,Concepcion,Lomas Coloradas,20171,L2,V1,2026-02-08 20:50:32,2026-02-08 21:27:04,CC→CW,2026-02-08,,20171,,190,Estudiante
4050,302290668,Juan Pablo II,Lomas Coloradas,20161,L2,V1,2026-02-08 18:16:49,2026-02-08 18:51:18,CC→CW,2026-02-08,,20161,20161,170,Estudiante
4051,302291047,Cdal. Raul Silva Henriquez,Laguna Quinenco,20041,L2,V1,2026-02-08 10:42:01,2026-02-08 11:10:30,CC→CW,2026-02-08,,20041,20041,220,Estudiante
4052,302291047,Laguna Quinenco,Cdal. Raul Silva Henriquez,20162,L2,V1,2026-02-08 18:18:34,2026-02-08 18:36:09,CW→CC,2026-02-08,,20162,20162,220,Estudiante
4053,302291129,Concepcion,Huinca,20167,L2,V1,2026-02-08 19:31:33,2026-02-08 20:38:31,CC→CW,2026-02-08,,20167,20167,280,Estudiante
4054,302291132,Concepcion,Costa Mar,20035,L2,V1,2026-02-08 09:23:59,2026-02-08 10:21:08,CC→CW,2026-02-08,combo_por_entrada,20035,20035,200,Estudiante
4055,302291132,Concepcion,Hualqui,20845,L1,V1,2026-02-08 15:48:40,2026-02-08 17:02:46,TH→HQ,2026-02-08,combo_por_entrada,20845,20845,200,Estudiante
4056,302291138,Los Canelos,Laguna Quinenco,20063,L2,V1,2026-02-08 15:06:16,2026-02-08 15:17:51,CC→CW,2026-02-08,,20063,20063,180,Estudiante
4057,302291138,Cristo Redentor,Concepcion,,,N/A,2026-02-08 18:16:33,2026-02-08 18:42:35,,2026-02-08,sin_combo_factible_en_hub|sin_s1_factible_retro,,,280,Estudiante
4058,302296733,Hito Galvarino,Laguna Quinenco,20069,L2,V1,2026-02-08 17:11:45,2026-02-08 17:30:23,CC→CW,2026-02-08,,20069,20069,180,Estudiante
4059,302296794,Concepcion,Lomas Coloradas,20059,L2,V1,2026-02-08 13:06:35,2026-02-08 13:39:38,CC→CW,2026-02-08,,20059,20059,190,Estudiante
4060,302296845,Coronel,Concepcion,20056,L2,V1,2026-02-08 12:15:52,2026-02-08 13:05:34,CW→CC,2026-02-08,,20056,20056,290,Estudiante
4061,302296845,Concepcion,Coronel,20069,L2,V1,2026-02-08 16:25:41,2026-02-08 17:32:06,CC→CW,2026-02-08,,20069,20069,290,Estudiante
4062,302297109,Hualqui,Concepcion,20846,L1,V1,2026-02-08 16:58:50,2026-02-08 17:33:43,HQ→TH,2026-02-08,,20846,20846,180,Estudiante
4063,302297776,Chiguayante,Hualqui,20847,L1,V1,2026-02-08 20:34:17,2026-02-08 21:02:05,TH→HQ,2026-02-08,,20847,20847,170,Estudiante
4064,302297801,Concepcion,Laguna Quinenco,20163,L2,V1,2026-02-08 18:53:09,2026-02-08 19:43:04,CC→CW,2026-02-08,,20163,20163,290,Estudiante
4065,302297820,Costa Mar,Lomas Coloradas,20157,L2,V1,2026-02-08 17:36:22,2026-02-08 17:53:21,CC→CW,2026-02-08,,20157,20157,140,Estudiante
4066,302297820,Lomas Coloradas,Costa Mar,20170,L2,V1,2026-02-08 20:37:48,2026-02-08 20:46:33,CW→CC,2026-02-08,,20170,20170,140,Estudiante
4067,302298078,Concepcion,Los Canelos,20167,L2,V1,2026-02-08 19:58:26,2026-02-08 20:36:10,CC→CW,2026-02-08,,20167,20167,280,Estudiante
4068,302304495,Lomas Coloradas,Costa Mar,20044,L2,V1,2026-02-08 10:27:12,2026-02-08 10:33:48,CW→CC,2026-02-08,,20044,20044,140,Estudiante
4069,302315775,Hito Galvarino,Concepcion,20066,L2,V1,2026-02-08 14:49:09,2026-02-08 15:23:21,CW→CC,2026-02-08,,20066,20066,280,Estudiante
4070,302315833,Concepcion,Los Canelos,20059,L2,V1,2026-02-08 12:53:46,2026-02-08 13:54:02,CC→CW,2026-02-08,,20059,20059,280,Estudiante
4071,302316022,Costa Mar,Huinca,20167,L2,V1,2026-02-08 20:09:00,2026-02-08 20:58:55,CC→CW,2026-02-08,,20167,20167,210,Estudiante
4072,302316030,Concepcion,Cristo Redentor,20067,L2,V1,2026-02-08 15:06:02,2026-02-08 16:08:34,CC→CW,2026-02-08,,20067,20067,280,Estudiante
4073,302318723,Concepcion,Cdal. Raul Silva Henriquez,20051,L2,V1,2026-02-08 11:34:32,2026-02-08 12:08:22,CC→CW,2026-02-08,,20051,20049,190,Estudiante
4074,302318723,Lomas Coloradas,Concepcion,20062,L2,V1,2026-02-08 13:13:01,2026-02-08 14:32:45,CW→CC,2026-02-08,,20062,20062,190,Estudiante
4075,302319026,Concepcion,Los Canelos,20059,L2,V1,2026-02-08 12:15:48,2026-02-08 13:53:33,CC→CW,2026-02-08,,20059,20053,280,Estudiante
4076,302319026,Los Canelos,Concepcion,20166,L2,V1,2026-02-08 19:15:05,2026-02-08 20:00:09,CW→CC,2026-02-08,,20166,20166,280,Estudiante
4077,302322162,Concepcion,Lomas Coloradas,20171,L2,V1,2026-02-08 20:53:01,2026-02-08 21:28:42,CC→CW,2026-02-08,,20171,20171,190,Estudiante
4078,302322191,Lomas Coloradas,Concepcion,20044,L2,V1,2026-02-08 10:26:58,2026-02-08 10:47:20,CW→CC,2026-02-08,,20044,20044,190,Estudiante
4079,302322290,Hito Galvarino,Concepcion,20066,L2,V1,2026-02-08 14:49:04,2026-02-08 15:23:19,CW→CC,2026-02-08,,20066,20066,280,Estudiante
4080,302322310,Lomas Coloradas,Diagonal Bio Bio,20056,L2,V1,2026-02-08 12:38:05,2026-02-08 12:51:23,CW→CC,2026-02-08,,20056,20053,170,Estudiante
4081,302322329,Concepcion,Cdal. Raul Silva Henriquez,20163,L2,V1,2026-02-08 19:00:22,2026-02-08 19:26:21,CC→CW,2026-02-08,,20163,20163,190,Estudiante
4082,302322622,Los Canelos,Concepcion,20056,L2,V1,2026-02-08 11:44:16,2026-02-08 13:07:04,CW→CC,2026-02-08,,20056,20056,280,Estudiante
4083,302322635,Concepcion,El Parque,20171,L2,V1,2026-02-08 21:00:18,2026-02-08 21:25:30,CC→CW,2026-02-08,,20171,20171,190,Estudiante
4084,302329280,Los Canelos,El Parque,20062,L2,V1,2026-02-08 13:51:04,2026-02-08 14:16:23,CW→CC,2026-02-08,,20062,20062,200,Estudiante
4085,302329280,El Parque,Los Canelos,20161,L2,V1,2026-02-08 18:12:38,2026-02-08 19:03:03,CC→CW,2026-02-08,,20161,20161,200,Estudiante
4086,302329501,Concepcion,Costa Mar,20167,L2,V1,2026-02-08 19:39:04,2026-02-08 20:17:40,CC→CW,2026-02-08,,20167,20167,190,Estudiante
4087,302329509,Cdal. Raul Silva Henriquez,Laguna Quinenco,20035,L2,V1,2026-02-08 10:23:51,2026-02-08 10:44:31,CC→CW,2026-02-08,,20035,,220,Estudiante
4088,302329509,Laguna Quinenco,Cdal. Raul Silva Henriquez,20068,L2,V1,2026-02-08 15:08:17,2026-02-08 16:01:48,CW→CC,2026-02-08,,20068,20068,220,Estudiante
4089,302332985,Cristo Redentor,Concepcion,20076,L2,V1,2026-02-08 16:49:26,2026-02-08 17:31:09,CW→CC,2026-02-08,,20076,20076,280,Estudiante
4090,302332985,Concepcion,Cristo Redentor,20167,L2,V1,2026-02-08 19:57:11,2026-02-08 20:41:55,CC→CW,2026-02-08,,20167,20167,280,Estudiante
4091,302345236,Cdal. Raul Silva Henriquez,Concepcion,20058,L2,V1,2026-02-08 12:51:39,2026-02-08 13:15:54,CW→CC,2026-02-08,,20058,20058,190,Estudiante
4092,302345567,Concepcion,Diagonal Bio Bio,20035,L2,V1,2026-02-08 09:43:03,2026-02-08 10:16:18,CC→CW,2026-02-08,combo_por_entrada,20035,20035,200,Estudiante
4093,302353145,Lomas Coloradas,Concepcion,20050,L2,V1,2026-02-08 11:16:40,2026-02-08 11:39:00,CW→CC,2026-02-08,,20050,20050,190,Estudiante
4094,302353207,Laguna Quinenco,Hito Galvarino,20076,L2,V1,2026-02-08 16:23:47,2026-02-08 16:58:53,CW→CC,2026-02-08,,20076,20076,180,Estudiante
4095,302353207,Hito Galvarino,Laguna Quinenco,20161,L2,V1,2026-02-08 18:51:41,2026-02-08 19:10:10,CC→CW,2026-02-08,,20161,20161,180,Estudiante
4096,302353244,Diagonal Bio Bio,Huinca,20063,L2,V1,2026-02-08 14:40:28,2026-02-08 15:11:47,CC→CW,2026-02-08,,20063,20063,230,Estudiante
4097,302353244,Concepcion,Diagonal Bio Bio,20167,L2,V1,2026-02-08 19:31:33,2026-02-08 20:12:04,CC→CW,2026-02-08,,20167,20167,190,Estudiante
4098,302353244,Diagonal Bio Bio,Coronel,20171,L2,V1,2026-02-08 21:10:35,2026-02-08 21:48:12,CC→CW,2026-02-08,,20171,,260,Estudiante
4099,312037020,Diagonal Bio Bio,Laguna Quinenco,20157,L2,V1,2026-02-08 17:38:58,2026-02-08 18:10:56,CC→CW,2026-02-08,,20157,,260,Estudiante
4100,312051933,Concepcion,Cristo Redentor,20049,L2,V1,2026-02-08 10:52:56,2026-02-08 12:08:23,CC→CW,2026-02-08,,20049,20049,280,Estudiante
4101,312068052,Huinca,Concepcion,20050,L2,V1,2026-02-08 10:56:08,2026-02-08 11:39:21,CW→CC,2026-02-08,,20050,20050,280,Estudiante
4102,312068052,Concepcion,Concepcion,,,N/A,2026-02-08 11:55:16,2026-02-08 11:55:46,,2026-02-08,no viajo,,,140,Estudiante
4103,312068052,Concepcion,Concepcion,,,N/A,2026-02-08 15:07:47,2026-02-08 15:09:11,,2026-02-08,no viajo,,,140,Estudiante
4104,312088495,Lomas Coloradas,Costa Mar,20066,L2,V1,2026-02-08 15:00:13,2026-02-08 15:08:28,CW→CC,2026-02-08,,20066,20063,140,Estudiante
4105,312088495,Cdal. Raul Silva Henriquez,Hito Galvarino,20171,L2,V1,2026-02-08 21:26:43,2026-02-08 21:34:56,CC→CW,2026-02-08,,20171,,200,Estudiante
4106,312093113,Concepcion,Los Canelos,20171,L2,V1,2026-02-08 20:46:23,2026-02-08 21:38:59,CC→CW,2026-02-08,,20171,,280,Estudiante
4107,312121415,Los Canelos,Diagonal Bio Bio,20040,L2,V1,2026-02-08 09:41:25,2026-02-08 10:12:51,CW→CC,2026-02-08,,20040,20040,220,Estudiante
4108,312121415,Juan Pablo II,Los Canelos,20163,L2,V1,2026-02-08 19:02:20,2026-02-08 19:35:25,CC→CW,2026-02-08,,20163,20163,220,Estudiante
4109,312130682,Pedro Medina,Lzo. Arenas,20844,L1,V1,2026-02-08 12:19:10,2026-02-08 13:02:57,HQ→TH,2026-02-08,,20844,20844,170,Estudiante
4110,312130927,Los Canelos,Lomas Coloradas,20056,L2,V1,2026-02-08 12:25:37,2026-02-08 13:40:35,CW→CC,2026-02-08,,20056,20056,200,Estudiante
4111,312130927,Lomas Coloradas,Concepcion,20066,L2,V1,2026-02-08 14:54:27,2026-02-08 15:26:05,CW→CC,2026-02-08,,20066,20066,190,Estudiante
4112,312130927,Concepcion,Los Canelos,20171,L2,V1,2026-02-08 20:37:30,2026-02-08 21:38:25,CC→CW,2026-02-08,,20171,,280,Estudiante
4113,312131299,Concepcion,Coronel,20049,L2,V1,2026-02-08 10:48:00,2026-02-08 12:14:29,CC→CW,2026-02-08,,20049,20049,290,Estudiante
4114,312131299,Cristo Redentor,Concepcion,20160,L2,V1,2026-02-08 17:38:46,2026-02-08 18:28:27,CW→CC,2026-02-08,,20160,20160,280,Estudiante
4115,312131420,Juan Pablo II,Laguna Quinenco,20153,L2,V1,2026-02-08 09:22:47,2026-02-08 10:00:59,CC→CW,2026-02-08,,20153,20153,260,Estudiante
4116,312131420,Laguna Quinenco,Juan Pablo II,20066,L2,V1,2026-02-08 14:30:50,2026-02-08 15:15:52,CW→CC,2026-02-08,,20066,20063,260,Estudiante
4117,312131933,Cristo Redentor,El Parque,20152,L2,V1,2026-02-08 08:28:26,2026-02-08 08:59:06,CW→CC,2026-02-08,,20152,20152,210,Estudiante
4118,312131933,El Parque,Cristo Redentor,20163,L2,V1,2026-02-08 19:08:31,2026-02-08 19:40:22,CC→CW,2026-02-08,,20163,20163,210,Estudiante
4119,312132830,Hito Galvarino,Concepcion,20040,L2,V1,2026-02-08 09:46:06,2026-02-08 10:22:13,CW→CC,2026-02-08,,20040,20040,280,Estudiante
4120,312133050,Concepcion,Juan Pablo II,20059,L2,V1,2026-02-08 12:59:42,2026-02-08 13:27:08,CC→CW,2026-02-08,,20059,20059,190,Estudiante
4121,312133050,Juan Pablo II,Concepcion,20166,L2,V1,2026-02-08 19:41:41,2026-02-08 20:00:16,CW→CC,2026-02-08,,20166,20166,190,Estudiante
4122,312133153,Alborada,Laguna Quinenco,20171,L2,V1,2026-02-08 21:12:26,2026-02-08 21:46:27,CC→CW,2026-02-08,,20171,,260,Estudiante
4123,312136716,Concepcion,Laguna Quinenco,20041,L2,V1,2026-02-08 10:11:45,2026-02-08 11:10:06,CC→CW,2026-02-08,,20041,20035,290,Estudiante
4124,312154657,Pedro Medina,Los Condores,20848,L1,V1,2026-02-08 20:39:49,2026-02-08 21:21:28,HQ→TH,2026-02-08,,20848,20848,180,Estudiante
4125,312171312,Hito Galvarino,Concepcion,20170,L2,V1,2026-02-08 20:23:40,2026-02-08 21:01:26,CW→CC,2026-02-08,,20170,20170,280,Estudiante
4126,312176504,Coronel,El Parque,20040,L2,V1,2026-02-08 09:37:33,2026-02-08 10:06:14,CW→CC,2026-02-08,,20040,20040,220,Estudiante
4127,312176504,Concepcion,El Parque,20167,L2,V1,2026-02-08 19:31:17,2026-02-08 20:20:06,CC→CW,2026-02-08,,20167,20167,190,Estudiante
4128,312184579,UTF Santa Maria,Manquimavida,20859,L1,V1,2026-02-08 12:41:41,2026-02-08 13:16:41,TH→HQ,2026-02-08,,20859,20859,180,Estudiante
4129,312184790,Costa Mar,Coronel,20149,L2,V1,2026-02-08 08:31:06,2026-02-08 09:15:15,CC→CW,2026-02-08,,20149,20149,220,Estudiante
4130,312191295,El Parque,Concepcion,20170,L2,V1,2026-02-08 20:30:24,2026-02-08 21:01:01,CW→CC,2026-02-08,,20170,20170,190,Estudiante
4131,312195003,Concepcion,Huinca,20149,L2,V1,2026-02-08 08:34:34,2026-02-08 09:54:58,CC→CW,2026-02-08,,20149,20149,280,Estudiante
4132,312195180,Hito Galvarino,Juan Pablo II,20152,L2,V1,2026-02-08 08:43:07,2026-02-08 09:09:28,CW→CC,2026-02-08,,20152,20152,220,Estudiante
4133,312195180,Juan Pablo II,Hito Galvarino,20171,L2,V1,2026-02-08 20:35:05,2026-02-08 21:35:20,CC→CW,2026-02-08,,20171,20167,220,Estudiante
4134,312198253,Alborada,Hito Galvarino,20067,L2,V1,2026-02-08 15:40:03,2026-02-08 15:59:13,CC→CW,2026-02-08,,20067,20067,220,Estudiante
4135,312204345,Laguna Quinenco,Alborada,20076,L2,V1,2026-02-08 16:41:24,2026-02-08 17:16:21,CW→CC,2026-02-08,,20076,20076,260,Estudiante
4136,312204345,Alborada,Laguna Quinenco,20171,L2,V1,2026-02-08 21:11:27,2026-02-08 21:46:29,CC→CW,2026-02-08,,20171,,260,Estudiante
4137,312212546,Mercado,Concepcion,20859,L1,V1,2026-02-08 12:24:08,2026-02-08 12:54:45,TH→HQ,2026-02-08,,20859,20859,180,Estudiante
4138,312212546,Concepcion,Cdal. Raul Silva Henriquez,20059,L2,V1,2026-02-08 13:12:35,2026-02-08 13:43:12,CC→CW,2026-02-08,,20059,20059,190,Estudiante
4139,312217011,Cdal. Raul Silva Henriquez,Juan Pablo II,20162,L2,V1,2026-02-08 18:27:40,2026-02-08 18:53:08,CW→CC,2026-02-08,,20162,20162,170,Estudiante
4140,312217142,Los Canelos,Cristo Redentor,20069,L2,V1,2026-02-08 17:09:29,2026-02-08 17:23:46,CC→CW,2026-02-08,,20069,20069,150,Estudiante
4141,312229641,Cristo Redentor,Concepcion,20156,L2,V1,2026-02-08 09:21:53,2026-02-08 10:02:09,CW→CC,2026-02-08,,20156,20156,280,Estudiante
4142,312229641,Concepcion,Coronel,20067,L2,V1,2026-02-08 15:15:15,2026-02-08 16:15:50,CC→CW,2026-02-08,,20067,20067,290,Estudiante
4143,312242002,Cristo Redentor,Concepcion,20050,L2,V1,2026-02-08 10:57:22,2026-02-08 11:38:14,CW→CC,2026-02-08,,20050,20050,280,Estudiante
4144,312242002,Concepcion,Cristo Redentor,20171,L2,V1,2026-02-08 20:25:11,2026-02-08 21:42:11,CC→CW,2026-02-08,,20171,,280,Estudiante
4145,312242229,Concepcion,Los Canelos,20069,L2,V1,2026-02-08 16:40:48,2026-02-08 17:18:56,CC→CW,2026-02-08,,20069,20069,280,Estudiante
4146,312242281,Concepcion,Lomas Coloradas,20153,L2,V1,2026-02-08 08:50:16,2026-02-08 09:38:59,CC→CW,2026-02-08,,20153,20153,190,Estudiante
4147,312244424,Concepcion,El Parque,20153,L2,V1,2026-02-08 09:08:41,2026-02-08 09:36:44,CC→CW,2026-02-08,,20153,20153,190,Estudiante
4148,312244424,El Parque,Concepcion,20170,L2,V1,2026-02-08 20:13:42,2026-02-08 21:01:22,CW→CC,2026-02-08,,20170,20170,190,Estudiante
4149,312246059,Concepcion,Costa Mar,20161,L2,V1,2026-02-08 18:25:03,2026-02-08 18:44:43,CC→CW,2026-02-08,,20161,20161,190,Estudiante
4150,312246094,Concepcion,Lomas Coloradas,20041,L2,V1,2026-02-08 10:25:37,2026-02-08 10:49:24,CC→CW,2026-02-08,,20041,20041,190,Estudiante
4151,312255935,Manquimavida,Los Condores,20844,L1,V1,2026-02-08 12:31:23,2026-02-08 13:09:26,HQ→TH,2026-02-08,,20844,20844,180,Estudiante
4152,312256102,El Parque,Concepcion,20170,L2,V1,2026-02-08 20:36:41,2026-02-08 21:01:14,CW→CC,2026-02-08,,20170,20170,190,Estudiante
4153,312256571,Concepcion,Los Canelos,20069,L2,V1,2026-02-08 16:18:12,2026-02-08 17:20:11,CC→CW,2026-02-08,,20069,20069,280,Estudiante
4154,312265748,Los Canelos,Laguna Quinenco,20157,L2,V1,2026-02-08 18:00:30,2026-02-08 18:10:46,CC→CW,2026-02-08,,20157,,180,Estudiante
4155,312270082,Concepcion,Coronel,20069,L2,V1,2026-02-08 16:41:47,2026-02-08 17:34:25,CC→CW,2026-02-08,,20069,20069,290,Estudiante
4156,312270286,Concepcion,Coronel,20069,L2,V1,2026-02-08 16:20:17,2026-02-08 17:31:04,CC→CW,2026-02-08,,20069,20069,290,Estudiante
4157,312270286,Coronel,Concepcion,20166,L2,V1,2026-02-08 19:09:35,2026-02-08 20:00:23,CW→CC,2026-02-08,,20166,20166,290,Estudiante
4158,312275598,Laguna Quinenco,Concepcion,20076,L2,V1,2026-02-08 16:34:13,2026-02-08 17:35:29,CW→CC,2026-02-08,,20076,20076,290,Estudiante
4159,312275750,Cdal. Raul Silva Henriquez,Diagonal Bio Bio,20160,L2,V1,2026-02-08 17:57:13,2026-02-08 18:17:10,CW→CC,2026-02-08,,20160,20160,170,Estudiante
4160,312275750,Juan Pablo II,Cdal. Raul Silva Henriquez,20167,L2,V1,2026-02-08 19:33:52,2026-02-08 20:26:48,CC→CW,2026-02-08,,20167,20167,170,Estudiante
4161,312281679,Lomas Coloradas,Concepcion,20076,L2,V1,2026-02-08 17:01:43,2026-02-08 17:48:14,CW→CC,2026-02-08,combo_por_entrada,20076,20846,200,Estudiante
4162,312281704,Concepcion,Hito Galvarino,20063,L2,V1,2026-02-08 14:26:23,2026-02-08 15:06:59,CC→CW,2026-02-08,,20063,20063,280,Estudiante
4163,312282956,Cristo Redentor,Concepcion,20156,L2,V1,2026-02-08 09:11:24,2026-02-08 10:01:56,CW→CC,2026-02-08,,20156,20156,280,Estudiante
4164,312282956,Concepcion,Coronel,20063,L2,V1,2026-02-08 13:50:26,2026-02-08 15:21:27,CC→CW,2026-02-08,,20063,20063,290,Estudiante
4165,312293819,Los Canelos,Concepcion,20050,L2,V1,2026-02-08 11:02:53,2026-02-08 11:39:06,CW→CC,2026-02-08,,20050,20050,280,Estudiante
4166,312302411,Lzo. Arenas,Pedro Medina,20859,L1,V1,2026-02-08 12:41:27,2026-02-08 13:13:38,TH→HQ,2026-02-08,,20859,20859,170,Estudiante
4167,312302416,Diagonal Bio Bio,Coronel,20163,L2,V1,2026-02-08 19:11:23,2026-02-08 19:45:43,CC→CW,2026-02-08,,20163,20163,260,Estudiante
4168,312302795,Cdal. Raul Silva Henriquez,Juan Pablo II,20162,L2,V1,2026-02-08 18:27:41,2026-02-08 18:53:07,CW→CC,2026-02-08,,20162,20162,170,Estudiante
4169,312302799,Los Canelos,Lomas Coloradas,20076,L2,V1,2026-02-08 16:54:10,2026-02-08 17:08:24,CW→CC,2026-02-08,,20076,20076,200,Estudiante
4170,312305853,Concepcion,Hito Galvarino,20161,L2,V1,2026-02-08 17:55:22,2026-02-08 18:59:36,CC→CW,2026-02-08,,20161,20161,280,Estudiante
4171,312340090,Lomas Coloradas,Los Canelos,20157,L2,V1,2026-02-08 17:41:52,2026-02-08 18:03:28,CC→CW,2026-02-08,,20157,,200,Estudiante
4172,312340148,Cristo Redentor,Concepcion,20076,L2,V1,2026-02-08 16:34:29,2026-02-08 17:30:27,CW→CC,2026-02-08,,20076,20076,280,Estudiante
4173,312340148,Concepcion,Cristo Redentor,20167,L2,V1,2026-02-08 19:39:11,2026-02-08 20:41:22,CC→CW,2026-02-08,,20167,20167,280,Estudiante
4174,312356079,Los Canelos,El Parque,20068,L2,V1,2026-02-08 15:32:43,2026-02-08 16:07:01,CW→CC,2026-02-08,,20068,20068,200,Estudiante
4175,312357445,Cdal. Raul Silva Henriquez,Juan Pablo II,20062,L2,V1,2026-02-08 13:58:24,2026-02-08 14:26:23,CW→CC,2026-02-08,,20062,20062,170,Estudiante
4176,312357445,Juan Pablo II,Cdal. Raul Silva Henriquez,20171,L2,V1,2026-02-08 20:56:49,2026-02-08 21:31:55,CC→CW,2026-02-08,,20171,20171,170,Estudiante
4177,312367393,Huinca,Lomas Coloradas,20052,L2,V1,2026-02-08 11:18:49,2026-02-08 11:43:05,CW→CC,2026-02-08,,20052,20052,210,Estudiante
4178,312367452,Juan Pablo II,Cdal. Raul Silva Henriquez,20059,L2,V1,2026-02-08 13:08:46,2026-02-08 13:43:39,CC→CW,2026-02-08,,20059,20059,170,Estudiante
4179,312367452,Cdal. Raul Silva Henriquez,Concepcion,20162,L2,V1,2026-02-08 18:29:23,2026-02-08 18:58:56,CW→CC,2026-02-08,,20162,20162,190,Estudiante
4180,312371563,Concepcion,Hito Galvarino,20069,L2,V1,2026-02-08 16:42:48,2026-02-08 17:17:15,CC→CW,2026-02-08,,20069,20069,280,Estudiante
4181,312371597,Concepcion,Concepcion,,,N/A,2026-02-08 16:52:31,2026-02-08 16:53:15,,2026-02-08,no viajo,,,140,Estudiante
4182,312371597,Concepcion,Concepcion,,,N/A,2026-02-08 19:10:01,2026-02-08 19:10:34,,2026-02-08,no viajo,,,140,Estudiante
4183,312371910,Diagonal Bio Bio,Los Canelos,20035,L2,V1,2026-02-08 10:10:24,2026-02-08 10:37:19,CC→CW,2026-02-08,,20035,,220,Estudiante
4184,312371910,Los Canelos,Diagonal Bio Bio,20162,L2,V1,2026-02-08 18:20:36,2026-02-08 18:50:19,CW→CC,2026-02-08,,20162,20162,220,Estudiante
4185,312373496,Concepcion,Los Canelos,20157,L2,V1,2026-02-08 17:25:53,2026-02-08 18:03:54,CC→CW,2026-02-08,,20157,,280,Estudiante
4186,312373682,Coronel,Concepcion,20056,L2,V1,2026-02-08 12:10:10,2026-02-08 13:05:54,CW→CC,2026-02-08,,20056,20056,290,Estudiante
4187,312373682,Concepcion,Concepcion,,,N/A,2026-02-08 15:17:00,2026-02-08 15:17:57,,2026-02-08,no viajo,,,140,Estudiante
4188,312382057,Concepcion,Concepcion,,,N/A,2026-02-08 18:36:00,2026-02-08 18:37:47,,2026-02-08,no viajo,,,140,Estudiante
4189,312382104,Huinca,Concepcion,20044,L2,V1,2026-02-08 10:06:37,2026-02-08 10:47:26,CW→CC,2026-02-08,,20044,20044,280,Estudiante
4190,312382104,Concepcion,Huinca,20167,L2,V1,2026-02-08 19:38:55,2026-02-08 20:38:59,CC→CW,2026-02-08,,20167,20167,280,Estudiante
4191,312382722,Concepcion,Concepcion,,,N/A,2026-02-08 16:52:27,2026-02-08 16:53:11,,2026-02-08,no viajo,,,140,Estudiante
4192,312382722,Concepcion,Concepcion,,,N/A,2026-02-08 19:10:01,2026-02-08 19:10:33,,2026-02-08,no viajo,,,140,Estudiante
4193,312389577,Huinca,Concepcion,20068,L2,V1,2026-02-08 15:37:51,2026-02-08 16:24:06,CW→CC,2026-02-08,,20068,20068,280,Estudiante
4194,312389831,El Parque,Concepcion,20170,L2,V1,2026-02-08 20:18:23,2026-02-08 21:00:46,CW→CC,2026-02-08,,20170,20170,190,Estudiante
4195,312391439,Coronel,Concepcion,20050,L2,V1,2026-02-08 10:27:13,2026-02-08 11:39:10,CW→CC,2026-02-08,,20050,20050,290,Estudiante
4196,312405120,El Parque,Juan Pablo II,20170,L2,V1,2026-02-08 20:36:40,2026-02-08 20:54:07,CW→CC,2026-02-08,,20170,20170,170,Estudiante
4197,312405150,Concepcion,Cdal. Raul Silva Henriquez,20167,L2,V1,2026-02-08 19:49:31,2026-02-08 20:26:30,CC→CW,2026-02-08,,20167,20167,190,Estudiante
4198,312405322,Cdal. Raul Silva Henriquez,Huinca,20157,L2,V1,2026-02-08 17:43:12,2026-02-08 18:05:39,CC→CW,2026-02-08,,20157,,210,Estudiante
4199,312405322,Huinca,Cdal. Raul Silva Henriquez,20166,L2,V1,2026-02-08 19:18:46,2026-02-08 19:38:45,CW→CC,2026-02-08,,20166,20166,210,Estudiante
4200,312408137,Concepcion,Coronel,20041,L2,V1,2026-02-08 10:20:39,2026-02-08 11:14:42,CC→CW,2026-02-08,,20041,20041,290,Estudiante
4201,312408137,Coronel,Concepcion,20162,L2,V1,2026-02-08 17:59:55,2026-02-08 18:59:37,CW→CC,2026-02-08,,20162,20162,290,Estudiante
4202,312408291,Costa Mar,Concepcion,20066,L2,V1,2026-02-08 15:02:33,2026-02-08 15:23:23,CW→CC,2026-02-08,,20066,20066,190,Estudiante
4203,312408765,Laguna Quinenco,El Parque,20040,L2,V1,2026-02-08 09:28:49,2026-02-08 10:05:56,CW→CC,2026-02-08,,20040,20040,220,Estudiante
4204,312413298,Concepcion,Costa Mar,20171,L2,V1,2026-02-08 20:32:10,2026-02-08 21:24:05,CC→CW,2026-02-08,match_por_salida_fallback,20171,20171,200,Estudiante
4205,312417224,Concepcion,Concepcion,,,N/A,2026-02-08 20:14:56,2026-02-08 20:17:31,,2026-02-08,no viajo,,,140,Estudiante
4206,312417224,Concepcion,Lomas Coloradas,20171,L2,V1,2026-02-08 20:46:04,2026-02-08 21:28:08,CC→CW,2026-02-08,,20171,20171,190,Estudiante
4207,312420590,Concepcion,Hito Galvarino,20059,L2,V1,2026-02-08 13:09:04,2026-02-08 13:50:01,CC→CW,2026-02-08,,20059,20059,280,Estudiante
4208,312420677,Manquimavida,Los Condores,20880,L1,V1,2026-02-08 21:02:12,2026-02-08 22:57:41,HQ→TH,2026-02-08,,20880,20880,180,Estudiante
4209,312421692,Mercado,Lzo. Arenas,20859,L1,V1,2026-02-08 12:22:37,2026-02-08 12:49:48,TH→HQ,2026-02-08,,20859,20859,180,Estudiante
4210,312421692,Lzo. Arenas,Mercado,20848,L1,V1,2026-02-08 20:46:04,2026-02-08 21:31:40,HQ→TH,2026-02-08,,20848,20848,180,Estudiante
4211,312422270,Concepcion,Lomas Coloradas,20049,L2,V1,2026-02-08 11:25:39,2026-02-08 11:50:59,CC→CW,2026-02-08,,20049,20049,190,Estudiante
4212,312422270,Lomas Coloradas,Concepcion,20170,L2,V1,2026-02-08 20:08:58,2026-02-08 21:00:04,CW→CC,2026-02-08,,20170,20170,190,Estudiante
4213,312422293,Concepcion,Coronel,20149,L2,V1,2026-02-08 07:57:06,2026-02-08 09:15:11,CC→CW,2026-02-08,,20149,20149,290,Estudiante
4214,312424576,Concepcion,Lomas Coloradas,20157,L2,V1,2026-02-08 17:10:41,2026-02-08 17:53:29,CC→CW,2026-02-08,,20157,20157,190,Estudiante
4215,312424576,Lomas Coloradas,Concepcion,20166,L2,V1,2026-02-08 19:39:38,2026-02-08 19:59:20,CW→CC,2026-02-08,,20166,20166,190,Estudiante
4216,312425430,Huinca,Diagonal Bio Bio,20068,L2,V1,2026-02-08 15:40:55,2026-02-08 16:14:02,CW→CC,2026-02-08,,20068,20068,230,Estudiante
4217,312425430,Juan Pablo II,Huinca,20161,L2,V1,2026-02-08 18:30:50,2026-02-08 19:05:48,CC→CW,2026-02-08,,20161,20161,230,Estudiante
4218,312426564,Concepcion,Concepcion,,,N/A,2026-02-08 12:44:32,2026-02-08 12:45:03,,2026-02-08,no viajo,,,140,Estudiante
4219,312426564,Concepcion,Concepcion,,,N/A,2026-02-08 20:37:20,2026-02-08 20:39:00,,2026-02-08,no viajo,,,140,Estudiante
4220,312426575,Concepcion,Cristo Redentor,20167,L2,V1,2026-02-08 19:31:40,2026-02-08 20:41:26,CC→CW,2026-02-08,,20167,20167,280,Estudiante
4221,312426582,Juan Pablo II,Alborada,20069,L2,V1,2026-02-08 16:35:03,2026-02-08 16:57:12,CC→CW,2026-02-08,,20069,20069,150,Estudiante
4222,312433411,Cdal. Raul Silva Henriquez,Juan Pablo II,20152,L2,V1,2026-02-08 08:49:14,2026-02-08 09:09:30,CW→CC,2026-02-08,,20152,20152,170,Estudiante
4223,312433563,Cdal. Raul Silva Henriquez,Concepcion,20050,L2,V1,2026-02-08 11:15:34,2026-02-08 11:38:34,CW→CC,2026-02-08,,20050,20050,190,Estudiante
4224,312436115,Lzo. Arenas,Manquimavida,20845,L1,V1,2026-02-08 16:13:37,2026-02-08 16:45:35,TH→HQ,2026-02-08,,20845,20845,170,Estudiante
4225,312436289,Diagonal Bio Bio,El Parque,20153,L2,V1,2026-02-08 09:18:30,2026-02-08 09:36:42,CC→CW,2026-02-08,,20153,20153,170,Estudiante
4226,312440629,El Parque,Lomas Coloradas,20167,L2,V1,2026-02-08 20:15:59,2026-02-08 20:22:45,CC→CW,2026-02-08,,20167,20167,140,Estudiante
4227,312440835,Diagonal Bio Bio,Coronel,20167,L2,V1,2026-02-08 19:21:02,2026-02-08 20:46:24,CC→CW,2026-02-08,,20167,20167,260,Estudiante
4228,312450005,Diagonal Bio Bio,Cdal. Raul Silva Henriquez,20069,L2,V1,2026-02-08 16:31:05,2026-02-08 17:26:19,CC→CW,2026-02-08,,20069,20069,170,Estudiante
4229,312450058,Concepcion,Los Canelos,20067,L2,V1,2026-02-08 15:24:47,2026-02-08 16:03:08,CC→CW,2026-02-08,,20067,20067,280,Estudiante
4230,312450082,Concepcion,Hualqui,20847,L1,V1,2026-02-08 19:53:48,2026-02-08 21:02:16,TH→HQ,2026-02-08,,20847,20847,180,Estudiante
4231,312450253,Mercado,Concepcion,20857,L1,V1,2026-02-08 08:23:18,2026-02-08 08:56:54,TH→HQ,2026-02-08,,20857,20857,180,Estudiante
4232,312450253,Concepcion,Mercado,20844,L1,V1,2026-02-08 12:45:18,2026-02-08 13:18:36,HQ→TH,2026-02-08,,20844,20844,180,Estudiante
4233,312450315,Cristo Redentor,El Parque,20166,L2,V1,2026-02-08 19:18:09,2026-02-08 19:44:32,CW→CC,2026-02-08,,20166,20166,210,Estudiante
4234,312460861,Costa Mar,Concepcion,20050,L2,V1,2026-02-08 11:18:43,2026-02-08 11:38:39,CW→CC,2026-02-08,,20050,20050,190,Estudiante
4235,312461162,Hualqui,Los Condores,20880,L1,V1,2026-02-08 21:01:23,2026-02-08 22:57:49,HQ→TH,2026-02-08,,20880,20880,190,Estudiante
4236,312461277,Diagonal Bio Bio,Lomas Coloradas,20157,L2,V1,2026-02-08 17:31:33,2026-02-08 17:53:03,CC→CW,2026-02-08,,20157,20157,170,Estudiante
4237,312466447,Concepcion,Laguna Quinenco,20163,L2,V1,2026-02-08 18:50:34,2026-02-08 19:43:20,CC→CW,2026-02-08,,20163,20163,290,Estudiante
4238,312466668,Cristo Redentor,Concepcion,20052,L2,V1,2026-02-08 11:18:41,2026-02-08 12:02:59,CW→CC,2026-02-08,,20052,20052,280,Estudiante
4239,312466668,Concepcion,Cristo Redentor,20059,L2,V1,2026-02-08 13:13:15,2026-02-08 13:59:07,CC→CW,2026-02-08,,20059,20059,280,Estudiante
4240,312467076,Coronel,Laguna Quinenco,20166,L2,V1,2026-02-08 18:40:15,2026-02-08 19:21:43,CW→CC,2026-02-08,,20166,20166,150,Estudiante
4241,312467108,Lomas Coloradas,Concepcion,20166,L2,V1,2026-02-08 19:36:28,2026-02-08 20:01:21,CW→CC,2026-02-08,,20166,20166,190,Estudiante
4242,312477461,Concepcion,Lomas Coloradas,20063,L2,V1,2026-02-08 13:56:17,2026-02-08 14:57:50,CC→CW,2026-02-08,,20063,20063,190,Estudiante
4243,312477730,Huinca,Concepcion,20056,L2,V1,2026-02-08 12:23:04,2026-02-08 13:04:46,CW→CC,2026-02-08,,20056,20056,280,Estudiante
4244,312477789,Cdal. Raul Silva Henriquez,Juan Pablo II,20050,L2,V1,2026-02-08 11:11:28,2026-02-08 11:31:41,CW→CC,2026-02-08,,20050,20050,170,Estudiante
4245,312478025,Concepcion,Concepcion,,,N/A,2026-02-08 13:52:24,2026-02-08 13:54:00,,2026-02-08,no viajo,,,140,Estudiante
4246,312478025,Concepcion,Coronel,20167,L2,V1,2026-02-08 19:34:10,2026-02-08 20:45:56,CC→CW,2026-02-08,,20167,20167,290,Estudiante
4247,312478188,Laguna Quinenco,Concepcion,20160,L2,V1,2026-02-08 17:37:27,2026-02-08 18:28:13,CW→CC,2026-02-08,,20160,20160,290,Estudiante
4248,312479881,Concepcion,Cristo Redentor,20041,L2,V1,2026-02-08 10:07:54,2026-02-08 11:08:15,CC→CW,2026-02-08,,20041,20035,280,Estudiante
4249,312479881,Cristo Redentor,Concepcion,20160,L2,V1,2026-02-08 17:22:56,2026-02-08 18:31:52,CW→CC,2026-02-08,,20160,20160,280,Estudiante
4250,312480169,Laguna Quinenco,El Parque,20056,L2,V1,2026-02-08 12:16:43,2026-02-08 12:44:44,CW→CC,2026-02-08,,20056,20056,220,Estudiante
4251,312485102,Costa Mar,El Parque,20149,L2,V1,2026-02-08 08:31:32,2026-02-08 08:49:32,CC→CW,2026-02-08,,20149,20149,140,Estudiante
4252,312485102,El Parque,Alborada,20170,L2,V1,2026-02-08 20:23:13,2026-02-08 20:48:49,CW→CC,2026-02-08,,20170,20170,170,Estudiante
4253,312485242,Hito Galvarino,Laguna Quinenco,20161,L2,V1,2026-02-08 18:55:29,2026-02-08 19:10:51,CC→CW,2026-02-08,,20161,20161,180,Estudiante
4254,312485254,Concepcion,Huinca,20163,L2,V1,2026-02-08 18:53:20,2026-02-08 19:38:29,CC→CW,2026-02-08,,20163,20163,280,Estudiante
4255,312485411,Concepcion,Huinca,20161,L2,V1,2026-02-08 18:28:51,2026-02-08 19:05:49,CC→CW,2026-02-08,,20161,20161,280,Estudiante
4256,312485535,Lomas Coloradas,Concepcion,20040,L2,V1,2026-02-08 09:52:27,2026-02-08 10:22:13,CW→CC,2026-02-08,,20040,20040,190,Estudiante
4257,312487026,Concepcion,Hito Galvarino,20163,L2,V1,2026-02-08 18:50:17,2026-02-08 19:32:20,CC→CW,2026-02-08,,20163,20163,280,Estudiante
4258,312497412,Huinca,Concepcion,20166,L2,V1,2026-02-08 19:04:30,2026-02-08 20:00:27,CW→CC,2026-02-08,,20166,20166,280,Estudiante
4259,312497602,Concepcion,Los Canelos,20049,L2,V1,2026-02-08 11:23:21,2026-02-08 12:03:41,CC→CW,2026-02-08,,20049,20049,280,Estudiante
4260,312497602,Los Canelos,Hito Galvarino,20170,L2,V1,2026-02-08 20:26:26,2026-02-08 20:31:03,CW→CC,2026-02-08,,20170,20170,150,Estudiante
4261,312497830,Concepcion,Huinca,20167,L2,V1,2026-02-08 19:58:22,2026-02-08 20:38:03,CC→CW,2026-02-08,,20167,20167,280,Estudiante
4262,312497873,Concepcion,Coronel,20069,L2,V1,2026-02-08 15:25:11,2026-02-08 17:31:52,CC→CW,2026-02-08,combo_por_entrada,20069,20069,300,Estudiante
4263,312497873,Concepcion,Mercado,20848,L1,V1,2026-02-08 19:56:49,2026-02-08 21:32:19,HQ→TH,2026-02-08,match_por_salida_fallback,20848,20848,300,Estudiante
4264,312498039,Cdal. Raul Silva Henriquez,Diagonal Bio Bio,20044,L2,V1,2026-02-08 10:20:27,2026-02-08 10:38:00,CW→CC,2026-02-08,,20044,20044,170,Estudiante
4265,312498045,Concepcion,Laguna Quinenco,20161,L2,V1,2026-02-08 18:27:12,2026-02-08 19:10:11,CC→CW,2026-02-08,,20161,20161,290,Estudiante
4266,312498054,Concepcion,Concepcion,,,N/A,2026-02-08 16:19:22,2026-02-08 16:21:43,,2026-02-08,no viajo,,,140,Estudiante
4267,312504449,Cdal. Raul Silva Henriquez,Concepcion,20050,L2,V1,2026-02-08 11:13:38,2026-02-08 11:39:01,CW→CC,2026-02-08,,20050,20050,190,Estudiante
4268,312504472,Concepcion,Coronel,20059,L2,V1,2026-02-08 12:59:48,2026-02-08 14:03:30,CC→CW,2026-02-08,,20059,20059,290,Estudiante
4269,312504599,Hito Galvarino,Concepcion,20050,L2,V1,2026-02-08 11:08:30,2026-02-08 11:38:09,CW→CC,2026-02-08,,20050,20050,280,Estudiante
4270,312504866,Costa Mar,Hito Galvarino,20167,L2,V1,2026-02-08 20:06:12,2026-02-08 20:32:46,CC→CW,2026-02-08,,20167,20167,200,Estudiante
4271,312504875,Coronel,Cristo Redentor,20160,L2,V1,2026-02-08 17:41:06,2026-02-08 17:51:21,CW→CC,2026-02-08,,20160,20160,150,Estudiante
4272,312505011,Los Canelos,Laguna Quinenco,20059,L2,V1,2026-02-08 13:47:17,2026-02-08 14:00:19,CC→CW,2026-02-08,,20059,20059,180,Estudiante
4273,312505139,Huinca,Concepcion,20052,L2,V1,2026-02-08 11:19:36,2026-02-08 12:02:50,CW→CC,2026-02-08,,20052,20052,280,Estudiante
4274,312505146,Los Canelos,Concepcion,20068,L2,V1,2026-02-08 15:47:44,2026-02-08 16:26:10,CW→CC,2026-02-08,,20068,20068,280,Estudiante
4275,312505146,Concepcion,Los Canelos,20167,L2,V1,2026-02-08 19:49:49,2026-02-08 20:38:07,CC→CW,2026-02-08,,20167,20167,280,Estudiante
4276,312505290,Lomas Coloradas,Concepcion,20062,L2,V1,2026-02-08 14:03:21,2026-02-08 14:33:32,CW→CC,2026-02-08,,20062,20062,190,Estudiante
4277,312506032,Coronel,Concepcion,20160,L2,V1,2026-02-08 17:40:54,2026-02-08 18:27:14,CW→CC,2026-02-08,,20160,20160,290,Estudiante
4278,312506073,Cdal. Raul Silva Henriquez,Concepcion,20062,L2,V1,2026-02-08 14:06:19,2026-02-08 14:32:38,CW→CC,2026-02-08,,20062,20062,190,Estudiante
4279,312506073,Concepcion,Concepcion,,,N/A,2026-02-08 16:20:00,2026-02-08 16:21:15,,2026-02-08,no viajo,,,140,Estudiante
4280,312506170,Diagonal Bio Bio,Concepcion,20156,L2,V1,2026-02-08 09:50:15,2026-02-08 10:02:24,CW→CC,2026-02-08,,20156,20156,190,Estudiante
4281,312506170,Concepcion,Diagonal Bio Bio,20161,L2,V1,2026-02-08 18:23:26,2026-02-08 18:40:30,CC→CW,2026-02-08,,20161,20161,190,Estudiante
4282,312506221,Cdal. Raul Silva Henriquez,Huinca,20067,L2,V1,2026-02-08 15:32:14,2026-02-08 16:05:15,CC→CW,2026-02-08,,20067,20067,210,Estudiante
4283,312508143,Concepcion,El Parque,20153,L2,V1,2026-02-08 09:06:59,2026-02-08 09:36:15,CC→CW,2026-02-08,,20153,20153,190,Estudiante
4284,312508170,Concepcion,Concepcion,,,N/A,2026-02-08 16:24:29,2026-02-08 16:26:50,,2026-02-08,no viajo,,,140,Estudiante
4285,312515850,Los Canelos,Concepcion,20170,L2,V1,2026-02-08 20:25:09,2026-02-08 21:01:17,CW→CC,2026-02-08,,20170,20170,280,Estudiante
4286,312522531,Coronel,Concepcion,20062,L2,V1,2026-02-08 13:43:33,2026-02-08 14:32:44,CW→CC,2026-02-08,,20062,20062,290,Estudiante
4287,312522669,Cristo Redentor,Concepcion,20156,L2,V1,2026-02-08 09:22:21,2026-02-08 10:01:52,CW→CC,2026-02-08,,20156,20156,280,Estudiante
4288,312522669,Concepcion,Cristo Redentor,20059,L2,V1,2026-02-08 13:00:39,2026-02-08 13:57:38,CC→CW,2026-02-08,,20059,20059,280,Estudiante
4289,312522802,Costa Mar,El Parque,20063,L2,V1,2026-02-08 14:08:42,2026-02-08 14:56:41,CC→CW,2026-02-08,,20063,20063,140,Estudiante
4290,312522802,El Parque,Coronel,20067,L2,V1,2026-02-08 15:30:55,2026-02-08 16:17:07,CC→CW,2026-02-08,,20067,20067,220,Estudiante
4291,312524404,Cristo Redentor,Concepcion,20062,L2,V1,2026-02-08 13:52:04,2026-02-08 14:33:22,CW→CC,2026-02-08,,20062,20062,280,Estudiante
4292,312524637,Cdal. Raul Silva Henriquez,Hito Galvarino,20069,L2,V1,2026-02-08 16:55:49,2026-02-08 17:14:56,CC→CW,2026-02-08,,20069,20069,200,Estudiante
4293,312524755,Juan Pablo II,Los Canelos,20153,L2,V1,2026-02-08 09:07:56,2026-02-08 09:52:28,CC→CW,2026-02-08,,20153,20153,220,Estudiante
4294,312524755,Los Canelos,Juan Pablo II,20056,L2,V1,2026-02-08 12:11:39,2026-02-08 12:54:29,CW→CC,2026-02-08,,20056,20053,220,Estudiante
4295,312524836,Concepcion,Laguna Quinenco,20067,L2,V1,2026-02-08 15:08:46,2026-02-08 16:11:35,CC→CW,2026-02-08,,20067,20067,290,Estudiante
4296,312535064,Concepcion,El Parque,20067,L2,V1,2026-02-08 15:14:35,2026-02-08 15:48:06,CC→CW,2026-02-08,,20067,20067,190,Estudiante
4297,312535064,El Parque,Concepcion,20076,L2,V1,2026-02-08 17:00:14,2026-02-08 17:30:16,CW→CC,2026-02-08,,20076,20076,190,Estudiante
4298,312537479,Concepcion,Los Canelos,20041,L2,V1,2026-02-08 10:07:56,2026-02-08 11:02:55,CC→CW,2026-02-08,,20041,20035,280,Estudiante
4299,312537496,Cristo Redentor,Los Canelos,20152,L2,V1,2026-02-08 08:37:03,2026-02-08 08:43:09,CW→CC,2026-02-08,,20152,20152,150,Estudiante
4300,312537687,Coronel,Concepcion,20050,L2,V1,2026-02-08 10:27:12,2026-02-08 11:39:05,CW→CC,2026-02-08,,20050,20050,290,Estudiante
4301,312537776,Huinca,Concepcion,20044,L2,V1,2026-02-08 09:50:59,2026-02-08 10:47:33,CW→CC,2026-02-08,,20044,20040,280,Estudiante
4302,312538407,Concepcion,Cristo Redentor,20063,L2,V1,2026-02-08 14:12:14,2026-02-08 15:15:10,CC→CW,2026-02-08,,20063,20063,280,Estudiante
4303,312538523,Huinca,Laguna Quinenco,20067,L2,V1,2026-02-08 16:02:17,2026-02-08 16:10:57,CC→CW,2026-02-08,,20067,20067,150,Estudiante
4304,312538581,Concepcion,El Parque,20153,L2,V1,2026-02-08 09:10:39,2026-02-08 09:36:22,CC→CW,2026-02-08,,20153,20153,190,Estudiante
4305,312538581,El Parque,Concepcion,20170,L2,V1,2026-02-08 20:29:28,2026-02-08 21:01:19,CW→CC,2026-02-08,,20170,20170,190,Estudiante
4306,312538624,Concepcion,Coronel,20069,L2,V1,2026-02-08 16:38:57,2026-02-08 17:30:30,CC→CW,2026-02-08,,20069,20069,290,Estudiante
4307,312538703,Laguna Quinenco,El Parque,20152,L2,V1,2026-02-08 08:30:08,2026-02-08 09:00:18,CW→CC,2026-02-08,,20152,20152,220,Estudiante
4308,312538726,Concepcion,Mercado,20850,L1,V1,2026-02-08 09:38:22,2026-02-08 10:28:16,HQ→TH,2026-02-08,,20850,20850,180,Estudiante
4309,312538726,Mercado,Concepcion,20859,L1,V1,2026-02-08 12:26:20,2026-02-08 12:55:20,TH→HQ,2026-02-08,,20859,20859,180,Estudiante
4310,312538843,Mercado,Concepcion,20847,L1,V1,2026-02-08 19:41:31,2026-02-08 20:26:02,TH→HQ,2026-02-08,,20847,20847,180,Estudiante
4311,312538843,Concepcion,Cristo Redentor,20171,L2,V1,2026-02-08 21:00:58,2026-02-08 21:42:59,CC→CW,2026-02-08,,20171,,280,Estudiante
4312,312538851,Concepcion,Los Canelos,20041,L2,V1,2026-02-08 10:25:19,2026-02-08 11:02:32,CC→CW,2026-02-08,,20041,20041,280,Estudiante
4313,312538851,Los Canelos,Concepcion,20162,L2,V1,2026-02-08 18:20:39,2026-02-08 18:59:57,CW→CC,2026-02-08,,20162,20162,280,Estudiante
4314,312540369,Juan Pablo II,El Parque,20035,L2,V1,2026-02-08 10:07:36,2026-02-08 10:23:33,CC→CW,2026-02-08,,20035,20035,170,Estudiante
4315,312540552,Coronel,Los Canelos,20152,L2,V1,2026-02-08 08:23:36,2026-02-08 08:43:23,CW→CC,2026-02-08,,20152,20152,180,Estudiante
4316,312540552,Los Canelos,Coronel,20171,L2,V1,2026-02-08 21:32:37,2026-02-08 21:49:03,CC→CW,2026-02-08,,20171,,180,Estudiante
4317,312540566,Diagonal Bio Bio,Costa Mar,20171,L2,V1,2026-02-08 21:08:29,2026-02-08 21:22:07,CC→CW,2026-02-08,,20171,,170,Estudiante
4318,312540673,Concepcion,Los Canelos,20171,L2,V1,2026-02-08 20:36:22,2026-02-08 21:38:38,CC→CW,2026-02-08,,20171,,280,Estudiante
4319,312540811,Hualqui,Concepcion,,,N/A,2026-02-08 12:27:49,2026-02-08 12:58:26,,2026-02-08,sin_combo_factible_en_hub|sin_s1_factible_retro,,,180,Estudiante
4320,312541340,Los Canelos,Concepcion,20066,L2,V1,2026-02-08 14:44:28,2026-02-08 15:24:01,CW→CC,2026-02-08,,20066,20066,280,Estudiante
4321,312551884,Cristo Redentor,Laguna Quinenco,20149,L2,V1,2026-02-08 08:58:24,2026-02-08 09:11:49,CC→CW,2026-02-08,,20149,20149,150,Estudiante
4322,312551922,Concepcion,Concepcion,,,N/A,2026-02-08 19:57:45,2026-02-08 19:58:34,,2026-02-08,no viajo,,,140,Estudiante
4323,312551949,Concepcion,Concepcion,,,N/A,2026-02-08 13:57:41,2026-02-08 13:58:17,,2026-02-08,no viajo,,,140,Estudiante
4324,312551949,Concepcion,Concepcion,,,N/A,2026-02-08 19:50:02,2026-02-08 19:50:31,,2026-02-08,no viajo,,,140,Estudiante
4325,312552106,Concepcion,Hualqui,20847,L1,V1,2026-02-08 20:19:57,2026-02-08 21:02:25,TH→HQ,2026-02-08,,20847,20847,180,Estudiante
4326,312552215,Costa Mar,Concepcion,20160,L2,V1,2026-02-08 17:59:06,2026-02-08 18:27:51,CW→CC,2026-02-08,,20160,20160,190,Estudiante
4327,312555417,Cristo Redentor,El Parque,20066,L2,V1,2026-02-08 14:41:25,2026-02-08 15:07:10,CW→CC,2026-02-08,,20066,20066,210,Estudiante
4328,312555417,El Parque,Huinca,20067,L2,V1,2026-02-08 15:30:09,2026-02-08 16:05:30,CC→CW,2026-02-08,,20067,20067,210,Estudiante
4329,312555664,Concepcion,Laguna Quinenco,20157,L2,V1,2026-02-08 17:22:50,2026-02-08 18:10:26,CC→CW,2026-02-08,,20157,,290,Estudiante
4330,312555835,Coronel,Concepcion,20062,L2,V1,2026-02-08 12:51:21,2026-02-08 14:32:46,CW→CC,2026-02-08,,20062,20062,290,Estudiante
4331,312555835,Concepcion,Coronel,20161,L2,V1,2026-02-08 18:11:28,2026-02-08 19:13:24,CC→CW,2026-02-08,,20161,20161,290,Estudiante
4332,312555960,Coronel,Concepcion,20152,L2,V1,2026-02-08 08:23:58,2026-02-08 09:16:30,CW→CC,2026-02-08,,20152,20152,290,Estudiante
4333,312555967,Los Canelos,Concepcion,20066,L2,V1,2026-02-08 14:47:38,2026-02-08 15:24:43,CW→CC,2026-02-08,,20066,20066,280,Estudiante
4334,312555967,Concepcion,Los Canelos,20167,L2,V1,2026-02-08 19:53:43,2026-02-08 20:36:24,CC→CW,2026-02-08,,20167,20167,280,Estudiante
4335,312559361,Costa Mar,Juan Pablo II,20160,L2,V1,2026-02-08 18:07:30,2026-02-08 18:20:14,CW→CC,2026-02-08,,20160,20160,170,Estudiante
4336,312559425,Costa Mar,El Parque,20153,L2,V1,2026-02-08 09:30:18,2026-02-08 09:36:15,CC→CW,2026-02-08,,20153,20153,140,Estudiante
4337,312559425,El Parque,Costa Mar,20162,L2,V1,2026-02-08 18:18:31,2026-02-08 18:45:06,CW→CC,2026-02-08,,20162,20162,140,Estudiante
4338,312559467,Laguna Quinenco,Concepcion,20076,L2,V1,2026-02-08 16:27:56,2026-02-08 17:30:22,CW→CC,2026-02-08,,20076,20076,290,Estudiante
4339,312559599,Diagonal Bio Bio,Lomas Coloradas,20041,L2,V1,2026-02-08 10:20:17,2026-02-08 10:49:26,CC→CW,2026-02-08,,20041,20035,170,Estudiante
4340,312559599,Lomas Coloradas,Diagonal Bio Bio,20052,L2,V1,2026-02-08 11:38:57,2026-02-08 11:52:58,CW→CC,2026-02-08,,20052,20052,170,Estudiante
4341,312559638,Concepcion,El Parque,20069,L2,V1,2026-02-08 16:31:40,2026-02-08 17:03:55,CC→CW,2026-02-08,,20069,20069,190,Estudiante
4342,312559753,Cdal. Raul Silva Henriquez,El Parque,20068,L2,V1,2026-02-08 15:53:58,2026-02-08 16:07:20,CW→CC,2026-02-08,,20068,20068,140,Estudiante
4343,312559753,El Parque,Cdal. Raul Silva Henriquez,20157,L2,V1,2026-02-08 17:48:13,2026-02-08 17:55:59,CC→CW,2026-02-08,,20157,,140,Estudiante
4344,312559762,Concepcion,Costa Mar,20161,L2,V1,2026-02-08 18:24:41,2026-02-08 18:46:08,CC→CW,2026-02-08,,20161,20161,190,Estudiante
4345,312559858,Costa Mar,Cdal. Raul Silva Henriquez,20049,L2,V1,2026-02-08 11:37:31,2026-02-08 11:53:30,CC→CW,2026-02-08,,20049,20049,140,Estudiante
4346,312560880,Huinca,Laguna Quinenco,20067,L2,V1,2026-02-08 16:03:16,2026-02-08 16:12:24,CC→CW,2026-02-08,,20067,20067,150,Estudiante
4347,312561091,Laguna Quinenco,Hito Galvarino,20162,L2,V1,2026-02-08 18:09:31,2026-02-08 18:31:00,CW→CC,2026-02-08,,20162,20162,180,Estudiante
4348,312561258,Concepcion,El Parque,20049,L2,V1,2026-02-08 11:24:28,2026-02-08 11:47:52,CC→CW,2026-02-08,,20049,20049,190,Estudiante
4349,312561294,Manquimavida,Hualqui,20859,L1,V1,2026-02-08 12:58:36,2026-02-08 13:30:11,TH→HQ,2026-02-08,,20859,20859,170,Estudiante
4350,312561402,Laguna Quinenco,Juan Pablo II,20160,L2,V1,2026-02-08 17:44:32,2026-02-08 18:20:04,CW→CC,2026-02-08,,20160,20160,260,Estudiante
4351,312561402,Concepcion,Laguna Quinenco,20171,L2,V1,2026-02-08 20:54:40,2026-02-08 21:45:12,CC→CW,2026-02-08,,20171,,290,Estudiante
4352,312561509,Concepcion,Concepcion,,,N/A,2026-02-08 11:56:54,2026-02-08 12:15:25,,2026-02-08,no viajo,,,140,Estudiante
4353,312561655,Concepcion,Coronel,20063,L2,V1,2026-02-08 14:27:02,2026-02-08 15:21:41,CC→CW,2026-02-08,,20063,20063,290,Estudiante
4354,312561655,Coronel,Concepcion,20166,L2,V1,2026-02-08 19:15:41,2026-02-08 20:48:49,CW→CC,2026-02-08,combo_por_entrada,20166,20847,300,Estudiante
4355,312561770,Mercado,Concepcion,20859,L1,V1,2026-02-08 12:22:53,2026-02-08 13:27:12,TH→HQ,2026-02-08,combo_por_entrada,20859,20059,190,Estudiante
4356,312561778,El Parque,Concepcion,20044,L2,V1,2026-02-08 10:23:44,2026-02-08 10:47:44,CW→CC,2026-02-08,,20044,20044,190,Estudiante
4357,312568394,Concepcion,Cristo Redentor,20171,L2,V1,2026-02-08 20:50:45,2026-02-08 21:42:52,CC→CW,2026-02-08,,20171,,280,Estudiante
4358,312568460,Concepcion,Coronel,20069,L2,V1,2026-02-08 16:42:29,2026-02-08 17:30:21,CC→CW,2026-02-08,,20069,20069,290,Estudiante
4359,312568638,Coronel,Juan Pablo II,20044,L2,V1,2026-02-08 10:01:03,2026-02-08 10:41:23,CW→CC,2026-02-08,,20044,20044,260,Estudiante
4360,312568730,Concepcion,Los Condores,20848,L1,V1,2026-02-08 20:44:00,2026-02-08 21:20:45,HQ→TH,2026-02-08,,20848,20848,170,Estudiante
4361,312568792,Huinca,Concepcion,20044,L2,V1,2026-02-08 10:10:44,2026-02-08 10:48:03,CW→CC,2026-02-08,,20044,20044,280,Estudiante
4362,312573900,Laguna Quinenco,Cdal. Raul Silva Henriquez,20068,L2,V1,2026-02-08 15:41:06,2026-02-08 16:01:30,CW→CC,2026-02-08,,20068,20068,220,Estudiante
4363,312573929,Laguna Quinenco,Coronel,20153,L2,V1,2026-02-08 09:57:17,2026-02-08 10:03:06,CC→CW,2026-02-08,,20153,20153,150,Estudiante
4364,312573929,Coronel,Laguna Quinenco,20056,L2,V1,2026-02-08 12:00:43,2026-02-08 12:22:03,CW→CC,2026-02-08,,20056,20056,150,Estudiante
4365,312573977,Diagonal Bio Bio,Lomas Coloradas,20035,L2,V1,2026-02-08 10:11:50,2026-02-08 10:25:16,CC→CW,2026-02-08,,20035,,170,Estudiante
4366,312573977,Lomas Coloradas,Diagonal Bio Bio,20166,L2,V1,2026-02-08 19:26:03,2026-02-08 19:51:01,CW→CC,2026-02-08,,20166,20166,170,Estudiante
4367,312574618,Los Canelos,Concepcion,20044,L2,V1,2026-02-08 10:14:15,2026-02-08 10:48:14,CW→CC,2026-02-08,,20044,20044,280,Estudiante
4368,312574618,Concepcion,Laguna Quinenco,20059,L2,V1,2026-02-08 13:14:47,2026-02-08 14:01:02,CC→CW,2026-02-08,,20059,20059,290,Estudiante
4369,312574618,Laguna Quinenco,Huinca,20170,L2,V1,2026-02-08 20:17:29,2026-02-08 20:26:24,CW→CC,2026-02-08,,20170,20170,150,Estudiante
4370,312575187,Laguna Quinenco,Concepcion,20066,L2,V1,2026-02-08 14:39:23,2026-02-08 15:23:37,CW→CC,2026-02-08,,20066,20066,290,Estudiante
4371,312575284,Cristo Redentor,El Parque,20068,L2,V1,2026-02-08 15:43:30,2026-02-08 16:06:34,CW→CC,2026-02-08,,20068,20068,210,Estudiante
4372,312575284,El Parque,Concepcion,20076,L2,V1,2026-02-08 16:53:46,2026-02-08 17:29:42,CW→CC,2026-02-08,,20076,20076,190,Estudiante
4373,312575284,Concepcion,Cristo Redentor,20167,L2,V1,2026-02-08 19:52:38,2026-02-08 20:40:55,CC→CW,2026-02-08,,20167,20167,280,Estudiante
4374,312575319,Hito Galvarino,El Parque,20040,L2,V1,2026-02-08 09:49:12,2026-02-08 10:05:58,CW→CC,2026-02-08,,20040,20040,200,Estudiante
4375,312575319,El Parque,Hito Galvarino,20167,L2,V1,2026-02-08 20:07:31,2026-02-08 20:32:47,CC→CW,2026-02-08,,20167,20167,200,Estudiante
4376,312575863,Cristo Redentor,Laguna Quinenco,20041,L2,V1,2026-02-08 11:03:46,2026-02-08 11:10:35,CC→CW,2026-02-08,,20041,20041,150,Estudiante
4377,312575921,Cristo Redentor,Concepcion,20076,L2,V1,2026-02-08 16:42:15,2026-02-08 17:30:21,CW→CC,2026-02-08,,20076,20076,280,Estudiante
4378,312576001,Diagonal Bio Bio,Cdal. Raul Silva Henriquez,20167,L2,V1,2026-02-08 19:49:27,2026-02-08 20:26:22,CC→CW,2026-02-08,,20167,20167,170,Estudiante
4379,312576205,Concepcion,Coronel,20167,L2,V1,2026-02-08 19:58:23,2026-02-08 20:46:00,CC→CW,2026-02-08,,20167,20167,290,Estudiante
4380,312576344,Huinca,Laguna Quinenco,20053,L2,V1,2026-02-08 12:34:41,2026-02-08 12:52:18,CC→CW,2026-02-08,,20053,20053,150,Estudiante
4381,312578953,Concepcion,Laguna Quinenco,20063,L2,V1,2026-02-08 14:35:26,2026-02-08 15:18:21,CC→CW,2026-02-08,,20063,20063,290,Estudiante
4382,312578965,Coronel,Concepcion,20160,L2,V1,2026-02-08 17:24:29,2026-02-08 18:28:54,CW→CC,2026-02-08,,20160,20160,290,Estudiante
4383,312579044,Coronel,El Parque,20156,L2,V1,2026-02-08 09:12:33,2026-02-08 09:44:50,CW→CC,2026-02-08,,20156,20156,220,Estudiante
4384,312579098,Huinca,Juan Pablo II,20162,L2,V1,2026-02-08 18:22:51,2026-02-08 18:53:04,CW→CC,2026-02-08,,20162,20162,230,Estudiante
4385,312579098,Juan Pablo II,Huinca,20163,L2,V1,2026-02-08 18:57:32,2026-02-08 19:37:35,CC→CW,2026-02-08,,20163,20163,230,Estudiante
4386,312579124,Concepcion,Laguna Quinenco,20161,L2,V1,2026-02-08 17:57:47,2026-02-08 19:11:24,CC→CW,2026-02-08,,20161,20161,290,Estudiante
4387,312579236,Los Canelos,Juan Pablo II,20162,L2,V1,2026-02-08 18:23:57,2026-02-08 18:52:24,CW→CC,2026-02-08,,20162,20162,220,Estudiante
4388,312579248,Laguna Quinenco,Concepcion,20044,L2,V1,2026-02-08 10:01:50,2026-02-08 10:47:40,CW→CC,2026-02-08,,20044,20044,290,Estudiante
4389,312579248,Concepcion,Laguna Quinenco,20161,L2,V1,2026-02-08 18:26:34,2026-02-08 19:10:57,CC→CW,2026-02-08,,20161,20161,290,Estudiante
4390,312586392,Los Canelos,Concepcion,20056,L2,V1,2026-02-08 12:22:09,2026-02-08 13:04:06,CW→CC,2026-02-08,,20056,20056,280,Estudiante
4391,312586392,Concepcion,Los Canelos,20069,L2,V1,2026-02-08 16:39:33,2026-02-08 17:19:04,CC→CW,2026-02-08,,20069,20069,280,Estudiante
4392,312586501,Coronel,Concepcion,20066,L2,V1,2026-02-08 14:36:11,2026-02-08 15:25:55,CW→CC,2026-02-08,,20066,20066,290,Estudiante
4393,312586501,Concepcion,Coronel,20163,L2,V1,2026-02-08 18:57:56,2026-02-08 19:45:52,CC→CW,2026-02-08,,20163,20163,290,Estudiante
4394,312586718,Los Canelos,Concepcion,20056,L2,V1,2026-02-08 12:22:08,2026-02-08 13:04:06,CW→CC,2026-02-08,,20056,20056,280,Estudiante
4395,312586718,Concepcion,Los Canelos,20069,L2,V1,2026-02-08 16:39:33,2026-02-08 17:19:03,CC→CW,2026-02-08,,20069,20069,280,Estudiante
4396,312586742,Lomas Coloradas,El Parque,20050,L2,V1,2026-02-08 11:07:44,2026-02-08 11:21:50,CW→CC,2026-02-08,,20050,20050,140,Estudiante
4397,312586742,El Parque,Lomas Coloradas,20167,L2,V1,2026-02-08 20:03:25,2026-02-08 20:23:37,CC→CW,2026-02-08,,20167,20167,140,Estudiante
4398,312586774,Concepcion,Los Canelos,20167,L2,V1,2026-02-08 19:52:34,2026-02-08 20:37:30,CC→CW,2026-02-08,,20167,20167,280,Estudiante
4399,312592448,Coronel,Concepcion,20044,L2,V1,2026-02-08 09:50:21,2026-02-08 10:47:50,CW→CC,2026-02-08,,20044,20044,290,Estudiante
4400,312592503,Huinca,Laguna Quinenco,20067,L2,V1,2026-02-08 16:03:15,2026-02-08 16:12:19,CC→CW,2026-02-08,,20067,20067,150,Estudiante
4401,312592553,Los Canelos,Cdal. Raul Silva Henriquez,20062,L2,V1,2026-02-08 13:49:50,2026-02-08 14:09:53,CW→CC,2026-02-08,,20062,20062,200,Estudiante
4402,312592647,Cristo Redentor,Concepcion,20050,L2,V1,2026-02-08 10:46:02,2026-02-08 11:38:44,CW→CC,2026-02-08,,20050,20050,280,Estudiante
4403,312592647,Concepcion,Cristo Redentor,20059,L2,V1,2026-02-08 13:15:13,2026-02-08 13:58:08,CC→CW,2026-02-08,,20059,20059,280,Estudiante
4404,312592683,La Leonera,Pedro Medina,20844,L1,V1,2026-02-08 12:20:11,2026-02-08 12:45:17,HQ→TH,2026-02-08,,20844,20844,140,Estudiante
4405,312592761,Concepcion,Los Canelos,20069,L2,V1,2026-02-08 16:27:45,2026-02-08 17:19:39,CC→CW,2026-02-08,,20069,20069,280,Estudiante
4406,312593044,Costa Mar,Los Canelos,20171,L2,V1,2026-02-08 20:21:44,2026-02-08 21:39:47,CC→CW,2026-02-08,,20171,20167,200,Estudiante
4407,312593077,Cdal. Raul Silva Henriquez,Laguna Quinenco,20067,L2,V1,2026-02-08 15:41:02,2026-02-08 16:11:33,CC→CW,2026-02-08,,20067,20067,220,Estudiante
4408,312593077,Laguna Quinenco,Cdal. Raul Silva Henriquez,20162,L2,V1,2026-02-08 18:06:35,2026-02-08 18:36:30,CW→CC,2026-02-08,,20162,20162,220,Estudiante
4409,312593160,Los Canelos,Diagonal Bio Bio,20162,L2,V1,2026-02-08 18:16:46,2026-02-08 18:49:49,CW→CC,2026-02-08,,20162,20162,220,Estudiante
4410,312593174,Concepcion,Laguna Quinenco,20069,L2,V1,2026-02-08 16:42:20,2026-02-08 17:27:11,CC→CW,2026-02-08,,20069,20069,290,Estudiante
4411,312595691,Higueras,Concepcion,20847,L1,V1,2026-02-08 20:04:54,2026-02-08 21:18:02,TH→HQ,2026-02-08,combo_por_entrada,20847,20171,190,Estudiante
4412,312595781,Cdal. Raul Silva Henriquez,Juan Pablo II,20170,L2,V1,2026-02-08 20:31:02,2026-02-08 20:54:30,CW→CC,2026-02-08,,20170,20170,170,Estudiante
4413,312595843,Cdal. Raul Silva Henriquez,Costa Mar,20058,L2,V1,2026-02-08 12:47:16,2026-02-08 13:00:18,CW→CC,2026-02-08,,20058,20058,140,Estudiante
4414,312595843,Costa Mar,Laguna Quinenco,20063,L2,V1,2026-02-08 14:49:25,2026-02-08 15:22:31,CC→CW,2026-02-08,,20063,20063,220,Estudiante
4415,312595843,Coronel,Costa Mar,20162,L2,V1,2026-02-08 17:58:34,2026-02-08 18:45:30,CW→CC,2026-02-08,,20162,20162,220,Estudiante
4416,312598882,Concepcion,El Parque,20153,L2,V1,2026-02-08 09:14:07,2026-02-08 09:36:39,CC→CW,2026-02-08,,20153,20153,190,Estudiante
4417,312598882,El Parque,Los Canelos,20167,L2,V1,2026-02-08 20:05:42,2026-02-08 20:36:14,CC→CW,2026-02-08,,20167,20167,200,Estudiante
4418,312598981,Coronel,Concepcion,20068,L2,V1,2026-02-08 15:28:24,2026-02-08 16:25:14,CW→CC,2026-02-08,,20068,20068,290,Estudiante
4419,312598981,Concepcion,Coronel,20167,L2,V1,2026-02-08 19:56:51,2026-02-08 20:46:36,CC→CW,2026-02-08,,20167,20167,290,Estudiante
4420,312598999,Laguna Quinenco,Concepcion,20062,L2,V1,2026-02-08 13:52:02,2026-02-08 14:33:47,CW→CC,2026-02-08,,20062,20062,290,Estudiante
4421,312599159,Concepcion,Cristo Redentor,20059,L2,V1,2026-02-08 12:04:28,2026-02-08 13:59:05,CC→CW,2026-02-08,combo_por_entrada,20059,20844,320,Estudiante
4422,312601464,Hito Galvarino,Concepcion,20056,L2,V1,2026-02-08 12:22:34,2026-02-08 13:05:18,CW→CC,2026-02-08,,20056,20056,280,Estudiante
4423,312601464,Costa Mar,Hito Galvarino,20161,L2,V1,2026-02-08 18:41:14,2026-02-08 18:58:54,CC→CW,2026-02-08,,20161,20161,200,Estudiante
4424,312601527,Cristo Redentor,Concepcion,20058,L2,V1,2026-02-08 12:37:06,2026-02-08 13:15:32,CW→CC,2026-02-08,,20058,20058,280,Estudiante
4425,312601566,El Parque,Los Canelos,20163,L2,V1,2026-02-08 19:17:57,2026-02-08 19:35:37,CC→CW,2026-02-08,,20163,20163,200,Estudiante
4426,312601717,Coronel,Concepcion,20166,L2,V1,2026-02-08 19:17:19,2026-02-08 20:01:17,CW→CC,2026-02-08,,20166,20166,290,Estudiante
4427,312601788,Cdal. Raul Silva Henriquez,Concepcion,20062,L2,V1,2026-02-08 13:59:38,2026-02-08 14:33:44,CW→CC,2026-02-08,,20062,20062,190,Estudiante
4428,312601788,Concepcion,Cdal. Raul Silva Henriquez,20163,L2,V1,2026-02-08 18:53:32,2026-02-08 19:26:32,CC→CW,2026-02-08,,20163,20163,190,Estudiante
4429,312601855,Concepcion,Los Canelos,20163,L2,V1,2026-02-08 18:48:00,2026-02-08 19:37:17,CC→CW,2026-02-08,,20163,20163,280,Estudiante
4430,312602564,Cdal. Raul Silva Henriquez,Concepcion,,,N/A,2026-02-08 11:36:40,2026-02-08 11:46:11,,2026-02-08,sin_combo_factible_en_hub|sin_s1_factible_retro,,,190,Estudiante
4431,312602666,Juan Pablo II,Cdal. Raul Silva Henriquez,20167,L2,V1,2026-02-08 20:05:40,2026-02-08 20:26:48,CC→CW,2026-02-08,,20167,20167,170,Estudiante
4432,312602686,Laguna Quinenco,Costa Mar,20162,L2,V1,2026-02-08 18:17:43,2026-02-08 18:45:13,CW→CC,2026-02-08,,20162,20162,220,Estudiante
4433,312602833,Concepcion,Concepcion,,,N/A,2026-02-08 09:54:39,2026-02-08 09:56:19,,2026-02-08,no viajo,,,140,Estudiante
4434,312602833,Concepcion,Concepcion,,,N/A,2026-02-08 15:27:52,2026-02-08 15:29:20,,2026-02-08,no viajo,,,140,Estudiante
4435,312609522,Cristo Redentor,Concepcion,20062,L2,V1,2026-02-08 13:50:25,2026-02-08 14:34:08,CW→CC,2026-02-08,,20062,20062,280,Estudiante
4436,312609522,Concepcion,El Parque,20163,L2,V1,2026-02-08 18:58:26,2026-02-08 19:20:24,CC→CW,2026-02-08,,20163,20163,190,Estudiante
4437,312609522,El Parque,Cristo Redentor,20167,L2,V1,2026-02-08 19:52:42,2026-02-08 20:41:49,CC→CW,2026-02-08,,20167,20167,210,Estudiante
4438,312609636,Concepcion,Hito Galvarino,20069,L2,V1,2026-02-08 16:21:41,2026-02-08 17:16:54,CC→CW,2026-02-08,,20069,20069,280,Estudiante
4439,312609765,Concepcion,El Parque,20067,L2,V1,2026-02-08 15:28:13,2026-02-08 15:47:53,CC→CW,2026-02-08,,20067,20067,190,Estudiante
4440,312609765,El Parque,Concepcion,20160,L2,V1,2026-02-08 17:47:32,2026-02-08 18:27:37,CW→CC,2026-02-08,,20160,20160,190,Estudiante
4441,312610389,Huinca,Concepcion,20152,L2,V1,2026-02-08 08:39:47,2026-02-08 09:16:36,CW→CC,2026-02-08,,20152,20152,280,Estudiante
4442,312610389,Concepcion,Huinca,20063,L2,V1,2026-02-08 14:28:30,2026-02-08 15:11:46,CC→CW,2026-02-08,,20063,20063,280,Estudiante
4443,312610727,Concepcion,Cristo Redentor,20163,L2,V1,2026-02-08 18:58:03,2026-02-08 19:40:02,CC→CW,2026-02-08,,20163,20163,280,Estudiante
4444,312610787,Huinca,Concepcion,20152,L2,V1,2026-02-08 08:38:59,2026-02-08 09:17:09,CW→CC,2026-02-08,,20152,20152,280,Estudiante
4445,312610787,Concepcion,Los Canelos,20167,L2,V1,2026-02-08 19:55:09,2026-02-08 20:36:19,CC→CW,2026-02-08,,20167,20167,280,Estudiante
4446,312611529,Huinca,Concepcion,20170,L2,V1,2026-02-08 20:16:20,2026-02-08 21:02:56,CW→CC,2026-02-08,,20170,20170,280,Estudiante
4447,312611721,Huinca,Concepcion,20062,L2,V1,2026-02-08 13:55:54,2026-02-08 14:33:55,CW→CC,2026-02-08,,20062,20062,280,Estudiante
4448,312611721,Concepcion,Huinca,20163,L2,V1,2026-02-08 18:58:00,2026-02-08 19:37:56,CC→CW,2026-02-08,,20163,20163,280,Estudiante
4449,312611763,Concepcion,Cristo Redentor,20171,L2,V1,2026-02-08 20:50:39,2026-02-08 21:43:08,CC→CW,2026-02-08,,20171,,280,Estudiante
4450,312611799,Concepcion,Concepcion,,,N/A,2026-02-08 15:54:23,2026-02-08 15:54:50,,2026-02-08,no viajo,,,140,Estudiante
4451,312617497,Cristo Redentor,Concepcion,20044,L2,V1,2026-02-08 10:09:22,2026-02-08 10:47:49,CW→CC,2026-02-08,,20044,20044,280,Estudiante
4452,312617497,Concepcion,Cristo Redentor,20053,L2,V1,2026-02-08 11:57:52,2026-02-08 12:47:19,CC→CW,2026-02-08,,20053,20053,280,Estudiante
4453,312617547,Lomas Coloradas,Concepcion,20066,L2,V1,2026-02-08 14:55:49,2026-02-08 15:24:21,CW→CC,2026-02-08,,20066,20066,190,Estudiante
4454,312617557,Cdal. Raul Silva Henriquez,Diagonal Bio Bio,20058,L2,V1,2026-02-08 12:46:35,2026-02-08 13:05:51,CW→CC,2026-02-08,,20058,20058,170,Estudiante
4455,312618529,Concepcion,Cdal. Raul Silva Henriquez,20059,L2,V1,2026-02-08 13:11:20,2026-02-08 13:43:10,CC→CW,2026-02-08,,20059,20059,190,Estudiante
4456,312618667,Juan Pablo II,Concepcion,20068,L2,V1,2026-02-08 16:11:59,2026-02-08 16:26:35,CW→CC,2026-02-08,,20068,20068,190,Estudiante
4457,312618667,Concepcion,Juan Pablo II,20163,L2,V1,2026-02-08 19:00:16,2026-02-08 19:08:46,CC→CW,2026-02-08,,20163,,190,Estudiante
4458,312618696,Cristo Redentor,Lomas Coloradas,20156,L2,V1,2026-02-08 09:24:41,2026-02-08 10:03:19,CW→CC,2026-02-08,,20156,20156,210,Estudiante
4459,312618753,Cristo Redentor,Juan Pablo II,20166,L2,V1,2026-02-08 19:20:08,2026-02-08 19:53:22,CW→CC,2026-02-08,,20166,20163,230,Estudiante
4460,312621871,Cristo Redentor,Concepcion,20066,L2,V1,2026-02-08 14:31:59,2026-02-08 15:24:39,CW→CC,2026-02-08,,20066,20066,280,Estudiante
4461,312621871,Concepcion,Cristo Redentor,20167,L2,V1,2026-02-08 19:53:43,2026-02-08 20:41:55,CC→CW,2026-02-08,,20167,20167,280,Estudiante
4462,312621930,Laguna Quinenco,Concepcion,20050,L2,V1,2026-02-08 10:38:21,2026-02-08 11:38:20,CW→CC,2026-02-08,,20050,20050,290,Estudiante
4463,312621930,Concepcion,Huinca,20069,L2,V1,2026-02-08 16:27:41,2026-02-08 17:22:10,CC→CW,2026-02-08,,20069,20069,280,Estudiante
4464,312621996,Cristo Redentor,Coronel,20067,L2,V1,2026-02-08 16:00:59,2026-02-08 16:14:28,CC→CW,2026-02-08,,20067,20067,150,Estudiante
4465,312628422,Lzo. Arenas,La Leonera,20845,L1,V1,2026-02-08 16:13:37,2026-02-08 16:47:34,TH→HQ,2026-02-08,,20845,20845,170,Estudiante
4466,312628521,Coronel,Concepcion,20160,L2,V1,2026-02-08 17:32:17,2026-02-08 18:28:10,CW→CC,2026-02-08,,20160,20160,290,Estudiante
4467,312628544,Huinca,Juan Pablo II,20076,L2,V1,2026-02-08 16:45:27,2026-02-08 17:41:46,CW→CC,2026-02-08,,20076,20076,230,Estudiante
4468,312628544,Juan Pablo II,Huinca,20167,L2,V1,2026-02-08 19:47:10,2026-02-08 20:39:13,CC→CW,2026-02-08,,20167,20167,230,Estudiante
4469,312628592,Coronel,Concepcion,20066,L2,V1,2026-02-08 14:36:32,2026-02-08 15:24:08,CW→CC,2026-02-08,,20066,20066,290,Estudiante
4470,312628592,Concepcion,Coronel,20171,L2,V1,2026-02-08 20:55:41,2026-02-08 21:48:05,CC→CW,2026-02-08,,20171,,290,Estudiante
4471,312628630,Concepcion,Laguna Quinenco,20167,L2,V1,2026-02-08 20:01:12,2026-02-08 20:43:10,CC→CW,2026-02-08,,20167,20167,290,Estudiante
4472,312628798,Costa Mar,Cdal. Raul Silva Henriquez,20035,L2,V1,2026-02-08 10:16:55,2026-02-08 10:27:29,CC→CW,2026-02-08,,20035,,140,Estudiante
4473,312629199,Cristo Redentor,Juan Pablo II,20068,L2,V1,2026-02-08 15:42:50,2026-02-08 16:15:44,CW→CC,2026-02-08,,20068,20068,230,Estudiante
4474,312629199,Juan Pablo II,Cristo Redentor,20069,L2,V1,2026-02-08 16:47:22,2026-02-08 17:25:41,CC→CW,2026-02-08,,20069,20069,230,Estudiante
4475,312629199,Cristo Redentor,Juan Pablo II,20166,L2,V1,2026-02-08 19:16:36,2026-02-08 19:54:33,CW→CC,2026-02-08,,20166,20166,230,Estudiante
4476,312629260,Concepcion,Los Canelos,20171,L2,V1,2026-02-08 20:50:20,2026-02-08 21:39:05,CC→CW,2026-02-08,,20171,,280,Estudiante
4477,312629314,Huinca,Laguna Quinenco,20035,L2,V1,2026-02-08 10:37:20,2026-02-08 10:44:24,CC→CW,2026-02-08,,20035,,150,Estudiante
4478,312629314,Laguna Quinenco,Huinca,20170,L2,V1,2026-02-08 20:03:46,2026-02-08 20:25:59,CW→CC,2026-02-08,,20170,20170,150,Estudiante
4479,312636437,Cdal. Raul Silva Henriquez,Cristo Redentor,20041,L2,V1,2026-02-08 10:52:04,2026-02-08 11:08:16,CC→CW,2026-02-08,,20041,20041,210,Estudiante
4480,312636437,Cristo Redentor,Cdal. Raul Silva Henriquez,20170,L2,V1,2026-02-08 20:17:52,2026-02-08 20:36:29,CW→CC,2026-02-08,,20170,20170,210,Estudiante
4481,312636494,Cdal. Raul Silva Henriquez,Laguna Quinenco,20059,L2,V1,2026-02-08 13:35:37,2026-02-08 14:01:13,CC→CW,2026-02-08,,20059,20059,220,Estudiante
4482,312636523,Concepcion,Concepcion,,,N/A,2026-02-08 15:42:03,2026-02-08 15:43:38,,2026-02-08,no viajo,,,140,Estudiante
4483,312636543,El Parque,Concepcion,20076,L2,V1,2026-02-08 17:02:44,2026-02-08 17:29:39,CW→CC,2026-02-08,,20076,20076,190,Estudiante
4484,312636599,Laguna Quinenco,Concepcion,20166,L2,V1,2026-02-08 19:02:12,2026-02-08 20:00:51,CW→CC,2026-02-08,,20166,20166,290,Estudiante
4485,312636605,Los Canelos,Juan Pablo II,20152,L2,V1,2026-02-08 08:42:00,2026-02-08 09:09:19,CW→CC,2026-02-08,,20152,20152,220,Estudiante
4486,312636605,Concepcion,Los Canelos,20171,L2,V1,2026-02-08 20:41:22,2026-02-08 21:39:37,CC→CW,2026-02-08,,20171,,280,Estudiante
4487,312636671,Concepcion,Los Canelos,20171,L2,V1,2026-02-08 20:30:54,2026-02-08 21:39:01,CC→CW,2026-02-08,,20171,,280,Estudiante
4488,312637890,Cristo Redentor,Concepcion,20040,L2,V1,2026-02-08 09:29:12,2026-02-08 10:22:52,CW→CC,2026-02-08,,20040,20156,280,Estudiante
4489,312637890,Concepcion,Cristo Redentor,20171,L2,V1,2026-02-08 20:50:40,2026-02-08 21:42:14,CC→CW,2026-02-08,,20171,,280,Estudiante
4490,312637937,Laguna Quinenco,Los Canelos,20160,L2,V1,2026-02-08 17:39:26,2026-02-08 17:55:15,CW→CC,2026-02-08,,20160,20160,180,Estudiante
4491,312638128,Los Canelos,Concepcion,20056,L2,V1,2026-02-08 12:18:20,2026-02-08 13:04:08,CW→CC,2026-02-08,,20056,20056,280,Estudiante
4492,312638128,Concepcion,Los Canelos,20059,L2,V1,2026-02-08 13:22:49,2026-02-08 15:10:30,CC→CW,2026-02-08,,20059,20059,280,Estudiante
4493,312638223,Concepcion,Concepcion,,,N/A,2026-02-08 13:21:52,2026-02-08 13:22:23,,2026-02-08,no viajo,,,140,Estudiante
4494,312638292,Los Canelos,Concepcion,20156,L2,V1,2026-02-08 09:25:49,2026-02-08 10:02:06,CW→CC,2026-02-08,,20156,20156,280,Estudiante
4495,312638355,Concepcion,Costa Mar,20067,L2,V1,2026-02-08 15:13:41,2026-02-08 15:44:47,CC→CW,2026-02-08,,20067,,190,Estudiante
4496,312639953,Cristo Redentor,Concepcion,20076,L2,V1,2026-02-08 16:42:16,2026-02-08 17:30:21,CW→CC,2026-02-08,,20076,20076,280,Estudiante
4497,312646489,Laguna Quinenco,Concepcion,20160,L2,V1,2026-02-08 17:41:35,2026-02-08 18:27:10,CW→CC,2026-02-08,,20160,20160,290,Estudiante
4498,312646551,Costa Mar,Concepcion,20062,L2,V1,2026-02-08 14:01:29,2026-02-08 14:33:26,CW→CC,2026-02-08,,20062,20062,190,Estudiante
4499,312646569,UTF Santa Maria,Hualqui,20847,L1,V1,2026-02-08 20:08:54,2026-02-08 21:02:01,TH→HQ,2026-02-08,,20847,20847,190,Estudiante
4500,312646617,Laguna Quinenco,Cristo Redentor,20170,L2,V1,2026-02-08 20:12:58,2026-02-08 20:23:38,CW→CC,2026-02-08,,20170,20170,150,Estudiante
4501,312646831,Coronel,Concepcion,20066,L2,V1,2026-02-08 14:35:10,2026-02-08 15:25:49,CW→CC,2026-02-08,,20066,20066,290,Estudiante
4502,312646831,Concepcion,Laguna Quinenco,20157,L2,V1,2026-02-08 17:07:04,2026-02-08 18:11:02,CC→CW,2026-02-08,,20157,,290,Estudiante
4503,312647457,Lomas Coloradas,Juan Pablo II,20162,L2,V1,2026-02-08 18:33:24,2026-02-08 18:53:04,CW→CC,2026-02-08,,20162,20162,170,Estudiante
4504,312647460,Cdal. Raul Silva Henriquez,Los Canelos,20153,L2,V1,2026-02-08 09:38:14,2026-02-08 09:52:03,CC→CW,2026-02-08,,20153,20153,200,Estudiante
4505,312647460,Huinca,Cdal. Raul Silva Henriquez,20166,L2,V1,2026-02-08 18:39:20,2026-02-08 19:38:27,CW→CC,2026-02-08,,20166,20166,210,Estudiante
4506,312647485,Concepcion,Los Canelos,20163,L2,V1,2026-02-08 18:38:27,2026-02-08 19:35:28,CC→CW,2026-02-08,,20163,20163,280,Estudiante
4507,312647586,Juan Pablo II,Cristo Redentor,20069,L2,V1,2026-02-08 16:21:03,2026-02-08 17:23:43,CC→CW,2026-02-08,,20069,20069,230,Estudiante
4508,312647655,Concepcion,Costa Mar,20163,L2,V1,2026-02-08 18:52:30,2026-02-08 19:17:08,CC→CW,2026-02-08,,20163,20163,190,Estudiante
4509,312647760,Chiguayante,Hualqui,20857,L1,V1,2026-02-08 08:58:51,2026-02-08 09:33:13,TH→HQ,2026-02-08,,20857,20857,170,Estudiante
4510,312647791,Cdal. Raul Silva Henriquez,Laguna Quinenco,20035,L2,V1,2026-02-08 10:22:49,2026-02-08 10:44:12,CC→CW,2026-02-08,,20035,,220,Estudiante
4511,312647815,Concepcion,Cristo Redentor,20059,L2,V1,2026-02-08 12:58:42,2026-02-08 13:57:41,CC→CW,2026-02-08,,20059,20059,280,Estudiante
4512,312648154,Concepcion,Cdal. Raul Silva Henriquez,20059,L2,V1,2026-02-08 12:41:24,2026-02-08 13:43:40,CC→CW,2026-02-08,,20059,20059,190,Estudiante
4513,312648170,Los Canelos,Diagonal Bio Bio,20152,L2,V1,2026-02-08 08:38:36,2026-02-08 09:06:40,CW→CC,2026-02-08,,20152,20152,220,Estudiante
4514,312648170,Diagonal Bio Bio,Huinca,20163,L2,V1,2026-02-08 18:46:10,2026-02-08 19:38:27,CC→CW,2026-02-08,,20163,20161,230,Estudiante
4515,312648267,Cdal. Raul Silva Henriquez,El Parque,20066,L2,V1,2026-02-08 14:56:39,2026-02-08 15:06:51,CW→CC,2026-02-08,,20066,20066,140,Estudiante
4516,312648267,El Parque,Concepcion,20076,L2,V1,2026-02-08 17:00:16,2026-02-08 17:31:28,CW→CC,2026-02-08,,20076,20076,190,Estudiante
4517,312648267,Concepcion,Cdal. Raul Silva Henriquez,20167,L2,V1,2026-02-08 19:48:32,2026-02-08 20:27:29,CC→CW,2026-02-08,,20167,20167,190,Estudiante
4518,312658478,Cdal. Raul Silva Henriquez,Cristo Redentor,20053,L2,V1,2026-02-08 12:17:03,2026-02-08 12:47:35,CC→CW,2026-02-08,,20053,20053,210,Estudiante
4519,312658478,Cristo Redentor,Cdal. Raul Silva Henriquez,20160,L2,V1,2026-02-08 17:44:33,2026-02-08 18:04:05,CW→CC,2026-02-08,,20160,20160,210,Estudiante
4520,312658506,Concepcion,Coronel,20041,L2,V1,2026-02-08 10:27:47,2026-02-08 11:13:39,CC→CW,2026-02-08,,20041,20041,290,Estudiante
4521,312658506,Coronel,Concepcion,20160,L2,V1,2026-02-08 17:33:21,2026-02-08 18:30:03,CW→CC,2026-02-08,,20160,20160,290,Estudiante
4522,312658584,Hito Galvarino,El Parque,20052,L2,V1,2026-02-08 11:30:50,2026-02-08 11:46:59,CW→CC,2026-02-08,,20052,20052,200,Estudiante
4523,312658584,El Parque,Hito Galvarino,20167,L2,V1,2026-02-08 20:07:51,2026-02-08 20:32:51,CC→CW,2026-02-08,,20167,20167,200,Estudiante
4524,312659398,Concepcion,Costa Mar,20053,L2,V1,2026-02-08 12:05:57,2026-02-08 12:25:01,CC→CW,2026-02-08,,20053,20053,190,Estudiante
4525,312659628,Cdal. Raul Silva Henriquez,Diagonal Bio Bio,20062,L2,V1,2026-02-08 14:07:06,2026-02-08 14:23:28,CW→CC,2026-02-08,,20062,20062,170,Estudiante
4526,312659628,Diagonal Bio Bio,Cdal. Raul Silva Henriquez,20067,L2,V1,2026-02-08 15:22:30,2026-02-08 16:01:49,CC→CW,2026-02-08,,20067,20067,170,Estudiante
4527,312659659,Costa Mar,Concepcion,20062,L2,V1,2026-02-08 14:02:28,2026-02-08 14:33:19,CW→CC,2026-02-08,,20062,20062,190,Estudiante
4528,312659697,Lomas Coloradas,Coronel,20161,L2,V1,2026-02-08 18:31:55,2026-02-08 19:13:42,CC→CW,2026-02-08,,20161,20161,220,Estudiante
4529,312659820,El Parque,Concepcion,20170,L2,V1,2026-02-08 20:14:34,2026-02-08 21:01:08,CW→CC,2026-02-08,,20170,20170,190,Estudiante
4530,312663460,Los Canelos,Concepcion,20052,L2,V1,2026-02-08 11:29:35,2026-02-08 12:03:09,CW→CC,2026-02-08,,20052,20052,280,Estudiante
4531,312663460,Concepcion,Los Canelos,20167,L2,V1,2026-02-08 20:01:20,2026-02-08 20:36:05,CC→CW,2026-02-08,,20167,20167,280,Estudiante
4532,312663483,Costa Mar,Diagonal Bio Bio,20162,L2,V1,2026-02-08 18:42:02,2026-02-08 18:49:44,CW→CC,2026-02-08,,20162,20162,170,Estudiante
4533,312663646,Cristo Redentor,Costa Mar,20066,L2,V1,2026-02-08 14:38:27,2026-02-08 15:08:44,CW→CC,2026-02-08,,20066,20063,210,Estudiante
4534,312663646,Costa Mar,Cristo Redentor,20161,L2,V1,2026-02-08 18:45:27,2026-02-08 19:40:21,CC→CW,2026-02-08,,20161,20161,210,Estudiante
4535,312663789,Mercado,Concepcion,20845,L1,V1,2026-02-08 15:57:25,2026-02-08 16:26:40,TH→HQ,2026-02-08,,20845,20845,180,Estudiante
4536,312668406,Cristo Redentor,Concepcion,20044,L2,V1,2026-02-08 10:10:03,2026-02-08 10:49:04,CW→CC,2026-02-08,,20044,20044,280,Estudiante
4537,312668576,Laguna Quinenco,Huinca,20170,L2,V1,2026-02-08 20:04:55,2026-02-08 20:25:43,CW→CC,2026-02-08,,20170,20170,150,Estudiante
4538,312668743,Concepcion,La Leonera,20881,L1,V1,2026-02-08 08:01:45,2026-02-08 08:28:48,TH→HQ,2026-02-08,,20881,20881,170,Estudiante
4539,312671956,Costa Mar,Laguna Quinenco,20041,L2,V1,2026-02-08 10:41:45,2026-02-08 11:10:13,CC→CW,2026-02-08,,20041,20041,220,Estudiante
4540,312671956,Laguna Quinenco,Costa Mar,20056,L2,V1,2026-02-08 12:18:27,2026-02-08 12:47:12,CW→CC,2026-02-08,,20056,20056,220,Estudiante
4541,312672016,Hito Galvarino,Concepcion,20052,L2,V1,2026-02-08 11:20:38,2026-02-08 12:03:35,CW→CC,2026-02-08,,20052,20052,280,Estudiante
4542,312672016,Concepcion,Los Canelos,20063,L2,V1,2026-02-08 14:23:30,2026-02-08 15:10:10,CC→CW,2026-02-08,,20063,20063,280,Estudiante
4543,312672101,Alborada,Diagonal Bio Bio,20162,L2,V1,2026-02-08 18:40:51,2026-02-08 18:50:02,CW→CC,2026-02-08,,20162,20162,150,Estudiante
4544,312672112,Concepcion,Laguna Quinenco,20059,L2,V1,2026-02-08 13:20:00,2026-02-08 14:00:13,CC→CW,2026-02-08,,20059,20059,290,Estudiante
4545,312672117,Costa Mar,Coronel,20161,L2,V1,2026-02-08 18:41:23,2026-02-08 19:13:39,CC→CW,2026-02-08,,20161,20161,220,Estudiante
4546,312672151,Concepcion,Laguna Quinenco,20161,L2,V1,2026-02-08 18:20:32,2026-02-08 19:43:00,CC→CW,2026-02-08,,20161,20161,290,Estudiante
4547,312672711,Concepcion,Laguna Quinenco,20157,L2,V1,2026-02-08 17:06:58,2026-02-08 18:11:05,CC→CW,2026-02-08,,20157,,290,Estudiante
4548,312678515,Cristo Redentor,Concepcion,20040,L2,V1,2026-02-08 09:37:30,2026-02-08 10:22:31,CW→CC,2026-02-08,,20040,20040,280,Estudiante
4549,312678515,Concepcion,Cristo Redentor,20161,L2,V1,2026-02-08 18:22:08,2026-02-08 19:07:40,CC→CW,2026-02-08,,20161,20161,280,Estudiante
4550,312678528,Los Canelos,Cristo Redentor,20171,L2,V1,2026-02-08 21:35:00,2026-02-08 21:42:08,CC→CW,2026-02-08,,20171,,150,Estudiante
4551,312678590,Laguna Quinenco,Concepcion,20044,L2,V1,2026-02-08 10:03:26,2026-02-08 10:48:06,CW→CC,2026-02-08,,20044,20044,290,Estudiante
4552,312678590,Concepcion,Laguna Quinenco,20059,L2,V1,2026-02-08 13:14:45,2026-02-08 14:01:13,CC→CW,2026-02-08,,20059,20059,290,Estudiante
4553,312678680,Concepcion,Cdal. Raul Silva Henriquez,20059,L2,V1,2026-02-08 12:48:44,2026-02-08 13:44:06,CC→CW,2026-02-08,,20059,20059,190,Estudiante
4554,312678695,Cristo Redentor,Diagonal Bio Bio,20162,L2,V1,2026-02-08 18:20:18,2026-02-08 18:49:37,CW→CC,2026-02-08,,20162,20162,230,Estudiante
4555,312683865,Cristo Redentor,Juan Pablo II,20056,L2,V1,2026-02-08 12:23:40,2026-02-08 12:54:13,CW→CC,2026-02-08,,20056,20053,230,Estudiante
4556,312684045,Los Canelos,Diagonal Bio Bio,20076,L2,V1,2026-02-08 16:46:39,2026-02-08 17:19:32,CW→CC,2026-02-08,,20076,20076,220,Estudiante
4557,312684122,Concepcion,Laguna Quinenco,20049,L2,V1,2026-02-08 11:23:47,2026-02-08 12:10:40,CC→CW,2026-02-08,,20049,20049,290,Estudiante
4558,312684140,Los Canelos,El Parque,20152,L2,V1,2026-02-08 08:40:18,2026-02-08 08:59:43,CW→CC,2026-02-08,,20152,20152,200,Estudiante
4559,312684943,Cristo Redentor,El Parque,20056,L2,V1,2026-02-08 12:12:39,2026-02-08 12:45:41,CW→CC,2026-02-08,,20056,20056,210,Estudiante
4560,312684943,Diagonal Bio Bio,Los Canelos,20069,L2,V1,2026-02-08 16:45:41,2026-02-08 17:19:29,CC→CW,2026-02-08,,20069,20069,220,Estudiante
4561,312685019,Lomas Coloradas,Concepcion,20152,L2,V1,2026-02-08 08:46:21,2026-02-08 09:16:15,CW→CC,2026-02-08,,20152,20152,190,Estudiante
4562,312685168,Coronel,Concepcion,20068,L2,V1,2026-02-08 15:36:00,2026-02-08 16:24:46,CW→CC,2026-02-08,,20068,20068,290,Estudiante
4563,312685769,Coronel,Concepcion,20166,L2,V1,2026-02-08 19:16:23,2026-02-08 20:01:12,CW→CC,2026-02-08,,20166,20166,290,Estudiante
4564,312685812,Concepcion,Coronel,20049,L2,V1,2026-02-08 11:20:26,2026-02-08 12:15:06,CC→CW,2026-02-08,,20049,20049,290,Estudiante
4565,312688453,Lomas Coloradas,Concepcion,20156,L2,V1,2026-02-08 09:40:23,2026-02-08 10:01:39,CW→CC,2026-02-08,,20156,20156,190,Estudiante
4566,312688453,Concepcion,Lomas Coloradas,20161,L2,V1,2026-02-08 17:59:23,2026-02-08 18:49:39,CC→CW,2026-02-08,,20161,20161,190,Estudiante
4567,312688461,Huinca,Concepcion,20052,L2,V1,2026-02-08 11:26:19,2026-02-08 12:03:16,CW→CC,2026-02-08,,20052,20052,280,Estudiante
4568,312688470,Huinca,Concepcion,20066,L2,V1,2026-02-08 14:48:38,2026-02-08 15:23:34,CW→CC,2026-02-08,,20066,20066,280,Estudiante
4569,312688637,Costa Mar,Cdal. Raul Silva Henriquez,20053,L2,V1,2026-02-08 12:22:58,2026-02-08 12:34:10,CC→CW,2026-02-08,,20053,20053,140,Estudiante
4570,312688785,Los Canelos,Concepcion,20076,L2,V1,2026-02-08 16:53:30,2026-02-08 17:30:39,CW→CC,2026-02-08,,20076,20076,280,Estudiante
4571,312688785,Concepcion,Los Canelos,20171,L2,V1,2026-02-08 20:56:32,2026-02-08 21:39:44,CC→CW,2026-02-08,,20171,,280,Estudiante
4572,312688793,Diagonal Bio Bio,Laguna Quinenco,20161,L2,V1,2026-02-08 18:38:42,2026-02-08 19:11:15,CC→CW,2026-02-08,,20161,20161,260,Estudiante
4573,312688843,Huinca,Lomas Coloradas,20160,L2,V1,2026-02-08 17:34:48,2026-02-08 18:07:06,CW→CC,2026-02-08,,20160,20160,210,Estudiante
4574,312688956,Laguna Quinenco,Concepcion,20062,L2,V1,2026-02-08 13:41:38,2026-02-08 14:34:58,CW→CC,2026-02-08,,20062,20062,290,Estudiante
4575,312688956,Concepcion,Cristo Redentor,20167,L2,V1,2026-02-08 19:25:12,2026-02-08 20:41:07,CC→CW,2026-02-08,,20167,20167,280,Estudiante
4576,312689058,Concepcion,Hualqui,20845,L1,V1,2026-02-08 16:24:41,2026-02-08 17:00:19,TH→HQ,2026-02-08,,20845,20845,180,Estudiante
4577,312689064,Laguna Quinenco,Diagonal Bio Bio,20050,L2,V1,2026-02-08 10:48:25,2026-02-08 11:28:56,CW→CC,2026-02-08,,20050,20050,260,Estudiante
4578,312689064,Diagonal Bio Bio,Laguna Quinenco,20171,L2,V1,2026-02-08 21:04:31,2026-02-08 21:45:17,CC→CW,2026-02-08,,20171,,260,Estudiante
4579,312689258,Los Canelos,Lomas Coloradas,20068,L2,V1,2026-02-08 15:50:14,2026-02-08 16:04:20,CW→CC,2026-02-08,,20068,20068,200,Estudiante
4580,312692860,Laguna Quinenco,El Parque,20156,L2,V1,2026-02-08 09:11:27,2026-02-08 09:44:39,CW→CC,2026-02-08,,20156,20156,220,Estudiante
4581,312693003,Huinca,Juan Pablo II,20050,L2,V1,2026-02-08 11:02:04,2026-02-08 11:31:50,CW→CC,2026-02-08,,20050,20050,230,Estudiante
4582,312693003,Juan Pablo II,Huinca,20167,L2,V1,2026-02-08 20:03:35,2026-02-08 20:37:58,CC→CW,2026-02-08,,20167,20167,230,Estudiante
4583,312700009,Concepcion,Lomas Coloradas,20041,L2,V1,2026-02-08 10:18:55,2026-02-08 10:49:18,CC→CW,2026-02-08,,20041,20041,190,Estudiante
4584,312700166,Coronel,Concepcion,20068,L2,V1,2026-02-08 15:37:23,2026-02-08 16:23:29,CW→CC,2026-02-08,,20068,20068,290,Estudiante
4585,312700194,Laguna Quinenco,Lomas Coloradas,20050,L2,V1,2026-02-08 10:55:38,2026-02-08 11:19:15,CW→CC,2026-02-08,,20050,20050,220,Estudiante
4586,312700194,Concepcion,Laguna Quinenco,20171,L2,V1,2026-02-08 21:26:01,2026-02-08 21:44:49,CC→CW,2026-02-08,combo_relajado_pase3,20171,,220,Estudiante
4587,312700207,Los Canelos,Costa Mar,20052,L2,V1,2026-02-08 11:29:09,2026-02-08 11:48:34,CW→CC,2026-02-08,,20052,20052,200,Estudiante
4588,312700207,Costa Mar,Los Canelos,20157,L2,V1,2026-02-08 17:29:12,2026-02-08 18:04:17,CC→CW,2026-02-08,,20157,,200,Estudiante
4589,312700255,Cdal. Raul Silva Henriquez,Concepcion,20052,L2,V1,2026-02-08 11:29:03,2026-02-08 12:03:56,CW→CC,2026-02-08,,20052,20052,190,Estudiante
4590,312700603,Concepcion,Huinca,20063,L2,V1,2026-02-08 14:31:38,2026-02-08 15:12:26,CC→CW,2026-02-08,,20063,20063,280,Estudiante
4591,312700616,Coronel,Huinca,20076,L2,V1,2026-02-08 16:20:03,2026-02-08 16:53:46,CW→CC,2026-02-08,,20076,20076,150,Estudiante
4592,312700693,Laguna Quinenco,Cristo Redentor,20170,L2,V1,2026-02-08 20:09:55,2026-02-08 20:24:19,CW→CC,2026-02-08,,20170,20170,150,Estudiante
4593,312700703,Cdal. Raul Silva Henriquez,Coronel,20059,L2,V1,2026-02-08 13:39:26,2026-02-08 14:03:03,CC→CW,2026-02-08,,20059,20059,220,Estudiante
4594,312700703,Coronel,Concepcion,20166,L2,V1,2026-02-08 19:12:35,2026-02-08 19:59:42,CW→CC,2026-02-08,,20166,20166,290,Estudiante
4595,312720429,Concepcion,Lomas Coloradas,20163,L2,V1,2026-02-08 18:57:33,2026-02-08 19:23:20,CC→CW,2026-02-08,,20163,20163,190,Estudiante
4596,312720448,Lomas Coloradas,El Parque,20152,L2,V1,2026-02-08 08:53:28,2026-02-08 08:59:57,CW→CC,2026-02-08,,20152,20152,140,Estudiante
4597,312720448,El Parque,Lomas Coloradas,20167,L2,V1,2026-02-08 20:06:03,2026-02-08 20:23:14,CC→CW,2026-02-08,,20167,20167,140,Estudiante
4598,312720586,Cdal. Raul Silva Henriquez,Juan Pablo II,20040,L2,V1,2026-02-08 09:51:12,2026-02-08 10:15:41,CW→CC,2026-02-08,,20040,20040,170,Estudiante
4599,312721914,Costa Mar,Cdal. Raul Silva Henriquez,20163,L2,V1,2026-02-08 19:12:08,2026-02-08 19:25:44,CC→CW,2026-02-08,,20163,20163,140,Estudiante
4600,312721914,Cdal. Raul Silva Henriquez,Costa Mar,20166,L2,V1,2026-02-08 19:28:47,2026-02-08 19:45:57,CW→CC,2026-02-08,,20166,20162,140,Estudiante
4601,312721987,Cdal. Raul Silva Henriquez,Diagonal Bio Bio,20058,L2,V1,2026-02-08 12:48:38,2026-02-08 13:04:50,CW→CC,2026-02-08,,20058,20058,170,Estudiante
4602,312722006,Juan Pablo II,Cdal. Raul Silva Henriquez,20167,L2,V1,2026-02-08 20:01:15,2026-02-08 20:26:26,CC→CW,2026-02-08,,20167,20167,170,Estudiante
4603,312722183,Concepcion,Hito Galvarino,20167,L2,V1,2026-02-08 19:38:25,2026-02-08 20:32:43,CC→CW,2026-02-08,,20167,20167,280,Estudiante
4604,312722347,Concepcion,Huinca,20149,L2,V1,2026-02-08 08:27:42,2026-02-08 09:07:41,CC→CW,2026-02-08,,20149,20149,280,Estudiante
4605,312723400,Hito Galvarino,El Parque,20044,L2,V1,2026-02-08 10:15:34,2026-02-08 10:31:22,CW→CC,2026-02-08,,20044,20044,200,Estudiante
4606,312723400,El Parque,Costa Mar,20170,L2,V1,2026-02-08 20:40:08,2026-02-08 20:46:49,CW→CC,2026-02-08,,20170,20170,140,Estudiante
4607,312723478,Lomas Coloradas,Hito Galvarino,20157,L2,V1,2026-02-08 17:48:48,2026-02-08 18:00:10,CC→CW,2026-02-08,,20157,,200,Estudiante
4608,312723500,Concepcion,Los Canelos,20041,L2,V1,2026-02-08 10:24:41,2026-02-08 11:03:09,CC→CW,2026-02-08,,20041,20041,280,Estudiante
4609,312723500,Los Canelos,Concepcion,20162,L2,V1,2026-02-08 18:20:34,2026-02-08 18:59:55,CW→CC,2026-02-08,,20162,20162,280,Estudiante
4610,312724468,Concepcion,Costa Mar,20059,L2,V1,2026-02-08 12:48:50,2026-02-08 13:34:30,CC→CW,2026-02-08,combo_por_entrada,20059,20059,190,Estudiante
4611,312724491,Cdal. Raul Silva Henriquez,Concepcion,20056,L2,V1,2026-02-08 12:36:47,2026-02-08 13:05:10,CW→CC,2026-02-08,,20056,20056,190,Estudiante
4612,312724832,Lomas Coloradas,Cdal. Raul Silva Henriquez,20153,L2,V1,2026-02-08 09:24:55,2026-02-08 09:42:02,CC→CW,2026-02-08,,20153,20153,140,Estudiante
4613,312724842,Concepcion,Concepcion,,,N/A,2026-02-08 10:01:05,2026-02-08 10:01:33,,2026-02-08,no viajo,,,140,Estudiante
4614,312724842,Concepcion,Concepcion,,,N/A,2026-02-08 18:04:17,2026-02-08 18:04:54,,2026-02-08,no viajo,,,140,Estudiante
4615,312726915,Concepcion,Lomas Coloradas,20157,L2,V1,2026-02-08 17:24:38,2026-02-08 17:52:39,CC→CW,2026-02-08,,20157,,190,Estudiante
4616,312727042,Juan Pablo II,Hito Galvarino,20035,L2,V1,2026-02-08 10:09:02,2026-02-08 10:33:40,CC→CW,2026-02-08,,20035,,220,Estudiante
4617,312727079,Concepcion,Los Canelos,20069,L2,V1,2026-02-08 16:22:09,2026-02-08 17:18:59,CC→CW,2026-02-08,,20069,20069,280,Estudiante
4618,312727092,Concepcion,Laguna Quinenco,20063,L2,V1,2026-02-08 14:16:52,2026-02-08 15:17:23,CC→CW,2026-02-08,,20063,20063,290,Estudiante
4619,312727092,Laguna Quinenco,Concepcion,20170,L2,V1,2026-02-08 20:19:56,2026-02-08 21:01:08,CW→CC,2026-02-08,,20170,20170,290,Estudiante
4620,312727207,Lomas Coloradas,Concepcion,20056,L2,V1,2026-02-08 12:26:09,2026-02-08 13:07:42,CW→CC,2026-02-08,,20056,20056,190,Estudiante
4621,312727207,Concepcion,Lomas Coloradas,20157,L2,V1,2026-02-08 17:11:04,2026-02-08 17:53:22,CC→CW,2026-02-08,,20157,20157,190,Estudiante
4622,312727256,Cristo Redentor,Concepcion,20056,L2,V1,2026-02-08 12:15:57,2026-02-08 13:03:50,CW→CC,2026-02-08,,20056,20056,280,Estudiante
4623,312727256,Concepcion,Cristo Redentor,20171,L2,V1,2026-02-08 20:57:39,2026-02-08 21:42:55,CC→CW,2026-02-08,,20171,,280,Estudiante
4624,312727333,Concepcion,Lomas Coloradas,20051,L2,V1,2026-02-08 11:41:58,2026-02-08 12:05:07,CC→CW,2026-02-08,,20051,20051,190,Estudiante
4625,312727333,Lomas Coloradas,El Parque,20076,L2,V1,2026-02-08 17:05:38,2026-02-08 17:11:42,CW→CC,2026-02-08,,20076,20076,140,Estudiante
4626,312737509,Juan Pablo II,Cdal. Raul Silva Henriquez,20059,L2,V1,2026-02-08 13:08:46,2026-02-08 13:43:38,CC→CW,2026-02-08,,20059,20059,170,Estudiante
4627,312737581,Cdal. Raul Silva Henriquez,Laguna Quinenco,20067,L2,V1,2026-02-08 15:41:02,2026-02-08 16:11:28,CC→CW,2026-02-08,,20067,20067,220,Estudiante
4628,312737581,Laguna Quinenco,Cdal. Raul Silva Henriquez,20162,L2,V1,2026-02-08 18:06:33,2026-02-08 18:36:29,CW→CC,2026-02-08,,20162,20162,220,Estudiante
4629,312737644,Cdal. Raul Silva Henriquez,Laguna Quinenco,20051,L2,V1,2026-02-08 11:59:45,2026-02-08 12:25:42,CC→CW,2026-02-08,,20051,20049,220,Estudiante
4630,312737660,Costa Mar,Laguna Quinenco,20153,L2,V1,2026-02-08 09:31:44,2026-02-08 09:59:30,CC→CW,2026-02-08,,20153,20153,220,Estudiante
4631,312737823,Concepcion,Concepcion,,,N/A,2026-02-08 20:06:04,2026-02-08 20:06:34,,2026-02-08,no viajo,,,140,Estudiante
4632,312737836,Cristo Redentor,Concepcion,20062,L2,V1,2026-02-08 13:42:01,2026-02-08 14:33:18,CW→CC,2026-02-08,,20062,20062,280,Estudiante
4633,312737836,Concepcion,Cristo Redentor,20069,L2,V1,2026-02-08 16:30:25,2026-02-08 17:23:59,CC→CW,2026-02-08,,20069,20069,280,Estudiante
4634,312742885,Laguna Quinenco,Huinca,20062,L2,V1,2026-02-08 13:52:27,2026-02-08 13:58:57,CW→CC,2026-02-08,,20062,20062,150,Estudiante
4635,312742885,Laguna Quinenco,Cristo Redentor,20162,L2,V1,2026-02-08 18:18:48,2026-02-08 18:23:03,CW→CC,2026-02-08,,20162,20162,150,Estudiante
4636,312742925,Laguna Quinenco,Concepcion,20170,L2,V1,2026-02-08 20:16:41,2026-02-08 21:00:49,CW→CC,2026-02-08,,20170,20170,290,Estudiante
4637,312742957,Concepcion,Costa Mar,20167,L2,V1,2026-02-08 19:30:57,2026-02-08 20:17:29,CC→CW,2026-02-08,,20167,20167,190,Estudiante
4638,312742968,Concepcion,Concepcion,,,N/A,2026-02-08 13:19:18,2026-02-08 13:21:41,,2026-02-08,no viajo,,,140,Estudiante
4639,312742974,Mercado,Concepcion,20881,L1,V1,2026-02-08 07:22:26,2026-02-08 08:49:41,TH→HQ,2026-02-08,combo_por_entrada,20881,20149,200,Estudiante
4640,312742974,El Parque,Concepcion,20170,L2,V1,2026-02-08 20:37:55,2026-02-08 21:32:20,CW→CC,2026-02-08,match_por_salida_fallback,20170,20848,200,Estudiante
4641,312743197,Concepcion,Coronel,20069,L2,V1,2026-02-08 16:38:57,2026-02-08 17:30:24,CC→CW,2026-02-08,,20069,20069,290,Estudiante
4642,312743199,Concepcion,Juan Pablo II,20059,L2,V1,2026-02-08 12:39:09,2026-02-08 13:27:07,CC→CW,2026-02-08,combo_por_entrada,20059,20059,190,Estudiante
4643,312743277,Los Canelos,Diagonal Bio Bio,20062,L2,V1,2026-02-08 13:55:35,2026-02-08 14:23:25,CW→CC,2026-02-08,,20062,20062,220,Estudiante
4644,312743277,Juan Pablo II,Los Canelos,20161,L2,V1,2026-02-08 18:35:39,2026-02-08 19:03:08,CC→CW,2026-02-08,,20161,20161,220,Estudiante
4645,312743909,Alborada,Concepcion,20050,L2,V1,2026-02-08 11:24:05,2026-02-08 11:42:11,CW→CC,2026-02-08,,20050,20050,190,Estudiante
4646,312744304,El Parque,Concepcion,20062,L2,V1,2026-02-08 14:04:33,2026-02-08 14:34:44,CW→CC,2026-02-08,,20062,20062,190,Estudiante
4647,312744304,Concepcion,El Parque,20069,L2,V1,2026-02-08 16:31:20,2026-02-08 17:03:41,CC→CW,2026-02-08,,20069,20069,190,Estudiante
4648,312744347,Laguna Quinenco,Cristo Redentor,20170,L2,V1,2026-02-08 20:17:01,2026-02-08 20:25:01,CW→CC,2026-02-08,,20170,20170,150,Estudiante
4649,312744467,Manquimavida,Concepcion,,,N/A,2026-02-08 12:39:47,2026-02-08 12:57:15,,2026-02-08,sin_combo_factible_en_hub|sin_s1_factible_retro,,,170,Estudiante
4650,312744510,Lomas Coloradas,Cristo Redentor,20067,L2,V1,2026-02-08 15:48:09,2026-02-08 16:08:28,CC→CW,2026-02-08,,20067,20067,210,Estudiante
4651,312744510,Cristo Redentor,Lomas Coloradas,20170,L2,V1,2026-02-08 20:18:53,2026-02-08 20:41:10,CW→CC,2026-02-08,,20170,20170,210,Estudiante
4652,312744529,Lomas Coloradas,Juan Pablo II,20040,L2,V1,2026-02-08 09:56:10,2026-02-08 10:16:06,CW→CC,2026-02-08,,20040,20040,170,Estudiante
4653,312744529,Juan Pablo II,Lomas Coloradas,20171,L2,V1,2026-02-08 20:50:02,2026-02-08 21:27:32,CC→CW,2026-02-08,,20171,20167,170,Estudiante
4654,312744581,Concepcion,Cdal. Raul Silva Henriquez,20171,L2,V1,2026-02-08 20:58:14,2026-02-08 21:30:03,CC→CW,2026-02-08,,20171,,190,Estudiante
4655,312744616,Cdal. Raul Silva Henriquez,Costa Mar,20156,L2,V1,2026-02-08 09:33:33,2026-02-08 09:46:50,CW→CC,2026-02-08,,20156,20156,140,Estudiante
4656,312744690,Hito Galvarino,Diagonal Bio Bio,20076,L2,V1,2026-02-08 16:54:45,2026-02-08 17:19:07,CW→CC,2026-02-08,,20076,20076,220,Estudiante
4657,312744690,Diagonal Bio Bio,Hito Galvarino,20171,L2,V1,2026-02-08 21:03:39,2026-02-08 21:35:33,CC→CW,2026-02-08,,20171,,220,Estudiante
4658,312744728,Concepcion,Laguna Quinenco,20171,L2,V1,2026-02-08 20:57:20,2026-02-08 21:45:13,CC→CW,2026-02-08,,20171,,290,Estudiante
4659,312744804,Cdal. Raul Silva Henriquez,Lomas Coloradas,20058,L2,V1,2026-02-08 12:47:11,2026-02-08 12:55:09,CW→CC,2026-02-08,,20058,20058,140,Estudiante
4660,312747902,Concepcion,Juan Pablo II,20157,L2,V1,2026-02-08 17:01:47,2026-02-08 17:41:42,CC→CW,2026-02-08,,20157,20157,190,Estudiante
4661,312747902,Juan Pablo II,Huinca,20167,L2,V1,2026-02-08 19:47:07,2026-02-08 20:39:13,CC→CW,2026-02-08,,20167,20167,230,Estudiante
4662,312747993,Cdal. Raul Silva Henriquez,Concepcion,20058,L2,V1,2026-02-08 12:46:51,2026-02-08 13:15:34,CW→CC,2026-02-08,,20058,20058,190,Estudiante
4663,312748005,Costa Mar,Cristo Redentor,20049,L2,V1,2026-02-08 11:43:17,2026-02-08 12:08:31,CC→CW,2026-02-08,,20049,20049,210,Estudiante
4664,312748005,Cristo Redentor,Costa Mar,20068,L2,V1,2026-02-08 15:40:14,2026-02-08 16:08:28,CW→CC,2026-02-08,,20068,20068,210,Estudiante
4665,312748005,Costa Mar,Cristo Redentor,20161,L2,V1,2026-02-08 17:59:17,2026-02-08 19:13:02,CC→CW,2026-02-08,,20161,20161,210,Estudiante
4666,2000000141,Diagonal Bio Bio,El Parque,20153,L2,V1,2026-02-08 09:19:37,2026-02-08 09:37:44,CC→CW,2026-02-08,,20153,20153,510,Monedero
4667,2000000400,Mercado,Higueras,20857,L1,V1,2026-02-08 08:27:03,2026-02-08 08:39:45,TH→HQ,2026-02-08,,20857,20857,490,Monedero
4668,2000000524,Los Condores,Chiguayante,20845,L1,V1,2026-02-08 16:11:17,2026-02-08 16:41:58,TH→HQ,2026-02-08,,20845,20845,540,Monedero
4669,2000000696,Manquimavida,Concepcion,20850,L1,V1,2026-02-08 09:40:18,2026-02-08 10:06:35,HQ→TH,2026-02-08,,20850,20850,510,Monedero
4670,2000000855,Huinca,Concepcion,,,N/A,2026-02-08 14:42:03,2026-02-08 15:08:22,,2026-02-08,sin_combo_factible_en_hub|sin_s1_factible_retro,,,850,Monedero
4671,2000000855,Concepcion,Huinca,20161,L2,V1,2026-02-08 18:26:27,2026-02-08 19:09:05,CC→CW,2026-02-08,,20161,20161,850,Monedero
4672,2000001394,Juan Pablo II,El Parque,20059,L2,V1,2026-02-08 12:56:32,2026-02-08 13:37:12,CC→CW,2026-02-08,,20059,20059,510,Monedero
4673,2000001394,El Parque,Juan Pablo II,20062,L2,V1,2026-02-08 14:10:57,2026-02-08 14:26:11,CW→CC,2026-02-08,,20062,20062,510,Monedero
4674,2000001749,Chiguayante,Concepcion,20844,L1,V1,2026-02-08 12:31:18,2026-02-08 12:58:10,HQ→TH,2026-02-08,,20844,20844,510,Monedero
4675,2000001749,Concepcion,Chiguayante,20845,L1,V1,2026-02-08 16:18:56,2026-02-08 16:40:39,TH→HQ,2026-02-08,,20845,20845,510,Monedero
4676,2000001832,Hualqui,Pedro Medina,20880,L1,V1,2026-02-08 20:58:02,2026-02-08 21:33:20,HQ→TH,2026-02-08,,20880,20880,500,Monedero
4677,2000001832,Hualqui,Pedro Medina,20880,L1,V1,2026-02-08 20:58:18,2026-02-08 21:33:09,HQ→TH,2026-02-08,,20880,20880,500,Monedero
4678,2000001858,El Parque,Hito Galvarino,20171,L2,V1,2026-02-08 21:02:12,2026-02-08 21:35:59,CC→CW,2026-02-08,,20171,,610,Monedero
4679,2000001858,El Parque,Hito Galvarino,20171,L2,V1,2026-02-08 21:02:19,2026-02-08 21:35:55,CC→CW,2026-02-08,,20171,,610,Monedero
4680,2000002091,Juan Pablo II,Concepcion,20066,L2,V1,2026-02-08 15:09:45,2026-02-08 15:23:01,CW→CC,2026-02-08,,20066,20066,570,Monedero
4681,2000002091,Concepcion,Juan Pablo II,20069,L2,V1,2026-02-08 15:56:37,2026-02-08 16:51:59,CC→CW,2026-02-08,,20069,20069,570,Monedero
4682,2000002715,Coronel,Diagonal Bio Bio,20068,L2,V1,2026-02-08 15:23:02,2026-02-08 16:12:59,CW→CC,2026-02-08,,20068,20068,790,Monedero
4683,2000003062,Los Canelos,Concepcion,20058,L2,V1,2026-02-08 12:40:16,2026-02-08 13:16:24,CW→CC,2026-02-08,,20058,20058,850,Monedero
4684,2000003062,Los Canelos,Concepcion,20058,L2,V1,2026-02-08 12:40:22,2026-02-08 13:16:19,CW→CC,2026-02-08,,20058,20058,850,Monedero
4685,2000003062,Concepcion,Concepcion,,,N/A,2026-02-08 16:38:07,2026-02-08 16:40:11,,2026-02-08,no viajo,,,420,Monedero
4686,2000003062,Concepcion,Los Canelos,20161,L2,V1,2026-02-08 18:22:06,2026-02-08 19:04:13,CC→CW,2026-02-08,,20161,20161,850,Monedero
4687,2000003198,Los Canelos,Concepcion,20162,L2,V1,2026-02-08 18:04:19,2026-02-08 19:00:19,CW→CC,2026-02-08,,20162,20162,850,Monedero
4688,2000003198,Los Canelos,Concepcion,20162,L2,V1,2026-02-08 18:04:23,2026-02-08 19:00:15,CW→CC,2026-02-08,,20162,20162,850,Monedero
4689,2000003198,Los Canelos,Concepcion,20162,L2,V1,2026-02-08 18:04:32,2026-02-08 18:59:58,CW→CC,2026-02-08,,20162,20162,850,Monedero
4690,2000003424,Cristo Redentor,Concepcion,20056,L2,V1,2026-02-08 12:15:59,2026-02-08 13:05:54,CW→CC,2026-02-08,,20056,20056,850,Monedero
4691,2000003424,Concepcion,Cristo Redentor,20167,L2,V1,2026-02-08 19:55:45,2026-02-08 20:41:03,CC→CW,2026-02-08,,20167,20167,850,Monedero
4692,2000003545,Diagonal Bio Bio,Laguna Quinenco,20059,L2,V1,2026-02-08 13:27:16,2026-02-08 14:00:08,CC→CW,2026-02-08,,20059,20059,790,Monedero
4693,2000003545,Coronel,Diagonal Bio Bio,20076,L2,V1,2026-02-08 16:38:42,2026-02-08 17:18:20,CW→CC,2026-02-08,,20076,20076,790,Monedero
4694,2000003854,Costa Mar,Hito Galvarino,20157,L2,V1,2026-02-08 17:42:14,2026-02-08 18:00:42,CC→CW,2026-02-08,,20157,,610,Monedero
4695,2000003925,Laguna Quinenco,Concepcion,20052,L2,V1,2026-02-08 11:11:11,2026-02-08 12:04:17,CW→CC,2026-02-08,,20052,20052,880,Monedero
4696,2000003925,Concepcion,Laguna Quinenco,20059,L2,V1,2026-02-08 13:18:29,2026-02-08 14:01:18,CC→CW,2026-02-08,,20059,20059,880,Monedero
4697,2000003929,Concepcion,Diagonal Bio Bio,20161,L2,V1,2026-02-08 18:20:05,2026-02-08 18:39:59,CC→CW,2026-02-08,,20161,20161,570,Monedero
4698,2000004151,Lomas Coloradas,Concepcion,20052,L2,V1,2026-02-08 11:33:54,2026-02-08 12:03:21,CW→CC,2026-02-08,,20052,20052,570,Monedero
4699,2000004151,Concepcion,Lomas Coloradas,20171,L2,V1,2026-02-08 20:56:04,2026-02-08 21:27:23,CC→CW,2026-02-08,,20171,,570,Monedero
4700,2000004713,Los Canelos,Concepcion,20162,L2,V1,2026-02-08 18:21:18,2026-02-08 18:59:01,CW→CC,2026-02-08,,20162,20162,850,Monedero
4701,2000005038,Lomas Coloradas,Laguna Quinenco,20069,L2,V1,2026-02-08 17:03:55,2026-02-08 17:28:00,CC→CW,2026-02-08,,20069,20069,650,Monedero
4702,2000005109,Cdal. Raul Silva Henriquez,Concepcion,20068,L2,V1,2026-02-08 15:58:16,2026-02-08 16:23:40,CW→CC,2026-02-08,,20068,20068,570,Monedero
4703,2000005204,Diagonal Bio Bio,Concepcion,20044,L2,V1,2026-02-08 10:29:12,2026-02-08 10:48:03,CW→CC,2026-02-08,,20044,20044,570,Monedero
4704,2000005204,Diagonal Bio Bio,Concepcion,20068,L2,V1,2026-02-08 16:12:13,2026-02-08 16:24:18,CW→CC,2026-02-08,,20068,20068,570,Monedero
4705,2000005206,Coronel,Costa Mar,20062,L2,V1,2026-02-08 13:40:16,2026-02-08 14:19:00,CW→CC,2026-02-08,,20062,20062,650,Monedero
4706,2000005575,Coronel,Juan Pablo II,20050,L2,V1,2026-02-08 10:51:51,2026-02-08 11:31:55,CW→CC,2026-02-08,,20050,20050,790,Monedero
4707,2000005779,Costa Mar,Cristo Redentor,20149,L2,V1,2026-02-08 08:43:36,2026-02-08 09:10:22,CC→CW,2026-02-08,,20149,20149,630,Monedero
4708,2000005804,Coronel,Costa Mar,20062,L2,V1,2026-02-08 13:11:22,2026-02-08 14:18:52,CW→CC,2026-02-08,,20062,20062,650,Monedero
4709,2000005804,Costa Mar,Coronel,20067,L2,V1,2026-02-08 15:11:07,2026-02-08 16:14:35,CC→CW,2026-02-08,,20067,20067,650,Monedero
4710,2000005952,Los Canelos,Concepcion,20056,L2,V1,2026-02-08 12:27:07,2026-02-08 13:04:43,CW→CC,2026-02-08,,20056,20056,850,Monedero
4711,2000005987,Costa Mar,Cristo Redentor,20053,L2,V1,2026-02-08 12:19:02,2026-02-08 12:47:54,CC→CW,2026-02-08,,20053,20053,630,Monedero
4712,2000006446,Laguna Quinenco,Los Canelos,20170,L2,V1,2026-02-08 19:52:04,2026-02-08 20:28:30,CW→CC,2026-02-08,,20170,20170,270,Adulto Mayor
4713,2000006505,Lomas Coloradas,Concepcion,20068,L2,V1,2026-02-08 15:59:04,2026-02-08 16:24:47,CW→CC,2026-02-08,,20068,20068,570,Monedero
4714,2000006602,Costa Mar,Concepcion,20050,L2,V1,2026-02-08 10:50:28,2026-02-08 11:38:41,CW→CC,2026-02-08,,20050,20050,570,Monedero
4715,2000006909,Cristo Redentor,Concepcion,20040,L2,V1,2026-02-08 09:40:31,2026-02-08 10:22:56,CW→CC,2026-02-08,,20040,20040,850,Monedero
4716,2000007202,Hito Galvarino,Concepcion,20062,L2,V1,2026-02-08 13:56:28,2026-02-08 14:34:54,CW→CC,2026-02-08,,20062,20062,850,Monedero
4717,2000007410,Costa Mar,Concepcion,20040,L2,V1,2026-02-08 10:06:47,2026-02-08 10:22:44,CW→CC,2026-02-08,,20040,20040,570,Monedero
4718,2000007410,Costa Mar,Concepcion,20040,L2,V1,2026-02-08 10:07:02,2026-02-08 10:22:35,CW→CC,2026-02-08,,20040,20040,570,Monedero
4719,2000007410,Hualqui,Costa Mar,,,N/A,2026-02-08 16:51:16,2026-02-08 17:48:19,,2026-02-08,sin_combo_factible_en_hub|sin_s1_factible_retro,,,600,Monedero
4720,2000007410,Hualqui,Costa Mar,,,N/A,2026-02-08 16:51:22,2026-02-08 17:48:14,,2026-02-08,sin_combo_factible_en_hub|sin_s1_factible_retro,,,600,Monedero
4721,2000007410,Hualqui,Concepcion,20846,L1,V1,2026-02-08 16:51:28,2026-02-08 17:33:58,HQ→TH,2026-02-08,,20846,20846,550,Monedero
4722,2000007410,Hualqui,Concepcion,20846,L1,V1,2026-02-08 16:51:35,2026-02-08 17:33:54,HQ→TH,2026-02-08,,20846,20846,550,Monedero
4723,2000007730,Hualqui,UTF Santa Maria,20850,L1,V1,2026-02-08 09:25:07,2026-02-08 10:14:21,HQ→TH,2026-02-08,,20850,20850,560,Monedero
4724,2000007730,UTF Santa Maria,Concepcion,20859,L1,V1,2026-02-08 12:37:04,2026-02-08 12:55:23,TH→HQ,2026-02-08,,20859,20859,500,Monedero
4725,2000007771,Los Canelos,Concepcion,20162,L2,V1,2026-02-08 18:16:27,2026-02-08 19:00:34,CW→CC,2026-02-08,,20162,20162,850,Monedero
4726,2000008125,Lomas Coloradas,Hito Galvarino,20163,L2,V1,2026-02-08 19:13:56,2026-02-08 19:32:39,CC→CW,2026-02-08,,20163,20163,610,Monedero
4727,2000008287,Diagonal Bio Bio,Cdal. Raul Silva Henriquez,20063,L2,V1,2026-02-08 14:36:27,2026-02-08 15:00:36,CC→CW,2026-02-08,,20063,20063,510,Monedero
4728,2000008287,Cdal. Raul Silva Henriquez,Diagonal Bio Bio,20166,L2,V1,2026-02-08 19:36:50,2026-02-08 19:51:07,CW→CC,2026-02-08,,20166,20166,510,Monedero
4729,2000008332,Los Canelos,Coronel,20067,L2,V1,2026-02-08 15:56:16,2026-02-08 16:14:13,CC→CW,2026-02-08,,20067,20067,530,Monedero
4730,2000008342,Laguna Quinenco,Concepcion,20052,L2,V1,2026-02-08 11:20:31,2026-02-08 12:02:34,CW→CC,2026-02-08,,20052,20052,880,Monedero
4731,2000008346,Juan Pablo II,Alborada,20067,L2,V1,2026-02-08 15:34:50,2026-02-08 15:42:49,CC→CW,2026-02-08,,20067,,440,Monedero
4732,2000008437,Hito Galvarino,Concepcion,20066,L2,V1,2026-02-08 14:42:00,2026-02-08 15:29:17,CW→CC,2026-02-08,,20066,20066,850,Monedero
4733,2000008539,Manquimavida,Los Condores,20844,L1,V1,2026-02-08 12:27:21,2026-02-08 13:09:19,HQ→TH,2026-02-08,,20844,20844,540,Monedero
4734,2000008688,Coronel,Cdal. Raul Silva Henriquez,20170,L2,V1,2026-02-08 20:14:54,2026-02-08 20:36:37,CW→CC,2026-02-08,,20170,20170,650,Monedero
4735,2000008688,Coronel,Cdal. Raul Silva Henriquez,20170,L2,V1,2026-02-08 20:14:59,2026-02-08 20:36:29,CW→CC,2026-02-08,,20170,20170,650,Monedero
4736,2000008701,Concepcion,Cdal. Raul Silva Henriquez,20153,L2,V1,2026-02-08 09:08:03,2026-02-08 09:42:11,CC→CW,2026-02-08,,20153,20153,570,Monedero
4737,2000008701,Cdal. Raul Silva Henriquez,Concepcion,20162,L2,V1,2026-02-08 18:12:45,2026-02-08 18:58:43,CW→CC,2026-02-08,,20162,20162,570,Monedero
4738,2000008872,Laguna Quinenco,Hito Galvarino,20062,L2,V1,2026-02-08 13:43:02,2026-02-08 14:05:22,CW→CC,2026-02-08,,20062,20062,530,Monedero
4739,2000008872,Laguna Quinenco,Hito Galvarino,20062,L2,V1,2026-02-08 13:43:12,2026-02-08 14:05:13,CW→CC,2026-02-08,,20062,20062,530,Monedero
4740,2000008890,Concepcion,Cdal. Raul Silva Henriquez,20149,L2,V1,2026-02-08 08:25:20,2026-02-08 08:54:55,CC→CW,2026-02-08,,20149,20149,570,Monedero
4741,2000008899,Cdal. Raul Silva Henriquez,Juan Pablo II,20050,L2,V1,2026-02-08 11:06:25,2026-02-08 11:32:06,CW→CC,2026-02-08,,20050,20050,510,Monedero
4742,2000008899,Juan Pablo II,Cdal. Raul Silva Henriquez,20051,L2,V1,2026-02-08 11:48:56,2026-02-08 12:07:36,CC→CW,2026-02-08,,20051,20051,510,Monedero
4743,2000008918,Lzo. Arenas,Pedro Medina,20859,L1,V1,2026-02-08 12:41:25,2026-02-08 13:13:38,TH→HQ,2026-02-08,,20859,20859,510,Monedero
4744,2000009014,El Parque,Los Canelos,20157,L2,V1,2026-02-08 17:44:17,2026-02-08 18:04:10,CC→CW,2026-02-08,,20157,,610,Monedero
4745,2000009217,Cristo Redentor,Cdal. Raul Silva Henriquez,20066,L2,V1,2026-02-08 14:29:18,2026-02-08 15:01:38,CW→CC,2026-02-08,,20066,20066,630,Monedero
4746,2000009219,Los Canelos,Concepcion,20044,L2,V1,2026-02-08 10:07:10,2026-02-08 10:48:10,CW→CC,2026-02-08,,20044,20044,850,Monedero
4747,2000009219,Concepcion,Huinca,20063,L2,V1,2026-02-08 14:31:29,2026-02-08 15:15:51,CC→CW,2026-02-08,,20063,20063,850,Monedero
4748,2000010406,Hualqui,UTF Santa Maria,20850,L1,V1,2026-02-08 09:25:39,2026-02-08 10:14:19,HQ→TH,2026-02-08,,20850,20850,560,Monedero
4749,2000010406,UTF Santa Maria,Concepcion,20859,L1,V1,2026-02-08 12:36:49,2026-02-08 12:55:19,TH→HQ,2026-02-08,,20859,20859,500,Monedero
4750,2000010569,Concepcion,Laguna Quinenco,20069,L2,V1,2026-02-08 16:24:09,2026-02-08 17:27:34,CC→CW,2026-02-08,,20069,20069,880,Monedero
4751,2000010693,Laguna Quinenco,Juan Pablo II,20170,L2,V1,2026-02-08 19:42:21,2026-02-08 20:56:15,CW→CC,2026-02-08,,20170,20170,790,Monedero
4752,2000011012,Los Canelos,Cdal. Raul Silva Henriquez,20050,L2,V1,2026-02-08 10:59:09,2026-02-08 11:17:05,CW→CC,2026-02-08,,20050,20050,610,Monedero
4753,2000011267,Lomas Coloradas,Concepcion,20066,L2,V1,2026-02-08 14:54:50,2026-02-08 15:24:58,CW→CC,2026-02-08,,20066,20066,570,Monedero
4754,2000011267,Concepcion,Lomas Coloradas,20157,L2,V1,2026-02-08 17:20:01,2026-02-08 17:53:45,CC→CW,2026-02-08,,20157,20157,570,Monedero
4755,2000011506,Concepcion,Lomas Coloradas,20067,L2,V1,2026-02-08 15:21:38,2026-02-08 15:50:19,CC→CW,2026-02-08,,20067,20067,570,Monedero
4756,2000011506,Lomas Coloradas,Concepcion,20166,L2,V1,2026-02-08 19:35:56,2026-02-08 19:59:33,CW→CC,2026-02-08,,20166,20166,570,Monedero
4757,2000011750,Cristo Redentor,Costa Mar,20170,L2,V1,2026-02-08 20:21:18,2026-02-08 20:45:56,CW→CC,2026-02-08,,20170,20170,630,Monedero
4758,2000011788,Lomas Coloradas,El Parque,20052,L2,V1,2026-02-08 11:33:08,2026-02-08 11:46:17,CW→CC,2026-02-08,,20052,20052,430,Monedero
4759,2000014299,Lomas Coloradas,Coronel,20059,L2,V1,2026-02-08 13:22:39,2026-02-08 14:03:15,CC→CW,2026-02-08,,20059,20059,650,Monedero
4760,2000014580,Cdal. Raul Silva Henriquez,Cristo Redentor,20149,L2,V1,2026-02-08 08:45:27,2026-02-08 09:09:48,CC→CW,2026-02-08,,20149,20149,630,Monedero
4761,2000014580,Cristo Redentor,Cdal. Raul Silva Henriquez,20170,L2,V1,2026-02-08 20:13:20,2026-02-08 20:36:23,CW→CC,2026-02-08,,20170,20170,630,Monedero
4762,2000014916,Hualqui,Chiguayante,20850,L1,V1,2026-02-08 09:14:27,2026-02-08 09:56:09,HQ→TH,2026-02-08,,20850,20850,500,Monedero
4763,2000015231,Cristo Redentor,El Parque,20056,L2,V1,2026-02-08 12:12:43,2026-02-08 12:45:27,CW→CC,2026-02-08,,20056,20056,630,Monedero
4764,2000015231,Diagonal Bio Bio,Los Canelos,20069,L2,V1,2026-02-08 16:45:47,2026-02-08 17:19:17,CC→CW,2026-02-08,,20069,20069,650,Monedero
4765,2000015274,Costa Mar,Concepcion,20160,L2,V1,2026-02-08 17:58:13,2026-02-08 18:26:55,CW→CC,2026-02-08,,20160,20160,570,Monedero
4766,2000015331,Cdal. Raul Silva Henriquez,Cristo Redentor,20053,L2,V1,2026-02-08 12:25:44,2026-02-08 12:47:56,CC→CW,2026-02-08,,20053,20053,630,Monedero
4767,2000015419,Lomas Coloradas,Cristo Redentor,20149,L2,V1,2026-02-08 08:44:13,2026-02-08 09:09:15,CC→CW,2026-02-08,,20149,20149,630,Monedero
4768,2000015419,Cristo Redentor,Lomas Coloradas,20170,L2,V1,2026-02-08 20:11:56,2026-02-08 20:44:05,CW→CC,2026-02-08,,20170,20170,630,Monedero
4769,2000015715,Hito Galvarino,Concepcion,20156,L2,V1,2026-02-08 09:13:46,2026-02-08 10:05:05,CW→CC,2026-02-08,,20156,20156,850,Monedero
4770,2000015843,Coronel,Concepcion,20056,L2,V1,2026-02-08 12:15:43,2026-02-08 13:05:35,CW→CC,2026-02-08,,20056,20056,880,Monedero
4771,2000015843,Coronel,Concepcion,20056,L2,V1,2026-02-08 12:15:57,2026-02-08 13:05:27,CW→CC,2026-02-08,,20056,20056,880,Monedero
4772,2000015843,Concepcion,Coronel,20069,L2,V1,2026-02-08 16:25:44,2026-02-08 17:32:09,CC→CW,2026-02-08,,20069,20069,880,Monedero
4773,2000015843,Concepcion,Coronel,20069,L2,V1,2026-02-08 16:25:48,2026-02-08 17:32:01,CC→CW,2026-02-08,,20069,20069,880,Monedero
4774,2000015857,Manquimavida,Concepcion,20848,L1,V1,2026-02-08 20:39:33,2026-02-08 21:07:14,HQ→TH,2026-02-08,,20848,20848,510,Monedero
4775,2000016138,Lomas Coloradas,Laguna Quinenco,20035,L2,V1,2026-02-08 10:09:28,2026-02-08 10:45:46,CC→CW,2026-02-08,,20035,,650,Monedero
4776,2000016138,Laguna Quinenco,Lomas Coloradas,20062,L2,V1,2026-02-08 13:40:59,2026-02-08 14:13:56,CW→CC,2026-02-08,,20062,20062,650,Monedero
4777,2000016163,Cristo Redentor,Cdal. Raul Silva Henriquez,20062,L2,V1,2026-02-08 13:53:10,2026-02-08 14:10:39,CW→CC,2026-02-08,,20062,20062,630,Monedero
4778,2000016163,Cdal. Raul Silva Henriquez,Cristo Redentor,20161,L2,V1,2026-02-08 18:52:28,2026-02-08 19:09:05,CC→CW,2026-02-08,,20161,20161,630,Monedero
4779,2000016859,Lomas Coloradas,Concepcion,20040,L2,V1,2026-02-08 09:59:55,2026-02-08 10:22:28,CW→CC,2026-02-08,,20040,20040,570,Monedero
4780,2000016859,Concepcion,Lomas Coloradas,20049,L2,V1,2026-02-08 10:55:56,2026-02-08 11:51:23,CC→CW,2026-02-08,,20049,20049,570,Monedero
4781,2000016925,Costa Mar,Hito Galvarino,20167,L2,V1,2026-02-08 20:14:58,2026-02-08 20:32:10,CC→CW,2026-02-08,,20167,20167,610,Monedero
4782,2000017050,Lomas Coloradas,Diagonal Bio Bio,20066,L2,V1,2026-02-08 14:49:01,2026-02-08 15:14:11,CW→CC,2026-02-08,,20066,20066,510,Monedero
4783,2000017050,Diagonal Bio Bio,Lomas Coloradas,20171,L2,V1,2026-02-08 21:06:37,2026-02-08 21:28:26,CC→CW,2026-02-08,,20171,20171,510,Monedero
4784,2000017270,Coronel,Concepcion,20156,L2,V1,2026-02-08 08:51:49,2026-02-08 10:03:27,CW→CC,2026-02-08,,20156,20156,880,Monedero
4785,2000017270,Concepcion,Coronel,20049,L2,V1,2026-02-08 11:19:17,2026-02-08 12:17:55,CC→CW,2026-02-08,,20049,20049,880,Monedero
4786,2000017429,Diagonal Bio Bio,Cristo Redentor,20157,L2,V1,2026-02-08 17:35:07,2026-02-08 18:07:28,CC→CW,2026-02-08,,20157,,680,Monedero
4787,2000017628,Lomas Coloradas,Cdal. Raul Silva Henriquez,20161,L2,V1,2026-02-08 18:00:11,2026-02-08 18:54:37,CC→CW,2026-02-08,,20161,20157,430,Monedero
4788,2000017828,Los Canelos,Lomas Coloradas,20166,L2,V1,2026-02-08 19:23:27,2026-02-08 19:40:52,CW→CC,2026-02-08,,20166,20166,610,Monedero
4789,2000018129,Concepcion,Diagonal Bio Bio,20157,L2,V1,2026-02-08 16:53:29,2026-02-08 17:47:20,CC→CW,2026-02-08,,20157,20157,570,Monedero
4790,2000018326,Lomas Coloradas,Diagonal Bio Bio,20152,L2,V1,2026-02-08 08:44:13,2026-02-08 09:06:15,CW→CC,2026-02-08,,20152,20152,510,Monedero
4791,2000018326,Diagonal Bio Bio,Lomas Coloradas,20059,L2,V1,2026-02-08 13:25:59,2026-02-08 13:39:38,CC→CW,2026-02-08,,20059,20059,510,Monedero
4792,2000018576,El Parque,Concepcion,20170,L2,V1,2026-02-08 20:38:02,2026-02-08 21:00:16,CW→CC,2026-02-08,,20170,20170,570,Monedero
4793,2000018900,Lomas Coloradas,Cristo Redentor,20153,L2,V1,2026-02-08 09:36:23,2026-02-08 09:56:37,CC→CW,2026-02-08,,20153,20153,630,Monedero
4794,2000018950,Concepcion,Chiguayante,20847,L1,V1,2026-02-08 20:28:38,2026-02-08 20:39:45,TH→HQ,2026-02-08,,20847,20847,510,Monedero
4795,2000019007,Concepcion,Los Canelos,20059,L2,V1,2026-02-08 13:09:10,2026-02-08 13:53:26,CC→CW,2026-02-08,,20059,20059,850,Monedero
4796,2000019232,Lomas Coloradas,Juan Pablo II,20162,L2,V1,2026-02-08 18:25:03,2026-02-08 18:54:00,CW→CC,2026-02-08,,20162,20162,510,Monedero
4797,2000019635,Concepcion,Lomas Coloradas,20059,L2,V1,2026-02-08 13:16:07,2026-02-08 13:40:54,CC→CW,2026-02-08,,20059,20059,570,Monedero
4798,2000019978,Los Canelos,El Parque,20062,L2,V1,2026-02-08 13:51:30,2026-02-08 14:16:33,CW→CC,2026-02-08,,20062,20062,610,Monedero
4799,2000019978,Los Canelos,El Parque,20062,L2,V1,2026-02-08 13:51:35,2026-02-08 14:16:28,CW→CC,2026-02-08,,20062,20062,610,Monedero
4800,2000019978,El Parque,Los Canelos,20161,L2,V1,2026-02-08 18:12:57,2026-02-08 19:03:05,CC→CW,2026-02-08,,20161,20161,610,Monedero
4801,2000020368,La Leonera,Pedro Medina,20844,L1,V1,2026-02-08 12:20:05,2026-02-08 12:45:19,HQ→TH,2026-02-08,,20844,20844,420,Monedero
4802,2000020522,Coronel,Cdal. Raul Silva Henriquez,20050,L2,V1,2026-02-08 10:49:35,2026-02-08 11:16:11,CW→CC,2026-02-08,,20050,20050,650,Monedero
4803,2000020522,Cdal. Raul Silva Henriquez,Laguna Quinenco,20063,L2,V1,2026-02-08 14:37:53,2026-02-08 15:20:25,CC→CW,2026-02-08,,20063,20063,650,Monedero
4804,2000020522,Laguna Quinenco,Coronel,20069,L2,V1,2026-02-08 17:26:03,2026-02-08 17:30:16,CC→CW,2026-02-08,,20069,20069,440,Monedero
4805,2000020867,Coronel,Concepcion,20056,L2,V1,2026-02-08 12:06:17,2026-02-08 13:06:34,CW→CC,2026-02-08,,20056,20056,880,Monedero
4806,2000020867,Coronel,Concepcion,20056,L2,V1,2026-02-08 12:06:22,2026-02-08 13:06:28,CW→CC,2026-02-08,,20056,20056,880,Monedero
4807,2000020867,Concepcion,Coronel,20069,L2,V1,2026-02-08 16:40:50,2026-02-08 17:31:01,CC→CW,2026-02-08,,20069,20069,880,Monedero
4808,2000020867,Concepcion,Coronel,20069,L2,V1,2026-02-08 16:40:55,2026-02-08 17:30:55,CC→CW,2026-02-08,,20069,20069,880,Monedero
4809,2000021027,Cristo Redentor,Concepcion,20040,L2,V1,2026-02-08 09:29:31,2026-02-08 10:23:04,CW→CC,2026-02-08,,20040,20156,850,Monedero
4810,2000021027,Concepcion,Cristo Redentor,20069,L2,V1,2026-02-08 16:11:09,2026-02-08 17:23:55,CC→CW,2026-02-08,,20069,20069,850,Monedero
4811,2000021593,Concepcion,Cdal. Raul Silva Henriquez,20167,L2,V1,2026-02-08 19:44:17,2026-02-08 20:26:21,CC→CW,2026-02-08,,20167,20167,570,Monedero
4812,2000022003,Concepcion,Coronel,20035,L2,V1,2026-02-08 10:01:31,2026-02-08 10:48:10,CC→CW,2026-02-08,,20035,,880,Monedero
4813,2000022075,Concepcion,El Arenal,20848,L1,V1,2026-02-08 20:34:36,2026-02-08 21:27:39,HQ→TH,2026-02-08,,20848,20848,540,Monedero
4814,2000022242,Laguna Quinenco,Huinca,20166,L2,V1,2026-02-08 19:10:00,2026-02-08 19:28:10,CW→CC,2026-02-08,,20166,20166,450,Monedero
4815,2000022261,Cdal. Raul Silva Henriquez,Laguna Quinenco,20067,L2,V1,2026-02-08 15:40:19,2026-02-08 16:12:22,CC→CW,2026-02-08,,20067,20067,650,Monedero
4816,2000022261,Cdal. Raul Silva Henriquez,Laguna Quinenco,20067,L2,V1,2026-02-08 15:40:25,2026-02-08 16:12:17,CC→CW,2026-02-08,,20067,20067,650,Monedero
4817,2000022261,Laguna Quinenco,Cdal. Raul Silva Henriquez,20162,L2,V1,2026-02-08 17:51:09,2026-02-08 18:37:00,CW→CC,2026-02-08,,20162,20160,650,Monedero
4818,2000022261,Laguna Quinenco,Cdal. Raul Silva Henriquez,20162,L2,V1,2026-02-08 17:51:15,2026-02-08 18:36:52,CW→CC,2026-02-08,,20162,20160,650,Monedero
4819,2000022522,Huinca,El Parque,20066,L2,V1,2026-02-08 14:40:52,2026-02-08 15:07:42,CW→CC,2026-02-08,,20066,20066,630,Monedero
4820,2000022522,El Parque,Cristo Redentor,20171,L2,V1,2026-02-08 21:14:17,2026-02-08 21:43:25,CC→CW,2026-02-08,,20171,,630,Monedero
4821,2000022573,Coronel,Cristo Redentor,20170,L2,V1,2026-02-08 19:52:18,2026-02-08 20:23:48,CW→CC,2026-02-08,,20170,20170,450,Monedero
4822,2000022627,Concepcion,Laguna Quinenco,20161,L2,V1,2026-02-08 18:13:00,2026-02-08 19:10:25,CC→CW,2026-02-08,,20161,20161,880,Monedero
4823,2000022884,Lomas Coloradas,Concepcion,20152,L2,V1,2026-02-08 08:45:27,2026-02-08 09:16:02,CW→CC,2026-02-08,,20152,20152,570,Monedero
4824,2000022899,Costa Mar,Concepcion,20056,L2,V1,2026-02-08 12:38:20,2026-02-08 13:04:57,CW→CC,2026-02-08,,20056,20056,570,Monedero
4825,2000022899,Costa Mar,Concepcion,20056,L2,V1,2026-02-08 12:38:38,2026-02-08 13:04:51,CW→CC,2026-02-08,,20056,20056,570,Monedero
4826,2000023185,Concepcion,Costa Mar,20069,L2,V1,2026-02-08 16:09:51,2026-02-08 16:59:16,CC→CW,2026-02-08,,20069,20069,570,Monedero
4827,2000023204,Hito Galvarino,Huinca,20063,L2,V1,2026-02-08 14:58:39,2026-02-08 15:12:03,CC→CW,2026-02-08,,20063,20063,460,Monedero
4828,2000023252,Cdal. Raul Silva Henriquez,Diagonal Bio Bio,20166,L2,V1,2026-02-08 19:33:28,2026-02-08 19:51:03,CW→CC,2026-02-08,,20166,20166,510,Monedero
4829,2000023845,Concepcion,Alborada,20067,L2,V1,2026-02-08 15:10:44,2026-02-08 15:44:04,CC→CW,2026-02-08,,20067,20067,570,Monedero
4830,2000024076,Concepcion,Juan Pablo II,20059,L2,V1,2026-02-08 13:08:07,2026-02-08 13:28:05,CC→CW,2026-02-08,,20059,20059,570,Monedero
4831,2000024102,Concepcion,Huinca,20051,L2,V1,2026-02-08 11:44:49,2026-02-08 12:21:29,CC→CW,2026-02-08,,20051,20051,850,Monedero
4832,2000024127,Coronel,Concepcion,20076,L2,V1,2026-02-08 16:35:48,2026-02-08 17:30:41,CW→CC,2026-02-08,,20076,20076,880,Monedero
4833,2000024127,Coronel,Concepcion,20076,L2,V1,2026-02-08 16:35:56,2026-02-08 17:30:32,CW→CC,2026-02-08,,20076,20076,880,Monedero
4834,2000024488,Coronel,Concepcion,,,N/A,2026-02-08 09:50:33,2026-02-08 10:32:56,,2026-02-08,sin_combo_factible_en_hub|sin_s1_factible_retro,,,880,Monedero
4835,2000025245,Laguna Quinenco,Concepcion,,,N/A,2026-02-08 13:48:42,2026-02-08 14:19:40,,2026-02-08,sin_combo_factible_en_hub|sin_s1_factible_retro,,,880,Monedero
4836,2000025245,Concepcion,Laguna Quinenco,20171,L2,V1,2026-02-08 20:56:23,2026-02-08 21:46:16,CC→CW,2026-02-08,,20171,,880,Monedero
4837,2000025255,UTF Santa Maria,Hualqui,20859,L1,V1,2026-02-08 12:40:23,2026-02-08 13:30:07,TH→HQ,2026-02-08,,20859,20859,560,Monedero
4838,2000025331,Costa Mar,Laguna Quinenco,20153,L2,V1,2026-02-08 09:31:34,2026-02-08 10:02:57,CC→CW,2026-02-08,,20153,20153,650,Monedero
4839,2000025331,Laguna Quinenco,Costa Mar,20058,L2,V1,2026-02-08 12:24:29,2026-02-08 13:00:51,CW→CC,2026-02-08,,20058,20056,650,Monedero
4840,2000025885,Cristo Redentor,Concepcion,20066,L2,V1,2026-02-08 14:39:49,2026-02-08 15:23:32,CW→CC,2026-02-08,,20066,20066,850,Monedero
4841,2000026482,Diagonal Bio Bio,Cdal. Raul Silva Henriquez,20163,L2,V1,2026-02-08 19:10:11,2026-02-08 19:27:50,CC→CW,2026-02-08,,20163,20163,510,Monedero
4842,2000026579,Diagonal Bio Bio,Coronel,20063,L2,V1,2026-02-08 14:20:59,2026-02-08 15:20:35,CC→CW,2026-02-08,,20063,20063,790,Monedero
4843,2000026791,Laguna Quinenco,Concepcion,20170,L2,V1,2026-02-08 20:04:23,2026-02-08 21:02:43,CW→CC,2026-02-08,,20170,20170,880,Monedero
4844,2000026798,Cristo Redentor,Lomas Coloradas,20160,L2,V1,2026-02-08 17:45:54,2026-02-08 18:06:47,CW→CC,2026-02-08,,20160,20160,630,Monedero
4845,2000027076,El Arenal,Concepcion,20857,L1,V1,2026-02-08 08:27:48,2026-02-08 09:00:55,TH→HQ,2026-02-08,,20857,20857,540,Monedero
4846,2000027152,Concepcion,Los Canelos,20069,L2,V1,2026-02-08 16:21:36,2026-02-08 17:21:35,CC→CW,2026-02-08,,20069,20069,850,Monedero
4847,2000027592,Concepcion,Hito Galvarino,20171,L2,V1,2026-02-08 20:29:12,2026-02-08 21:35:45,CC→CW,2026-02-08,,20171,,850,Monedero
4848,2000027729,Concepcion,El Parque,20067,L2,V1,2026-02-08 14:57:35,2026-02-08 15:47:56,CC→CW,2026-02-08,,20067,20067,570,Monedero
4849,2000027729,Concepcion,El Parque,20067,L2,V1,2026-02-08 14:57:52,2026-02-08 15:47:48,CC→CW,2026-02-08,,20067,20067,570,Monedero
4850,2000027729,El Parque,Concepcion,20076,L2,V1,2026-02-08 16:53:21,2026-02-08 17:30:03,CW→CC,2026-02-08,,20076,20076,570,Monedero
4851,2000027729,El Parque,Concepcion,20076,L2,V1,2026-02-08 16:53:30,2026-02-08 17:29:57,CW→CC,2026-02-08,,20076,20076,570,Monedero
4852,2000027837,Juan Pablo II,Lomas Coloradas,20167,L2,V1,2026-02-08 19:46:54,2026-02-08 20:23:34,CC→CW,2026-02-08,,20167,20167,510,Monedero
4853,2000027837,Juan Pablo II,Lomas Coloradas,20167,L2,V1,2026-02-08 19:46:58,2026-02-08 20:23:28,CC→CW,2026-02-08,,20167,20167,510,Monedero
4854,2000028283,Huinca,Concepcion,20166,L2,V1,2026-02-08 19:16:03,2026-02-08 19:59:50,CW→CC,2026-02-08,,20166,20166,850,Monedero
4855,2000028483,Los Canelos,Lomas Coloradas,20062,L2,V1,2026-02-08 13:48:12,2026-02-08 14:13:38,CW→CC,2026-02-08,,20062,20062,610,Monedero
4856,2000028520,Los Canelos,Concepcion,20076,L2,V1,2026-02-08 16:53:38,2026-02-08 17:32:48,CW→CC,2026-02-08,,20076,20076,850,Monedero
4857,2000028520,Concepcion,Los Canelos,20171,L2,V1,2026-02-08 20:21:53,2026-02-08 21:39:15,CC→CW,2026-02-08,,20171,,850,Monedero
4858,2000028685,Concepcion,Huinca,20171,L2,V1,2026-02-08 20:29:11,2026-02-08 21:40:10,CC→CW,2026-02-08,,20171,,850,Monedero
4859,2000028718,Concepcion,Manquimavida,20847,L1,V1,2026-02-08 20:28:07,2026-02-08 20:45:44,TH→HQ,2026-02-08,,20847,20847,510,Monedero
4860,2000029020,Lomas Coloradas,Concepcion,20170,L2,V1,2026-02-08 20:06:23,2026-02-08 21:00:32,CW→CC,2026-02-08,,20170,20170,570,Monedero
4861,2000029090,Concepcion,Cristo Redentor,20167,L2,V1,2026-02-08 19:48:45,2026-02-08 20:41:12,CC→CW,2026-02-08,,20167,20167,850,Monedero
4862,2000029105,Huinca,Concepcion,20056,L2,V1,2026-02-08 12:18:12,2026-02-08 13:04:58,CW→CC,2026-02-08,,20056,20056,850,Monedero
4863,2000029199,Lomas Coloradas,Concepcion,20058,L2,V1,2026-02-08 12:52:36,2026-02-08 13:14:56,CW→CC,2026-02-08,,20058,20058,570,Monedero
4864,2000029201,Coronel,Cristo Redentor,20076,L2,V1,2026-02-08 16:42:11,2026-02-08 16:52:55,CW→CC,2026-02-08,,20076,20076,450,Monedero
4865,2000029201,Coronel,Cristo Redentor,20076,L2,V1,2026-02-08 16:42:17,2026-02-08 16:52:51,CW→CC,2026-02-08,,20076,20076,450,Monedero
4866,2000029201,Coronel,Cristo Redentor,20076,L2,V1,2026-02-08 16:42:23,2026-02-08 16:52:47,CW→CC,2026-02-08,,20076,20076,450,Monedero
4867,2000029289,Cdal. Raul Silva Henriquez,Concepcion,20076,L2,V1,2026-02-08 16:49:12,2026-02-08 17:33:32,CW→CC,2026-02-08,,20076,20076,570,Monedero
4868,2000029289,Cdal. Raul Silva Henriquez,Concepcion,20076,L2,V1,2026-02-08 16:49:17,2026-02-08 17:33:26,CW→CC,2026-02-08,,20076,20076,570,Monedero
4869,2000029289,Cdal. Raul Silva Henriquez,Concepcion,20076,L2,V1,2026-02-08 16:49:22,2026-02-08 17:33:22,CW→CC,2026-02-08,,20076,20076,570,Monedero
4870,2000029289,Cdal. Raul Silva Henriquez,Concepcion,20076,L2,V1,2026-02-08 16:49:26,2026-02-08 17:33:16,CW→CC,2026-02-08,,20076,20076,570,Monedero
4871,2000029289,Concepcion,Cdal. Raul Silva Henriquez,20171,L2,V1,2026-02-08 20:45:53,2026-02-08 21:30:34,CC→CW,2026-02-08,,20171,,570,Monedero
4872,2000029289,Concepcion,Cdal. Raul Silva Henriquez,20171,L2,V1,2026-02-08 20:45:57,2026-02-08 21:30:30,CC→CW,2026-02-08,,20171,,570,Monedero
4873,2000029289,Concepcion,Cdal. Raul Silva Henriquez,20171,L2,V1,2026-02-08 20:46:02,2026-02-08 21:30:27,CC→CW,2026-02-08,,20171,,570,Monedero
4874,2000029289,Concepcion,Cdal. Raul Silva Henriquez,20171,L2,V1,2026-02-08 20:46:06,2026-02-08 21:30:22,CC→CW,2026-02-08,,20171,,570,Monedero
4875,2000029586,Lomas Coloradas,El Parque,20156,L2,V1,2026-02-08 09:28:06,2026-02-08 09:45:12,CW→CC,2026-02-08,,20156,20156,430,Monedero
4876,2000029586,El Parque,Lomas Coloradas,20167,L2,V1,2026-02-08 20:06:39,2026-02-08 20:22:43,CC→CW,2026-02-08,,20167,20167,430,Monedero
4877,2000029592,Concepcion,Laguna Quinenco,20067,L2,V1,2026-02-08 15:26:53,2026-02-08 16:10:38,CC→CW,2026-02-08,,20067,20067,880,Monedero
4878,2000029615,Concepcion,Lomas Coloradas,20157,L2,V1,2026-02-08 17:25:42,2026-02-08 17:52:47,CC→CW,2026-02-08,,20157,,570,Monedero
4879,2000029818,Hito Galvarino,Costa Mar,20066,L2,V1,2026-02-08 14:53:14,2026-02-08 15:08:50,CW→CC,2026-02-08,,20066,20063,610,Monedero
4880,2000029859,Costa Mar,Concepcion,20170,L2,V1,2026-02-08 20:42:04,2026-02-08 21:00:20,CW→CC,2026-02-08,,20170,20170,570,Monedero
4881,2000030266,Laguna Quinenco,Cristo Redentor,20068,L2,V1,2026-02-08 15:31:20,2026-02-08 15:47:57,CW→CC,2026-02-08,,20068,20068,450,Monedero
4882,2000030639,Coronel,Cristo Redentor,20062,L2,V1,2026-02-08 13:45:20,2026-02-08 13:56:24,CW→CC,2026-02-08,,20062,20062,450,Monedero
4883,2000030902,Concepcion,Diagonal Bio Bio,20035,L2,V1,2026-02-08 09:42:57,2026-02-08 10:16:17,CC→CW,2026-02-08,combo_por_entrada,20035,20035,590,Monedero
4884,2000031024,El Parque,Cdal. Raul Silva Henriquez,20161,L2,V1,2026-02-08 18:41:32,2026-02-08 18:53:45,CC→CW,2026-02-08,,20161,20161,430,Monedero
4885,2000031426,Cdal. Raul Silva Henriquez,Juan Pablo II,20044,L2,V1,2026-02-08 10:21:57,2026-02-08 10:41:07,CW→CC,2026-02-08,,20044,20044,510,Monedero
4886,2000031426,Juan Pablo II,Cdal. Raul Silva Henriquez,20163,L2,V1,2026-02-08 19:01:28,2026-02-08 19:26:11,CC→CW,2026-02-08,,20163,20163,510,Monedero
4887,2000031489,Concepcion,Coronel,20035,L2,V1,2026-02-08 09:51:40,2026-02-08 10:47:53,CC→CW,2026-02-08,,20035,,880,Monedero
4888,2000031696,Cdal. Raul Silva Henriquez,Concepcion,20062,L2,V1,2026-02-08 14:07:28,2026-02-08 14:34:55,CW→CC,2026-02-08,,20062,20062,570,Monedero
4889,2000031696,Cdal. Raul Silva Henriquez,Concepcion,20062,L2,V1,2026-02-08 14:07:44,2026-02-08 14:34:50,CW→CC,2026-02-08,,20062,20062,570,Monedero
4890,2000031696,Cdal. Raul Silva Henriquez,Concepcion,20062,L2,V1,2026-02-08 14:07:50,2026-02-08 14:34:45,CW→CC,2026-02-08,,20062,20062,570,Monedero
4891,2000031696,Concepcion,Cdal. Raul Silva Henriquez,20163,L2,V1,2026-02-08 18:48:10,2026-02-08 19:27:03,CC→CW,2026-02-08,,20163,20163,570,Monedero
4892,2000031696,Concepcion,Cdal. Raul Silva Henriquez,20163,L2,V1,2026-02-08 18:48:17,2026-02-08 19:26:55,CC→CW,2026-02-08,,20163,20163,570,Monedero
4893,2000031696,Concepcion,Cdal. Raul Silva Henriquez,20163,L2,V1,2026-02-08 18:48:35,2026-02-08 19:26:47,CC→CW,2026-02-08,,20163,20163,570,Monedero
4894,2000031778,Laguna Quinenco,Concepcion,20156,L2,V1,2026-02-08 09:09:39,2026-02-08 10:04:13,CW→CC,2026-02-08,,20156,20156,880,Monedero
4895,2000031839,Los Canelos,Concepcion,20162,L2,V1,2026-02-08 18:24:21,2026-02-08 18:59:06,CW→CC,2026-02-08,,20162,20162,850,Monedero
4896,2000032228,Concepcion,Costa Mar,20167,L2,V1,2026-02-08 19:54:24,2026-02-08 20:16:53,CC→CW,2026-02-08,,20167,20167,570,Monedero
4897,2000032429,Juan Pablo II,Cdal. Raul Silva Henriquez,20063,L2,V1,2026-02-08 14:37:53,2026-02-08 15:00:21,CC→CW,2026-02-08,,20063,20063,510,Monedero
4898,2000032432,Concepcion,Los Canelos,20157,L2,V1,2026-02-08 16:58:03,2026-02-08 18:03:31,CC→CW,2026-02-08,,20157,,850,Monedero
4899,2000032970,Coronel,Concepcion,20160,L2,V1,2026-02-08 17:06:00,2026-02-08 18:28:01,CW→CC,2026-02-08,,20160,20160,880,Monedero
4900,2000033144,Mercado,Higueras,20845,L1,V1,2026-02-08 15:57:05,2026-02-08 16:08:53,TH→HQ,2026-02-08,,20845,20845,490,Monedero
4901,2000033602,Costa Mar,Huinca,20161,L2,V1,2026-02-08 18:39:43,2026-02-08 19:06:52,CC→CW,2026-02-08,,20161,20161,630,Monedero
4902,2000033602,Huinca,Costa Mar,20166,L2,V1,2026-02-08 19:18:48,2026-02-08 19:46:42,CW→CC,2026-02-08,,20166,20166,630,Monedero
4903,2000034052,Concepcion,Coronel,20041,L2,V1,2026-02-08 10:13:36,2026-02-08 11:14:12,CC→CW,2026-02-08,,20041,20041,880,Monedero
4904,2000034158,Los Canelos,Concepcion,20056,L2,V1,2026-02-08 12:25:23,2026-02-08 13:07:09,CW→CC,2026-02-08,,20056,20056,850,Monedero
4905,2000034158,Concepcion,Los Canelos,20171,L2,V1,2026-02-08 20:42:59,2026-02-08 21:38:52,CC→CW,2026-02-08,,20171,,850,Monedero
4906,2000034508,Concepcion,Manquimavida,20847,L1,V1,2026-02-08 20:15:10,2026-02-08 20:45:16,TH→HQ,2026-02-08,,20847,20847,510,Monedero
4907,2000034758,El Parque,Los Canelos,20067,L2,V1,2026-02-08 15:36:45,2026-02-08 16:03:40,CC→CW,2026-02-08,,20067,20067,610,Monedero
4908,2000034769,Cristo Redentor,Los Canelos,20066,L2,V1,2026-02-08 14:34:13,2026-02-08 14:51:56,CW→CC,2026-02-08,,20066,20066,460,Monedero
4909,2000035056,La Leonera,Chiguayante,20850,L1,V2,2026-02-08 09:44:17,2026-02-08 09:56:19,,2026-02-08,sin_combo_factible_en_hub|sin_s1_factible_retro,,20850,420,Monedero
4910,2000035255,Laguna Quinenco,Concepcion,20152,L2,V1,2026-02-08 08:27:15,2026-02-08 09:16:04,CW→CC,2026-02-08,,20152,20152,880,Monedero
4911,2000035255,Concepcion,Laguna Quinenco,20171,L2,V1,2026-02-08 20:36:11,2026-02-08 21:45:24,CC→CW,2026-02-08,,20171,,880,Monedero
4912,2000035273,Concepcion,Laguna Quinenco,20149,L2,V1,2026-02-08 08:22:09,2026-02-08 09:11:50,CC→CW,2026-02-08,,20149,20149,880,Monedero
4913,2000035273,Laguna Quinenco,Concepcion,20162,L2,V1,2026-02-08 18:13:12,2026-02-08 19:00:02,CW→CC,2026-02-08,,20162,20162,880,Monedero
4914,2000036578,Concepcion,Laguna Quinenco,20149,L2,V1,2026-02-08 08:27:33,2026-02-08 09:12:21,CC→CW,2026-02-08,,20149,20149,880,Monedero
4915,2000036578,Laguna Quinenco,Concepcion,20056,L2,V1,2026-02-08 12:15:54,2026-02-08 13:07:01,CW→CC,2026-02-08,,20056,20056,880,Monedero
4916,2000036845,Cristo Redentor,Concepcion,20066,L2,V1,2026-02-08 14:38:16,2026-02-08 15:25:51,CW→CC,2026-02-08,,20066,20066,850,Monedero
4917,2000036845,Concepcion,Cristo Redentor,20163,L2,V1,2026-02-08 18:57:56,2026-02-08 19:40:32,CC→CW,2026-02-08,,20163,20163,850,Monedero
4918,2000037640,Diagonal Bio Bio,Huinca,20053,L2,V1,2026-02-08 12:13:52,2026-02-08 12:45:07,CC→CW,2026-02-08,,20053,20053,680,Monedero
4919,2000037640,Huinca,Diagonal Bio Bio,20066,L2,V1,2026-02-08 14:39:07,2026-02-08 15:13:04,CW→CC,2026-02-08,,20066,20063,680,Monedero
4920,2000037951,Laguna Quinenco,Concepcion,20066,L2,V1,2026-02-08 13:58:29,2026-02-08 15:24:19,CW→CC,2026-02-08,,20066,20062,880,Monedero
4921,2000037951,Concepcion,Laguna Quinenco,20161,L2,V1,2026-02-08 17:43:32,2026-02-08 19:10:46,CC→CW,2026-02-08,,20161,20161,880,Monedero
4922,2000037993,Concepcion,Concepcion,,,N/A,2026-02-08 17:39:18,2026-02-08 17:41:32,,2026-02-08,no viajo,,,420,Monedero
4923,2000037993,Concepcion,Concepcion,,,N/A,2026-02-08 17:39:27,2026-02-08 17:41:27,,2026-02-08,no viajo,,,420,Monedero
4924,2000038131,Cdal. Raul Silva Henriquez,Lomas Coloradas,20044,L2,V1,2026-02-08 10:23:45,2026-02-08 10:28:31,CW→CC,2026-02-08,,20044,20044,430,Monedero
4925,2000038131,Lomas Coloradas,Juan Pablo II,20050,L2,V1,2026-02-08 11:15:49,2026-02-08 11:32:31,CW→CC,2026-02-08,,20050,20050,510,Monedero
4926,2000038131,Lomas Coloradas,Juan Pablo II,20050,L2,V1,2026-02-08 11:15:56,2026-02-08 11:32:26,CW→CC,2026-02-08,,20050,20050,510,Monedero
4927,2000038151,Concepcion,Lomas Coloradas,20171,L2,V1,2026-02-08 20:49:40,2026-02-08 21:27:58,CC→CW,2026-02-08,,20171,,570,Monedero
4928,2000039100,Concepcion,Coronel,20161,L2,V1,2026-02-08 17:54:47,2026-02-08 19:19:55,CC→CW,2026-02-08,,20161,20161,880,Monedero
4929,2000039100,Concepcion,Coronel,20161,L2,V1,2026-02-08 17:54:51,2026-02-08 19:19:49,CC→CW,2026-02-08,,20161,20161,880,Monedero
4930,2000039106,Hualqui,Concepcion,20880,L1,V1,2026-02-08 20:51:53,2026-02-08 21:47:59,HQ→TH,2026-02-08,,20880,20880,550,Monedero
4931,2000039106,Hualqui,Concepcion,20880,L1,V1,2026-02-08 20:52:00,2026-02-08 21:47:54,HQ→TH,2026-02-08,,20880,20880,550,Monedero
4932,2000039255,Concepcion,Los Canelos,20049,L2,V1,2026-02-08 11:32:30,2026-02-08 12:18:44,CC→CW,2026-02-08,,20049,20049,850,Monedero
4933,2000039328,Concepcion,Cristo Redentor,20069,L2,V1,2026-02-08 16:42:45,2026-02-08 17:25:29,CC→CW,2026-02-08,,20069,20069,850,Monedero
4934,2000039478,Concepcion,Alborada,20049,L2,V1,2026-02-08 11:17:56,2026-02-08 11:57:52,CC→CW,2026-02-08,,20049,20049,570,Monedero
4935,2000039495,Diagonal Bio Bio,Costa Mar,20167,L2,V1,2026-02-08 20:05:40,2026-02-08 20:17:06,CC→CW,2026-02-08,,20167,20167,510,Monedero
4936,2000039527,Lomas Coloradas,Concepcion,20152,L2,V1,2026-02-08 08:47:51,2026-02-08 09:16:39,CW→CC,2026-02-08,,20152,20152,570,Monedero
4937,2000039583,Costa Mar,Concepcion,20170,L2,V1,2026-02-08 20:29:29,2026-02-08 21:00:37,CW→CC,2026-02-08,,20170,20170,570,Monedero
4938,2000039610,Lomas Coloradas,Costa Mar,20050,L2,V1,2026-02-08 11:17:42,2026-02-08 11:25:56,CW→CC,2026-02-08,,20050,20050,430,Monedero
4939,2000039610,Lomas Coloradas,Costa Mar,20050,L2,V1,2026-02-08 11:17:46,2026-02-08 11:25:51,CW→CC,2026-02-08,,20050,20050,430,Monedero
4940,2000040358,Concepcion,Concepcion,,,N/A,2026-02-08 19:48:18,2026-02-08 19:49:15,,2026-02-08,no viajo,,,420,Monedero
4941,2000040358,Concepcion,Concepcion,,,N/A,2026-02-08 19:48:26,2026-02-08 19:49:09,,2026-02-08,no viajo,,,420,Monedero
4942,2000040497,Alborada,Laguna Quinenco,20053,L2,V1,2026-02-08 12:21:10,2026-02-08 12:51:11,CC→CW,2026-02-08,,20053,20053,790,Monedero
4943,2000040497,Laguna Quinenco,Alborada,20062,L2,V1,2026-02-08 13:45:34,2026-02-08 14:21:33,CW→CC,2026-02-08,,20062,20062,790,Monedero
4944,2000040615,El Parque,Concepcion,20166,L2,V1,2026-02-08 19:35:38,2026-02-08 19:59:32,CW→CC,2026-02-08,,20166,20166,570,Monedero
4945,2000040678,Huinca,El Parque,20068,L2,V1,2026-02-08 15:10:37,2026-02-08 16:06:55,CW→CC,2026-02-08,,20068,20068,630,Monedero
4946,2000040678,Huinca,El Parque,20068,L2,V1,2026-02-08 15:10:56,2026-02-08 16:06:50,CW→CC,2026-02-08,,20068,20068,630,Monedero
4947,2000040803,Cdal. Raul Silva Henriquez,Concepcion,20066,L2,V1,2026-02-08 14:58:43,2026-02-08 15:23:33,CW→CC,2026-02-08,,20066,20066,570,Monedero
4948,2000041149,Coronel,Concepcion,20068,L2,V1,2026-02-08 15:34:14,2026-02-08 16:23:35,CW→CC,2026-02-08,,20068,20068,880,Monedero
4949,2000041149,Concepcion,Coronel,,,N/A,2026-02-08 20:38:36,2026-02-08 21:47:45,,2026-02-08,sin_combo_factible_en_hub|sin_s1_factible_retro,,,880,Monedero
4950,2000041532,Huinca,Concepcion,20056,L2,V1,2026-02-08 12:19:16,2026-02-08 13:04:41,CW→CC,2026-02-08,,20056,20056,850,Monedero
4951,2000041532,Concepcion,Huinca,20063,L2,V1,2026-02-08 14:20:39,2026-02-08 15:14:53,CC→CW,2026-02-08,,20063,20063,850,Monedero
4952,2000041532,Concepcion,Huinca,20063,L2,V1,2026-02-08 14:20:47,2026-02-08 15:14:49,CC→CW,2026-02-08,,20063,20063,850,Monedero
4953,2000041532,Concepcion,Huinca,20063,L2,V1,2026-02-08 14:20:51,2026-02-08 15:14:44,CC→CW,2026-02-08,,20063,20063,850,Monedero
4954,2000041532,Huinca,Los Canelos,20170,L2,V1,2026-02-08 20:24:30,2026-02-08 21:39:16,CW→CC,2026-02-08,,20170,20170,460,Monedero
4955,2000041545,Laguna Quinenco,Cristo Redentor,20152,L2,V1,2026-02-08 08:12:39,2026-02-08 08:39:12,CW→CC,2026-02-08,,20152,20152,450,Monedero
4956,2000041750,Cristo Redentor,El Parque,20066,L2,V1,2026-02-08 14:46:59,2026-02-08 15:07:57,CW→CC,2026-02-08,,20066,20066,630,Monedero
4957,2000041750,El Parque,Cristo Redentor,20157,L2,V1,2026-02-08 17:41:45,2026-02-08 18:09:29,CC→CW,2026-02-08,,20157,,630,Monedero
4958,2000042647,Concepcion,Lomas Coloradas,20161,L2,V1,2026-02-08 18:20:42,2026-02-08 18:49:43,CC→CW,2026-02-08,,20161,20161,570,Monedero
4959,2000042808,Cristo Redentor,Concepcion,20056,L2,V1,2026-02-08 12:13:36,2026-02-08 13:04:02,CW→CC,2026-02-08,,20056,20056,850,Monedero
4960,2000042808,Concepcion,Cristo Redentor,20171,L2,V1,2026-02-08 20:28:27,2026-02-08 21:42:15,CC→CW,2026-02-08,,20171,,850,Monedero
4961,2000043019,Coronel,Costa Mar,20062,L2,V1,2026-02-08 13:11:10,2026-02-08 14:18:37,CW→CC,2026-02-08,,20062,20062,650,Monedero
4962,2000043019,Coronel,Costa Mar,20062,L2,V1,2026-02-08 13:11:14,2026-02-08 14:18:32,CW→CC,2026-02-08,,20062,20062,650,Monedero
4963,2000043019,Costa Mar,Coronel,20067,L2,V1,2026-02-08 15:10:50,2026-02-08 16:15:44,CC→CW,2026-02-08,,20067,20067,650,Monedero
4964,2000043019,Costa Mar,Coronel,20067,L2,V1,2026-02-08 15:11:00,2026-02-08 16:14:25,CC→CW,2026-02-08,,20067,20067,650,Monedero
4965,2000043275,Diagonal Bio Bio,Coronel,20157,L2,V1,2026-02-08 17:36:45,2026-02-08 18:14:41,CC→CW,2026-02-08,,20157,,790,Monedero
4966,2000043368,Cristo Redentor,Juan Pablo II,20066,L2,V1,2026-02-08 14:41:57,2026-02-08 15:16:33,CW→CC,2026-02-08,,20066,20062,680,Monedero
4967,2000043828,Cdal. Raul Silva Henriquez,Laguna Quinenco,20069,L2,V1,2026-02-08 17:08:06,2026-02-08 17:28:16,CC→CW,2026-02-08,,20069,20069,650,Monedero
4968,2000043828,Laguna Quinenco,Cdal. Raul Silva Henriquez,20166,L2,V1,2026-02-08 18:35:46,2026-02-08 19:38:44,CW→CC,2026-02-08,,20166,20166,650,Monedero
4969,2000043915,Laguna Quinenco,Cdal. Raul Silva Henriquez,20170,L2,V1,2026-02-08 20:12:30,2026-02-08 20:37:23,CW→CC,2026-02-08,,20170,20170,650,Monedero
4970,2000043915,Laguna Quinenco,Cdal. Raul Silva Henriquez,20170,L2,V1,2026-02-08 20:12:37,2026-02-08 20:37:19,CW→CC,2026-02-08,,20170,20170,650,Monedero
4971,2000044163,Lzo. Arenas,Los Condores,20848,L1,V1,2026-02-08 21:00:01,2026-02-08 21:20:08,HQ→TH,2026-02-08,,20848,20848,500,Monedero
4972,2000044353,Coronel,Concepcion,20160,L2,V1,2026-02-08 17:38:19,2026-02-08 18:28:42,CW→CC,2026-02-08,,20160,20160,880,Monedero
4973,2000044383,Huinca,Concepcion,20058,L2,V1,2026-02-08 12:37:23,2026-02-08 13:15:58,CW→CC,2026-02-08,,20058,20058,850,Monedero
4974,2000044427,Lomas Coloradas,Los Canelos,20167,L2,V1,2026-02-08 20:20:26,2026-02-08 20:36:24,CC→CW,2026-02-08,,20167,20167,610,Monedero
4975,2000044665,Concepcion,Higueras,20846,L1,V1,2026-02-08 16:29:43,2026-02-08 17:50:52,HQ→TH,2026-02-08,combo_por_entrada,20846,20846,900,Monedero
4976,2000044665,Concepcion,Laguna Quinenco,20171,L2,V1,2026-02-08 20:56:13,2026-02-08 21:46:19,CC→CW,2026-02-08,,20171,,880,Monedero
4977,2000046151,Huinca,Laguna Quinenco,20049,L2,V1,2026-02-08 11:58:43,2026-02-08 12:11:15,CC→CW,2026-02-08,,20049,20049,450,Monedero
4978,2000046151,Laguna Quinenco,Huinca,20068,L2,V1,2026-02-08 15:29:32,2026-02-08 15:49:53,CW→CC,2026-02-08,,20068,20068,450,Monedero
4979,2000046378,Laguna Quinenco,Costa Mar,20170,L2,V1,2026-02-08 19:28:37,2026-02-08 20:45:57,CW→CC,2026-02-08,,20170,20166,650,Monedero
4980,2000046425,Hito Galvarino,Concepcion,,,N/A,2026-02-08 14:48:02,2026-02-08 15:08:09,,2026-02-08,sin_combo_factible_en_hub|sin_s1_factible_retro,,,850,Monedero
4981,2000046469,Laguna Quinenco,Los Canelos,20166,L2,V1,2026-02-08 19:07:57,2026-02-08 19:30:53,CW→CC,2026-02-08,,20166,20166,530,Monedero
4982,2000046769,Juan Pablo II,Hito Galvarino,20167,L2,V1,2026-02-08 19:48:15,2026-02-08 20:32:58,CC→CW,2026-02-08,,20167,20167,650,Monedero
4983,2000047197,Juan Pablo II,Laguna Quinenco,20167,L2,V1,2026-02-08 19:27:38,2026-02-08 20:43:11,CC→CW,2026-02-08,,20167,20167,790,Monedero
4984,2000047429,Los Canelos,Concepcion,20156,L2,V1,2026-02-08 09:16:28,2026-02-08 13:20:06,CW→CC,2026-02-08,,20156,20156,850,Monedero
4985,2000047429,Concepcion,Los Canelos,20059,L2,V1,2026-02-08 13:20:11,2026-02-08 13:53:49,CC→CW,2026-02-08,,20059,20059,850,Monedero
4986,2000047429,Concepcion,Los Canelos,20059,L2,V1,2026-02-08 13:20:16,2026-02-08 13:53:43,CC→CW,2026-02-08,,20059,20059,850,Monedero
4987,2000048501,Coronel,Concepcion,20160,L2,V1,2026-02-08 17:28:25,2026-02-08 18:28:47,CW→CC,2026-02-08,,20160,20160,880,Monedero
4988,2000048523,Concepcion,Concepcion,,,N/A,2026-02-08 12:56:10,2026-02-08 12:59:53,,2026-02-08,no viajo,,,420,Monedero
4989,2000048523,Concepcion,Concepcion,,,N/A,2026-02-08 12:56:16,2026-02-08 12:59:46,,2026-02-08,no viajo,,,420,Monedero
4990,2000048724,Diagonal Bio Bio,Cristo Redentor,20035,L2,V1,2026-02-08 10:03:13,2026-02-08 10:42:05,CC→CW,2026-02-08,,20035,20153,680,Monedero
4991,2000048724,Cristo Redentor,Diagonal Bio Bio,20066,L2,V1,2026-02-08 14:23:35,2026-02-08 15:14:48,CW→CC,2026-02-08,,20066,20066,680,Monedero
4992,2000048837,Concepcion,Cdal. Raul Silva Henriquez,20041,L2,V1,2026-02-08 10:08:50,2026-02-08 10:53:21,CC→CW,2026-02-08,,20041,20035,570,Monedero
4993,2000048951,Cdal. Raul Silva Henriquez,El Parque,20062,L2,V1,2026-02-08 13:55:44,2026-02-08 14:16:46,CW→CC,2026-02-08,,20062,20062,430,Monedero
4994,2000049032,Cristo Redentor,Hito Galvarino,20068,L2,V1,2026-02-08 15:38:52,2026-02-08 15:54:44,CW→CC,2026-02-08,,20068,20068,460,Monedero
4995,2000049191,Costa Mar,Los Canelos,20051,L2,V1,2026-02-08 11:52:53,2026-02-08 12:18:26,CC→CW,2026-02-08,,20051,20051,610,Monedero
4996,2000049191,Los Canelos,Costa Mar,20056,L2,V1,2026-02-08 12:22:48,2026-02-08 12:47:14,CW→CC,2026-02-08,,20056,20056,610,Monedero
4997,2000049419,Coronel,Juan Pablo II,20170,L2,V1,2026-02-08 20:00:19,2026-02-08 20:54:13,CW→CC,2026-02-08,,20170,20170,790,Monedero
4998,2000050313,El Parque,Laguna Quinenco,20149,L2,V1,2026-02-08 08:47:16,2026-02-08 09:12:19,CC→CW,2026-02-08,,20149,20149,650,Monedero
4999,2000050313,Laguna Quinenco,Cristo Redentor,20058,L2,V1,2026-02-08 12:26:47,2026-02-08 12:38:28,CW→CC,2026-02-08,,20058,20056,450,Monedero
5000,2000050313,Cristo Redentor,Lomas Coloradas,20062,L2,V1,2026-02-08 13:13:14,2026-02-08 14:13:22,CW→CC,2026-02-08,,20062,20062,630,Monedero
5001,2000050564,Concepcion,Lomas Coloradas,20167,L2,V1,2026-02-08 19:47:50,2026-02-08 20:23:45,CC→CW,2026-02-08,,20167,20167,570,Monedero
5002,2000050794,Concepcion,Lomas Coloradas,20063,L2,V1,2026-02-08 14:15:03,2026-02-08 14:57:33,CC→CW,2026-02-08,,20063,20063,570,Monedero
5003,2000050794,Lomas Coloradas,Concepcion,20076,L2,V1,2026-02-08 17:01:41,2026-02-08 17:29:56,CW→CC,2026-02-08,,20076,20076,570,Monedero
5004,2000052522,Laguna Quinenco,Concepcion,20044,L2,V1,2026-02-08 10:06:57,2026-02-08 10:48:47,CW→CC,2026-02-08,,20044,20044,880,Monedero
5005,2000052522,Concepcion,Laguna Quinenco,20059,L2,V1,2026-02-08 13:14:43,2026-02-08 14:00:57,CC→CW,2026-02-08,,20059,20059,880,Monedero
5006,2000052821,Concepcion,Costa Mar,20067,L2,V1,2026-02-08 15:09:00,2026-02-08 15:44:46,CC→CW,2026-02-08,,20067,,570,Monedero
5007,2000052908,Concepcion,Mercado,20846,L1,V1,2026-02-08 15:46:46,2026-02-08 17:58:53,HQ→TH,2026-02-08,combo_por_entrada,20846,20846,900,Monedero
5008,2000052908,Concepcion,Mercado,20846,L1,V1,2026-02-08 15:46:50,2026-02-08 17:58:45,HQ→TH,2026-02-08,combo_por_entrada,20846,20076,900,Monedero
5009,2000053713,Diagonal Bio Bio,El Parque,20063,L2,V1,2026-02-08 14:33:55,2026-02-08 14:56:26,CC→CW,2026-02-08,,20063,20063,510,Monedero
5010,2000053713,El Parque,Diagonal Bio Bio,20068,L2,V1,2026-02-08 15:48:07,2026-02-08 16:13:24,CW→CC,2026-02-08,,20068,20068,510,Monedero
5011,2000053854,Cristo Redentor,Concepcion,20068,L2,V1,2026-02-08 15:32:30,2026-02-08 16:25:17,CW→CC,2026-02-08,,20068,20068,850,Monedero
5012,2000053854,Cristo Redentor,Concepcion,20068,L2,V1,2026-02-08 15:32:35,2026-02-08 16:25:13,CW→CC,2026-02-08,,20068,20068,850,Monedero
5013,2000053854,Concepcion,Cristo Redentor,20167,L2,V1,2026-02-08 19:54:55,2026-02-08 20:41:26,CC→CW,2026-02-08,,20167,20167,850,Monedero
5014,2000053870,Coronel,Concepcion,20068,L2,V1,2026-02-08 15:33:59,2026-02-08 16:24:53,CW→CC,2026-02-08,,20068,20068,880,Monedero
5015,2000053870,Coronel,Concepcion,20068,L2,V1,2026-02-08 15:34:05,2026-02-08 16:24:48,CW→CC,2026-02-08,,20068,20068,880,Monedero
5016,2000053870,Concepcion,Coronel,20167,L2,V1,2026-02-08 19:56:50,2026-02-08 20:46:52,CC→CW,2026-02-08,,20167,20167,880,Monedero
5017,2000053870,Concepcion,Coronel,20167,L2,V1,2026-02-08 19:56:55,2026-02-08 20:46:48,CC→CW,2026-02-08,,20167,20167,880,Monedero
5018,2000054010,Concepcion,Huinca,20053,L2,V1,2026-02-08 12:05:30,2026-02-08 12:45:38,CC→CW,2026-02-08,,20053,20053,850,Monedero
5019,2000054055,Laguna Quinenco,Cristo Redentor,20068,L2,V1,2026-02-08 15:30:06,2026-02-08 15:48:09,CW→CC,2026-02-08,,20068,20068,450,Monedero
5020,2000054055,Cristo Redentor,Los Canelos,20076,L2,V1,2026-02-08 16:36:19,2026-02-08 16:56:13,CW→CC,2026-02-08,,20076,20076,460,Monedero
5021,2000054273,Laguna Quinenco,Concepcion,20040,L2,V1,2026-02-08 09:32:39,2026-02-08 10:31:13,CW→CC,2026-02-08,,20040,20040,880,Monedero
5022,2000054452,El Parque,Concepcion,20162,L2,V1,2026-02-08 18:35:25,2026-02-08 19:00:28,CW→CC,2026-02-08,,20162,20162,570,Monedero
5023,2000054766,Cristo Redentor,Juan Pablo II,20156,L2,V1,2026-02-08 09:13:49,2026-02-08 09:53:52,CW→CC,2026-02-08,,20156,20156,680,Monedero
5024,2000054766,Juan Pablo II,Cristo Redentor,20171,L2,V1,2026-02-08 20:12:46,2026-02-08 21:43:50,CC→CW,2026-02-08,,20171,20167,680,Monedero
5025,2000055214,Los Canelos,Juan Pablo II,20056,L2,V1,2026-02-08 11:53:17,2026-02-08 12:54:26,CW→CC,2026-02-08,,20056,20053,650,Monedero
5026,2000055256,Laguna Quinenco,Cristo Redentor,20162,L2,V1,2026-02-08 18:17:35,2026-02-08 18:23:30,CW→CC,2026-02-08,,20162,20162,450,Monedero
5027,2000055256,Laguna Quinenco,Cristo Redentor,20162,L2,V1,2026-02-08 18:17:41,2026-02-08 18:23:23,CW→CC,2026-02-08,,20162,20162,450,Monedero
5028,2000055340,Lomas Coloradas,Concepcion,,,N/A,2026-02-08 16:56:47,2026-02-08 17:17:11,,2026-02-08,sin_combo_factible_en_hub|sin_s1_factible_retro,,,570,Monedero
5029,2000055340,Concepcion,Lomas Coloradas,20171,L2,V1,2026-02-08 20:24:56,2026-02-08 21:27:33,CC→CW,2026-02-08,,20171,,570,Monedero
5030,2000055378,Laguna Quinenco,Concepcion,20062,L2,V1,2026-02-08 13:34:01,2026-02-08 14:33:57,CW→CC,2026-02-08,,20062,20062,880,Monedero
5031,2000055508,Concepcion,Lomas Coloradas,20069,L2,V1,2026-02-08 16:13:23,2026-02-08 17:06:33,CC→CW,2026-02-08,,20069,20069,570,Monedero
5032,2000055853,Laguna Quinenco,Huinca,20162,L2,V1,2026-02-08 18:16:43,2026-02-08 18:25:12,CW→CC,2026-02-08,,20162,20162,450,Monedero
5033,2000056131,Diagonal Bio Bio,Huinca,20059,L2,V1,2026-02-08 13:26:01,2026-02-08 13:56:04,CC→CW,2026-02-08,,20059,20059,680,Monedero
5034,2000056131,Huinca,Diagonal Bio Bio,20166,L2,V1,2026-02-08 19:12:43,2026-02-08 19:51:19,CW→CC,2026-02-08,,20166,20166,680,Monedero
5035,2000056309,Concepcion,Costa Mar,20053,L2,V1,2026-02-08 12:03:52,2026-02-08 12:24:45,CC→CW,2026-02-08,,20053,20053,570,Monedero
5036,2000056367,Costa Mar,Juan Pablo II,20166,L2,V1,2026-02-08 19:41:02,2026-02-08 19:52:55,CW→CC,2026-02-08,,20166,20163,510,Monedero
5037,2000056649,Laguna Quinenco,Lomas Coloradas,20170,L2,V1,2026-02-08 20:04:12,2026-02-08 20:41:03,CW→CC,2026-02-08,,20170,20170,650,Monedero
5038,2000056650,Los Canelos,Juan Pablo II,20076,L2,V1,2026-02-08 16:28:29,2026-02-08 17:21:25,CW→CC,2026-02-08,,20076,20076,650,Monedero
5039,2000056807,Coronel,Juan Pablo II,20162,L2,V1,2026-02-08 17:59:30,2026-02-08 18:52:59,CW→CC,2026-02-08,,20162,20162,790,Monedero
5040,2000057041,Cristo Redentor,Diagonal Bio Bio,20170,L2,V1,2026-02-08 19:34:39,2026-02-08 20:50:51,CW→CC,2026-02-08,,20170,20170,680,Monedero
5041,2000057057,Cristo Redentor,Juan Pablo II,20162,L2,V1,2026-02-08 18:17:24,2026-02-08 18:53:18,CW→CC,2026-02-08,,20162,20162,680,Monedero
5042,2000057178,Concepcion,Lomas Coloradas,20059,L2,V1,2026-02-08 13:04:59,2026-02-08 13:40:44,CC→CW,2026-02-08,,20059,20059,570,Monedero
5043,2000057178,Concepcion,Lomas Coloradas,20059,L2,V1,2026-02-08 13:05:29,2026-02-08 13:40:31,CC→CW,2026-02-08,,20059,20059,570,Monedero
5044,2000057272,Cristo Redentor,Los Canelos,20056,L2,V1,2026-02-08 12:17:51,2026-02-08 12:30:05,CW→CC,2026-02-08,,20056,20056,460,Monedero
5045,2000057272,Los Canelos,Cristo Redentor,20157,L2,V1,2026-02-08 18:00:58,2026-02-08 18:12:45,CC→CW,2026-02-08,,20157,20157,460,Monedero
5046,2000057998,Concepcion,Coronel,20063,L2,V1,2026-02-08 14:00:03,2026-02-08 15:21:37,CC→CW,2026-02-08,,20063,20063,880,Monedero
5047,2000058011,Laguna Quinenco,Cristo Redentor,20166,L2,V1,2026-02-08 19:18:48,2026-02-08 19:25:05,CW→CC,2026-02-08,,20166,20166,450,Monedero
5048,2000058189,Cristo Redentor,Juan Pablo II,20160,L2,V1,2026-02-08 17:40:30,2026-02-08 18:19:47,CW→CC,2026-02-08,,20160,20160,680,Monedero
5049,2000058454,Coronel,Concepcion,,,N/A,2026-02-08 13:44:13,2026-02-08 14:19:54,,2026-02-08,sin_combo_factible_en_hub|sin_s1_factible_retro,,,880,Monedero
5050,2000058692,Hito Galvarino,Laguna Quinenco,20149,L2,V1,2026-02-08 08:46:27,2026-02-08 09:12:04,CC→CW,2026-02-08,,20149,20149,530,Monedero
5051,2000058692,Laguna Quinenco,Hito Galvarino,20170,L2,V1,2026-02-08 20:10:55,2026-02-08 20:32:02,CW→CC,2026-02-08,,20170,20170,530,Monedero
5052,2000059723,Lomas Coloradas,Costa Mar,20068,L2,V1,2026-02-08 16:01:09,2026-02-08 16:08:21,CW→CC,2026-02-08,,20068,20068,430,Monedero
5053,2000059840,La Leonera,Concepcion,20844,L1,V1,2026-02-08 12:20:47,2026-02-08 12:57:33,HQ→TH,2026-02-08,,20844,20844,510,Monedero
5054,2000059984,Concepcion,Cristo Redentor,20049,L2,V1,2026-02-08 11:11:08,2026-02-08 12:07:58,CC→CW,2026-02-08,,20049,20049,850,Monedero
5055,2000060381,Concepcion,Lomas Coloradas,20067,L2,V1,2026-02-08 15:21:42,2026-02-08 15:50:20,CC→CW,2026-02-08,,20067,20067,570,Monedero
5056,2000060564,Concepcion,Los Canelos,20171,L2,V1,2026-02-08 20:37:09,2026-02-08 21:38:42,CC→CW,2026-02-08,,20171,,850,Monedero
5057,2000060964,Concepcion,El Arenal,20846,L1,V1,2026-02-08 17:01:12,2026-02-08 17:54:28,HQ→TH,2026-02-08,combo_por_entrada,20846,20846,560,Monedero
5058,2000061964,Costa Mar,Concepcion,20068,L2,V1,2026-02-08 16:00:08,2026-02-08 16:26:43,CW→CC,2026-02-08,,20068,20068,570,Monedero
5059,2000061964,Costa Mar,Concepcion,20068,L2,V1,2026-02-08 16:00:15,2026-02-08 16:26:28,CW→CC,2026-02-08,,20068,20068,570,Monedero
5060,2000061995,Los Canelos,Lomas Coloradas,20162,L2,V1,2026-02-08 18:19:41,2026-02-08 18:40:46,CW→CC,2026-02-08,,20162,20162,610,Monedero
5061,2000062159,Concepcion,Laguna Quinenco,20069,L2,V1,2026-02-08 16:35:59,2026-02-08 17:27:47,CC→CW,2026-02-08,,20069,20069,880,Monedero
5062,2000062309,Concepcion,Costa Mar,20167,L2,V1,2026-02-08 19:48:30,2026-02-08 20:21:06,CC→CW,2026-02-08,,20167,20167,570,Monedero
5063,2000062322,Huinca,Concepcion,20160,L2,V1,2026-02-08 17:30:59,2026-02-08 18:27:56,CW→CC,2026-02-08,,20160,20160,850,Monedero
5064,2000062322,Huinca,Concepcion,20160,L2,V1,2026-02-08 17:31:11,2026-02-08 18:27:46,CW→CC,2026-02-08,,20160,20160,850,Monedero
5065,2000062322,Concepcion,Los Canelos,20167,L2,V1,2026-02-08 19:56:27,2026-02-08 20:37:06,CC→CW,2026-02-08,,20167,20167,850,Monedero
5066,2000062372,Laguna Quinenco,Lomas Coloradas,20170,L2,V1,2026-02-08 20:04:00,2026-02-08 20:41:02,CW→CC,2026-02-08,,20170,20170,650,Monedero
5067,2000062980,Costa Mar,Laguna Quinenco,20161,L2,V1,2026-02-08 18:36:52,2026-02-08 19:11:25,CC→CW,2026-02-08,,20161,20161,650,Monedero
5068,2000063088,Laguna Quinenco,Cristo Redentor,20062,L2,V1,2026-02-08 13:51:55,2026-02-08 13:56:31,CW→CC,2026-02-08,,20062,20062,450,Monedero
5069,2000063651,Lomas Coloradas,Diagonal Bio Bio,20076,L2,V1,2026-02-08 16:59:07,2026-02-08 17:19:26,CW→CC,2026-02-08,,20076,20076,510,Monedero
5070,2000063651,Diagonal Bio Bio,Lomas Coloradas,20167,L2,V1,2026-02-08 19:41:59,2026-02-08 20:24:45,CC→CW,2026-02-08,,20167,20167,510,Monedero
5071,2000063651,Diagonal Bio Bio,Lomas Coloradas,20167,L2,V1,2026-02-08 19:42:10,2026-02-08 20:24:32,CC→CW,2026-02-08,,20167,20167,510,Monedero
5072,2000063969,Concepcion,Coronel,20049,L2,V1,2026-02-08 11:20:04,2026-02-08 12:21:25,CC→CW,2026-02-08,,20049,20049,880,Monedero
5073,2000063969,Coronel,Concepcion,20166,L2,V1,2026-02-08 19:12:03,2026-02-08 20:02:08,CW→CC,2026-02-08,,20166,20166,880,Monedero
5074,2000064625,Lomas Coloradas,Coronel,20041,L2,V1,2026-02-08 10:42:14,2026-02-08 11:14:08,CC→CW,2026-02-08,,20041,20041,650,Monedero
5075,2000065174,Laguna Quinenco,Huinca,20170,L2,V1,2026-02-08 20:09:50,2026-02-08 20:26:23,CW→CC,2026-02-08,,20170,20170,450,Monedero
5076,2000065349,Costa Mar,Laguna Quinenco,20067,L2,V1,2026-02-08 15:29:31,2026-02-08 16:14:56,CC→CW,2026-02-08,,20067,20067,650,Monedero
5077,2000065349,Laguna Quinenco,Costa Mar,20170,L2,V1,2026-02-08 19:33:04,2026-02-08 20:46:06,CW→CC,2026-02-08,,20170,20170,650,Monedero
5078,2000065985,Cdal. Raul Silva Henriquez,Concepcion,20162,L2,V1,2026-02-08 18:29:56,2026-02-08 18:59:06,CW→CC,2026-02-08,,20162,20162,570,Monedero
5079,2000066053,Costa Mar,Concepcion,20166,L2,V1,2026-02-08 19:37:37,2026-02-08 20:00:50,CW→CC,2026-02-08,,20166,20166,570,Monedero
5080,2000066430,Concepcion,Laguna Quinenco,20059,L2,V1,2026-02-08 12:26:50,2026-02-08 14:01:00,CC→CW,2026-02-08,,20059,20059,880,Monedero
5081,2000067318,Los Canelos,Lomas Coloradas,20062,L2,V1,2026-02-08 13:56:50,2026-02-08 14:13:30,CW→CC,2026-02-08,,20062,20062,610,Monedero
5082,2000067418,Laguna Quinenco,Concepcion,20050,L2,V1,2026-02-08 10:48:43,2026-02-08 11:38:34,CW→CC,2026-02-08,,20050,20050,880,Monedero
5083,2000067802,Cristo Redentor,Concepcion,20056,L2,V1,2026-02-08 12:15:30,2026-02-08 13:07:53,CW→CC,2026-02-08,,20056,20056,850,Monedero
5084,2000067876,Concepcion,Higueras,20848,L1,V1,2026-02-08 20:36:17,2026-02-08 21:23:49,HQ→TH,2026-02-08,match_por_salida_fallback,20848,20848,590,Monedero
5085,2000068274,Concepcion,Coronel,20171,L2,V1,2026-02-08 20:51:26,2026-02-08 21:49:32,CC→CW,2026-02-08,,20171,,880,Monedero
5086,2000068454,Cdal. Raul Silva Henriquez,Cristo Redentor,20049,L2,V1,2026-02-08 11:14:37,2026-02-08 12:08:49,CC→CW,2026-02-08,,20049,20049,630,Monedero
5087,2000068523,Cristo Redentor,Concepcion,20062,L2,V1,2026-02-08 13:37:53,2026-02-08 14:36:19,CW→CC,2026-02-08,,20062,20062,850,Monedero
5088,2000068699,Concepcion,Huinca,20171,L2,V1,2026-02-08 20:37:40,2026-02-08 21:41:12,CC→CW,2026-02-08,,20171,,850,Monedero
5089,2000068845,Costa Mar,Lomas Coloradas,20041,L2,V1,2026-02-08 10:39:09,2026-02-08 10:49:39,CC→CW,2026-02-08,,20041,20041,430,Monedero
5090,2000068867,Lomas Coloradas,Concepcion,20162,L2,V1,2026-02-08 18:28:47,2026-02-08 19:00:38,CW→CC,2026-02-08,,20162,20162,570,Monedero
5091,2000068938,Concepcion,Lomas Coloradas,20069,L2,V1,2026-02-08 16:05:42,2026-02-08 17:07:46,CC→CW,2026-02-08,combo_por_entrada,20069,20069,590,Monedero
5092,2000068968,Cdal. Raul Silva Henriquez,Costa Mar,20170,L2,V1,2026-02-08 20:29:03,2026-02-08 20:46:44,CW→CC,2026-02-08,,20170,20170,430,Monedero
5093,2000069543,Concepcion,Huinca,20059,L2,V1,2026-02-08 13:16:12,2026-02-08 13:57:07,CC→CW,2026-02-08,,20059,20059,850,Monedero
5094,2000069987,Laguna Quinenco,Los Canelos,20160,L2,V1,2026-02-08 17:36:45,2026-02-08 17:55:35,CW→CC,2026-02-08,,20160,20160,530,Monedero
5095,2000069987,Laguna Quinenco,Los Canelos,20160,L2,V1,2026-02-08 17:37:13,2026-02-08 17:55:31,CW→CC,2026-02-08,,20160,20160,530,Monedero
5096,2000070286,Juan Pablo II,Los Canelos,20167,L2,V1,2026-02-08 19:43:53,2026-02-08 20:36:08,CC→CW,2026-02-08,,20167,20167,650,Monedero
5097,2000070443,Laguna Quinenco,Concepcion,20056,L2,V1,2026-02-08 12:12:51,2026-02-08 13:05:04,CW→CC,2026-02-08,,20056,20056,880,Monedero
5098,2000070539,Cristo Redentor,El Parque,20040,L2,V1,2026-02-08 09:29:24,2026-02-08 10:06:00,CW→CC,2026-02-08,,20040,20156,630,Monedero
5099,2000070614,Hito Galvarino,Laguna Quinenco,20069,L2,V1,2026-02-08 17:12:59,2026-02-08 17:31:23,CC→CW,2026-02-08,,20069,20069,530,Monedero
5100,2000070614,Hito Galvarino,Laguna Quinenco,20069,L2,V1,2026-02-08 17:13:04,2026-02-08 17:31:18,CC→CW,2026-02-08,,20069,20069,530,Monedero
5101,2000070614,Hito Galvarino,Laguna Quinenco,20069,L2,V1,2026-02-08 17:13:23,2026-02-08 17:31:13,CC→CW,2026-02-08,,20069,20069,530,Monedero
5102,2000070614,Laguna Quinenco,Hito Galvarino,20166,L2,V1,2026-02-08 19:17:16,2026-02-08 19:33:29,CW→CC,2026-02-08,,20166,20166,530,Monedero
5103,2000070614,Laguna Quinenco,Hito Galvarino,20166,L2,V1,2026-02-08 19:17:17,2026-02-08 19:33:24,CW→CC,2026-02-08,,20166,20166,530,Monedero
5104,2000070614,Laguna Quinenco,Hito Galvarino,20166,L2,V1,2026-02-08 19:17:21,2026-02-08 19:33:11,CW→CC,2026-02-08,,20166,20166,530,Monedero
5105,2000070615,Concepcion,Los Canelos,20167,L2,V1,2026-02-08 19:47:32,2026-02-08 20:39:19,CC→CW,2026-02-08,,20167,20167,850,Monedero
5106,2000071412,Concepcion,Coronel,20049,L2,V1,2026-02-08 11:07:54,2026-02-08 12:14:51,CC→CW,2026-02-08,,20049,20049,880,Monedero
5107,2000071736,Concepcion,Laguna Quinenco,20171,L2,V1,2026-02-08 19:47:52,2026-02-08 21:46:04,CC→CW,2026-02-08,combo_por_entrada,20171,,910,Monedero
5108,2000071736,Concepcion,Laguna Quinenco,20171,L2,V1,2026-02-08 19:47:55,2026-02-08 21:46:00,CC→CW,2026-02-08,combo_por_entrada,20171,,910,Monedero
5109,2000071998,Los Canelos,El Parque,20052,L2,V1,2026-02-08 11:22:57,2026-02-08 11:46:11,CW→CC,2026-02-08,,20052,20052,610,Monedero
5110,2000072123,Costa Mar,Laguna Quinenco,20053,L2,V1,2026-02-08 12:22:20,2026-02-08 12:52:00,CC→CW,2026-02-08,,20053,20053,650,Monedero
5111,2000072199,Cdal. Raul Silva Henriquez,Concepcion,20044,L2,V1,2026-02-08 10:15:14,2026-02-08 10:47:58,CW→CC,2026-02-08,,20044,20044,570,Monedero
5112,2000072357,Cristo Redentor,Cdal. Raul Silva Henriquez,20056,L2,V1,2026-02-08 12:22:22,2026-02-08 12:37:59,CW→CC,2026-02-08,,20056,20056,630,Monedero
5113,2000072357,Cdal. Raul Silva Henriquez,Cristo Redentor,20167,L2,V1,2026-02-08 19:31:44,2026-02-08 20:40:53,CC→CW,2026-02-08,,20167,20163,630,Monedero
5114,2000072433,Diagonal Bio Bio,Lomas Coloradas,20059,L2,V1,2026-02-08 12:43:04,2026-02-08 13:40:18,CC→CW,2026-02-08,,20059,20059,510,Monedero
5115,2000072483,Concepcion,Coronel,20063,L2,V1,2026-02-08 14:12:58,2026-02-08 15:21:05,CC→CW,2026-02-08,,20063,20063,880,Monedero
5116,2000072545,Laguna Quinenco,Concepcion,20156,L2,V1,2026-02-08 09:09:46,2026-02-08 10:04:24,CW→CC,2026-02-08,,20156,20156,880,Monedero
5117,2000072848,Concepcion,Cristo Redentor,20059,L2,V1,2026-02-08 13:06:42,2026-02-08 13:58:32,CC→CW,2026-02-08,,20059,20059,850,Monedero
5118,2000072848,Concepcion,Cristo Redentor,20059,L2,V1,2026-02-08 13:06:48,2026-02-08 13:58:28,CC→CW,2026-02-08,,20059,20059,850,Monedero
5119,2000072848,Cristo Redentor,Concepcion,20170,L2,V1,2026-02-08 20:18:09,2026-02-08 21:02:30,CW→CC,2026-02-08,,20170,20170,850,Monedero
5120,2000072848,Cristo Redentor,Concepcion,20170,L2,V1,2026-02-08 20:18:14,2026-02-08 21:02:26,CW→CC,2026-02-08,,20170,20170,850,Monedero
5121,2000072951,El Parque,Cristo Redentor,20157,L2,V1,2026-02-08 17:42:10,2026-02-08 18:09:24,CC→CW,2026-02-08,,20157,,630,Monedero
5122,2000072951,El Parque,Cristo Redentor,20157,L2,V1,2026-02-08 17:42:16,2026-02-08 18:09:19,CC→CW,2026-02-08,,20157,,630,Monedero
5123,2000073151,Concepcion,Laguna Quinenco,20049,L2,V1,2026-02-08 11:09:32,2026-02-08 12:11:35,CC→CW,2026-02-08,,20049,20049,880,Monedero
5124,2000073430,Diagonal Bio Bio,Cdal. Raul Silva Henriquez,20167,L2,V1,2026-02-08 20:11:06,2026-02-08 20:27:19,CC→CW,2026-02-08,,20167,20167,510,Monedero
5125,2000073580,Coronel,Concepcion,20170,L2,V1,2026-02-08 20:16:00,2026-02-08 21:04:20,CW→CC,2026-02-08,,20170,20170,880,Monedero
5126,2000073634,Los Canelos,El Parque,20040,L2,V1,2026-02-08 09:50:00,2026-02-08 10:05:59,CW→CC,2026-02-08,,20040,20040,610,Monedero
5127,2000073634,El Parque,Los Canelos,20167,L2,V1,2026-02-08 20:07:45,2026-02-08 20:36:14,CC→CW,2026-02-08,,20167,20167,610,Monedero
5128,2000073821,Concepcion,Los Condores,20880,L1,V1,2026-02-08 21:24:12,2026-02-08 22:57:34,HQ→TH,2026-02-08,,20880,20880,500,Monedero
5129,2000074358,Lomas Coloradas,El Parque,20076,L2,V1,2026-02-08 16:51:10,2026-02-08 17:11:59,CW→CC,2026-02-08,,20076,20076,430,Monedero
5130,2000074358,El Parque,Lomas Coloradas,20161,L2,V1,2026-02-08 18:08:15,2026-02-08 18:52:23,CC→CW,2026-02-08,,20161,20161,430,Monedero
5131,2000074660,El Parque,Concepcion,20068,L2,V1,2026-02-08 15:48:58,2026-02-08 16:23:58,CW→CC,2026-02-08,,20068,20068,570,Monedero
5132,2000074874,Alborada,Cristo Redentor,20171,L2,V1,2026-02-08 21:03:53,2026-02-08 21:42:25,CC→CW,2026-02-08,,20171,,680,Monedero
5133,2000075607,Laguna Quinenco,Concepcion,20050,L2,V1,2026-02-08 10:41:40,2026-02-08 11:38:50,CW→CC,2026-02-08,,20050,20050,880,Monedero
5134,2000075607,Concepcion,Laguna Quinenco,20059,L2,V1,2026-02-08 13:16:11,2026-02-08 14:01:25,CC→CW,2026-02-08,,20059,20059,880,Monedero
5135,2000075846,Huinca,Concepcion,20156,L2,V1,2026-02-08 09:20:01,2026-02-08 10:02:49,CW→CC,2026-02-08,,20156,20156,850,Monedero
5136,2000076510,Diagonal Bio Bio,Cristo Redentor,20069,L2,V1,2026-02-08 16:45:46,2026-02-08 17:23:51,CC→CW,2026-02-08,,20069,20069,680,Monedero
5137,2000076510,Cristo Redentor,Diagonal Bio Bio,20170,L2,V1,2026-02-08 20:06:04,2026-02-08 20:50:53,CW→CC,2026-02-08,,20170,20170,680,Monedero
5138,2000076772,El Parque,Lomas Coloradas,20069,L2,V1,2026-02-08 16:55:32,2026-02-08 17:06:43,CC→CW,2026-02-08,,20069,20069,430,Monedero
5139,2000076916,Coronel,Concepcion,20076,L2,V1,2026-02-08 16:35:07,2026-02-08 17:30:04,CW→CC,2026-02-08,,20076,20076,880,Monedero
5140,2000076916,Concepcion,Huinca,20171,L2,V1,2026-02-08 20:30:20,2026-02-08 21:41:31,CC→CW,2026-02-08,,20171,,850,Monedero
5141,2000077127,Concepcion,Cristo Redentor,20059,L2,V1,2026-02-08 12:58:58,2026-02-08 13:57:33,CC→CW,2026-02-08,,20059,20059,850,Monedero
5142,2000078512,Concepcion,Concepcion,,,N/A,2026-02-08 20:06:12,2026-02-08 20:07:53,,2026-02-08,no viajo,,,420,Monedero
5143,2000078801,Concepcion,Hito Galvarino,20059,L2,V1,2026-02-08 13:15:24,2026-02-08 13:51:08,CC→CW,2026-02-08,,20059,20059,850,Monedero
5144,2000078801,Concepcion,Hito Galvarino,20059,L2,V1,2026-02-08 13:15:30,2026-02-08 13:51:01,CC→CW,2026-02-08,,20059,20059,850,Monedero
5145,2000078801,Hito Galvarino,Concepcion,20166,L2,V1,2026-02-08 19:05:31,2026-02-08 20:00:22,CW→CC,2026-02-08,,20166,20166,850,Monedero
5146,2000078801,Hito Galvarino,Concepcion,20166,L2,V1,2026-02-08 19:05:37,2026-02-08 20:00:18,CW→CC,2026-02-08,,20166,20166,850,Monedero
5147,2000078923,Concepcion,El Parque,20067,L2,V1,2026-02-08 14:44:27,2026-02-08 15:48:36,CC→CW,2026-02-08,,20067,20067,570,Monedero
5148,2000078923,Concepcion,El Parque,20067,L2,V1,2026-02-08 14:44:36,2026-02-08 15:48:31,CC→CW,2026-02-08,,20067,20067,570,Monedero
5149,2000078970,Laguna Quinenco,Concepcion,20152,L2,V1,2026-02-08 08:23:14,2026-02-08 09:16:39,CW→CC,2026-02-08,,20152,20152,880,Monedero
5150,2000078970,Concepcion,Laguna Quinenco,20063,L2,V1,2026-02-08 14:13:58,2026-02-08 15:17:46,CC→CW,2026-02-08,,20063,20063,880,Monedero
5151,2000079059,Cdal. Raul Silva Henriquez,Diagonal Bio Bio,20040,L2,V1,2026-02-08 09:53:03,2026-02-08 10:14:14,CW→CC,2026-02-08,,20040,20040,510,Monedero
5152,2000079059,Diagonal Bio Bio,Cdal. Raul Silva Henriquez,20069,L2,V1,2026-02-08 16:46:30,2026-02-08 17:08:53,CC→CW,2026-02-08,,20069,20069,510,Monedero
5153,2000079146,Cdal. Raul Silva Henriquez,Concepcion,20160,L2,V1,2026-02-08 17:45:50,2026-02-08 18:27:05,CW→CC,2026-02-08,,20160,20160,570,Monedero
5154,2000079178,Cdal. Raul Silva Henriquez,Concepcion,20076,L2,V1,2026-02-08 16:38:14,2026-02-08 17:29:42,CW→CC,2026-02-08,,20076,20076,570,Monedero
5155,2000079178,Concepcion,Cdal. Raul Silva Henriquez,20171,L2,V1,2026-02-08 20:31:35,2026-02-08 21:31:23,CC→CW,2026-02-08,,20171,20171,570,Monedero
5156,2000079254,Concepcion,Lomas Coloradas,20067,L2,V1,2026-02-08 15:08:15,2026-02-08 15:50:10,CC→CW,2026-02-08,,20067,20067,570,Monedero
5157,2000079293,Concepcion,El Parque,20053,L2,V1,2026-02-08 11:54:41,2026-02-08 12:27:46,CC→CW,2026-02-08,,20053,20053,570,Monedero
5158,2000079293,Concepcion,El Parque,20053,L2,V1,2026-02-08 11:54:51,2026-02-08 12:27:42,CC→CW,2026-02-08,,20053,20053,570,Monedero
5159,2000079293,El Parque,Concepcion,20066,L2,V1,2026-02-08 15:00:15,2026-02-08 15:24:06,CW→CC,2026-02-08,,20066,20066,570,Monedero
5160,2000079293,El Parque,Concepcion,20066,L2,V1,2026-02-08 15:00:21,2026-02-08 15:24:03,CW→CC,2026-02-08,,20066,20066,570,Monedero
5161,2000079564,Laguna Quinenco,Cdal. Raul Silva Henriquez,20062,L2,V1,2026-02-08 13:35:31,2026-02-08 14:10:14,CW→CC,2026-02-08,,20062,20062,650,Monedero
5162,2000079858,El Parque,Cristo Redentor,20161,L2,V1,2026-02-08 18:44:27,2026-02-08 19:07:56,CC→CW,2026-02-08,,20161,20161,630,Monedero
5163,2000079988,Laguna Quinenco,Lomas Coloradas,20156,L2,V1,2026-02-08 09:18:35,2026-02-08 09:41:16,CW→CC,2026-02-08,,20156,20156,650,Monedero
5164,2000079988,Lomas Coloradas,Laguna Quinenco,20157,L2,V1,2026-02-08 17:41:47,2026-02-08 18:11:12,CC→CW,2026-02-08,,20157,,650,Monedero
5165,2000080268,Laguna Quinenco,Concepcion,20056,L2,V1,2026-02-08 12:14:30,2026-02-08 13:04:12,CW→CC,2026-02-08,,20056,20056,880,Monedero
5166,2000080268,Concepcion,Huinca,20063,L2,V1,2026-02-08 14:26:55,2026-02-08 15:11:27,CC→CW,2026-02-08,,20063,20063,850,Monedero
5167,2000080358,Huinca,Concepcion,20056,L2,V1,2026-02-08 12:18:21,2026-02-08 13:05:20,CW→CC,2026-02-08,,20056,20056,850,Monedero
5168,2000080984,Lomas Coloradas,Concepcion,20166,L2,V1,2026-02-08 19:34:46,2026-02-08 19:59:51,CW→CC,2026-02-08,,20166,20166,570,Monedero
5169,2000080984,Concepcion,Lomas Coloradas,20171,L2,V1,2026-02-08 20:41:02,2026-02-08 21:27:01,CC→CW,2026-02-08,,20171,,570,Monedero
5170,2000081003,Concepcion,Costa Mar,20035,L2,V1,2026-02-08 10:01:17,2026-02-08 10:43:58,CC→CW,2026-02-08,,20035,20035,570,Monedero
5171,2000081003,Costa Mar,Concepcion,20166,L2,V1,2026-02-08 19:26:28,2026-02-08 19:59:45,CW→CC,2026-02-08,,20166,20166,570,Monedero
5172,2000081138,Coronel,Cdal. Raul Silva Henriquez,20166,L2,V1,2026-02-08 18:39:48,2026-02-08 19:38:36,CW→CC,2026-02-08,,20166,20166,650,Monedero
5173,2000081150,Concepcion,Laguna Quinenco,20167,L2,V1,2026-02-08 19:48:02,2026-02-08 20:43:20,CC→CW,2026-02-08,,20167,20167,880,Monedero
5174,2000081154,Laguna Quinenco,Diagonal Bio Bio,20040,L2,V1,2026-02-08 09:40:03,2026-02-08 10:12:49,CW→CC,2026-02-08,,20040,20040,790,Monedero
5175,2000081154,Concepcion,Laguna Quinenco,20171,L2,V1,2026-02-08 20:38:34,2026-02-08 21:45:02,CC→CW,2026-02-08,,20171,,880,Monedero
5176,2000081317,Diagonal Bio Bio,Laguna Quinenco,20035,L2,V1,2026-02-08 10:09:34,2026-02-08 10:44:42,CC→CW,2026-02-08,,20035,,790,Monedero
5177,2000081317,Laguna Quinenco,Diagonal Bio Bio,20170,L2,V1,2026-02-08 20:16:35,2026-02-08 20:51:34,CW→CC,2026-02-08,,20170,20170,790,Monedero
5178,2000081414,Concepcion,Pedro Medina,20881,L1,V1,2026-02-08 08:04:56,2026-02-08 08:21:08,TH→HQ,2026-02-08,,20881,20881,510,Monedero
5179,2000081594,Concepcion,Lomas Coloradas,20035,L2,V1,2026-02-08 10:00:46,2026-02-08 10:26:10,CC→CW,2026-02-08,,20035,20035,570,Monedero
5180,2000081612,Hualqui,UTF Santa Maria,20850,L1,V1,2026-02-08 09:24:52,2026-02-08 10:14:16,HQ→TH,2026-02-08,,20850,20850,560,Monedero
5181,2000081612,UTF Santa Maria,Hualqui,20859,L1,V1,2026-02-08 12:36:38,2026-02-08 13:30:03,TH→HQ,2026-02-08,,20859,20859,560,Monedero
5182,2000082207,Mercado,Concepcion,20845,L1,V1,2026-02-08 15:50:29,2026-02-08 16:26:21,TH→HQ,2026-02-08,,20845,20845,540,Monedero
5183,2000082207,Mercado,Concepcion,20845,L1,V1,2026-02-08 15:50:37,2026-02-08 16:26:15,TH→HQ,2026-02-08,,20845,20845,540,Monedero
5184,2000082226,Cristo Redentor,Concepcion,20160,L2,V1,2026-02-08 17:11:07,2026-02-08 18:28:57,CW→CC,2026-02-08,,20160,20160,850,Monedero
5185,2000082692,Lomas Coloradas,Alborada,20076,L2,V1,2026-02-08 17:04:39,2026-02-08 17:16:02,CW→CC,2026-02-08,,20076,20076,510,Monedero
5186,2000082719,Concepcion,Hualqui,20847,L1,V1,2026-02-08 20:24:07,2026-02-08 21:01:35,TH→HQ,2026-02-08,,20847,20847,550,Monedero
5187,2000083570,Laguna Quinenco,Concepcion,20056,L2,V1,2026-02-08 11:41:29,2026-02-08 13:09:17,CW→CC,2026-02-08,,20056,20056,880,Monedero
5188,2000083711,Concepcion,Huinca,20161,L2,V1,2026-02-08 18:24:59,2026-02-08 19:08:22,CC→CW,2026-02-08,,20161,20161,850,Monedero
5189,2000083725,Huinca,Concepcion,20160,L2,V1,2026-02-08 17:45:53,2026-02-08 18:38:21,CW→CC,2026-02-08,,20160,20160,850,Monedero
5190,2000083751,Los Canelos,Huinca,20063,L2,V1,2026-02-08 15:07:15,2026-02-08 15:12:37,CC→CW,2026-02-08,,20063,20063,460,Monedero
5191,2000084637,Cdal. Raul Silva Henriquez,Diagonal Bio Bio,20058,L2,V1,2026-02-08 12:44:15,2026-02-08 13:05:53,CW→CC,2026-02-08,,20058,20056,510,Monedero
5192,2000084880,Los Canelos,Lomas Coloradas,20166,L2,V1,2026-02-08 19:21:43,2026-02-08 19:41:08,CW→CC,2026-02-08,,20166,20166,610,Monedero
5193,2000084895,Concepcion,Cristo Redentor,20153,L2,V1,2026-02-08 08:29:45,2026-02-08 09:58:19,CC→CW,2026-02-08,combo_por_entrada,20153,20857,880,Monedero
5194,2000085030,El Parque,Cristo Redentor,20063,L2,V1,2026-02-08 14:38:04,2026-02-08 15:14:43,CC→CW,2026-02-08,,20063,20063,630,Monedero
5195,2000085035,Concepcion,Juan Pablo II,20069,L2,V1,2026-02-08 15:44:08,2026-02-08 16:51:49,CC→CW,2026-02-08,,20069,20069,570,Monedero
5196,2000085035,Juan Pablo II,Cristo Redentor,20157,L2,V1,2026-02-08 17:17:08,2026-02-08 18:08:21,CC→CW,2026-02-08,,20157,,680,Monedero
5197,2000086014,Concepcion,Costa Mar,20171,L2,V1,2026-02-08 20:43:09,2026-02-08 21:22:52,CC→CW,2026-02-08,,20171,,570,Monedero
5198,2000086133,Cdal. Raul Silva Henriquez,Concepcion,20166,L2,V1,2026-02-08 19:27:02,2026-02-08 19:59:29,CW→CC,2026-02-08,,20166,20166,570,Monedero
5199,2000086175,Lomas Coloradas,Concepcion,20166,L2,V1,2026-02-08 18:52:18,2026-02-08 19:59:27,CW→CC,2026-02-08,,20166,20166,570,Monedero
5200,2000086448,Higueras,UTF Santa Maria,20847,L1,V1,2026-02-08 20:07:11,2026-02-08 20:29:25,TH→HQ,2026-02-08,,20847,20847,420,Monedero
5201,2000086826,Laguna Quinenco,Lomas Coloradas,20160,L2,V1,2026-02-08 17:47:13,2026-02-08 18:08:02,CW→CC,2026-02-08,,20160,20160,650,Monedero
5202,2000086826,Laguna Quinenco,Lomas Coloradas,20160,L2,V1,2026-02-08 17:47:25,2026-02-08 18:07:52,CW→CC,2026-02-08,,20160,20160,650,Monedero
5203,2000087179,Concepcion,Coronel,20035,L2,V1,2026-02-08 09:38:16,2026-02-08 10:47:58,CC→CW,2026-02-08,combo_por_entrada,20035,,910,Monedero
5204,2000087179,Coronel,Concepcion,20066,L2,V1,2026-02-08 14:35:40,2026-02-08 15:23:15,CW→CC,2026-02-08,,20066,20066,880,Monedero
5205,2000087179,Concepcion,Coronel,20161,L2,V1,2026-02-08 18:25:22,2026-02-08 19:13:54,CC→CW,2026-02-08,,20161,20161,880,Monedero
5206,2000087262,Lzo. Arenas,Concepcion,20847,L1,V1,2026-02-08 20:13:14,2026-02-08 20:25:30,TH→HQ,2026-02-08,,20847,20847,420,Monedero
5207,2000087268,Concepcion,El Parque,20067,L2,V1,2026-02-08 15:27:30,2026-02-08 15:50:45,CC→CW,2026-02-08,,20067,20067,570,Monedero
5208,2000087268,Concepcion,El Parque,20067,L2,V1,2026-02-08 15:27:37,2026-02-08 15:50:41,CC→CW,2026-02-08,,20067,20067,570,Monedero
5209,2000087555,Laguna Quinenco,Los Canelos,20166,L2,V1,2026-02-08 19:08:05,2026-02-08 19:30:53,CW→CC,2026-02-08,,20166,20166,530,Monedero
5210,2000087581,Concepcion,Lomas Coloradas,20161,L2,V1,2026-02-08 17:52:45,2026-02-08 18:50:02,CC→CW,2026-02-08,,20161,20161,570,Monedero
5211,2000087657,Laguna Quinenco,Los Canelos,20166,L2,V1,2026-02-08 19:13:37,2026-02-08 19:30:16,CW→CC,2026-02-08,,20166,20166,530,Monedero
5212,2000087797,Costa Mar,Concepcion,20068,L2,V1,2026-02-08 16:00:21,2026-02-08 16:26:38,CW→CC,2026-02-08,,20068,20068,570,Monedero
5213,2000087797,Costa Mar,Concepcion,20068,L2,V1,2026-02-08 16:00:29,2026-02-08 16:26:32,CW→CC,2026-02-08,,20068,20068,570,Monedero
5214,2000088547,Concepcion,Los Canelos,20163,L2,V1,2026-02-08 18:48:05,2026-02-08 19:37:18,CC→CW,2026-02-08,,20163,20163,850,Monedero
5215,2000088658,Concepcion,Alborada,20157,L2,V1,2026-02-08 17:24:40,2026-02-08 17:51:03,CC→CW,2026-02-08,,20157,20157,570,Monedero
5216,2000088843,Diagonal Bio Bio,Lomas Coloradas,20059,L2,V1,2026-02-08 13:13:50,2026-02-08 13:40:25,CC→CW,2026-02-08,,20059,20059,510,Monedero
5217,2000088843,Diagonal Bio Bio,Lomas Coloradas,20059,L2,V1,2026-02-08 13:13:59,2026-02-08 13:40:22,CC→CW,2026-02-08,,20059,20059,510,Monedero
5218,2000088939,Cristo Redentor,Lomas Coloradas,20056,L2,V1,2026-02-08 12:13:39,2026-02-08 12:42:31,CW→CC,2026-02-08,,20056,20056,630,Monedero
5219,2000089069,Huinca,El Parque,20066,L2,V1,2026-02-08 14:41:26,2026-02-08 15:08:32,CW→CC,2026-02-08,,20066,20066,630,Monedero
5220,2000089069,El Parque,Cristo Redentor,20171,L2,V1,2026-02-08 21:16:19,2026-02-08 21:44:13,CC→CW,2026-02-08,,20171,,630,Monedero
5221,2000089291,Concepcion,Coronel,20163,L2,V1,2026-02-08 18:54:36,2026-02-08 19:47:47,CC→CW,2026-02-08,,20163,20163,880,Monedero
5222,2000089338,Diagonal Bio Bio,Coronel,20167,L2,V1,2026-02-08 19:52:01,2026-02-08 20:46:20,CC→CW,2026-02-08,,20167,20167,790,Monedero
5223,2000089467,Diagonal Bio Bio,Lomas Coloradas,20163,L2,V1,2026-02-08 18:59:24,2026-02-08 19:22:26,CC→CW,2026-02-08,,20163,20163,510,Monedero
5224,2000089696,Concepcion,Coronel,20171,L2,V1,2026-02-08 20:59:06,2026-02-08 21:49:14,CC→CW,2026-02-08,,20171,,880,Monedero
5225,2000089935,Laguna Quinenco,Los Canelos,20170,L2,V1,2026-02-08 20:15:14,2026-02-08 20:27:44,CW→CC,2026-02-08,,20170,20170,530,Monedero
5226,2000090028,Lomas Coloradas,Cristo Redentor,20167,L2,V1,2026-02-08 20:19:21,2026-02-08 20:40:20,CC→CW,2026-02-08,,20167,20167,630,Monedero
5227,2000090184,El Arenal,Hualqui,20845,L1,V1,2026-02-08 15:53:46,2026-02-08 17:01:40,TH→HQ,2026-02-08,,20845,20845,580,Monedero
5228,2000090432,Concepcion,Lomas Coloradas,20163,L2,V1,2026-02-08 18:59:16,2026-02-08 19:22:26,CC→CW,2026-02-08,,20163,20163,570,Monedero
5229,2000090449,Concepcion,Los Canelos,20059,L2,V1,2026-02-08 13:03:41,2026-02-08 13:53:57,CC→CW,2026-02-08,,20059,20059,850,Monedero
5230,2000090712,Los Condores,Chiguayante,20847,L1,V1,2026-02-08 20:10:26,2026-02-08 20:40:27,TH→HQ,2026-02-08,,20847,20847,540,Monedero
5231,2000091728,Concepcion,Concepcion,,,N/A,2026-02-08 13:00:11,2026-02-08 13:00:51,,2026-02-08,no viajo,,,420,Monedero
5232,2000092099,Concepcion,Lomas Coloradas,20167,L2,V1,2026-02-08 19:48:17,2026-02-08 20:23:38,CC→CW,2026-02-08,,20167,20167,570,Monedero
5233,2000092418,Concepcion,Cristo Redentor,20067,L2,V1,2026-02-08 14:52:58,2026-02-08 16:08:49,CC→CW,2026-02-08,,20067,20067,850,Monedero
5234,2000092445,Concepcion,Cdal. Raul Silva Henriquez,20153,L2,V1,2026-02-08 09:07:47,2026-02-08 09:42:00,CC→CW,2026-02-08,,20153,20153,570,Monedero
5235,2000092799,Chiguayante,Concepcion,20844,L1,V2,2026-02-08 12:42:56,2026-02-08 13:03:35,,2026-02-08,sin_combo_factible_en_hub|sin_s1_factible_retro,,20844,510,Monedero
5236,2000092980,Lomas Coloradas,Concepcion,20050,L2,V1,2026-02-08 10:47:27,2026-02-08 11:38:38,CW→CC,2026-02-08,,20050,20050,570,Monedero
5237,2000093305,Concepcion,Lomas Coloradas,20069,L2,V1,2026-02-08 16:30:26,2026-02-08 17:06:32,CC→CW,2026-02-08,,20069,20069,570,Monedero
5238,2000093473,Cdal. Raul Silva Henriquez,Juan Pablo II,20052,L2,V1,2026-02-08 11:33:59,2026-02-08 11:55:42,CW→CC,2026-02-08,,20052,20052,510,Monedero
5239,2000093473,Cdal. Raul Silva Henriquez,Concepcion,20068,L2,V1,2026-02-08 15:49:15,2026-02-08 16:25:33,CW→CC,2026-02-08,,20068,20068,570,Monedero
5240,2000093473,Cdal. Raul Silva Henriquez,Concepcion,20068,L2,V1,2026-02-08 15:49:28,2026-02-08 16:25:26,CW→CC,2026-02-08,,20068,20068,570,Monedero
5241,2000093473,Cdal. Raul Silva Henriquez,Concepcion,20068,L2,V1,2026-02-08 15:52:48,2026-02-08 16:25:19,CW→CC,2026-02-08,,20068,20068,570,Monedero
5242,2000093473,Concepcion,Cdal. Raul Silva Henriquez,20167,L2,V1,2026-02-08 19:52:59,2026-02-08 20:27:03,CC→CW,2026-02-08,,20167,20167,570,Monedero
5243,2000093473,Concepcion,Cdal. Raul Silva Henriquez,20167,L2,V1,2026-02-08 19:53:12,2026-02-08 20:26:57,CC→CW,2026-02-08,,20167,20167,570,Monedero
5244,2000093473,Concepcion,Cdal. Raul Silva Henriquez,20167,L2,V1,2026-02-08 19:53:20,2026-02-08 20:26:47,CC→CW,2026-02-08,,20167,20167,570,Monedero
5245,2000093533,Concepcion,Concepcion,,,N/A,2026-02-08 18:41:09,2026-02-08 18:42:20,,2026-02-08,no viajo,,,420,Monedero
5246,2000093759,Mercado,Hualqui,20859,L1,V1,2026-02-08 12:21:21,2026-02-08 13:30:57,TH→HQ,2026-02-08,,20859,20859,580,Monedero
5247,2000093759,Mercado,Hualqui,20859,L1,V1,2026-02-08 12:21:30,2026-02-08 13:30:36,TH→HQ,2026-02-08,,20859,20859,580,Monedero
5248,2000093977,Concepcion,Concepcion,,,N/A,2026-02-08 18:23:26,2026-02-08 18:24:20,,2026-02-08,no viajo,,,420,Monedero
5249,2000093977,Concepcion,Concepcion,,,N/A,2026-02-08 18:23:32,2026-02-08 18:24:09,,2026-02-08,no viajo,,,420,Monedero
5250,2000094109,Lomas Coloradas,Costa Mar,20160,L2,V1,2026-02-08 17:53:37,2026-02-08 18:12:24,CW→CC,2026-02-08,,20160,20160,430,Monedero
5251,2000094109,Lomas Coloradas,Costa Mar,20160,L2,V1,2026-02-08 17:55:01,2026-02-08 18:12:19,CW→CC,2026-02-08,,20160,20160,430,Monedero
5252,2000094300,Lomas Coloradas,Laguna Quinenco,20161,L2,V1,2026-02-08 18:28:25,2026-02-08 19:11:19,CC→CW,2026-02-08,,20161,20161,650,Monedero
5253,2000094303,Hito Galvarino,Huinca,20163,L2,V1,2026-02-08 19:24:20,2026-02-08 19:37:54,CC→CW,2026-02-08,,20163,20163,460,Monedero
5254,2000094753,Coronel,Concepcion,20076,L2,V1,2026-02-08 16:22:25,2026-02-08 17:31:25,CW→CC,2026-02-08,,20076,20076,880,Monedero
5255,2000094753,Coronel,Concepcion,20076,L2,V1,2026-02-08 16:22:31,2026-02-08 17:31:14,CW→CC,2026-02-08,,20076,20076,880,Monedero
5256,2000095049,Cdal. Raul Silva Henriquez,El Parque,20156,L2,V1,2026-02-08 09:34:27,2026-02-08 09:45:19,CW→CC,2026-02-08,,20156,20156,430,Monedero
5257,2000095049,El Parque,Cdal. Raul Silva Henriquez,20161,L2,V1,2026-02-08 18:39:14,2026-02-08 18:54:19,CC→CW,2026-02-08,,20161,20161,430,Monedero
5258,2000095947,Concepcion,Costa Mar,20167,L2,V1,2026-02-08 19:41:11,2026-02-08 20:18:06,CC→CW,2026-02-08,,20167,20167,570,Monedero
5259,2000096044,Concepcion,Huinca,20051,L2,V1,2026-02-08 11:43:14,2026-02-08 12:45:43,CC→CW,2026-02-08,,20051,20051,850,Monedero
5260,2000096044,Huinca,Concepcion,20166,L2,V1,2026-02-08 19:19:45,2026-02-08 20:00:22,CW→CC,2026-02-08,,20166,20166,850,Monedero
5261,2000096140,Lomas Coloradas,Concepcion,20044,L2,V1,2026-02-08 10:27:27,2026-02-08 10:47:45,CW→CC,2026-02-08,,20044,20044,570,Monedero
5262,2000096140,Concepcion,Lomas Coloradas,20171,L2,V1,2026-02-08 20:58:29,2026-02-08 21:27:39,CC→CW,2026-02-08,,20171,,570,Monedero
5263,2000096266,El Parque,Concepcion,20162,L2,V1,2026-02-08 18:33:43,2026-02-08 18:58:57,CW→CC,2026-02-08,,20162,20162,570,Monedero
5264,2000096288,Cristo Redentor,Concepcion,20066,L2,V1,2026-02-08 14:38:04,2026-02-08 15:25:50,CW→CC,2026-02-08,,20066,20066,850,Monedero
5265,2000096288,Concepcion,Huinca,20163,L2,V1,2026-02-08 18:57:53,2026-02-08 19:39:05,CC→CW,2026-02-08,,20163,20163,850,Monedero
5266,2000096574,Concepcion,Los Canelos,20051,L2,V1,2026-02-08 11:33:14,2026-02-08 12:18:37,CC→CW,2026-02-08,,20051,20049,850,Monedero
5267,2000096574,Concepcion,Los Canelos,20051,L2,V1,2026-02-08 11:33:22,2026-02-08 12:18:32,CC→CW,2026-02-08,,20051,20049,850,Monedero
5268,2000096578,Coronel,Cdal. Raul Silva Henriquez,20044,L2,V1,2026-02-08 09:50:51,2026-02-08 10:25:46,CW→CC,2026-02-08,,20044,20044,650,Monedero
5269,2000096644,Concepcion,Cristo Redentor,20157,L2,V1,2026-02-08 17:32:27,2026-02-08 18:08:15,CC→CW,2026-02-08,,20157,,850,Monedero
5270,2000097043,Concepcion,Concepcion,,,N/A,2026-02-08 14:18:02,2026-02-08 14:18:33,,2026-02-08,no viajo,,,420,Monedero
5271,2000097166,Costa Mar,Concepcion,20068,L2,V1,2026-02-08 15:57:29,2026-02-08 16:23:43,CW→CC,2026-02-08,,20068,20068,570,Monedero
5272,2000097166,Costa Mar,Concepcion,20068,L2,V1,2026-02-08 15:57:32,2026-02-08 16:23:36,CW→CC,2026-02-08,,20068,20068,570,Monedero
5273,2000097166,Concepcion,Costa Mar,20069,L2,V1,2026-02-08 16:38:40,2026-02-08 16:59:11,CC→CW,2026-02-08,,20069,20069,570,Monedero
5274,2000097166,Concepcion,Costa Mar,20069,L2,V1,2026-02-08 16:38:43,2026-02-08 16:59:08,CC→CW,2026-02-08,,20069,20069,570,Monedero
5275,2000097234,La Leonera,Concepcion,20844,L1,V1,2026-02-08 12:24:20,2026-02-08 12:58:32,HQ→TH,2026-02-08,,20844,20844,510,Monedero
5276,2000097624,Hito Galvarino,Concepcion,20076,L2,V1,2026-02-08 16:47:12,2026-02-08 17:30:05,CW→CC,2026-02-08,,20076,20076,850,Monedero
5277,2000097624,Concepcion,Hito Galvarino,20171,L2,V1,2026-02-08 20:20:56,2026-02-08 21:35:24,CC→CW,2026-02-08,,20171,,850,Monedero
5278,2000097761,Los Canelos,Coronel,20049,L2,V1,2026-02-08 12:02:18,2026-02-08 12:15:02,CC→CW,2026-02-08,,20049,20049,530,Monedero
5279,2000098402,Los Canelos,Concepcion,20160,L2,V1,2026-02-08 17:42:19,2026-02-08 18:27:46,CW→CC,2026-02-08,,20160,20160,850,Monedero
5280,2000098675,Juan Pablo II,Los Canelos,20149,L2,V1,2026-02-08 07:59:21,2026-02-08 09:05:29,CC→CW,2026-02-08,,20149,20149,650,Monedero
5281,2000098675,Juan Pablo II,Los Canelos,20149,L2,V1,2026-02-08 07:59:28,2026-02-08 09:05:24,CC→CW,2026-02-08,,20149,20149,650,Monedero
5282,2000099883,Diagonal Bio Bio,Costa Mar,20041,L2,V1,2026-02-08 10:22:29,2026-02-08 10:44:08,CC→CW,2026-02-08,,20041,20035,510,Monedero
5283,2000099981,Los Canelos,Concepcion,20052,L2,V1,2026-02-08 11:28:49,2026-02-08 12:04:28,CW→CC,2026-02-08,,20052,20052,850,Monedero
5284,2000099981,Concepcion,Los Canelos,20167,L2,V1,2026-02-08 19:30:01,2026-02-08 20:36:29,CC→CW,2026-02-08,,20167,20167,850,Monedero
5285,2000099991,Concepcion,Coronel,20049,L2,V1,2026-02-08 11:19:46,2026-02-08 12:19:15,CC→CW,2026-02-08,,20049,20049,880,Monedero
5286,2000099991,Concepcion,Coronel,20049,L2,V1,2026-02-08 11:20:10,2026-02-08 12:18:55,CC→CW,2026-02-08,,20049,20049,880,Monedero
5287,2000099991,Concepcion,Coronel,20049,L2,V1,2026-02-08 11:20:17,2026-02-08 12:18:41,CC→CW,2026-02-08,,20049,20049,880,Monedero
5288,2000099991,Coronel,Concepcion,20166,L2,V1,2026-02-08 19:12:23,2026-02-08 20:02:02,CW→CC,2026-02-08,,20166,20166,880,Monedero
5289,2000099991,Coronel,Concepcion,20166,L2,V1,2026-02-08 19:12:25,2026-02-08 20:01:58,CW→CC,2026-02-08,,20166,20166,880,Monedero
5290,2000099991,Coronel,Concepcion,20166,L2,V1,2026-02-08 19:12:28,2026-02-08 20:01:50,CW→CC,2026-02-08,,20166,20166,880,Monedero
5291,2000100162,Alborada,Diagonal Bio Bio,20066,L2,V1,2026-02-08 15:00:12,2026-02-08 15:13:51,CW→CC,2026-02-08,,20066,20063,440,Monedero
5292,2000100327,Lomas Coloradas,Concepcion,20166,L2,V1,2026-02-08 19:36:28,2026-02-08 20:01:15,CW→CC,2026-02-08,,20166,20166,570,Monedero
5293,2000100509,Laguna Quinenco,Lomas Coloradas,20170,L2,V1,2026-02-08 20:09:47,2026-02-08 20:41:23,CW→CC,2026-02-08,,20170,20170,650,Monedero
5294,2000100605,Laguna Quinenco,Concepcion,20156,L2,V1,2026-02-08 08:52:20,2026-02-08 10:03:46,CW→CC,2026-02-08,,20156,20156,880,Monedero
5295,2000100949,Juan Pablo II,Coronel,20053,L2,V1,2026-02-08 12:13:49,2026-02-08 12:57:00,CC→CW,2026-02-08,,20053,20053,790,Monedero
5296,2000100949,Coronel,Costa Mar,20166,L2,V1,2026-02-08 19:08:20,2026-02-08 19:48:28,CW→CC,2026-02-08,,20166,20166,650,Monedero
5297,2000101088,Juan Pablo II,Coronel,20063,L2,V1,2026-02-08 14:31:30,2026-02-08 15:21:25,CC→CW,2026-02-08,,20063,20063,790,Monedero
5298,2000101190,Concepcion,Cdal. Raul Silva Henriquez,20063,L2,V1,2026-02-08 14:01:08,2026-02-08 15:01:16,CC→CW,2026-02-08,,20063,20063,570,Monedero
5299,2000101737,Huinca,Coronel,20063,L2,V1,2026-02-08 15:03:33,2026-02-08 15:20:43,CC→CW,2026-02-08,,20063,20063,450,Monedero
5300,2000101755,Huinca,Coronel,,,N/A,2026-02-08 21:35:38,2026-02-08 21:47:53,,2026-02-08,sin_combo_factible_en_hub|sin_s1_factible_retro,,,450,Monedero
5301,2000102341,Cristo Redentor,Costa Mar,20170,L2,V1,2026-02-08 20:12:51,2026-02-08 20:45:43,CW→CC,2026-02-08,,20170,20170,630,Monedero
5302,2000102517,Cristo Redentor,El Parque,20066,L2,V1,2026-02-08 14:24:13,2026-02-08 15:07:53,CW→CC,2026-02-08,,20066,20066,630,Monedero
5303,2000102517,Cristo Redentor,El Parque,20066,L2,V1,2026-02-08 14:24:20,2026-02-08 15:07:48,CW→CC,2026-02-08,,20066,20066,630,Monedero
5304,2000102517,El Parque,Cristo Redentor,20069,L2,V1,2026-02-08 16:30:14,2026-02-08 17:25:23,CC→CW,2026-02-08,,20069,20069,630,Monedero
5305,2000102517,El Parque,Cristo Redentor,20069,L2,V1,2026-02-08 16:30:19,2026-02-08 17:25:18,CC→CW,2026-02-08,,20069,20069,630,Monedero
5306,2000102534,Costa Mar,El Parque,20063,L2,V1,2026-02-08 14:08:58,2026-02-08 14:56:39,CC→CW,2026-02-08,,20063,20063,430,Monedero
5307,2000102768,Lomas Coloradas,Cristo Redentor,20171,L2,V1,2026-02-08 21:08:49,2026-02-08 21:42:59,CC→CW,2026-02-08,,20171,,630,Monedero
5308,2000102778,Coronel,Cristo Redentor,20170,L2,V1,2026-02-08 20:11:09,2026-02-08 20:23:35,CW→CC,2026-02-08,,20170,20170,450,Monedero
5309,2000102924,Coronel,Concepcion,20076,L2,V1,2026-02-08 16:39:38,2026-02-08 17:31:10,CW→CC,2026-02-08,,20076,20076,880,Monedero
5310,2000102924,Coronel,Concepcion,20076,L2,V1,2026-02-08 16:39:43,2026-02-08 17:31:04,CW→CC,2026-02-08,,20076,20076,880,Monedero
5311,2000102924,Concepcion,Coronel,20171,L2,V1,2026-02-08 20:19:53,2026-02-08 21:49:09,CC→CW,2026-02-08,,20171,,880,Monedero
5312,2000102924,Concepcion,Coronel,20171,L2,V1,2026-02-08 20:19:58,2026-02-08 21:48:56,CC→CW,2026-02-08,,20171,,880,Monedero
5313,2000103098,Diagonal Bio Bio,Cdal. Raul Silva Henriquez,20149,L2,V1,2026-02-08 08:37:27,2026-02-08 08:55:02,CC→CW,2026-02-08,,20149,20149,510,Monedero
5314,2000103098,Cdal. Raul Silva Henriquez,Diagonal Bio Bio,20170,L2,V1,2026-02-08 19:46:37,2026-02-08 20:51:07,CW→CC,2026-02-08,,20170,20170,510,Monedero
5315,2000103772,Coronel,Concepcion,20162,L2,V1,2026-02-08 18:00:25,2026-02-08 19:05:42,CW→CC,2026-02-08,,20162,20162,880,Monedero
5316,2000104009,Pedro Medina,UTF Santa Maria,20844,L1,V1,2026-02-08 12:19:06,2026-02-08 13:05:55,HQ→TH,2026-02-08,,20844,20844,540,Monedero
5317,2000104399,Huinca,Concepcion,20068,L2,V1,2026-02-08 15:48:10,2026-02-08 16:24:54,CW→CC,2026-02-08,,20068,20068,850,Monedero
5318,2000104817,Laguna Quinenco,Juan Pablo II,20152,L2,V1,2026-02-08 08:32:26,2026-02-08 09:09:22,CW→CC,2026-02-08,,20152,20152,790,Monedero
5319,2000104852,Concepcion,Cristo Redentor,20063,L2,V1,2026-02-08 14:08:04,2026-02-08 15:14:14,CC→CW,2026-02-08,,20063,20063,850,Monedero
5320,2000104894,Concepcion,Laguna Quinenco,20067,L2,V1,2026-02-08 15:22:58,2026-02-08 16:15:28,CC→CW,2026-02-08,,20067,20067,880,Monedero
5321,2000104894,Concepcion,Laguna Quinenco,20067,L2,V1,2026-02-08 15:23:04,2026-02-08 16:11:02,CC→CW,2026-02-08,,20067,20067,880,Monedero
5322,2000104894,Laguna Quinenco,Concepcion,20170,L2,V1,2026-02-08 20:17:33,2026-02-08 21:01:56,CW→CC,2026-02-08,,20170,20170,880,Monedero
5323,2000104894,Laguna Quinenco,Concepcion,20170,L2,V1,2026-02-08 20:17:44,2026-02-08 21:01:49,CW→CC,2026-02-08,,20170,20170,880,Monedero
5324,2000105155,Concepcion,Lomas Coloradas,20049,L2,V1,2026-02-08 11:31:48,2026-02-08 12:04:55,CC→CW,2026-02-08,,20049,20049,570,Monedero
5325,2000105675,Cdal. Raul Silva Henriquez,Diagonal Bio Bio,20052,L2,V1,2026-02-08 11:37:03,2026-02-08 11:53:45,CW→CC,2026-02-08,,20052,20052,510,Monedero
5326,2000105675,Cdal. Raul Silva Henriquez,Lomas Coloradas,20068,L2,V1,2026-02-08 15:54:52,2026-02-08 16:04:55,CW→CC,2026-02-08,,20068,20068,430,Monedero
5327,2000105725,Concepcion,Hito Galvarino,20053,L2,V1,2026-02-08 12:03:46,2026-02-08 12:40:14,CC→CW,2026-02-08,,20053,20053,850,Monedero
5328,2000105767,Hito Galvarino,Los Canelos,20049,L2,V1,2026-02-08 11:49:16,2026-02-08 12:05:38,CC→CW,2026-02-08,,20049,20049,440,Monedero
5329,2000105833,Laguna Quinenco,Concepcion,20160,L2,V1,2026-02-08 17:40:08,2026-02-08 18:28:07,CW→CC,2026-02-08,,20160,20160,880,Monedero
5330,2000105882,Diagonal Bio Bio,Laguna Quinenco,20167,L2,V1,2026-02-08 20:11:20,2026-02-08 20:44:58,CC→CW,2026-02-08,,20167,20167,790,Monedero
5331,2000106062,La Leonera,Concepcion,20850,L1,V1,2026-02-08 09:28:53,2026-02-08 10:07:57,HQ→TH,2026-02-08,,20850,20850,510,Monedero
5332,2000106727,Huinca,Concepcion,20044,L2,V1,2026-02-08 10:03:55,2026-02-08 10:52:11,CW→CC,2026-02-08,,20044,20044,850,Monedero
5333,2000106727,Huinca,Concepcion,20044,L2,V1,2026-02-08 10:04:03,2026-02-08 10:52:06,CW→CC,2026-02-08,,20044,20044,850,Monedero
5334,2000106727,Concepcion,Los Canelos,20063,L2,V1,2026-02-08 14:13:03,2026-02-08 15:10:11,CC→CW,2026-02-08,,20063,20063,850,Monedero
5335,2000106727,Concepcion,Los Canelos,20063,L2,V1,2026-02-08 14:13:08,2026-02-08 15:10:05,CC→CW,2026-02-08,,20063,20063,850,Monedero
5336,2000106924,Hito Galvarino,Cristo Redentor,20053,L2,V1,2026-02-08 12:37:09,2026-02-08 12:48:27,CC→CW,2026-02-08,,20053,20053,460,Monedero
5337,2000106985,Concepcion,Huinca,20063,L2,V1,2026-02-08 14:37:59,2026-02-08 16:05:13,CC→CW,2026-02-08,,20063,20063,850,Monedero
5338,2000107364,Concepcion,Coronel,20049,L2,V1,2026-02-08 10:54:52,2026-02-08 12:16:29,CC→CW,2026-02-08,,20049,20049,880,Monedero
5339,2000107364,Coronel,Concepcion,20162,L2,V1,2026-02-08 17:59:26,2026-02-08 19:05:45,CW→CC,2026-02-08,,20162,20162,880,Monedero
5340,2000107540,Concepcion,Los Canelos,20149,L2,V1,2026-02-08 08:03:04,2026-02-08 09:06:01,CC→CW,2026-02-08,,20149,20149,850,Monedero
5341,2000107544,Los Canelos,Concepcion,20066,L2,V1,2026-02-08 14:46:33,2026-02-08 15:25:17,CW→CC,2026-02-08,,20066,20066,850,Monedero
5342,2000107547,Lomas Coloradas,Los Canelos,20161,L2,V1,2026-02-08 18:41:09,2026-02-08 19:07:50,CC→CW,2026-02-08,,20161,20161,610,Monedero
5343,2000107550,Concepcion,Los Canelos,20049,L2,V1,2026-02-08 11:24:22,2026-02-08 12:05:41,CC→CW,2026-02-08,,20049,20049,850,Monedero
5344,2000107818,Lomas Coloradas,Concepcion,20062,L2,V1,2026-02-08 13:57:50,2026-02-08 14:34:41,CW→CC,2026-02-08,,20062,20062,570,Monedero
5345,2000107877,Concepcion,Diagonal Bio Bio,20069,L2,V1,2026-02-08 16:30:41,2026-02-08 16:55:49,CC→CW,2026-02-08,,20069,20069,570,Monedero
5346,2000108370,Coronel,Cristo Redentor,20076,L2,V1,2026-02-08 16:44:39,2026-02-08 16:54:09,CW→CC,2026-02-08,,20076,20076,450,Monedero
5347,2000108590,Lomas Coloradas,Alborada,20156,L2,V1,2026-02-08 09:34:58,2026-02-08 09:49:00,CW→CC,2026-02-08,,20156,20156,510,Monedero
5348,2000108590,Alborada,Lomas Coloradas,20051,L2,V1,2026-02-08 11:56:10,2026-02-08 12:04:14,CC→CW,2026-02-08,,20051,20051,510,Monedero
5349,2000108719,Cristo Redentor,Juan Pablo II,20066,L2,V1,2026-02-08 14:44:39,2026-02-08 15:16:18,CW→CC,2026-02-08,,20066,20063,680,Monedero
5350,2000108732,Cdal. Raul Silva Henriquez,Diagonal Bio Bio,20056,L2,V1,2026-02-08 11:57:41,2026-02-08 12:51:38,CW→CC,2026-02-08,,20056,20056,510,Monedero
5351,2000108840,Cristo Redentor,Concepcion,20066,L2,V1,2026-02-08 14:34:30,2026-02-08 15:23:48,CW→CC,2026-02-08,,20066,20066,850,Monedero
5352,2000108840,Concepcion,Cristo Redentor,20069,L2,V1,2026-02-08 16:37:19,2026-02-08 17:25:03,CC→CW,2026-02-08,,20069,20069,850,Monedero
5353,2000109574,Chiguayante,Hualqui,20847,L1,V1,2026-02-08 20:35:06,2026-02-08 21:01:30,TH→HQ,2026-02-08,,20847,20847,500,Monedero
5354,2000110332,Concepcion,Lomas Coloradas,20069,L2,V1,2026-02-08 15:36:32,2026-02-08 17:06:17,CC→CW,2026-02-08,,20069,20067,570,Monedero
5355,2000110510,Concepcion,Costa Mar,20163,L2,V1,2026-02-08 18:55:57,2026-02-08 19:16:58,CC→CW,2026-02-08,,20163,,570,Monedero
5356,2000110510,Concepcion,Costa Mar,20163,L2,V1,2026-02-08 18:56:01,2026-02-08 19:16:52,CC→CW,2026-02-08,,20163,,570,Monedero
5357,2000110820,Costa Mar,Coronel,20059,L2,V1,2026-02-08 13:32:16,2026-02-08 14:05:38,CC→CW,2026-02-08,,20059,20059,650,Monedero
5358,2000110944,Costa Mar,Concepcion,20066,L2,V1,2026-02-08 14:58:18,2026-02-08 15:23:51,CW→CC,2026-02-08,,20066,20066,570,Monedero
5359,2000110944,Concepcion,Cristo Redentor,20161,L2,V1,2026-02-08 18:26:21,2026-02-08 19:09:20,CC→CW,2026-02-08,,20161,20161,850,Monedero
5360,2000110944,Concepcion,Cristo Redentor,20161,L2,V1,2026-02-08 18:26:31,2026-02-08 19:09:13,CC→CW,2026-02-08,,20161,20161,850,Monedero
5361,2000111083,Cristo Redentor,El Parque,20062,L2,V1,2026-02-08 13:20:18,2026-02-08 14:16:39,CW→CC,2026-02-08,,20062,20062,630,Monedero
5362,2000111086,Concepcion,Lomas Coloradas,20171,L2,V1,2026-02-08 20:42:59,2026-02-08 21:27:14,CC→CW,2026-02-08,,20171,,570,Monedero
5363,2000111193,Los Condores,Concepcion,20845,L1,V1,2026-02-08 16:06:47,2026-02-08 16:26:19,TH→HQ,2026-02-08,,20845,20845,500,Monedero
5364,2000111241,Concepcion,Lomas Coloradas,20035,L2,V1,2026-02-08 09:53:36,2026-02-08 10:25:26,CC→CW,2026-02-08,,20035,,570,Monedero
5365,2000111510,Juan Pablo II,Coronel,20059,L2,V1,2026-02-08 13:00:24,2026-02-08 14:04:17,CC→CW,2026-02-08,,20059,20059,790,Monedero
5366,2000111510,Juan Pablo II,Coronel,20059,L2,V1,2026-02-08 13:00:32,2026-02-08 14:04:12,CC→CW,2026-02-08,,20059,20059,790,Monedero
5367,2000111510,Coronel,Juan Pablo II,20166,L2,V1,2026-02-08 19:03:16,2026-02-08 19:53:51,CW→CC,2026-02-08,,20166,20162,790,Monedero
5368,2000111510,Coronel,Juan Pablo II,20166,L2,V1,2026-02-08 19:03:21,2026-02-08 19:53:46,CW→CC,2026-02-08,,20166,20162,790,Monedero
5369,2000111671,Concepcion,Cristo Redentor,20149,L2,V1,2026-02-08 08:31:00,2026-02-08 09:10:19,CC→CW,2026-02-08,,20149,20149,850,Monedero
5370,2000111671,Cristo Redentor,Concepcion,20160,L2,V1,2026-02-08 17:27:33,2026-02-08 18:27:13,CW→CC,2026-02-08,,20160,20160,850,Monedero
5371,2000111698,El Parque,Laguna Quinenco,20067,L2,V1,2026-02-08 15:33:44,2026-02-08 16:11:08,CC→CW,2026-02-08,,20067,20067,650,Monedero
5372,2000111698,Laguna Quinenco,El Parque,20170,L2,V1,2026-02-08 19:46:06,2026-02-08 20:44:12,CW→CC,2026-02-08,,20170,20170,650,Monedero
5373,2000112220,Concepcion,Lomas Coloradas,20049,L2,V1,2026-02-08 10:43:52,2026-02-08 11:51:02,CC→CW,2026-02-08,,20049,20049,570,Monedero
5374,2000112278,Concepcion,Los Canelos,20059,L2,V1,2026-02-08 12:13:09,2026-02-08 13:52:39,CC→CW,2026-02-08,,20059,20053,850,Monedero
5375,2000112278,Los Canelos,Concepcion,20160,L2,V1,2026-02-08 17:50:39,2026-02-08 18:27:56,CW→CC,2026-02-08,,20160,20160,850,Monedero
5376,2000112802,Laguna Quinenco,Concepcion,20068,L2,V1,2026-02-08 15:29:39,2026-02-08 16:26:36,CW→CC,2026-02-08,,20068,20068,880,Monedero
5377,2000112802,Concepcion,Laguna Quinenco,20161,L2,V1,2026-02-08 18:29:06,2026-02-08 19:11:13,CC→CW,2026-02-08,,20161,20161,880,Monedero
5378,2000113042,Coronel,Concepcion,20162,L2,V1,2026-02-08 18:11:52,2026-02-08 19:00:23,CW→CC,2026-02-08,,20162,20162,880,Monedero
5379,2000113357,Concepcion,Juan Pablo II,20059,L2,V1,2026-02-08 12:40:28,2026-02-08 13:28:00,CC→CW,2026-02-08,combo_por_entrada,20059,20059,560,Monedero
5380,2000113357,Concepcion,Juan Pablo II,20059,L2,V1,2026-02-08 12:40:37,2026-02-08 13:27:44,CC→CW,2026-02-08,combo_por_entrada,20059,20059,560,Monedero
5381,2000113357,Juan Pablo II,Concepcion,20076,L2,V1,2026-02-08 17:18:53,2026-02-08 17:48:50,CW→CC,2026-02-08,combo_por_entrada,20076,20846,560,Monedero
5382,2000113357,Concepcion,Los Condores,20846,L1,V1,2026-02-08 17:19:10,2026-02-08 17:48:44,HQ→TH,2026-02-08,combo_por_entrada,20846,20846,560,Monedero
5383,2000113438,Concepcion,Laguna Quinenco,20171,L2,V1,2026-02-08 20:39:02,2026-02-08 21:45:05,CC→CW,2026-02-08,,20171,,880,Monedero
5384,2000113822,Concepcion,Coronel,20059,L2,V1,2026-02-08 13:18:28,2026-02-08 14:03:17,CC→CW,2026-02-08,,20059,20059,880,Monedero
5385,2000113880,Lomas Coloradas,Los Canelos,20053,L2,V1,2026-02-08 12:24:48,2026-02-08 12:43:36,CC→CW,2026-02-08,,20053,20053,610,Monedero
5386,2000113880,Los Canelos,Juan Pablo II,20166,L2,V1,2026-02-08 19:19:44,2026-02-08 19:54:23,CW→CC,2026-02-08,,20166,20166,650,Monedero
5387,2000113972,Coronel,Diagonal Bio Bio,20156,L2,V1,2026-02-08 09:02:58,2026-02-08 09:51:14,CW→CC,2026-02-08,,20156,20156,790,Monedero
5388,2000113987,Concepcion,Hito Galvarino,20069,L2,V1,2026-02-08 16:10:02,2026-02-08 17:16:09,CC→CW,2026-02-08,,20069,20069,850,Monedero
5389,2000114722,Concepcion,Diagonal Bio Bio,20167,L2,V1,2026-02-08 19:46:17,2026-02-08 20:14:52,CC→CW,2026-02-08,,20167,20167,570,Monedero
5390,2000114960,Laguna Quinenco,Concepcion,20152,L2,V1,2026-02-08 08:22:52,2026-02-08 09:16:15,CW→CC,2026-02-08,,20152,20152,880,Monedero
5391,2000114960,Concepcion,Laguna Quinenco,20171,L2,V1,2026-02-08 20:53:53,2026-02-08 21:45:12,CC→CW,2026-02-08,,20171,,880,Monedero
5392,2000115090,Costa Mar,Juan Pablo II,20056,L2,V1,2026-02-08 12:36:23,2026-02-08 12:54:29,CW→CC,2026-02-08,,20056,20052,510,Monedero
5393,2000115090,Juan Pablo II,Costa Mar,20167,L2,V1,2026-02-08 19:25:04,2026-02-08 20:18:07,CC→CW,2026-02-08,,20167,20167,510,Monedero
5394,2000115551,Huinca,Concepcion,20170,L2,V1,2026-02-08 20:19:52,2026-02-08 21:01:16,CW→CC,2026-02-08,,20170,20170,850,Monedero
5395,2000115894,Concepcion,Coronel,20157,L2,V1,2026-02-08 17:08:41,2026-02-08 18:14:26,CC→CW,2026-02-08,,20157,,880,Monedero
5396,2000115929,Costa Mar,Laguna Quinenco,20051,L2,V1,2026-02-08 11:50:39,2026-02-08 12:25:22,CC→CW,2026-02-08,,20051,20049,650,Monedero
5397,2000115929,Coronel,Costa Mar,20162,L2,V1,2026-02-08 18:14:34,2026-02-08 18:47:13,CW→CC,2026-02-08,,20162,20162,650,Monedero
5398,2000116046,Chiguayante,Mercado,20846,L1,V1,2026-02-08 17:03:45,2026-02-08 17:58:02,HQ→TH,2026-02-08,,20846,20846,550,Monedero
5399,2000116130,Concepcion,Coronel,20157,L2,V1,2026-02-08 17:29:15,2026-02-08 18:13:18,CC→CW,2026-02-08,,20157,,880,Monedero
5400,2000116156,Lomas Coloradas,Costa Mar,20044,L2,V1,2026-02-08 10:24:14,2026-02-08 10:33:56,CW→CC,2026-02-08,,20044,20044,430,Monedero
5401,2000116297,Los Canelos,Concepcion,20056,L2,V1,2026-02-08 12:26:28,2026-02-08 13:16:54,CW→CC,2026-02-08,,20056,20056,850,Monedero
5402,2000116297,Concepcion,Los Canelos,20167,L2,V1,2026-02-08 19:51:48,2026-02-08 20:37:12,CC→CW,2026-02-08,,20167,20167,850,Monedero
5403,2000116703,Alborada,Costa Mar,20157,L2,V1,2026-02-08 17:32:30,2026-02-08 17:48:34,CC→CW,2026-02-08,,20157,20157,510,Monedero
5404,2000116859,Los Canelos,El Parque,20050,L2,V1,2026-02-08 11:00:19,2026-02-08 11:21:59,CW→CC,2026-02-08,,20050,20050,610,Monedero
5405,2000116859,El Parque,Los Canelos,20053,L2,V1,2026-02-08 12:22:41,2026-02-08 12:43:43,CC→CW,2026-02-08,,20053,20053,610,Monedero
5406,2000117347,Concepcion,Laguna Quinenco,20161,L2,V1,2026-02-08 18:22:44,2026-02-08 19:11:08,CC→CW,2026-02-08,,20161,20161,880,Monedero
5407,2000117677,Concepcion,El Parque,20059,L2,V1,2026-02-08 13:17:25,2026-02-08 13:38:37,CC→CW,2026-02-08,,20059,20059,570,Monedero
5408,2000117677,El Parque,Concepcion,20068,L2,V1,2026-02-08 16:04:15,2026-02-08 16:25:11,CW→CC,2026-02-08,,20068,20068,570,Monedero
5409,2000117748,Manquimavida,UTF Santa Maria,20844,L1,V1,2026-02-08 12:26:41,2026-02-08 13:05:34,HQ→TH,2026-02-08,,20844,20844,540,Monedero
5410,2000117748,Manquimavida,UTF Santa Maria,20844,L1,V1,2026-02-08 12:26:48,2026-02-08 13:05:30,HQ→TH,2026-02-08,,20844,20844,540,Monedero
5411,2000118017,Huinca,El Parque,20066,L2,V1,2026-02-08 14:31:32,2026-02-08 15:07:00,CW→CC,2026-02-08,,20066,20066,630,Monedero
5412,2000118017,El Parque,Huinca,20069,L2,V1,2026-02-08 16:48:45,2026-02-08 17:22:13,CC→CW,2026-02-08,,20069,20069,630,Monedero
5413,2000118225,Concepcion,Costa Mar,20163,L2,V1,2026-02-08 18:37:19,2026-02-08 19:16:33,CC→CW,2026-02-08,,20163,20161,570,Monedero
5414,2000118388,Concepcion,Coronel,20051,L2,V1,2026-02-08 11:36:29,2026-02-08 12:56:31,CC→CW,2026-02-08,,20051,20049,880,Monedero
5415,2000118388,Concepcion,Coronel,20051,L2,V1,2026-02-08 11:36:42,2026-02-08 12:56:26,CC→CW,2026-02-08,,20051,20049,880,Monedero
5416,2000118388,Concepcion,Coronel,20051,L2,V1,2026-02-08 11:36:46,2026-02-08 12:56:13,CC→CW,2026-02-08,,20051,20049,880,Monedero
5417,2000118388,Coronel,Concepcion,20166,L2,V1,2026-02-08 19:07:39,2026-02-08 20:02:25,CW→CC,2026-02-08,,20166,20166,880,Monedero
5418,2000118388,Coronel,Concepcion,20166,L2,V1,2026-02-08 19:08:00,2026-02-08 20:02:18,CW→CC,2026-02-08,,20166,20166,880,Monedero
5419,2000119017,Concepcion,Higueras,20848,L1,V1,2026-02-08 20:41:34,2026-02-08 21:24:00,HQ→TH,2026-02-08,,20848,20848,500,Monedero
5420,2000119126,Laguna Quinenco,Concepcion,20058,L2,V1,2026-02-08 12:30:39,2026-02-08 13:15:26,CW→CC,2026-02-08,,20058,20058,880,Monedero
5421,2000119233,Coronel,Concepcion,20066,L2,V1,2026-02-08 14:33:02,2026-02-08 15:26:41,CW→CC,2026-02-08,,20066,20066,880,Monedero
5422,2000119286,Concepcion,Alborada,20171,L2,V1,2026-02-08 20:34:50,2026-02-08 21:21:53,CC→CW,2026-02-08,combo_relajado_pase1,20171,20848,600,Monedero
5423,2000119286,Concepcion,Alborada,20171,L2,V1,2026-02-08 20:34:59,2026-02-08 21:21:46,CC→CW,2026-02-08,combo_relajado_pase1,20171,20171,600,Monedero
5424,2000119395,Concepcion,Coronel,20161,L2,V1,2026-02-08 17:45:25,2026-02-08 19:15:10,CC→CW,2026-02-08,,20161,20161,880,Monedero
5425,2000119656,La Leonera,Concepcion,20848,L1,V1,2026-02-08 20:25:47,2026-02-08 21:11:44,HQ→TH,2026-02-08,,20848,20848,510,Monedero
5426,2000119778,Cristo Redentor,Concepcion,20050,L2,V1,2026-02-08 10:52:36,2026-02-08 11:38:48,CW→CC,2026-02-08,,20050,20050,850,Monedero
5427,2000119884,Los Canelos,Laguna Quinenco,20067,L2,V1,2026-02-08 15:52:05,2026-02-08 16:11:20,CC→CW,2026-02-08,,20067,20067,530,Monedero
5428,2000119983,Cristo Redentor,Concepcion,20152,L2,V1,2026-02-08 08:33:54,2026-02-08 09:16:05,CW→CC,2026-02-08,,20152,20152,850,Monedero
5429,2000119983,Concepcion,Cristo Redentor,20067,L2,V1,2026-02-08 14:49:45,2026-02-08 16:07:28,CC→CW,2026-02-08,,20067,20067,850,Monedero
5430,2000120270,Laguna Quinenco,El Parque,20056,L2,V1,2026-02-08 11:35:15,2026-02-08 12:45:16,CW→CC,2026-02-08,,20056,20056,650,Monedero
5431,2000120270,Laguna Quinenco,El Parque,20056,L2,V1,2026-02-08 11:35:19,2026-02-08 12:45:06,CW→CC,2026-02-08,,20056,20056,650,Monedero
5432,2000120270,El Parque,Concepcion,20062,L2,V1,2026-02-08 13:19:32,2026-02-08 14:34:53,CW→CC,2026-02-08,,20062,20062,570,Monedero
5433,2000120270,El Parque,Concepcion,20062,L2,V1,2026-02-08 13:19:41,2026-02-08 14:34:49,CW→CC,2026-02-08,,20062,20062,570,Monedero
5434,2000120392,Cdal. Raul Silva Henriquez,Costa Mar,20076,L2,V1,2026-02-08 16:56:41,2026-02-08 17:14:32,CW→CC,2026-02-08,,20076,20076,430,Monedero
5435,2000120392,Costa Mar,Cdal. Raul Silva Henriquez,20161,L2,V1,2026-02-08 18:31:41,2026-02-08 18:54:13,CC→CW,2026-02-08,,20161,20161,430,Monedero
5436,2000120575,Laguna Quinenco,Hito Galvarino,20162,L2,V1,2026-02-08 18:06:53,2026-02-08 18:30:31,CW→CC,2026-02-08,,20162,20162,530,Monedero
5437,2000121091,Laguna Quinenco,Concepcion,20160,L2,V1,2026-02-08 17:40:19,2026-02-08 18:27:37,CW→CC,2026-02-08,,20160,20160,880,Monedero
5438,2000121190,Cdal. Raul Silva Henriquez,Concepcion,20076,L2,V1,2026-02-08 17:02:49,2026-02-08 17:29:46,CW→CC,2026-02-08,,20076,20076,570,Monedero
5439,2000121260,Coronel,Los Canelos,20162,L2,V1,2026-02-08 18:12:29,2026-02-08 18:27:56,CW→CC,2026-02-08,,20162,20162,530,Monedero
5440,2000121260,Los Canelos,Coronel,20161,L2,V1,2026-02-08 18:35:50,2026-02-08 19:14:02,CC→CW,2026-02-08,,20161,20161,530,Monedero
5441,2000121339,Coronel,Concepcion,20068,L2,V1,2026-02-08 15:25:58,2026-02-08 16:24:38,CW→CC,2026-02-08,,20068,20068,880,Monedero
5442,2000121339,Coronel,Concepcion,20068,L2,V1,2026-02-08 15:26:06,2026-02-08 16:24:29,CW→CC,2026-02-08,,20068,20068,880,Monedero
5443,2000121339,Juan Pablo II,Coronel,20171,L2,V1,2026-02-08 20:54:47,2026-02-08 21:48:54,CC→CW,2026-02-08,,20171,20167,790,Monedero
5444,2000121339,Juan Pablo II,Coronel,20171,L2,V1,2026-02-08 20:54:54,2026-02-08 21:48:45,CC→CW,2026-02-08,,20171,20167,790,Monedero
5445,2000121576,Concepcion,Los Canelos,20171,L2,V1,2026-02-08 20:56:28,2026-02-08 21:38:36,CC→CW,2026-02-08,,20171,,850,Monedero
5446,2000122113,Lomas Coloradas,Coronel,20041,L2,V1,2026-02-08 10:42:16,2026-02-08 11:14:22,CC→CW,2026-02-08,,20041,20041,650,Monedero
5447,2000122124,Cdal. Raul Silva Henriquez,Lomas Coloradas,20166,L2,V1,2026-02-08 19:34:32,2026-02-08 19:40:57,CW→CC,2026-02-08,,20166,20166,430,Monedero
5448,2000122457,Concepcion,Cdal. Raul Silva Henriquez,20035,L2,V1,2026-02-08 09:15:19,2026-02-08 10:27:52,CC→CW,2026-02-08,combo_por_entrada,20035,,600,Monedero
5449,2000122457,Concepcion,Cdal. Raul Silva Henriquez,20035,L2,V1,2026-02-08 09:15:25,2026-02-08 10:27:34,CC→CW,2026-02-08,combo_por_entrada,20035,,600,Monedero
5450,2000122457,Concepcion,Hualqui,20847,L1,V1,2026-02-08 19:31:52,2026-02-08 21:01:50,TH→HQ,2026-02-08,combo_por_entrada,20847,20847,600,Monedero
5451,2000122457,Concepcion,Hualqui,20847,L1,V1,2026-02-08 19:31:58,2026-02-08 21:01:45,TH→HQ,2026-02-08,combo_por_entrada,20847,20847,600,Monedero
5452,2000123073,Juan Pablo II,Huinca,20153,L2,V1,2026-02-08 09:24:56,2026-02-08 09:55:12,CC→CW,2026-02-08,,20153,20153,680,Monedero
5453,2000123073,Huinca,Juan Pablo II,20166,L2,V1,2026-02-08 18:48:41,2026-02-08 19:52:56,CW→CC,2026-02-08,,20166,20163,680,Monedero
5454,2000123150,Costa Mar,Coronel,20063,L2,V1,2026-02-08 14:42:55,2026-02-08 15:21:20,CC→CW,2026-02-08,,20063,20063,650,Monedero
5455,2000123393,Cdal. Raul Silva Henriquez,Concepcion,20050,L2,V1,2026-02-08 11:08:21,2026-02-08 11:39:07,CW→CC,2026-02-08,,20050,20050,570,Monedero
5456,2000123393,Cdal. Raul Silva Henriquez,Concepcion,20050,L2,V1,2026-02-08 11:08:27,2026-02-08 11:39:04,CW→CC,2026-02-08,,20050,20050,570,Monedero
5457,2000123498,Manquimavida,Concepcion,20844,L1,V1,2026-02-08 12:17:28,2026-02-08 12:57:37,HQ→TH,2026-02-08,,20844,20844,510,Monedero
5458,2000123498,Concepcion,Concepcion,,,N/A,2026-02-08 17:12:00,2026-02-08 17:13:40,,2026-02-08,no viajo,,,420,Monedero
5459,2000123700,Concepcion,Huinca,20063,L2,V1,2026-02-08 14:25:49,2026-02-08 15:12:27,CC→CW,2026-02-08,,20063,20063,850,Monedero
5460,2000123724,Concepcion,Costa Mar,20171,L2,V1,2026-02-08 20:23:19,2026-02-08 21:23:17,CC→CW,2026-02-08,match_por_salida_fallback,20171,20171,590,Monedero
5461,2000123727,Laguna Quinenco,Hito Galvarino,20056,L2,V1,2026-02-08 12:06:47,2026-02-08 12:32:03,CW→CC,2026-02-08,,20056,20056,530,Monedero
5462,2000123727,Hito Galvarino,Cristo Redentor,20059,L2,V1,2026-02-08 13:20:32,2026-02-08 13:58:04,CC→CW,2026-02-08,,20059,20059,460,Monedero
5463,2000123790,Cristo Redentor,Concepcion,20040,L2,V1,2026-02-08 09:40:25,2026-02-08 10:22:47,CW→CC,2026-02-08,,20040,20040,850,Monedero
5464,2000123790,Concepcion,Cristo Redentor,20063,L2,V1,2026-02-08 14:17:48,2026-02-08 15:14:57,CC→CW,2026-02-08,,20063,20063,850,Monedero
5465,2000123815,Lomas Coloradas,Alborada,20052,L2,V1,2026-02-08 11:37:28,2026-02-08 11:50:05,CW→CC,2026-02-08,,20052,20052,510,Monedero
5466,2000124020,Laguna Quinenco,Lomas Coloradas,20160,L2,V1,2026-02-08 17:35:26,2026-02-08 18:07:26,CW→CC,2026-02-08,,20160,20160,650,Monedero
5467,2000124134,Hualqui,Concepcion,20844,L1,V1,2026-02-08 12:19:19,2026-02-08 12:57:06,HQ→TH,2026-02-08,,20844,20844,550,Monedero
5468,2000124203,Coronel,Juan Pablo II,20056,L2,V1,2026-02-08 12:05:25,2026-02-08 12:54:34,CW→CC,2026-02-08,,20056,20053,790,Monedero
5469,2000124203,Juan Pablo II,Coronel,20167,L2,V1,2026-02-08 19:24:50,2026-02-08 20:46:17,CC→CW,2026-02-08,,20167,20167,790,Monedero
5470,2000124395,Los Canelos,Concepcion,20058,L2,V1,2026-02-08 12:35:47,2026-02-08 13:16:31,CW→CC,2026-02-08,,20058,20058,850,Monedero
5471,2000124395,Concepcion,Los Canelos,20161,L2,V1,2026-02-08 18:29:17,2026-02-08 19:03:53,CC→CW,2026-02-08,,20161,20161,850,Monedero
5472,2000124406,Concepcion,Hito Galvarino,20049,L2,V1,2026-02-08 11:26:20,2026-02-08 12:00:19,CC→CW,2026-02-08,,20049,20049,850,Monedero
5473,2000124491,Cristo Redentor,Concepcion,20156,L2,V1,2026-02-08 09:19:29,2026-02-08 10:05:48,CW→CC,2026-02-08,,20156,20156,850,Monedero
5474,2000124491,Cristo Redentor,Concepcion,20156,L2,V1,2026-02-08 09:19:38,2026-02-08 10:05:42,CW→CC,2026-02-08,,20156,20156,850,Monedero
5475,2000124491,Cristo Redentor,Concepcion,20156,L2,V1,2026-02-08 09:19:42,2026-02-08 10:05:35,CW→CC,2026-02-08,,20156,20156,850,Monedero
5476,2000124491,Pedro Medina,Cristo Redentor,,,N/A,2026-02-08 17:10:02,2026-02-08 18:09:27,,2026-02-08,sin_combo_factible_en_hub|sin_s1_factible_retro,,,910,Monedero
5477,2000124491,Pedro Medina,Cristo Redentor,,,N/A,2026-02-08 17:10:09,2026-02-08 18:09:23,,2026-02-08,sin_combo_factible_en_hub|sin_s1_factible_retro,,,910,Monedero
5478,2000124491,Pedro Medina,Cristo Redentor,,,N/A,2026-02-08 17:10:14,2026-02-08 18:09:17,,2026-02-08,sin_combo_factible_en_hub|sin_s1_factible_retro,,,910,Monedero
5479,2000124615,Alborada,Cristo Redentor,20161,L2,V1,2026-02-08 18:15:15,2026-02-08 19:10:42,CC→CW,2026-02-08,,20161,20161,680,Monedero
5480,2000124615,Alborada,Cristo Redentor,20161,L2,V1,2026-02-08 18:15:22,2026-02-08 19:10:36,CC→CW,2026-02-08,,20161,20161,680,Monedero
5481,2000124615,Cristo Redentor,Alborada,20170,L2,V1,2026-02-08 20:14:15,2026-02-08 20:49:03,CW→CC,2026-02-08,,20170,20170,680,Monedero
5482,2000124615,Cristo Redentor,Alborada,20170,L2,V1,2026-02-08 20:14:26,2026-02-08 20:48:47,CW→CC,2026-02-08,,20170,20170,680,Monedero
5483,2000124702,Coronel,Concepcion,20166,L2,V1,2026-02-08 19:08:21,2026-02-08 20:03:07,CW→CC,2026-02-08,,20166,20166,880,Monedero
5484,2000124778,Huinca,El Parque,20062,L2,V1,2026-02-08 13:34:21,2026-02-08 14:16:38,CW→CC,2026-02-08,,20062,20062,630,Monedero
5485,2000124884,Concepcion,Cristo Redentor,20171,L2,V1,2026-02-08 20:45:28,2026-02-08 21:43:32,CC→CW,2026-02-08,,20171,,850,Monedero
5486,2000124920,El Parque,Juan Pablo II,20066,L2,V1,2026-02-08 14:53:52,2026-02-08 15:16:36,CW→CC,2026-02-08,,20066,20063,510,Monedero
5487,2000124920,Juan Pablo II,Lomas Coloradas,20167,L2,V1,2026-02-08 19:22:20,2026-02-08 20:24:25,CC→CW,2026-02-08,,20167,20167,510,Monedero
5488,2000125375,Concepcion,Laguna Quinenco,20161,L2,V1,2026-02-08 18:13:19,2026-02-08 19:10:47,CC→CW,2026-02-08,,20161,20161,880,Monedero
5489,2000125385,Manquimavida,Concepcion,20850,L1,V1,2026-02-08 09:38:31,2026-02-08 10:47:56,HQ→TH,2026-02-08,combo_por_entrada,20850,,910,Monedero
5490,2000125385,Coronel,Concepcion,20066,L2,V1,2026-02-08 14:35:44,2026-02-08 15:23:15,CW→CC,2026-02-08,,20066,20066,880,Monedero
5491,2000125385,Concepcion,Coronel,20161,L2,V1,2026-02-08 18:25:24,2026-02-08 19:13:50,CC→CW,2026-02-08,,20161,20161,880,Monedero
5492,2000125629,Costa Mar,Los Canelos,20049,L2,V1,2026-02-08 11:35:35,2026-02-08 12:05:08,CC→CW,2026-02-08,,20049,20049,610,Monedero
5493,2000125629,Costa Mar,Los Canelos,20049,L2,V1,2026-02-08 11:35:41,2026-02-08 12:05:02,CC→CW,2026-02-08,,20049,20049,610,Monedero
5494,2000125629,Los Canelos,Costa Mar,20076,L2,V1,2026-02-08 16:31:20,2026-02-08 17:14:27,CW→CC,2026-02-08,,20076,20076,610,Monedero
5495,2000125629,Los Canelos,Costa Mar,20076,L2,V1,2026-02-08 16:31:37,2026-02-08 17:14:21,CW→CC,2026-02-08,,20076,20076,610,Monedero
5496,2000125717,Cdal. Raul Silva Henriquez,Diagonal Bio Bio,20050,L2,V1,2026-02-08 11:14:55,2026-02-08 11:29:04,CW→CC,2026-02-08,,20050,20050,510,Monedero
5497,2000126879,Hito Galvarino,Concepcion,20170,L2,V1,2026-02-08 20:22:07,2026-02-08 21:01:00,CW→CC,2026-02-08,,20170,20170,850,Monedero
5498,2000126879,Hito Galvarino,Concepcion,20170,L2,V1,2026-02-08 20:22:10,2026-02-08 21:00:55,CW→CC,2026-02-08,,20170,20170,850,Monedero
5499,2000127228,Concepcion,Los Canelos,20063,L2,V1,2026-02-08 14:22:49,2026-02-08 15:10:20,CC→CW,2026-02-08,,20063,20063,850,Monedero
5500,2000127452,Lomas Coloradas,Concepcion,20152,L2,V1,2026-02-08 08:53:13,2026-02-08 09:16:24,CW→CC,2026-02-08,,20152,20152,570,Monedero
5501,2000127597,Concepcion,El Parque,20171,L2,V1,2026-02-08 20:58:53,2026-02-08 21:26:18,CC→CW,2026-02-08,,20171,20171,570,Monedero
5502,2000127628,Concepcion,La Leonera,20847,L1,V1,2026-02-08 20:22:06,2026-02-08 20:47:59,TH→HQ,2026-02-08,,20847,20847,510,Monedero
5503,2000127628,Concepcion,La Leonera,20847,L1,V1,2026-02-08 20:22:11,2026-02-08 20:47:54,TH→HQ,2026-02-08,,20847,20847,510,Monedero
5504,2000127737,Concepcion,Lomas Coloradas,20153,L2,V1,2026-02-08 08:39:42,2026-02-08 09:38:53,CC→CW,2026-02-08,combo_por_entrada,20153,20153,590,Monedero
5505,2000127870,Laguna Quinenco,El Parque,20040,L2,V1,2026-02-08 09:29:27,2026-02-08 10:06:09,CW→CC,2026-02-08,,20040,20040,650,Monedero
5506,2000127870,El Parque,Laguna Quinenco,20049,L2,V1,2026-02-08 11:35:41,2026-02-08 12:10:58,CC→CW,2026-02-08,,20049,20049,650,Monedero
5507,2000127896,Laguna Quinenco,Hito Galvarino,20162,L2,V1,2026-02-08 17:55:30,2026-02-08 18:30:53,CW→CC,2026-02-08,,20162,20162,530,Monedero
5508,2000127986,Concepcion,Higueras,20848,L1,V1,2026-02-08 19:47:31,2026-02-08 21:24:45,HQ→TH,2026-02-08,match_por_salida_fallback,20848,20848,900,Monedero
5509,2000128175,Cdal. Raul Silva Henriquez,Juan Pablo II,20156,L2,V1,2026-02-08 09:32:50,2026-02-08 09:53:55,CW→CC,2026-02-08,,20156,20156,510,Monedero
5510,2000128204,Concepcion,Cristo Redentor,20157,L2,V1,2026-02-08 17:25:54,2026-02-08 18:09:05,CC→CW,2026-02-08,,20157,,850,Monedero
5511,2000128425,Los Canelos,Juan Pablo II,20152,L2,V1,2026-02-08 08:35:06,2026-02-08 09:09:14,CW→CC,2026-02-08,,20152,20152,650,Monedero
5512,2000128425,Juan Pablo II,Los Canelos,20063,L2,V1,2026-02-08 14:20:10,2026-02-08 15:09:46,CC→CW,2026-02-08,,20063,20063,650,Monedero
5513,2000128438,Los Canelos,Concepcion,20062,L2,V1,2026-02-08 13:53:10,2026-02-08 14:34:34,CW→CC,2026-02-08,,20062,20062,850,Monedero
5514,2000128438,Concepcion,El Parque,20157,L2,V1,2026-02-08 17:11:07,2026-02-08 17:51:27,CC→CW,2026-02-08,,20157,20157,570,Monedero
5515,2000128438,El Parque,Los Canelos,20161,L2,V1,2026-02-08 18:46:08,2026-02-08 19:03:18,CC→CW,2026-02-08,,20161,20161,610,Monedero
5516,2000128822,Los Canelos,Concepcion,20170,L2,V1,2026-02-08 20:18:52,2026-02-08 21:02:55,CW→CC,2026-02-08,,20170,20170,850,Monedero
5517,2000128854,Juan Pablo II,Costa Mar,20167,L2,V1,2026-02-08 19:43:21,2026-02-08 20:17:49,CC→CW,2026-02-08,,20167,20167,510,Monedero
5518,2000129518,Concepcion,Cristo Redentor,20049,L2,V1,2026-02-08 11:00:16,2026-02-08 12:08:27,CC→CW,2026-02-08,,20049,20049,850,Monedero
5519,2000129659,Concepcion,Coronel,20167,L2,V1,2026-02-08 19:42:08,2026-02-08 20:46:24,CC→CW,2026-02-08,,20167,20167,880,Monedero
5520,2000129989,Concepcion,Coronel,20041,L2,V1,2026-02-08 10:14:46,2026-02-08 11:14:32,CC→CW,2026-02-08,,20041,20041,880,Monedero
5521,2000129989,Concepcion,Coronel,20041,L2,V1,2026-02-08 10:14:53,2026-02-08 11:14:25,CC→CW,2026-02-08,,20041,20041,880,Monedero
5522,2000129989,Coronel,Concepcion,20076,L2,V1,2026-02-08 16:25:28,2026-02-08 17:30:54,CW→CC,2026-02-08,,20076,20076,880,Monedero
5523,2000129989,Coronel,Concepcion,20076,L2,V1,2026-02-08 16:25:33,2026-02-08 17:30:48,CW→CC,2026-02-08,,20076,20076,880,Monedero
5524,2000130025,Concepcion,Laguna Quinenco,20063,L2,V1,2026-02-08 14:16:53,2026-02-08 15:17:39,CC→CW,2026-02-08,,20063,20063,880,Monedero
5525,2000130248,Cristo Redentor,Concepcion,20058,L2,V1,2026-02-08 12:32:10,2026-02-08 13:15:21,CW→CC,2026-02-08,,20058,20058,850,Monedero
5526,2000130986,El Parque,Cristo Redentor,20171,L2,V1,2026-02-08 21:10:11,2026-02-08 21:43:14,CC→CW,2026-02-08,,20171,,630,Monedero
5527,2000131373,Huinca,Concepcion,20052,L2,V1,2026-02-08 11:25:56,2026-02-08 12:03:07,CW→CC,2026-02-08,,20052,20052,850,Monedero
5528,2000131373,Concepcion,Huinca,20059,L2,V1,2026-02-08 13:15:01,2026-02-08 13:59:11,CC→CW,2026-02-08,,20059,20059,850,Monedero
5529,2000131703,Juan Pablo II,Costa Mar,20167,L2,V1,2026-02-08 20:02:11,2026-02-08 20:17:20,CC→CW,2026-02-08,,20167,20167,510,Monedero
5530,2000131910,Diagonal Bio Bio,Laguna Quinenco,20063,L2,V1,2026-02-08 14:22:40,2026-02-08 15:18:06,CC→CW,2026-02-08,,20063,20063,790,Monedero
5531,2000132005,Huinca,El Parque,20170,L2,V1,2026-02-08 20:19:43,2026-02-08 20:45:42,CW→CC,2026-02-08,,20170,20170,630,Monedero
5532,2000132005,El Parque,Huinca,20171,L2,V1,2026-02-08 21:13:30,2026-02-08 21:40:39,CC→CW,2026-02-08,,20171,,630,Monedero
5533,2000132369,Cristo Redentor,Concepcion,20152,L2,V1,2026-02-08 08:36:19,2026-02-08 09:17:02,CW→CC,2026-02-08,,20152,20152,850,Monedero
5534,2000132369,Concepcion,Huinca,20041,L2,V1,2026-02-08 10:09:23,2026-02-08 11:06:00,CC→CW,2026-02-08,,20041,20035,850,Monedero
5535,2000132637,Los Canelos,Lomas Coloradas,20162,L2,V1,2026-02-08 18:14:33,2026-02-08 18:39:58,CW→CC,2026-02-08,,20162,20162,610,Monedero
5536,2000132746,Lomas Coloradas,El Parque,20056,L2,V1,2026-02-08 12:37:57,2026-02-08 12:45:11,CW→CC,2026-02-08,,20056,20056,430,Monedero
5537,2000132746,Lomas Coloradas,El Parque,20056,L2,V1,2026-02-08 12:38:13,2026-02-08 12:45:04,CW→CC,2026-02-08,,20056,20056,430,Monedero
5538,2000132746,El Parque,Lomas Coloradas,20063,L2,V1,2026-02-08 14:37:55,2026-02-08 14:57:23,CC→CW,2026-02-08,,20063,20063,430,Monedero
5539,2000133028,Coronel,Concepcion,20050,L2,V1,2026-02-08 10:46:57,2026-02-08 11:39:30,CW→CC,2026-02-08,,20050,20050,880,Monedero
5540,2000133028,Chiguayante,Coronel,,,N/A,2026-02-08 17:06:02,2026-02-08 18:13:58,,2026-02-08,sin_combo_factible_en_hub|sin_s1_factible_retro,,,910,Monedero
5541,2000133230,Laguna Quinenco,Concepcion,20056,L2,V1,2026-02-08 12:16:35,2026-02-08 13:05:01,CW→CC,2026-02-08,,20056,20056,880,Monedero
5542,2000133409,Los Canelos,Lomas Coloradas,20050,L2,V1,2026-02-08 10:54:32,2026-02-08 11:19:26,CW→CC,2026-02-08,,20050,20050,610,Monedero
5543,2000133409,Lomas Coloradas,Los Canelos,20171,L2,V1,2026-02-08 20:27:09,2026-02-08 21:39:10,CC→CW,2026-02-08,,20171,20167,610,Monedero
5544,2000133557,Concepcion,Los Canelos,20069,L2,V1,2026-02-08 16:08:47,2026-02-08 17:18:45,CC→CW,2026-02-08,,20069,20069,850,Monedero
5545,2000133972,Concepcion,Huinca,20171,L2,V1,2026-02-08 19:56:33,2026-02-08 21:40:51,CC→CW,2026-02-08,match_por_salida_fallback,20171,,960,Monedero
5546,2000134677,Lomas Coloradas,Los Canelos,20059,L2,V1,2026-02-08 13:35:09,2026-02-08 13:52:44,CC→CW,2026-02-08,,20059,20059,610,Monedero
5547,2000134850,Cdal. Raul Silva Henriquez,Costa Mar,20058,L2,V1,2026-02-08 12:44:42,2026-02-08 13:00:35,CW→CC,2026-02-08,,20058,20058,430,Monedero
5548,2000134850,Cdal. Raul Silva Henriquez,Costa Mar,20058,L2,V1,2026-02-08 12:44:51,2026-02-08 13:00:27,CW→CC,2026-02-08,,20058,20058,430,Monedero
5549,2000135676,Lomas Coloradas,Concepcion,20160,L2,V1,2026-02-08 18:00:05,2026-02-08 18:28:00,CW→CC,2026-02-08,,20160,20160,570,Monedero
5550,2000135814,Laguna Quinenco,El Parque,20066,L2,V1,2026-02-08 14:31:43,2026-02-08 15:06:47,CW→CC,2026-02-08,,20066,20066,650,Monedero
5551,2000135814,El Parque,Laguna Quinenco,20157,L2,V1,2026-02-08 17:34:42,2026-02-08 18:10:48,CC→CW,2026-02-08,,20157,,650,Monedero
5552,2000136027,Diagonal Bio Bio,El Parque,20053,L2,V1,2026-02-08 12:02:17,2026-02-08 12:27:00,CC→CW,2026-02-08,,20053,20051,510,Monedero
5553,2000136027,El Parque,Diagonal Bio Bio,20170,L2,V1,2026-02-08 20:36:37,2026-02-08 20:50:44,CW→CC,2026-02-08,,20170,20170,510,Monedero
5554,2000136775,Concepcion,Coronel,20161,L2,V1,2026-02-08 17:44:41,2026-02-08 19:13:38,CC→CW,2026-02-08,,20161,20161,880,Monedero
5555,2000136879,Lomas Coloradas,Concepcion,20062,L2,V1,2026-02-08 14:09:42,2026-02-08 14:33:34,CW→CC,2026-02-08,,20062,20062,570,Monedero
5556,2000137056,Concepcion,Lomas Coloradas,20167,L2,V1,2026-02-08 19:57:21,2026-02-08 20:22:41,CC→CW,2026-02-08,,20167,20167,570,Monedero
5557,2000137140,Coronel,Cdal. Raul Silva Henriquez,20068,L2,V1,2026-02-08 15:25:14,2026-02-08 16:01:33,CW→CC,2026-02-08,,20068,20068,650,Monedero
5558,2000137140,Coronel,Cdal. Raul Silva Henriquez,20068,L2,V1,2026-02-08 15:25:19,2026-02-08 16:01:24,CW→CC,2026-02-08,,20068,20068,650,Monedero
5559,2000137184,Costa Mar,Concepcion,20050,L2,V1,2026-02-08 11:19:14,2026-02-08 11:38:16,CW→CC,2026-02-08,,20050,20050,570,Monedero
5560,2000137184,Concepcion,Costa Mar,20059,L2,V1,2026-02-08 13:03:51,2026-02-08 13:35:45,CC→CW,2026-02-08,,20059,20059,570,Monedero
5561,2000137233,Concepcion,Cristo Redentor,20163,L2,V1,2026-02-08 18:40:33,2026-02-08 19:41:00,CC→CW,2026-02-08,,20163,20163,850,Monedero
5562,2000137235,Concepcion,Cdal. Raul Silva Henriquez,20059,L2,V1,2026-02-08 13:09:56,2026-02-08 13:44:06,CC→CW,2026-02-08,,20059,20059,570,Monedero
5563,2000137235,Concepcion,Cdal. Raul Silva Henriquez,20059,L2,V1,2026-02-08 13:10:01,2026-02-08 13:44:01,CC→CW,2026-02-08,,20059,20059,570,Monedero
5564,2000137243,Concepcion,El Parque,20153,L2,V1,2026-02-08 09:09:55,2026-02-08 09:36:29,CC→CW,2026-02-08,,20153,20153,570,Monedero
5565,2000137243,El Parque,Cristo Redentor,20167,L2,V1,2026-02-08 20:16:47,2026-02-08 20:41:14,CC→CW,2026-02-08,,20167,20167,630,Monedero
5566,2000137780,Los Canelos,Diagonal Bio Bio,20076,L2,V1,2026-02-08 16:48:11,2026-02-08 17:19:12,CW→CC,2026-02-08,,20076,20076,650,Monedero
5567,2000137780,Diagonal Bio Bio,Los Canelos,20171,L2,V1,2026-02-08 20:59:08,2026-02-08 21:41:54,CC→CW,2026-02-08,,20171,20171,650,Monedero
5568,2000137958,Laguna Quinenco,Concepcion,20066,L2,V1,2026-02-08 14:32:47,2026-02-08 15:24:31,CW→CC,2026-02-08,,20066,20066,880,Monedero
5569,2000138071,Los Canelos,Concepcion,20068,L2,V1,2026-02-08 15:33:18,2026-02-08 16:29:14,CW→CC,2026-02-08,,20068,20068,850,Monedero
5570,2000138154,Laguna Quinenco,Concepcion,20066,L2,V1,2026-02-08 14:38:04,2026-02-08 15:23:27,CW→CC,2026-02-08,,20066,20066,880,Monedero
5571,2000138484,Concepcion,Cdal. Raul Silva Henriquez,20063,L2,V1,2026-02-08 14:15:08,2026-02-08 15:05:20,CC→CW,2026-02-08,,20063,20063,570,Monedero
5572,2000138547,Concepcion,Laguna Quinenco,20041,L2,V1,2026-02-08 10:18:02,2026-02-08 11:12:21,CC→CW,2026-02-08,,20041,20041,880,Monedero
5573,2000138547,Concepcion,Laguna Quinenco,20041,L2,V1,2026-02-08 10:18:11,2026-02-08 11:12:08,CC→CW,2026-02-08,,20041,20041,880,Monedero
5574,2000138677,Concepcion,Los Canelos,20161,L2,V1,2026-02-08 18:22:59,2026-02-08 19:03:34,CC→CW,2026-02-08,,20161,20161,850,Monedero
5575,2000138699,Concepcion,Cdal. Raul Silva Henriquez,20163,L2,V1,2026-02-08 18:47:19,2026-02-08 19:25:56,CC→CW,2026-02-08,,20163,20163,570,Monedero
5576,2000138730,Concepcion,Mercado,20850,L1,V1,2026-02-08 09:55:27,2026-02-08 10:28:26,HQ→TH,2026-02-08,,20850,20850,540,Monedero
5577,2000138730,Mercado,Concepcion,20859,L1,V1,2026-02-08 12:26:26,2026-02-08 12:55:22,TH→HQ,2026-02-08,,20859,20859,540,Monedero
5578,2000138800,Concepcion,Coronel,20149,L2,V1,2026-02-08 08:20:06,2026-02-08 09:15:10,CC→CW,2026-02-08,,20149,20149,880,Monedero
5579,2000139089,Concepcion,Costa Mar,20167,L2,V1,2026-02-08 19:56:01,2026-02-08 20:17:07,CC→CW,2026-02-08,,20167,20167,570,Monedero
5580,2000139250,Concepcion,Los Canelos,20171,L2,V1,2026-02-08 20:16:39,2026-02-08 21:38:28,CC→CW,2026-02-08,,20171,,850,Monedero
5581,2000139464,Lomas Coloradas,Costa Mar,20166,L2,V1,2026-02-08 19:38:59,2026-02-08 19:46:02,CW→CC,2026-02-08,,20166,20166,430,Monedero
5582,2000139635,Cdal. Raul Silva Henriquez,Cristo Redentor,20059,L2,V1,2026-02-08 13:41:34,2026-02-08 13:58:28,CC→CW,2026-02-08,,20059,20059,630,Monedero
5583,2000139635,Cristo Redentor,Cdal. Raul Silva Henriquez,20160,L2,V1,2026-02-08 17:42:01,2026-02-08 18:05:29,CW→CC,2026-02-08,,20160,20160,630,Monedero
5584,2000139889,Lomas Coloradas,Laguna Quinenco,20161,L2,V1,2026-02-08 18:47:18,2026-02-08 19:11:11,CC→CW,2026-02-08,,20161,20161,650,Monedero
5585,2000139889,Laguna Quinenco,Lomas Coloradas,20170,L2,V1,2026-02-08 19:58:46,2026-02-08 20:40:54,CW→CC,2026-02-08,,20170,20170,650,Monedero
5586,2000139966,El Parque,Concepcion,20068,L2,V1,2026-02-08 15:50:48,2026-02-08 16:24:02,CW→CC,2026-02-08,,20068,20068,570,Monedero
5587,2000139966,Concepcion,El Parque,20167,L2,V1,2026-02-08 19:21:04,2026-02-08 20:20:18,CC→CW,2026-02-08,,20167,20167,570,Monedero
5588,2000140098,Los Canelos,Concepcion,20040,L2,V1,2026-02-08 09:40:46,2026-02-08 10:22:48,CW→CC,2026-02-08,,20040,20040,850,Monedero
5589,2000140114,Huinca,Concepcion,20076,L2,V1,2026-02-08 16:49:56,2026-02-08 17:30:41,CW→CC,2026-02-08,,20076,20076,850,Monedero
5590,2000140156,Concepcion,Alborada,20171,L2,V1,2026-02-08 20:19:16,2026-02-08 21:20:38,CC→CW,2026-02-08,combo_por_entrada,20171,,570,Monedero
5591,2000140505,Lomas Coloradas,Concepcion,20160,L2,V1,2026-02-08 18:03:38,2026-02-08 18:29:41,CW→CC,2026-02-08,,20160,20160,570,Monedero
5592,2000140628,Laguna Quinenco,Costa Mar,20066,L2,V1,2026-02-08 14:36:45,2026-02-08 15:08:35,CW→CC,2026-02-08,,20066,20063,650,Monedero
5593,2000140645,Juan Pablo II,Cristo Redentor,20069,L2,V1,2026-02-08 16:47:27,2026-02-08 17:25:47,CC→CW,2026-02-08,,20069,20069,680,Monedero
5594,2000140645,Cristo Redentor,Juan Pablo II,20166,L2,V1,2026-02-08 19:16:30,2026-02-08 19:54:40,CW→CC,2026-02-08,,20166,20166,680,Monedero
5595,2000140717,Lomas Coloradas,Huinca,20157,L2,V1,2026-02-08 17:51:04,2026-02-08 18:07:00,CC→CW,2026-02-08,,20157,,630,Monedero
5596,2000140727,Diagonal Bio Bio,Costa Mar,20041,L2,V1,2026-02-08 10:22:36,2026-02-08 10:44:07,CC→CW,2026-02-08,,20041,20035,510,Monedero
5597,2000140827,Concepcion,Laguna Quinenco,20161,L2,V1,2026-02-08 18:16:38,2026-02-08 19:11:37,CC→CW,2026-02-08,,20161,20161,880,Monedero
5598,2000140868,Concepcion,Los Canelos,20167,L2,V1,2026-02-08 19:55:24,2026-02-08 20:35:45,CC→CW,2026-02-08,,20167,20167,850,Monedero
5599,2000141738,Los Canelos,Concepcion,20166,L2,V1,2026-02-08 19:18:43,2026-02-08 20:00:55,CW→CC,2026-02-08,,20166,20166,850,Monedero
5600,2000141772,El Parque,Lomas Coloradas,20063,L2,V1,2026-02-08 14:54:03,2026-02-08 14:58:02,CC→CW,2026-02-08,,20063,20063,430,Monedero
5601,2000141791,Laguna Quinenco,Cdal. Raul Silva Henriquez,20058,L2,V1,2026-02-08 12:27:43,2026-02-08 12:53:08,CW→CC,2026-02-08,,20058,20058,650,Monedero
5602,2000142042,Concepcion,Coronel,20063,L2,V1,2026-02-08 13:49:47,2026-02-08 17:33:45,CC→CW,2026-02-08,,20063,20063,880,Monedero
5603,2000142042,Concepcion,Coronel,20063,L2,V1,2026-02-08 13:50:06,2026-02-08 15:22:12,CC→CW,2026-02-08,,20063,20063,880,Monedero
5604,2000142042,Coronel,El Parque,20160,L2,V1,2026-02-08 17:33:52,2026-02-08 18:13:50,CW→CC,2026-02-08,,20160,20160,650,Monedero
5605,2000142042,Coronel,El Parque,20160,L2,V1,2026-02-08 17:34:21,2026-02-08 18:13:46,CW→CC,2026-02-08,,20160,20160,650,Monedero
5606,2000142042,El Parque,Concepcion,20170,L2,V1,2026-02-08 20:17:03,2026-02-08 21:02:49,CW→CC,2026-02-08,,20170,20170,570,Monedero
5607,2000142042,El Parque,Concepcion,20170,L2,V1,2026-02-08 20:17:10,2026-02-08 21:02:43,CW→CC,2026-02-08,,20170,20170,570,Monedero
5608,2000142356,Cdal. Raul Silva Henriquez,Lomas Coloradas,20166,L2,V1,2026-02-08 19:27:34,2026-02-08 19:41:30,CW→CC,2026-02-08,,20166,20166,430,Monedero
5609,2000142356,Cdal. Raul Silva Henriquez,Lomas Coloradas,20166,L2,V1,2026-02-08 19:27:40,2026-02-08 19:41:21,CW→CC,2026-02-08,,20166,20166,430,Monedero
5610,2000142386,Concepcion,Huinca,20167,L2,V1,2026-02-08 19:49:19,2026-02-08 20:38:50,CC→CW,2026-02-08,,20167,20167,850,Monedero
5611,2000142692,Cristo Redentor,El Parque,20068,L2,V1,2026-02-08 15:35:42,2026-02-08 16:07:42,CW→CC,2026-02-08,,20068,20068,630,Monedero
5612,2000142692,El Parque,Cristo Redentor,20157,L2,V1,2026-02-08 17:13:40,2026-02-08 18:08:16,CC→CW,2026-02-08,,20157,,630,Monedero
5613,2000142718,La Leonera,UTF Santa Maria,20850,L1,V1,2026-02-08 09:36:04,2026-02-08 10:15:09,HQ→TH,2026-02-08,,20850,20850,540,Monedero
5614,2000142718,La Leonera,UTF Santa Maria,20850,L1,V1,2026-02-08 09:36:08,2026-02-08 10:15:04,HQ→TH,2026-02-08,,20850,20850,540,Monedero
5615,2000142718,UTF Santa Maria,La Leonera,20847,L1,V1,2026-02-08 20:06:44,2026-02-08 20:49:57,TH→HQ,2026-02-08,,20847,20847,540,Monedero
5616,2000142718,UTF Santa Maria,La Leonera,20847,L1,V1,2026-02-08 20:06:52,2026-02-08 20:49:52,TH→HQ,2026-02-08,,20847,20847,540,Monedero
5617,2000142961,Hualqui,UTF Santa Maria,20846,L1,V1,2026-02-08 16:39:14,2026-02-08 17:43:55,HQ→TH,2026-02-08,,20846,20846,560,Monedero
5618,2000143151,Concepcion,Huinca,20069,L2,V1,2026-02-08 16:42:14,2026-02-08 17:25:24,CC→CW,2026-02-08,,20069,20069,850,Monedero
5619,2000143151,Huinca,Concepcion,20170,L2,V1,2026-02-08 20:09:03,2026-02-08 21:02:13,CW→CC,2026-02-08,,20170,20170,850,Monedero
5620,2000143160,Cdal. Raul Silva Henriquez,Concepcion,20056,L2,V1,2026-02-08 12:04:06,2026-02-08 13:05:32,CW→CC,2026-02-08,,20056,20056,570,Monedero
5621,2000143211,Coronel,Concepcion,20160,L2,V1,2026-02-08 17:30:06,2026-02-08 18:27:25,CW→CC,2026-02-08,,20160,20160,880,Monedero
5622,2000143211,Coronel,Concepcion,20160,L2,V1,2026-02-08 17:30:12,2026-02-08 18:27:18,CW→CC,2026-02-08,,20160,20160,880,Monedero
5623,2000143391,Concepcion,Alborada,20161,L2,V1,2026-02-08 18:18:22,2026-02-08 18:42:53,CC→CW,2026-02-08,,20161,20161,570,Monedero
5624,2000143391,Concepcion,Alborada,20161,L2,V1,2026-02-08 18:18:24,2026-02-08 18:42:50,CC→CW,2026-02-08,,20161,20161,570,Monedero
5625,2000143421,Concepcion,Cdal. Raul Silva Henriquez,20171,L2,V1,2026-02-08 21:00:07,2026-02-08 21:32:18,CC→CW,2026-02-08,,20171,20171,570,Monedero
5626,2000143424,Laguna Quinenco,Juan Pablo II,20052,L2,V1,2026-02-08 11:21:01,2026-02-08 11:55:56,CW→CC,2026-02-08,,20052,20052,790,Monedero
5627,2000143424,Juan Pablo II,Coronel,20167,L2,V1,2026-02-08 19:43:56,2026-02-08 20:46:45,CC→CW,2026-02-08,,20167,20167,790,Monedero
5628,2000150712,Concepcion,Cristo Redentor,20153,L2,V1,2026-02-08 09:13:06,2026-02-08 09:57:15,CC→CW,2026-02-08,,20153,20153,850,Monedero
5629,2000150712,Cristo Redentor,Concepcion,20068,L2,V1,2026-02-08 15:38:24,2026-02-08 16:24:50,CW→CC,2026-02-08,,20068,20068,850,Monedero
5630,2000155528,Concepcion,Huinca,20171,L2,V1,2026-02-08 20:48:44,2026-02-08 21:40:46,CC→CW,2026-02-08,,20171,,850,Monedero
5631,2000155949,Coronel,Costa Mar,20152,L2,V1,2026-02-08 08:29:23,2026-02-08 09:01:40,CW→CC,2026-02-08,,20152,20152,650,Monedero
5632,2000155949,Concepcion,Coronel,20171,L2,V1,2026-02-08 21:03:02,2026-02-08 21:47:59,CC→CW,2026-02-08,combo_relajado_pase1,20171,,650,Monedero
5633,2000156298,Huinca,Concepcion,20066,L2,V1,2026-02-08 14:47:35,2026-02-08 15:23:56,CW→CC,2026-02-08,,20066,20066,850,Monedero
5634,2000156298,Concepcion,Los Canelos,20167,L2,V1,2026-02-08 19:28:02,2026-02-08 20:37:22,CC→CW,2026-02-08,,20167,20167,850,Monedero
5635,2000156298,Concepcion,Los Canelos,20167,L2,V1,2026-02-08 19:28:07,2026-02-08 20:37:15,CC→CW,2026-02-08,,20167,20167,850,Monedero
5636,2000156725,Concepcion,Laguna Quinenco,20035,L2,V1,2026-02-08 09:59:47,2026-02-08 10:47:28,CC→CW,2026-02-08,,20035,20035,880,Monedero
5637,2000156725,Concepcion,Laguna Quinenco,20035,L2,V1,2026-02-08 10:00:14,2026-02-08 10:46:38,CC→CW,2026-02-08,,20035,20035,880,Monedero
5638,2000157051,Hito Galvarino,Concepcion,20166,L2,V1,2026-02-08 19:27:48,2026-02-08 20:00:29,CW→CC,2026-02-08,,20166,20166,850,Monedero
5639,2000157051,Hito Galvarino,Concepcion,20166,L2,V1,2026-02-08 19:28:15,2026-02-08 20:00:24,CW→CC,2026-02-08,,20166,20166,850,Monedero
5640,2000157818,Concepcion,Huinca,20171,L2,V1,2026-02-08 20:55:54,2026-02-08 21:41:11,CC→CW,2026-02-08,,20171,,850,Monedero
5641,2000157839,Huinca,Concepcion,20052,L2,V1,2026-02-08 11:26:40,2026-02-08 12:04:32,CW→CC,2026-02-08,,20052,20052,850,Monedero
5642,2000157839,Concepcion,Huinca,20163,L2,V1,2026-02-08 18:36:14,2026-02-08 19:38:48,CC→CW,2026-02-08,,20163,20161,850,Monedero
5643,2000158045,Los Condores,Hualqui,20847,L1,V1,2026-02-08 19:59:29,2026-02-08 21:02:38,TH→HQ,2026-02-08,,20847,20847,560,Monedero
5644,2000158045,Los Condores,Hualqui,20847,L1,V1,2026-02-08 19:59:34,2026-02-08 21:02:32,TH→HQ,2026-02-08,,20847,20847,560,Monedero
5645,2000158045,Concepcion,Los Condores,20880,L1,V1,2026-02-08 21:09:13,2026-02-08 22:57:27,HQ→TH,2026-02-08,combo_relajado_pase1,20880,20880,560,Monedero
5646,2000158146,Concepcion,Laguna Quinenco,20049,L2,V1,2026-02-08 10:55:47,2026-02-08 12:12:40,CC→CW,2026-02-08,,20049,20049,880,Monedero
5647,2000158185,Costa Mar,Coronel,20059,L2,V1,2026-02-08 12:57:59,2026-02-08 14:03:51,CC→CW,2026-02-08,,20059,20059,650,Monedero
5648,2000158185,Costa Mar,Coronel,20059,L2,V1,2026-02-08 12:58:05,2026-02-08 14:03:35,CC→CW,2026-02-08,,20059,20059,650,Monedero
5649,2000158282,Hito Galvarino,El Parque,20044,L2,V1,2026-02-08 10:08:53,2026-02-08 10:31:06,CW→CC,2026-02-08,,20044,20044,610,Monedero
5650,2000158882,Concepcion,Los Canelos,20163,L2,V1,2026-02-08 18:41:38,2026-02-08 19:35:46,CC→CW,2026-02-08,,20163,20163,850,Monedero
5651,2000158960,Juan Pablo II,Hito Galvarino,20063,L2,V1,2026-02-08 14:31:05,2026-02-08 15:06:36,CC→CW,2026-02-08,,20063,20063,650,Monedero
5652,2000159114,Laguna Quinenco,Concepcion,20170,L2,V1,2026-02-08 20:09:43,2026-02-08 21:03:25,CW→CC,2026-02-08,,20170,20170,880,Monedero
5653,2000159324,Hito Galvarino,Concepcion,20058,L2,V1,2026-02-08 12:42:06,2026-02-08 13:15:34,CW→CC,2026-02-08,,20058,20058,850,Monedero
5654,2000159324,Hito Galvarino,Concepcion,20058,L2,V1,2026-02-08 12:42:12,2026-02-08 13:15:27,CW→CC,2026-02-08,,20058,20058,850,Monedero
5655,2000159562,Concepcion,Cristo Redentor,20171,L2,V1,2026-02-08 19:49:45,2026-02-08 21:43:08,CC→CW,2026-02-08,combo_por_entrada,20171,,900,Monedero
5656,2000159562,Concepcion,Cristo Redentor,20171,L2,V1,2026-02-08 19:50:10,2026-02-08 21:43:03,CC→CW,2026-02-08,combo_por_entrada,20171,,900,Monedero
5657,2000159745,Laguna Quinenco,El Parque,20160,L2,V1,2026-02-08 17:40:46,2026-02-08 18:10:16,CW→CC,2026-02-08,,20160,20160,650,Monedero
5658,2000159745,El Parque,Cristo Redentor,20161,L2,V1,2026-02-08 18:41:17,2026-02-08 19:08:37,CC→CW,2026-02-08,,20161,20161,630,Monedero
5659,2000160155,Mercado,Concepcion,20859,L1,V1,2026-02-08 12:24:49,2026-02-08 12:55:05,TH→HQ,2026-02-08,,20859,20859,540,Monedero
5660,2000160155,Concepcion,Mercado,20846,L1,V1,2026-02-08 17:19:16,2026-02-08 17:57:25,HQ→TH,2026-02-08,,20846,20846,540,Monedero
5661,2000160677,Concepcion,Laguna Quinenco,20059,L2,V1,2026-02-08 12:28:28,2026-02-08 14:01:07,CC→CW,2026-02-08,,20059,20059,880,Monedero
5662,2000160677,Laguna Quinenco,Concepcion,20166,L2,V1,2026-02-08 19:06:43,2026-02-08 20:08:08,CW→CC,2026-02-08,,20166,20166,880,Monedero
5663,2000160715,Concepcion,El Parque,20167,L2,V1,2026-02-08 19:42:32,2026-02-08 20:20:22,CC→CW,2026-02-08,,20167,20167,570,Monedero
5664,2000161121,Juan Pablo II,Cdal. Raul Silva Henriquez,20171,L2,V1,2026-02-08 20:50:36,2026-02-08 21:30:50,CC→CW,2026-02-08,,20171,20167,510,Monedero
5665,2000161143,Laguna Quinenco,Concepcion,20156,L2,V1,2026-02-08 09:19:56,2026-02-08 10:01:36,CW→CC,2026-02-08,,20156,20156,880,Monedero
5666,2000161143,Concepcion,Cdal. Raul Silva Henriquez,20171,L2,V1,2026-02-08 20:44:26,2026-02-08 21:30:52,CC→CW,2026-02-08,,20171,,570,Monedero
5667,2000161169,Laguna Quinenco,Concepcion,20160,L2,V1,2026-02-08 16:55:13,2026-02-08 18:28:09,CW→CC,2026-02-08,,20160,20160,880,Monedero
5668,2000161462,Hito Galvarino,Concepcion,20058,L2,V1,2026-02-08 12:38:56,2026-02-08 13:15:20,CW→CC,2026-02-08,,20058,20058,850,Monedero
5669,2000161622,Los Canelos,Coronel,20063,L2,V1,2026-02-08 15:04:06,2026-02-08 15:21:58,CC→CW,2026-02-08,,20063,20063,530,Monedero
5670,2000161841,Diagonal Bio Bio,Concepcion,20066,L2,V1,2026-02-08 15:09:27,2026-02-08 15:24:39,CW→CC,2026-02-08,,20066,20066,570,Monedero
5671,2000162157,Lomas Coloradas,Concepcion,20052,L2,V1,2026-02-08 11:34:02,2026-02-08 12:03:43,CW→CC,2026-02-08,,20052,20052,570,Monedero
5672,2000162232,Concepcion,Los Canelos,20149,L2,V1,2026-02-08 08:29:04,2026-02-08 09:07:29,CC→CW,2026-02-08,,20149,20149,850,Monedero
5673,2000162232,Los Canelos,Concepcion,20062,L2,V1,2026-02-08 13:45:58,2026-02-08 14:33:36,CW→CC,2026-02-08,,20062,20062,850,Monedero
5674,2000162575,Lomas Coloradas,Concepcion,20062,L2,V1,2026-02-08 14:02:11,2026-02-08 14:34:00,CW→CC,2026-02-08,,20062,20062,570,Monedero
5675,2000162610,Lomas Coloradas,Cristo Redentor,20153,L2,V1,2026-02-08 09:36:22,2026-02-08 09:56:53,CC→CW,2026-02-08,,20153,20153,630,Monedero
5676,2000162622,Lomas Coloradas,Diagonal Bio Bio,20076,L2,V1,2026-02-08 16:58:37,2026-02-08 17:19:01,CW→CC,2026-02-08,,20076,20076,510,Monedero
5677,2000162698,Lomas Coloradas,Laguna Quinenco,20067,L2,V1,2026-02-08 15:46:47,2026-02-08 20:01:20,CC→CW,2026-02-08,,20067,20067,650,Monedero
5678,2000162877,Diagonal Bio Bio,Cdal. Raul Silva Henriquez,20063,L2,V1,2026-02-08 14:26:18,2026-02-08 15:00:43,CC→CW,2026-02-08,,20063,20063,510,Monedero
5679,2000163000,El Parque,Cdal. Raul Silva Henriquez,20171,L2,V1,2026-02-08 21:23:29,2026-02-08 21:31:06,CC→CW,2026-02-08,,20171,20171,430,Monedero
5680,2000163018,Hito Galvarino,Huinca,20063,L2,V1,2026-02-08 15:05:09,2026-02-08 15:11:58,CC→CW,2026-02-08,,20063,20063,460,Monedero
5681,2000164041,Laguna Quinenco,Juan Pablo II,20160,L2,V1,2026-02-08 17:41:33,2026-02-08 18:20:30,CW→CC,2026-02-08,,20160,20160,790,Monedero
5682,2000164355,Lomas Coloradas,Coronel,20153,L2,V1,2026-02-08 09:08:28,2026-02-08 10:03:21,CC→CW,2026-02-08,,20153,20153,650,Monedero
5683,2000164355,Coronel,Concepcion,20056,L2,V1,2026-02-08 12:12:41,2026-02-08 13:03:58,CW→CC,2026-02-08,,20056,20056,880,Monedero
5684,2000164355,Concepcion,Lomas Coloradas,20063,L2,V1,2026-02-08 14:14:18,2026-02-08 14:57:59,CC→CW,2026-02-08,,20063,20063,570,Monedero
5685,2000164357,Lomas Coloradas,Los Canelos,20067,L2,V1,2026-02-08 15:48:15,2026-02-08 16:06:33,CC→CW,2026-02-08,,20067,20067,610,Monedero
5686,2000164443,Los Canelos,Hito Galvarino,20152,L2,V1,2026-02-08 08:33:55,2026-02-08 08:47:37,CW→CC,2026-02-08,,20152,20152,440,Monedero
5687,2000164619,Concepcion,Concepcion,,,N/A,2026-02-08 19:13:48,2026-02-08 19:21:35,,2026-02-08,no viajo,,,420,Monedero
5688,2000164619,Concepcion,Hito Galvarino,20167,L2,V1,2026-02-08 19:55:39,2026-02-08 20:32:41,CC→CW,2026-02-08,,20167,20167,850,Monedero
5689,2000164651,Chiguayante,Concepcion,20846,L1,V1,2026-02-08 17:10:27,2026-02-08 17:35:22,HQ→TH,2026-02-08,,20846,20846,510,Monedero
5690,2000164651,Concepcion,Chiguayante,20847,L1,V1,2026-02-08 20:18:28,2026-02-08 20:40:51,TH→HQ,2026-02-08,,20847,20847,510,Monedero
5691,2000165485,Coronel,Costa Mar,20152,L2,V1,2026-02-08 08:09:58,2026-02-08 09:02:40,CW→CC,2026-02-08,,20152,20152,650,Monedero
5692,2000165485,Costa Mar,Cdal. Raul Silva Henriquez,20163,L2,V1,2026-02-08 19:15:23,2026-02-08 19:27:51,CC→CW,2026-02-08,,20163,20163,430,Monedero
5693,2000165504,Higueras,La Leonera,20847,L1,V1,2026-02-08 20:08:19,2026-02-08 20:47:48,TH→HQ,2026-02-08,,20847,20847,540,Monedero
5694,2000165639,Costa Mar,Concepcion,20068,L2,V1,2026-02-08 16:07:52,2026-02-08 16:23:27,CW→CC,2026-02-08,,20068,20068,570,Monedero
5695,2000165639,Concepcion,Cristo Redentor,20157,L2,V1,2026-02-08 16:59:16,2026-02-08 18:07:45,CC→CW,2026-02-08,,20157,,850,Monedero
5696,2000165674,Cristo Redentor,Lomas Coloradas,20066,L2,V1,2026-02-08 14:34:02,2026-02-08 15:05:44,CW→CC,2026-02-08,,20066,20066,630,Monedero
5697,2000165674,Lomas Coloradas,Cristo Redentor,20161,L2,V1,2026-02-08 18:11:15,2026-02-08 19:08:01,CC→CW,2026-02-08,,20161,20161,630,Monedero
5698,2000165884,Concepcion,El Parque,20153,L2,V1,2026-02-08 08:48:37,2026-02-08 09:37:18,CC→CW,2026-02-08,,20153,20153,570,Monedero
5699,2000165884,El Parque,Concepcion,20160,L2,V1,2026-02-08 17:42:18,2026-02-08 18:27:27,CW→CC,2026-02-08,,20160,20160,570,Monedero
5700,2000166308,Coronel,Concepcion,20160,L2,V1,2026-02-08 17:41:17,2026-02-08 18:27:28,CW→CC,2026-02-08,,20160,20160,880,Monedero
5701,2000166399,Concepcion,Laguna Quinenco,20059,L2,V1,2026-02-08 13:18:27,2026-02-08 14:00:23,CC→CW,2026-02-08,,20059,20059,880,Monedero
5702,2000166428,Costa Mar,Hito Galvarino,20063,L2,V1,2026-02-08 14:41:51,2026-02-08 15:08:55,CC→CW,2026-02-08,,20063,20063,610,Monedero
5703,2000166510,Laguna Quinenco,Concepcion,20052,L2,V1,2026-02-08 11:15:39,2026-02-08 12:02:55,CW→CC,2026-02-08,,20052,20052,880,Monedero
5704,2000166513,Laguna Quinenco,Concepcion,20052,L2,V1,2026-02-08 11:13:39,2026-02-08 12:07:10,CW→CC,2026-02-08,,20052,20052,880,Monedero
5705,2000166689,Concepcion,Cristo Redentor,20053,L2,V1,2026-02-08 12:01:13,2026-02-08 12:47:08,CC→CW,2026-02-08,,20053,20053,850,Monedero
5706,2000166689,Cristo Redentor,Concepcion,20166,L2,V1,2026-02-08 19:12:25,2026-02-08 19:59:18,CW→CC,2026-02-08,,20166,20166,850,Monedero
5707,2000166951,Lzo. Arenas,Concepcion,20857,L1,V1,2026-02-08 08:37:20,2026-02-08 09:53:03,TH→HQ,2026-02-08,combo_por_entrada,20857,20153,850,Monedero
5708,2000166976,Los Canelos,Hito Galvarino,20076,L2,V1,2026-02-08 16:54:18,2026-02-08 16:59:04,CW→CC,2026-02-08,,20076,20076,440,Monedero
5709,2000167199,Lomas Coloradas,Concepcion,20062,L2,V1,2026-02-08 14:06:42,2026-02-08 14:32:35,CW→CC,2026-02-08,,20062,20062,570,Monedero
5710,2000167199,Concepcion,Lomas Coloradas,20163,L2,V1,2026-02-08 18:55:49,2026-02-08 19:22:49,CC→CW,2026-02-08,,20163,20163,570,Monedero
5711,2000167331,Huinca,Alborada,20152,L2,V1,2026-02-08 08:39:40,2026-02-08 09:03:53,CW→CC,2026-02-08,,20152,20152,680,Monedero
5712,2000167331,Lomas Coloradas,Huinca,20063,L2,V1,2026-02-08 14:33:39,2026-02-08 15:12:02,CC→CW,2026-02-08,,20063,20063,630,Monedero
5713,2000167483,Laguna Quinenco,Costa Mar,20068,L2,V1,2026-02-08 15:26:36,2026-02-08 16:09:09,CW→CC,2026-02-08,,20068,20068,650,Monedero
5714,2000167710,Concepcion,Hito Galvarino,20063,L2,V1,2026-02-08 14:21:15,2026-02-08 15:06:29,CC→CW,2026-02-08,,20063,20063,850,Monedero
5715,2000167805,Alborada,Cristo Redentor,20171,L2,V1,2026-02-08 21:03:47,2026-02-08 21:42:32,CC→CW,2026-02-08,,20171,,680,Monedero
5716,2000168021,Los Canelos,Cdal. Raul Silva Henriquez,20160,L2,V1,2026-02-08 17:46:30,2026-02-08 18:05:04,CW→CC,2026-02-08,,20160,20160,610,Monedero
5717,2000168201,Cristo Redentor,Juan Pablo II,20152,L2,V1,2026-02-08 08:35:06,2026-02-08 09:09:35,CW→CC,2026-02-08,,20152,20152,680,Monedero
5718,2000168421,Coronel,Juan Pablo II,20162,L2,V1,2026-02-08 18:15:44,2026-02-08 18:52:52,CW→CC,2026-02-08,,20162,20162,790,Monedero
5719,2000168457,El Parque,Concepcion,20170,L2,V1,2026-02-08 20:33:08,2026-02-08 21:02:27,CW→CC,2026-02-08,,20170,20170,570,Monedero
5720,2000168741,Coronel,Concepcion,20156,L2,V1,2026-02-08 08:51:01,2026-02-08 10:01:50,CW→CC,2026-02-08,,20156,20156,880,Monedero
5721,2000169227,Concepcion,Cdal. Raul Silva Henriquez,20163,L2,V1,2026-02-08 18:33:05,2026-02-08 19:26:35,CC→CW,2026-02-08,,20163,20161,570,Monedero
5722,2000169538,Hualqui,Concepcion,20846,L1,V1,2026-02-08 16:46:53,2026-02-08 17:35:15,HQ→TH,2026-02-08,,20846,20846,550,Monedero
5723,2000169538,Hualqui,Concepcion,20846,L1,V1,2026-02-08 16:47:00,2026-02-08 17:34:57,HQ→TH,2026-02-08,,20846,20846,550,Monedero
5724,2000169779,Higueras,Mercado,20846,L1,V1,2026-02-08 17:40:40,2026-02-08 17:58:02,HQ→TH,2026-02-08,,20846,20846,490,Monedero
5725,2000169779,Higueras,Mercado,20846,L1,V1,2026-02-08 17:42:52,2026-02-08 17:57:58,HQ→TH,2026-02-08,,20846,20846,490,Monedero
5726,2000169779,Higueras,Mercado,20846,L1,V1,2026-02-08 17:42:56,2026-02-08 17:57:52,HQ→TH,2026-02-08,,20846,20846,490,Monedero
5727,2000169957,Laguna Quinenco,Concepcion,20162,L2,V1,2026-02-08 18:11:00,2026-02-08 19:00:13,CW→CC,2026-02-08,,20162,20162,880,Monedero
5728,2000169957,Laguna Quinenco,Concepcion,20162,L2,V1,2026-02-08 18:11:17,2026-02-08 18:59:50,CW→CC,2026-02-08,,20162,20162,880,Monedero
5729,2000170031,Concepcion,Coronel,20053,L2,V1,2026-02-08 12:04:27,2026-02-08 16:35:02,CC→CW,2026-02-08,,20053,20053,880,Monedero
5730,2000170031,Concepcion,Coronel,20053,L2,V1,2026-02-08 12:04:35,2026-02-08 12:55:13,CC→CW,2026-02-08,,20053,20053,880,Monedero
5731,2000170031,Concepcion,Lzo. Arenas,20846,L1,V1,2026-02-08 16:35:11,2026-02-08 17:42:07,HQ→TH,2026-02-08,combo_por_entrada,20846,20846,880,Monedero
5732,2000170121,Coronel,Concepcion,20156,L2,V1,2026-02-08 09:10:32,2026-02-08 10:01:39,CW→CC,2026-02-08,,20156,20156,880,Monedero
5733,2000170258,Diagonal Bio Bio,Coronel,20167,L2,V1,2026-02-08 19:34:34,2026-02-08 20:47:30,CC→CW,2026-02-08,,20167,20167,790,Monedero
5734,2000170521,Concepcion,Los Canelos,20149,L2,V1,2026-02-08 07:45:58,2026-02-08 09:05:32,CC→CW,2026-02-08,,20149,20149,850,Monedero
5735,2000170964,El Parque,Cristo Redentor,20167,L2,V1,2026-02-08 20:19:02,2026-02-08 20:41:51,CC→CW,2026-02-08,,20167,20167,630,Monedero
5736,2000171250,Concepcion,Mercado,20844,L1,V1,2026-02-08 11:15:36,2026-02-08 13:19:01,HQ→TH,2026-02-08,combo_relajado_pase1,20844,20844,900,Monedero
5737,2000171250,Concepcion,Huinca,20167,L2,V1,2026-02-08 19:59:40,2026-02-08 20:39:56,CC→CW,2026-02-08,,20167,20167,850,Monedero
5738,2000171366,La Leonera,Concepcion,20850,L1,V1,2026-02-08 09:34:14,2026-02-08 10:06:09,HQ→TH,2026-02-08,,20850,20850,510,Monedero
5739,2000171475,El Parque,Los Canelos,20157,L2,V1,2026-02-08 17:44:09,2026-02-08 18:04:10,CC→CW,2026-02-08,,20157,,610,Monedero
5740,2000171533,Concepcion,Hito Galvarino,20063,L2,V1,2026-02-08 14:26:16,2026-02-08 15:06:53,CC→CW,2026-02-08,,20063,20063,850,Monedero
5741,2000171598,Cristo Redentor,Hito Galvarino,20156,L2,V1,2026-02-08 09:00:43,2026-02-08 09:30:59,CW→CC,2026-02-08,,20156,20156,460,Monedero
5742,2000171598,Hito Galvarino,Cristo Redentor,20161,L2,V1,2026-02-08 18:51:52,2026-02-08 19:07:49,CC→CW,2026-02-08,,20161,20161,460,Monedero
5743,2000171599,El Parque,Huinca,20067,L2,V1,2026-02-08 15:37:56,2026-02-08 16:06:07,CC→CW,2026-02-08,,20067,20067,630,Monedero
5744,2000171675,Lomas Coloradas,Concepcion,20152,L2,V1,2026-02-08 08:47:21,2026-02-08 09:16:28,CW→CC,2026-02-08,,20152,20152,570,Monedero
5745,2000171998,Juan Pablo II,Cdal. Raul Silva Henriquez,20063,L2,V1,2026-02-08 14:11:44,2026-02-08 15:00:24,CC→CW,2026-02-08,,20063,20063,510,Monedero
5746,2000171998,Cdal. Raul Silva Henriquez,Juan Pablo II,20170,L2,V1,2026-02-08 20:33:16,2026-02-08 20:57:12,CW→CC,2026-02-08,,20170,20170,510,Monedero
5747,2000172077,Laguna Quinenco,Hito Galvarino,20162,L2,V1,2026-02-08 18:11:36,2026-02-08 18:32:01,CW→CC,2026-02-08,,20162,20162,530,Monedero
5748,2000172296,Los Canelos,Concepcion,20050,L2,V1,2026-02-08 10:47:52,2026-02-08 11:40:02,CW→CC,2026-02-08,,20050,20050,850,Monedero
5749,2000172296,Concepcion,Costa Mar,20067,L2,V1,2026-02-08 15:23:56,2026-02-08 15:45:15,CC→CW,2026-02-08,,20067,20067,570,Monedero
5750,2000172296,Costa Mar,Laguna Quinenco,20157,L2,V1,2026-02-08 17:42:03,2026-02-08 18:11:22,CC→CW,2026-02-08,,20157,,650,Monedero
5751,2000172314,Los Canelos,Concepcion,20170,L2,V1,2026-02-08 20:16:25,2026-02-08 21:01:20,CW→CC,2026-02-08,,20170,20170,850,Monedero
5752,2000172484,Concepcion,Huinca,20157,L2,V1,2026-02-08 17:16:22,2026-02-08 18:06:12,CC→CW,2026-02-08,,20157,,850,Monedero
5753,2000172556,Lomas Coloradas,Concepcion,20052,L2,V1,2026-02-08 11:37:27,2026-02-08 12:03:48,CW→CC,2026-02-08,,20052,20052,570,Monedero
5754,2000172556,Concepcion,Lomas Coloradas,20059,L2,V1,2026-02-08 13:10:17,2026-02-08 13:39:52,CC→CW,2026-02-08,,20059,20059,570,Monedero
5755,2000172673,Concepcion,Los Condores,20850,L1,V1,2026-02-08 08:26:42,2026-02-08 10:18:59,HQ→TH,2026-02-08,combo_relajado_pase1,20850,20152,900,Monedero
5756,2000172673,Concepcion,Laguna Quinenco,20171,L2,V1,2026-02-08 19:57:03,2026-02-08 21:46:37,CC→CW,2026-02-08,combo_por_entrada,20171,,900,Monedero
5757,2000173130,Juan Pablo II,Cdal. Raul Silva Henriquez,20161,L2,V1,2026-02-08 18:10:04,2026-02-08 18:53:24,CC→CW,2026-02-08,,20161,20161,510,Monedero
5758,2000173536,Concepcion,Cristo Redentor,20149,L2,V1,2026-02-08 08:24:37,2026-02-08 09:09:20,CC→CW,2026-02-08,,20149,20149,850,Monedero
5759,2000173747,Concepcion,Costa Mar,20153,L2,V1,2026-02-08 08:59:59,2026-02-08 09:33:54,CC→CW,2026-02-08,,20153,20153,570,Monedero
5760,2000173849,Concepcion,La Leonera,20847,L1,V1,2026-02-08 20:24:08,2026-02-08 20:48:28,TH→HQ,2026-02-08,,20847,20847,510,Monedero
5761,2000173859,Concepcion,Los Canelos,20167,L2,V1,2026-02-08 19:50:42,2026-02-08 20:37:06,CC→CW,2026-02-08,,20167,20167,850,Monedero
5762,2000174213,UTF Santa Maria,Concepcion,20881,L1,V1,2026-02-08 07:50:20,2026-02-08 08:04:59,TH→HQ,2026-02-08,,20881,20881,500,Monedero
5763,2000174287,Los Canelos,El Parque,20066,L2,V1,2026-02-08 14:41:04,2026-02-08 15:06:55,CW→CC,2026-02-08,,20066,20066,610,Monedero
5764,2000174287,El Parque,Huinca,20069,L2,V1,2026-02-08 16:29:56,2026-02-08 17:21:49,CC→CW,2026-02-08,,20069,20069,630,Monedero
5765,2000174570,Juan Pablo II,Los Canelos,20171,L2,V1,2026-02-08 20:49:49,2026-02-08 21:40:38,CC→CW,2026-02-08,,20171,20167,650,Monedero
5766,2000174819,Los Canelos,Laguna Quinenco,20067,L2,V1,2026-02-08 15:55:23,2026-02-08 16:11:20,CC→CW,2026-02-08,,20067,20067,530,Monedero
5767,2000175017,Laguna Quinenco,Concepcion,20156,L2,V1,2026-02-08 09:10:30,2026-02-08 10:01:39,CW→CC,2026-02-08,,20156,20156,880,Monedero
5768,2000175048,El Parque,Laguna Quinenco,20149,L2,V1,2026-02-08 08:47:08,2026-02-08 09:12:21,CC→CW,2026-02-08,,20149,20149,650,Monedero
5769,2000175048,Laguna Quinenco,Lomas Coloradas,20058,L2,V1,2026-02-08 12:26:44,2026-02-08 12:55:41,CW→CC,2026-02-08,,20058,20056,650,Monedero
5770,2000175226,Lomas Coloradas,Concepcion,20050,L2,V1,2026-02-08 11:11:24,2026-02-08 11:41:08,CW→CC,2026-02-08,,20050,20050,570,Monedero
5771,2000175226,Concepcion,Mercado,20844,L1,V1,2026-02-08 11:59:32,2026-02-08 13:18:18,HQ→TH,2026-02-08,,20844,20844,540,Monedero
5772,2000175226,Concepcion,Mercado,20844,L1,V1,2026-02-08 11:59:39,2026-02-08 13:18:08,HQ→TH,2026-02-08,,20844,20844,540,Monedero
5773,2000175226,Concepcion,Lomas Coloradas,20069,L2,V1,2026-02-08 15:44:21,2026-02-08 17:05:39,CC→CW,2026-02-08,combo_por_entrada,20069,20069,590,Monedero
5774,2000175226,Mercado,Concepcion,20845,L1,V1,2026-02-08 15:44:26,2026-02-08 16:26:49,TH→HQ,2026-02-08,,20845,20845,540,Monedero
5775,2000175373,Juan Pablo II,Lomas Coloradas,20161,L2,V1,2026-02-08 18:33:28,2026-02-08 18:49:50,CC→CW,2026-02-08,,20161,20161,510,Monedero
5776,2000175373,Lomas Coloradas,Juan Pablo II,20170,L2,V1,2026-02-08 20:37:47,2026-02-08 20:54:12,CW→CC,2026-02-08,,20170,20170,510,Monedero
5777,2000175602,Laguna Quinenco,Concepcion,20062,L2,V1,2026-02-08 13:47:52,2026-02-08 14:33:14,CW→CC,2026-02-08,,20062,20062,880,Monedero
5778,2000175602,Concepcion,Laguna Quinenco,20069,L2,V1,2026-02-08 16:30:37,2026-02-08 17:27:50,CC→CW,2026-02-08,,20069,20069,880,Monedero
5779,2000175861,Laguna Quinenco,Concepcion,20066,L2,V1,2026-02-08 14:24:07,2026-02-08 15:24:16,CW→CC,2026-02-08,,20066,20066,880,Monedero
5780,2000175861,Concepcion,Laguna Quinenco,20161,L2,V1,2026-02-08 18:19:45,2026-02-08 19:11:07,CC→CW,2026-02-08,,20161,20161,880,Monedero
5781,2000175922,Coronel,Hito Galvarino,20066,L2,V1,2026-02-08 14:33:59,2026-02-08 14:55:11,CW→CC,2026-02-08,,20066,20066,530,Monedero
5782,2000176002,Cdal. Raul Silva Henriquez,El Parque,20058,L2,V1,2026-02-08 12:49:30,2026-02-08 12:58:28,CW→CC,2026-02-08,,20058,20058,430,Monedero
5783,2000176002,El Parque,Cdal. Raul Silva Henriquez,20167,L2,V1,2026-02-08 20:10:03,2026-02-08 20:26:09,CC→CW,2026-02-08,,20167,20167,430,Monedero
5784,2000176269,Laguna Quinenco,Juan Pablo II,20050,L2,V1,2026-02-08 10:47:51,2026-02-08 11:32:52,CW→CC,2026-02-08,,20050,20050,790,Monedero
5785,2000176269,Laguna Quinenco,Juan Pablo II,20050,L2,V1,2026-02-08 10:48:04,2026-02-08 11:32:29,CW→CC,2026-02-08,,20050,20050,790,Monedero
5786,2000176311,Cristo Redentor,Diagonal Bio Bio,20170,L2,V1,2026-02-08 20:13:21,2026-02-08 20:51:05,CW→CC,2026-02-08,,20170,20170,680,Monedero
5787,2000176830,Diagonal Bio Bio,Coronel,20053,L2,V1,2026-02-08 12:08:26,2026-02-08 12:55:05,CC→CW,2026-02-08,,20053,20053,790,Monedero
5788,2000177192,Coronel,Concepcion,20058,L2,V1,2026-02-08 12:27:58,2026-02-08 13:18:17,CW→CC,2026-02-08,,20058,20058,880,Monedero
5789,2000177192,Coronel,Concepcion,20058,L2,V1,2026-02-08 12:28:03,2026-02-08 13:18:06,CW→CC,2026-02-08,,20058,20058,880,Monedero
5790,2000177192,Concepcion,El Parque,20069,L2,V1,2026-02-08 16:18:04,2026-02-08 17:04:06,CC→CW,2026-02-08,,20069,20069,570,Monedero
5791,2000177192,Concepcion,El Parque,20069,L2,V1,2026-02-08 16:18:08,2026-02-08 17:04:01,CC→CW,2026-02-08,,20069,20069,570,Monedero
5792,2000177192,El Parque,Coronel,20163,L2,V1,2026-02-08 19:04:39,2026-02-08 19:46:50,CC→CW,2026-02-08,,20163,20163,650,Monedero
5793,2000177192,El Parque,Coronel,20163,L2,V1,2026-02-08 19:04:44,2026-02-08 19:46:46,CC→CW,2026-02-08,,20163,20163,650,Monedero
5794,2000177324,Cristo Redentor,El Parque,20068,L2,V1,2026-02-08 15:34:04,2026-02-08 16:06:27,CW→CC,2026-02-08,,20068,20068,630,Monedero
5795,2000177324,Cristo Redentor,El Parque,20068,L2,V1,2026-02-08 15:34:09,2026-02-08 16:06:22,CW→CC,2026-02-08,,20068,20068,630,Monedero
5796,2000177324,El Parque,Concepcion,20076,L2,V1,2026-02-08 16:44:40,2026-02-08 17:29:56,CW→CC,2026-02-08,,20076,20076,570,Monedero
5797,2000177324,El Parque,Concepcion,20076,L2,V1,2026-02-08 16:44:46,2026-02-08 17:29:53,CW→CC,2026-02-08,,20076,20076,570,Monedero
5798,2000177324,Concepcion,Cristo Redentor,20163,L2,V1,2026-02-08 18:47:02,2026-02-08 19:40:12,CC→CW,2026-02-08,,20163,20163,850,Monedero
5799,2000177324,Concepcion,Cristo Redentor,20163,L2,V1,2026-02-08 18:47:07,2026-02-08 19:40:08,CC→CW,2026-02-08,,20163,20163,850,Monedero
5800,2000177402,Concepcion,Los Canelos,20035,L2,V1,2026-02-08 09:44:33,2026-02-08 10:37:32,CC→CW,2026-02-08,,20035,,850,Monedero
5801,2000177518,Concepcion,Los Canelos,20053,L2,V1,2026-02-08 11:58:37,2026-02-08 12:43:18,CC→CW,2026-02-08,,20053,20053,850,Monedero
5802,2000177781,Hito Galvarino,El Parque,20156,L2,V1,2026-02-08 09:27:46,2026-02-08 09:44:00,CW→CC,2026-02-08,,20156,20156,610,Monedero
5803,2000177781,El Parque,Hito Galvarino,20167,L2,V1,2026-02-08 20:17:18,2026-02-08 20:32:32,CC→CW,2026-02-08,,20167,20167,610,Monedero
5804,2000177889,Concepcion,Laguna Quinenco,20153,L2,V1,2026-02-08 09:04:20,2026-02-08 09:59:38,CC→CW,2026-02-08,,20153,20153,880,Monedero
5805,2000178198,Huinca,Concepcion,20066,L2,V1,2026-02-08 14:43:59,2026-02-08 15:25:15,CW→CC,2026-02-08,,20066,20066,850,Monedero
5806,2000178205,Concepcion,El Parque,20067,L2,V1,2026-02-08 14:59:29,2026-02-08 15:48:47,CC→CW,2026-02-08,,20067,20067,570,Monedero
5807,2000178295,Coronel,Concepcion,20166,L2,V1,2026-02-08 19:14:56,2026-02-08 20:03:03,CW→CC,2026-02-08,,20166,20166,880,Monedero
5808,2000178423,Manquimavida,Hualqui,20845,L1,V1,2026-02-08 16:31:25,2026-02-08 17:01:34,TH→HQ,2026-02-08,,20845,20845,500,Monedero
5809,2000178508,Concepcion,Los Canelos,20171,L2,V1,2026-02-08 20:43:34,2026-02-08 21:39:31,CC→CW,2026-02-08,,20171,,850,Monedero
5810,2000178515,Hito Galvarino,Concepcion,20056,L2,V1,2026-02-08 12:24:19,2026-02-08 13:05:20,CW→CC,2026-02-08,,20056,20056,850,Monedero
5811,2000178515,Hito Galvarino,Concepcion,20056,L2,V1,2026-02-08 12:24:27,2026-02-08 13:04:57,CW→CC,2026-02-08,,20056,20056,850,Monedero
5812,2000178515,Concepcion,Hito Galvarino,20067,L2,V1,2026-02-08 15:02:56,2026-02-08 15:59:50,CC→CW,2026-02-08,,20067,20067,850,Monedero
5813,2000178922,Lomas Coloradas,Los Canelos,20067,L2,V1,2026-02-08 15:48:32,2026-02-08 16:04:05,CC→CW,2026-02-08,,20067,20067,610,Monedero
5814,2000178922,Los Canelos,Lomas Coloradas,20170,L2,V1,2026-02-08 19:56:33,2026-02-08 20:41:29,CW→CC,2026-02-08,,20170,20170,610,Monedero
5815,2000178929,El Parque,Laguna Quinenco,20069,L2,V1,2026-02-08 16:38:54,2026-02-08 17:27:16,CC→CW,2026-02-08,,20069,20069,650,Monedero
5816,2000178929,El Parque,Laguna Quinenco,20069,L2,V1,2026-02-08 16:38:59,2026-02-08 17:27:12,CC→CW,2026-02-08,,20069,20069,650,Monedero
5817,2000179074,Concepcion,Los Canelos,20171,L2,V1,2026-02-08 20:12:23,2026-02-08 21:38:33,CC→CW,2026-02-08,,20171,,850,Monedero
5818,2000179215,Lomas Coloradas,Cristo Redentor,20041,L2,V1,2026-02-08 10:42:26,2026-02-08 11:07:41,CC→CW,2026-02-08,,20041,20041,630,Monedero
5819,2000179215,Laguna Quinenco,Lomas Coloradas,20162,L2,V1,2026-02-08 18:13:25,2026-02-08 18:40:40,CW→CC,2026-02-08,,20162,20162,650,Monedero
5820,2000179624,Costa Mar,Hito Galvarino,20153,L2,V1,2026-02-08 09:11:25,2026-02-08 09:48:09,CC→CW,2026-02-08,,20153,20153,610,Monedero
5821,2000179697,Los Canelos,Alborada,20050,L2,V1,2026-02-08 10:52:51,2026-02-08 11:26:43,CW→CC,2026-02-08,,20050,20050,650,Monedero
5822,2000179896,Coronel,El Parque,20050,L2,V1,2026-02-08 10:21:53,2026-02-08 11:22:34,CW→CC,2026-02-08,,20050,20050,650,Monedero
5823,2000179896,El Parque,Coronel,20059,L2,V1,2026-02-08 13:23:54,2026-02-08 14:04:59,CC→CW,2026-02-08,,20059,20059,650,Monedero
5824,2000180034,Coronel,Concepcion,20162,L2,V1,2026-02-08 18:09:06,2026-02-08 19:08:36,CW→CC,2026-02-08,,20162,20162,880,Monedero
5825,2000180065,Hualqui,Los Condores,20850,L1,V1,2026-02-08 09:25:44,2026-02-08 10:18:31,HQ→TH,2026-02-08,,20850,20850,560,Monedero
5826,2000180065,Los Condores,Hualqui,20859,L1,V1,2026-02-08 12:31:41,2026-02-08 13:30:42,TH→HQ,2026-02-08,,20859,20859,560,Monedero
5827,2000180486,Concepcion,Laguna Quinenco,20069,L2,V1,2026-02-08 15:55:44,2026-02-08 17:28:03,CC→CW,2026-02-08,combo_por_entrada,20069,20069,910,Monedero
5828,2000180672,El Parque,Concepcion,20062,L2,V1,2026-02-08 14:08:14,2026-02-08 14:34:15,CW→CC,2026-02-08,,20062,20062,570,Monedero
5829,2000180672,El Parque,Concepcion,20062,L2,V1,2026-02-08 14:08:19,2026-02-08 14:34:10,CW→CC,2026-02-08,,20062,20062,570,Monedero
5830,2000180783,Lomas Coloradas,Los Canelos,20059,L2,V1,2026-02-08 13:34:48,2026-02-08 13:53:00,CC→CW,2026-02-08,,20059,20059,610,Monedero
5831,2000180783,Los Canelos,Lomas Coloradas,20166,L2,V1,2026-02-08 19:22:56,2026-02-08 19:41:01,CW→CC,2026-02-08,,20166,20166,610,Monedero
5832,2000181255,Los Canelos,El Parque,20040,L2,V1,2026-02-08 09:48:37,2026-02-08 10:07:40,CW→CC,2026-02-08,,20040,20040,610,Monedero
5833,2000181453,Concepcion,Los Canelos,20161,L2,V1,2026-02-08 18:22:50,2026-02-08 19:03:26,CC→CW,2026-02-08,,20161,20161,850,Monedero
5834,2000181729,Concepcion,Huinca,20063,L2,V1,2026-02-08 13:35:41,2026-02-08 15:12:38,CC→CW,2026-02-08,,20063,20063,850,Monedero
5835,2000181968,Cdal. Raul Silva Henriquez,Concepcion,20056,L2,V1,2026-02-08 12:21:19,2026-02-08 13:04:21,CW→CC,2026-02-08,,20056,20056,570,Monedero
5836,2000182064,Lomas Coloradas,El Parque,20056,L2,V1,2026-02-08 12:32:56,2026-02-08 12:44:49,CW→CC,2026-02-08,,20056,20056,430,Monedero
5837,2000182064,El Parque,Lomas Coloradas,20171,L2,V1,2026-02-08 21:12:46,2026-02-08 21:27:05,CC→CW,2026-02-08,,20171,,430,Monedero
5838,2000182313,Laguna Quinenco,Concepcion,20166,L2,V1,2026-02-08 18:24:04,2026-02-08 19:59:41,CW→CC,2026-02-08,,20166,20162,880,Monedero
5839,2000182431,Cdal. Raul Silva Henriquez,Concepcion,20162,L2,V1,2026-02-08 18:24:20,2026-02-08 18:59:03,CW→CC,2026-02-08,,20162,20162,570,Monedero
5840,2000182524,Laguna Quinenco,Concepcion,20052,L2,V1,2026-02-08 11:03:04,2026-02-08 12:04:15,CW→CC,2026-02-08,,20052,20050,880,Monedero
5841,2000182524,Concepcion,Laguna Quinenco,20067,L2,V1,2026-02-08 15:11:17,2026-02-08 16:12:41,CC→CW,2026-02-08,,20067,20067,880,Monedero
5842,2000182784,Higueras,Concepcion,20881,L1,V1,2026-02-08 07:41:44,2026-02-08 08:05:10,TH→HQ,2026-02-08,,20881,20881,500,Monedero
5843,2000182784,Concepcion,Huinca,20149,L2,V1,2026-02-08 08:10:27,2026-02-08 09:07:36,CC→CW,2026-02-08,,20149,20149,850,Monedero
5844,2000182847,Concepcion,Cdal. Raul Silva Henriquez,20171,L2,V1,2026-02-08 20:29:48,2026-02-08 21:29:57,CC→CW,2026-02-08,,20171,,570,Monedero
5845,2000182856,Coronel,Cdal. Raul Silva Henriquez,20050,L2,V1,2026-02-08 10:46:24,2026-02-08 11:17:02,CW→CC,2026-02-08,,20050,20050,650,Monedero
5846,2000182968,Hualqui,Cdal. Raul Silva Henriquez,,,N/A,2026-02-08 16:42:30,2026-02-08 17:55:19,,2026-02-08,sin_combo_factible_en_hub|sin_s1_factible_retro,,,600,Monedero
5847,2000183297,Concepcion,Laguna Quinenco,20049,L2,V1,2026-02-08 11:16:18,2026-02-08 12:10:44,CC→CW,2026-02-08,,20049,20049,880,Monedero
5848,2000183549,Laguna Quinenco,Diagonal Bio Bio,20052,L2,V1,2026-02-08 11:22:20,2026-02-08 11:53:09,CW→CC,2026-02-08,,20052,20052,790,Monedero
5849,2000183549,Diagonal Bio Bio,Laguna Quinenco,20167,L2,V1,2026-02-08 20:10:01,2026-02-08 20:44:10,CC→CW,2026-02-08,,20167,20167,790,Monedero
5850,2000183558,Concepcion,Hualqui,20857,L1,V1,2026-02-08 08:47:49,2026-02-08 09:32:56,TH→HQ,2026-02-08,,20857,20857,550,Monedero
5851,2000183792,Concepcion,Diagonal Bio Bio,20171,L2,V1,2026-02-08 20:44:32,2026-02-08 21:17:16,CC→CW,2026-02-08,,20171,,570,Monedero
5852,2000183873,Laguna Quinenco,Lomas Coloradas,20050,L2,V1,2026-02-08 10:57:58,2026-02-08 11:19:48,CW→CC,2026-02-08,,20050,20050,650,Monedero
5853,2000183873,Laguna Quinenco,Lomas Coloradas,20170,L2,V1,2026-02-08 20:20:22,2026-02-08 20:42:58,CW→CC,2026-02-08,,20170,20170,650,Monedero
5854,2000183983,Laguna Quinenco,Concepcion,20076,L2,V1,2026-02-08 16:44:33,2026-02-08 17:30:05,CW→CC,2026-02-08,,20076,20076,880,Monedero
5855,2000184040,Laguna Quinenco,Concepcion,20156,L2,V1,2026-02-08 09:16:12,2026-02-08 10:01:35,CW→CC,2026-02-08,,20156,20156,880,Monedero
5856,2000184040,Concepcion,Laguna Quinenco,20167,L2,V1,2026-02-08 19:35:40,2026-02-08 20:43:03,CC→CW,2026-02-08,,20167,20167,880,Monedero
5857,2000184077,Costa Mar,Laguna Quinenco,20149,L2,V1,2026-02-08 08:45:09,2026-02-08 09:12:14,CC→CW,2026-02-08,,20149,20149,650,Monedero
5858,2000184280,Concepcion,Laguna Quinenco,20167,L2,V1,2026-02-08 19:38:06,2026-02-08 20:44:50,CC→CW,2026-02-08,,20167,20167,880,Monedero
5859,2000184316,Juan Pablo II,Los Canelos,20035,L2,V1,2026-02-08 09:41:51,2026-02-08 10:37:10,CC→CW,2026-02-08,,20035,20153,650,Monedero
5860,2000184354,Cristo Redentor,Concepcion,20056,L2,V1,2026-02-08 12:10:56,2026-02-08 13:04:41,CW→CC,2026-02-08,,20056,20056,850,Monedero
5861,2000184354,Concepcion,Cristo Redentor,20069,L2,V1,2026-02-08 16:36:17,2026-02-08 17:24:00,CC→CW,2026-02-08,,20069,20069,850,Monedero
5862,2000184446,Laguna Quinenco,Lomas Coloradas,20040,L2,V1,2026-02-08 09:33:53,2026-02-08 10:03:16,CW→CC,2026-02-08,,20040,20040,650,Monedero
5863,2000184524,Juan Pablo II,Los Canelos,20157,L2,V1,2026-02-08 17:32:23,2026-02-08 18:04:01,CC→CW,2026-02-08,,20157,,650,Monedero
5864,2000184689,Cdal. Raul Silva Henriquez,Alborada,20058,L2,V1,2026-02-08 12:51:12,2026-02-08 13:03:09,CW→CC,2026-02-08,,20058,20058,510,Monedero
5865,2000184689,Cdal. Raul Silva Henriquez,Alborada,20058,L2,V1,2026-02-08 12:51:29,2026-02-08 13:03:04,CW→CC,2026-02-08,,20058,20058,510,Monedero
5866,2000184689,Cdal. Raul Silva Henriquez,Alborada,20058,L2,V1,2026-02-08 12:51:33,2026-02-08 13:02:58,CW→CC,2026-02-08,,20058,20058,510,Monedero
5867,2000184711,Costa Mar,Laguna Quinenco,20153,L2,V1,2026-02-08 09:31:40,2026-02-08 10:03:07,CC→CW,2026-02-08,,20153,20153,650,Monedero
5868,2000184711,Laguna Quinenco,Costa Mar,20058,L2,V1,2026-02-08 12:24:49,2026-02-08 13:01:02,CW→CC,2026-02-08,,20058,20056,650,Monedero
5869,2000184726,Chiguayante,Concepcion,20848,L1,V1,2026-02-08 20:47:40,2026-02-08 21:42:42,HQ→TH,2026-02-08,match_por_salida_fallback,20848,,910,Monedero
5870,2000184742,Concepcion,Laguna Quinenco,20063,L2,V1,2026-02-08 13:44:59,2026-02-08 15:18:40,CC→CW,2026-02-08,,20063,20063,880,Monedero
5871,2000184742,Concepcion,Laguna Quinenco,20063,L2,V1,2026-02-08 13:45:25,2026-02-08 15:18:36,CC→CW,2026-02-08,,20063,20063,880,Monedero
5872,2000184742,Concepcion,Laguna Quinenco,20063,L2,V1,2026-02-08 13:45:31,2026-02-08 15:18:31,CC→CW,2026-02-08,,20063,20063,880,Monedero
5873,2000184868,Cristo Redentor,Concepcion,20062,L2,V1,2026-02-08 13:55:09,2026-02-08 14:34:20,CW→CC,2026-02-08,,20062,20062,850,Monedero
5874,2000184868,Concepcion,Cristo Redentor,20161,L2,V1,2026-02-08 17:43:17,2026-02-08 19:08:40,CC→CW,2026-02-08,,20161,20161,850,Monedero
5875,2000184949,Hualqui,Mercado,20844,L1,V1,2026-02-08 12:12:09,2026-02-08 13:18:10,HQ→TH,2026-02-08,,20844,20844,580,Monedero
5876,2000185014,Cdal. Raul Silva Henriquez,Costa Mar,20052,L2,V1,2026-02-08 11:39:39,2026-02-08 11:48:37,CW→CC,2026-02-08,,20052,20052,430,Monedero
5877,2000185154,Concepcion,UTF Santa Maria,20846,L1,V1,2026-02-08 17:05:04,2026-02-08 17:44:05,HQ→TH,2026-02-08,combo_por_entrada,20846,20846,590,Monedero
5878,2000185154,Concepcion,UTF Santa Maria,20846,L1,V1,2026-02-08 17:05:14,2026-02-08 17:43:58,HQ→TH,2026-02-08,combo_por_entrada,20846,20846,590,Monedero
5879,2000185154,El Parque,Concepcion,20076,L2,V1,2026-02-08 17:05:19,2026-02-08 17:43:40,CW→CC,2026-02-08,combo_por_entrada,20076,20846,590,Monedero
5880,2000185154,Concepcion,El Parque,20171,L2,V1,2026-02-08 20:13:25,2026-02-08 21:25:58,CC→CW,2026-02-08,combo_por_entrada,20171,20171,590,Monedero
5881,2000185154,Concepcion,El Parque,20171,L2,V1,2026-02-08 20:13:33,2026-02-08 21:25:50,CC→CW,2026-02-08,combo_por_entrada,20171,20171,590,Monedero
5882,2000185169,Cristo Redentor,Coronel,20067,L2,V1,2026-02-08 15:50:48,2026-02-08 16:15:15,CC→CW,2026-02-08,,20067,20067,450,Monedero
5883,2000185333,Cristo Redentor,Diagonal Bio Bio,20062,L2,V1,2026-02-08 13:52:00,2026-02-08 14:23:27,CW→CC,2026-02-08,,20062,20062,680,Monedero
5884,2000185333,Juan Pablo II,Cristo Redentor,20161,L2,V1,2026-02-08 18:36:38,2026-02-08 19:08:17,CC→CW,2026-02-08,,20161,20161,680,Monedero
5885,2000185478,Laguna Quinenco,Concepcion,20056,L2,V1,2026-02-08 11:34:35,2026-02-08 13:05:13,CW→CC,2026-02-08,,20056,20056,880,Monedero
5886,2000185529,Concepcion,Los Canelos,20171,L2,V1,2026-02-08 20:48:08,2026-02-08 21:38:30,CC→CW,2026-02-08,,20171,,850,Monedero
5887,2000185554,El Parque,Los Canelos,20171,L2,V1,2026-02-08 21:23:28,2026-02-08 21:38:53,CC→CW,2026-02-08,,20171,,610,Monedero
5888,2000185563,Los Canelos,Concepcion,20044,L2,V1,2026-02-08 09:52:33,2026-02-08 10:47:26,CW→CC,2026-02-08,,20044,20040,850,Monedero
5889,2000185999,Huinca,Concepcion,20152,L2,V1,2026-02-08 08:40:23,2026-02-08 10:03:13,CW→CC,2026-02-08,,20152,20152,850,Monedero
5890,2000185999,Concepcion,Coronel,20049,L2,V1,2026-02-08 11:19:05,2026-02-08 12:15:52,CC→CW,2026-02-08,,20049,20049,880,Monedero
5891,2000185999,Coronel,Cristo Redentor,20068,L2,V1,2026-02-08 15:24:38,2026-02-08 15:47:33,CW→CC,2026-02-08,,20068,20068,450,Monedero
5892,2000186129,Concepcion,Mercado,20850,L1,V1,2026-02-08 08:27:28,2026-02-08 10:27:45,HQ→TH,2026-02-08,combo_relajado_pase1,20850,20850,900,Monedero
5893,2000186129,Concepcion,Mercado,20850,L1,V1,2026-02-08 08:27:35,2026-02-08 10:27:35,HQ→TH,2026-02-08,combo_relajado_pase1,20850,20850,900,Monedero
5894,2000186129,Concepcion,Cristo Redentor,20069,L2,V1,2026-02-08 15:45:40,2026-02-08 17:23:59,CC→CW,2026-02-08,combo_por_entrada,20069,20069,900,Monedero
5895,2000186129,Concepcion,Cristo Redentor,20069,L2,V1,2026-02-08 15:45:54,2026-02-08 17:23:52,CC→CW,2026-02-08,combo_por_entrada,20069,20069,900,Monedero
5896,2000186235,Laguna Quinenco,Concepcion,20166,L2,V1,2026-02-08 19:15:08,2026-02-08 20:00:08,CW→CC,2026-02-08,,20166,20166,880,Monedero
5897,2000186342,Concepcion,Coronel,,,N/A,2026-02-08 20:41:13,2026-02-08 21:47:37,,2026-02-08,sin_combo_factible_en_hub|sin_s1_factible_retro,,,880,Monedero
5898,2000186393,Concepcion,Coronel,20157,L2,V1,2026-02-08 17:25:11,2026-02-08 18:13:06,CC→CW,2026-02-08,,20157,,880,Monedero
5899,2000186393,Concepcion,Coronel,,,N/A,2026-02-08 17:25:17,2026-02-08 18:12:59,,2026-02-08,sin_combo_factible_en_hub|sin_s1_factible_retro,,,880,Monedero
5900,2000186666,Cristo Redentor,Los Canelos,20160,L2,V1,2026-02-08 17:28:04,2026-02-08 17:55:52,CW→CC,2026-02-08,,20160,20160,460,Monedero
5901,2000186979,Lomas Coloradas,Concepcion,20052,L2,V1,2026-02-08 11:34:02,2026-02-08 12:03:43,CW→CC,2026-02-08,,20052,20052,570,Monedero
5902,2000187050,Los Canelos,Cristo Redentor,20041,L2,V1,2026-02-08 10:59:42,2026-02-08 11:07:55,CC→CW,2026-02-08,,20041,20041,460,Monedero
5903,2000187071,Laguna Quinenco,Huinca,20166,L2,V1,2026-02-08 19:11:34,2026-02-08 19:27:13,CW→CC,2026-02-08,,20166,20166,450,Monedero
5904,2000187071,Laguna Quinenco,Huinca,20166,L2,V1,2026-02-08 19:11:39,2026-02-08 19:27:11,CW→CC,2026-02-08,,20166,20166,450,Monedero
5905,2000187153,Costa Mar,Hito Galvarino,20161,L2,V1,2026-02-08 18:44:03,2026-02-08 18:59:10,CC→CW,2026-02-08,,20161,20161,610,Monedero
5906,2000187348,Concepcion,Coronel,20067,L2,V1,2026-02-08 15:00:07,2026-02-08 16:13:49,CC→CW,2026-02-08,,20067,20067,880,Monedero
5907,2000187348,Coronel,Concepcion,20162,L2,V1,2026-02-08 17:57:59,2026-02-08 19:00:31,CW→CC,2026-02-08,,20162,20162,880,Monedero
5908,2000187424,Laguna Quinenco,El Parque,20068,L2,V1,2026-02-08 15:43:43,2026-02-08 16:06:20,CW→CC,2026-02-08,,20068,20068,650,Monedero
5909,2000187424,El Parque,Laguna Quinenco,20157,L2,V1,2026-02-08 17:46:52,2026-02-08 18:10:10,CC→CW,2026-02-08,,20157,,650,Monedero
5910,2000187601,Concepcion,Huinca,20157,L2,V1,2026-02-08 17:19:47,2026-02-08 18:06:20,CC→CW,2026-02-08,,20157,,850,Monedero
5911,2000187818,Coronel,Concepcion,,,N/A,2026-02-08 15:33:01,2026-02-08 16:10:28,,2026-02-08,sin_combo_factible_en_hub|sin_s1_factible_retro,,,880,Monedero
5912,2000187818,Concepcion,Coronel,20171,L2,V1,2026-02-08 20:43:07,2026-02-08 21:48:03,CC→CW,2026-02-08,,20171,,880,Monedero
5913,2000187900,Coronel,Lomas Coloradas,20068,L2,V1,2026-02-08 15:36:40,2026-02-08 16:10:52,CW→CC,2026-02-08,,20068,20068,650,Monedero
5914,2000188045,Costa Mar,Diagonal Bio Bio,20076,L2,V1,2026-02-08 17:04:30,2026-02-08 17:18:17,CW→CC,2026-02-08,,20076,20076,510,Monedero
5915,2000188277,Hito Galvarino,Concepcion,20062,L2,V1,2026-02-08 13:50:51,2026-02-08 14:33:21,CW→CC,2026-02-08,,20062,20062,850,Monedero
5916,2000188277,Concepcion,Lomas Coloradas,20069,L2,V1,2026-02-08 16:28:59,2026-02-08 17:05:52,CC→CW,2026-02-08,,20069,20069,570,Monedero
5917,2000188415,Concepcion,Costa Mar,20149,L2,V1,2026-02-08 08:16:42,2026-02-08 08:46:41,CC→CW,2026-02-08,,20149,20149,570,Monedero
5918,2000188577,Concepcion,Huinca,20069,L2,V1,2026-02-08 16:35:42,2026-02-08 17:24:29,CC→CW,2026-02-08,,20069,20069,850,Monedero
5919,2000188676,Cdal. Raul Silva Henriquez,Concepcion,20152,L2,V1,2026-02-08 08:52:05,2026-02-08 09:16:33,CW→CC,2026-02-08,,20152,20152,570,Monedero
5920,2000188676,Concepcion,Cdal. Raul Silva Henriquez,20049,L2,V1,2026-02-08 11:23:51,2026-02-08 11:54:47,CC→CW,2026-02-08,,20049,20049,570,Monedero
5921,2000188745,Cdal. Raul Silva Henriquez,El Parque,20066,L2,V1,2026-02-08 14:59:57,2026-02-08 15:06:46,CW→CC,2026-02-08,,20066,20066,430,Monedero
5922,2000188829,Concepcion,El Parque,20063,L2,V1,2026-02-08 14:31:07,2026-02-08 14:56:38,CC→CW,2026-02-08,,20063,20063,570,Monedero
5923,2000188829,Concepcion,El Parque,20063,L2,V1,2026-02-08 14:31:13,2026-02-08 14:56:34,CC→CW,2026-02-08,,20063,20063,570,Monedero
5924,2000188829,El Parque,Concepcion,20160,L2,V1,2026-02-08 17:31:19,2026-02-08 18:28:45,CW→CC,2026-02-08,,20160,20160,570,Monedero
5925,2000188829,El Parque,Concepcion,20160,L2,V1,2026-02-08 17:31:23,2026-02-08 18:28:42,CW→CC,2026-02-08,,20160,20160,570,Monedero
5926,2000188829,Concepcion,Hualqui,20847,L1,V1,2026-02-08 20:12:01,2026-02-08 21:02:38,TH→HQ,2026-02-08,,20847,20847,550,Monedero
5927,2000188829,Concepcion,Hualqui,20847,L1,V1,2026-02-08 20:12:06,2026-02-08 21:02:33,TH→HQ,2026-02-08,,20847,20847,550,Monedero
5928,2000188888,Concepcion,El Parque,20149,L2,V1,2026-02-08 08:07:55,2026-02-08 08:50:13,CC→CW,2026-02-08,,20149,20149,570,Monedero
5929,2000188934,Costa Mar,Concepcion,20068,L2,V1,2026-02-08 16:04:58,2026-02-08 16:24:10,CW→CC,2026-02-08,,20068,20068,570,Monedero
5930,2000188942,Concepcion,Lomas Coloradas,20157,L2,V1,2026-02-08 17:02:31,2026-02-08 17:52:40,CC→CW,2026-02-08,,20157,,570,Monedero
5931,2000189130,Diagonal Bio Bio,Concepcion,20166,L2,V1,2026-02-08 19:28:51,2026-02-08 20:45:03,CW→CC,2026-02-08,combo_por_entrada,20166,20847,590,Monedero
5932,2000189167,Laguna Quinenco,Costa Mar,20162,L2,V1,2026-02-08 18:08:07,2026-02-08 18:45:14,CW→CC,2026-02-08,,20162,20162,650,Monedero
5933,2000189309,Juan Pablo II,Costa Mar,20161,L2,V1,2026-02-08 18:29:01,2026-02-08 18:46:09,CC→CW,2026-02-08,,20161,20161,510,Monedero
5934,2000189317,Cdal. Raul Silva Henriquez,Laguna Quinenco,20063,L2,V1,2026-02-08 14:37:44,2026-02-08 15:20:23,CC→CW,2026-02-08,,20063,20063,650,Monedero
5935,2000189317,Laguna Quinenco,Cdal. Raul Silva Henriquez,20160,L2,V1,2026-02-08 17:26:18,2026-02-08 18:04:18,CW→CC,2026-02-08,,20160,20160,650,Monedero
5936,2000189317,Laguna Quinenco,Cdal. Raul Silva Henriquez,20160,L2,V1,2026-02-08 17:27:09,2026-02-08 18:04:13,CW→CC,2026-02-08,,20160,20160,650,Monedero
5937,2000189600,Mercado,Los Condores,20847,L1,V1,2026-02-08 19:42:09,2026-02-08 20:15:03,TH→HQ,2026-02-08,,20847,20847,490,Monedero
5938,2000189755,Costa Mar,Los Canelos,20049,L2,V1,2026-02-08 11:24:22,2026-02-08 12:03:26,CC→CW,2026-02-08,,20049,20049,610,Monedero
5939,2000189875,Huinca,Concepcion,20068,L2,V1,2026-02-08 15:48:08,2026-02-08 16:24:52,CW→CC,2026-02-08,,20068,20068,850,Monedero
5940,2000190024,Laguna Quinenco,El Parque,20068,L2,V1,2026-02-08 15:38:54,2026-02-08 16:06:55,CW→CC,2026-02-08,,20068,20068,650,Monedero
5941,2000190024,Laguna Quinenco,El Parque,20068,L2,V1,2026-02-08 15:39:02,2026-02-08 16:06:43,CW→CC,2026-02-08,,20068,20068,650,Monedero
5942,2000190187,Los Canelos,Concepcion,20050,L2,V1,2026-02-08 10:57:51,2026-02-08 11:43:27,CW→CC,2026-02-08,,20050,20050,850,Monedero
5943,2000190187,Los Canelos,Concepcion,20050,L2,V1,2026-02-08 10:57:57,2026-02-08 11:43:23,CW→CC,2026-02-08,,20050,20050,850,Monedero
5944,2000190187,Los Canelos,Concepcion,20050,L2,V1,2026-02-08 10:58:02,2026-02-08 11:43:17,CW→CC,2026-02-08,,20050,20050,850,Monedero
5945,2000190187,Concepcion,Huinca,20157,L2,V1,2026-02-08 17:18:54,2026-02-08 18:06:47,CC→CW,2026-02-08,,20157,,850,Monedero
5946,2000190187,Concepcion,Huinca,20157,L2,V1,2026-02-08 17:19:00,2026-02-08 18:06:42,CC→CW,2026-02-08,,20157,,850,Monedero
5947,2000190187,Concepcion,Huinca,20157,L2,V1,2026-02-08 17:19:10,2026-02-08 18:06:35,CC→CW,2026-02-08,,20157,,850,Monedero
5948,2000191338,Cristo Redentor,Concepcion,20156,L2,V1,2026-02-08 09:11:49,2026-02-08 10:02:55,CW→CC,2026-02-08,,20156,20156,850,Monedero
5949,2000191338,Concepcion,Cristo Redentor,20167,L2,V1,2026-02-08 19:25:12,2026-02-08 20:42:09,CC→CW,2026-02-08,,20167,20167,850,Monedero
5950,2000191406,Laguna Quinenco,Hito Galvarino,20170,L2,V1,2026-02-08 20:17:06,2026-02-08 20:31:27,CW→CC,2026-02-08,,20170,20170,530,Monedero
5951,2000191589,Concepcion,Coronel,20049,L2,V1,2026-02-08 11:20:42,2026-02-08 12:15:54,CC→CW,2026-02-08,,20049,20049,880,Monedero
5952,2000191589,Coronel,Concepcion,20166,L2,V1,2026-02-08 19:17:52,2026-02-08 20:14:18,CW→CC,2026-02-08,,20166,20166,880,Monedero
5953,2000191775,Concepcion,Coronel,20053,L2,V1,2026-02-08 11:59:08,2026-02-08 12:55:13,CC→CW,2026-02-08,,20053,20053,880,Monedero
5954,2000191799,Coronel,Costa Mar,20170,L2,V1,2026-02-08 19:57:31,2026-02-08 20:48:08,CW→CC,2026-02-08,,20170,20170,650,Monedero
5955,2000191799,Coronel,Costa Mar,20170,L2,V1,2026-02-08 19:57:43,2026-02-08 20:46:20,CW→CC,2026-02-08,,20170,20170,650,Monedero
5956,2000192041,Laguna Quinenco,Concepcion,20066,L2,V1,2026-02-08 14:28:07,2026-02-08 15:27:05,CW→CC,2026-02-08,,20066,20066,880,Monedero
5957,2000192287,Laguna Quinenco,Concepcion,20050,L2,V1,2026-02-08 10:55:33,2026-02-08 11:42:34,CW→CC,2026-02-08,,20050,20050,880,Monedero
5958,2000192287,Laguna Quinenco,Concepcion,20050,L2,V1,2026-02-08 10:55:42,2026-02-08 11:39:53,CW→CC,2026-02-08,,20050,20050,880,Monedero
5959,2000192305,Diagonal Bio Bio,Hito Galvarino,20049,L2,V1,2026-02-08 11:37:32,2026-02-08 12:00:13,CC→CW,2026-02-08,,20049,20049,650,Monedero
5960,2000192305,Hito Galvarino,Diagonal Bio Bio,20160,L2,V1,2026-02-08 17:55:55,2026-02-08 18:16:54,CW→CC,2026-02-08,,20160,20160,650,Monedero
5961,2000192507,Huinca,Concepcion,20068,L2,V1,2026-02-08 15:36:16,2026-02-08 16:24:27,CW→CC,2026-02-08,,20068,20068,850,Monedero
5962,2000192507,Concepcion,Concepcion,,,N/A,2026-02-08 16:50:22,2026-02-08 16:51:09,,2026-02-08,no viajo,,,420,Monedero
5963,2000192507,Concepcion,Concepcion,,,N/A,2026-02-08 16:50:25,2026-02-08 16:51:00,,2026-02-08,no viajo,,,420,Monedero
5964,2000192507,Concepcion,Hito Galvarino,20171,L2,V1,2026-02-08 20:41:48,2026-02-08 21:35:28,CC→CW,2026-02-08,,20171,,850,Monedero
5965,2000192672,Costa Mar,El Parque,20153,L2,V1,2026-02-08 09:16:31,2026-02-08 09:36:13,CC→CW,2026-02-08,,20153,20153,430,Monedero
5966,2000192754,Cdal. Raul Silva Henriquez,Diagonal Bio Bio,20068,L2,V1,2026-02-08 15:47:24,2026-02-08 16:12:54,CW→CC,2026-02-08,,20068,20068,510,Monedero
5967,2000192754,Juan Pablo II,Cdal. Raul Silva Henriquez,20171,L2,V1,2026-02-08 21:10:31,2026-02-08 21:31:57,CC→CW,2026-02-08,,20171,20171,510,Monedero
5968,2000192772,Cdal. Raul Silva Henriquez,Concepcion,20162,L2,V1,2026-02-08 18:24:06,2026-02-08 18:59:16,CW→CC,2026-02-08,,20162,20162,570,Monedero
5969,2000192884,Lomas Coloradas,Cristo Redentor,20163,L2,V1,2026-02-08 19:18:53,2026-02-08 19:40:02,CC→CW,2026-02-08,,20163,20163,630,Monedero
5970,2000193166,Diagonal Bio Bio,Los Canelos,20161,L2,V1,2026-02-08 18:35:44,2026-02-08 19:03:14,CC→CW,2026-02-08,,20161,20161,650,Monedero
5971,2000193166,Los Canelos,Juan Pablo II,20166,L2,V1,2026-02-08 19:20:28,2026-02-08 19:53:02,CW→CC,2026-02-08,,20166,20163,650,Monedero
5972,2000193899,Concepcion,Concepcion,,,N/A,2026-02-08 21:34:11,2026-02-08 21:34:39,,2026-02-08,no viajo,,,420,Monedero
5973,2000194087,Concepcion,Pedro Medina,20847,L1,V1,2026-02-08 20:24:34,2026-02-08 20:46:17,TH→HQ,2026-02-08,,20847,20847,510,Monedero
5974,2000194087,Concepcion,Pedro Medina,20847,L1,V1,2026-02-08 20:24:40,2026-02-08 20:46:10,TH→HQ,2026-02-08,,20847,20847,510,Monedero
5975,2000194487,El Parque,Diagonal Bio Bio,20058,L2,V1,2026-02-08 12:54:41,2026-02-08 13:05:40,CW→CC,2026-02-08,,20058,20058,510,Monedero
5976,2000194487,Diagonal Bio Bio,El Parque,20167,L2,V1,2026-02-08 20:02:56,2026-02-08 20:20:04,CC→CW,2026-02-08,,20167,20167,510,Monedero
5977,2000194671,Los Canelos,Concepcion,20160,L2,V1,2026-02-08 17:42:04,2026-02-08 18:27:14,CW→CC,2026-02-08,,20160,20160,850,Monedero
5978,2000194947,El Arenal,La Leonera,20845,L1,V1,2026-02-08 15:58:08,2026-02-08 16:47:59,TH→HQ,2026-02-08,,20845,20845,550,Monedero
5979,2000195037,Concepcion,Los Condores,20848,L1,V1,2026-02-08 21:01:59,2026-02-08 21:19:41,HQ→TH,2026-02-08,,20848,20848,500,Monedero
5980,2000195038,Lomas Coloradas,Concepcion,20160,L2,V1,2026-02-08 18:00:10,2026-02-08 18:27:42,CW→CC,2026-02-08,,20160,20160,570,Monedero
5981,2000195528,Concepcion,Juan Pablo II,20035,L2,V1,2026-02-08 09:42:52,2026-02-08 11:31:48,CC→CW,2026-02-08,,20035,20035,570,Monedero
5982,2000195540,Los Canelos,Juan Pablo II,20156,L2,V1,2026-02-08 09:22:24,2026-02-08 09:53:51,CW→CC,2026-02-08,,20156,20156,650,Monedero
5983,2000195540,Juan Pablo II,Los Canelos,20167,L2,V1,2026-02-08 19:34:22,2026-02-08 20:36:14,CC→CW,2026-02-08,,20167,20167,650,Monedero
5984,2000195620,Diagonal Bio Bio,Laguna Quinenco,20171,L2,V1,2026-02-08 21:02:10,2026-02-08 21:45:37,CC→CW,2026-02-08,,20171,,790,Monedero
5985,2000195659,Cristo Redentor,Concepcion,20152,L2,V1,2026-02-08 08:36:38,2026-02-08 09:20:50,CW→CC,2026-02-08,,20152,20152,850,Monedero
5986,2000195866,Concepcion,Costa Mar,20063,L2,V1,2026-02-08 14:13:25,2026-02-08 14:53:39,CC→CW,2026-02-08,,20063,20063,570,Monedero
5987,2000196061,Cristo Redentor,Concepcion,20068,L2,V1,2026-02-08 15:37:04,2026-02-08 16:24:57,CW→CC,2026-02-08,,20068,20068,850,Monedero
5988,2000196145,Los Condores,Concepcion,20859,L1,V1,2026-02-08 12:25:47,2026-02-08 12:55:00,TH→HQ,2026-02-08,,20859,20859,500,Monedero
5989,2000196349,Concepcion,Lomas Coloradas,20153,L2,V1,2026-02-08 09:11:08,2026-02-08 09:38:49,CC→CW,2026-02-08,,20153,20153,570,Monedero
5990,2000196432,Costa Mar,Concepcion,20166,L2,V1,2026-02-08 19:13:11,2026-02-08 20:04:08,CW→CC,2026-02-08,,20166,20166,570,Monedero
5991,2000196750,Diagonal Bio Bio,Hito Galvarino,20167,L2,V1,2026-02-08 19:51:28,2026-02-08 20:32:42,CC→CW,2026-02-08,,20167,20167,650,Monedero
5992,2000196880,Concepcion,Los Canelos,20035,L2,V1,2026-02-08 09:48:57,2026-02-08 10:36:59,CC→CW,2026-02-08,,20035,,850,Monedero
5993,2000197047,Diagonal Bio Bio,El Parque,20059,L2,V1,2026-02-08 13:19:17,2026-02-08 13:38:02,CC→CW,2026-02-08,,20059,20059,510,Monedero
5994,2000197047,Costa Mar,Diagonal Bio Bio,20066,L2,V1,2026-02-08 14:50:37,2026-02-08 15:13:16,CW→CC,2026-02-08,,20066,20063,510,Monedero
5995,2000197175,Diagonal Bio Bio,Los Canelos,20157,L2,V1,2026-02-08 17:36:49,2026-02-08 18:04:02,CC→CW,2026-02-08,,20157,,650,Monedero
5996,2000197178,Concepcion,Coronel,20171,L2,V1,2026-02-08 21:06:59,2026-02-08 21:47:52,CC→CW,2026-02-08,combo_relajado_pase1,20171,,790,Monedero
5997,2000197308,Lomas Coloradas,Coronel,20063,L2,V1,2026-02-08 14:49:27,2026-02-08 15:21:14,CC→CW,2026-02-08,,20063,20063,650,Monedero
5998,2000197337,Hito Galvarino,Cristo Redentor,20167,L2,V1,2026-02-08 20:24:56,2026-02-08 20:41:26,CC→CW,2026-02-08,,20167,20167,460,Monedero
5999,2000197421,Coronel,Concepcion,20056,L2,V1,2026-02-08 12:17:11,2026-02-08 13:04:30,CW→CC,2026-02-08,,20056,20056,880,Monedero
6000,2000197421,Concepcion,Coronel,20163,L2,V1,2026-02-08 18:35:18,2026-02-08 19:45:59,CC→CW,2026-02-08,,20163,20161,880,Monedero
6001,2000197461,Hito Galvarino,Cristo Redentor,20063,L2,V1,2026-02-08 14:54:12,2026-02-08 15:15:59,CC→CW,2026-02-08,,20063,20063,460,Monedero
6002,2000197461,Hito Galvarino,Cristo Redentor,20063,L2,V1,2026-02-08 14:54:16,2026-02-08 15:15:16,CC→CW,2026-02-08,,20063,20063,460,Monedero
6003,2000197461,Cristo Redentor,Hito Galvarino,20162,L2,V1,2026-02-08 18:19:47,2026-02-08 18:31:23,CW→CC,2026-02-08,,20162,20162,460,Monedero
6004,2000197461,Cristo Redentor,Hito Galvarino,20162,L2,V1,2026-02-08 18:20:12,2026-02-08 18:31:17,CW→CC,2026-02-08,,20162,20162,460,Monedero
6005,2000197776,Laguna Quinenco,Concepcion,20050,L2,V1,2026-02-08 10:40:41,2026-02-08 11:38:29,CW→CC,2026-02-08,,20050,20050,880,Monedero
6006,2000197776,Concepcion,Laguna Quinenco,20063,L2,V1,2026-02-08 14:23:33,2026-02-08 15:18:37,CC→CW,2026-02-08,,20063,20063,880,Monedero
6007,2000197998,Huinca,Costa Mar,20166,L2,V1,2026-02-08 19:23:01,2026-02-08 19:46:10,CW→CC,2026-02-08,,20166,20166,630,Monedero
6008,2000198015,Concepcion,Costa Mar,20153,L2,V1,2026-02-08 08:29:10,2026-02-08 09:33:30,CC→CW,2026-02-08,combo_por_entrada,20153,20153,590,Monedero
6009,2000198015,Costa Mar,Concepcion,20160,L2,V1,2026-02-08 18:10:44,2026-02-08 18:26:51,CW→CC,2026-02-08,,20160,20160,570,Monedero
6010,2000198106,Los Canelos,Juan Pablo II,20058,L2,V1,2026-02-08 12:33:32,2026-02-08 13:07:41,CW→CC,2026-02-08,,20058,20056,650,Monedero
6011,2000198172,Cristo Redentor,Costa Mar,20166,L2,V1,2026-02-08 19:06:58,2026-02-08 19:46:00,CW→CC,2026-02-08,,20166,20166,630,Monedero
6012,2000198387,Lomas Coloradas,Coronel,20059,L2,V1,2026-02-08 13:19:00,2026-02-08 14:04:01,CC→CW,2026-02-08,,20059,20059,650,Monedero
6013,2000198392,Costa Mar,Concepcion,20044,L2,V1,2026-02-08 10:30:07,2026-02-08 10:47:46,CW→CC,2026-02-08,,20044,20044,570,Monedero
6014,2000198620,Huinca,Lomas Coloradas,20156,L2,V1,2026-02-08 09:24:43,2026-02-08 09:41:35,CW→CC,2026-02-08,,20156,20156,630,Monedero
6015,2000198973,Cristo Redentor,Concepcion,20044,L2,V1,2026-02-08 10:01:01,2026-02-08 10:48:50,CW→CC,2026-02-08,,20044,20044,850,Monedero
6016,2000198973,Concepcion,Cristo Redentor,20167,L2,V1,2026-02-08 19:44:02,2026-02-08 20:42:04,CC→CW,2026-02-08,,20167,20167,850,Monedero
6017,2000198978,Coronel,Concepcion,20156,L2,V1,2026-02-08 09:14:27,2026-02-08 10:01:36,CW→CC,2026-02-08,,20156,20156,880,Monedero
6018,2000198978,Coronel,Concepcion,20156,L2,V1,2026-02-08 09:14:34,2026-02-08 10:01:32,CW→CC,2026-02-08,,20156,20156,880,Monedero
6019,2000198978,Concepcion,Diagonal Bio Bio,20067,L2,V1,2026-02-08 15:04:21,2026-02-08 15:40:29,CC→CW,2026-02-08,,20067,20067,570,Monedero
6020,2000198978,Concepcion,Diagonal Bio Bio,20067,L2,V1,2026-02-08 15:04:41,2026-02-08 15:40:25,CC→CW,2026-02-08,,20067,20067,570,Monedero
6021,2000199260,Coronel,Concepcion,20170,L2,V1,2026-02-08 20:10:26,2026-02-08 21:02:11,CW→CC,2026-02-08,,20170,20170,880,Monedero
6022,2000199271,Concepcion,Concepcion,,,N/A,2026-02-08 16:19:15,2026-02-08 16:21:31,,2026-02-08,no viajo,,,420,Monedero
6023,2000199274,Juan Pablo II,Huinca,20161,L2,V1,2026-02-08 18:30:55,2026-02-08 19:06:14,CC→CW,2026-02-08,,20161,20161,680,Monedero
6024,2000199327,Cdal. Raul Silva Henriquez,Concepcion,20170,L2,V1,2026-02-08 20:29:40,2026-02-08 21:00:11,CW→CC,2026-02-08,,20170,20170,570,Monedero
6025,2000199366,Concepcion,Laguna Quinenco,20059,L2,V1,2026-02-08 12:37:36,2026-02-08 14:01:23,CC→CW,2026-02-08,,20059,20059,880,Monedero
6026,2000199366,Laguna Quinenco,Concepcion,20166,L2,V1,2026-02-08 19:09:40,2026-02-08 20:00:22,CW→CC,2026-02-08,,20166,20166,880,Monedero
6027,2000199520,Los Canelos,Concepcion,20160,L2,V1,2026-02-08 17:47:46,2026-02-08 18:28:01,CW→CC,2026-02-08,,20160,20160,850,Monedero
6028,2000199520,Concepcion,Los Canelos,20171,L2,V1,2026-02-08 20:37:57,2026-02-08 21:41:50,CC→CW,2026-02-08,,20171,20171,850,Monedero
6029,2000199584,Lomas Coloradas,Laguna Quinenco,20059,L2,V1,2026-02-08 13:26:31,2026-02-08 14:01:24,CC→CW,2026-02-08,,20059,20059,650,Monedero
6030,2000199584,Laguna Quinenco,Lomas Coloradas,20170,L2,V1,2026-02-08 20:12:58,2026-02-08 20:41:16,CW→CC,2026-02-08,,20170,20170,650,Monedero
6031,2000199651,Laguna Quinenco,Concepcion,20052,L2,V1,2026-02-08 11:20:19,2026-02-08 12:04:25,CW→CC,2026-02-08,,20052,20052,880,Monedero
6032,2000199651,Hualqui,Concepcion,20880,L1,V1,2026-02-08 20:51:47,2026-02-08 21:47:54,HQ→TH,2026-02-08,,20880,20880,550,Monedero
6033,2000199654,Concepcion,Coronel,20149,L2,V1,2026-02-08 08:18:01,2026-02-08 09:14:38,CC→CW,2026-02-08,,20149,20149,880,Monedero
6034,2000199654,Concepcion,El Arenal,20846,L1,V1,2026-02-08 16:41:37,2026-02-08 17:53:58,HQ→TH,2026-02-08,combo_por_entrada,20846,20846,910,Monedero
6035,2000199679,El Parque,Laguna Quinenco,20161,L2,V1,2026-02-08 18:37:38,2026-02-08 19:10:56,CC→CW,2026-02-08,,20161,20161,650,Monedero
6036,2000199690,Laguna Quinenco,El Parque,20066,L2,V1,2026-02-08 14:36:49,2026-02-08 15:06:42,CW→CC,2026-02-08,,20066,20066,650,Monedero
6037,2000199726,Huinca,Juan Pablo II,20162,L2,V1,2026-02-08 18:09:09,2026-02-08 18:53:55,CW→CC,2026-02-08,,20162,20162,680,Monedero
6038,2000199782,Coronel,Concepcion,20076,L2,V1,2026-02-08 16:39:28,2026-02-08 17:32:30,CW→CC,2026-02-08,,20076,20076,880,Monedero
6039,2000199782,Coronel,Concepcion,20076,L2,V1,2026-02-08 16:39:33,2026-02-08 17:32:25,CW→CC,2026-02-08,,20076,20076,880,Monedero
6040,2000199782,Concepcion,Coronel,20171,L2,V1,2026-02-08 20:19:35,2026-02-08 21:49:07,CC→CW,2026-02-08,,20171,,880,Monedero
6041,2000199782,Concepcion,Coronel,20171,L2,V1,2026-02-08 20:19:39,2026-02-08 21:48:48,CC→CW,2026-02-08,,20171,,880,Monedero
6042,2000199948,Concepcion,Laguna Quinenco,20049,L2,V1,2026-02-08 11:16:43,2026-02-08 12:10:54,CC→CW,2026-02-08,,20049,20049,880,Monedero
6043,2000200377,Concepcion,Concepcion,,,N/A,2026-02-08 16:35:31,2026-02-08 16:36:42,,2026-02-08,no viajo,,,420,Monedero
6044,2000200377,Concepcion,Concepcion,,,N/A,2026-02-08 18:41:20,2026-02-08 18:44:16,,2026-02-08,no viajo,,,420,Monedero
6045,2000200452,Concepcion,Cristo Redentor,20059,L2,V1,2026-02-08 13:19:42,2026-02-08 14:01:39,CC→CW,2026-02-08,,20059,20059,850,Monedero
6046,2000200452,Concepcion,Cristo Redentor,20059,L2,V1,2026-02-08 13:19:51,2026-02-08 13:58:18,CC→CW,2026-02-08,,20059,20059,850,Monedero
6047,2000200660,Hito Galvarino,Cristo Redentor,20167,L2,V1,2026-02-08 20:13:48,2026-02-08 20:40:57,CC→CW,2026-02-08,,20167,20167,460,Monedero
6048,2000200662,El Parque,Concepcion,20066,L2,V1,2026-02-08 15:05:06,2026-02-08 15:25:22,CW→CC,2026-02-08,,20066,20066,570,Monedero
6049,2000200662,El Parque,Concepcion,20066,L2,V1,2026-02-08 15:05:11,2026-02-08 15:25:03,CW→CC,2026-02-08,,20066,20066,570,Monedero
6050,2000200662,Concepcion,Huinca,20167,L2,V1,2026-02-08 20:02:01,2026-02-08 21:40:29,CC→CW,2026-02-08,,20167,20167,850,Monedero
6051,2000200797,Costa Mar,Los Canelos,20161,L2,V1,2026-02-08 18:34:21,2026-02-08 19:04:09,CC→CW,2026-02-08,,20161,20161,610,Monedero
6052,2000200986,Cristo Redentor,Concepcion,20058,L2,V1,2026-02-08 12:35:41,2026-02-08 13:15:46,CW→CC,2026-02-08,,20058,20058,850,Monedero
6053,2000200986,Cristo Redentor,Concepcion,20058,L2,V1,2026-02-08 12:35:45,2026-02-08 13:15:42,CW→CC,2026-02-08,,20058,20058,850,Monedero
6054,2000201037,Huinca,Concepcion,20052,L2,V1,2026-02-08 11:11:48,2026-02-08 12:02:58,CW→CC,2026-02-08,,20052,20052,850,Monedero
6055,2000201037,Concepcion,Huinca,20069,L2,V1,2026-02-08 16:34:24,2026-02-08 17:23:20,CC→CW,2026-02-08,,20069,20069,850,Monedero
6056,2000201087,Lomas Coloradas,Diagonal Bio Bio,20058,L2,V1,2026-02-08 12:50:36,2026-02-08 13:05:11,CW→CC,2026-02-08,,20058,20058,510,Monedero
6057,2000201087,Lomas Coloradas,Diagonal Bio Bio,20058,L2,V1,2026-02-08 12:50:47,2026-02-08 13:05:07,CW→CC,2026-02-08,,20058,20058,510,Monedero
6058,2000201087,Lomas Coloradas,Diagonal Bio Bio,20058,L2,V1,2026-02-08 12:50:51,2026-02-08 13:05:00,CW→CC,2026-02-08,,20058,20058,510,Monedero
6059,2000201087,Diagonal Bio Bio,Lomas Coloradas,20063,L2,V1,2026-02-08 14:15:55,2026-02-08 14:57:49,CC→CW,2026-02-08,,20063,20063,510,Monedero
6060,2000201087,Diagonal Bio Bio,Lomas Coloradas,20063,L2,V1,2026-02-08 14:16:02,2026-02-08 14:57:44,CC→CW,2026-02-08,,20063,20063,510,Monedero
6061,2000201087,Diagonal Bio Bio,Lomas Coloradas,20063,L2,V1,2026-02-08 14:16:07,2026-02-08 14:57:37,CC→CW,2026-02-08,,20063,20063,510,Monedero
6062,2000201089,Costa Mar,Concepcion,20044,L2,V1,2026-02-08 10:22:25,2026-02-08 10:47:38,CW→CC,2026-02-08,,20044,20044,570,Monedero
6063,2000201097,Huinca,Concepcion,20044,L2,V1,2026-02-08 10:06:08,2026-02-08 10:47:33,CW→CC,2026-02-08,,20044,20044,850,Monedero
6064,2000201097,Concepcion,Los Canelos,20167,L2,V1,2026-02-08 19:41:55,2026-02-08 20:35:53,CC→CW,2026-02-08,,20167,20167,850,Monedero
6065,2000201190,Cristo Redentor,Concepcion,20068,L2,V1,2026-02-08 15:28:47,2026-02-08 16:24:23,CW→CC,2026-02-08,,20068,20068,850,Monedero
6066,2000201190,Concepcion,Cristo Redentor,20167,L2,V1,2026-02-08 19:58:07,2026-02-08 20:43:35,CC→CW,2026-02-08,,20167,20167,850,Monedero
6067,2000201238,El Parque,Concepcion,20152,L2,V1,2026-02-08 08:47:40,2026-02-08 09:16:24,CW→CC,2026-02-08,,20152,20152,570,Monedero
6068,2000201238,Concepcion,El Parque,20171,L2,V1,2026-02-08 20:38:29,2026-02-08 21:25:17,CC→CW,2026-02-08,,20171,20171,570,Monedero
6069,2000201725,Los Canelos,Diagonal Bio Bio,20058,L2,V1,2026-02-08 12:39:42,2026-02-08 13:05:39,CW→CC,2026-02-08,,20058,20058,650,Monedero
6070,2000201725,Diagonal Bio Bio,Los Canelos,20171,L2,V1,2026-02-08 21:02:07,2026-02-08 21:39:45,CC→CW,2026-02-08,,20171,,650,Monedero
6071,2000201860,Concepcion,Coronel,20041,L2,V1,2026-02-08 10:27:55,2026-02-08 11:13:43,CC→CW,2026-02-08,,20041,20041,880,Monedero
6072,2000201860,Coronel,Concepcion,20160,L2,V1,2026-02-08 17:33:35,2026-02-08 18:30:01,CW→CC,2026-02-08,,20160,20160,880,Monedero
6073,2000201909,Huinca,Costa Mar,20068,L2,V1,2026-02-08 15:42:47,2026-02-08 16:08:51,CW→CC,2026-02-08,,20068,20068,630,Monedero
6074,2000201995,Concepcion,Costa Mar,20171,L2,V1,2026-02-08 20:32:24,2026-02-08 21:24:20,CC→CW,2026-02-08,match_por_salida_fallback,20171,20171,590,Monedero
6075,2000201995,Concepcion,Costa Mar,20171,L2,V1,2026-02-08 20:32:33,2026-02-08 21:24:11,CC→CW,2026-02-08,match_por_salida_fallback,20171,20171,590,Monedero
6076,2000202060,Cdal. Raul Silva Henriquez,Coronel,20069,L2,V1,2026-02-08 17:05:47,2026-02-08 17:30:50,CC→CW,2026-02-08,,20069,20069,650,Monedero
6077,2000202103,Concepcion,Concepcion,,,N/A,2026-02-08 19:16:50,2026-02-08 19:17:23,,2026-02-08,no viajo,,,420,Monedero
6078,2000202300,Concepcion,Cristo Redentor,20171,L2,V1,2026-02-08 20:08:47,2026-02-08 21:43:02,CC→CW,2026-02-08,combo_por_entrada,20171,,880,Monedero
6079,2000202300,Concepcion,Cristo Redentor,20171,L2,V1,2026-02-08 20:08:59,2026-02-08 21:42:47,CC→CW,2026-02-08,combo_por_entrada,20171,,880,Monedero
6080,2000202309,Los Canelos,Coronel,20041,L2,V1,2026-02-08 11:00:24,2026-02-08 11:14:14,CC→CW,2026-02-08,,20041,20041,530,Monedero
6081,2000202412,Laguna Quinenco,Coronel,20167,L2,V1,2026-02-08 20:35:27,2026-02-08 20:46:55,CC→CW,2026-02-08,,20167,20167,440,Monedero
6082,2000202446,Lomas Coloradas,Coronel,20067,L2,V1,2026-02-08 15:45:51,2026-02-08 16:13:49,CC→CW,2026-02-08,,20067,20067,650,Monedero
6083,2000202446,Coronel,Lomas Coloradas,20076,L2,V1,2026-02-08 16:37:56,2026-02-08 17:08:13,CW→CC,2026-02-08,,20076,20076,650,Monedero
6084,2000202613,Los Canelos,Concepcion,20040,L2,V1,2026-02-08 09:40:43,2026-02-08 10:22:08,CW→CC,2026-02-08,,20040,20040,850,Monedero
6085,2000202613,Concepcion,Los Canelos,20163,L2,V1,2026-02-08 19:00:29,2026-02-08 19:35:49,CC→CW,2026-02-08,,20163,20163,850,Monedero
6086,2000202786,Concepcion,Coronel,20161,L2,V1,2026-02-08 17:51:57,2026-02-08 19:13:23,CC→CW,2026-02-08,,20161,20161,880,Monedero
6087,2000202833,Coronel,Concepcion,20050,L2,V1,2026-02-08 10:57:13,2026-02-08 12:02:51,CW→CC,2026-02-08,,20050,20050,880,Monedero
6088,2000202833,Coronel,Concepcion,20050,L2,V1,2026-02-08 10:57:23,2026-02-08 12:02:43,CW→CC,2026-02-08,,20050,20050,880,Monedero
6089,2000202929,Lomas Coloradas,El Parque,20062,L2,V1,2026-02-08 14:09:38,2026-02-08 14:16:37,CW→CC,2026-02-08,,20062,20062,430,Monedero
6090,2000203028,Laguna Quinenco,Concepcion,20052,L2,V1,2026-02-08 11:13:16,2026-02-08 12:05:55,CW→CC,2026-02-08,,20052,20052,880,Monedero
6091,2000203028,Concepcion,Laguna Quinenco,20161,L2,V1,2026-02-08 18:06:56,2026-02-08 19:12:30,CC→CW,2026-02-08,,20161,20161,880,Monedero
6092,2000203055,Cristo Redentor,Concepcion,20076,L2,V1,2026-02-08 16:44:44,2026-02-08 17:30:29,CW→CC,2026-02-08,,20076,20076,850,Monedero
6093,2000203055,Concepcion,Cristo Redentor,20167,L2,V1,2026-02-08 19:42:39,2026-02-08 20:41:17,CC→CW,2026-02-08,,20167,20167,850,Monedero
6094,2000203072,Lomas Coloradas,Cristo Redentor,20069,L2,V1,2026-02-08 17:02:29,2026-02-08 17:24:14,CC→CW,2026-02-08,,20069,20069,630,Monedero
6095,2000203138,Concepcion,Huinca,20157,L2,V1,2026-02-08 17:19:51,2026-02-08 18:06:19,CC→CW,2026-02-08,,20157,,850,Monedero
6096,2000203187,Laguna Quinenco,El Parque,20156,L2,V1,2026-02-08 09:15:59,2026-02-08 09:43:54,CW→CC,2026-02-08,,20156,20156,650,Monedero
6097,2000203187,El Parque,Laguna Quinenco,20167,L2,V1,2026-02-08 20:18:51,2026-02-08 20:43:09,CC→CW,2026-02-08,,20167,20167,650,Monedero
6098,2000203610,Cristo Redentor,Concepcion,20152,L2,V1,2026-02-08 08:29:53,2026-02-08 09:23:13,CW→CC,2026-02-08,,20152,20152,850,Monedero
6099,2000203690,Juan Pablo II,Laguna Quinenco,20171,L2,V1,2026-02-08 20:15:38,2026-02-08 21:45:22,CC→CW,2026-02-08,,20171,20167,790,Monedero
6100,2000203790,Cdal. Raul Silva Henriquez,Laguna Quinenco,20161,L2,V1,2026-02-08 18:52:26,2026-02-08 19:10:24,CC→CW,2026-02-08,,20161,20161,650,Monedero
6101,2000203961,Costa Mar,Cdal. Raul Silva Henriquez,20063,L2,V1,2026-02-08 14:33:42,2026-02-08 15:01:05,CC→CW,2026-02-08,,20063,20063,430,Monedero
6102,2000204009,Los Canelos,Diagonal Bio Bio,20066,L2,V1,2026-02-08 14:47:24,2026-02-08 15:19:37,CW→CC,2026-02-08,,20066,20066,650,Monedero
6103,2000204076,Concepcion,Concepcion,,,N/A,2026-02-08 14:18:21,2026-02-08 14:19:34,,2026-02-08,no viajo,,,420,Monedero
6104,2000204076,Concepcion,Costa Mar,20067,L2,V1,2026-02-08 15:06:35,2026-02-08 15:44:52,CC→CW,2026-02-08,,20067,,570,Monedero
6105,2000204100,Concepcion,Costa Mar,20171,L2,V1,2026-02-08 20:53:02,2026-02-08 21:22:15,CC→CW,2026-02-08,,20171,,570,Monedero
6106,2000204121,UTF Santa Maria,Hualqui,20845,L1,V1,2026-02-08 16:03:10,2026-02-08 17:01:33,TH→HQ,2026-02-08,,20845,20845,560,Monedero
6107,2000204121,Hualqui,UTF Santa Maria,20880,L1,V1,2026-02-08 20:59:59,2026-02-08 21:54:11,HQ→TH,2026-02-08,,20880,20880,560,Monedero
6108,2000204184,Mercado,Hualqui,20859,L1,V1,2026-02-08 12:19:19,2026-02-08 13:30:28,TH→HQ,2026-02-08,,20859,20859,580,Monedero
6109,2000204184,Mercado,Hualqui,20859,L1,V1,2026-02-08 12:19:28,2026-02-08 13:30:21,TH→HQ,2026-02-08,,20859,20859,580,Monedero
6110,2000204325,Laguna Quinenco,Lomas Coloradas,20160,L2,V1,2026-02-08 17:35:33,2026-02-08 18:07:29,CW→CC,2026-02-08,,20160,20160,650,Monedero
6111,2000204514,Laguna Quinenco,Concepcion,20160,L2,V1,2026-02-08 17:38:33,2026-02-08 18:28:02,CW→CC,2026-02-08,,20160,20160,880,Monedero
6112,2000204520,Cdal. Raul Silva Henriquez,Diagonal Bio Bio,20062,L2,V1,2026-02-08 14:05:27,2026-02-08 14:23:55,CW→CC,2026-02-08,,20062,20062,510,Monedero
6113,2000204615,Concepcion,Cdal. Raul Silva Henriquez,20167,L2,V1,2026-02-08 19:45:49,2026-02-08 20:25:55,CC→CW,2026-02-08,,20167,20167,570,Monedero
6114,2000204693,Concepcion,Hito Galvarino,20167,L2,V1,2026-02-08 19:43:10,2026-02-08 20:32:12,CC→CW,2026-02-08,,20167,20167,850,Monedero
6115,2000204693,Concepcion,Hito Galvarino,20167,L2,V1,2026-02-08 19:43:28,2026-02-08 20:32:07,CC→CW,2026-02-08,,20167,20167,850,Monedero
6116,2000204846,Huinca,Juan Pablo II,20162,L2,V1,2026-02-08 18:09:28,2026-02-08 18:54:02,CW→CC,2026-02-08,,20162,20162,680,Monedero
6117,2000204896,Coronel,Concepcion,20160,L2,V1,2026-02-08 17:33:14,2026-02-08 18:27:07,CW→CC,2026-02-08,,20160,20160,880,Monedero
6118,2000204972,Concepcion,Chiguayante,20847,L1,V1,2026-02-08 20:09:27,2026-02-08 20:41:29,TH→HQ,2026-02-08,,20847,20847,510,Monedero
6119,2000205125,Los Canelos,Concepcion,20152,L2,V1,2026-02-08 08:40:12,2026-02-08 09:18:07,CW→CC,2026-02-08,,20152,20152,850,Monedero
6120,2000205215,Concepcion,Los Canelos,20041,L2,V1,2026-02-08 10:17:57,2026-02-08 11:04:02,CC→CW,2026-02-08,,20041,20041,850,Monedero
6121,2000205215,Concepcion,Los Canelos,20041,L2,V1,2026-02-08 10:18:00,2026-02-08 11:03:59,CC→CW,2026-02-08,,20041,20041,850,Monedero
6122,2000205270,Concepcion,Lomas Coloradas,20067,L2,V1,2026-02-08 15:17:34,2026-02-08 15:50:28,CC→CW,2026-02-08,,20067,20067,570,Monedero
6123,2000205416,Concepcion,Costa Mar,20069,L2,V1,2026-02-08 15:28:46,2026-02-08 16:59:38,CC→CW,2026-02-08,combo_por_entrada,20069,20069,590,Monedero
6124,2000205421,Concepcion,Hualqui,20845,L1,V1,2026-02-08 16:15:34,2026-02-08 17:00:22,TH→HQ,2026-02-08,,20845,20845,550,Monedero
6125,2000205448,Concepcion,El Parque,20067,L2,V1,2026-02-08 14:58:17,2026-02-08 15:48:47,CC→CW,2026-02-08,,20067,20067,570,Monedero
6126,2000205448,Concepcion,El Parque,20067,L2,V1,2026-02-08 14:58:25,2026-02-08 15:48:26,CC→CW,2026-02-08,,20067,20067,570,Monedero
6127,2000205448,El Parque,Concepcion,20160,L2,V1,2026-02-08 17:41:29,2026-02-08 18:28:57,CW→CC,2026-02-08,,20160,20160,570,Monedero
6128,2000205448,El Parque,Concepcion,20160,L2,V1,2026-02-08 17:41:34,2026-02-08 18:28:51,CW→CC,2026-02-08,,20160,20160,570,Monedero
6129,2000205458,Concepcion,Costa Mar,20041,L2,V1,2026-02-08 10:08:31,2026-02-08 10:43:53,CC→CW,2026-02-08,,20041,20035,570,Monedero
6130,2000205531,Laguna Quinenco,Concepcion,20066,L2,V1,2026-02-08 14:19:39,2026-02-08 15:25:16,CW→CC,2026-02-08,,20066,20066,880,Monedero
6131,2000205531,Concepcion,Cristo Redentor,20069,L2,V1,2026-02-08 16:25:31,2026-02-08 17:25:34,CC→CW,2026-02-08,,20069,20069,850,Monedero
6132,2000205581,Concepcion,Mercado,20846,L1,V1,2026-02-08 16:36:49,2026-02-08 17:57:34,HQ→TH,2026-02-08,combo_por_entrada,20846,20846,910,Monedero
6133,2000205688,Costa Mar,Laguna Quinenco,20167,L2,V1,2026-02-08 19:59:16,2026-02-08 20:42:59,CC→CW,2026-02-08,,20167,20167,650,Monedero
6134,2000206012,Concepcion,Cristo Redentor,20163,L2,V1,2026-02-08 18:48:24,2026-02-08 19:40:08,CC→CW,2026-02-08,,20163,20163,850,Monedero
6135,2000206112,Costa Mar,Lomas Coloradas,20153,L2,V1,2026-02-08 09:33:11,2026-02-08 09:38:55,CC→CW,2026-02-08,,20153,20153,430,Monedero
6136,2000206123,Concepcion,Costa Mar,20149,L2,V1,2026-02-08 08:27:14,2026-02-08 08:47:08,CC→CW,2026-02-08,,20149,20149,570,Monedero
6137,2000206123,Costa Mar,Concepcion,20162,L2,V1,2026-02-08 18:31:48,2026-02-08 18:59:03,CW→CC,2026-02-08,,20162,20162,570,Monedero
6138,2000206320,Diagonal Bio Bio,Concepcion,20044,L2,V1,2026-02-08 10:34:41,2026-02-08 10:48:32,CW→CC,2026-02-08,,20044,20044,570,Monedero
6139,2000206320,Concepcion,Cristo Redentor,20161,L2,V1,2026-02-08 18:30:20,2026-02-08 19:07:30,CC→CW,2026-02-08,,20161,20161,850,Monedero
6140,2000206575,Los Condores,Concepcion,20857,L1,V1,2026-02-08 08:24:46,2026-02-08 09:56:38,TH→HQ,2026-02-08,combo_por_entrada,20857,20153,880,Monedero
6141,2000206802,Concepcion,Hualqui,20847,L1,V1,2026-02-08 18:50:45,2026-02-08 21:03:06,TH→HQ,2026-02-08,combo_por_entrada,20847,20847,970,Monedero
6142,2000206876,Cristo Redentor,Concepcion,20076,L2,V1,2026-02-08 16:33:44,2026-02-08 17:29:56,CW→CC,2026-02-08,,20076,20076,850,Monedero
6143,2000206876,Concepcion,Cristo Redentor,20167,L2,V1,2026-02-08 19:48:36,2026-02-08 20:41:33,CC→CW,2026-02-08,,20167,20167,850,Monedero
6144,2000206913,Laguna Quinenco,Concepcion,20170,L2,V1,2026-02-08 20:12:05,2026-02-08 21:01:21,CW→CC,2026-02-08,,20170,20170,880,Monedero
6145,2000206947,Costa Mar,Lomas Coloradas,20157,L2,V1,2026-02-08 17:36:25,2026-02-08 17:53:16,CC→CW,2026-02-08,,20157,20157,430,Monedero
6146,2000206947,Lomas Coloradas,Costa Mar,20170,L2,V1,2026-02-08 20:37:43,2026-02-08 20:46:42,CW→CC,2026-02-08,,20170,20170,430,Monedero
6147,2000207006,Manquimavida,Concepcion,20846,L1,V1,2026-02-08 17:06:03,2026-02-08 17:36:09,HQ→TH,2026-02-08,,20846,20846,510,Monedero
6148,2000207006,Concepcion,Manquimavida,20847,L1,V1,2026-02-08 19:43:52,2026-02-08 20:46:33,TH→HQ,2026-02-08,,20847,20847,510,Monedero
6149,2000207136,Hito Galvarino,Concepcion,20062,L2,V1,2026-02-08 14:03:09,2026-02-08 14:32:55,CW→CC,2026-02-08,,20062,20062,850,Monedero
6150,2000207136,Concepcion,Hito Galvarino,20157,L2,V1,2026-02-08 17:19:48,2026-02-08 18:00:53,CC→CW,2026-02-08,,20157,,850,Monedero
6151,2000207140,Costa Mar,Concepcion,20066,L2,V1,2026-02-08 15:03:53,2026-02-08 15:25:43,CW→CC,2026-02-08,,20066,20066,570,Monedero
6152,2000207140,Costa Mar,Concepcion,20066,L2,V1,2026-02-08 15:04:05,2026-02-08 15:25:37,CW→CC,2026-02-08,,20066,20066,570,Monedero
6153,2000207140,Costa Mar,Concepcion,20066,L2,V1,2026-02-08 15:04:11,2026-02-08 15:23:29,CW→CC,2026-02-08,,20066,20066,570,Monedero
6154,2000207140,Concepcion,Costa Mar,20167,L2,V1,2026-02-08 20:00:58,2026-02-08 20:17:09,CC→CW,2026-02-08,,20167,20167,570,Monedero
6155,2000207140,Concepcion,Costa Mar,20167,L2,V1,2026-02-08 20:01:13,2026-02-08 20:17:04,CC→CW,2026-02-08,,20167,20167,570,Monedero
6156,2000207140,Concepcion,Costa Mar,20167,L2,V1,2026-02-08 20:01:16,2026-02-08 20:16:59,CC→CW,2026-02-08,,20167,20167,570,Monedero
6157,2000207251,Coronel,Diagonal Bio Bio,20050,L2,V1,2026-02-08 10:49:48,2026-02-08 11:29:08,CW→CC,2026-02-08,,20050,20050,790,Monedero
6158,2000207251,Coronel,Diagonal Bio Bio,20050,L2,V1,2026-02-08 10:49:55,2026-02-08 11:29:04,CW→CC,2026-02-08,,20050,20050,790,Monedero
6159,2000207261,Cristo Redentor,Concepcion,20170,L2,V1,2026-02-08 20:15:19,2026-02-08 21:01:55,CW→CC,2026-02-08,,20170,20170,850,Monedero
6160,2000207365,Concepcion,Diagonal Bio Bio,20167,L2,V1,2026-02-08 19:30:20,2026-02-08 20:12:09,CC→CW,2026-02-08,,20167,20167,570,Monedero
6161,2000207365,Concepcion,Diagonal Bio Bio,20167,L2,V1,2026-02-08 19:30:28,2026-02-08 20:12:03,CC→CW,2026-02-08,,20167,20167,570,Monedero
6162,2000207490,Lomas Coloradas,Hito Galvarino,20171,L2,V1,2026-02-08 21:20:15,2026-02-08 21:35:23,CC→CW,2026-02-08,,20171,,610,Monedero
6163,2000207583,Alborada,Concepcion,20044,L2,V1,2026-02-08 10:29:29,2026-02-08 10:47:51,CW→CC,2026-02-08,,20044,20044,570,Monedero
6164,2000207589,Concepcion,Lomas Coloradas,20149,L2,V1,2026-02-08 08:32:03,2026-02-08 08:52:27,CC→CW,2026-02-08,,20149,20149,570,Monedero
6165,2000207684,Huinca,Concepcion,20062,L2,V1,2026-02-08 13:43:19,2026-02-08 14:33:17,CW→CC,2026-02-08,,20062,20062,850,Monedero
6166,2000207684,Huinca,Concepcion,20062,L2,V1,2026-02-08 13:43:22,2026-02-08 14:33:12,CW→CC,2026-02-08,,20062,20062,850,Monedero
6167,2000207684,Concepcion,Concepcion,,,N/A,2026-02-08 16:19:04,2026-02-08 16:21:30,,2026-02-08,no viajo,,,420,Monedero
6168,2000207684,Concepcion,Concepcion,,,N/A,2026-02-08 16:19:07,2026-02-08 16:21:26,,2026-02-08,no viajo,,,420,Monedero
6169,2000207684,Concepcion,Concepcion,,,N/A,2026-02-08 16:19:11,2026-02-08 16:21:18,,2026-02-08,no viajo,,,420,Monedero
6170,2000207779,Concepcion,El Parque,20035,L2,V1,2026-02-08 09:40:51,2026-02-08 10:23:08,CC→CW,2026-02-08,,20035,20035,570,Monedero
6171,2000207805,Laguna Quinenco,Concepcion,20066,L2,V1,2026-02-08 14:38:33,2026-02-08 15:24:54,CW→CC,2026-02-08,,20066,20066,880,Monedero
6172,2000207805,Concepcion,Huinca,20161,L2,V1,2026-02-08 17:59:35,2026-02-08 19:06:07,CC→CW,2026-02-08,,20161,20161,850,Monedero
6173,2000207874,Los Canelos,Cristo Redentor,20161,L2,V1,2026-02-08 18:59:16,2026-02-08 19:08:00,CC→CW,2026-02-08,,20161,20161,460,Monedero
6174,2000208191,Hualqui,Chiguayante,,,N/A,2026-02-08 09:35:50,2026-02-08 09:55:37,,2026-02-08,sin_combo_factible_en_hub|sin_s1_factible_retro,,,500,Monedero
6175,2000208269,Concepcion,Lomas Coloradas,20053,L2,V1,2026-02-08 11:55:14,2026-02-08 12:29:26,CC→CW,2026-02-08,,20053,20053,570,Monedero
6176,2000208285,Lomas Coloradas,El Parque,20156,L2,V1,2026-02-08 09:40:17,2026-02-08 09:43:57,CW→CC,2026-02-08,,20156,20156,430,Monedero
6177,2000208285,El Parque,Lomas Coloradas,20167,L2,V1,2026-02-08 20:06:13,2026-02-08 20:22:36,CC→CW,2026-02-08,,20167,20167,430,Monedero
6178,2000208328,Concepcion,Lomas Coloradas,20171,L2,V1,2026-02-08 20:44:22,2026-02-08 21:29:10,CC→CW,2026-02-08,,20171,20171,570,Monedero
6179,2000208348,Lomas Coloradas,Los Canelos,20035,L2,V1,2026-02-08 09:59:15,2026-02-08 10:38:15,CC→CW,2026-02-08,,20035,,610,Monedero
6180,2000208828,Cdal. Raul Silva Henriquez,Costa Mar,20160,L2,V1,2026-02-08 17:56:52,2026-02-08 18:12:20,CW→CC,2026-02-08,,20160,20160,430,Monedero
6181,2000208836,El Parque,Concepcion,20058,L2,V1,2026-02-08 12:54:52,2026-02-08 13:16:12,CW→CC,2026-02-08,,20058,20058,570,Monedero
6182,2000208836,El Parque,Concepcion,20058,L2,V1,2026-02-08 12:54:56,2026-02-08 13:15:59,CW→CC,2026-02-08,,20058,20058,570,Monedero
6183,2000209031,Cristo Redentor,Concepcion,20160,L2,V1,2026-02-08 17:28:16,2026-02-08 18:27:22,CW→CC,2026-02-08,,20160,20160,850,Monedero
6184,2000209137,Concepcion,Higueras,20850,L1,V1,2026-02-08 09:22:44,2026-02-08 10:21:04,HQ→TH,2026-02-08,combo_relajado_pase2,20850,20850,870,Monedero
6185,2000209323,Coronel,Concepcion,20066,L2,V1,2026-02-08 14:32:19,2026-02-08 15:24:45,CW→CC,2026-02-08,,20066,20066,880,Monedero
6186,2000209396,Concepcion,Lomas Coloradas,20067,L2,V1,2026-02-08 15:10:01,2026-02-08 15:50:06,CC→CW,2026-02-08,,20067,20067,570,Monedero
6187,2000209585,Concepcion,Hito Galvarino,20067,L2,V1,2026-02-08 15:20:53,2026-02-08 16:01:35,CC→CW,2026-02-08,,20067,20067,850,Monedero
6188,2000209585,Concepcion,Hito Galvarino,20067,L2,V1,2026-02-08 15:20:59,2026-02-08 16:01:31,CC→CW,2026-02-08,,20067,20067,850,Monedero
6189,2000209585,Hito Galvarino,Concepcion,20076,L2,V1,2026-02-08 16:37:36,2026-02-08 17:30:43,CW→CC,2026-02-08,,20076,20076,850,Monedero
6190,2000209585,Hito Galvarino,Concepcion,20076,L2,V1,2026-02-08 16:37:39,2026-02-08 17:30:35,CW→CC,2026-02-08,,20076,20076,850,Monedero
6191,2000209585,Hito Galvarino,Concepcion,20076,L2,V1,2026-02-08 16:37:41,2026-02-08 17:30:32,CW→CC,2026-02-08,,20076,20076,850,Monedero
6192,2000209585,Concepcion,Los Canelos,20167,L2,V1,2026-02-08 20:00:50,2026-02-08 20:37:01,CC→CW,2026-02-08,,20167,20167,850,Monedero
6193,2000209667,Lomas Coloradas,Concepcion,20050,L2,V1,2026-02-08 11:12:11,2026-02-08 11:39:11,CW→CC,2026-02-08,,20050,20050,570,Monedero
6194,2000209769,Los Canelos,Concepcion,20160,L2,V1,2026-02-08 17:25:15,2026-02-08 18:29:20,CW→CC,2026-02-08,,20160,20160,850,Monedero
6195,2000209876,Concepcion,El Parque,20035,L2,V1,2026-02-08 09:31:12,2026-02-08 10:23:33,CC→CW,2026-02-08,,20035,20035,570,Monedero
6196,2000209934,Manquimavida,Concepcion,20850,L1,V1,2026-02-08 09:04:25,2026-02-08 10:45:11,HQ→TH,2026-02-08,combo_por_entrada,20850,,910,Monedero
6197,2000209936,Hualqui,Lzo. Arenas,20844,L1,V1,2026-02-08 12:10:17,2026-02-08 13:02:35,HQ→TH,2026-02-08,,20844,20844,550,Monedero
6198,2000209936,Hualqui,Lzo. Arenas,20844,L1,V1,2026-02-08 12:10:25,2026-02-08 13:02:28,HQ→TH,2026-02-08,,20844,20844,550,Monedero
6199,2000210307,Cristo Redentor,Concepcion,20166,L2,V1,2026-02-08 19:09:53,2026-02-08 20:01:42,CW→CC,2026-02-08,,20166,20166,850,Monedero
6200,2000210570,Concepcion,Cristo Redentor,20157,L2,V2,2026-02-08 17:34:23,2026-02-08 18:11:39,,2026-02-08,sin_combo_factible_en_hub|sin_s1_factible_retro,,20157,850,Monedero
6201,2000210582,Higueras,La Leonera,20847,L1,V1,2026-02-08 20:06:26,2026-02-08 20:47:49,TH→HQ,2026-02-08,,20847,20847,540,Monedero
6202,2000210693,Huinca,Alborada,20170,L2,V1,2026-02-08 20:08:43,2026-02-08 20:48:53,CW→CC,2026-02-08,,20170,20170,680,Monedero
6203,2000210744,Coronel,Diagonal Bio Bio,20052,L2,V1,2026-02-08 11:15:44,2026-02-08 11:53:03,CW→CC,2026-02-08,,20052,20052,790,Monedero
6204,2000210744,Juan Pablo II,Laguna Quinenco,20171,L2,V1,2026-02-08 20:45:02,2026-02-08 21:45:33,CC→CW,2026-02-08,,20171,20167,790,Monedero
6205,2000210785,Laguna Quinenco,Diagonal Bio Bio,20066,L2,V1,2026-02-08 14:33:28,2026-02-08 15:13:49,CW→CC,2026-02-08,,20066,20063,790,Monedero
6206,2000210849,Concepcion,Laguna Quinenco,20153,L2,V1,2026-02-08 08:50:46,2026-02-08 10:01:09,CC→CW,2026-02-08,,20153,20153,880,Monedero
6207,2000211020,Lomas Coloradas,Concepcion,20056,L2,V1,2026-02-08 12:37:45,2026-02-08 13:04:10,CW→CC,2026-02-08,,20056,20056,570,Monedero
6208,2000211020,Concepcion,Lomas Coloradas,20171,L2,V1,2026-02-08 20:55:47,2026-02-08 21:27:05,CC→CW,2026-02-08,,20171,,570,Monedero
6209,2000211320,Huinca,El Parque,20058,L2,V1,2026-02-08 12:34:01,2026-02-08 12:58:35,CW→CC,2026-02-08,,20058,20058,630,Monedero
6210,2000211332,El Parque,Hito Galvarino,20157,L2,V1,2026-02-08 17:42:55,2026-02-08 18:02:02,CC→CW,2026-02-08,,20157,20157,610,Monedero
6211,2000211385,Los Canelos,Concepcion,20044,L2,V1,2026-02-08 10:02:53,2026-02-08 10:47:34,CW→CC,2026-02-08,,20044,20044,850,Monedero
6212,2000211385,Concepcion,Los Canelos,20171,L2,V1,2026-02-08 20:42:45,2026-02-08 21:38:35,CC→CW,2026-02-08,,20171,,850,Monedero
6213,2000211426,Cristo Redentor,Costa Mar,20170,L2,V1,2026-02-08 19:59:05,2026-02-08 20:49:00,CW→CC,2026-02-08,,20170,20170,630,Monedero
6214,2000211614,Chiguayante,Mercado,20844,L1,V1,2026-02-08 12:17:27,2026-02-08 13:18:15,HQ→TH,2026-02-08,,20844,20844,550,Monedero
6215,2000211614,Mercado,Chiguayante,20845,L1,V1,2026-02-08 15:49:06,2026-02-08 16:40:17,TH→HQ,2026-02-08,,20845,20845,550,Monedero
6216,2000211654,Concepcion,Lomas Coloradas,20041,L2,V1,2026-02-08 10:26:42,2026-02-08 10:49:57,CC→CW,2026-02-08,,20041,20041,570,Monedero
6217,2000211794,Concepcion,Hito Galvarino,20067,L2,V1,2026-02-08 14:58:53,2026-02-08 16:02:04,CC→CW,2026-02-08,,20067,20067,850,Monedero
6218,2000211794,Hito Galvarino,Concepcion,20170,L2,V1,2026-02-08 20:26:56,2026-02-08 21:01:52,CW→CC,2026-02-08,,20170,20170,850,Monedero
6219,2000211924,Los Condores,Manquimavida,20859,L1,V1,2026-02-08 12:32:20,2026-02-08 13:16:16,TH→HQ,2026-02-08,,20859,20859,540,Monedero
6220,2000212048,Concepcion,UTF Santa Maria,20846,L1,V1,2026-02-08 17:26:05,2026-02-08 17:44:23,HQ→TH,2026-02-08,,20846,20846,500,Monedero
6221,2000212209,Coronel,Concepcion,20076,L2,V1,2026-02-08 16:25:22,2026-02-08 17:31:07,CW→CC,2026-02-08,,20076,20076,880,Monedero
6222,2000212209,Concepcion,Coronel,20163,L2,V1,2026-02-08 19:05:26,2026-02-08 20:46:05,CC→CW,2026-02-08,,20163,20163,880,Monedero
6223,2000212241,Concepcion,Concepcion,,,N/A,2026-02-08 15:36:17,2026-02-08 15:54:55,,2026-02-08,no viajo,,,420,Monedero
6224,2000212453,Laguna Quinenco,Lomas Coloradas,20050,L2,V1,2026-02-08 10:56:40,2026-02-08 11:19:20,CW→CC,2026-02-08,,20050,20050,650,Monedero
6225,2000212453,Lomas Coloradas,Laguna Quinenco,20167,L2,V1,2026-02-08 20:19:14,2026-02-08 20:43:26,CC→CW,2026-02-08,,20167,20167,650,Monedero
6226,2000212457,Cristo Redentor,El Parque,20066,L2,V1,2026-02-08 14:46:47,2026-02-08 15:07:46,CW→CC,2026-02-08,,20066,20066,630,Monedero
6227,2000212609,Cdal. Raul Silva Henriquez,Laguna Quinenco,20053,L2,V1,2026-02-08 12:30:41,2026-02-08 12:53:50,CC→CW,2026-02-08,,20053,20053,650,Monedero
6228,2000212609,Laguna Quinenco,Concepcion,20160,L2,V1,2026-02-08 17:43:35,2026-02-08 18:28:17,CW→CC,2026-02-08,,20160,20160,880,Monedero
6229,2000212704,Concepcion,Cristo Redentor,20059,L2,V1,2026-02-08 12:32:33,2026-02-08 13:58:02,CC→CW,2026-02-08,,20059,20059,850,Monedero
6230,2000212856,Concepcion,Hito Galvarino,20059,L2,V1,2026-02-08 13:09:02,2026-02-08 13:50:04,CC→CW,2026-02-08,,20059,20059,850,Monedero
6231,2000212856,Hito Galvarino,Concepcion,20166,L2,V1,2026-02-08 18:51:03,2026-02-08 20:04:59,CW→CC,2026-02-08,,20166,20166,850,Monedero
6232,2000212856,Hito Galvarino,Concepcion,20166,L2,V1,2026-02-08 18:51:09,2026-02-08 20:04:56,CW→CC,2026-02-08,,20166,20166,850,Monedero
6233,2000212864,Costa Mar,Concepcion,20166,L2,V1,2026-02-08 19:37:36,2026-02-08 20:00:54,CW→CC,2026-02-08,,20166,20166,570,Monedero
6234,2000212902,Cdal. Raul Silva Henriquez,Costa Mar,20076,L2,V1,2026-02-08 16:55:58,2026-02-08 17:14:29,CW→CC,2026-02-08,,20076,20076,430,Monedero
6235,2000212906,Concepcion,Laguna Quinenco,20053,L2,V1,2026-02-08 11:59:12,2026-02-08 12:51:06,CC→CW,2026-02-08,,20053,20053,880,Monedero
6236,2000212906,Laguna Quinenco,Concepcion,20166,L2,V1,2026-02-08 19:16:37,2026-02-08 19:59:36,CW→CC,2026-02-08,,20166,20166,880,Monedero
6237,2000213026,Huinca,Concepcion,20076,L2,V1,2026-02-08 16:52:08,2026-02-08 17:34:15,CW→CC,2026-02-08,,20076,20076,850,Monedero
6238,2000213028,Huinca,Laguna Quinenco,20051,L2,V1,2026-02-08 12:15:18,2026-02-08 12:25:34,CC→CW,2026-02-08,,20051,20051,450,Monedero
6239,2000213028,Laguna Quinenco,Huinca,20066,L2,V1,2026-02-08 14:21:44,2026-02-08 14:50:43,CW→CC,2026-02-08,,20066,20066,450,Monedero
6240,2000213086,Lomas Coloradas,Diagonal Bio Bio,20162,L2,V1,2026-02-08 18:31:47,2026-02-08 18:49:39,CW→CC,2026-02-08,,20162,20162,510,Monedero
6241,2000213185,Costa Mar,Huinca,20153,L2,V1,2026-02-08 09:23:24,2026-02-08 09:54:07,CC→CW,2026-02-08,,20153,20153,630,Monedero
6242,2000213249,Concepcion,Los Canelos,20157,L2,V1,2026-02-08 17:26:21,2026-02-08 18:04:54,CC→CW,2026-02-08,,20157,,850,Monedero
6243,2000213323,Los Canelos,Laguna Quinenco,20157,L2,V1,2026-02-08 17:54:49,2026-02-08 18:12:44,CC→CW,2026-02-08,,20157,,530,Monedero
6244,2000213323,Laguna Quinenco,Los Canelos,20170,L2,V1,2026-02-08 20:14:30,2026-02-08 20:28:27,CW→CC,2026-02-08,,20170,20170,530,Monedero
6245,2000213403,Concepcion,Cdal. Raul Silva Henriquez,20067,L2,V1,2026-02-08 14:52:47,2026-02-08 15:56:18,CC→CW,2026-02-08,,20067,20067,570,Monedero
6246,2000213442,Concepcion,Cdal. Raul Silva Henriquez,20157,L2,V1,2026-02-08 17:24:42,2026-02-08 17:55:09,CC→CW,2026-02-08,,20157,,570,Monedero
6247,2000213746,Cristo Redentor,Concepcion,20066,L2,V1,2026-02-08 14:39:47,2026-02-08 15:23:45,CW→CC,2026-02-08,,20066,20066,850,Monedero
6248,2000213805,El Parque,Cdal. Raul Silva Henriquez,20167,L2,V1,2026-02-08 19:50:55,2026-02-08 20:26:30,CC→CW,2026-02-08,,20167,20167,430,Monedero
6249,2000213955,Cdal. Raul Silva Henriquez,Laguna Quinenco,20153,L2,V1,2026-02-08 09:39:55,2026-02-08 10:00:07,CC→CW,2026-02-08,,20153,20153,650,Monedero
6250,2000213955,Laguna Quinenco,Cdal. Raul Silva Henriquez,20170,L2,V1,2026-02-08 20:03:19,2026-02-08 20:36:36,CW→CC,2026-02-08,,20170,20170,650,Monedero
6251,2000214035,Los Canelos,Lomas Coloradas,20170,L2,V1,2026-02-08 20:17:44,2026-02-08 20:41:18,CW→CC,2026-02-08,,20170,20170,610,Monedero
6252,2000214048,Costa Mar,Concepcion,20066,L2,V1,2026-02-08 15:07:44,2026-02-08 15:23:40,CW→CC,2026-02-08,,20066,20066,570,Monedero
6253,2000214054,Higueras,Concepcion,20845,L1,V1,2026-02-08 16:02:53,2026-02-08 17:06:13,TH→HQ,2026-02-08,combo_por_entrada,20845,20069,590,Monedero
6254,2000214055,Lomas Coloradas,El Parque,20152,L2,V1,2026-02-08 08:49:47,2026-02-08 09:00:37,CW→CC,2026-02-08,,20152,20152,430,Monedero
6255,2000214059,Lomas Coloradas,Concepcion,20170,L2,V1,2026-02-08 20:36:59,2026-02-08 21:01:12,CW→CC,2026-02-08,,20170,20170,570,Monedero
6256,2000214120,Alborada,Cdal. Raul Silva Henriquez,20053,L2,V1,2026-02-08 12:10:29,2026-02-08 12:35:14,CC→CW,2026-02-08,,20053,20053,510,Monedero
6257,2000214120,Alborada,Cdal. Raul Silva Henriquez,20053,L2,V1,2026-02-08 12:10:34,2026-02-08 12:35:05,CC→CW,2026-02-08,,20053,20053,510,Monedero
6258,2000214120,Cdal. Raul Silva Henriquez,Alborada,20076,L2,V1,2026-02-08 16:47:00,2026-02-08 17:16:23,CW→CC,2026-02-08,,20076,20076,510,Monedero
6259,2000214120,Cdal. Raul Silva Henriquez,Alborada,20076,L2,V1,2026-02-08 16:47:17,2026-02-08 17:16:18,CW→CC,2026-02-08,,20076,20076,510,Monedero
6260,2000214213,Concepcion,Cdal. Raul Silva Henriquez,20171,L2,V1,2026-02-08 20:46:43,2026-02-08 21:33:54,CC→CW,2026-02-08,,20171,20171,570,Monedero
6261,2000214243,Cdal. Raul Silva Henriquez,Diagonal Bio Bio,20062,L2,V1,2026-02-08 14:05:26,2026-02-08 14:23:54,CW→CC,2026-02-08,,20062,20062,510,Monedero
6262,2000214269,Los Canelos,Cdal. Raul Silva Henriquez,20050,L2,V1,2026-02-08 10:59:15,2026-02-08 11:17:10,CW→CC,2026-02-08,,20050,20050,610,Monedero
6263,2000214433,Concepcion,Cristo Redentor,20157,L2,V1,2026-02-08 17:24:02,2026-02-08 18:08:28,CC→CW,2026-02-08,,20157,,850,Monedero
6264,2000214576,Cdal. Raul Silva Henriquez,Costa Mar,20062,L2,V1,2026-02-08 13:37:03,2026-02-08 16:41:10,CW→CC,2026-02-08,,20062,20062,430,Monedero
6265,2000214576,Costa Mar,Cdal. Raul Silva Henriquez,20069,L2,V1,2026-02-08 16:41:14,2026-02-08 17:10:12,CC→CW,2026-02-08,,20069,20069,430,Monedero
6266,2000214609,Concepcion,Cristo Redentor,20069,L2,V1,2026-02-08 16:25:28,2026-02-08 17:23:44,CC→CW,2026-02-08,,20069,20069,850,Monedero
6267,2000214643,Concepcion,Lzo. Arenas,20848,L1,V1,2026-02-08 20:31:35,2026-02-08 21:12:33,HQ→TH,2026-02-08,match_por_salida_fallback,20848,20848,570,Monedero
6268,2000214658,Coronel,Concepcion,20162,L2,V1,2026-02-08 17:59:25,2026-02-08 18:59:27,CW→CC,2026-02-08,,20162,20162,880,Monedero
6269,2000214714,El Parque,Lomas Coloradas,20149,L2,V1,2026-02-08 08:48:08,2026-02-08 08:52:28,CC→CW,2026-02-08,,20149,20149,430,Monedero
6270,2000214714,El Parque,Lomas Coloradas,20149,L2,V1,2026-02-08 08:48:12,2026-02-08 08:52:25,CC→CW,2026-02-08,,20149,20149,430,Monedero
6271,2000214727,Laguna Quinenco,Juan Pablo II,20156,L2,V1,2026-02-08 09:19:11,2026-02-08 09:55:06,CW→CC,2026-02-08,,20156,20156,790,Monedero
6272,2000214727,Juan Pablo II,Laguna Quinenco,20163,L2,V1,2026-02-08 19:07:56,2026-02-08 19:43:09,CC→CW,2026-02-08,,20163,20163,790,Monedero
6273,2000214728,Lomas Coloradas,Los Canelos,20167,L2,V1,2026-02-08 20:18:07,2026-02-08 20:36:38,CC→CW,2026-02-08,,20167,20167,610,Monedero
6274,2000214728,Lomas Coloradas,Los Canelos,20167,L2,V1,2026-02-08 20:18:14,2026-02-08 20:36:23,CC→CW,2026-02-08,,20167,20167,610,Monedero
6275,2000214886,Laguna Quinenco,Concepcion,,,N/A,2026-02-08 14:05:45,2026-02-08 15:10:52,,2026-02-08,sin_combo_factible_en_hub|sin_s1_factible_retro,,,880,Monedero
6276,2000214940,Los Canelos,Laguna Quinenco,20157,L2,V1,2026-02-08 17:42:31,2026-02-08 18:11:32,CC→CW,2026-02-08,,20157,,530,Monedero
6277,2000214956,Lomas Coloradas,Concepcion,20058,L2,V1,2026-02-08 12:44:16,2026-02-08 13:15:31,CW→CC,2026-02-08,,20058,20056,570,Monedero
6278,2000214983,Laguna Quinenco,Huinca,20170,L2,V1,2026-02-08 20:13:25,2026-02-08 20:26:05,CW→CC,2026-02-08,,20170,20170,450,Monedero
6279,2000215256,Cdal. Raul Silva Henriquez,Concepcion,20062,L2,V1,2026-02-08 13:37:52,2026-02-08 14:38:32,CW→CC,2026-02-08,,20062,20062,570,Monedero
6280,2000215256,Cdal. Raul Silva Henriquez,Concepcion,20062,L2,V1,2026-02-08 13:37:58,2026-02-08 14:38:27,CW→CC,2026-02-08,,20062,20062,570,Monedero
6281,2000215256,Concepcion,Cdal. Raul Silva Henriquez,20067,L2,V1,2026-02-08 14:53:32,2026-02-08 15:58:25,CC→CW,2026-02-08,,20067,20067,570,Monedero
6282,2000215256,Concepcion,Cdal. Raul Silva Henriquez,20067,L2,V1,2026-02-08 14:53:38,2026-02-08 15:58:20,CC→CW,2026-02-08,,20067,20067,570,Monedero
6283,2000215338,El Parque,Concepcion,20152,L2,V1,2026-02-08 08:47:41,2026-02-08 09:16:35,CW→CC,2026-02-08,,20152,20152,570,Monedero
6284,2000215338,Concepcion,El Parque,20171,L2,V1,2026-02-08 20:38:33,2026-02-08 21:25:19,CC→CW,2026-02-08,,20171,20171,570,Monedero
6285,2000215376,Concepcion,Los Canelos,20063,L2,V1,2026-02-08 14:11:23,2026-02-08 15:09:37,CC→CW,2026-02-08,,20063,20063,850,Monedero
6286,2000215417,El Parque,Juan Pablo II,20066,L2,V1,2026-02-08 14:59:30,2026-02-08 15:16:18,CW→CC,2026-02-08,,20066,20063,510,Monedero
6287,2000215755,Cristo Redentor,Concepcion,20152,L2,V1,2026-02-08 08:18:04,2026-02-08 09:18:11,CW→CC,2026-02-08,,20152,20152,850,Monedero
6288,2000215755,Concepcion,Cristo Redentor,20067,L2,V1,2026-02-08 15:05:50,2026-02-08 16:08:00,CC→CW,2026-02-08,,20067,20067,850,Monedero
6289,2000215834,Los Canelos,Concepcion,20062,L2,V1,2026-02-08 13:57:58,2026-02-08 14:39:41,CW→CC,2026-02-08,,20062,20062,850,Monedero
6290,2000215834,Los Canelos,Concepcion,20062,L2,V1,2026-02-08 13:58:01,2026-02-08 14:39:37,CW→CC,2026-02-08,,20062,20062,850,Monedero
6291,2000215834,Concepcion,Los Canelos,20161,L2,V1,2026-02-08 18:22:30,2026-02-08 19:04:10,CC→CW,2026-02-08,,20161,20161,850,Monedero
6292,2000215834,Concepcion,Los Canelos,20161,L2,V1,2026-02-08 18:22:33,2026-02-08 19:04:04,CC→CW,2026-02-08,,20161,20161,850,Monedero
6293,2000215847,Concepcion,Juan Pablo II,20069,L2,V1,2026-02-08 15:25:05,2026-02-08 16:52:46,CC→CW,2026-02-08,combo_por_entrada,20069,20069,560,Monedero
6294,2000215888,Hito Galvarino,Lomas Coloradas,20062,L2,V1,2026-02-08 14:03:02,2026-02-08 14:13:33,CW→CC,2026-02-08,,20062,20062,610,Monedero
6295,2000215888,Lomas Coloradas,Hito Galvarino,20157,L2,V1,2026-02-08 17:37:59,2026-02-08 18:01:13,CC→CW,2026-02-08,,20157,,610,Monedero
6296,2000216186,Concepcion,Coronel,20059,L2,V1,2026-02-08 12:50:53,2026-02-08 14:04:01,CC→CW,2026-02-08,,20059,20059,880,Monedero
6297,2000216206,Costa Mar,Juan Pablo II,20160,L2,V1,2026-02-08 18:08:33,2026-02-08 18:20:33,CW→CC,2026-02-08,,20160,20160,510,Monedero
6298,2000216229,Coronel,Costa Mar,20170,L2,V1,2026-02-08 20:14:48,2026-02-08 20:46:03,CW→CC,2026-02-08,,20170,20170,650,Monedero
6299,2000216255,Costa Mar,Lomas Coloradas,20157,L2,V1,2026-02-08 17:44:12,2026-02-08 17:52:58,CC→CW,2026-02-08,,20157,,430,Monedero
6300,2000216258,Costa Mar,Los Canelos,20153,L2,V1,2026-02-08 09:26:04,2026-02-08 09:51:52,CC→CW,2026-02-08,,20153,20153,610,Monedero
6301,2000216259,Costa Mar,Concepcion,20160,L2,V1,2026-02-08 17:44:03,2026-02-08 18:27:34,CW→CC,2026-02-08,,20160,20160,570,Monedero
6302,2000216283,Concepcion,Costa Mar,20167,L2,V1,2026-02-08 19:08:44,2026-02-08 20:17:15,CC→CW,2026-02-08,,20167,20163,570,Monedero
6303,2000216285,Costa Mar,Cristo Redentor,20149,L2,V1,2026-02-08 08:33:27,2026-02-08 09:09:50,CC→CW,2026-02-08,,20149,20149,630,Monedero
6304,2000216405,Lomas Coloradas,Huinca,20171,L2,V1,2026-02-08 20:48:35,2026-02-08 21:40:43,CC→CW,2026-02-08,,20171,,630,Monedero
6305,2000216405,Lomas Coloradas,Huinca,20171,L2,V1,2026-02-08 20:48:40,2026-02-08 21:40:41,CC→CW,2026-02-08,,20171,,630,Monedero
6306,2000216514,Cdal. Raul Silva Henriquez,El Parque,20050,L2,V1,2026-02-08 11:05:39,2026-02-08 11:21:43,CW→CC,2026-02-08,,20050,20050,430,Monedero
6307,2000216529,Cdal. Raul Silva Henriquez,Costa Mar,20040,L2,V1,2026-02-08 09:58:18,2026-02-08 10:08:49,CW→CC,2026-02-08,,20040,20040,430,Monedero
6308,2000216529,Costa Mar,Concepcion,20052,L2,V1,2026-02-08 11:44:54,2026-02-08 12:04:34,CW→CC,2026-02-08,,20052,20052,570,Monedero
6309,2000216529,Concepcion,Cdal. Raul Silva Henriquez,20167,L2,V1,2026-02-08 19:57:09,2026-02-08 20:26:12,CC→CW,2026-02-08,,20167,20167,570,Monedero
6310,2000216530,Cdal. Raul Silva Henriquez,Concepcion,20050,L2,V1,2026-02-08 10:43:09,2026-02-08 11:39:24,CW→CC,2026-02-08,,20050,20050,570,Monedero
6311,2000216530,Concepcion,Cdal. Raul Silva Henriquez,20167,L2,V1,2026-02-08 19:57:05,2026-02-08 20:26:17,CC→CW,2026-02-08,,20167,20167,570,Monedero
6312,2000216638,Concepcion,Cristo Redentor,20035,L2,V1,2026-02-08 09:50:45,2026-02-08 10:41:51,CC→CW,2026-02-08,,20035,,850,Monedero
6313,2000216680,Concepcion,Concepcion,,,N/A,2026-02-08 10:41:51,2026-02-08 10:42:21,,2026-02-08,no viajo,,,420,Monedero
6314,2000216783,Concepcion,Cdal. Raul Silva Henriquez,20163,L2,V1,2026-02-08 18:48:01,2026-02-08 19:26:13,CC→CW,2026-02-08,,20163,20163,570,Monedero
6315,2000216783,Concepcion,Cdal. Raul Silva Henriquez,20163,L2,V1,2026-02-08 18:48:03,2026-02-08 19:26:08,CC→CW,2026-02-08,,20163,20163,570,Monedero
6316,2000216802,Hito Galvarino,Concepcion,20152,L2,V1,2026-02-08 08:27:32,2026-02-08 09:19:09,CW→CC,2026-02-08,,20152,20152,850,Monedero
6317,2000216818,Concepcion,Coronel,20049,L2,V1,2026-02-08 10:54:44,2026-02-08 17:59:40,CC→CW,2026-02-08,,20049,20049,880,Monedero
6318,2000216818,Coronel,Concepcion,20162,L2,V1,2026-02-08 17:59:49,2026-02-08 19:05:43,CW→CC,2026-02-08,,20162,20162,880,Monedero
6319,2000216820,Cristo Redentor,Concepcion,20170,L2,V1,2026-02-08 20:18:48,2026-02-08 21:05:28,CW→CC,2026-02-08,,20170,20170,850,Monedero
6320,2000216820,Cristo Redentor,Concepcion,20170,L2,V1,2026-02-08 20:18:53,2026-02-08 21:05:17,CW→CC,2026-02-08,,20170,20170,850,Monedero
6321,2000216823,Lomas Coloradas,Cristo Redentor,20059,L2,V1,2026-02-08 13:15:34,2026-02-08 13:58:51,CC→CW,2026-02-08,,20059,20059,630,Monedero
6322,2000216926,Laguna Quinenco,Concepcion,20170,L2,V1,2026-02-08 20:09:17,2026-02-08 21:01:04,CW→CC,2026-02-08,,20170,20170,880,Monedero
6323,2000216973,Cdal. Raul Silva Henriquez,Concepcion,20044,L2,V1,2026-02-08 10:23:06,2026-02-08 10:48:12,CW→CC,2026-02-08,,20044,20044,570,Monedero
6324,2000217068,Coronel,Cristo Redentor,20076,L2,V1,2026-02-08 16:44:35,2026-02-08 16:54:05,CW→CC,2026-02-08,,20076,20076,450,Monedero
6325,2000217263,Coronel,Diagonal Bio Bio,20040,L2,V1,2026-02-08 09:33:12,2026-02-08 10:12:54,CW→CC,2026-02-08,,20040,20040,790,Monedero
6326,2000217263,Juan Pablo II,Coronel,20067,L2,V1,2026-02-08 15:30:20,2026-02-08 16:14:30,CC→CW,2026-02-08,,20067,20067,790,Monedero
6327,2000217298,Los Canelos,Lomas Coloradas,20068,L2,V1,2026-02-08 15:38:58,2026-02-08 16:03:52,CW→CC,2026-02-08,,20068,20068,610,Monedero
6328,2000217298,Cdal. Raul Silva Henriquez,Los Canelos,20163,L2,V1,2026-02-08 19:21:12,2026-02-08 19:36:57,CC→CW,2026-02-08,,20163,20163,610,Monedero
6329,2000217343,Laguna Quinenco,Costa Mar,20160,L2,V1,2026-02-08 17:19:32,2026-02-08 18:12:46,CW→CC,2026-02-08,,20160,20160,650,Monedero
6330,2000217343,Laguna Quinenco,Costa Mar,20160,L2,V1,2026-02-08 17:19:38,2026-02-08 18:12:43,CW→CC,2026-02-08,,20160,20160,650,Monedero
6331,2000217361,Lomas Coloradas,Concepcion,20062,L2,V1,2026-02-08 14:10:37,2026-02-08 14:33:27,CW→CC,2026-02-08,,20062,20062,570,Monedero
6332,2000217367,Coronel,Concepcion,20066,L2,V1,2026-02-08 14:30:56,2026-02-08 15:25:04,CW→CC,2026-02-08,,20066,20066,880,Monedero
6333,2000217367,Concepcion,Coronel,20171,L2,V1,2026-02-08 20:29:25,2026-02-08 21:48:29,CC→CW,2026-02-08,,20171,,880,Monedero
6334,2000217372,Coronel,Concepcion,20068,L2,V1,2026-02-08 15:34:31,2026-02-08 16:24:57,CW→CC,2026-02-08,,20068,20068,880,Monedero
6335,2000217372,Concepcion,Coronel,,,N/A,2026-02-08 20:50:52,2026-02-08 21:47:59,,2026-02-08,sin_combo_factible_en_hub|sin_s1_factible_retro,,,880,Monedero
6336,2000217416,Cdal. Raul Silva Henriquez,Coronel,20035,L2,V1,2026-02-08 10:15:29,2026-02-08 10:47:27,CC→CW,2026-02-08,,20035,,650,Monedero
6337,2000217416,Coronel,Cdal. Raul Silva Henriquez,20170,L2,V1,2026-02-08 20:09:01,2026-02-08 20:36:20,CW→CC,2026-02-08,,20170,20170,650,Monedero
6338,2000217443,Hito Galvarino,Concepcion,20040,L2,V1,2026-02-08 09:47:27,2026-02-08 10:24:05,CW→CC,2026-02-08,,20040,20040,850,Monedero
6339,2000217463,Laguna Quinenco,Concepcion,20152,L2,V1,2026-02-08 08:06:33,2026-02-08 09:16:44,CW→CC,2026-02-08,,20152,20152,880,Monedero
6340,2000217467,Coronel,Concepcion,20056,L2,V1,2026-02-08 12:09:55,2026-02-08 13:04:08,CW→CC,2026-02-08,,20056,20056,880,Monedero
6341,2000217467,Coronel,Concepcion,20056,L2,V1,2026-02-08 12:10:02,2026-02-08 13:04:01,CW→CC,2026-02-08,,20056,20056,880,Monedero
6342,2000217469,Concepcion,Cristo Redentor,20171,L2,V1,2026-02-08 20:00:20,2026-02-08 21:42:06,CC→CW,2026-02-08,combo_por_entrada,20171,,880,Monedero
6343,2000217488,Cristo Redentor,Cdal. Raul Silva Henriquez,20066,L2,V1,2026-02-08 14:28:29,2026-02-08 15:01:33,CW→CC,2026-02-08,,20066,20066,630,Monedero
6344,2000217554,Concepcion,Lomas Coloradas,20171,L2,V1,2026-02-08 20:56:58,2026-02-08 21:27:10,CC→CW,2026-02-08,,20171,,570,Monedero
6345,2000217570,Lomas Coloradas,Concepcion,20160,L2,V1,2026-02-08 17:57:08,2026-02-08 18:27:47,CW→CC,2026-02-08,,20160,20160,570,Monedero
6346,2000217598,Alborada,Lomas Coloradas,20153,L2,V1,2026-02-08 09:13:22,2026-02-08 09:39:52,CC→CW,2026-02-08,,20153,20153,510,Monedero
6347,2000217598,Lomas Coloradas,Alborada,20062,L2,V1,2026-02-08 13:32:33,2026-02-08 14:21:00,CW→CC,2026-02-08,,20062,20062,510,Monedero
6348,2000217635,Cdal. Raul Silva Henriquez,Concepcion,20066,L2,V1,2026-02-08 14:58:41,2026-02-08 15:26:28,CW→CC,2026-02-08,,20066,20066,570,Monedero
6349,2000217635,Cdal. Raul Silva Henriquez,Concepcion,20066,L2,V1,2026-02-08 15:00:10,2026-02-08 15:26:22,CW→CC,2026-02-08,,20066,20066,570,Monedero
6350,2000217641,Lomas Coloradas,El Parque,20152,L2,V1,2026-02-08 08:53:15,2026-02-08 09:00:37,CW→CC,2026-02-08,,20152,20152,430,Monedero
6351,2000217660,Cristo Redentor,Diagonal Bio Bio,20068,L2,V1,2026-02-08 15:31:36,2026-02-08 16:13:23,CW→CC,2026-02-08,,20068,20068,680,Monedero
6352,2000217724,Concepcion,Costa Mar,20167,L2,V1,2026-02-08 19:55:03,2026-02-08 20:17:15,CC→CW,2026-02-08,,20167,20167,570,Monedero
6353,2000217745,Costa Mar,Concepcion,20066,L2,V1,2026-02-08 15:07:35,2026-02-08 15:23:45,CW→CC,2026-02-08,,20066,20066,570,Monedero
6354,2000217749,Costa Mar,Los Canelos,20161,L2,V1,2026-02-08 18:42:37,2026-02-08 19:02:55,CC→CW,2026-02-08,,20161,20161,610,Monedero
6355,2000217756,Concepcion,Costa Mar,20171,L2,V1,2026-02-08 20:51:54,2026-02-08 21:22:28,CC→CW,2026-02-08,,20171,,570,Monedero
6356,2000217792,Costa Mar,Concepcion,20062,L2,V1,2026-02-08 14:09:12,2026-02-08 14:33:02,CW→CC,2026-02-08,,20062,20062,570,Monedero
6357,2000217792,Concepcion,Costa Mar,20069,L2,V1,2026-02-08 16:28:53,2026-02-08 16:59:38,CC→CW,2026-02-08,,20069,20069,570,Monedero
6358,2000217792,Costa Mar,Coronel,20161,L2,V1,2026-02-08 18:39:35,2026-02-08 19:13:49,CC→CW,2026-02-08,,20161,20161,650,Monedero
6359,2000217793,Costa Mar,Concepcion,20062,L2,V1,2026-02-08 14:09:14,2026-02-08 14:33:32,CW→CC,2026-02-08,,20062,20062,570,Monedero
6360,2000217846,Diagonal Bio Bio,Hito Galvarino,20171,L2,V1,2026-02-08 20:55:24,2026-02-08 21:35:27,CC→CW,2026-02-08,,20171,,650,Monedero
6361,2000217860,Cristo Redentor,Diagonal Bio Bio,20040,L2,V1,2026-02-08 09:36:37,2026-02-08 10:12:47,CW→CC,2026-02-08,,20040,20040,680,Monedero
6362,2000217860,Juan Pablo II,Cristo Redentor,20067,L2,V1,2026-02-08 15:30:23,2026-02-08 16:08:32,CC→CW,2026-02-08,,20067,20067,680,Monedero
6363,2000217892,Lomas Coloradas,Cristo Redentor,20063,L2,V1,2026-02-08 14:47:42,2026-02-08 15:15:22,CC→CW,2026-02-08,,20063,20063,630,Monedero
6364,2000218000,Los Canelos,Concepcion,20062,L2,V1,2026-02-08 13:59:39,2026-02-08 14:32:40,CW→CC,2026-02-08,,20062,20062,850,Monedero
6365,2000218009,Costa Mar,Cristo Redentor,20067,L2,V1,2026-02-08 14:55:48,2026-02-08 16:08:27,CC→CW,2026-02-08,,20067,20063,630,Monedero
6366,2000218009,Cristo Redentor,Costa Mar,20166,L2,V1,2026-02-08 19:00:52,2026-02-08 19:46:20,CW→CC,2026-02-08,,20166,20166,630,Monedero
6367,2000218039,Los Canelos,Concepcion,20066,L2,V1,2026-02-08 14:35:31,2026-02-08 15:26:32,CW→CC,2026-02-08,,20066,20066,850,Monedero
6368,2000218039,Concepcion,Los Canelos,20167,L2,V1,2026-02-08 19:57:57,2026-02-08 20:36:03,CC→CW,2026-02-08,,20167,20167,850,Monedero
6369,2000218056,Laguna Quinenco,Los Canelos,20170,L2,V1,2026-02-08 20:00:48,2026-02-08 20:27:50,CW→CC,2026-02-08,,20170,20170,530,Monedero
6370,2000218056,Laguna Quinenco,Los Canelos,20170,L2,V1,2026-02-08 20:00:54,2026-02-08 20:27:44,CW→CC,2026-02-08,,20170,20170,530,Monedero
6371,2000218061,Concepcion,Los Canelos,20161,L2,V1,2026-02-08 18:22:32,2026-02-08 19:03:26,CC→CW,2026-02-08,,20161,20161,850,Monedero
6372,2000218097,Concepcion,Huinca,20171,L2,V1,2026-02-08 20:54:11,2026-02-08 21:42:22,CC→CW,2026-02-08,,20171,,850,Monedero
6373,2000218097,Concepcion,Huinca,20171,L2,V1,2026-02-08 20:54:18,2026-02-08 21:42:14,CC→CW,2026-02-08,,20171,,850,Monedero
6374,2000218173,Laguna Quinenco,Cristo Redentor,20066,L2,V1,2026-02-08 14:21:08,2026-02-08 14:49:06,CW→CC,2026-02-08,,20066,20066,450,Monedero
6375,2000218197,Laguna Quinenco,Los Canelos,20162,L2,V1,2026-02-08 18:09:53,2026-02-08 18:27:23,CW→CC,2026-02-08,,20162,20162,530,Monedero
6376,2000218309,Costa Mar,Cristo Redentor,20067,L2,V1,2026-02-08 15:41:17,2026-02-08 16:07:52,CC→CW,2026-02-08,,20067,20067,630,Monedero
6377,2000218309,Cristo Redentor,El Parque,20166,L2,V1,2026-02-08 19:05:57,2026-02-08 19:44:13,CW→CC,2026-02-08,,20166,20166,630,Monedero
6378,2000218330,Cristo Redentor,Diagonal Bio Bio,20152,L2,V1,2026-02-08 08:36:49,2026-02-08 09:06:19,CW→CC,2026-02-08,,20152,20152,680,Monedero
6379,2000218330,Diagonal Bio Bio,Laguna Quinenco,20059,L2,V1,2026-02-08 13:27:12,2026-02-08 14:00:33,CC→CW,2026-02-08,,20059,20059,790,Monedero
6380,2000218380,Los Canelos,Concepcion,20066,L2,V1,2026-02-08 14:33:24,2026-02-08 15:23:40,CW→CC,2026-02-08,,20066,20066,850,Monedero
6381,2000218433,Los Canelos,Coronel,20051,L2,V1,2026-02-08 12:15:24,2026-02-08 12:29:00,CC→CW,2026-02-08,,20051,20051,530,Monedero
6382,2000218469,Concepcion,Laguna Quinenco,20051,L2,V1,2026-02-08 11:44:47,2026-02-08 12:26:08,CC→CW,2026-02-08,,20051,20051,880,Monedero
6383,2000218522,Cdal. Raul Silva Henriquez,Diagonal Bio Bio,20058,L2,V1,2026-02-08 12:45:19,2026-02-08 13:05:56,CW→CC,2026-02-08,,20058,20058,510,Monedero
6384,2000218522,Cdal. Raul Silva Henriquez,Diagonal Bio Bio,20058,L2,V1,2026-02-08 12:45:25,2026-02-08 13:05:50,CW→CC,2026-02-08,,20058,20058,510,Monedero
6385,2000218522,Diagonal Bio Bio,Cdal. Raul Silva Henriquez,20167,L2,V1,2026-02-08 19:59:15,2026-02-08 20:27:30,CC→CW,2026-02-08,,20167,20167,510,Monedero
6386,2000218522,Diagonal Bio Bio,Cdal. Raul Silva Henriquez,20167,L2,V1,2026-02-08 19:59:22,2026-02-08 20:27:24,CC→CW,2026-02-08,,20167,20167,510,Monedero
6387,2000218533,Costa Mar,Concepcion,20152,L2,V1,2026-02-08 08:49:50,2026-02-08 09:16:37,CW→CC,2026-02-08,,20152,20152,570,Monedero
6388,2000218534,Concepcion,Huinca,20171,L2,V1,2026-02-08 20:50:58,2026-02-08 21:40:45,CC→CW,2026-02-08,,20171,,850,Monedero
6389,2000218538,Cristo Redentor,Concepcion,20152,L2,V1,2026-02-08 08:28:31,2026-02-08 09:17:12,CW→CC,2026-02-08,,20152,20152,850,Monedero
6390,2000218572,Cristo Redentor,Concepcion,20162,L2,V1,2026-02-08 18:11:59,2026-02-08 19:00:19,CW→CC,2026-02-08,,20162,20162,850,Monedero
6391,2000218674,Laguna Quinenco,Concepcion,20068,L2,V1,2026-02-08 15:40:22,2026-02-08 16:28:17,CW→CC,2026-02-08,,20068,20068,880,Monedero
6392,2000218674,Laguna Quinenco,Concepcion,20068,L2,V1,2026-02-08 15:40:27,2026-02-08 16:28:10,CW→CC,2026-02-08,,20068,20068,880,Monedero
6393,2000218687,Concepcion,El Parque,20035,L2,V1,2026-02-08 10:01:01,2026-02-08 10:24:14,CC→CW,2026-02-08,,20035,20035,570,Monedero
6394,2000218687,El Parque,Concepcion,20170,L2,V1,2026-02-08 20:36:22,2026-02-08 21:00:44,CW→CC,2026-02-08,,20170,20170,570,Monedero
6395,2000218703,Hualqui,Chiguayante,20846,L1,V1,2026-02-08 16:56:06,2026-02-08 17:22:25,HQ→TH,2026-02-08,,20846,20846,500,Monedero
6396,2000218703,Chiguayante,Hualqui,20847,L1,V1,2026-02-08 20:35:13,2026-02-08 21:01:34,TH→HQ,2026-02-08,,20847,20847,500,Monedero
6397,2000218734,Concepcion,Higueras,20848,L1,V1,2026-02-08 20:41:40,2026-02-08 21:24:04,HQ→TH,2026-02-08,,20848,20848,500,Monedero
6398,2000218753,Costa Mar,Cdal. Raul Silva Henriquez,20051,L2,V1,2026-02-08 11:56:54,2026-02-08 12:09:11,CC→CW,2026-02-08,,20051,20051,430,Monedero
6399,2000218753,Costa Mar,Cdal. Raul Silva Henriquez,20051,L2,V1,2026-02-08 11:57:00,2026-02-08 12:09:04,CC→CW,2026-02-08,,20051,20051,430,Monedero
6400,2000218757,Concepcion,Los Canelos,20157,L2,V1,2026-02-08 16:53:50,2026-02-08 18:04:20,CC→CW,2026-02-08,,20157,,850,Monedero
6401,2000218757,Los Canelos,Concepcion,20162,L2,V1,2026-02-08 18:22:25,2026-02-08 18:58:53,CW→CC,2026-02-08,,20162,20162,850,Monedero
6402,2000218819,El Parque,Concepcion,20062,L2,V1,2026-02-08 14:04:34,2026-02-08 14:34:41,CW→CC,2026-02-08,,20062,20062,570,Monedero
6403,2000218819,Concepcion,El Parque,20069,L2,V1,2026-02-08 16:31:20,2026-02-08 17:03:34,CC→CW,2026-02-08,,20069,20069,570,Monedero
6404,2000218998,Concepcion,Laguna Quinenco,20163,L2,V1,2026-02-08 18:37:32,2026-02-08 19:43:06,CC→CW,2026-02-08,,20163,20161,880,Monedero
6405,2000219002,Concepcion,Laguna Quinenco,20161,L2,V1,2026-02-08 18:25:48,2026-02-08 19:10:32,CC→CW,2026-02-08,,20161,20161,880,Monedero
6406,2000219020,Coronel,Concepcion,20068,L2,V1,2026-02-08 15:29:27,2026-02-08 16:23:46,CW→CC,2026-02-08,,20068,20068,880,Monedero
6407,2000219035,Coronel,Concepcion,20056,L2,V1,2026-02-08 12:17:19,2026-02-08 13:04:48,CW→CC,2026-02-08,,20056,20056,880,Monedero
6408,2000219051,Concepcion,El Parque,20049,L2,V1,2026-02-08 11:16:36,2026-02-08 11:48:21,CC→CW,2026-02-08,,20049,20049,570,Monedero
6409,2000219107,Hito Galvarino,Concepcion,20166,L2,V1,2026-02-08 19:25:15,2026-02-08 19:59:41,CW→CC,2026-02-08,,20166,20166,850,Monedero
6410,2000219137,Cristo Redentor,Concepcion,20068,L2,V1,2026-02-08 15:07:05,2026-02-08 16:30:29,CW→CC,2026-02-08,,20068,20068,850,Monedero
6411,2000219137,Concepcion,Cristo Redentor,20167,L2,V1,2026-02-08 19:52:12,2026-02-08 20:44:18,CC→CW,2026-02-08,,20167,20167,850,Monedero
6412,2000219180,Concepcion,Huinca,20059,L2,V1,2026-02-08 13:15:20,2026-02-08 13:56:28,CC→CW,2026-02-08,,20059,20059,850,Monedero
6413,2000219180,Concepcion,Huinca,20059,L2,V1,2026-02-08 13:15:24,2026-02-08 13:56:12,CC→CW,2026-02-08,,20059,20059,850,Monedero
6414,2000219367,El Parque,Costa Mar,20170,L2,V1,2026-02-08 20:39:06,2026-02-08 20:45:48,CW→CC,2026-02-08,,20170,20170,430,Monedero
6415,2000219390,El Parque,Cdal. Raul Silva Henriquez,20069,L2,V1,2026-02-08 16:21:38,2026-02-08 17:09:29,CC→CW,2026-02-08,,20069,20069,430,Monedero
6416,2000219390,El Parque,Cdal. Raul Silva Henriquez,20069,L2,V1,2026-02-08 16:21:58,2026-02-08 17:09:15,CC→CW,2026-02-08,,20069,20069,430,Monedero
6417,2000219394,Concepcion,Costa Mar,20069,L2,V1,2026-02-08 16:23:32,2026-02-08 16:59:46,CC→CW,2026-02-08,,20069,20069,570,Monedero
6418,2000219488,Coronel,Concepcion,20044,L2,V1,2026-02-08 09:47:17,2026-02-08 10:49:39,CW→CC,2026-02-08,,20044,20040,880,Monedero
6419,2000219488,Coronel,Concepcion,20044,L2,V1,2026-02-08 09:47:22,2026-02-08 10:49:35,CW→CC,2026-02-08,,20044,20040,880,Monedero
6420,2000219488,Coronel,Concepcion,20044,L2,V1,2026-02-08 09:47:27,2026-02-08 10:49:31,CW→CC,2026-02-08,,20044,20040,880,Monedero
6421,2000219488,Concepcion,Coronel,20157,L2,V1,2026-02-08 17:19:26,2026-02-08 18:13:24,CC→CW,2026-02-08,,20157,,880,Monedero
6422,2000219488,Concepcion,Coronel,20157,L2,V1,2026-02-08 17:19:30,2026-02-08 18:13:19,CC→CW,2026-02-08,,20157,,880,Monedero
6423,2000219488,Concepcion,Coronel,20157,L2,V1,2026-02-08 17:19:35,2026-02-08 18:13:12,CC→CW,2026-02-08,,20157,,880,Monedero
6424,2000219506,Los Canelos,Laguna Quinenco,20157,L2,V1,2026-02-08 17:54:43,2026-02-08 18:12:31,CC→CW,2026-02-08,,20157,,530,Monedero
6425,2000219506,Laguna Quinenco,Los Canelos,20170,L2,V1,2026-02-08 20:14:24,2026-02-08 20:28:28,CW→CC,2026-02-08,,20170,20170,530,Monedero
6426,2000219523,Diagonal Bio Bio,Lomas Coloradas,20069,L2,V1,2026-02-08 16:49:16,2026-02-08 17:05:58,CC→CW,2026-02-08,,20069,20069,510,Monedero
6427,2000219559,Concepcion,Concepcion,,,N/A,2026-02-08 21:07:36,2026-02-08 21:08:22,,2026-02-08,no viajo,,,420,Monedero
6428,2000219681,Los Canelos,Concepcion,20152,L2,V1,2026-02-08 08:40:29,2026-02-08 09:18:08,CW→CC,2026-02-08,,20152,20152,850,Monedero
6429,2000219794,Concepcion,Alborada,20051,L2,V1,2026-02-08 11:43:36,2026-02-08 12:01:23,CC→CW,2026-02-08,,20051,20051,570,Monedero
6430,2000219795,Concepcion,Cdal. Raul Silva Henriquez,20053,L2,V1,2026-02-08 11:50:48,2026-02-08 12:33:51,CC→CW,2026-02-08,,20053,20051,570,Monedero
6431,2000219800,Laguna Quinenco,Concepcion,20152,L2,V1,2026-02-08 08:18:25,2026-02-08 09:17:07,CW→CC,2026-02-08,,20152,20152,880,Monedero
6432,2000219800,Concepcion,Laguna Quinenco,20167,L2,V1,2026-02-08 19:36:01,2026-02-08 20:44:30,CC→CW,2026-02-08,,20167,20167,880,Monedero
6433,2000219869,Diagonal Bio Bio,Costa Mar,20059,L2,V1,2026-02-08 13:11:14,2026-02-08 13:35:10,CC→CW,2026-02-08,,20059,20059,510,Monedero
6434,2000219869,Diagonal Bio Bio,Costa Mar,20059,L2,V1,2026-02-08 13:11:20,2026-02-08 13:35:04,CC→CW,2026-02-08,,20059,20059,510,Monedero
6435,2000219896,Los Canelos,Lomas Coloradas,20166,L2,V1,2026-02-08 19:08:17,2026-02-08 19:41:30,CW→CC,2026-02-08,,20166,20166,610,Monedero
6436,2000219897,Concepcion,Lomas Coloradas,20049,L2,V1,2026-02-08 11:12:57,2026-02-08 11:51:17,CC→CW,2026-02-08,,20049,20049,570,Monedero
6437,2000219897,Lomas Coloradas,Concepcion,20062,L2,V1,2026-02-08 13:12:49,2026-02-08 14:32:44,CW→CC,2026-02-08,,20062,20062,570,Monedero
6438,2000219983,Laguna Quinenco,Concepcion,20062,L2,V1,2026-02-08 13:52:06,2026-02-08 14:33:15,CW→CC,2026-02-08,,20062,20062,880,Monedero
6439,2000220030,Laguna Quinenco,Concepcion,20050,L2,V1,2026-02-08 10:58:18,2026-02-08 11:39:00,CW→CC,2026-02-08,,20050,20050,880,Monedero
6440,2000220030,Laguna Quinenco,Concepcion,20050,L2,V1,2026-02-08 10:58:23,2026-02-08 11:38:56,CW→CC,2026-02-08,,20050,20050,880,Monedero
6441,2000220056,Laguna Quinenco,Concepcion,20166,L2,V1,2026-02-08 19:04:06,2026-02-08 20:02:50,CW→CC,2026-02-08,,20166,20166,880,Monedero
6442,2000220056,Laguna Quinenco,Concepcion,20166,L2,V1,2026-02-08 19:04:11,2026-02-08 20:02:47,CW→CC,2026-02-08,,20166,20166,880,Monedero
6443,2000220072,Laguna Quinenco,Concepcion,20058,L2,V1,2026-02-08 12:31:53,2026-02-08 13:18:23,CW→CC,2026-02-08,,20058,20058,880,Monedero
6444,2000220079,El Parque,Concepcion,20170,L2,V1,2026-02-08 20:40:23,2026-02-08 21:02:27,CW→CC,2026-02-08,,20170,20170,570,Monedero
6445,2000220110,Coronel,Cdal. Raul Silva Henriquez,20062,L2,V1,2026-02-08 13:40:21,2026-02-08 14:10:09,CW→CC,2026-02-08,,20062,20062,650,Monedero
6446,2000220156,Los Canelos,Coronel,20163,L2,V1,2026-02-08 19:33:41,2026-02-08 19:46:34,CC→CW,2026-02-08,,20163,20163,530,Monedero
6447,2000220160,Concepcion,Los Canelos,20063,L2,V1,2026-02-08 14:27:26,2026-02-08 15:10:04,CC→CW,2026-02-08,,20063,20063,850,Monedero
6448,2000220180,Concepcion,Los Canelos,20171,L2,V1,2026-02-08 20:55:23,2026-02-08 21:40:10,CC→CW,2026-02-08,,20171,,850,Monedero
6449,2000220197,Los Canelos,Concepcion,20076,L2,V1,2026-02-08 16:53:31,2026-02-08 17:30:42,CW→CC,2026-02-08,,20076,20076,850,Monedero
6450,2000220197,Concepcion,Los Canelos,20171,L2,V1,2026-02-08 20:56:30,2026-02-08 21:41:03,CC→CW,2026-02-08,,20171,20171,850,Monedero
6451,2000220203,Laguna Quinenco,Los Canelos,20058,L2,V1,2026-02-08 12:29:07,2026-02-08 12:41:26,CW→CC,2026-02-08,,20058,20058,530,Monedero
6452,2000220209,Diagonal Bio Bio,Los Canelos,20163,L2,V1,2026-02-08 18:43:06,2026-02-08 19:36:31,CC→CW,2026-02-08,,20163,20161,650,Monedero
6453,2000220271,Concepcion,Mercado,20848,L1,V1,2026-02-08 18:32:24,2026-02-08 21:32:12,HQ→TH,2026-02-08,match_por_salida_fallback,20848,20848,560,Monedero
6454,2000220278,Laguna Quinenco,Huinca,20066,L2,V1,2026-02-08 14:43:46,2026-02-08 14:51:33,CW→CC,2026-02-08,,20066,20066,450,Monedero
6455,2000220278,Laguna Quinenco,Huinca,20066,L2,V1,2026-02-08 14:43:56,2026-02-08 14:51:26,CW→CC,2026-02-08,,20066,20066,450,Monedero
6456,2000220428,Coronel,Concepcion,20152,L2,V1,2026-02-08 08:25:49,2026-02-08 09:16:19,CW→CC,2026-02-08,,20152,20152,880,Monedero
6457,2000220428,Concepcion,Coronel,20167,L2,V1,2026-02-08 19:59:00,2026-02-08 20:46:02,CC→CW,2026-02-08,,20167,20167,880,Monedero
6458,2000220503,Concepcion,Hito Galvarino,20171,L2,V1,2026-02-08 20:44:33,2026-02-08 21:36:04,CC→CW,2026-02-08,,20171,,850,Monedero
6459,2000220570,Costa Mar,Coronel,20161,L2,V1,2026-02-08 18:37:13,2026-02-08 19:13:31,CC→CW,2026-02-08,,20161,20161,650,Monedero
6460,2000220596,Costa Mar,Coronel,20167,L2,V1,2026-02-08 19:38:52,2026-02-08 20:46:12,CC→CW,2026-02-08,,20167,20167,650,Monedero
6461,2000220801,Cristo Redentor,El Parque,20156,L2,V1,2026-02-08 09:22:35,2026-02-08 09:47:01,CW→CC,2026-02-08,,20156,20156,630,Monedero
6462,2000220801,El Parque,Cristo Redentor,20167,L2,V1,2026-02-08 20:06:20,2026-02-08 20:41:06,CC→CW,2026-02-08,,20167,20167,630,Monedero
6463,2000221000,Concepcion,Laguna Quinenco,20167,L2,V1,2026-02-08 19:34:13,2026-02-08 20:43:45,CC→CW,2026-02-08,,20167,20167,880,Monedero
6464,2000221074,Costa Mar,Coronel,20063,L2,V1,2026-02-08 14:46:15,2026-02-08 15:20:51,CC→CW,2026-02-08,,20063,20063,650,Monedero
6465,2000221093,Cristo Redentor,Juan Pablo II,20152,L2,V1,2026-02-08 08:14:48,2026-02-08 09:09:50,CW→CC,2026-02-08,,20152,20152,680,Monedero
6466,2000221093,Juan Pablo II,Cristo Redentor,20171,L2,V1,2026-02-08 20:15:50,2026-02-08 21:42:55,CC→CW,2026-02-08,,20171,20167,680,Monedero
6467,2000221324,Coronel,Costa Mar,20044,L2,V1,2026-02-08 10:00:17,2026-02-08 10:33:39,CW→CC,2026-02-08,,20044,20044,650,Monedero
6468,2000221357,Laguna Quinenco,Huinca,20170,L2,V1,2026-02-08 19:58:53,2026-02-08 20:26:29,CW→CC,2026-02-08,,20170,20170,450,Monedero
6469,2000221357,Laguna Quinenco,Huinca,20170,L2,V1,2026-02-08 19:59:02,2026-02-08 20:26:25,CW→CC,2026-02-08,,20170,20170,450,Monedero
6470,2000221398,Lomas Coloradas,Concepcion,20156,L2,V1,2026-02-08 09:35:51,2026-02-08 10:02:32,CW→CC,2026-02-08,,20156,20156,570,Monedero
6471,2000221398,Lomas Coloradas,Concepcion,20156,L2,V1,2026-02-08 09:36:02,2026-02-08 10:02:28,CW→CC,2026-02-08,,20156,20156,570,Monedero
6472,2000221572,Juan Pablo II,Concepcion,20166,L2,V1,2026-02-08 19:25:17,2026-02-08 20:00:46,CW→CC,2026-02-08,,20166,20166,570,Monedero
6473,2000221572,Juan Pablo II,Concepcion,20166,L2,V1,2026-02-08 19:25:21,2026-02-08 20:00:41,CW→CC,2026-02-08,,20166,20166,570,Monedero
6474,2000221572,Juan Pablo II,Concepcion,20166,L2,V1,2026-02-08 19:25:26,2026-02-08 20:00:33,CW→CC,2026-02-08,,20166,20166,570,Monedero
6475,2000221601,Los Condores,Hualqui,20881,L1,V1,2026-02-08 07:50:03,2026-02-08 08:39:10,TH→HQ,2026-02-08,,20881,20881,560,Monedero
6476,2000221663,Mercado,Concepcion,20847,L1,V1,2026-02-08 19:53:20,2026-02-08 20:24:58,TH→HQ,2026-02-08,,20847,20847,540,Monedero
6477,2000221707,Concepcion,Cristo Redentor,20161,L2,V1,2026-02-08 18:16:31,2026-02-08 19:07:31,CC→CW,2026-02-08,,20161,20161,850,Monedero
6478,2000221724,Concepcion,Chiguayante,20859,L1,V1,2026-02-08 12:55:03,2026-02-08 13:12:49,TH→HQ,2026-02-08,,20859,20859,510,Monedero
6479,2000221769,Lomas Coloradas,Laguna Quinenco,20063,L2,V1,2026-02-08 14:47:56,2026-02-08 15:20:05,CC→CW,2026-02-08,,20063,20063,650,Monedero
6480,2000221790,Laguna Quinenco,Los Canelos,20162,L2,V1,2026-02-08 18:16:07,2026-02-08 18:27:45,CW→CC,2026-02-08,,20162,20162,530,Monedero
6481,2000225526,Concepcion,Coronel,20049,L2,V1,2026-02-08 11:19:00,2026-02-08 12:14:42,CC→CW,2026-02-08,,20049,20049,880,Monedero
6482,2000225576,Concepcion,Los Canelos,20041,L2,V1,2026-02-08 10:29:20,2026-02-08 12:04:31,CC→CW,2026-02-08,,20041,20041,850,Monedero
6483,2000225585,Los Canelos,Concepcion,20162,L2,V1,2026-02-08 18:25:46,2026-02-08 18:59:29,CW→CC,2026-02-08,,20162,20162,850,Monedero
6484,2000225599,Laguna Quinenco,Concepcion,20050,L2,V1,2026-02-08 10:49:14,2026-02-08 11:39:01,CW→CC,2026-02-08,,20050,20050,880,Monedero
6485,2000225638,Concepcion,Los Canelos,20153,L2,V1,2026-02-08 09:17:40,2026-02-08 09:51:48,CC→CW,2026-02-08,,20153,20153,850,Monedero
6486,2000225650,Lomas Coloradas,Concepcion,20056,L2,V1,2026-02-08 12:26:14,2026-02-08 13:07:58,CW→CC,2026-02-08,,20056,20056,570,Monedero
6487,2000225650,Concepcion,Lomas Coloradas,20157,L2,V1,2026-02-08 17:10:44,2026-02-08 17:53:11,CC→CW,2026-02-08,,20157,20157,570,Monedero
6488,2000225653,Concepcion,Los Condores,20846,L1,V1,2026-02-08 17:30:47,2026-02-08 17:47:49,HQ→TH,2026-02-08,,20846,20846,500,Monedero
6489,2000225818,Concepcion,Coronel,20049,L2,V1,2026-02-08 10:48:13,2026-02-08 12:17:49,CC→CW,2026-02-08,,20049,20049,880,Monedero
6490,2000225818,Concepcion,Coronel,20049,L2,V1,2026-02-08 10:48:21,2026-02-08 12:17:42,CC→CW,2026-02-08,,20049,20049,880,Monedero
6491,2000225818,Coronel,Concepcion,20076,L2,V1,2026-02-08 16:24:14,2026-02-08 17:33:35,CW→CC,2026-02-08,,20076,20076,880,Monedero
6492,2000225818,Coronel,Concepcion,20076,L2,V1,2026-02-08 16:24:20,2026-02-08 17:33:30,CW→CC,2026-02-08,,20076,20076,880,Monedero
6493,2000225889,Mercado,UTF Santa Maria,20847,L1,V1,2026-02-08 20:00:21,2026-02-08 20:16:33,TH→HQ,2026-02-08,,20847,20847,490,Monedero
6494,2000225902,Concepcion,UTF Santa Maria,20846,L1,V1,2026-02-08 17:02:36,2026-02-08 17:43:22,HQ→TH,2026-02-08,combo_por_entrada,20846,20846,590,Monedero
6495,2000225915,Concepcion,Coronel,20049,L2,V1,2026-02-08 11:25:25,2026-02-08 12:14:15,CC→CW,2026-02-08,,20049,20049,880,Monedero
6496,2000225915,Coronel,Concepcion,20170,L2,V1,2026-02-08 19:47:07,2026-02-08 21:01:58,CW→CC,2026-02-08,,20170,20170,880,Monedero
6497,2000225935,Laguna Quinenco,Concepcion,20166,L2,V1,2026-02-08 19:14:09,2026-02-08 19:59:15,CW→CC,2026-02-08,,20166,20166,880,Monedero
6498,2000225935,Concepcion,Los Canelos,20171,L2,V1,2026-02-08 20:53:31,2026-02-08 21:40:25,CC→CW,2026-02-08,,20171,,850,Monedero
6499,2000225939,Concepcion,Diagonal Bio Bio,20167,L2,V1,2026-02-08 19:49:01,2026-02-08 20:12:10,CC→CW,2026-02-08,,20167,20167,570,Monedero
6500,2000225941,Coronel,Lomas Coloradas,20050,L2,V1,2026-02-08 10:46:56,2026-02-08 11:22:43,CW→CC,2026-02-08,,20050,20050,650,Monedero
6501,2000225941,Lomas Coloradas,Coronel,20059,L2,V1,2026-02-08 13:34:32,2026-02-08 14:03:10,CC→CW,2026-02-08,,20059,20059,650,Monedero
6502,2000225950,Laguna Quinenco,Concepcion,20170,L2,V1,2026-02-08 20:15:29,2026-02-08 21:01:47,CW→CC,2026-02-08,,20170,20170,880,Monedero
6503,2000225953,Laguna Quinenco,Concepcion,20162,L2,V1,2026-02-08 18:07:05,2026-02-08 19:04:25,CW→CC,2026-02-08,,20162,20162,880,Monedero
6504,2000225964,Concepcion,Coronel,20153,L2,V1,2026-02-08 08:38:45,2026-02-08 10:05:06,CC→CW,2026-02-08,,20153,20149,880,Monedero
6505,2000225964,Concepcion,Coronel,20153,L2,V1,2026-02-08 08:38:53,2026-02-08 10:04:59,CC→CW,2026-02-08,,20153,20149,880,Monedero
6506,2000225964,Concepcion,Coronel,20153,L2,V1,2026-02-08 08:38:58,2026-02-08 10:04:34,CC→CW,2026-02-08,,20153,20149,880,Monedero
6507,2000225966,Cdal. Raul Silva Henriquez,Coronel,20067,L2,V1,2026-02-08 15:47:37,2026-02-08 16:14:17,CC→CW,2026-02-08,,20067,20067,650,Monedero
6508,2000225966,Cdal. Raul Silva Henriquez,Coronel,20067,L2,V1,2026-02-08 15:47:51,2026-02-08 16:14:08,CC→CW,2026-02-08,,20067,20067,650,Monedero
6509,2000225981,Concepcion,Diagonal Bio Bio,20167,L2,V1,2026-02-08 19:52:16,2026-02-08 20:11:51,CC→CW,2026-02-08,,20167,20167,570,Monedero
6510,2000225983,Concepcion,El Parque,20063,L2,V1,2026-02-08 14:26:38,2026-02-08 14:55:24,CC→CW,2026-02-08,,20063,20063,570,Monedero
6511,2000225983,El Parque,Concepcion,20160,L2,V1,2026-02-08 18:00:28,2026-02-08 18:28:50,CW→CC,2026-02-08,,20160,20160,570,Monedero
6512,2000225987,Concepcion,Hualqui,20847,L1,V1,2026-02-08 20:06:34,2026-02-08 21:03:11,TH→HQ,2026-02-08,,20847,20847,550,Monedero
6513,2000226520,Lomas Coloradas,Concepcion,20170,L2,V1,2026-02-08 20:04:59,2026-02-08 21:01:37,CW→CC,2026-02-08,,20170,20170,570,Monedero
6514,2000226546,Mercado,Concepcion,20859,L1,V1,2026-02-08 12:24:13,2026-02-08 13:04:28,TH→HQ,2026-02-08,,20859,20859,540,Monedero
6515,2000226561,Concepcion,Coronel,20149,L2,V1,2026-02-08 07:57:11,2026-02-08 09:15:04,CC→CW,2026-02-08,,20149,20149,880,Monedero
6516,2000226563,Concepcion,Laguna Quinenco,20049,L2,V1,2026-02-08 11:02:56,2026-02-08 12:11:04,CC→CW,2026-02-08,,20049,20049,880,Monedero
6517,2000226563,Concepcion,Laguna Quinenco,20049,L2,V1,2026-02-08 11:03:02,2026-02-08 12:10:58,CC→CW,2026-02-08,,20049,20049,880,Monedero
6518,2000226563,Laguna Quinenco,Concepcion,20068,L2,V1,2026-02-08 15:30:24,2026-02-08 16:25:12,CW→CC,2026-02-08,,20068,20068,880,Monedero
6519,2000226563,Laguna Quinenco,Concepcion,20068,L2,V1,2026-02-08 15:30:31,2026-02-08 16:25:07,CW→CC,2026-02-08,,20068,20068,880,Monedero
6520,2000227004,Los Canelos,Costa Mar,20162,L2,V1,2026-02-08 18:22:12,2026-02-08 18:45:18,CW→CC,2026-02-08,,20162,20162,610,Monedero
6521,2000243520,Lomas Coloradas,Cristo Redentor,20149,L2,V1,2026-02-08 08:47:21,2026-02-08 09:09:19,CC→CW,2026-02-08,,20149,20149,630,Monedero
6522,2000243520,Cristo Redentor,Concepcion,20166,L2,V1,2026-02-08 19:15:56,2026-02-08 20:00:42,CW→CC,2026-02-08,,20166,20166,850,Monedero
6523,2000243578,Los Canelos,Lomas Coloradas,20156,L2,V1,2026-02-08 09:25:33,2026-02-08 09:41:25,CW→CC,2026-02-08,,20156,20156,610,Monedero
6524,2000243578,Lomas Coloradas,Los Canelos,20167,L2,V1,2026-02-08 20:19:12,2026-02-08 20:35:53,CC→CW,2026-02-08,,20167,20167,610,Monedero
6525,2000243581,Lomas Coloradas,Diagonal Bio Bio,20044,L2,V1,2026-02-08 10:22:37,2026-02-08 10:38:13,CW→CC,2026-02-08,,20044,20044,510,Monedero
6526,2000243581,Diagonal Bio Bio,Lomas Coloradas,20059,L2,V1,2026-02-08 13:13:39,2026-02-08 13:40:25,CC→CW,2026-02-08,,20059,20059,510,Monedero
6527,2000243605,Costa Mar,Coronel,20051,L2,V1,2026-02-08 11:53:10,2026-02-08 12:29:42,CC→CW,2026-02-08,,20051,20051,650,Monedero
6528,2000243605,Costa Mar,Coronel,20051,L2,V1,2026-02-08 11:53:12,2026-02-08 12:28:18,CC→CW,2026-02-08,,20051,20051,650,Monedero
6529,2000243606,Concepcion,Hito Galvarino,20069,L2,V1,2026-02-08 16:42:55,2026-02-08 17:17:18,CC→CW,2026-02-08,,20069,20069,850,Monedero
6530,2000243706,Laguna Quinenco,Costa Mar,20050,L2,V1,2026-02-08 10:14:11,2026-02-08 11:26:51,CW→CC,2026-02-08,,20050,20044,650,Monedero
6531,2000243785,Costa Mar,Cristo Redentor,20063,L2,V1,2026-02-08 14:14:40,2026-02-08 15:15:03,CC→CW,2026-02-08,,20063,20063,630,Monedero
6532,2000243836,Los Canelos,Juan Pablo II,20068,L2,V1,2026-02-08 15:38:08,2026-02-08 16:15:37,CW→CC,2026-02-08,,20068,20068,650,Monedero
6533,2000243924,Laguna Quinenco,Cdal. Raul Silva Henriquez,20160,L2,V1,2026-02-08 17:43:39,2026-02-08 18:04:11,CW→CC,2026-02-08,,20160,20160,650,Monedero
6534,2000243924,Cdal. Raul Silva Henriquez,Laguna Quinenco,20171,L2,V1,2026-02-08 21:14:12,2026-02-08 21:45:39,CC→CW,2026-02-08,,20171,,650,Monedero
6535,2000243932,Cdal. Raul Silva Henriquez,Concepcion,20160,L2,V1,2026-02-08 18:03:33,2026-02-08 18:28:42,CW→CC,2026-02-08,,20160,20160,570,Monedero
6536,2000243939,Cdal. Raul Silva Henriquez,Huinca,20063,L2,V1,2026-02-08 14:54:47,2026-02-08 15:13:01,CC→CW,2026-02-08,,20063,20063,630,Monedero
6537,2000243939,Huinca,Cdal. Raul Silva Henriquez,20170,L2,V1,2026-02-08 20:17:02,2026-02-08 20:37:26,CW→CC,2026-02-08,,20170,20170,630,Monedero
6538,2000244055,Coronel,Concepcion,20044,L2,V1,2026-02-08 10:04:17,2026-02-08 10:47:53,CW→CC,2026-02-08,,20044,20044,880,Monedero
6539,2000244082,Coronel,Concepcion,20050,L2,V1,2026-02-08 10:26:24,2026-02-08 11:38:51,CW→CC,2026-02-08,,20050,20050,880,Monedero
6540,2000244082,Coronel,Concepcion,20050,L2,V1,2026-02-08 10:26:29,2026-02-08 11:38:47,CW→CC,2026-02-08,,20050,20050,880,Monedero
6541,2000244196,Cdal. Raul Silva Henriquez,Laguna Quinenco,20041,L2,V1,2026-02-08 10:48:50,2026-02-08 11:10:17,CC→CW,2026-02-08,,20041,20041,650,Monedero
6542,2000244196,Coronel,Cdal. Raul Silva Henriquez,20166,L2,V1,2026-02-08 19:09:02,2026-02-08 19:38:58,CW→CC,2026-02-08,,20166,20166,650,Monedero
6543,2000244196,Coronel,Cdal. Raul Silva Henriquez,20166,L2,V1,2026-02-08 19:09:08,2026-02-08 19:38:51,CW→CC,2026-02-08,,20166,20166,650,Monedero
6544,2000244225,Coronel,Concepcion,20056,L2,V1,2026-02-08 12:06:41,2026-02-08 13:04:47,CW→CC,2026-02-08,,20056,20056,880,Monedero
6545,2000244266,Coronel,Concepcion,20066,L2,V1,2026-02-08 14:30:48,2026-02-08 15:24:22,CW→CC,2026-02-08,,20066,20066,880,Monedero
6546,2000244345,Coronel,Concepcion,20066,L2,V1,2026-02-08 14:30:27,2026-02-08 15:25:00,CW→CC,2026-02-08,,20066,20066,880,Monedero
6547,2000244345,Concepcion,Coronel,20171,L2,V1,2026-02-08 20:29:16,2026-02-08 21:48:24,CC→CW,2026-02-08,,20171,,880,Monedero
6548,2000244347,Hito Galvarino,Diagonal Bio Bio,20162,L2,V1,2026-02-08 18:08:40,2026-02-08 18:50:12,CW→CC,2026-02-08,,20162,20162,650,Monedero
6549,2000244358,Cristo Redentor,Costa Mar,20062,L2,V1,2026-02-08 13:16:25,2026-02-08 14:19:27,CW→CC,2026-02-08,,20062,20062,630,Monedero
6550,2000244362,Huinca,Concepcion,20068,L2,V1,2026-02-08 15:48:34,2026-02-08 16:26:07,CW→CC,2026-02-08,,20068,20068,850,Monedero
6551,2000244362,Concepcion,Huinca,20161,L2,V1,2026-02-08 18:28:34,2026-02-08 19:37:44,CC→CW,2026-02-08,,20161,20161,850,Monedero
6552,2000244583,El Parque,Concepcion,20062,L2,V1,2026-02-08 13:42:29,2026-02-08 14:33:22,CW→CC,2026-02-08,,20062,20062,570,Monedero
6553,2000244612,Concepcion,Laguna Quinenco,20069,L2,V1,2026-02-08 16:18:31,2026-02-08 17:27:36,CC→CW,2026-02-08,,20069,20069,880,Monedero
6554,2000244634,Juan Pablo II,Coronel,20051,L2,V1,2026-02-08 11:51:27,2026-02-08 12:31:37,CC→CW,2026-02-08,,20051,20051,790,Monedero
6555,2000244634,Coronel,Juan Pablo II,20160,L2,V1,2026-02-08 17:21:57,2026-02-08 18:20:09,CW→CC,2026-02-08,,20160,20160,790,Monedero
6556,2000244663,Concepcion,Laguna Quinenco,20035,L2,V1,2026-02-08 09:39:16,2026-02-08 10:44:51,CC→CW,2026-02-08,,20035,,880,Monedero
6557,2000244663,Laguna Quinenco,Concepcion,20170,L2,V1,2026-02-08 20:10:35,2026-02-08 21:02:03,CW→CC,2026-02-08,,20170,20170,880,Monedero
6558,2000244674,Coronel,Concepcion,20056,L2,V1,2026-02-08 12:09:01,2026-02-08 13:12:56,CW→CC,2026-02-08,,20056,20056,880,Monedero
6559,2000244777,Concepcion,Los Canelos,20069,L2,V1,2026-02-08 16:41:11,2026-02-08 17:20:23,CC→CW,2026-02-08,,20069,20069,850,Monedero
6560,2000244777,Concepcion,Los Canelos,20069,L2,V1,2026-02-08 16:41:16,2026-02-08 17:20:14,CC→CW,2026-02-08,,20069,20069,850,Monedero
6561,2000244777,Concepcion,Los Canelos,20069,L2,V1,2026-02-08 16:41:22,2026-02-08 17:20:09,CC→CW,2026-02-08,,20069,20069,850,Monedero
6562,2000244777,Los Canelos,Concepcion,20162,L2,V1,2026-02-08 18:07:32,2026-02-08 19:05:34,CW→CC,2026-02-08,,20162,20162,850,Monedero
6563,2000244777,Los Canelos,Concepcion,20162,L2,V1,2026-02-08 18:07:38,2026-02-08 19:05:27,CW→CC,2026-02-08,,20162,20162,850,Monedero
6564,2000244852,Concepcion,Lzo. Arenas,20846,L1,V1,2026-02-08 16:46:53,2026-02-08 17:39:55,HQ→TH,2026-02-08,combo_por_entrada,20846,20076,850,Monedero
6565,2000244852,Concepcion,Lzo. Arenas,20846,L1,V1,2026-02-08 16:47:10,2026-02-08 17:39:51,HQ→TH,2026-02-08,combo_por_entrada,20846,20076,850,Monedero
6566,2000244852,Concepcion,Lzo. Arenas,20846,L1,V1,2026-02-08 16:47:14,2026-02-08 17:39:44,HQ→TH,2026-02-08,combo_por_entrada,20846,20846,850,Monedero
6567,2000244978,El Parque,Concepcion,20170,L2,V1,2026-02-08 20:38:13,2026-02-08 21:00:40,CW→CC,2026-02-08,,20170,20170,570,Monedero
6568,2000244980,Lomas Coloradas,Concepcion,20166,L2,V1,2026-02-08 19:32:39,2026-02-08 19:59:13,CW→CC,2026-02-08,,20166,20166,570,Monedero
6569,2000245070,Juan Pablo II,Laguna Quinenco,20067,L2,V1,2026-02-08 15:33:58,2026-02-08 16:12:56,CC→CW,2026-02-08,,20067,20067,790,Monedero
6570,2000245070,Juan Pablo II,Laguna Quinenco,20067,L2,V1,2026-02-08 15:34:03,2026-02-08 16:12:51,CC→CW,2026-02-08,,20067,20067,790,Monedero
6571,2000245184,Hualqui,Concepcion,20844,L1,V1,2026-02-08 12:14:17,2026-02-08 12:57:31,HQ→TH,2026-02-08,,20844,20844,550,Monedero
6572,2000245184,Costa Mar,Concepcion,20076,L2,V1,2026-02-08 16:53:00,2026-02-08 17:31:45,CW→CC,2026-02-08,,20076,20076,570,Monedero
6573,2000245188,Los Canelos,Juan Pablo II,20040,L2,V1,2026-02-08 09:40:40,2026-02-08 10:15:48,CW→CC,2026-02-08,,20040,20040,650,Monedero
6574,2000245256,Huinca,Concepcion,20068,L2,V1,2026-02-08 15:43:36,2026-02-08 16:24:39,CW→CC,2026-02-08,,20068,20068,850,Monedero
6575,2000245256,Concepcion,Huinca,20167,L2,V1,2026-02-08 19:46:54,2026-02-08 20:38:38,CC→CW,2026-02-08,,20167,20167,850,Monedero
6576,2000245334,Hualqui,Concepcion,20880,L1,V1,2026-02-08 20:51:57,2026-02-08 21:45:38,HQ→TH,2026-02-08,,20880,20880,550,Monedero
6577,2000245391,El Parque,Coronel,20167,L2,V1,2026-02-08 20:07:46,2026-02-08 20:45:55,CC→CW,2026-02-08,,20167,20167,650,Monedero
6578,2000245463,Cristo Redentor,Laguna Quinenco,20053,L2,V1,2026-02-08 12:28:57,2026-02-08 12:51:45,CC→CW,2026-02-08,,20053,20051,450,Monedero
6579,2000245463,Laguna Quinenco,Cristo Redentor,20062,L2,V1,2026-02-08 13:14:36,2026-02-08 13:57:01,CW→CC,2026-02-08,,20062,20062,450,Monedero
6580,2000245579,Los Canelos,Costa Mar,20056,L2,V1,2026-02-08 12:27:47,2026-02-08 12:47:42,CW→CC,2026-02-08,,20056,20056,610,Monedero
6581,2000245602,Hito Galvarino,Cristo Redentor,20149,L2,V1,2026-02-08 08:26:19,2026-02-08 09:09:17,CC→CW,2026-02-08,,20149,20149,460,Monedero
6582,2000245602,Cristo Redentor,Hito Galvarino,20166,L2,V1,2026-02-08 19:15:45,2026-02-08 19:32:19,CW→CC,2026-02-08,,20166,20166,460,Monedero
6583,2000245646,Coronel,Hito Galvarino,20068,L2,V1,2026-02-08 15:26:26,2026-02-08 15:55:27,CW→CC,2026-02-08,,20068,20068,530,Monedero
6584,2000245659,Concepcion,Huinca,20167,L2,V1,2026-02-08 19:34:12,2026-02-08 20:39:08,CC→CW,2026-02-08,,20167,20167,850,Monedero
6585,2000245668,Los Canelos,Concepcion,20170,L2,V1,2026-02-08 20:18:48,2026-02-08 21:03:03,CW→CC,2026-02-08,,20170,20170,850,Monedero
6586,2000245759,Los Canelos,Concepcion,20166,L2,V1,2026-02-08 19:20:53,2026-02-08 20:00:48,CW→CC,2026-02-08,,20166,20166,850,Monedero
6587,2000245824,Cristo Redentor,Concepcion,20044,L2,V1,2026-02-08 10:00:30,2026-02-08 10:48:09,CW→CC,2026-02-08,,20044,20044,850,Monedero
6588,2000245824,Concepcion,Cristo Redentor,20157,L2,V1,2026-02-08 17:11:30,2026-02-08 18:08:54,CC→CW,2026-02-08,,20157,,850,Monedero
6589,2000245840,Concepcion,Diagonal Bio Bio,20067,L2,V1,2026-02-08 15:18:29,2026-02-08 15:39:54,CC→CW,2026-02-08,,20067,,570,Monedero
6590,2000245857,Huinca,Concepcion,20068,L2,V1,2026-02-08 15:47:32,2026-02-08 16:24:39,CW→CC,2026-02-08,,20068,20068,850,Monedero
6591,2000245857,Concepcion,Los Canelos,20167,L2,V1,2026-02-08 19:30:05,2026-02-08 20:36:43,CC→CW,2026-02-08,,20167,20167,850,Monedero
6592,2000245880,Laguna Quinenco,Concepcion,20160,L2,V1,2026-02-08 17:46:59,2026-02-08 18:27:56,CW→CC,2026-02-08,,20160,20160,880,Monedero
6593,2000246131,Coronel,Los Canelos,20062,L2,V1,2026-02-08 13:07:35,2026-02-08 14:01:34,CW→CC,2026-02-08,,20062,20062,530,Monedero
6594,2000246222,Cristo Redentor,Concepcion,20056,L2,V1,2026-02-08 12:19:09,2026-02-08 13:04:37,CW→CC,2026-02-08,,20056,20056,850,Monedero
6595,2000246681,Costa Mar,Lomas Coloradas,20157,L2,V1,2026-02-08 17:44:12,2026-02-08 17:53:08,CC→CW,2026-02-08,,20157,20157,430,Monedero
6596,2000246681,Costa Mar,Lomas Coloradas,20157,L2,V1,2026-02-08 17:44:17,2026-02-08 17:53:04,CC→CW,2026-02-08,,20157,20157,430,Monedero
6597,2000246683,Diagonal Bio Bio,Costa Mar,20163,L2,V1,2026-02-08 19:05:15,2026-02-08 19:16:45,CC→CW,2026-02-08,,20163,20161,510,Monedero
6598,2000246860,Concepcion,Huinca,20171,L2,V1,2026-02-08 19:39:03,2026-02-08 21:41:33,CC→CW,2026-02-08,combo_por_entrada,20171,,900,Monedero
6599,2000246860,Concepcion,Huinca,20171,L2,V1,2026-02-08 19:39:10,2026-02-08 21:41:12,CC→CW,2026-02-08,combo_por_entrada,20171,,900,Monedero
6600,2000246877,Concepcion,Cdal. Raul Silva Henriquez,20063,L2,V1,2026-02-08 14:32:55,2026-02-08 15:00:32,CC→CW,2026-02-08,,20063,20063,570,Monedero
6601,2000246880,Los Canelos,Juan Pablo II,20152,L2,V1,2026-02-08 08:41:00,2026-02-08 09:09:29,CW→CC,2026-02-08,,20152,20152,650,Monedero
6602,2000247019,Laguna Quinenco,Huinca,20066,L2,V1,2026-02-08 14:38:01,2026-02-08 14:51:19,CW→CC,2026-02-08,,20066,20066,450,Monedero
6603,2000247025,Concepcion,Huinca,20149,L2,V1,2026-02-08 08:25:49,2026-02-08 09:07:34,CC→CW,2026-02-08,,20149,20149,850,Monedero
6604,2000247047,Concepcion,Huinca,20167,L2,V1,2026-02-08 19:21:36,2026-02-08 20:38:55,CC→CW,2026-02-08,,20167,20167,850,Monedero
6605,2000247093,Los Canelos,Laguna Quinenco,20035,L2,V1,2026-02-08 10:21:14,2026-02-08 10:44:17,CC→CW,2026-02-08,,20035,,530,Monedero
6606,2000247093,Laguna Quinenco,Los Canelos,20170,L2,V1,2026-02-08 20:07:52,2026-02-08 20:27:58,CW→CC,2026-02-08,,20170,20170,530,Monedero
6607,2000247175,Concepcion,Los Canelos,20171,L2,V1,2026-02-08 20:15:57,2026-02-08 21:39:24,CC→CW,2026-02-08,combo_por_entrada,20171,,850,Monedero
6608,2000247231,Hito Galvarino,Costa Mar,20076,L2,V1,2026-02-08 16:45:54,2026-02-08 17:13:53,CW→CC,2026-02-08,,20076,20076,610,Monedero
6609,2000247247,Diagonal Bio Bio,El Parque,20153,L2,V1,2026-02-08 09:14:24,2026-02-08 09:37:04,CC→CW,2026-02-08,,20153,20153,510,Monedero
6610,2000247259,Juan Pablo II,Cristo Redentor,20161,L2,V1,2026-02-08 18:30:28,2026-02-08 19:08:09,CC→CW,2026-02-08,,20161,20161,680,Monedero
6611,2000247343,Laguna Quinenco,Huinca,20056,L2,V1,2026-02-08 12:12:38,2026-02-08 12:27:38,CW→CC,2026-02-08,,20056,20056,450,Monedero
6612,2000247343,Concepcion,Huinca,20157,L2,V1,2026-02-08 17:22:06,2026-02-08 19:05:57,CC→CW,2026-02-08,,20157,20157,850,Monedero
6613,2000247379,Laguna Quinenco,Concepcion,20066,L2,V1,2026-02-08 14:33:35,2026-02-08 15:23:33,CW→CC,2026-02-08,,20066,20066,880,Monedero
6614,2000247379,Concepcion,Laguna Quinenco,20161,L2,V1,2026-02-08 18:20:36,2026-02-08 19:10:29,CC→CW,2026-02-08,,20161,20161,880,Monedero
6615,2000247433,Lomas Coloradas,Concepcion,20152,L2,V1,2026-02-08 08:48:36,2026-02-08 09:16:15,CW→CC,2026-02-08,,20152,20152,570,Monedero
6616,2000247452,Lomas Coloradas,Concepcion,20068,L2,V1,2026-02-08 15:56:50,2026-02-08 16:27:02,CW→CC,2026-02-08,,20068,20068,570,Monedero
6617,2000247452,Concepcion,Lomas Coloradas,20167,L2,V1,2026-02-08 19:44:24,2026-02-08 20:23:12,CC→CW,2026-02-08,,20167,20167,570,Monedero
6618,2000247567,Laguna Quinenco,Concepcion,20066,L2,V1,2026-02-08 14:24:20,2026-02-08 15:24:21,CW→CC,2026-02-08,,20066,20066,880,Monedero
6619,2000247567,Concepcion,Laguna Quinenco,20161,L2,V1,2026-02-08 18:19:46,2026-02-08 19:11:05,CC→CW,2026-02-08,,20161,20161,880,Monedero
6620,2000247658,Coronel,Concepcion,20050,L2,V1,2026-02-08 10:47:21,2026-02-08 11:40:34,CW→CC,2026-02-08,,20050,20050,880,Monedero
6621,2000247751,Coronel,Juan Pablo II,20162,L2,V1,2026-02-08 18:01:31,2026-02-08 18:53:03,CW→CC,2026-02-08,,20162,20162,790,Monedero
6622,2000248253,Costa Mar,Concepcion,20052,L2,V1,2026-02-08 11:43:53,2026-02-08 12:02:32,CW→CC,2026-02-08,,20052,20052,570,Monedero
6623,2000248350,Costa Mar,Concepcion,20056,L2,V1,2026-02-08 12:37:59,2026-02-08 13:05:58,CW→CC,2026-02-08,,20056,20056,570,Monedero
6624,2000248350,Concepcion,Costa Mar,20167,L2,V1,2026-02-08 19:41:09,2026-02-08 20:20:05,CC→CW,2026-02-08,,20167,20167,570,Monedero
6625,2000248357,Concepcion,Los Canelos,20161,L2,V1,2026-02-08 18:11:03,2026-02-08 19:02:59,CC→CW,2026-02-08,,20161,20161,850,Monedero
6626,2000248459,Juan Pablo II,Concepcion,20050,L2,V1,2026-02-08 11:30:56,2026-02-08 11:38:48,CW→CC,2026-02-08,,20050,20050,570,Monedero
6627,2000248459,Concepcion,La Leonera,20859,L1,V1,2026-02-08 12:31:30,2026-02-08 13:19:20,TH→HQ,2026-02-08,,20859,20859,510,Monedero
6628,2040002821,Coronel,Concepcion,20062,L2,V1,2026-02-08 13:13:39,2026-02-08 14:34:10,CW→CC,2026-02-08,,20062,20062,880,Monedero
6629,2040002821,Coronel,Concepcion,20062,L2,V1,2026-02-08 13:13:44,2026-02-08 14:34:06,CW→CC,2026-02-08,,20062,20062,880,Monedero
6630,2040002821,Coronel,Concepcion,20062,L2,V1,2026-02-08 13:13:48,2026-02-08 14:34:02,CW→CC,2026-02-08,,20062,20062,880,Monedero
6631,2040002821,Concepcion,Coronel,20163,L2,V1,2026-02-08 18:45:51,2026-02-08 19:47:18,CC→CW,2026-02-08,,20163,20163,880,Monedero
6632,2040002821,Concepcion,Coronel,20163,L2,V1,2026-02-08 18:45:55,2026-02-08 19:47:13,CC→CW,2026-02-08,,20163,20163,880,Monedero
6633,2040002821,Concepcion,Coronel,20163,L2,V1,2026-02-08 18:46:00,2026-02-08 19:47:09,CC→CW,2026-02-08,,20163,20163,880,Monedero
6634,2040088136,Concepcion,El Parque,20161,L2,V1,2026-02-08 18:09:01,2026-02-08 18:48:15,CC→CW,2026-02-08,,20161,20161,570,Monedero
6635,2040088159,Lomas Coloradas,Concepcion,20152,L2,V1,2026-02-08 08:44:28,2026-02-08 09:19:12,CW→CC,2026-02-08,,20152,20152,570,Monedero
6636,2040088433,Huinca,El Parque,20156,L2,V1,2026-02-08 09:21:04,2026-02-08 09:44:39,CW→CC,2026-02-08,,20156,20156,630,Monedero
6637,2040088433,El Parque,Huinca,20167,L2,V1,2026-02-08 20:15:58,2026-02-08 20:38:47,CC→CW,2026-02-08,,20167,20167,630,Monedero
6638,2040088795,Cdal. Raul Silva Henriquez,Los Canelos,20049,L2,V1,2026-02-08 11:43:47,2026-02-08 12:04:07,CC→CW,2026-02-08,,20049,20049,610,Monedero
6639,2040089036,Concepcion,Huinca,20149,L2,V1,2026-02-08 08:19:26,2026-02-08 09:07:36,CC→CW,2026-02-08,,20149,20149,850,Monedero
6640,2040089192,Los Canelos,Concepcion,20062,L2,V1,2026-02-08 13:55:24,2026-02-08 14:32:55,CW→CC,2026-02-08,,20062,20062,850,Monedero
6641,2040089192,Concepcion,Los Canelos,20157,L2,V1,2026-02-08 17:10:36,2026-02-08 18:03:41,CC→CW,2026-02-08,,20157,,850,Monedero
6642,2040089356,Costa Mar,Huinca,20157,L2,V1,2026-02-08 17:42:17,2026-02-08 18:07:32,CC→CW,2026-02-08,,20157,,630,Monedero
6643,2040089506,Alborada,Cdal. Raul Silva Henriquez,20161,L2,V1,2026-02-08 18:32:43,2026-02-08 18:54:04,CC→CW,2026-02-08,,20161,20161,510,Monedero
6644,2040089506,Alborada,Cdal. Raul Silva Henriquez,20161,L2,V1,2026-02-08 18:32:48,2026-02-08 18:53:59,CC→CW,2026-02-08,,20161,20161,510,Monedero
6645,2040089598,Diagonal Bio Bio,Huinca,20067,L2,V1,2026-02-08 15:39:01,2026-02-08 16:06:27,CC→CW,2026-02-08,,20067,20067,680,Monedero
6646,2040089753,Concepcion,Coronel,20067,L2,V1,2026-02-08 15:26:25,2026-02-08 16:14:29,CC→CW,2026-02-08,,20067,20067,880,Monedero
6647,2040089753,Concepcion,Coronel,20067,L2,V1,2026-02-08 15:27:34,2026-02-08 16:14:23,CC→CW,2026-02-08,,20067,20067,880,Monedero
6648,2040089932,Lomas Coloradas,Concepcion,20058,L2,V1,2026-02-08 12:47:43,2026-02-08 13:16:18,CW→CC,2026-02-08,,20058,20058,570,Monedero
6649,2040089932,Concepcion,Lomas Coloradas,20161,L2,V1,2026-02-08 18:06:18,2026-02-08 18:50:26,CC→CW,2026-02-08,,20161,20161,570,Monedero
6650,2040092160,Cristo Redentor,Concepcion,20156,L2,V1,2026-02-08 09:14:38,2026-02-08 10:01:46,CW→CC,2026-02-08,,20156,20156,850,Monedero
6651,2040092160,Concepcion,Coronel,20049,L2,V1,2026-02-08 10:57:14,2026-02-08 12:33:10,CC→CW,2026-02-08,,20049,20049,880,Monedero
6652,2040092160,Concepcion,Coronel,20049,L2,V1,2026-02-08 10:57:28,2026-02-08 12:16:26,CC→CW,2026-02-08,,20049,20049,880,Monedero
6653,2040092172,Laguna Quinenco,Cristo Redentor,20066,L2,V1,2026-02-08 14:37:37,2026-02-08 14:49:31,CW→CC,2026-02-08,,20066,20066,450,Monedero
6654,2040092172,Laguna Quinenco,Cristo Redentor,20066,L2,V1,2026-02-08 14:37:43,2026-02-08 14:49:24,CW→CC,2026-02-08,,20066,20066,450,Monedero
6655,2040092654,Coronel,Cdal. Raul Silva Henriquez,20068,L2,V1,2026-02-08 15:35:07,2026-02-08 16:02:44,CW→CC,2026-02-08,,20068,20068,650,Monedero
6656,2040092727,Huinca,Lomas Coloradas,20052,L2,V1,2026-02-08 11:24:42,2026-02-08 11:43:05,CW→CC,2026-02-08,,20052,20052,630,Monedero
6657,2040092738,Los Canelos,Concepcion,20166,L2,V1,2026-02-08 19:24:22,2026-02-08 20:00:20,CW→CC,2026-02-08,,20166,20166,850,Monedero
6658,2040092831,Lomas Coloradas,Laguna Quinenco,20063,L2,V1,2026-02-08 14:49:28,2026-02-08 15:18:18,CC→CW,2026-02-08,,20063,20063,650,Monedero
6659,2040092831,Laguna Quinenco,Lomas Coloradas,20076,L2,V1,2026-02-08 16:46:15,2026-02-08 17:09:06,CW→CC,2026-02-08,,20076,20076,650,Monedero
6660,2040092921,Juan Pablo II,Coronel,20163,L2,V1,2026-02-08 19:06:33,2026-02-08 19:46:03,CC→CW,2026-02-08,,20163,20163,790,Monedero
6661,2040093079,Concepcion,Cristo Redentor,20163,L2,V1,2026-02-08 18:50:38,2026-02-08 19:40:08,CC→CW,2026-02-08,,20163,20163,850,Monedero
6662,2040093501,Cristo Redentor,Concepcion,20062,L2,V1,2026-02-08 13:38:29,2026-02-08 14:36:14,CW→CC,2026-02-08,,20062,20062,850,Monedero
6663,2040093659,Cristo Redentor,Concepcion,20056,L2,V1,2026-02-08 12:11:18,2026-02-08 13:04:37,CW→CC,2026-02-08,,20056,20056,850,Monedero
6664,2040093659,Concepcion,Cristo Redentor,20157,L2,V1,2026-02-08 17:10:12,2026-02-08 18:08:52,CC→CW,2026-02-08,,20157,,850,Monedero
6665,2040093666,Cdal. Raul Silva Henriquez,Diagonal Bio Bio,20156,L2,V1,2026-02-08 09:37:16,2026-02-08 09:53:10,CW→CC,2026-02-08,,20156,20156,510,Monedero
6666,2040093879,Coronel,Laguna Quinenco,20152,L2,V1,2026-02-08 08:21:56,2026-02-08 08:38:10,CW→CC,2026-02-08,,20152,20152,440,Monedero
6667,2040093879,Cristo Redentor,Coronel,20163,L2,V1,2026-02-08 19:30:07,2026-02-08 19:46:29,CC→CW,2026-02-08,,20163,20163,450,Monedero
6668,2040102114,Diagonal Bio Bio,Laguna Quinenco,20161,L2,V1,2026-02-08 18:38:35,2026-02-08 19:10:21,CC→CW,2026-02-08,,20161,20161,790,Monedero
6669,2040102329,Cdal. Raul Silva Henriquez,Lomas Coloradas,20052,L2,V1,2026-02-08 11:37:25,2026-02-08 11:42:50,CW→CC,2026-02-08,,20052,20052,430,Monedero
6670,2040102329,Lomas Coloradas,Cdal. Raul Silva Henriquez,20051,L2,V1,2026-02-08 11:53:49,2026-02-08 12:07:22,CC→CW,2026-02-08,,20051,20049,430,Monedero
6671,2040102566,Concepcion,Coronel,20067,L2,V1,2026-02-08 15:19:05,2026-02-08 16:13:55,CC→CW,2026-02-08,,20067,20067,880,Monedero
6672,2040102737,Cristo Redentor,Costa Mar,20050,L2,V1,2026-02-08 11:01:53,2026-02-08 11:48:25,CW→CC,2026-02-08,,20050,20050,630,Monedero
6673,2040103322,Mercado,Los Condores,20847,L1,V1,2026-02-08 19:52:03,2026-02-08 20:12:24,TH→HQ,2026-02-08,,20847,20847,490,Monedero
6674,2040103594,Laguna Quinenco,Concepcion,20062,L2,V1,2026-02-08 13:48:57,2026-02-08 14:34:19,CW→CC,2026-02-08,,20062,20062,880,Monedero
6675,2040103594,Laguna Quinenco,Concepcion,20062,L2,V1,2026-02-08 13:49:05,2026-02-08 14:34:12,CW→CC,2026-02-08,,20062,20062,880,Monedero
6676,2040103594,Laguna Quinenco,Concepcion,20062,L2,V1,2026-02-08 13:49:09,2026-02-08 14:34:04,CW→CC,2026-02-08,,20062,20062,880,Monedero
6677,2040103741,Lomas Coloradas,Coronel,20163,L2,V1,2026-02-08 19:20:31,2026-02-08 19:46:08,CC→CW,2026-02-08,,20163,20163,650,Monedero
6678,2040103896,Cdal. Raul Silva Henriquez,Juan Pablo II,20076,L2,V1,2026-02-08 16:59:17,2026-02-08 17:21:11,CW→CC,2026-02-08,,20076,20076,510,Monedero
6679,2040103896,Juan Pablo II,Cdal. Raul Silva Henriquez,20157,L2,V1,2026-02-08 17:31:39,2026-02-08 17:55:19,CC→CW,2026-02-08,,20157,,510,Monedero
6680,2040103924,Coronel,Cdal. Raul Silva Henriquez,20066,L2,V1,2026-02-08 14:30:50,2026-02-08 15:00:48,CW→CC,2026-02-08,,20066,20066,650,Monedero
6681,2040103932,Cdal. Raul Silva Henriquez,Diagonal Bio Bio,20050,L2,V1,2026-02-08 11:13:40,2026-02-08 11:29:21,CW→CC,2026-02-08,,20050,20050,510,Monedero
6682,2040103949,Cdal. Raul Silva Henriquez,Concepcion,20156,L2,V1,2026-02-08 09:30:05,2026-02-08 10:02:16,CW→CC,2026-02-08,,20156,20156,570,Monedero
6683,2040103949,Concepcion,Cdal. Raul Silva Henriquez,20063,L2,V1,2026-02-08 13:55:54,2026-02-08 15:00:47,CC→CW,2026-02-08,,20063,20063,570,Monedero
6684,2040103964,Costa Mar,Cdal. Raul Silva Henriquez,20069,L2,V1,2026-02-08 16:56:14,2026-02-08 17:09:15,CC→CW,2026-02-08,,20069,20069,430,Monedero
6685,2040103985,Cdal. Raul Silva Henriquez,El Parque,20162,L2,V1,2026-02-08 18:23:56,2026-02-08 18:42:59,CW→CC,2026-02-08,,20162,20162,430,Monedero
6686,2040136331,El Parque,Concepcion,20160,L2,V1,2026-02-08 17:42:30,2026-02-08 18:28:05,CW→CC,2026-02-08,,20160,20160,570,Monedero
6687,2040136346,Los Canelos,Concepcion,20166,L2,V1,2026-02-08 19:15:20,2026-02-08 20:00:54,CW→CC,2026-02-08,,20166,20166,850,Monedero
6688,2040136364,Concepcion,Los Canelos,20035,L2,V1,2026-02-08 09:57:00,2026-02-08 10:36:40,CC→CW,2026-02-08,,20035,,850,Monedero
6689,2040136707,Mercado,Pedro Medina,20847,L1,V1,2026-02-08 19:49:15,2026-02-08 20:42:24,TH→HQ,2026-02-08,,20847,20847,550,Monedero
6690,2040136900,Concepcion,El Parque,20161,L2,V1,2026-02-08 18:17:47,2026-02-08 18:47:43,CC→CW,2026-02-08,,20161,20161,570,Monedero
6691,2040136900,El Parque,Concepcion,20166,L2,V1,2026-02-08 19:28:25,2026-02-08 19:59:17,CW→CC,2026-02-08,,20166,20166,570,Monedero
6692,2040137355,Coronel,Costa Mar,20152,L2,V1,2026-02-08 08:19:01,2026-02-08 09:01:49,CW→CC,2026-02-08,,20152,20152,650,Monedero
6693,2040137355,Costa Mar,Coronel,20161,L2,V1,2026-02-08 18:38:34,2026-02-08 19:13:28,CC→CW,2026-02-08,,20161,20161,650,Monedero
6694,2040137659,Hualqui,Concepcion,20844,L1,V1,2026-02-08 12:14:55,2026-02-08 13:49:58,HQ→TH,2026-02-08,combo_por_entrada,20844,20059,910,Monedero
6695,2040137659,Concepcion,Hualqui,20847,L1,V1,2026-02-08 19:28:36,2026-02-08 21:04:09,TH→HQ,2026-02-08,combo_por_entrada,20847,20847,910,Monedero
6696,2040140021,Concepcion,Lomas Coloradas,20063,L2,V1,2026-02-08 14:36:13,2026-02-08 14:58:54,CC→CW,2026-02-08,,20063,20063,570,Monedero
6697,2040140309,Hualqui,Cristo Redentor,,,N/A,2026-02-08 16:40:51,2026-02-08 18:09:03,,2026-02-08,sin_combo_factible_en_hub|sin_s1_factible_retro,,,960,Monedero
6698,2040140309,Hualqui,Cristo Redentor,,,N/A,2026-02-08 16:40:59,2026-02-08 18:08:59,,2026-02-08,sin_combo_factible_en_hub|sin_s1_factible_retro,,,960,Monedero
6699,2040140432,Juan Pablo II,Los Canelos,20161,L2,V1,2026-02-08 18:30:09,2026-02-08 19:03:40,CC→CW,2026-02-08,,20161,20161,650,Monedero
6700,2040140432,Juan Pablo II,Los Canelos,20161,L2,V1,2026-02-08 18:30:16,2026-02-08 19:03:35,CC→CW,2026-02-08,,20161,20161,650,Monedero
6701,2040140558,Concepcion,Los Canelos,20167,L2,V1,2026-02-08 19:48:51,2026-02-08 20:36:55,CC→CW,2026-02-08,,20167,20167,850,Monedero
6702,2040140696,Coronel,Concepcion,20050,L2,V1,2026-02-08 10:29:20,2026-02-08 11:44:03,CW→CC,2026-02-08,,20050,20050,880,Monedero
6703,2040140696,Coronel,Concepcion,20050,L2,V1,2026-02-08 10:29:31,2026-02-08 11:43:57,CW→CC,2026-02-08,,20050,20050,880,Monedero
6704,2040140857,Concepcion,Cristo Redentor,20167,L2,V1,2026-02-08 19:44:53,2026-02-08 20:41:49,CC→CW,2026-02-08,,20167,20167,850,Monedero
6705,2040140857,Concepcion,Cristo Redentor,20167,L2,V1,2026-02-08 19:44:59,2026-02-08 20:41:40,CC→CW,2026-02-08,,20167,20167,850,Monedero
6706,2040141103,Laguna Quinenco,El Parque,20056,L2,V1,2026-02-08 12:16:43,2026-02-08 12:44:44,CW→CC,2026-02-08,,20056,20056,650,Monedero
6707,2040141154,Concepcion,Los Canelos,20167,L2,V1,2026-02-08 19:55:19,2026-02-08 20:37:36,CC→CW,2026-02-08,,20167,20167,850,Monedero
6708,2040141219,Concepcion,Los Canelos,20067,L2,V1,2026-02-08 15:26:41,2026-02-08 16:03:51,CC→CW,2026-02-08,,20067,20067,850,Monedero
6709,2040141357,Coronel,Concepcion,20170,L2,V1,2026-02-08 19:48:06,2026-02-08 21:01:39,CW→CC,2026-02-08,,20170,20170,880,Monedero
6710,2040141372,Laguna Quinenco,Coronel,20053,L2,V1,2026-02-08 12:41:20,2026-02-08 12:55:00,CC→CW,2026-02-08,,20053,20053,440,Monedero
6711,2040141429,Los Canelos,Laguna Quinenco,20067,L2,V1,2026-02-08 16:02:19,2026-02-08 16:10:44,CC→CW,2026-02-08,,20067,20067,530,Monedero
6712,2040141429,Laguna Quinenco,Lomas Coloradas,20160,L2,V1,2026-02-08 17:24:11,2026-02-08 18:07:20,CW→CC,2026-02-08,,20160,20160,650,Monedero
6713,2040141429,Lomas Coloradas,Los Canelos,20163,L2,V1,2026-02-08 19:16:34,2026-02-08 19:35:58,CC→CW,2026-02-08,,20163,20163,610,Monedero
6714,2040141742,Concepcion,Cdal. Raul Silva Henriquez,20059,L2,V1,2026-02-08 13:15:06,2026-02-08 13:43:08,CC→CW,2026-02-08,,20059,20059,570,Monedero
6715,2040141742,Cdal. Raul Silva Henriquez,Concepcion,20068,L2,V1,2026-02-08 15:53:25,2026-02-08 16:23:52,CW→CC,2026-02-08,,20068,20068,570,Monedero
6716,2040141787,Concepcion,Los Condores,20846,L1,V1,2026-02-08 17:00:11,2026-02-08 17:48:12,HQ→TH,2026-02-08,combo_por_entrada,20846,20846,590,Monedero
6717,2040146026,Lomas Coloradas,Laguna Quinenco,20041,L2,V1,2026-02-08 10:40:00,2026-02-08 11:10:09,CC→CW,2026-02-08,,20041,20041,650,Monedero
6718,2040146191,Lomas Coloradas,Los Canelos,20067,L2,V1,2026-02-08 15:48:16,2026-02-08 16:06:33,CC→CW,2026-02-08,,20067,20067,610,Monedero
6719,2040146304,El Parque,Concepcion,20076,L2,V1,2026-02-08 16:57:15,2026-02-08 17:31:30,CW→CC,2026-02-08,,20076,20076,570,Monedero
6720,2040146310,Concepcion,Coronel,20063,L2,V1,2026-02-08 14:23:27,2026-02-08 15:21:23,CC→CW,2026-02-08,,20063,20063,880,Monedero
6721,2040146465,Chiguayante,Higueras,20844,L1,V1,2026-02-08 12:31:41,2026-02-08 13:12:17,HQ→TH,2026-02-08,,20844,20844,540,Monedero
6722,2040146465,Chiguayante,Higueras,20844,L1,V1,2026-02-08 12:31:52,2026-02-08 13:12:10,HQ→TH,2026-02-08,,20844,20844,540,Monedero
6723,2040146465,Chiguayante,Higueras,20844,L1,V1,2026-02-08 12:31:58,2026-02-08 13:12:04,HQ→TH,2026-02-08,,20844,20844,540,Monedero
6724,2040146473,Huinca,Lomas Coloradas,20170,L2,V1,2026-02-08 20:16:33,2026-02-08 20:40:50,CW→CC,2026-02-08,,20170,20170,630,Monedero
6725,2040146550,Lomas Coloradas,Laguna Quinenco,20035,L2,V1,2026-02-08 10:09:29,2026-02-08 10:46:18,CC→CW,2026-02-08,,20035,20035,650,Monedero
6726,2040146550,Laguna Quinenco,Lomas Coloradas,20062,L2,V1,2026-02-08 13:40:59,2026-02-08 14:13:56,CW→CC,2026-02-08,,20062,20062,650,Monedero
6727,2040146552,Cdal. Raul Silva Henriquez,Costa Mar,20170,L2,V1,2026-02-08 20:24:30,2026-02-08 20:46:12,CW→CC,2026-02-08,,20170,20170,430,Monedero
6728,2040146602,Huinca,Lomas Coloradas,20170,L2,V1,2026-02-08 20:21:15,2026-02-08 20:42:04,CW→CC,2026-02-08,,20170,20170,630,Monedero
6729,2040146676,Huinca,Concepcion,20076,L2,V1,2026-02-08 16:47:23,2026-02-08 17:29:56,CW→CC,2026-02-08,,20076,20076,850,Monedero
6730,2040146676,Concepcion,Huinca,20167,L2,V1,2026-02-08 19:52:12,2026-02-08 20:38:19,CC→CW,2026-02-08,,20167,20167,850,Monedero
6731,2040147592,Concepcion,Coronel,20059,L2,V1,2026-02-08 13:08:13,2026-02-08 14:03:58,CC→CW,2026-02-08,,20059,20059,880,Monedero
6732,2040147592,Concepcion,Coronel,20059,L2,V1,2026-02-08 13:08:19,2026-02-08 14:03:53,CC→CW,2026-02-08,,20059,20059,880,Monedero
6733,2040147592,Concepcion,Coronel,20059,L2,V1,2026-02-08 13:08:23,2026-02-08 14:03:44,CC→CW,2026-02-08,,20059,20059,880,Monedero
6734,2040147592,Coronel,Concepcion,20166,L2,V1,2026-02-08 18:49:36,2026-02-08 20:01:44,CW→CC,2026-02-08,,20166,20166,880,Monedero
6735,2040147592,Coronel,Concepcion,20166,L2,V1,2026-02-08 18:49:44,2026-02-08 20:01:40,CW→CC,2026-02-08,,20166,20166,880,Monedero
6736,2040147592,Coronel,Concepcion,20166,L2,V1,2026-02-08 18:49:50,2026-02-08 20:01:33,CW→CC,2026-02-08,,20166,20166,880,Monedero
6737,2040147946,Concepcion,Diagonal Bio Bio,20167,L2,V1,2026-02-08 19:48:50,2026-02-08 20:12:11,CC→CW,2026-02-08,,20167,20167,570,Monedero
6738,2040147986,El Parque,Concepcion,20170,L2,V1,2026-02-08 20:40:12,2026-02-08 21:02:30,CW→CC,2026-02-08,,20170,20170,570,Monedero
6739,2040161430,Concepcion,Coronel,20067,L2,V1,2026-02-08 15:15:53,2026-02-08 16:14:23,CC→CW,2026-02-08,,20067,20067,880,Monedero
6740,2040179190,Concepcion,Hualqui,20845,L1,V1,2026-02-08 16:22:16,2026-02-08 17:01:02,TH→HQ,2026-02-08,,20845,20845,550,Monedero
6741,2040234861,Concepcion,Cdal. Raul Silva Henriquez,20049,L2,V1,2026-02-08 11:14:35,2026-02-08 11:54:03,CC→CW,2026-02-08,,20049,20049,570,Monedero
6742,2040234861,Cdal. Raul Silva Henriquez,Concepcion,20062,L2,V1,2026-02-08 14:04:59,2026-02-08 14:33:32,CW→CC,2026-02-08,,20062,20062,570,Monedero
6743,2040297192,Los Canelos,Coronel,20153,L2,V1,2026-02-08 09:48:41,2026-02-08 10:04:02,CC→CW,2026-02-08,,20153,20153,530,Monedero
6744,2040385532,Diagonal Bio Bio,Concepcion,20056,L2,V1,2026-02-08 12:42:26,2026-02-08 13:06:11,CW→CC,2026-02-08,,20056,20056,570,Monedero
6745,2040385532,Diagonal Bio Bio,Concepcion,20056,L2,V1,2026-02-08 12:42:35,2026-02-08 13:06:07,CW→CC,2026-02-08,,20056,20056,570,Monedero
6746,2100000412,Los Canelos,Concepcion,20170,L2,V1,2026-02-08 20:15:11,2026-02-08 21:00:26,CW→CC,2026-02-08,,20170,20170,850,Monedero
6747,2100000671,Concepcion,Cdal. Raul Silva Henriquez,20171,L2,V1,2026-02-08 20:52:16,2026-02-08 21:30:07,CC→CW,2026-02-08,,20171,,570,Monedero
6748,2100000749,Coronel,Laguna Quinenco,20170,L2,V1,2026-02-08 19:44:59,2026-02-08 20:23:39,CW→CC,2026-02-08,,20170,20170,0,Discapacitado
6749,2100000772,Laguna Quinenco,El Parque,20040,L2,V1,2026-02-08 09:39:42,2026-02-08 10:06:15,CW→CC,2026-02-08,,20040,20040,330,Adulto Mayor
6750,2100000772,El Parque,Laguna Quinenco,20167,L2,V1,2026-02-08 20:14:57,2026-02-08 20:44:12,CC→CW,2026-02-08,,20167,20167,330,Adulto Mayor
6751,2100000905,Huinca,Concepcion,20166,L2,V1,2026-02-08 19:04:05,2026-02-08 20:03:00,CW→CC,2026-02-08,,20166,20166,0,Discapacitado
6752,2100000991,Lomas Coloradas,Alborada,20052,L2,V1,2026-02-08 11:37:43,2026-02-08 11:50:05,CW→CC,2026-02-08,,20052,20052,510,Monedero
6753,2100002112,Concepcion,Costa Mar,20163,L2,V1,2026-02-08 18:34:14,2026-02-08 19:16:49,CC→CW,2026-02-08,,20163,20161,570,Monedero
6754,2100002284,Concepcion,Coronel,20049,L2,V1,2026-02-08 11:19:02,2026-02-08 12:15:32,CC→CW,2026-02-08,,20049,20049,440,Adulto Mayor
6755,2100002470,Lomas Coloradas,Laguna Quinenco,20069,L2,V1,2026-02-08 16:58:15,2026-02-08 17:28:06,CC→CW,2026-02-08,,20069,20069,330,Adulto Mayor
6756,2100002655,Concepcion,Laguna Quinenco,20035,L2,V1,2026-02-08 09:56:19,2026-02-08 10:44:53,CC→CW,2026-02-08,,20035,,440,Adulto Mayor
6757,2100002655,Laguna Quinenco,Concepcion,20170,L2,V1,2026-02-08 20:10:39,2026-02-08 21:02:03,CW→CC,2026-02-08,,20170,20170,440,Adulto Mayor
6758,2100002877,Concepcion,Cdal. Raul Silva Henriquez,20171,L2,V1,2026-02-08 19:41:19,2026-02-08 21:29:45,CC→CW,2026-02-08,combo_por_entrada,20171,,590,Monedero
6759,2100002966,Lomas Coloradas,Concepcion,20052,L2,V1,2026-02-08 11:41:09,2026-02-08 12:02:45,CW→CC,2026-02-08,,20052,20052,0,Discapacitado
6760,2100002966,Concepcion,Lomas Coloradas,20059,L2,V1,2026-02-08 12:45:33,2026-02-08 13:39:42,CC→CW,2026-02-08,,20059,20059,0,Discapacitado
6761,2100003042,Los Canelos,Coronel,20049,L2,V1,2026-02-08 12:02:18,2026-02-08 12:15:34,CC→CW,2026-02-08,,20049,20049,270,Adulto Mayor
6762,2100003042,Coronel,Cristo Redentor,20076,L2,V1,2026-02-08 16:37:15,2026-02-08 16:51:45,CW→CC,2026-02-08,,20076,20076,230,Adulto Mayor
6763,2100003042,Cristo Redentor,Concepcion,20160,L2,V1,2026-02-08 17:36:10,2026-02-08 18:27:56,CW→CC,2026-02-08,,20160,20160,430,Adulto Mayor
6764,2100003042,Concepcion,Los Canelos,20167,L2,V1,2026-02-08 19:34:24,2026-02-08 20:36:30,CC→CW,2026-02-08,,20167,20167,430,Adulto Mayor
6765,2100003151,Los Canelos,Lomas Coloradas,20068,L2,V1,2026-02-08 15:39:10,2026-02-08 16:03:59,CW→CC,2026-02-08,,20068,20068,0,Discapacitado
6766,2100003167,Lomas Coloradas,Cristo Redentor,20171,L2,V1,2026-02-08 20:37:13,2026-02-08 21:42:53,CC→CW,2026-02-08,,20171,20167,320,Adulto Mayor
6767,2100003227,Laguna Quinenco,Concepcion,20068,L2,V1,2026-02-08 15:35:15,2026-02-08 16:24:42,CW→CC,2026-02-08,,20068,20068,0,Discapacitado
6768,2100003227,Concepcion,Laguna Quinenco,20171,L2,V1,2026-02-08 20:55:40,2026-02-08 21:46:13,CC→CW,2026-02-08,,20171,,0,Discapacitado
6769,2100004021,Huinca,Lomas Coloradas,20170,L2,V1,2026-02-08 20:22:39,2026-02-08 20:41:13,CW→CC,2026-02-08,,20170,20170,630,Monedero
6770,2100004507,Concepcion,Los Canelos,20063,L2,V1,2026-02-08 13:56:27,2026-02-08 15:10:07,CC→CW,2026-02-08,,20063,20063,430,Adulto Mayor
6771,2100004507,Concepcion,Los Canelos,20063,L2,V1,2026-02-08 13:56:33,2026-02-08 15:10:11,CC→CW,2026-02-08,,20063,20063,850,Monedero
6772,2100004549,Huinca,Laguna Quinenco,20069,L2,V1,2026-02-08 17:16:56,2026-02-08 17:28:12,CC→CW,2026-02-08,,20069,20069,230,Adulto Mayor
6773,2100004549,Laguna Quinenco,Huinca,20170,L2,V1,2026-02-08 19:34:17,2026-02-08 20:27:01,CW→CC,2026-02-08,,20170,20170,230,Adulto Mayor
6774,2100004639,Juan Pablo II,Cristo Redentor,20167,L2,V1,2026-02-08 19:26:26,2026-02-08 20:42:11,CC→CW,2026-02-08,,20167,20167,340,Adulto Mayor
6775,2100004640,Juan Pablo II,Cristo Redentor,20167,L2,V1,2026-02-08 19:26:19,2026-02-08 20:42:00,CC→CW,2026-02-08,,20167,20167,340,Adulto Mayor
6776,2100004703,Coronel,Laguna Quinenco,20076,L2,V1,2026-02-08 16:41:42,2026-02-08 18:10:35,CW→CC,2026-02-08,,20076,20076,440,Monedero
6777,2100004703,Laguna Quinenco,Coronel,20161,L2,V1,2026-02-08 19:09:31,2026-02-08 19:13:58,CC→CW,2026-02-08,,20161,20161,440,Monedero
6778,2100004951,Concepcion,Huinca,20149,L2,V1,2026-02-08 07:42:35,2026-02-08 09:07:03,CC→CW,2026-02-08,,20149,20149,850,Monedero
6779,2100004951,Huinca,Concepcion,20068,L2,V1,2026-02-08 15:44:39,2026-02-08 16:52:07,CW→CC,2026-02-08,,20068,20068,850,Monedero
6780,2100004951,Concepcion,Huinca,20171,L2,V1,2026-02-08 21:00:27,2026-02-08 21:40:05,CC→CW,2026-02-08,,20171,,850,Monedero
6781,2100005465,Juan Pablo II,Cdal. Raul Silva Henriquez,20171,L2,V1,2026-02-08 20:57:04,2026-02-08 21:30:49,CC→CW,2026-02-08,,20171,,260,Adulto Mayor
6782,2100005559,Hito Galvarino,Concepcion,20066,L2,V1,2026-02-08 14:37:24,2026-02-08 15:24:02,CW→CC,2026-02-08,,20066,20066,850,Monedero
6783,2100005559,Concepcion,Hito Galvarino,20167,L2,V1,2026-02-08 20:00:54,2026-02-08 20:32:52,CC→CW,2026-02-08,,20167,20167,850,Monedero
6784,2100005641,Concepcion,El Parque,20161,L2,V1,2026-02-08 18:13:18,2026-02-08 18:48:55,CC→CW,2026-02-08,,20161,20161,570,Monedero
6785,2100005641,Concepcion,El Parque,20161,L2,V1,2026-02-08 18:13:29,2026-02-08 18:48:48,CC→CW,2026-02-08,,20161,20161,570,Monedero
6786,2100005700,Lomas Coloradas,Juan Pablo II,20156,L2,V1,2026-02-08 09:36:39,2026-02-08 09:53:55,CW→CC,2026-02-08,,20156,20156,510,Monedero
6787,2100005700,Concepcion,Lomas Coloradas,20059,L2,V1,2026-02-08 13:13:05,2026-02-08 13:39:34,CC→CW,2026-02-08,,20059,20059,570,Monedero
6788,2100005841,Cdal. Raul Silva Henriquez,Costa Mar,20068,L2,V1,2026-02-08 15:53:04,2026-02-08 16:09:08,CW→CC,2026-02-08,,20068,20068,0,Otros
6789,2100005841,Costa Mar,Cdal. Raul Silva Henriquez,20157,L2,V1,2026-02-08 17:46:32,2026-02-08 17:55:57,CC→CW,2026-02-08,,20157,,0,Otros
6790,2100006040,Concepcion,Huinca,20035,L2,V1,2026-02-08 09:47:15,2026-02-08 10:39:45,CC→CW,2026-02-08,,20035,,430,Adulto Mayor
6791,2100006124,Concepcion,Los Canelos,20049,L2,V1,2026-02-08 11:08:39,2026-02-08 12:07:02,CC→CW,2026-02-08,,20049,20049,0,Discapacitado
6792,2100006160,Cristo Redentor,Costa Mar,20050,L2,V1,2026-02-08 10:50:36,2026-02-08 11:24:32,CW→CC,2026-02-08,,20050,20050,320,Adulto Mayor
6793,2100006919,El Parque,Costa Mar,20170,L2,V1,2026-02-08 20:23:09,2026-02-08 20:46:27,CW→CC,2026-02-08,,20170,20170,430,Monedero
6794,2100007239,Concepcion,Lomas Coloradas,20167,L2,V1,2026-02-08 19:47:12,2026-02-08 20:23:04,CC→CW,2026-02-08,,20167,20167,290,Adulto Mayor
6795,2100007773,Lomas Coloradas,Diagonal Bio Bio,20052,L2,V1,2026-02-08 11:35:15,2026-02-08 11:52:57,CW→CC,2026-02-08,,20052,20052,260,Adulto Mayor
6796,2100008807,Cristo Redentor,Laguna Quinenco,20171,L2,V1,2026-02-08 21:18:49,2026-02-08 21:45:18,CC→CW,2026-02-08,,20171,,230,Adulto Mayor
6797,2100008856,El Parque,Concepcion,20170,L2,V1,2026-02-08 20:35:32,2026-02-08 21:00:19,CW→CC,2026-02-08,,20170,20170,290,Adulto Mayor
6798,2100008857,Laguna Quinenco,El Parque,20066,L2,V1,2026-02-08 14:28:57,2026-02-08 15:07:23,CW→CC,2026-02-08,,20066,20066,330,Adulto Mayor
6799,2100009089,Los Canelos,Juan Pablo II,20052,L2,V1,2026-02-08 11:26:15,2026-02-08 11:56:30,CW→CC,2026-02-08,,20052,20052,0,Discapacitado
6800,2100009089,Concepcion,Los Canelos,20067,L2,V1,2026-02-08 15:18:24,2026-02-08 16:03:50,CC→CW,2026-02-08,,20067,20067,0,Discapacitado
6801,2100009498,Cdal. Raul Silva Henriquez,Cristo Redentor,20059,L2,V1,2026-02-08 13:36:47,2026-02-08 13:58:53,CC→CW,2026-02-08,,20059,20059,320,Adulto Mayor
6802,2100009498,Cristo Redentor,Cdal. Raul Silva Henriquez,20166,L2,V1,2026-02-08 19:15:37,2026-02-08 19:39:19,CW→CC,2026-02-08,,20166,20166,320,Adulto Mayor
6803,2100009599,Concepcion,Los Canelos,20035,L2,V1,2026-02-08 09:45:58,2026-02-08 10:37:25,CC→CW,2026-02-08,,20035,,430,Adulto Mayor
6804,2100009599,Los Canelos,Concepcion,20160,L2,V1,2026-02-08 17:48:30,2026-02-08 18:28:31,CW→CC,2026-02-08,,20160,20160,430,Adulto Mayor
6805,2100009924,Huinca,Cdal. Raul Silva Henriquez,20166,L2,V1,2026-02-08 18:58:37,2026-02-08 19:39:00,CW→CC,2026-02-08,,20166,20166,320,Adulto Mayor
6806,2100009935,Concepcion,Coronel,20069,L2,V1,2026-02-08 16:04:17,2026-02-08 17:31:09,CC→CW,2026-02-08,,20069,20069,440,Adulto Mayor
6807,2100009990,Alborada,Cdal. Raul Silva Henriquez,20167,L2,V1,2026-02-08 19:26:20,2026-02-08 20:26:34,CC→CW,2026-02-08,,20167,20167,260,Adulto Mayor
6808,2102000177,Laguna Quinenco,Concepcion,20068,L2,V1,2026-02-08 15:35:15,2026-02-08 16:24:42,CW→CC,2026-02-08,,20068,20068,880,Monedero
6809,2102000177,Concepcion,Laguna Quinenco,20171,L2,V1,2026-02-08 20:55:51,2026-02-08 21:46:05,CC→CW,2026-02-08,,20171,,880,Monedero
6810,2102001373,Concepcion,Lomas Coloradas,20149,L2,V1,2026-02-08 08:11:58,2026-02-08 08:51:52,CC→CW,2026-02-08,,20149,20149,570,Monedero
6811,2102001632,Coronel,Concepcion,20170,L2,V1,2026-02-08 20:13:10,2026-02-08 21:02:07,CW→CC,2026-02-08,,20170,20170,880,Monedero
6812,2102002415,Los Canelos,El Parque,20152,L2,V1,2026-02-08 08:36:42,2026-02-08 08:59:32,CW→CC,2026-02-08,,20152,20152,610,Monedero
6813,2102002415,El Parque,Los Canelos,20167,L2,V1,2026-02-08 20:06:17,2026-02-08 20:36:07,CC→CW,2026-02-08,,20167,20167,610,Monedero
6814,2102002458,Coronel,Concepcion,20162,L2,V1,2026-02-08 17:59:08,2026-02-08 19:03:30,CW→CC,2026-02-08,,20162,20162,880,Monedero
6815,2102003483,Lomas Coloradas,Concepcion,20040,L2,V1,2026-02-08 09:58:39,2026-02-08 10:22:15,CW→CC,2026-02-08,,20040,20040,570,Monedero
6816,2102003609,Concepcion,Huinca,20035,L2,V1,2026-02-08 09:51:23,2026-02-08 10:40:34,CC→CW,2026-02-08,,20035,,430,Adulto Mayor
6817,2102003901,Costa Mar,Laguna Quinenco,20153,L2,V1,2026-02-08 09:24:48,2026-02-08 09:59:46,CC→CW,2026-02-08,,20153,20153,650,Monedero
6818,2102004416,Pedro Medina,Concepcion,20844,L1,V1,2026-02-08 12:18:01,2026-02-08 14:00:12,HQ→TH,2026-02-08,combo_por_entrada,20844,20059,910,Monedero
6819,2102004416,Laguna Quinenco,Juan Pablo II,20068,L2,V1,2026-02-08 14:50:01,2026-02-08 16:17:45,CW→CC,2026-02-08,,20068,20066,790,Monedero
6820,2102005192,Costa Mar,Los Canelos,20163,L2,V1,2026-02-08 19:05:44,2026-02-08 19:38:39,CC→CW,2026-02-08,,20163,20163,610,Monedero
6821,2102005460,Hito Galvarino,El Parque,20056,L2,V1,2026-02-08 12:30:24,2026-02-08 12:44:59,CW→CC,2026-02-08,,20056,20056,610,Monedero
6822,2102005460,El Parque,Hito Galvarino,20059,L2,V1,2026-02-08 13:13:46,2026-02-08 13:52:15,CC→CW,2026-02-08,,20059,20059,610,Monedero
6823,2102005807,Costa Mar,Huinca,20059,L2,V1,2026-02-08 13:29:58,2026-02-08 13:56:05,CC→CW,2026-02-08,,20059,20059,630,Monedero
6824,2102005807,Huinca,Costa Mar,20160,L2,V1,2026-02-08 17:47:05,2026-02-08 18:12:13,CW→CC,2026-02-08,,20160,20160,630,Monedero
6825,2102006570,Concepcion,Costa Mar,20171,L2,V1,2026-02-08 20:56:09,2026-02-08 21:24:17,CC→CW,2026-02-08,,20171,20171,570,Monedero
6826,2102007026,Concepcion,Hito Galvarino,20051,L2,V1,2026-02-08 11:41:12,2026-02-08 12:14:44,CC→CW,2026-02-08,,20051,20051,850,Monedero
6827,2103000013,Concepcion,Cdal. Raul Silva Henriquez,20067,L2,V1,2026-02-08 14:52:24,2026-02-08 15:56:53,CC→CW,2026-02-08,,20067,20067,290,Adulto Mayor
6828,2103000140,Coronel,Concepcion,20160,L2,V1,2026-02-08 17:05:51,2026-02-08 18:27:21,CW→CC,2026-02-08,,20160,20160,440,Adulto Mayor
6829,2103000149,Los Canelos,Juan Pablo II,20062,L2,V1,2026-02-08 13:54:30,2026-02-08 14:27:16,CW→CC,2026-02-08,,20062,20062,330,Adulto Mayor
6830,2103000152,Los Canelos,Laguna Quinenco,20059,L2,V1,2026-02-08 13:49:54,2026-02-08 14:02:01,CC→CW,2026-02-08,,20059,20059,270,Adulto Mayor
6831,2103000152,Laguna Quinenco,Los Canelos,20068,L2,V1,2026-02-08 15:29:43,2026-02-08 15:51:33,CW→CC,2026-02-08,,20068,20068,270,Adulto Mayor
6832,2103000182,Huinca,Costa Mar,20170,L2,V1,2026-02-08 20:19:32,2026-02-08 20:46:05,CW→CC,2026-02-08,,20170,20170,320,Adulto Mayor
6833,2103000206,Manquimavida,Lzo. Arenas,20850,L1,V1,2026-02-08 09:34:06,2026-02-08 10:11:13,HQ→TH,2026-02-08,,20850,20850,260,Adulto Mayor
6834,2103000206,Lzo. Arenas,Manquimavida,20859,L1,V1,2026-02-08 12:03:33,2026-02-08 13:16:33,TH→HQ,2026-02-08,,20859,20859,260,Adulto Mayor
6835,2103000259,Los Condores,Mercado,20844,L1,V1,2026-02-08 12:59:42,2026-02-08 13:18:43,HQ→TH,2026-02-08,,20844,20844,250,Adulto Mayor
6836,2103000272,Laguna Quinenco,Concepcion,20162,L2,V1,2026-02-08 18:08:39,2026-02-08 18:59:16,CW→CC,2026-02-08,,20162,20162,440,Adulto Mayor
6837,2103000853,Concepcion,Concepcion,,,N/A,2026-02-08 15:39:54,2026-02-08 15:43:31,,2026-02-08,no viajo,,,210,Adulto Mayor
6838,2103001038,Lomas Coloradas,Coronel,20157,L2,V1,2026-02-08 17:46:48,2026-02-08 18:13:28,CC→CW,2026-02-08,,20157,,330,Adulto Mayor
6839,2103001095,Pedro Medina,Los Condores,20848,L1,V1,2026-02-08 20:39:19,2026-02-08 21:21:24,HQ→TH,2026-02-08,,20848,20848,270,Adulto Mayor
6840,2103001102,Concepcion,Los Canelos,20149,L2,V1,2026-02-08 08:31:28,2026-02-08 09:05:08,CC→CW,2026-02-08,,20149,20149,430,Adulto Mayor
6841,2103001174,Huinca,Laguna Quinenco,20049,L2,V1,2026-02-08 11:56:38,2026-02-08 12:10:59,CC→CW,2026-02-08,,20049,20049,230,Adulto Mayor
6842,2103001211,Cdal. Raul Silva Henriquez,Los Canelos,20069,L2,V1,2026-02-08 16:57:46,2026-02-08 17:18:57,CC→CW,2026-02-08,,20069,20069,310,Adulto Mayor
6843,2103001322,Laguna Quinenco,Juan Pablo II,20040,L2,V1,2026-02-08 09:32:18,2026-02-08 10:16:03,CW→CC,2026-02-08,,20040,20040,400,Adulto Mayor
6844,2103001322,Juan Pablo II,Laguna Quinenco,20167,L2,V1,2026-02-08 19:32:03,2026-02-08 20:43:52,CC→CW,2026-02-08,,20167,20167,400,Adulto Mayor
6845,2103001402,Cdal. Raul Silva Henriquez,Los Canelos,20049,L2,V1,2026-02-08 11:53:55,2026-02-08 12:18:37,CC→CW,2026-02-08,,20049,20049,310,Adulto Mayor
6846,2103001402,Los Canelos,Cdal. Raul Silva Henriquez,20162,L2,V1,2026-02-08 18:17:51,2026-02-08 18:36:24,CW→CC,2026-02-08,,20162,20162,310,Adulto Mayor
6847,2103001421,Laguna Quinenco,Cristo Redentor,20166,L2,V1,2026-02-08 19:20:30,2026-02-08 19:25:29,CW→CC,2026-02-08,,20166,20166,230,Adulto Mayor
6848,2103001421,Laguna Quinenco,Cristo Redentor,20166,L2,V1,2026-02-08 19:20:35,2026-02-08 19:25:44,CW→CC,2026-02-08,,20166,20166,450,Monedero
6849,2103001481,Concepcion,Huinca,20059,L2,V1,2026-02-08 13:04:19,2026-02-08 13:56:50,CC→CW,2026-02-08,,20059,20059,430,Adulto Mayor
6850,2103002280,La Leonera,Chiguayante,,,N/A,2026-02-08 09:45:24,2026-02-08 09:56:25,,2026-02-08,sin_combo_factible_en_hub|sin_s1_factible_retro,,,210,Adulto Mayor
6851,2103002360,Juan Pablo II,Coronel,20161,L2,V1,2026-02-08 18:19:05,2026-02-08 19:13:15,CC→CW,2026-02-08,,20161,20161,400,Adulto Mayor
6852,2103002521,Concepcion,Huinca,20171,L2,V1,2026-02-08 20:42:52,2026-02-08 21:40:25,CC→CW,2026-02-08,,20171,,430,Adulto Mayor
6853,2103002634,Cristo Redentor,Juan Pablo II,20152,L2,V1,2026-02-08 08:37:00,2026-02-08 09:10:00,CW→CC,2026-02-08,,20152,20152,340,Adulto Mayor
6854,2103002658,Los Canelos,Hito Galvarino,20068,L2,V1,2026-02-08 15:36:51,2026-02-08 15:55:35,CW→CC,2026-02-08,,20068,20068,220,Adulto Mayor
6855,2103002774,Los Canelos,Lomas Coloradas,20170,L2,V1,2026-02-08 20:10:12,2026-02-08 20:41:08,CW→CC,2026-02-08,,20170,20170,310,Adulto Mayor
6856,2103002799,Laguna Quinenco,Juan Pablo II,20052,L2,V1,2026-02-08 11:23:06,2026-02-08 11:56:19,CW→CC,2026-02-08,,20052,20052,400,Adulto Mayor
6857,2103002799,Juan Pablo II,Laguna Quinenco,20167,L2,V1,2026-02-08 19:25:17,2026-02-08 20:44:59,CC→CW,2026-02-08,,20167,20167,400,Adulto Mayor
6858,2103002815,Los Canelos,Coronel,20161,L2,V1,2026-02-08 18:43:08,2026-02-08 19:13:53,CC→CW,2026-02-08,,20161,20161,270,Adulto Mayor
6859,2103002956,Huinca,Lomas Coloradas,20068,L2,V1,2026-02-08 15:48:42,2026-02-08 16:05:16,CW→CC,2026-02-08,,20068,20068,320,Adulto Mayor
6860,2103002956,Lomas Coloradas,Huinca,20171,L2,V1,2026-02-08 21:07:34,2026-02-08 21:41:01,CC→CW,2026-02-08,,20171,,320,Adulto Mayor
6861,2103003024,Laguna Quinenco,Cdal. Raul Silva Henriquez,20166,L2,V1,2026-02-08 19:10:51,2026-02-08 19:38:30,CW→CC,2026-02-08,,20166,20166,330,Adulto Mayor
6862,2103003125,Huinca,Lomas Coloradas,20052,L2,V1,2026-02-08 11:09:16,2026-02-08 11:43:50,CW→CC,2026-02-08,,20052,20050,320,Adulto Mayor
6863,2103003261,Diagonal Bio Bio,Coronel,20157,L2,V1,2026-02-08 17:21:28,2026-02-08 18:13:43,CC→CW,2026-02-08,,20157,,400,Adulto Mayor
6864,2103003389,Cristo Redentor,Juan Pablo II,20160,L2,V1,2026-02-08 17:38:55,2026-02-08 18:21:20,CW→CC,2026-02-08,,20160,20160,340,Adulto Mayor
6865,2103003472,Laguna Quinenco,Los Canelos,20170,L2,V1,2026-02-08 19:52:08,2026-02-08 20:28:41,CW→CC,2026-02-08,,20170,20170,270,Adulto Mayor
6866,2103003529,Costa Mar,Lomas Coloradas,20167,L2,V1,2026-02-08 20:09:41,2026-02-08 20:22:39,CC→CW,2026-02-08,,20167,20167,220,Adulto Mayor
6867,2103003592,Hualqui,Concepcion,20848,L1,V1,2026-02-08 20:08:56,2026-02-08 21:08:41,HQ→TH,2026-02-08,,20848,20848,280,Adulto Mayor
6868,2103003592,Hualqui,Concepcion,20848,L1,V1,2026-02-08 20:09:12,2026-02-08 21:08:49,HQ→TH,2026-02-08,,20848,20848,550,Monedero
6869,2103003616,Huinca,Concepcion,20166,L2,V1,2026-02-08 18:59:02,2026-02-08 20:02:34,CW→CC,2026-02-08,,20166,20166,430,Adulto Mayor
6870,2103003677,Concepcion,Costa Mar,20167,L2,V1,2026-02-08 19:45:39,2026-02-08 20:17:28,CC→CW,2026-02-08,,20167,20167,290,Adulto Mayor
6871,2103003699,Lomas Coloradas,El Parque,20076,L2,V1,2026-02-08 16:51:17,2026-02-08 17:12:08,CW→CC,2026-02-08,,20076,20076,220,Adulto Mayor
6872,2103003699,El Parque,Lomas Coloradas,20161,L2,V1,2026-02-08 18:08:23,2026-02-08 18:52:36,CC→CW,2026-02-08,,20161,20161,220,Adulto Mayor
6873,2103003747,Cdal. Raul Silva Henriquez,Coronel,20049,L2,V1,2026-02-08 11:46:58,2026-02-08 12:14:15,CC→CW,2026-02-08,,20049,20049,330,Adulto Mayor
6874,2103003747,Coronel,Cdal. Raul Silva Henriquez,20076,L2,V1,2026-02-08 16:26:01,2026-02-08 17:06:03,CW→CC,2026-02-08,,20076,20076,330,Adulto Mayor
6875,2103009521,Coronel,Concepcion,20170,L2,V1,2026-02-08 19:47:40,2026-02-08 21:03:15,CW→CC,2026-02-08,,20170,20170,440,Adulto Mayor
6876,2103010004,Los Canelos,Concepcion,20062,L2,V1,2026-02-08 13:51:00,2026-02-08 14:32:36,CW→CC,2026-02-08,,20062,20062,430,Adulto Mayor
6877,2103010004,Concepcion,Los Canelos,20161,L2,V1,2026-02-08 18:08:13,2026-02-08 19:03:39,CC→CW,2026-02-08,,20161,20161,430,Adulto Mayor
6878,2103010026,Cristo Redentor,Concepcion,20044,L2,V1,2026-02-08 10:00:34,2026-02-08 10:48:06,CW→CC,2026-02-08,,20044,20044,430,Adulto Mayor
6879,2103010026,Concepcion,Cristo Redentor,20157,L2,V1,2026-02-08 17:11:31,2026-02-08 18:08:51,CC→CW,2026-02-08,,20157,,430,Adulto Mayor
6880,2103010049,Cristo Redentor,Concepcion,20152,L2,V1,2026-02-08 08:17:13,2026-02-08 09:15:58,CW→CC,2026-02-08,,20152,20152,430,Adulto Mayor
6881,2103010067,Cristo Redentor,El Parque,20156,L2,V1,2026-02-08 09:17:50,2026-02-08 09:44:34,CW→CC,2026-02-08,,20156,20156,320,Adulto Mayor
6882,2103010067,El Parque,Juan Pablo II,20050,L2,V1,2026-02-08 11:18:30,2026-02-08 11:31:41,CW→CC,2026-02-08,,20050,20050,260,Adulto Mayor
6883,2103010067,Juan Pablo II,El Parque,20053,L2,V1,2026-02-08 12:00:50,2026-02-08 12:27:23,CC→CW,2026-02-08,,20053,20053,260,Adulto Mayor
6884,2103010067,El Parque,Cristo Redentor,20167,L2,V1,2026-02-08 20:06:23,2026-02-08 20:41:20,CC→CW,2026-02-08,,20167,20167,320,Adulto Mayor
6885,2103010190,Laguna Quinenco,Juan Pablo II,20062,L2,V1,2026-02-08 13:39:05,2026-02-08 14:26:29,CW→CC,2026-02-08,,20062,20062,400,Adulto Mayor
6886,2103010220,Cdal. Raul Silva Henriquez,Concepcion,20156,L2,V1,2026-02-08 09:34:34,2026-02-08 10:02:48,CW→CC,2026-02-08,,20156,20156,290,Adulto Mayor
6887,2103010220,Concepcion,Cdal. Raul Silva Henriquez,20171,L2,V1,2026-02-08 20:09:32,2026-02-08 21:30:13,CC→CW,2026-02-08,,20171,20167,290,Adulto Mayor
6888,2103010231,Alborada,Concepcion,20050,L2,V1,2026-02-08 11:24:12,2026-02-08 11:42:41,CW→CC,2026-02-08,,20050,20050,290,Adulto Mayor
6889,2103010256,Concepcion,Concepcion,,,N/A,2026-02-08 17:13:35,2026-02-08 17:31:08,,2026-02-08,no viajo,,,210,Adulto Mayor
6890,2103010256,Concepcion,Concepcion,,,N/A,2026-02-08 19:19:44,2026-02-08 19:21:29,,2026-02-08,no viajo,,,210,Adulto Mayor
6891,2103010305,Los Canelos,Cdal. Raul Silva Henriquez,20062,L2,V1,2026-02-08 13:53:58,2026-02-08 14:10:47,CW→CC,2026-02-08,,20062,20062,310,Adulto Mayor
6892,2103010305,Cdal. Raul Silva Henriquez,Los Canelos,20163,L2,V1,2026-02-08 19:20:54,2026-02-08 19:36:18,CC→CW,2026-02-08,,20163,20163,310,Adulto Mayor
6893,2103010349,Cdal. Raul Silva Henriquez,Concepcion,20076,L2,V1,2026-02-08 17:01:04,2026-02-08 17:31:04,CW→CC,2026-02-08,,20076,20076,290,Adulto Mayor
6894,2103010350,Diagonal Bio Bio,Cristo Redentor,20157,L2,V1,2026-02-08 17:28:21,2026-02-08 18:08:39,CC→CW,2026-02-08,,20157,,340,Adulto Mayor
6895,2103010456,Cdal. Raul Silva Henriquez,Concepcion,20162,L2,V1,2026-02-08 18:25:25,2026-02-08 18:59:23,CW→CC,2026-02-08,,20162,20162,290,Adulto Mayor
6896,2103010456,Cdal. Raul Silva Henriquez,Concepcion,20162,L2,V1,2026-02-08 18:25:33,2026-02-08 18:59:33,CW→CC,2026-02-08,,20162,20162,570,Monedero
6897,2103010471,Lomas Coloradas,Concepcion,20040,L2,V1,2026-02-08 09:44:55,2026-02-08 10:22:13,CW→CC,2026-02-08,,20040,20156,290,Adulto Mayor
6898,2103010478,Higueras,Concepcion,20859,L1,V1,2026-02-08 12:20:54,2026-02-08 13:00:39,TH→HQ,2026-02-08,,20859,20859,250,Adulto Mayor
6899,2103010478,Concepcion,Higueras,20848,L1,V1,2026-02-08 20:40:53,2026-02-08 21:24:12,HQ→TH,2026-02-08,,20848,20848,250,Adulto Mayor
6900,2103010479,Higueras,Concepcion,20859,L1,V1,2026-02-08 12:20:48,2026-02-08 13:00:53,TH→HQ,2026-02-08,,20859,20859,250,Adulto Mayor
6901,2103010479,Concepcion,Higueras,20848,L1,V1,2026-02-08 20:41:06,2026-02-08 21:24:21,HQ→TH,2026-02-08,,20848,20848,250,Adulto Mayor
6902,2104003084,Coronel,Concepcion,20062,L2,V1,2026-02-08 13:12:49,2026-02-08 14:35:14,CW→CC,2026-02-08,,20062,20062,0,Otros
6903,2104003084,Concepcion,Coronel,20069,L2,V1,2026-02-08 15:58:08,2026-02-08 17:30:23,CC→CW,2026-02-08,,20069,20069,0,Otros
6904,2104004010,Hito Galvarino,Laguna Quinenco,20041,L2,V1,2026-02-08 10:44:01,2026-02-08 11:10:25,CC→CW,2026-02-08,,20041,20041,0,Otros
6905,2104004220,Los Canelos,Concepcion,20044,L2,V1,2026-02-08 10:14:37,2026-02-08 10:47:49,CW→CC,2026-02-08,,20044,20044,0,Otros
6906,2104004312,Concepcion,Concepcion,,,N/A,2026-02-08 16:04:26,2026-02-08 16:05:40,,2026-02-08,no viajo,,,0,Otros
6907,2104004312,Concepcion,Concepcion,,,N/A,2026-02-08 16:33:54,2026-02-08 16:50:58,,2026-02-08,no viajo,,,0,Otros
6908,2104004317,Lomas Coloradas,Cristo Redentor,20161,L2,V1,2026-02-08 18:48:33,2026-02-08 19:08:32,CC→CW,2026-02-08,,20161,20161,0,Otros
6909,2106000033,Chiguayante,Concepcion,20846,L1,V1,2026-02-08 17:18:39,2026-02-08 17:33:55,HQ→TH,2026-02-08,,20846,20846,0,Otros
6910,2106000224,Higueras,Mercado,20846,L1,V1,2026-02-08 17:39:55,2026-02-08 17:57:21,HQ→TH,2026-02-08,,20846,20846,0,Discapacitado
6911,2106000373,Concepcion,Diagonal Bio Bio,20049,L2,V1,2026-02-08 10:52:17,2026-02-08 11:41:13,CC→CW,2026-02-08,,20049,20049,0,Discapacitado
6912,2106000419,Concepcion,Huinca,20059,L2,V1,2026-02-08 13:04:08,2026-02-08 13:58:59,CC→CW,2026-02-08,,20059,20059,850,Monedero
6913,2106000419,Huinca,Concepcion,20166,L2,V1,2026-02-08 19:04:34,2026-02-08 20:02:14,CW→CC,2026-02-08,,20166,20166,850,Monedero
6914,2106000422,Juan Pablo II,Cristo Redentor,20171,L2,V1,2026-02-08 20:40:53,2026-02-08 21:42:16,CC→CW,2026-02-08,,20171,20166,680,Monedero
6915,2106000652,Los Canelos,Concepcion,,,N/A,2026-02-08 15:48:28,2026-02-08 16:10:23,,2026-02-08,sin_combo_factible_en_hub|sin_s1_factible_retro,,,0,Discapacitado
6916,2106000780,Los Canelos,Laguna Quinenco,20035,L2,V1,2026-02-08 10:14:27,2026-02-08 10:44:33,CC→CW,2026-02-08,,20035,,0,Discapacitado
6917,2106000898,Cristo Redentor,Concepcion,20160,L2,V1,2026-02-08 17:40:09,2026-02-08 18:27:37,CW→CC,2026-02-08,,20160,20160,0,Discapacitado
6918,2106000929,Juan Pablo II,Los Canelos,20167,L2,V1,2026-02-08 19:43:50,2026-02-08 20:36:08,CC→CW,2026-02-08,,20167,20167,0,Discapacitado
6919,2106000977,Costa Mar,Cristo Redentor,20149,L2,V1,2026-02-08 08:38:18,2026-02-08 09:09:12,CC→CW,2026-02-08,,20149,20149,0,Discapacitado
6920,2106000989,Concepcion,Hito Galvarino,20167,L2,V1,2026-02-08 19:50:06,2026-02-08 20:32:46,CC→CW,2026-02-08,,20167,20167,0,Otros
6921,2106001074,Diagonal Bio Bio,Lomas Coloradas,20171,L2,V1,2026-02-08 20:59:49,2026-02-08 21:27:20,CC→CW,2026-02-08,,20171,,0,Discapacitado
6922,2106001218,Coronel,Cdal. Raul Silva Henriquez,20160,L2,V1,2026-02-08 17:01:37,2026-02-08 18:04:08,CW→CC,2026-02-08,,20160,20160,0,Discapacitado
6923,2106001248,Concepcion,Coronel,20069,L2,V1,2026-02-08 16:04:18,2026-02-08 17:31:07,CC→CW,2026-02-08,,20069,20069,0,Discapacitado
6924,2106001332,Concepcion,Manquimavida,20859,L1,V1,2026-02-08 12:27:22,2026-02-08 13:16:12,TH→HQ,2026-02-08,,20859,20859,0,Discapacitado
6925,2106001429,Cdal. Raul Silva Henriquez,Diagonal Bio Bio,20076,L2,V1,2026-02-08 16:53:19,2026-02-08 17:18:34,CW→CC,2026-02-08,,20076,20076,0,Otros
6926,2106001429,Diagonal Bio Bio,Cdal. Raul Silva Henriquez,20171,L2,V1,2026-02-08 21:11:42,2026-02-08 21:29:41,CC→CW,2026-02-08,,20171,,0,Otros
6927,2106001501,Hito Galvarino,Los Canelos,20167,L2,V1,2026-02-08 20:24:58,2026-02-08 20:36:32,CC→CW,2026-02-08,,20167,20167,0,Discapacitado
6928,2106001516,Costa Mar,Coronel,20049,L2,V1,2026-02-08 11:28:26,2026-02-08 12:15:21,CC→CW,2026-02-08,,20049,20049,0,Discapacitado
6929,2106001516,Costa Mar,Coronel,20049,L2,V1,2026-02-08 11:28:43,2026-02-08 12:15:32,CC→CW,2026-02-08,,20049,20049,650,Monedero
6930,2106001546,Huinca,Laguna Quinenco,20163,L2,V1,2026-02-08 19:34:33,2026-02-08 19:43:09,CC→CW,2026-02-08,,20163,20163,0,Discapacitado
6931,2106001546,Laguna Quinenco,Huinca,20170,L2,V1,2026-02-08 20:09:46,2026-02-08 20:26:22,CW→CC,2026-02-08,,20170,20170,0,Discapacitado
6932,2106001571,Diagonal Bio Bio,Coronel,20163,L2,V1,2026-02-08 18:47:47,2026-02-08 19:45:54,CC→CW,2026-02-08,,20163,20161,0,Discapacitado
6933,2106001576,Los Canelos,Cdal. Raul Silva Henriquez,20062,L2,V1,2026-02-08 13:57:33,2026-02-08 14:10:05,CW→CC,2026-02-08,,20062,20062,0,Discapacitado
6934,2106001592,Concepcion,Coronel,20059,L2,V1,2026-02-08 13:15:10,2026-02-08 14:04:19,CC→CW,2026-02-08,,20059,20059,0,Discapacitado
6935,2106001719,El Parque,Los Canelos,20167,L2,V1,2026-02-08 19:48:54,2026-02-08 20:36:36,CC→CW,2026-02-08,,20167,20167,0,Discapacitado
6936,2106001809,Laguna Quinenco,Los Canelos,20056,L2,V1,2026-02-08 12:02:11,2026-02-08 12:29:06,CW→CC,2026-02-08,,20056,20056,0,Discapacitado
6937,2106001814,Coronel,Juan Pablo II,20162,L2,V1,2026-02-08 17:59:21,2026-02-08 18:52:44,CW→CC,2026-02-08,,20162,20162,0,Otros
6938,2106001946,Concepcion,Los Canelos,20035,L2,V1,2026-02-08 09:29:50,2026-02-08 10:42:14,CC→CW,2026-02-08,,20035,20035,0,Discapacitado
6939,2106001947,Concepcion,Concepcion,,,N/A,2026-02-08 19:15:07,2026-02-08 19:15:36,,2026-02-08,no viajo,,,0,Discapacitado
6940,2106001972,El Parque,Cdal. Raul Silva Henriquez,20063,L2,V1,2026-02-08 14:01:00,2026-02-08 15:00:30,CC→CW,2026-02-08,,20063,20063,0,Discapacitado
6941,2106001974,Concepcion,Concepcion,,,N/A,2026-02-08 18:42:54,2026-02-08 18:43:28,,2026-02-08,no viajo,,,0,Otros
6942,2106003313,Hito Galvarino,El Parque,20156,L2,V1,2026-02-08 09:21:05,2026-02-08 09:44:47,CW→CC,2026-02-08,,20156,20156,0,Otros
6943,2106003313,El Parque,Hito Galvarino,20167,L2,V1,2026-02-08 20:02:34,2026-02-08 20:32:38,CC→CW,2026-02-08,,20167,20167,0,Otros
6944,2106003353,Lomas Coloradas,Concepcion,20052,L2,V1,2026-02-08 11:28:42,2026-02-08 12:06:05,CW→CC,2026-02-08,,20052,20052,0,Discapacitado
6945,2106003488,Laguna Quinenco,Lomas Coloradas,20166,L2,V1,2026-02-08 18:34:50,2026-02-08 19:41:57,CW→CC,2026-02-08,,20166,20166,0,Discapacitado
6946,2106003488,Lomas Coloradas,Coronel,20171,L2,V1,2026-02-08 21:00:27,2026-02-08 21:48:21,CC→CW,2026-02-08,,20171,,0,Discapacitado
6947,2106003493,Diagonal Bio Bio,Coronel,20161,L2,V1,2026-02-08 18:33:35,2026-02-08 19:14:31,CC→CW,2026-02-08,,20161,20161,0,Discapacitado
6948,2106003657,Los Canelos,Laguna Quinenco,20067,L2,V1,2026-02-08 16:02:25,2026-02-08 16:11:01,CC→CW,2026-02-08,,20067,20067,0,Discapacitado
6949,2106003657,Laguna Quinenco,Los Canelos,20170,L2,V1,2026-02-08 20:13:46,2026-02-08 20:28:21,CW→CC,2026-02-08,,20170,20170,0,Discapacitado
6950,2106003733,Cdal. Raul Silva Henriquez,Diagonal Bio Bio,20076,L2,V1,2026-02-08 16:53:21,2026-02-08 17:18:30,CW→CC,2026-02-08,,20076,20076,0,Otros
6951,2106003733,Diagonal Bio Bio,Cdal. Raul Silva Henriquez,20171,L2,V1,2026-02-08 21:11:42,2026-02-08 21:29:42,CC→CW,2026-02-08,,20171,,0,Otros
6952,2106003743,Concepcion,Costa Mar,20171,L2,V1,2026-02-08 20:35:41,2026-02-08 21:22:47,CC→CW,2026-02-08,,20171,,0,Discapacitado
6953,2106003787,Concepcion,Los Canelos,20149,L2,V1,2026-02-08 08:31:50,2026-02-08 09:05:35,CC→CW,2026-02-08,,20149,20149,0,Otros
6954,2106003789,Los Canelos,Lomas Coloradas,20076,L2,V1,2026-02-08 16:53:15,2026-02-08 17:08:23,CW→CC,2026-02-08,,20076,20076,0,Discapacitado
6955,2106003789,Lomas Coloradas,Los Canelos,20167,L2,V1,2026-02-08 20:20:25,2026-02-08 20:36:46,CC→CW,2026-02-08,,20167,20167,0,Discapacitado
6956,2106003904,Diagonal Bio Bio,Juan Pablo II,20050,L2,V1,2026-02-08 11:24:29,2026-02-08 11:31:58,CW→CC,2026-02-08,,20050,20050,0,Discapacitado
6957,2106003933,Huinca,Concepcion,20052,L2,V1,2026-02-08 11:27:53,2026-02-08 12:02:26,CW→CC,2026-02-08,,20052,20052,0,Discapacitado
6958,2106003933,Concepcion,Huinca,20069,L2,V1,2026-02-08 16:23:02,2026-02-08 17:21:09,CC→CW,2026-02-08,,20069,20069,0,Discapacitado
6959,2106003949,Alborada,Laguna Quinenco,20069,L2,V1,2026-02-08 16:39:58,2026-02-08 17:27:28,CC→CW,2026-02-08,,20069,20069,0,Otros
6960,2106003949,Laguna Quinenco,Alborada,20170,L2,V1,2026-02-08 19:24:27,2026-02-08 20:48:59,CW→CC,2026-02-08,,20170,20166,0,Otros
6961,2106006512,Los Canelos,El Parque,20152,L2,V1,2026-02-08 08:32:51,2026-02-08 08:59:35,CW→CC,2026-02-08,,20152,20152,0,Discapacitado
6962,2106006512,El Parque,Cristo Redentor,20153,L2,V1,2026-02-08 09:22:54,2026-02-08 09:57:10,CC→CW,2026-02-08,,20153,20153,0,Discapacitado
6963,2106006533,Cristo Redentor,El Parque,20160,L2,V1,2026-02-08 17:45:14,2026-02-08 18:10:19,CW→CC,2026-02-08,,20160,20160,0,Discapacitado
6964,2106006533,El Parque,Laguna Quinenco,20167,L2,V1,2026-02-08 20:03:22,2026-02-08 20:43:45,CC→CW,2026-02-08,,20167,20167,0,Discapacitado
6965,2106006612,Coronel,Juan Pablo II,20160,L2,V1,2026-02-08 17:28:04,2026-02-08 18:26:24,CW→CC,2026-02-08,,20160,20160,0,Discapacitado
6966,2106006614,La Leonera,Concepcion,20846,L1,V1,2026-02-08 16:57:24,2026-02-08 17:34:00,HQ→TH,2026-02-08,,20846,20846,0,Discapacitado
6967,2106006615,Concepcion,Los Canelos,20171,L2,V1,2026-02-08 20:11:38,2026-02-08 21:39:12,CC→CW,2026-02-08,,20171,,0,Discapacitado
6968,2106006670,Coronel,Cdal. Raul Silva Henriquez,20056,L2,V1,2026-02-08 12:12:17,2026-02-08 12:39:56,CW→CC,2026-02-08,,20056,20056,0,Discapacitado
6969,2106006670,Lomas Coloradas,Coronel,20063,L2,V1,2026-02-08 14:19:06,2026-02-08 15:20:42,CC→CW,2026-02-08,,20063,20063,0,Discapacitado
6970,2106006687,El Arenal,UTF Santa Maria,20859,L1,V1,2026-02-08 12:21:57,2026-02-08 12:47:12,TH→HQ,2026-02-08,,20859,20859,0,Discapacitado
6971,2106006687,UTF Santa Maria,El Arenal,20846,L1,V1,2026-02-08 17:37:59,2026-02-08 17:54:48,HQ→TH,2026-02-08,,20846,20846,0,Discapacitado
6972,2106006698,Lomas Coloradas,Laguna Quinenco,20069,L2,V1,2026-02-08 16:42:06,2026-02-08 17:27:04,CC→CW,2026-02-08,,20069,20069,0,Discapacitado
6973,2106006716,Cristo Redentor,Laguna Quinenco,20041,L2,V1,2026-02-08 10:50:29,2026-02-08 11:12:01,CC→CW,2026-02-08,,20041,20035,0,Discapacitado
6974,2106006716,Laguna Quinenco,Cristo Redentor,20056,L2,V1,2026-02-08 12:08:01,2026-02-08 12:26:15,CW→CC,2026-02-08,,20056,20056,0,Discapacitado
6975,2106006746,Laguna Quinenco,Costa Mar,20160,L2,V1,2026-02-08 17:18:40,2026-02-08 18:12:17,CW→CC,2026-02-08,,20160,20160,0,Otros
6976,2106006780,Huinca,Laguna Quinenco,20167,L2,V1,2026-02-08 20:37:02,2026-02-08 20:45:11,CC→CW,2026-02-08,,20167,20167,0,Discapacitado
6977,2106006828,Concepcion,El Parque,20059,L2,V1,2026-02-08 13:17:31,2026-02-08 13:39:04,CC→CW,2026-02-08,,20059,20059,0,Discapacitado
6978,2106006828,El Parque,Concepcion,20068,L2,V1,2026-02-08 16:04:21,2026-02-08 16:25:03,CW→CC,2026-02-08,,20068,20068,0,Discapacitado
6979,2106006832,Juan Pablo II,Cdal. Raul Silva Henriquez,20163,L2,V1,2026-02-08 18:43:25,2026-02-08 19:25:58,CC→CW,2026-02-08,,20163,20161,0,Discapacitado
6980,2106006853,Coronel,Concepcion,20068,L2,V1,2026-02-08 15:26:24,2026-02-08 16:24:54,CW→CC,2026-02-08,,20068,20068,0,Otros
6981,2106006908,Juan Pablo II,Laguna Quinenco,20067,L2,V1,2026-02-08 15:23:01,2026-02-08 16:11:57,CC→CW,2026-02-08,,20067,20067,0,Discapacitado
6982,2106006921,El Parque,Coronel,20069,L2,V1,2026-02-08 16:30:44,2026-02-08 17:31:35,CC→CW,2026-02-08,,20069,20069,0,Discapacitado
6983,2106006921,Coronel,El Parque,20166,L2,V1,2026-02-08 19:02:46,2026-02-08 19:45:11,CW→CC,2026-02-08,,20166,20166,0,Discapacitado
6984,2106006923,Concepcion,Laguna Quinenco,20161,L2,V1,2026-02-08 18:02:25,2026-02-08 19:10:11,CC→CW,2026-02-08,,20161,20161,0,Discapacitado
6985,2106006941,El Parque,Juan Pablo II,20066,L2,V1,2026-02-08 14:46:38,2026-02-08 15:16:10,CW→CC,2026-02-08,,20066,20063,0,Discapacitado
6986,2106007001,Concepcion,Concepcion,,,N/A,2026-02-08 12:58:59,2026-02-08 13:00:26,,2026-02-08,no viajo,,,0,Otros
6987,2106007001,Concepcion,Concepcion,,,N/A,2026-02-08 20:08:52,2026-02-08 20:10:18,,2026-02-08,no viajo,,,0,Otros
6988,2106007063,Hito Galvarino,Laguna Quinenco,20049,L2,V1,2026-02-08 11:59:10,2026-02-08 12:11:24,CC→CW,2026-02-08,,20049,20049,0,Discapacitado
6989,2106007063,Laguna Quinenco,Hito Galvarino,20058,L2,V1,2026-02-08 12:32:08,2026-02-08 12:45:17,CW→CC,2026-02-08,,20058,20058,0,Discapacitado
6990,2106007447,Cristo Redentor,Costa Mar,20050,L2,V1,2026-02-08 10:53:12,2026-02-08 11:24:18,CW→CC,2026-02-08,,20050,20050,0,Discapacitado
6991,2106007447,Costa Mar,Cristo Redentor,20063,L2,V1,2026-02-08 14:38:36,2026-02-08 15:14:27,CC→CW,2026-02-08,,20063,20063,0,Discapacitado
6992,2106007459,Cdal. Raul Silva Henriquez,Coronel,20153,L2,V1,2026-02-08 09:40:47,2026-02-08 10:02:54,CC→CW,2026-02-08,,20153,20153,0,Discapacitado
6993,900000000035,Cdal. Raul Silva Henriquez,Concepcion,20050,L2,V1,2026-02-08 11:03:26,2026-02-08 11:38:09,CW→CC,2026-02-08,,20050,20050,0,Otros
6994,900000000038,Lomas Coloradas,Costa Mar,20160,L2,V1,2026-02-08 17:48:21,2026-02-08 18:12:19,CW→CC,2026-02-08,,20160,20160,0,Otros
6995,900000000047,Laguna Quinenco,Hito Galvarino,20166,L2,V1,2026-02-08 19:18:09,2026-02-08 19:32:21,CW→CC,2026-02-08,,20166,20166,0,Otros
6996,900000000166,Los Canelos,Cristo Redentor,20161,L2,V1,2026-02-08 18:59:03,2026-02-08 19:08:25,CC→CW,2026-02-08,,20161,20161,0,Otros
6997,900053037013,Concepcion,Hito Galvarino,20157,L2,V1,2026-02-08 17:10:57,2026-02-08 18:01:28,CC→CW,2026-02-08,,20157,,0,Otros
6998,900053037388,Chiguayante,Mercado,20844,L1,V1,2026-02-08 12:28:51,2026-02-08 13:18:31,HQ→TH,2026-02-08,,20844,20844,280,Adulto Mayor
6999,900053037835,Diagonal Bio Bio,Los Canelos,20059,L2,V1,2026-02-08 13:28:23,2026-02-08 13:53:16,CC→CW,2026-02-08,,20059,20059,0,Otros
7000,900053037854,Concepcion,Huinca,20167,L2,V1,2026-02-08 20:02:01,2026-02-08 20:38:04,CC→CW,2026-02-08,,20167,20167,0,Otros
7001,900053037954,Lomas Coloradas,Diagonal Bio Bio,20052,L2,V1,2026-02-08 11:35:12,2026-02-08 11:52:56,CW→CC,2026-02-08,,20052,20052,260,Adulto Mayor
7002,900053038030,Laguna Quinenco,Concepcion,20076,L2,V1,2026-02-08 16:31:52,2026-02-08 17:31:13,CW→CC,2026-02-08,,20076,20076,440,Adulto Mayor
7003,900053038030,Concepcion,Concepcion,,,N/A,2026-02-08 19:19:46,2026-02-08 19:21:31,,2026-02-08,no viajo,,,210,Adulto Mayor
7004,900053038030,Concepcion,Cristo Redentor,20167,L2,V1,2026-02-08 19:45:38,2026-02-08 20:41:21,CC→CW,2026-02-08,,20167,20167,430,Adulto Mayor
7005,36114730764763652,Concepcion,Coronel,20069,L2,V1,2026-02-08 15:24:45,2026-02-08 17:31:36,CC→CW,2026-02-08,combo_por_entrada,20069,20069,460,Adulto Mayor
7006,36114730764763652,Concepcion,Mercado,20848,L1,V1,2026-02-08 19:56:07,2026-02-08 21:32:25,HQ→TH,2026-02-08,match_por_salida_fallback,20848,20848,460,Adulto Mayor
7007,36143981773625092,Concepcion,Laguna Quinenco,20035,L2,V1,2026-02-08 09:56:45,2026-02-08 10:45:16,CC→CW,2026-02-08,,20035,,440,Adulto Mayor
7008,36143981773625092,Concepcion,Laguna Quinenco,20035,L2,V1,2026-02-08 09:57:03,2026-02-08 10:45:29,CC→CW,2026-02-08,,20035,,880,Monedero
