viaje_idx,tarjeta_id,origen,destino,servicio_final,linea,version_que_gana,t_entrada_viaje,t_salida_viaje,direccion,dia_proceso,etiqueta,servicio_tramo_v1,servicio_tramo_v2
0,177331,Coronel,Diagonal Bio Bio,20150,L2,V1,2025-07-13 14:37:42,2025-07-13 15:19:33,CW→CC,2025-07-13,,20150,20150
1,177625,Cristo Redentor,Concepcion,,,N/A,2025-07-13 15:42:19,2025-07-13 16:30:59,,2025-07-13,sin_combo_factible_en_hub|sin_s1_factible_retro,,
2,190586,Manquimavida,Lzo. Arenas,20848,L1,V1,2025-07-13 20:43:22,2025-07-13 21:15:30,HQ→TH,2025-07-13,,20848,20848
3,191826,La Leonera,Lzo. Arenas,20846,L1,V1,2025-07-13 17:03:58,2025-07-13 17:42:51,HQ→TH,2025-07-13,,20846,20846
4,191826,UTF Santa Maria,La Leonera,20847,L1,V1,2025-07-13 20:15:43,2025-07-13 20:48:48,TH→HQ,2025-07-13,,20847,20847
5,192469,Manquimavida,Lzo. Arenas,20848,L1,V1,2025-07-13 20:43:25,2025-07-13 21:15:26,HQ→TH,2025-07-13,,20848,20848
6,204520,Manquimavida,Concepcion,20850,L1,V1,2025-07-13 09:36:12,2025-07-13 10:00:50,HQ→TH,2025-07-13,,20850,20850
7,204820,El Arenal,Concepcion,20847,L1,V1,2025-07-13 19:58:13,2025-07-13 20:26:55,TH→HQ,2025-07-13,,20847,20847
8,207262,Chiguayante,Concepcion,20850,L1,V1,2025-07-13 09:44:30,2025-07-13 10:00:38,HQ→TH,2025-07-13,,20850,20850
9,210496,Manquimavida,Higueras,20844,L1,V1,2025-07-13 12:27:10,2025-07-13 13:08:28,HQ→TH,2025-07-13,,20844,20844
10,221297,Laguna Quinenco,Diagonal Bio Bio,20172,L2,V1,2025-07-13 18:11:59,2025-07-13 18:54:18,CW→CC,2025-07-13,,20172,20172
11,249362,El Arenal,Lzo. Arenas,20859,L1,V1,2025-07-13 12:30:36,2025-07-13 12:50:42,TH→HQ,2025-07-13,,20859,20859
12,250523,Concepcion,Hualqui,20847,L1,V1,2025-07-13 20:06:38,2025-07-13 21:03:04,TH→HQ,2025-07-13,,20847,20847
13,261764,Concepcion,Concepcion,,,N/A,2025-07-13 16:16:20,2025-07-13 16:18:10,,2025-07-13,no viajo,,
14,262776,Lomas Coloradas,El Parque,20160,L2,V1,2025-07-13 17:05:08,2025-07-13 17:16:05,CW→CC,2025-07-13,,20160,20160
15,262776,El Parque,Lomas Coloradas,20173,L2,V1,2025-07-13 19:10:24,2025-07-13 19:21:31,CC→CW,2025-07-13,,20173,20173
16,297977,Los Canelos,Cdal. Raul Silva Henriquez,20160,L2,V1,2025-07-13 16:55:54,2025-07-13 17:09:55,CW→CC,2025-07-13,,20160,20160
17,297997,Coronel,Diagonal Bio Bio,20150,L2,V1,2025-07-13 14:37:03,2025-07-13 15:19:26,CW→CC,2025-07-13,,20150,20150
18,305195,Diagonal Bio Bio,Coronel,20143,L2,V1,2025-07-13 13:24:04,2025-07-13 13:58:58,CC→CW,2025-07-13,,20143,20143
19,332543,Diagonal Bio Bio,Costa Mar,20169,L2,V1,2025-07-13 18:38:56,2025-07-13 18:45:45,CC→CW,2025-07-13,,20169,20169
20,337809,Costa Mar,Huinca,20147,L2,V1,2025-07-13 14:47:13,2025-07-13 15:16:23,CC→CW,2025-07-13,,20147,20147
21,340062,El Parque,Diagonal Bio Bio,20160,L2,V1,2025-07-13 17:05:55,2025-07-13 17:29:16,CW→CC,2025-07-13,,20160,20160
22,347668,Hualqui,UTF Santa Maria,20848,L1,V1,2025-07-13 20:35:47,2025-07-13 21:18:55,HQ→TH,2025-07-13,,20848,20848
23,352904,Lomas Coloradas,Coronel,20161,L2,V1,2025-07-13 17:43:33,2025-07-13 18:13:51,CC→CW,2025-07-13,,20161,20161
24,359989,Cdal. Raul Silva Henriquez,Costa Mar,20138,L2,V1,2025-07-13 11:48:16,2025-07-13 11:58:13,CW→CC,2025-07-13,,20138,20138
25,366323,Costa Mar,Hito Galvarino,20151,L2,V1,2025-07-13 15:26:12,2025-07-13 15:59:44,CC→CW,2025-07-13,,20151,20151
26,369028,Coronel,Concepcion,,,N/A,2025-07-13 15:35:02,2025-07-13 16:31:35,,2025-07-13,sin_combo_factible_en_hub|sin_s1_factible_retro,,
27,369438,Cristo Redentor,Diagonal Bio Bio,20146,L2,V1,2025-07-13 13:49:32,2025-07-13 14:24:41,CW→CC,2025-07-13,,20146,20146
28,369950,Cdal. Raul Silva Henriquez,Lomas Coloradas,20146,L2,V1,2025-07-13 14:02:57,2025-07-13 14:13:13,CW→CC,2025-07-13,,20146,20146
29,372358,La Leonera,Los Condores,20848,L1,V1,2025-07-13 20:25:35,2025-07-13 21:24:16,HQ→TH,2025-07-13,,20848,20848
30,376526,Coronel,Huinca,20146,L2,V1,2025-07-13 13:48:14,2025-07-13 13:58:14,CW→CC,2025-07-13,,20146,20146
31,376526,Cristo Redentor,Laguna Quinenco,20155,L2,V1,2025-07-13 16:53:17,2025-07-13 17:20:08,CC→CW,2025-07-13,,20155,20155
32,380651,UTF Santa Maria,Concepcion,20845,L1,V1,2025-07-13 16:03:01,2025-07-13 16:32:46,TH→HQ,2025-07-13,,20845,20845
33,386899,Diagonal Bio Bio,Cristo Redentor,20123,L2,V1,2025-07-13 09:11:27,2025-07-13 10:02:26,CC→CW,2025-07-13,,20123,20123
34,386899,Cristo Redentor,Diagonal Bio Bio,20154,L2,V1,2025-07-13 15:45:11,2025-07-13 16:13:09,CW→CC,2025-07-13,,20154,20154
35,387151,Lomas Coloradas,Diagonal Bio Bio,20134,L2,V1,2025-07-13 10:48:24,2025-07-13 11:08:46,CW→CC,2025-07-13,,20134,
36,387151,Concepcion,Lomas Coloradas,,,N/A,2025-07-13 14:19:29,2025-07-13 14:41:42,,2025-07-13,sin_combo_factible_en_hub|sin_s2_por_salida,,
37,387227,Cdal. Raul Silva Henriquez,Hito Galvarino,20147,L2,V1,2025-07-13 15:04:07,2025-07-13 15:59:53,CC→CW,2025-07-13,,20147,20147
38,393757,Lomas Coloradas,Concepcion,,,N/A,2025-07-13 16:44:56,2025-07-13 17:34:13,,2025-07-13,sin_combo_factible_en_hub|sin_s1_factible_retro,,
39,393797,Los Canelos,Concepcion,,,N/A,2025-07-13 17:45:05,2025-07-13 18:37:18,,2025-07-13,sin_combo_factible_en_hub|sin_s1_factible_retro,,
40,393980,Cdal. Raul Silva Henriquez,Lomas Coloradas,20154,L2,V1,2025-07-13 15:41:36,2025-07-13 16:02:30,CW→CC,2025-07-13,,20154,20154
41,394063,Higueras,Chiguayante,20847,L1,V1,2025-07-13 20:08:29,2025-07-13 20:40:17,TH→HQ,2025-07-13,,20847,20847
42,397051,Cdal. Raul Silva Henriquez,Coronel,20147,L2,V1,2025-07-13 14:54:45,2025-07-13 15:25:17,CC→CW,2025-07-13,,20147,20147
43,397051,Coronel,Laguna Quinenco,20154,L2,V1,2025-07-13 15:37:25,2025-07-13 15:44:29,CW→CC,2025-07-13,,20154,20154
44,397051,Laguna Quinenco,Cdal. Raul Silva Henriquez,20160,L2,V1,2025-07-13 16:42:45,2025-07-13 17:10:13,CW→CC,2025-07-13,,20160,20160
45,397297,Lomas Coloradas,Costa Mar,20172,L2,V1,2025-07-13 18:32:31,2025-07-13 18:48:44,CW→CC,2025-07-13,,20172,20172
46,402732,Concepcion,Coronel,,,N/A,2025-07-13 18:08:50,2025-07-13 19:13:48,,2025-07-13,sin_combo_factible_en_hub|sin_s2_por_salida,,
47,408255,Cristo Redentor,Alborada,20122,L2,V1,2025-07-13 08:37:34,2025-07-13 09:16:05,CW→CC,2025-07-13,,20122,20122
48,408255,Alborada,Cristo Redentor,20131,L2,V1,2025-07-13 10:40:18,2025-07-13 11:18:32,CC→CW,2025-07-13,,20131,20131
49,408849,Diagonal Bio Bio,Coronel,20181,L2,V1,2025-07-13 19:59:12,2025-07-13 20:45:04,CC→CW,2025-07-13,,20181,20181
50,412452,Concepcion,Concepcion,,,N/A,2025-07-13 19:42:06,2025-07-13 19:43:29,,2025-07-13,no viajo,,
51,415981,Diagonal Bio Bio,Costa Mar,20169,L2,V1,2025-07-13 18:38:58,2025-07-13 18:45:54,CC→CW,2025-07-13,,20169,20169
52,419200,Diagonal Bio Bio,Coronel,20155,L2,V1,2025-07-13 16:38:08,2025-07-13 17:24:05,CC→CW,2025-07-13,,20155,20155
53,419242,Los Canelos,Concepcion,,,N/A,2025-07-13 15:41:28,2025-07-13 16:30:55,,2025-07-13,sin_combo_factible_en_hub|sin_s1_factible_retro,,
54,419242,Concepcion,Lomas Coloradas,,,N/A,2025-07-13 17:29:11,2025-07-13 18:25:14,,2025-07-13,sin_combo_factible_en_hub|sin_s2_por_salida,,
55,419384,El Parque,Los Canelos,20181,L2,V1,2025-07-13 20:15:23,2025-07-13 20:35:24,CC→CW,2025-07-13,,20181,20181
56,435232,El Parque,Los Canelos,20181,L2,V1,2025-07-13 20:06:16,2025-07-13 20:36:07,CC→CW,2025-07-13,,20181,20181
57,435392,Los Canelos,Concepcion,,,N/A,2025-07-13 11:36:48,2025-07-13 12:15:36,,2025-07-13,sin_combo_factible_en_hub|sin_s1_factible_retro,,
58,436365,Los Canelos,Cristo Redentor,20135,L2,V1,2025-07-13 12:02:21,2025-07-13 12:07:45,CC→CW,2025-07-13,,20135,20135
59,440613,Laguna Quinenco,Concepcion,,,N/A,2025-07-13 15:35:18,2025-07-13 16:32:02,,2025-07-13,sin_combo_factible_en_hub|sin_s1_factible_retro,,
60,447935,Cdal. Raul Silva Henriquez,Diagonal Bio Bio,20172,L2,V1,2025-07-13 18:36:59,2025-07-13 18:53:47,CW→CC,2025-07-13,,20172,20172
61,447962,Cdal. Raul Silva Henriquez,Coronel,20147,L2,V1,2025-07-13 14:54:52,2025-07-13 15:25:12,CC→CW,2025-07-13,,20147,20147
62,447962,Coronel,Laguna Quinenco,20154,L2,V1,2025-07-13 15:37:21,2025-07-13 15:44:36,CW→CC,2025-07-13,,20154,20154
63,447962,Laguna Quinenco,Cdal. Raul Silva Henriquez,20160,L2,V1,2025-07-13 16:42:36,2025-07-13 17:10:05,CW→CC,2025-07-13,,20160,20160
64,448178,Laguna Quinenco,Coronel,20123,L2,V1,2025-07-13 09:49:03,2025-07-13 10:09:01,CC→CW,2025-07-13,,20123,20123
65,458475,Cristo Redentor,Cdal. Raul Silva Henriquez,20168,L2,V1,2025-07-13 17:43:11,2025-07-13 18:10:32,CW→CC,2025-07-13,,20168,20168
66,459536,Chiguayante,El Arenal,20848,L1,V1,2025-07-13 20:29:40,2025-07-13 21:30:55,HQ→TH,2025-07-13,,20848,20848
67,463711,Laguna Quinenco,Concepcion,,,N/A,2025-07-13 14:42:53,2025-07-13 15:37:42,,2025-07-13,sin_combo_factible_en_hub|sin_s1_factible_retro,,
68,470161,Concepcion,Laguna Quinenco,,,N/A,2025-07-13 09:02:38,2025-07-13 10:05:38,,2025-07-13,sin_combo_factible_en_hub|sin_s2_por_salida,,
69,470161,Laguna Quinenco,Concepcion,,,N/A,2025-07-13 11:46:13,2025-07-13 13:02:22,,2025-07-13,sin_combo_factible_en_hub|sin_s1_factible_retro,,
70,475897,Coronel,Diagonal Bio Bio,20154,L2,V1,2025-07-13 15:37:27,2025-07-13 16:15:24,CW→CC,2025-07-13,,20154,20154
71,477402,Diagonal Bio Bio,Los Canelos,20169,L2,V1,2025-07-13 18:31:53,2025-07-13 19:03:51,CC→CW,2025-07-13,,20169,20169
72,477402,Los Canelos,Concepcion,,,N/A,2025-07-13 19:26:36,2025-07-13 20:07:40,,2025-07-13,sin_combo_factible_en_hub|sin_s1_factible_retro,,
73,480863,Pedro Medina,Hualqui,20859,L1,V1,2025-07-13 13:02:15,2025-07-13 13:29:51,TH→HQ,2025-07-13,,20859,20859
74,481835,Coronel,Cdal. Raul Silva Henriquez,20146,L2,V1,2025-07-13 13:44:56,2025-07-13 14:11:45,CW→CC,2025-07-13,,20146,20146
75,481854,Concepcion,Cristo Redentor,,,N/A,2025-07-13 19:11:14,2025-07-13 20:40:55,,2025-07-13,sin_combo_factible_en_hub|sin_s2_por_salida,,
76,484486,Diagonal Bio Bio,Lomas Coloradas,20161,L2,V1,2025-07-13 17:32:40,2025-07-13 17:50:19,CC→CW,2025-07-13,,20161,20161
77,484563,Huinca,Concepcion,,,N/A,2025-07-13 10:40:18,2025-07-13 11:24:54,,2025-07-13,sin_combo_factible_en_hub|sin_s1_factible_retro,,
78,484563,Concepcion,Huinca,,,N/A,2025-07-13 19:24:05,2025-07-13 20:39:24,,2025-07-13,sin_combo_factible_en_hub|sin_s2_por_salida,,
79,487405,Costa Mar,Cdal. Raul Silva Henriquez,20139,L2,V1,2025-07-13 12:34:49,2025-07-13 12:44:34,CC→CW,2025-07-13,,20139,20139
80,490874,Cdal. Raul Silva Henriquez,El Parque,20134,L2,V1,2025-07-13 10:42:19,2025-07-13 11:00:04,CW→CC,2025-07-13,,20134,
81,496192,Coronel,Diagonal Bio Bio,20180,L2,V1,2025-07-13 18:46:38,2025-07-13 19:54:51,CW→CC,2025-07-13,,20180,20180
82,496439,Lomas Coloradas,Concepcion,,,N/A,2025-07-13 08:46:51,2025-07-13 09:29:50,,2025-07-13,sin_combo_factible_en_hub|sin_s1_factible_retro,,
83,500034,Cristo Redentor,Lomas Coloradas,20168,L2,V1,2025-07-13 17:04:58,2025-07-13 18:13:23,CW→CC,2025-07-13,,20168,20168
84,516775,Coronel,El Parque,20130,L2,V1,2025-07-13 09:18:09,2025-07-13 10:15:14,CW→CC,2025-07-13,,20130,
85,516775,El Parque,Coronel,20173,L2,V1,2025-07-13 19:02:00,2025-07-13 19:43:31,CC→CW,2025-07-13,,20173,20173
86,520217,Lzo. Arenas,Manquimavida,20859,L1,V1,2025-07-13 12:43:27,2025-07-13 13:13:58,TH→HQ,2025-07-13,,20859,
87,529487,Concepcion,Mercado,20844,L1,V1,2025-07-13 12:47:31,2025-07-13 13:17:58,HQ→TH,2025-07-13,,20844,20844
88,533405,Concepcion,UTF Santa Maria,20850,L1,V1,2025-07-13 08:48:36,2025-07-13 10:10:40,HQ→TH,2025-07-13,,20850,20850
89,533412,Concepcion,UTF Santa Maria,20850,L1,V1,2025-07-13 08:48:40,2025-07-13 10:10:38,HQ→TH,2025-07-13,,20850,20850
90,536227,Huinca,Lomas Coloradas,20130,L2,V1,2025-07-13 09:55:45,2025-07-13 10:14:11,CW→CC,2025-07-13,,20130,20130
91,536329,Huinca,Diagonal Bio Bio,20146,L2,V1,2025-07-13 13:49:43,2025-07-13 14:24:58,CW→CC,2025-07-13,,20146,20146
92,536329,Concepcion,Huinca,,,N/A,2025-07-13 16:30:40,2025-07-13 17:15:45,,2025-07-13,sin_combo_factible_en_hub|sin_s2_por_salida,,
93,539515,Concepcion,Hualqui,20847,L1,V1,2025-07-13 20:14:26,2025-07-13 21:03:15,TH→HQ,2025-07-13,,20847,20847
94,551735,Los Canelos,Lomas Coloradas,20172,L2,V1,2025-07-13 18:22:53,2025-07-13 18:43:51,CW→CC,2025-07-13,,20172,20172
95,555389,Huinca,Alborada,20146,L2,V1,2025-07-13 13:55:43,2025-07-13 14:21:00,CW→CC,2025-07-13,,20146,20146
96,558564,Cristo Redentor,Diagonal Bio Bio,20140,L2,V1,2025-07-13 12:15:34,2025-07-13 12:53:38,CW→CC,2025-07-13,,20140,20140
97,558564,Diagonal Bio Bio,Cristo Redentor,20181,L2,V1,2025-07-13 19:43:39,2025-07-13 20:41:05,CC→CW,2025-07-13,,20181,20181
98,564301,Costa Mar,El Parque,20147,L2,V1,2025-07-13 14:53:03,2025-07-13 14:59:45,CC→CW,2025-07-13,,20147,20147
99,564301,El Parque,Alborada,20154,L2,V1,2025-07-13 16:00:39,2025-07-13 16:10:52,CW→CC,2025-07-13,,20154,20154
100,567017,Lomas Coloradas,Laguna Quinenco,20169,L2,V1,2025-07-13 18:39:28,2025-07-13 19:11:21,CC→CW,2025-07-13,,20169,20169
101,568594,Cristo Redentor,Diagonal Bio Bio,20146,L2,V1,2025-07-13 13:49:41,2025-07-13 14:24:29,CW→CC,2025-07-13,,20146,20146
102,572803,Costa Mar,Coronel,20151,L2,V1,2025-07-13 15:31:33,2025-07-13 16:17:35,CC→CW,2025-07-13,,20151,20151
103,572803,Coronel,Costa Mar,20160,L2,V1,2025-07-13 16:29:49,2025-07-13 17:18:10,CW→CC,2025-07-13,,20160,20160
104,572949,Los Canelos,Concepcion,,,N/A,2025-07-13 11:37:47,2025-07-13 12:15:51,,2025-07-13,sin_combo_factible_en_hub|sin_s1_factible_retro,,
105,572949,Concepcion,Los Canelos,,,N/A,2025-07-13 17:30:26,2025-07-13 19:04:09,,2025-07-13,sin_combo_factible_en_hub|sin_s2_por_salida,,
106,574315,Los Condores,Concepcion,20845,L1,V1,2025-07-13 16:11:08,2025-07-13 17:18:15,TH→HQ,2025-07-13,,20845,20845
107,575318,Cristo Redentor,El Parque,20138,L2,V1,2025-07-13 11:26:56,2025-07-13 11:55:30,CW→CC,2025-07-13,,20138,20138
108,575318,El Parque,Cristo Redentor,20181,L2,V1,2025-07-13 20:16:07,2025-07-13 20:39:17,CC→CW,2025-07-13,,20181,20181
109,584157,Cristo Redentor,El Parque,20130,L2,V1,2025-07-13 09:52:09,2025-07-13 10:16:50,CW→CC,2025-07-13,,20130,
110,586638,Los Canelos,Concepcion,,,N/A,2025-07-13 17:47:59,2025-07-13 18:35:45,,2025-07-13,sin_combo_factible_en_hub|sin_s1_factible_retro,,
111,589313,Laguna Quinenco,Concepcion,,,N/A,2025-07-13 12:19:49,2025-07-13 13:05:25,,2025-07-13,sin_combo_factible_en_hub|sin_s1_factible_retro,,
112,591985,Costa Mar,Laguna Quinenco,20147,L2,V1,2025-07-13 14:49:27,2025-07-13 15:21:33,CC→CW,2025-07-13,,20147,20147
113,592002,Concepcion,Los Canelos,,,N/A,2025-07-13 16:40:04,2025-07-13 18:03:54,,2025-07-13,sin_combo_factible_en_hub|sin_s2_por_salida,,
114,597529,Costa Mar,Diagonal Bio Bio,20134,L2,V1,2025-07-13 10:54:23,2025-07-13 11:08:35,CW→CC,2025-07-13,,20134,
115,605286,Diagonal Bio Bio,Los Canelos,20147,L2,V1,2025-07-13 14:42:37,2025-07-13 15:14:31,CC→CW,2025-07-13,,20147,20147
116,605484,Lomas Coloradas,Diagonal Bio Bio,20146,L2,V1,2025-07-13 14:11:31,2025-07-13 14:23:29,CW→CC,2025-07-13,,20146,20146
117,607851,Los Condores,Concepcion,20845,L1,V1,2025-07-13 16:05:40,2025-07-13 16:27:40,TH→HQ,2025-07-13,,20845,20845
118,607851,Concepcion,Concepcion,,,N/A,2025-07-13 18:21:21,2025-07-13 18:24:43,,2025-07-13,no viajo,,
119,610160,Manquimavida,Lzo. Arenas,20844,L1,V1,2025-07-13 12:26:00,2025-07-13 12:57:32,HQ→TH,2025-07-13,,20844,20844
120,610471,Manquimavida,Concepcion,20846,L1,V1,2025-07-13 17:08:53,2025-07-13 17:33:37,HQ→TH,2025-07-13,,20846,20846
121,610505,Coronel,Los Canelos,20180,L2,V1,2025-07-13 19:15:36,2025-07-13 19:30:58,CW→CC,2025-07-13,,20180,20180
122,615864,Lomas Coloradas,Los Canelos,20135,L2,V1,2025-07-13 11:48:06,2025-07-13 12:03:52,CC→CW,2025-07-13,,20135,20135
123,620899,Los Canelos,Laguna Quinenco,20155,L2,V1,2025-07-13 17:10:27,2025-07-13 17:19:56,CC→CW,2025-07-13,,20155,20155
124,620998,Los Condores,Concepcion,20859,L1,V1,2025-07-13 12:37:20,2025-07-13 12:54:57,TH→HQ,2025-07-13,,20859,20859
125,628026,Cristo Redentor,Huinca,20168,L2,V1,2025-07-13 17:49:51,2025-07-13 17:58:46,CW→CC,2025-07-13,,20168,20168
126,628029,Los Canelos,Cdal. Raul Silva Henriquez,20160,L2,V1,2025-07-13 16:51:57,2025-07-13 17:09:55,CW→CC,2025-07-13,,20160,20160
127,628253,Concepcion,Lomas Coloradas,,,N/A,2025-07-13 13:43:47,2025-07-13 14:43:05,,2025-07-13,sin_combo_factible_en_hub|sin_s2_por_salida,,
128,637487,El Parque,Cristo Redentor,20181,L2,V1,2025-07-13 20:10:42,2025-07-13 20:39:42,CC→CW,2025-07-13,,20181,20181
129,640211,Diagonal Bio Bio,Hito Galvarino,20143,L2,V1,2025-07-13 13:21:50,2025-07-13 13:44:44,CC→CW,2025-07-13,,20143,20143
130,640319,El Parque,Huinca,20181,L2,V1,2025-07-13 19:56:07,2025-07-13 20:37:41,CC→CW,2025-07-13,,20181,20181
131,643278,Pedro Medina,Hualqui,20859,L1,V1,2025-07-13 13:08:17,2025-07-13 13:28:07,TH→HQ,2025-07-13,,20859,20859
132,653017,Lzo. Arenas,Hualqui,20857,L1,V1,2025-07-13 08:47:00,2025-07-13 09:34:47,TH→HQ,2025-07-13,,20857,20857
133,654616,Concepcion,Cristo Redentor,,,N/A,2025-07-13 17:21:44,2025-07-13 18:08:15,,2025-07-13,sin_combo_factible_en_hub|sin_s2_por_salida,,
134,660685,Diagonal Bio Bio,Lomas Coloradas,20147,L2,V1,2025-07-13 13:58:34,2025-07-13 15:01:37,CC→CW,2025-07-13,,20147,20147
135,673883,Costa Mar,Cristo Redentor,20173,L2,V1,2025-07-13 19:06:20,2025-07-13 19:36:36,CC→CW,2025-07-13,,20173,
136,676461,Mercado,Manquimavida,20859,L1,V1,2025-07-13 12:21:16,2025-07-13 13:14:04,TH→HQ,2025-07-13,,20859,
137,676461,Manquimavida,Mercado,20848,L1,V1,2025-07-13 20:29:37,2025-07-13 21:34:18,HQ→TH,2025-07-13,,20848,20848
138,677097,Huinca,El Parque,20172,L2,V1,2025-07-13 18:19:37,2025-07-13 18:46:15,CW→CC,2025-07-13,,20172,20172
139,677122,Coronel,Cdal. Raul Silva Henriquez,20154,L2,V1,2025-07-13 15:37:06,2025-07-13 15:59:30,CW→CC,2025-07-13,,20154,20154
140,677262,Cristo Redentor,Alborada,20150,L2,V1,2025-07-13 14:44:58,2025-07-13 15:16:23,CW→CC,2025-07-13,,20150,20150
141,678725,Los Canelos,Concepcion,,,N/A,2025-07-13 18:26:58,2025-07-13 19:17:58,,2025-07-13,sin_combo_factible_en_hub|sin_s1_factible_retro,,
142,679953,Huinca,El Parque,20168,L2,V1,2025-07-13 17:44:03,2025-07-13 18:16:15,CW→CC,2025-07-13,,20168,20168
143,681645,El Parque,Lomas Coloradas,20169,L2,V1,2025-07-13 18:40:58,2025-07-13 18:50:55,CC→CW,2025-07-13,,20169,20169
144,682475,Cdal. Raul Silva Henriquez,Diagonal Bio Bio,20130,L2,V1,2025-07-13 10:04:10,2025-07-13 10:23:47,CW→CC,2025-07-13,,20130,
145,685129,Concepcion,Hito Galvarino,,,N/A,2025-07-13 19:04:52,2025-07-13 20:31:21,,2025-07-13,sin_combo_factible_en_hub|sin_s2_por_salida,,
146,687509,Lomas Coloradas,Cristo Redentor,20173,L2,V1,2025-07-13 19:18:29,2025-07-13 19:37:34,CC→CW,2025-07-13,,20173,20173
147,687528,Cristo Redentor,Diagonal Bio Bio,20122,L2,V1,2025-07-13 08:48:11,2025-07-13 09:18:20,CW→CC,2025-07-13,,20122,20122
148,689933,Lomas Coloradas,Coronel,20147,L2,V1,2025-07-13 14:55:13,2025-07-13 15:23:20,CC→CW,2025-07-13,,20147,20147
149,689933,Coronel,Lomas Coloradas,20180,L2,V1,2025-07-13 19:05:50,2025-07-13 19:42:32,CW→CC,2025-07-13,,20180,20180
150,690150,Hito Galvarino,Concepcion,,,N/A,2025-07-13 17:00:54,2025-07-13 17:32:36,,2025-07-13,sin_combo_factible_en_hub|sin_s1_factible_retro,,
151,692171,Cdal. Raul Silva Henriquez,Costa Mar,20134,L2,V1,2025-07-13 10:42:31,2025-07-13 11:02:58,CW→CC,2025-07-13,,20134,
152,695053,Lomas Coloradas,Concepcion,,,N/A,2025-07-13 08:56:03,2025-07-13 09:29:56,,2025-07-13,sin_combo_factible_en_hub|sin_s1_factible_retro,,
153,695061,Concepcion,Coronel,,,N/A,2025-07-13 19:38:34,2025-07-13 20:44:43,,2025-07-13,sin_combo_factible_en_hub|sin_s2_por_salida,,
154,696300,Cristo Redentor,Concepcion,,,N/A,2025-07-13 12:10:59,2025-07-13 13:03:29,,2025-07-13,sin_combo_factible_en_hub|sin_s1_factible_retro,,
155,696300,Concepcion,Cristo Redentor,,,N/A,2025-07-13 17:53:23,2025-07-13 19:08:30,,2025-07-13,sin_combo_factible_en_hub|sin_s2_por_salida,,
156,697172,Concepcion,Laguna Quinenco,,,N/A,2025-07-13 17:06:54,2025-07-13 18:11:23,,2025-07-13,sin_combo_factible_en_hub|sin_s2_por_salida,,
157,706606,Costa Mar,Cdal. Raul Silva Henriquez,20181,L2,V1,2025-07-13 20:14:46,2025-07-13 20:25:50,CC→CW,2025-07-13,,20181,20181
158,709124,Diagonal Bio Bio,El Parque,20147,L2,V1,2025-07-13 14:47:54,2025-07-13 14:59:26,CC→CW,2025-07-13,,20147,20147
159,711655,Cdal. Raul Silva Henriquez,Diagonal Bio Bio,20154,L2,V1,2025-07-13 15:55:06,2025-07-13 16:14:49,CW→CC,2025-07-13,,20154,20154
160,711680,Higueras,Concepcion,20857,L1,V1,2025-07-13 08:08:44,2025-07-13 08:58:17,TH→HQ,2025-07-13,,20857,20857
161,711680,Concepcion,Higueras,,,N/A,2025-07-13 10:38:10,2025-07-13 13:09:39,,2025-07-13,sin_combo_factible_en_hub|sin_s1_factible_retro,,
162,711767,Laguna Quinenco,Concepcion,,,N/A,2025-07-13 17:24:22,2025-07-13 18:36:45,,2025-07-13,sin_combo_factible_en_hub|sin_s1_factible_retro,,
163,711770,Concepcion,Laguna Quinenco,,,N/A,2025-07-13 12:03:59,2025-07-13 13:00:56,,2025-07-13,sin_combo_factible_en_hub|sin_s2_por_salida,,
164,711788,El Parque,Los Canelos,20143,L2,V1,2025-07-13 13:24:28,2025-07-13 13:47:48,CC→CW,2025-07-13,,20143,20143
165,713687,Concepcion,Laguna Quinenco,,,N/A,2025-07-13 19:29:41,2025-07-13 20:42:25,,2025-07-13,sin_combo_factible_en_hub|sin_s2_por_salida,,
166,715617,Lomas Coloradas,Coronel,20173,L2,V1,2025-07-13 19:11:47,2025-07-13 19:44:07,CC→CW,2025-07-13,,20173,20173
167,716210,Lomas Coloradas,Concepcion,,,N/A,2025-07-13 18:08:04,2025-07-13 18:31:40,,2025-07-13,sin_combo_factible_en_hub|sin_s1_factible_retro,,
168,718327,Laguna Quinenco,Cristo Redentor,20146,L2,V1,2025-07-13 13:47:35,2025-07-13 13:57:02,CW→CC,2025-07-13,,20146,20146
169,723950,El Parque,Diagonal Bio Bio,20180,L2,V1,2025-07-13 19:41:49,2025-07-13 19:55:14,CW→CC,2025-07-13,,20180,20180
170,724080,El Parque,Lomas Coloradas,20181,L2,V1,2025-07-13 20:10:38,2025-07-13 20:21:52,CC→CW,2025-07-13,,20181,20181
171,725343,Coronel,Los Canelos,20180,L2,V1,2025-07-13 19:14:03,2025-07-13 19:31:09,CW→CC,2025-07-13,,20180,20180
172,726808,Laguna Quinenco,Diagonal Bio Bio,20168,L2,V1,2025-07-13 17:48:36,2025-07-13 18:25:15,CW→CC,2025-07-13,,20168,20168
173,729412,Cristo Redentor,Laguna Quinenco,20147,L2,V1,2025-07-13 14:57:02,2025-07-13 15:21:26,CC→CW,2025-07-13,,20147,20147
174,731460,Higueras,Manquimavida,20845,L1,V1,2025-07-13 16:07:10,2025-07-13 16:46:07,TH→HQ,2025-07-13,,20845,20845
175,733935,Cdal. Raul Silva Henriquez,Concepcion,,,N/A,2025-07-13 11:39:28,2025-07-13 12:18:24,,2025-07-13,sin_combo_factible_en_hub|sin_s1_factible_retro,,
176,734017,Los Canelos,Costa Mar,20150,L2,V1,2025-07-13 14:42:57,2025-07-13 15:13:26,CW→CC,2025-07-13,,20150,20150
177,740180,El Parque,Cristo Redentor,20135,L2,V1,2025-07-13 11:40:03,2025-07-13 12:08:08,CC→CW,2025-07-13,,20135,20135
178,740180,Cristo Redentor,El Parque,20168,L2,V1,2025-07-13 17:39:35,2025-07-13 18:16:10,CW→CC,2025-07-13,,20168,20168
179,740202,El Parque,Costa Mar,20180,L2,V1,2025-07-13 19:18:33,2025-07-13 19:48:02,CW→CC,2025-07-13,,20180,
180,740352,Laguna Quinenco,Lomas Coloradas,20140,L2,V1,2025-07-13 12:18:38,2025-07-13 12:41:59,CW→CC,2025-07-13,,20140,20140
181,744956,Laguna Quinenco,Lomas Coloradas,20172,L2,V1,2025-07-13 18:22:02,2025-07-13 18:43:48,CW→CC,2025-07-13,,20172,20172
182,746242,Lomas Coloradas,Cristo Redentor,20131,L2,V1,2025-07-13 10:54:15,2025-07-13 11:17:30,CC→CW,2025-07-13,,20131,20131
183,746242,Cristo Redentor,Lomas Coloradas,20172,L2,V1,2025-07-13 18:17:34,2025-07-13 18:42:58,CW→CC,2025-07-13,,20172,20172
184,746465,Los Canelos,Concepcion,,,N/A,2025-07-13 17:52:29,2025-07-13 18:35:50,,2025-07-13,sin_combo_factible_en_hub|sin_s1_factible_retro,,
185,746594,Cristo Redentor,Concepcion,,,N/A,2025-07-13 17:42:05,2025-07-13 18:37:00,,2025-07-13,sin_combo_factible_en_hub|sin_s1_factible_retro,,
186,746598,Coronel,Costa Mar,20172,L2,V1,2025-07-13 18:10:48,2025-07-13 18:48:20,CW→CC,2025-07-13,,20172,20172
187,746622,Concepcion,Huinca,,,N/A,2025-07-13 17:04:21,2025-07-13 18:06:21,,2025-07-13,sin_combo_factible_en_hub|sin_s2_por_salida,,
188,746830,Huinca,Diagonal Bio Bio,20134,L2,V1,2025-07-13 10:30:57,2025-07-13 11:08:39,CW→CC,2025-07-13,,20134,
189,752155,Higueras,Manquimavida,20857,L1,V1,2025-07-13 08:30:04,2025-07-13 09:15:36,TH→HQ,2025-07-13,,20857,20857
190,757847,Concepcion,Cdal. Raul Silva Henriquez,,,N/A,2025-07-13 12:30:21,2025-07-13 13:38:48,,2025-07-13,sin_combo_factible_en_hub|sin_s2_por_salida,,
191,759039,Lomas Coloradas,Alborada,20138,L2,V1,2025-07-13 11:49:25,2025-07-13 12:01:15,CW→CC,2025-07-13,,20138,20138
192,759709,Los Canelos,Concepcion,,,N/A,2025-07-13 11:39:31,2025-07-13 12:18:07,,2025-07-13,sin_combo_factible_en_hub|sin_s1_factible_retro,,
193,759892,Concepcion,Lomas Coloradas,,,N/A,2025-07-13 18:29:22,2025-07-13 19:12:14,,2025-07-13,sin_combo_factible_en_hub|sin_s2_por_salida,,
194,762104,Lomas Coloradas,Diagonal Bio Bio,20154,L2,V1,2025-07-13 15:57:05,2025-07-13 16:13:29,CW→CC,2025-07-13,,20154,20154
195,762197,Costa Mar,Cdal. Raul Silva Henriquez,20181,L2,V1,2025-07-13 19:53:02,2025-07-13 20:25:22,CC→CW,2025-07-13,,20181,20181
196,764348,Cristo Redentor,Huinca,20172,L2,V1,2025-07-13 18:10:54,2025-07-13 18:29:15,CW→CC,2025-07-13,,20172,20172
197,766333,Cdal. Raul Silva Henriquez,Costa Mar,20154,L2,V1,2025-07-13 15:53:55,2025-07-13 16:08:19,CW→CC,2025-07-13,,20154,20154
198,768774,Laguna Quinenco,Concepcion,,,N/A,2025-07-13 11:58:13,2025-07-13 13:05:22,,2025-07-13,sin_combo_factible_en_hub|sin_s1_factible_retro,,
199,768944,Diagonal Bio Bio,Coronel,20181,L2,V1,2025-07-13 19:50:01,2025-07-13 20:45:07,CC→CW,2025-07-13,,20181,20181
200,775560,Los Canelos,Concepcion,,,N/A,2025-07-13 17:57:26,2025-07-13 18:37:07,,2025-07-13,sin_combo_factible_en_hub|sin_s1_factible_retro,,
201,777591,Hito Galvarino,Laguna Quinenco,20147,L2,V1,2025-07-13 15:06:27,2025-07-13 15:20:15,CC→CW,2025-07-13,,20147,20147
202,777732,Concepcion,Los Canelos,,,N/A,2025-07-13 16:25:36,2025-07-13 17:14:34,,2025-07-13,sin_combo_factible_en_hub|sin_s2_por_salida,,
203,777732,Huinca,Los Canelos,20168,L2,V1,2025-07-13 17:53:15,2025-07-13 18:00:21,CW→CC,2025-07-13,,20168,20168
204,780241,Lomas Coloradas,Los Canelos,20131,L2,V1,2025-07-13 10:59:42,2025-07-13 11:13:38,CC→CW,2025-07-13,,20131,20131
205,784495,La Leonera,Cristo Redentor,,,N/A,2025-07-13 16:45:26,2025-07-13 19:08:20,,2025-07-13,sin_combo_factible_en_hub|sin_s2_por_salida,,
206,784814,Laguna Quinenco,Los Canelos,20160,L2,V1,2025-07-13 16:37:09,2025-07-13 17:01:03,CW→CC,2025-07-13,,20160,20160
207,789556,Laguna Quinenco,Lomas Coloradas,20140,L2,V1,2025-07-13 12:21:43,2025-07-13 12:42:44,CW→CC,2025-07-13,,20140,20140
208,789556,Lomas Coloradas,Laguna Quinenco,20169,L2,V1,2025-07-13 18:39:30,2025-07-13 19:10:55,CC→CW,2025-07-13,,20169,20169
209,791708,Hito Galvarino,Cristo Redentor,20169,L2,V1,2025-07-13 18:51:58,2025-07-13 19:06:54,CC→CW,2025-07-13,,20169,20169
210,791929,Chiguayante,Concepcion,20850,L1,V1,2025-07-13 09:37:47,2025-07-13 10:00:35,HQ→TH,2025-07-13,,20850,20850
211,794016,Lomas Coloradas,Los Canelos,20173,L2,V1,2025-07-13 19:14:22,2025-07-13 19:33:46,CC→CW,2025-07-13,,20173,20173
212,799495,Diagonal Bio Bio,Coronel,20181,L2,V1,2025-07-13 20:09:10,2025-07-13 20:45:46,CC→CW,2025-07-13,,20181,20181
213,802271,Higueras,UTF Santa Maria,20847,L1,V1,2025-07-13 20:07:42,2025-07-13 20:17:06,TH→HQ,2025-07-13,,20847,20847
214,805438,Huinca,Lomas Coloradas,20122,L2,V1,2025-07-13 08:51:48,2025-07-13 09:07:25,CW→CC,2025-07-13,,20122,20122
215,805438,Lomas Coloradas,Huinca,20181,L2,V1,2025-07-13 20:14:59,2025-07-13 20:37:42,CC→CW,2025-07-13,,20181,20181
216,812549,Cdal. Raul Silva Henriquez,Concepcion,,,N/A,2025-07-13 10:43:29,2025-07-13 11:20:04,,2025-07-13,sin_combo_factible_en_hub|sin_s1_factible_retro,,
217,817517,Lomas Coloradas,Diagonal Bio Bio,20130,L2,V1,2025-07-13 10:11:22,2025-07-13 10:24:17,CW→CC,2025-07-13,,20130,
218,820502,Cristo Redentor,Concepcion,,,N/A,2025-07-13 19:19:03,2025-07-13 20:08:59,,2025-07-13,sin_combo_factible_en_hub|sin_s1_factible_retro,,
219,820543,Los Canelos,Diagonal Bio Bio,20134,L2,V1,2025-07-13 10:39:43,2025-07-13 11:08:26,CW→CC,2025-07-13,,20134,
220,820543,Diagonal Bio Bio,Los Canelos,20161,L2,V1,2025-07-13 17:34:31,2025-07-13 18:03:40,CC→CW,2025-07-13,,20161,20161
221,822755,Cristo Redentor,El Parque,20160,L2,V1,2025-07-13 16:46:57,2025-07-13 17:15:07,CW→CC,2025-07-13,,20160,20160
222,822841,Cristo Redentor,Diagonal Bio Bio,20134,L2,V1,2025-07-13 10:36:55,2025-07-13 11:08:20,CW→CC,2025-07-13,,20134,
223,822841,Diagonal Bio Bio,Cristo Redentor,20143,L2,V1,2025-07-13 12:54:47,2025-07-13 13:52:30,CC→CW,2025-07-13,,20143,20143
224,822841,Coronel,Huinca,20172,L2,V1,2025-07-13 18:04:32,2025-07-13 19:35:52,CW→CC,2025-07-13,,20172,20172
225,824499,Lzo. Arenas,Higueras,20850,L1,V1,2025-07-13 09:58:51,2025-07-13 10:16:48,HQ→TH,2025-07-13,,20850,20850
226,824520,Concepcion,Laguna Quinenco,,,N/A,2025-07-13 09:02:38,2025-07-13 10:05:36,,2025-07-13,sin_combo_factible_en_hub|sin_s2_por_salida,,
227,824520,Laguna Quinenco,Concepcion,,,N/A,2025-07-13 11:46:14,2025-07-13 13:02:22,,2025-07-13,sin_combo_factible_en_hub|sin_s1_factible_retro,,
228,824592,Concepcion,Los Condores,20846,L1,V1,2025-07-13 17:30:58,2025-07-13 17:46:50,HQ→TH,2025-07-13,,20846,20846
229,824604,Los Canelos,Lomas Coloradas,20146,L2,V1,2025-07-13 13:39:53,2025-07-13 14:12:55,CW→CC,2025-07-13,,20146,20146
230,826636,Cristo Redentor,Costa Mar,20172,L2,V1,2025-07-13 18:19:22,2025-07-13 18:48:14,CW→CC,2025-07-13,,20172,20172
231,826740,Alborada,Costa Mar,20135,L2,V1,2025-07-13 11:39:55,2025-07-13 11:45:30,CC→CW,2025-07-13,,20135,20135
232,833060,Lomas Coloradas,Costa Mar,20168,L2,V1,2025-07-13 18:09:12,2025-07-13 18:18:13,CW→CC,2025-07-13,,20168,20168
233,835697,Laguna Quinenco,Concepcion,,,N/A,2025-07-13 09:53:04,2025-07-13 10:35:51,,2025-07-13,sin_combo_factible_en_hub|sin_s1_factible_retro,,
234,838004,Concepcion,Huinca,,,N/A,2025-07-13 10:04:57,2025-07-13 11:15:40,,2025-07-13,sin_combo_factible_en_hub|sin_s2_por_salida,,
235,838113,Los Canelos,Laguna Quinenco,20151,L2,V1,2025-07-13 15:57:38,2025-07-13 16:10:49,CC→CW,2025-07-13,,20151,20151
236,839132,Diagonal Bio Bio,Hito Galvarino,20155,L2,V1,2025-07-13 16:37:33,2025-07-13 17:09:54,CC→CW,2025-07-13,,20155,20155
237,839936,Coronel,Concepcion,,,N/A,2025-07-13 08:36:58,2025-07-13 09:32:58,,2025-07-13,sin_combo_factible_en_hub|sin_s1_factible_retro,,
238,839936,Coronel,Concepcion,,,N/A,2025-07-13 19:02:56,2025-07-13 20:10:59,,2025-07-13,sin_combo_factible_en_hub|sin_s1_factible_retro,,
239,839956,Costa Mar,Laguna Quinenco,20169,L2,V1,2025-07-13 18:38:52,2025-07-13 19:11:27,CC→CW,2025-07-13,,20169,20169
240,841935,Cdal. Raul Silva Henriquez,Lomas Coloradas,20146,L2,V1,2025-07-13 13:45:23,2025-07-13 14:13:30,CW→CC,2025-07-13,,20146,20146
241,841935,Lomas Coloradas,Cdal. Raul Silva Henriquez,20147,L2,V1,2025-07-13 14:52:16,2025-07-13 15:05:07,CC→CW,2025-07-13,,20147,20147
242,842069,Lomas Coloradas,Diagonal Bio Bio,20138,L2,V1,2025-07-13 11:50:44,2025-07-13 12:03:10,CW→CC,2025-07-13,,20138,20138
243,844190,Laguna Quinenco,Huinca,20140,L2,V1,2025-07-13 12:19:00,2025-07-13 12:28:51,CW→CC,2025-07-13,,20140,20140
244,848553,Lomas Coloradas,Los Canelos,20123,L2,V1,2025-07-13 09:38:37,2025-07-13 09:58:33,CC→CW,2025-07-13,,20123,20123
245,850165,Cdal. Raul Silva Henriquez,Costa Mar,20146,L2,V1,2025-07-13 14:05:05,2025-07-13 14:18:32,CW→CC,2025-07-13,,20146,20146
246,851049,Los Canelos,Concepcion,,,N/A,2025-07-13 12:07:40,2025-07-13 13:03:29,,2025-07-13,sin_combo_factible_en_hub|sin_s1_factible_retro,,
247,851336,Diagonal Bio Bio,Los Canelos,20123,L2,V1,2025-07-13 09:17:22,2025-07-13 09:58:27,CC→CW,2025-07-13,,20123,20123
248,851336,Los Canelos,Concepcion,,,N/A,2025-07-13 18:29:51,2025-07-13 19:18:10,,2025-07-13,sin_combo_factible_en_hub|sin_s1_factible_retro,,
249,851686,UTF Santa Maria,Hualqui,20847,L1,V1,2025-07-13 20:03:30,2025-07-13 21:03:08,TH→HQ,2025-07-13,,20847,20847
250,854363,Lomas Coloradas,Laguna Quinenco,20169,L2,V1,2025-07-13 18:48:05,2025-07-13 19:11:20,CC→CW,2025-07-13,,20169,20169
251,854363,Laguna Quinenco,Lomas Coloradas,20180,L2,V1,2025-07-13 19:11:57,2025-07-13 19:42:25,CW→CC,2025-07-13,,20180,
252,859027,Coronel,Concepcion,,,N/A,2025-07-13 11:29:39,2025-07-13 12:17:56,,2025-07-13,sin_combo_factible_en_hub|sin_s1_factible_retro,,
253,859027,Concepcion,Laguna Quinenco,,,N/A,2025-07-13 17:14:13,2025-07-13 18:11:03,,2025-07-13,sin_combo_factible_en_hub|sin_s2_por_salida,,
254,861579,Concepcion,Concepcion,,,N/A,2025-07-13 19:37:04,2025-07-13 19:37:38,,2025-07-13,no viajo,,
255,861584,Cristo Redentor,El Parque,20138,L2,V1,2025-07-13 11:33:11,2025-07-13 11:54:59,CW→CC,2025-07-13,,20138,20138
256,861584,El Parque,Cristo Redentor,20151,L2,V1,2025-07-13 15:42:23,2025-07-13 16:07:32,CC→CW,2025-07-13,,20151,20151
257,861604,Huinca,Cdal. Raul Silva Henriquez,20180,L2,V1,2025-07-13 19:24:00,2025-07-13 19:40:30,CW→CC,2025-07-13,,20180,20180
258,861604,Cdal. Raul Silva Henriquez,Huinca,20181,L2,V1,2025-07-13 20:11:34,2025-07-13 20:37:51,CC→CW,2025-07-13,,20181,20181
259,866801,Los Canelos,Concepcion,,,N/A,2025-07-13 12:07:46,2025-07-13 13:03:37,,2025-07-13,sin_combo_factible_en_hub|sin_s1_factible_retro,,
260,866958,Huinca,Concepcion,,,N/A,2025-07-13 18:28:23,2025-07-13 19:18:35,,2025-07-13,sin_combo_factible_en_hub|sin_s1_factible_retro,,
261,866981,Laguna Quinenco,Alborada,20180,L2,V1,2025-07-13 19:11:36,2025-07-13 19:51:31,CW→CC,2025-07-13,,20180,20180
262,872684,Concepcion,Cristo Redentor,,,N/A,2025-07-13 15:52:56,2025-07-13 17:16:58,,2025-07-13,sin_combo_factible_en_hub|sin_s2_por_salida,,
263,872825,Costa Mar,Coronel,20169,L2,V1,2025-07-13 18:36:01,2025-07-13 19:14:29,CC→CW,2025-07-13,,20169,20169
264,875051,Lzo. Arenas,Higueras,20850,L1,V1,2025-07-13 09:58:40,2025-07-13 10:16:39,HQ→TH,2025-07-13,,20850,20850
265,875139,Concepcion,Concepcion,,,N/A,2025-07-13 14:42:45,2025-07-13 14:44:29,,2025-07-13,no viajo,,
266,875155,Hito Galvarino,Diagonal Bio Bio,20150,L2,V1,2025-07-13 14:40:16,2025-07-13 15:18:52,CW→CC,2025-07-13,,20150,20150
267,875155,Diagonal Bio Bio,Hito Galvarino,20173,L2,V1,2025-07-13 18:46:40,2025-07-13 19:29:39,CC→CW,2025-07-13,,20173,20169
268,877278,Chiguayante,UTF Santa Maria,20846,L1,V1,2025-07-13 16:56:43,2025-07-13 17:42:50,HQ→TH,2025-07-13,,20846,20846
269,877306,Concepcion,Chiguayante,20859,L1,V1,2025-07-13 12:50:38,2025-07-13 13:09:15,TH→HQ,2025-07-13,,20859,20859
270,877429,Costa Mar,Cristo Redentor,20135,L2,V1,2025-07-13 11:41:26,2025-07-13 12:07:23,CC→CW,2025-07-13,,20135,20135
271,877429,Huinca,Costa Mar,20168,L2,V1,2025-07-13 17:19:12,2025-07-13 18:17:55,CW→CC,2025-07-13,,20168,20168
272,879564,Concepcion,Cdal. Raul Silva Henriquez,,,N/A,2025-07-13 16:46:28,2025-07-13 17:54:05,,2025-07-13,sin_combo_factible_en_hub|sin_s2_por_salida,,
273,881910,Lzo. Arenas,Costa Mar,,,N/A,2025-07-13 15:52:33,2025-07-13 17:17:50,,2025-07-13,sin_combo_factible_en_hub|sin_s2_por_salida,,
274,881910,Costa Mar,Cdal. Raul Silva Henriquez,20161,L2,V1,2025-07-13 17:43:33,2025-07-13 17:53:40,CC→CW,2025-07-13,,20161,20161
275,885840,Huinca,Diagonal Bio Bio,20146,L2,V1,2025-07-13 13:49:27,2025-07-13 14:23:24,CW→CC,2025-07-13,,20146,20146
276,885859,Huinca,Concepcion,,,N/A,2025-07-13 14:39:00,2025-07-13 16:30:43,,2025-07-13,sin_combo_factible_en_hub|sin_s1_factible_retro,,
277,885859,Concepcion,Los Canelos,,,N/A,2025-07-13 18:46:21,2025-07-13 19:33:12,,2025-07-13,sin_combo_factible_en_hub|sin_s2_por_salida,,
278,886064,Concepcion,Cdal. Raul Silva Henriquez,,,N/A,2025-07-13 11:57:05,2025-07-13 12:43:42,,2025-07-13,sin_combo_factible_en_hub|sin_s2_por_salida,,
279,886076,Huinca,Hito Galvarino,20172,L2,V1,2025-07-13 18:20:28,2025-07-13 18:34:40,CW→CC,2025-07-13,,20172,20172
280,890705,Los Canelos,Lomas Coloradas,20140,L2,V1,2025-07-13 12:28:45,2025-07-13 12:44:39,CW→CC,2025-07-13,,20140,20140
281,892927,Lomas Coloradas,Diagonal Bio Bio,20130,L2,V1,2025-07-13 10:02:15,2025-07-13 10:24:17,CW→CC,2025-07-13,,20130,
282,892927,Costa Mar,Lomas Coloradas,20155,L2,V1,2025-07-13 16:28:18,2025-07-13 17:00:36,CC→CW,2025-07-13,,20155,20155
283,893135,Cdal. Raul Silva Henriquez,Costa Mar,20130,L2,V1,2025-07-13 09:50:40,2025-07-13 10:17:59,CW→CC,2025-07-13,,20130,
284,893135,Costa Mar,Cdal. Raul Silva Henriquez,20139,L2,V1,2025-07-13 12:13:49,2025-07-13 12:43:47,CC→CW,2025-07-13,,20139,20139
285,895609,Lomas Coloradas,Huinca,20181,L2,V1,2025-07-13 19:58:20,2025-07-13 20:37:03,CC→CW,2025-07-13,,20181,20181
286,897063,Coronel,Diagonal Bio Bio,20172,L2,V1,2025-07-13 18:00:33,2025-07-13 18:55:00,CW→CC,2025-07-13,,20172,20172
287,898091,Mercado,Los Canelos,,,N/A,2025-07-13 08:22:07,2025-07-13 09:57:48,,2025-07-13,sin_combo_factible_en_hub|sin_s2_por_salida,,
288,898130,Coronel,Diagonal Bio Bio,20122,L2,V1,2025-07-13 08:38:58,2025-07-13 09:19:13,CW→CC,2025-07-13,,20122,20122
289,901972,Los Canelos,Costa Mar,20130,L2,V1,2025-07-13 09:55:33,2025-07-13 10:18:29,CW→CC,2025-07-13,,20130,
290,901972,Costa Mar,Los Canelos,20173,L2,V1,2025-07-13 19:10:31,2025-07-13 19:34:00,CC→CW,2025-07-13,,20173,20173
291,902050,Concepcion,Chiguayante,20845,L1,V1,2025-07-13 16:19:37,2025-07-13 16:41:04,TH→HQ,2025-07-13,,20845,20845
292,902093,Huinca,Diagonal Bio Bio,20154,L2,V1,2025-07-13 15:33:57,2025-07-13 16:15:00,CW→CC,2025-07-13,,20154,20154
293,902126,Hito Galvarino,Concepcion,,,N/A,2025-07-13 13:57:41,2025-07-13 14:40:22,,2025-07-13,sin_combo_factible_en_hub|sin_s1_factible_retro,,
294,902126,Concepcion,Hito Galvarino,,,N/A,2025-07-13 19:09:06,2025-07-13 20:32:43,,2025-07-13,sin_combo_factible_en_hub|sin_s2_por_salida,,
295,903901,Hualqui,La Leonera,20848,L1,V1,2025-07-13 20:26:42,2025-07-13 20:52:42,HQ→TH,2025-07-13,,20848,20848
296,903928,Lomas Coloradas,Cristo Redentor,20143,L2,V1,2025-07-13 13:34:14,2025-07-13 13:52:54,CC→CW,2025-07-13,,20143,20143
297,903968,Diagonal Bio Bio,Laguna Quinenco,20131,L2,V1,2025-07-13 10:50:04,2025-07-13 11:21:31,CC→CW,2025-07-13,,20131,20131
298,903968,Cristo Redentor,Diagonal Bio Bio,20168,L2,V1,2025-07-13 17:38:50,2025-07-13 18:24:30,CW→CC,2025-07-13,,20168,20168
299,903988,Los Canelos,Concepcion,,,N/A,2025-07-13 19:20:59,2025-07-13 20:10:32,,2025-07-13,sin_combo_factible_en_hub|sin_s1_factible_retro,,
300,905717,La Leonera,Los Condores,20848,L1,V1,2025-07-13 20:38:42,2025-07-13 21:23:34,HQ→TH,2025-07-13,,20848,20848
301,905743,Huinca,Concepcion,,,N/A,2025-07-13 17:54:22,2025-07-13 18:35:48,,2025-07-13,sin_combo_factible_en_hub|sin_s1_factible_retro,,
302,905759,Huinca,Diagonal Bio Bio,20154,L2,V1,2025-07-13 15:41:25,2025-07-13 16:13:26,CW→CC,2025-07-13,,20154,20154
303,908140,Concepcion,Laguna Quinenco,,,N/A,2025-07-13 19:29:47,2025-07-13 20:42:25,,2025-07-13,sin_combo_factible_en_hub|sin_s2_por_salida,,
304,908323,Concepcion,El Arenal,20846,L1,V1,2025-07-13 17:30:05,2025-07-13 17:54:52,HQ→TH,2025-07-13,,20846,20846
305,910220,Diagonal Bio Bio,Cristo Redentor,20131,L2,V1,2025-07-13 10:43:10,2025-07-13 11:17:06,CC→CW,2025-07-13,,20131,20131
306,910525,Los Canelos,Cdal. Raul Silva Henriquez,20130,L2,V1,2025-07-13 09:55:31,2025-07-13 10:09:41,CW→CC,2025-07-13,,20130,
307,910525,Cdal. Raul Silva Henriquez,Los Canelos,20147,L2,V1,2025-07-13 15:03:10,2025-07-13 15:13:52,CC→CW,2025-07-13,,20147,20147
308,910525,Los Canelos,Cdal. Raul Silva Henriquez,20160,L2,V1,2025-07-13 16:55:59,2025-07-13 17:09:19,CW→CC,2025-07-13,,20160,20160
309,912512,Hualqui,Los Condores,20846,L1,V1,2025-07-13 16:44:23,2025-07-13 17:47:41,HQ→TH,2025-07-13,,20846,20846
310,915311,Cristo Redentor,Diagonal Bio Bio,20180,L2,V1,2025-07-13 18:48:29,2025-07-13 19:55:09,CW→CC,2025-07-13,,20180,20180
311,917790,Laguna Quinenco,Diagonal Bio Bio,20172,L2,V1,2025-07-13 18:22:05,2025-07-13 18:53:43,CW→CC,2025-07-13,,20172,20172
312,918059,Los Canelos,El Parque,20134,L2,V1,2025-07-13 10:44:14,2025-07-13 10:59:55,CW→CC,2025-07-13,,20134,
313,919899,Concepcion,Lomas Coloradas,,,N/A,2025-07-13 17:50:16,2025-07-13 18:37:23,,2025-07-13,sin_combo_factible_en_hub|sin_s2_por_salida,,
314,919963,Los Canelos,Concepcion,,,N/A,2025-07-13 17:48:12,2025-07-13 18:36:39,,2025-07-13,sin_combo_factible_en_hub|sin_s1_factible_retro,,
315,922088,Cristo Redentor,Diagonal Bio Bio,20138,L2,V1,2025-07-13 11:31:05,2025-07-13 12:03:50,CW→CC,2025-07-13,,20138,20138
316,924747,Coronel,Cdal. Raul Silva Henriquez,20154,L2,V1,2025-07-13 14:48:56,2025-07-13 16:01:56,CW→CC,2025-07-13,,20154,20150
317,925037,Diagonal Bio Bio,Laguna Quinenco,20131,L2,V1,2025-07-13 10:33:30,2025-07-13 11:21:07,CC→CW,2025-07-13,,20131,20131
318,930504,Concepcion,Diagonal Bio Bio,,,N/A,2025-07-13 16:19:30,2025-07-13 17:24:04,,2025-07-13,sin_combo_factible_en_hub|sin_s2_por_salida,,
319,930671,Concepcion,Laguna Quinenco,,,N/A,2025-07-13 12:00:27,2025-07-13 13:00:57,,2025-07-13,sin_combo_factible_en_hub|sin_s2_por_salida,,
320,933195,Laguna Quinenco,Hito Galvarino,20150,L2,V1,2025-07-13 14:40:25,2025-07-13 14:58:00,CW→CC,2025-07-13,,20150,20150
321,933410,Cristo Redentor,Diagonal Bio Bio,20154,L2,V1,2025-07-13 15:45:02,2025-07-13 16:13:17,CW→CC,2025-07-13,,20154,20154
322,933419,Manquimavida,Higueras,20844,L1,V1,2025-07-13 12:27:07,2025-07-13 13:08:18,HQ→TH,2025-07-13,,20844,20844
323,933604,Diagonal Bio Bio,Coronel,20123,L2,V1,2025-07-13 09:17:19,2025-07-13 10:08:42,CC→CW,2025-07-13,,20123,20123
324,933604,Cristo Redentor,Diagonal Bio Bio,20172,L2,V1,2025-07-13 18:23:10,2025-07-13 18:53:30,CW→CC,2025-07-13,,20172,20172
325,935629,El Parque,Cristo Redentor,20181,L2,V1,2025-07-13 20:10:11,2025-07-13 20:41:34,CC→CW,2025-07-13,,20181,20181
326,935903,Cristo Redentor,Concepcion,,,N/A,2025-07-13 17:44:17,2025-07-13 18:36:15,,2025-07-13,sin_combo_factible_en_hub|sin_s1_factible_retro,,
327,935914,Laguna Quinenco,Hito Galvarino,20180,L2,V1,2025-07-13 19:15:49,2025-07-13 19:34:38,CW→CC,2025-07-13,,20180,20180
328,937823,Diagonal Bio Bio,Los Canelos,20123,L2,V1,2025-07-13 09:17:24,2025-07-13 09:58:26,CC→CW,2025-07-13,,20123,20123
329,937823,Los Canelos,Concepcion,,,N/A,2025-07-13 18:29:49,2025-07-13 19:17:52,,2025-07-13,sin_combo_factible_en_hub|sin_s1_factible_retro,,
330,937835,Cristo Redentor,El Parque,20134,L2,V1,2025-07-13 10:36:05,2025-07-13 11:00:44,CW→CC,2025-07-13,,20134,
331,937835,El Parque,Cristo Redentor,20143,L2,V1,2025-07-13 13:31:33,2025-07-13 13:53:09,CC→CW,2025-07-13,,20143,20143
332,937854,Alborada,Hito Galvarino,20169,L2,V1,2025-07-13 18:18:49,2025-07-13 19:00:14,CC→CW,2025-07-13,,20169,20169
333,937856,Coronel,Lomas Coloradas,20168,L2,V1,2025-07-13 17:38:38,2025-07-13 18:12:45,CW→CC,2025-07-13,,20168,20168
334,939870,Diagonal Bio Bio,Laguna Quinenco,20147,L2,V1,2025-07-13 14:39:10,2025-07-13 15:20:42,CC→CW,2025-07-13,,20147,20147
335,939870,Laguna Quinenco,Costa Mar,20180,L2,V1,2025-07-13 19:03:54,2025-07-13 19:47:38,CW→CC,2025-07-13,,20180,
336,939978,Costa Mar,El Parque,20147,L2,V1,2025-07-13 14:52:54,2025-07-13 14:59:39,CC→CW,2025-07-13,,20147,20147
337,939978,El Parque,Alborada,20154,L2,V1,2025-07-13 16:00:38,2025-07-13 16:10:57,CW→CC,2025-07-13,,20154,20154
338,941894,UTF Santa Maria,Higueras,20846,L1,V1,2025-07-13 17:41:24,2025-07-13 17:50:32,HQ→TH,2025-07-13,,20846,20846
339,942203,Cdal. Raul Silva Henriquez,Diagonal Bio Bio,20130,L2,V1,2025-07-13 10:01:59,2025-07-13 10:24:41,CW→CC,2025-07-13,,20130,
340,942203,Diagonal Bio Bio,Cdal. Raul Silva Henriquez,20139,L2,V1,2025-07-13 12:14:34,2025-07-13 12:44:42,CC→CW,2025-07-13,,20139,20139
341,942203,Diagonal Bio Bio,Cdal. Raul Silva Henriquez,20173,L2,V1,2025-07-13 19:06:34,2025-07-13 19:23:57,CC→CW,2025-07-13,,20173,20173
342,943852,El Parque,Huinca,20181,L2,V1,2025-07-13 20:13:41,2025-07-13 20:37:02,CC→CW,2025-07-13,,20181,20181
343,943863,Hualqui,Lzo. Arenas,20850,L1,V1,2025-07-13 09:21:57,2025-07-13 10:05:35,HQ→TH,2025-07-13,,20850,20850
344,944070,Manquimavida,Hualqui,20847,L1,V1,2025-07-13 20:44:46,2025-07-13 21:02:54,TH→HQ,2025-07-13,,20847,20847
345,944101,Concepcion,Huinca,,,N/A,2025-07-13 17:50:42,2025-07-13 19:05:47,,2025-07-13,sin_combo_factible_en_hub|sin_s2_por_salida,,
346,945009,Cristo Redentor,Costa Mar,20140,L2,V1,2025-07-13 11:51:50,2025-07-13 12:48:10,CW→CC,2025-07-13,,20140,20140
347,945009,Costa Mar,Coronel,20147,L2,V1,2025-07-13 14:33:11,2025-07-13 15:23:41,CC→CW,2025-07-13,,20147,20147
348,946040,Coronel,Alborada,20150,L2,V1,2025-07-13 14:17:30,2025-07-13 15:15:50,CW→CC,2025-07-13,,20150,20150
349,946040,Alborada,Coronel,20169,L2,V1,2025-07-13 18:38:54,2025-07-13 19:15:42,CC→CW,2025-07-13,,20169,20169
350,947537,Laguna Quinenco,Concepcion,,,N/A,2025-07-13 13:25:40,2025-07-13 14:37:10,,2025-07-13,sin_combo_factible_en_hub|sin_s1_factible_retro,,
351,947885,Cristo Redentor,Cdal. Raul Silva Henriquez,20160,L2,V1,2025-07-13 16:17:57,2025-07-13 17:09:59,CW→CC,2025-07-13,,20160,20160
352,948041,Los Canelos,Diagonal Bio Bio,20130,L2,V1,2025-07-13 09:56:39,2025-07-13 10:24:23,CW→CC,2025-07-13,,20130,
353,948184,Diagonal Bio Bio,Alborada,20143,L2,V1,2025-07-13 13:16:50,2025-07-13 13:29:53,CC→CW,2025-07-13,,20143,20143
354,948251,Costa Mar,Lomas Coloradas,20161,L2,V1,2025-07-13 17:34:44,2025-07-13 17:50:41,CC→CW,2025-07-13,,20161,20161
355,948293,Costa Mar,Laguna Quinenco,20131,L2,V1,2025-07-13 10:51:42,2025-07-13 11:20:44,CC→CW,2025-07-13,,20131,20131
356,948293,Laguna Quinenco,Costa Mar,20180,L2,V1,2025-07-13 19:08:00,2025-07-13 19:48:16,CW→CC,2025-07-13,,20180,20180
357,949738,El Arenal,Manquimavida,20859,L1,V1,2025-07-13 12:09:00,2025-07-13 13:14:01,TH→HQ,2025-07-13,,20859,
358,949860,Lzo. Arenas,Manquimavida,20845,L1,V1,2025-07-13 16:05:33,2025-07-13 16:46:25,TH→HQ,2025-07-13,,20845,20845
359,950052,Chiguayante,Coronel,,,N/A,2025-07-13 12:32:30,2025-07-13 13:58:45,,2025-07-13,sin_combo_factible_en_hub|sin_s2_por_salida,,
360,950052,Laguna Quinenco,Concepcion,,,N/A,2025-07-13 16:46:16,2025-07-13 17:38:18,,2025-07-13,sin_combo_factible_en_hub|sin_s1_factible_retro,,
361,950105,La Leonera,Concepcion,20844,L1,V1,2025-07-13 12:04:35,2025-07-13 12:51:13,HQ→TH,2025-07-13,,20844,20844
362,950243,Lomas Coloradas,Diagonal Bio Bio,20134,L2,V1,2025-07-13 10:48:17,2025-07-13 11:08:51,CW→CC,2025-07-13,,20134,
363,950275,Concepcion,La Leonera,20847,L1,V1,2025-07-13 20:25:06,2025-07-13 20:49:18,TH→HQ,2025-07-13,,20847,20847
364,950276,Lomas Coloradas,Los Canelos,20173,L2,V1,2025-07-13 19:13:44,2025-07-13 19:34:08,CC→CW,2025-07-13,,20173,20173
365,950278,Hito Galvarino,Costa Mar,20160,L2,V1,2025-07-13 17:00:52,2025-07-13 17:18:09,CW→CC,2025-07-13,,20160,20160
366,950284,Lomas Coloradas,Los Canelos,20173,L2,V1,2025-07-13 19:16:18,2025-07-13 19:34:12,CC→CW,2025-07-13,,20173,20173
367,951334,Coronel,El Parque,20146,L2,V1,2025-07-13 13:47:23,2025-07-13 14:17:40,CW→CC,2025-07-13,,20146,20146
368,951409,Cristo Redentor,Diagonal Bio Bio,20146,L2,V1,2025-07-13 12:53:34,2025-07-13 14:25:49,CW→CC,2025-07-13,,20146,20146
369,951426,Alborada,Huinca,20181,L2,V1,2025-07-13 19:53:11,2025-07-13 20:38:10,CC→CW,2025-07-13,,20181,20181
370,951434,Laguna Quinenco,Concepcion,,,N/A,2025-07-13 13:25:22,2025-07-13 14:37:30,,2025-07-13,sin_combo_factible_en_hub|sin_s1_factible_retro,,
371,951626,Lomas Coloradas,Concepcion,,,N/A,2025-07-13 17:46:51,2025-07-13 18:32:41,,2025-07-13,sin_combo_factible_en_hub|sin_s1_factible_retro,,
372,951627,Lomas Coloradas,Concepcion,,,N/A,2025-07-13 17:47:02,2025-07-13 18:32:34,,2025-07-13,sin_combo_factible_en_hub|sin_s1_factible_retro,,
373,951794,UTF Santa Maria,Hualqui,20857,L1,V1,2025-07-13 08:33:00,2025-07-13 09:34:38,TH→HQ,2025-07-13,,20857,20857
374,951795,Coronel,Concepcion,,,N/A,2025-07-13 08:42:26,2025-07-13 09:30:04,,2025-07-13,sin_combo_factible_en_hub|sin_s1_factible_retro,,
375,951796,Lomas Coloradas,Diagonal Bio Bio,20122,L2,V1,2025-07-13 08:56:50,2025-07-13 09:20:40,CW→CC,2025-07-13,,20122,20122
376,951796,Diagonal Bio Bio,Lomas Coloradas,20147,L2,V1,2025-07-13 14:40:30,2025-07-13 15:02:47,CC→CW,2025-07-13,,20147,20147
377,951797,Concepcion,Mercado,20850,L1,V1,2025-07-13 08:58:20,2025-07-13 10:24:30,HQ→TH,2025-07-13,,20850,20850
378,951797,Mercado,Concepcion,20859,L1,V1,2025-07-13 12:05:01,2025-07-13 12:54:50,TH→HQ,2025-07-13,,20859,20859
379,951798,Diagonal Bio Bio,El Parque,20123,L2,V1,2025-07-13 09:24:33,2025-07-13 09:43:29,CC→CW,2025-07-13,,20123,20123
380,951799,Costa Mar,Cdal. Raul Silva Henriquez,20123,L2,V1,2025-07-13 09:32:06,2025-07-13 09:48:43,CC→CW,2025-07-13,,20123,20123
381,951799,Cdal. Raul Silva Henriquez,Costa Mar,20160,L2,V1,2025-07-13 16:40:53,2025-07-13 17:18:12,CW→CC,2025-07-13,,20160,20160
382,951800,Laguna Quinenco,Concepcion,,,N/A,2025-07-13 09:39:44,2025-07-13 10:35:08,,2025-07-13,sin_combo_factible_en_hub|sin_s1_factible_retro,,
383,951802,Los Canelos,Concepcion,,,N/A,2025-07-13 09:50:04,2025-07-13 10:35:57,,2025-07-13,sin_combo_factible_en_hub|sin_s1_factible_retro,,
384,951803,Huinca,Laguna Quinenco,20123,L2,V1,2025-07-13 09:59:10,2025-07-13 10:05:19,CC→CW,2025-07-13,,20123,20123
385,951805,Huinca,Lomas Coloradas,20134,L2,V1,2025-07-13 10:42:00,2025-07-13 10:56:57,CW→CC,2025-07-13,,20134,
386,951805,Concepcion,Huinca,,,N/A,2025-07-13 13:57:58,2025-07-13 15:15:56,,2025-07-13,sin_combo_factible_en_hub|sin_s2_por_salida,,
387,951806,Huinca,Concepcion,,,N/A,2025-07-13 10:38:58,2025-07-13 11:18:27,,2025-07-13,sin_combo_factible_en_hub|sin_s1_factible_retro,,
388,951807,Lomas Coloradas,Coronel,20131,L2,V1,2025-07-13 10:56:15,2025-07-13 11:23:42,CC→CW,2025-07-13,,20131,20131
389,951809,Concepcion,Cdal. Raul Silva Henriquez,,,N/A,2025-07-13 11:48:47,2025-07-13 12:46:27,,2025-07-13,sin_combo_factible_en_hub|sin_s2_por_salida,,
390,951810,Concepcion,Cdal. Raul Silva Henriquez,,,N/A,2025-07-13 11:48:56,2025-07-13 12:46:13,,2025-07-13,sin_combo_factible_en_hub|sin_s2_por_salida,,
391,951810,Cdal. Raul Silva Henriquez,Concepcion,,,N/A,2025-07-13 17:54:21,2025-07-13 18:36:40,,2025-07-13,sin_combo_factible_en_hub|sin_s1_factible_retro,,
392,951811,Concepcion,Cdal. Raul Silva Henriquez,,,N/A,2025-07-13 11:48:21,2025-07-13 12:47:55,,2025-07-13,sin_combo_factible_en_hub|sin_s2_por_salida,,
393,951812,Concepcion,Cdal. Raul Silva Henriquez,,,N/A,2025-07-13 11:48:10,2025-07-13 12:45:19,,2025-07-13,sin_combo_factible_en_hub|sin_s2_por_salida,,
394,951812,Cdal. Raul Silva Henriquez,Concepcion,,,N/A,2025-07-13 17:56:04,2025-07-13 18:36:39,,2025-07-13,sin_combo_factible_en_hub|sin_s1_factible_retro,,
395,951813,Concepcion,Cdal. Raul Silva Henriquez,,,N/A,2025-07-13 11:56:17,2025-07-13 12:45:29,,2025-07-13,sin_combo_factible_en_hub|sin_s2_por_salida,,
396,951813,Cdal. Raul Silva Henriquez,Concepcion,,,N/A,2025-07-13 17:55:36,2025-07-13 18:36:26,,2025-07-13,sin_combo_factible_en_hub|sin_s1_factible_retro,,
397,951815,Diagonal Bio Bio,Coronel,20139,L2,V1,2025-07-13 12:06:28,2025-07-13 13:04:28,CC→CW,2025-07-13,,20139,20139
398,951816,Chiguayante,Mercado,20844,L1,V1,2025-07-13 12:17:27,2025-07-13 13:15:21,HQ→TH,2025-07-13,,20844,20844
399,951818,Laguna Quinenco,Concepcion,,,N/A,2025-07-13 12:17:33,2025-07-13 13:02:14,,2025-07-13,sin_combo_factible_en_hub|sin_s1_factible_retro,,
400,951818,Concepcion,Laguna Quinenco,,,N/A,2025-07-13 18:09:16,2025-07-13 19:11:01,,2025-07-13,sin_combo_factible_en_hub|sin_s2_por_salida,,
401,951821,Concepcion,Hito Galvarino,,,N/A,2025-07-13 12:20:12,2025-07-13 13:44:51,,2025-07-13,sin_combo_factible_en_hub|sin_s2_por_salida,,
402,951822,El Parque,Laguna Quinenco,20139,L2,V1,2025-07-13 12:26:39,2025-07-13 13:01:15,CC→CW,2025-07-13,,20139,20139
403,951823,Concepcion,Cdal. Raul Silva Henriquez,,,N/A,2025-07-13 12:26:57,2025-07-13 13:39:14,,2025-07-13,sin_combo_factible_en_hub|sin_s2_por_salida,,
404,951823,Cdal. Raul Silva Henriquez,Concepcion,,,N/A,2025-07-13 18:37:58,2025-07-13 19:17:02,,2025-07-13,sin_combo_factible_en_hub|sin_s1_factible_retro,,
405,951824,Lomas Coloradas,Cristo Redentor,20139,L2,V1,2025-07-13 12:34:10,2025-07-13 12:59:22,CC→CW,2025-07-13,,20139,20139
406,951824,Cristo Redentor,Concepcion,,,N/A,2025-07-13 15:40:10,2025-07-13 16:32:09,,2025-07-13,sin_combo_factible_en_hub|sin_s1_factible_retro,,
407,951825,Chiguayante,Laguna Quinenco,,,N/A,2025-07-13 12:32:35,2025-07-13 13:55:15,,2025-07-13,sin_combo_factible_en_hub|sin_s2_por_salida,,
408,951825,Laguna Quinenco,Concepcion,,,N/A,2025-07-13 16:46:16,2025-07-13 17:38:15,,2025-07-13,sin_combo_factible_en_hub|sin_s1_factible_retro,,
409,951826,Lomas Coloradas,Cristo Redentor,20139,L2,V1,2025-07-13 12:34:04,2025-07-13 12:57:05,CC→CW,2025-07-13,,20139,
410,951826,Cristo Redentor,Concepcion,,,N/A,2025-07-13 15:42:27,2025-07-13 16:31:56,,2025-07-13,sin_combo_factible_en_hub|sin_s1_factible_retro,,
411,951827,El Parque,Diagonal Bio Bio,20160,L2,V1,2025-07-13 16:24:13,2025-07-13 17:25:49,CW→CC,2025-07-13,,20160,20160
412,951828,Lomas Coloradas,Coronel,20143,L2,V1,2025-07-13 13:30:04,2025-07-13 13:59:24,CC→CW,2025-07-13,,20143,20143
413,951828,Coronel,Concepcion,,,N/A,2025-07-13 17:45:42,2025-07-13 18:41:02,,2025-07-13,sin_combo_factible_en_hub|sin_s1_factible_retro,,
414,951829,Concepcion,Coronel,,,N/A,2025-07-13 13:02:36,2025-07-13 13:59:12,,2025-07-13,sin_combo_factible_en_hub|sin_s2_por_salida,,
415,951829,Coronel,Concepcion,,,N/A,2025-07-13 17:46:01,2025-07-13 18:41:13,,2025-07-13,sin_combo_factible_en_hub|sin_s1_factible_retro,,
416,951830,Concepcion,Coronel,,,N/A,2025-07-13 13:02:43,2025-07-13 13:59:13,,2025-07-13,sin_combo_factible_en_hub|sin_s2_por_salida,,
417,951830,Coronel,Concepcion,,,N/A,2025-07-13 17:45:47,2025-07-13 18:40:58,,2025-07-13,sin_combo_factible_en_hub|sin_s1_factible_retro,,
418,951831,Diagonal Bio Bio,Lomas Coloradas,20143,L2,V1,2025-07-13 13:21:14,2025-07-13 13:35:51,CC→CW,2025-07-13,,20143,20143
419,951832,Diagonal Bio Bio,Laguna Quinenco,20143,L2,V1,2025-07-13 13:18:35,2025-07-13 13:55:44,CC→CW,2025-07-13,,20143,20143
420,951833,Diagonal Bio Bio,Hito Galvarino,20143,L2,V1,2025-07-13 13:21:44,2025-07-13 13:44:47,CC→CW,2025-07-13,,20143,20143
421,951833,Hito Galvarino,Diagonal Bio Bio,20168,L2,V1,2025-07-13 17:55:10,2025-07-13 18:23:54,CW→CC,2025-07-13,,20168,20168
422,951834,Costa Mar,Hito Galvarino,20143,L2,V1,2025-07-13 13:25:36,2025-07-13 13:44:19,CC→CW,2025-07-13,,20143,20143
423,951835,Los Canelos,Diagonal Bio Bio,20146,L2,V1,2025-07-13 13:29:34,2025-07-13 14:27:07,CW→CC,2025-07-13,,20146,20146
424,951836,Coronel,Concepcion,,,N/A,2025-07-13 13:40:35,2025-07-13 14:37:00,,2025-07-13,sin_combo_factible_en_hub|sin_s1_factible_retro,,
425,951838,Lomas Coloradas,Alborada,20146,L2,V1,2025-07-13 14:07:05,2025-07-13 14:20:46,CW→CC,2025-07-13,,20146,20146
426,951839,Cdal. Raul Silva Henriquez,Lomas Coloradas,20146,L2,V1,2025-07-13 14:02:48,2025-07-13 14:13:33,CW→CC,2025-07-13,,20146,20146
427,951841,Concepcion,Laguna Quinenco,,,N/A,2025-07-13 14:53:40,2025-07-13 16:10:47,,2025-07-13,sin_combo_factible_en_hub|sin_s2_por_salida,,
428,951843,Cristo Redentor,Laguna Quinenco,20147,L2,V1,2025-07-13 15:10:59,2025-07-13 15:22:22,CC→CW,2025-07-13,,20147,20147
429,951845,Mercado,Chiguayante,20845,L1,V1,2025-07-13 15:48:36,2025-07-13 20:40:54,TH→HQ,2025-07-13,,20845,20845
430,951846,Los Canelos,Diagonal Bio Bio,20154,L2,V1,2025-07-13 15:42:44,2025-07-13 16:14:51,CW→CC,2025-07-13,,20154,20154
431,951847,Mercado,Hualqui,20845,L1,V1,2025-07-13 15:46:15,2025-07-13 17:04:17,TH→HQ,2025-07-13,,20845,20845
432,951848,Mercado,Chiguayante,20845,L1,V1,2025-07-13 15:48:57,2025-07-13 20:40:48,TH→HQ,2025-07-13,,20845,20845
433,951849,Costa Mar,Diagonal Bio Bio,20154,L2,V1,2025-07-13 16:04:35,2025-07-13 16:14:37,CW→CC,2025-07-13,,20154,20154
434,951849,Diagonal Bio Bio,Costa Mar,20173,L2,V1,2025-07-13 18:54:37,2025-07-13 19:26:05,CC→CW,2025-07-13,,20173,20173
435,951850,UTF Santa Maria,Concepcion,20845,L1,V1,2025-07-13 16:03:47,2025-07-13 16:33:00,TH→HQ,2025-07-13,,20845,20845
436,951851,Los Condores,Hualqui,20845,L1,V1,2025-07-13 16:12:17,2025-07-13 17:05:34,TH→HQ,2025-07-13,,20845,20845
437,951854,Hualqui,Los Condores,20846,L1,V1,2025-07-13 16:39:53,2025-07-13 17:47:20,HQ→TH,2025-07-13,,20846,20846
438,951855,Costa Mar,Diagonal Bio Bio,20160,L2,V1,2025-07-13 16:52:24,2025-07-13 17:23:26,CW→CC,2025-07-13,,20160,20160
439,951857,Laguna Quinenco,El Parque,20160,L2,V1,2025-07-13 16:50:23,2025-07-13 17:16:09,CW→CC,2025-07-13,,20160,20160
440,951859,Alborada,Costa Mar,20161,L2,V1,2025-07-13 17:34:06,2025-07-13 17:46:14,CC→CW,2025-07-13,,20161,20161
441,951862,Cdal. Raul Silva Henriquez,Concepcion,,,N/A,2025-07-13 17:40:27,2025-07-13 18:36:36,,2025-07-13,sin_combo_factible_en_hub|sin_s1_factible_retro,,
442,951863,Cdal. Raul Silva Henriquez,Concepcion,,,N/A,2025-07-13 17:54:13,2025-07-13 18:36:33,,2025-07-13,sin_combo_factible_en_hub|sin_s1_factible_retro,,
443,951865,Lomas Coloradas,Concepcion,,,N/A,2025-07-13 18:08:10,2025-07-13 18:32:00,,2025-07-13,sin_combo_factible_en_hub|sin_s1_factible_retro,,
444,951866,Concepcion,Huinca,,,N/A,2025-07-13 18:14:48,2025-07-13 19:05:22,,2025-07-13,sin_combo_factible_en_hub|sin_s2_por_salida,,
445,951867,Concepcion,Coronel,,,N/A,2025-07-13 18:29:14,2025-07-13 19:44:24,,2025-07-13,sin_combo_factible_en_hub|sin_s2_por_salida,,
446,951868,Concepcion,Los Canelos,,,N/A,2025-07-13 18:19:12,2025-07-13 19:05:28,,2025-07-13,sin_combo_factible_en_hub|sin_s2_por_salida,,
447,951869,Cristo Redentor,Concepcion,,,N/A,2025-07-13 18:37:10,2025-07-13 20:07:42,,2025-07-13,sin_combo_factible_en_hub|sin_s1_factible_retro,,
448,951870,Hito Galvarino,Diagonal Bio Bio,20180,L2,V1,2025-07-13 19:03:04,2025-07-13 19:54:18,CW→CC,2025-07-13,,20180,20180
449,951871,Cristo Redentor,Lomas Coloradas,20180,L2,V1,2025-07-13 19:12:43,2025-07-13 19:43:40,CW→CC,2025-07-13,,20180,20180
450,951873,Laguna Quinenco,Concepcion,,,N/A,2025-07-13 19:16:29,2025-07-13 20:08:11,,2025-07-13,sin_combo_factible_en_hub|sin_s1_factible_retro,,
451,951874,Cristo Redentor,Huinca,20180,L2,V1,2025-07-13 19:25:02,2025-07-13 19:28:28,CW→CC,2025-07-13,,20180,20180
452,951877,Concepcion,La Leonera,20847,L1,V1,2025-07-13 19:49:25,2025-07-13 20:49:25,TH→HQ,2025-07-13,,20847,20847
453,951879,El Parque,Laguna Quinenco,20181,L2,V1,2025-07-13 19:59:40,2025-07-13 20:43:20,CC→CW,2025-07-13,,20181,20181
454,951881,Lzo. Arenas,Pedro Medina,20847,L1,V1,2025-07-13 20:12:44,2025-07-13 20:43:23,TH→HQ,2025-07-13,,20847,20847
455,951882,Hualqui,La Leonera,20848,L1,V1,2025-07-13 20:27:08,2025-07-13 20:52:50,HQ→TH,2025-07-13,,20848,20848
456,53033522,Lomas Coloradas,Cristo Redentor,20181,L2,V1,2025-07-13 20:08:40,2025-07-13 20:38:20,CC→CW,2025-07-13,,20181,20181
457,53033604,Laguna Quinenco,Hito Galvarino,20168,L2,V1,2025-07-13 17:44:58,2025-07-13 18:03:16,CW→CC,2025-07-13,,20168,20168
458,53033645,El Parque,Los Canelos,20161,L2,V1,2025-07-13 17:37:29,2025-07-13 18:04:05,CC→CW,2025-07-13,,20161,20161
459,53033792,Cdal. Raul Silva Henriquez,Laguna Quinenco,20139,L2,V1,2025-07-13 12:43:12,2025-07-13 13:01:05,CC→CW,2025-07-13,,20139,20139
460,53033792,Laguna Quinenco,Cdal. Raul Silva Henriquez,20180,L2,V1,2025-07-13 19:15:56,2025-07-13 19:40:01,CW→CC,2025-07-13,,20180,20180
461,53034115,Los Canelos,Cristo Redentor,20161,L2,V1,2025-07-13 17:53:49,2025-07-13 18:08:01,CC→CW,2025-07-13,,20161,20161
462,53034204,Lomas Coloradas,Los Canelos,20123,L2,V1,2025-07-13 09:38:02,2025-07-13 09:58:27,CC→CW,2025-07-13,,20123,20123
463,53034204,Lomas Coloradas,Los Canelos,20131,L2,V1,2025-07-13 10:41:18,2025-07-13 11:13:22,CC→CW,2025-07-13,,20131,20131
464,53034232,Lomas Coloradas,Coronel,20143,L2,V1,2025-07-13 13:06:39,2025-07-13 13:58:20,CC→CW,2025-07-13,,20143,20143
465,53034436,Cristo Redentor,Laguna Quinenco,20173,L2,V1,2025-07-13 19:33:59,2025-07-13 19:40:59,CC→CW,2025-07-13,,20173,20173
466,53034657,Costa Mar,Coronel,20123,L2,V1,2025-07-13 09:32:01,2025-07-13 10:08:19,CC→CW,2025-07-13,,20123,20123
467,53034710,Diagonal Bio Bio,Los Canelos,20155,L2,V1,2025-07-13 16:44:54,2025-07-13 17:14:18,CC→CW,2025-07-13,,20155,20155
468,53035043,Higueras,Manquimavida,20857,L1,V1,2025-07-13 08:34:58,2025-07-13 09:15:18,TH→HQ,2025-07-13,,20857,20857
469,53035102,Concepcion,UTF Santa Maria,20844,L1,V1,2025-07-13 12:45:40,2025-07-13 13:00:45,HQ→TH,2025-07-13,,20844,
470,53035171,El Parque,Lomas Coloradas,20161,L2,V1,2025-07-13 17:33:19,2025-07-13 17:50:28,CC→CW,2025-07-13,,20161,20161
471,53035187,Alborada,Costa Mar,20161,L2,V1,2025-07-13 17:33:59,2025-07-13 17:46:14,CC→CW,2025-07-13,,20161,20161
472,53035257,Coronel,Huinca,20160,L2,V1,2025-07-13 16:43:47,2025-07-13 17:01:25,CW→CC,2025-07-13,,20160,20160
473,53035285,Cdal. Raul Silva Henriquez,Diagonal Bio Bio,20150,L2,V1,2025-07-13 14:40:51,2025-07-13 15:21:05,CW→CC,2025-07-13,,20150,20150
474,53035335,Coronel,Laguna Quinenco,20130,L2,V1,2025-07-13 09:40:20,2025-07-13 09:55:12,CW→CC,2025-07-13,,20130,20130
475,53035335,Laguna Quinenco,Coronel,20139,L2,V1,2025-07-13 12:39:35,2025-07-13 13:04:40,CC→CW,2025-07-13,,20139,20139
476,53035403,Los Canelos,El Parque,20154,L2,V1,2025-07-13 15:20:32,2025-07-13 16:05:48,CW→CC,2025-07-13,,20154,20154
477,53035405,Cdal. Raul Silva Henriquez,Los Canelos,20151,L2,V1,2025-07-13 15:49:57,2025-07-13 16:03:31,CC→CW,2025-07-13,,20151,20151
478,53035405,Los Canelos,Lomas Coloradas,20180,L2,V1,2025-07-13 19:24:53,2025-07-13 19:42:12,CW→CC,2025-07-13,,20180,
479,53035418,Costa Mar,Laguna Quinenco,20181,L2,V1,2025-07-13 20:07:14,2025-07-13 20:42:14,CC→CW,2025-07-13,,20181,20181
480,53035512,Concepcion,Cdal. Raul Silva Henriquez,,,N/A,2025-07-13 17:58:46,2025-07-13 18:53:54,,2025-07-13,sin_combo_factible_en_hub|sin_s2_por_salida,,
481,53035560,Los Canelos,Concepcion,,,N/A,2025-07-13 08:50:24,2025-07-13 09:32:27,,2025-07-13,sin_combo_factible_en_hub|sin_s1_factible_retro,,
482,53035560,Concepcion,Los Canelos,,,N/A,2025-07-13 12:00:44,2025-07-13 12:54:14,,2025-07-13,sin_combo_factible_en_hub|sin_s2_por_salida,,
483,53035600,Laguna Quinenco,Concepcion,,,N/A,2025-07-13 16:47:50,2025-07-13 17:35:19,,2025-07-13,sin_combo_factible_en_hub|sin_s1_factible_retro,,
484,53035600,Concepcion,Laguna Quinenco,,,N/A,2025-07-13 18:46:09,2025-07-13 19:40:57,,2025-07-13,sin_combo_factible_en_hub|sin_s2_por_salida,,
485,53035912,Concepcion,Los Canelos,,,N/A,2025-07-13 14:42:45,2025-07-13 16:04:02,,2025-07-13,sin_combo_factible_en_hub|sin_s2_por_salida,,
486,53036128,Concepcion,Hualqui,20859,L1,V1,2025-07-13 12:42:34,2025-07-13 13:29:53,TH→HQ,2025-07-13,,20859,20859
487,53036128,Hualqui,Concepcion,20848,L1,V1,2025-07-13 20:20:47,2025-07-13 21:11:08,HQ→TH,2025-07-13,,20848,20848
488,53036299,Cristo Redentor,Diagonal Bio Bio,20154,L2,V1,2025-07-13 15:12:12,2025-07-13 16:14:20,CW→CC,2025-07-13,,20154,20154
489,53036402,Laguna Quinenco,Costa Mar,20180,L2,V1,2025-07-13 19:08:19,2025-07-13 19:48:00,CW→CC,2025-07-13,,20180,
490,53036453,Costa Mar,Los Canelos,20135,L2,V1,2025-07-13 11:30:19,2025-07-13 12:03:29,CC→CW,2025-07-13,,20135,20135
491,53036453,Los Canelos,Costa Mar,20168,L2,V1,2025-07-13 17:44:48,2025-07-13 18:18:55,CW→CC,2025-07-13,,20168,20168
492,53036456,Coronel,Lomas Coloradas,20146,L2,V1,2025-07-13 13:47:40,2025-07-13 14:12:27,CW→CC,2025-07-13,,20146,20146
493,53036456,Lomas Coloradas,Coronel,20181,L2,V1,2025-07-13 20:08:57,2025-07-13 20:44:46,CC→CW,2025-07-13,,20181,20181
494,53036469,UTF Santa Maria,Concepcion,20845,L1,V1,2025-07-13 16:03:37,2025-07-13 18:02:23,TH→HQ,2025-07-13,,20845,20845
495,53036747,Laguna Quinenco,Costa Mar,20130,L2,V1,2025-07-13 09:37:04,2025-07-13 10:18:35,CW→CC,2025-07-13,,20130,
496,53036747,Costa Mar,Laguna Quinenco,20143,L2,V1,2025-07-13 13:16:43,2025-07-13 13:55:49,CC→CW,2025-07-13,,20143,20143
497,53036815,Cristo Redentor,Coronel,20155,L2,V1,2025-07-13 16:57:47,2025-07-13 17:23:56,CC→CW,2025-07-13,,20155,20155
498,53036815,Coronel,Cristo Redentor,20168,L2,V1,2025-07-13 17:28:02,2025-07-13 18:07:50,CW→CC,2025-07-13,,20168,20168
499,53036880,Laguna Quinenco,Concepcion,,,N/A,2025-07-13 18:19:04,2025-07-13 19:16:25,,2025-07-13,sin_combo_factible_en_hub|sin_s1_factible_retro,,
500,53036906,Cristo Redentor,Diagonal Bio Bio,20130,L2,V1,2025-07-13 09:46:50,2025-07-13 10:24:25,CW→CC,2025-07-13,,20130,
501,53037063,Los Canelos,Concepcion,,,N/A,2025-07-13 13:50:02,2025-07-13 14:39:03,,2025-07-13,sin_combo_factible_en_hub|sin_s1_factible_retro,,
502,53037063,Concepcion,Los Canelos,,,N/A,2025-07-13 19:23:34,2025-07-13 20:36:23,,2025-07-13,sin_combo_factible_en_hub|sin_s2_por_salida,,
503,53037066,Los Canelos,Coronel,20135,L2,V1,2025-07-13 11:59:46,2025-07-13 12:13:19,CC→CW,2025-07-13,,20135,20135
504,53037153,Cristo Redentor,Laguna Quinenco,20161,L2,V1,2025-07-13 18:04:33,2025-07-13 18:11:00,CC→CW,2025-07-13,,20161,20161
505,53037196,Los Canelos,Los Canelos,,,N/A,2025-07-13 15:49:18,2025-07-13 19:03:55,,2025-07-13,no viajo,,
506,53037345,Cristo Redentor,El Parque,20172,L2,V1,2025-07-13 18:19:22,2025-07-13 18:45:17,CW→CC,2025-07-13,,20172,20172
507,53037702,Los Canelos,Laguna Quinenco,20161,L2,V1,2025-07-13 17:51:35,2025-07-13 18:10:34,CC→CW,2025-07-13,,20161,20161
508,53037738,Los Canelos,Diagonal Bio Bio,20150,L2,V1,2025-07-13 14:51:57,2025-07-13 15:18:55,CW→CC,2025-07-13,,20150,20150
509,53038257,Los Canelos,Laguna Quinenco,20161,L2,V1,2025-07-13 17:55:52,2025-07-13 18:10:34,CC→CW,2025-07-13,,20161,20161
510,53038287,Cristo Redentor,Coronel,20131,L2,V1,2025-07-13 11:15:58,2025-07-13 11:24:05,CC→CW,2025-07-13,,20131,20131
511,53038924,Hito Galvarino,Cdal. Raul Silva Henriquez,20140,L2,V1,2025-07-13 12:20:51,2025-07-13 12:39:08,CW→CC,2025-07-13,,20140,20140
512,53039139,Concepcion,Cristo Redentor,,,N/A,2025-07-13 18:36:10,2025-07-13 19:38:14,,2025-07-13,sin_combo_factible_en_hub|sin_s2_por_salida,,
513,53039318,Cristo Redentor,Concepcion,,,N/A,2025-07-13 15:10:06,2025-07-13 16:29:13,,2025-07-13,sin_combo_factible_en_hub|sin_s1_factible_retro,,
514,53039376,Cdal. Raul Silva Henriquez,Concepcion,,,N/A,2025-07-13 10:42:10,2025-07-13 11:19:27,,2025-07-13,sin_combo_factible_en_hub|sin_s1_factible_retro,,
515,53039376,Concepcion,Cdal. Raul Silva Henriquez,,,N/A,2025-07-13 16:03:50,2025-07-13 17:03:56,,2025-07-13,sin_combo_factible_en_hub|sin_s2_por_salida,,
516,53039874,El Parque,Diagonal Bio Bio,20168,L2,V1,2025-07-13 17:55:21,2025-07-13 18:23:31,CW→CC,2025-07-13,,20168,20168
517,53040508,Cristo Redentor,Costa Mar,20122,L2,V1,2025-07-13 08:34:58,2025-07-13 09:15:24,CW→CC,2025-07-13,,20122,20122
518,53040508,Costa Mar,Cristo Redentor,20155,L2,V1,2025-07-13 16:19:39,2025-07-13 17:18:08,CC→CW,2025-07-13,,20155,20155
519,53040737,Coronel,Laguna Quinenco,20134,L2,V1,2025-07-13 10:26:30,2025-07-13 10:38:58,CW→CC,2025-07-13,,20134,20134
520,53040980,Los Canelos,El Parque,20134,L2,V1,2025-07-13 10:39:22,2025-07-13 11:00:56,CW→CC,2025-07-13,,20134,
521,53040980,El Parque,Los Canelos,20143,L2,V1,2025-07-13 13:15:49,2025-07-13 13:49:01,CC→CW,2025-07-13,,20143,20143
522,53041923,Concepcion,Cristo Redentor,,,N/A,2025-07-13 13:04:37,2025-07-13 13:53:14,,2025-07-13,sin_combo_factible_en_hub|sin_s2_por_salida,,
523,53042035,Lomas Coloradas,Los Canelos,20181,L2,V1,2025-07-13 20:13:37,2025-07-13 20:36:00,CC→CW,2025-07-13,,20181,20181
524,53042099,Laguna Quinenco,Los Canelos,20172,L2,V1,2025-07-13 18:19:10,2025-07-13 18:32:17,CW→CC,2025-07-13,,20172,20172
525,53042837,Cdal. Raul Silva Henriquez,Cristo Redentor,20155,L2,V1,2025-07-13 17:00:27,2025-07-13 17:17:36,CC→CW,2025-07-13,,20155,20155
526,53042983,Diagonal Bio Bio,Los Canelos,20151,L2,V1,2025-07-13 15:38:09,2025-07-13 16:04:02,CC→CW,2025-07-13,,20151,20151
527,53043022,Diagonal Bio Bio,Cristo Redentor,20139,L2,V1,2025-07-13 12:28:58,2025-07-13 12:58:57,CC→CW,2025-07-13,,20139,20139
528,53043372,Los Condores,Higueras,20850,L1,V1,2025-07-13 10:08:52,2025-07-13 10:16:30,HQ→TH,2025-07-13,,20850,20850
529,53043409,Cdal. Raul Silva Henriquez,Lomas Coloradas,20150,L2,V1,2025-07-13 14:53:48,2025-07-13 15:07:40,CW→CC,2025-07-13,,20150,20150
530,53043409,Lomas Coloradas,Cdal. Raul Silva Henriquez,20155,L2,V1,2025-07-13 16:16:36,2025-07-13 17:04:02,CC→CW,2025-07-13,,20155,20155
531,53043473,Laguna Quinenco,Los Canelos,20168,L2,V1,2025-07-13 17:48:34,2025-07-13 17:59:58,CW→CC,2025-07-13,,20168,20168
532,53043564,Los Canelos,Laguna Quinenco,20123,L2,V1,2025-07-13 10:00:37,2025-07-13 11:20:29,CC→CW,2025-07-13,,20123,20123
533,53043701,Los Canelos,Laguna Quinenco,20155,L2,V1,2025-07-13 16:59:19,2025-07-13 17:20:37,CC→CW,2025-07-13,,20155,20155
534,53043701,Laguna Quinenco,Los Canelos,20180,L2,V1,2025-07-13 18:37:29,2025-07-13 19:30:58,CW→CC,2025-07-13,,20180,20180
535,53044047,Los Canelos,Diagonal Bio Bio,20150,L2,V1,2025-07-13 14:36:32,2025-07-13 15:21:17,CW→CC,2025-07-13,,20150,20150
536,53044047,Diagonal Bio Bio,Los Canelos,20155,L2,V1,2025-07-13 16:01:52,2025-07-13 17:13:23,CC→CW,2025-07-13,,20155,20155
537,53044165,Coronel,Lomas Coloradas,20146,L2,V1,2025-07-13 13:44:36,2025-07-13 14:12:33,CW→CC,2025-07-13,,20146,20146
538,53044293,Hualqui,UTF Santa Maria,20844,L1,V1,2025-07-13 12:17:30,2025-07-13 13:00:50,HQ→TH,2025-07-13,,20844,
539,53044293,UTF Santa Maria,Hualqui,20845,L1,V1,2025-07-13 16:04:26,2025-07-13 17:04:06,TH→HQ,2025-07-13,,20845,20845
540,53044390,Alborada,Diagonal Bio Bio,20150,L2,V1,2025-07-13 15:08:22,2025-07-13 15:18:45,CW→CC,2025-07-13,,20150,20150
541,53044550,Laguna Quinenco,Concepcion,,,N/A,2025-07-13 10:22:48,2025-07-13 11:18:57,,2025-07-13,sin_combo_factible_en_hub|sin_s1_factible_retro,,
542,53044550,Concepcion,Laguna Quinenco,,,N/A,2025-07-13 14:03:50,2025-07-13 15:20:11,,2025-07-13,sin_combo_factible_en_hub|sin_s2_por_salida,,
543,53044886,Hito Galvarino,El Parque,20122,L2,V1,2025-07-13 08:54:22,2025-07-13 09:10:53,CW→CC,2025-07-13,,20122,20122
544,53044886,El Parque,Hito Galvarino,20181,L2,V1,2025-07-13 20:10:43,2025-07-13 20:32:05,CC→CW,2025-07-13,,20181,20181
545,53044891,Coronel,Concepcion,,,N/A,2025-07-13 16:31:35,2025-07-13 17:34:33,,2025-07-13,sin_combo_factible_en_hub|sin_s1_factible_retro,,
546,53045319,Laguna Quinenco,Diagonal Bio Bio,20130,L2,V1,2025-07-13 09:34:58,2025-07-13 10:24:23,CW→CC,2025-07-13,,20130,
547,53045368,UTF Santa Maria,Hualqui,20859,L1,V1,2025-07-13 12:31:35,2025-07-13 13:28:23,TH→HQ,2025-07-13,,20859,20859
548,53045422,Chiguayante,Lzo. Arenas,20844,L1,V1,2025-07-13 12:20:11,2025-07-13 12:56:49,HQ→TH,2025-07-13,,20844,
549,53045463,Los Canelos,Concepcion,,,N/A,2025-07-13 19:13:32,2025-07-13 20:08:37,,2025-07-13,sin_combo_factible_en_hub|sin_s1_factible_retro,,
550,53045466,Concepcion,Cristo Redentor,,,N/A,2025-07-13 15:21:25,2025-07-13 16:07:39,,2025-07-13,sin_combo_factible_en_hub|sin_s2_por_salida,,
551,53045524,Cdal. Raul Silva Henriquez,Diagonal Bio Bio,20140,L2,V1,2025-07-13 12:30:39,2025-07-13 12:53:04,CW→CC,2025-07-13,,20140,20140
552,53045564,Lomas Coloradas,Diagonal Bio Bio,20138,L2,V1,2025-07-13 11:47:21,2025-07-13 12:04:15,CW→CC,2025-07-13,,20138,20138
553,53045564,Diagonal Bio Bio,Lomas Coloradas,20161,L2,V1,2025-07-13 17:30:04,2025-07-13 17:50:44,CC→CW,2025-07-13,,20161,20161
554,53045768,Huinca,Concepcion,,,N/A,2025-07-13 09:49:36,2025-07-13 10:35:57,,2025-07-13,sin_combo_factible_en_hub|sin_s1_factible_retro,,
555,53045768,Concepcion,Huinca,,,N/A,2025-07-13 18:45:07,2025-07-13 19:35:52,,2025-07-13,sin_combo_factible_en_hub|sin_s2_por_salida,,
556,53045771,Concepcion,El Parque,,,N/A,2025-07-13 15:43:52,2025-07-13 17:16:03,,2025-07-13,sin_combo_factible_en_hub|sin_s2_por_salida,,
557,53045772,Los Condores,Lzo. Arenas,20859,L1,V1,2025-07-13 12:34:47,2025-07-13 12:49:43,TH→HQ,2025-07-13,,20859,20859
558,53045776,Laguna Quinenco,Costa Mar,20172,L2,V1,2025-07-13 18:17:14,2025-07-13 18:48:54,CW→CC,2025-07-13,,20172,20172
559,53045823,Cristo Redentor,Laguna Quinenco,20151,L2,V1,2025-07-13 16:04:29,2025-07-13 16:11:38,CC→CW,2025-07-13,,20151,20151
560,53045823,Laguna Quinenco,Cristo Redentor,20180,L2,V1,2025-07-13 18:42:19,2025-07-13 19:26:39,CW→CC,2025-07-13,,20180,20180
561,53045881,Laguna Quinenco,El Parque,20150,L2,V1,2025-07-13 14:43:24,2025-07-13 15:10:11,CW→CC,2025-07-13,,20150,20150
562,53045921,Cristo Redentor,Concepcion,,,N/A,2025-07-13 19:18:15,2025-07-13 20:08:42,,2025-07-13,sin_combo_factible_en_hub|sin_s1_factible_retro,,
563,53046004,Hito Galvarino,Lomas Coloradas,20122,L2,V1,2025-07-13 08:54:29,2025-07-13 09:07:55,CW→CC,2025-07-13,,20122,20122
564,53046431,Cdal. Raul Silva Henriquez,Diagonal Bio Bio,20146,L2,V1,2025-07-13 13:58:13,2025-07-13 14:24:41,CW→CC,2025-07-13,,20146,20146
565,53046669,Costa Mar,Cristo Redentor,20181,L2,V1,2025-07-13 20:10:25,2025-07-13 20:39:21,CC→CW,2025-07-13,,20181,20181
566,53046840,Costa Mar,Lomas Coloradas,20155,L2,V1,2025-07-13 16:46:34,2025-07-13 17:01:22,CC→CW,2025-07-13,,20155,20155
567,53046840,Lomas Coloradas,El Parque,20180,L2,V1,2025-07-13 19:37:24,2025-07-13 19:46:13,CW→CC,2025-07-13,,20180,20180
568,53046851,Cdal. Raul Silva Henriquez,Diagonal Bio Bio,20172,L2,V1,2025-07-13 18:15:03,2025-07-13 18:54:56,CW→CC,2025-07-13,,20172,20168
569,53046887,Concepcion,Lomas Coloradas,,,N/A,2025-07-13 09:43:09,2025-07-13 10:21:48,,2025-07-13,sin_combo_factible_en_hub|sin_s2_por_salida,,
570,53046909,Cdal. Raul Silva Henriquez,Lomas Coloradas,20122,L2,V1,2025-07-13 08:57:40,2025-07-13 09:07:07,CW→CC,2025-07-13,,20122,20122
571,53046959,Cristo Redentor,Lomas Coloradas,20122,L2,V1,2025-07-13 08:46:13,2025-07-13 09:07:37,CW→CC,2025-07-13,,20122,20122
572,53046991,Los Canelos,Laguna Quinenco,20143,L2,V1,2025-07-13 13:40:02,2025-07-13 13:56:04,CC→CW,2025-07-13,,20143,20143
573,53046991,Laguna Quinenco,Los Canelos,20154,L2,V1,2025-07-13 15:25:57,2025-07-13 15:50:27,CW→CC,2025-07-13,,20154,20154
574,53047047,Huinca,Laguna Quinenco,20155,L2,V1,2025-07-13 16:49:29,2025-07-13 17:20:23,CC→CW,2025-07-13,,20155,20155
575,53047047,Laguna Quinenco,Huinca,20172,L2,V1,2025-07-13 18:17:57,2025-07-13 18:29:26,CW→CC,2025-07-13,,20172,20172
576,53047047,Huinca,Cristo Redentor,20181,L2,V1,2025-07-13 20:29:55,2025-07-13 20:39:29,CC→CW,2025-07-13,,20181,20181
577,53047180,Coronel,Diagonal Bio Bio,20168,L2,V1,2025-07-13 17:36:15,2025-07-13 18:25:19,CW→CC,2025-07-13,,20168,20168
578,53047189,Cristo Redentor,Costa Mar,20134,L2,V1,2025-07-13 10:10:48,2025-07-13 11:02:47,CW→CC,2025-07-13,,20134,
579,53047189,Costa Mar,Cristo Redentor,20147,L2,V1,2025-07-13 14:21:59,2025-07-13 15:18:30,CC→CW,2025-07-13,,20147,20147
580,53047390,Laguna Quinenco,Coronel,20173,L2,V1,2025-07-13 19:26:51,2025-07-13 19:44:11,CC→CW,2025-07-13,,20173,20173
581,53047651,Coronel,Cristo Redentor,20154,L2,V1,2025-07-13 15:11:55,2025-07-13 15:47:08,CW→CC,2025-07-13,,20154,20154
582,53047708,Coronel,Diagonal Bio Bio,20146,L2,V1,2025-07-13 13:41:09,2025-07-13 14:23:52,CW→CC,2025-07-13,,20146,20146
583,53047803,Concepcion,Huinca,,,N/A,2025-07-13 16:37:21,2025-07-13 20:37:46,,2025-07-13,sin_combo_factible_en_hub|sin_s2_por_salida,,
584,53047945,Lomas Coloradas,Diagonal Bio Bio,20134,L2,V1,2025-07-13 10:54:12,2025-07-13 11:08:28,CW→CC,2025-07-13,,20134,
585,53047991,El Parque,Laguna Quinenco,20139,L2,V1,2025-07-13 12:33:08,2025-07-13 13:00:56,CC→CW,2025-07-13,,20139,20139
586,53048190,Hito Galvarino,Laguna Quinenco,20123,L2,V1,2025-07-13 09:48:53,2025-07-13 10:06:03,CC→CW,2025-07-13,,20123,20123
587,53048234,Hito Galvarino,Diagonal Bio Bio,20168,L2,V1,2025-07-13 17:52:48,2025-07-13 18:24:34,CW→CC,2025-07-13,,20168,20168
588,53048259,Lomas Coloradas,Los Canelos,20181,L2,V1,2025-07-13 20:10:57,2025-07-13 20:35:25,CC→CW,2025-07-13,,20181,20181
589,53048369,Laguna Quinenco,Diagonal Bio Bio,20140,L2,V1,2025-07-13 12:08:35,2025-07-13 12:53:51,CW→CC,2025-07-13,,20140,20140
590,53048424,Coronel,Concepcion,,,N/A,2025-07-13 08:26:13,2025-07-13 12:18:32,,2025-07-13,sin_combo_factible_en_hub|sin_s1_factible_retro,,
591,53048424,Concepcion,Coronel,,,N/A,2025-07-13 12:26:55,2025-07-13 13:58:29,,2025-07-13,sin_combo_factible_en_hub|sin_s2_por_salida,,
592,53048437,Cdal. Raul Silva Henriquez,Coronel,20151,L2,V1,2025-07-13 15:52:03,2025-07-13 16:13:34,CC→CW,2025-07-13,,20151,20151
593,53048497,Lomas Coloradas,Hito Galvarino,20181,L2,V1,2025-07-13 20:14:18,2025-07-13 20:31:15,CC→CW,2025-07-13,,20181,20181
594,53048591,El Parque,Lomas Coloradas,20173,L2,V1,2025-07-13 19:15:31,2025-07-13 19:21:32,CC→CW,2025-07-13,,20173,20173
595,53048694,Diagonal Bio Bio,Costa Mar,20169,L2,V1,2025-07-13 18:29:11,2025-07-13 18:45:38,CC→CW,2025-07-13,,20169,20169
596,53049278,Coronel,Costa Mar,20180,L2,V1,2025-07-13 19:18:20,2025-07-13 19:48:10,CW→CC,2025-07-13,,20180,20180
597,53049314,Huinca,Alborada,20138,L2,V1,2025-07-13 11:19:34,2025-07-13 12:00:59,CW→CC,2025-07-13,,20138,20138
598,53049314,Alborada,Huinca,20169,L2,V1,2025-07-13 18:00:45,2025-07-13 19:06:07,CC→CW,2025-07-13,,20169,20169
599,53049421,Concepcion,Los Canelos,,,N/A,2025-07-13 09:03:22,2025-07-13 09:58:35,,2025-07-13,sin_combo_factible_en_hub|sin_s2_por_salida,,
600,53049462,Concepcion,Laguna Quinenco,,,N/A,2025-07-13 09:29:07,2025-07-13 11:20:41,,2025-07-13,sin_combo_factible_en_hub|sin_s2_por_salida,,
601,53049548,Coronel,Lomas Coloradas,20122,L2,V1,2025-07-13 08:26:04,2025-07-13 09:07:33,CW→CC,2025-07-13,,20122,20122
602,53049678,Cristo Redentor,Lomas Coloradas,20122,L2,V1,2025-07-13 08:46:41,2025-07-13 09:07:21,CW→CC,2025-07-13,,20122,20122
603,53049678,UTF Santa Maria,Lomas Coloradas,,,N/A,2025-07-13 16:02:48,2025-07-13 16:52:52,,2025-07-13,sin_combo_factible_en_hub|sin_s2_por_salida,,
604,53049678,Lomas Coloradas,Cristo Redentor,20155,L2,V1,2025-07-13 16:53:07,2025-07-13 17:15:14,CC→CW,2025-07-13,,20155,
605,53049813,Los Canelos,Diagonal Bio Bio,20146,L2,V1,2025-07-13 13:50:47,2025-07-13 14:23:49,CW→CC,2025-07-13,,20146,20146
606,53049813,Diagonal Bio Bio,Los Canelos,20181,L2,V1,2025-07-13 19:51:55,2025-07-13 20:35:44,CC→CW,2025-07-13,,20181,20181
607,53049845,Laguna Quinenco,Coronel,20173,L2,V1,2025-07-13 19:26:45,2025-07-13 19:44:05,CC→CW,2025-07-13,,20173,20173
608,53049876,Los Canelos,Laguna Quinenco,20123,L2,V1,2025-07-13 10:00:39,2025-07-13 11:20:29,CC→CW,2025-07-13,,20123,20123
609,53049876,Laguna Quinenco,Los Canelos,20146,L2,V1,2025-07-13 13:25:22,2025-07-13 14:00:40,CW→CC,2025-07-13,,20146,20146
610,53050077,Diagonal Bio Bio,Laguna Quinenco,20161,L2,V1,2025-07-13 17:30:36,2025-07-13 18:10:40,CC→CW,2025-07-13,,20161,20161
611,53050085,Huinca,Hito Galvarino,20168,L2,V1,2025-07-13 17:50:57,2025-07-13 18:03:37,CW→CC,2025-07-13,,20168,20168
612,53050131,Lomas Coloradas,Coronel,20131,L2,V1,2025-07-13 10:58:27,2025-07-13 11:23:39,CC→CW,2025-07-13,,20131,20131
613,53050259,Los Canelos,Concepcion,,,N/A,2025-07-13 15:32:56,2025-07-13 16:29:38,,2025-07-13,sin_combo_factible_en_hub|sin_s1_factible_retro,,
614,53050336,Huinca,Laguna Quinenco,20151,L2,V1,2025-07-13 16:03:15,2025-07-13 16:11:37,CC→CW,2025-07-13,,20151,20151
615,53050491,Concepcion,Mercado,20850,L1,V1,2025-07-13 09:50:07,2025-07-13 10:23:42,HQ→TH,2025-07-13,,20850,20850
616,53050506,Los Condores,Pedro Medina,20845,L1,V1,2025-07-13 15:59:18,2025-07-13 16:44:24,TH→HQ,2025-07-13,,20845,20845
617,53050612,Los Canelos,El Parque,20154,L2,V1,2025-07-13 15:21:19,2025-07-13 16:06:11,CW→CC,2025-07-13,,20154,20154
618,53050612,El Parque,Laguna Quinenco,20169,L2,V1,2025-07-13 18:30:08,2025-07-13 19:10:36,CC→CW,2025-07-13,,20169,20169
619,53050699,Hualqui,Manquimavida,20846,L1,V1,2025-07-13 16:52:40,2025-07-13 17:17:34,HQ→TH,2025-07-13,,20846,20846
620,53050737,Costa Mar,Los Canelos,20151,L2,V1,2025-07-13 15:38:48,2025-07-13 16:04:10,CC→CW,2025-07-13,,20151,20151
621,53050832,Costa Mar,Los Canelos,20181,L2,V1,2025-07-13 20:03:47,2025-07-13 20:35:18,CC→CW,2025-07-13,,20181,20181
622,53050843,Lomas Coloradas,Huinca,20155,L2,V1,2025-07-13 16:49:44,2025-07-13 17:15:24,CC→CW,2025-07-13,,20155,20155
623,53050868,Huinca,Alborada,20172,L2,V1,2025-07-13 18:25:29,2025-07-13 18:50:42,CW→CC,2025-07-13,,20172,20172
624,53050882,Coronel,Diagonal Bio Bio,20134,L2,V1,2025-07-13 10:23:23,2025-07-13 11:08:09,CW→CC,2025-07-13,,20134,
625,53050882,Concepcion,Coronel,,,N/A,2025-07-13 18:25:37,2025-07-13 19:13:40,,2025-07-13,sin_combo_factible_en_hub|sin_s2_por_salida,,
626,53051032,Cdal. Raul Silva Henriquez,Diagonal Bio Bio,20140,L2,V1,2025-07-13 12:37:53,2025-07-13 12:55:00,CW→CC,2025-07-13,,20140,20140
627,53051048,Higueras,Manquimavida,20847,L1,V1,2025-07-13 20:04:35,2025-07-13 20:46:30,TH→HQ,2025-07-13,,20847,20847
628,53051205,Cristo Redentor,Laguna Quinenco,20181,L2,V1,2025-07-13 20:35:30,2025-07-13 20:42:25,CC→CW,2025-07-13,,20181,20181
629,53051209,Diagonal Bio Bio,Lomas Coloradas,20143,L2,V1,2025-07-13 13:07:28,2025-07-13 13:36:10,CC→CW,2025-07-13,,20143,20143
630,53051252,Cristo Redentor,Costa Mar,20138,L2,V1,2025-07-13 11:35:41,2025-07-13 11:58:04,CW→CC,2025-07-13,,20138,20138
631,53051252,Costa Mar,Cristo Redentor,20143,L2,V1,2025-07-13 12:55:56,2025-07-13 13:52:46,CC→CW,2025-07-13,,20143,20143
632,53051340,Chiguayante,Concepcion,20850,L1,V1,2025-07-13 09:34:24,2025-07-13 10:01:26,HQ→TH,2025-07-13,,20850,20850
633,53051402,El Parque,Cristo Redentor,20169,L2,V1,2025-07-13 18:24:27,2025-07-13 19:07:40,CC→CW,2025-07-13,,20169,20169
634,53051418,Diagonal Bio Bio,Cristo Redentor,20139,L2,V1,2025-07-13 12:13:22,2025-07-13 12:58:45,CC→CW,2025-07-13,,20139,20139
635,53051418,Cristo Redentor,Diagonal Bio Bio,20168,L2,V1,2025-07-13 17:41:52,2025-07-13 18:24:14,CW→CC,2025-07-13,,20168,20168
636,53051419,Diagonal Bio Bio,Cristo Redentor,20139,L2,V1,2025-07-13 12:21:13,2025-07-13 12:58:44,CC→CW,2025-07-13,,20139,20139
637,53051419,Cristo Redentor,Diagonal Bio Bio,20168,L2,V1,2025-07-13 17:42:04,2025-07-13 18:24:20,CW→CC,2025-07-13,,20168,20168
638,53051594,Laguna Quinenco,Huinca,20160,L2,V1,2025-07-13 16:48:02,2025-07-13 16:59:24,CW→CC,2025-07-13,,20160,20160
639,53051613,Coronel,Diagonal Bio Bio,20122,L2,V1,2025-07-13 08:26:40,2025-07-13 09:18:45,CW→CC,2025-07-13,,20122,20122
640,53051666,Diagonal Bio Bio,Coronel,20143,L2,V1,2025-07-13 13:20:45,2025-07-13 13:58:07,CC→CW,2025-07-13,,20143,20143
641,53051666,Laguna Quinenco,Concepcion,,,N/A,2025-07-13 19:17:59,2025-07-13 20:07:45,,2025-07-13,sin_combo_factible_en_hub|sin_s1_factible_retro,,
642,53051737,Huinca,Laguna Quinenco,20155,L2,V1,2025-07-13 17:03:42,2025-07-13 17:20:37,CC→CW,2025-07-13,,20155,20155
643,53051737,Laguna Quinenco,Huinca,20180,L2,V1,2025-07-13 19:03:28,2025-07-13 19:29:31,CW→CC,2025-07-13,,20180,20180
644,53051797,Laguna Quinenco,Huinca,20130,L2,V1,2025-07-13 09:46:35,2025-07-13 09:59:04,CW→CC,2025-07-13,,20130,20130
645,53052167,Cristo Redentor,Diagonal Bio Bio,20154,L2,V1,2025-07-13 15:24:06,2025-07-13 16:13:53,CW→CC,2025-07-13,,20154,20154
646,53052229,Coronel,Lomas Coloradas,20138,L2,V1,2025-07-13 11:28:34,2025-07-13 12:40:55,CW→CC,2025-07-13,,20138,20138
647,53052240,Huinca,Coronel,20173,L2,V1,2025-07-13 19:23:04,2025-07-13 19:44:28,CC→CW,2025-07-13,,20173,20173
648,53052292,Alborada,Cristo Redentor,20131,L2,V1,2025-07-13 10:47:52,2025-07-13 11:18:31,CC→CW,2025-07-13,,20131,20131
649,53052339,Laguna Quinenco,Concepcion,,,N/A,2025-07-13 17:48:02,2025-07-13 18:38:29,,2025-07-13,sin_combo_factible_en_hub|sin_s1_factible_retro,,
650,53052364,Los Canelos,Concepcion,,,N/A,2025-07-13 12:18:17,2025-07-13 13:05:20,,2025-07-13,sin_combo_factible_en_hub|sin_s1_factible_retro,,
651,53052367,Huinca,Diagonal Bio Bio,20134,L2,V1,2025-07-13 10:30:39,2025-07-13 11:08:39,CW→CC,2025-07-13,,20134,
652,53052367,Concepcion,Los Canelos,,,N/A,2025-07-13 17:03:42,2025-07-13 18:03:27,,2025-07-13,sin_combo_factible_en_hub|sin_s2_por_salida,,
653,53052376,Concepcion,Laguna Quinenco,,,N/A,2025-07-13 16:38:35,2025-07-13 18:11:03,,2025-07-13,sin_combo_factible_en_hub|sin_s2_por_salida,,
654,53052480,Los Canelos,Concepcion,,,N/A,2025-07-13 12:22:05,2025-07-13 13:04:20,,2025-07-13,sin_combo_factible_en_hub|sin_s1_factible_retro,,
655,53055011,Los Condores,Higueras,20850,L1,V1,2025-07-13 10:08:58,2025-07-13 10:16:32,HQ→TH,2025-07-13,,20850,20850
656,53055046,El Arenal,Los Condores,20845,L1,V1,2025-07-13 16:03:39,2025-07-13 16:13:15,TH→HQ,2025-07-13,,20845,20845
657,53055180,Concepcion,Los Canelos,,,N/A,2025-07-13 16:40:47,2025-07-13 18:03:12,,2025-07-13,sin_combo_factible_en_hub|sin_s2_por_salida,,
658,53055226,Lomas Coloradas,Concepcion,,,N/A,2025-07-13 14:40:44,2025-07-13 15:31:39,,2025-07-13,sin_combo_factible_en_hub|sin_s1_factible_retro,,
659,53055675,Huinca,Diagonal Bio Bio,20150,L2,V1,2025-07-13 14:29:41,2025-07-13 15:20:25,CW→CC,2025-07-13,,20150,20150
660,53055850,Los Canelos,Concepcion,,,N/A,2025-07-13 08:52:37,2025-07-13 09:35:25,,2025-07-13,sin_combo_factible_en_hub|sin_s1_factible_retro,,
661,53055850,Concepcion,Los Canelos,,,N/A,2025-07-13 18:21:12,2025-07-13 19:04:17,,2025-07-13,sin_combo_factible_en_hub|sin_s2_por_salida,,
662,53056059,Cdal. Raul Silva Henriquez,Alborada,20146,L2,V1,2025-07-13 14:05:01,2025-07-13 14:20:45,CW→CC,2025-07-13,,20146,20146
663,53056488,Mercado,Cristo Redentor,,,N/A,2025-07-13 08:24:44,2025-07-13 10:01:21,,2025-07-13,sin_combo_factible_en_hub|sin_s2_por_salida,,
664,53056493,Concepcion,Lomas Coloradas,,,N/A,2025-07-13 17:03:27,2025-07-13 17:43:59,,2025-07-13,sin_combo_factible_en_hub|sin_s2_por_salida,,
665,53056550,Cdal. Raul Silva Henriquez,Huinca,20135,L2,V1,2025-07-13 11:50:31,2025-07-13 12:11:16,CC→CW,2025-07-13,,20135,20135
666,53056564,Laguna Quinenco,Los Canelos,20168,L2,V1,2025-07-13 17:49:21,2025-07-13 18:00:26,CW→CC,2025-07-13,,20168,20168
667,53056581,Coronel,Laguna Quinenco,20154,L2,V1,2025-07-13 15:36:16,2025-07-13 15:43:58,CW→CC,2025-07-13,,20154,20154
668,53056615,Lomas Coloradas,Cristo Redentor,20147,L2,V1,2025-07-13 14:58:19,2025-07-13 15:16:00,CC→CW,2025-07-13,,20147,
669,54230072,Laguna Quinenco,Cristo Redentor,20172,L2,V1,2025-07-13 18:18:03,2025-07-13 18:26:51,CW→CC,2025-07-13,,20172,20172
670,54230420,Concepcion,Laguna Quinenco,,,N/A,2025-07-13 15:11:17,2025-07-13 16:11:02,,2025-07-13,sin_combo_factible_en_hub|sin_s2_por_salida,,
671,54231019,Los Canelos,Lomas Coloradas,20138,L2,V1,2025-07-13 11:38:35,2025-07-13 11:53:16,CW→CC,2025-07-13,,20138,20138
672,54231019,Lomas Coloradas,Los Canelos,20161,L2,V1,2025-07-13 17:44:28,2025-07-13 18:03:21,CC→CW,2025-07-13,,20161,20161
673,54231259,Laguna Quinenco,Cristo Redentor,20180,L2,V1,2025-07-13 19:01:35,2025-07-13 19:27:23,CW→CC,2025-07-13,,20180,20180
674,54231816,Diagonal Bio Bio,Los Canelos,20181,L2,V1,2025-07-13 19:52:28,2025-07-13 20:35:21,CC→CW,2025-07-13,,20181,20181
675,54237726,El Parque,Cristo Redentor,20181,L2,V1,2025-07-13 20:02:27,2025-07-13 20:38:37,CC→CW,2025-07-13,,20181,20181
676,54238119,Coronel,Lomas Coloradas,20140,L2,V1,2025-07-13 12:17:33,2025-07-13 12:43:15,CW→CC,2025-07-13,,20140,20140
677,54238433,Lomas Coloradas,Los Canelos,20143,L2,V1,2025-07-13 13:33:09,2025-07-13 13:48:25,CC→CW,2025-07-13,,20143,20143
678,54240104,Cdal. Raul Silva Henriquez,Los Canelos,20173,L2,V1,2025-07-13 19:18:29,2025-07-13 19:33:30,CC→CW,2025-07-13,,20173,20173
679,54241180,Cdal. Raul Silva Henriquez,Los Canelos,20143,L2,V1,2025-07-13 13:25:19,2025-07-13 13:48:00,CC→CW,2025-07-13,,20143,20143
680,54241602,Cristo Redentor,Diagonal Bio Bio,20130,L2,V1,2025-07-13 09:49:18,2025-07-13 10:24:29,CW→CC,2025-07-13,,20130,
681,54241688,Cristo Redentor,Costa Mar,20134,L2,V1,2025-07-13 10:39:11,2025-07-13 11:02:59,CW→CC,2025-07-13,,20134,
682,54241688,Costa Mar,Cristo Redentor,20139,L2,V1,2025-07-13 12:33:48,2025-07-13 12:56:56,CC→CW,2025-07-13,,20139,
683,54242144,Costa Mar,Huinca,20123,L2,V1,2025-07-13 09:37:23,2025-07-13 10:00:12,CC→CW,2025-07-13,,20123,20123
684,54242934,Concepcion,Los Canelos,,,N/A,2025-07-13 12:36:18,2025-07-13 13:48:15,,2025-07-13,sin_combo_factible_en_hub|sin_s2_por_salida,,
685,54243786,Costa Mar,Lomas Coloradas,20155,L2,V1,2025-07-13 16:39:42,2025-07-13 17:00:50,CC→CW,2025-07-13,,20155,20155
686,54245844,Cristo Redentor,Alborada,20180,L2,V1,2025-07-13 19:19:03,2025-07-13 19:51:41,CW→CC,2025-07-13,,20180,20180
687,54246607,Huinca,Concepcion,,,N/A,2025-07-13 18:25:32,2025-07-13 19:15:24,,2025-07-13,sin_combo_factible_en_hub|sin_s1_factible_retro,,
688,54247604,Los Canelos,Diagonal Bio Bio,20130,L2,V1,2025-07-13 09:56:35,2025-07-13 10:23:44,CW→CC,2025-07-13,,20130,
689,54248623,Cristo Redentor,Costa Mar,20134,L2,V1,2025-07-13 10:36:51,2025-07-13 11:03:02,CW→CC,2025-07-13,,20134,
690,54248623,Costa Mar,Cristo Redentor,20139,L2,V1,2025-07-13 12:33:42,2025-07-13 12:59:11,CC→CW,2025-07-13,,20139,20139
691,54249224,Cdal. Raul Silva Henriquez,Cristo Redentor,20155,L2,V1,2025-07-13 16:53:55,2025-07-13 17:17:49,CC→CW,2025-07-13,,20155,20155
692,54249391,El Parque,Coronel,20135,L2,V1,2025-07-13 11:42:59,2025-07-13 12:13:07,CC→CW,2025-07-13,,20135,20135
693,54249609,Diagonal Bio Bio,Cristo Redentor,20147,L2,V1,2025-07-13 14:47:14,2025-07-13 15:17:50,CC→CW,2025-07-13,,20147,20147
694,54249855,Los Canelos,Cristo Redentor,20139,L2,V1,2025-07-13 12:52:05,2025-07-13 12:56:27,CC→CW,2025-07-13,,20139,
695,54250684,Diagonal Bio Bio,Cdal. Raul Silva Henriquez,20181,L2,V1,2025-07-13 19:56:56,2025-07-13 20:25:33,CC→CW,2025-07-13,,20181,20181
696,54251083,Los Canelos,Diagonal Bio Bio,20154,L2,V1,2025-07-13 15:31:16,2025-07-13 16:13:49,CW→CC,2025-07-13,,20154,20154
697,54253508,Lomas Coloradas,Cristo Redentor,20131,L2,V1,2025-07-13 10:46:24,2025-07-13 11:15:04,CC→CW,2025-07-13,,20131,
698,54254297,Costa Mar,Laguna Quinenco,20143,L2,V1,2025-07-13 13:19:12,2025-07-13 13:56:32,CC→CW,2025-07-13,,20143,20143
699,54254297,Laguna Quinenco,Costa Mar,20150,L2,V1,2025-07-13 14:39:13,2025-07-13 15:13:35,CW→CC,2025-07-13,,20150,20150
700,54258803,Lomas Coloradas,Coronel,20143,L2,V1,2025-07-13 13:06:33,2025-07-13 13:58:15,CC→CW,2025-07-13,,20143,20143
701,54262514,Lomas Coloradas,Hito Galvarino,20135,L2,V1,2025-07-13 11:49:37,2025-07-13 11:59:14,CC→CW,2025-07-13,,20135,20135
702,54269373,Diagonal Bio Bio,Hito Galvarino,20131,L2,V1,2025-07-13 10:46:46,2025-07-13 11:08:31,CC→CW,2025-07-13,,20131,
703,54269468,Cristo Redentor,Diagonal Bio Bio,20146,L2,V1,2025-07-13 13:54:42,2025-07-13 14:27:45,CW→CC,2025-07-13,,20146,20146
704,54270842,Cdal. Raul Silva Henriquez,Diagonal Bio Bio,20140,L2,V1,2025-07-13 12:21:46,2025-07-13 12:53:02,CW→CC,2025-07-13,,20140,20140
705,54279206,Concepcion,Lomas Coloradas,,,N/A,2025-07-13 19:13:49,2025-07-13 20:09:04,,2025-07-13,sin_combo_factible_en_hub|sin_s2_por_salida,,
706,54279206,Lomas Coloradas,Los Canelos,20181,L2,V1,2025-07-13 20:09:14,2025-07-13 20:35:08,CC→CW,2025-07-13,,20181,20181
707,54280924,El Arenal,Coronel,,,N/A,2025-07-13 12:30:14,2025-07-13 13:58:20,,2025-07-13,sin_combo_factible_en_hub|sin_s2_por_salida,,
708,54282299,Los Canelos,Concepcion,,,N/A,2025-07-13 13:46:32,2025-07-13 14:40:34,,2025-07-13,sin_combo_factible_en_hub|sin_s1_factible_retro,,
709,54282299,Concepcion,Los Canelos,,,N/A,2025-07-13 17:01:14,2025-07-13 18:03:59,,2025-07-13,sin_combo_factible_en_hub|sin_s2_por_salida,,
710,54287124,Concepcion,Concepcion,,,N/A,2025-07-13 09:14:55,2025-07-13 09:16:00,,2025-07-13,no viajo,,
711,54287298,Huinca,Concepcion,,,N/A,2025-07-13 15:39:34,2025-07-13 16:29:14,,2025-07-13,sin_combo_factible_en_hub|sin_s1_factible_retro,,
712,54289121,Cdal. Raul Silva Henriquez,Lomas Coloradas,20154,L2,V1,2025-07-13 15:53:14,2025-07-13 16:01:57,CW→CC,2025-07-13,,20154,20154
713,54290939,Los Condores,Pedro Medina,20845,L1,V1,2025-07-13 16:07:07,2025-07-13 16:47:12,TH→HQ,2025-07-13,,20845,20845
714,54291170,Cdal. Raul Silva Henriquez,Concepcion,,,N/A,2025-07-13 11:43:42,2025-07-13 12:14:40,,2025-07-13,sin_combo_factible_en_hub|sin_s1_factible_retro,,
715,54291586,Alborada,Coronel,20181,L2,V1,2025-07-13 20:03:20,2025-07-13 20:45:06,CC→CW,2025-07-13,,20181,20181
716,54291783,Lomas Coloradas,Diagonal Bio Bio,20138,L2,V1,2025-07-13 11:50:40,2025-07-13 12:03:33,CW→CC,2025-07-13,,20138,20138
717,54297371,Concepcion,Cdal. Raul Silva Henriquez,,,N/A,2025-07-13 11:48:33,2025-07-13 12:47:25,,2025-07-13,sin_combo_factible_en_hub|sin_s2_por_salida,,
718,54297371,Cdal. Raul Silva Henriquez,Concepcion,,,N/A,2025-07-13 17:57:01,2025-07-13 18:36:31,,2025-07-13,sin_combo_factible_en_hub|sin_s1_factible_retro,,
719,54300437,Huinca,Lomas Coloradas,20160,L2,V1,2025-07-13 16:57:41,2025-07-13 17:12:38,CW→CC,2025-07-13,,20160,20160
720,54305453,Huinca,Laguna Quinenco,20161,L2,V1,2025-07-13 17:57:57,2025-07-13 18:11:07,CC→CW,2025-07-13,,20161,20161
721,54307634,Los Canelos,Diagonal Bio Bio,20160,L2,V1,2025-07-13 16:18:03,2025-07-13 17:23:32,CW→CC,2025-07-13,,20160,20160
722,54311351,Cdal. Raul Silva Henriquez,Diagonal Bio Bio,20122,L2,V1,2025-07-13 08:59:31,2025-07-13 09:17:56,CW→CC,2025-07-13,,20122,20122
723,54311351,Diagonal Bio Bio,Cdal. Raul Silva Henriquez,20161,L2,V1,2025-07-13 17:34:33,2025-07-13 17:53:49,CC→CW,2025-07-13,,20161,20161
724,54314348,Los Canelos,Lomas Coloradas,20154,L2,V1,2025-07-13 15:44:57,2025-07-13 16:02:57,CW→CC,2025-07-13,,20154,20154
725,54315441,Cristo Redentor,Concepcion,,,N/A,2025-07-13 12:25:15,2025-07-13 13:06:39,,2025-07-13,sin_combo_factible_en_hub|sin_s1_factible_retro,,
726,54316302,Diagonal Bio Bio,Cristo Redentor,20161,L2,V1,2025-07-13 17:35:47,2025-07-13 18:07:51,CC→CW,2025-07-13,,20161,20161
727,54316302,Cristo Redentor,Diagonal Bio Bio,20172,L2,V1,2025-07-13 18:15:50,2025-07-13 18:53:45,CW→CC,2025-07-13,,20172,20172
728,54319672,La Leonera,Mercado,20846,L1,V1,2025-07-13 16:53:33,2025-07-13 17:57:56,HQ→TH,2025-07-13,,20846,20846
729,54321752,Coronel,Lomas Coloradas,20150,L2,V1,2025-07-13 14:31:01,2025-07-13 15:07:30,CW→CC,2025-07-13,,20150,20150
730,54321752,Lomas Coloradas,Coronel,20173,L2,V1,2025-07-13 18:54:53,2025-07-13 19:44:19,CC→CW,2025-07-13,,20173,20169
731,54323286,Cristo Redentor,Concepcion,,,N/A,2025-07-13 08:38:54,2025-07-13 09:30:14,,2025-07-13,sin_combo_factible_en_hub|sin_s1_factible_retro,,
732,54323666,Los Canelos,Diagonal Bio Bio,20172,L2,V1,2025-07-13 18:25:18,2025-07-13 18:54:35,CW→CC,2025-07-13,,20172,20172
733,54326039,Cdal. Raul Silva Henriquez,El Parque,20130,L2,V1,2025-07-13 09:50:34,2025-07-13 10:15:22,CW→CC,2025-07-13,,20130,
734,54326039,Lomas Coloradas,Cdal. Raul Silva Henriquez,20135,L2,V1,2025-07-13 11:35:11,2025-07-13 11:53:32,CC→CW,2025-07-13,,20135,20135
735,54331853,Coronel,Costa Mar,20168,L2,V1,2025-07-13 16:56:12,2025-07-13 18:48:50,CW→CC,2025-07-13,,20168,20160
736,54332498,La Leonera,Mercado,20846,L1,V1,2025-07-13 16:53:17,2025-07-13 17:58:38,HQ→TH,2025-07-13,,20846,20846
737,54332987,Hualqui,UTF Santa Maria,20844,L1,V1,2025-07-13 12:14:45,2025-07-13 13:00:49,HQ→TH,2025-07-13,,20844,
738,54332987,UTF Santa Maria,Hualqui,20845,L1,V1,2025-07-13 16:08:00,2025-07-13 17:03:11,TH→HQ,2025-07-13,,20845,20845
739,54333180,Lomas Coloradas,Los Canelos,20161,L2,V1,2025-07-13 17:42:27,2025-07-13 18:03:11,CC→CW,2025-07-13,,20161,20161
740,54337967,Coronel,Huinca,20160,L2,V1,2025-07-13 16:44:27,2025-07-13 16:58:41,CW→CC,2025-07-13,,20160,20160
741,54340079,Coronel,Lomas Coloradas,20150,L2,V1,2025-07-13 14:30:02,2025-07-13 15:07:33,CW→CC,2025-07-13,,20150,20150
742,54345453,El Parque,Coronel,20155,L2,V1,2025-07-13 16:42:39,2025-07-13 17:23:33,CC→CW,2025-07-13,,20155,20155
743,54347037,Cdal. Raul Silva Henriquez,Diagonal Bio Bio,20140,L2,V1,2025-07-13 12:36:25,2025-07-13 12:54:08,CW→CC,2025-07-13,,20140,20140
744,54400749,Laguna Quinenco,Diagonal Bio Bio,20140,L2,V1,2025-07-13 12:08:22,2025-07-13 12:53:37,CW→CC,2025-07-13,,20140,20140
745,54400749,Diagonal Bio Bio,Laguna Quinenco,20173,L2,V1,2025-07-13 18:56:31,2025-07-13 19:40:29,CC→CW,2025-07-13,,20173,20173
746,54400856,Lomas Coloradas,Diagonal Bio Bio,20172,L2,V1,2025-07-13 18:25:20,2025-07-13 18:54:10,CW→CC,2025-07-13,,20172,20172
747,54401013,Lomas Coloradas,Huinca,20131,L2,V1,2025-07-13 10:53:53,2025-07-13 11:16:31,CC→CW,2025-07-13,,20131,20131
748,54401810,Concepcion,Hito Galvarino,,,N/A,2025-07-13 13:45:09,2025-07-13 15:10:47,,2025-07-13,sin_combo_factible_en_hub|sin_s2_por_salida,,
749,54406717,Cristo Redentor,Los Canelos,20146,L2,V1,2025-07-13 13:51:48,2025-07-13 14:00:36,CW→CC,2025-07-13,,20146,20146
750,54407758,Laguna Quinenco,Cristo Redentor,20168,L2,V1,2025-07-13 17:52:14,2025-07-13 17:56:44,CW→CC,2025-07-13,,20168,20168
751,54409256,Cdal. Raul Silva Henriquez,Diagonal Bio Bio,20140,L2,V1,2025-07-13 12:33:58,2025-07-13 12:53:26,CW→CC,2025-07-13,,20140,20140
752,54411563,Laguna Quinenco,Concepcion,,,N/A,2025-07-13 08:44:38,2025-07-13 09:29:50,,2025-07-13,sin_combo_factible_en_hub|sin_s1_factible_retro,,
753,54420804,Huinca,Laguna Quinenco,20147,L2,V1,2025-07-13 15:14:18,2025-07-13 15:21:25,CC→CW,2025-07-13,,20147,20147
754,54422440,Hualqui,Mercado,20850,L1,V1,2025-07-13 09:20:12,2025-07-13 10:23:56,HQ→TH,2025-07-13,,20850,20850
755,54423095,Lomas Coloradas,Concepcion,,,N/A,2025-07-13 10:10:33,2025-07-13 10:35:25,,2025-07-13,sin_combo_factible_en_hub|sin_s1_factible_retro,,
756,54423095,Concepcion,Lomas Coloradas,,,N/A,2025-07-13 10:54:50,2025-07-13 13:28:55,,2025-07-13,sin_combo_factible_en_hub|sin_s2_por_salida,,
757,54423124,Concepcion,Cdal. Raul Silva Henriquez,,,N/A,2025-07-13 15:20:20,2025-07-13 15:53:56,,2025-07-13,sin_combo_factible_en_hub|sin_s2_por_salida,,
758,54424376,Costa Mar,Coronel,20139,L2,V1,2025-07-13 12:32:59,2025-07-13 13:04:30,CC→CW,2025-07-13,,20139,20139
759,54424376,Coronel,Costa Mar,20180,L2,V1,2025-07-13 19:14:55,2025-07-13 19:47:37,CW→CC,2025-07-13,,20180,
760,54424657,Hito Galvarino,Diagonal Bio Bio,20180,L2,V1,2025-07-13 19:22:59,2025-07-13 19:54:23,CW→CC,2025-07-13,,20180,20180
761,54424925,Diagonal Bio Bio,Laguna Quinenco,20147,L2,V1,2025-07-13 14:37:06,2025-07-13 15:21:20,CC→CW,2025-07-13,,20147,20147
762,54425699,Concepcion,Pedro Medina,20857,L1,V1,2025-07-13 08:42:17,2025-07-13 09:12:15,TH→HQ,2025-07-13,,20857,20857
763,54426559,Lomas Coloradas,Concepcion,,,N/A,2025-07-13 17:47:00,2025-07-13 18:32:50,,2025-07-13,sin_combo_factible_en_hub|sin_s1_factible_retro,,
764,54427121,Costa Mar,Cristo Redentor,20181,L2,V1,2025-07-13 20:02:39,2025-07-13 20:37:44,CC→CW,2025-07-13,,20181,20181
765,54427239,Los Canelos,El Parque,20140,L2,V1,2025-07-13 12:11:34,2025-07-13 12:45:53,CW→CC,2025-07-13,,20140,20140
766,54427239,El Parque,Los Canelos,20151,L2,V1,2025-07-13 15:47:11,2025-07-13 16:04:48,CC→CW,2025-07-13,,20151,20151
767,54428251,Concepcion,Coronel,,,N/A,2025-07-13 19:08:45,2025-07-13 20:48:10,,2025-07-13,sin_combo_factible_en_hub|sin_s2_por_salida,,
768,54430674,Los Canelos,Cristo Redentor,20123,L2,V1,2025-07-13 09:32:29,2025-07-13 10:02:57,CC→CW,2025-07-13,,20123,20123
769,54431080,Laguna Quinenco,Diagonal Bio Bio,20130,L2,V1,2025-07-13 09:39:52,2025-07-13 10:24:09,CW→CC,2025-07-13,,20130,
770,54431851,Huinca,El Parque,20122,L2,V1,2025-07-13 08:44:37,2025-07-13 09:10:58,CW→CC,2025-07-13,,20122,20122
771,54431851,El Parque,Los Canelos,20161,L2,V1,2025-07-13 17:46:51,2025-07-13 18:03:11,CC→CW,2025-07-13,,20161,20161
772,54431921,Concepcion,Concepcion,,,N/A,2025-07-13 08:53:52,2025-07-13 08:55:19,,2025-07-13,no viajo,,
773,54432727,Coronel,Laguna Quinenco,20180,L2,V1,2025-07-13 19:10:03,2025-07-13 19:24:01,CW→CC,2025-07-13,,20180,20180
774,54433514,Cristo Redentor,Costa Mar,20150,L2,V1,2025-07-13 14:40:24,2025-07-13 15:13:03,CW→CC,2025-07-13,,20150,20150
775,54433514,Costa Mar,Cristo Redentor,20169,L2,V1,2025-07-13 18:38:02,2025-07-13 19:07:33,CC→CW,2025-07-13,,20169,20169
776,54434447,Concepcion,Cristo Redentor,,,N/A,2025-07-13 18:33:52,2025-07-13 19:36:20,,2025-07-13,sin_combo_factible_en_hub|sin_s2_por_salida,,
777,54434625,Diagonal Bio Bio,Laguna Quinenco,20143,L2,V1,2025-07-13 13:19:42,2025-07-13 13:55:36,CC→CW,2025-07-13,,20143,20143
778,54434628,Coronel,Costa Mar,20180,L2,V1,2025-07-13 18:37:04,2025-07-13 19:47:31,CW→CC,2025-07-13,,20180,
779,54435210,Diagonal Bio Bio,Coronel,20139,L2,V1,2025-07-13 12:22:12,2025-07-13 13:04:29,CC→CW,2025-07-13,,20139,20139
780,54435230,Diagonal Bio Bio,Los Canelos,20169,L2,V1,2025-07-13 18:42:57,2025-07-13 19:34:06,CC→CW,2025-07-13,,20169,20169
781,54437839,Concepcion,Los Canelos,,,N/A,2025-07-13 12:16:14,2025-07-13 13:50:10,,2025-07-13,sin_combo_factible_en_hub|sin_s2_por_salida,,
782,54438172,Lomas Coloradas,Costa Mar,20138,L2,V1,2025-07-13 11:49:07,2025-07-13 11:58:07,CW→CC,2025-07-13,,20138,20138
783,54439326,El Parque,Cristo Redentor,20147,L2,V1,2025-07-13 14:37:15,2025-07-13 15:18:51,CC→CW,2025-07-13,,20147,20147
784,54439985,Lomas Coloradas,Concepcion,,,N/A,2025-07-13 18:01:49,2025-07-13 18:31:38,,2025-07-13,sin_combo_factible_en_hub|sin_s1_factible_retro,,
785,54439994,Cristo Redentor,Lomas Coloradas,20180,L2,V1,2025-07-13 19:18:14,2025-07-13 19:42:48,CW→CC,2025-07-13,,20180,20180
786,54442002,Laguna Quinenco,Concepcion,,,N/A,2025-07-13 17:52:18,2025-07-13 18:37:18,,2025-07-13,sin_combo_factible_en_hub|sin_s1_factible_retro,,
787,54442234,Cristo Redentor,Concepcion,,,N/A,2025-07-13 16:06:52,2025-07-13 18:30:25,,2025-07-13,sin_combo_factible_en_hub|sin_s1_factible_retro,,
788,54442641,Lomas Coloradas,Costa Mar,20172,L2,V1,2025-07-13 18:35:48,2025-07-13 18:48:04,CW→CC,2025-07-13,,20172,20172
789,54444671,Concepcion,Laguna Quinenco,,,N/A,2025-07-13 16:09:53,2025-07-13 17:19:49,,2025-07-13,sin_combo_factible_en_hub|sin_s2_por_salida,,
790,54444877,Concepcion,Laguna Quinenco,,,N/A,2025-07-13 19:46:56,2025-07-13 20:42:23,,2025-07-13,sin_combo_factible_en_hub|sin_s2_por_salida,,
791,54446296,Hito Galvarino,Costa Mar,20160,L2,V1,2025-07-13 17:00:08,2025-07-13 17:17:57,CW→CC,2025-07-13,,20160,20160
792,54446311,Cristo Redentor,Laguna Quinenco,20131,L2,V1,2025-07-13 11:16:22,2025-07-13 11:21:05,CC→CW,2025-07-13,,20131,20131
793,54446884,Cdal. Raul Silva Henriquez,Alborada,20134,L2,V1,2025-07-13 10:30:26,2025-07-13 11:05:41,CW→CC,2025-07-13,,20134,
794,54446884,Alborada,Cdal. Raul Silva Henriquez,20147,L2,V1,2025-07-13 14:48:56,2025-07-13 15:04:21,CC→CW,2025-07-13,,20147,20147
795,54448773,Laguna Quinenco,Concepcion,,,N/A,2025-07-13 13:47:36,2025-07-13 14:38:16,,2025-07-13,sin_combo_factible_en_hub|sin_s1_factible_retro,,
796,54448773,Concepcion,Cristo Redentor,,,N/A,2025-07-13 18:34:23,2025-07-13 19:38:01,,2025-07-13,sin_combo_factible_en_hub|sin_s2_por_salida,,
797,54449227,Laguna Quinenco,Alborada,20180,L2,V1,2025-07-13 19:17:09,2025-07-13 19:49:47,CW→CC,2025-07-13,,20180,
798,54450558,Lomas Coloradas,Los Canelos,20161,L2,V1,2025-07-13 17:22:01,2025-07-13 18:03:51,CC→CW,2025-07-13,,20161,20161
799,54450749,Lomas Coloradas,Huinca,20161,L2,V1,2025-07-13 17:47:27,2025-07-13 18:05:50,CC→CW,2025-07-13,,20161,20161
800,54451194,Los Canelos,Diagonal Bio Bio,20154,L2,V1,2025-07-13 15:47:38,2025-07-13 16:14:32,CW→CC,2025-07-13,,20154,20154
801,54451413,Cristo Redentor,Laguna Quinenco,20147,L2,V1,2025-07-13 15:11:30,2025-07-13 15:20:09,CC→CW,2025-07-13,,20147,20147
802,54451413,Coronel,Cristo Redentor,20168,L2,V1,2025-07-13 17:44:30,2025-07-13 17:56:05,CW→CC,2025-07-13,,20168,20168
803,54451425,Coronel,Diagonal Bio Bio,20168,L2,V1,2025-07-13 17:35:45,2025-07-13 18:24:05,CW→CC,2025-07-13,,20168,20168
804,54451537,Coronel,Lomas Coloradas,20168,L2,V1,2025-07-13 17:33:12,2025-07-13 18:12:43,CW→CC,2025-07-13,,20168,20168
805,54452138,Lomas Coloradas,Concepcion,,,N/A,2025-07-13 17:46:55,2025-07-13 18:32:32,,2025-07-13,sin_combo_factible_en_hub|sin_s1_factible_retro,,
806,54452368,Lomas Coloradas,Costa Mar,20140,L2,V1,2025-07-13 12:35:35,2025-07-13 12:48:30,CW→CC,2025-07-13,,20140,20140
807,54454717,Cristo Redentor,Lomas Coloradas,20180,L2,V1,2025-07-13 19:19:28,2025-07-13 19:43:39,CW→CC,2025-07-13,,20180,20180
808,54455050,Laguna Quinenco,Cristo Redentor,20140,L2,V1,2025-07-13 12:19:41,2025-07-13 12:26:50,CW→CC,2025-07-13,,20140,20140
809,54455772,Cdal. Raul Silva Henriquez,Diagonal Bio Bio,20168,L2,V1,2025-07-13 18:04:08,2025-07-13 18:24:51,CW→CC,2025-07-13,,20168,20168
810,54456062,Los Condores,Pedro Medina,20847,L1,V1,2025-07-13 19:54:37,2025-07-13 20:43:15,TH→HQ,2025-07-13,,20847,20847
811,54457371,Los Canelos,Costa Mar,20150,L2,V1,2025-07-13 14:44:27,2025-07-13 15:13:29,CW→CC,2025-07-13,,20150,20150
812,54457371,Costa Mar,Los Canelos,20181,L2,V1,2025-07-13 19:37:53,2025-07-13 20:35:31,CC→CW,2025-07-13,,20181,20181
813,54458981,Coronel,Concepcion,,,N/A,2025-07-13 16:16:33,2025-07-13 17:35:37,,2025-07-13,sin_combo_factible_en_hub|sin_s1_factible_retro,,
814,54459541,Lomas Coloradas,Los Canelos,20181,L2,V1,2025-07-13 19:55:27,2025-07-13 20:36:07,CC→CW,2025-07-13,,20181,20181
815,54460101,Los Canelos,Costa Mar,20160,L2,V1,2025-07-13 16:48:19,2025-07-13 17:17:52,CW→CC,2025-07-13,,20160,20160
816,54460876,Concepcion,Cdal. Raul Silva Henriquez,,,N/A,2025-07-13 17:58:52,2025-07-13 19:00:08,,2025-07-13,sin_combo_factible_en_hub|sin_s2_por_salida,,
817,54461472,El Arenal,Concepcion,20857,L1,V1,2025-07-13 08:25:42,2025-07-13 08:56:31,TH→HQ,2025-07-13,,20857,20857
818,54461472,Concepcion,El Arenal,20848,L1,V1,2025-07-13 20:51:05,2025-07-13 21:30:41,HQ→TH,2025-07-13,,20848,20848
819,54466903,El Parque,Laguna Quinenco,20147,L2,V1,2025-07-13 14:20:29,2025-07-13 15:20:37,CC→CW,2025-07-13,,20147,20147
820,54467526,Cdal. Raul Silva Henriquez,Diagonal Bio Bio,20122,L2,V1,2025-07-13 08:55:42,2025-07-13 09:19:59,CW→CC,2025-07-13,,20122,20122
821,54467818,Concepcion,Coronel,,,N/A,2025-07-13 16:52:07,2025-07-13 18:13:37,,2025-07-13,sin_combo_factible_en_hub|sin_s2_por_salida,,
822,54467818,Coronel,Concepcion,,,N/A,2025-07-13 19:03:25,2025-07-13 20:08:29,,2025-07-13,sin_combo_factible_en_hub|sin_s1_factible_retro,,
823,54468107,Los Canelos,Diagonal Bio Bio,20150,L2,V1,2025-07-13 14:42:53,2025-07-13 15:19:25,CW→CC,2025-07-13,,20150,20150
824,54468107,Diagonal Bio Bio,Los Canelos,20161,L2,V1,2025-07-13 17:25:37,2025-07-13 18:04:03,CC→CW,2025-07-13,,20161,20161
825,54468510,Hito Galvarino,Diagonal Bio Bio,20180,L2,V1,2025-07-13 19:12:59,2025-07-13 19:54:22,CW→CC,2025-07-13,,20180,20180
826,54469205,Laguna Quinenco,Lomas Coloradas,20122,L2,V1,2025-07-13 08:39:45,2025-07-13 09:07:26,CW→CC,2025-07-13,,20122,20122
827,54469388,Diagonal Bio Bio,Lomas Coloradas,20169,L2,V1,2025-07-13 18:36:10,2025-07-13 18:50:52,CC→CW,2025-07-13,,20169,20169
828,54469910,Cristo Redentor,Cdal. Raul Silva Henriquez,20172,L2,V1,2025-07-13 18:16:52,2025-07-13 18:41:08,CW→CC,2025-07-13,,20172,20172
829,54471500,Chiguayante,Los Condores,20846,L1,V1,2025-07-13 17:17:17,2025-07-13 17:47:03,HQ→TH,2025-07-13,,20846,20846
830,54472123,El Parque,Laguna Quinenco,20139,L2,V1,2025-07-13 12:32:28,2025-07-13 13:01:44,CC→CW,2025-07-13,,20139,20139
831,54472252,Huinca,Diagonal Bio Bio,20138,L2,V1,2025-07-13 11:25:41,2025-07-13 12:03:41,CW→CC,2025-07-13,,20138,20138
832,54472252,Diagonal Bio Bio,Huinca,20155,L2,V1,2025-07-13 16:23:43,2025-07-13 17:14:57,CC→CW,2025-07-13,,20155,20155
833,54474724,Laguna Quinenco,Diagonal Bio Bio,20160,L2,V1,2025-07-13 16:51:37,2025-07-13 17:24:39,CW→CC,2025-07-13,,20160,20160
834,54474830,Concepcion,Cristo Redentor,,,N/A,2025-07-13 18:24:40,2025-07-13 19:07:25,,2025-07-13,sin_combo_factible_en_hub|sin_s2_por_salida,,
835,54477616,Costa Mar,Coronel,20135,L2,V1,2025-07-13 11:42:38,2025-07-13 12:13:10,CC→CW,2025-07-13,,20135,20135
836,54477616,Coronel,Costa Mar,20150,L2,V1,2025-07-13 14:32:42,2025-07-13 15:13:17,CW→CC,2025-07-13,,20150,20150
837,54477814,Cristo Redentor,Cdal. Raul Silva Henriquez,20140,L2,V1,2025-07-13 12:15:57,2025-07-13 12:39:59,CW→CC,2025-07-13,,20140,20140
838,54477814,Cdal. Raul Silva Henriquez,Cristo Redentor,20155,L2,V1,2025-07-13 16:57:33,2025-07-13 17:17:35,CC→CW,2025-07-13,,20155,20155
839,54478057,Hito Galvarino,Concepcion,,,N/A,2025-07-13 18:12:49,2025-07-13 19:15:15,,2025-07-13,sin_combo_factible_en_hub|sin_s1_factible_retro,,
840,54478486,Cristo Redentor,Laguna Quinenco,20151,L2,V1,2025-07-13 16:07:00,2025-07-13 16:12:07,CC→CW,2025-07-13,,20151,20151
841,54479441,Cdal. Raul Silva Henriquez,Laguna Quinenco,20123,L2,V1,2025-07-13 09:43:09,2025-07-13 10:05:40,CC→CW,2025-07-13,,20123,20123
842,54483105,Laguna Quinenco,Concepcion,,,N/A,2025-07-13 10:30:52,2025-07-13 11:19:42,,2025-07-13,sin_combo_factible_en_hub|sin_s1_factible_retro,,
843,54483105,Concepcion,Laguna Quinenco,,,N/A,2025-07-13 18:04:01,2025-07-13 19:11:55,,2025-07-13,sin_combo_factible_en_hub|sin_s2_por_salida,,
844,54483799,Concepcion,Huinca,,,N/A,2025-07-13 18:50:27,2025-07-13 19:36:01,,2025-07-13,sin_combo_factible_en_hub|sin_s2_por_salida,,
845,54484572,El Parque,Diagonal Bio Bio,20146,L2,V1,2025-07-13 14:09:05,2025-07-13 14:26:24,CW→CC,2025-07-13,,20146,20146
846,54484588,Concepcion,Huinca,,,N/A,2025-07-13 11:54:11,2025-07-13 12:56:40,,2025-07-13,sin_combo_factible_en_hub|sin_s2_por_salida,,
847,54485779,Cristo Redentor,Huinca,20130,L2,V1,2025-07-13 09:43:42,2025-07-13 09:58:35,CW→CC,2025-07-13,,20130,20130
848,54485816,Diagonal Bio Bio,Cristo Redentor,20143,L2,V1,2025-07-13 12:46:37,2025-07-13 13:53:35,CC→CW,2025-07-13,,20143,20143
849,54485842,Los Canelos,Concepcion,,,N/A,2025-07-13 17:57:15,2025-07-13 18:37:15,,2025-07-13,sin_combo_factible_en_hub|sin_s1_factible_retro,,
850,54486457,Huinca,Diagonal Bio Bio,20172,L2,V1,2025-07-13 18:22:41,2025-07-13 18:53:18,CW→CC,2025-07-13,,20172,20172
851,54486722,Cdal. Raul Silva Henriquez,Laguna Quinenco,20123,L2,V1,2025-07-13 09:39:07,2025-07-13 10:05:44,CC→CW,2025-07-13,,20123,20123
852,54486722,Laguna Quinenco,Cdal. Raul Silva Henriquez,20180,L2,V1,2025-07-13 19:04:01,2025-07-13 19:40:17,CW→CC,2025-07-13,,20180,20180
853,54486843,El Parque,Concepcion,,,N/A,2025-07-13 19:04:15,2025-07-13 19:43:11,,2025-07-13,sin_combo_factible_en_hub|sin_s1_factible_retro,,
854,54487913,Los Canelos,Costa Mar,20154,L2,V1,2025-07-13 15:41:23,2025-07-13 16:07:41,CW→CC,2025-07-13,,20154,20154
855,54487913,Costa Mar,Los Canelos,20155,L2,V1,2025-07-13 16:50:22,2025-07-13 17:12:59,CC→CW,2025-07-13,,20155,20155
856,54488746,Costa Mar,Lomas Coloradas,20135,L2,V1,2025-07-13 11:41:52,2025-07-13 11:50:54,CC→CW,2025-07-13,,20135,20135
857,54490090,Costa Mar,Huinca,20181,L2,V1,2025-07-13 20:13:31,2025-07-13 20:37:53,CC→CW,2025-07-13,,20181,20181
858,54490966,Laguna Quinenco,Diagonal Bio Bio,20130,L2,V1,2025-07-13 09:48:42,2025-07-13 10:23:33,CW→CC,2025-07-13,,20130,
859,54490966,Diagonal Bio Bio,Laguna Quinenco,20151,L2,V1,2025-07-13 15:28:10,2025-07-13 16:10:30,CC→CW,2025-07-13,,20151,20151
860,54494424,Coronel,Laguna Quinenco,20130,L2,V1,2025-07-13 09:40:25,2025-07-13 09:55:04,CW→CC,2025-07-13,,20130,20130
861,54494424,Laguna Quinenco,Coronel,20139,L2,V1,2025-07-13 12:39:30,2025-07-13 13:04:45,CC→CW,2025-07-13,,20139,20139
862,54494619,Cdal. Raul Silva Henriquez,Huinca,20135,L2,V1,2025-07-13 11:51:10,2025-07-13 12:06:10,CC→CW,2025-07-13,,20135,20135
863,54494619,Los Canelos,Cdal. Raul Silva Henriquez,20160,L2,V1,2025-07-13 17:00:01,2025-07-13 17:10:01,CW→CC,2025-07-13,,20160,20160
864,54494851,Cristo Redentor,Diagonal Bio Bio,20172,L2,V1,2025-07-13 18:16:18,2025-07-13 18:53:46,CW→CC,2025-07-13,,20172,20172
865,54496095,Los Canelos,Diagonal Bio Bio,20154,L2,V1,2025-07-13 15:48:50,2025-07-13 16:14:18,CW→CC,2025-07-13,,20154,20154
866,54496402,Costa Mar,Laguna Quinenco,20131,L2,V1,2025-07-13 10:46:39,2025-07-13 11:20:13,CC→CW,2025-07-13,,20131,20131
867,54496402,Laguna Quinenco,Costa Mar,20140,L2,V1,2025-07-13 12:13:26,2025-07-13 12:48:12,CW→CC,2025-07-13,,20140,20140
868,54496670,Laguna Quinenco,Los Canelos,20172,L2,V1,2025-07-13 18:19:53,2025-07-13 18:31:34,CW→CC,2025-07-13,,20172,20172
869,54497458,Hito Galvarino,Costa Mar,20150,L2,V1,2025-07-13 14:44:37,2025-07-13 15:12:53,CW→CC,2025-07-13,,20150,20150
870,54498146,Concepcion,Concepcion,,,N/A,2025-07-13 18:11:56,2025-07-13 18:13:43,,2025-07-13,no viajo,,
871,54498409,Laguna Quinenco,Lomas Coloradas,20154,L2,V1,2025-07-13 15:32:30,2025-07-13 16:03:05,CW→CC,2025-07-13,,20154,20154
872,54498409,Lomas Coloradas,Laguna Quinenco,20173,L2,V1,2025-07-13 18:59:37,2025-07-13 19:41:38,CC→CW,2025-07-13,,20173,20173
873,54498524,Chiguayante,Concepcion,20850,L1,V1,2025-07-13 09:34:16,2025-07-13 10:01:10,HQ→TH,2025-07-13,,20850,20850
874,54498640,Diagonal Bio Bio,Costa Mar,20139,L2,V1,2025-07-13 11:58:05,2025-07-13 12:35:18,CC→CW,2025-07-13,,20139,20139
875,54499899,Diagonal Bio Bio,Los Canelos,20173,L2,V1,2025-07-13 19:02:06,2025-07-13 19:34:36,CC→CW,2025-07-13,,20173,20173
876,54500573,Costa Mar,Cristo Redentor,20155,L2,V1,2025-07-13 16:09:42,2025-07-13 17:17:58,CC→CW,2025-07-13,,20155,20155
877,54501020,Cristo Redentor,Concepcion,,,N/A,2025-07-13 18:17:20,2025-07-13 19:15:39,,2025-07-13,sin_combo_factible_en_hub|sin_s1_factible_retro,,
878,54501139,Cdal. Raul Silva Henriquez,Costa Mar,20168,L2,V1,2025-07-13 18:05:19,2025-07-13 18:17:57,CW→CC,2025-07-13,,20168,20168
879,54501194,Huinca,Concepcion,,,N/A,2025-07-13 11:29:12,2025-07-13 12:17:43,,2025-07-13,sin_combo_factible_en_hub|sin_s1_factible_retro,,
880,54501194,Concepcion,Huinca,,,N/A,2025-07-13 17:32:34,2025-07-13 19:06:01,,2025-07-13,sin_combo_factible_en_hub|sin_s2_por_salida,,
881,54501254,Laguna Quinenco,Concepcion,,,N/A,2025-07-13 12:13:12,2025-07-13 13:04:33,,2025-07-13,sin_combo_factible_en_hub|sin_s1_factible_retro,,
882,54501254,Concepcion,Laguna Quinenco,,,N/A,2025-07-13 16:12:33,2025-07-13 17:20:15,,2025-07-13,sin_combo_factible_en_hub|sin_s2_por_salida,,
883,54501335,Cristo Redentor,Diagonal Bio Bio,20130,L2,V1,2025-07-13 09:53:43,2025-07-13 10:23:38,CW→CC,2025-07-13,,20130,
884,54502200,Cdal. Raul Silva Henriquez,Lomas Coloradas,20146,L2,V1,2025-07-13 13:37:46,2025-07-13 14:12:20,CW→CC,2025-07-13,,20146,20146
885,54502256,Concepcion,Laguna Quinenco,,,N/A,2025-07-13 16:40:16,2025-07-13 18:10:37,,2025-07-13,sin_combo_factible_en_hub|sin_s2_por_salida,,
886,54502707,Lomas Coloradas,Concepcion,,,N/A,2025-07-13 12:32:27,2025-07-13 13:05:38,,2025-07-13,sin_combo_factible_en_hub|sin_s1_factible_retro,,
887,54502905,Cristo Redentor,Hito Galvarino,20160,L2,V1,2025-07-13 16:47:13,2025-07-13 17:04:05,CW→CC,2025-07-13,,20160,20160
888,54503190,Huinca,Concepcion,,,N/A,2025-07-13 17:52:01,2025-07-13 18:35:35,,2025-07-13,sin_combo_factible_en_hub|sin_s1_factible_retro,,
889,54503211,Huinca,Diagonal Bio Bio,20122,L2,V1,2025-07-13 08:37:40,2025-07-13 09:18:03,CW→CC,2025-07-13,,20122,20122
890,54503559,Cdal. Raul Silva Henriquez,Los Canelos,20143,L2,V1,2025-07-13 13:14:01,2025-07-13 13:48:48,CC→CW,2025-07-13,,20143,20143
891,54503559,Los Canelos,Cdal. Raul Silva Henriquez,20154,L2,V1,2025-07-13 15:43:30,2025-07-13 15:59:35,CW→CC,2025-07-13,,20154,20154
892,54503795,Lomas Coloradas,Diagonal Bio Bio,20134,L2,V1,2025-07-13 10:46:48,2025-07-13 11:08:26,CW→CC,2025-07-13,,20134,
893,54503866,Huinca,Concepcion,,,N/A,2025-07-13 10:40:46,2025-07-13 11:24:41,,2025-07-13,sin_combo_factible_en_hub|sin_s1_factible_retro,,
894,54503866,Concepcion,Coronel,,,N/A,2025-07-13 19:23:25,2025-07-13 20:45:29,,2025-07-13,sin_combo_factible_en_hub|sin_s2_por_salida,,
895,54505399,Cristo Redentor,Laguna Quinenco,20173,L2,V1,2025-07-13 19:20:54,2025-07-13 19:41:23,CC→CW,2025-07-13,,20173,20173
896,54505536,Los Canelos,Concepcion,,,N/A,2025-07-13 12:22:02,2025-07-13 13:04:23,,2025-07-13,sin_combo_factible_en_hub|sin_s1_factible_retro,,
897,54506213,Cdal. Raul Silva Henriquez,Huinca,20181,L2,V1,2025-07-13 20:22:34,2025-07-13 20:37:55,CC→CW,2025-07-13,,20181,20181
898,54506478,Cdal. Raul Silva Henriquez,Laguna Quinenco,20169,L2,V1,2025-07-13 18:39:27,2025-07-13 19:10:35,CC→CW,2025-07-13,,20169,20169
899,54506605,Laguna Quinenco,El Parque,20160,L2,V1,2025-07-13 16:53:17,2025-07-13 17:17:32,CW→CC,2025-07-13,,20160,20160
900,54506605,El Parque,Laguna Quinenco,20181,L2,V1,2025-07-13 20:00:03,2025-07-13 20:42:53,CC→CW,2025-07-13,,20181,20181
901,54507164,Laguna Quinenco,Concepcion,,,N/A,2025-07-13 16:35:29,2025-07-13 17:37:35,,2025-07-13,sin_combo_factible_en_hub|sin_s1_factible_retro,,
902,54508009,Hito Galvarino,Concepcion,,,N/A,2025-07-13 14:01:47,2025-07-13 14:37:00,,2025-07-13,sin_combo_factible_en_hub|sin_s1_factible_retro,,
903,54508790,Coronel,Lomas Coloradas,20146,L2,V1,2025-07-13 13:45:07,2025-07-13 14:12:10,CW→CC,2025-07-13,,20146,20146
904,54508790,Lomas Coloradas,Coronel,20147,L2,V1,2025-07-13 14:46:46,2025-07-13 15:23:51,CC→CW,2025-07-13,,20147,20147
905,54509210,Mercado,Chiguayante,20847,L1,V1,2025-07-13 19:56:18,2025-07-13 20:41:05,TH→HQ,2025-07-13,,20847,20847
906,54509442,Coronel,Los Canelos,20138,L2,V1,2025-07-13 11:30:17,2025-07-13 11:41:36,CW→CC,2025-07-13,,20138,20138
907,54509891,Cdal. Raul Silva Henriquez,Cristo Redentor,20155,L2,V1,2025-07-13 17:02:17,2025-07-13 17:17:38,CC→CW,2025-07-13,,20155,20155
908,54510071,Concepcion,Laguna Quinenco,,,N/A,2025-07-13 18:05:03,2025-07-13 19:12:38,,2025-07-13,sin_combo_factible_en_hub|sin_s2_por_salida,,
909,54510440,Huinca,Laguna Quinenco,20135,L2,V1,2025-07-13 12:03:54,2025-07-13 12:10:30,CC→CW,2025-07-13,,20135,20135
910,54512593,Costa Mar,Diagonal Bio Bio,20160,L2,V1,2025-07-13 17:09:22,2025-07-13 17:24:15,CW→CC,2025-07-13,,20160,20160
911,54512950,Lomas Coloradas,Concepcion,,,N/A,2025-07-13 18:07:35,2025-07-13 18:33:09,,2025-07-13,sin_combo_factible_en_hub|sin_s1_factible_retro,,
912,54513449,Hito Galvarino,Laguna Quinenco,20139,L2,V1,2025-07-13 12:46:57,2025-07-13 13:01:28,CC→CW,2025-07-13,,20139,20139
913,54513909,Laguna Quinenco,Concepcion,,,N/A,2025-07-13 17:24:38,2025-07-13 18:36:55,,2025-07-13,sin_combo_factible_en_hub|sin_s1_factible_retro,,
914,54514500,Huinca,Diagonal Bio Bio,20172,L2,V1,2025-07-13 18:18:14,2025-07-13 18:53:35,CW→CC,2025-07-13,,20172,20172
915,54518346,Coronel,Concepcion,,,N/A,2025-07-13 12:13:02,2025-07-13 13:06:05,,2025-07-13,sin_combo_factible_en_hub|sin_s1_factible_retro,,
916,54518403,Coronel,Alborada,20180,L2,V1,2025-07-13 18:58:54,2025-07-13 19:51:53,CW→CC,2025-07-13,,20180,20180
917,54519179,Cristo Redentor,Hito Galvarino,20180,L2,V1,2025-07-13 18:39:46,2025-07-13 19:33:54,CW→CC,2025-07-13,,20180,20180
918,54523170,Hito Galvarino,Cristo Redentor,20135,L2,V1,2025-07-13 11:43:57,2025-07-13 12:08:03,CC→CW,2025-07-13,,20135,20135
919,54523680,Huinca,Concepcion,,,N/A,2025-07-13 09:51:55,2025-07-13 10:34:41,,2025-07-13,sin_combo_factible_en_hub|sin_s1_factible_retro,,
920,54523680,Concepcion,Cristo Redentor,,,N/A,2025-07-13 14:13:37,2025-07-13 15:18:16,,2025-07-13,sin_combo_factible_en_hub|sin_s2_por_salida,,
921,54523680,Cristo Redentor,Huinca,20160,L2,V1,2025-07-13 16:39:07,2025-07-13 16:58:56,CW→CC,2025-07-13,,20160,20160
922,54523915,Hito Galvarino,Coronel,20155,L2,V1,2025-07-13 17:01:13,2025-07-13 17:22:39,CC→CW,2025-07-13,,20155,20155
923,54525173,Lomas Coloradas,Diagonal Bio Bio,20122,L2,V1,2025-07-13 08:58:44,2025-07-13 09:18:18,CW→CC,2025-07-13,,20122,20122
924,54525173,Diagonal Bio Bio,Lomas Coloradas,20169,L2,V1,2025-07-13 18:35:58,2025-07-13 18:51:06,CC→CW,2025-07-13,,20169,20169
925,54525328,Costa Mar,Lomas Coloradas,20143,L2,V1,2025-07-13 13:25:22,2025-07-13 13:35:38,CC→CW,2025-07-13,,20143,20143
926,54525498,Cristo Redentor,Diagonal Bio Bio,20150,L2,V1,2025-07-13 14:42:38,2025-07-13 15:20:56,CW→CC,2025-07-13,,20150,20150
927,54525981,Hito Galvarino,Diagonal Bio Bio,20172,L2,V1,2025-07-13 18:27:47,2025-07-13 18:55:46,CW→CC,2025-07-13,,20172,20172
928,54526294,Coronel,Diagonal Bio Bio,20130,L2,V1,2025-07-13 09:31:39,2025-07-13 10:24:48,CW→CC,2025-07-13,,20130,
929,54526294,Lomas Coloradas,Coronel,20143,L2,V1,2025-07-13 13:15:21,2025-07-13 13:58:27,CC→CW,2025-07-13,,20143,20143
930,54526956,Cdal. Raul Silva Henriquez,Diagonal Bio Bio,20122,L2,V1,2025-07-13 09:03:09,2025-07-13 09:19:41,CW→CC,2025-07-13,,20122,20122
931,54527005,Lomas Coloradas,Diagonal Bio Bio,20150,L2,V1,2025-07-13 15:00:13,2025-07-13 15:21:16,CW→CC,2025-07-13,,20150,20150
932,54527440,Lomas Coloradas,Costa Mar,20146,L2,V1,2025-07-13 13:53:40,2025-07-13 14:18:21,CW→CC,2025-07-13,,20146,20146
933,54527440,Costa Mar,Lomas Coloradas,20151,L2,V1,2025-07-13 15:40:57,2025-07-13 15:51:02,CC→CW,2025-07-13,,20151,20151
934,54528174,Alborada,Laguna Quinenco,20147,L2,V1,2025-07-13 14:50:53,2025-07-13 15:20:45,CC→CW,2025-07-13,,20147,20147
935,54528263,Cdal. Raul Silva Henriquez,Lomas Coloradas,20134,L2,V1,2025-07-13 10:47:30,2025-07-13 10:56:54,CW→CC,2025-07-13,,20134,
936,54528555,Laguna Quinenco,Concepcion,,,N/A,2025-07-13 10:31:10,2025-07-13 11:18:43,,2025-07-13,sin_combo_factible_en_hub|sin_s1_factible_retro,,
937,54528560,Los Canelos,El Parque,20154,L2,V1,2025-07-13 15:20:28,2025-07-13 16:05:51,CW→CC,2025-07-13,,20154,20154
938,54528966,Diagonal Bio Bio,Coronel,20139,L2,V1,2025-07-13 12:25:50,2025-07-13 13:09:04,CC→CW,2025-07-13,,20139,20139
939,54529235,Los Canelos,Coronel,20151,L2,V1,2025-07-13 15:59:03,2025-07-13 16:14:29,CC→CW,2025-07-13,,20151,20151
940,54529717,Concepcion,La Leonera,20857,L1,V1,2025-07-13 08:52:01,2025-07-13 09:17:58,TH→HQ,2025-07-13,,20857,20857
941,54529747,Diagonal Bio Bio,Cristo Redentor,20139,L2,V1,2025-07-13 12:03:12,2025-07-13 12:57:10,CC→CW,2025-07-13,,20139,
942,54529747,Cristo Redentor,Diagonal Bio Bio,20146,L2,V1,2025-07-13 13:37:48,2025-07-13 14:28:40,CW→CC,2025-07-13,,20146,20146
943,54530401,Cristo Redentor,Concepcion,,,N/A,2025-07-13 17:33:24,2025-07-13 18:35:55,,2025-07-13,sin_combo_factible_en_hub|sin_s1_factible_retro,,
944,54530401,Concepcion,Cristo Redentor,,,N/A,2025-07-13 18:38:52,2025-07-13 19:37:43,,2025-07-13,sin_combo_factible_en_hub|sin_s2_por_salida,,
945,54530644,Coronel,Concepcion,,,N/A,2025-07-13 19:02:48,2025-07-13 20:08:04,,2025-07-13,sin_combo_factible_en_hub|sin_s1_factible_retro,,
946,54530896,Cdal. Raul Silva Henriquez,Diagonal Bio Bio,20154,L2,V1,2025-07-13 15:51:53,2025-07-13 16:13:31,CW→CC,2025-07-13,,20154,20154
947,54530896,Diagonal Bio Bio,Cdal. Raul Silva Henriquez,20169,L2,V1,2025-07-13 18:36:01,2025-07-13 18:53:58,CC→CW,2025-07-13,,20169,20169
948,54531289,Hualqui,UTF Santa Maria,20848,L1,V1,2025-07-13 20:35:39,2025-07-13 21:18:50,HQ→TH,2025-07-13,,20848,20848
949,54532291,Los Canelos,Coronel,20123,L2,V1,2025-07-13 09:52:45,2025-07-13 10:09:11,CC→CW,2025-07-13,,20123,20123
950,54532291,Cristo Redentor,Los Canelos,20150,L2,V1,2025-07-13 14:47:48,2025-07-13 14:56:55,CW→CC,2025-07-13,,20150,20150
951,54532580,Laguna Quinenco,Diagonal Bio Bio,20160,L2,V1,2025-07-13 16:40:31,2025-07-13 17:24:17,CW→CC,2025-07-13,,20160,20160
952,54532790,Coronel,Diagonal Bio Bio,20150,L2,V1,2025-07-13 14:15:37,2025-07-13 15:18:37,CW→CC,2025-07-13,,20150,20150
953,54533906,Hito Galvarino,Diagonal Bio Bio,20160,L2,V1,2025-07-13 16:50:39,2025-07-13 17:25:10,CW→CC,2025-07-13,,20160,20160
954,54534029,Los Canelos,Concepcion,,,N/A,2025-07-13 11:34:27,2025-07-13 12:16:49,,2025-07-13,sin_combo_factible_en_hub|sin_s1_factible_retro,,
955,54534625,Lomas Coloradas,Huinca,20147,L2,V1,2025-07-13 14:53:41,2025-07-13 15:15:49,CC→CW,2025-07-13,,20147,20147
956,54534625,Huinca,Lomas Coloradas,20168,L2,V1,2025-07-13 17:49:45,2025-07-13 18:13:59,CW→CC,2025-07-13,,20168,20168
957,54535039,Lomas Coloradas,Diagonal Bio Bio,20122,L2,V1,2025-07-13 08:53:37,2025-07-13 09:18:11,CW→CC,2025-07-13,,20122,20122
958,54535469,Laguna Quinenco,Concepcion,,,N/A,2025-07-13 18:16:29,2025-07-13 19:17:16,,2025-07-13,sin_combo_factible_en_hub|sin_s1_factible_retro,,
959,54535493,Cdal. Raul Silva Henriquez,Costa Mar,20134,L2,V1,2025-07-13 10:43:23,2025-07-13 11:03:59,CW→CC,2025-07-13,,20134,20134
960,54535493,Costa Mar,Cdal. Raul Silva Henriquez,20143,L2,V1,2025-07-13 13:15:54,2025-07-13 13:39:43,CC→CW,2025-07-13,,20143,20143
961,54535825,Lomas Coloradas,Huinca,20123,L2,V1,2025-07-13 09:40:09,2025-07-13 10:00:01,CC→CW,2025-07-13,,20123,20123
962,54535825,Huinca,Coronel,20155,L2,V1,2025-07-13 17:06:25,2025-07-13 17:23:49,CC→CW,2025-07-13,,20155,20155
963,54536481,Los Canelos,Concepcion,,,N/A,2025-07-13 10:42:48,2025-07-13 11:18:24,,2025-07-13,sin_combo_factible_en_hub|sin_s1_factible_retro,,
964,54536481,Diagonal Bio Bio,Los Canelos,20143,L2,V1,2025-07-13 13:02:22,2025-07-13 13:48:09,CC→CW,2025-07-13,,20143,20143
965,54536665,Lomas Coloradas,Costa Mar,20122,L2,V1,2025-07-13 08:49:33,2025-07-13 09:13:01,CW→CC,2025-07-13,,20122,20122
966,54536665,Costa Mar,Lomas Coloradas,20161,L2,V1,2025-07-13 17:35:39,2025-07-13 17:50:16,CC→CW,2025-07-13,,20161,20161
967,54536835,Concepcion,Hualqui,20847,L1,V1,2025-07-13 19:38:17,2025-07-13 21:03:00,TH→HQ,2025-07-13,,20847,20847
968,54537782,Los Condores,UTF Santa Maria,20859,L1,V1,2025-07-13 12:40:51,2025-07-13 12:46:39,TH→HQ,2025-07-13,,20859,20859
969,54538719,Los Canelos,Diagonal Bio Bio,20180,L2,V1,2025-07-13 19:11:25,2025-07-13 19:55:00,CW→CC,2025-07-13,,20180,20180
970,54538816,Huinca,Concepcion,,,N/A,2025-07-13 13:50:05,2025-07-13 14:38:01,,2025-07-13,sin_combo_factible_en_hub|sin_s1_factible_retro,,
971,54538816,Concepcion,Huinca,,,N/A,2025-07-13 17:22:15,2025-07-13 18:05:53,,2025-07-13,sin_combo_factible_en_hub|sin_s2_por_salida,,
972,54539434,Hito Galvarino,Los Canelos,20135,L2,V1,2025-07-13 11:47:35,2025-07-13 12:02:51,CC→CW,2025-07-13,,20135,20135
973,54540648,Los Canelos,Concepcion,,,N/A,2025-07-13 17:44:41,2025-07-13 18:35:28,,2025-07-13,sin_combo_factible_en_hub|sin_s1_factible_retro,,
974,54540979,Concepcion,Lzo. Arenas,20848,L1,V1,2025-07-13 20:55:35,2025-07-13 21:15:34,HQ→TH,2025-07-13,combo_relajado_pase1,20848,20848
975,54541267,Cdal. Raul Silva Henriquez,Cristo Redentor,20173,L2,V1,2025-07-13 19:20:21,2025-07-13 19:38:12,CC→CW,2025-07-13,,20173,20173
976,54542657,Costa Mar,Diagonal Bio Bio,20154,L2,V1,2025-07-13 16:02:30,2025-07-13 16:13:51,CW→CC,2025-07-13,,20154,20154
977,54542657,Diagonal Bio Bio,Costa Mar,20169,L2,V1,2025-07-13 18:34:25,2025-07-13 18:45:41,CC→CW,2025-07-13,,20169,20169
978,54542661,Hualqui,Concepcion,20846,L1,V1,2025-07-13 16:58:35,2025-07-13 17:33:43,HQ→TH,2025-07-13,,20846,20846
979,54542684,Cdal. Raul Silva Henriquez,El Parque,20172,L2,V1,2025-07-13 18:19:54,2025-07-13 18:45:59,CW→CC,2025-07-13,,20172,20172
980,54542903,Laguna Quinenco,Los Canelos,20134,L2,V1,2025-07-13 10:30:58,2025-07-13 10:46:24,CW→CC,2025-07-13,,20134,20134
981,54542903,Los Canelos,Laguna Quinenco,20143,L2,V1,2025-07-13 13:32:06,2025-07-13 13:55:31,CC→CW,2025-07-13,,20143,20143
982,54542914,Diagonal Bio Bio,Coronel,20143,L2,V1,2025-07-13 12:58:33,2025-07-13 13:58:09,CC→CW,2025-07-13,,20143,20143
983,54543251,Concepcion,Los Canelos,,,N/A,2025-07-13 18:44:18,2025-07-13 19:37:29,,2025-07-13,sin_combo_factible_en_hub|sin_s2_por_salida,,
984,54543396,Diagonal Bio Bio,Lomas Coloradas,20173,L2,V1,2025-07-13 19:01:22,2025-07-13 19:20:50,CC→CW,2025-07-13,,20173,20173
985,54544594,Mercado,Chiguayante,20847,L1,V1,2025-07-13 19:41:41,2025-07-13 20:40:33,TH→HQ,2025-07-13,,20847,20847
986,54545430,Chiguayante,Higueras,20844,L1,V1,2025-07-13 12:27:52,2025-07-13 13:08:23,HQ→TH,2025-07-13,,20844,20844
987,54545825,Concepcion,Coronel,,,N/A,2025-07-13 18:29:27,2025-07-13 19:44:13,,2025-07-13,sin_combo_factible_en_hub|sin_s2_por_salida,,
988,54547522,Lomas Coloradas,Cristo Redentor,20139,L2,V1,2025-07-13 12:31:04,2025-07-13 12:59:10,CC→CW,2025-07-13,,20139,20139
989,54547633,Cdal. Raul Silva Henriquez,Los Canelos,20135,L2,V1,2025-07-13 11:50:08,2025-07-13 12:02:48,CC→CW,2025-07-13,,20135,20135
990,54548164,Diagonal Bio Bio,Alborada,20173,L2,V1,2025-07-13 19:05:29,2025-07-13 19:15:06,CC→CW,2025-07-13,,20173,20173
991,54548823,Cristo Redentor,Laguna Quinenco,20155,L2,V1,2025-07-13 17:08:14,2025-07-13 17:20:43,CC→CW,2025-07-13,,20155,20155
992,54549328,Lomas Coloradas,Diagonal Bio Bio,20140,L2,V1,2025-07-13 12:38:21,2025-07-13 12:53:08,CW→CC,2025-07-13,,20140,20140
993,54549839,Laguna Quinenco,Huinca,20180,L2,V1,2025-07-13 19:14:20,2025-07-13 19:28:53,CW→CC,2025-07-13,,20180,20180
994,54549941,Huinca,Lomas Coloradas,20134,L2,V1,2025-07-13 10:26:27,2025-07-13 10:56:36,CW→CC,2025-07-13,,20134,
995,54550095,Laguna Quinenco,Concepcion,,,N/A,2025-07-13 08:33:46,2025-07-13 09:25:24,,2025-07-13,sin_combo_factible_en_hub|sin_s1_factible_retro,,
996,54550095,Concepcion,Los Canelos,,,N/A,2025-07-13 18:39:51,2025-07-13 19:33:46,,2025-07-13,sin_combo_factible_en_hub|sin_s2_por_salida,,
997,54550136,Cristo Redentor,El Parque,20150,L2,V1,2025-07-13 14:38:26,2025-07-13 15:10:59,CW→CC,2025-07-13,,20150,20150
998,54550161,Cristo Redentor,Concepcion,,,N/A,2025-07-13 19:21:31,2025-07-13 20:11:22,,2025-07-13,sin_combo_factible_en_hub|sin_s1_factible_retro,,
999,54550197,Lomas Coloradas,Cristo Redentor,20151,L2,V1,2025-07-13 15:47:44,2025-07-13 16:07:37,CC→CW,2025-07-13,,20151,20151
1000,54550334,Concepcion,Huinca,,,N/A,2025-07-13 18:45:52,2025-07-13 19:37:56,,2025-07-13,sin_combo_factible_en_hub|sin_s2_por_salida,,
1001,54550390,Costa Mar,Lomas Coloradas,20147,L2,V1,2025-07-13 14:48:14,2025-07-13 15:01:46,CC→CW,2025-07-13,,20147,20147
1002,54550390,Lomas Coloradas,Concepcion,,,N/A,2025-07-13 19:05:22,2025-07-13 19:45:03,,2025-07-13,sin_combo_factible_en_hub|sin_s1_factible_retro,,
1003,54550576,Costa Mar,Coronel,20155,L2,V1,2025-07-13 16:41:12,2025-07-13 17:23:21,CC→CW,2025-07-13,,20155,20155
1004,54551500,Lomas Coloradas,Coronel,20181,L2,V1,2025-07-13 20:11:46,2025-07-13 20:47:55,CC→CW,2025-07-13,,20181,20181
1005,54551527,Cristo Redentor,Concepcion,,,N/A,2025-07-13 11:28:19,2025-07-13 12:18:19,,2025-07-13,sin_combo_factible_en_hub|sin_s1_factible_retro,,
1006,54551527,Concepcion,Huinca,,,N/A,2025-07-13 18:01:07,2025-07-13 19:06:11,,2025-07-13,sin_combo_factible_en_hub|sin_s2_por_salida,,
1007,54553019,Alborada,Lomas Coloradas,20169,L2,V1,2025-07-13 18:36:53,2025-07-13 18:50:54,CC→CW,2025-07-13,,20169,20169
1008,54553393,Cdal. Raul Silva Henriquez,Cristo Redentor,20135,L2,V1,2025-07-13 11:48:33,2025-07-13 12:08:01,CC→CW,2025-07-13,,20135,20135
1009,54554092,Cristo Redentor,Laguna Quinenco,20131,L2,V1,2025-07-13 11:03:58,2025-07-13 11:20:18,CC→CW,2025-07-13,,20131,20131
1010,54554443,Coronel,Concepcion,,,N/A,2025-07-13 17:43:32,2025-07-13 18:38:26,,2025-07-13,sin_combo_factible_en_hub|sin_s1_factible_retro,,
1011,54555006,Coronel,Concepcion,,,N/A,2025-07-13 17:35:51,2025-07-13 18:34:49,,2025-07-13,sin_combo_factible_en_hub|sin_s1_factible_retro,,
1012,54555470,Coronel,Concepcion,,,N/A,2025-07-13 10:22:41,2025-07-13 11:18:51,,2025-07-13,sin_combo_factible_en_hub|sin_s1_factible_retro,,
1013,54556889,Concepcion,Lomas Coloradas,,,N/A,2025-07-13 19:09:01,2025-07-13 19:40:18,,2025-07-13,sin_combo_factible_en_hub|sin_s2_por_salida,,
1014,54556927,Cristo Redentor,Diagonal Bio Bio,20140,L2,V1,2025-07-13 12:09:24,2025-07-13 12:53:16,CW→CC,2025-07-13,,20140,20140
1015,54556927,Diagonal Bio Bio,Cristo Redentor,20173,L2,V1,2025-07-13 18:55:46,2025-07-13 19:36:01,CC→CW,2025-07-13,,20173,
1016,54556931,Cristo Redentor,Lomas Coloradas,20180,L2,V1,2025-07-13 19:23:26,2025-07-13 19:42:36,CW→CC,2025-07-13,,20180,20180
1017,54556975,El Parque,Huinca,20151,L2,V1,2025-07-13 15:45:05,2025-07-13 16:06:08,CC→CW,2025-07-13,,20151,20151
1018,54557449,Costa Mar,Laguna Quinenco,20123,L2,V1,2025-07-13 09:32:03,2025-07-13 10:05:48,CC→CW,2025-07-13,,20123,20123
1019,54557528,Huinca,Lomas Coloradas,20134,L2,V1,2025-07-13 10:26:35,2025-07-13 10:57:01,CW→CC,2025-07-13,,20134,
1020,54557528,Lomas Coloradas,Cristo Redentor,20139,L2,V1,2025-07-13 12:31:37,2025-07-13 12:58:58,CC→CW,2025-07-13,,20139,20139
1021,54557731,Laguna Quinenco,Cdal. Raul Silva Henriquez,20160,L2,V1,2025-07-13 16:35:04,2025-07-13 17:10:24,CW→CC,2025-07-13,,20160,20160
1022,54557798,Cristo Redentor,Concepcion,,,N/A,2025-07-13 12:30:01,2025-07-13 18:46:12,,2025-07-13,sin_combo_factible_en_hub|sin_s1_factible_retro,,
1023,54557798,Concepcion,Cristo Redentor,,,N/A,2025-07-13 18:46:37,2025-07-13 19:38:39,,2025-07-13,sin_combo_factible_en_hub|sin_s2_por_salida,,
1024,54558917,Coronel,Concepcion,,,N/A,2025-07-13 14:37:17,2025-07-13 15:33:52,,2025-07-13,sin_combo_factible_en_hub|sin_s1_factible_retro,,
1025,54559779,Coronel,Diagonal Bio Bio,20138,L2,V1,2025-07-13 11:23:04,2025-07-13 12:03:59,CW→CC,2025-07-13,,20138,20138
1026,54561173,Huinca,Hito Galvarino,20172,L2,V1,2025-07-13 18:14:04,2025-07-13 18:34:53,CW→CC,2025-07-13,,20172,20172
1027,54562673,Costa Mar,Laguna Quinenco,20135,L2,V1,2025-07-13 11:41:00,2025-07-13 12:10:38,CC→CW,2025-07-13,,20135,20135
1028,54563003,Diagonal Bio Bio,Cristo Redentor,20161,L2,V1,2025-07-13 17:22:10,2025-07-13 18:07:31,CC→CW,2025-07-13,,20161,20161
1029,54563516,Laguna Quinenco,El Parque,20138,L2,V1,2025-07-13 11:21:39,2025-07-13 11:55:52,CW→CC,2025-07-13,,20138,20138
1030,54564152,Hito Galvarino,Los Canelos,20151,L2,V1,2025-07-13 15:51:33,2025-07-13 16:03:44,CC→CW,2025-07-13,,20151,20151
1031,54564167,Concepcion,Lomas Coloradas,,,N/A,2025-07-13 09:00:22,2025-07-13 09:40:27,,2025-07-13,sin_combo_factible_en_hub|sin_s2_por_salida,,
1032,54564618,Alborada,Coronel,20147,L2,V1,2025-07-13 14:49:38,2025-07-13 15:24:43,CC→CW,2025-07-13,,20147,20147
1033,54565034,Los Canelos,Lomas Coloradas,20180,L2,V1,2025-07-13 19:05:23,2025-07-13 19:42:44,CW→CC,2025-07-13,,20180,20180
1034,54565176,Costa Mar,Cristo Redentor,20147,L2,V1,2025-07-13 13:33:30,2025-07-13 15:17:59,CC→CW,2025-07-13,,20147,20143
1035,54565176,Cristo Redentor,Costa Mar,20172,L2,V1,2025-07-13 18:06:41,2025-07-13 18:48:25,CW→CC,2025-07-13,,20172,20172
1036,54565230,Lomas Coloradas,Diagonal Bio Bio,20122,L2,V1,2025-07-13 09:05:28,2025-07-13 09:18:07,CW→CC,2025-07-13,,20122,20122
1037,54565840,Huinca,Diagonal Bio Bio,20160,L2,V1,2025-07-13 16:46:06,2025-07-13 17:24:11,CW→CC,2025-07-13,,20160,20160
1038,54566596,Cristo Redentor,Concepcion,,,N/A,2025-07-13 19:21:20,2025-07-13 20:08:29,,2025-07-13,sin_combo_factible_en_hub|sin_s1_factible_retro,,
1039,54567772,Concepcion,Huinca,,,N/A,2025-07-13 10:09:11,2025-07-13 11:15:33,,2025-07-13,sin_combo_factible_en_hub|sin_s2_por_salida,,
1040,54568949,Lomas Coloradas,Cristo Redentor,20139,L2,V1,2025-07-13 12:30:00,2025-07-13 12:58:31,CC→CW,2025-07-13,,20139,20139
1041,54568949,Cristo Redentor,Lomas Coloradas,20180,L2,V1,2025-07-13 19:07:20,2025-07-13 19:43:15,CW→CC,2025-07-13,,20180,20180
1042,54570177,Concepcion,Hito Galvarino,,,N/A,2025-07-13 14:52:30,2025-07-13 15:59:52,,2025-07-13,sin_combo_factible_en_hub|sin_s2_por_salida,,
1043,54570611,Cristo Redentor,Costa Mar,20172,L2,V1,2025-07-13 18:17:08,2025-07-13 18:48:20,CW→CC,2025-07-13,,20172,20172
1044,54571029,Cdal. Raul Silva Henriquez,Higueras,,,N/A,2025-07-13 16:57:45,2025-07-13 17:50:36,,2025-07-13,sin_combo_factible_en_hub|sin_s1_factible_retro,,
1045,54571561,Concepcion,Laguna Quinenco,,,N/A,2025-07-13 10:01:24,2025-07-13 11:20:34,,2025-07-13,sin_combo_factible_en_hub|sin_s2_por_salida,,
1046,54571561,Laguna Quinenco,Concepcion,,,N/A,2025-07-13 19:04:00,2025-07-13 20:08:03,,2025-07-13,sin_combo_factible_en_hub|sin_s1_factible_retro,,
1047,54571564,Coronel,Diagonal Bio Bio,20150,L2,V1,2025-07-13 14:25:10,2025-07-13 15:21:08,CW→CC,2025-07-13,,20150,20150
1048,54571703,Coronel,Concepcion,,,N/A,2025-07-13 09:48:22,2025-07-13 10:34:59,,2025-07-13,sin_combo_factible_en_hub|sin_s1_factible_retro,,
1049,54572004,El Parque,Coronel,20169,L2,V1,2025-07-13 18:39:17,2025-07-13 19:13:47,CC→CW,2025-07-13,,20169,20169
1050,54572568,Cristo Redentor,El Parque,20154,L2,V1,2025-07-13 15:43:13,2025-07-13 16:05:34,CW→CC,2025-07-13,,20154,20154
1051,54572714,Los Condores,Pedro Medina,20847,L1,V1,2025-07-13 20:00:11,2025-07-13 20:43:12,TH→HQ,2025-07-13,,20847,20847
1052,54573538,Costa Mar,Lomas Coloradas,20155,L2,V1,2025-07-13 16:46:38,2025-07-13 17:01:18,CC→CW,2025-07-13,,20155,20155
1053,54573538,Lomas Coloradas,El Parque,20180,L2,V1,2025-07-13 19:37:06,2025-07-13 19:46:02,CW→CC,2025-07-13,,20180,20180
1054,54573648,Los Canelos,Diagonal Bio Bio,20150,L2,V1,2025-07-13 14:39:51,2025-07-13 15:19:51,CW→CC,2025-07-13,,20150,20150
1055,54573648,Diagonal Bio Bio,Los Canelos,20169,L2,V1,2025-07-13 18:30:13,2025-07-13 19:03:48,CC→CW,2025-07-13,,20169,20169
1056,54573764,Cdal. Raul Silva Henriquez,Laguna Quinenco,20155,L2,V1,2025-07-13 16:52:06,2025-07-13 17:19:55,CC→CW,2025-07-13,,20155,20155
1057,54573764,Laguna Quinenco,Cdal. Raul Silva Henriquez,20168,L2,V1,2025-07-13 17:43:03,2025-07-13 18:10:45,CW→CC,2025-07-13,,20168,20168
1058,54573814,Laguna Quinenco,Diagonal Bio Bio,20130,L2,V1,2025-07-13 09:48:41,2025-07-13 10:23:28,CW→CC,2025-07-13,,20130,
1059,54573814,Diagonal Bio Bio,Laguna Quinenco,20151,L2,V1,2025-07-13 15:28:08,2025-07-13 16:10:17,CC→CW,2025-07-13,,20151,20151
1060,54573859,Costa Mar,Laguna Quinenco,20123,L2,V1,2025-07-13 09:35:49,2025-07-13 10:05:16,CC→CW,2025-07-13,,20123,20123
1061,54573859,Laguna Quinenco,Cdal. Raul Silva Henriquez,20168,L2,V1,2025-07-13 17:52:21,2025-07-13 18:10:20,CW→CC,2025-07-13,,20168,20168
1062,54574273,Huinca,Cristo Redentor,20123,L2,V1,2025-07-13 09:56:55,2025-07-13 10:02:36,CC→CW,2025-07-13,,20123,20123
1063,54574780,Laguna Quinenco,Hito Galvarino,20134,L2,V1,2025-07-13 10:10:00,2025-07-13 10:49:36,CW→CC,2025-07-13,,20134,20134
1064,54575532,Cristo Redentor,Concepcion,,,N/A,2025-07-13 13:44:42,2025-07-13 14:37:35,,2025-07-13,sin_combo_factible_en_hub|sin_s1_factible_retro,,
1065,54575532,Concepcion,Cristo Redentor,,,N/A,2025-07-13 17:37:24,2025-07-13 19:07:39,,2025-07-13,sin_combo_factible_en_hub|sin_s2_por_salida,,
1066,54575588,Huinca,Lomas Coloradas,20180,L2,V1,2025-07-13 19:25:37,2025-07-13 19:43:12,CW→CC,2025-07-13,,20180,20180
1067,54576284,Lomas Coloradas,El Parque,20134,L2,V1,2025-07-13 10:36:34,2025-07-13 11:00:50,CW→CC,2025-07-13,,20134,
1068,54576284,El Parque,Lomas Coloradas,20139,L2,V1,2025-07-13 12:30:43,2025-07-13 12:41:07,CC→CW,2025-07-13,,20139,20139
1069,54577218,Cristo Redentor,Laguna Quinenco,20173,L2,V1,2025-07-13 19:36:40,2025-07-13 19:46:59,CC→CW,2025-07-13,,20173,20173
1070,54577942,Cristo Redentor,Concepcion,,,N/A,2025-07-13 12:10:04,2025-07-13 13:07:26,,2025-07-13,sin_combo_factible_en_hub|sin_s1_factible_retro,,
1071,54577942,Concepcion,Cristo Redentor,,,N/A,2025-07-13 16:20:58,2025-07-13 17:15:34,,2025-07-13,sin_combo_factible_en_hub|sin_s2_por_salida,,
1072,54578030,Cristo Redentor,Laguna Quinenco,20151,L2,V1,2025-07-13 15:45:27,2025-07-13 18:11:04,CC→CW,2025-07-13,,20151,20151
1073,54578632,El Parque,Lomas Coloradas,20155,L2,V1,2025-07-13 16:31:04,2025-07-13 17:01:25,CC→CW,2025-07-13,,20155,20155
1074,54579061,Higueras,Manquimavida,20847,L1,V1,2025-07-13 20:04:29,2025-07-13 20:46:26,TH→HQ,2025-07-13,,20847,20847
1075,54579295,Hito Galvarino,Costa Mar,20180,L2,V1,2025-07-13 19:29:02,2025-07-13 19:47:58,CW→CC,2025-07-13,,20180,
1076,54580046,Cristo Redentor,Diagonal Bio Bio,20138,L2,V1,2025-07-13 11:34:41,2025-07-13 12:10:55,CW→CC,2025-07-13,,20138,20138
1077,54580732,Los Canelos,El Parque,20122,L2,V1,2025-07-13 08:53:48,2025-07-13 09:10:10,CW→CC,2025-07-13,,20122,20122
1078,54580732,El Parque,Los Canelos,20181,L2,V1,2025-07-13 20:13:27,2025-07-13 20:35:08,CC→CW,2025-07-13,,20181,20181
1079,54580766,Concepcion,El Arenal,20846,L1,V1,2025-07-13 17:25:43,2025-07-13 17:54:11,HQ→TH,2025-07-13,,20846,20846
1080,54580876,Huinca,Laguna Quinenco,20135,L2,V1,2025-07-13 11:56:57,2025-07-13 12:10:51,CC→CW,2025-07-13,,20135,20135
1081,54580876,Laguna Quinenco,Huinca,20146,L2,V1,2025-07-13 13:49:10,2025-07-13 13:58:26,CW→CC,2025-07-13,,20146,20146
1082,54581015,El Parque,Diagonal Bio Bio,20180,L2,V1,2025-07-13 19:39:14,2025-07-13 19:54:14,CW→CC,2025-07-13,,20180,20180
1083,54581048,Costa Mar,Hito Galvarino,20131,L2,V1,2025-07-13 10:41:17,2025-07-13 11:08:44,CC→CW,2025-07-13,,20131,
1084,54581282,Hito Galvarino,Diagonal Bio Bio,20172,L2,V1,2025-07-13 18:26:35,2025-07-13 18:54:08,CW→CC,2025-07-13,,20172,20172
1085,54581739,Lomas Coloradas,Concepcion,,,N/A,2025-07-13 09:55:59,2025-07-13 10:37:30,,2025-07-13,sin_combo_factible_en_hub|sin_s1_factible_retro,,
1086,54583220,Coronel,Diagonal Bio Bio,20130,L2,V1,2025-07-13 09:42:19,2025-07-13 10:24:42,CW→CC,2025-07-13,,20130,
1087,54583220,Diagonal Bio Bio,Coronel,20181,L2,V1,2025-07-13 19:53:51,2025-07-13 20:44:57,CC→CW,2025-07-13,,20181,20181
1088,54583436,Cdal. Raul Silva Henriquez,Huinca,20123,L2,V1,2025-07-13 09:43:10,2025-07-13 10:01:13,CC→CW,2025-07-13,,20123,20123
1089,54583436,Huinca,Cdal. Raul Silva Henriquez,20168,L2,V1,2025-07-13 17:53:23,2025-07-13 18:10:33,CW→CC,2025-07-13,,20168,20168
1090,54583525,Cdal. Raul Silva Henriquez,Huinca,20169,L2,V1,2025-07-13 18:39:22,2025-07-13 19:05:39,CC→CW,2025-07-13,,20169,20169
1091,54583701,Cdal. Raul Silva Henriquez,Diagonal Bio Bio,20172,L2,V1,2025-07-13 18:29:52,2025-07-13 18:53:33,CW→CC,2025-07-13,,20172,20172
1092,54583751,Huinca,Concepcion,,,N/A,2025-07-13 16:48:35,2025-07-13 17:36:04,,2025-07-13,sin_combo_factible_en_hub|sin_s1_factible_retro,,
1093,54583834,Los Canelos,Laguna Quinenco,20151,L2,V1,2025-07-13 16:00:56,2025-07-13 16:10:29,CC→CW,2025-07-13,,20151,20151
1094,54584055,Concepcion,Los Condores,20846,L1,V1,2025-07-13 17:30:51,2025-07-13 17:46:52,HQ→TH,2025-07-13,,20846,20846
1095,54584055,Los Condores,Concepcion,20847,L1,V1,2025-07-13 20:10:03,2025-07-13 20:26:52,TH→HQ,2025-07-13,,20847,20847
1096,54584241,Costa Mar,Los Canelos,20135,L2,V1,2025-07-13 11:41:08,2025-07-13 12:03:21,CC→CW,2025-07-13,,20135,20135
1097,54584247,Diagonal Bio Bio,Huinca,20135,L2,V1,2025-07-13 11:18:37,2025-07-13 12:05:54,CC→CW,2025-07-13,,20135,20135
1098,54584420,Concepcion,Mercado,20850,L1,V1,2025-07-13 09:42:59,2025-07-13 10:23:48,HQ→TH,2025-07-13,,20850,20850
1099,54584512,Higueras,Chiguayante,20859,L1,V1,2025-07-13 12:34:46,2025-07-13 13:09:38,TH→HQ,2025-07-13,,20859,20859
1100,54584580,Los Condores,La Leonera,20847,L1,V1,2025-07-13 20:05:31,2025-07-13 20:48:53,TH→HQ,2025-07-13,,20847,20847
1101,54584623,Pedro Medina,Hualqui,20859,L1,V1,2025-07-13 12:55:51,2025-07-13 13:28:10,TH→HQ,2025-07-13,,20859,20859
1102,54584623,Hualqui,Pedro Medina,20846,L1,V1,2025-07-13 16:51:47,2025-07-13 17:20:19,HQ→TH,2025-07-13,,20846,20846
1103,54584944,Coronel,Hito Galvarino,20134,L2,V1,2025-07-13 10:21:14,2025-07-13 10:47:38,CW→CC,2025-07-13,,20134,
1104,54586194,Diagonal Bio Bio,Laguna Quinenco,20135,L2,V1,2025-07-13 11:20:26,2025-07-13 12:10:42,CC→CW,2025-07-13,,20135,20135
1105,54586641,Hualqui,Concepcion,20846,L1,V1,2025-07-13 16:58:24,2025-07-13 17:33:06,HQ→TH,2025-07-13,,20846,20846
1106,54586712,Los Canelos,Costa Mar,20160,L2,V1,2025-07-13 16:26:11,2025-07-13 17:18:00,CW→CC,2025-07-13,,20160,20160
1107,54586733,Huinca,Coronel,20181,L2,V1,2025-07-13 20:36:36,2025-07-13 20:44:54,CC→CW,2025-07-13,,20181,20181
1108,54587005,Lomas Coloradas,Alborada,20160,L2,V1,2025-07-13 17:05:51,2025-07-13 17:21:19,CW→CC,2025-07-13,,20160,20160
1109,54588645,Laguna Quinenco,Costa Mar,20154,L2,V1,2025-07-13 15:39:40,2025-07-13 16:08:15,CW→CC,2025-07-13,,20154,20154
1110,54588645,Costa Mar,Laguna Quinenco,20173,L2,V1,2025-07-13 19:14:29,2025-07-13 19:41:12,CC→CW,2025-07-13,,20173,20173
1111,54588835,Higueras,Los Condores,20845,L1,V1,2025-07-13 16:06:34,2025-07-13 16:12:47,TH→HQ,2025-07-13,,20845,20845
1112,54589237,Alborada,Lomas Coloradas,20181,L2,V1,2025-07-13 19:36:53,2025-07-13 20:21:34,CC→CW,2025-07-13,,20181,20181
1113,54589717,Concepcion,Laguna Quinenco,,,N/A,2025-07-13 12:40:30,2025-07-13 13:55:45,,2025-07-13,sin_combo_factible_en_hub|sin_s2_por_salida,,
1114,54589717,Laguna Quinenco,Lomas Coloradas,20150,L2,V1,2025-07-13 14:37:50,2025-07-13 15:07:55,CW→CC,2025-07-13,,20150,20150
1115,54590519,Huinca,Diagonal Bio Bio,20130,L2,V1,2025-07-13 09:41:45,2025-07-13 10:23:17,CW→CC,2025-07-13,,20130,
1116,54590574,Cristo Redentor,Concepcion,,,N/A,2025-07-13 17:37:20,2025-07-13 18:36:02,,2025-07-13,sin_combo_factible_en_hub|sin_s1_factible_retro,,
1117,54590732,Costa Mar,Cristo Redentor,20155,L2,V1,2025-07-13 16:48:06,2025-07-13 17:17:56,CC→CW,2025-07-13,,20155,20155
1118,54590732,Laguna Quinenco,Costa Mar,20168,L2,V1,2025-07-13 17:51:01,2025-07-13 18:18:56,CW→CC,2025-07-13,,20168,20168
1119,54590753,Concepcion,Lomas Coloradas,,,N/A,2025-07-13 08:52:12,2025-07-13 09:16:06,,2025-07-13,sin_combo_factible_en_hub|sin_s2_por_salida,,
1120,54590753,Costa Mar,Concepcion,,,N/A,2025-07-13 14:18:35,2025-07-13 15:29:05,,2025-07-13,sin_combo_factible_en_hub|sin_s1_factible_retro,,
1121,54591174,Concepcion,Los Canelos,,,N/A,2025-07-13 10:03:02,2025-07-13 11:13:50,,2025-07-13,sin_combo_factible_en_hub|sin_s2_por_salida,,
1122,54591174,Los Canelos,Concepcion,,,N/A,2025-07-13 19:25:32,2025-07-13 20:10:49,,2025-07-13,sin_combo_factible_en_hub|sin_s1_factible_retro,,
1123,54591884,Huinca,Diagonal Bio Bio,20134,L2,V1,2025-07-13 10:27:31,2025-07-13 11:08:32,CW→CC,2025-07-13,,20134,
1124,54592095,Cristo Redentor,El Parque,20168,L2,V1,2025-07-13 17:49:57,2025-07-13 18:17:41,CW→CC,2025-07-13,,20168,20168
1125,54592095,El Parque,Cristo Redentor,20173,L2,V1,2025-07-13 19:08:28,2025-07-13 19:37:51,CC→CW,2025-07-13,,20173,20173
1126,54592635,Los Canelos,Coronel,20123,L2,V1,2025-07-13 09:52:41,2025-07-13 10:09:05,CC→CW,2025-07-13,,20123,20123
1127,54592635,Cristo Redentor,Los Canelos,20150,L2,V1,2025-07-13 14:50:05,2025-07-13 14:56:57,CW→CC,2025-07-13,,20150,20150
1128,54592635,Los Canelos,Diagonal Bio Bio,20180,L2,V1,2025-07-13 19:29:28,2025-07-13 19:55:34,CW→CC,2025-07-13,,20180,20180
1129,54592825,Lomas Coloradas,Diagonal Bio Bio,20154,L2,V1,2025-07-13 15:58:05,2025-07-13 16:13:41,CW→CC,2025-07-13,,20154,20154
1130,54593486,Cdal. Raul Silva Henriquez,Laguna Quinenco,20135,L2,V1,2025-07-13 11:35:29,2025-07-13 12:10:13,CC→CW,2025-07-13,,20135,20135
1131,54593486,Laguna Quinenco,Cdal. Raul Silva Henriquez,20146,L2,V1,2025-07-13 13:21:17,2025-07-13 14:12:13,CW→CC,2025-07-13,,20146,20146
1132,54593603,Concepcion,Higueras,20844,L1,V1,2025-07-13 12:33:46,2025-07-13 13:08:29,HQ→TH,2025-07-13,,20844,20844
1133,54593753,Diagonal Bio Bio,Cdal. Raul Silva Henriquez,20147,L2,V1,2025-07-13 14:49:42,2025-07-13 15:05:13,CC→CW,2025-07-13,,20147,20147
1134,54594091,Cristo Redentor,Concepcion,,,N/A,2025-07-13 15:28:26,2025-07-13 16:45:39,,2025-07-13,sin_combo_factible_en_hub|sin_s1_factible_retro,,
1135,54594265,UTF Santa Maria,Hualqui,20845,L1,V1,2025-07-13 15:50:09,2025-07-13 17:02:52,TH→HQ,2025-07-13,,20845,20845
1136,54594534,Costa Mar,Laguna Quinenco,20147,L2,V1,2025-07-13 14:52:43,2025-07-13 15:20:13,CC→CW,2025-07-13,,20147,20147
1137,54594954,Cdal. Raul Silva Henriquez,Diagonal Bio Bio,20146,L2,V1,2025-07-13 14:07:10,2025-07-13 14:23:58,CW→CC,2025-07-13,,20146,20146
1138,54595046,Cristo Redentor,Concepcion,,,N/A,2025-07-13 19:23:40,2025-07-13 20:09:32,,2025-07-13,sin_combo_factible_en_hub|sin_s1_factible_retro,,
1139,54595082,Diagonal Bio Bio,Cristo Redentor,20155,L2,V1,2025-07-13 16:39:51,2025-07-13 17:15:09,CC→CW,2025-07-13,,20155,
1140,54595180,Costa Mar,Cristo Redentor,20123,L2,V1,2025-07-13 09:37:15,2025-07-13 10:02:39,CC→CW,2025-07-13,,20123,20123
1141,54596087,Coronel,Diagonal Bio Bio,20122,L2,V1,2025-07-13 08:28:05,2025-07-13 09:18:02,CW→CC,2025-07-13,,20122,20122
1142,54596130,Los Canelos,Cristo Redentor,20139,L2,V1,2025-07-13 12:52:00,2025-07-13 12:59:29,CC→CW,2025-07-13,,20139,20139
1143,54596159,Huinca,Los Canelos,20180,L2,V1,2025-07-13 19:18:50,2025-07-13 19:31:19,CW→CC,2025-07-13,,20180,20180
1144,54596186,Cristo Redentor,Los Canelos,20168,L2,V1,2025-07-13 17:49:13,2025-07-13 17:59:53,CW→CC,2025-07-13,,20168,20168
1145,54596197,Los Canelos,Diagonal Bio Bio,20180,L2,V1,2025-07-13 19:27:41,2025-07-13 19:55:14,CW→CC,2025-07-13,,20180,20180
1146,54597078,Cristo Redentor,Diagonal Bio Bio,20130,L2,V1,2025-07-13 09:35:43,2025-07-13 10:24:20,CW→CC,2025-07-13,,20130,
1147,54597286,Alborada,Laguna Quinenco,20155,L2,V1,2025-07-13 16:39:10,2025-07-13 17:19:53,CC→CW,2025-07-13,,20155,20155
1148,54597286,Laguna Quinenco,Cdal. Raul Silva Henriquez,20180,L2,V1,2025-07-13 19:06:36,2025-07-13 19:40:07,CW→CC,2025-07-13,,20180,20180
1149,54597661,Concepcion,Huinca,,,N/A,2025-07-13 18:45:54,2025-07-13 19:38:02,,2025-07-13,sin_combo_factible_en_hub|sin_s2_por_salida,,
1150,54597753,Chiguayante,Lzo. Arenas,20846,L1,V1,2025-07-13 17:15:13,2025-07-13 17:39:32,HQ→TH,2025-07-13,,20846,20846
1151,54597753,Lzo. Arenas,Chiguayante,20847,L1,V1,2025-07-13 20:09:09,2025-07-13 20:40:41,TH→HQ,2025-07-13,,20847,20847
1152,54597787,Concepcion,Pedro Medina,20859,L1,V1,2025-07-13 12:45:52,2025-07-13 16:44:15,TH→HQ,2025-07-13,,20859,20859
1153,54598019,Hualqui,UTF Santa Maria,20844,L1,V1,2025-07-13 12:07:02,2025-07-13 13:00:58,HQ→TH,2025-07-13,,20844,
1154,54598550,Los Canelos,Concepcion,,,N/A,2025-07-13 11:34:12,2025-07-13 12:15:20,,2025-07-13,sin_combo_factible_en_hub|sin_s1_factible_retro,,
1155,54598550,Concepcion,Los Canelos,,,N/A,2025-07-13 17:21:52,2025-07-13 18:04:55,,2025-07-13,sin_combo_factible_en_hub|sin_s2_por_salida,,
1156,54598788,Coronel,Concepcion,,,N/A,2025-07-13 13:41:09,2025-07-13 14:37:00,,2025-07-13,sin_combo_factible_en_hub|sin_s1_factible_retro,,
1157,54599287,Laguna Quinenco,Concepcion,,,N/A,2025-07-13 11:23:39,2025-07-13 12:17:09,,2025-07-13,sin_combo_factible_en_hub|sin_s1_factible_retro,,
1158,54599287,Concepcion,Laguna Quinenco,,,N/A,2025-07-13 15:10:42,2025-07-13 16:10:53,,2025-07-13,sin_combo_factible_en_hub|sin_s2_por_salida,,
1159,54599558,Costa Mar,Cristo Redentor,20135,L2,V1,2025-07-13 11:43:11,2025-07-13 12:07:58,CC→CW,2025-07-13,,20135,20135
1160,54602188,Huinca,Concepcion,,,N/A,2025-07-13 12:23:59,2025-07-13 13:05:08,,2025-07-13,sin_combo_factible_en_hub|sin_s1_factible_retro,,
1161,54603023,Huinca,Concepcion,,,N/A,2025-07-13 11:23:45,2025-07-13 12:16:17,,2025-07-13,sin_combo_factible_en_hub|sin_s1_factible_retro,,
1162,54603023,Concepcion,Huinca,,,N/A,2025-07-13 18:51:01,2025-07-13 20:38:25,,2025-07-13,sin_combo_factible_en_hub|sin_s2_por_salida,,
1163,54603117,Cdal. Raul Silva Henriquez,El Parque,20134,L2,V1,2025-07-13 10:48:13,2025-07-13 10:59:58,CW→CC,2025-07-13,,20134,
1164,54603276,Los Canelos,Diagonal Bio Bio,20154,L2,V1,2025-07-13 15:45:32,2025-07-13 16:14:28,CW→CC,2025-07-13,,20154,20154
1165,54603306,Laguna Quinenco,Concepcion,,,N/A,2025-07-13 12:13:34,2025-07-13 13:06:09,,2025-07-13,sin_combo_factible_en_hub|sin_s1_factible_retro,,
1166,54603465,Concepcion,Pedro Medina,20847,L1,V1,2025-07-13 20:00:32,2025-07-13 20:43:19,TH→HQ,2025-07-13,,20847,20847
1167,54604065,Diagonal Bio Bio,Cristo Redentor,20131,L2,V1,2025-07-13 10:49:02,2025-07-13 11:17:24,CC→CW,2025-07-13,,20131,20131
1168,54604065,Cristo Redentor,Diagonal Bio Bio,20138,L2,V1,2025-07-13 11:35:28,2025-07-13 12:03:50,CW→CC,2025-07-13,,20138,20138
1169,54605052,Cdal. Raul Silva Henriquez,Diagonal Bio Bio,20134,L2,V1,2025-07-13 10:47:36,2025-07-13 11:08:39,CW→CC,2025-07-13,,20134,
1170,54605057,Los Canelos,Diagonal Bio Bio,20130,L2,V1,2025-07-13 09:53:07,2025-07-13 10:24:42,CW→CC,2025-07-13,,20130,
1171,54605286,Cdal. Raul Silva Henriquez,Concepcion,,,N/A,2025-07-13 10:49:29,2025-07-13 11:35:16,,2025-07-13,sin_combo_factible_en_hub|sin_s1_factible_retro,,
1172,54605299,Concepcion,Concepcion,,,N/A,2025-07-13 10:46:09,2025-07-13 10:47:23,,2025-07-13,no viajo,,
1173,54605718,Laguna Quinenco,Huinca,20172,L2,V1,2025-07-13 18:14:35,2025-07-13 18:30:31,CW→CC,2025-07-13,,20172,20172
1174,54606002,Lzo. Arenas,Manquimavida,20857,L1,V1,2025-07-13 08:37:17,2025-07-13 09:15:42,TH→HQ,2025-07-13,,20857,20857
1175,54606127,Concepcion,Mercado,20844,L1,V1,2025-07-13 12:47:41,2025-07-13 13:16:08,HQ→TH,2025-07-13,,20844,20844
1176,54606547,El Parque,Coronel,20173,L2,V1,2025-07-13 19:14:32,2025-07-13 19:45:32,CC→CW,2025-07-13,,20173,20173
1177,54607517,Lomas Coloradas,Concepcion,,,N/A,2025-07-13 16:48:42,2025-07-13 17:33:56,,2025-07-13,sin_combo_factible_en_hub|sin_s1_factible_retro,,
1178,54607517,Concepcion,Lomas Coloradas,,,N/A,2025-07-13 18:07:53,2025-07-13 18:37:31,,2025-07-13,sin_combo_factible_en_hub|sin_s2_por_salida,,
1179,56010076,Laguna Quinenco,Lomas Coloradas,20130,L2,V1,2025-07-13 09:46:32,2025-07-13 10:12:33,CW→CC,2025-07-13,,20130,
1180,56012707,Coronel,Diagonal Bio Bio,20146,L2,V1,2025-07-13 13:46:38,2025-07-13 14:25:02,CW→CC,2025-07-13,,20146,20146
1181,56013334,Coronel,Cdal. Raul Silva Henriquez,20180,L2,V1,2025-07-13 18:44:19,2025-07-13 19:40:09,CW→CC,2025-07-13,,20180,20180
1182,56015624,Los Canelos,Diagonal Bio Bio,20180,L2,V1,2025-07-13 19:26:06,2025-07-13 19:55:13,CW→CC,2025-07-13,,20180,20180
1183,56015889,La Leonera,Lzo. Arenas,20844,L1,V1,2025-07-13 12:18:11,2025-07-13 12:56:58,HQ→TH,2025-07-13,,20844,
1184,56016995,El Parque,Huinca,20155,L2,V1,2025-07-13 16:44:03,2025-07-13 17:15:32,CC→CW,2025-07-13,,20155,20155
1185,56017141,Concepcion,Laguna Quinenco,,,N/A,2025-07-13 12:40:09,2025-07-13 13:56:37,,2025-07-13,sin_combo_factible_en_hub|sin_s2_por_salida,,
1186,56020395,Concepcion,Hito Galvarino,,,N/A,2025-07-13 19:41:56,2025-07-13 20:31:57,,2025-07-13,sin_combo_factible_en_hub|sin_s2_por_salida,,
1187,56021223,Coronel,El Parque,20154,L2,V1,2025-07-13 15:36:44,2025-07-13 16:05:27,CW→CC,2025-07-13,,20154,20154
1188,56021223,El Parque,Laguna Quinenco,20161,L2,V1,2025-07-13 17:34:15,2025-07-13 18:10:31,CC→CW,2025-07-13,,20161,20161
1189,56022441,Cdal. Raul Silva Henriquez,Coronel,20147,L2,V1,2025-07-13 14:56:58,2025-07-13 15:23:30,CC→CW,2025-07-13,,20147,20147
1190,56022441,Coronel,Cdal. Raul Silva Henriquez,20168,L2,V1,2025-07-13 17:47:50,2025-07-13 18:10:18,CW→CC,2025-07-13,,20168,20168
1191,56022994,Concepcion,Laguna Quinenco,,,N/A,2025-07-13 09:17:33,2025-07-13 10:05:44,,2025-07-13,sin_combo_factible_en_hub|sin_s2_por_salida,,
1192,56023091,Cdal. Raul Silva Henriquez,Cristo Redentor,20143,L2,V1,2025-07-13 13:35:11,2025-07-13 13:52:12,CC→CW,2025-07-13,,20143,20143
1193,56023139,Cristo Redentor,Concepcion,,,N/A,2025-07-13 14:46:05,2025-07-13 15:30:37,,2025-07-13,sin_combo_factible_en_hub|sin_s1_factible_retro,,
1194,56023139,Concepcion,Cristo Redentor,,,N/A,2025-07-13 17:41:42,2025-07-13 19:10:02,,2025-07-13,sin_combo_factible_en_hub|sin_s2_por_salida,,
1195,56023260,Costa Mar,Laguna Quinenco,20151,L2,V1,2025-07-13 15:40:24,2025-07-13 16:10:06,CC→CW,2025-07-13,,20151,20151
1196,56026971,Diagonal Bio Bio,Cristo Redentor,20123,L2,V1,2025-07-13 09:17:29,2025-07-13 10:02:29,CC→CW,2025-07-13,,20123,20123
1197,56027323,Costa Mar,Cristo Redentor,20123,L2,V1,2025-07-13 09:20:03,2025-07-13 10:03:11,CC→CW,2025-07-13,,20123,20123
1198,56030516,Cdal. Raul Silva Henriquez,Concepcion,,,N/A,2025-07-13 10:04:40,2025-07-13 10:35:40,,2025-07-13,sin_combo_factible_en_hub|sin_s1_factible_retro,,
1199,56030516,Concepcion,Cdal. Raul Silva Henriquez,,,N/A,2025-07-13 12:47:04,2025-07-13 13:38:30,,2025-07-13,sin_combo_factible_en_hub|sin_s2_por_salida,,
1200,56040095,Los Canelos,Diagonal Bio Bio,20134,L2,V1,2025-07-13 10:44:18,2025-07-13 11:09:24,CW→CC,2025-07-13,,20134,20134
1201,56040095,Diagonal Bio Bio,Los Canelos,20135,L2,V1,2025-07-13 11:26:04,2025-07-13 12:03:36,CC→CW,2025-07-13,,20135,20135
1202,56041588,Higueras,Chiguayante,20845,L1,V1,2025-07-13 16:02:54,2025-07-13 16:41:03,TH→HQ,2025-07-13,,20845,20845
1203,56041668,Laguna Quinenco,Lomas Coloradas,20122,L2,V1,2025-07-13 08:42:40,2025-07-13 09:07:19,CW→CC,2025-07-13,,20122,20122
1204,56041668,Lomas Coloradas,Laguna Quinenco,20181,L2,V1,2025-07-13 20:17:11,2025-07-13 20:42:31,CC→CW,2025-07-13,,20181,20181
1205,56041804,Hito Galvarino,Diagonal Bio Bio,20146,L2,V1,2025-07-13 13:56:40,2025-07-13 14:23:35,CW→CC,2025-07-13,,20146,20146
1206,56042113,Laguna Quinenco,El Parque,20138,L2,V1,2025-07-13 11:32:26,2025-07-13 11:55:28,CW→CC,2025-07-13,,20138,20138
1207,56042399,Coronel,Concepcion,,,N/A,2025-07-13 13:41:06,2025-07-13 14:36:10,,2025-07-13,sin_combo_factible_en_hub|sin_s1_factible_retro,,
1208,56042399,Concepcion,Coronel,,,N/A,2025-07-13 18:56:42,2025-07-13 20:45:13,,2025-07-13,sin_combo_factible_en_hub|sin_s2_por_salida,,
1209,56042517,Diagonal Bio Bio,Lomas Coloradas,20143,L2,V1,2025-07-13 13:22:35,2025-07-13 13:36:55,CC→CW,2025-07-13,,20143,20143
1210,56042794,Manquimavida,Concepcion,20850,L1,V1,2025-07-13 09:37:29,2025-07-13 10:00:38,HQ→TH,2025-07-13,,20850,20850
1211,56043104,Concepcion,Hito Galvarino,,,N/A,2025-07-13 13:56:39,2025-07-13 15:10:09,,2025-07-13,sin_combo_factible_en_hub|sin_s2_por_salida,,
1212,56043184,Cdal. Raul Silva Henriquez,Diagonal Bio Bio,20134,L2,V1,2025-07-13 10:51:51,2025-07-13 11:07:45,CW→CC,2025-07-13,,20134,
1213,56043695,Los Canelos,Diagonal Bio Bio,20154,L2,V1,2025-07-13 15:41:16,2025-07-13 16:14:27,CW→CC,2025-07-13,,20154,20154
1214,56044156,Cdal. Raul Silva Henriquez,El Parque,20130,L2,V1,2025-07-13 10:07:23,2025-07-13 10:15:00,CW→CC,2025-07-13,,20130,
1215,56044191,Alborada,Diagonal Bio Bio,20146,L2,V1,2025-07-13 14:17:40,2025-07-13 14:25:09,CW→CC,2025-07-13,,20146,20146
1216,56044294,Concepcion,Los Canelos,,,N/A,2025-07-13 16:25:25,2025-07-13 17:14:31,,2025-07-13,sin_combo_factible_en_hub|sin_s2_por_salida,,
1217,56045120,Los Canelos,Concepcion,,,N/A,2025-07-13 09:57:52,2025-07-13 10:36:18,,2025-07-13,sin_combo_factible_en_hub|sin_s1_factible_retro,,
1218,56045120,Concepcion,Cristo Redentor,,,N/A,2025-07-13 17:45:23,2025-07-13 19:08:21,,2025-07-13,sin_combo_factible_en_hub|sin_s2_por_salida,,
1219,56045489,Hito Galvarino,Cdal. Raul Silva Henriquez,20146,L2,V1,2025-07-13 13:51:30,2025-07-13 14:09:48,CW→CC,2025-07-13,,20146,20146
1220,56045623,Costa Mar,Hito Galvarino,20139,L2,V1,2025-07-13 12:14:44,2025-07-13 12:49:36,CC→CW,2025-07-13,,20139,20139
1221,56045974,Concepcion,La Leonera,20847,L1,V1,2025-07-13 20:23:51,2025-07-13 20:50:10,TH→HQ,2025-07-13,,20847,20847
1222,56046386,Laguna Quinenco,El Parque,20140,L2,V1,2025-07-13 12:22:22,2025-07-13 12:45:38,CW→CC,2025-07-13,,20140,20140
1223,56046709,Los Canelos,Concepcion,,,N/A,2025-07-13 19:25:46,2025-07-13 20:08:33,,2025-07-13,sin_combo_factible_en_hub|sin_s1_factible_retro,,
1224,56046816,Los Canelos,Concepcion,,,N/A,2025-07-13 08:52:45,2025-07-13 09:35:26,,2025-07-13,sin_combo_factible_en_hub|sin_s1_factible_retro,,
1225,56046816,Concepcion,Los Canelos,,,N/A,2025-07-13 18:21:15,2025-07-13 19:04:12,,2025-07-13,sin_combo_factible_en_hub|sin_s2_por_salida,,
1226,56047267,Coronel,Los Canelos,20180,L2,V1,2025-07-13 19:15:33,2025-07-13 19:31:03,CW→CC,2025-07-13,,20180,20180
1227,56047330,Diagonal Bio Bio,Hito Galvarino,20181,L2,V1,2025-07-13 19:36:59,2025-07-13 20:32:10,CC→CW,2025-07-13,,20181,20181
1228,56047889,Laguna Quinenco,Concepcion,,,N/A,2025-07-13 18:49:25,2025-07-13 20:07:55,,2025-07-13,sin_combo_factible_en_hub|sin_s1_factible_retro,,
1229,56047924,Los Canelos,Diagonal Bio Bio,20150,L2,V1,2025-07-13 14:52:21,2025-07-13 15:19:38,CW→CC,2025-07-13,,20150,20150
1230,56048101,Hito Galvarino,Los Canelos,20139,L2,V1,2025-07-13 12:46:45,2025-07-13 12:53:43,CC→CW,2025-07-13,,20139,20139
1231,56048452,Huinca,Concepcion,,,N/A,2025-07-13 11:35:26,2025-07-13 12:16:12,,2025-07-13,sin_combo_factible_en_hub|sin_s1_factible_retro,,
1232,56048452,Concepcion,Huinca,,,N/A,2025-07-13 18:51:01,2025-07-13 20:38:16,,2025-07-13,sin_combo_factible_en_hub|sin_s2_por_salida,,
1233,56048877,El Parque,Lomas Coloradas,20169,L2,V1,2025-07-13 18:41:54,2025-07-13 18:51:02,CC→CW,2025-07-13,,20169,20169
1234,56049447,Laguna Quinenco,Concepcion,,,N/A,2025-07-13 13:50:45,2025-07-13 14:37:44,,2025-07-13,sin_combo_factible_en_hub|sin_s1_factible_retro,,
1235,56049734,Lomas Coloradas,Coronel,20143,L2,V1,2025-07-13 13:34:12,2025-07-13 13:58:27,CC→CW,2025-07-13,,20143,20143
1236,56049734,Coronel,Lomas Coloradas,20154,L2,V1,2025-07-13 15:25:02,2025-07-13 16:02:08,CW→CC,2025-07-13,,20154,20154
1237,56049860,El Parque,Coronel,20181,L2,V1,2025-07-13 20:15:56,2025-07-13 20:45:47,CC→CW,2025-07-13,,20181,20181
1238,56050172,Cdal. Raul Silva Henriquez,Concepcion,,,N/A,2025-07-13 16:40:52,2025-07-13 17:33:48,,2025-07-13,sin_combo_factible_en_hub|sin_s1_factible_retro,,
1239,56050701,Lomas Coloradas,Cristo Redentor,20169,L2,V1,2025-07-13 18:31:34,2025-07-13 19:08:23,CC→CW,2025-07-13,,20169,20169
1240,56052670,Cristo Redentor,Concepcion,,,N/A,2025-07-13 09:37:29,2025-07-13 10:34:59,,2025-07-13,sin_combo_factible_en_hub|sin_s1_factible_retro,,
1241,56052670,Diagonal Bio Bio,Cristo Redentor,20181,L2,V1,2025-07-13 20:02:36,2025-07-13 20:39:06,CC→CW,2025-07-13,,20181,20181
1242,56052796,El Parque,Los Canelos,20181,L2,V1,2025-07-13 20:17:01,2025-07-13 20:35:17,CC→CW,2025-07-13,,20181,20181
1243,56052809,Laguna Quinenco,Concepcion,,,N/A,2025-07-13 13:28:51,2025-07-13 14:38:24,,2025-07-13,sin_combo_factible_en_hub|sin_s1_factible_retro,,
1244,56052809,Concepcion,Laguna Quinenco,,,N/A,2025-07-13 17:23:24,2025-07-13 18:12:11,,2025-07-13,sin_combo_factible_en_hub|sin_s2_por_salida,,
1245,56053240,Huinca,Coronel,20131,L2,V1,2025-07-13 11:10:37,2025-07-13 11:23:55,CC→CW,2025-07-13,,20131,20131
1246,56054743,Los Canelos,Cristo Redentor,20147,L2,V1,2025-07-13 15:11:13,2025-07-13 15:16:47,CC→CW,2025-07-13,,20147,
1247,56055522,El Parque,Diagonal Bio Bio,20160,L2,V1,2025-07-13 16:50:40,2025-07-13 17:24:50,CW→CC,2025-07-13,,20160,20160
1248,56055608,Diagonal Bio Bio,Costa Mar,20139,L2,V1,2025-07-13 12:28:22,2025-07-13 12:35:46,CC→CW,2025-07-13,,20139,20139
1249,56057380,Los Canelos,Diagonal Bio Bio,20160,L2,V1,2025-07-13 16:41:07,2025-07-13 17:25:38,CW→CC,2025-07-13,,20160,20160
1250,56057380,Diagonal Bio Bio,Los Canelos,20181,L2,V1,2025-07-13 19:25:17,2025-07-13 20:36:00,CC→CW,2025-07-13,,20181,20181
1251,56057598,Concepcion,Lomas Coloradas,,,N/A,2025-07-13 15:56:45,2025-07-13 16:18:16,,2025-07-13,sin_combo_factible_en_hub|sin_s2_por_salida,,
1252,56057598,Lomas Coloradas,Concepcion,,,N/A,2025-07-13 16:38:05,2025-07-13 17:33:38,,2025-07-13,sin_combo_factible_en_hub|sin_s1_factible_retro,,
1253,56057703,Los Canelos,Hito Galvarino,20168,L2,V1,2025-07-13 17:47:09,2025-07-13 18:04:26,CW→CC,2025-07-13,,20168,20168
1254,56058043,Los Canelos,Diagonal Bio Bio,20122,L2,V1,2025-07-13 08:51:12,2025-07-13 09:19:14,CW→CC,2025-07-13,,20122,20122
1255,56058774,Diagonal Bio Bio,El Parque,20139,L2,V1,2025-07-13 12:20:11,2025-07-13 12:39:29,CC→CW,2025-07-13,,20139,20139
1256,56058774,El Parque,Diagonal Bio Bio,20146,L2,V1,2025-07-13 14:11:20,2025-07-13 14:25:03,CW→CC,2025-07-13,,20146,20146
1257,56059174,Diagonal Bio Bio,Laguna Quinenco,20155,L2,V1,2025-07-13 16:47:50,2025-07-13 17:20:33,CC→CW,2025-07-13,,20155,20155
1258,56059528,Cdal. Raul Silva Henriquez,El Parque,20134,L2,V1,2025-07-13 10:40:50,2025-07-13 10:59:53,CW→CC,2025-07-13,,20134,
1259,56060124,Manquimavida,Cristo Redentor,,,N/A,2025-07-13 09:08:09,2025-07-13 11:18:09,,2025-07-13,sin_combo_factible_en_hub|sin_s2_por_salida,,
1260,56060124,Cristo Redentor,Concepcion,,,N/A,2025-07-13 18:20:50,2025-07-13 19:16:08,,2025-07-13,sin_combo_factible_en_hub|sin_s1_factible_retro,,
1261,56061120,Concepcion,Lomas Coloradas,,,N/A,2025-07-13 08:48:28,2025-07-13 09:15:13,,2025-07-13,sin_combo_factible_en_hub|sin_s2_por_salida,,
1262,56061120,Cdal. Raul Silva Henriquez,Concepcion,,,N/A,2025-07-13 18:08:34,2025-07-13 18:35:31,,2025-07-13,sin_combo_factible_en_hub|sin_s1_factible_retro,,
1263,56061745,Cristo Redentor,Concepcion,,,N/A,2025-07-13 14:46:20,2025-07-13 15:30:31,,2025-07-13,sin_combo_factible_en_hub|sin_s1_factible_retro,,
1264,56061745,Concepcion,Cristo Redentor,,,N/A,2025-07-13 17:41:48,2025-07-13 19:07:35,,2025-07-13,sin_combo_factible_en_hub|sin_s2_por_salida,,
1265,56062314,Concepcion,Huinca,,,N/A,2025-07-13 12:45:52,2025-07-13 13:50:52,,2025-07-13,sin_combo_factible_en_hub|sin_s2_por_salida,,
1266,56062937,Diagonal Bio Bio,Cristo Redentor,20123,L2,V1,2025-07-13 09:30:32,2025-07-13 16:47:18,CC→CW,2025-07-13,,20123,20123
1267,56062937,Cristo Redentor,Diagonal Bio Bio,20160,L2,V1,2025-07-13 16:47:39,2025-07-13 17:23:21,CW→CC,2025-07-13,,20160,20160
1268,56063669,Diagonal Bio Bio,Costa Mar,20151,L2,V1,2025-07-13 15:36:55,2025-07-13 15:46:01,CC→CW,2025-07-13,,20151,20151
1269,56064166,Cdal. Raul Silva Henriquez,Concepcion,,,N/A,2025-07-13 11:39:58,2025-07-13 12:18:18,,2025-07-13,sin_combo_factible_en_hub|sin_s1_factible_retro,,
1270,56065205,Laguna Quinenco,Hito Galvarino,20150,L2,V1,2025-07-13 14:45:56,2025-07-13 14:58:29,CW→CC,2025-07-13,,20150,20150
1271,56065697,Coronel,Concepcion,,,N/A,2025-07-13 18:19:07,2025-07-13 19:15:59,,2025-07-13,sin_combo_factible_en_hub|sin_s1_factible_retro,,
1272,56067093,Diagonal Bio Bio,Cdal. Raul Silva Henriquez,20181,L2,V1,2025-07-13 20:02:19,2025-07-13 20:24:59,CC→CW,2025-07-13,,20181,20181
1273,56067776,Cristo Redentor,Concepcion,,,N/A,2025-07-13 11:32:13,2025-07-13 12:18:25,,2025-07-13,sin_combo_factible_en_hub|sin_s1_factible_retro,,
1274,56067957,El Parque,Huinca,20173,L2,V1,2025-07-13 19:14:22,2025-07-13 19:35:55,CC→CW,2025-07-13,,20173,20173
1275,56070045,La Leonera,Mercado,20844,L1,V1,2025-07-13 12:25:33,2025-07-13 13:14:59,HQ→TH,2025-07-13,,20844,
1276,56070305,Huinca,Concepcion,,,N/A,2025-07-13 16:57:36,2025-07-13 17:34:08,,2025-07-13,sin_combo_factible_en_hub|sin_s1_factible_retro,,
1277,56070351,Concepcion,Lomas Coloradas,,,N/A,2025-07-13 10:14:08,2025-07-13 10:50:32,,2025-07-13,sin_combo_factible_en_hub|sin_s2_por_salida,,
1278,56070351,Lomas Coloradas,Concepcion,,,N/A,2025-07-13 15:55:43,2025-07-13 16:30:44,,2025-07-13,sin_combo_factible_en_hub|sin_s1_factible_retro,,
1279,56070398,Hito Galvarino,Laguna Quinenco,20123,L2,V1,2025-07-13 09:48:57,2025-07-13 10:05:58,CC→CW,2025-07-13,,20123,20123
1280,58006997,Huinca,Diagonal Bio Bio,20168,L2,V1,2025-07-13 17:56:52,2025-07-13 18:25:58,CW→CC,2025-07-13,,20168,20168
1281,58007073,Los Canelos,El Parque,20154,L2,V1,2025-07-13 15:43:03,2025-07-13 16:05:46,CW→CC,2025-07-13,,20154,20154
1282,58007114,Cristo Redentor,Huinca,20172,L2,V1,2025-07-13 18:10:57,2025-07-13 18:29:19,CW→CC,2025-07-13,,20172,20172
1283,58007285,Los Canelos,El Parque,20154,L2,V1,2025-07-13 15:43:04,2025-07-13 16:05:53,CW→CC,2025-07-13,,20154,20154
1284,58007285,El Parque,Los Canelos,20169,L2,V1,2025-07-13 18:38:37,2025-07-13 19:03:57,CC→CW,2025-07-13,,20169,20169
1285,58007476,Costa Mar,Cdal. Raul Silva Henriquez,20135,L2,V1,2025-07-13 11:29:39,2025-07-13 11:52:42,CC→CW,2025-07-13,,20135,20135
1286,58008533,Laguna Quinenco,Cdal. Raul Silva Henriquez,20168,L2,V1,2025-07-13 17:47:43,2025-07-13 18:10:25,CW→CC,2025-07-13,,20168,20168
1287,58008791,Huinca,Diagonal Bio Bio,20130,L2,V1,2025-07-13 09:51:34,2025-07-13 10:23:53,CW→CC,2025-07-13,,20130,
1288,58008791,Diagonal Bio Bio,Huinca,20155,L2,V1,2025-07-13 16:23:50,2025-07-13 17:15:26,CC→CW,2025-07-13,,20155,20155
1289,58008995,Diagonal Bio Bio,Los Canelos,20151,L2,V1,2025-07-13 15:38:00,2025-07-13 16:04:04,CC→CW,2025-07-13,,20151,20151
1290,58009863,Los Canelos,Cdal. Raul Silva Henriquez,20138,L2,V1,2025-07-13 11:35:16,2025-07-13 11:50:23,CW→CC,2025-07-13,,20138,20138
1291,58009863,Cdal. Raul Silva Henriquez,Los Canelos,20139,L2,V1,2025-07-13 12:42:49,2025-07-13 12:53:12,CC→CW,2025-07-13,,20139,
1292,58009983,Cristo Redentor,Laguna Quinenco,20151,L2,V1,2025-07-13 16:04:10,2025-07-13 16:11:30,CC→CW,2025-07-13,,20151,20151
1293,58009983,Laguna Quinenco,Cristo Redentor,20180,L2,V1,2025-07-13 18:42:09,2025-07-13 19:26:50,CW→CC,2025-07-13,,20180,20180
1294,58010056,El Parque,Lomas Coloradas,20181,L2,V1,2025-07-13 20:07:50,2025-07-13 20:21:32,CC→CW,2025-07-13,,20181,20181
1295,58010549,Laguna Quinenco,Huinca,20172,L2,V1,2025-07-13 18:20:12,2025-07-13 18:29:45,CW→CC,2025-07-13,,20172,20172
1296,58010553,Los Canelos,Cristo Redentor,20135,L2,V1,2025-07-13 11:24:33,2025-07-13 12:08:32,CC→CW,2025-07-13,,20135,20135
1297,58010553,Cristo Redentor,Los Canelos,20160,L2,V1,2025-07-13 16:27:58,2025-07-13 17:01:15,CW→CC,2025-07-13,,20160,20160
1298,58010724,Los Canelos,Cristo Redentor,20139,L2,V1,2025-07-13 12:51:49,2025-07-13 12:58:50,CC→CW,2025-07-13,,20139,20139
1299,58010727,Los Canelos,Diagonal Bio Bio,20168,L2,V1,2025-07-13 17:48:00,2025-07-13 18:25:03,CW→CC,2025-07-13,,20168,20168
1300,58010821,Coronel,Diagonal Bio Bio,20138,L2,V1,2025-07-13 11:22:26,2025-07-13 12:03:24,CW→CC,2025-07-13,,20138,20138
1301,58011059,Los Canelos,Concepcion,,,N/A,2025-07-13 08:50:17,2025-07-13 09:32:23,,2025-07-13,sin_combo_factible_en_hub|sin_s1_factible_retro,,
1302,58011059,Concepcion,Los Canelos,,,N/A,2025-07-13 12:00:40,2025-07-13 12:54:08,,2025-07-13,sin_combo_factible_en_hub|sin_s2_por_salida,,
1303,58011702,Lomas Coloradas,Los Canelos,20123,L2,V1,2025-07-13 09:39:20,2025-07-13 09:58:40,CC→CW,2025-07-13,,20123,20123
1304,58012370,Diagonal Bio Bio,Cristo Redentor,20139,L2,V1,2025-07-13 12:13:32,2025-07-13 12:59:04,CC→CW,2025-07-13,,20139,20139
1305,58012370,Cristo Redentor,Diagonal Bio Bio,20168,L2,V1,2025-07-13 17:41:47,2025-07-13 18:24:44,CW→CC,2025-07-13,,20168,20168
1306,58012836,Coronel,Hito Galvarino,20180,L2,V1,2025-07-13 19:17:59,2025-07-13 19:33:47,CW→CC,2025-07-13,,20180,20180
1307,58014347,Laguna Quinenco,Costa Mar,20138,L2,V1,2025-07-13 11:01:00,2025-07-13 11:59:02,CW→CC,2025-07-13,,20138,20138
1308,58014728,Huinca,Concepcion,,,N/A,2025-07-13 08:45:41,2025-07-13 09:32:48,,2025-07-13,sin_combo_factible_en_hub|sin_s1_factible_retro,,
1309,58014728,Concepcion,Huinca,,,N/A,2025-07-13 11:57:35,2025-07-13 12:56:14,,2025-07-13,sin_combo_factible_en_hub|sin_s2_por_salida,,
1310,58015183,Concepcion,Cristo Redentor,,,N/A,2025-07-13 16:46:10,2025-07-13 18:06:09,,2025-07-13,sin_combo_factible_en_hub|sin_s2_por_salida,,
1311,58016206,Coronel,Concepcion,,,N/A,2025-07-13 12:07:46,2025-07-13 13:06:40,,2025-07-13,sin_combo_factible_en_hub|sin_s1_factible_retro,,
1312,58017157,Diagonal Bio Bio,Cristo Redentor,20155,L2,V1,2025-07-13 16:33:06,2025-07-13 17:17:06,CC→CW,2025-07-13,,20155,20155
1313,58017573,Diagonal Bio Bio,Los Canelos,20155,L2,V1,2025-07-13 16:44:51,2025-07-13 17:14:20,CC→CW,2025-07-13,,20155,20155
1314,58018160,Lomas Coloradas,Concepcion,,,N/A,2025-07-13 14:10:43,2025-07-13 14:37:12,,2025-07-13,sin_combo_factible_en_hub|sin_s1_factible_retro,,
1315,58018259,Coronel,Costa Mar,20160,L2,V1,2025-07-13 16:39:38,2025-07-13 17:17:55,CW→CC,2025-07-13,,20160,20160
1316,58018431,Cristo Redentor,Lomas Coloradas,20180,L2,V1,2025-07-13 19:20:50,2025-07-13 19:42:55,CW→CC,2025-07-13,,20180,20180
1317,58018558,La Leonera,UTF Santa Maria,20850,L1,V1,2025-07-13 09:06:18,2025-07-13 10:09:55,HQ→TH,2025-07-13,,20850,20850
1318,58018958,Los Canelos,Cristo Redentor,20135,L2,V1,2025-07-13 11:42:53,2025-07-13 12:07:38,CC→CW,2025-07-13,,20135,20135
1319,58018958,Los Canelos,Diagonal Bio Bio,20160,L2,V1,2025-07-13 16:52:08,2025-07-13 17:25:33,CW→CC,2025-07-13,,20160,20160
1320,58018958,Diagonal Bio Bio,Los Canelos,20181,L2,V1,2025-07-13 19:25:13,2025-07-13 20:36:17,CC→CW,2025-07-13,,20181,20181
1321,58019091,Higueras,Pedro Medina,20857,L1,V1,2025-07-13 08:38:06,2025-07-13 09:12:25,TH→HQ,2025-07-13,,20857,20857
1322,58019168,Cdal. Raul Silva Henriquez,Lomas Coloradas,20122,L2,V1,2025-07-13 08:53:07,2025-07-13 09:07:16,CW→CC,2025-07-13,,20122,20122
1323,58019319,El Parque,Lomas Coloradas,20169,L2,V1,2025-07-13 18:25:46,2025-07-13 18:51:36,CC→CW,2025-07-13,,20169,20169
1324,58020920,Chiguayante,Concepcion,20844,L1,V1,2025-07-13 12:31:39,2025-07-13 12:52:50,HQ→TH,2025-07-13,,20844,20844
1325,58020920,Concepcion,Chiguayante,20847,L1,V1,2025-07-13 20:06:55,2025-07-13 20:41:13,TH→HQ,2025-07-13,,20847,20847
1326,58021093,Coronel,Diagonal Bio Bio,20180,L2,V1,2025-07-13 19:00:35,2025-07-13 19:56:05,CW→CC,2025-07-13,,20180,20180
1327,58021119,Hualqui,Higueras,20844,L1,V1,2025-07-13 12:14:27,2025-07-13 13:08:48,HQ→TH,2025-07-13,,20844,20844
1328,58022131,Cristo Redentor,Concepcion,,,N/A,2025-07-13 10:35:19,2025-07-13 11:20:07,,2025-07-13,sin_combo_factible_en_hub|sin_s1_factible_retro,,
1329,58022221,Cristo Redentor,Lomas Coloradas,20134,L2,V1,2025-07-13 10:31:46,2025-07-13 10:56:50,CW→CC,2025-07-13,,20134,
1330,58022656,Concepcion,Los Canelos,,,N/A,2025-07-13 16:16:12,2025-07-13 17:13:12,,2025-07-13,sin_combo_factible_en_hub|sin_s2_por_salida,,
1331,58022712,Diagonal Bio Bio,Cristo Redentor,20147,L2,V1,2025-07-13 14:27:39,2025-07-13 15:18:04,CC→CW,2025-07-13,,20147,20147
1332,58022810,Hito Galvarino,Cdal. Raul Silva Henriquez,20138,L2,V1,2025-07-13 11:36:51,2025-07-13 11:50:28,CW→CC,2025-07-13,,20138,20138
1333,58022810,Cdal. Raul Silva Henriquez,Hito Galvarino,20139,L2,V1,2025-07-13 12:42:53,2025-07-13 12:50:29,CC→CW,2025-07-13,,20139,20139
1334,58023154,Coronel,Diagonal Bio Bio,20138,L2,V1,2025-07-13 11:22:16,2025-07-13 12:03:34,CW→CC,2025-07-13,,20138,20138
1335,58023310,Los Canelos,Concepcion,,,N/A,2025-07-13 18:13:27,2025-07-13 19:15:23,,2025-07-13,sin_combo_factible_en_hub|sin_s1_factible_retro,,
1336,58023995,Lomas Coloradas,Laguna Quinenco,20147,L2,V1,2025-07-13 14:57:04,2025-07-13 15:20:07,CC→CW,2025-07-13,,20147,20147
1337,58023995,Laguna Quinenco,Lomas Coloradas,20180,L2,V1,2025-07-13 19:11:10,2025-07-13 19:42:33,CW→CC,2025-07-13,,20180,20180
1338,58024963,Laguna Quinenco,Costa Mar,20180,L2,V1,2025-07-13 19:04:12,2025-07-13 19:47:25,CW→CC,2025-07-13,,20180,
1339,58026093,Laguna Quinenco,El Parque,20160,L2,V1,2025-07-13 16:38:32,2025-07-13 17:15:22,CW→CC,2025-07-13,,20160,20160
1340,58026093,El Parque,Cristo Redentor,20169,L2,V1,2025-07-13 18:29:49,2025-07-13 19:09:12,CC→CW,2025-07-13,,20169,20169
1341,58026493,La Leonera,Concepcion,20850,L1,V1,2025-07-13 09:28:40,2025-07-13 10:02:07,HQ→TH,2025-07-13,,20850,20850
1342,58028194,Coronel,Lomas Coloradas,20138,L2,V1,2025-07-13 11:22:10,2025-07-13 11:52:38,CW→CC,2025-07-13,,20138,20138
1343,58028284,Coronel,Huinca,20172,L2,V1,2025-07-13 18:12:16,2025-07-13 18:30:47,CW→CC,2025-07-13,,20172,20172
1344,58028434,Los Canelos,Diagonal Bio Bio,20130,L2,V1,2025-07-13 09:50:46,2025-07-13 10:25:31,CW→CC,2025-07-13,,20130,20130
1345,58028505,Laguna Quinenco,Diagonal Bio Bio,20140,L2,V1,2025-07-13 12:19:40,2025-07-13 12:55:46,CW→CC,2025-07-13,,20140,20140
1346,58028576,Huinca,Lomas Coloradas,20180,L2,V1,2025-07-13 19:28:03,2025-07-13 19:42:17,CW→CC,2025-07-13,,20180,
1347,58028981,Hito Galvarino,Concepcion,,,N/A,2025-07-13 18:57:04,2025-07-13 20:08:07,,2025-07-13,sin_combo_factible_en_hub|sin_s1_factible_retro,,
1348,58029049,El Parque,Hito Galvarino,20161,L2,V1,2025-07-13 17:36:06,2025-07-13 17:59:38,CC→CW,2025-07-13,,20161,20161
1349,58029668,Diagonal Bio Bio,Cristo Redentor,20147,L2,V1,2025-07-13 14:43:24,2025-07-13 15:18:07,CC→CW,2025-07-13,,20147,20147
1350,58030591,Huinca,Concepcion,,,N/A,2025-07-13 13:47:14,2025-07-13 19:38:00,,2025-07-13,sin_combo_factible_en_hub|sin_s1_factible_retro,,
1351,58031047,Cdal. Raul Silva Henriquez,Los Canelos,20151,L2,V1,2025-07-13 15:49:56,2025-07-13 16:05:52,CC→CW,2025-07-13,,20151,20151
1352,58031047,Los Canelos,Cdal. Raul Silva Henriquez,20168,L2,V1,2025-07-13 17:53:30,2025-07-13 18:10:17,CW→CC,2025-07-13,,20168,20168
1353,58031714,Los Canelos,Concepcion,,,N/A,2025-07-13 11:51:09,2025-07-13 13:05:25,,2025-07-13,sin_combo_factible_en_hub|sin_s1_factible_retro,,
1354,58031714,Concepcion,Los Canelos,,,N/A,2025-07-13 18:05:14,2025-07-13 19:03:16,,2025-07-13,sin_combo_factible_en_hub|sin_s2_por_salida,,
1355,58031772,Laguna Quinenco,El Parque,20134,L2,V1,2025-07-13 10:30:20,2025-07-13 11:01:43,CW→CC,2025-07-13,,20134,20134
1356,58031772,El Parque,Laguna Quinenco,20143,L2,V1,2025-07-13 13:29:34,2025-07-13 13:55:38,CC→CW,2025-07-13,,20143,20143
1357,58031781,Los Canelos,Hito Galvarino,20180,L2,V1,2025-07-13 19:16:50,2025-07-13 19:34:26,CW→CC,2025-07-13,,20180,20180
1358,58032154,Cristo Redentor,Diagonal Bio Bio,20122,L2,V1,2025-07-13 08:49:55,2025-07-13 09:19:01,CW→CC,2025-07-13,,20122,20122
1359,58032271,Hito Galvarino,Cristo Redentor,20123,L2,V1,2025-07-13 09:52:43,2025-07-13 10:02:37,CC→CW,2025-07-13,,20123,20123
1360,58032386,Los Condores,La Leonera,20847,L1,V1,2025-07-13 20:05:44,2025-07-13 20:49:19,TH→HQ,2025-07-13,,20847,20847
1361,72787328,Concepcion,Concepcion,,,N/A,2025-07-13 13:21:07,2025-07-13 13:21:35,,2025-07-13,no viajo,,
1362,72787328,Concepcion,Concepcion,,,N/A,2025-07-13 13:52:44,2025-07-13 13:54:04,,2025-07-13,no viajo,,
1363,72792317,Concepcion,Laguna Quinenco,,,N/A,2025-07-13 18:29:24,2025-07-13 19:41:31,,2025-07-13,sin_combo_factible_en_hub|sin_s2_por_salida,,
1364,72797952,Cristo Redentor,Diagonal Bio Bio,20146,L2,V1,2025-07-13 13:47:19,2025-07-13 14:23:47,CW→CC,2025-07-13,,20146,20146
1365,72798768,Cdal. Raul Silva Henriquez,Concepcion,,,N/A,2025-07-13 12:37:02,2025-07-13 13:03:22,,2025-07-13,sin_combo_factible_en_hub|sin_s1_factible_retro,,
1366,83570834,Manquimavida,UTF Santa Maria,20850,L1,V1,2025-07-13 09:39:45,2025-07-13 10:10:19,HQ→TH,2025-07-13,,20850,20850
1367,83844914,Cristo Redentor,El Parque,20154,L2,V1,2025-07-13 15:30:57,2025-07-13 16:05:23,CW→CC,2025-07-13,,20154,20154
1368,83844914,El Parque,Cristo Redentor,20155,L2,V1,2025-07-13 16:48:20,2025-07-13 17:17:10,CC→CW,2025-07-13,,20155,20155
1369,83847156,Huinca,Lomas Coloradas,20140,L2,V1,2025-07-13 12:17:46,2025-07-13 12:42:11,CW→CC,2025-07-13,,20140,20140
1370,83847156,Concepcion,Lomas Coloradas,,,N/A,2025-07-13 19:02:05,2025-07-13 19:37:50,,2025-07-13,sin_combo_factible_en_hub|sin_s2_por_salida,,
1371,83951036,Cdal. Raul Silva Henriquez,Concepcion,,,N/A,2025-07-13 18:57:44,2025-07-13 20:08:51,,2025-07-13,sin_combo_factible_en_hub|sin_s1_factible_retro,,
1372,83952413,El Parque,Costa Mar,20138,L2,V1,2025-07-13 11:49:12,2025-07-13 11:57:46,CW→CC,2025-07-13,,20138,20138
1373,83952413,Costa Mar,Lomas Coloradas,20147,L2,V1,2025-07-13 14:53:33,2025-07-13 15:01:31,CC→CW,2025-07-13,,20147,20147
1374,83952503,Diagonal Bio Bio,Cristo Redentor,20135,L2,V1,2025-07-13 11:15:34,2025-07-13 12:07:34,CC→CW,2025-07-13,,20135,20135
1375,84239543,Cristo Redentor,Diagonal Bio Bio,20130,L2,V1,2025-07-13 09:13:08,2025-07-13 10:24:18,CW→CC,2025-07-13,,20130,
1376,84259818,Diagonal Bio Bio,Coronel,20123,L2,V1,2025-07-13 09:27:04,2025-07-13 10:08:21,CC→CW,2025-07-13,,20123,20123
1377,84323096,Concepcion,Mercado,20848,L1,V1,2025-07-13 20:55:50,2025-07-13 21:34:15,HQ→TH,2025-07-13,,20848,20848
1378,84325007,Laguna Quinenco,Cristo Redentor,20150,L2,V1,2025-07-13 14:44:40,2025-07-13 14:51:06,CW→CC,2025-07-13,,20150,20150
1379,84337998,Laguna Quinenco,Costa Mar,20146,L2,V1,2025-07-13 13:48:18,2025-07-13 14:18:01,CW→CC,2025-07-13,,20146,20146
1380,85514532,Hito Galvarino,Concepcion,,,N/A,2025-07-13 16:56:09,2025-07-13 17:36:02,,2025-07-13,sin_combo_factible_en_hub|sin_s1_factible_retro,,
1381,85968438,Laguna Quinenco,Diagonal Bio Bio,20146,L2,V1,2025-07-13 13:47:36,2025-07-13 14:25:07,CW→CC,2025-07-13,,20146,20146
1382,96569296,Concepcion,Los Canelos,,,N/A,2025-07-13 19:27:32,2025-07-13 20:35:10,,2025-07-13,sin_combo_factible_en_hub|sin_s2_por_salida,,
1383,96591279,Hito Galvarino,Concepcion,,,N/A,2025-07-13 11:36:25,2025-07-13 12:19:59,,2025-07-13,sin_combo_factible_en_hub|sin_s1_factible_retro,,
1384,96591279,Concepcion,Hito Galvarino,,,N/A,2025-07-13 18:53:50,2025-07-13 20:32:02,,2025-07-13,sin_combo_factible_en_hub|sin_s2_por_salida,,
1385,96615681,Lomas Coloradas,Los Canelos,20143,L2,V1,2025-07-13 13:33:58,2025-07-13 13:48:13,CC→CW,2025-07-13,,20143,20143
1386,222364984,Los Canelos,Diagonal Bio Bio,20138,L2,V1,2025-07-13 11:31:13,2025-07-13 12:04:41,CW→CC,2025-07-13,,20138,20138
1387,222364984,Diagonal Bio Bio,Los Canelos,20151,L2,V1,2025-07-13 15:35:45,2025-07-13 16:03:20,CC→CW,2025-07-13,,20151,20151
1388,222399396,Cristo Redentor,Concepcion,,,N/A,2025-07-13 12:15:45,2025-07-13 13:03:07,,2025-07-13,sin_combo_factible_en_hub|sin_s1_factible_retro,,
1389,222399396,Concepcion,Cristo Redentor,,,N/A,2025-07-13 18:27:25,2025-07-13 19:37:40,,2025-07-13,sin_combo_factible_en_hub|sin_s2_por_salida,,
1390,222399397,Cristo Redentor,Concepcion,,,N/A,2025-07-13 12:15:46,2025-07-13 13:03:09,,2025-07-13,sin_combo_factible_en_hub|sin_s1_factible_retro,,
1391,222399397,Concepcion,Cristo Redentor,,,N/A,2025-07-13 18:27:26,2025-07-13 19:37:41,,2025-07-13,sin_combo_factible_en_hub|sin_s2_por_salida,,
1392,222466719,Laguna Quinenco,Cdal. Raul Silva Henriquez,20160,L2,V1,2025-07-13 16:46:20,2025-07-13 17:10:07,CW→CC,2025-07-13,,20160,20160
1393,222466719,Cdal. Raul Silva Henriquez,Laguna Quinenco,20169,L2,V1,2025-07-13 18:47:48,2025-07-13 19:12:31,CC→CW,2025-07-13,,20169,20169
1394,232089256,Cristo Redentor,Concepcion,,,N/A,2025-07-13 17:47:09,2025-07-13 18:36:05,,2025-07-13,sin_combo_factible_en_hub|sin_s1_factible_retro,,
1395,232120714,Huinca,Concepcion,,,N/A,2025-07-13 16:57:32,2025-07-13 17:34:03,,2025-07-13,sin_combo_factible_en_hub|sin_s1_factible_retro,,
1396,232143431,Concepcion,Cristo Redentor,,,N/A,2025-07-13 19:39:27,2025-07-13 20:37:33,,2025-07-13,sin_combo_factible_en_hub|sin_s2_por_salida,,
1397,232143484,Costa Mar,Hito Galvarino,20169,L2,V1,2025-07-13 18:22:38,2025-07-13 18:59:54,CC→CW,2025-07-13,,20169,20169
1398,232156407,Huinca,Concepcion,,,N/A,2025-07-13 08:50:21,2025-07-13 09:29:00,,2025-07-13,sin_combo_factible_en_hub|sin_s1_factible_retro,,
1399,232156407,Concepcion,Huinca,,,N/A,2025-07-13 19:23:06,2025-07-13 20:37:57,,2025-07-13,sin_combo_factible_en_hub|sin_s2_por_salida,,
1400,232156788,Cdal. Raul Silva Henriquez,Lomas Coloradas,20154,L2,V1,2025-07-13 15:52:29,2025-07-13 16:02:43,CW→CC,2025-07-13,,20154,20154
1401,232156788,Lomas Coloradas,Cdal. Raul Silva Henriquez,20181,L2,V1,2025-07-13 20:02:55,2025-07-13 20:25:24,CC→CW,2025-07-13,,20181,20181
1402,232208535,Huinca,El Parque,20168,L2,V1,2025-07-13 17:55:48,2025-07-13 18:16:33,CW→CC,2025-07-13,,20168,20168
1403,232214844,El Parque,Lomas Coloradas,20169,L2,V1,2025-07-13 18:25:38,2025-07-13 18:51:34,CC→CW,2025-07-13,,20169,20169
1404,232227843,Los Canelos,Coronel,20151,L2,V1,2025-07-13 15:59:06,2025-07-13 16:14:33,CC→CW,2025-07-13,,20151,20151
1405,232227843,Coronel,Los Canelos,20160,L2,V1,2025-07-13 16:45:16,2025-07-13 17:01:33,CW→CC,2025-07-13,,20160,20160
1406,232232522,Diagonal Bio Bio,Los Canelos,20181,L2,V1,2025-07-13 20:09:05,2025-07-13 20:35:26,CC→CW,2025-07-13,,20181,20181
1407,232235033,Lomas Coloradas,Huinca,20151,L2,V1,2025-07-13 15:45:18,2025-07-13 16:05:50,CC→CW,2025-07-13,,20151,20151
1408,232248484,El Parque,Cristo Redentor,20147,L2,V1,2025-07-13 14:37:02,2025-07-13 15:18:46,CC→CW,2025-07-13,,20147,20147
1409,232256190,Concepcion,Laguna Quinenco,,,N/A,2025-07-13 17:12:07,2025-07-13 18:10:16,,2025-07-13,sin_combo_factible_en_hub|sin_s2_por_salida,,
1410,232258600,Lomas Coloradas,Costa Mar,20168,L2,V1,2025-07-13 18:10:34,2025-07-13 18:17:54,CW→CC,2025-07-13,,20168,20168
1411,232260654,Lomas Coloradas,Diagonal Bio Bio,20172,L2,V1,2025-07-13 18:37:48,2025-07-13 18:53:16,CW→CC,2025-07-13,,20172,20172
1412,232260754,Lomas Coloradas,Diagonal Bio Bio,20130,L2,V1,2025-07-13 09:48:23,2025-07-13 10:24:48,CW→CC,2025-07-13,,20130,
1413,232338335,Costa Mar,El Parque,20173,L2,V1,2025-07-13 19:11:27,2025-07-13 19:18:33,CC→CW,2025-07-13,,20173,20173
1414,232361394,Lomas Coloradas,El Parque,20122,L2,V1,2025-07-13 09:06:08,2025-07-13 09:10:54,CW→CC,2025-07-13,,20122,20122
1415,232361394,UTF Santa Maria,Los Condores,20844,L1,V1,2025-07-13 12:58:19,2025-07-13 13:05:31,HQ→TH,2025-07-13,,20844,20844
1416,232374621,Lomas Coloradas,Concepcion,,,N/A,2025-07-13 18:38:39,2025-07-13 19:15:37,,2025-07-13,sin_combo_factible_en_hub|sin_s1_factible_retro,,
1417,232380532,Diagonal Bio Bio,Costa Mar,20147,L2,V1,2025-07-13 14:47:33,2025-07-13 14:55:51,CC→CW,2025-07-13,,20147,20147
1418,232385260,Cristo Redentor,Diagonal Bio Bio,20130,L2,V1,2025-07-13 09:53:50,2025-07-13 10:23:38,CW→CC,2025-07-13,,20130,
1419,232411087,Coronel,Los Canelos,20138,L2,V1,2025-07-13 11:30:11,2025-07-13 11:41:36,CW→CC,2025-07-13,,20138,20138
1420,232411116,Lomas Coloradas,Los Canelos,20181,L2,V1,2025-07-13 20:13:43,2025-07-13 20:35:58,CC→CW,2025-07-13,,20181,20181
1421,232412507,Hito Galvarino,Diagonal Bio Bio,20134,L2,V1,2025-07-13 10:41:09,2025-07-13 11:08:13,CW→CC,2025-07-13,,20134,
1422,232412507,Diagonal Bio Bio,Hito Galvarino,20139,L2,V1,2025-07-13 12:22:39,2025-07-13 12:49:30,CC→CW,2025-07-13,,20139,20139
1423,232414528,Cdal. Raul Silva Henriquez,Concepcion,,,N/A,2025-07-13 11:43:20,2025-07-13 12:14:38,,2025-07-13,sin_combo_factible_en_hub|sin_s1_factible_retro,,
1424,232435034,Lomas Coloradas,Concepcion,,,N/A,2025-07-13 13:19:29,2025-07-13 14:39:50,,2025-07-13,sin_combo_factible_en_hub|sin_s1_factible_retro,,
1425,232435034,Concepcion,Lomas Coloradas,,,N/A,2025-07-13 15:56:05,2025-07-13 16:54:20,,2025-07-13,sin_combo_factible_en_hub|sin_s2_por_salida,,
1426,232435448,Cristo Redentor,Diagonal Bio Bio,20130,L2,V1,2025-07-13 09:12:53,2025-07-13 10:24:07,CW→CC,2025-07-13,,20130,
1427,232436757,Cdal. Raul Silva Henriquez,Diagonal Bio Bio,20122,L2,V1,2025-07-13 08:53:50,2025-07-13 09:19:07,CW→CC,2025-07-13,,20122,20122
1428,232465807,Los Canelos,Concepcion,,,N/A,2025-07-13 19:26:22,2025-07-13 20:11:06,,2025-07-13,sin_combo_factible_en_hub|sin_s1_factible_retro,,
1429,232466206,Cristo Redentor,Costa Mar,20150,L2,V1,2025-07-13 14:49:51,2025-07-13 15:12:47,CW→CC,2025-07-13,,20150,20150
1430,232466231,Los Canelos,Lomas Coloradas,20130,L2,V1,2025-07-13 09:55:23,2025-07-13 10:14:08,CW→CC,2025-07-13,,20130,20130
1431,232471286,Cristo Redentor,Laguna Quinenco,20173,L2,V1,2025-07-13 19:36:36,2025-07-13 19:48:04,CC→CW,2025-07-13,,20173,20173
1432,232471328,El Parque,Diagonal Bio Bio,20154,L2,V1,2025-07-13 16:03:09,2025-07-13 16:14:22,CW→CC,2025-07-13,,20154,20154
1433,232495930,Laguna Quinenco,Concepcion,,,N/A,2025-07-13 08:43:21,2025-07-13 09:29:52,,2025-07-13,sin_combo_factible_en_hub|sin_s1_factible_retro,,
1434,232495930,Concepcion,Laguna Quinenco,,,N/A,2025-07-13 14:27:31,2025-07-13 15:20:45,,2025-07-13,sin_combo_factible_en_hub|sin_s2_por_salida,,
1435,232498140,Coronel,Concepcion,,,N/A,2025-07-13 10:21:13,2025-07-13 11:24:50,,2025-07-13,sin_combo_factible_en_hub|sin_s1_factible_retro,,
1436,232498140,Hito Galvarino,Los Canelos,20147,L2,V1,2025-07-13 15:01:28,2025-07-13 15:15:41,CC→CW,2025-07-13,,20147,20147
1437,232509261,Concepcion,Huinca,,,N/A,2025-07-13 18:14:29,2025-07-13 19:05:22,,2025-07-13,sin_combo_factible_en_hub|sin_s2_por_salida,,
1438,232519606,Laguna Quinenco,Diagonal Bio Bio,20168,L2,V1,2025-07-13 17:46:32,2025-07-13 18:23:46,CW→CC,2025-07-13,,20168,20168
1439,232532058,Los Canelos,Cristo Redentor,20139,L2,V1,2025-07-13 12:51:19,2025-07-13 12:59:27,CC→CW,2025-07-13,,20139,20139
1440,232532058,Cristo Redentor,Los Canelos,20146,L2,V1,2025-07-13 13:51:30,2025-07-13 14:01:18,CW→CC,2025-07-13,,20146,20146
1441,232533875,Lomas Coloradas,Los Canelos,20147,L2,V1,2025-07-13 14:55:34,2025-07-13 15:14:28,CC→CW,2025-07-13,,20147,20147
1442,232573624,Concepcion,Cristo Redentor,,,N/A,2025-07-13 15:21:25,2025-07-13 16:07:53,,2025-07-13,sin_combo_factible_en_hub|sin_s2_por_salida,,
1443,232573828,Lomas Coloradas,Concepcion,,,N/A,2025-07-13 18:07:39,2025-07-13 18:31:05,,2025-07-13,sin_combo_factible_en_hub|sin_s1_factible_retro,,
1444,232575580,Coronel,Concepcion,,,N/A,2025-07-13 10:27:17,2025-07-13 11:21:58,,2025-07-13,sin_combo_factible_en_hub|sin_s1_factible_retro,,
1445,232575580,Concepcion,Laguna Quinenco,,,N/A,2025-07-13 15:36:58,2025-07-13 17:21:24,,2025-07-13,sin_combo_factible_en_hub|sin_s2_por_salida,,
1446,232582447,Lomas Coloradas,Concepcion,,,N/A,2025-07-13 15:03:20,2025-07-13 15:55:11,,2025-07-13,sin_combo_factible_en_hub|sin_s1_factible_retro,,
1447,232654982,Cdal. Raul Silva Henriquez,Concepcion,,,N/A,2025-07-13 13:59:11,2025-07-13 14:36:18,,2025-07-13,sin_combo_factible_en_hub|sin_s1_factible_retro,,
1448,242094877,Huinca,Diagonal Bio Bio,20146,L2,V1,2025-07-13 13:55:23,2025-07-13 14:24:30,CW→CC,2025-07-13,,20146,20146
1449,242139535,Huinca,Diagonal Bio Bio,20160,L2,V1,2025-07-13 16:58:01,2025-07-13 17:23:49,CW→CC,2025-07-13,,20160,20160
1450,242139535,Diagonal Bio Bio,Cdal. Raul Silva Henriquez,20181,L2,V1,2025-07-13 20:02:30,2025-07-13 20:25:47,CC→CW,2025-07-13,,20181,20181
1451,242164062,Cdal. Raul Silva Henriquez,Laguna Quinenco,20147,L2,V1,2025-07-13 14:53:56,2025-07-13 15:20:19,CC→CW,2025-07-13,,20147,20147
1452,242164062,Laguna Quinenco,Cdal. Raul Silva Henriquez,20172,L2,V1,2025-07-13 18:21:02,2025-07-13 18:40:37,CW→CC,2025-07-13,,20172,20172
1453,242165428,Coronel,El Parque,20160,L2,V1,2025-07-13 16:44:43,2025-07-13 17:15:05,CW→CC,2025-07-13,,20160,20160
1454,242165428,Costa Mar,Cristo Redentor,20181,L2,V1,2025-07-13 19:40:21,2025-07-13 20:38:05,CC→CW,2025-07-13,,20181,20181
1455,242165486,Los Canelos,Coronel,20143,L2,V1,2025-07-13 13:47:14,2025-07-13 13:58:03,CC→CW,2025-07-13,,20143,20143
1456,242194533,Los Canelos,Huinca,20139,L2,V1,2025-07-13 12:46:50,2025-07-13 12:56:55,CC→CW,2025-07-13,,20139,20139
1457,242202685,Los Canelos,Concepcion,,,N/A,2025-07-13 11:36:53,2025-07-13 12:15:35,,2025-07-13,sin_combo_factible_en_hub|sin_s1_factible_retro,,
1458,242222957,Lomas Coloradas,Los Canelos,20173,L2,V1,2025-07-13 19:16:06,2025-07-13 19:34:02,CC→CW,2025-07-13,,20173,20173
1459,242237329,Coronel,Concepcion,,,N/A,2025-07-13 18:09:19,2025-07-13 19:16:08,,2025-07-13,sin_combo_factible_en_hub|sin_s1_factible_retro,,
1460,242246489,Pedro Medina,Hualqui,20859,L1,V1,2025-07-13 13:07:52,2025-07-13 13:28:45,TH→HQ,2025-07-13,,20859,20859
1461,242246489,Hualqui,Pedro Medina,20846,L1,V1,2025-07-13 16:53:12,2025-07-13 17:20:11,HQ→TH,2025-07-13,,20846,20846
1462,242246490,Pedro Medina,Hualqui,20859,L1,V1,2025-07-13 13:07:23,2025-07-13 13:28:51,TH→HQ,2025-07-13,,20859,20859
1463,242246490,Hualqui,Pedro Medina,20846,L1,V1,2025-07-13 16:53:29,2025-07-13 17:20:01,HQ→TH,2025-07-13,,20846,20846
1464,242278824,Coronel,Laguna Quinenco,20160,L2,V1,2025-07-13 16:42:29,2025-07-13 16:53:34,CW→CC,2025-07-13,,20160,20160
1465,242278929,Hito Galvarino,Huinca,20147,L2,V1,2025-07-13 14:47:11,2025-07-13 15:15:45,CC→CW,2025-07-13,,20147,20147
1466,242278929,Cristo Redentor,Hito Galvarino,20168,L2,V1,2025-07-13 17:40:26,2025-07-13 18:03:24,CW→CC,2025-07-13,,20168,20168
1467,242283648,Costa Mar,Cdal. Raul Silva Henriquez,20143,L2,V1,2025-07-13 13:22:52,2025-07-13 13:38:54,CC→CW,2025-07-13,,20143,20143
1468,242283648,Cdal. Raul Silva Henriquez,Costa Mar,20172,L2,V1,2025-07-13 18:37:45,2025-07-13 18:48:29,CW→CC,2025-07-13,,20172,20172
1469,242290167,Hualqui,Mercado,20850,L1,V1,2025-07-13 09:20:11,2025-07-13 10:23:53,HQ→TH,2025-07-13,,20850,20850
1470,242291402,Lomas Coloradas,Cdal. Raul Silva Henriquez,20161,L2,V1,2025-07-13 17:49:05,2025-07-13 17:53:30,CC→CW,2025-07-13,,20161,20161
1471,242303837,Lomas Coloradas,Los Canelos,20169,L2,V1,2025-07-13 18:16:01,2025-07-13 19:03:29,CC→CW,2025-07-13,,20169,20169
1472,242358761,Cristo Redentor,Concepcion,,,N/A,2025-07-13 08:45:56,2025-07-13 09:33:39,,2025-07-13,sin_combo_factible_en_hub|sin_s1_factible_retro,,
1473,242359170,Los Canelos,Hito Galvarino,20180,L2,V1,2025-07-13 19:25:26,2025-07-13 19:33:52,CW→CC,2025-07-13,,20180,20180
1474,242396900,Concepcion,La Leonera,20859,L1,V1,2025-07-13 12:54:23,2025-07-13 13:17:29,TH→HQ,2025-07-13,,20859,20859
1475,242444241,Manquimavida,Concepcion,20846,L1,V1,2025-07-13 17:15:57,2025-07-13 17:33:38,HQ→TH,2025-07-13,,20846,20846
1476,242444371,Costa Mar,Diagonal Bio Bio,20154,L2,V1,2025-07-13 16:05:20,2025-07-13 16:13:45,CW→CC,2025-07-13,,20154,20154
1477,242444590,Cdal. Raul Silva Henriquez,Huinca,20143,L2,V1,2025-07-13 13:33:04,2025-07-13 13:50:50,CC→CW,2025-07-13,,20143,20143
1478,242444889,Cdal. Raul Silva Henriquez,Laguna Quinenco,20169,L2,V1,2025-07-13 18:51:24,2025-07-13 19:10:41,CC→CW,2025-07-13,,20169,20169
1479,242456562,Concepcion,Lomas Coloradas,,,N/A,2025-07-13 14:29:38,2025-07-13 14:55:07,,2025-07-13,sin_combo_factible_en_hub|sin_s2_por_salida,,
1480,242456583,Diagonal Bio Bio,Alborada,20173,L2,V1,2025-07-13 19:05:28,2025-07-13 19:15:00,CC→CW,2025-07-13,,20173,20173
1481,242459167,Lomas Coloradas,Los Canelos,20131,L2,V1,2025-07-13 10:58:16,2025-07-13 11:13:28,CC→CW,2025-07-13,,20131,20131
1482,242459347,UTF Santa Maria,Laguna Quinenco,,,N/A,2025-07-13 16:03:38,2025-07-13 17:20:47,,2025-07-13,sin_combo_factible_en_hub|sin_s2_por_salida,,
1483,242488465,Cristo Redentor,Lomas Coloradas,20134,L2,V1,2025-07-13 10:29:14,2025-07-13 10:56:33,CW→CC,2025-07-13,,20134,
1484,242488465,Concepcion,Huinca,,,N/A,2025-07-13 13:04:27,2025-07-13 13:50:48,,2025-07-13,sin_combo_factible_en_hub|sin_s2_por_salida,,
1485,242488532,Cdal. Raul Silva Henriquez,Cristo Redentor,20131,L2,V1,2025-07-13 10:58:21,2025-07-13 11:17:57,CC→CW,2025-07-13,,20131,20131
1486,242488532,Cristo Redentor,Cdal. Raul Silva Henriquez,20180,L2,V1,2025-07-13 19:19:07,2025-07-13 19:40:13,CW→CC,2025-07-13,,20180,20180
1487,242489811,Lomas Coloradas,El Parque,20134,L2,V1,2025-07-13 10:53:48,2025-07-13 11:01:52,CW→CC,2025-07-13,,20134,20134
1488,242489811,Costa Mar,Lomas Coloradas,20147,L2,V1,2025-07-13 14:53:31,2025-07-13 15:01:28,CC→CW,2025-07-13,,20147,20147
1489,242523132,Los Canelos,Alborada,20134,L2,V1,2025-07-13 10:42:03,2025-07-13 11:04:59,CW→CC,2025-07-13,,20134,
1490,242541800,Hito Galvarino,Diagonal Bio Bio,20150,L2,V1,2025-07-13 14:40:10,2025-07-13 15:18:50,CW→CC,2025-07-13,,20150,20150
1491,242541800,Diagonal Bio Bio,Hito Galvarino,20173,L2,V1,2025-07-13 18:46:39,2025-07-13 19:29:38,CC→CW,2025-07-13,,20173,20169
1492,242549709,Coronel,Cristo Redentor,20180,L2,V1,2025-07-13 19:17:56,2025-07-13 19:26:24,CW→CC,2025-07-13,,20180,20180
1493,242577636,Cristo Redentor,Diagonal Bio Bio,20138,L2,V1,2025-07-13 11:15:07,2025-07-13 12:03:15,CW→CC,2025-07-13,,20138,20138
1494,242578406,Huinca,Lomas Coloradas,20172,L2,V1,2025-07-13 18:25:37,2025-07-13 18:43:22,CW→CC,2025-07-13,,20172,20172
1495,242579612,Lomas Coloradas,Costa Mar,20168,L2,V1,2025-07-13 18:11:26,2025-07-13 18:18:08,CW→CC,2025-07-13,,20168,20168
1496,242623893,Lomas Coloradas,Costa Mar,20172,L2,V1,2025-07-13 18:32:09,2025-07-13 18:48:43,CW→CC,2025-07-13,,20172,20172
1497,242624066,Costa Mar,Diagonal Bio Bio,20168,L2,V1,2025-07-13 18:08:57,2025-07-13 18:23:26,CW→CC,2025-07-13,,20168,20168
1498,242629248,Concepcion,Cristo Redentor,,,N/A,2025-07-13 19:11:00,2025-07-13 20:38:26,,2025-07-13,sin_combo_factible_en_hub|sin_s2_por_salida,,
1499,242629268,Diagonal Bio Bio,Laguna Quinenco,20123,L2,V1,2025-07-13 09:17:15,2025-07-13 10:05:14,CC→CW,2025-07-13,,20123,20123
1500,242629268,Laguna Quinenco,Diagonal Bio Bio,20168,L2,V1,2025-07-13 17:44:24,2025-07-13 18:23:20,CW→CC,2025-07-13,,20168,20168
1501,242631511,Laguna Quinenco,Lomas Coloradas,20168,L2,V1,2025-07-13 17:37:19,2025-07-13 18:12:38,CW→CC,2025-07-13,,20168,20168
1502,242634523,Laguna Quinenco,Cristo Redentor,20168,L2,V1,2025-07-13 17:43:44,2025-07-13 17:56:33,CW→CC,2025-07-13,,20168,20168
1503,242697089,Concepcion,Costa Mar,,,N/A,2025-07-13 17:13:28,2025-07-13 18:18:33,,2025-07-13,sin_combo_factible_en_hub|sin_s2_por_salida,,
1504,242697777,Los Canelos,Concepcion,,,N/A,2025-07-13 13:16:47,2025-07-13 14:37:01,,2025-07-13,sin_combo_factible_en_hub|sin_s1_factible_retro,,
1505,242711009,Cristo Redentor,Concepcion,,,N/A,2025-07-13 08:50:38,2025-07-13 09:33:40,,2025-07-13,sin_combo_factible_en_hub|sin_s1_factible_retro,,
1506,252019243,Higueras,Cdal. Raul Silva Henriquez,,,N/A,2025-07-13 16:00:54,2025-07-13 17:03:24,,2025-07-13,sin_combo_factible_en_hub|sin_s2_por_salida,,
1507,252036944,Los Canelos,El Parque,20146,L2,V1,2025-07-13 13:57:40,2025-07-13 14:16:01,CW→CC,2025-07-13,,20146,20146
1508,252037339,Concepcion,Concepcion,,,N/A,2025-07-13 18:36:08,2025-07-13 18:37:16,,2025-07-13,no viajo,,
1509,252042858,Coronel,Diagonal Bio Bio,20180,L2,V1,2025-07-13 19:13:14,2025-07-13 19:55:17,CW→CC,2025-07-13,,20180,20180
1510,252043293,Concepcion,Huinca,,,N/A,2025-07-13 10:25:36,2025-07-13 11:14:50,,2025-07-13,sin_combo_factible_en_hub|sin_s2_por_salida,,
1511,252043293,Huinca,Concepcion,,,N/A,2025-07-13 19:23:24,2025-07-13 20:10:43,,2025-07-13,sin_combo_factible_en_hub|sin_s1_factible_retro,,
1512,252044121,Lomas Coloradas,Concepcion,,,N/A,2025-07-13 15:58:17,2025-07-13 16:32:15,,2025-07-13,sin_combo_factible_en_hub|sin_s1_factible_retro,,
1513,252044908,Cristo Redentor,Lomas Coloradas,20140,L2,V1,2025-07-13 12:13:15,2025-07-13 12:42:05,CW→CC,2025-07-13,,20140,20140
1514,252045168,Los Canelos,Costa Mar,20138,L2,V1,2025-07-13 11:38:28,2025-07-13 11:57:50,CW→CC,2025-07-13,,20138,20138
1515,252045934,Coronel,Concepcion,,,N/A,2025-07-13 19:02:04,2025-07-13 20:08:50,,2025-07-13,sin_combo_factible_en_hub|sin_s1_factible_retro,,
1516,252045966,Hito Galvarino,Concepcion,,,N/A,2025-07-13 11:36:29,2025-07-13 12:20:01,,2025-07-13,sin_combo_factible_en_hub|sin_s1_factible_retro,,
1517,252045966,Concepcion,Hito Galvarino,,,N/A,2025-07-13 18:53:48,2025-07-13 20:32:16,,2025-07-13,sin_combo_factible_en_hub|sin_s2_por_salida,,
1518,252048992,Lomas Coloradas,Costa Mar,20146,L2,V1,2025-07-13 14:10:34,2025-07-13 14:18:07,CW→CC,2025-07-13,,20146,20146
1519,252057464,Cristo Redentor,Concepcion,,,N/A,2025-07-13 18:17:47,2025-07-13 19:16:32,,2025-07-13,sin_combo_factible_en_hub|sin_s1_factible_retro,,
1520,252077424,Laguna Quinenco,Concepcion,,,N/A,2025-07-13 12:09:08,2025-07-13 13:04:52,,2025-07-13,sin_combo_factible_en_hub|sin_s1_factible_retro,,
1521,252077443,Lomas Coloradas,Cdal. Raul Silva Henriquez,20139,L2,V1,2025-07-13 12:39:55,2025-07-13 12:45:28,CC→CW,2025-07-13,,20139,20139
1522,252086301,Los Canelos,Concepcion,,,N/A,2025-07-13 18:26:53,2025-07-13 19:17:38,,2025-07-13,sin_combo_factible_en_hub|sin_s1_factible_retro,,
1523,252096110,Lomas Coloradas,Cristo Redentor,20181,L2,V1,2025-07-13 20:08:54,2025-07-13 20:38:14,CC→CW,2025-07-13,,20181,20181
1524,252107393,Concepcion,Laguna Quinenco,,,N/A,2025-07-13 17:33:28,2025-07-13 19:11:04,,2025-07-13,sin_combo_factible_en_hub|sin_s2_por_salida,,
1525,252108847,Huinca,Lomas Coloradas,20134,L2,V1,2025-07-13 10:25:00,2025-07-13 10:57:04,CW→CC,2025-07-13,,20134,
1526,252110675,Lomas Coloradas,Los Canelos,20151,L2,V1,2025-07-13 15:42:58,2025-07-13 16:03:24,CC→CW,2025-07-13,,20151,20151
1527,252124068,Lomas Coloradas,Diagonal Bio Bio,20180,L2,V1,2025-07-13 19:41:31,2025-07-13 19:55:40,CW→CC,2025-07-13,,20180,20180
1528,252124441,Los Canelos,Concepcion,,,N/A,2025-07-13 10:42:51,2025-07-13 11:18:24,,2025-07-13,sin_combo_factible_en_hub|sin_s1_factible_retro,,
1529,252124441,Diagonal Bio Bio,Los Canelos,20143,L2,V1,2025-07-13 13:02:19,2025-07-13 13:48:05,CC→CW,2025-07-13,,20143,20143
1530,252126414,Cristo Redentor,Concepcion,,,N/A,2025-07-13 10:29:48,2025-07-13 11:18:44,,2025-07-13,sin_combo_factible_en_hub|sin_s1_factible_retro,,
1531,252126566,Hito Galvarino,Los Canelos,20135,L2,V1,2025-07-13 11:54:01,2025-07-13 12:03:22,CC→CW,2025-07-13,,20135,20135
1532,252126566,Huinca,Hito Galvarino,20180,L2,V1,2025-07-13 19:24:12,2025-07-13 19:33:53,CW→CC,2025-07-13,,20180,20180
1533,252126831,Los Canelos,Concepcion,,,N/A,2025-07-13 10:43:37,2025-07-13 11:22:24,,2025-07-13,sin_combo_factible_en_hub|sin_s1_factible_retro,,
1534,252126905,Cdal. Raul Silva Henriquez,Diagonal Bio Bio,20154,L2,V1,2025-07-13 15:53:49,2025-07-13 16:14:06,CW→CC,2025-07-13,,20154,20154
1535,252128801,Lomas Coloradas,Los Canelos,20131,L2,V1,2025-07-13 10:45:50,2025-07-13 11:14:15,CC→CW,2025-07-13,,20131,20131
1536,252128801,Lomas Coloradas,Los Canelos,20181,L2,V1,2025-07-13 20:07:56,2025-07-13 20:35:38,CC→CW,2025-07-13,,20181,20181
1537,252128802,Lomas Coloradas,Los Canelos,20181,L2,V1,2025-07-13 20:07:55,2025-07-13 20:35:37,CC→CW,2025-07-13,,20181,20181
1538,252148426,Coronel,Concepcion,,,N/A,2025-07-13 19:00:32,2025-07-13 20:10:20,,2025-07-13,sin_combo_factible_en_hub|sin_s1_factible_retro,,
1539,252148976,Laguna Quinenco,Concepcion,,,N/A,2025-07-13 18:20:08,2025-07-13 19:16:54,,2025-07-13,sin_combo_factible_en_hub|sin_s1_factible_retro,,
1540,252149044,Cdal. Raul Silva Henriquez,Diagonal Bio Bio,20180,L2,V1,2025-07-13 19:21:19,2025-07-13 19:54:52,CW→CC,2025-07-13,,20180,20180
1541,252150382,Cdal. Raul Silva Henriquez,Concepcion,,,N/A,2025-07-13 17:55:29,2025-07-13 18:36:47,,2025-07-13,sin_combo_factible_en_hub|sin_s1_factible_retro,,
1542,252150679,Los Canelos,Concepcion,,,N/A,2025-07-13 17:57:12,2025-07-13 18:37:08,,2025-07-13,sin_combo_factible_en_hub|sin_s1_factible_retro,,
1543,252150693,Los Canelos,Concepcion,,,N/A,2025-07-13 18:26:57,2025-07-13 19:17:46,,2025-07-13,sin_combo_factible_en_hub|sin_s1_factible_retro,,
1544,252151824,Laguna Quinenco,Concepcion,,,N/A,2025-07-13 12:13:15,2025-07-13 13:03:08,,2025-07-13,sin_combo_factible_en_hub|sin_s1_factible_retro,,
1545,252151824,Concepcion,Cristo Redentor,,,N/A,2025-07-13 17:45:43,2025-07-13 19:07:34,,2025-07-13,sin_combo_factible_en_hub|sin_s2_por_salida,,
1546,252152751,Huinca,Diagonal Bio Bio,20122,L2,V1,2025-07-13 08:48:46,2025-07-13 09:18:08,CW→CC,2025-07-13,,20122,20122
1547,252169351,Laguna Quinenco,Concepcion,,,N/A,2025-07-13 11:23:45,2025-07-13 12:15:19,,2025-07-13,sin_combo_factible_en_hub|sin_s1_factible_retro,,
1548,252169610,Los Canelos,Concepcion,,,N/A,2025-07-13 13:48:28,2025-07-13 15:10:54,,2025-07-13,sin_combo_factible_en_hub|sin_s1_factible_retro,,
1549,252170380,Cdal. Raul Silva Henriquez,Los Canelos,20143,L2,V1,2025-07-13 13:27:05,2025-07-13 13:48:01,CC→CW,2025-07-13,,20143,20143
1550,252170763,El Parque,Laguna Quinenco,20181,L2,V1,2025-07-13 20:03:40,2025-07-13 20:42:43,CC→CW,2025-07-13,,20181,20181
1551,252178791,Cdal. Raul Silva Henriquez,Diagonal Bio Bio,20154,L2,V1,2025-07-13 15:53:50,2025-07-13 16:14:05,CW→CC,2025-07-13,,20154,20154
1552,252192560,Coronel,Laguna Quinenco,20146,L2,V1,2025-07-13 13:49:24,2025-07-13 13:57:26,CW→CC,2025-07-13,,20146,20146
1553,252198663,Los Canelos,Lomas Coloradas,20134,L2,V1,2025-07-13 10:43:57,2025-07-13 10:57:23,CW→CC,2025-07-13,,20134,
1554,252206348,Lomas Coloradas,Cristo Redentor,20123,L2,V1,2025-07-13 09:44:23,2025-07-13 10:00:50,CC→CW,2025-07-13,,20123,
1555,252206348,Cristo Redentor,Lomas Coloradas,20146,L2,V1,2025-07-13 13:54:03,2025-07-13 14:12:04,CW→CC,2025-07-13,,20146,20146
1556,252206348,Lomas Coloradas,Cristo Redentor,20151,L2,V1,2025-07-13 15:48:25,2025-07-13 16:07:34,CC→CW,2025-07-13,,20151,20151
1557,252208486,Huinca,Diagonal Bio Bio,20180,L2,V1,2025-07-13 19:17:30,2025-07-13 19:54:26,CW→CC,2025-07-13,,20180,20180
1558,252208502,Cdal. Raul Silva Henriquez,Diagonal Bio Bio,20154,L2,V1,2025-07-13 15:57:06,2025-07-13 16:13:03,CW→CC,2025-07-13,,20154,20154
1559,252208502,Diagonal Bio Bio,Cdal. Raul Silva Henriquez,20169,L2,V1,2025-07-13 18:36:30,2025-07-13 18:53:44,CC→CW,2025-07-13,,20169,20169
1560,252209776,Laguna Quinenco,Diagonal Bio Bio,20146,L2,V1,2025-07-13 13:52:32,2025-07-13 14:25:04,CW→CC,2025-07-13,,20146,20146
1561,252211802,Laguna Quinenco,Concepcion,,,N/A,2025-07-13 10:29:21,2025-07-13 11:18:43,,2025-07-13,sin_combo_factible_en_hub|sin_s1_factible_retro,,
1562,252216797,Lomas Coloradas,Laguna Quinenco,20169,L2,V1,2025-07-13 18:50:06,2025-07-13 19:10:26,CC→CW,2025-07-13,,20169,20169
1563,252233927,Cdal. Raul Silva Henriquez,Costa Mar,20146,L2,V1,2025-07-13 14:08:32,2025-07-13 14:18:08,CW→CC,2025-07-13,,20146,20146
1564,252234179,Coronel,Concepcion,,,N/A,2025-07-13 16:31:13,2025-07-13 17:33:46,,2025-07-13,sin_combo_factible_en_hub|sin_s1_factible_retro,,
1565,252237013,Concepcion,Los Canelos,,,N/A,2025-07-13 18:47:18,2025-07-13 19:33:51,,2025-07-13,sin_combo_factible_en_hub|sin_s2_por_salida,,
1566,252237182,Laguna Quinenco,Huinca,20172,L2,V1,2025-07-13 18:14:24,2025-07-13 18:30:25,CW→CC,2025-07-13,,20172,20172
1567,252241785,Laguna Quinenco,Diagonal Bio Bio,20122,L2,V1,2025-07-13 08:42:43,2025-07-13 09:19:01,CW→CC,2025-07-13,,20122,20122
1568,252241815,Concepcion,Cristo Redentor,,,N/A,2025-07-13 10:51:20,2025-07-13 12:08:01,,2025-07-13,sin_combo_factible_en_hub|sin_s2_por_salida,,
1569,252249589,Lomas Coloradas,Costa Mar,20168,L2,V1,2025-07-13 18:10:34,2025-07-13 18:17:55,CW→CC,2025-07-13,,20168,20168
1570,252250272,Hito Galvarino,El Parque,20130,L2,V1,2025-07-13 10:00:47,2025-07-13 10:15:07,CW→CC,2025-07-13,,20130,
1571,252250316,Cdal. Raul Silva Henriquez,Huinca,20155,L2,V1,2025-07-13 16:53:40,2025-07-13 17:17:02,CC→CW,2025-07-13,,20155,20155
1572,252265018,Huinca,Costa Mar,20150,L2,V1,2025-07-13 14:42:44,2025-07-13 15:13:31,CW→CC,2025-07-13,,20150,20150
1573,252265018,Costa Mar,Huinca,20151,L2,V1,2025-07-13 15:39:35,2025-07-13 16:06:04,CC→CW,2025-07-13,,20151,20151
1574,252265496,Diagonal Bio Bio,Laguna Quinenco,20131,L2,V1,2025-07-13 10:49:54,2025-07-13 11:21:18,CC→CW,2025-07-13,,20131,20131
1575,252265496,Cristo Redentor,Diagonal Bio Bio,20168,L2,V1,2025-07-13 17:40:58,2025-07-13 18:24:37,CW→CC,2025-07-13,,20168,20168
1576,252265520,Huinca,Diagonal Bio Bio,20134,L2,V1,2025-07-13 10:39:41,2025-07-13 11:09:17,CW→CC,2025-07-13,,20134,20134
1577,252265656,Huinca,Diagonal Bio Bio,20130,L2,V1,2025-07-13 09:56:52,2025-07-13 10:24:38,CW→CC,2025-07-13,,20130,
1578,252265656,Diagonal Bio Bio,Huinca,20147,L2,V1,2025-07-13 14:44:38,2025-07-13 15:16:22,CC→CW,2025-07-13,,20147,20147
1579,252265734,Coronel,Cdal. Raul Silva Henriquez,20146,L2,V1,2025-07-13 13:40:37,2025-07-13 14:10:19,CW→CC,2025-07-13,,20146,20146
1580,252266022,Cdal. Raul Silva Henriquez,Lomas Coloradas,20154,L2,V1,2025-07-13 15:53:11,2025-07-13 16:01:59,CW→CC,2025-07-13,,20154,20154
1581,252266097,Hito Galvarino,Concepcion,,,N/A,2025-07-13 15:52:10,2025-07-13 16:30:51,,2025-07-13,sin_combo_factible_en_hub|sin_s1_factible_retro,,
1582,252266105,Coronel,Concepcion,,,N/A,2025-07-13 16:31:02,2025-07-13 17:34:08,,2025-07-13,sin_combo_factible_en_hub|sin_s1_factible_retro,,
1583,252266476,Cdal. Raul Silva Henriquez,Laguna Quinenco,20161,L2,V1,2025-07-13 17:43:15,2025-07-13 18:10:20,CC→CW,2025-07-13,,20161,20161
1584,252266641,Laguna Quinenco,Costa Mar,20140,L2,V1,2025-07-13 12:19:51,2025-07-13 12:48:04,CW→CC,2025-07-13,,20140,20140
1585,252266641,Costa Mar,Cristo Redentor,20161,L2,V1,2025-07-13 17:42:26,2025-07-13 18:08:34,CC→CW,2025-07-13,,20161,20161
1586,252274150,Cdal. Raul Silva Henriquez,Lomas Coloradas,20138,L2,V1,2025-07-13 11:45:36,2025-07-13 11:51:48,CW→CC,2025-07-13,,20138,
1587,252275348,Lomas Coloradas,Diagonal Bio Bio,20134,L2,V1,2025-07-13 10:55:35,2025-07-13 11:07:50,CW→CC,2025-07-13,,20134,
1588,252277456,Laguna Quinenco,Los Canelos,20138,L2,V1,2025-07-13 11:27:44,2025-07-13 11:40:40,CW→CC,2025-07-13,,20138,20138
1589,252277456,Costa Mar,Laguna Quinenco,20181,L2,V1,2025-07-13 19:57:18,2025-07-13 20:42:53,CC→CW,2025-07-13,,20181,20181
1590,252279492,Concepcion,Concepcion,,,N/A,2025-07-13 09:43:48,2025-07-13 09:44:55,,2025-07-13,no viajo,,
1591,252279492,Concepcion,Concepcion,,,N/A,2025-07-13 18:06:50,2025-07-13 18:08:01,,2025-07-13,no viajo,,
1592,252279546,El Parque,Diagonal Bio Bio,20138,L2,V1,2025-07-13 11:40:12,2025-07-13 12:03:17,CW→CC,2025-07-13,,20138,20138
1593,252279546,Diagonal Bio Bio,El Parque,20161,L2,V1,2025-07-13 17:35:23,2025-07-13 17:48:17,CC→CW,2025-07-13,,20161,20161
1594,252280146,Los Canelos,Lomas Coloradas,20172,L2,V1,2025-07-13 18:27:08,2025-07-13 18:44:03,CW→CC,2025-07-13,,20172,20172
1595,252299273,Cristo Redentor,Concepcion,,,N/A,2025-07-13 08:42:53,2025-07-13 09:34:48,,2025-07-13,sin_combo_factible_en_hub|sin_s1_factible_retro,,
1596,252310599,Laguna Quinenco,Coronel,20181,L2,V1,2025-07-13 20:22:55,2025-07-13 20:45:51,CC→CW,2025-07-13,,20181,20181
1597,252323544,Coronel,El Parque,20180,L2,V1,2025-07-13 19:19:02,2025-07-13 19:45:28,CW→CC,2025-07-13,,20180,20180
1598,252337111,Los Condores,Concepcion,20847,L1,V1,2025-07-13 19:59:55,2025-07-13 20:26:35,TH→HQ,2025-07-13,,20847,20847
1599,252338729,Hito Galvarino,Laguna Quinenco,20123,L2,V1,2025-07-13 09:29:31,2025-07-13 10:05:58,CC→CW,2025-07-13,,20123,20123
1600,252342949,Cdal. Raul Silva Henriquez,Diagonal Bio Bio,20150,L2,V1,2025-07-13 14:49:16,2025-07-13 15:19:18,CW→CC,2025-07-13,,20150,20150
1601,252342949,Diagonal Bio Bio,Cdal. Raul Silva Henriquez,20169,L2,V1,2025-07-13 18:22:42,2025-07-13 18:54:34,CC→CW,2025-07-13,,20169,20169
1602,252344752,Laguna Quinenco,Hito Galvarino,20146,L2,V1,2025-07-13 13:25:55,2025-07-13 14:04:03,CW→CC,2025-07-13,,20146,20146
1603,252349651,Los Canelos,Diagonal Bio Bio,20140,L2,V1,2025-07-13 12:27:23,2025-07-13 12:54:02,CW→CC,2025-07-13,,20140,20140
1604,252367312,Concepcion,Hualqui,20847,L1,V1,2025-07-13 20:25:56,2025-07-13 21:02:34,TH→HQ,2025-07-13,,20847,20847
1605,252367338,Cristo Redentor,Laguna Quinenco,20147,L2,V1,2025-07-13 15:10:28,2025-07-13 15:21:55,CC→CW,2025-07-13,,20147,20147
1606,252367751,Los Canelos,Diagonal Bio Bio,20154,L2,V1,2025-07-13 15:30:58,2025-07-13 16:13:42,CW→CC,2025-07-13,,20154,20154
1607,252368549,El Parque,Cdal. Raul Silva Henriquez,20181,L2,V1,2025-07-13 20:10:05,2025-07-13 20:25:23,CC→CW,2025-07-13,,20181,20181
1608,252368722,Lomas Coloradas,Concepcion,,,N/A,2025-07-13 13:48:34,2025-07-13 14:38:36,,2025-07-13,sin_combo_factible_en_hub|sin_s1_factible_retro,,
1609,252368794,Laguna Quinenco,Cristo Redentor,20168,L2,V1,2025-07-13 17:44:20,2025-07-13 17:56:17,CW→CC,2025-07-13,,20168,20168
1610,252369003,Cristo Redentor,Costa Mar,20172,L2,V1,2025-07-13 18:19:04,2025-07-13 18:48:15,CW→CC,2025-07-13,,20172,20172
1611,252369060,Lomas Coloradas,Concepcion,,,N/A,2025-07-13 11:44:06,2025-07-13 12:16:28,,2025-07-13,sin_combo_factible_en_hub|sin_s1_factible_retro,,
1612,252369251,Cristo Redentor,Concepcion,,,N/A,2025-07-13 12:14:15,2025-07-13 13:06:14,,2025-07-13,sin_combo_factible_en_hub|sin_s1_factible_retro,,
1613,252369251,Diagonal Bio Bio,Cristo Redentor,20181,L2,V1,2025-07-13 19:28:40,2025-07-13 20:37:38,CC→CW,2025-07-13,,20181,20181
1614,252369463,Diagonal Bio Bio,Cdal. Raul Silva Henriquez,20155,L2,V1,2025-07-13 16:37:58,2025-07-13 17:03:27,CC→CW,2025-07-13,,20155,20155
1615,252369822,Lomas Coloradas,Costa Mar,20146,L2,V1,2025-07-13 14:00:03,2025-07-13 14:18:45,CW→CC,2025-07-13,,20146,20146
1616,252370174,Concepcion,Lomas Coloradas,,,N/A,2025-07-13 15:31:02,2025-07-13 16:18:28,,2025-07-13,sin_combo_factible_en_hub|sin_s2_por_salida,,
1617,252371601,Coronel,Concepcion,,,N/A,2025-07-13 19:19:28,2025-07-13 20:15:54,,2025-07-13,sin_combo_factible_en_hub|sin_s1_factible_retro,,
1618,252371704,Diagonal Bio Bio,Cristo Redentor,20169,L2,V1,2025-07-13 18:19:31,2025-07-13 19:08:13,CC→CW,2025-07-13,,20169,20169
1619,252372036,Laguna Quinenco,Concepcion,,,N/A,2025-07-13 14:39:42,2025-07-13 15:30:06,,2025-07-13,sin_combo_factible_en_hub|sin_s1_factible_retro,,
1620,252372036,Concepcion,Laguna Quinenco,,,N/A,2025-07-13 17:12:31,2025-07-13 18:12:59,,2025-07-13,sin_combo_factible_en_hub|sin_s2_por_salida,,
1621,252372227,Costa Mar,Cristo Redentor,20151,L2,V1,2025-07-13 15:18:39,2025-07-13 16:08:14,CC→CW,2025-07-13,,20151,20151
1622,252372372,Cristo Redentor,Concepcion,,,N/A,2025-07-13 14:41:49,2025-07-13 15:29:09,,2025-07-13,sin_combo_factible_en_hub|sin_s1_factible_retro,,
1623,252372372,Diagonal Bio Bio,Cristo Redentor,20181,L2,V1,2025-07-13 19:57:22,2025-07-13 20:39:35,CC→CW,2025-07-13,,20181,20181
1624,252372470,Los Canelos,Cdal. Raul Silva Henriquez,20150,L2,V1,2025-07-13 14:54:07,2025-07-13 15:04:59,CW→CC,2025-07-13,,20150,20150
1625,252372670,Cdal. Raul Silva Henriquez,Huinca,20161,L2,V1,2025-07-13 17:50:51,2025-07-13 18:05:52,CC→CW,2025-07-13,,20161,20161
1626,252372919,Mercado,Concepcion,20847,L1,V1,2025-07-13 19:36:31,2025-07-13 20:27:15,TH→HQ,2025-07-13,,20847,20847
1627,252373291,Concepcion,Coronel,,,N/A,2025-07-13 11:44:52,2025-07-13 13:04:08,,2025-07-13,sin_combo_factible_en_hub|sin_s2_por_salida,,
1628,252373352,Cdal. Raul Silva Henriquez,Laguna Quinenco,20143,L2,V1,2025-07-13 13:26:37,2025-07-13 13:55:59,CC→CW,2025-07-13,,20143,20143
1629,252373352,Laguna Quinenco,Cdal. Raul Silva Henriquez,20150,L2,V1,2025-07-13 14:43:44,2025-07-13 15:05:05,CW→CC,2025-07-13,,20150,20150
1630,252373623,Concepcion,Huinca,,,N/A,2025-07-13 19:13:00,2025-07-13 20:37:42,,2025-07-13,sin_combo_factible_en_hub|sin_s2_por_salida,,
1631,252373697,Alborada,El Parque,20147,L2,V1,2025-07-13 14:30:50,2025-07-13 15:00:05,CC→CW,2025-07-13,,20147,20147
1632,252373697,Costa Mar,Alborada,20160,L2,V1,2025-07-13 16:47:56,2025-07-13 17:21:57,CW→CC,2025-07-13,,20160,20160
1633,252373773,Diagonal Bio Bio,Lomas Coloradas,20143,L2,V1,2025-07-13 13:06:53,2025-07-13 13:35:34,CC→CW,2025-07-13,,20143,20143
1634,252373963,Costa Mar,Cristo Redentor,20181,L2,V1,2025-07-13 20:10:28,2025-07-13 20:39:20,CC→CW,2025-07-13,,20181,20181
1635,252373970,Lomas Coloradas,Huinca,20169,L2,V1,2025-07-13 18:50:10,2025-07-13 19:05:10,CC→CW,2025-07-13,,20169,20169
1636,252373983,Costa Mar,Cristo Redentor,20181,L2,V1,2025-07-13 20:10:26,2025-07-13 20:39:17,CC→CW,2025-07-13,,20181,20181
1637,252374743,Los Canelos,Concepcion,,,N/A,2025-07-13 11:37:27,2025-07-13 12:13:58,,2025-07-13,sin_combo_factible_en_hub|sin_s1_factible_retro,,
1638,252374743,Lomas Coloradas,Los Canelos,20173,L2,V1,2025-07-13 19:11:45,2025-07-13 19:33:37,CC→CW,2025-07-13,,20173,20173
1639,252374830,Huinca,Diagonal Bio Bio,20180,L2,V1,2025-07-13 19:12:36,2025-07-13 19:54:48,CW→CC,2025-07-13,,20180,20180
1640,252375020,Cristo Redentor,Diagonal Bio Bio,20180,L2,V1,2025-07-13 18:43:00,2025-07-13 19:55:02,CW→CC,2025-07-13,,20180,20180
1641,252375521,Hito Galvarino,Coronel,20155,L2,V1,2025-07-13 16:58:52,2025-07-13 17:22:56,CC→CW,2025-07-13,,20155,20155
1642,252375885,Coronel,Concepcion,,,N/A,2025-07-13 12:05:44,2025-07-13 13:05:28,,2025-07-13,sin_combo_factible_en_hub|sin_s1_factible_retro,,
1643,252375885,Concepcion,Coronel,,,N/A,2025-07-13 19:16:12,2025-07-13 20:44:58,,2025-07-13,sin_combo_factible_en_hub|sin_s2_por_salida,,
1644,252384914,Laguna Quinenco,Los Canelos,20172,L2,V1,2025-07-13 18:11:58,2025-07-13 18:31:10,CW→CC,2025-07-13,,20172,20172
1645,252388887,Concepcion,Los Canelos,,,N/A,2025-07-13 16:29:35,2025-07-13 17:12:50,,2025-07-13,sin_combo_factible_en_hub|sin_s2_por_salida,,
1646,252389069,Cristo Redentor,Laguna Quinenco,20151,L2,V1,2025-07-13 15:57:58,2025-07-13 16:10:25,CC→CW,2025-07-13,,20151,20151
1647,252389069,Laguna Quinenco,Cristo Redentor,20160,L2,V1,2025-07-13 16:48:46,2025-07-13 16:57:04,CW→CC,2025-07-13,,20160,20160
1648,252390621,Lomas Coloradas,Coronel,20161,L2,V1,2025-07-13 17:49:18,2025-07-13 18:13:14,CC→CW,2025-07-13,,20161,20161
1649,252391718,Cristo Redentor,Laguna Quinenco,20143,L2,V1,2025-07-13 13:31:30,2025-07-13 13:55:35,CC→CW,2025-07-13,,20143,20143
1650,252391761,Lomas Coloradas,Laguna Quinenco,20173,L2,V1,2025-07-13 19:14:31,2025-07-13 19:41:06,CC→CW,2025-07-13,,20173,20173
1651,252391909,Concepcion,Cristo Redentor,,,N/A,2025-07-13 17:57:01,2025-07-13 19:07:36,,2025-07-13,sin_combo_factible_en_hub|sin_s2_por_salida,,
1652,252392008,Los Canelos,Concepcion,,,N/A,2025-07-13 13:58:04,2025-07-13 14:36:59,,2025-07-13,sin_combo_factible_en_hub|sin_s1_factible_retro,,
1653,252392063,Mercado,Hualqui,20847,L1,V1,2025-07-13 19:43:29,2025-07-13 21:02:35,TH→HQ,2025-07-13,,20847,20847
1654,252392110,Lomas Coloradas,Concepcion,,,N/A,2025-07-13 18:01:43,2025-07-13 18:32:37,,2025-07-13,sin_combo_factible_en_hub|sin_s1_factible_retro,,
1655,252392290,El Parque,Cdal. Raul Silva Henriquez,20143,L2,V1,2025-07-13 13:13:44,2025-07-13 13:38:53,CC→CW,2025-07-13,,20143,20143
1656,252392445,Huinca,Diagonal Bio Bio,20160,L2,V1,2025-07-13 16:20:49,2025-07-13 17:23:54,CW→CC,2025-07-13,,20160,20160
1657,252392445,Diagonal Bio Bio,Huinca,20173,L2,V1,2025-07-13 19:01:13,2025-07-13 19:35:01,CC→CW,2025-07-13,,20173,20173
1658,252404066,Laguna Quinenco,Coronel,20151,L2,V1,2025-07-13 16:01:28,2025-07-13 16:13:37,CC→CW,2025-07-13,,20151,20151
1659,252404066,Coronel,Laguna Quinenco,20172,L2,V1,2025-07-13 18:17:43,2025-07-13 18:23:13,CW→CC,2025-07-13,,20172,20172
1660,252405330,El Parque,Costa Mar,20168,L2,V1,2025-07-13 18:05:28,2025-07-13 18:18:16,CW→CC,2025-07-13,,20168,20168
1661,252405568,Coronel,Lomas Coloradas,20180,L2,V1,2025-07-13 19:14:41,2025-07-13 19:42:37,CW→CC,2025-07-13,,20180,20180
1662,252405701,Diagonal Bio Bio,Cristo Redentor,20181,L2,V1,2025-07-13 20:05:02,2025-07-13 20:37:06,CC→CW,2025-07-13,,20181,20181
1663,252406236,Alborada,Cdal. Raul Silva Henriquez,20161,L2,V1,2025-07-13 17:34:54,2025-07-13 17:53:32,CC→CW,2025-07-13,,20161,20161
1664,252414030,Coronel,Concepcion,,,N/A,2025-07-13 15:30:36,2025-07-13 16:29:25,,2025-07-13,sin_combo_factible_en_hub|sin_s1_factible_retro,,
1665,252414065,Cristo Redentor,Concepcion,,,N/A,2025-07-13 08:44:55,2025-07-13 09:28:55,,2025-07-13,sin_combo_factible_en_hub|sin_s1_factible_retro,,
1666,252414065,Concepcion,Cristo Redentor,,,N/A,2025-07-13 19:34:56,2025-07-13 20:37:02,,2025-07-13,sin_combo_factible_en_hub|sin_s2_por_salida,,
1667,252414799,Hito Galvarino,Concepcion,,,N/A,2025-07-13 12:19:31,2025-07-13 13:05:03,,2025-07-13,sin_combo_factible_en_hub|sin_s1_factible_retro,,
1668,252414799,Concepcion,Hito Galvarino,,,N/A,2025-07-13 19:05:50,2025-07-13 20:31:13,,2025-07-13,sin_combo_factible_en_hub|sin_s2_por_salida,,
1669,252419375,Hito Galvarino,Diagonal Bio Bio,20134,L2,V1,2025-07-13 10:44:07,2025-07-13 11:09:07,CW→CC,2025-07-13,,20134,20134
1670,252420063,Huinca,Concepcion,,,N/A,2025-07-13 10:38:39,2025-07-13 13:04:30,,2025-07-13,sin_combo_factible_en_hub|sin_s1_factible_retro,,
1671,252420063,Concepcion,Huinca,,,N/A,2025-07-13 13:04:33,2025-07-13 13:50:44,,2025-07-13,sin_combo_factible_en_hub|sin_s2_por_salida,,
1672,252420098,Coronel,Concepcion,,,N/A,2025-07-13 16:45:07,2025-07-13 17:32:44,,2025-07-13,sin_combo_factible_en_hub|sin_s1_factible_retro,,
1673,252423434,Cristo Redentor,Los Canelos,20180,L2,V1,2025-07-13 19:25:13,2025-07-13 19:31:06,CW→CC,2025-07-13,,20180,20180
1674,252427210,Diagonal Bio Bio,Cristo Redentor,20181,L2,V1,2025-07-13 19:26:09,2025-07-13 20:39:21,CC→CW,2025-07-13,,20181,20181
1675,252427248,Los Canelos,Diagonal Bio Bio,20130,L2,V1,2025-07-13 09:56:54,2025-07-13 10:23:40,CW→CC,2025-07-13,,20130,
1676,252427435,Los Canelos,Diagonal Bio Bio,20150,L2,V1,2025-07-13 14:50:58,2025-07-13 15:19:35,CW→CC,2025-07-13,,20150,20150
1677,252436009,Cristo Redentor,Costa Mar,20140,L2,V1,2025-07-13 12:21:11,2025-07-13 12:47:50,CW→CC,2025-07-13,,20140,20140
1678,252436009,Costa Mar,Cristo Redentor,20147,L2,V1,2025-07-13 14:51:48,2025-07-13 15:16:09,CC→CW,2025-07-13,,20147,
1679,252436783,Concepcion,Cristo Redentor,,,N/A,2025-07-13 19:41:57,2025-07-13 20:39:58,,2025-07-13,sin_combo_factible_en_hub|sin_s2_por_salida,,
1680,252440390,Laguna Quinenco,Cristo Redentor,20172,L2,V1,2025-07-13 17:58:48,2025-07-13 18:25:16,CW→CC,2025-07-13,,20172,20168
1681,252440650,Huinca,Concepcion,,,N/A,2025-07-13 10:40:23,2025-07-13 11:24:46,,2025-07-13,sin_combo_factible_en_hub|sin_s1_factible_retro,,
1682,252441435,Concepcion,Cristo Redentor,,,N/A,2025-07-13 12:20:14,2025-07-13 13:53:02,,2025-07-13,sin_combo_factible_en_hub|sin_s2_por_salida,,
1683,252441452,Los Canelos,Concepcion,,,N/A,2025-07-13 19:16:30,2025-07-13 20:08:18,,2025-07-13,sin_combo_factible_en_hub|sin_s1_factible_retro,,
1684,252444139,Los Canelos,Concepcion,,,N/A,2025-07-13 09:51:41,2025-07-13 10:34:54,,2025-07-13,sin_combo_factible_en_hub|sin_s1_factible_retro,,
1685,252444875,Cdal. Raul Silva Henriquez,Diagonal Bio Bio,20154,L2,V1,2025-07-13 15:46:01,2025-07-13 16:15:26,CW→CC,2025-07-13,,20154,20154
1686,252452613,Cristo Redentor,Costa Mar,20180,L2,V1,2025-07-13 19:18:46,2025-07-13 19:48:14,CW→CC,2025-07-13,,20180,20180
1687,252453307,Laguna Quinenco,Costa Mar,20146,L2,V1,2025-07-13 13:48:15,2025-07-13 14:17:56,CW→CC,2025-07-13,,20146,20146
1688,252453618,Costa Mar,Laguna Quinenco,20173,L2,V1,2025-07-13 18:57:42,2025-07-13 19:40:31,CC→CW,2025-07-13,,20173,20173
1689,252459281,Lomas Coloradas,Hito Galvarino,20147,L2,V1,2025-07-13 14:56:11,2025-07-13 15:10:37,CC→CW,2025-07-13,,20147,20147
1690,252459281,Hito Galvarino,Lomas Coloradas,20180,L2,V1,2025-07-13 19:29:31,2025-07-13 19:43:02,CW→CC,2025-07-13,,20180,20180
1691,252459539,Cristo Redentor,Concepcion,,,N/A,2025-07-13 11:27:01,2025-07-13 12:18:37,,2025-07-13,sin_combo_factible_en_hub|sin_s1_factible_retro,,
1692,252459550,Lomas Coloradas,Cdal. Raul Silva Henriquez,20161,L2,V1,2025-07-13 17:48:46,2025-07-13 17:53:43,CC→CW,2025-07-13,,20161,20161
1693,252460417,Concepcion,La Leonera,,,N/A,2025-07-13 17:33:05,2025-07-13 20:48:49,,2025-07-13,sin_combo_factible_en_hub|sin_s1_factible_retro,,
1694,252460476,Laguna Quinenco,Concepcion,,,N/A,2025-07-13 11:58:38,2025-07-13 13:05:20,,2025-07-13,sin_combo_factible_en_hub|sin_s1_factible_retro,,
1695,252460476,Diagonal Bio Bio,Cristo Redentor,20169,L2,V1,2025-07-13 18:15:57,2025-07-13 19:08:08,CC→CW,2025-07-13,,20169,20169
1696,252460620,Cdal. Raul Silva Henriquez,Costa Mar,20180,L2,V1,2025-07-13 19:38:29,2025-07-13 19:48:19,CW→CC,2025-07-13,,20180,20180
1697,252460797,Hito Galvarino,Diagonal Bio Bio,20154,L2,V1,2025-07-13 15:47:08,2025-07-13 16:13:23,CW→CC,2025-07-13,,20154,20154
1698,252460797,Diagonal Bio Bio,Hito Galvarino,20181,L2,V1,2025-07-13 19:50:40,2025-07-13 20:31:55,CC→CW,2025-07-13,,20181,20181
1699,252461569,Lomas Coloradas,Concepcion,,,N/A,2025-07-13 12:37:33,2025-07-13 13:06:06,,2025-07-13,sin_combo_factible_en_hub|sin_s1_factible_retro,,
1700,252461569,Concepcion,Lomas Coloradas,,,N/A,2025-07-13 18:41:45,2025-07-13 19:12:17,,2025-07-13,sin_combo_factible_en_hub|sin_s2_por_salida,,
1701,252461651,Hito Galvarino,Diagonal Bio Bio,20122,L2,V1,2025-07-13 08:54:23,2025-07-13 09:18:47,CW→CC,2025-07-13,,20122,20122
1702,252461651,Diagonal Bio Bio,Hito Galvarino,20147,L2,V1,2025-07-13 14:42:43,2025-07-13 15:10:43,CC→CW,2025-07-13,,20147,20147
1703,252461659,Los Canelos,Diagonal Bio Bio,20138,L2,V1,2025-07-13 11:28:15,2025-07-13 12:04:09,CW→CC,2025-07-13,,20138,20138
1704,252461659,Diagonal Bio Bio,Los Canelos,20155,L2,V1,2025-07-13 16:23:13,2025-07-13 17:12:55,CC→CW,2025-07-13,,20155,20155
1705,252461824,Cristo Redentor,Costa Mar,20140,L2,V1,2025-07-13 12:21:53,2025-07-13 12:48:05,CW→CC,2025-07-13,,20140,20140
1706,252461824,Costa Mar,Cristo Redentor,20161,L2,V1,2025-07-13 17:42:25,2025-07-13 18:08:31,CC→CW,2025-07-13,,20161,20161
1707,252471863,Cristo Redentor,Costa Mar,20140,L2,V1,2025-07-13 11:51:10,2025-07-13 12:48:01,CW→CC,2025-07-13,,20140,20140
1708,252471863,Costa Mar,Laguna Quinenco,20147,L2,V1,2025-07-13 14:32:49,2025-07-13 15:20:54,CC→CW,2025-07-13,,20147,20147
1709,252472244,El Arenal,Cristo Redentor,,,N/A,2025-07-13 12:21:47,2025-07-13 13:52:33,,2025-07-13,sin_combo_factible_en_hub|sin_s2_por_salida,,
1710,252472268,Cdal. Raul Silva Henriquez,Hito Galvarino,20143,L2,V1,2025-07-13 13:37:37,2025-07-13 13:44:49,CC→CW,2025-07-13,,20143,20143
1711,252472268,Hito Galvarino,Cdal. Raul Silva Henriquez,20172,L2,V1,2025-07-13 18:23:41,2025-07-13 18:40:37,CW→CC,2025-07-13,,20172,20172
1712,252472697,Costa Mar,Diagonal Bio Bio,20146,L2,V1,2025-07-13 14:16:48,2025-07-13 14:23:33,CW→CC,2025-07-13,,20146,20146
1713,252472730,Huinca,Concepcion,,,N/A,2025-07-13 12:24:21,2025-07-13 13:04:04,,2025-07-13,sin_combo_factible_en_hub|sin_s1_factible_retro,,
1714,252474056,Concepcion,Cdal. Raul Silva Henriquez,,,N/A,2025-07-13 10:14:51,2025-07-13 11:02:56,,2025-07-13,sin_combo_factible_en_hub|sin_s2_por_salida,,
1715,252474087,Cdal. Raul Silva Henriquez,Los Canelos,20123,L2,V1,2025-07-13 09:40:50,2025-07-13 09:58:30,CC→CW,2025-07-13,,20123,20123
1716,252474200,Cdal. Raul Silva Henriquez,Laguna Quinenco,20123,L2,V1,2025-07-13 09:40:53,2025-07-13 10:05:35,CC→CW,2025-07-13,,20123,20123
1717,252474621,Laguna Quinenco,Los Canelos,20154,L2,V1,2025-07-13 15:30:15,2025-07-13 15:50:34,CW→CC,2025-07-13,,20154,20154
1718,252474701,Diagonal Bio Bio,Laguna Quinenco,20173,L2,V1,2025-07-13 19:05:58,2025-07-13 19:40:50,CC→CW,2025-07-13,,20173,20173
1719,252474763,Coronel,Diagonal Bio Bio,20130,L2,V1,2025-07-13 09:42:08,2025-07-13 10:24:34,CW→CC,2025-07-13,,20130,
1720,252474763,Diagonal Bio Bio,Coronel,20181,L2,V1,2025-07-13 19:54:07,2025-07-13 20:45:09,CC→CW,2025-07-13,,20181,20181
1721,252491318,Los Canelos,Diagonal Bio Bio,20130,L2,V1,2025-07-13 09:55:36,2025-07-13 10:24:42,CW→CC,2025-07-13,,20130,
1722,252491359,Cristo Redentor,Lomas Coloradas,20168,L2,V1,2025-07-13 17:32:21,2025-07-13 18:13:11,CW→CC,2025-07-13,,20168,20168
1723,252491604,Cristo Redentor,El Parque,20150,L2,V1,2025-07-13 14:46:37,2025-07-13 15:10:04,CW→CC,2025-07-13,,20150,20150
1724,252492070,Concepcion,Los Canelos,,,N/A,2025-07-13 10:08:02,2025-07-13 11:12:27,,2025-07-13,sin_combo_factible_en_hub|sin_s2_por_salida,,
1725,252492400,Diagonal Bio Bio,Lomas Coloradas,20151,L2,V1,2025-07-13 15:18:50,2025-07-13 15:50:50,CC→CW,2025-07-13,,20151,20151
1726,252493150,Coronel,Cdal. Raul Silva Henriquez,20160,L2,V1,2025-07-13 16:45:18,2025-07-13 17:09:52,CW→CC,2025-07-13,,20160,20160
1727,252500093,Lomas Coloradas,Diagonal Bio Bio,20150,L2,V1,2025-07-13 15:02:24,2025-07-13 15:18:17,CW→CC,2025-07-13,,20150,20150
1728,252500206,Diagonal Bio Bio,Lomas Coloradas,20181,L2,V1,2025-07-13 20:02:38,2025-07-13 20:21:36,CC→CW,2025-07-13,,20181,20181
1729,252504357,Cristo Redentor,Concepcion,,,N/A,2025-07-13 13:50:40,2025-07-13 14:37:19,,2025-07-13,sin_combo_factible_en_hub|sin_s1_factible_retro,,
1730,252504586,Laguna Quinenco,Diagonal Bio Bio,20172,L2,V1,2025-07-13 18:12:08,2025-07-13 18:54:22,CW→CC,2025-07-13,,20172,20172
1731,252504623,Diagonal Bio Bio,Cdal. Raul Silva Henriquez,20181,L2,V1,2025-07-13 19:58:31,2025-07-13 20:24:56,CC→CW,2025-07-13,,20181,20181
1732,252505133,Hito Galvarino,Laguna Quinenco,20123,L2,V1,2025-07-13 09:29:29,2025-07-13 10:05:56,CC→CW,2025-07-13,,20123,20123
1733,252507022,Huinca,Cristo Redentor,20169,L2,V1,2025-07-13 19:04:29,2025-07-13 19:07:17,CC→CW,2025-07-13,,20169,20169
1734,252508362,Costa Mar,Hito Galvarino,20147,L2,V1,2025-07-13 14:24:35,2025-07-13 15:10:42,CC→CW,2025-07-13,,20147,20147
1735,252508368,Cdal. Raul Silva Henriquez,Cristo Redentor,20181,L2,V1,2025-07-13 20:16:06,2025-07-13 20:40:34,CC→CW,2025-07-13,,20181,20181
1736,252511203,Cdal. Raul Silva Henriquez,Diagonal Bio Bio,20138,L2,V1,2025-07-13 11:45:48,2025-07-13 12:04:07,CW→CC,2025-07-13,,20138,20138
1737,252511204,Higueras,Chiguayante,20845,L1,V1,2025-07-13 16:03:07,2025-07-13 16:41:17,TH→HQ,2025-07-13,,20845,20845
1738,252512966,Los Canelos,El Parque,20150,L2,V1,2025-07-13 14:53:54,2025-07-13 15:10:05,CW→CC,2025-07-13,,20150,20150
1739,252512966,El Parque,Huinca,20155,L2,V1,2025-07-13 16:13:55,2025-07-13 17:15:45,CC→CW,2025-07-13,,20155,20155
1740,252516267,Cdal. Raul Silva Henriquez,Diagonal Bio Bio,20122,L2,V1,2025-07-13 08:58:43,2025-07-13 09:18:07,CW→CC,2025-07-13,,20122,20122
1741,252516267,Concepcion,Cdal. Raul Silva Henriquez,,,N/A,2025-07-13 16:33:37,2025-07-13 17:03:34,,2025-07-13,sin_combo_factible_en_hub|sin_s2_por_salida,,
1742,252516485,Cdal. Raul Silva Henriquez,Diagonal Bio Bio,20146,L2,V1,2025-07-13 14:08:38,2025-07-13 14:23:48,CW→CC,2025-07-13,,20146,20146
1743,252516485,Diagonal Bio Bio,Cdal. Raul Silva Henriquez,20181,L2,V1,2025-07-13 20:02:35,2025-07-13 20:24:54,CC→CW,2025-07-13,,20181,20181
1744,252516872,Diagonal Bio Bio,Huinca,20181,L2,V1,2025-07-13 20:07:30,2025-07-13 20:37:06,CC→CW,2025-07-13,,20181,20181
1745,252529293,Coronel,Cdal. Raul Silva Henriquez,20150,L2,V1,2025-07-13 14:40:08,2025-07-13 15:05:09,CW→CC,2025-07-13,,20150,20150
1746,252529743,Lomas Coloradas,Concepcion,,,N/A,2025-07-13 10:06:13,2025-07-13 10:36:04,,2025-07-13,sin_combo_factible_en_hub|sin_s1_factible_retro,,
1747,252530367,Cristo Redentor,Hito Galvarino,20122,L2,V1,2025-07-13 08:41:55,2025-07-13 08:57:18,CW→CC,2025-07-13,,20122,
1748,252530387,Laguna Quinenco,El Parque,20172,L2,V1,2025-07-13 18:15:44,2025-07-13 18:45:14,CW→CC,2025-07-13,,20172,20172
1749,252530398,Cdal. Raul Silva Henriquez,Mercado,,,N/A,2025-07-13 11:46:22,2025-07-13 13:16:00,,2025-07-13,sin_combo_factible_en_hub|sin_s1_factible_retro,,
1750,252530956,Laguna Quinenco,Coronel,20123,L2,V1,2025-07-13 09:57:00,2025-07-13 10:08:48,CC→CW,2025-07-13,,20123,20123
1751,252531399,Hito Galvarino,Concepcion,,,N/A,2025-07-13 19:30:12,2025-07-13 20:09:15,,2025-07-13,sin_combo_factible_en_hub|sin_s1_factible_retro,,
1752,252531519,Laguna Quinenco,Costa Mar,20160,L2,V1,2025-07-13 16:37:57,2025-07-13 17:18:43,CW→CC,2025-07-13,,20160,20160
1753,252542817,UTF Santa Maria,Los Condores,20844,L1,V1,2025-07-13 12:58:20,2025-07-13 13:05:36,HQ→TH,2025-07-13,,20844,20844
1754,252543268,Huinca,Coronel,20147,L2,V1,2025-07-13 15:14:24,2025-07-13 15:23:41,CC→CW,2025-07-13,,20147,20147
1755,252544449,Lomas Coloradas,Concepcion,,,N/A,2025-07-13 10:06:24,2025-07-13 10:36:05,,2025-07-13,sin_combo_factible_en_hub|sin_s1_factible_retro,,
1756,252544517,Diagonal Bio Bio,Laguna Quinenco,20151,L2,V1,2025-07-13 15:33:30,2025-07-13 16:10:53,CC→CW,2025-07-13,,20151,20151
1757,252545276,Concepcion,Hito Galvarino,,,N/A,2025-07-13 08:47:46,2025-07-13 09:53:48,,2025-07-13,sin_combo_factible_en_hub|sin_s2_por_salida,,
1758,252547238,Los Canelos,Concepcion,,,N/A,2025-07-13 12:27:19,2025-07-13 13:04:35,,2025-07-13,sin_combo_factible_en_hub|sin_s1_factible_retro,,
1759,252547238,Concepcion,Los Canelos,,,N/A,2025-07-13 17:41:47,2025-07-13 19:04:00,,2025-07-13,sin_combo_factible_en_hub|sin_s2_por_salida,,
1760,252548399,UTF Santa Maria,Los Condores,20844,L1,V1,2025-07-13 12:58:10,2025-07-13 13:05:29,HQ→TH,2025-07-13,,20844,20844
1761,252550342,Costa Mar,Cdal. Raul Silva Henriquez,20123,L2,V1,2025-07-13 09:39:37,2025-07-13 09:48:17,CC→CW,2025-07-13,,20123,20123
1762,252550592,Costa Mar,Los Canelos,20135,L2,V1,2025-07-13 11:41:18,2025-07-13 12:03:14,CC→CW,2025-07-13,,20135,20135
1763,262026341,Cdal. Raul Silva Henriquez,Cristo Redentor,20143,L2,V1,2025-07-13 13:34:47,2025-07-13 13:53:29,CC→CW,2025-07-13,,20143,20143
1764,262026341,Laguna Quinenco,Cdal. Raul Silva Henriquez,20180,L2,V1,2025-07-13 19:06:39,2025-07-13 19:40:08,CW→CC,2025-07-13,,20180,20180
1765,272032318,La Leonera,Los Condores,20850,L1,V1,2025-07-13 09:33:43,2025-07-13 10:13:42,HQ→TH,2025-07-13,,20850,20850
1766,282069937,UTF Santa Maria,Chiguayante,20847,L1,V1,2025-07-13 20:10:10,2025-07-13 20:40:42,TH→HQ,2025-07-13,,20847,20847
1767,282100752,Cdal. Raul Silva Henriquez,Alborada,20138,L2,V1,2025-07-13 11:44:36,2025-07-13 12:00:39,CW→CC,2025-07-13,,20138,20138
1768,282100752,Alborada,Cdal. Raul Silva Henriquez,20143,L2,V1,2025-07-13 13:23:36,2025-07-13 13:38:25,CC→CW,2025-07-13,,20143,20143
1769,282123617,Laguna Quinenco,Los Canelos,20172,L2,V1,2025-07-13 18:19:48,2025-07-13 18:31:30,CW→CC,2025-07-13,,20172,20172
1770,282124228,El Parque,Cristo Redentor,20155,L2,V1,2025-07-13 16:48:21,2025-07-13 17:17:07,CC→CW,2025-07-13,,20155,20155
1771,282126684,Cdal. Raul Silva Henriquez,Cristo Redentor,20161,L2,V1,2025-07-13 17:50:39,2025-07-13 18:06:15,CC→CW,2025-07-13,,20161,
1772,282126725,Concepcion,Laguna Quinenco,,,N/A,2025-07-13 17:11:32,2025-07-13 18:10:30,,2025-07-13,sin_combo_factible_en_hub|sin_s2_por_salida,,
1773,282136599,Laguna Quinenco,Concepcion,,,N/A,2025-07-13 18:00:38,2025-07-13 19:16:44,,2025-07-13,sin_combo_factible_en_hub|sin_s1_factible_retro,,
1774,282137209,Los Canelos,Lomas Coloradas,20130,L2,V1,2025-07-13 09:54:52,2025-07-13 10:12:41,CW→CC,2025-07-13,,20130,
1775,282137209,Lomas Coloradas,Los Canelos,20161,L2,V1,2025-07-13 17:47:08,2025-07-13 18:03:24,CC→CW,2025-07-13,,20161,20161
1776,282159550,Lomas Coloradas,Diagonal Bio Bio,20150,L2,V1,2025-07-13 15:05:27,2025-07-13 15:18:31,CW→CC,2025-07-13,,20150,20150
1777,292063342,Concepcion,Los Canelos,,,N/A,2025-07-13 18:59:14,2025-07-13 20:36:41,,2025-07-13,sin_combo_factible_en_hub|sin_s2_por_salida,,
1778,292133339,Diagonal Bio Bio,Los Canelos,20155,L2,V1,2025-07-13 16:45:07,2025-07-13 17:13:22,CC→CW,2025-07-13,,20155,20155
1779,292133368,Cristo Redentor,Laguna Quinenco,20131,L2,V1,2025-07-13 11:01:43,2025-07-13 11:20:16,CC→CW,2025-07-13,,20131,20131
1780,292153947,Lomas Coloradas,Coronel,20169,L2,V1,2025-07-13 18:47:13,2025-07-13 19:13:25,CC→CW,2025-07-13,,20169,20169
1781,302184906,Mercado,Cristo Redentor,,,N/A,2025-07-13 12:28:10,2025-07-13 13:52:20,,2025-07-13,sin_combo_factible_en_hub|sin_s2_por_salida,,
1782,302195184,Huinca,Lomas Coloradas,20134,L2,V1,2025-07-13 10:26:15,2025-07-13 10:56:58,CW→CC,2025-07-13,,20134,
1783,302195184,Lomas Coloradas,Cristo Redentor,20139,L2,V1,2025-07-13 12:32:04,2025-07-13 12:56:40,CC→CW,2025-07-13,,20139,
1784,302195516,Cristo Redentor,Costa Mar,20154,L2,V1,2025-07-13 15:31:49,2025-07-13 16:07:26,CW→CC,2025-07-13,,20154,20154
1785,302196325,Los Canelos,Concepcion,,,N/A,2025-07-13 17:52:38,2025-07-13 18:35:18,,2025-07-13,sin_combo_factible_en_hub|sin_s1_factible_retro,,
1786,302196574,Hito Galvarino,Diagonal Bio Bio,20140,L2,V1,2025-07-13 12:19:22,2025-07-13 12:53:07,CW→CC,2025-07-13,,20140,20140
1787,302206852,Cdal. Raul Silva Henriquez,Cristo Redentor,20151,L2,V1,2025-07-13 15:52:27,2025-07-13 16:07:44,CC→CW,2025-07-13,,20151,20151
1788,302206852,Cristo Redentor,Cdal. Raul Silva Henriquez,20180,L2,V1,2025-07-13 18:53:31,2025-07-13 19:40:19,CW→CC,2025-07-13,,20180,20180
1789,302233673,Mercado,Lomas Coloradas,,,N/A,2025-07-13 15:51:25,2025-07-13 16:53:30,,2025-07-13,sin_combo_factible_en_hub|sin_s2_por_salida,,
1790,302243194,Cdal. Raul Silva Henriquez,Concepcion,,,N/A,2025-07-13 08:58:41,2025-07-13 09:29:30,,2025-07-13,sin_combo_factible_en_hub|sin_s1_factible_retro,,
1791,302243541,Laguna Quinenco,Costa Mar,20150,L2,V1,2025-07-13 14:43:20,2025-07-13 15:12:50,CW→CC,2025-07-13,,20150,20150
1792,302247858,Concepcion,Los Canelos,,,N/A,2025-07-13 17:42:49,2025-07-13 19:04:14,,2025-07-13,sin_combo_factible_en_hub|sin_s2_por_salida,,
1793,302248072,Los Canelos,Laguna Quinenco,20139,L2,V1,2025-07-13 12:40:42,2025-07-13 13:01:17,CC→CW,2025-07-13,,20139,20139
1794,302248072,Laguna Quinenco,Los Canelos,20168,L2,V1,2025-07-13 17:52:47,2025-07-13 17:59:46,CW→CC,2025-07-13,,20168,20168
1795,302252710,Cristo Redentor,Lomas Coloradas,20180,L2,V1,2025-07-13 19:15:55,2025-07-13 19:42:46,CW→CC,2025-07-13,,20180,20180
1796,302252830,Los Canelos,Concepcion,,,N/A,2025-07-13 17:54:14,2025-07-13 18:36:37,,2025-07-13,sin_combo_factible_en_hub|sin_s1_factible_retro,,
1797,302252848,Los Canelos,Diagonal Bio Bio,20168,L2,V1,2025-07-13 17:55:01,2025-07-13 18:23:29,CW→CC,2025-07-13,,20168,20168
1798,302253464,El Parque,Costa Mar,20150,L2,V1,2025-07-13 15:07:28,2025-07-13 15:13:41,CW→CC,2025-07-13,,20150,20150
1799,302253528,Cristo Redentor,Laguna Quinenco,20169,L2,V1,2025-07-13 19:06:11,2025-07-13 19:11:13,CC→CW,2025-07-13,,20169,20169
1800,302253602,Laguna Quinenco,Los Canelos,20172,L2,V1,2025-07-13 18:13:49,2025-07-13 18:31:40,CW→CC,2025-07-13,,20172,20172
1801,302257301,Diagonal Bio Bio,El Parque,20131,L2,V1,2025-07-13 10:40:23,2025-07-13 10:58:08,CC→CW,2025-07-13,,20131,20131
1802,302257483,Diagonal Bio Bio,Alborada,20147,L2,V1,2025-07-13 14:44:28,2025-07-13 14:55:01,CC→CW,2025-07-13,,20147,20147
1803,302257483,Alborada,Diagonal Bio Bio,20160,L2,V1,2025-07-13 17:15:31,2025-07-13 17:23:51,CW→CC,2025-07-13,,20160,20160
1804,302263352,Cristo Redentor,Cdal. Raul Silva Henriquez,20168,L2,V1,2025-07-13 17:46:21,2025-07-13 18:10:16,CW→CC,2025-07-13,,20168,20168
1805,302280783,Lomas Coloradas,Diagonal Bio Bio,20154,L2,V1,2025-07-13 15:58:00,2025-07-13 16:13:32,CW→CC,2025-07-13,,20154,20154
1806,302280783,Diagonal Bio Bio,Lomas Coloradas,20173,L2,V1,2025-07-13 18:47:20,2025-07-13 19:20:56,CC→CW,2025-07-13,,20173,20169
1807,302280830,Concepcion,Mercado,20844,L1,V1,2025-07-13 11:14:51,2025-07-13 13:14:54,HQ→TH,2025-07-13,,20844,
1808,302296808,Laguna Quinenco,Concepcion,,,N/A,2025-07-13 08:45:12,2025-07-13 09:29:19,,2025-07-13,sin_combo_factible_en_hub|sin_s1_factible_retro,,
1809,302296808,Concepcion,Laguna Quinenco,,,N/A,2025-07-13 16:10:46,2025-07-13 17:19:56,,2025-07-13,sin_combo_factible_en_hub|sin_s2_por_salida,,
1810,302296845,Coronel,Concepcion,,,N/A,2025-07-13 10:27:18,2025-07-13 11:21:58,,2025-07-13,sin_combo_factible_en_hub|sin_s1_factible_retro,,
1811,302296845,Concepcion,Laguna Quinenco,,,N/A,2025-07-13 15:37:01,2025-07-13 17:21:31,,2025-07-13,sin_combo_factible_en_hub|sin_s2_por_salida,,
1812,302297006,Coronel,El Parque,20180,L2,V1,2025-07-13 19:18:10,2025-07-13 19:45:37,CW→CC,2025-07-13,,20180,20180
1813,302297075,Concepcion,Lomas Coloradas,,,N/A,2025-07-13 18:19:12,2025-07-13 18:48:14,,2025-07-13,sin_combo_factible_en_hub|sin_s2_por_salida,,
1814,302304332,Coronel,Costa Mar,20172,L2,V1,2025-07-13 18:10:54,2025-07-13 18:48:15,CW→CC,2025-07-13,,20172,20172
1815,312030214,Hito Galvarino,Los Canelos,20181,L2,V1,2025-07-13 20:24:42,2025-07-13 20:35:13,CC→CW,2025-07-13,,20181,20181
1816,312037020,Diagonal Bio Bio,Los Canelos,20161,L2,V1,2025-07-13 17:24:30,2025-07-13 18:03:07,CC→CW,2025-07-13,,20161,20161
1817,312057639,Lomas Coloradas,Concepcion,,,N/A,2025-07-13 09:05:58,2025-07-13 09:36:17,,2025-07-13,sin_combo_factible_en_hub|sin_s1_factible_retro,,
1818,312088244,Cristo Redentor,Lomas Coloradas,20138,L2,V1,2025-07-13 11:28:34,2025-07-13 11:52:56,CW→CC,2025-07-13,,20138,20138
1819,312088244,Lomas Coloradas,Cristo Redentor,20173,L2,V1,2025-07-13 19:17:03,2025-07-13 19:38:34,CC→CW,2025-07-13,,20173,20173
1820,312097281,Concepcion,El Arenal,20848,L1,V1,2025-07-13 20:55:45,2025-07-13 21:30:49,HQ→TH,2025-07-13,,20848,20848
1821,312130927,Diagonal Bio Bio,Los Canelos,20181,L2,V1,2025-07-13 19:40:55,2025-07-13 20:35:59,CC→CW,2025-07-13,,20181,20181
1822,312132830,Hito Galvarino,Costa Mar,20140,L2,V1,2025-07-13 12:29:04,2025-07-13 12:47:41,CW→CC,2025-07-13,,20140,20140
1823,312132830,Costa Mar,Hito Galvarino,20147,L2,V1,2025-07-13 14:48:01,2025-07-13 15:10:50,CC→CW,2025-07-13,,20147,20147
1824,312133010,El Parque,Alborada,20146,L2,V1,2025-07-13 13:59:03,2025-07-13 14:20:41,CW→CC,2025-07-13,,20146,20146
1825,312133974,Costa Mar,Laguna Quinenco,20139,L2,V1,2025-07-13 12:16:01,2025-07-13 13:02:20,CC→CW,2025-07-13,,20139,20139
1826,312154859,Laguna Quinenco,Diagonal Bio Bio,20130,L2,V1,2025-07-13 09:48:50,2025-07-13 10:23:27,CW→CC,2025-07-13,,20130,
1827,312154859,Diagonal Bio Bio,Laguna Quinenco,20151,L2,V1,2025-07-13 15:28:09,2025-07-13 16:10:14,CC→CW,2025-07-13,,20151,20151
1828,312161507,Lomas Coloradas,Costa Mar,20122,L2,V1,2025-07-13 09:04:18,2025-07-13 09:12:55,CW→CC,2025-07-13,,20122,20122
1829,312161507,Costa Mar,Lomas Coloradas,20139,L2,V1,2025-07-13 12:22:21,2025-07-13 12:40:52,CC→CW,2025-07-13,,20139,20139
1830,312171196,Laguna Quinenco,Lomas Coloradas,20172,L2,V1,2025-07-13 18:03:02,2025-07-13 19:21:41,CW→CC,2025-07-13,,20172,20172
1831,312171333,Concepcion,Lomas Coloradas,,,N/A,2025-07-13 12:32:12,2025-07-13 13:04:31,,2025-07-13,sin_combo_factible_en_hub|sin_s2_por_salida,,
1832,312176526,Huinca,Diagonal Bio Bio,20180,L2,V1,2025-07-13 19:20:51,2025-07-13 19:55:29,CW→CC,2025-07-13,,20180,20180
1833,312198198,Huinca,Diagonal Bio Bio,20154,L2,V1,2025-07-13 15:41:16,2025-07-13 16:13:28,CW→CC,2025-07-13,,20154,20154
1834,312203891,Laguna Quinenco,Costa Mar,20150,L2,V1,2025-07-13 14:42:36,2025-07-13 15:13:42,CW→CC,2025-07-13,,20150,20150
1835,312203891,Costa Mar,Laguna Quinenco,20169,L2,V1,2025-07-13 18:21:34,2025-07-13 19:10:20,CC→CW,2025-07-13,,20169,20169
1836,312204353,Concepcion,Concepcion,,,N/A,2025-07-13 16:05:03,2025-07-13 16:06:11,,2025-07-13,no viajo,,
1837,312212979,Los Canelos,Concepcion,,,N/A,2025-07-13 13:48:30,2025-07-13 15:10:59,,2025-07-13,sin_combo_factible_en_hub|sin_s1_factible_retro,,
1838,312213154,Los Canelos,Concepcion,,,N/A,2025-07-13 13:55:18,2025-07-13 14:36:24,,2025-07-13,sin_combo_factible_en_hub|sin_s1_factible_retro,,
1839,312222851,Concepcion,Coronel,,,N/A,2025-07-13 08:50:43,2025-07-13 10:10:50,,2025-07-13,sin_combo_factible_en_hub|sin_s2_por_salida,,
1840,312222851,Coronel,Concepcion,,,N/A,2025-07-13 13:42:12,2025-07-13 14:38:03,,2025-07-13,sin_combo_factible_en_hub|sin_s1_factible_retro,,
1841,312229641,Coronel,Cristo Redentor,20180,L2,V1,2025-07-13 19:17:00,2025-07-13 19:26:49,CW→CC,2025-07-13,,20180,20180
1842,312242002,Mercado,Cristo Redentor,,,N/A,2025-07-13 15:58:01,2025-07-13 17:17:31,,2025-07-13,sin_combo_factible_en_hub|sin_s2_por_salida,,
1843,312245969,Concepcion,Los Canelos,,,N/A,2025-07-13 19:31:04,2025-07-13 20:35:31,,2025-07-13,sin_combo_factible_en_hub|sin_s2_por_salida,,
1844,312246206,Cdal. Raul Silva Henriquez,Los Canelos,20151,L2,V1,2025-07-13 15:49:30,2025-07-13 16:03:12,CC→CW,2025-07-13,,20151,20151
1845,312246307,Coronel,Los Canelos,20160,L2,V1,2025-07-13 16:09:55,2025-07-13 17:00:51,CW→CC,2025-07-13,,20160,20160
1846,312281724,Diagonal Bio Bio,Cdal. Raul Silva Henriquez,20147,L2,V1,2025-07-13 14:49:38,2025-07-13 15:05:11,CC→CW,2025-07-13,,20147,20147
1847,312283015,Concepcion,Lomas Coloradas,,,N/A,2025-07-13 17:37:13,2025-07-13 18:08:00,,2025-07-13,sin_combo_factible_en_hub|sin_s2_por_salida,,
1848,312285441,Laguna Quinenco,Diagonal Bio Bio,20168,L2,V1,2025-07-13 17:51:55,2025-07-13 18:25:09,CW→CC,2025-07-13,,20168,20168
1849,312300435,El Arenal,Lzo. Arenas,20857,L1,V1,2025-07-13 08:32:22,2025-07-13 08:51:34,TH→HQ,2025-07-13,,20857,20857
1850,312302671,Coronel,Cristo Redentor,20172,L2,V1,2025-07-13 18:10:26,2025-07-13 18:27:48,CW→CC,2025-07-13,,20172,20172
1851,312305478,Coronel,El Parque,20134,L2,V1,2025-07-13 10:20:49,2025-07-13 10:59:58,CW→CC,2025-07-13,,20134,
1852,312305724,Cdal. Raul Silva Henriquez,Diagonal Bio Bio,20146,L2,V1,2025-07-13 14:07:10,2025-07-13 14:23:56,CW→CC,2025-07-13,,20146,20146
1853,312315209,Coronel,El Parque,20154,L2,V1,2025-07-13 15:36:52,2025-07-13 16:05:42,CW→CC,2025-07-13,,20154,20154
1854,312323282,Laguna Quinenco,Concepcion,,,N/A,2025-07-13 15:34:59,2025-07-13 16:31:54,,2025-07-13,sin_combo_factible_en_hub|sin_s1_factible_retro,,
1855,312334762,Huinca,Hito Galvarino,20134,L2,V1,2025-07-13 10:42:09,2025-07-13 10:47:40,CW→CC,2025-07-13,,20134,
1856,312334762,Hito Galvarino,Huinca,20181,L2,V1,2025-07-13 20:12:59,2025-07-13 20:37:03,CC→CW,2025-07-13,,20181,20181
1857,312334927,Concepcion,Mercado,20844,L1,V1,2025-07-13 12:36:39,2025-07-13 13:15:23,HQ→TH,2025-07-13,,20844,20844
1858,312353101,Higueras,Concepcion,20859,L1,V1,2025-07-13 12:24:52,2025-07-13 12:56:10,TH→HQ,2025-07-13,,20859,20859
1859,312353368,Cdal. Raul Silva Henriquez,Costa Mar,20146,L2,V1,2025-07-13 14:07:07,2025-07-13 14:18:03,CW→CC,2025-07-13,,20146,20146
1860,312357326,Los Canelos,Concepcion,,,N/A,2025-07-13 18:26:50,2025-07-13 19:17:50,,2025-07-13,sin_combo_factible_en_hub|sin_s1_factible_retro,,
1861,312357524,Concepcion,Coronel,,,N/A,2025-07-13 12:36:21,2025-07-13 13:58:32,,2025-07-13,sin_combo_factible_en_hub|sin_s2_por_salida,,
1862,312359988,Los Canelos,Concepcion,,,N/A,2025-07-13 12:21:57,2025-07-13 13:04:25,,2025-07-13,sin_combo_factible_en_hub|sin_s1_factible_retro,,
1863,312367269,Concepcion,Hualqui,20847,L1,V1,2025-07-13 20:11:27,2025-07-13 21:02:42,TH→HQ,2025-07-13,,20847,20847
1864,312367279,Lzo. Arenas,Hualqui,20847,L1,V1,2025-07-13 20:19:12,2025-07-13 21:02:45,TH→HQ,2025-07-13,,20847,20847
1865,312369541,Coronel,Concepcion,,,N/A,2025-07-13 17:47:01,2025-07-13 18:35:23,,2025-07-13,sin_combo_factible_en_hub|sin_s1_factible_retro,,
1866,312371900,Diagonal Bio Bio,Los Canelos,20169,L2,V1,2025-07-13 18:16:05,2025-07-13 19:04:08,CC→CW,2025-07-13,,20169,20169
1867,312373682,Coronel,Costa Mar,20138,L2,V1,2025-07-13 11:26:11,2025-07-13 11:57:51,CW→CC,2025-07-13,,20138,20138
1868,312373682,Costa Mar,Coronel,20143,L2,V1,2025-07-13 13:23:55,2025-07-13 13:58:19,CC→CW,2025-07-13,,20143,20143
1869,312373726,Laguna Quinenco,Diagonal Bio Bio,20138,L2,V1,2025-07-13 11:31:12,2025-07-13 12:14:34,CW→CC,2025-07-13,,20138,20138
1870,312382413,Cdal. Raul Silva Henriquez,Diagonal Bio Bio,20130,L2,V1,2025-07-13 10:02:21,2025-07-13 10:24:13,CW→CC,2025-07-13,,20130,
1871,312389234,Laguna Quinenco,Cristo Redentor,20140,L2,V1,2025-07-13 12:14:48,2025-07-13 12:26:02,CW→CC,2025-07-13,,20140,20140
1872,312389234,Cristo Redentor,Laguna Quinenco,20161,L2,V1,2025-07-13 18:01:31,2025-07-13 18:10:12,CC→CW,2025-07-13,,20161,20161
1873,312389348,Lomas Coloradas,Coronel,20173,L2,V1,2025-07-13 19:11:29,2025-07-13 19:44:07,CC→CW,2025-07-13,,20173,20173
1874,312389582,Laguna Quinenco,Concepcion,,,N/A,2025-07-13 08:46:20,2025-07-13 09:34:08,,2025-07-13,sin_combo_factible_en_hub|sin_s1_factible_retro,,
1875,312389845,Lomas Coloradas,Concepcion,,,N/A,2025-07-13 10:11:06,2025-07-13 10:35:33,,2025-07-13,sin_combo_factible_en_hub|sin_s1_factible_retro,,
1876,312391330,Diagonal Bio Bio,Cristo Redentor,20123,L2,V1,2025-07-13 09:32:54,2025-07-13 10:02:28,CC→CW,2025-07-13,,20123,20123
1877,312391654,Concepcion,Huinca,,,N/A,2025-07-13 19:01:01,2025-07-13 20:37:12,,2025-07-13,sin_combo_factible_en_hub|sin_s2_por_salida,,
1878,312391717,Lomas Coloradas,Concepcion,,,N/A,2025-07-13 09:02:27,2025-07-13 09:29:53,,2025-07-13,sin_combo_factible_en_hub|sin_s1_factible_retro,,
1879,312408307,Hito Galvarino,Lomas Coloradas,20180,L2,V1,2025-07-13 19:07:59,2025-07-13 19:42:59,CW→CC,2025-07-13,,20180,20180
1880,312408344,Higueras,Manquimavida,20859,L1,V1,2025-07-13 12:28:41,2025-07-13 13:14:18,TH→HQ,2025-07-13,,20859,20859
1881,312408344,Manquimavida,Higueras,20846,L1,V1,2025-07-13 16:56:48,2025-07-13 17:50:41,HQ→TH,2025-07-13,,20846,20846
1882,312408765,Laguna Quinenco,El Parque,20130,L2,V1,2025-07-13 09:46:31,2025-07-13 10:15:27,CW→CC,2025-07-13,,20130,
1883,312420466,Los Canelos,Concepcion,,,N/A,2025-07-13 11:35:54,2025-07-13 12:17:50,,2025-07-13,sin_combo_factible_en_hub|sin_s1_factible_retro,,
1884,312420466,Concepcion,Los Canelos,,,N/A,2025-07-13 14:23:27,2025-07-13 15:14:15,,2025-07-13,sin_combo_factible_en_hub|sin_s2_por_salida,,
1885,312420741,Cristo Redentor,Concepcion,,,N/A,2025-07-13 11:35:15,2025-07-13 12:14:47,,2025-07-13,sin_combo_factible_en_hub|sin_s1_factible_retro,,
1886,312420828,Coronel,Concepcion,,,N/A,2025-07-13 19:19:21,2025-07-13 20:15:54,,2025-07-13,sin_combo_factible_en_hub|sin_s1_factible_retro,,
1887,312421043,Lomas Coloradas,Concepcion,,,N/A,2025-07-13 11:44:37,2025-07-13 12:16:31,,2025-07-13,sin_combo_factible_en_hub|sin_s1_factible_retro,,
1888,312422178,Concepcion,Laguna Quinenco,,,N/A,2025-07-13 17:11:33,2025-07-13 18:10:32,,2025-07-13,sin_combo_factible_en_hub|sin_s2_por_salida,,
1889,312425381,Cristo Redentor,Concepcion,,,N/A,2025-07-13 11:34:02,2025-07-13 12:14:39,,2025-07-13,sin_combo_factible_en_hub|sin_s1_factible_retro,,
1890,312425381,Concepcion,Cristo Redentor,,,N/A,2025-07-13 15:24:25,2025-07-13 16:07:32,,2025-07-13,sin_combo_factible_en_hub|sin_s2_por_salida,,
1891,312425709,Cdal. Raul Silva Henriquez,Diagonal Bio Bio,20146,L2,V1,2025-07-13 14:05:14,2025-07-13 14:24:55,CW→CC,2025-07-13,,20146,20146
1892,312426947,Laguna Quinenco,Concepcion,,,N/A,2025-07-13 08:46:19,2025-07-13 09:34:08,,2025-07-13,sin_combo_factible_en_hub|sin_s1_factible_retro,,
1893,312427031,Concepcion,Lomas Coloradas,,,N/A,2025-07-13 19:00:38,2025-07-13 19:38:46,,2025-07-13,sin_combo_factible_en_hub|sin_s2_por_salida,,
1894,312429637,Concepcion,Hito Galvarino,,,N/A,2025-07-13 11:20:26,2025-07-13 12:50:18,,2025-07-13,sin_combo_factible_en_hub|sin_s2_por_salida,,
1895,312431453,Diagonal Bio Bio,Lomas Coloradas,20173,L2,V1,2025-07-13 18:54:34,2025-07-13 19:20:44,CC→CW,2025-07-13,,20173,20173
1896,312431591,Costa Mar,Cristo Redentor,20135,L2,V1,2025-07-13 11:44:04,2025-07-13 12:07:13,CC→CW,2025-07-13,,20135,20135
1897,312435948,Los Canelos,Concepcion,,,N/A,2025-07-13 11:37:40,2025-07-13 12:18:16,,2025-07-13,sin_combo_factible_en_hub|sin_s1_factible_retro,,
1898,312435948,Concepcion,Los Canelos,,,N/A,2025-07-13 18:52:23,2025-07-13 20:35:05,,2025-07-13,sin_combo_factible_en_hub|sin_s2_por_salida,,
1899,312435979,Cdal. Raul Silva Henriquez,Alborada,20134,L2,V1,2025-07-13 10:46:03,2025-07-13 11:05:44,CW→CC,2025-07-13,,20134,
1900,312439409,Coronel,Diagonal Bio Bio,20130,L2,V1,2025-07-13 09:37:32,2025-07-13 10:23:21,CW→CC,2025-07-13,,20130,
1901,312439554,Concepcion,Cristo Redentor,,,N/A,2025-07-13 19:39:28,2025-07-13 20:40:47,,2025-07-13,sin_combo_factible_en_hub|sin_s2_por_salida,,
1902,312449955,Cristo Redentor,Diagonal Bio Bio,20138,L2,V1,2025-07-13 11:35:26,2025-07-13 12:03:55,CW→CC,2025-07-13,,20138,20138
1903,312449955,Diagonal Bio Bio,Cristo Redentor,20151,L2,V1,2025-07-13 15:23:31,2025-07-13 16:08:13,CC→CW,2025-07-13,,20151,20151
1904,312450154,Coronel,Diagonal Bio Bio,20130,L2,V1,2025-07-13 09:43:35,2025-07-13 10:24:00,CW→CC,2025-07-13,,20130,
1905,312450261,Concepcion,La Leonera,20847,L1,V1,2025-07-13 20:12:27,2025-07-13 20:49:16,TH→HQ,2025-07-13,,20847,20847
1906,312460865,Concepcion,Laguna Quinenco,,,N/A,2025-07-13 14:53:43,2025-07-13 16:10:53,,2025-07-13,sin_combo_factible_en_hub|sin_s2_por_salida,,
1907,312460891,Costa Mar,Lomas Coloradas,20147,L2,V1,2025-07-13 14:48:10,2025-07-13 15:01:28,CC→CW,2025-07-13,,20147,20147
1908,312461326,El Parque,Diagonal Bio Bio,20180,L2,V1,2025-07-13 19:40:24,2025-07-13 19:54:56,CW→CC,2025-07-13,,20180,20180
1909,312461331,Los Canelos,Concepcion,,,N/A,2025-07-13 18:10:10,2025-07-13 19:16:51,,2025-07-13,sin_combo_factible_en_hub|sin_s1_factible_retro,,
1910,312467108,Lomas Coloradas,Concepcion,,,N/A,2025-07-13 17:47:19,2025-07-13 18:31:00,,2025-07-13,sin_combo_factible_en_hub|sin_s1_factible_retro,,
1911,312477730,Diagonal Bio Bio,Huinca,20173,L2,V1,2025-07-13 19:05:38,2025-07-13 19:35:56,CC→CW,2025-07-13,,20173,20173
1912,312477778,Lomas Coloradas,El Parque,20130,L2,V1,2025-07-13 10:06:53,2025-07-13 10:16:02,CW→CC,2025-07-13,,20130,
1913,312477797,Lomas Coloradas,Los Canelos,20131,L2,V1,2025-07-13 10:53:19,2025-07-13 11:12:48,CC→CW,2025-07-13,,20131,20131
1914,312477797,Los Canelos,Lomas Coloradas,20172,L2,V1,2025-07-13 18:27:06,2025-07-13 18:44:01,CW→CC,2025-07-13,,20172,20172
1915,312477859,Cristo Redentor,Cdal. Raul Silva Henriquez,20172,L2,V1,2025-07-13 18:13:19,2025-07-13 18:40:31,CW→CC,2025-07-13,,20172,20172
1916,312485513,Diagonal Bio Bio,Hito Galvarino,20147,L2,V1,2025-07-13 14:23:25,2025-07-13 15:10:35,CC→CW,2025-07-13,,20147,20147
1917,312485546,Mercado,Lzo. Arenas,20845,L1,V1,2025-07-13 15:53:54,2025-07-13 16:21:23,TH→HQ,2025-07-13,,20845,20845
1918,312497511,Lomas Coloradas,Costa Mar,20146,L2,V1,2025-07-13 14:09:01,2025-07-13 14:17:58,CW→CC,2025-07-13,,20146,20146
1919,312498092,Concepcion,Lomas Coloradas,,,N/A,2025-07-13 18:58:45,2025-07-13 19:38:54,,2025-07-13,sin_combo_factible_en_hub|sin_s2_por_salida,,
1920,312498198,Concepcion,Los Canelos,,,N/A,2025-07-13 18:02:17,2025-07-13 19:03:24,,2025-07-13,sin_combo_factible_en_hub|sin_s2_por_salida,,
1921,312504610,Concepcion,Los Canelos,,,N/A,2025-07-13 18:52:25,2025-07-13 20:35:21,,2025-07-13,sin_combo_factible_en_hub|sin_s2_por_salida,,
1922,312504873,Chiguayante,Higueras,20844,L1,V1,2025-07-13 12:20:59,2025-07-13 13:08:21,HQ→TH,2025-07-13,,20844,20844
1923,312504959,Cristo Redentor,Diagonal Bio Bio,20154,L2,V1,2025-07-13 15:37:40,2025-07-13 16:14:17,CW→CC,2025-07-13,,20154,20154
1924,312504977,Cristo Redentor,Concepcion,,,N/A,2025-07-13 08:46:47,2025-07-13 09:30:03,,2025-07-13,sin_combo_factible_en_hub|sin_s1_factible_retro,,
1925,312504977,Concepcion,Cristo Redentor,,,N/A,2025-07-13 18:38:53,2025-07-13 19:37:23,,2025-07-13,sin_combo_factible_en_hub|sin_s2_por_salida,,
1926,312505146,Hito Galvarino,Los Canelos,20147,L2,V1,2025-07-13 14:58:50,2025-07-13 15:14:12,CC→CW,2025-07-13,,20147,20147
1927,312505146,Los Canelos,Laguna Quinenco,20155,L2,V1,2025-07-13 17:10:21,2025-07-13 17:20:00,CC→CW,2025-07-13,,20155,20155
1928,312505341,Diagonal Bio Bio,Costa Mar,20173,L2,V1,2025-07-13 19:03:37,2025-07-13 19:16:07,CC→CW,2025-07-13,,20173,20173
1929,312506347,Concepcion,Laguna Quinenco,,,N/A,2025-07-13 17:48:42,2025-07-13 19:11:06,,2025-07-13,sin_combo_factible_en_hub|sin_s2_por_salida,,
1930,312507992,Laguna Quinenco,Concepcion,,,N/A,2025-07-13 13:52:21,2025-07-13 14:36:26,,2025-07-13,sin_combo_factible_en_hub|sin_s1_factible_retro,,
1931,312507992,Concepcion,Laguna Quinenco,,,N/A,2025-07-13 18:42:02,2025-07-13 19:40:27,,2025-07-13,sin_combo_factible_en_hub|sin_s2_por_salida,,
1932,312508307,Lomas Coloradas,Diagonal Bio Bio,20122,L2,V1,2025-07-13 08:53:21,2025-07-13 09:19:52,CW→CC,2025-07-13,,20122,20122
1933,312508307,Diagonal Bio Bio,Lomas Coloradas,20147,L2,V1,2025-07-13 14:39:03,2025-07-13 15:02:23,CC→CW,2025-07-13,,20147,20147
1934,312515383,Coronel,Diagonal Bio Bio,20180,L2,V1,2025-07-13 19:13:05,2025-07-13 19:55:19,CW→CC,2025-07-13,,20180,20180
1935,312515471,Laguna Quinenco,Concepcion,,,N/A,2025-07-13 08:45:08,2025-07-13 09:29:48,,2025-07-13,sin_combo_factible_en_hub|sin_s1_factible_retro,,
1936,312515514,Laguna Quinenco,Concepcion,,,N/A,2025-07-13 17:40:12,2025-07-13 18:36:27,,2025-07-13,sin_combo_factible_en_hub|sin_s1_factible_retro,,
1937,312515784,Lomas Coloradas,Diagonal Bio Bio,20130,L2,V1,2025-07-13 10:09:03,2025-07-13 10:23:26,CW→CC,2025-07-13,,20130,
1938,312522663,Los Canelos,Costa Mar,20150,L2,V1,2025-07-13 14:53:32,2025-07-13 15:13:42,CW→CC,2025-07-13,,20150,20150
1939,312522663,Costa Mar,Los Canelos,20169,L2,V1,2025-07-13 18:21:36,2025-07-13 19:03:50,CC→CW,2025-07-13,,20169,20169
1940,312524412,Concepcion,Los Canelos,,,N/A,2025-07-13 18:14:04,2025-07-13 19:05:12,,2025-07-13,sin_combo_factible_en_hub|sin_s2_por_salida,,
1941,312524498,Lomas Coloradas,Concepcion,,,N/A,2025-07-13 15:58:14,2025-07-13 16:32:17,,2025-07-13,sin_combo_factible_en_hub|sin_s1_factible_retro,,
1942,312524637,Cdal. Raul Silva Henriquez,Coronel,20155,L2,V1,2025-07-13 17:02:53,2025-07-13 18:13:12,CC→CW,2025-07-13,,20155,20155
1943,312524688,Lomas Coloradas,Concepcion,,,N/A,2025-07-13 15:58:24,2025-07-13 16:32:21,,2025-07-13,sin_combo_factible_en_hub|sin_s1_factible_retro,,
1944,312524703,Cristo Redentor,Lomas Coloradas,20140,L2,V1,2025-07-13 12:00:58,2025-07-13 12:41:54,CW→CC,2025-07-13,,20140,20140
1945,312534994,Laguna Quinenco,Concepcion,,,N/A,2025-07-13 09:51:03,2025-07-13 10:35:45,,2025-07-13,sin_combo_factible_en_hub|sin_s1_factible_retro,,
1946,312535043,Higueras,Chiguayante,20845,L1,V1,2025-07-13 16:03:19,2025-07-13 16:41:29,TH→HQ,2025-07-13,,20845,20845
1947,312535181,Lomas Coloradas,Cristo Redentor,20139,L2,V1,2025-07-13 12:39:36,2025-07-13 12:59:03,CC→CW,2025-07-13,,20139,20139
1948,312535181,Cristo Redentor,Lomas Coloradas,20168,L2,V1,2025-07-13 17:46:35,2025-07-13 18:13:55,CW→CC,2025-07-13,,20168,20168
1949,312537457,Coronel,Concepcion,,,N/A,2025-07-13 08:39:37,2025-07-13 09:33:27,,2025-07-13,sin_combo_factible_en_hub|sin_s1_factible_retro,,
1950,312537586,Cdal. Raul Silva Henriquez,El Parque,20168,L2,V1,2025-07-13 18:10:09,2025-07-13 18:46:08,CW→CC,2025-07-13,,20168,20168
1951,312537759,Lomas Coloradas,Costa Mar,20130,L2,V1,2025-07-13 10:09:55,2025-07-13 10:18:06,CW→CC,2025-07-13,,20130,
1952,312537759,Costa Mar,Lomas Coloradas,20135,L2,V1,2025-07-13 11:38:50,2025-07-13 11:50:29,CC→CW,2025-07-13,,20135,20135
1953,312537759,Concepcion,Lomas Coloradas,,,N/A,2025-07-13 18:58:55,2025-07-13 19:38:38,,2025-07-13,sin_combo_factible_en_hub|sin_s2_por_salida,,
1954,312537828,Hito Galvarino,Diagonal Bio Bio,20138,L2,V1,2025-07-13 11:43:09,2025-07-13 12:03:11,CW→CC,2025-07-13,,20138,20138
1955,312538372,Concepcion,Lomas Coloradas,,,N/A,2025-07-13 16:32:42,2025-07-13 16:54:20,,2025-07-13,sin_combo_factible_en_hub|sin_s2_por_salida,,
1956,312538443,Laguna Quinenco,Diagonal Bio Bio,20146,L2,V1,2025-07-13 13:37:16,2025-07-13 14:28:19,CW→CC,2025-07-13,,20146,20146
1957,312538513,Cdal. Raul Silva Henriquez,Diagonal Bio Bio,20146,L2,V1,2025-07-13 14:05:09,2025-07-13 14:24:59,CW→CC,2025-07-13,,20146,20146
1958,312538576,Coronel,Laguna Quinenco,20150,L2,V1,2025-07-13 14:41:52,2025-07-13 14:48:12,CW→CC,2025-07-13,,20150,20150
1959,312538745,El Parque,Huinca,20151,L2,V1,2025-07-13 15:44:51,2025-07-13 16:06:03,CC→CW,2025-07-13,,20151,20151
1960,312538851,Los Canelos,Concepcion,,,N/A,2025-07-13 18:26:53,2025-07-13 19:17:43,,2025-07-13,sin_combo_factible_en_hub|sin_s1_factible_retro,,
1961,312540408,Concepcion,Concepcion,,,N/A,2025-07-13 21:07:22,2025-07-13 21:09:48,,2025-07-13,no viajo,,
1962,312540520,Huinca,Laguna Quinenco,20143,L2,V1,2025-07-13 13:32:33,2025-07-13 13:54:50,CC→CW,2025-07-13,,20143,20143
1963,312551867,Laguna Quinenco,Diagonal Bio Bio,20130,L2,V1,2025-07-13 09:52:45,2025-07-13 10:24:46,CW→CC,2025-07-13,,20130,
1964,312551922,Concepcion,Concepcion,,,N/A,2025-07-13 17:56:28,2025-07-13 17:57:33,,2025-07-13,no viajo,,
1965,312552013,Lomas Coloradas,Concepcion,,,N/A,2025-07-13 10:07:02,2025-07-13 10:35:35,,2025-07-13,sin_combo_factible_en_hub|sin_s1_factible_retro,,
1966,312555520,Cristo Redentor,Diagonal Bio Bio,20122,L2,V1,2025-07-13 08:47:10,2025-07-13 09:18:20,CW→CC,2025-07-13,,20122,20122
1967,312555877,Concepcion,Huinca,,,N/A,2025-07-13 13:11:29,2025-07-13 15:15:44,,2025-07-13,sin_combo_factible_en_hub|sin_s2_por_salida,,
1968,312555909,Laguna Quinenco,Hito Galvarino,20146,L2,V1,2025-07-13 13:24:05,2025-07-13 14:04:05,CW→CC,2025-07-13,,20146,20146
1969,312556314,Cdal. Raul Silva Henriquez,El Parque,20122,L2,V1,2025-07-13 09:02:52,2025-07-13 09:10:05,CW→CC,2025-07-13,,20122,20122
1970,312559467,Laguna Quinenco,Diagonal Bio Bio,20168,L2,V1,2025-07-13 17:30:41,2025-07-13 18:24:20,CW→CC,2025-07-13,,20168,20168
1971,312559467,Concepcion,Laguna Quinenco,,,N/A,2025-07-13 18:42:36,2025-07-13 19:40:26,,2025-07-13,sin_combo_factible_en_hub|sin_s2_por_salida,,
1972,312559577,Laguna Quinenco,Diagonal Bio Bio,20134,L2,V1,2025-07-13 10:26:24,2025-07-13 11:08:24,CW→CC,2025-07-13,,20134,
1973,312559835,Concepcion,Cristo Redentor,,,N/A,2025-07-13 15:35:32,2025-07-13 17:15:42,,2025-07-13,sin_combo_factible_en_hub|sin_s2_por_salida,,
1974,312560878,Lomas Coloradas,Diagonal Bio Bio,20130,L2,V1,2025-07-13 10:09:23,2025-07-13 10:23:43,CW→CC,2025-07-13,,20130,
1975,312561258,El Parque,Lomas Coloradas,20181,L2,V1,2025-07-13 20:07:08,2025-07-13 20:21:41,CC→CW,2025-07-13,,20181,20181
1976,312561362,Huinca,Diagonal Bio Bio,20160,L2,V1,2025-07-13 16:55:25,2025-07-13 17:24:11,CW→CC,2025-07-13,,20160,20160
1977,312561454,Laguna Quinenco,Los Canelos,20134,L2,V1,2025-07-13 10:30:59,2025-07-13 10:46:03,CW→CC,2025-07-13,,20134,20134
1978,312561454,Los Canelos,Laguna Quinenco,20143,L2,V1,2025-07-13 13:32:02,2025-07-13 13:55:32,CC→CW,2025-07-13,,20143,20143
1979,312561509,Concepcion,Concepcion,,,N/A,2025-07-13 09:46:49,2025-07-13 09:48:30,,2025-07-13,no viajo,,
1980,312561509,Concepcion,Concepcion,,,N/A,2025-07-13 16:37:53,2025-07-13 16:39:11,,2025-07-13,no viajo,,
1981,312561714,Hualqui,Concepcion,20846,L1,V2,2025-07-13 17:03:18,2025-07-13 17:33:10,,2025-07-13,sin_combo_factible_en_hub|sin_s1_factible_retro,,20846
1982,312561725,Concepcion,Concepcion,,,N/A,2025-07-13 17:46:28,2025-07-13 17:47:40,,2025-07-13,no viajo,,
1983,312561736,Cristo Redentor,Concepcion,,,N/A,2025-07-13 11:35:11,2025-07-13 12:14:43,,2025-07-13,sin_combo_factible_en_hub|sin_s1_factible_retro,,
1984,312561852,Diagonal Bio Bio,Lomas Coloradas,20173,L2,V1,2025-07-13 18:56:13,2025-07-13 19:20:44,CC→CW,2025-07-13,,20173,20173
1985,312568426,Costa Mar,Laguna Quinenco,20123,L2,V1,2025-07-13 09:35:47,2025-07-13 10:05:32,CC→CW,2025-07-13,,20123,20123
1986,312568426,Laguna Quinenco,Alborada,20180,L2,V1,2025-07-13 19:15:46,2025-07-13 19:51:24,CW→CC,2025-07-13,,20180,20180
1987,312568597,Costa Mar,Los Canelos,20123,L2,V1,2025-07-13 09:35:46,2025-07-13 09:58:18,CC→CW,2025-07-13,,20123,20123
1988,312568767,Lomas Coloradas,Coronel,20143,L2,V1,2025-07-13 13:27:52,2025-07-13 13:58:34,CC→CW,2025-07-13,,20143,20143
1989,312568767,Coronel,Lomas Coloradas,20180,L2,V1,2025-07-13 19:10:02,2025-07-13 19:42:49,CW→CC,2025-07-13,,20180,20180
1990,312568780,Diagonal Bio Bio,Cdal. Raul Silva Henriquez,20143,L2,V1,2025-07-13 13:09:01,2025-07-13 13:39:15,CC→CW,2025-07-13,,20143,20143
1991,312573900,Cdal. Raul Silva Henriquez,Costa Mar,20150,L2,V1,2025-07-13 14:50:30,2025-07-13 15:13:25,CW→CC,2025-07-13,,20150,20150
1992,312573929,Laguna Quinenco,Diagonal Bio Bio,20146,L2,V1,2025-07-13 13:50:29,2025-07-13 14:24:35,CW→CC,2025-07-13,,20146,20146
1993,312573977,Lomas Coloradas,Diagonal Bio Bio,20180,L2,V1,2025-07-13 19:34:23,2025-07-13 19:54:28,CW→CC,2025-07-13,,20180,20180
1994,312574045,La Leonera,UTF Santa Maria,20848,L1,V1,2025-07-13 20:31:09,2025-07-13 21:19:45,HQ→TH,2025-07-13,,20848,20848
1995,312574058,Los Canelos,Cristo Redentor,20155,L2,V1,2025-07-13 17:09:07,2025-07-13 17:17:24,CC→CW,2025-07-13,,20155,20155
1996,312575234,Cdal. Raul Silva Henriquez,Concepcion,,,N/A,2025-07-13 19:36:25,2025-07-13 20:08:45,,2025-07-13,sin_combo_factible_en_hub|sin_s1_factible_retro,,
1997,312575246,Los Canelos,Laguna Quinenco,20147,L2,V1,2025-07-13 15:10:51,2025-07-13 15:20:19,CC→CW,2025-07-13,,20147,20147
1998,312575995,Manquimavida,UTF Santa Maria,20844,L1,V1,2025-07-13 12:29:25,2025-07-13 13:00:19,HQ→TH,2025-07-13,,20844,
1999,312575995,UTF Santa Maria,Manquimavida,20847,L1,V1,2025-07-13 20:05:25,2025-07-13 20:45:46,TH→HQ,2025-07-13,,20847,20847
2000,312576147,Cristo Redentor,Lomas Coloradas,20130,L2,V1,2025-07-13 09:49:41,2025-07-13 10:14:03,CW→CC,2025-07-13,,20130,20130
2001,312579098,Huinca,Diagonal Bio Bio,20140,L2,V1,2025-07-13 12:16:02,2025-07-13 12:53:11,CW→CC,2025-07-13,,20140,20140
2002,312579098,Diagonal Bio Bio,Huinca,20173,L2,V1,2025-07-13 19:01:42,2025-07-13 19:35:13,CC→CW,2025-07-13,,20173,20173
2003,312579124,Concepcion,Laguna Quinenco,,,N/A,2025-07-13 18:29:18,2025-07-13 19:40:58,,2025-07-13,sin_combo_factible_en_hub|sin_s2_por_salida,,
2004,312586411,Concepcion,Concepcion,,,N/A,2025-07-13 15:23:54,2025-07-13 15:24:59,,2025-07-13,no viajo,,
2005,312586411,Concepcion,Concepcion,,,N/A,2025-07-13 18:54:40,2025-07-13 18:55:52,,2025-07-13,no viajo,,
2006,312586440,Lomas Coloradas,Los Canelos,20169,L2,V1,2025-07-13 18:42:33,2025-07-13 19:03:09,CC→CW,2025-07-13,,20169,20169
2007,312586593,Cdal. Raul Silva Henriquez,Lomas Coloradas,20180,L2,V1,2025-07-13 19:36:15,2025-07-13 19:42:20,CW→CC,2025-07-13,,20180,
2008,312586813,Huinca,Diagonal Bio Bio,20146,L2,V1,2025-07-13 13:52:56,2025-07-13 14:23:42,CW→CC,2025-07-13,,20146,20146
2009,312592421,Coronel,Diagonal Bio Bio,20130,L2,V1,2025-07-13 09:40:54,2025-07-13 10:29:59,CW→CC,2025-07-13,,20130,20130
2010,312592426,Lomas Coloradas,Alborada,20168,L2,V1,2025-07-13 18:00:52,2025-07-13 18:20:48,CW→CC,2025-07-13,,20168,20168
2011,312592448,Coronel,Diagonal Bio Bio,20134,L2,V1,2025-07-13 10:30:52,2025-07-13 11:08:04,CW→CC,2025-07-13,,20134,
2012,312592535,Laguna Quinenco,Diagonal Bio Bio,20180,L2,V1,2025-07-13 19:11:41,2025-07-13 19:55:22,CW→CC,2025-07-13,,20180,20180
2013,312592553,Cdal. Raul Silva Henriquez,Los Canelos,20123,L2,V1,2025-07-13 09:37:46,2025-07-13 09:57:49,CC→CW,2025-07-13,,20123,20123
2014,312592553,Cdal. Raul Silva Henriquez,Los Canelos,20143,L2,V1,2025-07-13 13:27:09,2025-07-13 13:48:05,CC→CW,2025-07-13,,20143,20143
2015,312592757,Concepcion,Los Canelos,,,N/A,2025-07-13 17:33:35,2025-07-13 19:03:44,,2025-07-13,sin_combo_factible_en_hub|sin_s2_por_salida,,
2016,312593034,Lomas Coloradas,Coronel,20181,L2,V1,2025-07-13 20:06:02,2025-07-13 20:45:17,CC→CW,2025-07-13,,20181,20181
2017,312593117,Costa Mar,Huinca,20147,L2,V1,2025-07-13 14:52:37,2025-07-13 15:16:26,CC→CW,2025-07-13,,20147,20147
2018,312593160,Diagonal Bio Bio,Los Canelos,20123,L2,V1,2025-07-13 09:29:46,2025-07-13 09:57:50,CC→CW,2025-07-13,,20123,20123
2019,312593247,Los Canelos,Concepcion,,,N/A,2025-07-13 09:50:00,2025-07-13 10:34:48,,2025-07-13,sin_combo_factible_en_hub|sin_s1_factible_retro,,
2020,312593312,Concepcion,Los Canelos,,,N/A,2025-07-13 11:27:07,2025-07-13 12:53:22,,2025-07-13,sin_combo_factible_en_hub|sin_s2_por_salida,,
2021,312593312,Laguna Quinenco,Huinca,20180,L2,V1,2025-07-13 19:22:18,2025-07-13 19:28:40,CW→CC,2025-07-13,,20180,20180
2022,312594781,Cdal. Raul Silva Henriquez,Diagonal Bio Bio,20150,L2,V1,2025-07-13 14:49:19,2025-07-13 15:19:13,CW→CC,2025-07-13,,20150,20150
2023,312594781,Diagonal Bio Bio,Cdal. Raul Silva Henriquez,20169,L2,V1,2025-07-13 18:22:38,2025-07-13 18:54:34,CC→CW,2025-07-13,,20169,20169
2024,312598864,Coronel,Diagonal Bio Bio,20122,L2,V1,2025-07-13 08:42:13,2025-07-13 09:18:28,CW→CC,2025-07-13,,20122,20122
2025,312598864,Diagonal Bio Bio,Coronel,20143,L2,V1,2025-07-13 13:15:46,2025-07-13 13:58:01,CC→CW,2025-07-13,,20143,20143
2026,312598897,Lomas Coloradas,Coronel,20155,L2,V1,2025-07-13 16:39:59,2025-07-13 17:23:19,CC→CW,2025-07-13,,20155,20155
2027,312598901,Concepcion,Coronel,,,N/A,2025-07-13 15:28:27,2025-07-13 17:22:42,,2025-07-13,sin_combo_factible_en_hub|sin_s2_por_salida,,
2028,312598967,Los Canelos,Diagonal Bio Bio,20154,L2,V1,2025-07-13 15:41:06,2025-07-13 16:13:47,CW→CC,2025-07-13,,20154,20154
2029,312598988,Coronel,Concepcion,,,N/A,2025-07-13 11:21:37,2025-07-13 12:18:41,,2025-07-13,sin_combo_factible_en_hub|sin_s1_factible_retro,,
2030,312599304,Laguna Quinenco,Coronel,20155,L2,V1,2025-07-13 16:55:37,2025-07-13 17:23:37,CC→CW,2025-07-13,,20155,20155
2031,312599304,Coronel,Laguna Quinenco,20180,L2,V1,2025-07-13 19:03:05,2025-07-13 19:24:51,CW→CC,2025-07-13,,20180,20180
2032,312601396,Concepcion,Coronel,,,N/A,2025-07-13 11:48:22,2025-07-13 13:04:09,,2025-07-13,sin_combo_factible_en_hub|sin_s2_por_salida,,
2033,312601464,Costa Mar,Hito Galvarino,20161,L2,V1,2025-07-13 17:38:01,2025-07-13 17:59:02,CC→CW,2025-07-13,,20161,20161
2034,312601591,Cdal. Raul Silva Henriquez,Lomas Coloradas,20160,L2,V1,2025-07-13 17:05:09,2025-07-13 17:12:39,CW→CC,2025-07-13,,20160,20160
2035,312601608,Laguna Quinenco,Los Canelos,20180,L2,V1,2025-07-13 19:09:07,2025-07-13 19:30:48,CW→CC,2025-07-13,,20180,20180
2036,312602582,Laguna Quinenco,Concepcion,,,N/A,2025-07-13 19:13:17,2025-07-13 20:12:41,,2025-07-13,sin_combo_factible_en_hub|sin_s1_factible_retro,,
2037,312602808,Lomas Coloradas,Diagonal Bio Bio,20160,L2,V1,2025-07-13 17:07:38,2025-07-13 17:23:41,CW→CC,2025-07-13,,20160,20160
2038,312602844,Laguna Quinenco,Concepcion,,,N/A,2025-07-13 17:38:37,2025-07-13 18:36:22,,2025-07-13,sin_combo_factible_en_hub|sin_s1_factible_retro,,
2039,312610434,Concepcion,Laguna Quinenco,,,N/A,2025-07-13 18:05:03,2025-07-13 19:10:24,,2025-07-13,sin_combo_factible_en_hub|sin_s2_por_salida,,
2040,312610604,Costa Mar,Lomas Coloradas,20173,L2,V1,2025-07-13 18:59:08,2025-07-13 19:21:07,CC→CW,2025-07-13,,20173,20173
2041,312610625,Concepcion,Cdal. Raul Silva Henriquez,,,N/A,2025-07-13 14:20:46,2025-07-13 15:04:52,,2025-07-13,sin_combo_factible_en_hub|sin_s2_por_salida,,
2042,312611625,Diagonal Bio Bio,Cdal. Raul Silva Henriquez,20143,L2,V1,2025-07-13 13:19:53,2025-07-13 13:39:31,CC→CW,2025-07-13,,20143,20143
2043,312611843,El Parque,Diagonal Bio Bio,20150,L2,V1,2025-07-13 14:53:57,2025-07-13 15:18:27,CW→CC,2025-07-13,,20150,20150
2044,312617397,Lomas Coloradas,Diagonal Bio Bio,20140,L2,V1,2025-07-13 12:34:46,2025-07-13 12:53:29,CW→CC,2025-07-13,,20140,20140
2045,312617434,Concepcion,Lomas Coloradas,,,N/A,2025-07-13 12:29:54,2025-07-13 13:03:57,,2025-07-13,sin_combo_factible_en_hub|sin_s2_por_salida,,
2046,312617497,Concepcion,Cristo Redentor,,,N/A,2025-07-13 11:46:47,2025-07-13 12:58:29,,2025-07-13,sin_combo_factible_en_hub|sin_s2_por_salida,,
2047,312618364,La Leonera,Lzo. Arenas,20848,L1,V1,2025-07-13 20:37:56,2025-07-13 21:18:16,HQ→TH,2025-07-13,,20848,20848
2048,312622030,Concepcion,Lomas Coloradas,,,N/A,2025-07-13 12:00:27,2025-07-13 12:29:13,,2025-07-13,sin_combo_factible_en_hub|sin_s2_por_salida,,
2049,312622080,Laguna Quinenco,Concepcion,,,N/A,2025-07-13 16:48:26,2025-07-13 17:36:55,,2025-07-13,sin_combo_factible_en_hub|sin_s1_factible_retro,,
2050,312622275,Laguna Quinenco,Hito Galvarino,20160,L2,V1,2025-07-13 16:48:33,2025-07-13 17:03:55,CW→CC,2025-07-13,,20160,20160
2051,312622303,Huinca,Diagonal Bio Bio,20172,L2,V1,2025-07-13 18:24:46,2025-07-13 18:53:22,CW→CC,2025-07-13,,20172,20172
2052,312628402,La Leonera,Cristo Redentor,,,N/A,2025-07-13 12:20:07,2025-07-13 13:53:03,,2025-07-13,sin_combo_factible_en_hub|sin_s2_por_salida,,
2053,312628402,Cristo Redentor,Concepcion,,,N/A,2025-07-13 19:19:15,2025-07-13 20:09:06,,2025-07-13,sin_combo_factible_en_hub|sin_s1_factible_retro,,
2054,312628838,Cdal. Raul Silva Henriquez,Concepcion,,,N/A,2025-07-13 14:06:52,2025-07-13 14:37:13,,2025-07-13,sin_combo_factible_en_hub|sin_s1_factible_retro,,
2055,312629001,Coronel,El Parque,20154,L2,V1,2025-07-13 15:38:02,2025-07-13 16:05:46,CW→CC,2025-07-13,,20154,20154
2056,312629001,El Parque,Coronel,20161,L2,V1,2025-07-13 17:28:50,2025-07-13 18:13:38,CC→CW,2025-07-13,,20161,20161
2057,312629106,Lzo. Arenas,Pedro Medina,20847,L1,V1,2025-07-13 20:14:33,2025-07-13 20:43:16,TH→HQ,2025-07-13,,20847,20847
2058,312636512,Los Canelos,Diagonal Bio Bio,20138,L2,V1,2025-07-13 11:27:39,2025-07-13 12:03:56,CW→CC,2025-07-13,,20138,20138
2059,312636591,Concepcion,Coronel,,,N/A,2025-07-13 10:55:11,2025-07-13 12:13:20,,2025-07-13,sin_combo_factible_en_hub|sin_s2_por_salida,,
2060,312636651,Concepcion,Coronel,,,N/A,2025-07-13 10:55:09,2025-07-13 12:13:23,,2025-07-13,sin_combo_factible_en_hub|sin_s2_por_salida,,
2061,312636655,Lomas Coloradas,Coronel,20169,L2,V1,2025-07-13 18:42:25,2025-07-13 19:13:23,CC→CW,2025-07-13,,20169,20169
2062,312636777,Laguna Quinenco,Diagonal Bio Bio,20122,L2,V1,2025-07-13 08:42:42,2025-07-13 09:18:54,CW→CC,2025-07-13,,20122,20122
2063,312636828,Huinca,El Parque,20160,L2,V1,2025-07-13 16:55:49,2025-07-13 17:15:04,CW→CC,2025-07-13,,20160,20160
2064,312636843,El Parque,Hito Galvarino,20181,L2,V1,2025-07-13 20:14:09,2025-07-13 20:32:33,CC→CW,2025-07-13,,20181,20181
2065,312637873,Huinca,Hito Galvarino,20122,L2,V1,2025-07-13 08:48:32,2025-07-13 08:57:19,CW→CC,2025-07-13,,20122,
2066,312637937,Laguna Quinenco,Los Canelos,20168,L2,V1,2025-07-13 17:46:26,2025-07-13 18:00:27,CW→CC,2025-07-13,,20168,20168
2067,312637971,Cristo Redentor,Concepcion,,,N/A,2025-07-13 16:36:00,2025-07-13 17:33:45,,2025-07-13,sin_combo_factible_en_hub|sin_s1_factible_retro,,
2068,312638276,Los Canelos,Diagonal Bio Bio,20134,L2,V1,2025-07-13 10:39:40,2025-07-13 11:08:15,CW→CC,2025-07-13,,20134,
2069,312638276,Diagonal Bio Bio,Los Canelos,20161,L2,V1,2025-07-13 17:34:30,2025-07-13 18:03:42,CC→CW,2025-07-13,,20161,20161
2070,312638292,Concepcion,Los Canelos,,,N/A,2025-07-13 19:38:13,2025-07-13 20:35:36,,2025-07-13,sin_combo_factible_en_hub|sin_s2_por_salida,,
2071,312638330,Cdal. Raul Silva Henriquez,Diagonal Bio Bio,20130,L2,V1,2025-07-13 10:04:53,2025-07-13 10:23:23,CW→CC,2025-07-13,,20130,
2072,312638330,Diagonal Bio Bio,Cdal. Raul Silva Henriquez,20139,L2,V1,2025-07-13 12:12:57,2025-07-13 12:43:29,CC→CW,2025-07-13,,20139,20139
2073,312639933,Cristo Redentor,Concepcion,,,N/A,2025-07-13 09:47:15,2025-07-13 10:35:23,,2025-07-13,sin_combo_factible_en_hub|sin_s1_factible_retro,,
2074,312640103,Concepcion,La Leonera,20847,L1,V1,2025-07-13 20:22:05,2025-07-13 20:48:24,TH→HQ,2025-07-13,,20847,
2075,312640116,Cdal. Raul Silva Henriquez,Huinca,20147,L2,V1,2025-07-13 14:48:55,2025-07-13 15:15:49,CC→CW,2025-07-13,,20147,20147
2076,312640116,Huinca,Cdal. Raul Silva Henriquez,20168,L2,V1,2025-07-13 17:49:43,2025-07-13 18:09:25,CW→CC,2025-07-13,,20168,20168
2077,312640331,Diagonal Bio Bio,Laguna Quinenco,20151,L2,V1,2025-07-13 15:37:52,2025-07-13 16:11:44,CC→CW,2025-07-13,,20151,20151
2078,312646437,Laguna Quinenco,Cristo Redentor,20180,L2,V1,2025-07-13 18:48:56,2025-07-13 19:27:17,CW→CC,2025-07-13,,20180,20180
2079,312646754,Laguna Quinenco,Diagonal Bio Bio,20130,L2,V1,2025-07-13 09:39:28,2025-07-13 10:24:29,CW→CC,2025-07-13,,20130,
2080,312647828,Lomas Coloradas,Laguna Quinenco,20151,L2,V1,2025-07-13 15:41:27,2025-07-13 16:10:46,CC→CW,2025-07-13,,20151,20151
2081,312648075,Cristo Redentor,Diagonal Bio Bio,20150,L2,V1,2025-07-13 14:49:07,2025-07-13 15:19:30,CW→CC,2025-07-13,,20150,20150
2082,312648177,Cristo Redentor,Laguna Quinenco,20155,L2,V1,2025-07-13 16:53:12,2025-07-13 17:20:04,CC→CW,2025-07-13,,20155,20155
2083,312648182,Hito Galvarino,Coronel,20155,L2,V1,2025-07-13 16:57:02,2025-07-13 17:22:40,CC→CW,2025-07-13,,20155,20155
2084,312659464,Costa Mar,Laguna Quinenco,20155,L2,V1,2025-07-13 16:39:48,2025-07-13 17:19:55,CC→CW,2025-07-13,,20155,20155
2085,312659484,Hito Galvarino,Cdal. Raul Silva Henriquez,20160,L2,V1,2025-07-13 16:52:04,2025-07-13 17:09:59,CW→CC,2025-07-13,,20160,20160
2086,312659628,Cdal. Raul Silva Henriquez,Diagonal Bio Bio,20154,L2,V1,2025-07-13 15:58:10,2025-07-13 16:14:51,CW→CC,2025-07-13,,20154,20154
2087,312659628,Concepcion,Cdal. Raul Silva Henriquez,,,N/A,2025-07-13 19:41:47,2025-07-13 20:25:07,,2025-07-13,sin_combo_factible_en_hub|sin_s2_por_salida,,
2088,312659631,Diagonal Bio Bio,Cristo Redentor,20181,L2,V1,2025-07-13 19:56:58,2025-07-13 20:36:57,CC→CW,2025-07-13,,20181,20181
2089,312659844,Huinca,Concepcion,,,N/A,2025-07-13 13:40:42,2025-07-13 14:39:52,,2025-07-13,sin_combo_factible_en_hub|sin_s1_factible_retro,,
2090,312668430,Los Canelos,Concepcion,,,N/A,2025-07-13 19:29:28,2025-07-13 20:08:37,,2025-07-13,sin_combo_factible_en_hub|sin_s1_factible_retro,,
2091,312668665,Laguna Quinenco,Diagonal Bio Bio,20180,L2,V1,2025-07-13 19:19:21,2025-07-13 19:54:53,CW→CC,2025-07-13,,20180,20180
2092,312671956,Costa Mar,Laguna Quinenco,20131,L2,V1,2025-07-13 10:50:05,2025-07-13 11:20:22,CC→CW,2025-07-13,,20131,20131
2093,312672074,Huinca,Concepcion,,,N/A,2025-07-13 13:40:37,2025-07-13 14:39:52,,2025-07-13,sin_combo_factible_en_hub|sin_s1_factible_retro,,
2094,2000000253,Mercado,Concepcion,20845,L1,V1,2025-07-13 15:49:21,2025-07-13 16:27:31,TH→HQ,2025-07-13,,20845,20845
2095,2000000308,Huinca,Diagonal Bio Bio,20180,L2,V1,2025-07-13 19:10:31,2025-07-13 19:54:55,CW→CC,2025-07-13,,20180,20180
2096,2000000351,Cristo Redentor,Costa Mar,20122,L2,V1,2025-07-13 08:49:34,2025-07-13 09:13:11,CW→CC,2025-07-13,,20122,20122
2097,2000000351,Lomas Coloradas,Cristo Redentor,20161,L2,V1,2025-07-13 17:50:16,2025-07-13 18:08:08,CC→CW,2025-07-13,,20161,20161
2098,2000000465,Hualqui,Concepcion,20846,L1,V1,2025-07-13 16:57:20,2025-07-13 17:33:04,HQ→TH,2025-07-13,,20846,20846
2099,2000001034,Cristo Redentor,Concepcion,,,N/A,2025-07-13 09:51:27,2025-07-13 10:36:08,,2025-07-13,sin_combo_factible_en_hub|sin_s1_factible_retro,,
2100,2000001407,Huinca,Concepcion,,,N/A,2025-07-13 11:30:33,2025-07-13 12:18:55,,2025-07-13,sin_combo_factible_en_hub|sin_s1_factible_retro,,
2101,2000001439,Cristo Redentor,Lomas Coloradas,20180,L2,V1,2025-07-13 19:18:30,2025-07-13 19:43:11,CW→CC,2025-07-13,,20180,20180
2102,2000001463,Diagonal Bio Bio,Lomas Coloradas,20169,L2,V1,2025-07-13 18:13:24,2025-07-13 18:51:17,CC→CW,2025-07-13,,20169,20169
2103,2000001645,Cristo Redentor,Concepcion,,,N/A,2025-07-13 15:30:24,2025-07-13 16:30:49,,2025-07-13,sin_combo_factible_en_hub|sin_s1_factible_retro,,
2104,2000001768,Los Condores,Chiguayante,20845,L1,V1,2025-07-13 16:04:56,2025-07-13 16:40:58,TH→HQ,2025-07-13,,20845,20845
2105,2000001768,Chiguayante,Los Condores,20848,L1,V1,2025-07-13 20:35:57,2025-07-13 21:23:43,HQ→TH,2025-07-13,,20848,20848
2106,2000002144,Cdal. Raul Silva Henriquez,Costa Mar,20140,L2,V1,2025-07-13 12:36:34,2025-07-13 12:48:11,CW→CC,2025-07-13,,20140,20140
2107,2000002654,Los Canelos,Laguna Quinenco,20143,L2,V1,2025-07-13 13:45:52,2025-07-13 13:55:14,CC→CW,2025-07-13,,20143,20143
2108,2000003208,Laguna Quinenco,Los Canelos,20150,L2,V1,2025-07-13 14:46:09,2025-07-13 14:55:04,CW→CC,2025-07-13,,20150,20150
2109,2000003464,Coronel,Cdal. Raul Silva Henriquez,20180,L2,V1,2025-07-13 19:15:38,2025-07-13 19:42:23,CW→CC,2025-07-13,,20180,20180
2110,2000003674,Cristo Redentor,La Leonera,,,N/A,2025-07-13 19:16:50,2025-07-13 20:49:11,,2025-07-13,sin_combo_factible_en_hub|sin_s1_factible_retro,,
2111,2000003729,Laguna Quinenco,Concepcion,,,N/A,2025-07-13 15:38:26,2025-07-13 16:29:44,,2025-07-13,sin_combo_factible_en_hub|sin_s1_factible_retro,,
2112,2000003854,Costa Mar,Hito Galvarino,20169,L2,V1,2025-07-13 18:22:34,2025-07-13 19:00:05,CC→CW,2025-07-13,,20169,20169
2113,2000003854,Hito Galvarino,Costa Mar,20180,L2,V1,2025-07-13 19:01:21,2025-07-13 19:48:08,CW→CC,2025-07-13,,20180,20180
2114,2000003974,Huinca,Diagonal Bio Bio,20146,L2,V1,2025-07-13 13:54:15,2025-07-13 14:25:58,CW→CC,2025-07-13,,20146,20146
2115,2000003974,Diagonal Bio Bio,Huinca,20173,L2,V1,2025-07-13 18:57:05,2025-07-13 19:35:43,CC→CW,2025-07-13,,20173,20173
2116,2000004039,Hito Galvarino,Laguna Quinenco,20155,L2,V1,2025-07-13 17:03:51,2025-07-13 17:20:28,CC→CW,2025-07-13,,20155,20155
2117,2000004608,Mercado,Concepcion,20857,L1,V1,2025-07-13 08:26:33,2025-07-13 08:57:45,TH→HQ,2025-07-13,,20857,20857
2118,2000005148,Cdal. Raul Silva Henriquez,Lomas Coloradas,20180,L2,V1,2025-07-13 19:18:54,2025-07-13 19:42:39,CW→CC,2025-07-13,,20180,20180
2119,2000005148,Lomas Coloradas,Cdal. Raul Silva Henriquez,20181,L2,V1,2025-07-13 20:02:59,2025-07-13 20:25:35,CC→CW,2025-07-13,,20181,20181
2120,2000005377,Los Canelos,Cdal. Raul Silva Henriquez,20130,L2,V1,2025-07-13 09:50:38,2025-07-13 10:09:37,CW→CC,2025-07-13,,20130,
2121,2000005377,Cdal. Raul Silva Henriquez,Los Canelos,20147,L2,V1,2025-07-13 15:00:10,2025-07-13 15:13:55,CC→CW,2025-07-13,,20147,20147
2122,2000005550,Lomas Coloradas,Diagonal Bio Bio,20160,L2,V1,2025-07-13 17:07:52,2025-07-13 17:23:27,CW→CC,2025-07-13,,20160,20160
2123,2000005784,Lomas Coloradas,Coronel,20161,L2,V1,2025-07-13 17:43:37,2025-07-13 18:13:44,CC→CW,2025-07-13,,20161,20161
2124,2000005988,Los Canelos,Hito Galvarino,20180,L2,V1,2025-07-13 19:08:42,2025-07-13 19:34:28,CW→CC,2025-07-13,,20180,20180
2125,2000006182,Laguna Quinenco,Huinca,20180,L2,V1,2025-07-13 18:53:40,2025-07-13 19:29:16,CW→CC,2025-07-13,,20180,20180
2126,2000006552,Concepcion,Lomas Coloradas,,,N/A,2025-07-13 19:14:13,2025-07-13 19:37:47,,2025-07-13,sin_combo_factible_en_hub|sin_s2_por_salida,,
2127,2000006999,Huinca,Lomas Coloradas,20180,L2,V1,2025-07-13 19:25:41,2025-07-13 19:42:55,CW→CC,2025-07-13,,20180,20180
2128,2000007031,Los Condores,Concepcion,20859,L1,V1,2025-07-13 12:22:24,2025-07-13 16:59:42,TH→HQ,2025-07-13,,20859,20859
2129,2000007031,Concepcion,Higueras,20846,L1,V1,2025-07-13 17:00:19,2025-07-13 17:50:16,HQ→TH,2025-07-13,,20846,20846
2130,2000007110,Lzo. Arenas,Concepcion,20859,L1,V1,2025-07-13 12:25:21,2025-07-13 12:54:47,TH→HQ,2025-07-13,,20859,20859
2131,2000008596,Hualqui,Concepcion,20850,L1,V1,2025-07-13 09:13:22,2025-07-13 10:00:32,HQ→TH,2025-07-13,,20850,20850
2132,2000008605,Lomas Coloradas,Cdal. Raul Silva Henriquez,20173,L2,V1,2025-07-13 19:12:18,2025-07-13 19:23:56,CC→CW,2025-07-13,,20173,20173
2133,2000009569,Pedro Medina,Concepcion,20846,L1,V1,2025-07-13 17:13:00,2025-07-13 17:33:55,HQ→TH,2025-07-13,,20846,20846
2134,2000009700,Lomas Coloradas,Diagonal Bio Bio,20140,L2,V1,2025-07-13 12:36:40,2025-07-13 12:53:17,CW→CC,2025-07-13,,20140,20140
2135,2000010006,Lomas Coloradas,Concepcion,,,N/A,2025-07-13 08:58:30,2025-07-13 09:30:46,,2025-07-13,sin_combo_factible_en_hub|sin_s1_factible_retro,,
2136,2000010560,Laguna Quinenco,Hito Galvarino,20138,L2,V1,2025-07-13 11:11:04,2025-07-13 11:43:51,CW→CC,2025-07-13,,20138,20138
2137,2000010684,Huinca,Concepcion,,,N/A,2025-07-13 19:12:24,2025-07-13 20:07:29,,2025-07-13,sin_combo_factible_en_hub|sin_s1_factible_retro,,
2138,2000010693,Laguna Quinenco,Diagonal Bio Bio,20180,L2,V1,2025-07-13 19:04:10,2025-07-13 19:55:52,CW→CC,2025-07-13,,20180,20180
2139,2000011422,Cdal. Raul Silva Henriquez,Laguna Quinenco,20135,L2,V1,2025-07-13 11:35:19,2025-07-13 12:10:09,CC→CW,2025-07-13,,20135,20135
2140,2000011422,Laguna Quinenco,Cdal. Raul Silva Henriquez,20146,L2,V1,2025-07-13 13:21:21,2025-07-13 14:12:12,CW→CC,2025-07-13,,20146,20146
2141,2000011599,Cdal. Raul Silva Henriquez,Alborada,20146,L2,V1,2025-07-13 14:05:02,2025-07-13 14:20:49,CW→CC,2025-07-13,,20146,20146
2142,2000011755,Hito Galvarino,Costa Mar,20172,L2,V1,2025-07-13 18:33:03,2025-07-13 18:48:20,CW→CC,2025-07-13,,20172,20172
2143,2000012874,UTF Santa Maria,Hualqui,20845,L1,V1,2025-07-13 15:55:16,2025-07-13 17:04:02,TH→HQ,2025-07-13,,20845,20845
2144,2000013170,Lomas Coloradas,Concepcion,,,N/A,2025-07-13 17:59:10,2025-07-13 18:31:14,,2025-07-13,sin_combo_factible_en_hub|sin_s1_factible_retro,,
2145,2000013694,Lomas Coloradas,Concepcion,,,N/A,2025-07-13 12:31:44,2025-07-13 13:05:49,,2025-07-13,sin_combo_factible_en_hub|sin_s1_factible_retro,,
2146,2000013909,Alborada,Cdal. Raul Silva Henriquez,20181,L2,V1,2025-07-13 20:07:18,2025-07-13 20:25:02,CC→CW,2025-07-13,,20181,20181
2147,2000013930,Diagonal Bio Bio,Alborada,20169,L2,V1,2025-07-13 18:24:43,2025-07-13 18:43:43,CC→CW,2025-07-13,,20169,20169
2148,2000014093,Laguna Quinenco,Los Canelos,20180,L2,V1,2025-07-13 18:53:27,2025-07-13 19:30:29,CW→CC,2025-07-13,,20180,20180
2149,2000014262,Diagonal Bio Bio,Los Canelos,20161,L2,V1,2025-07-13 17:12:46,2025-07-13 18:03:39,CC→CW,2025-07-13,,20161,20161
2150,2000014960,Diagonal Bio Bio,Coronel,20181,L2,V1,2025-07-13 19:59:16,2025-07-13 20:44:48,CC→CW,2025-07-13,,20181,20181
2151,2000014994,Laguna Quinenco,Concepcion,,,N/A,2025-07-13 11:27:30,2025-07-13 12:16:07,,2025-07-13,sin_combo_factible_en_hub|sin_s1_factible_retro,,
2152,2000014994,Concepcion,Laguna Quinenco,,,N/A,2025-07-13 13:59:29,2025-07-13 19:40:55,,2025-07-13,sin_combo_factible_en_hub|sin_s2_por_salida,,
2153,2000015244,Hito Galvarino,Concepcion,,,N/A,2025-07-13 11:37:08,2025-07-13 12:20:04,,2025-07-13,sin_combo_factible_en_hub|sin_s1_factible_retro,,
2154,2000015244,Concepcion,Hito Galvarino,,,N/A,2025-07-13 18:53:57,2025-07-13 20:32:34,,2025-07-13,sin_combo_factible_en_hub|sin_s2_por_salida,,
2155,2000015593,Concepcion,Lomas Coloradas,,,N/A,2025-07-13 11:16:08,2025-07-13 11:32:55,,2025-07-13,sin_combo_factible_en_hub|sin_s2_por_salida,,
2156,2000015593,Concepcion,Lomas Coloradas,,,N/A,2025-07-13 14:29:46,2025-07-13 14:55:52,,2025-07-13,sin_combo_factible_en_hub|sin_s2_por_salida,,
2157,2000016830,Cristo Redentor,Laguna Quinenco,20139,L2,V1,2025-07-13 12:47:50,2025-07-13 13:01:16,CC→CW,2025-07-13,,20139,20139
2158,2000016830,Laguna Quinenco,Huinca,20168,L2,V1,2025-07-13 17:52:48,2025-07-13 17:58:20,CW→CC,2025-07-13,,20168,20168
2159,2000016925,Costa Mar,Hito Galvarino,20181,L2,V1,2025-07-13 20:10:57,2025-07-13 20:31:19,CC→CW,2025-07-13,,20181,20181
2160,2000017429,Diagonal Bio Bio,Cristo Redentor,20181,L2,V1,2025-07-13 19:36:59,2025-07-13 20:39:17,CC→CW,2025-07-13,,20181,20181
2161,2000018035,Lzo. Arenas,Chiguayante,20859,L1,V1,2025-07-13 12:47:46,2025-07-13 13:08:46,TH→HQ,2025-07-13,,20859,20859
2162,2000018614,Cdal. Raul Silva Henriquez,Diagonal Bio Bio,20172,L2,V1,2025-07-13 18:19:04,2025-07-13 18:54:04,CW→CC,2025-07-13,,20172,20172
2163,2000018653,Costa Mar,Cristo Redentor,20181,L2,V1,2025-07-13 20:01:33,2025-07-13 20:37:09,CC→CW,2025-07-13,,20181,20181
2164,2000018662,Cdal. Raul Silva Henriquez,Diagonal Bio Bio,20154,L2,V1,2025-07-13 15:50:54,2025-07-13 16:13:13,CW→CC,2025-07-13,,20154,20154
2165,2000018693,Cdal. Raul Silva Henriquez,Diagonal Bio Bio,20168,L2,V1,2025-07-13 18:08:02,2025-07-13 18:25:08,CW→CC,2025-07-13,,20168,20168
2166,2000018818,Cristo Redentor,Laguna Quinenco,20147,L2,V1,2025-07-13 15:09:49,2025-07-13 15:21:47,CC→CW,2025-07-13,,20147,20147
2167,2000019196,Lomas Coloradas,Costa Mar,20146,L2,V1,2025-07-13 14:09:24,2025-07-13 14:18:10,CW→CC,2025-07-13,,20146,20146
2168,2000019978,Los Canelos,El Parque,20140,L2,V1,2025-07-13 12:19:37,2025-07-13 12:45:36,CW→CC,2025-07-13,,20140,20140
2169,2000020140,Concepcion,Los Condores,20848,L1,V1,2025-07-13 20:42:47,2025-07-13 21:24:19,HQ→TH,2025-07-13,,20848,20848
2170,2000021048,Coronel,Lomas Coloradas,20154,L2,V1,2025-07-13 15:28:11,2025-07-13 16:02:03,CW→CC,2025-07-13,,20154,20154
2171,2000021048,Lomas Coloradas,Coronel,20181,L2,V1,2025-07-13 20:06:04,2025-07-13 20:45:13,CC→CW,2025-07-13,,20181,20181
2172,2000022627,Costa Mar,Diagonal Bio Bio,20160,L2,V1,2025-07-13 17:12:31,2025-07-13 17:23:17,CW→CC,2025-07-13,,20160,20160
2173,2000022627,Diagonal Bio Bio,Costa Mar,20161,L2,V1,2025-07-13 17:32:59,2025-07-13 17:45:46,CC→CW,2025-07-13,,20161,20161
2174,2000022742,Cdal. Raul Silva Henriquez,Lomas Coloradas,20180,L2,V1,2025-07-13 19:27:01,2025-07-13 19:42:25,CW→CC,2025-07-13,,20180,
2175,2000022799,Hualqui,Higueras,20846,L1,V1,2025-07-13 16:53:34,2025-07-13 17:50:50,HQ→TH,2025-07-13,,20846,20846
2176,2000023262,Lomas Coloradas,Concepcion,,,N/A,2025-07-13 15:54:25,2025-07-13 16:29:52,,2025-07-13,sin_combo_factible_en_hub|sin_s1_factible_retro,,
2177,2000023262,Concepcion,Lomas Coloradas,,,N/A,2025-07-13 17:21:44,2025-07-13 17:47:02,,2025-07-13,sin_combo_factible_en_hub|sin_s2_por_salida,,
2178,2000023494,Cristo Redentor,Hito Galvarino,20150,L2,V1,2025-07-13 14:28:43,2025-07-13 14:57:56,CW→CC,2025-07-13,,20150,20150
2179,2000023899,Laguna Quinenco,Hito Galvarino,20172,L2,V1,2025-07-13 18:16:39,2025-07-13 18:34:42,CW→CC,2025-07-13,,20172,20172
2180,2000023964,Lomas Coloradas,Concepcion,,,N/A,2025-07-13 10:40:31,2025-07-13 11:25:55,,2025-07-13,sin_combo_factible_en_hub|sin_s1_factible_retro,,
2181,2000024560,Diagonal Bio Bio,Cristo Redentor,20169,L2,V1,2025-07-13 18:24:49,2025-07-13 19:08:11,CC→CW,2025-07-13,,20169,20169
2182,2000024596,Cdal. Raul Silva Henriquez,Costa Mar,20180,L2,V1,2025-07-13 19:22:57,2025-07-13 19:47:30,CW→CC,2025-07-13,,20180,
2183,2000024735,Cristo Redentor,Lomas Coloradas,20122,L2,V1,2025-07-13 08:46:46,2025-07-13 09:07:23,CW→CC,2025-07-13,,20122,20122
2184,2000024735,Lomas Coloradas,Cristo Redentor,20161,L2,V1,2025-07-13 17:45:09,2025-07-13 18:07:41,CC→CW,2025-07-13,,20161,20161
2185,2000024758,Costa Mar,Huinca,20131,L2,V1,2025-07-13 10:35:10,2025-07-13 11:15:14,CC→CW,2025-07-13,,20131,20131
2186,2000025006,Huinca,Costa Mar,20168,L2,V1,2025-07-13 17:55:48,2025-07-13 18:18:18,CW→CC,2025-07-13,,20168,20168
2187,2000025006,El Parque,Huinca,20181,L2,V1,2025-07-13 19:56:13,2025-07-13 20:37:38,CC→CW,2025-07-13,,20181,20181
2188,2000025572,Los Canelos,Diagonal Bio Bio,20140,L2,V1,2025-07-13 12:13:16,2025-07-13 12:54:39,CW→CC,2025-07-13,,20140,20140
2189,2000025843,Cdal. Raul Silva Henriquez,Alborada,20172,L2,V1,2025-07-13 18:17:14,2025-07-13 18:50:46,CW→CC,2025-07-13,,20172,20168
2190,2000025978,Chiguayante,Concepcion,20850,L1,V1,2025-07-13 09:33:58,2025-07-13 09:59:31,HQ→TH,2025-07-13,,20850,20850
2191,2000026241,Huinca,Laguna Quinenco,20155,L2,V1,2025-07-13 17:12:51,2025-07-13 17:20:07,CC→CW,2025-07-13,,20155,20155
2192,2000026450,Cdal. Raul Silva Henriquez,Costa Mar,20134,L2,V1,2025-07-13 10:53:17,2025-07-13 11:02:49,CW→CC,2025-07-13,,20134,
2193,2000026450,Costa Mar,Cdal. Raul Silva Henriquez,20139,L2,V1,2025-07-13 12:13:40,2025-07-13 12:43:50,CC→CW,2025-07-13,,20139,20139
2194,2000026456,Cdal. Raul Silva Henriquez,Laguna Quinenco,20135,L2,V1,2025-07-13 11:35:20,2025-07-13 12:10:14,CC→CW,2025-07-13,,20135,20135
2195,2000026456,Laguna Quinenco,Cdal. Raul Silva Henriquez,20146,L2,V1,2025-07-13 13:21:25,2025-07-13 14:12:15,CW→CC,2025-07-13,,20146,20146
2196,2000026789,Concepcion,Lomas Coloradas,,,N/A,2025-07-13 12:34:35,2025-07-13 13:05:19,,2025-07-13,sin_combo_factible_en_hub|sin_s2_por_salida,,
2197,2000026814,Huinca,El Parque,20168,L2,V1,2025-07-13 17:56:10,2025-07-13 18:16:39,CW→CC,2025-07-13,,20168,20168
2198,2000027066,Costa Mar,Hito Galvarino,20151,L2,V1,2025-07-13 15:35:59,2025-07-13 15:59:45,CC→CW,2025-07-13,,20151,20151
2199,2000027102,Los Canelos,Laguna Quinenco,20151,L2,V1,2025-07-13 15:49:59,2025-07-13 16:10:56,CC→CW,2025-07-13,,20151,20151
2200,2000027102,Laguna Quinenco,Los Canelos,20180,L2,V1,2025-07-13 18:54:25,2025-07-13 19:30:58,CW→CC,2025-07-13,,20180,20180
2201,2000027200,Laguna Quinenco,Lomas Coloradas,20134,L2,V1,2025-07-13 10:26:06,2025-07-13 10:57:15,CW→CC,2025-07-13,,20134,
2202,2000027370,Diagonal Bio Bio,Lomas Coloradas,20151,L2,V1,2025-07-13 15:29:22,2025-07-13 15:51:10,CC→CW,2025-07-13,,20151,20151
2203,2000027476,Mercado,La Leonera,20857,L1,V1,2025-07-13 08:20:41,2025-07-13 09:18:42,TH→HQ,2025-07-13,,20857,20857
2204,2000027476,La Leonera,Mercado,20846,L1,V1,2025-07-13 17:05:06,2025-07-13 17:57:15,HQ→TH,2025-07-13,,20846,20846
2205,2000027667,Chiguayante,Mercado,20844,L1,V1,2025-07-13 12:17:59,2025-07-13 13:15:43,HQ→TH,2025-07-13,,20844,20844
2206,2000027667,Mercado,Chiguayante,20845,L1,V1,2025-07-13 15:48:59,2025-07-13 16:41:35,TH→HQ,2025-07-13,,20845,20845
2207,2000027794,Coronel,Concepcion,,,N/A,2025-07-13 14:19:47,2025-07-13 15:30:42,,2025-07-13,sin_combo_factible_en_hub|sin_s1_factible_retro,,
2208,2000027837,Lomas Coloradas,Diagonal Bio Bio,20138,L2,V1,2025-07-13 11:50:17,2025-07-13 12:03:55,CW→CC,2025-07-13,,20138,20138
2209,2000027844,Lomas Coloradas,Concepcion,,,N/A,2025-07-13 12:32:15,2025-07-13 13:04:50,,2025-07-13,sin_combo_factible_en_hub|sin_s1_factible_retro,,
2210,2000027886,Los Canelos,Diagonal Bio Bio,20138,L2,V1,2025-07-13 11:36:19,2025-07-13 12:04:45,CW→CC,2025-07-13,,20138,20138
2211,2000027952,Costa Mar,Hito Galvarino,20155,L2,V1,2025-07-13 16:32:30,2025-07-13 17:09:52,CC→CW,2025-07-13,,20155,20155
2212,2000028283,Huinca,Concepcion,,,N/A,2025-07-13 17:41:39,2025-07-13 18:37:02,,2025-07-13,sin_combo_factible_en_hub|sin_s1_factible_retro,,
2213,2000028314,Costa Mar,Los Canelos,20161,L2,V1,2025-07-13 17:36:36,2025-07-13 18:03:46,CC→CW,2025-07-13,,20161,20161
2214,2000028693,Cristo Redentor,Concepcion,,,N/A,2025-07-13 08:49:21,2025-07-13 09:29:46,,2025-07-13,sin_combo_factible_en_hub|sin_s1_factible_retro,,
2215,2000028802,Lomas Coloradas,Laguna Quinenco,20173,L2,V1,2025-07-13 19:20:08,2025-07-13 19:41:25,CC→CW,2025-07-13,,20173,20173
2216,2000029214,Costa Mar,Cdal. Raul Silva Henriquez,20181,L2,V1,2025-07-13 19:24:50,2025-07-13 20:25:44,CC→CW,2025-07-13,,20181,20181
2217,2000029330,Hito Galvarino,Concepcion,,,N/A,2025-07-13 13:47:25,2025-07-13 14:38:32,,2025-07-13,sin_combo_factible_en_hub|sin_s1_factible_retro,,
2218,2000029412,Cdal. Raul Silva Henriquez,Diagonal Bio Bio,20130,L2,V1,2025-07-13 09:58:41,2025-07-13 10:24:51,CW→CC,2025-07-13,,20130,
2219,2000029509,Costa Mar,Laguna Quinenco,20147,L2,V1,2025-07-13 14:52:52,2025-07-13 15:20:59,CC→CW,2025-07-13,,20147,20147
2220,2000029747,Costa Mar,Laguna Quinenco,20143,L2,V1,2025-07-13 13:22:40,2025-07-13 13:55:38,CC→CW,2025-07-13,,20143,20143
2221,2000029747,Laguna Quinenco,Costa Mar,20154,L2,V1,2025-07-13 15:37:50,2025-07-13 16:07:55,CW→CC,2025-07-13,,20154,20154
2222,2000030880,Diagonal Bio Bio,Lomas Coloradas,20139,L2,V1,2025-07-13 12:28:49,2025-07-13 12:40:41,CC→CW,2025-07-13,,20139,20139
2223,2000031304,Cdal. Raul Silva Henriquez,Los Canelos,20173,L2,V1,2025-07-13 19:16:36,2025-07-13 19:33:16,CC→CW,2025-07-13,,20173,20173
2224,2000031720,Lomas Coloradas,Los Canelos,20169,L2,V1,2025-07-13 18:50:16,2025-07-13 19:04:33,CC→CW,2025-07-13,,20169,20169
2225,2000032135,Cdal. Raul Silva Henriquez,Lomas Coloradas,20130,L2,V1,2025-07-13 09:55:18,2025-07-13 10:13:18,CW→CC,2025-07-13,,20130,
2226,2000032665,Lomas Coloradas,Cristo Redentor,20123,L2,V1,2025-07-13 09:14:54,2025-07-13 10:03:14,CC→CW,2025-07-13,,20123,20123
2227,2000032793,Cdal. Raul Silva Henriquez,Diagonal Bio Bio,20154,L2,V1,2025-07-13 15:45:58,2025-07-13 16:15:41,CW→CC,2025-07-13,,20154,20154
2228,2000033811,Hito Galvarino,Concepcion,,,N/A,2025-07-13 08:53:35,2025-07-13 09:33:07,,2025-07-13,sin_combo_factible_en_hub|sin_s1_factible_retro,,
2229,2000034052,Cristo Redentor,Concepcion,,,N/A,2025-07-13 18:19:54,2025-07-13 19:17:27,,2025-07-13,sin_combo_factible_en_hub|sin_s1_factible_retro,,
2230,2000034249,Laguna Quinenco,El Parque,20168,L2,V1,2025-07-13 17:44:37,2025-07-13 18:16:06,CW→CC,2025-07-13,,20168,20168
2231,2000034249,El Parque,Huinca,20181,L2,V1,2025-07-13 19:51:41,2025-07-13 20:37:52,CC→CW,2025-07-13,,20181,20181
2232,2000034558,Hualqui,Los Condores,20844,L1,V1,2025-07-13 12:14:34,2025-07-13 13:05:40,HQ→TH,2025-07-13,,20844,20844
2233,2000035422,Huinca,Cristo Redentor,20139,L2,V1,2025-07-13 12:14:26,2025-07-13 18:08:16,CC→CW,2025-07-13,,20139,20139
2234,2000035666,Los Canelos,Costa Mar,20146,L2,V1,2025-07-13 13:55:10,2025-07-13 14:18:05,CW→CC,2025-07-13,,20146,20146
2235,2000035899,Hito Galvarino,Concepcion,,,N/A,2025-07-13 17:02:44,2025-07-13 17:33:28,,2025-07-13,sin_combo_factible_en_hub|sin_s1_factible_retro,,
2236,2000036297,Huinca,Concepcion,,,N/A,2025-07-13 15:22:19,2025-07-13 16:30:57,,2025-07-13,sin_combo_factible_en_hub|sin_s1_factible_retro,,
2237,2000036651,Cristo Redentor,Laguna Quinenco,20151,L2,V1,2025-07-13 16:01:06,2025-07-13 16:11:10,CC→CW,2025-07-13,,20151,20151
2238,2000037463,Cdal. Raul Silva Henriquez,Costa Mar,20134,L2,V1,2025-07-13 10:43:33,2025-07-13 11:04:06,CW→CC,2025-07-13,,20134,20134
2239,2000037463,Costa Mar,Cdal. Raul Silva Henriquez,20143,L2,V1,2025-07-13 13:16:04,2025-07-13 13:39:49,CC→CW,2025-07-13,,20143,20143
2240,2000037731,Lomas Coloradas,Diagonal Bio Bio,20172,L2,V1,2025-07-13 18:39:32,2025-07-13 18:54:01,CW→CC,2025-07-13,,20172,20172
2241,2000037962,Huinca,Coronel,20151,L2,V1,2025-07-13 15:57:15,2025-07-13 16:13:28,CC→CW,2025-07-13,,20151,20151
2242,2000039067,Costa Mar,Laguna Quinenco,20155,L2,V1,2025-07-13 16:39:47,2025-07-13 17:20:03,CC→CW,2025-07-13,,20155,20155
2243,2000039832,Cristo Redentor,Concepcion,,,N/A,2025-07-13 19:25:43,2025-07-13 20:08:42,,2025-07-13,sin_combo_factible_en_hub|sin_s1_factible_retro,,
2244,2000040421,Hualqui,Los Condores,20846,L1,V1,2025-07-13 17:00:49,2025-07-13 17:46:48,HQ→TH,2025-07-13,,20846,20846
2245,2000041751,Lomas Coloradas,Cristo Redentor,20161,L2,V1,2025-07-13 17:45:57,2025-07-13 18:07:37,CC→CW,2025-07-13,,20161,20161
2246,2000042163,Los Canelos,Hito Galvarino,20150,L2,V1,2025-07-13 14:44:24,2025-07-13 14:58:34,CW→CC,2025-07-13,,20150,20150
2247,2000042163,Hito Galvarino,Los Canelos,20161,L2,V1,2025-07-13 17:32:25,2025-07-13 18:03:20,CC→CW,2025-07-13,,20161,20161
2248,2000042947,Alborada,Los Canelos,20181,L2,V1,2025-07-13 20:12:28,2025-07-13 20:35:24,CC→CW,2025-07-13,,20181,20181
2249,2000043224,Coronel,Cdal. Raul Silva Henriquez,20180,L2,V1,2025-07-13 19:18:26,2025-07-13 19:41:36,CW→CC,2025-07-13,,20180,20180
2250,2000043929,Alborada,Lomas Coloradas,20123,L2,V1,2025-07-13 09:28:07,2025-07-13 09:44:59,CC→CW,2025-07-13,,20123,20123
2251,2000043929,Alborada,Laguna Quinenco,20155,L2,V1,2025-07-13 16:30:35,2025-07-13 17:19:36,CC→CW,2025-07-13,,20155,20155
2252,2000043929,Laguna Quinenco,Alborada,20168,L2,V1,2025-07-13 17:52:17,2025-07-13 18:20:39,CW→CC,2025-07-13,,20168,20168
2253,2000044199,Lomas Coloradas,Los Canelos,20131,L2,V1,2025-07-13 10:41:16,2025-07-13 11:13:15,CC→CW,2025-07-13,,20131,20131
2254,2000044362,Laguna Quinenco,Diagonal Bio Bio,20180,L2,V1,2025-07-13 19:14:23,2025-07-13 19:55:05,CW→CC,2025-07-13,,20180,20180
2255,2000044427,Lomas Coloradas,Los Canelos,20181,L2,V1,2025-07-13 20:15:20,2025-07-13 20:35:28,CC→CW,2025-07-13,,20181,20181
2256,2000044546,Costa Mar,Cristo Redentor,20181,L2,V1,2025-07-13 20:13:06,2025-07-13 20:39:27,CC→CW,2025-07-13,,20181,20181
2257,2000044789,Lomas Coloradas,El Parque,20154,L2,V1,2025-07-13 15:53:21,2025-07-13 16:05:40,CW→CC,2025-07-13,,20154,20154
2258,2000044789,El Parque,Lomas Coloradas,20169,L2,V1,2025-07-13 18:25:45,2025-07-13 18:51:40,CC→CW,2025-07-13,,20169,20169
2259,2000044875,Concepcion,Concepcion,,,N/A,2025-07-13 16:45:42,2025-07-13 16:46:53,,2025-07-13,no viajo,,
2260,2000045514,Costa Mar,Cristo Redentor,20147,L2,V1,2025-07-13 14:40:55,2025-07-13 15:18:57,CC→CW,2025-07-13,,20147,20147
2261,2000045514,Cristo Redentor,Costa Mar,20172,L2,V1,2025-07-13 18:01:40,2025-07-13 18:48:36,CW→CC,2025-07-13,,20172,20168
2262,2000046394,Coronel,Lomas Coloradas,20172,L2,V1,2025-07-13 17:58:39,2025-07-13 18:43:00,CW→CC,2025-07-13,,20172,20172
2263,2000047126,El Parque,Hito Galvarino,20181,L2,V1,2025-07-13 20:07:25,2025-07-13 20:31:11,CC→CW,2025-07-13,,20181,20181
2264,2000048360,Hito Galvarino,Concepcion,,,N/A,2025-07-13 12:21:44,2025-07-13 13:02:32,,2025-07-13,sin_combo_factible_en_hub|sin_s1_factible_retro,,
2265,2000048701,Los Canelos,Coronel,20143,L2,V1,2025-07-13 13:44:14,2025-07-13 13:59:27,CC→CW,2025-07-13,,20143,20143
2266,2000048960,Alborada,Laguna Quinenco,20139,L2,V1,2025-07-13 12:04:38,2025-07-13 13:02:51,CC→CW,2025-07-13,,20139,20139
2267,2000048960,Laguna Quinenco,Alborada,20146,L2,V1,2025-07-13 13:51:37,2025-07-13 14:21:09,CW→CC,2025-07-13,,20146,20146
2268,2000049191,Costa Mar,Diagonal Bio Bio,20140,L2,V1,2025-07-13 12:45:59,2025-07-13 12:53:43,CW→CC,2025-07-13,,20140,20140
2269,2000049470,Diagonal Bio Bio,Costa Mar,20181,L2,V1,2025-07-13 20:00:05,2025-07-13 20:16:08,CC→CW,2025-07-13,,20181,20181
2270,2000049647,Costa Mar,Laguna Quinenco,20173,L2,V1,2025-07-13 19:13:39,2025-07-13 19:41:30,CC→CW,2025-07-13,,20173,20173
2271,2000050313,El Parque,Laguna Quinenco,20123,L2,V1,2025-07-13 09:05:47,2025-07-13 10:05:30,CC→CW,2025-07-13,,20123,20123
2272,2000050672,El Parque,Lomas Coloradas,20151,L2,V1,2025-07-13 15:43:40,2025-07-13 15:52:30,CC→CW,2025-07-13,,20151,20151
2273,2000050933,Concepcion,Hito Galvarino,,,N/A,2025-07-13 19:02:09,2025-07-13 20:32:10,,2025-07-13,sin_combo_factible_en_hub|sin_s2_por_salida,,
2274,2000051615,Lomas Coloradas,Diagonal Bio Bio,20154,L2,V1,2025-07-13 15:55:49,2025-07-13 16:15:28,CW→CC,2025-07-13,,20154,20154
2275,2000051744,Diagonal Bio Bio,Los Canelos,20173,L2,V1,2025-07-13 19:07:42,2025-07-13 19:33:42,CC→CW,2025-07-13,,20173,20173
2276,2000052486,La Leonera,Coronel,,,N/A,2025-07-13 09:29:55,2025-07-13 11:24:27,,2025-07-13,sin_combo_factible_en_hub|sin_s2_por_salida,,
2277,2000052945,Diagonal Bio Bio,Coronel,20161,L2,V1,2025-07-13 17:23:29,2025-07-13 18:13:32,CC→CW,2025-07-13,,20161,20161
2278,2000053413,Los Canelos,Diagonal Bio Bio,20146,L2,V1,2025-07-13 13:48:04,2025-07-13 14:25:07,CW→CC,2025-07-13,,20146,20146
2279,2000053742,Diagonal Bio Bio,Lomas Coloradas,20151,L2,V1,2025-07-13 15:29:19,2025-07-13 15:51:10,CC→CW,2025-07-13,,20151,20151
2280,2000053742,Lomas Coloradas,Diagonal Bio Bio,20160,L2,V1,2025-07-13 17:03:57,2025-07-13 17:23:47,CW→CC,2025-07-13,,20160,20160
2281,2000054055,Cristo Redentor,Laguna Quinenco,20143,L2,V1,2025-07-13 13:44:57,2025-07-13 13:56:01,CC→CW,2025-07-13,,20143,20143
2282,2000054055,Laguna Quinenco,Los Canelos,20154,L2,V1,2025-07-13 15:23:18,2025-07-13 15:49:57,CW→CC,2025-07-13,,20154,20154
2283,2000054902,Coronel,Lomas Coloradas,20130,L2,V1,2025-07-13 09:38:31,2025-07-13 10:13:29,CW→CC,2025-07-13,,20130,
2284,2000054902,Lomas Coloradas,Coronel,20139,L2,V1,2025-07-13 12:34:25,2025-07-13 13:04:52,CC→CW,2025-07-13,,20139,20139
2285,2000055206,Cristo Redentor,Concepcion,,,N/A,2025-07-13 10:23:34,2025-07-13 11:21:16,,2025-07-13,sin_combo_factible_en_hub|sin_s1_factible_retro,,
2286,2000055206,Diagonal Bio Bio,Cristo Redentor,20151,L2,V1,2025-07-13 15:31:59,2025-07-13 16:07:34,CC→CW,2025-07-13,,20151,20151
2287,2000055592,Coronel,Diagonal Bio Bio,20146,L2,V1,2025-07-13 13:41:02,2025-07-13 14:23:47,CW→CC,2025-07-13,,20146,20146
2288,2000055681,Pedro Medina,Concepcion,20848,L1,V2,2025-07-13 20:55:50,2025-07-13 21:12:10,,2025-07-13,sin_combo_factible_en_hub|sin_s1_factible_retro,,20848
2289,2000055734,Coronel,El Parque,20160,L2,V1,2025-07-13 16:44:45,2025-07-13 17:15:08,CW→CC,2025-07-13,,20160,20160
2290,2000055734,Costa Mar,Cristo Redentor,20181,L2,V1,2025-07-13 19:41:00,2025-07-13 20:38:10,CC→CW,2025-07-13,,20181,20181
2291,2000055742,Huinca,Lomas Coloradas,20130,L2,V1,2025-07-13 09:55:18,2025-07-13 10:13:46,CW→CC,2025-07-13,,20130,
2292,2000055762,Alborada,Coronel,20135,L2,V1,2025-07-13 11:33:13,2025-07-13 12:13:54,CC→CW,2025-07-13,,20135,20135
2293,2000055824,Coronel,Laguna Quinenco,20146,L2,V1,2025-07-13 13:38:57,2025-07-13 19:10:52,CW→CC,2025-07-13,,20146,20146
2294,2000055880,Coronel,Laguna Quinenco,20146,L2,V1,2025-07-13 13:38:47,2025-07-13 19:10:54,CW→CC,2025-07-13,,20146,20146
2295,2000056025,Costa Mar,Diagonal Bio Bio,20172,L2,V1,2025-07-13 18:46:14,2025-07-13 18:53:52,CW→CC,2025-07-13,,20172,20172
2296,2000056652,Los Canelos,Concepcion,,,N/A,2025-07-13 10:34:40,2025-07-13 11:15:42,,2025-07-13,sin_combo_factible_en_hub|sin_s1_factible_retro,,
2297,2000056652,Concepcion,Los Canelos,,,N/A,2025-07-13 19:03:48,2025-07-13 20:35:48,,2025-07-13,sin_combo_factible_en_hub|sin_s2_por_salida,,
2298,2000056946,Lomas Coloradas,Laguna Quinenco,20135,L2,V1,2025-07-13 11:47:11,2025-07-13 12:10:42,CC→CW,2025-07-13,,20135,20135
2299,2000057088,Lomas Coloradas,Cristo Redentor,20173,L2,V1,2025-07-13 19:14:58,2025-07-13 19:37:31,CC→CW,2025-07-13,,20173,20173
2300,2000057206,Laguna Quinenco,Concepcion,,,N/A,2025-07-13 13:45:26,2025-07-13 14:37:56,,2025-07-13,sin_combo_factible_en_hub|sin_s1_factible_retro,,
2301,2000057206,Concepcion,Laguna Quinenco,,,N/A,2025-07-13 17:22:14,2025-07-13 18:10:39,,2025-07-13,sin_combo_factible_en_hub|sin_s2_por_salida,,
2302,2000057807,Cdal. Raul Silva Henriquez,Costa Mar,20140,L2,V1,2025-07-13 12:36:34,2025-07-13 12:48:08,CW→CC,2025-07-13,,20140,20140
2303,2000058692,Hito Galvarino,El Parque,20122,L2,V1,2025-07-13 08:50:47,2025-07-13 09:10:52,CW→CC,2025-07-13,,20122,20122
2304,2000058692,El Parque,Coronel,20181,L2,V1,2025-07-13 20:10:42,2025-07-13 20:45:26,CC→CW,2025-07-13,,20181,20181
2305,2000058731,Lomas Coloradas,Costa Mar,20138,L2,V1,2025-07-13 11:49:26,2025-07-13 11:57:52,CW→CC,2025-07-13,,20138,20138
2306,2000058731,Costa Mar,Lomas Coloradas,20151,L2,V1,2025-07-13 15:42:10,2025-07-13 15:51:07,CC→CW,2025-07-13,,20151,20151
2307,2000059170,Huinca,El Parque,20138,L2,V1,2025-07-13 11:20:21,2025-07-13 11:55:19,CW→CC,2025-07-13,,20138,20138
2308,2000059170,El Parque,Huinca,20181,L2,V1,2025-07-13 20:06:58,2025-07-13 20:37:06,CC→CW,2025-07-13,,20181,20181
2309,2000059789,Lomas Coloradas,Costa Mar,20146,L2,V1,2025-07-13 14:01:04,2025-07-13 14:18:04,CW→CC,2025-07-13,,20146,20146
2310,2000059913,Cdal. Raul Silva Henriquez,Laguna Quinenco,20155,L2,V1,2025-07-13 16:52:31,2025-07-13 17:20:16,CC→CW,2025-07-13,,20155,20155
2311,2000060217,Coronel,El Parque,20180,L2,V1,2025-07-13 18:45:25,2025-07-13 19:45:36,CW→CC,2025-07-13,,20180,20180
2312,2000060378,Huinca,Cristo Redentor,20147,L2,V1,2025-07-13 15:10:13,2025-07-13 15:18:14,CC→CW,2025-07-13,,20147,20147
2313,2000060381,Coronel,Concepcion,,,N/A,2025-07-13 13:47:41,2025-07-13 14:36:41,,2025-07-13,sin_combo_factible_en_hub|sin_s1_factible_retro,,
2314,2000060432,Los Canelos,Concepcion,,,N/A,2025-07-13 08:51:50,2025-07-13 09:36:12,,2025-07-13,sin_combo_factible_en_hub|sin_s1_factible_retro,,
2315,2000060432,Concepcion,Los Canelos,,,N/A,2025-07-13 18:53:33,2025-07-13 20:35:43,,2025-07-13,sin_combo_factible_en_hub|sin_s2_por_salida,,
2316,2000060508,Los Canelos,Coronel,20151,L2,V1,2025-07-13 16:01:03,2025-07-13 16:15:53,CC→CW,2025-07-13,,20151,20151
2317,2000060760,Costa Mar,Laguna Quinenco,20169,L2,V1,2025-07-13 18:37:27,2025-07-13 19:10:26,CC→CW,2025-07-13,,20169,20169
2318,2000060990,Laguna Quinenco,Concepcion,,,N/A,2025-07-13 10:32:25,2025-07-13 16:48:57,,2025-07-13,sin_combo_factible_en_hub|sin_s1_factible_retro,,
2319,2000060990,Concepcion,Laguna Quinenco,,,N/A,2025-07-13 16:49:56,2025-07-13 18:11:41,,2025-07-13,sin_combo_factible_en_hub|sin_s2_por_salida,,
2320,2000061885,Huinca,Diagonal Bio Bio,20180,L2,V1,2025-07-13 19:15:15,2025-07-13 19:55:11,CW→CC,2025-07-13,,20180,20180
2321,2000061898,Los Canelos,Laguna Quinenco,20131,L2,V1,2025-07-13 10:58:41,2025-07-13 11:22:36,CC→CW,2025-07-13,,20131,20131
2322,2000062407,Cristo Redentor,Lomas Coloradas,20140,L2,V1,2025-07-13 12:07:13,2025-07-13 12:41:34,CW→CC,2025-07-13,,20140,
2323,2000062566,Coronel,El Parque,20150,L2,V1,2025-07-13 14:37:29,2025-07-13 15:10:56,CW→CC,2025-07-13,,20150,20150
2324,2000062566,El Parque,Los Canelos,20155,L2,V1,2025-07-13 16:55:43,2025-07-13 17:14:03,CC→CW,2025-07-13,,20155,20155
2325,2000062581,Los Canelos,Concepcion,,,N/A,2025-07-13 08:48:42,2025-07-13 09:32:09,,2025-07-13,sin_combo_factible_en_hub|sin_s1_factible_retro,,
2326,2000063017,Cristo Redentor,Laguna Quinenco,20139,L2,V1,2025-07-13 12:48:03,2025-07-13 13:01:08,CC→CW,2025-07-13,,20139,20139
2327,2000063017,Laguna Quinenco,Cristo Redentor,20150,L2,V1,2025-07-13 14:40:22,2025-07-13 14:51:19,CW→CC,2025-07-13,,20150,20150
2328,2000063184,Los Canelos,El Parque,20172,L2,V1,2025-07-13 18:16:13,2025-07-13 18:46:03,CW→CC,2025-07-13,,20172,20172
2329,2000063612,Coronel,Diagonal Bio Bio,20154,L2,V1,2025-07-13 14:50:08,2025-07-13 16:17:29,CW→CC,2025-07-13,,20154,20150
2330,2000064053,Cdal. Raul Silva Henriquez,Cristo Redentor,20131,L2,V1,2025-07-13 11:00:49,2025-07-13 11:17:17,CC→CW,2025-07-13,,20131,20131
2331,2000064268,El Parque,Hito Galvarino,20181,L2,V1,2025-07-13 20:03:33,2025-07-13 20:32:25,CC→CW,2025-07-13,,20181,20181
2332,2000064534,Concepcion,Lomas Coloradas,,,N/A,2025-07-13 17:23:38,2025-07-13 17:50:30,,2025-07-13,sin_combo_factible_en_hub|sin_s2_por_salida,,
2333,2000064542,Lomas Coloradas,Cristo Redentor,20135,L2,V1,2025-07-13 11:47:27,2025-07-13 12:08:48,CC→CW,2025-07-13,,20135,20135
2334,2000064931,Diagonal Bio Bio,Laguna Quinenco,20131,L2,V1,2025-07-13 10:45:29,2025-07-13 11:20:52,CC→CW,2025-07-13,,20131,20131
2335,2000065897,Concepcion,Chiguayante,20845,L1,V1,2025-07-13 16:25:32,2025-07-13 16:41:40,TH→HQ,2025-07-13,,20845,20845
2336,2000065999,Cdal. Raul Silva Henriquez,Diagonal Bio Bio,20168,L2,V1,2025-07-13 17:57:21,2025-07-13 18:25:17,CW→CC,2025-07-13,,20168,20168
2337,2000066457,Huinca,Diagonal Bio Bio,20172,L2,V1,2025-07-13 18:02:18,2025-07-13 18:55:01,CW→CC,2025-07-13,,20172,20168
2338,2000066851,Coronel,Concepcion,,,N/A,2025-07-13 14:21:18,2025-07-13 15:29:42,,2025-07-13,sin_combo_factible_en_hub|sin_s1_factible_retro,,
2339,2000067716,Hito Galvarino,Laguna Quinenco,20173,L2,V1,2025-07-13 19:27:52,2025-07-13 19:41:19,CC→CW,2025-07-13,,20173,20173
2340,2000067727,Concepcion,Concepcion,,,N/A,2025-07-13 14:31:55,2025-07-13 14:34:06,,2025-07-13,no viajo,,
2341,2000067727,Concepcion,Concepcion,,,N/A,2025-07-13 19:34:23,2025-07-13 19:35:49,,2025-07-13,no viajo,,
2342,2000067801,Laguna Quinenco,Diagonal Bio Bio,20122,L2,V1,2025-07-13 08:25:57,2025-07-13 09:18:59,CW→CC,2025-07-13,,20122,20122
2343,2000067801,Diagonal Bio Bio,Laguna Quinenco,20143,L2,V1,2025-07-13 12:58:50,2025-07-13 13:55:02,CC→CW,2025-07-13,,20143,20143
2344,2000067899,Cristo Redentor,Coronel,20123,L2,V1,2025-07-13 10:00:59,2025-07-13 10:08:24,CC→CW,2025-07-13,,20123,20123
2345,2000067899,Cristo Redentor,Diagonal Bio Bio,20154,L2,V1,2025-07-13 15:39:53,2025-07-13 16:13:12,CW→CC,2025-07-13,,20154,20154
2346,2000067899,Diagonal Bio Bio,El Parque,20161,L2,V1,2025-07-13 17:35:18,2025-07-13 17:48:30,CC→CW,2025-07-13,,20161,20161
2347,2000067899,El Parque,Cristo Redentor,20169,L2,V1,2025-07-13 18:35:45,2025-07-13 19:08:18,CC→CW,2025-07-13,,20169,20169
2348,2000068638,Pedro Medina,Concepcion,20846,L1,V1,2025-07-13 17:19:03,2025-07-13 17:57:56,HQ→TH,2025-07-13,combo_relajado_pase1,20846,20846
2349,2000068654,Concepcion,Los Condores,20844,L1,V1,2025-07-13 12:47:36,2025-07-13 13:05:21,HQ→TH,2025-07-13,,20844,20844
2350,2000068854,Lomas Coloradas,Costa Mar,20146,L2,V1,2025-07-13 13:40:08,2025-07-13 14:17:48,CW→CC,2025-07-13,,20146,20146
2351,2000068854,Costa Mar,Lomas Coloradas,20173,L2,V1,2025-07-13 19:15:13,2025-07-13 19:20:44,CC→CW,2025-07-13,,20173,20173
2352,2000069543,Los Condores,Huinca,,,N/A,2025-07-13 12:08:20,2025-07-13 18:57:22,,2025-07-13,sin_combo_factible_en_hub|sin_s2_por_salida,,
2353,2000069987,Los Canelos,Concepcion,,,N/A,2025-07-13 11:31:57,2025-07-13 12:18:34,,2025-07-13,sin_combo_factible_en_hub|sin_s1_factible_retro,,
2354,2000069987,Lomas Coloradas,Los Canelos,20161,L2,V1,2025-07-13 17:43:30,2025-07-13 18:03:16,CC→CW,2025-07-13,,20161,20161
2355,2000070336,Diagonal Bio Bio,Lomas Coloradas,20151,L2,V1,2025-07-13 15:29:25,2025-07-13 15:51:05,CC→CW,2025-07-13,,20151,20151
2356,2000070336,Lomas Coloradas,Diagonal Bio Bio,20160,L2,V1,2025-07-13 17:03:41,2025-07-13 17:23:44,CW→CC,2025-07-13,,20160,20160
2357,2000070460,Laguna Quinenco,Hito Galvarino,20150,L2,V1,2025-07-13 14:26:16,2025-07-13 14:58:09,CW→CC,2025-07-13,,20150,20150
2358,2000070564,Los Canelos,Concepcion,,,N/A,2025-07-13 11:38:01,2025-07-13 12:15:50,,2025-07-13,sin_combo_factible_en_hub|sin_s1_factible_retro,,
2359,2000070564,Concepcion,Los Canelos,,,N/A,2025-07-13 17:30:28,2025-07-13 19:04:11,,2025-07-13,sin_combo_factible_en_hub|sin_s2_por_salida,,
2360,2000070614,Hito Galvarino,Laguna Quinenco,20151,L2,V1,2025-07-13 15:52:38,2025-07-13 16:10:43,CC→CW,2025-07-13,,20151,20151
2361,2000071498,Concepcion,Laguna Quinenco,,,N/A,2025-07-13 11:59:58,2025-07-13 13:01:01,,2025-07-13,sin_combo_factible_en_hub|sin_s2_por_salida,,
2362,2000071498,Laguna Quinenco,Concepcion,,,N/A,2025-07-13 17:39:25,2025-07-13 18:36:48,,2025-07-13,sin_combo_factible_en_hub|sin_s1_factible_retro,,
2363,2000071767,Concepcion,Cristo Redentor,,,N/A,2025-07-13 18:42:45,2025-07-13 19:38:21,,2025-07-13,sin_combo_factible_en_hub|sin_s2_por_salida,,
2364,2000071966,Los Canelos,Concepcion,,,N/A,2025-07-13 08:52:14,2025-07-13 09:31:43,,2025-07-13,sin_combo_factible_en_hub|sin_s1_factible_retro,,
2365,2000071999,Los Canelos,Costa Mar,20160,L2,V1,2025-07-13 16:46:57,2025-07-13 17:18:58,CW→CC,2025-07-13,,20160,20160
2366,2000071999,Costa Mar,Los Canelos,20181,L2,V1,2025-07-13 19:55:22,2025-07-13 20:36:44,CC→CW,2025-07-13,,20181,20181
2367,2000072443,Lomas Coloradas,Concepcion,,,N/A,2025-07-13 14:00:55,2025-07-13 14:36:59,,2025-07-13,sin_combo_factible_en_hub|sin_s1_factible_retro,,
2368,2000072443,Concepcion,Lomas Coloradas,,,N/A,2025-07-13 16:19:17,2025-07-13 17:12:12,,2025-07-13,sin_combo_factible_en_hub|sin_s2_por_salida,,
2369,2000072610,Costa Mar,Coronel,20147,L2,V1,2025-07-13 14:46:57,2025-07-13 15:23:39,CC→CW,2025-07-13,,20147,20147
2370,2000072610,Laguna Quinenco,Costa Mar,20180,L2,V1,2025-07-13 19:11:39,2025-07-13 19:48:52,CW→CC,2025-07-13,,20180,20180
2371,2000073057,Lomas Coloradas,Concepcion,,,N/A,2025-07-13 09:05:41,2025-07-13 09:29:15,,2025-07-13,sin_combo_factible_en_hub|sin_s1_factible_retro,,
2372,2000073057,Concepcion,Lomas Coloradas,,,N/A,2025-07-13 11:50:17,2025-07-13 12:30:08,,2025-07-13,sin_combo_factible_en_hub|sin_s2_por_salida,,
2373,2000073384,Concepcion,Laguna Quinenco,,,N/A,2025-07-13 16:38:33,2025-07-13 18:11:03,,2025-07-13,sin_combo_factible_en_hub|sin_s2_por_salida,,
2374,2000073601,Laguna Quinenco,Cdal. Raul Silva Henriquez,20138,L2,V1,2025-07-13 11:14:54,2025-07-13 11:49:44,CW→CC,2025-07-13,,20138,20138
2375,2000073833,Concepcion,Lomas Coloradas,,,N/A,2025-07-13 17:17:44,2025-07-13 17:46:47,,2025-07-13,sin_combo_factible_en_hub|sin_s2_por_salida,,
2376,2000073873,Chiguayante,Los Condores,20848,L1,V1,2025-07-13 20:41:01,2025-07-13 21:24:21,HQ→TH,2025-07-13,,20848,20848
2377,2000074521,Los Canelos,Costa Mar,20122,L2,V1,2025-07-13 08:49:58,2025-07-13 09:13:26,CW→CC,2025-07-13,,20122,20122
2378,2000075277,Cdal. Raul Silva Henriquez,Diagonal Bio Bio,20172,L2,V1,2025-07-13 18:34:08,2025-07-13 18:54:10,CW→CC,2025-07-13,,20172,20172
2379,2000075312,Los Condores,Manquimavida,20859,L1,V1,2025-07-13 12:34:37,2025-07-13 13:14:50,TH→HQ,2025-07-13,,20859,20859
2380,2000075958,Lomas Coloradas,Concepcion,,,N/A,2025-07-13 08:46:25,2025-07-13 09:29:55,,2025-07-13,sin_combo_factible_en_hub|sin_s1_factible_retro,,
2381,2000076037,Los Canelos,Concepcion,,,N/A,2025-07-13 17:52:38,2025-07-13 18:35:19,,2025-07-13,sin_combo_factible_en_hub|sin_s1_factible_retro,,
2382,2000076272,Huinca,Laguna Quinenco,20161,L2,V1,2025-07-13 18:01:50,2025-07-13 18:10:34,CC→CW,2025-07-13,,20161,20161
2383,2000076287,Concepcion,Los Canelos,,,N/A,2025-07-13 14:48:30,2025-07-13 16:03:14,,2025-07-13,sin_combo_factible_en_hub|sin_s2_por_salida,,
2384,2000076378,Los Canelos,Concepcion,,,N/A,2025-07-13 09:55:56,2025-07-13 10:35:31,,2025-07-13,sin_combo_factible_en_hub|sin_s1_factible_retro,,
2385,2000076378,Concepcion,Los Canelos,,,N/A,2025-07-13 14:32:33,2025-07-13 15:14:45,,2025-07-13,sin_combo_factible_en_hub|sin_s2_por_salida,,
2386,2000076544,Costa Mar,Cdal. Raul Silva Henriquez,20161,L2,V1,2025-07-13 17:38:53,2025-07-13 17:53:55,CC→CW,2025-07-13,,20161,20161
2387,2000076906,Laguna Quinenco,Diagonal Bio Bio,20150,L2,V1,2025-07-13 14:43:23,2025-07-13 15:19:44,CW→CC,2025-07-13,,20150,20150
2388,2000076906,Diagonal Bio Bio,Laguna Quinenco,20173,L2,V1,2025-07-13 18:47:14,2025-07-13 19:40:52,CC→CW,2025-07-13,,20173,20169
2389,2000076940,Lomas Coloradas,Coronel,20131,L2,V1,2025-07-13 10:53:18,2025-07-13 11:23:51,CC→CW,2025-07-13,,20131,20131
2390,2000077056,Los Canelos,Lomas Coloradas,20160,L2,V1,2025-07-13 16:59:07,2025-07-13 17:12:24,CW→CC,2025-07-13,,20160,20160
2391,2000077064,Laguna Quinenco,Diagonal Bio Bio,20180,L2,V1,2025-07-13 19:07:09,2025-07-13 19:55:27,CW→CC,2025-07-13,,20180,20180
2392,2000077874,Lomas Coloradas,Costa Mar,20168,L2,V1,2025-07-13 18:09:40,2025-07-13 18:18:13,CW→CC,2025-07-13,,20168,20168
2393,2000078203,Costa Mar,Laguna Quinenco,20147,L2,V1,2025-07-13 14:55:19,2025-07-13 15:25:49,CC→CW,2025-07-13,,20147,20147
2394,2000078203,Laguna Quinenco,Costa Mar,20172,L2,V1,2025-07-13 18:19:58,2025-07-13 18:48:35,CW→CC,2025-07-13,,20172,20172
2395,2000078228,Los Condores,Concepcion,20845,L1,V1,2025-07-13 16:11:24,2025-07-13 16:28:35,TH→HQ,2025-07-13,,20845,20845
2396,2000079101,Costa Mar,Laguna Quinenco,20123,L2,V1,2025-07-13 09:29:06,2025-07-13 10:05:10,CC→CW,2025-07-13,,20123,20123
2397,2000079101,Laguna Quinenco,Costa Mar,20180,L2,V1,2025-07-13 18:57:30,2025-07-13 19:47:41,CW→CC,2025-07-13,,20180,
2398,2000079207,Manquimavida,Mercado,20850,L1,V1,2025-07-13 09:38:57,2025-07-13 10:24:18,HQ→TH,2025-07-13,,20850,20850
2399,2000079207,Mercado,Manquimavida,20859,L1,V1,2025-07-13 12:28:51,2025-07-13 13:16:03,TH→HQ,2025-07-13,,20859,20859
2400,2000079207,Manquimavida,Lzo. Arenas,20846,L1,V1,2025-07-13 17:10:34,2025-07-13 17:39:23,HQ→TH,2025-07-13,,20846,20846
2401,2000079337,Cdal. Raul Silva Henriquez,Hito Galvarino,20147,L2,V1,2025-07-13 14:53:23,2025-07-13 15:10:52,CC→CW,2025-07-13,,20147,20147
2402,2000079381,Mercado,Concepcion,20857,L1,V1,2025-07-13 08:27:23,2025-07-13 08:57:54,TH→HQ,2025-07-13,,20857,20857
2403,2000079381,Concepcion,Lomas Coloradas,,,N/A,2025-07-13 09:16:55,2025-07-13 09:41:03,,2025-07-13,sin_combo_factible_en_hub|sin_s2_por_salida,,
2404,2000079829,Alborada,Lomas Coloradas,20147,L2,V1,2025-07-13 14:44:00,2025-07-13 15:01:44,CC→CW,2025-07-13,,20147,20147
2405,2000079886,El Parque,Cdal. Raul Silva Henriquez,20139,L2,V1,2025-07-13 12:24:30,2025-07-13 12:43:44,CC→CW,2025-07-13,,20139,20139
2406,2000080075,Coronel,Diagonal Bio Bio,20138,L2,V1,2025-07-13 11:21:55,2025-07-13 12:04:13,CW→CC,2025-07-13,,20138,20138
2407,2000080534,Huinca,Costa Mar,20172,L2,V1,2025-07-13 18:24:35,2025-07-13 18:48:09,CW→CC,2025-07-13,,20172,20172
2408,2000080534,Costa Mar,Huinca,20181,L2,V1,2025-07-13 20:13:11,2025-07-13 20:39:03,CC→CW,2025-07-13,,20181,20181
2409,2000080588,Diagonal Bio Bio,Cristo Redentor,20155,L2,V1,2025-07-13 16:48:57,2025-07-13 17:17:11,CC→CW,2025-07-13,,20155,20155
2410,2000080598,El Arenal,Laguna Quinenco,,,N/A,2025-07-13 15:56:34,2025-07-13 17:20:18,,2025-07-13,sin_combo_factible_en_hub|sin_s2_por_salida,,
2411,2000080852,Costa Mar,Lomas Coloradas,20123,L2,V1,2025-07-13 09:28:36,2025-07-13 09:45:00,CC→CW,2025-07-13,,20123,20123
2412,2000081038,Laguna Quinenco,Cdal. Raul Silva Henriquez,20180,L2,V1,2025-07-13 19:16:01,2025-07-13 19:40:11,CW→CC,2025-07-13,,20180,20180
2413,2000081154,Laguna Quinenco,Diagonal Bio Bio,20130,L2,V1,2025-07-13 09:46:19,2025-07-13 10:23:18,CW→CC,2025-07-13,,20130,
2414,2000081154,Diagonal Bio Bio,Laguna Quinenco,20169,L2,V1,2025-07-13 18:25:22,2025-07-13 19:10:46,CC→CW,2025-07-13,,20169,20169
2415,2000081162,Cdal. Raul Silva Henriquez,Laguna Quinenco,20169,L2,V1,2025-07-13 18:39:29,2025-07-13 19:10:34,CC→CW,2025-07-13,,20169,20169
2416,2000081612,Hualqui,UTF Santa Maria,20850,L1,V1,2025-07-13 09:21:11,2025-07-13 10:09:29,HQ→TH,2025-07-13,,20850,20850
2417,2000081951,Cristo Redentor,Laguna Quinenco,20143,L2,V1,2025-07-13 13:31:33,2025-07-13 13:55:29,CC→CW,2025-07-13,,20143,20143
2418,2000082692,Diagonal Bio Bio,Lomas Coloradas,20143,L2,V1,2025-07-13 13:16:46,2025-07-13 13:35:43,CC→CW,2025-07-13,,20143,20143
2419,2000082893,Hito Galvarino,Concepcion,,,N/A,2025-07-13 11:36:34,2025-07-13 12:16:28,,2025-07-13,sin_combo_factible_en_hub|sin_s1_factible_retro,,
2420,2000082893,Concepcion,Hito Galvarino,,,N/A,2025-07-13 18:53:47,2025-07-13 20:32:21,,2025-07-13,sin_combo_factible_en_hub|sin_s2_por_salida,,
2421,2000083435,Concepcion,Concepcion,,,N/A,2025-07-13 12:33:50,2025-07-13 12:35:09,,2025-07-13,no viajo,,
2422,2000083662,Cdal. Raul Silva Henriquez,Diagonal Bio Bio,20134,L2,V1,2025-07-13 10:49:27,2025-07-13 12:33:03,CW→CC,2025-07-13,,20134,20134
2423,2000083752,Laguna Quinenco,Costa Mar,20134,L2,V1,2025-07-13 10:29:12,2025-07-13 11:02:51,CW→CC,2025-07-13,,20134,
2424,2000084904,Los Condores,El Arenal,20844,L1,V1,2025-07-13 12:54:31,2025-07-13 13:12:07,HQ→TH,2025-07-13,,20844,20844
2425,2000084981,El Parque,Coronel,20155,L2,V1,2025-07-13 16:51:03,2025-07-13 17:23:55,CC→CW,2025-07-13,,20155,20155
2426,2000085105,Los Canelos,Lomas Coloradas,20122,L2,V1,2025-07-13 08:53:31,2025-07-13 09:08:44,CW→CC,2025-07-13,,20122,20122
2427,2000085725,Manquimavida,Mercado,20850,L1,V1,2025-07-13 09:26:10,2025-07-13 10:24:42,HQ→TH,2025-07-13,,20850,20850
2428,2000085893,Costa Mar,Diagonal Bio Bio,20180,L2,V1,2025-07-13 19:40:06,2025-07-13 19:56:01,CW→CC,2025-07-13,,20180,20180
2429,2000086862,Cristo Redentor,Concepcion,,,N/A,2025-07-13 10:39:51,2025-07-13 11:20:09,,2025-07-13,sin_combo_factible_en_hub|sin_s1_factible_retro,,
2430,2000086918,Alborada,Diagonal Bio Bio,20146,L2,V1,2025-07-13 14:14:21,2025-07-13 14:24:12,CW→CC,2025-07-13,,20146,20146
2431,2000087306,Coronel,Diagonal Bio Bio,20160,L2,V1,2025-07-13 16:39:37,2025-07-13 17:26:12,CW→CC,2025-07-13,,20160,20160
2432,2000087693,Lomas Coloradas,Cristo Redentor,20139,L2,V1,2025-07-13 12:34:47,2025-07-13 12:58:53,CC→CW,2025-07-13,,20139,20139
2433,2000087867,Los Canelos,Hito Galvarino,20140,L2,V1,2025-07-13 12:10:25,2025-07-13 12:32:27,CW→CC,2025-07-13,,20140,
2434,2000088009,Concepcion,Concepcion,,,N/A,2025-07-13 13:28:31,2025-07-13 13:29:50,,2025-07-13,no viajo,,
2435,2000088312,Diagonal Bio Bio,Laguna Quinenco,20181,L2,V1,2025-07-13 19:56:50,2025-07-13 20:43:41,CC→CW,2025-07-13,,20181,20181
2436,2000088514,Lomas Coloradas,Los Canelos,20181,L2,V1,2025-07-13 20:10:33,2025-07-13 20:36:18,CC→CW,2025-07-13,,20181,20181
2437,2000088528,Los Canelos,Diagonal Bio Bio,20150,L2,V1,2025-07-13 14:45:18,2025-07-13 15:18:38,CW→CC,2025-07-13,,20150,20150
2438,2000088646,Laguna Quinenco,Concepcion,,,N/A,2025-07-13 17:52:06,2025-07-13 18:37:12,,2025-07-13,sin_combo_factible_en_hub|sin_s1_factible_retro,,
2439,2000089628,Cdal. Raul Silva Henriquez,Hito Galvarino,20147,L2,V1,2025-07-13 14:53:55,2025-07-13 15:10:57,CC→CW,2025-07-13,,20147,20147
2440,2000089938,Concepcion,Concepcion,,,N/A,2025-07-13 19:33:08,2025-07-13 19:34:13,,2025-07-13,no viajo,,
2441,2000090319,Los Canelos,Costa Mar,20150,L2,V1,2025-07-13 14:53:24,2025-07-13 15:14:06,CW→CC,2025-07-13,,20150,20150
2442,2000090319,Costa Mar,Los Canelos,20173,L2,V1,2025-07-13 19:13:33,2025-07-13 19:35:17,CC→CW,2025-07-13,,20173,20173
2443,2000090356,El Parque,Diagonal Bio Bio,20150,L2,V1,2025-07-13 14:53:53,2025-07-13 15:18:26,CW→CC,2025-07-13,,20150,20150
2444,2000090363,El Parque,Lomas Coloradas,20181,L2,V1,2025-07-13 20:04:51,2025-07-13 20:21:49,CC→CW,2025-07-13,,20181,20181
2445,2000090669,Los Canelos,Coronel,20123,L2,V1,2025-07-13 09:56:09,2025-07-13 10:09:13,CC→CW,2025-07-13,,20123,20123
2446,2000090669,Coronel,Concepcion,,,N/A,2025-07-13 14:37:11,2025-07-13 15:33:48,,2025-07-13,sin_combo_factible_en_hub|sin_s1_factible_retro,,
2447,2000090669,Concepcion,Los Canelos,,,N/A,2025-07-13 17:38:30,2025-07-13 19:06:09,,2025-07-13,sin_combo_factible_en_hub|sin_s2_por_salida,,
2448,2000090985,Lomas Coloradas,Huinca,20151,L2,V1,2025-07-13 15:42:20,2025-07-13 16:06:09,CC→CW,2025-07-13,,20151,20151
2449,2000091330,El Parque,Diagonal Bio Bio,20150,L2,V1,2025-07-13 14:54:51,2025-07-13 15:18:34,CW→CC,2025-07-13,,20150,20150
2450,2000091777,Cdal. Raul Silva Henriquez,Diagonal Bio Bio,20122,L2,V1,2025-07-13 08:53:50,2025-07-13 09:19:06,CW→CC,2025-07-13,,20122,20122
2451,2000092777,Pedro Medina,Hualqui,20859,L1,V1,2025-07-13 12:55:56,2025-07-13 13:28:14,TH→HQ,2025-07-13,,20859,20859
2452,2000092777,Hualqui,Pedro Medina,20846,L1,V1,2025-07-13 16:51:50,2025-07-13 17:20:20,HQ→TH,2025-07-13,,20846,20846
2453,2000093230,Cdal. Raul Silva Henriquez,Concepcion,,,N/A,2025-07-13 14:06:31,2025-07-13 14:37:08,,2025-07-13,sin_combo_factible_en_hub|sin_s1_factible_retro,,
2454,2000093230,Concepcion,Lomas Coloradas,,,N/A,2025-07-13 19:01:53,2025-07-13 20:01:23,,2025-07-13,sin_combo_factible_en_hub|sin_s2_por_salida,,
2455,2000094303,Huinca,Laguna Quinenco,20135,L2,V1,2025-07-13 11:56:56,2025-07-13 12:10:52,CC→CW,2025-07-13,,20135,20135
2456,2000094303,Laguna Quinenco,Huinca,20146,L2,V1,2025-07-13 13:49:11,2025-07-13 13:58:25,CW→CC,2025-07-13,,20146,20146
2457,2000094915,Lomas Coloradas,Concepcion,,,N/A,2025-07-13 10:16:16,2025-07-13 10:38:15,,2025-07-13,sin_combo_factible_en_hub|sin_s1_factible_retro,,
2458,2000094915,Concepcion,Cdal. Raul Silva Henriquez,,,N/A,2025-07-13 19:30:09,2025-07-13 20:25:31,,2025-07-13,sin_combo_factible_en_hub|sin_s2_por_salida,,
2459,2000095679,Hito Galvarino,Costa Mar,20172,L2,V1,2025-07-13 18:33:09,2025-07-13 19:10:17,CW→CC,2025-07-13,,20172,20172
2460,2000095679,Costa Mar,Hito Galvarino,20173,L2,V1,2025-07-13 19:13:28,2025-07-13 19:29:12,CC→CW,2025-07-13,,20173,20173
2461,2000095809,Laguna Quinenco,Diagonal Bio Bio,20168,L2,V1,2025-07-13 17:44:41,2025-07-13 18:23:30,CW→CC,2025-07-13,,20168,20168
2462,2000095938,Diagonal Bio Bio,Cristo Redentor,20161,L2,V1,2025-07-13 17:37:26,2025-07-13 18:09:16,CC→CW,2025-07-13,,20161,20161
2463,2000096044,Concepcion,Huinca,,,N/A,2025-07-13 11:54:02,2025-07-13 12:56:42,,2025-07-13,sin_combo_factible_en_hub|sin_s2_por_salida,,
2464,2000096097,Coronel,Lomas Coloradas,20160,L2,V1,2025-07-13 16:32:01,2025-07-13 17:12:27,CW→CC,2025-07-13,,20160,20160
2465,2000096097,Lomas Coloradas,Costa Mar,20168,L2,V1,2025-07-13 17:36:45,2025-07-13 18:18:41,CW→CC,2025-07-13,,20168,20168
2466,2000096442,Coronel,Lomas Coloradas,20138,L2,V1,2025-07-13 11:22:03,2025-07-13 11:52:14,CW→CC,2025-07-13,,20138,20138
2467,2000096719,Coronel,Hito Galvarino,20150,L2,V1,2025-07-13 14:41:33,2025-07-13 14:58:14,CW→CC,2025-07-13,,20150,20150
2468,2000097158,Costa Mar,Laguna Quinenco,20181,L2,V1,2025-07-13 20:14:47,2025-07-13 20:42:59,CC→CW,2025-07-13,,20181,20181
2469,2000097172,Lomas Coloradas,Laguna Quinenco,20155,L2,V1,2025-07-13 16:56:23,2025-07-13 17:21:55,CC→CW,2025-07-13,,20155,20155
2470,2000097172,Laguna Quinenco,Lomas Coloradas,20168,L2,V1,2025-07-13 17:42:29,2025-07-13 18:13:53,CW→CC,2025-07-13,,20168,20168
2471,2000097207,La Leonera,Mercado,20850,L1,V1,2025-07-13 09:24:34,2025-07-13 10:24:43,HQ→TH,2025-07-13,,20850,20850
2472,2000097862,Costa Mar,Cdal. Raul Silva Henriquez,20143,L2,V1,2025-07-13 13:12:19,2025-07-13 13:38:35,CC→CW,2025-07-13,,20143,20143
2473,2000098103,Laguna Quinenco,Hito Galvarino,20180,L2,V1,2025-07-13 19:04:49,2025-07-13 19:34:25,CW→CC,2025-07-13,,20180,20180
2474,2000098284,Diagonal Bio Bio,Laguna Quinenco,20147,L2,V1,2025-07-13 14:44:26,2025-07-13 15:22:06,CC→CW,2025-07-13,,20147,20147
2475,2000098284,Laguna Quinenco,Diagonal Bio Bio,20160,L2,V1,2025-07-13 16:20:27,2025-07-13 17:24:06,CW→CC,2025-07-13,,20160,20160
2476,2000099437,Diagonal Bio Bio,Huinca,20131,L2,V1,2025-07-13 10:44:53,2025-07-13 11:14:52,CC→CW,2025-07-13,,20131,20131
2477,2000100205,Costa Mar,Diagonal Bio Bio,20154,L2,V1,2025-07-13 16:03:52,2025-07-13 16:14:34,CW→CC,2025-07-13,,20154,20154
2478,2000100205,Diagonal Bio Bio,Costa Mar,20173,L2,V1,2025-07-13 18:53:52,2025-07-13 19:25:38,CC→CW,2025-07-13,,20173,20173
2479,2000100431,Cdal. Raul Silva Henriquez,Lomas Coloradas,20180,L2,V1,2025-07-13 19:35:17,2025-07-13 19:42:12,CW→CC,2025-07-13,,20180,
2480,2000100998,Hito Galvarino,Coronel,20155,L2,V1,2025-07-13 16:58:49,2025-07-13 17:22:59,CC→CW,2025-07-13,,20155,20155
2481,2000101103,Concepcion,Laguna Quinenco,,,N/A,2025-07-13 17:39:33,2025-07-13 19:11:12,,2025-07-13,sin_combo_factible_en_hub|sin_s2_por_salida,,
2482,2000101375,Concepcion,Laguna Quinenco,,,N/A,2025-07-13 12:56:44,2025-07-13 13:55:59,,2025-07-13,sin_combo_factible_en_hub|sin_s2_por_salida,,
2483,2000101786,Laguna Quinenco,Los Canelos,20180,L2,V1,2025-07-13 19:22:51,2025-07-13 19:30:39,CW→CC,2025-07-13,,20180,20180
2484,2000102334,Lomas Coloradas,Cristo Redentor,20181,L2,V1,2025-07-13 20:14:55,2025-07-13 20:38:30,CC→CW,2025-07-13,,20181,20181
2485,2000102692,Lomas Coloradas,Laguna Quinenco,20143,L2,V1,2025-07-13 13:19:47,2025-07-13 13:55:13,CC→CW,2025-07-13,,20143,20143
2486,2000102735,Cristo Redentor,Concepcion,,,N/A,2025-07-13 10:35:36,2025-07-13 11:20:19,,2025-07-13,sin_combo_factible_en_hub|sin_s1_factible_retro,,
2487,2000102943,Hito Galvarino,Concepcion,,,N/A,2025-07-13 17:51:44,2025-07-13 18:36:51,,2025-07-13,sin_combo_factible_en_hub|sin_s1_factible_retro,,
2488,2000103253,Los Canelos,Costa Mar,20140,L2,V1,2025-07-13 12:21:08,2025-07-13 12:47:52,CW→CC,2025-07-13,,20140,20140
2489,2000103253,Costa Mar,Los Canelos,20143,L2,V1,2025-07-13 13:26:44,2025-07-13 13:48:17,CC→CW,2025-07-13,,20143,20143
2490,2000103538,Coronel,Concepcion,,,N/A,2025-07-13 17:43:35,2025-07-13 18:38:24,,2025-07-13,sin_combo_factible_en_hub|sin_s1_factible_retro,,
2491,2000103788,Costa Mar,Laguna Quinenco,20139,L2,V1,2025-07-13 12:34:06,2025-07-13 13:01:20,CC→CW,2025-07-13,,20139,20139
2492,2000103788,Laguna Quinenco,Costa Mar,20146,L2,V1,2025-07-13 13:45:43,2025-07-13 14:17:53,CW→CC,2025-07-13,,20146,20146
2493,2000104044,Coronel,Cdal. Raul Silva Henriquez,20172,L2,V1,2025-07-13 18:14:44,2025-07-13 18:40:50,CW→CC,2025-07-13,,20172,20172
2494,2000104305,Hito Galvarino,Coronel,20147,L2,V1,2025-07-13 15:02:04,2025-07-13 15:23:46,CC→CW,2025-07-13,,20147,20147
2495,2000104499,Lomas Coloradas,Costa Mar,20134,L2,V1,2025-07-13 10:55:29,2025-07-13 11:02:32,CW→CC,2025-07-13,,20134,
2496,2000104499,Lomas Coloradas,Laguna Quinenco,20143,L2,V1,2025-07-13 13:28:36,2025-07-13 13:55:30,CC→CW,2025-07-13,,20143,20143
2497,2000104684,Huinca,Concepcion,,,N/A,2025-07-13 15:43:14,2025-07-13 16:35:33,,2025-07-13,sin_combo_factible_en_hub|sin_s1_factible_retro,,
2498,2000104684,Concepcion,Lomas Coloradas,,,N/A,2025-07-13 17:37:20,2025-07-13 18:07:50,,2025-07-13,sin_combo_factible_en_hub|sin_s2_por_salida,,
2499,2000105573,Cristo Redentor,Concepcion,,,N/A,2025-07-13 08:38:04,2025-07-13 09:30:00,,2025-07-13,sin_combo_factible_en_hub|sin_s1_factible_retro,,
2500,2000105690,Costa Mar,Diagonal Bio Bio,20134,L2,V1,2025-07-13 10:56:30,2025-07-13 11:08:08,CW→CC,2025-07-13,,20134,
2501,2000105896,Laguna Quinenco,Concepcion,,,N/A,2025-07-13 18:16:46,2025-07-13 19:44:42,,2025-07-13,sin_combo_factible_en_hub|sin_s1_factible_retro,,
2502,2000106109,Cdal. Raul Silva Henriquez,Concepcion,,,N/A,2025-07-13 10:52:14,2025-07-13 11:18:52,,2025-07-13,sin_combo_factible_en_hub|sin_s1_factible_retro,,
2503,2000106109,Concepcion,Cdal. Raul Silva Henriquez,,,N/A,2025-07-13 18:53:11,2025-07-13 20:25:11,,2025-07-13,sin_combo_factible_en_hub|sin_s2_por_salida,,
2504,2000106135,Huinca,Cdal. Raul Silva Henriquez,20146,L2,V1,2025-07-13 13:46:22,2025-07-13 14:10:13,CW→CC,2025-07-13,,20146,20146
2505,2000106135,Cdal. Raul Silva Henriquez,Costa Mar,20150,L2,V1,2025-07-13 14:55:28,2025-07-13 15:13:31,CW→CC,2025-07-13,,20150,20150
2506,2000106135,Costa Mar,Cdal. Raul Silva Henriquez,20155,L2,V1,2025-07-13 16:37:57,2025-07-13 17:04:05,CC→CW,2025-07-13,,20155,20155
2507,2000106312,Cdal. Raul Silva Henriquez,Hito Galvarino,20131,L2,V1,2025-07-13 10:42:33,2025-07-13 11:09:19,CC→CW,2025-07-13,,20131,20131
2508,2000106374,Lomas Coloradas,Diagonal Bio Bio,20122,L2,V1,2025-07-13 09:06:08,2025-07-13 09:18:42,CW→CC,2025-07-13,,20122,20122
2509,2000106789,Lomas Coloradas,Concepcion,,,N/A,2025-07-13 18:07:55,2025-07-13 18:33:04,,2025-07-13,sin_combo_factible_en_hub|sin_s1_factible_retro,,
2510,2000107244,Laguna Quinenco,El Parque,20168,L2,V1,2025-07-13 16:56:33,2025-07-13 18:15:58,CW→CC,2025-07-13,,20168,20160
2511,2000107547,Los Canelos,Laguna Quinenco,20139,L2,V1,2025-07-13 12:42:54,2025-07-13 13:00:51,CC→CW,2025-07-13,,20139,20139
2512,2000107547,Laguna Quinenco,Lomas Coloradas,20168,L2,V1,2025-07-13 17:44:10,2025-07-13 18:12:24,CW→CC,2025-07-13,,20168,20168
2513,2000107663,Concepcion,Lomas Coloradas,,,N/A,2025-07-13 14:19:33,2025-07-13 14:41:40,,2025-07-13,sin_combo_factible_en_hub|sin_s2_por_salida,,
2514,2000108052,Higueras,La Leonera,20847,L1,V1,2025-07-13 20:06:59,2025-07-13 20:49:06,TH→HQ,2025-07-13,,20847,20847
2515,2000108464,Laguna Quinenco,Cristo Redentor,20168,L2,V1,2025-07-13 17:43:47,2025-07-13 17:58:23,CW→CC,2025-07-13,,20168,20168
2516,2000108719,Cristo Redentor,Diagonal Bio Bio,20150,L2,V1,2025-07-13 14:48:51,2025-07-13 15:19:06,CW→CC,2025-07-13,,20150,20150
2517,2000109165,Coronel,Cristo Redentor,20150,L2,V1,2025-07-13 14:42:50,2025-07-13 14:51:20,CW→CC,2025-07-13,,20150,20150
2518,2000109436,Laguna Quinenco,Costa Mar,20172,L2,V1,2025-07-13 18:15:18,2025-07-13 18:48:01,CW→CC,2025-07-13,,20172,20172
2519,2000109911,Los Condores,Concepcion,20847,L1,V1,2025-07-13 20:09:35,2025-07-13 20:26:00,TH→HQ,2025-07-13,,20847,20847
2520,2000109911,Concepcion,Los Condores,20848,L1,V1,2025-07-13 21:09:17,2025-07-13 21:23:38,HQ→TH,2025-07-13,,20848,20848
2521,2000110332,Concepcion,Lomas Coloradas,,,N/A,2025-07-13 14:23:54,2025-07-13 14:55:20,,2025-07-13,sin_combo_factible_en_hub|sin_s2_por_salida,,
2522,2000110783,El Arenal,Pedro Medina,20847,L1,V1,2025-07-13 20:02:29,2025-07-13 20:42:59,TH→HQ,2025-07-13,,20847,20847
2523,2000110820,Costa Mar,Diagonal Bio Bio,20172,L2,V1,2025-07-13 18:47:25,2025-07-13 18:53:30,CW→CC,2025-07-13,,20172,20172
2524,2000110944,Cristo Redentor,Alborada,20168,L2,V1,2025-07-13 17:55:17,2025-07-13 18:20:49,CW→CC,2025-07-13,,20168,20168
2525,2000111060,Coronel,Laguna Quinenco,20140,L2,V1,2025-07-13 12:17:19,2025-07-13 12:24:15,CW→CC,2025-07-13,,20140,20140
2526,2000111197,Laguna Quinenco,Concepcion,,,N/A,2025-07-13 18:20:06,2025-07-13 19:21:11,,2025-07-13,sin_combo_factible_en_hub|sin_s1_factible_retro,,
2527,2000111197,Concepcion,Laguna Quinenco,,,N/A,2025-07-13 19:39:19,2025-07-13 20:43:03,,2025-07-13,sin_combo_factible_en_hub|sin_s2_por_salida,,
2528,2000111259,Huinca,Hito Galvarino,20160,L2,V1,2025-07-13 16:34:48,2025-07-13 17:04:07,CW→CC,2025-07-13,,20160,20160
2529,2000111421,El Arenal,Lzo. Arenas,20859,L1,V1,2025-07-13 12:30:44,2025-07-13 12:51:04,TH→HQ,2025-07-13,,20859,20859
2530,2000111671,Costa Mar,Cristo Redentor,20173,L2,V1,2025-07-13 18:57:52,2025-07-13 19:38:06,CC→CW,2025-07-13,,20173,20173
2531,2000111933,Lomas Coloradas,Cristo Redentor,20173,L2,V1,2025-07-13 19:15:04,2025-07-13 19:37:36,CC→CW,2025-07-13,,20173,20173
2532,2000112064,Huinca,Diagonal Bio Bio,20138,L2,V1,2025-07-13 11:25:25,2025-07-13 12:03:35,CW→CC,2025-07-13,,20138,20138
2533,2000112064,Diagonal Bio Bio,Huinca,20155,L2,V1,2025-07-13 16:23:30,2025-07-13 17:14:51,CC→CW,2025-07-13,,20155,20155
2534,2000112592,Coronel,Lomas Coloradas,20146,L2,V1,2025-07-13 13:44:42,2025-07-13 14:12:38,CW→CC,2025-07-13,,20146,20146
2535,2000113081,Costa Mar,Lomas Coloradas,20173,L2,V1,2025-07-13 19:05:55,2025-07-13 19:20:54,CC→CW,2025-07-13,,20173,20173
2536,2000113142,Lomas Coloradas,Concepcion,,,N/A,2025-07-13 14:46:52,2025-07-13 15:29:16,,2025-07-13,sin_combo_factible_en_hub|sin_s1_factible_retro,,
2537,2000113143,Lomas Coloradas,Laguna Quinenco,20151,L2,V1,2025-07-13 15:30:06,2025-07-13 16:11:11,CC→CW,2025-07-13,,20151,20151
2538,2000113143,Laguna Quinenco,Lomas Coloradas,20168,L2,V1,2025-07-13 17:37:32,2025-07-13 18:12:58,CW→CC,2025-07-13,,20168,20168
2539,2000113665,Mercado,Los Canelos,,,N/A,2025-07-13 12:03:26,2025-07-13 13:48:55,,2025-07-13,sin_combo_factible_en_hub|sin_s2_por_salida,,
2540,2000113757,Cdal. Raul Silva Henriquez,Coronel,20147,L2,V1,2025-07-13 14:55:54,2025-07-13 15:23:44,CC→CW,2025-07-13,,20147,20147
2541,2000113792,Concepcion,Concepcion,,,N/A,2025-07-13 19:00:53,2025-07-13 19:02:03,,2025-07-13,no viajo,,
2542,2000114597,Los Canelos,Lomas Coloradas,20150,L2,V1,2025-07-13 14:51:42,2025-07-13 15:08:03,CW→CC,2025-07-13,,20150,20150
2543,2000114960,Laguna Quinenco,Diagonal Bio Bio,20146,L2,V1,2025-07-13 13:49:52,2025-07-13 14:23:41,CW→CC,2025-07-13,,20146,20146
2544,2000115278,El Parque,Hito Galvarino,20169,L2,V1,2025-07-13 18:32:17,2025-07-13 19:00:18,CC→CW,2025-07-13,,20169,20169
2545,2000115503,Los Canelos,Lomas Coloradas,20130,L2,V1,2025-07-13 09:56:46,2025-07-13 10:13:54,CW→CC,2025-07-13,,20130,20130
2546,2000115560,Diagonal Bio Bio,Laguna Quinenco,20139,L2,V1,2025-07-13 12:12:55,2025-07-13 13:00:53,CC→CW,2025-07-13,,20139,20139
2547,2000115755,Huinca,Laguna Quinenco,20155,L2,V1,2025-07-13 16:13:36,2025-07-13 17:20:12,CC→CW,2025-07-13,,20155,20155
2548,2000116088,Chiguayante,UTF Santa Maria,20850,L1,V1,2025-07-13 09:42:43,2025-07-13 10:09:21,HQ→TH,2025-07-13,,20850,20850
2549,2000116088,UTF Santa Maria,Chiguayante,20847,L1,V1,2025-07-13 20:05:09,2025-07-13 20:41:27,TH→HQ,2025-07-13,,20847,20847
2550,2000116124,Cristo Redentor,El Parque,20180,L2,V1,2025-07-13 19:25:21,2025-07-13 19:45:33,CW→CC,2025-07-13,,20180,20180
2551,2000116151,Lomas Coloradas,Huinca,20147,L2,V1,2025-07-13 14:50:42,2025-07-13 15:16:21,CC→CW,2025-07-13,,20147,20147
2552,2000116151,Huinca,Lomas Coloradas,20168,L2,V1,2025-07-13 17:50:23,2025-07-13 18:13:02,CW→CC,2025-07-13,,20168,20168
2553,2000116259,Laguna Quinenco,El Parque,20122,L2,V1,2025-07-13 08:33:43,2025-07-13 09:10:48,CW→CC,2025-07-13,,20122,20122
2554,2000116336,Costa Mar,Los Canelos,20181,L2,V1,2025-07-13 20:11:25,2025-07-13 20:35:37,CC→CW,2025-07-13,,20181,20181
2555,2000116380,Hito Galvarino,Concepcion,,,N/A,2025-07-13 11:36:27,2025-07-13 12:16:34,,2025-07-13,sin_combo_factible_en_hub|sin_s1_factible_retro,,
2556,2000116380,Concepcion,Hito Galvarino,,,N/A,2025-07-13 18:53:52,2025-07-13 20:32:20,,2025-07-13,sin_combo_factible_en_hub|sin_s2_por_salida,,
2557,2000116643,Hito Galvarino,Lomas Coloradas,20180,L2,V1,2025-07-13 19:11:25,2025-07-13 19:42:07,CW→CC,2025-07-13,,20180,
2558,2000116862,Los Canelos,El Parque,20150,L2,V1,2025-07-13 14:42:51,2025-07-13 15:10:14,CW→CC,2025-07-13,,20150,20150
2559,2000116862,El Parque,Huinca,20161,L2,V1,2025-07-13 17:34:59,2025-07-13 18:05:58,CC→CW,2025-07-13,,20161,20161
2560,2000116942,Costa Mar,Huinca,20139,L2,V1,2025-07-13 12:24:01,2025-07-13 12:56:47,CC→CW,2025-07-13,,20139,20139
2561,2000117051,Concepcion,Cristo Redentor,,,N/A,2025-07-13 12:49:51,2025-07-13 13:50:45,,2025-07-13,sin_combo_factible_en_hub|sin_s2_por_salida,,
2562,2000117164,Concepcion,Coronel,,,N/A,2025-07-13 15:04:53,2025-07-13 16:15:20,,2025-07-13,sin_combo_factible_en_hub|sin_s2_por_salida,,
2563,2000117412,Huinca,El Parque,20172,L2,V1,2025-07-13 18:15:07,2025-07-13 18:46:00,CW→CC,2025-07-13,,20172,20172
2564,2000117463,Cdal. Raul Silva Henriquez,Los Canelos,20147,L2,V1,2025-07-13 14:55:33,2025-07-13 15:14:37,CC→CW,2025-07-13,,20147,20147
2565,2000117463,Los Canelos,Cdal. Raul Silva Henriquez,20180,L2,V1,2025-07-13 19:25:08,2025-07-13 19:39:53,CW→CC,2025-07-13,,20180,20180
2566,2000117526,Lzo. Arenas,Hualqui,20847,L1,V1,2025-07-13 20:18:30,2025-07-13 21:02:47,TH→HQ,2025-07-13,,20847,20847
2567,2000117600,Los Canelos,Hito Galvarino,20130,L2,V1,2025-07-13 09:52:32,2025-07-13 10:03:47,CW→CC,2025-07-13,,20130,
2568,2000117600,Hito Galvarino,Los Canelos,20169,L2,V1,2025-07-13 18:50:05,2025-07-13 19:03:40,CC→CW,2025-07-13,,20169,20169
2569,2000117994,Cdal. Raul Silva Henriquez,Diagonal Bio Bio,20122,L2,V1,2025-07-13 08:55:49,2025-07-13 09:18:51,CW→CC,2025-07-13,,20122,20122
2570,2000118126,Laguna Quinenco,Los Canelos,20172,L2,V1,2025-07-13 18:19:41,2025-07-13 18:31:31,CW→CC,2025-07-13,,20172,20172
2571,2000118577,Diagonal Bio Bio,Lomas Coloradas,20151,L2,V1,2025-07-13 15:35:31,2025-07-13 15:50:59,CC→CW,2025-07-13,,20151,20151
2572,2000118577,Lomas Coloradas,Diagonal Bio Bio,20168,L2,V1,2025-07-13 18:03:13,2025-07-13 18:23:51,CW→CC,2025-07-13,,20168,20168
2573,2000119452,Costa Mar,Diagonal Bio Bio,20122,L2,V1,2025-07-13 09:11:13,2025-07-13 09:18:34,CW→CC,2025-07-13,,20122,20122
2574,2000119513,Concepcion,Cristo Redentor,,,N/A,2025-07-13 12:55:32,2025-07-13 13:52:54,,2025-07-13,sin_combo_factible_en_hub|sin_s2_por_salida,,
2575,2000119552,Cdal. Raul Silva Henriquez,Costa Mar,20122,L2,V1,2025-07-13 08:57:38,2025-07-13 09:12:59,CW→CC,2025-07-13,,20122,20122
2576,2000119552,Alborada,Laguna Quinenco,20155,L2,V1,2025-07-13 16:39:00,2025-07-13 17:19:49,CC→CW,2025-07-13,,20155,20155
2577,2000119552,Laguna Quinenco,Cdal. Raul Silva Henriquez,20180,L2,V1,2025-07-13 19:06:34,2025-07-13 19:40:07,CW→CC,2025-07-13,,20180,20180
2578,2000119932,Concepcion,Coronel,,,N/A,2025-07-13 16:46:41,2025-07-13 18:14:01,,2025-07-13,sin_combo_factible_en_hub|sin_s2_por_salida,,
2579,2000119939,Lomas Coloradas,Cristo Redentor,20169,L2,V1,2025-07-13 18:31:41,2025-07-13 19:07:52,CC→CW,2025-07-13,,20169,20169
2580,2000119979,Concepcion,Cristo Redentor,,,N/A,2025-07-13 19:09:59,2025-07-13 20:40:14,,2025-07-13,sin_combo_factible_en_hub|sin_s2_por_salida,,
2581,2000119992,Cristo Redentor,Laguna Quinenco,20151,L2,V1,2025-07-13 16:07:00,2025-07-13 16:10:14,CC→CW,2025-07-13,,20151,20151
2582,2000120029,Cristo Redentor,Lomas Coloradas,20180,L2,V1,2025-07-13 19:20:56,2025-07-13 19:42:49,CW→CC,2025-07-13,,20180,20180
2583,2000120212,Laguna Quinenco,Cdal. Raul Silva Henriquez,20122,L2,V1,2025-07-13 08:44:48,2025-07-13 09:04:11,CW→CC,2025-07-13,,20122,20122
2584,2000120212,Cdal. Raul Silva Henriquez,Laguna Quinenco,20151,L2,V1,2025-07-13 15:17:33,2025-07-13 16:11:11,CC→CW,2025-07-13,,20151,20151
2585,2000120315,Lomas Coloradas,Concepcion,,,N/A,2025-07-13 18:32:35,2025-07-13 19:16:05,,2025-07-13,sin_combo_factible_en_hub|sin_s1_factible_retro,,
2586,2000120330,Diagonal Bio Bio,Laguna Quinenco,20123,L2,V1,2025-07-13 09:32:22,2025-07-13 10:07:19,CC→CW,2025-07-13,,20123,20123
2587,2000120410,Los Canelos,Diagonal Bio Bio,20138,L2,V1,2025-07-13 11:31:06,2025-07-13 12:04:40,CW→CC,2025-07-13,,20138,20138
2588,2000120410,Diagonal Bio Bio,Los Canelos,20151,L2,V1,2025-07-13 15:35:41,2025-07-13 16:03:20,CC→CW,2025-07-13,,20151,20151
2589,2000120440,Diagonal Bio Bio,Cdal. Raul Silva Henriquez,20169,L2,V1,2025-07-13 18:39:14,2025-07-13 19:40:12,CC→CW,2025-07-13,,20169,20169
2590,2000121173,Coronel,Concepcion,,,N/A,2025-07-13 11:25:01,2025-07-13 12:15:15,,2025-07-13,sin_combo_factible_en_hub|sin_s1_factible_retro,,
2591,2000121653,Hualqui,Concepcion,20848,L1,V1,2025-07-13 20:07:15,2025-07-13 21:10:23,HQ→TH,2025-07-13,,20848,20848
2592,2000121763,Cdal. Raul Silva Henriquez,Concepcion,,,N/A,2025-07-13 10:49:32,2025-07-13 11:35:17,,2025-07-13,sin_combo_factible_en_hub|sin_s1_factible_retro,,
2593,2000122544,Cdal. Raul Silva Henriquez,Concepcion,,,N/A,2025-07-13 18:57:45,2025-07-13 20:08:46,,2025-07-13,sin_combo_factible_en_hub|sin_s1_factible_retro,,
2594,2000122650,Hualqui,Concepcion,20848,L1,V1,2025-07-13 20:25:41,2025-07-13 21:10:39,HQ→TH,2025-07-13,,20848,20848
2595,2000122713,Concepcion,Cristo Redentor,,,N/A,2025-07-13 19:16:17,2025-07-13 20:39:48,,2025-07-13,sin_combo_factible_en_hub|sin_s2_por_salida,,
2596,2000122714,Los Canelos,Concepcion,,,N/A,2025-07-13 08:50:47,2025-07-13 09:34:13,,2025-07-13,sin_combo_factible_en_hub|sin_s1_factible_retro,,
2597,2000122831,Lomas Coloradas,Concepcion,,,N/A,2025-07-13 10:04:58,2025-07-13 10:36:13,,2025-07-13,sin_combo_factible_en_hub|sin_s1_factible_retro,,
2598,2000123073,Diagonal Bio Bio,Huinca,20123,L2,V1,2025-07-13 09:34:02,2025-07-13 10:01:05,CC→CW,2025-07-13,,20123,20123
2599,2000123073,Huinca,Diagonal Bio Bio,20168,L2,V1,2025-07-13 17:18:02,2025-07-13 18:25:02,CW→CC,2025-07-13,,20168,20168
2600,2000123482,Concepcion,Manquimavida,20847,L1,V1,2025-07-13 20:17:35,2025-07-13 20:46:38,TH→HQ,2025-07-13,,20847,20847
2601,2000123770,Lomas Coloradas,Coronel,20155,L2,V1,2025-07-13 16:58:02,2025-07-13 17:25:06,CC→CW,2025-07-13,,20155,20155
2602,2000123790,Concepcion,Cristo Redentor,,,N/A,2025-07-13 13:55:56,2025-07-13 15:18:20,,2025-07-13,sin_combo_factible_en_hub|sin_s2_por_salida,,
2603,2000123950,Cdal. Raul Silva Henriquez,Concepcion,,,N/A,2025-07-13 17:59:15,2025-07-13 18:35:47,,2025-07-13,sin_combo_factible_en_hub|sin_s1_factible_retro,,
2604,2000124049,Hito Galvarino,Diagonal Bio Bio,20160,L2,V1,2025-07-13 16:52:36,2025-07-13 17:27:10,CW→CC,2025-07-13,,20160,20160
2605,2000124049,Concepcion,Hito Galvarino,,,N/A,2025-07-13 19:31:18,2025-07-13 20:32:09,,2025-07-13,sin_combo_factible_en_hub|sin_s2_por_salida,,
2606,2000124173,Los Canelos,Laguna Quinenco,20173,L2,V1,2025-07-13 19:16:16,2025-07-13 19:41:12,CC→CW,2025-07-13,,20173,20173
2607,2000124234,Costa Mar,Lomas Coloradas,20143,L2,V1,2025-07-13 13:27:30,2025-07-13 13:38:26,CC→CW,2025-07-13,,20143,20143
2608,2000124234,Lomas Coloradas,Costa Mar,20154,L2,V1,2025-07-13 15:56:28,2025-07-13 16:07:47,CW→CC,2025-07-13,,20154,20154
2609,2000124405,Costa Mar,Huinca,20151,L2,V1,2025-07-13 15:42:07,2025-07-13 16:07:08,CC→CW,2025-07-13,,20151,20151
2610,2000124702,Coronel,Concepcion,,,N/A,2025-07-13 18:54:12,2025-07-13 20:10:08,,2025-07-13,sin_combo_factible_en_hub|sin_s1_factible_retro,,
2611,2000124920,El Parque,Los Canelos,20131,L2,V1,2025-07-13 10:56:17,2025-07-13 11:12:21,CC→CW,2025-07-13,,20131,
2612,2000124968,Los Canelos,Lomas Coloradas,20154,L2,V1,2025-07-13 15:48:35,2025-07-13 16:03:11,CW→CC,2025-07-13,,20154,20154
2613,2000125151,Cristo Redentor,Laguna Quinenco,20147,L2,V1,2025-07-13 14:56:41,2025-07-13 15:21:37,CC→CW,2025-07-13,,20147,20147
2614,2000125240,Costa Mar,Coronel,20135,L2,V1,2025-07-13 11:43:19,2025-07-13 12:13:26,CC→CW,2025-07-13,,20135,20135
2615,2000125240,Coronel,Costa Mar,20168,L2,V1,2025-07-13 17:42:55,2025-07-13 18:18:01,CW→CC,2025-07-13,,20168,20168
2616,2000125269,Coronel,Concepcion,,,N/A,2025-07-13 11:25:02,2025-07-13 12:15:16,,2025-07-13,sin_combo_factible_en_hub|sin_s1_factible_retro,,
2617,2000125269,Concepcion,Laguna Quinenco,,,N/A,2025-07-13 17:21:49,2025-07-13 18:11:14,,2025-07-13,sin_combo_factible_en_hub|sin_s2_por_salida,,
2618,2000125375,Diagonal Bio Bio,Coronel,20161,L2,V1,2025-07-13 17:13:18,2025-07-13 18:14:00,CC→CW,2025-07-13,,20161,20161
2619,2000125385,Manquimavida,Coronel,,,N/A,2025-07-13 17:14:45,2025-07-13 19:13:36,,2025-07-13,sin_combo_factible_en_hub|sin_s2_por_salida,,
2620,2000125421,Coronel,Concepcion,,,N/A,2025-07-13 19:10:09,2025-07-13 20:09:32,,2025-07-13,sin_combo_factible_en_hub|sin_s1_factible_retro,,
2621,2000125578,Diagonal Bio Bio,Lomas Coloradas,20147,L2,V1,2025-07-13 14:43:37,2025-07-13 15:01:16,CC→CW,2025-07-13,,20147,20147
2622,2000125578,Lomas Coloradas,Diagonal Bio Bio,20168,L2,V1,2025-07-13 17:57:42,2025-07-13 18:24:22,CW→CC,2025-07-13,,20168,20168
2623,2000126066,Cdal. Raul Silva Henriquez,Diagonal Bio Bio,20168,L2,V1,2025-07-13 18:06:18,2025-07-13 18:23:16,CW→CC,2025-07-13,,20168,20168
2624,2000126125,Laguna Quinenco,Costa Mar,20134,L2,V1,2025-07-13 10:32:06,2025-07-13 11:02:55,CW→CC,2025-07-13,,20134,
2625,2000126352,Los Canelos,Huinca,20155,L2,V1,2025-07-13 17:05:03,2025-07-13 17:15:36,CC→CW,2025-07-13,,20155,20155
2626,2000126372,Los Canelos,Diagonal Bio Bio,20122,L2,V1,2025-07-13 08:52:48,2025-07-13 09:18:55,CW→CC,2025-07-13,,20122,20122
2627,2000126515,Concepcion,Higueras,20844,L1,V1,2025-07-13 12:38:27,2025-07-13 13:09:00,HQ→TH,2025-07-13,,20844,20844
2628,2000126707,Cdal. Raul Silva Henriquez,Concepcion,,,N/A,2025-07-13 18:07:28,2025-07-13 18:39:04,,2025-07-13,sin_combo_factible_en_hub|sin_s1_factible_retro,,
2629,2000126724,Cristo Redentor,Coronel,20169,L2,V1,2025-07-13 19:00:32,2025-07-13 19:14:07,CC→CW,2025-07-13,,20169,20169
2630,2000126865,Lomas Coloradas,Cdal. Raul Silva Henriquez,20139,L2,V1,2025-07-13 12:30:37,2025-07-13 12:44:06,CC→CW,2025-07-13,,20139,20139
2631,2000127045,Cdal. Raul Silva Henriquez,Costa Mar,20154,L2,V1,2025-07-13 15:38:24,2025-07-13 16:07:58,CW→CC,2025-07-13,,20154,20154
2632,2000127112,Laguna Quinenco,Lomas Coloradas,20168,L2,V1,2025-07-13 17:44:10,2025-07-13 18:13:51,CW→CC,2025-07-13,,20168,20168
2633,2000127233,Concepcion,Los Canelos,,,N/A,2025-07-13 11:57:09,2025-07-13 12:53:45,,2025-07-13,sin_combo_factible_en_hub|sin_s2_por_salida,,
2634,2000127471,Los Canelos,El Parque,20140,L2,V1,2025-07-13 12:26:26,2025-07-13 12:45:52,CW→CC,2025-07-13,,20140,20140
2635,2000127507,Cristo Redentor,Concepcion,,,N/A,2025-07-13 17:42:00,2025-07-13 18:36:54,,2025-07-13,sin_combo_factible_en_hub|sin_s1_factible_retro,,
2636,2000127628,La Leonera,Concepcion,20850,L1,V1,2025-07-13 09:34:48,2025-07-13 10:00:50,HQ→TH,2025-07-13,,20850,20850
2637,2000127628,Concepcion,La Leonera,20847,L1,V1,2025-07-13 20:20:08,2025-07-13 20:48:52,TH→HQ,2025-07-13,,20847,20847
2638,2000127670,La Leonera,Mercado,20846,L1,V1,2025-07-13 16:59:43,2025-07-13 17:58:16,HQ→TH,2025-07-13,,20846,20846
2639,2000127853,Costa Mar,Laguna Quinenco,20161,L2,V1,2025-07-13 17:44:54,2025-07-13 18:10:20,CC→CW,2025-07-13,,20161,20161
2640,2000127870,El Parque,Laguna Quinenco,20169,L2,V1,2025-07-13 18:33:31,2025-07-13 19:10:55,CC→CW,2025-07-13,,20169,20169
2641,2000128226,Cristo Redentor,Concepcion,,,N/A,2025-07-13 08:43:48,2025-07-13 09:33:22,,2025-07-13,sin_combo_factible_en_hub|sin_s1_factible_retro,,
2642,2000128226,Concepcion,Cristo Redentor,,,N/A,2025-07-13 14:24:53,2025-07-13 15:19:13,,2025-07-13,sin_combo_factible_en_hub|sin_s2_por_salida,,
2643,2000128425,Los Canelos,Diagonal Bio Bio,20122,L2,V1,2025-07-13 08:53:13,2025-07-13 09:19:12,CW→CC,2025-07-13,,20122,20122
2644,2000128425,Diagonal Bio Bio,Los Canelos,20147,L2,V1,2025-07-13 14:38:46,2025-07-13 15:14:04,CC→CW,2025-07-13,,20147,20147
2645,2000128611,Cristo Redentor,Diagonal Bio Bio,20138,L2,V1,2025-07-13 11:35:23,2025-07-13 12:03:39,CW→CC,2025-07-13,,20138,20138
2646,2000129157,Alborada,Los Canelos,20181,L2,V1,2025-07-13 20:06:31,2025-07-13 20:35:16,CC→CW,2025-07-13,,20181,20181
2647,2000129258,Lomas Coloradas,Concepcion,,,N/A,2025-07-13 14:42:13,2025-07-13 15:30:46,,2025-07-13,sin_combo_factible_en_hub|sin_s1_factible_retro,,
2648,2000129372,Cristo Redentor,Laguna Quinenco,20147,L2,V1,2025-07-13 14:54:30,2025-07-13 15:21:04,CC→CW,2025-07-13,,20147,20147
2649,2000129503,Coronel,Laguna Quinenco,20140,L2,V1,2025-07-13 12:17:12,2025-07-13 12:24:17,CW→CC,2025-07-13,,20140,20140
2650,2000129607,Cdal. Raul Silva Henriquez,Diagonal Bio Bio,20134,L2,V1,2025-07-13 10:52:10,2025-07-13 11:08:22,CW→CC,2025-07-13,,20134,
2651,2000129607,Costa Mar,Cdal. Raul Silva Henriquez,20143,L2,V1,2025-07-13 13:23:01,2025-07-13 13:38:32,CC→CW,2025-07-13,,20143,20143
2652,2000130788,Concepcion,Hualqui,20845,L1,V1,2025-07-13 15:50:22,2025-07-13 17:03:56,TH→HQ,2025-07-13,,20845,20845
2653,2000131703,Costa Mar,El Parque,20147,L2,V1,2025-07-13 14:50:28,2025-07-13 14:59:19,CC→CW,2025-07-13,,20147,20147
2654,2000131885,Coronel,Diagonal Bio Bio,20168,L2,V1,2025-07-13 17:20:37,2025-07-13 18:23:58,CW→CC,2025-07-13,,20168,20168
2655,2000132001,Cristo Redentor,Hito Galvarino,20180,L2,V1,2025-07-13 19:17:07,2025-07-13 19:34:12,CW→CC,2025-07-13,,20180,20180
2656,2000132411,Cristo Redentor,Concepcion,,,N/A,2025-07-13 11:21:45,2025-07-13 12:19:41,,2025-07-13,sin_combo_factible_en_hub|sin_s1_factible_retro,,
2657,2000132411,Concepcion,Cristo Redentor,,,N/A,2025-07-13 17:59:13,2025-07-13 19:08:17,,2025-07-13,sin_combo_factible_en_hub|sin_s2_por_salida,,
2658,2000132443,Lomas Coloradas,Diagonal Bio Bio,20122,L2,V1,2025-07-13 08:57:12,2025-07-13 09:18:46,CW→CC,2025-07-13,,20122,20122
2659,2000132794,Lomas Coloradas,Diagonal Bio Bio,20122,L2,V1,2025-07-13 08:55:55,2025-07-13 09:18:28,CW→CC,2025-07-13,,20122,20122
2660,2000132807,Coronel,Diagonal Bio Bio,20172,L2,V1,2025-07-13 18:11:58,2025-07-13 18:53:35,CW→CC,2025-07-13,,20172,20172
2661,2000132839,Lomas Coloradas,Concepcion,,,N/A,2025-07-13 13:57:32,2025-07-13 14:37:52,,2025-07-13,sin_combo_factible_en_hub|sin_s1_factible_retro,,
2662,2000133365,Coronel,Laguna Quinenco,20146,L2,V1,2025-07-13 13:49:30,2025-07-13 13:57:16,CW→CC,2025-07-13,,20146,20146
2663,2000133545,Coronel,Cristo Redentor,20160,L2,V1,2025-07-13 16:36:09,2025-07-13 16:55:14,CW→CC,2025-07-13,,20160,20160
2664,2000133557,Los Canelos,Concepcion,,,N/A,2025-07-13 19:20:15,2025-07-13 20:07:39,,2025-07-13,sin_combo_factible_en_hub|sin_s1_factible_retro,,
2665,2000133589,Los Canelos,Laguna Quinenco,20135,L2,V1,2025-07-13 12:02:03,2025-07-13 16:10:48,CC→CW,2025-07-13,,20135,20135
2666,2000133809,Cristo Redentor,Diagonal Bio Bio,20140,L2,V1,2025-07-13 12:20:28,2025-07-13 12:54:57,CW→CC,2025-07-13,,20140,20140
2667,2000133809,Cristo Redentor,Diagonal Bio Bio,20172,L2,V1,2025-07-13 18:23:21,2025-07-13 18:54:03,CW→CC,2025-07-13,,20172,20172
2668,2000133927,Laguna Quinenco,Cristo Redentor,20134,L2,V1,2025-07-13 10:15:55,2025-07-13 10:40:58,CW→CC,2025-07-13,,20134,20134
2669,2000134241,Laguna Quinenco,Concepcion,,,N/A,2025-07-13 10:14:04,2025-07-13 11:19:45,,2025-07-13,sin_combo_factible_en_hub|sin_s1_factible_retro,,
2670,2000134677,El Parque,Los Canelos,20143,L2,V1,2025-07-13 13:21:20,2025-07-13 13:47:47,CC→CW,2025-07-13,,20143,20143
2671,2000134719,Lomas Coloradas,Concepcion,,,N/A,2025-07-13 18:25:11,2025-07-13 19:19:20,,2025-07-13,sin_combo_factible_en_hub|sin_s1_factible_retro,,
2672,2000134780,Concepcion,Chiguayante,20857,L1,V1,2025-07-13 08:54:25,2025-07-13 09:10:13,TH→HQ,2025-07-13,,20857,20857
2673,2000135308,Concepcion,Mercado,20850,L1,V1,2025-07-13 09:28:19,2025-07-13 10:24:08,HQ→TH,2025-07-13,,20850,20850
2674,2000135423,Cristo Redentor,Laguna Quinenco,20139,L2,V1,2025-07-13 12:48:07,2025-07-13 13:01:12,CC→CW,2025-07-13,,20139,20139
2675,2000135423,Laguna Quinenco,Cristo Redentor,20150,L2,V1,2025-07-13 14:40:36,2025-07-13 14:51:31,CW→CC,2025-07-13,,20150,20150
2676,2000135460,Cristo Redentor,Diagonal Bio Bio,20130,L2,V1,2025-07-13 09:54:22,2025-07-13 10:23:24,CW→CC,2025-07-13,,20130,
2677,2000136433,Coronel,Los Canelos,20130,L2,V1,2025-07-13 09:46:19,2025-07-13 11:12:07,CW→CC,2025-07-13,,20130,20130
2678,2000136757,Los Canelos,Concepcion,,,N/A,2025-07-13 18:29:43,2025-07-13 19:16:50,,2025-07-13,sin_combo_factible_en_hub|sin_s1_factible_retro,,
2679,2000136929,Hualqui,UTF Santa Maria,20850,L1,V1,2025-07-13 09:26:40,2025-07-13 10:09:39,HQ→TH,2025-07-13,,20850,20850
2680,2000136948,Cristo Redentor,Coronel,20169,L2,V1,2025-07-13 19:00:26,2025-07-13 19:14:07,CC→CW,2025-07-13,,20169,20169
2681,2000136973,Laguna Quinenco,Diagonal Bio Bio,20160,L2,V1,2025-07-13 16:34:08,2025-07-13 17:38:32,CW→CC,2025-07-13,,20160,20160
2682,2000136993,Huinca,Diagonal Bio Bio,20172,L2,V1,2025-07-13 18:25:56,2025-07-13 18:53:46,CW→CC,2025-07-13,,20172,20172
2683,2000137035,Cristo Redentor,Laguna Quinenco,20147,L2,V1,2025-07-13 15:15:06,2025-07-13 15:20:50,CC→CW,2025-07-13,,20147,20147
2684,2000137035,Laguna Quinenco,Cristo Redentor,20154,L2,V1,2025-07-13 15:39:43,2025-07-13 15:44:21,CW→CC,2025-07-13,,20154,
2685,2000137035,Cristo Redentor,Concepcion,,,N/A,2025-07-13 16:29:20,2025-07-13 17:33:34,,2025-07-13,sin_combo_factible_en_hub|sin_s1_factible_retro,,
2686,2000137408,Laguna Quinenco,Concepcion,,,N/A,2025-07-13 10:54:28,2025-07-13 12:15:08,,2025-07-13,sin_combo_factible_en_hub|sin_s1_factible_retro,,
2687,2000137745,Cristo Redentor,Lomas Coloradas,20160,L2,V1,2025-07-13 16:15:09,2025-07-13 17:12:43,CW→CC,2025-07-13,,20160,20160
2688,2000137826,El Parque,Hito Galvarino,20181,L2,V1,2025-07-13 20:03:55,2025-07-13 20:32:16,CC→CW,2025-07-13,,20181,20181
2689,2000138154,Diagonal Bio Bio,Laguna Quinenco,20123,L2,V1,2025-07-13 09:18:28,2025-07-13 10:06:02,CC→CW,2025-07-13,,20123,20123
2690,2000138499,Cristo Redentor,Los Canelos,20180,L2,V1,2025-07-13 19:20:44,2025-07-13 19:30:26,CW→CC,2025-07-13,,20180,20180
2691,2000138693,Los Canelos,Lomas Coloradas,20130,L2,V1,2025-07-13 09:42:10,2025-07-13 10:12:30,CW→CC,2025-07-13,,20130,
2692,2000138693,Lomas Coloradas,Los Canelos,20147,L2,V1,2025-07-13 14:41:35,2025-07-13 15:13:51,CC→CW,2025-07-13,,20147,20147
2693,2000138705,Coronel,Diagonal Bio Bio,20154,L2,V1,2025-07-13 15:31:42,2025-07-13 16:13:43,CW→CC,2025-07-13,,20154,20154
2694,2000139198,Mercado,Manquimavida,20847,L1,V1,2025-07-13 19:40:02,2025-07-13 20:46:30,TH→HQ,2025-07-13,,20847,20847
2695,2000139329,Lomas Coloradas,Coronel,20131,L2,V1,2025-07-13 10:41:13,2025-07-13 11:23:55,CC→CW,2025-07-13,,20131,20131
2696,2000139594,Concepcion,Lomas Coloradas,,,N/A,2025-07-13 14:25:29,2025-07-13 14:56:24,,2025-07-13,sin_combo_factible_en_hub|sin_s2_por_salida,,
2697,2000139594,Lomas Coloradas,Concepcion,,,N/A,2025-07-13 16:41:10,2025-07-13 17:33:43,,2025-07-13,sin_combo_factible_en_hub|sin_s1_factible_retro,,
2698,2000139594,Concepcion,Higueras,20846,L1,V1,2025-07-13 17:34:17,2025-07-13 17:50:17,HQ→TH,2025-07-13,,20846,20846
2699,2000139679,Los Canelos,Cdal. Raul Silva Henriquez,20172,L2,V1,2025-07-13 18:19:25,2025-07-13 18:40:35,CW→CC,2025-07-13,,20172,20172
2700,2000139712,Lomas Coloradas,Cdal. Raul Silva Henriquez,20155,L2,V1,2025-07-13 16:57:16,2025-07-13 17:03:47,CC→CW,2025-07-13,,20155,20155
2701,2000140098,Concepcion,Los Canelos,,,N/A,2025-07-13 14:53:32,2025-07-13 16:03:52,,2025-07-13,sin_combo_factible_en_hub|sin_s2_por_salida,,
2702,2000140182,Chiguayante,Concepcion,20846,L1,V1,2025-07-13 17:19:35,2025-07-13 17:35:07,HQ→TH,2025-07-13,,20846,20846
2703,2000140289,Costa Mar,Coronel,20123,L2,V1,2025-07-13 09:16:12,2025-07-13 10:09:32,CC→CW,2025-07-13,,20123,20123
2704,2000140289,Coronel,Costa Mar,20168,L2,V1,2025-07-13 17:49:03,2025-07-13 18:18:52,CW→CC,2025-07-13,,20168,20168
2705,2000140293,UTF Santa Maria,Manquimavida,20857,L1,V1,2025-07-13 08:41:03,2025-07-13 09:16:00,TH→HQ,2025-07-13,,20857,20857
2706,2000140293,Manquimavida,UTF Santa Maria,20850,L1,V1,2025-07-13 09:39:51,2025-07-13 10:10:10,HQ→TH,2025-07-13,,20850,20850
2707,2000140309,Coronel,Costa Mar,20154,L2,V1,2025-07-13 15:30:27,2025-07-13 16:07:27,CW→CC,2025-07-13,,20154,20154
2708,2000140441,Cdal. Raul Silva Henriquez,Concepcion,,,N/A,2025-07-13 11:45:16,2025-07-13 12:15:40,,2025-07-13,sin_combo_factible_en_hub|sin_s1_factible_retro,,
2709,2000140441,Concepcion,Lomas Coloradas,,,N/A,2025-07-13 19:13:17,2025-07-13 19:37:20,,2025-07-13,sin_combo_factible_en_hub|sin_s2_por_salida,,
2710,2000140441,Lomas Coloradas,Cdal. Raul Silva Henriquez,20181,L2,V1,2025-07-13 20:09:13,2025-07-13 20:25:16,CC→CW,2025-07-13,,20181,20181
2711,2000140576,Huinca,Diagonal Bio Bio,20150,L2,V1,2025-07-13 14:38:24,2025-07-13 15:18:43,CW→CC,2025-07-13,,20150,20150
2712,2000140629,Diagonal Bio Bio,Cristo Redentor,20123,L2,V1,2025-07-13 09:32:14,2025-07-13 10:06:48,CC→CW,2025-07-13,,20123,20123
2713,2000140824,Hito Galvarino,Diagonal Bio Bio,20150,L2,V1,2025-07-13 14:55:02,2025-07-13 15:19:00,CW→CC,2025-07-13,,20150,20150
2714,2000141043,Concepcion,Hualqui,20847,L1,V1,2025-07-13 20:10:49,2025-07-13 21:03:31,TH→HQ,2025-07-13,,20847,20847
2715,2000141552,Los Canelos,Costa Mar,20130,L2,V1,2025-07-13 09:51:22,2025-07-13 10:17:58,CW→CC,2025-07-13,,20130,
2716,2000141566,Diagonal Bio Bio,Costa Mar,20143,L2,V1,2025-07-13 13:15:52,2025-07-13 13:30:51,CC→CW,2025-07-13,,20143,20143
2717,2000141615,Coronel,Diagonal Bio Bio,20168,L2,V1,2025-07-13 17:35:30,2025-07-13 18:25:31,CW→CC,2025-07-13,,20168,20168
2718,2000141735,Diagonal Bio Bio,Lomas Coloradas,20147,L2,V1,2025-07-13 14:46:13,2025-07-13 15:02:18,CC→CW,2025-07-13,,20147,20147
2719,2000141735,Lomas Coloradas,Diagonal Bio Bio,20172,L2,V1,2025-07-13 18:40:50,2025-07-13 18:53:42,CW→CC,2025-07-13,,20172,20172
2720,2000141807,Los Canelos,El Parque,20134,L2,V1,2025-07-13 10:39:07,2025-07-13 10:59:47,CW→CC,2025-07-13,,20134,
2721,2000141807,El Parque,Los Canelos,20135,L2,V1,2025-07-13 11:36:39,2025-07-13 12:03:00,CC→CW,2025-07-13,,20135,20135
2722,2000141821,El Parque,Los Canelos,20169,L2,V1,2025-07-13 18:23:36,2025-07-13 19:03:33,CC→CW,2025-07-13,,20169,20169
2723,2000141930,Diagonal Bio Bio,Cristo Redentor,20181,L2,V1,2025-07-13 19:59:37,2025-07-13 20:41:00,CC→CW,2025-07-13,,20181,20181
2724,2000141954,Lomas Coloradas,Cristo Redentor,20155,L2,V1,2025-07-13 16:57:57,2025-07-13 17:15:22,CC→CW,2025-07-13,,20155,
2725,2000142040,Lomas Coloradas,Concepcion,,,N/A,2025-07-13 15:03:27,2025-07-13 15:55:11,,2025-07-13,sin_combo_factible_en_hub|sin_s1_factible_retro,,
2726,2000142321,Concepcion,Coronel,,,N/A,2025-07-13 10:02:02,2025-07-13 11:23:31,,2025-07-13,sin_combo_factible_en_hub|sin_s2_por_salida,,
2727,2000142321,Coronel,Concepcion,,,N/A,2025-07-13 19:00:24,2025-07-13 20:10:12,,2025-07-13,sin_combo_factible_en_hub|sin_s1_factible_retro,,
2728,2000142327,Cdal. Raul Silva Henriquez,Concepcion,,,N/A,2025-07-13 14:54:48,2025-07-13 15:28:57,,2025-07-13,sin_combo_factible_en_hub|sin_s1_factible_retro,,
2729,2000142327,Concepcion,Cdal. Raul Silva Henriquez,,,N/A,2025-07-13 17:00:19,2025-07-13 17:53:33,,2025-07-13,sin_combo_factible_en_hub|sin_s2_por_salida,,
2730,2000142460,Concepcion,Los Condores,20844,L1,V1,2025-07-13 12:40:31,2025-07-13 13:04:50,HQ→TH,2025-07-13,,20844,
2731,2000142819,Concepcion,Cdal. Raul Silva Henriquez,,,N/A,2025-07-13 17:35:09,2025-07-13 18:56:02,,2025-07-13,sin_combo_factible_en_hub|sin_s2_por_salida,,
2732,2000143086,Coronel,Diagonal Bio Bio,20138,L2,V1,2025-07-13 11:23:37,2025-07-13 12:09:59,CW→CC,2025-07-13,,20138,20138
2733,2000143211,Concepcion,Lomas Coloradas,,,N/A,2025-07-13 18:34:57,2025-07-13 19:12:10,,2025-07-13,sin_combo_factible_en_hub|sin_s2_por_salida,,
2734,2000143475,Hito Galvarino,Diagonal Bio Bio,20168,L2,V1,2025-07-13 17:55:27,2025-07-13 18:24:02,CW→CC,2025-07-13,,20168,20168
2735,2000145902,Pedro Medina,Concepcion,20844,L1,V1,2025-07-13 12:09:08,2025-07-13 12:53:20,HQ→TH,2025-07-13,,20844,20844
2736,2000155623,Laguna Quinenco,Lomas Coloradas,20146,L2,V1,2025-07-13 13:26:21,2025-07-13 14:13:07,CW→CC,2025-07-13,,20146,20146
2737,2000155623,Lomas Coloradas,Laguna Quinenco,20181,L2,V1,2025-07-13 20:08:14,2025-07-13 20:42:57,CC→CW,2025-07-13,,20181,20181
2738,2000155892,Coronel,El Parque,20180,L2,V1,2025-07-13 19:15:22,2025-07-13 19:45:33,CW→CC,2025-07-13,,20180,20180
2739,2000156108,Costa Mar,Lomas Coloradas,20123,L2,V1,2025-07-13 09:37:30,2025-07-13 09:44:47,CC→CW,2025-07-13,,20123,20123
2740,2000156280,Laguna Quinenco,Los Canelos,20172,L2,V1,2025-07-13 18:12:46,2025-07-13 18:31:36,CW→CC,2025-07-13,,20172,20172
2741,2000156287,Coronel,Diagonal Bio Bio,20130,L2,V1,2025-07-13 09:42:13,2025-07-13 10:24:37,CW→CC,2025-07-13,,20130,
2742,2000156287,Diagonal Bio Bio,Coronel,20181,L2,V1,2025-07-13 19:53:49,2025-07-13 20:45:17,CC→CW,2025-07-13,,20181,20181
2743,2000156386,Lomas Coloradas,Concepcion,,,N/A,2025-07-13 17:11:01,2025-07-13 17:36:47,,2025-07-13,sin_combo_factible_en_hub|sin_s1_factible_retro,,
2744,2000156997,Los Canelos,Concepcion,,,N/A,2025-07-13 18:29:10,2025-07-13 19:15:17,,2025-07-13,sin_combo_factible_en_hub|sin_s1_factible_retro,,
2745,2000157017,Diagonal Bio Bio,Laguna Quinenco,20139,L2,V1,2025-07-13 12:26:27,2025-07-13 13:01:58,CC→CW,2025-07-13,,20139,20139
2746,2000157093,Cristo Redentor,Diagonal Bio Bio,20130,L2,V1,2025-07-13 09:50:15,2025-07-13 10:24:59,CW→CC,2025-07-13,,20130,
2747,2000157850,Huinca,Concepcion,,,N/A,2025-07-13 11:22:34,2025-07-13 12:19:53,,2025-07-13,sin_combo_factible_en_hub|sin_s1_factible_retro,,
2748,2000157850,Concepcion,Huinca,,,N/A,2025-07-13 17:59:17,2025-07-13 19:05:58,,2025-07-13,sin_combo_factible_en_hub|sin_s2_por_salida,,
2749,2000157852,Cristo Redentor,Lomas Coloradas,20168,L2,V1,2025-07-13 17:42:25,2025-07-13 18:12:54,CW→CC,2025-07-13,,20168,20168
2750,2000157970,Chiguayante,Lzo. Arenas,20844,L1,V1,2025-07-13 12:20:16,2025-07-13 12:56:58,HQ→TH,2025-07-13,,20844,
2751,2000158017,Coronel,Lomas Coloradas,20150,L2,V1,2025-07-13 14:41:55,2025-07-13 15:08:00,CW→CC,2025-07-13,,20150,20150
2752,2000158101,Laguna Quinenco,Costa Mar,20138,L2,V1,2025-07-13 11:09:46,2025-07-13 11:58:16,CW→CC,2025-07-13,,20138,20138
2753,2000158101,Costa Mar,Laguna Quinenco,20181,L2,V1,2025-07-13 20:07:40,2025-07-13 20:42:08,CC→CW,2025-07-13,,20181,20181
2754,2000159181,Laguna Quinenco,Concepcion,,,N/A,2025-07-13 13:50:48,2025-07-13 14:37:52,,2025-07-13,sin_combo_factible_en_hub|sin_s1_factible_retro,,
2755,2000159392,Hito Galvarino,Costa Mar,20180,L2,V1,2025-07-13 19:29:03,2025-07-13 19:48:03,CW→CC,2025-07-13,,20180,
2756,2000160410,El Arenal,Hualqui,20847,L1,V1,2025-07-13 20:01:19,2025-07-13 21:02:34,TH→HQ,2025-07-13,,20847,20847
2757,2000160441,Huinca,Diagonal Bio Bio,20160,L2,V1,2025-07-13 16:52:22,2025-07-13 17:25:22,CW→CC,2025-07-13,,20160,20160
2758,2000160441,Lomas Coloradas,Huinca,20181,L2,V1,2025-07-13 20:08:53,2025-07-13 20:37:45,CC→CW,2025-07-13,,20181,20181
2759,2000160500,Cristo Redentor,Diagonal Bio Bio,20150,L2,V1,2025-07-13 14:31:14,2025-07-13 15:19:02,CW→CC,2025-07-13,,20150,20150
2760,2000160550,Chiguayante,Los Condores,20848,L1,V1,2025-07-13 20:49:44,2025-07-13 21:24:20,HQ→TH,2025-07-13,,20848,20848
2761,2000160818,Costa Mar,Laguna Quinenco,20139,L2,V1,2025-07-13 12:16:33,2025-07-13 13:02:20,CC→CW,2025-07-13,,20139,20139
2762,2000160867,Costa Mar,Lomas Coloradas,20155,L2,V1,2025-07-13 16:45:28,2025-07-13 17:01:04,CC→CW,2025-07-13,,20155,20155
2763,2000160867,Los Canelos,Lomas Coloradas,20180,L2,V1,2025-07-13 19:11:24,2025-07-13 19:42:29,CW→CC,2025-07-13,,20180,
2764,2000160891,Costa Mar,Coronel,20123,L2,V1,2025-07-13 09:34:25,2025-07-13 10:08:25,CC→CW,2025-07-13,,20123,20123
2765,2000161256,Laguna Quinenco,Costa Mar,20168,L2,V1,2025-07-13 17:33:28,2025-07-13 18:18:32,CW→CC,2025-07-13,,20168,20168
2766,2000161414,Costa Mar,Lomas Coloradas,20143,L2,V1,2025-07-13 13:25:19,2025-07-13 13:38:13,CC→CW,2025-07-13,,20143,20143
2767,2000161414,Lomas Coloradas,Costa Mar,20154,L2,V1,2025-07-13 15:56:39,2025-07-13 16:07:54,CW→CC,2025-07-13,,20154,20154
2768,2000161714,Huinca,Concepcion,,,N/A,2025-07-13 15:44:05,2025-07-13 16:31:20,,2025-07-13,sin_combo_factible_en_hub|sin_s1_factible_retro,,
2769,2000161714,Concepcion,Los Canelos,,,N/A,2025-07-13 18:44:13,2025-07-13 19:33:40,,2025-07-13,sin_combo_factible_en_hub|sin_s2_por_salida,,
2770,2000162012,Cristo Redentor,Diagonal Bio Bio,20122,L2,V1,2025-07-13 08:42:35,2025-07-13 09:18:12,CW→CC,2025-07-13,,20122,20122
2771,2000162207,Higueras,Laguna Quinenco,,,N/A,2025-07-13 15:56:00,2025-07-13 19:40:35,,2025-07-13,sin_combo_factible_en_hub|sin_s2_por_salida,,
2772,2000162575,Lomas Coloradas,Hito Galvarino,20181,L2,V1,2025-07-13 20:06:26,2025-07-13 20:31:19,CC→CW,2025-07-13,,20181,20181
2773,2000162731,Concepcion,Lomas Coloradas,,,N/A,2025-07-13 18:22:35,2025-07-13 18:48:28,,2025-07-13,sin_combo_factible_en_hub|sin_s2_por_salida,,
2774,2000162880,Concepcion,Cdal. Raul Silva Henriquez,,,N/A,2025-07-13 18:46:35,2025-07-13 19:25:09,,2025-07-13,sin_combo_factible_en_hub|sin_s2_por_salida,,
2775,2000162907,Coronel,Cdal. Raul Silva Henriquez,20180,L2,V1,2025-07-13 19:00:51,2025-07-13 19:39:59,CW→CC,2025-07-13,,20180,20180
2776,2000163441,La Leonera,Hito Galvarino,,,N/A,2025-07-13 09:04:46,2025-07-13 11:08:55,,2025-07-13,sin_combo_factible_en_hub|sin_s2_por_salida,,
2777,2000163441,Hito Galvarino,Concepcion,,,N/A,2025-07-13 16:39:57,2025-07-13 17:43:30,,2025-07-13,sin_combo_factible_en_hub|sin_s1_factible_retro,,
2778,2000163621,Los Canelos,Concepcion,,,N/A,2025-07-13 15:12:02,2025-07-13 16:31:07,,2025-07-13,sin_combo_factible_en_hub|sin_s1_factible_retro,,
2779,2000164186,Los Canelos,Concepcion,,,N/A,2025-07-13 18:29:45,2025-07-13 19:16:56,,2025-07-13,sin_combo_factible_en_hub|sin_s1_factible_retro,,
2780,2000164357,Coronel,Lomas Coloradas,20172,L2,V1,2025-07-13 18:09:15,2025-07-13 18:42:51,CW→CC,2025-07-13,,20172,20172
2781,2000164438,Los Canelos,Concepcion,,,N/A,2025-07-13 15:41:19,2025-07-13 16:30:48,,2025-07-13,sin_combo_factible_en_hub|sin_s1_factible_retro,,
2782,2000164438,Concepcion,Lomas Coloradas,,,N/A,2025-07-13 17:29:02,2025-07-13 18:25:07,,2025-07-13,sin_combo_factible_en_hub|sin_s2_por_salida,,
2783,2000164761,Laguna Quinenco,Concepcion,,,N/A,2025-07-13 10:55:59,2025-07-13 12:14:48,,2025-07-13,sin_combo_factible_en_hub|sin_s1_factible_retro,,
2784,2000164791,Hito Galvarino,Cristo Redentor,20169,L2,V1,2025-07-13 18:53:10,2025-07-13 19:06:45,CC→CW,2025-07-13,,20169,
2785,2000164832,Concepcion,Coronel,,,N/A,2025-07-13 16:39:44,2025-07-13 18:13:54,,2025-07-13,sin_combo_factible_en_hub|sin_s2_por_salida,,
2786,2000164893,Lomas Coloradas,El Parque,20160,L2,V1,2025-07-13 17:05:04,2025-07-13 17:16:10,CW→CC,2025-07-13,,20160,20160
2787,2000164893,El Parque,Lomas Coloradas,20173,L2,V1,2025-07-13 19:10:21,2025-07-13 19:21:25,CC→CW,2025-07-13,,20173,20173
2788,2000165524,La Leonera,UTF Santa Maria,20850,L1,V1,2025-07-13 09:31:57,2025-07-13 10:09:26,HQ→TH,2025-07-13,,20850,20850
2789,2000166069,El Parque,Coronel,20135,L2,V1,2025-07-13 11:38:03,2025-07-13 12:14:03,CC→CW,2025-07-13,,20135,20135
2790,2000166069,Coronel,El Parque,20146,L2,V1,2025-07-13 13:47:14,2025-07-13 14:17:10,CW→CC,2025-07-13,,20146,20146
2791,2000166919,Los Canelos,Diagonal Bio Bio,20172,L2,V1,2025-07-13 18:28:34,2025-07-13 18:53:21,CW→CC,2025-07-13,,20172,20172
2792,2000166924,Los Canelos,Lomas Coloradas,20180,L2,V1,2025-07-13 19:24:39,2025-07-13 19:42:29,CW→CC,2025-07-13,,20180,
2793,2000167173,Costa Mar,Coronel,20135,L2,V1,2025-07-13 11:44:04,2025-07-13 12:13:02,CC→CW,2025-07-13,,20135,20135
2794,2000167200,Concepcion,Laguna Quinenco,,,N/A,2025-07-13 18:50:32,2025-07-13 19:41:14,,2025-07-13,sin_combo_factible_en_hub|sin_s2_por_salida,,
2795,2000167343,Diagonal Bio Bio,Cdal. Raul Silva Henriquez,20181,L2,V1,2025-07-13 19:38:23,2025-07-13 20:25:12,CC→CW,2025-07-13,,20181,20181
2796,2000167556,Diagonal Bio Bio,Los Canelos,20161,L2,V1,2025-07-13 17:30:45,2025-07-13 18:03:37,CC→CW,2025-07-13,,20161,20161
2797,2000167556,Los Canelos,Diagonal Bio Bio,20172,L2,V1,2025-07-13 18:19:42,2025-07-13 18:53:58,CW→CC,2025-07-13,,20172,20172
2798,2000167698,Los Canelos,Lomas Coloradas,20168,L2,V1,2025-07-13 17:50:46,2025-07-13 18:12:58,CW→CC,2025-07-13,,20168,20168
2799,2000168033,Cdal. Raul Silva Henriquez,El Parque,20138,L2,V1,2025-07-13 11:10:32,2025-07-13 11:56:22,CW→CC,2025-07-13,,20138,20138
2800,2000168033,El Parque,Cdal. Raul Silva Henriquez,20143,L2,V1,2025-07-13 13:13:49,2025-07-13 13:38:49,CC→CW,2025-07-13,,20143,20143
2801,2000168212,Lomas Coloradas,Huinca,20161,L2,V1,2025-07-13 17:39:37,2025-07-13 18:05:48,CC→CW,2025-07-13,,20161,20161
2802,2000168230,Los Condores,Chiguayante,20845,L1,V1,2025-07-13 16:04:47,2025-07-13 16:40:41,TH→HQ,2025-07-13,,20845,20845
2803,2000168230,Chiguayante,Los Condores,20848,L1,V1,2025-07-13 20:36:06,2025-07-13 21:23:33,HQ→TH,2025-07-13,,20848,20848
2804,2000168386,Coronel,Concepcion,,,N/A,2025-07-13 10:27:24,2025-07-13 11:18:25,,2025-07-13,sin_combo_factible_en_hub|sin_s1_factible_retro,,
2805,2000168386,Concepcion,Laguna Quinenco,,,N/A,2025-07-13 15:37:04,2025-07-13 17:21:28,,2025-07-13,sin_combo_factible_en_hub|sin_s2_por_salida,,
2806,2000168457,Costa Mar,Cristo Redentor,20147,L2,V1,2025-07-13 14:30:06,2025-07-13 15:18:32,CC→CW,2025-07-13,,20147,20147
2807,2000168568,Los Canelos,Costa Mar,20160,L2,V1,2025-07-13 16:51:41,2025-07-13 17:18:50,CW→CC,2025-07-13,,20160,20160
2808,2000168911,Los Canelos,Laguna Quinenco,20169,L2,V1,2025-07-13 18:54:48,2025-07-13 19:11:01,CC→CW,2025-07-13,,20169,20169
2809,2000168926,Huinca,Costa Mar,20168,L2,V1,2025-07-13 17:55:45,2025-07-13 18:17:59,CW→CC,2025-07-13,,20168,20168
2810,2000169521,Mercado,Manquimavida,20859,L1,V1,2025-07-13 12:20:33,2025-07-13 13:14:14,TH→HQ,2025-07-13,,20859,
2811,2000169521,Manquimavida,Mercado,20848,L1,V1,2025-07-13 20:29:53,2025-07-13 21:34:35,HQ→TH,2025-07-13,,20848,20848
2812,2000169706,Los Condores,Concepcion,20857,L1,V1,2025-07-13 08:37:42,2025-07-13 08:58:26,TH→HQ,2025-07-13,,20857,20857
2813,2000170002,Diagonal Bio Bio,Laguna Quinenco,20151,L2,V1,2025-07-13 15:38:32,2025-07-13 16:10:58,CC→CW,2025-07-13,,20151,20151
2814,2000170002,Laguna Quinenco,Diagonal Bio Bio,20168,L2,V1,2025-07-13 17:35:29,2025-07-13 18:24:56,CW→CC,2025-07-13,,20168,20168
2815,2000170378,Lomas Coloradas,Concepcion,,,N/A,2025-07-13 18:27:48,2025-07-13 19:16:57,,2025-07-13,sin_combo_factible_en_hub|sin_s1_factible_retro,,
2816,2000170401,Lomas Coloradas,Concepcion,,,N/A,2025-07-13 14:07:28,2025-07-13 14:36:49,,2025-07-13,sin_combo_factible_en_hub|sin_s1_factible_retro,,
2817,2000170763,Hualqui,Concepcion,20848,L1,V1,2025-07-13 20:24:30,2025-07-13 21:11:07,HQ→TH,2025-07-13,,20848,20848
2818,2000170808,Concepcion,Concepcion,,,N/A,2025-07-13 10:55:26,2025-07-13 10:57:25,,2025-07-13,no viajo,,
2819,2000170808,Concepcion,Concepcion,,,N/A,2025-07-13 11:22:33,2025-07-13 11:26:31,,2025-07-13,no viajo,,
2820,2000170878,Cdal. Raul Silva Henriquez,Huinca,20143,L2,V1,2025-07-13 13:32:55,2025-07-13 13:50:51,CC→CW,2025-07-13,,20143,20143
2821,2000170878,Huinca,Cdal. Raul Silva Henriquez,20180,L2,V1,2025-07-13 19:27:05,2025-07-13 19:40:04,CW→CC,2025-07-13,,20180,20180
2822,2000171126,Higueras,Concepcion,20859,L1,V1,2025-07-13 12:24:56,2025-07-13 12:56:12,TH→HQ,2025-07-13,,20859,20859
2823,2000171263,Concepcion,Higueras,20848,L1,V1,2025-07-13 20:44:25,2025-07-13 21:27:23,HQ→TH,2025-07-13,,20848,20848
2824,2000171281,Lomas Coloradas,Diagonal Bio Bio,20150,L2,V1,2025-07-13 15:05:50,2025-07-13 15:19:29,CW→CC,2025-07-13,,20150,20150
2825,2000171475,Laguna Quinenco,Huinca,20172,L2,V1,2025-07-13 18:01:00,2025-07-13 18:30:14,CW→CC,2025-07-13,,20172,20172
2826,2000171561,Huinca,Hito Galvarino,20150,L2,V1,2025-07-13 14:46:31,2025-07-13 14:58:11,CW→CC,2025-07-13,,20150,20150
2827,2000171655,Lomas Coloradas,Cristo Redentor,20123,L2,V1,2025-07-13 09:43:35,2025-07-13 10:03:09,CC→CW,2025-07-13,,20123,20123
2828,2000172131,Lomas Coloradas,Los Canelos,20155,L2,V1,2025-07-13 16:59:49,2025-07-13 17:14:15,CC→CW,2025-07-13,,20155,20155
2829,2000172267,Huinca,Cdal. Raul Silva Henriquez,20180,L2,V1,2025-07-13 19:21:42,2025-07-13 19:40:25,CW→CC,2025-07-13,,20180,20180
2830,2000172393,Costa Mar,Diagonal Bio Bio,20122,L2,V1,2025-07-13 09:11:23,2025-07-13 09:18:52,CW→CC,2025-07-13,,20122,20122
2831,2000173101,Costa Mar,Laguna Quinenco,20123,L2,V1,2025-07-13 09:37:11,2025-07-13 10:05:43,CC→CW,2025-07-13,,20123,20123
2832,2000173101,Laguna Quinenco,Costa Mar,20168,L2,V1,2025-07-13 17:49:04,2025-07-13 18:18:41,CW→CC,2025-07-13,,20168,20168
2833,2000173678,Cdal. Raul Silva Henriquez,Mercado,,,N/A,2025-07-13 11:46:34,2025-07-13 13:15:56,,2025-07-13,sin_combo_factible_en_hub|sin_s1_factible_retro,,
2834,2000173692,Diagonal Bio Bio,Hito Galvarino,20169,L2,V1,2025-07-13 18:33:28,2025-07-13 19:00:07,CC→CW,2025-07-13,,20169,20169
2835,2000174043,Laguna Quinenco,Costa Mar,20146,L2,V1,2025-07-13 13:47:58,2025-07-13 14:18:36,CW→CC,2025-07-13,,20146,20146
2836,2000174043,El Parque,Laguna Quinenco,20169,L2,V1,2025-07-13 18:33:37,2025-07-13 19:10:49,CC→CW,2025-07-13,,20169,20169
2837,2000174073,Concepcion,Laguna Quinenco,,,N/A,2025-07-13 18:46:11,2025-07-13 19:40:41,,2025-07-13,sin_combo_factible_en_hub|sin_s2_por_salida,,
2838,2000174131,El Parque,Cristo Redentor,20147,L2,V1,2025-07-13 14:37:13,2025-07-13 15:16:31,CC→CW,2025-07-13,,20147,
2839,2000174249,Laguna Quinenco,Lomas Coloradas,20140,L2,V1,2025-07-13 12:08:03,2025-07-13 12:42:17,CW→CC,2025-07-13,,20140,20140
2840,2000174249,Lomas Coloradas,Laguna Quinenco,20161,L2,V1,2025-07-13 17:31:43,2025-07-13 18:10:38,CC→CW,2025-07-13,,20161,20161
2841,2000174300,Laguna Quinenco,Concepcion,,,N/A,2025-07-13 19:20:02,2025-07-13 20:10:51,,2025-07-13,sin_combo_factible_en_hub|sin_s1_factible_retro,,
2842,2000174715,Laguna Quinenco,Concepcion,,,N/A,2025-07-13 08:39:10,2025-07-13 09:33:30,,2025-07-13,sin_combo_factible_en_hub|sin_s1_factible_retro,,
2843,2000174740,Cristo Redentor,Los Canelos,20146,L2,V1,2025-07-13 13:46:01,2025-07-13 14:00:25,CW→CC,2025-07-13,,20146,20146
2844,2000174763,Diagonal Bio Bio,Huinca,20139,L2,V1,2025-07-13 12:25:47,2025-07-13 12:57:54,CC→CW,2025-07-13,,20139,20139
2845,2000175048,El Parque,Laguna Quinenco,20123,L2,V1,2025-07-13 09:06:06,2025-07-13 10:05:24,CC→CW,2025-07-13,,20123,20123
2846,2000175048,Laguna Quinenco,El Parque,20146,L2,V1,2025-07-13 13:32:34,2025-07-13 14:16:27,CW→CC,2025-07-13,,20146,20146
2847,2000175374,Lomas Coloradas,Concepcion,,,N/A,2025-07-13 13:19:27,2025-07-13 14:39:48,,2025-07-13,sin_combo_factible_en_hub|sin_s1_factible_retro,,
2848,2000175374,Concepcion,Lomas Coloradas,,,N/A,2025-07-13 15:56:10,2025-07-13 16:54:16,,2025-07-13,sin_combo_factible_en_hub|sin_s2_por_salida,,
2849,2000175926,Concepcion,Los Canelos,,,N/A,2025-07-13 17:33:11,2025-07-13 19:04:03,,2025-07-13,sin_combo_factible_en_hub|sin_s2_por_salida,,
2850,2000176051,Cdal. Raul Silva Henriquez,Concepcion,,,N/A,2025-07-13 11:45:20,2025-07-13 12:16:43,,2025-07-13,sin_combo_factible_en_hub|sin_s1_factible_retro,,
2851,2000176146,Coronel,Los Canelos,20160,L2,V1,2025-07-13 16:41:44,2025-07-13 17:01:00,CW→CC,2025-07-13,,20160,20160
2852,2000176184,Cristo Redentor,Laguna Quinenco,20135,L2,V1,2025-07-13 12:06:13,2025-07-13 12:09:57,CC→CW,2025-07-13,,20135,20135
2853,2000176243,Laguna Quinenco,Higueras,,,N/A,2025-07-13 16:33:53,2025-07-13 17:50:37,,2025-07-13,sin_combo_factible_en_hub|sin_s1_factible_retro,,
2854,2000176378,Lomas Coloradas,Cristo Redentor,20147,L2,V1,2025-07-13 14:55:00,2025-07-13 15:16:18,CC→CW,2025-07-13,,20147,
2855,2000176693,Diagonal Bio Bio,Costa Mar,20181,L2,V1,2025-07-13 20:07:57,2025-07-13 20:16:07,CC→CW,2025-07-13,,20181,20181
2856,2000177057,Laguna Quinenco,Cristo Redentor,20138,L2,V1,2025-07-13 11:20:25,2025-07-13 11:34:52,CW→CC,2025-07-13,,20138,20138
2857,2000177106,Diagonal Bio Bio,Cristo Redentor,20147,L2,V1,2025-07-13 14:43:49,2025-07-13 15:18:20,CC→CW,2025-07-13,,20147,20147
2858,2000177341,Cristo Redentor,Concepcion,,,N/A,2025-07-13 19:07:44,2025-07-13 20:10:30,,2025-07-13,sin_combo_factible_en_hub|sin_s1_factible_retro,,
2859,2000177851,Cristo Redentor,Diagonal Bio Bio,20134,L2,V1,2025-07-13 10:38:49,2025-07-13 11:08:09,CW→CC,2025-07-13,,20134,
2860,2000178026,Concepcion,Concepcion,,,N/A,2025-07-13 10:19:31,2025-07-13 10:51:28,,2025-07-13,no viajo,,
2861,2000178026,Concepcion,Mercado,20844,L1,V1,2025-07-13 12:24:08,2025-07-13 13:15:22,HQ→TH,2025-07-13,,20844,20844
2862,2000178447,Huinca,Concepcion,,,N/A,2025-07-13 12:16:35,2025-07-13 13:03:52,,2025-07-13,sin_combo_factible_en_hub|sin_s1_factible_retro,,
2863,2000178447,Concepcion,Huinca,,,N/A,2025-07-13 17:19:29,2025-07-13 18:06:10,,2025-07-13,sin_combo_factible_en_hub|sin_s2_por_salida,,
2864,2000179218,Coronel,Huinca,20172,L2,V1,2025-07-13 18:10:38,2025-07-13 18:29:27,CW→CC,2025-07-13,,20172,20172
2865,2000179235,Coronel,Diagonal Bio Bio,20168,L2,V1,2025-07-13 17:37:29,2025-07-13 18:25:54,CW→CC,2025-07-13,,20168,20168
2866,2000179572,Coronel,Concepcion,,,N/A,2025-07-13 10:21:17,2025-07-13 11:24:46,,2025-07-13,sin_combo_factible_en_hub|sin_s1_factible_retro,,
2867,2000179572,Hito Galvarino,Los Canelos,20147,L2,V1,2025-07-13 15:01:27,2025-07-13 15:15:38,CC→CW,2025-07-13,,20147,20147
2868,2000179725,Costa Mar,Diagonal Bio Bio,20138,L2,V1,2025-07-13 11:42:24,2025-07-13 12:04:14,CW→CC,2025-07-13,,20138,20138
2869,2000180097,Cdal. Raul Silva Henriquez,Los Canelos,20155,L2,V1,2025-07-13 17:02:18,2025-07-13 17:12:42,CC→CW,2025-07-13,,20155,20155
2870,2000180297,Coronel,El Parque,20154,L2,V1,2025-07-13 15:23:34,2025-07-13 16:06:58,CW→CC,2025-07-13,,20154,20154
2871,2000180451,Laguna Quinenco,Concepcion,,,N/A,2025-07-13 15:39:23,2025-07-13 16:30:15,,2025-07-13,sin_combo_factible_en_hub|sin_s1_factible_retro,,
2872,2000180478,Laguna Quinenco,Diagonal Bio Bio,20172,L2,V1,2025-07-13 18:05:51,2025-07-13 18:54:15,CW→CC,2025-07-13,,20172,20172
2873,2000180478,Diagonal Bio Bio,Laguna Quinenco,20181,L2,V1,2025-07-13 19:57:01,2025-07-13 20:43:33,CC→CW,2025-07-13,,20181,20181
2874,2000180490,Laguna Quinenco,Lomas Coloradas,20160,L2,V1,2025-07-13 16:42:00,2025-07-13 17:12:20,CW→CC,2025-07-13,,20160,20160
2875,2000180492,Concepcion,Laguna Quinenco,,,N/A,2025-07-13 16:25:30,2025-07-13 17:20:43,,2025-07-13,sin_combo_factible_en_hub|sin_s2_por_salida,,
2876,2000180683,Pedro Medina,Lzo. Arenas,20844,L1,V1,2025-07-13 12:21:48,2025-07-13 12:58:18,HQ→TH,2025-07-13,,20844,20844
2877,2000180783,Los Canelos,Lomas Coloradas,20180,L2,V1,2025-07-13 19:26:32,2025-07-13 19:42:33,CW→CC,2025-07-13,,20180,20180
2878,2000180803,Concepcion,Lomas Coloradas,,,N/A,2025-07-13 12:18:16,2025-07-13 13:37:05,,2025-07-13,sin_combo_factible_en_hub|sin_s2_por_salida,,
2879,2000180868,Cdal. Raul Silva Henriquez,Concepcion,,,N/A,2025-07-13 10:03:31,2025-07-13 10:34:55,,2025-07-13,sin_combo_factible_en_hub|sin_s1_factible_retro,,
2880,2000180868,Concepcion,Laguna Quinenco,,,N/A,2025-07-13 12:32:20,2025-07-13 16:13:08,,2025-07-13,sin_combo_factible_en_hub|sin_s2_por_salida,,
2881,2000181052,La Leonera,Hualqui,20857,L1,V1,2025-07-13 09:17:42,2025-07-13 09:34:03,TH→HQ,2025-07-13,,20857,20857
2882,2000181299,Los Canelos,Alborada,20138,L2,V1,2025-07-13 11:28:01,2025-07-13 12:00:52,CW→CC,2025-07-13,,20138,20138
2883,2000181299,Alborada,Los Canelos,20143,L2,V1,2025-07-13 12:57:18,2025-07-13 13:47:51,CC→CW,2025-07-13,,20143,20143
2884,2000181626,Cristo Redentor,Coronel,20181,L2,V1,2025-07-13 20:26:53,2025-07-13 20:45:24,CC→CW,2025-07-13,,20181,20181
2885,2000181755,El Arenal,La Leonera,20847,L1,V1,2025-07-13 19:56:30,2025-07-13 20:48:59,TH→HQ,2025-07-13,,20847,20847
2886,2000181760,Los Canelos,Diagonal Bio Bio,20130,L2,V1,2025-07-13 09:58:01,2025-07-13 10:24:59,CW→CC,2025-07-13,,20130,
2887,2000181849,Cdal. Raul Silva Henriquez,Los Canelos,20135,L2,V1,2025-07-13 11:50:02,2025-07-13 12:02:49,CC→CW,2025-07-13,,20135,20135
2888,2000181894,Lomas Coloradas,Concepcion,,,N/A,2025-07-13 15:47:40,2025-07-13 16:28:59,,2025-07-13,sin_combo_factible_en_hub|sin_s1_factible_retro,,
2889,2000181921,Huinca,Laguna Quinenco,20147,L2,V1,2025-07-13 15:07:24,2025-07-13 15:20:39,CC→CW,2025-07-13,,20147,20147
2890,2000181921,Laguna Quinenco,Huinca,20168,L2,V1,2025-07-13 17:42:09,2025-07-13 17:58:47,CW→CC,2025-07-13,,20168,20168
2891,2000182443,Concepcion,Los Canelos,,,N/A,2025-07-13 10:20:33,2025-07-13 11:12:14,,2025-07-13,sin_combo_factible_en_hub|sin_s2_por_salida,,
2892,2000182443,Los Canelos,Concepcion,,,N/A,2025-07-13 17:45:20,2025-07-13 18:55:28,,2025-07-13,sin_combo_factible_en_hub|sin_s1_factible_retro,,
2893,2000182616,Diagonal Bio Bio,Costa Mar,20147,L2,V1,2025-07-13 14:47:37,2025-07-13 14:55:57,CC→CW,2025-07-13,,20147,20147
2894,2000182742,Laguna Quinenco,Concepcion,,,N/A,2025-07-13 16:41:57,2025-07-13 17:34:47,,2025-07-13,sin_combo_factible_en_hub|sin_s1_factible_retro,,
2895,2000182818,Costa Mar,Cdal. Raul Silva Henriquez,20173,L2,V1,2025-07-13 18:59:11,2025-07-13 19:26:07,CC→CW,2025-07-13,,20173,20173
2896,2000182886,Cdal. Raul Silva Henriquez,Concepcion,,,N/A,2025-07-13 14:07:11,2025-07-13 14:37:13,,2025-07-13,sin_combo_factible_en_hub|sin_s1_factible_retro,,
2897,2000182889,Cdal. Raul Silva Henriquez,Laguna Quinenco,20131,L2,V1,2025-07-13 10:59:04,2025-07-13 11:20:37,CC→CW,2025-07-13,,20131,20131
2898,2000182906,Cdal. Raul Silva Henriquez,Diagonal Bio Bio,20140,L2,V1,2025-07-13 12:37:04,2025-07-13 12:54:05,CW→CC,2025-07-13,,20140,20140
2899,2000182906,Diagonal Bio Bio,Cdal. Raul Silva Henriquez,20169,L2,V1,2025-07-13 18:39:38,2025-07-13 18:56:58,CC→CW,2025-07-13,,20169,20169
2900,2000182927,Lomas Coloradas,Cdal. Raul Silva Henriquez,20181,L2,V1,2025-07-13 20:10:45,2025-07-13 20:28:39,CC→CW,2025-07-13,,20181,20181
2901,2000182959,Cdal. Raul Silva Henriquez,Costa Mar,20154,L2,V1,2025-07-13 15:38:22,2025-07-13 16:09:52,CW→CC,2025-07-13,,20154,20154
2902,2000182973,Laguna Quinenco,Cdal. Raul Silva Henriquez,20154,L2,V1,2025-07-13 15:36:23,2025-07-13 15:59:35,CW→CC,2025-07-13,,20154,20154
2903,2000182973,Cdal. Raul Silva Henriquez,Los Canelos,20169,L2,V1,2025-07-13 18:34:52,2025-07-13 19:03:41,CC→CW,2025-07-13,,20169,20169
2904,2000183223,Coronel,Los Canelos,20180,L2,V1,2025-07-13 19:14:36,2025-07-13 19:32:50,CW→CC,2025-07-13,,20180,20180
2905,2000183241,Laguna Quinenco,Coronel,20181,L2,V1,2025-07-13 20:22:59,2025-07-13 20:45:50,CC→CW,2025-07-13,,20181,20181
2906,2000183297,Diagonal Bio Bio,Laguna Quinenco,20143,L2,V1,2025-07-13 12:54:36,2025-07-13 13:55:07,CC→CW,2025-07-13,,20143,20143
2907,2000183400,Hualqui,Pedro Medina,20850,L1,V1,2025-07-13 09:27:10,2025-07-13 09:47:09,HQ→TH,2025-07-13,,20850,20850
2908,2000183477,Cristo Redentor,El Parque,20146,L2,V1,2025-07-13 13:48:53,2025-07-13 14:16:12,CW→CC,2025-07-13,,20146,20146
2909,2000183477,El Parque,Cristo Redentor,20173,L2,V1,2025-07-13 19:15:39,2025-07-13 19:38:22,CC→CW,2025-07-13,,20173,20173
2910,2000183918,Laguna Quinenco,Concepcion,,,N/A,2025-07-13 17:33:40,2025-07-13 18:36:11,,2025-07-13,sin_combo_factible_en_hub|sin_s1_factible_retro,,
2911,2000184062,Diagonal Bio Bio,Costa Mar,20139,L2,V1,2025-07-13 12:24:29,2025-07-13 12:35:24,CC→CW,2025-07-13,,20139,20139
2912,2000184062,Costa Mar,Cdal. Raul Silva Henriquez,20143,L2,V1,2025-07-13 13:23:17,2025-07-13 13:39:54,CC→CW,2025-07-13,,20143,20143
2913,2000184062,Cdal. Raul Silva Henriquez,Costa Mar,20172,L2,V1,2025-07-13 18:35:46,2025-07-13 18:48:27,CW→CC,2025-07-13,,20172,20172
2914,2000184077,Laguna Quinenco,Costa Mar,20168,L2,V1,2025-07-13 17:38:23,2025-07-13 18:18:42,CW→CC,2025-07-13,,20168,20168
2915,2000184120,Costa Mar,Coronel,20131,L2,V1,2025-07-13 10:46:27,2025-07-13 11:23:55,CC→CW,2025-07-13,,20131,20131
2916,2000184214,Coronel,Concepcion,,,N/A,2025-07-13 15:17:17,2025-07-13 16:32:07,,2025-07-13,sin_combo_factible_en_hub|sin_s1_factible_retro,,
2917,2000184214,Concepcion,Coronel,,,N/A,2025-07-13 19:23:28,2025-07-13 20:45:22,,2025-07-13,sin_combo_factible_en_hub|sin_s2_por_salida,,
2918,2000184395,Costa Mar,Laguna Quinenco,20135,L2,V1,2025-07-13 11:41:07,2025-07-13 12:10:35,CC→CW,2025-07-13,,20135,20135
2919,2000184461,Costa Mar,Cristo Redentor,20131,L2,V1,2025-07-13 10:51:27,2025-07-13 11:18:25,CC→CW,2025-07-13,,20131,20131
2920,2000184461,Cristo Redentor,Concepcion,,,N/A,2025-07-13 19:24:09,2025-07-13 20:09:54,,2025-07-13,sin_combo_factible_en_hub|sin_s1_factible_retro,,
2921,2000185761,Costa Mar,Diagonal Bio Bio,20160,L2,V1,2025-07-13 16:56:02,2025-07-13 17:25:27,CW→CC,2025-07-13,,20160,20160
2922,2000186180,Lomas Coloradas,Coronel,20169,L2,V1,2025-07-13 18:43:04,2025-07-13 19:13:31,CC→CW,2025-07-13,,20169,20169
2923,2000186241,Hito Galvarino,Coronel,20123,L2,V1,2025-07-13 09:48:54,2025-07-13 10:08:19,CC→CW,2025-07-13,,20123,20123
2924,2000186329,Diagonal Bio Bio,Laguna Quinenco,20173,L2,V1,2025-07-13 18:56:29,2025-07-13 19:40:36,CC→CW,2025-07-13,,20173,20173
2925,2000186342,Diagonal Bio Bio,Coronel,20161,L2,V1,2025-07-13 17:35:23,2025-07-13 18:13:10,CC→CW,2025-07-13,,20161,20161
2926,2000186431,Los Canelos,Laguna Quinenco,20131,L2,V1,2025-07-13 10:58:31,2025-07-13 11:22:27,CC→CW,2025-07-13,,20131,20131
2927,2000186514,Manquimavida,El Arenal,20846,L1,V1,2025-07-13 17:14:47,2025-07-13 17:54:34,HQ→TH,2025-07-13,,20846,20846
2928,2000186733,Laguna Quinenco,Diagonal Bio Bio,20172,L2,V1,2025-07-13 18:16:12,2025-07-13 18:54:31,CW→CC,2025-07-13,,20172,20172
2929,2000187039,Huinca,Diagonal Bio Bio,20146,L2,V1,2025-07-13 13:49:45,2025-07-13 14:24:19,CW→CC,2025-07-13,,20146,20146
2930,2000187039,Concepcion,Huinca,,,N/A,2025-07-13 16:30:35,2025-07-13 17:15:49,,2025-07-13,sin_combo_factible_en_hub|sin_s2_por_salida,,
2931,2000187077,Laguna Quinenco,Concepcion,,,N/A,2025-07-13 19:20:14,2025-07-13 20:09:05,,2025-07-13,sin_combo_factible_en_hub|sin_s1_factible_retro,,
2932,2000187229,Laguna Quinenco,Cristo Redentor,20180,L2,V1,2025-07-13 19:19:46,2025-07-13 19:26:56,CW→CC,2025-07-13,,20180,20180
2933,2000187523,El Parque,Huinca,20147,L2,V1,2025-07-13 14:43:35,2025-07-13 15:16:41,CC→CW,2025-07-13,,20147,20147
2934,2000187662,Coronel,Concepcion,,,N/A,2025-07-13 12:06:11,2025-07-13 13:06:07,,2025-07-13,sin_combo_factible_en_hub|sin_s1_factible_retro,,
2935,2000187736,Costa Mar,Coronel,20147,L2,V1,2025-07-13 14:40:47,2025-07-13 15:23:36,CC→CW,2025-07-13,,20147,20147
2936,2000187736,Coronel,Costa Mar,20180,L2,V1,2025-07-13 19:18:18,2025-07-13 19:51:53,CW→CC,2025-07-13,,20180,20180
2937,2000188052,Costa Mar,Laguna Quinenco,20151,L2,V1,2025-07-13 15:35:30,2025-07-13 16:12:12,CC→CW,2025-07-13,,20151,20151
2938,2000188140,Laguna Quinenco,Cristo Redentor,20150,L2,V1,2025-07-13 14:44:44,2025-07-13 14:51:11,CW→CC,2025-07-13,,20150,20150
2939,2000188341,Concepcion,Cdal. Raul Silva Henriquez,,,N/A,2025-07-13 17:58:58,2025-07-13 18:53:52,,2025-07-13,sin_combo_factible_en_hub|sin_s2_por_salida,,
2940,2000188526,Chiguayante,Concepcion,20848,L1,V1,2025-07-13 20:33:18,2025-07-13 21:11:04,HQ→TH,2025-07-13,,20848,20848
2941,2000188623,Huinca,Diagonal Bio Bio,20134,L2,V1,2025-07-13 10:31:49,2025-07-13 11:08:50,CW→CC,2025-07-13,,20134,
2942,2000188670,Laguna Quinenco,Diagonal Bio Bio,20138,L2,V1,2025-07-13 11:23:37,2025-07-13 12:04:37,CW→CC,2025-07-13,,20138,20138
2943,2000188681,Concepcion,Higueras,20846,L1,V1,2025-07-13 17:23:34,2025-07-13 17:49:40,HQ→TH,2025-07-13,,20846,20846
2944,2000188950,Hito Galvarino,Concepcion,,,N/A,2025-07-13 16:56:07,2025-07-13 17:35:58,,2025-07-13,sin_combo_factible_en_hub|sin_s1_factible_retro,,
2945,2000189102,Diagonal Bio Bio,Cristo Redentor,20123,L2,V1,2025-07-13 09:19:19,2025-07-13 10:04:49,CC→CW,2025-07-13,,20123,20123
2946,2000189295,Cdal. Raul Silva Henriquez,Diagonal Bio Bio,20172,L2,V1,2025-07-13 18:34:32,2025-07-13 18:55:54,CW→CC,2025-07-13,,20172,20172
2947,2000189312,Costa Mar,Lomas Coloradas,20147,L2,V1,2025-07-13 14:49:22,2025-07-13 15:01:25,CC→CW,2025-07-13,,20147,20147
2948,2000189312,Lomas Coloradas,Costa Mar,20154,L2,V1,2025-07-13 15:57:14,2025-07-13 16:07:35,CW→CC,2025-07-13,,20154,20154
2949,2000189648,Coronel,Concepcion,,,N/A,2025-07-13 08:26:01,2025-07-13 09:29:59,,2025-07-13,sin_combo_factible_en_hub|sin_s1_factible_retro,,
2950,2000189683,Diagonal Bio Bio,Lomas Coloradas,20151,L2,V1,2025-07-13 15:32:22,2025-07-13 15:51:09,CC→CW,2025-07-13,,20151,20151
2951,2000189827,Concepcion,Lomas Coloradas,,,N/A,2025-07-13 14:41:07,2025-07-13 15:33:14,,2025-07-13,sin_combo_factible_en_hub|sin_s2_por_salida,,
2952,2000190006,Laguna Quinenco,Concepcion,,,N/A,2025-07-13 09:30:20,2025-07-13 10:35:48,,2025-07-13,sin_combo_factible_en_hub|sin_s1_factible_retro,,
2953,2000190019,Laguna Quinenco,Concepcion,,,N/A,2025-07-13 13:24:35,2025-07-13 14:38:16,,2025-07-13,sin_combo_factible_en_hub|sin_s1_factible_retro,,
2954,2000190086,Cristo Redentor,Laguna Quinenco,20143,L2,V1,2025-07-13 13:50:37,2025-07-13 13:55:50,CC→CW,2025-07-13,,20143,20143
2955,2000190086,Laguna Quinenco,Cristo Redentor,20160,L2,V1,2025-07-13 16:53:10,2025-07-13 16:57:43,CW→CC,2025-07-13,,20160,20160
2956,2000190086,Cristo Redentor,Laguna Quinenco,20161,L2,V1,2025-07-13 17:38:05,2025-07-13 18:11:30,CC→CW,2025-07-13,,20161,20161
2957,2000190379,Hito Galvarino,Diagonal Bio Bio,20122,L2,V1,2025-07-13 08:54:16,2025-07-13 09:18:49,CW→CC,2025-07-13,,20122,20122
2958,2000190379,Diagonal Bio Bio,Hito Galvarino,20147,L2,V1,2025-07-13 14:42:31,2025-07-13 15:10:41,CC→CW,2025-07-13,,20147,20147
2959,2000190676,El Parque,Diagonal Bio Bio,20172,L2,V1,2025-07-13 18:34:09,2025-07-13 18:55:22,CW→CC,2025-07-13,,20172,20172
2960,2000190902,Lomas Coloradas,Coronel,20135,L2,V1,2025-07-13 11:49:37,2025-07-13 12:13:49,CC→CW,2025-07-13,,20135,20135
2961,2000190902,Coronel,Lomas Coloradas,20146,L2,V1,2025-07-13 13:05:41,2025-07-13 14:13:42,CW→CC,2025-07-13,,20146,20146
2962,2000191012,Cristo Redentor,Hito Galvarino,20122,L2,V1,2025-07-13 08:49:38,2025-07-13 08:57:22,CW→CC,2025-07-13,,20122,
2963,2000191012,Hito Galvarino,Cristo Redentor,20181,L2,V1,2025-07-13 20:13:15,2025-07-13 20:39:52,CC→CW,2025-07-13,,20181,20181
2964,2000191097,Cristo Redentor,Concepcion,,,N/A,2025-07-13 08:45:23,2025-07-13 09:27:53,,2025-07-13,sin_combo_factible_en_hub|sin_s1_factible_retro,,
2965,2000191158,Concepcion,Lomas Coloradas,,,N/A,2025-07-13 17:04:17,2025-07-13 17:44:42,,2025-07-13,sin_combo_factible_en_hub|sin_s2_por_salida,,
2966,2000191158,Lomas Coloradas,Costa Mar,20168,L2,V1,2025-07-13 17:44:50,2025-07-13 18:18:10,CW→CC,2025-07-13,,20168,20168
2967,2000191281,Concepcion,Cdal. Raul Silva Henriquez,,,N/A,2025-07-13 19:28:42,2025-07-13 20:25:24,,2025-07-13,sin_combo_factible_en_hub|sin_s2_por_salida,,
2968,2000191404,Coronel,Costa Mar,20180,L2,V1,2025-07-13 19:14:08,2025-07-13 19:47:55,CW→CC,2025-07-13,,20180,
2969,2000191482,Diagonal Bio Bio,Los Canelos,20135,L2,V1,2025-07-13 11:27:08,2025-07-13 12:03:17,CC→CW,2025-07-13,,20135,20135
2970,2000191675,Cristo Redentor,Diagonal Bio Bio,20134,L2,V1,2025-07-13 10:34:05,2025-07-13 11:08:45,CW→CC,2025-07-13,,20134,
2971,2000191720,Cdal. Raul Silva Henriquez,Laguna Quinenco,20139,L2,V1,2025-07-13 12:19:20,2025-07-13 13:01:06,CC→CW,2025-07-13,,20139,20139
2972,2000191760,Concepcion,Laguna Quinenco,,,N/A,2025-07-13 14:31:05,2025-07-13 15:21:52,,2025-07-13,sin_combo_factible_en_hub|sin_s2_por_salida,,
2973,2000191963,Cristo Redentor,Lomas Coloradas,20146,L2,V1,2025-07-13 13:40:04,2025-07-13 14:13:10,CW→CC,2025-07-13,,20146,20146
2974,2000192096,Cristo Redentor,Diagonal Bio Bio,20154,L2,V1,2025-07-13 15:42:33,2025-07-13 16:13:31,CW→CC,2025-07-13,,20154,20154
2975,2000192134,Concepcion,Los Canelos,,,N/A,2025-07-13 12:56:35,2025-07-13 13:48:57,,2025-07-13,sin_combo_factible_en_hub|sin_s2_por_salida,,
2976,2000192149,Hito Galvarino,Los Canelos,20151,L2,V1,2025-07-13 15:56:00,2025-07-13 16:03:45,CC→CW,2025-07-13,,20151,20151
2977,2000192252,Laguna Quinenco,Costa Mar,20172,L2,V1,2025-07-13 18:16:21,2025-07-13 18:48:37,CW→CC,2025-07-13,,20172,20172
2978,2000192321,Costa Mar,Cdal. Raul Silva Henriquez,20155,L2,V1,2025-07-13 16:56:19,2025-07-13 18:21:39,CC→CW,2025-07-13,,20155,20155
2979,2000192407,Huinca,Laguna Quinenco,20155,L2,V1,2025-07-13 17:08:59,2025-07-13 17:20:20,CC→CW,2025-07-13,,20155,20155
2980,2000192496,Cdal. Raul Silva Henriquez,Los Canelos,20123,L2,V1,2025-07-13 09:40:53,2025-07-13 09:58:14,CC→CW,2025-07-13,,20123,20123
2981,2000192564,Concepcion,Los Canelos,,,N/A,2025-07-13 11:17:21,2025-07-13 12:02:46,,2025-07-13,sin_combo_factible_en_hub|sin_s2_por_salida,,
2982,2000192663,Los Canelos,Costa Mar,20150,L2,V1,2025-07-13 14:40:59,2025-07-13 15:12:47,CW→CC,2025-07-13,,20150,20150
2983,2000192760,Concepcion,Cdal. Raul Silva Henriquez,,,N/A,2025-07-13 16:02:42,2025-07-13 17:03:48,,2025-07-13,sin_combo_factible_en_hub|sin_s2_por_salida,,
2984,2000192828,Laguna Quinenco,Cdal. Raul Silva Henriquez,20130,L2,V1,2025-07-13 09:48:40,2025-07-13 10:11:57,CW→CC,2025-07-13,,20130,20130
2985,2000192828,El Parque,Laguna Quinenco,20139,L2,V1,2025-07-13 12:23:18,2025-07-13 13:01:58,CC→CW,2025-07-13,,20139,20139
2986,2000192898,Cristo Redentor,Concepcion,,,N/A,2025-07-13 12:20:45,2025-07-13 13:05:18,,2025-07-13,sin_combo_factible_en_hub|sin_s1_factible_retro,,
2987,2000193012,Cristo Redentor,Concepcion,,,N/A,2025-07-13 16:21:11,2025-07-13 17:37:55,,2025-07-13,sin_combo_factible_en_hub|sin_s1_factible_retro,,
2988,2000193041,Concepcion,Coronel,,,N/A,2025-07-13 14:27:34,2025-07-13 15:23:00,,2025-07-13,sin_combo_factible_en_hub|sin_s2_por_salida,,
2989,2000193049,Costa Mar,El Parque,20123,L2,V1,2025-07-13 09:20:04,2025-07-13 09:44:26,CC→CW,2025-07-13,,20123,20123
2990,2000193148,Lzo. Arenas,Los Condores,20844,L1,V1,2025-07-13 12:55:15,2025-07-13 13:05:28,HQ→TH,2025-07-13,,20844,20844
2991,2000193148,Los Condores,Lzo. Arenas,20847,L1,V1,2025-07-13 20:06:42,2025-07-13 20:21:38,TH→HQ,2025-07-13,,20847,20847
2992,2000193200,Los Canelos,Lomas Coloradas,20168,L2,V1,2025-07-13 17:34:52,2025-07-13 18:13:47,CW→CC,2025-07-13,,20168,20168
2993,2000193229,Cdal. Raul Silva Henriquez,Diagonal Bio Bio,20134,L2,V1,2025-07-13 10:53:09,2025-07-13 11:08:12,CW→CC,2025-07-13,,20134,
2994,2000193269,El Parque,Coronel,20135,L2,V1,2025-07-13 11:45:33,2025-07-13 12:13:36,CC→CW,2025-07-13,,20135,20135
2995,2000193281,Cristo Redentor,Concepcion,,,N/A,2025-07-13 17:47:22,2025-07-13 18:35:09,,2025-07-13,sin_combo_factible_en_hub|sin_s1_factible_retro,,
2996,2000193402,Lomas Coloradas,Laguna Quinenco,20131,L2,V1,2025-07-13 10:51:12,2025-07-13 11:21:10,CC→CW,2025-07-13,,20131,20131
2997,2000193402,Laguna Quinenco,Lomas Coloradas,20154,L2,V1,2025-07-13 15:25:10,2025-07-13 16:02:31,CW→CC,2025-07-13,,20154,20154
2998,2000193718,Huinca,Diagonal Bio Bio,20160,L2,V1,2025-07-13 16:20:42,2025-07-13 17:23:51,CW→CC,2025-07-13,,20160,20160
2999,2000193718,Diagonal Bio Bio,Huinca,20173,L2,V1,2025-07-13 19:01:16,2025-07-13 19:35:02,CC→CW,2025-07-13,,20173,20173
3000,2000194087,Concepcion,Pedro Medina,20847,L1,V1,2025-07-13 20:19:14,2025-07-13 20:43:01,TH→HQ,2025-07-13,,20847,20847
3001,2000194249,Concepcion,Hualqui,20859,L1,V1,2025-07-13 12:09:33,2025-07-13 13:28:30,TH→HQ,2025-07-13,,20859,20859
3002,2000194255,Los Canelos,Lomas Coloradas,20172,L2,V1,2025-07-13 18:12:26,2025-07-13 19:21:07,CW→CC,2025-07-13,,20172,20172
3003,2000194269,El Arenal,Concepcion,20859,L1,V1,2025-07-13 12:18:03,2025-07-13 12:55:06,TH→HQ,2025-07-13,,20859,20859
3004,2000194269,Concepcion,El Arenal,,,N/A,2025-07-13 15:14:11,2025-07-13 17:54:08,,2025-07-13,sin_combo_factible_en_hub|sin_s1_factible_retro,,
3005,2000194271,Diagonal Bio Bio,Los Canelos,20135,L2,V1,2025-07-13 11:26:03,2025-07-13 12:03:31,CC→CW,2025-07-13,,20135,20135
3006,2000194409,Concepcion,La Leonera,20845,L1,V1,2025-07-13 16:13:59,2025-07-13 16:49:39,TH→HQ,2025-07-13,,20845,20845
3007,2000194468,Concepcion,Concepcion,,,N/A,2025-07-13 13:12:55,2025-07-13 13:16:52,,2025-07-13,no viajo,,
3008,2000194473,Concepcion,Laguna Quinenco,,,N/A,2025-07-13 12:09:54,2025-07-13 13:01:18,,2025-07-13,sin_combo_factible_en_hub|sin_s2_por_salida,,
3009,2000194710,Cristo Redentor,Cdal. Raul Silva Henriquez,20172,L2,V1,2025-07-13 18:16:47,2025-07-13 18:41:02,CW→CC,2025-07-13,,20172,20172
3010,2000194903,Chiguayante,Mercado,20846,L1,V1,2025-07-13 17:14:37,2025-07-13 17:58:10,HQ→TH,2025-07-13,,20846,20846
3011,2000194903,Mercado,Chiguayante,20847,L1,V1,2025-07-13 19:36:16,2025-07-13 20:40:46,TH→HQ,2025-07-13,,20847,20847
3012,2000195870,Coronel,Alborada,20150,L2,V1,2025-07-13 14:39:31,2025-07-13 15:16:06,CW→CC,2025-07-13,,20150,20150
3013,2000195931,Huinca,Coronel,20143,L2,V1,2025-07-13 13:49:28,2025-07-13 13:58:13,CC→CW,2025-07-13,,20143,20143
3014,2000196044,El Parque,Costa Mar,20160,L2,V1,2025-07-13 16:18:41,2025-07-13 17:18:38,CW→CC,2025-07-13,,20160,20160
3015,2000196150,Cristo Redentor,Concepcion,,,N/A,2025-07-13 18:18:38,2025-07-13 19:16:26,,2025-07-13,sin_combo_factible_en_hub|sin_s1_factible_retro,,
3016,2000196333,Diagonal Bio Bio,Coronel,20181,L2,V1,2025-07-13 19:23:10,2025-07-13 20:45:22,CC→CW,2025-07-13,,20181,20181
3017,2000196426,La Leonera,Mercado,20850,L1,V1,2025-07-13 09:21:04,2025-07-13 10:24:24,HQ→TH,2025-07-13,,20850,20850
3018,2000196452,Diagonal Bio Bio,Hito Galvarino,20143,L2,V1,2025-07-13 13:14:30,2025-07-13 13:44:00,CC→CW,2025-07-13,,20143,20143
3019,2000196492,Pedro Medina,Concepcion,20844,L1,V1,2025-07-13 12:09:39,2025-07-13 12:52:10,HQ→TH,2025-07-13,,20844,20844
3020,2000196492,Concepcion,Pedro Medina,20845,L1,V1,2025-07-13 16:19:54,2025-07-13 16:44:18,TH→HQ,2025-07-13,,20845,20845
3021,2000196571,Lomas Coloradas,Huinca,20173,L2,V1,2025-07-13 19:18:00,2025-07-13 19:35:48,CC→CW,2025-07-13,,20173,20173
3022,2000196799,Concepcion,Laguna Quinenco,,,N/A,2025-07-13 16:38:03,2025-07-13 18:10:23,,2025-07-13,sin_combo_factible_en_hub|sin_s2_por_salida,,
3023,2000197105,Diagonal Bio Bio,Coronel,20169,L2,V1,2025-07-13 18:38:44,2025-07-13 19:13:28,CC→CW,2025-07-13,,20169,20169
3024,2000197476,Cristo Redentor,Concepcion,,,N/A,2025-07-13 10:37:23,2025-07-13 11:24:43,,2025-07-13,sin_combo_factible_en_hub|sin_s1_factible_retro,,
3025,2000197476,Concepcion,Coronel,,,N/A,2025-07-13 19:23:23,2025-07-13 20:45:33,,2025-07-13,sin_combo_factible_en_hub|sin_s2_por_salida,,
3026,2000197500,Diagonal Bio Bio,Coronel,20181,L2,V1,2025-07-13 20:09:03,2025-07-13 20:44:51,CC→CW,2025-07-13,,20181,20181
3027,2000197642,Los Canelos,Hito Galvarino,20160,L2,V1,2025-07-13 17:00:00,2025-07-13 17:04:47,CW→CC,2025-07-13,,20160,20160
3028,2000197730,Laguna Quinenco,Cristo Redentor,20172,L2,V1,2025-07-13 18:17:42,2025-07-13 18:27:58,CW→CC,2025-07-13,,20172,20172
3029,2000197785,Cristo Redentor,Costa Mar,20154,L2,V1,2025-07-13 15:34:07,2025-07-13 16:07:26,CW→CC,2025-07-13,,20154,20154
3030,2000197838,Los Canelos,Diagonal Bio Bio,20130,L2,V1,2025-07-13 09:57:16,2025-07-13 10:24:06,CW→CC,2025-07-13,,20130,
3031,2000197838,Cdal. Raul Silva Henriquez,Los Canelos,20169,L2,V1,2025-07-13 18:44:49,2025-07-13 19:03:32,CC→CW,2025-07-13,,20169,20169
3032,2000197899,Concepcion,Cdal. Raul Silva Henriquez,,,N/A,2025-07-13 19:48:01,2025-07-13 20:24:53,,2025-07-13,sin_combo_factible_en_hub|sin_s2_por_salida,,
3033,2000197910,Laguna Quinenco,Cristo Redentor,20180,L2,V1,2025-07-13 18:49:17,2025-07-13 19:27:21,CW→CC,2025-07-13,,20180,20180
3034,2000197986,Cdal. Raul Silva Henriquez,Huinca,20123,L2,V1,2025-07-13 09:40:59,2025-07-13 10:00:20,CC→CW,2025-07-13,,20123,20123
3035,2000198079,Mercado,Cristo Redentor,,,N/A,2025-07-13 15:58:13,2025-07-13 17:17:05,,2025-07-13,sin_combo_factible_en_hub|sin_s2_por_salida,,
3036,2000198106,Los Canelos,Alborada,20154,L2,V1,2025-07-13 15:40:30,2025-07-13 16:10:01,CW→CC,2025-07-13,,20154,20154
3037,2000198272,Lomas Coloradas,Laguna Quinenco,20131,L2,V1,2025-07-13 10:51:16,2025-07-13 11:21:27,CC→CW,2025-07-13,,20131,20131
3038,2000198272,Laguna Quinenco,Lomas Coloradas,20154,L2,V1,2025-07-13 15:25:16,2025-07-13 16:02:36,CW→CC,2025-07-13,,20154,20154
3039,2000198300,Concepcion,Concepcion,,,N/A,2025-07-13 10:34:16,2025-07-13 10:36:29,,2025-07-13,no viajo,,
3040,2000198305,Diagonal Bio Bio,Los Canelos,20135,L2,V1,2025-07-13 11:02:52,2025-07-13 12:04:00,CC→CW,2025-07-13,,20135,20135
3041,2000198305,Los Canelos,Diagonal Bio Bio,20160,L2,V1,2025-07-13 16:22:23,2025-07-13 17:25:04,CW→CC,2025-07-13,,20160,20160
3042,2000198383,Costa Mar,Laguna Quinenco,20131,L2,V1,2025-07-13 10:35:38,2025-07-13 11:20:17,CC→CW,2025-07-13,,20131,20131
3043,2000198384,Costa Mar,Laguna Quinenco,20131,L2,V1,2025-07-13 10:20:24,2025-07-13 11:20:14,CC→CW,2025-07-13,,20131,20131
3044,2000198387,Diagonal Bio Bio,Costa Mar,20181,L2,V1,2025-07-13 19:30:52,2025-07-13 20:16:57,CC→CW,2025-07-13,,20181,20181
3045,2000198399,Costa Mar,Cdal. Raul Silva Henriquez,20143,L2,V1,2025-07-13 13:26:57,2025-07-13 13:39:30,CC→CW,2025-07-13,,20143,20143
3046,2000198496,Costa Mar,Cdal. Raul Silva Henriquez,20155,L2,V1,2025-07-13 16:56:59,2025-07-13 18:21:39,CC→CW,2025-07-13,,20155,20155
3047,2000198500,Laguna Quinenco,Lomas Coloradas,20160,L2,V1,2025-07-13 16:51:22,2025-07-13 17:12:22,CW→CC,2025-07-13,,20160,20160
3048,2000198553,Los Canelos,Lomas Coloradas,20168,L2,V1,2025-07-13 17:34:57,2025-07-13 18:13:40,CW→CC,2025-07-13,,20168,20168
3049,2000198776,Costa Mar,Coronel,20181,L2,V1,2025-07-13 20:12:04,2025-07-13 20:45:38,CC→CW,2025-07-13,,20181,20181
3050,2000198777,Huinca,Diagonal Bio Bio,20150,L2,V1,2025-07-13 14:50:09,2025-07-13 15:18:14,CW→CC,2025-07-13,,20150,20150
3051,2000198777,Diagonal Bio Bio,Huinca,20151,L2,V1,2025-07-13 15:36:46,2025-07-13 16:05:45,CC→CW,2025-07-13,,20151,20151
3052,2000198785,Huinca,El Parque,20130,L2,V1,2025-07-13 09:57:20,2025-07-13 10:17:11,CW→CC,2025-07-13,,20130,20130
3053,2000198788,Lomas Coloradas,Coronel,20151,L2,V1,2025-07-13 15:47:12,2025-07-13 16:13:31,CC→CW,2025-07-13,,20151,20151
3054,2000198791,Coronel,Cdal. Raul Silva Henriquez,20134,L2,V1,2025-07-13 10:21:10,2025-07-13 10:54:57,CW→CC,2025-07-13,,20134,20134
3055,2000198974,Costa Mar,Los Canelos,20131,L2,V1,2025-07-13 10:46:22,2025-07-13 11:13:04,CC→CW,2025-07-13,,20131,20131
3056,2000198974,Los Canelos,Costa Mar,20180,L2,V1,2025-07-13 19:10:33,2025-07-13 19:48:15,CW→CC,2025-07-13,,20180,20180
3057,2000198990,El Parque,Coronel,20139,L2,V1,2025-07-13 12:30:57,2025-07-13 13:05:05,CC→CW,2025-07-13,,20139,20139
3058,2000199174,Concepcion,Coronel,,,N/A,2025-07-13 18:14:21,2025-07-13 19:13:43,,2025-07-13,sin_combo_factible_en_hub|sin_s2_por_salida,,
3059,2000199321,Alborada,Diagonal Bio Bio,20150,L2,V1,2025-07-13 15:12:48,2025-07-13 15:20:18,CW→CC,2025-07-13,,20150,20150
3060,2000199476,Huinca,Laguna Quinenco,20151,L2,V1,2025-07-13 16:03:27,2025-07-13 16:10:24,CC→CW,2025-07-13,,20151,20151
3061,2000199495,Concepcion,Los Canelos,,,N/A,2025-07-13 17:19:42,2025-07-13 18:03:14,,2025-07-13,sin_combo_factible_en_hub|sin_s2_por_salida,,
3062,2000199582,El Arenal,Pedro Medina,20847,L1,V1,2025-07-13 19:58:12,2025-07-13 20:42:52,TH→HQ,2025-07-13,,20847,20847
3063,2000199644,Diagonal Bio Bio,Lomas Coloradas,20135,L2,V1,2025-07-13 11:34:24,2025-07-13 11:50:21,CC→CW,2025-07-13,,20135,20135
3064,2000199651,Laguna Quinenco,Diagonal Bio Bio,20160,L2,V1,2025-07-13 16:51:36,2025-07-13 17:24:44,CW→CC,2025-07-13,,20160,20160
3065,2000199881,Cristo Redentor,Concepcion,,,N/A,2025-07-13 08:25:35,2025-07-13 09:33:33,,2025-07-13,sin_combo_factible_en_hub|sin_s1_factible_retro,,
3066,2000199946,Coronel,Concepcion,,,N/A,2025-07-13 18:06:10,2025-07-13 19:16:04,,2025-07-13,sin_combo_factible_en_hub|sin_s1_factible_retro,,
3067,2000200388,El Arenal,Laguna Quinenco,,,N/A,2025-07-13 15:53:52,2025-07-13 17:20:41,,2025-07-13,sin_combo_factible_en_hub|sin_s2_por_salida,,
3068,2000200542,Cdal. Raul Silva Henriquez,Los Canelos,20173,L2,V1,2025-07-13 19:18:23,2025-07-13 19:33:32,CC→CW,2025-07-13,,20173,20173
3069,2000200640,Los Canelos,Hito Galvarino,20160,L2,V1,2025-07-13 16:59:58,2025-07-13 17:04:45,CW→CC,2025-07-13,,20160,20160
3070,2000200715,Concepcion,Los Canelos,,,N/A,2025-07-13 16:29:25,2025-07-13 17:12:53,,2025-07-13,sin_combo_factible_en_hub|sin_s2_por_salida,,
3071,2000200762,Los Canelos,Diagonal Bio Bio,20172,L2,V1,2025-07-13 18:28:30,2025-07-13 18:54:16,CW→CC,2025-07-13,,20172,20172
3072,2000200775,Los Canelos,Diagonal Bio Bio,20154,L2,V1,2025-07-13 15:19:29,2025-07-13 16:15:12,CW→CC,2025-07-13,,20154,20154
3073,2000200775,Costa Mar,Huinca,20161,L2,V1,2025-07-13 17:31:59,2025-07-13 18:06:10,CC→CW,2025-07-13,,20161,20161
3074,2000200791,Los Canelos,Concepcion,,,N/A,2025-07-13 13:37:58,2025-07-13 14:38:57,,2025-07-13,sin_combo_factible_en_hub|sin_s1_factible_retro,,
3075,2000200792,Los Canelos,Concepcion,,,N/A,2025-07-13 13:37:58,2025-07-13 14:38:51,,2025-07-13,sin_combo_factible_en_hub|sin_s1_factible_retro,,
3076,2000200826,Los Canelos,Coronel,20151,L2,V1,2025-07-13 15:59:14,2025-07-13 16:14:38,CC→CW,2025-07-13,,20151,20151
3077,2000200826,Coronel,Los Canelos,20160,L2,V1,2025-07-13 16:45:25,2025-07-13 17:01:49,CW→CC,2025-07-13,,20160,20160
3078,2000200837,Laguna Quinenco,Los Canelos,20146,L2,V1,2025-07-13 13:50:36,2025-07-13 15:14:11,CW→CC,2025-07-13,,20146,20146
3079,2000200918,Cristo Redentor,Diagonal Bio Bio,20130,L2,V1,2025-07-13 09:46:42,2025-07-13 10:24:33,CW→CC,2025-07-13,,20130,
3080,2000201155,Concepcion,Hualqui,20859,L1,V1,2025-07-13 12:43:42,2025-07-13 13:29:15,TH→HQ,2025-07-13,,20859,20859
3081,2000201155,Hualqui,Concepcion,20846,L1,V1,2025-07-13 16:56:05,2025-07-13 17:36:40,HQ→TH,2025-07-13,,20846,20846
3082,2000201609,Laguna Quinenco,Cristo Redentor,20150,L2,V1,2025-07-13 14:47:11,2025-07-13 14:52:13,CW→CC,2025-07-13,,20150,20150
3083,2000201609,Cristo Redentor,Laguna Quinenco,20173,L2,V1,2025-07-13 19:36:12,2025-07-13 19:42:49,CC→CW,2025-07-13,,20173,20173
3084,2000201759,Diagonal Bio Bio,Cristo Redentor,20155,L2,V1,2025-07-13 16:48:00,2025-07-13 17:17:30,CC→CW,2025-07-13,,20155,20155
3085,2000201944,Costa Mar,Los Canelos,20143,L2,V1,2025-07-13 13:01:31,2025-07-13 13:49:08,CC→CW,2025-07-13,,20143,20143
3086,2000202040,Laguna Quinenco,El Parque,20122,L2,V1,2025-07-13 08:39:34,2025-07-13 09:10:05,CW→CC,2025-07-13,,20122,20122
3087,2000202040,El Parque,Laguna Quinenco,20181,L2,V1,2025-07-13 20:09:45,2025-07-13 20:42:07,CC→CW,2025-07-13,,20181,20181
3088,2000202157,Costa Mar,Coronel,20139,L2,V1,2025-07-13 12:16:34,2025-07-13 13:05:16,CC→CW,2025-07-13,,20139,20139
3089,2000202157,Coronel,Costa Mar,20150,L2,V1,2025-07-13 14:16:28,2025-07-13 15:13:30,CW→CC,2025-07-13,,20150,20150
3090,2000202160,Coronel,Laguna Quinenco,20160,L2,V1,2025-07-13 16:35:13,2025-07-13 16:54:35,CW→CC,2025-07-13,,20160,20160
3091,2000202160,Laguna Quinenco,Coronel,20173,L2,V1,2025-07-13 19:38:24,2025-07-13 19:43:57,CC→CW,2025-07-13,,20173,20173
3092,2000202501,Lomas Coloradas,Diagonal Bio Bio,20150,L2,V1,2025-07-13 14:56:10,2025-07-13 15:19:12,CW→CC,2025-07-13,,20150,20150
3093,2000202501,Concepcion,Lomas Coloradas,,,N/A,2025-07-13 16:14:02,2025-07-13 16:54:53,,2025-07-13,sin_combo_factible_en_hub|sin_s2_por_salida,,
3094,2000202613,Cristo Redentor,Cdal. Raul Silva Henriquez,20154,L2,V1,2025-07-13 15:35:40,2025-07-13 15:59:39,CW→CC,2025-07-13,,20154,20154
3095,2000203017,Cristo Redentor,Concepcion,,,N/A,2025-07-13 15:29:51,2025-07-13 16:30:46,,2025-07-13,sin_combo_factible_en_hub|sin_s1_factible_retro,,
3096,2000203102,El Parque,Huinca,20173,L2,V1,2025-07-13 19:11:28,2025-07-13 19:34:58,CC→CW,2025-07-13,,20173,20173
3097,2000203187,Laguna Quinenco,El Parque,20122,L2,V1,2025-07-13 08:41:35,2025-07-13 09:10:05,CW→CC,2025-07-13,,20122,20122
3098,2000203187,El Parque,Laguna Quinenco,20181,L2,V1,2025-07-13 20:09:45,2025-07-13 20:42:11,CC→CW,2025-07-13,,20181,20181
3099,2000203197,Laguna Quinenco,Concepcion,,,N/A,2025-07-13 12:08:28,2025-07-13 13:05:36,,2025-07-13,sin_combo_factible_en_hub|sin_s1_factible_retro,,
3100,2000203205,Los Canelos,Manquimavida,,,N/A,2025-07-13 19:13:50,2025-07-13 20:46:33,,2025-07-13,sin_combo_factible_en_hub|sin_s1_factible_retro,,
3101,2000203366,Coronel,Diagonal Bio Bio,20146,L2,V1,2025-07-13 13:46:30,2025-07-13 14:27:32,CW→CC,2025-07-13,,20146,20146
3102,2000203371,Lomas Coloradas,El Parque,20172,L2,V1,2025-07-13 18:38:04,2025-07-13 18:45:54,CW→CC,2025-07-13,,20172,20172
3103,2000203494,Concepcion,Chiguayante,20847,L1,V1,2025-07-13 20:25:21,2025-07-13 20:40:36,TH→HQ,2025-07-13,,20847,20847
3104,2000203653,Diagonal Bio Bio,Lomas Coloradas,20143,L2,V1,2025-07-13 13:10:12,2025-07-13 13:35:42,CC→CW,2025-07-13,,20143,20143
3105,2000204555,Los Canelos,Diagonal Bio Bio,20138,L2,V1,2025-07-13 11:36:01,2025-07-13 12:03:59,CW→CC,2025-07-13,,20138,20138
3106,2000204555,Diagonal Bio Bio,Los Canelos,20151,L2,V1,2025-07-13 15:23:19,2025-07-13 16:04:56,CC→CW,2025-07-13,,20151,20151
3107,2000204624,Concepcion,Concepcion,,,N/A,2025-07-13 17:13:13,2025-07-13 17:14:38,,2025-07-13,no viajo,,
3108,2000204629,Coronel,Concepcion,,,N/A,2025-07-13 17:58:42,2025-07-13 19:16:04,,2025-07-13,sin_combo_factible_en_hub|sin_s1_factible_retro,,
3109,2000204670,Concepcion,Hualqui,20859,L1,V1,2025-07-13 12:47:43,2025-07-13 13:28:34,TH→HQ,2025-07-13,,20859,20859
3110,2040066168,Huinca,Concepcion,,,N/A,2025-07-13 17:28:29,2025-07-13 18:36:51,,2025-07-13,sin_combo_factible_en_hub|sin_s1_factible_retro,,
3111,2040088074,Concepcion,Cristo Redentor,,,N/A,2025-07-13 18:27:28,2025-07-13 19:38:25,,2025-07-13,sin_combo_factible_en_hub|sin_s2_por_salida,,
3112,2040088077,La Leonera,Concepcion,20850,L1,V1,2025-07-13 09:35:15,2025-07-13 09:59:51,HQ→TH,2025-07-13,,20850,20850
3113,2040088159,Lomas Coloradas,Concepcion,,,N/A,2025-07-13 08:46:59,2025-07-13 09:29:34,,2025-07-13,sin_combo_factible_en_hub|sin_s1_factible_retro,,
3114,2040088190,Cristo Redentor,Concepcion,,,N/A,2025-07-13 11:30:50,2025-07-13 12:18:14,,2025-07-13,sin_combo_factible_en_hub|sin_s1_factible_retro,,
3115,2040088190,Concepcion,Cristo Redentor,,,N/A,2025-07-13 16:25:39,2025-07-13 17:17:44,,2025-07-13,sin_combo_factible_en_hub|sin_s2_por_salida,,
3116,2040088237,El Parque,Cristo Redentor,20147,L2,V1,2025-07-13 14:37:19,2025-07-13 15:18:45,CC→CW,2025-07-13,,20147,20147
3117,2040088428,Diagonal Bio Bio,Huinca,20147,L2,V1,2025-07-13 14:37:35,2025-07-13 15:16:17,CC→CW,2025-07-13,,20147,20147
3118,2040088433,El Parque,Huinca,20181,L2,V1,2025-07-13 20:14:13,2025-07-13 20:37:48,CC→CW,2025-07-13,,20181,20181
3119,2040088472,Diagonal Bio Bio,Laguna Quinenco,20123,L2,V1,2025-07-13 09:30:23,2025-07-13 10:05:13,CC→CW,2025-07-13,,20123,20123
3120,2040088698,Cdal. Raul Silva Henriquez,Diagonal Bio Bio,20146,L2,V1,2025-07-13 13:58:19,2025-07-13 14:24:50,CW→CC,2025-07-13,,20146,20146
3121,2040088915,Cristo Redentor,Concepcion,,,N/A,2025-07-13 09:55:36,2025-07-13 10:33:30,,2025-07-13,sin_combo_factible_en_hub|sin_s1_factible_retro,,
3122,2040088915,El Parque,Cristo Redentor,20155,L2,V1,2025-07-13 16:53:39,2025-07-13 17:17:01,CC→CW,2025-07-13,,20155,20155
3123,2040089137,Cdal. Raul Silva Henriquez,Coronel,20169,L2,V1,2025-07-13 18:52:47,2025-07-13 19:16:46,CC→CW,2025-07-13,,20169,20169
3124,2040089268,Laguna Quinenco,Cdal. Raul Silva Henriquez,20168,L2,V1,2025-07-13 17:43:04,2025-07-13 18:10:32,CW→CC,2025-07-13,,20168,20168
3125,2040089268,Cdal. Raul Silva Henriquez,Cristo Redentor,20169,L2,V1,2025-07-13 18:40:46,2025-07-13 19:06:02,CC→CW,2025-07-13,,20169,
3126,2040089276,Cristo Redentor,Cdal. Raul Silva Henriquez,20130,L2,V1,2025-07-13 09:46:33,2025-07-13 10:09:39,CW→CC,2025-07-13,,20130,
3127,2040089510,Costa Mar,Cdal. Raul Silva Henriquez,20181,L2,V1,2025-07-13 19:24:52,2025-07-13 20:25:42,CC→CW,2025-07-13,,20181,20181
3128,2040089650,Cristo Redentor,Concepcion,,,N/A,2025-07-13 12:10:54,2025-07-13 13:05:42,,2025-07-13,sin_combo_factible_en_hub|sin_s1_factible_retro,,
3129,2040089789,Lomas Coloradas,Coronel,20147,L2,V1,2025-07-13 14:58:25,2025-07-13 15:23:10,CC→CW,2025-07-13,,20147,20147
3130,2040089789,Cristo Redentor,Lomas Coloradas,20180,L2,V1,2025-07-13 19:11:43,2025-07-13 19:42:17,CW→CC,2025-07-13,,20180,
3131,2040089978,Los Canelos,Diagonal Bio Bio,20146,L2,V1,2025-07-13 13:47:58,2025-07-13 14:24:59,CW→CC,2025-07-13,,20146,20146
3132,2040092106,Lomas Coloradas,Concepcion,,,N/A,2025-07-13 10:04:23,2025-07-13 10:36:09,,2025-07-13,sin_combo_factible_en_hub|sin_s1_factible_retro,,
3133,2040092162,Cristo Redentor,Cdal. Raul Silva Henriquez,20140,L2,V1,2025-07-13 12:18:30,2025-07-13 16:58:51,CW→CC,2025-07-13,,20140,20140
3134,2040092162,Cdal. Raul Silva Henriquez,Cristo Redentor,20155,L2,V1,2025-07-13 16:58:57,2025-07-13 17:17:50,CC→CW,2025-07-13,,20155,20155
3135,2040092216,Concepcion,Huinca,,,N/A,2025-07-13 14:23:09,2025-07-13 15:17:06,,2025-07-13,sin_combo_factible_en_hub|sin_s2_por_salida,,
3136,2040092236,Huinca,Concepcion,,,N/A,2025-07-13 12:16:48,2025-07-13 13:04:01,,2025-07-13,sin_combo_factible_en_hub|sin_s1_factible_retro,,
3137,2040092236,Concepcion,Huinca,,,N/A,2025-07-13 17:19:36,2025-07-13 18:06:38,,2025-07-13,sin_combo_factible_en_hub|sin_s2_por_salida,,
3138,2040092617,Lomas Coloradas,Coronel,20147,L2,V1,2025-07-13 14:59:21,2025-07-13 15:23:07,CC→CW,2025-07-13,,20147,20147
3139,2040092617,Cristo Redentor,Lomas Coloradas,20180,L2,V1,2025-07-13 19:13:59,2025-07-13 19:42:10,CW→CC,2025-07-13,,20180,
3140,2040092795,Huinca,El Parque,20160,L2,V1,2025-07-13 16:55:49,2025-07-13 17:15:03,CW→CC,2025-07-13,,20160,20160
3141,2040092795,El Parque,Laguna Quinenco,20161,L2,V1,2025-07-13 17:47:24,2025-07-13 18:10:25,CC→CW,2025-07-13,,20161,20161
3142,2040093055,Hualqui,Concepcion,20844,L1,V1,2025-07-13 12:03:16,2025-07-13 12:51:33,HQ→TH,2025-07-13,,20844,20844
3143,2040093196,Diagonal Bio Bio,El Parque,20135,L2,V1,2025-07-13 11:38:33,2025-07-13 11:49:23,CC→CW,2025-07-13,,20135,20135
3144,2040093196,El Parque,Lomas Coloradas,20173,L2,V1,2025-07-13 19:12:21,2025-07-13 19:21:31,CC→CW,2025-07-13,,20173,20173
3145,2040093377,Concepcion,Cristo Redentor,,,N/A,2025-07-13 14:30:57,2025-07-13 15:16:12,,2025-07-13,sin_combo_factible_en_hub|sin_s2_por_salida,,
3146,2040093666,Cdal. Raul Silva Henriquez,Lomas Coloradas,20130,L2,V1,2025-07-13 09:50:22,2025-07-13 10:14:20,CW→CC,2025-07-13,,20130,20130
3147,2040093666,Diagonal Bio Bio,Cdal. Raul Silva Henriquez,20143,L2,V1,2025-07-13 12:56:31,2025-07-13 13:39:18,CC→CW,2025-07-13,,20143,20143
3148,2040093888,Cristo Redentor,Laguna Quinenco,20143,L2,V1,2025-07-13 13:44:53,2025-07-13 13:55:57,CC→CW,2025-07-13,,20143,20143
3149,2040093888,Laguna Quinenco,Los Canelos,20154,L2,V1,2025-07-13 15:23:14,2025-07-13 15:49:57,CW→CC,2025-07-13,,20154,20154
3150,2040102166,Cristo Redentor,Laguna Quinenco,20151,L2,V1,2025-07-13 16:03:48,2025-07-13 16:11:32,CC→CW,2025-07-13,,20151,20151
3151,2040102252,Los Condores,Concepcion,20845,L1,V1,2025-07-13 16:10:55,2025-07-13 17:20:38,TH→HQ,2025-07-13,,20845,20845
3152,2040102319,Costa Mar,Cdal. Raul Silva Henriquez,20155,L2,V1,2025-07-13 16:52:56,2025-07-13 17:03:32,CC→CW,2025-07-13,,20155,20155
3153,2040102704,Los Canelos,Laguna Quinenco,20139,L2,V1,2025-07-13 12:51:36,2025-07-13 13:01:04,CC→CW,2025-07-13,,20139,20139
3154,2040102704,Laguna Quinenco,Los Canelos,20160,L2,V1,2025-07-13 16:42:51,2025-07-13 17:00:44,CW→CC,2025-07-13,,20160,20160
3155,2040103175,Cdal. Raul Silva Henriquez,Lomas Coloradas,20172,L2,V1,2025-07-13 18:37:03,2025-07-13 18:42:41,CW→CC,2025-07-13,,20172,20172
3156,2040103379,Lomas Coloradas,Los Canelos,20181,L2,V1,2025-07-13 20:05:15,2025-07-13 20:35:15,CC→CW,2025-07-13,,20181,20181
3157,2040103569,Concepcion,Concepcion,,,N/A,2025-07-13 13:12:15,2025-07-13 13:12:30,,2025-07-13,no viajo,,
3158,2040136232,Lomas Coloradas,Laguna Quinenco,20123,L2,V1,2025-07-13 09:35:11,2025-07-13 10:05:38,CC→CW,2025-07-13,,20123,20123
3159,2040136364,Coronel,Concepcion,,,N/A,2025-07-13 15:33:27,2025-07-13 16:32:53,,2025-07-13,sin_combo_factible_en_hub|sin_s1_factible_retro,,
3160,2040136553,Diagonal Bio Bio,Lomas Coloradas,20147,L2,V1,2025-07-13 14:43:43,2025-07-13 15:01:16,CC→CW,2025-07-13,,20147,20147
3161,2040136553,Lomas Coloradas,Diagonal Bio Bio,20168,L2,V1,2025-07-13 17:57:41,2025-07-13 18:24:28,CW→CC,2025-07-13,,20168,20168
3162,2040136777,Diagonal Bio Bio,Coronel,20181,L2,V1,2025-07-13 20:03:32,2025-07-13 20:44:44,CC→CW,2025-07-13,,20181,20181
3163,2040136805,Cdal. Raul Silva Henriquez,Laguna Quinenco,20123,L2,V1,2025-07-13 09:35:58,2025-07-13 10:05:22,CC→CW,2025-07-13,,20123,20123
3164,2040136865,Mercado,Manquimavida,20859,L1,V1,2025-07-13 12:24:46,2025-07-13 13:14:24,TH→HQ,2025-07-13,,20859,20859
3165,2040137329,Cristo Redentor,Diagonal Bio Bio,20130,L2,V1,2025-07-13 09:53:56,2025-07-13 10:23:42,CW→CC,2025-07-13,,20130,
3166,2040137361,Costa Mar,Diagonal Bio Bio,20140,L2,V1,2025-07-13 12:44:04,2025-07-13 12:55:32,CW→CC,2025-07-13,,20140,20140
3167,2040137559,La Leonera,Concepcion,20848,L1,V1,2025-07-13 20:51:04,2025-07-13 21:34:51,HQ→TH,2025-07-13,combo_relajado_pase1,20848,20848
3168,2040137701,Concepcion,Cdal. Raul Silva Henriquez,,,N/A,2025-07-13 19:28:42,2025-07-13 20:25:17,,2025-07-13,sin_combo_factible_en_hub|sin_s2_por_salida,,
3169,2040137708,Manquimavida,UTF Santa Maria,20850,L1,V1,2025-07-13 09:40:27,2025-07-13 10:09:46,HQ→TH,2025-07-13,,20850,20850
3170,2040137708,UTF Santa Maria,Manquimavida,20847,L1,V1,2025-07-13 20:05:48,2025-07-13 20:45:46,TH→HQ,2025-07-13,,20847,20847
3171,2040137753,Hito Galvarino,Alborada,20154,L2,V1,2025-07-13 15:51:14,2025-07-13 16:10:41,CW→CC,2025-07-13,,20154,20154
3172,2040140158,Lomas Coloradas,Diagonal Bio Bio,20146,L2,V1,2025-07-13 13:51:32,2025-07-13 14:23:24,CW→CC,2025-07-13,,20146,20146
3173,2040140349,Cristo Redentor,Diagonal Bio Bio,20122,L2,V1,2025-07-13 08:49:45,2025-07-13 09:18:13,CW→CC,2025-07-13,,20122,20122
3174,2040140349,Cristo Redentor,Diagonal Bio Bio,20154,L2,V1,2025-07-13 15:40:04,2025-07-13 16:13:47,CW→CC,2025-07-13,,20154,20154
3175,2040140349,Lomas Coloradas,Cristo Redentor,20181,L2,V1,2025-07-13 20:12:42,2025-07-13 20:39:03,CC→CW,2025-07-13,,20181,20181
3176,2040140513,Los Condores,Concepcion,20859,L1,V1,2025-07-13 12:37:45,2025-07-13 12:59:16,TH→HQ,2025-07-13,,20859,20859
3177,2040140728,Laguna Quinenco,Mercado,,,N/A,2025-07-13 08:35:54,2025-07-13 10:24:05,,2025-07-13,sin_combo_factible_en_hub|sin_s1_factible_retro,,
3178,2040141206,Coronel,Costa Mar,20168,L2,V1,2025-07-13 17:33:17,2025-07-13 18:18:16,CW→CC,2025-07-13,,20168,20168
3179,2040141332,Laguna Quinenco,Concepcion,,,N/A,2025-07-13 15:28:49,2025-07-13 16:29:41,,2025-07-13,sin_combo_factible_en_hub|sin_s1_factible_retro,,
3180,2040141524,Diagonal Bio Bio,Los Canelos,20147,L2,V1,2025-07-13 14:49:29,2025-07-13 15:14:31,CC→CW,2025-07-13,,20147,20147
3181,2040141524,Huinca,Diagonal Bio Bio,20180,L2,V1,2025-07-13 19:15:25,2025-07-13 19:55:05,CW→CC,2025-07-13,,20180,20180
3182,2040141578,Hualqui,Concepcion,20846,L1,V1,2025-07-13 16:56:09,2025-07-13 17:33:42,HQ→TH,2025-07-13,,20846,20846
3183,2040141774,Coronel,Concepcion,,,N/A,2025-07-13 19:00:40,2025-07-13 20:10:14,,2025-07-13,sin_combo_factible_en_hub|sin_s1_factible_retro,,
3184,2040141865,Diagonal Bio Bio,Lomas Coloradas,20139,L2,V1,2025-07-13 12:23:55,2025-07-13 12:42:13,CC→CW,2025-07-13,,20139,20139
3185,2040146038,Cdal. Raul Silva Henriquez,Lomas Coloradas,20130,L2,V1,2025-07-13 09:59:20,2025-07-13 10:12:47,CW→CC,2025-07-13,,20130,
3186,2040146047,Lomas Coloradas,Laguna Quinenco,20131,L2,V1,2025-07-13 10:58:19,2025-07-13 11:21:15,CC→CW,2025-07-13,,20131,20131
3187,2040146191,Coronel,Lomas Coloradas,20172,L2,V1,2025-07-13 18:09:15,2025-07-13 18:42:50,CW→CC,2025-07-13,,20172,20172
3188,2040146199,El Parque,Huinca,20131,L2,V1,2025-07-13 10:46:35,2025-07-13 11:16:51,CC→CW,2025-07-13,,20131,20131
3189,2040146199,Laguna Quinenco,El Parque,20160,L2,V1,2025-07-13 16:25:54,2025-07-13 17:16:14,CW→CC,2025-07-13,,20160,20160
3190,2040146364,Cdal. Raul Silva Henriquez,Lomas Coloradas,20180,L2,V1,2025-07-13 19:17:36,2025-07-13 19:42:23,CW→CC,2025-07-13,,20180,
3191,2040146377,Hito Galvarino,Cristo Redentor,20155,L2,V1,2025-07-13 16:54:21,2025-07-13 17:17:27,CC→CW,2025-07-13,,20155,20155
3192,2040146834,Coronel,Cdal. Raul Silva Henriquez,20134,L2,V1,2025-07-13 10:21:01,2025-07-13 10:54:48,CW→CC,2025-07-13,,20134,
3193,2040146880,Lomas Coloradas,Los Canelos,20143,L2,V1,2025-07-13 13:14:43,2025-07-13 13:48:19,CC→CW,2025-07-13,,20143,20143
3194,2040146957,Concepcion,La Leonera,20859,L1,V1,2025-07-13 12:54:23,2025-07-13 13:17:26,TH→HQ,2025-07-13,,20859,20859
3195,2040147192,Cristo Redentor,Diagonal Bio Bio,20150,L2,V1,2025-07-13 14:47:12,2025-07-13 15:21:40,CW→CC,2025-07-13,,20150,20150
3196,2040147438,Coronel,Lomas Coloradas,20168,L2,V1,2025-07-13 17:48:10,2025-07-13 18:12:36,CW→CC,2025-07-13,,20168,20168
3197,2040147546,Diagonal Bio Bio,Cristo Redentor,20169,L2,V1,2025-07-13 18:28:43,2025-07-13 19:05:51,CC→CW,2025-07-13,,20169,
3198,2040147671,Diagonal Bio Bio,Los Canelos,20135,L2,V1,2025-07-13 11:34:05,2025-07-13 12:04:05,CC→CW,2025-07-13,,20135,20135
3199,2040147864,Cristo Redentor,Diagonal Bio Bio,20160,L2,V1,2025-07-13 16:49:31,2025-07-13 17:24:12,CW→CC,2025-07-13,,20160,20160
3200,2040262140,Cdal. Raul Silva Henriquez,Concepcion,,,N/A,2025-07-13 18:00:50,2025-07-13 18:36:54,,2025-07-13,sin_combo_factible_en_hub|sin_s1_factible_retro,,
3201,2100000622,Los Canelos,Cdal. Raul Silva Henriquez,20172,L2,V1,2025-07-13 18:28:35,2025-07-13 18:54:04,CW→CC,2025-07-13,,20172,20172
3202,2100000947,Laguna Quinenco,Los Canelos,20172,L2,V1,2025-07-13 17:57:36,2025-07-13 18:31:36,CW→CC,2025-07-13,,20172,20168
3203,2100001617,Laguna Quinenco,Los Canelos,20180,L2,V1,2025-07-13 19:02:09,2025-07-13 19:30:41,CW→CC,2025-07-13,,20180,20180
3204,2100001748,Huinca,Hito Galvarino,20180,L2,V1,2025-07-13 18:57:14,2025-07-13 19:34:12,CW→CC,2025-07-13,,20180,20180
3205,2100002252,Cristo Redentor,Concepcion,,,N/A,2025-07-13 10:33:03,2025-07-13 11:20:15,,2025-07-13,sin_combo_factible_en_hub|sin_s1_factible_retro,,
3206,2100002637,Costa Mar,Coronel,20139,L2,V1,2025-07-13 12:33:16,2025-07-13 13:04:07,CC→CW,2025-07-13,,20139,20139
3207,2100002637,Coronel,Costa Mar,20146,L2,V1,2025-07-13 13:40:45,2025-07-13 14:17:54,CW→CC,2025-07-13,,20146,20146
3208,2100002948,Lomas Coloradas,Concepcion,,,N/A,2025-07-13 17:53:53,2025-07-13 18:30:48,,2025-07-13,sin_combo_factible_en_hub|sin_s1_factible_retro,,
3209,2100003088,Cristo Redentor,Concepcion,,,N/A,2025-07-13 13:43:40,2025-07-13 14:38:35,,2025-07-13,sin_combo_factible_en_hub|sin_s1_factible_retro,,
3210,2100003088,Concepcion,Cristo Redentor,,,N/A,2025-07-13 18:34:03,2025-07-13 19:38:29,,2025-07-13,sin_combo_factible_en_hub|sin_s2_por_salida,,
3211,2100004347,Laguna Quinenco,Cdal. Raul Silva Henriquez,20172,L2,V1,2025-07-13 18:20:16,2025-07-13 18:40:56,CW→CC,2025-07-13,,20172,20172
3212,2100004549,Huinca,Laguna Quinenco,20155,L2,V1,2025-07-13 17:03:22,2025-07-13 17:20:43,CC→CW,2025-07-13,,20155,20155
3213,2100004549,Laguna Quinenco,Huinca,20180,L2,V1,2025-07-13 19:03:37,2025-07-13 19:30:02,CW→CC,2025-07-13,,20180,20180
3214,2100004660,Laguna Quinenco,Huinca,20138,L2,V1,2025-07-13 11:25:46,2025-07-13 11:38:46,CW→CC,2025-07-13,,20138,20138
3215,2100004703,Cristo Redentor,Coronel,20147,L2,V1,2025-07-13 15:10:39,2025-07-13 15:23:02,CC→CW,2025-07-13,,20147,20147
3216,2100004762,Los Canelos,Lomas Coloradas,20146,L2,V1,2025-07-13 13:39:59,2025-07-13 14:13:01,CW→CC,2025-07-13,,20146,20146
3217,2100004772,Los Canelos,Diagonal Bio Bio,20138,L2,V1,2025-07-13 11:29:20,2025-07-13 12:03:19,CW→CC,2025-07-13,,20138,20138
3218,2100004943,Coronel,Concepcion,,,N/A,2025-07-13 16:41:32,2025-07-13 17:34:14,,2025-07-13,sin_combo_factible_en_hub|sin_s1_factible_retro,,
3219,2100004943,Concepcion,Coronel,,,N/A,2025-07-13 19:23:15,2025-07-13 20:45:00,,2025-07-13,sin_combo_factible_en_hub|sin_s2_por_salida,,
3220,2100005020,Diagonal Bio Bio,Huinca,20147,L2,V1,2025-07-13 14:37:32,2025-07-13 15:16:16,CC→CW,2025-07-13,,20147,20147
3221,2100005291,Hualqui,Los Condores,20850,L1,V1,2025-07-13 09:26:55,2025-07-13 10:13:39,HQ→TH,2025-07-13,,20850,20850
3222,2100005559,Hito Galvarino,Concepcion,,,N/A,2025-07-13 16:51:08,2025-07-13 17:34:09,,2025-07-13,sin_combo_factible_en_hub|sin_s1_factible_retro,,
3223,2100005721,Los Canelos,Diagonal Bio Bio,20150,L2,V1,2025-07-13 14:52:35,2025-07-13 15:20:19,CW→CC,2025-07-13,,20150,20150
3224,2100005721,Diagonal Bio Bio,Los Canelos,20169,L2,V1,2025-07-13 18:19:17,2025-07-13 19:03:27,CC→CW,2025-07-13,,20169,20169
3225,2100006577,Higueras,Concepcion,20847,L1,V1,2025-07-13 20:07:24,2025-07-13 20:28:00,TH→HQ,2025-07-13,,20847,20847
3226,2100006720,Huinca,Diagonal Bio Bio,20172,L2,V1,2025-07-13 18:23:14,2025-07-13 18:53:40,CW→CC,2025-07-13,,20172,20172
3227,2100006866,Concepcion,Lomas Coloradas,,,N/A,2025-07-13 18:36:30,2025-07-13 19:12:02,,2025-07-13,sin_combo_factible_en_hub|sin_s2_por_salida,,
3228,2100006885,Cdal. Raul Silva Henriquez,Concepcion,,,N/A,2025-07-13 13:59:02,2025-07-13 14:36:17,,2025-07-13,sin_combo_factible_en_hub|sin_s1_factible_retro,,
3229,2100007046,Cristo Redentor,Concepcion,,,N/A,2025-07-13 16:34:48,2025-07-13 17:34:50,,2025-07-13,sin_combo_factible_en_hub|sin_s1_factible_retro,,
3230,2100007055,Los Canelos,Diagonal Bio Bio,20150,L2,V1,2025-07-13 14:52:55,2025-07-13 15:22:53,CW→CC,2025-07-13,,20150,20150
3231,2100007055,Concepcion,Los Canelos,,,N/A,2025-07-13 18:44:37,2025-07-13 19:33:16,,2025-07-13,sin_combo_factible_en_hub|sin_s2_por_salida,,
3232,2100007138,Costa Mar,Cristo Redentor,20135,L2,V1,2025-07-13 11:29:51,2025-07-13 12:09:18,CC→CW,2025-07-13,,20135,20135
3233,2100007730,Lomas Coloradas,El Parque,20154,L2,V1,2025-07-13 15:59:34,2025-07-13 16:05:28,CW→CC,2025-07-13,,20154,20154
3234,2100007944,Lomas Coloradas,Los Canelos,20155,L2,V1,2025-07-13 16:59:09,2025-07-13 17:12:40,CC→CW,2025-07-13,,20155,20155
3235,2100007952,Cristo Redentor,Concepcion,,,N/A,2025-07-13 14:37:55,2025-07-13 15:33:40,,2025-07-13,sin_combo_factible_en_hub|sin_s1_factible_retro,,
3236,2100007952,Concepcion,Lomas Coloradas,,,N/A,2025-07-13 17:33:10,2025-07-13 18:49:05,,2025-07-13,sin_combo_factible_en_hub|sin_s2_por_salida,,
3237,2100008791,Los Canelos,Diagonal Bio Bio,20134,L2,V1,2025-07-13 10:39:44,2025-07-13 11:08:28,CW→CC,2025-07-13,,20134,
3238,2100008791,Diagonal Bio Bio,Los Canelos,20161,L2,V1,2025-07-13 17:34:28,2025-07-13 18:03:45,CC→CW,2025-07-13,,20161,20161
3239,2100008858,Laguna Quinenco,Hualqui,,,N/A,2025-07-13 11:22:03,2025-07-13 13:28:22,,2025-07-13,sin_combo_factible_en_hub|sin_s1_factible_retro,,
3240,2100009418,Lomas Coloradas,Laguna Quinenco,20155,L2,V1,2025-07-13 16:52:29,2025-07-13 17:19:30,CC→CW,2025-07-13,,20155,
3241,2100009423,Hito Galvarino,Cristo Redentor,20135,L2,V1,2025-07-13 11:53:52,2025-07-13 12:07:38,CC→CW,2025-07-13,,20135,20135
3242,2100009423,Cristo Redentor,Hito Galvarino,20154,L2,V1,2025-07-13 15:41:15,2025-07-13 15:53:24,CW→CC,2025-07-13,,20154,20154
3243,2100009556,Los Canelos,Concepcion,,,N/A,2025-07-13 12:12:36,2025-07-13 13:03:31,,2025-07-13,sin_combo_factible_en_hub|sin_s1_factible_retro,,
3244,2100009607,Pedro Medina,Higueras,20846,L1,V1,2025-07-13 17:17:09,2025-07-13 17:50:16,HQ→TH,2025-07-13,,20846,20846
3245,2100009686,Lomas Coloradas,Costa Mar,20138,L2,V1,2025-07-13 11:50:36,2025-07-13 11:57:50,CW→CC,2025-07-13,,20138,20138
3246,2100009924,Huinca,Cdal. Raul Silva Henriquez,20180,L2,V1,2025-07-13 19:20:53,2025-07-13 19:40:15,CW→CC,2025-07-13,,20180,20180
3247,2100009990,Alborada,Cdal. Raul Silva Henriquez,20155,L2,V1,2025-07-13 16:48:54,2025-07-13 17:03:56,CC→CW,2025-07-13,,20155,20155
3248,2102000506,Lomas Coloradas,Diagonal Bio Bio,20154,L2,V1,2025-07-13 15:57:54,2025-07-13 16:13:39,CW→CC,2025-07-13,,20154,20154
3249,2102000506,Diagonal Bio Bio,Lomas Coloradas,20173,L2,V1,2025-07-13 18:47:19,2025-07-13 19:20:55,CC→CW,2025-07-13,,20173,20169
3250,2102001358,Pedro Medina,Concepcion,20846,L1,V1,2025-07-13 17:18:27,2025-07-13 17:34:04,HQ→TH,2025-07-13,,20846,20846
3251,2102001362,Lomas Coloradas,Concepcion,,,N/A,2025-07-13 13:49:03,2025-07-13 14:38:41,,2025-07-13,sin_combo_factible_en_hub|sin_s1_factible_retro,,
3252,2102002588,Costa Mar,Coronel,20139,L2,V1,2025-07-13 12:25:27,2025-07-13 13:04:26,CC→CW,2025-07-13,,20139,20139
3253,2102002588,Coronel,Costa Mar,20172,L2,V1,2025-07-13 17:59:19,2025-07-13 18:48:17,CW→CC,2025-07-13,,20172,20172
3254,2102003009,Hito Galvarino,Lomas Coloradas,20134,L2,V1,2025-07-13 10:39:03,2025-07-13 10:56:53,CW→CC,2025-07-13,,20134,
3255,2102003009,Lomas Coloradas,Hito Galvarino,20173,L2,V1,2025-07-13 19:12:28,2025-07-13 19:29:06,CC→CW,2025-07-13,,20173,20173
3256,2102003889,Los Canelos,Diagonal Bio Bio,20138,L2,V1,2025-07-13 11:37:34,2025-07-13 12:10:31,CW→CC,2025-07-13,,20138,20138
3257,2102003889,Costa Mar,Los Canelos,20169,L2,V1,2025-07-13 18:32:49,2025-07-13 19:04:18,CC→CW,2025-07-13,,20169,20169
3258,2102005551,UTF Santa Maria,Chiguayante,20847,L1,V1,2025-07-13 20:07:41,2025-07-13 20:40:33,TH→HQ,2025-07-13,,20847,20847
3259,2102006445,Cristo Redentor,Hito Galvarino,20138,L2,V1,2025-07-13 11:30:14,2025-07-13 11:44:12,CW→CC,2025-07-13,,20138,20138
3260,2102006552,El Parque,Lomas Coloradas,20169,L2,V1,2025-07-13 18:40:48,2025-07-13 18:51:00,CC→CW,2025-07-13,,20169,20169
3261,2102006871,Diagonal Bio Bio,Huinca,20155,L2,V1,2025-07-13 16:47:01,2025-07-13 17:17:04,CC→CW,2025-07-13,,20155,20155
3262,2102007182,Los Canelos,Concepcion,,,N/A,2025-07-13 18:26:33,2025-07-13 19:17:51,,2025-07-13,sin_combo_factible_en_hub|sin_s1_factible_retro,,
3263,2103000116,Los Canelos,Lomas Coloradas,20180,L2,V1,2025-07-13 19:26:08,2025-07-13 19:43:22,CW→CC,2025-07-13,,20180,20180
3264,2103000140,Concepcion,Laguna Quinenco,,,N/A,2025-07-13 08:51:48,2025-07-13 10:05:29,,2025-07-13,sin_combo_factible_en_hub|sin_s2_por_salida,,
3265,2103000140,Coronel,Concepcion,,,N/A,2025-07-13 15:37:58,2025-07-13 16:29:05,,2025-07-13,sin_combo_factible_en_hub|sin_s1_factible_retro,,
3266,2103000206,Manquimavida,Lzo. Arenas,20850,L1,V1,2025-07-13 09:38:43,2025-07-13 10:05:15,HQ→TH,2025-07-13,,20850,20850
3267,2103000318,Alborada,Cdal. Raul Silva Henriquez,20173,L2,V1,2025-07-13 18:50:30,2025-07-13 19:23:50,CC→CW,2025-07-13,,20173,20169
3268,2103000387,Los Canelos,Concepcion,,,N/A,2025-07-13 13:55:40,2025-07-13 14:36:25,,2025-07-13,sin_combo_factible_en_hub|sin_s1_factible_retro,,
3269,2103000474,Concepcion,Lomas Coloradas,,,N/A,2025-07-13 09:09:18,2025-07-13 09:40:35,,2025-07-13,sin_combo_factible_en_hub|sin_s2_por_salida,,
3270,2103000484,Concepcion,Lomas Coloradas,,,N/A,2025-07-13 19:16:17,2025-07-13 20:07:52,,2025-07-13,sin_combo_factible_en_hub|sin_s2_por_salida,,
3271,2103001060,Huinca,Laguna Quinenco,20147,L2,V1,2025-07-13 15:07:35,2025-07-13 15:20:55,CC→CW,2025-07-13,,20147,20147
3272,2103001060,Laguna Quinenco,Huinca,20168,L2,V1,2025-07-13 17:42:14,2025-07-13 17:58:41,CW→CC,2025-07-13,,20168,20168
3273,2103001320,Huinca,Lomas Coloradas,20168,L2,V1,2025-07-13 17:47:03,2025-07-13 18:13:56,CW→CC,2025-07-13,,20168,20168
3274,2103001390,Cristo Redentor,Diagonal Bio Bio,20154,L2,V1,2025-07-13 15:21:48,2025-07-13 16:13:54,CW→CC,2025-07-13,,20154,20154
3275,2103001396,Los Canelos,Lomas Coloradas,20130,L2,V1,2025-07-13 09:56:48,2025-07-13 10:15:39,CW→CC,2025-07-13,,20130,20130
3276,2103001403,Coronel,Diagonal Bio Bio,20168,L2,V1,2025-07-13 17:46:13,2025-07-13 18:25:14,CW→CC,2025-07-13,,20168,20168
3277,2103002086,El Parque,Lomas Coloradas,20181,L2,V1,2025-07-13 20:14:13,2025-07-13 20:21:33,CC→CW,2025-07-13,,20181,20181
3278,2103002360,Coronel,Diagonal Bio Bio,20146,L2,V1,2025-07-13 13:46:30,2025-07-13 14:26:09,CW→CC,2025-07-13,,20146,20146
3279,2103002360,Diagonal Bio Bio,Coronel,20169,L2,V1,2025-07-13 18:25:29,2025-07-13 19:13:18,CC→CW,2025-07-13,,20169,20169
3280,2103002451,UTF Santa Maria,Chiguayante,20859,L1,V1,2025-07-13 12:43:03,2025-07-13 13:09:05,TH→HQ,2025-07-13,,20859,20859
3281,2103002528,Coronel,Cdal. Raul Silva Henriquez,20180,L2,V1,2025-07-13 18:45:28,2025-07-13 19:40:39,CW→CC,2025-07-13,,20180,20180
3282,2103002641,Los Canelos,Cristo Redentor,20139,L2,V1,2025-07-13 12:52:06,2025-07-13 12:58:15,CC→CW,2025-07-13,,20139,20139
3283,2103002641,Cristo Redentor,Los Canelos,20146,L2,V1,2025-07-13 13:55:05,2025-07-13 14:00:38,CW→CC,2025-07-13,,20146,20146
3284,2103002672,Laguna Quinenco,Lomas Coloradas,20160,L2,V1,2025-07-13 16:36:09,2025-07-13 17:12:32,CW→CC,2025-07-13,,20160,20160
3285,2103002795,Cristo Redentor,Cdal. Raul Silva Henriquez,20146,L2,V1,2025-07-13 13:51:35,2025-07-13 14:10:14,CW→CC,2025-07-13,,20146,20146
3286,2103002795,Cdal. Raul Silva Henriquez,Cristo Redentor,20147,L2,V1,2025-07-13 14:51:11,2025-07-13 15:19:04,CC→CW,2025-07-13,,20147,20147
3287,2103002866,Lomas Coloradas,Concepcion,,,N/A,2025-07-13 09:59:33,2025-07-13 10:35:28,,2025-07-13,sin_combo_factible_en_hub|sin_s1_factible_retro,,
3288,2103002882,Huinca,Concepcion,,,N/A,2025-07-13 12:16:48,2025-07-13 13:04:00,,2025-07-13,sin_combo_factible_en_hub|sin_s1_factible_retro,,
3289,2103002882,Concepcion,Huinca,,,N/A,2025-07-13 17:19:38,2025-07-13 18:06:16,,2025-07-13,sin_combo_factible_en_hub|sin_s2_por_salida,,
3290,2103002886,Cristo Redentor,Diagonal Bio Bio,20172,L2,V1,2025-07-13 18:14:16,2025-07-13 18:54:13,CW→CC,2025-07-13,,20172,20172
3291,2103002912,Laguna Quinenco,Los Canelos,20172,L2,V1,2025-07-13 18:19:05,2025-07-13 18:32:12,CW→CC,2025-07-13,,20172,20172
3292,2103002998,Lomas Coloradas,Coronel,20139,L2,V1,2025-07-13 12:30:06,2025-07-13 13:04:37,CC→CW,2025-07-13,,20139,20139
3293,2103003020,Diagonal Bio Bio,Huinca,20147,L2,V1,2025-07-13 14:35:36,2025-07-13 15:17:12,CC→CW,2025-07-13,,20147,20147
3294,2103003125,Huinca,Lomas Coloradas,20134,L2,V1,2025-07-13 10:43:38,2025-07-13 11:52:58,CW→CC,2025-07-13,,20134,20134
3295,2103003167,Laguna Quinenco,Concepcion,,,N/A,2025-07-13 10:22:18,2025-07-13 11:18:51,,2025-07-13,sin_combo_factible_en_hub|sin_s1_factible_retro,,
3296,2103003261,Coronel,Diagonal Bio Bio,20134,L2,V1,2025-07-13 10:31:00,2025-07-13 11:08:02,CW→CC,2025-07-13,,20134,
3297,2103003382,Cristo Redentor,Diagonal Bio Bio,20134,L2,V1,2025-07-13 10:32:29,2025-07-13 11:08:42,CW→CC,2025-07-13,,20134,
3298,2103003382,Concepcion,Cristo Redentor,,,N/A,2025-07-13 14:16:22,2025-07-13 15:18:08,,2025-07-13,sin_combo_factible_en_hub|sin_s2_por_salida,,
3299,2103003747,Cdal. Raul Silva Henriquez,Coronel,20135,L2,V1,2025-07-13 11:48:56,2025-07-13 12:13:12,CC→CW,2025-07-13,,20135,20135
3300,2103003747,Coronel,Cdal. Raul Silva Henriquez,20160,L2,V1,2025-07-13 16:26:44,2025-07-13 17:10:01,CW→CC,2025-07-13,,20160,20160
3301,2103003824,Diagonal Bio Bio,Hito Galvarino,20143,L2,V1,2025-07-13 13:16:13,2025-07-13 13:44:54,CC→CW,2025-07-13,,20143,20143
3302,2103010006,El Arenal,Lzo. Arenas,20859,L1,V1,2025-07-13 12:26:08,2025-07-13 12:51:01,TH→HQ,2025-07-13,,20859,20859
3303,2103010148,Huinca,Costa Mar,20130,L2,V1,2025-07-13 09:23:28,2025-07-13 10:18:07,CW→CC,2025-07-13,,20130,
3304,2103010148,Costa Mar,Huinca,20143,L2,V1,2025-07-13 12:49:40,2025-07-13 13:51:34,CC→CW,2025-07-13,,20143,20143
3305,2103010192,Coronel,Diagonal Bio Bio,20154,L2,V1,2025-07-13 15:29:30,2025-07-13 16:13:23,CW→CC,2025-07-13,,20154,20154
3306,2103010314,El Parque,Lomas Coloradas,20155,L2,V1,2025-07-13 16:56:57,2025-07-13 17:02:33,CC→CW,2025-07-13,,20155,20155
3307,2103010349,Cdal. Raul Silva Henriquez,Concepcion,,,N/A,2025-07-13 16:55:10,2025-07-13 17:36:05,,2025-07-13,sin_combo_factible_en_hub|sin_s1_factible_retro,,
3308,2103010489,El Parque,Lomas Coloradas,20181,L2,V1,2025-07-13 20:16:29,2025-07-13 20:21:41,CC→CW,2025-07-13,,20181,20181
3309,2104004040,Costa Mar,Los Canelos,20143,L2,V1,2025-07-13 13:15:32,2025-07-13 13:48:27,CC→CW,2025-07-13,,20143,20143
3310,2106000002,Hito Galvarino,Concepcion,,,N/A,2025-07-13 10:00:28,2025-07-13 10:35:56,,2025-07-13,sin_combo_factible_en_hub|sin_s1_factible_retro,,
3311,2106000264,Los Canelos,Diagonal Bio Bio,20134,L2,V1,2025-07-13 10:43:32,2025-07-13 11:07:46,CW→CC,2025-07-13,,20134,
3312,2106000391,Los Canelos,Diagonal Bio Bio,20160,L2,V1,2025-07-13 16:48:14,2025-07-13 17:23:33,CW→CC,2025-07-13,,20160,20160
3313,2106000647,Coronel,Lomas Coloradas,20150,L2,V1,2025-07-13 14:30:02,2025-07-13 15:07:41,CW→CC,2025-07-13,,20150,20150
3314,2106000977,Cristo Redentor,Diagonal Bio Bio,20180,L2,V1,2025-07-13 19:24:08,2025-07-13 19:54:08,CW→CC,2025-07-13,,20180,20180
3315,2106001027,Concepcion,Laguna Quinenco,,,N/A,2025-07-13 18:09:13,2025-07-13 19:10:41,,2025-07-13,sin_combo_factible_en_hub|sin_s2_por_salida,,
3316,2106001123,UTF Santa Maria,La Leonera,20859,L1,V1,2025-07-13 12:37:04,2025-07-13 13:16:55,TH→HQ,2025-07-13,,20859,
3317,2106001332,Concepcion,Manquimavida,20859,L1,V1,2025-07-13 12:49:36,2025-07-13 13:14:06,TH→HQ,2025-07-13,,20859,
3318,2106001332,Manquimavida,Concepcion,20846,L1,V1,2025-07-13 17:03:36,2025-07-13 17:34:34,HQ→TH,2025-07-13,,20846,20846
3319,2106001507,Coronel,Concepcion,,,N/A,2025-07-13 08:26:17,2025-07-13 09:29:03,,2025-07-13,sin_combo_factible_en_hub|sin_s1_factible_retro,,
3320,2106001516,Coronel,Diagonal Bio Bio,20122,L2,V1,2025-07-13 08:26:37,2025-07-13 09:18:41,CW→CC,2025-07-13,,20122,20122
3321,2106001539,Los Canelos,Hito Galvarino,20150,L2,V1,2025-07-13 14:48:42,2025-07-13 14:58:21,CW→CC,2025-07-13,,20150,20150
3322,2106001654,Costa Mar,Cristo Redentor,20155,L2,V1,2025-07-13 16:19:30,2025-07-13 17:17:38,CC→CW,2025-07-13,,20155,20155
3323,2106001679,Los Canelos,Concepcion,,,N/A,2025-07-13 12:26:45,2025-07-13 13:03:54,,2025-07-13,sin_combo_factible_en_hub|sin_s1_factible_retro,,
3324,2106001679,Concepcion,Los Canelos,,,N/A,2025-07-13 16:23:25,2025-07-13 17:13:36,,2025-07-13,sin_combo_factible_en_hub|sin_s2_por_salida,,
3325,2106001720,Coronel,Alborada,20172,L2,V1,2025-07-13 18:09:07,2025-07-13 18:51:02,CW→CC,2025-07-13,,20172,20172
3326,2106001777,Huinca,Laguna Quinenco,20155,L2,V1,2025-07-13 17:06:22,2025-07-13 17:20:37,CC→CW,2025-07-13,,20155,20155
3327,2106001828,Costa Mar,Cristo Redentor,20181,L2,V1,2025-07-13 20:12:43,2025-07-13 20:39:07,CC→CW,2025-07-13,,20181,20181
3328,2106001853,Costa Mar,Coronel,20155,L2,V1,2025-07-13 16:44:51,2025-07-13 17:23:57,CC→CW,2025-07-13,,20155,20155
3329,2106001890,Cdal. Raul Silva Henriquez,Los Canelos,20131,L2,V1,2025-07-13 11:00:38,2025-07-13 11:12:12,CC→CW,2025-07-13,,20131,
3330,2106001893,Coronel,Los Canelos,20168,L2,V1,2025-07-13 17:48:24,2025-07-13 18:01:13,CW→CC,2025-07-13,,20168,20168
3331,2106003402,Huinca,Concepcion,,,N/A,2025-07-13 14:46:24,2025-07-13 15:32:48,,2025-07-13,sin_combo_factible_en_hub|sin_s1_factible_retro,,
3332,2106003407,Hito Galvarino,Huinca,20173,L2,V1,2025-07-13 19:27:32,2025-07-13 19:35:07,CC→CW,2025-07-13,,20173,20173
3333,2106003419,Coronel,Diagonal Bio Bio,20130,L2,V1,2025-07-13 09:40:58,2025-07-13 10:26:54,CW→CC,2025-07-13,,20130,20130
3334,2106003489,Hito Galvarino,Los Canelos,20143,L2,V1,2025-07-13 13:39:19,2025-07-13 13:47:57,CC→CW,2025-07-13,,20143,20143
3335,2106003489,Los Canelos,Hito Galvarino,20160,L2,V1,2025-07-13 16:59:24,2025-07-13 17:03:51,CW→CC,2025-07-13,,20160,20160
3336,2106003648,Laguna Quinenco,Concepcion,,,N/A,2025-07-13 13:50:51,2025-07-13 14:38:24,,2025-07-13,sin_combo_factible_en_hub|sin_s1_factible_retro,,
3337,2106003672,Laguna Quinenco,Hito Galvarino,20172,L2,V1,2025-07-13 18:17:36,2025-07-13 18:35:30,CW→CC,2025-07-13,,20172,20172
3338,2106003681,Laguna Quinenco,Diagonal Bio Bio,20172,L2,V1,2025-07-13 18:04:18,2025-07-13 18:57:22,CW→CC,2025-07-13,,20172,20172
3339,2106003700,Cristo Redentor,Lomas Coloradas,20138,L2,V1,2025-07-13 11:28:41,2025-07-13 11:51:47,CW→CC,2025-07-13,,20138,
3340,2106003749,Costa Mar,Lomas Coloradas,20161,L2,V1,2025-07-13 17:35:32,2025-07-13 17:50:23,CC→CW,2025-07-13,,20161,20161
3341,2106003749,Lomas Coloradas,Costa Mar,20168,L2,V1,2025-07-13 17:57:46,2025-07-13 18:18:35,CW→CC,2025-07-13,,20168,20168
3342,2106003763,Manquimavida,Mercado,20846,L1,V1,2025-07-13 17:02:12,2025-07-13 17:58:01,HQ→TH,2025-07-13,,20846,20846
3343,2106003764,Manquimavida,Mercado,20846,L1,V1,2025-07-13 17:02:09,2025-07-13 17:57:59,HQ→TH,2025-07-13,,20846,20846
3344,2106003773,El Parque,Cristo Redentor,20143,L2,V1,2025-07-13 13:29:32,2025-07-13 13:50:37,CC→CW,2025-07-13,,20143,
3345,2106003817,Lomas Coloradas,Concepcion,,,N/A,2025-07-13 14:07:00,2025-07-13 14:37:37,,2025-07-13,sin_combo_factible_en_hub|sin_s1_factible_retro,,
3346,2106003869,Alborada,El Parque,20147,L2,V1,2025-07-13 14:30:56,2025-07-13 15:00:22,CC→CW,2025-07-13,,20147,20147
3347,2106003869,Costa Mar,Alborada,20160,L2,V1,2025-07-13 16:47:16,2025-07-13 17:22:03,CW→CC,2025-07-13,,20160,20160
3348,2106003908,Costa Mar,Laguna Quinenco,20161,L2,V1,2025-07-13 17:16:42,2025-07-13 18:11:04,CC→CW,2025-07-13,,20161,20161
3349,2106003908,Laguna Quinenco,Diagonal Bio Bio,20172,L2,V1,2025-07-13 18:19:06,2025-07-13 18:54:05,CW→CC,2025-07-13,,20172,20172
3350,2106003999,Laguna Quinenco,Cdal. Raul Silva Henriquez,20180,L2,V1,2025-07-13 19:20:08,2025-07-13 19:40:21,CW→CC,2025-07-13,,20180,20180
3351,900000000087,Concepcion,Concepcion,,,N/A,2025-07-13 13:20:12,2025-07-13 13:21:16,,2025-07-13,no viajo,,
3352,900000000087,Concepcion,Concepcion,,,N/A,2025-07-13 21:05:50,2025-07-13 21:07:21,,2025-07-13,no viajo,,
3353,900000000096,Los Canelos,Cristo Redentor,20143,L2,V1,2025-07-13 13:36:58,2025-07-13 13:52:10,CC→CW,2025-07-13,,20143,20143
3354,900000000097,Huinca,Laguna Quinenco,20123,L2,V1,2025-07-13 09:50:22,2025-07-13 10:05:10,CC→CW,2025-07-13,,20123,20123
3355,900000000097,Laguna Quinenco,Huinca,20168,L2,V1,2025-07-13 17:51:17,2025-07-13 17:58:08,CW→CC,2025-07-13,,20168,20168
3356,900000000149,Huinca,Coronel,20139,L2,V1,2025-07-13 12:44:08,2025-07-13 13:04:14,CC→CW,2025-07-13,,20139,20139
3357,900053036948,Cristo Redentor,Concepcion,,,N/A,2025-07-13 14:35:32,2025-07-13 15:33:43,,2025-07-13,sin_combo_factible_en_hub|sin_s1_factible_retro,,
3358,900053036948,Concepcion,Cristo Redentor,,,N/A,2025-07-13 17:33:12,2025-07-13 19:07:48,,2025-07-13,sin_combo_factible_en_hub|sin_s2_por_salida,,
3359,900053037534,Concepcion,Laguna Quinenco,,,N/A,2025-07-13 15:59:03,2025-07-13 17:20:47,,2025-07-13,sin_combo_factible_en_hub|sin_s2_por_salida,,
