viaje_idx,tarjeta_id,origen,destino,servicio_final,linea,version_que_gana,t_entrada_viaje,t_salida_viaje,direccion,dia_proceso,etiqueta,servicio_tramo_v1,servicio_tramo_v2,MONTO_TRANSACCION,tipo_pasajero_norm
0,176425,Lomas Coloradas,Concepcion,20160,L2,V1,2026-02-22 17:52:59,2026-02-22 18:29:19,CW→CC,2026-02-22,,20160,20160,570,Monedero
1,176425,Concepcion,Lomas Coloradas,20167,L2,V1,2026-02-22 19:47:21,2026-02-22 20:25:00,CC→CW,2026-02-22,,20167,20167,570,Monedero
2,177267,Los Canelos,Costa Mar,20066,L2,V1,2026-02-22 14:43:45,2026-02-22 15:09:24,CW→CC,2026-02-22,,20066,20066,610,Monedero
3,177521,Concepcion,Chiguayante,20847,L1,V1,2026-02-22 20:25:36,2026-02-22 20:40:33,TH→HQ,2026-02-22,,20847,20847,510,Monedero
4,178196,Concepcion,Costa Mar,20035,L2,V1,2026-02-22 09:25:45,2026-02-22 10:44:02,CC→CW,2026-02-22,combo_por_entrada,20035,20035,600,Monedero
5,178897,Los Canelos,Alborada,20062,L2,V1,2026-02-22 13:57:47,2026-02-22 14:21:31,CW→CC,2026-02-22,,20062,20062,650,Monedero
6,178897,Alborada,Los Canelos,20161,L2,V1,2026-02-22 18:35:50,2026-02-22 19:27:22,CC→CW,2026-02-22,,20161,20161,650,Monedero
7,179011,Lomas Coloradas,Coronel,20161,L2,V1,2026-02-22 18:42:14,2026-02-22 19:15:24,CC→CW,2026-02-22,,20161,20161,650,Monedero
8,180081,Diagonal Bio Bio,Lomas Coloradas,20163,L2,V1,2026-02-22 19:11:49,2026-02-22 19:24:28,CC→CW,2026-02-22,,20163,20163,510,Monedero
9,180377,Huinca,Juan Pablo II,20152,L2,V1,2026-02-22 08:36:35,2026-02-22 09:09:57,CW→CC,2026-02-22,,20152,20152,680,Monedero
10,180387,Cdal. Raul Silva Henriquez,Costa Mar,20052,L2,V1,2026-02-22 11:26:43,2026-02-22 11:48:15,CW→CC,2026-02-22,,20052,20052,430,Monedero
11,180387,Costa Mar,Cdal. Raul Silva Henriquez,20059,L2,V1,2026-02-22 13:26:47,2026-02-22 13:45:18,CC→CW,2026-02-22,,20059,20059,430,Monedero
12,180489,Chiguayante,Mercado,20844,L1,V1,2026-02-22 12:33:05,2026-02-22 13:30:19,HQ→TH,2026-02-22,,20844,20844,550,Monedero
13,180489,Chiguayante,Mercado,20844,L1,V1,2026-02-22 12:33:30,2026-02-22 13:30:01,HQ→TH,2026-02-22,,20844,20844,550,Monedero
14,180489,Mercado,Chiguayante,20847,L1,V1,2026-02-22 19:36:27,2026-02-22 20:42:28,TH→HQ,2026-02-22,,20847,20847,550,Monedero
15,180489,Mercado,Chiguayante,20847,L1,V1,2026-02-22 19:36:43,2026-02-22 20:42:03,TH→HQ,2026-02-22,,20847,20847,550,Monedero
16,184294,Los Canelos,Coronel,20041,L2,V1,2026-02-22 10:58:07,2026-02-22 11:13:31,CC→CW,2026-02-22,,20041,20041,530,Monedero
17,186774,Concepcion,Cdal. Raul Silva Henriquez,20167,L2,V1,2026-02-22 19:45:26,2026-02-22 20:29:04,CC→CW,2026-02-22,,20167,20167,570,Monedero
18,187605,Cdal. Raul Silva Henriquez,Huinca,20069,L2,V1,2026-02-22 17:07:25,2026-02-22 17:21:52,CC→CW,2026-02-22,,20069,20069,630,Monedero
19,189227,Lomas Coloradas,Concepcion,20050,L2,V1,2026-02-22 11:02:55,2026-02-22 11:41:25,CW→CC,2026-02-22,,20050,20050,570,Monedero
20,189227,Concepcion,Cdal. Raul Silva Henriquez,20063,L2,V1,2026-02-22 14:22:46,2026-02-22 15:01:41,CC→CW,2026-02-22,,20063,20063,570,Monedero
21,189842,Lomas Coloradas,Costa Mar,20056,L2,V1,2026-02-22 12:22:05,2026-02-22 12:46:45,CW→CC,2026-02-22,,20056,20056,430,Monedero
22,190586,Manquimavida,Lzo. Arenas,20848,L1,V1,2026-02-22 20:42:38,2026-02-22 21:12:06,HQ→TH,2026-02-22,,20848,20848,510,Monedero
23,190831,Cdal. Raul Silva Henriquez,Concepcion,20152,L2,V1,2026-02-22 08:50:38,2026-02-22 09:16:08,CW→CC,2026-02-22,,20152,20152,570,Monedero
24,190831,Concepcion,Cdal. Raul Silva Henriquez,20041,L2,V1,2026-02-22 10:27:50,2026-02-22 10:52:32,CC→CW,2026-02-22,,20041,20041,570,Monedero
25,201305,Lomas Coloradas,Costa Mar,20052,L2,V1,2026-02-22 11:22:52,2026-02-22 11:47:49,CW→CC,2026-02-22,,20052,20050,430,Monedero
26,201305,Costa Mar,Lomas Coloradas,20059,L2,V1,2026-02-22 12:49:09,2026-02-22 13:42:34,CC→CW,2026-02-22,,20059,20059,430,Monedero
27,215605,Los Canelos,Concepcion,20152,L2,V1,2026-02-22 08:41:10,2026-02-22 10:25:25,CW→CC,2026-02-22,combo_relajado_pase1,20152,20152,880,Monedero
28,225782,Cristo Redentor,El Parque,20152,L2,V1,2026-02-22 08:37:13,2026-02-22 08:59:12,CW→CC,2026-02-22,,20152,20152,630,Monedero
29,235340,Concepcion,Huinca,20157,L2,V1,2026-02-22 17:03:18,2026-02-22 18:06:46,CC→CW,2026-02-22,,20157,20157,850,Monedero
30,239555,Cristo Redentor,El Parque,20058,L2,V1,2026-02-22 12:36:51,2026-02-22 12:59:28,CW→CC,2026-02-22,,20058,20058,630,Monedero
31,239555,Cristo Redentor,El Parque,20058,L2,V1,2026-02-22 12:36:59,2026-02-22 12:59:01,CW→CC,2026-02-22,,20058,20058,630,Monedero
32,239555,El Parque,Concepcion,20062,L2,V1,2026-02-22 14:09:57,2026-02-22 14:32:56,CW→CC,2026-02-22,,20062,20062,570,Monedero
33,240715,Concepcion,Cdal. Raul Silva Henriquez,20063,L2,V1,2026-02-22 14:22:31,2026-02-22 15:01:36,CC→CW,2026-02-22,,20063,20063,570,Monedero
34,240715,Concepcion,El Arenal,20848,L1,V1,2026-02-22 20:18:13,2026-02-22 21:28:14,HQ→TH,2026-02-22,match_por_salida_fallback,20848,20848,590,Monedero
35,249351,Hualqui,El Arenal,20846,L1,V1,2026-02-22 16:51:57,2026-02-22 17:55:41,HQ→TH,2026-02-22,,20846,20846,580,Monedero
36,261350,Huinca,Concepcion,20162,L2,V1,2026-02-22 18:21:56,2026-02-22 19:00:51,CW→CC,2026-02-22,,20162,20162,850,Monedero
37,279383,Cdal. Raul Silva Henriquez,Diagonal Bio Bio,20056,L2,V1,2026-02-22 12:14:43,2026-02-22 12:51:36,CW→CC,2026-02-22,,20056,20056,510,Monedero
38,279383,Diagonal Bio Bio,Cdal. Raul Silva Henriquez,20063,L2,V1,2026-02-22 14:31:48,2026-02-22 15:01:49,CC→CW,2026-02-22,,20063,20063,510,Monedero
39,297977,Cdal. Raul Silva Henriquez,Concepcion,20062,L2,V1,2026-02-22 14:02:27,2026-02-22 14:33:28,CW→CC,2026-02-22,,20062,20062,570,Monedero
40,297997,Juan Pablo II,Hito Galvarino,20069,L2,V1,2026-02-22 16:49:05,2026-02-22 17:16:09,CC→CW,2026-02-22,,20069,20069,650,Monedero
41,311728,El Parque,Huinca,20069,L2,V1,2026-02-22 16:53:03,2026-02-22 17:22:35,CC→CW,2026-02-22,,20069,20069,630,Monedero
42,313472,Concepcion,Pedro Medina,20845,L1,V1,2026-02-22 15:38:43,2026-02-22 16:42:54,TH→HQ,2026-02-22,combo_por_entrada,20845,20845,910,Monedero
43,322149,Concepcion,Costa Mar,20053,L2,V1,2026-02-22 11:59:17,2026-02-22 12:27:51,CC→CW,2026-02-22,,20053,20053,570,Monedero
44,332009,Concepcion,Los Condores,20846,L1,V1,2026-02-22 17:03:16,2026-02-22 17:48:37,HQ→TH,2026-02-22,combo_por_entrada,20846,20846,590,Monedero
45,342005,Juan Pablo II,Lomas Coloradas,20053,L2,V1,2026-02-22 12:14:57,2026-02-22 12:32:00,CC→CW,2026-02-22,,20053,20053,510,Monedero
46,344760,Costa Mar,Lomas Coloradas,20069,L2,V1,2026-02-22 16:44:59,2026-02-22 17:06:12,CC→CW,2026-02-22,,20069,20069,430,Monedero
47,347369,Concepcion,Coronel,20067,L2,V1,2026-02-22 15:21:55,2026-02-22 16:15:51,CC→CW,2026-02-22,,20067,20067,880,Monedero
48,352820,Huinca,Concepcion,20166,L2,V1,2026-02-22 18:52:40,2026-02-22 19:59:39,CW→CC,2026-02-22,,20166,20166,850,Monedero
49,362806,Concepcion,Laguna Quinenco,20149,L2,V1,2026-02-22 07:35:48,2026-02-22 09:12:13,CC→CW,2026-02-22,,20149,20149,880,Monedero
50,369028,Coronel,Concepcion,20166,L2,V1,2026-02-22 19:06:24,2026-02-22 20:01:28,CW→CC,2026-02-22,,20166,20166,880,Monedero
51,369951,Concepcion,Costa Mar,20161,L2,V1,2026-02-22 18:25:14,2026-02-22 18:44:27,CC→CW,2026-02-22,,20161,20161,570,Monedero
52,370114,Huinca,Cristo Redentor,20149,L2,V1,2026-02-22 09:03:00,2026-02-22 09:09:58,CC→CW,2026-02-22,,20149,20149,440,Monedero
53,376960,Cdal. Raul Silva Henriquez,Los Canelos,20041,L2,V1,2026-02-22 10:45:17,2026-02-22 11:02:58,CC→CW,2026-02-22,,20041,20041,610,Monedero
54,376960,Los Canelos,Cdal. Raul Silva Henriquez,20066,L2,V1,2026-02-22 14:44:29,2026-02-22 15:00:59,CW→CC,2026-02-22,,20066,20066,610,Monedero
55,382787,Costa Mar,Concepcion,20062,L2,V1,2026-02-22 14:13:35,2026-02-22 14:37:19,CW→CC,2026-02-22,,20062,20062,570,Monedero
56,383566,Concepcion,Hito Galvarino,20035,L2,V1,2026-02-22 10:06:35,2026-02-22 10:59:05,CC→CW,2026-02-22,,20035,20035,850,Monedero
57,383572,Concepcion,Coronel,20163,L2,V1,2026-02-22 18:56:47,2026-02-22 19:46:58,CC→CW,2026-02-22,,20163,20163,880,Monedero
58,385674,Cristo Redentor,Laguna Quinenco,20161,L2,V1,2026-02-22 19:00:17,2026-02-22 19:12:27,CC→CW,2026-02-22,,20161,20161,450,Monedero
59,387002,Cristo Redentor,Laguna Quinenco,20067,L2,V1,2026-02-22 16:00:44,2026-02-22 16:12:00,CC→CW,2026-02-22,,20067,20067,450,Monedero
60,387002,Cristo Redentor,Laguna Quinenco,20067,L2,V1,2026-02-22 16:00:51,2026-02-22 16:11:52,CC→CW,2026-02-22,,20067,20067,450,Monedero
61,387002,Laguna Quinenco,Cristo Redentor,20076,L2,V1,2026-02-22 16:47:19,2026-02-22 16:52:36,CW→CC,2026-02-22,,20076,20076,450,Monedero
62,387002,Laguna Quinenco,Cristo Redentor,20076,L2,V1,2026-02-22 16:47:23,2026-02-22 16:52:31,CW→CC,2026-02-22,,20076,20076,450,Monedero
63,387051,Los Canelos,Concepcion,20162,L2,V1,2026-02-22 18:23:18,2026-02-22 19:01:14,CW→CC,2026-02-22,,20162,20162,850,Monedero
64,390267,Costa Mar,Cdal. Raul Silva Henriquez,20051,L2,V1,2026-02-22 11:58:38,2026-02-22 12:08:30,CC→CW,2026-02-22,,20051,20051,430,Monedero
65,390397,Concepcion,Lomas Coloradas,20167,L2,V1,2026-02-22 19:36:14,2026-02-22 20:24:13,CC→CW,2026-02-22,,20167,20167,570,Monedero
66,390537,Costa Mar,Cristo Redentor,20163,L2,V1,2026-02-22 18:56:36,2026-02-22 19:41:59,CC→CW,2026-02-22,,20163,20163,630,Monedero
67,390537,Costa Mar,Cristo Redentor,20163,L2,V1,2026-02-22 18:56:48,2026-02-22 19:41:52,CC→CW,2026-02-22,,20163,20163,630,Monedero
68,396982,Cristo Redentor,Concepcion,20062,L2,V1,2026-02-22 13:47:57,2026-02-22 14:34:30,CW→CC,2026-02-22,,20062,20062,850,Monedero
69,396982,Concepcion,Cdal. Raul Silva Henriquez,20167,L2,V1,2026-02-22 19:42:47,2026-02-22 20:29:15,CC→CW,2026-02-22,,20167,20167,570,Monedero
70,402666,Los Canelos,Costa Mar,20152,L2,V1,2026-02-22 08:36:52,2026-02-22 09:01:28,CW→CC,2026-02-22,,20152,20152,610,Monedero
71,405748,El Parque,Costa Mar,20076,L2,V1,2026-02-22 17:07:16,2026-02-22 17:14:06,CW→CC,2026-02-22,,20076,20076,430,Monedero
72,405748,El Parque,Costa Mar,20076,L2,V1,2026-02-22 17:07:32,2026-02-22 17:13:55,CW→CC,2026-02-22,,20076,20076,430,Monedero
73,405990,Los Canelos,Juan Pablo II,20062,L2,V1,2026-02-22 13:58:10,2026-02-22 14:25:49,CW→CC,2026-02-22,,20062,20062,650,Monedero
74,405990,Los Canelos,Juan Pablo II,20062,L2,V1,2026-02-22 13:58:12,2026-02-22 14:25:46,CW→CC,2026-02-22,,20062,20062,650,Monedero
75,408255,Cristo Redentor,Alborada,20052,L2,V1,2026-02-22 11:06:35,2026-02-22 11:50:27,CW→CC,2026-02-22,,20052,20050,680,Monedero
76,408255,Costa Mar,El Parque,20053,L2,V1,2026-02-22 12:23:05,2026-02-22 12:30:58,CC→CW,2026-02-22,,20053,20053,430,Monedero
77,408943,Cristo Redentor,Concepcion,20050,L2,V1,2026-02-22 11:00:12,2026-02-22 11:40:36,CW→CC,2026-02-22,,20050,20050,850,Monedero
78,412479,Costa Mar,Concepcion,20062,L2,V1,2026-02-22 14:18:01,2026-02-22 14:36:03,CW→CC,2026-02-22,,20062,20062,570,Monedero
79,412479,Concepcion,Costa Mar,20171,L2,V1,2026-02-22 20:19:57,2026-02-22 21:25:23,CC→CW,2026-02-22,,20171,20171,570,Monedero
80,413840,El Arenal,Concepcion,20859,L1,V1,2026-02-22 12:24:44,2026-02-22 12:55:30,TH→HQ,2026-02-22,,20859,20859,540,Monedero
81,413840,Concepcion,Higueras,20846,L1,V1,2026-02-22 17:23:08,2026-02-22 17:52:42,HQ→TH,2026-02-22,,20846,20846,500,Monedero
82,415145,Laguna Quinenco,Concepcion,20076,L2,V1,2026-02-22 16:39:37,2026-02-22 17:31:49,CW→CC,2026-02-22,,20076,20076,880,Monedero
83,415145,Concepcion,El Parque,20171,L2,V1,2026-02-22 20:44:13,2026-02-22 21:29:12,CC→CW,2026-02-22,,20171,20171,570,Monedero
84,415145,Concepcion,El Parque,20171,L2,V1,2026-02-22 20:44:29,2026-02-22 21:29:08,CC→CW,2026-02-22,,20171,20171,570,Monedero
85,415944,Concepcion,Lomas Coloradas,20167,L2,V1,2026-02-22 19:54:20,2026-02-22 20:25:39,CC→CW,2026-02-22,,20167,20167,570,Monedero
86,419075,Lomas Coloradas,Concepcion,20160,L2,V1,2026-02-22 17:53:17,2026-02-22 18:32:22,CW→CC,2026-02-22,,20160,20160,570,Monedero
87,419384,Los Canelos,El Parque,20052,L2,V1,2026-02-22 11:24:27,2026-02-22 11:45:32,CW→CC,2026-02-22,,20052,20052,610,Monedero
88,419384,El Parque,Cdal. Raul Silva Henriquez,20167,L2,V1,2026-02-22 20:13:09,2026-02-22 20:29:41,CC→CW,2026-02-22,,20167,20167,430,Monedero
89,422043,Laguna Quinenco,Concepcion,20166,L2,V1,2026-02-22 19:05:45,2026-02-22 20:00:08,CW→CC,2026-02-22,,20166,20166,880,Monedero
90,422144,Concepcion,Diagonal Bio Bio,20171,L2,V1,2026-02-22 20:41:15,2026-02-22 21:19:32,CC→CW,2026-02-22,,20171,20171,570,Monedero
91,425105,Concepcion,Costa Mar,20161,L2,V1,2026-02-22 18:28:52,2026-02-22 18:44:31,CC→CW,2026-02-22,,20161,20161,570,Monedero
92,428235,Lomas Coloradas,Laguna Quinenco,20035,L2,V1,2026-02-22 10:14:27,2026-02-22 10:44:58,CC→CW,2026-02-22,,20035,20035,650,Monedero
93,431638,Hito Galvarino,Laguna Quinenco,20157,L2,V1,2026-02-22 17:50:49,2026-02-22 18:12:08,CC→CW,2026-02-22,,20157,20157,530,Monedero
94,431638,Laguna Quinenco,Huinca,20166,L2,V1,2026-02-22 19:05:38,2026-02-22 19:25:46,CW→CC,2026-02-22,,20166,20166,450,Monedero
95,431651,El Arenal,Hualqui,20845,L1,V1,2026-02-22 15:54:23,2026-02-22 17:01:53,TH→HQ,2026-02-22,,20845,20845,580,Monedero
96,435142,Costa Mar,Concepcion,20062,L2,V1,2026-02-22 14:17:58,2026-02-22 14:36:00,CW→CC,2026-02-22,,20062,20062,570,Monedero
97,435142,Concepcion,Costa Mar,20171,L2,V1,2026-02-22 20:20:06,2026-02-22 21:25:23,CC→CW,2026-02-22,,20171,20171,570,Monedero
98,435390,Concepcion,Costa Mar,20067,L2,V1,2026-02-22 15:26:09,2026-02-22 15:45:31,CC→CW,2026-02-22,,20067,20067,570,Monedero
99,435440,Hito Galvarino,Concepcion,20162,L2,V1,2026-02-22 18:27:28,2026-02-22 19:01:44,CW→CC,2026-02-22,,20162,20162,850,Monedero
100,436545,Diagonal Bio Bio,Huinca,20161,L2,V1,2026-02-22 18:38:29,2026-02-22 19:06:46,CC→CW,2026-02-22,,20161,20161,680,Monedero
101,446045,Huinca,Cristo Redentor,20041,L2,V1,2026-02-22 11:02:25,2026-02-22 11:06:58,CC→CW,2026-02-22,,20041,20041,440,Monedero
102,447749,Los Canelos,Lomas Coloradas,20056,L2,V1,2026-02-22 12:26:44,2026-02-22 12:41:29,CW→CC,2026-02-22,,20056,20056,610,Monedero
103,450960,Coronel,Concepcion,20044,L2,V1,2026-02-22 09:59:33,2026-02-22 10:48:59,CW→CC,2026-02-22,,20044,20044,880,Monedero
104,450960,Coronel,Concepcion,20044,L2,V1,2026-02-22 09:59:43,2026-02-22 10:48:46,CW→CC,2026-02-22,,20044,20044,880,Monedero
105,451024,Los Canelos,Concepcion,20152,L2,V1,2026-02-22 08:41:22,2026-02-22 10:25:01,CW→CC,2026-02-22,combo_relajado_pase1,20152,20152,880,Monedero
106,451024,Concepcion,Cdal. Raul Silva Henriquez,20171,L2,V1,2026-02-22 20:02:22,2026-02-22 21:37:35,CC→CW,2026-02-22,combo_por_entrada,20171,20847,590,Monedero
107,451052,Concepcion,Coronel,20153,L2,V1,2026-02-22 09:05:12,2026-02-22 10:03:16,CC→CW,2026-02-22,,20153,20153,880,Monedero
108,463516,Diagonal Bio Bio,Costa Mar,20053,L2,V1,2026-02-22 12:02:23,2026-02-22 12:27:27,CC→CW,2026-02-22,,20053,20051,510,Monedero
109,466619,Coronel,El Parque,20050,L2,V1,2026-02-22 10:52:05,2026-02-22 11:22:00,CW→CC,2026-02-22,,20050,20050,650,Monedero
110,466619,El Parque,Lomas Coloradas,20167,L2,V1,2026-02-22 20:00:56,2026-02-22 20:24:18,CC→CW,2026-02-22,,20167,20167,430,Monedero
111,466919,Lomas Coloradas,Concepcion,20052,L2,V1,2026-02-22 11:33:29,2026-02-22 12:02:55,CW→CC,2026-02-22,,20052,20052,570,Monedero
112,466919,Lomas Coloradas,Concepcion,20052,L2,V1,2026-02-22 11:33:31,2026-02-22 12:02:49,CW→CC,2026-02-22,,20052,20052,570,Monedero
113,466919,Concepcion,Lomas Coloradas,20163,L2,V1,2026-02-22 18:56:54,2026-02-22 19:23:36,CC→CW,2026-02-22,,20163,20163,570,Monedero
114,466919,Concepcion,Lomas Coloradas,20163,L2,V1,2026-02-22 18:56:58,2026-02-22 19:23:34,CC→CW,2026-02-22,,20163,20163,570,Monedero
115,478997,Hito Galvarino,Costa Mar,20166,L2,V1,2026-02-22 19:28:09,2026-02-22 19:45:36,CW→CC,2026-02-22,,20166,20166,610,Monedero
116,480178,La Leonera,Higueras,20850,L1,V1,2026-02-22 09:36:01,2026-02-22 10:21:04,HQ→TH,2026-02-22,,20850,20850,540,Monedero
117,487692,Alborada,Hito Galvarino,20063,L2,V1,2026-02-22 14:35:30,2026-02-22 15:07:44,CC→CW,2026-02-22,,20063,20063,650,Monedero
118,490767,Cristo Redentor,Concepcion,20040,L2,V1,2026-02-22 09:43:45,2026-02-22 10:22:19,CW→CC,2026-02-22,,20040,20040,850,Monedero
119,490767,Cristo Redentor,Concepcion,20040,L2,V1,2026-02-22 09:43:59,2026-02-22 10:22:06,CW→CC,2026-02-22,,20040,20040,850,Monedero
120,495457,Lomas Coloradas,Coronel,20035,L2,V1,2026-02-22 10:09:58,2026-02-22 10:48:04,CC→CW,2026-02-22,,20035,20035,650,Monedero
121,499943,Coronel,Diagonal Bio Bio,20062,L2,V1,2026-02-22 13:48:16,2026-02-22 14:23:43,CW→CC,2026-02-22,,20062,20062,790,Monedero
122,499943,Diagonal Bio Bio,Cdal. Raul Silva Henriquez,20167,L2,V1,2026-02-22 20:11:13,2026-02-22 20:32:04,CC→CW,2026-02-22,,20167,20167,510,Monedero
123,502112,Concepcion,Huinca,20067,L2,V1,2026-02-22 15:21:28,2026-02-22 16:05:41,CC→CW,2026-02-22,,20067,20067,850,Monedero
124,502950,Concepcion,Alborada,20171,L2,V1,2026-02-22 20:51:42,2026-02-22 21:23:01,CC→CW,2026-02-22,,20171,20171,570,Monedero
125,507774,Huinca,Concepcion,20068,L2,V1,2026-02-22 15:33:31,2026-02-22 16:24:42,CW→CC,2026-02-22,,20068,20068,850,Monedero
126,516902,Concepcion,Coronel,20149,L2,V1,2026-02-22 08:29:17,2026-02-22 09:16:05,CC→CW,2026-02-22,,20149,20149,880,Monedero
127,518087,Cdal. Raul Silva Henriquez,Los Canelos,20063,L2,V1,2026-02-22 14:51:26,2026-02-22 15:10:43,CC→CW,2026-02-22,,20063,20063,610,Monedero
128,522698,Concepcion,Cdal. Raul Silva Henriquez,20167,L2,V1,2026-02-22 19:54:43,2026-02-22 20:27:51,CC→CW,2026-02-22,,20167,20167,570,Monedero
129,527834,Cdal. Raul Silva Henriquez,Laguna Quinenco,20063,L2,V1,2026-02-22 14:51:49,2026-02-22 15:18:08,CC→CW,2026-02-22,,20063,20063,650,Monedero
130,528135,Hito Galvarino,Concepcion,20066,L2,V1,2026-02-22 14:53:01,2026-02-22 15:23:58,CW→CC,2026-02-22,,20066,20066,850,Monedero
131,530633,Concepcion,Cristo Redentor,20069,L2,V1,2026-02-22 16:13:28,2026-02-22 17:24:31,CC→CW,2026-02-22,,20069,20069,850,Monedero
132,533513,Lomas Coloradas,Diagonal Bio Bio,20058,L2,V1,2026-02-22 12:51:04,2026-02-22 13:06:23,CW→CC,2026-02-22,,20058,20058,510,Monedero
133,533603,Concepcion,El Arenal,20850,L1,V1,2026-02-22 09:47:01,2026-02-22 10:25:07,HQ→TH,2026-02-22,,20850,20850,540,Monedero
134,533603,El Arenal,Concepcion,20845,L1,V1,2026-02-22 15:54:32,2026-02-22 16:25:48,TH→HQ,2026-02-22,,20845,20845,540,Monedero
135,533628,Hito Galvarino,Juan Pablo II,20068,L2,V1,2026-02-22 15:45:58,2026-02-22 16:18:21,CW→CC,2026-02-22,,20068,20068,650,Monedero
136,542164,Hito Galvarino,Concepcion,20056,L2,V1,2026-02-22 12:19:23,2026-02-22 13:03:36,CW→CC,2026-02-22,,20056,20056,850,Monedero
137,542164,Concepcion,Hito Galvarino,20161,L2,V1,2026-02-22 18:14:53,2026-02-22 18:59:25,CC→CW,2026-02-22,,20161,20161,850,Monedero
138,542247,Lomas Coloradas,Concepcion,20062,L2,V1,2026-02-22 13:45:28,2026-02-22 14:34:35,CW→CC,2026-02-22,,20062,20062,570,Monedero
139,543970,Juan Pablo II,Concepcion,20058,L2,V1,2026-02-22 12:57:56,2026-02-22 13:17:28,CW→CC,2026-02-22,,20058,20056,570,Monedero
140,544674,Concepcion,Coronel,20041,L2,V1,2026-02-22 10:16:28,2026-02-22 11:12:49,CC→CW,2026-02-22,,20041,20041,880,Monedero
141,547051,Lomas Coloradas,Diagonal Bio Bio,20058,L2,V1,2026-02-22 12:51:00,2026-02-22 13:06:29,CW→CC,2026-02-22,,20058,20058,510,Monedero
142,547212,Concepcion,Concepcion,,,N/A,2026-02-22 12:39:17,2026-02-22 12:39:58,,2026-02-22,no viajo,,,420,Monedero
143,547326,Laguna Quinenco,Los Canelos,20166,L2,V1,2026-02-22 19:00:14,2026-02-22 19:27:38,CW→CC,2026-02-22,,20166,20166,530,Monedero
144,549808,Concepcion,Los Canelos,20067,L2,V1,2026-02-22 15:17:32,2026-02-22 16:03:56,CC→CW,2026-02-22,,20067,20067,850,Monedero
145,549808,Concepcion,Los Canelos,20067,L2,V1,2026-02-22 15:17:43,2026-02-22 16:03:50,CC→CW,2026-02-22,,20067,20067,850,Monedero
146,549808,Los Canelos,Concepcion,20162,L2,V1,2026-02-22 18:26:59,2026-02-22 19:01:42,CW→CC,2026-02-22,,20162,20162,850,Monedero
147,549808,Los Canelos,Concepcion,20162,L2,V1,2026-02-22 18:27:11,2026-02-22 19:01:00,CW→CC,2026-02-22,,20162,20162,850,Monedero
148,551963,Concepcion,Diagonal Bio Bio,20069,L2,V1,2026-02-22 16:09:58,2026-02-22 16:55:32,CC→CW,2026-02-22,combo_por_entrada,20069,20069,560,Monedero
149,558145,Alborada,Concepcion,20152,L2,V1,2026-02-22 08:51:45,2026-02-22 10:25:34,CW→CC,2026-02-22,,20152,20152,570,Monedero
150,558367,Concepcion,Chiguayante,20845,L1,V1,2026-02-22 16:27:44,2026-02-22 16:40:40,TH→HQ,2026-02-22,,20845,20845,510,Monedero
151,569813,Concepcion,Coronel,20051,L2,V1,2026-02-22 11:34:42,2026-02-22 12:29:14,CC→CW,2026-02-22,,20051,20049,880,Monedero
152,569955,Coronel,Concepcion,20062,L2,V1,2026-02-22 13:48:32,2026-02-22 14:34:36,CW→CC,2026-02-22,,20062,20062,880,Monedero
153,570081,Concepcion,Laguna Quinenco,20067,L2,V1,2026-02-22 15:22:56,2026-02-22 16:12:27,CC→CW,2026-02-22,,20067,20067,880,Monedero
154,570081,Laguna Quinenco,Concepcion,20166,L2,V1,2026-02-22 19:10:41,2026-02-22 19:59:44,CW→CC,2026-02-22,,20166,20166,880,Monedero
155,575351,Lomas Coloradas,Alborada,20068,L2,V1,2026-02-22 16:02:36,2026-02-22 16:12:07,CW→CC,2026-02-22,,20068,20068,510,Monedero
156,575351,Alborada,Lomas Coloradas,20069,L2,V1,2026-02-22 16:50:51,2026-02-22 17:05:41,CC→CW,2026-02-22,,20069,20069,510,Monedero
157,575351,Lomas Coloradas,Alborada,,,N/A,2026-02-22 20:39:02,2026-02-22 20:50:30,,2026-02-22,sin_combo_factible_en_hub|sin_s1_factible_retro,,,510,Monedero
158,575351,Alborada,Lomas Coloradas,20171,L2,V1,2026-02-22 21:16:50,2026-02-22 21:31:18,CC→CW,2026-02-22,,20171,20171,510,Monedero
159,575935,Concepcion,Cdal. Raul Silva Henriquez,20167,L2,V1,2026-02-22 19:58:19,2026-02-22 20:30:18,CC→CW,2026-02-22,,20167,20167,570,Monedero
160,578764,Concepcion,Coronel,20063,L2,V1,2026-02-22 13:50:30,2026-02-22 15:21:06,CC→CW,2026-02-22,,20063,20063,880,Monedero
161,580439,La Leonera,Higueras,20850,L1,V1,2026-02-22 09:24:34,2026-02-22 10:21:15,HQ→TH,2026-02-22,,20850,20850,540,Monedero
162,580439,Higueras,La Leonera,20847,L1,V1,2026-02-22 19:51:57,2026-02-22 20:48:20,TH→HQ,2026-02-22,,20847,20847,540,Monedero
163,581584,Cdal. Raul Silva Henriquez,Concepcion,20052,L2,V1,2026-02-22 11:36:24,2026-02-22 12:02:45,CW→CC,2026-02-22,,20052,20052,570,Monedero
164,586844,Concepcion,Cdal. Raul Silva Henriquez,20171,L2,V1,2026-02-22 20:55:20,2026-02-22 21:40:24,CC→CW,2026-02-22,,20171,20171,570,Monedero
165,591891,Coronel,Concepcion,20068,L2,V1,2026-02-22 15:35:12,2026-02-22 16:25:12,CW→CC,2026-02-22,,20068,20068,880,Monedero
166,592006,Juan Pablo II,El Parque,20167,L2,V1,2026-02-22 19:56:43,2026-02-22 20:21:24,CC→CW,2026-02-22,,20167,20167,510,Monedero
167,597645,Los Canelos,Concepcion,20062,L2,V1,2026-02-22 13:48:21,2026-02-22 14:32:51,CW→CC,2026-02-22,,20062,20062,850,Monedero
168,597798,Juan Pablo II,Concepcion,20162,L2,V1,2026-02-22 18:52:25,2026-02-22 19:01:14,CW→CC,2026-02-22,,20162,20162,570,Monedero
169,605544,Cdal. Raul Silva Henriquez,Concepcion,20076,L2,V1,2026-02-22 16:52:51,2026-02-22 17:29:53,CW→CC,2026-02-22,,20076,20076,570,Monedero
170,605544,Cdal. Raul Silva Henriquez,Concepcion,20076,L2,V1,2026-02-22 16:52:57,2026-02-22 17:29:48,CW→CC,2026-02-22,,20076,20076,570,Monedero
171,605544,Cdal. Raul Silva Henriquez,Concepcion,20076,L2,V1,2026-02-22 16:53:03,2026-02-22 17:29:37,CW→CC,2026-02-22,,20076,20076,570,Monedero
172,608017,Concepcion,El Parque,20059,L2,V1,2026-02-22 12:32:31,2026-02-22 13:39:35,CC→CW,2026-02-22,combo_por_entrada,20059,20059,590,Monedero
173,608017,Concepcion,Higueras,20848,L1,V1,2026-02-22 20:41:35,2026-02-22 21:24:40,HQ→TH,2026-02-22,combo_relajado_pase1,20848,20170,590,Monedero
174,608099,Concepcion,Laguna Quinenco,20153,L2,V1,2026-02-22 09:15:41,2026-02-22 10:00:15,CC→CW,2026-02-22,,20153,20153,880,Monedero
175,610741,Juan Pablo II,Lomas Coloradas,20167,L2,V1,2026-02-22 19:29:55,2026-02-22 20:24:44,CC→CW,2026-02-22,,20167,20167,510,Monedero
176,613125,Cdal. Raul Silva Henriquez,Concepcion,20162,L2,V1,2026-02-22 18:32:18,2026-02-22 19:00:30,CW→CC,2026-02-22,,20162,20162,570,Monedero
177,613169,Cristo Redentor,Laguna Quinenco,20041,L2,V1,2026-02-22 11:04:36,2026-02-22 11:09:31,CC→CW,2026-02-22,,20041,20041,450,Monedero
178,615917,Hito Galvarino,Concepcion,20160,L2,V1,2026-02-22 17:56:23,2026-02-22 18:29:24,CW→CC,2026-02-22,,20160,20160,850,Monedero
179,620842,Cristo Redentor,Costa Mar,20156,L2,V1,2026-02-22 09:19:34,2026-02-22 09:47:04,CW→CC,2026-02-22,,20156,20156,630,Monedero
180,620842,Costa Mar,Cristo Redentor,20069,L2,V1,2026-02-22 16:06:27,2026-02-22 17:25:24,CC→CW,2026-02-22,,20069,20069,630,Monedero
181,620866,Concepcion,Coronel,20059,L2,V1,2026-02-22 13:14:08,2026-02-22 14:04:27,CC→CW,2026-02-22,,20059,20059,880,Monedero
182,620900,Concepcion,Los Canelos,20053,L2,V1,2026-02-22 12:00:11,2026-02-22 12:46:12,CC→CW,2026-02-22,,20053,20053,850,Monedero
183,625825,Concepcion,Laguna Quinenco,20063,L2,V1,2026-02-22 14:01:55,2026-02-22 15:17:49,CC→CW,2026-02-22,,20063,20063,880,Monedero
184,628029,Cdal. Raul Silva Henriquez,Los Canelos,20059,L2,V1,2026-02-22 13:41:04,2026-02-22 13:54:35,CC→CW,2026-02-22,,20059,20059,610,Monedero
185,628253,Cdal. Raul Silva Henriquez,Concepcion,20166,L2,V1,2026-02-22 19:20:23,2026-02-22 19:59:50,CW→CC,2026-02-22,,20166,20166,570,Monedero
186,630907,Lomas Coloradas,El Parque,20160,L2,V1,2026-02-22 17:44:02,2026-02-22 18:11:06,CW→CC,2026-02-22,,20160,20160,430,Monedero
187,630907,El Parque,Lomas Coloradas,20167,L2,V1,2026-02-22 20:00:48,2026-02-22 20:25:18,CC→CW,2026-02-22,,20167,20167,430,Monedero
188,631021,Hualqui,Concepcion,20850,L1,V2,2026-02-22 09:30:15,2026-02-22 10:05:46,,2026-02-22,sin_combo_factible_en_hub|sin_s1_factible_retro,,20850,550,Monedero
189,631021,Hualqui,Concepcion,20850,L1,V2,2026-02-22 09:30:20,2026-02-22 10:05:28,,2026-02-22,sin_combo_factible_en_hub|sin_s1_factible_retro,,20850,550,Monedero
190,633321,Lzo. Arenas,La Leonera,20845,L1,V1,2026-02-22 16:17:53,2026-02-22 16:47:54,TH→HQ,2026-02-22,,20845,20845,510,Monedero
191,634174,Concepcion,Concepcion,,,N/A,2026-02-22 13:32:41,2026-02-22 13:33:24,,2026-02-22,no viajo,,,420,Monedero
192,637332,Costa Mar,Concepcion,20066,L2,V1,2026-02-22 14:42:01,2026-02-22 15:24:11,CW→CC,2026-02-22,,20066,20066,570,Monedero
193,640154,Laguna Quinenco,Juan Pablo II,20160,L2,V1,2026-02-22 17:44:34,2026-02-22 18:22:02,CW→CC,2026-02-22,,20160,20160,790,Monedero
194,643159,Cristo Redentor,Concepcion,20166,L2,V1,2026-02-22 19:11:26,2026-02-22 20:02:21,CW→CC,2026-02-22,,20166,20166,850,Monedero
195,646068,Los Canelos,Concepcion,20062,L2,V1,2026-02-22 13:25:31,2026-02-22 14:33:31,CW→CC,2026-02-22,,20062,20062,850,Monedero
196,646068,Concepcion,Los Canelos,20163,L2,V1,2026-02-22 18:53:25,2026-02-22 19:36:46,CC→CW,2026-02-22,,20163,20163,850,Monedero
197,648987,Cristo Redentor,Concepcion,20062,L2,V1,2026-02-22 13:40:40,2026-02-22 14:33:11,CW→CC,2026-02-22,,20062,20062,850,Monedero
198,649083,Costa Mar,Concepcion,20056,L2,V1,2026-02-22 12:38:38,2026-02-22 13:04:40,CW→CC,2026-02-22,,20056,20056,570,Monedero
199,652056,Huinca,Concepcion,20166,L2,V1,2026-02-22 19:16:04,2026-02-22 19:59:36,CW→CC,2026-02-22,,20166,20166,850,Monedero
200,652078,Diagonal Bio Bio,Lomas Coloradas,20171,L2,V1,2026-02-22 20:57:20,2026-02-22 21:32:32,CC→CW,2026-02-22,,20171,20171,510,Monedero
201,654550,El Parque,Concepcion,20062,L2,V1,2026-02-22 14:01:09,2026-02-22 14:33:33,CW→CC,2026-02-22,,20062,20062,570,Monedero
202,657105,Concepcion,Cdal. Raul Silva Henriquez,20171,L2,V1,2026-02-22 20:33:11,2026-02-22 21:35:10,CC→CW,2026-02-22,,20171,20171,570,Monedero
203,657423,Diagonal Bio Bio,Lomas Coloradas,20171,L2,V1,2026-02-22 21:15:58,2026-02-22 21:31:17,CC→CW,2026-02-22,,20171,20171,510,Monedero
204,662299,Coronel,Costa Mar,20062,L2,V1,2026-02-22 13:46:39,2026-02-22 14:19:17,CW→CC,2026-02-22,,20062,20062,650,Monedero
205,662315,Concepcion,Alborada,20067,L2,V1,2026-02-22 15:04:06,2026-02-22 15:43:50,CC→CW,2026-02-22,,20067,20067,570,Monedero
206,662513,Lomas Coloradas,Los Canelos,20041,L2,V1,2026-02-22 10:44:50,2026-02-22 11:02:13,CC→CW,2026-02-22,,20041,20041,610,Monedero
207,662542,Concepcion,Lzo. Arenas,20844,L1,V1,2026-02-22 11:46:45,2026-02-22 13:09:14,HQ→TH,2026-02-22,combo_relajado_pase1,20844,20844,570,Monedero
208,662672,Los Canelos,Concepcion,20068,L2,V1,2026-02-22 15:45:15,2026-02-22 16:25:17,CW→CC,2026-02-22,,20068,20068,850,Monedero
209,665432,Los Canelos,Laguna Quinenco,20067,L2,V1,2026-02-22 15:54:15,2026-02-22 16:11:26,CC→CW,2026-02-22,,20067,20067,530,Monedero
210,665432,Laguna Quinenco,Los Canelos,20166,L2,V1,2026-02-22 18:39:27,2026-02-22 19:26:53,CW→CC,2026-02-22,,20166,20166,530,Monedero
211,665594,Concepcion,Concepcion,,,N/A,2026-02-22 16:44:48,2026-02-22 16:46:04,,2026-02-22,no viajo,,,420,Monedero
212,665596,Concepcion,Cdal. Raul Silva Henriquez,20171,L2,V1,2026-02-22 21:01:18,2026-02-22 21:36:04,CC→CW,2026-02-22,,20171,20171,570,Monedero
213,668149,Cdal. Raul Silva Henriquez,Concepcion,20062,L2,V1,2026-02-22 14:04:30,2026-02-22 14:34:20,CW→CC,2026-02-22,,20062,20062,570,Monedero
214,670935,Lomas Coloradas,Concepcion,20062,L2,V1,2026-02-22 14:03:05,2026-02-22 14:36:36,CW→CC,2026-02-22,,20062,20062,570,Monedero
215,670996,Concepcion,Concepcion,,,N/A,2026-02-22 14:46:57,2026-02-22 14:48:08,,2026-02-22,no viajo,,,420,Monedero
216,670996,Concepcion,Concepcion,,,N/A,2026-02-22 14:47:12,2026-02-22 14:47:59,,2026-02-22,no viajo,,,420,Monedero
217,671104,Juan Pablo II,Cdal. Raul Silva Henriquez,20171,L2,V1,2026-02-22 21:04:20,2026-02-22 21:38:36,CC→CW,2026-02-22,,20171,20171,510,Monedero
218,672810,Concepcion,Lomas Coloradas,20163,L2,V1,2026-02-22 18:53:31,2026-02-22 19:24:34,CC→CW,2026-02-22,,20163,20163,570,Monedero
219,674085,Coronel,Concepcion,20152,L2,V1,2026-02-22 08:24:23,2026-02-22 09:16:30,CW→CC,2026-02-22,,20152,20152,880,Monedero
220,674085,Concepcion,Coronel,20069,L2,V1,2026-02-22 15:47:30,2026-02-22 17:29:48,CC→CW,2026-02-22,,20069,20069,880,Monedero
221,677331,Huinca,Concepcion,20156,L2,V1,2026-02-22 09:17:37,2026-02-22 10:04:05,CW→CC,2026-02-22,,20156,20156,850,Monedero
222,679425,Costa Mar,Coronel,20051,L2,V1,2026-02-22 11:49:31,2026-02-22 12:28:58,CC→CW,2026-02-22,,20051,20049,650,Monedero
223,679425,Laguna Quinenco,Costa Mar,20162,L2,V1,2026-02-22 18:12:52,2026-02-22 18:46:22,CW→CC,2026-02-22,,20162,20162,650,Monedero
224,679691,Cristo Redentor,Concepcion,20068,L2,V1,2026-02-22 15:22:05,2026-02-22 16:26:25,CW→CC,2026-02-22,,20068,20068,850,Monedero
225,679691,Concepcion,Laguna Quinenco,20161,L2,V1,2026-02-22 17:51:21,2026-02-22 19:11:50,CC→CW,2026-02-22,,20161,20161,880,Monedero
226,682503,Concepcion,Costa Mar,20167,L2,V1,2026-02-22 19:56:17,2026-02-22 20:18:13,CC→CW,2026-02-22,,20167,20167,570,Monedero
227,688480,Alborada,Concepcion,20052,L2,V1,2026-02-22 11:46:51,2026-02-22 12:02:20,CW→CC,2026-02-22,,20052,20052,570,Monedero
228,689919,Juan Pablo II,Los Canelos,20149,L2,V1,2026-02-22 08:32:50,2026-02-22 09:05:08,CC→CW,2026-02-22,,20149,20149,650,Monedero
229,689963,Juan Pablo II,Cdal. Raul Silva Henriquez,20167,L2,V1,2026-02-22 20:06:05,2026-02-22 20:28:13,CC→CW,2026-02-22,,20167,20167,510,Monedero
230,692171,Costa Mar,Laguna Quinenco,20035,L2,V1,2026-02-22 09:48:03,2026-02-22 10:45:42,CC→CW,2026-02-22,,20035,20035,650,Monedero
231,692171,Costa Mar,Cdal. Raul Silva Henriquez,20059,L2,V1,2026-02-22 13:17:52,2026-02-22 13:44:48,CC→CW,2026-02-22,,20059,20059,430,Monedero
232,692442,Cristo Redentor,Concepcion,20062,L2,V1,2026-02-22 13:53:53,2026-02-22 14:33:54,CW→CC,2026-02-22,,20062,20062,850,Monedero
233,692483,Huinca,Concepcion,20058,L2,V1,2026-02-22 12:37:16,2026-02-22 13:16:14,CW→CC,2026-02-22,,20058,20058,850,Monedero
234,692620,Concepcion,Costa Mar,20161,L2,V1,2026-02-22 18:25:07,2026-02-22 18:44:24,CC→CW,2026-02-22,,20161,20161,570,Monedero
235,692807,Laguna Quinenco,Los Canelos,20166,L2,V1,2026-02-22 19:05:34,2026-02-22 19:27:32,CW→CC,2026-02-22,,20166,20166,530,Monedero
236,692807,Laguna Quinenco,Los Canelos,20166,L2,V1,2026-02-22 19:05:52,2026-02-22 19:27:27,CW→CC,2026-02-22,,20166,20166,530,Monedero
237,695053,Lomas Coloradas,Concepcion,20152,L2,V1,2026-02-22 08:53:25,2026-02-22 09:16:42,CW→CC,2026-02-22,,20152,20152,570,Monedero
238,695176,Juan Pablo II,Cdal. Raul Silva Henriquez,20163,L2,V1,2026-02-22 19:02:03,2026-02-22 19:26:44,CC→CW,2026-02-22,,20163,20163,510,Monedero
239,695251,Cristo Redentor,Cdal. Raul Silva Henriquez,20068,L2,V1,2026-02-22 15:43:49,2026-02-22 16:01:40,CW→CC,2026-02-22,,20068,20068,630,Monedero
240,697147,Concepcion,Los Canelos,20059,L2,V1,2026-02-22 13:03:36,2026-02-22 13:54:16,CC→CW,2026-02-22,,20059,20059,850,Monedero
241,703639,Lomas Coloradas,El Parque,20062,L2,V1,2026-02-22 14:08:00,2026-02-22 14:17:09,CW→CC,2026-02-22,,20062,20062,430,Monedero
242,704029,Cdal. Raul Silva Henriquez,Laguna Quinenco,20063,L2,V1,2026-02-22 14:52:39,2026-02-22 15:18:14,CC→CW,2026-02-22,,20063,20063,650,Monedero
243,709080,Mercado,Higueras,20859,L1,V1,2026-02-22 12:19:41,2026-02-22 12:39:09,TH→HQ,2026-02-22,,20859,20859,490,Monedero
244,710519,Laguna Quinenco,Cristo Redentor,20160,L2,V1,2026-02-22 17:42:08,2026-02-22 17:51:31,CW→CC,2026-02-22,,20160,20160,450,Monedero
245,710519,Laguna Quinenco,Cristo Redentor,20160,L2,V1,2026-02-22 17:42:31,2026-02-22 17:50:59,CW→CC,2026-02-22,,20160,20160,450,Monedero
246,711795,Concepcion,Coronel,20161,L2,V1,2026-02-22 17:56:43,2026-02-22 19:15:07,CC→CW,2026-02-22,,20161,20161,880,Monedero
247,713586,Concepcion,Coronel,20157,L2,V1,2026-02-22 17:23:51,2026-02-22 18:14:38,CC→CW,2026-02-22,,20157,20157,880,Monedero
248,713713,Costa Mar,Coronel,20059,L2,V1,2026-02-22 13:30:08,2026-02-22 14:04:07,CC→CW,2026-02-22,,20059,20059,650,Monedero
249,716059,Diagonal Bio Bio,Coronel,20059,L2,V1,2026-02-22 12:46:04,2026-02-22 14:04:43,CC→CW,2026-02-22,,20059,20059,790,Monedero
250,716059,Diagonal Bio Bio,Coronel,20059,L2,V1,2026-02-22 12:46:20,2026-02-22 14:04:41,CC→CW,2026-02-22,,20059,20059,790,Monedero
251,716059,Coronel,Diagonal Bio Bio,20160,L2,V1,2026-02-22 17:26:31,2026-02-22 18:18:12,CW→CC,2026-02-22,,20160,20160,790,Monedero
252,716059,Coronel,Diagonal Bio Bio,20160,L2,V1,2026-02-22 17:26:36,2026-02-22 18:18:08,CW→CC,2026-02-22,,20160,20160,790,Monedero
253,718958,El Parque,Costa Mar,,,N/A,2026-02-22 20:41:51,2026-02-22 20:48:06,,2026-02-22,sin_combo_factible_en_hub|sin_s1_factible_retro,,,430,Monedero
254,718974,Costa Mar,Huinca,20067,L2,V1,2026-02-22 15:39:38,2026-02-22 16:05:12,CC→CW,2026-02-22,,20067,20067,630,Monedero
255,719985,Huinca,Concepcion,20052,L2,V1,2026-02-22 11:22:04,2026-02-22 12:03:23,CW→CC,2026-02-22,,20052,20052,850,Monedero
256,719985,Concepcion,Huinca,20063,L2,V1,2026-02-22 14:31:04,2026-02-22 15:13:15,CC→CW,2026-02-22,,20063,20063,850,Monedero
257,721317,Concepcion,Lomas Coloradas,20157,L2,V1,2026-02-22 17:19:06,2026-02-22 17:51:27,CC→CW,2026-02-22,,20157,20157,570,Monedero
258,726662,Juan Pablo II,Lomas Coloradas,20063,L2,V1,2026-02-22 14:40:59,2026-02-22 14:58:58,CC→CW,2026-02-22,,20063,20063,510,Monedero
259,729407,Lomas Coloradas,Alborada,20062,L2,V1,2026-02-22 14:07:33,2026-02-22 14:21:28,CW→CC,2026-02-22,,20062,20062,510,Monedero
260,729407,Juan Pablo II,Alborada,20171,L2,V1,2026-02-22 20:44:10,2026-02-22 21:22:25,CC→CW,2026-02-22,,20171,20171,440,Monedero
261,729412,Costa Mar,Coronel,20059,L2,V1,2026-02-22 13:28:16,2026-02-22 14:04:23,CC→CW,2026-02-22,,20059,20059,650,Monedero
262,730522,Cdal. Raul Silva Henriquez,Diagonal Bio Bio,20058,L2,V1,2026-02-22 12:48:25,2026-02-22 13:05:57,CW→CC,2026-02-22,,20058,20058,510,Monedero
263,730522,Diagonal Bio Bio,Cdal. Raul Silva Henriquez,20171,L2,V1,2026-02-22 20:58:02,2026-02-22 21:35:41,CC→CW,2026-02-22,,20171,20171,510,Monedero
264,733846,Huinca,Cristo Redentor,20053,L2,V1,2026-02-22 12:44:21,2026-02-22 12:47:37,CC→CW,2026-02-22,,20053,20053,440,Monedero
265,739842,Concepcion,Cdal. Raul Silva Henriquez,20063,L2,V1,2026-02-22 14:31:50,2026-02-22 15:01:18,CC→CW,2026-02-22,,20063,20063,570,Monedero
266,739904,Lomas Coloradas,Concepcion,20166,L2,V1,2026-02-22 19:33:33,2026-02-22 19:59:40,CW→CC,2026-02-22,,20166,20166,570,Monedero
267,740383,Diagonal Bio Bio,Lomas Coloradas,20069,L2,V1,2026-02-22 16:47:21,2026-02-22 17:05:38,CC→CW,2026-02-22,,20069,20069,510,Monedero
268,740589,Huinca,Concepcion,20068,L2,V1,2026-02-22 15:46:39,2026-02-22 16:25:23,CW→CC,2026-02-22,,20068,20068,850,Monedero
269,740589,Concepcion,Huinca,20161,L2,V1,2026-02-22 17:57:53,2026-02-22 19:39:06,CC→CW,2026-02-22,,20161,20161,850,Monedero
270,741487,Lomas Coloradas,Concepcion,20156,L2,V1,2026-02-22 09:36:38,2026-02-22 10:04:03,CW→CC,2026-02-22,,20156,20156,570,Monedero
271,741487,Concepcion,Lomas Coloradas,20049,L2,V1,2026-02-22 11:22:28,2026-02-22 11:52:05,CC→CW,2026-02-22,,20049,20049,570,Monedero
272,746347,Laguna Quinenco,El Parque,20058,L2,V1,2026-02-22 12:33:34,2026-02-22 12:58:15,CW→CC,2026-02-22,,20058,20058,650,Monedero
273,746347,Laguna Quinenco,El Parque,20058,L2,V1,2026-02-22 12:33:45,2026-02-22 12:58:09,CW→CC,2026-02-22,,20058,20058,650,Monedero
274,750009,Concepcion,Cristo Redentor,20053,L2,V1,2026-02-22 11:59:10,2026-02-22 12:47:59,CC→CW,2026-02-22,,20053,20053,850,Monedero
275,751921,Concepcion,Pedro Medina,20847,L1,V1,2026-02-22 20:05:10,2026-02-22 20:44:11,TH→HQ,2026-02-22,,20847,20847,510,Monedero
276,759882,Costa Mar,Cdal. Raul Silva Henriquez,20167,L2,V1,2026-02-22 19:52:19,2026-02-22 20:28:07,CC→CW,2026-02-22,,20167,20167,430,Monedero
277,762183,Alborada,Concepcion,20152,L2,V1,2026-02-22 09:01:37,2026-02-22 09:20:45,CW→CC,2026-02-22,,20152,20152,570,Monedero
278,762183,Concepcion,Alborada,20157,L2,V1,2026-02-22 17:11:48,2026-02-22 17:44:43,CC→CW,2026-02-22,,20157,20157,570,Monedero
279,764435,Los Condores,Chiguayante,20845,L1,V1,2026-02-22 16:08:09,2026-02-22 16:39:50,TH→HQ,2026-02-22,,20845,20845,540,Monedero
280,766340,Concepcion,Cdal. Raul Silva Henriquez,20167,L2,V1,2026-02-22 19:49:19,2026-02-22 20:32:17,CC→CW,2026-02-22,,20167,20167,570,Monedero
281,768742,Costa Mar,Concepcion,20052,L2,V1,2026-02-22 11:46:45,2026-02-22 12:02:37,CW→CC,2026-02-22,,20052,20052,570,Monedero
282,768742,Concepcion,Costa Mar,20069,L2,V1,2026-02-22 16:17:06,2026-02-22 16:59:24,CC→CW,2026-02-22,,20069,20069,570,Monedero
283,773203,Concepcion,Cristo Redentor,20157,L2,V1,2026-02-22 16:55:20,2026-02-22 18:09:35,CC→CW,2026-02-22,,20157,20157,850,Monedero
284,774902,Costa Mar,Lomas Coloradas,20049,L2,V1,2026-02-22 11:20:21,2026-02-22 11:52:02,CC→CW,2026-02-22,,20049,20049,430,Monedero
285,775576,Huinca,Juan Pablo II,20044,L2,V1,2026-02-22 10:06:53,2026-02-22 10:41:02,CW→CC,2026-02-22,,20044,20044,680,Monedero
286,775576,Juan Pablo II,Los Canelos,20067,L2,V1,2026-02-22 14:51:58,2026-02-22 16:03:55,CC→CW,2026-02-22,,20067,20067,650,Monedero
287,776953,El Parque,Concepcion,20162,L2,V1,2026-02-22 18:26:29,2026-02-22 19:00:34,CW→CC,2026-02-22,,20162,20162,570,Monedero
288,776953,El Parque,Concepcion,20162,L2,V1,2026-02-22 18:26:49,2026-02-22 19:00:21,CW→CC,2026-02-22,,20162,20162,570,Monedero
289,777557,Cristo Redentor,Laguna Quinenco,20035,L2,V1,2026-02-22 10:21:02,2026-02-22 10:44:51,CC→CW,2026-02-22,,20035,20035,450,Monedero
290,777674,Costa Mar,Los Canelos,20067,L2,V1,2026-02-22 15:13:50,2026-02-22 16:03:46,CC→CW,2026-02-22,,20067,20067,610,Monedero
291,779841,Concepcion,Coronel,20059,L2,V1,2026-02-22 13:10:24,2026-02-22 14:05:34,CC→CW,2026-02-22,,20059,20059,880,Monedero
292,784480,Concepcion,El Parque,20153,L2,V1,2026-02-22 09:17:08,2026-02-22 09:37:14,CC→CW,2026-02-22,,20153,20153,570,Monedero
293,784509,Costa Mar,Concepcion,20156,L2,V1,2026-02-22 09:29:25,2026-02-22 10:03:16,CW→CC,2026-02-22,,20156,20156,570,Monedero
294,784655,Concepcion,Cdal. Raul Silva Henriquez,20059,L2,V1,2026-02-22 12:20:10,2026-02-22 13:44:25,CC→CW,2026-02-22,,20059,20059,570,Monedero
295,784655,Cdal. Raul Silva Henriquez,Concepcion,,,N/A,2026-02-22 14:08:19,2026-02-22 14:20:16,,2026-02-22,sin_combo_factible_en_hub|sin_s1_factible_retro,,,570,Monedero
296,784832,Laguna Quinenco,El Parque,20160,L2,V1,2026-02-22 17:34:44,2026-02-22 18:10:46,CW→CC,2026-02-22,,20160,20160,650,Monedero
297,784832,El Parque,Concepcion,20162,L2,V1,2026-02-22 18:36:23,2026-02-22 19:00:58,CW→CC,2026-02-22,,20162,20162,570,Monedero
298,787270,Coronel,Concepcion,20068,L2,V1,2026-02-22 15:26:06,2026-02-22 16:25:58,CW→CC,2026-02-22,,20068,20068,880,Monedero
299,787430,Laguna Quinenco,Concepcion,20066,L2,V1,2026-02-22 14:37:00,2026-02-22 15:23:09,CW→CC,2026-02-22,,20066,20066,880,Monedero
300,794175,Cristo Redentor,Concepcion,20068,L2,V1,2026-02-22 15:22:10,2026-02-22 16:26:30,CW→CC,2026-02-22,,20068,20068,850,Monedero
301,794175,Concepcion,Laguna Quinenco,20161,L2,V1,2026-02-22 17:51:30,2026-02-22 19:12:02,CC→CW,2026-02-22,,20161,20161,880,Monedero
302,797041,Hito Galvarino,Concepcion,20052,L2,V1,2026-02-22 11:14:22,2026-02-22 12:02:48,CW→CC,2026-02-22,,20052,20050,850,Monedero
303,797077,Costa Mar,Diagonal Bio Bio,20044,L2,V1,2026-02-22 10:24:28,2026-02-22 10:38:31,CW→CC,2026-02-22,,20044,20044,510,Monedero
304,797077,Diagonal Bio Bio,Cristo Redentor,20053,L2,V1,2026-02-22 12:16:40,2026-02-22 12:47:54,CC→CW,2026-02-22,,20053,20053,680,Monedero
305,801948,Concepcion,La Leonera,20847,L1,V1,2026-02-22 20:19:37,2026-02-22 20:50:35,TH→HQ,2026-02-22,,20847,20847,510,Monedero
306,801948,Concepcion,La Leonera,20847,L1,V1,2026-02-22 20:19:48,2026-02-22 20:50:19,TH→HQ,2026-02-22,,20847,20847,510,Monedero
307,802526,Concepcion,Lomas Coloradas,20171,L2,V1,2026-02-22 20:53:14,2026-02-22 21:30:56,CC→CW,2026-02-22,,20171,20171,570,Monedero
308,804155,Los Canelos,Diagonal Bio Bio,20056,L2,V1,2026-02-22 12:21:14,2026-02-22 12:52:49,CW→CC,2026-02-22,,20056,20056,650,Monedero
309,804155,Diagonal Bio Bio,Cdal. Raul Silva Henriquez,20067,L2,V1,2026-02-22 15:31:00,2026-02-22 15:55:17,CC→CW,2026-02-22,,20067,20067,510,Monedero
310,805379,Concepcion,Los Canelos,20059,L2,V1,2026-02-22 12:39:58,2026-02-22 13:54:38,CC→CW,2026-02-22,,20059,20059,850,Monedero
311,809821,Concepcion,Manquimavida,20845,L1,V1,2026-02-22 15:29:03,2026-02-22 16:45:58,TH→HQ,2026-02-22,combo_por_entrada,20845,20845,910,Monedero
312,811910,Costa Mar,Cristo Redentor,20059,L2,V1,2026-02-22 13:18:08,2026-02-22 13:59:30,CC→CW,2026-02-22,,20059,20059,630,Monedero
313,811910,Costa Mar,Cristo Redentor,20059,L2,V1,2026-02-22 13:18:31,2026-02-22 13:59:03,CC→CW,2026-02-22,,20059,20059,630,Monedero
314,811910,Costa Mar,Cristo Redentor,20059,L2,V1,2026-02-22 13:18:46,2026-02-22 13:58:48,CC→CW,2026-02-22,,20059,20059,630,Monedero
315,811910,Costa Mar,Cristo Redentor,20059,L2,V1,2026-02-22 13:18:58,2026-02-22 13:58:33,CC→CW,2026-02-22,,20059,20059,630,Monedero
316,814922,Laguna Quinenco,Diagonal Bio Bio,20076,L2,V1,2026-02-22 16:36:40,2026-02-22 17:18:52,CW→CC,2026-02-22,,20076,20076,790,Monedero
317,814922,Concepcion,Lomas Coloradas,20171,L2,V1,2026-02-22 20:41:29,2026-02-22 21:31:27,CC→CW,2026-02-22,,20171,20171,570,Monedero
318,815086,Huinca,Concepcion,20066,L2,V1,2026-02-22 14:46:58,2026-02-22 15:23:31,CW→CC,2026-02-22,,20066,20066,850,Monedero
319,817546,Concepcion,Cristo Redentor,20067,L2,V1,2026-02-22 15:11:58,2026-02-22 16:08:49,CC→CW,2026-02-22,,20067,20067,850,Monedero
320,817675,Concepcion,Costa Mar,20167,L2,V1,2026-02-22 19:54:27,2026-02-22 20:18:10,CC→CW,2026-02-22,,20167,20167,570,Monedero
321,817836,Pedro Medina,Hualqui,20847,L1,V1,2026-02-22 20:37:46,2026-02-22 21:00:52,TH→HQ,2026-02-22,,20847,20847,500,Monedero
322,820432,Lomas Coloradas,Concepcion,20056,L2,V1,2026-02-22 12:40:23,2026-02-22 13:06:58,CW→CC,2026-02-22,,20056,20056,570,Monedero
323,822742,Costa Mar,Concepcion,20066,L2,V1,2026-02-22 14:47:07,2026-02-22 15:24:48,CW→CC,2026-02-22,,20066,20066,570,Monedero
324,822796,Higueras,Concepcion,20845,L1,V1,2026-02-22 15:55:11,2026-02-22 16:27:09,TH→HQ,2026-02-22,,20845,20845,500,Monedero
325,824498,Los Canelos,Diagonal Bio Bio,20040,L2,V1,2026-02-22 09:45:01,2026-02-22 10:12:48,CW→CC,2026-02-22,,20040,20040,650,Monedero
326,824498,Diagonal Bio Bio,Huinca,20059,L2,V1,2026-02-22 13:07:22,2026-02-22 13:56:18,CC→CW,2026-02-22,,20059,20059,680,Monedero
327,824606,Coronel,Concepcion,20066,L2,V1,2026-02-22 14:38:10,2026-02-22 15:23:42,CW→CC,2026-02-22,,20066,20066,880,Monedero
328,833154,Coronel,Costa Mar,20152,L2,V1,2026-02-22 08:23:24,2026-02-22 09:01:34,CW→CC,2026-02-22,,20152,20152,650,Monedero
329,833154,Costa Mar,Coronel,20049,L2,V1,2026-02-22 11:35:38,2026-02-22 12:13:30,CC→CW,2026-02-22,,20049,20049,650,Monedero
330,835605,Los Canelos,Concepcion,20166,L2,V1,2026-02-22 19:16:12,2026-02-22 20:01:15,CW→CC,2026-02-22,,20166,20166,850,Monedero
331,837502,Manquimavida,Concepcion,20846,L1,V1,2026-02-22 16:49:16,2026-02-22 17:35:25,HQ→TH,2026-02-22,,20846,20846,510,Monedero
332,839933,Cristo Redentor,Concepcion,20050,L2,V1,2026-02-22 10:45:18,2026-02-22 11:43:37,CW→CC,2026-02-22,,20050,20050,850,Monedero
333,839973,Los Canelos,Diagonal Bio Bio,20068,L2,V1,2026-02-22 15:37:29,2026-02-22 16:15:33,CW→CC,2026-02-22,,20068,20068,650,Monedero
334,842016,Lomas Coloradas,Cdal. Raul Silva Henriquez,20171,L2,V1,2026-02-22 21:27:10,2026-02-22 21:45:12,CC→CW,2026-02-22,,20171,20171,430,Monedero
335,844160,Concepcion,Concepcion,,,N/A,2026-02-22 15:35:35,2026-02-22 15:37:20,,2026-02-22,no viajo,,,420,Monedero
336,844160,Concepcion,Concepcion,,,N/A,2026-02-22 15:35:54,2026-02-22 15:37:10,,2026-02-22,no viajo,,,420,Monedero
337,844160,Concepcion,Concepcion,,,N/A,2026-02-22 17:11:50,2026-02-22 17:16:09,,2026-02-22,no viajo,,,420,Monedero
338,854297,Concepcion,El Parque,20067,L2,V1,2026-02-22 15:27:30,2026-02-22 15:49:10,CC→CW,2026-02-22,,20067,20067,570,Monedero
339,854297,El Parque,Concepcion,20166,L2,V1,2026-02-22 19:41:14,2026-02-22 20:00:41,CW→CC,2026-02-22,,20166,20166,570,Monedero
340,854304,Concepcion,Los Canelos,20059,L2,V1,2026-02-22 13:06:01,2026-02-22 13:55:14,CC→CW,2026-02-22,,20059,20059,850,Monedero
341,854304,Huinca,Concepcion,20066,L2,V1,2026-02-22 14:41:42,2026-02-22 15:23:37,CW→CC,2026-02-22,,20066,20066,850,Monedero
342,861876,Los Canelos,Concepcion,20062,L2,V1,2026-02-22 13:55:44,2026-02-22 14:33:05,CW→CC,2026-02-22,,20062,20062,850,Monedero
343,861876,Concepcion,Lomas Coloradas,20171,L2,V1,2026-02-22 20:52:57,2026-02-22 21:31:31,CC→CW,2026-02-22,,20171,20171,570,Monedero
344,864374,Laguna Quinenco,Alborada,20076,L2,V1,2026-02-22 16:44:10,2026-02-22 17:16:42,CW→CC,2026-02-22,,20076,20076,790,Monedero
345,864374,Alborada,Laguna Quinenco,20157,L2,V1,2026-02-22 17:33:23,2026-02-22 18:11:48,CC→CW,2026-02-22,,20157,20157,790,Monedero
346,869775,Cdal. Raul Silva Henriquez,Lomas Coloradas,20056,L2,V1,2026-02-22 12:36:59,2026-02-22 12:41:28,CW→CC,2026-02-22,,20056,20056,430,Monedero
347,869775,Lomas Coloradas,Cdal. Raul Silva Henriquez,20167,L2,V1,2026-02-22 20:16:21,2026-02-22 20:27:50,CC→CW,2026-02-22,,20167,20167,430,Monedero
348,869955,Lomas Coloradas,Huinca,20049,L2,V1,2026-02-22 11:45:35,2026-02-22 12:05:13,CC→CW,2026-02-22,,20049,20049,630,Monedero
349,872159,Concepcion,Laguna Quinenco,20069,L2,V1,2026-02-22 15:54:14,2026-02-22 17:30:08,CC→CW,2026-02-22,combo_por_entrada,20069,20069,910,Monedero
350,872670,Concepcion,Concepcion,,,N/A,2026-02-22 11:07:38,2026-02-22 11:08:14,,2026-02-22,no viajo,,,420,Monedero
351,875892,Concepcion,Concepcion,,,N/A,2026-02-22 19:50:31,2026-02-22 20:10:25,,2026-02-22,no viajo,,,420,Monedero
352,877308,Lomas Coloradas,Juan Pablo II,20160,L2,V1,2026-02-22 18:03:00,2026-02-22 18:21:57,CW→CC,2026-02-22,,20160,20160,510,Monedero
353,877326,Concepcion,Los Canelos,20041,L2,V1,2026-02-22 10:24:22,2026-02-22 11:06:36,CC→CW,2026-02-22,,20041,20041,850,Monedero
354,877326,Concepcion,Los Canelos,20041,L2,V1,2026-02-22 10:24:54,2026-02-22 11:06:23,CC→CW,2026-02-22,,20041,20041,850,Monedero
355,877326,Concepcion,Los Canelos,20041,L2,V1,2026-02-22 10:25:09,2026-02-22 11:05:08,CC→CW,2026-02-22,,20041,20041,850,Monedero
356,877415,Concepcion,Cdal. Raul Silva Henriquez,20167,L2,V1,2026-02-22 19:44:21,2026-02-22 20:30:06,CC→CW,2026-02-22,,20167,20167,570,Monedero
357,881738,Huinca,El Parque,20076,L2,V1,2026-02-22 16:46:19,2026-02-22 17:12:34,CW→CC,2026-02-22,,20076,20076,630,Monedero
358,881776,Concepcion,El Parque,20153,L2,V1,2026-02-22 09:14:43,2026-02-22 09:36:36,CC→CW,2026-02-22,,20153,20153,570,Monedero
359,881776,El Parque,Concepcion,,,N/A,2026-02-22 20:36:19,2026-02-22 21:03:52,,2026-02-22,sin_combo_factible_en_hub|sin_s1_factible_retro,,,570,Monedero
360,883746,Concepcion,Huinca,20157,L2,V1,2026-02-22 17:22:18,2026-02-22 18:07:29,CC→CW,2026-02-22,,20157,20157,850,Monedero
361,885805,Huinca,Concepcion,20050,L2,V1,2026-02-22 10:46:17,2026-02-22 11:40:28,CW→CC,2026-02-22,,20050,20050,850,Monedero
362,885805,Concepcion,Concepcion,,,N/A,2026-02-22 12:21:08,2026-02-22 12:22:01,,2026-02-22,no viajo,,,420,Monedero
363,885805,Concepcion,Los Canelos,20063,L2,V1,2026-02-22 14:05:59,2026-02-22 15:13:21,CC→CW,2026-02-22,,20063,20063,850,Monedero
364,885998,El Parque,Diagonal Bio Bio,,,N/A,2026-02-22 20:41:46,2026-02-22 20:53:54,,2026-02-22,sin_combo_factible_en_hub|sin_s1_factible_retro,,,510,Monedero
365,886000,Cristo Redentor,Laguna Quinenco,20163,L2,V1,2026-02-22 19:35:38,2026-02-22 19:43:46,CC→CW,2026-02-22,,20163,20163,450,Monedero
366,889703,Costa Mar,Huinca,20161,L2,V1,2026-02-22 18:33:07,2026-02-22 19:07:39,CC→CW,2026-02-22,,20161,20161,630,Monedero
367,891267,Juan Pablo II,Alborada,20171,L2,V1,2026-02-22 20:44:25,2026-02-22 21:22:40,CC→CW,2026-02-22,,20171,20171,440,Monedero
368,893187,Lomas Coloradas,Concepcion,20156,L2,V1,2026-02-22 09:37:29,2026-02-22 10:03:52,CW→CC,2026-02-22,,20156,20156,570,Monedero
369,893187,Juan Pablo II,Lomas Coloradas,20157,L2,V1,2026-02-22 17:28:12,2026-02-22 17:52:10,CC→CW,2026-02-22,,20157,20157,510,Monedero
370,895447,Concepcion,Los Canelos,20059,L2,V1,2026-02-22 13:13:59,2026-02-22 13:55:15,CC→CW,2026-02-22,,20059,20059,850,Monedero
371,895689,Alborada,Hito Galvarino,20069,L2,V1,2026-02-22 16:49:14,2026-02-22 17:15:53,CC→CW,2026-02-22,,20069,20069,650,Monedero
372,895702,Concepcion,Diagonal Bio Bio,20163,L2,V1,2026-02-22 18:53:23,2026-02-22 19:13:48,CC→CW,2026-02-22,,20163,20163,570,Monedero
373,901936,Concepcion,Cdal. Raul Silva Henriquez,20171,L2,V1,2026-02-22 20:37:36,2026-02-22 21:37:06,CC→CW,2026-02-22,,20171,20171,570,Monedero
374,903920,Concepcion,Concepcion,,,N/A,2026-02-22 20:38:11,2026-02-22 20:44:46,,2026-02-22,no viajo,,,420,Monedero
375,903920,Concepcion,Concepcion,,,N/A,2026-02-22 20:38:54,2026-02-22 20:44:15,,2026-02-22,no viajo,,,420,Monedero
376,906016,Huinca,Concepcion,20040,L2,V1,2026-02-22 09:42:45,2026-02-22 10:22:12,CW→CC,2026-02-22,,20040,20040,850,Monedero
377,906019,Concepcion,Costa Mar,20149,L2,V1,2026-02-22 08:09:57,2026-02-22 08:47:03,CC→CW,2026-02-22,,20149,20149,570,Monedero
378,910259,El Arenal,Concepcion,20859,L1,V1,2026-02-22 12:30:38,2026-02-22 12:54:46,TH→HQ,2026-02-22,,20859,20859,540,Monedero
379,910338,Laguna Quinenco,Los Canelos,20166,L2,V1,2026-02-22 19:05:32,2026-02-22 19:27:18,CW→CC,2026-02-22,,20166,20166,530,Monedero
380,912331,El Parque,Lomas Coloradas,20167,L2,V1,2026-02-22 20:17:26,2026-02-22 20:25:09,CC→CW,2026-02-22,,20167,20167,430,Monedero
381,912471,Costa Mar,Concepcion,20056,L2,V1,2026-02-22 12:43:20,2026-02-22 13:04:18,CW→CC,2026-02-22,,20056,20056,570,Monedero
382,915242,El Parque,Huinca,20161,L2,V1,2026-02-22 18:43:03,2026-02-22 19:07:33,CC→CW,2026-02-22,,20161,20161,630,Monedero
383,915249,El Parque,Concepcion,20076,L2,V1,2026-02-22 16:45:53,2026-02-22 17:30:11,CW→CC,2026-02-22,,20076,20076,570,Monedero
384,915249,Concepcion,El Parque,20171,L2,V1,2026-02-22 20:05:22,2026-02-22 21:28:20,CC→CW,2026-02-22,,20171,20167,570,Monedero
385,915517,Concepcion,Los Canelos,20069,L2,V1,2026-02-22 16:26:23,2026-02-22 17:19:58,CC→CW,2026-02-22,,20069,20069,850,Monedero
386,915562,Huinca,Concepcion,20152,L2,V1,2026-02-22 08:26:40,2026-02-22 09:38:52,CW→CC,2026-02-22,,20152,20152,850,Monedero
387,915562,Concepcion,Cristo Redentor,20067,L2,V1,2026-02-22 15:32:28,2026-02-22 17:24:12,CC→CW,2026-02-22,,20067,20067,850,Monedero
388,919863,Concepcion,Los Canelos,20053,L2,V1,2026-02-22 12:01:45,2026-02-22 12:44:01,CC→CW,2026-02-22,,20053,20053,850,Monedero
389,919883,Concepcion,Cristo Redentor,20161,L2,V1,2026-02-22 18:18:53,2026-02-22 19:09:16,CC→CW,2026-02-22,,20161,20161,850,Monedero
390,922480,Concepcion,Cdal. Raul Silva Henriquez,20063,L2,V1,2026-02-22 14:27:24,2026-02-22 15:01:59,CC→CW,2026-02-22,,20063,20063,570,Monedero
391,922480,Cdal. Raul Silva Henriquez,Concepcion,20170,L2,V1,2026-02-22 20:33:31,2026-02-22 21:04:10,CW→CC,2026-02-22,,20170,20170,570,Monedero
392,924699,Concepcion,Concepcion,,,N/A,2026-02-22 20:54:26,2026-02-22 20:55:29,,2026-02-22,no viajo,,,420,Monedero
393,932774,Laguna Quinenco,Concepcion,20068,L2,V1,2026-02-22 15:31:38,2026-02-22 16:26:41,CW→CC,2026-02-22,,20068,20068,880,Monedero
394,933213,Concepcion,Lomas Coloradas,20163,L2,V1,2026-02-22 18:42:25,2026-02-22 19:23:58,CC→CW,2026-02-22,,20163,20163,570,Monedero
395,933535,Lomas Coloradas,Juan Pablo II,20066,L2,V1,2026-02-22 14:35:33,2026-02-22 15:16:34,CW→CC,2026-02-22,,20066,20066,510,Monedero
396,935816,Concepcion,Concepcion,,,N/A,2026-02-22 11:41:02,2026-02-22 11:42:45,,2026-02-22,no viajo,,,420,Monedero
397,935902,Lomas Coloradas,Concepcion,20052,L2,V1,2026-02-22 11:33:05,2026-02-22 12:02:36,CW→CC,2026-02-22,,20052,20052,570,Monedero
398,939799,Concepcion,Lomas Coloradas,20171,L2,V1,2026-02-22 20:49:56,2026-02-22 21:32:39,CC→CW,2026-02-22,,20171,20171,570,Monedero
399,940025,Hito Galvarino,Huinca,20067,L2,V1,2026-02-22 15:49:32,2026-02-22 16:05:53,CC→CW,2026-02-22,,20067,20067,460,Monedero
400,941850,Cdal. Raul Silva Henriquez,Concepcion,20068,L2,V1,2026-02-22 15:54:30,2026-02-22 16:25:27,CW→CC,2026-02-22,,20068,20068,570,Monedero
401,941850,Concepcion,Cdal. Raul Silva Henriquez,20163,L2,V1,2026-02-22 18:47:18,2026-02-22 19:27:16,CC→CW,2026-02-22,,20163,20163,570,Monedero
402,941865,Los Canelos,El Parque,20040,L2,V1,2026-02-22 09:43:05,2026-02-22 10:06:15,CW→CC,2026-02-22,,20040,20040,610,Monedero
403,941865,Los Canelos,El Parque,20040,L2,V1,2026-02-22 09:43:11,2026-02-22 10:06:12,CW→CC,2026-02-22,,20040,20040,610,Monedero
404,941865,El Parque,Cristo Redentor,20049,L2,V1,2026-02-22 11:31:18,2026-02-22 12:08:17,CC→CW,2026-02-22,,20049,20049,630,Monedero
405,941865,El Parque,Cristo Redentor,20049,L2,V1,2026-02-22 11:31:24,2026-02-22 12:08:13,CC→CW,2026-02-22,,20049,20049,630,Monedero
406,945962,Hito Galvarino,Cristo Redentor,20059,L2,V1,2026-02-22 13:35:18,2026-02-22 13:58:49,CC→CW,2026-02-22,,20059,20059,460,Monedero
407,946060,Huinca,Hito Galvarino,20076,L2,V1,2026-02-22 16:52:36,2026-02-22 16:59:15,CW→CC,2026-02-22,,20076,20076,460,Monedero
408,953513,Lomas Coloradas,Cdal. Raul Silva Henriquez,20053,L2,V1,2026-02-22 12:21:55,2026-02-22 12:35:03,CC→CW,2026-02-22,,20053,20053,430,Monedero
409,953513,Lomas Coloradas,Cdal. Raul Silva Henriquez,20053,L2,V1,2026-02-22 12:22:08,2026-02-22 12:34:55,CC→CW,2026-02-22,,20053,20053,430,Monedero
410,953513,Coronel,Cdal. Raul Silva Henriquez,20166,L2,V1,2026-02-22 18:48:51,2026-02-22 19:38:16,CW→CC,2026-02-22,,20166,20166,650,Monedero
411,953513,Coronel,Cdal. Raul Silva Henriquez,20166,L2,V1,2026-02-22 18:49:01,2026-02-22 19:38:12,CW→CC,2026-02-22,,20166,20166,650,Monedero
412,953513,Coronel,Cdal. Raul Silva Henriquez,20166,L2,V1,2026-02-22 18:49:07,2026-02-22 19:37:58,CW→CC,2026-02-22,,20166,20166,650,Monedero
413,955201,Los Canelos,El Parque,20156,L2,V1,2026-02-22 08:59:48,2026-02-22 09:44:35,CW→CC,2026-02-22,,20156,20156,610,Monedero
414,955502,Concepcion,Los Canelos,20053,L2,V1,2026-02-22 12:07:28,2026-02-22 12:55:57,CC→CW,2026-02-22,,20053,20053,850,Monedero
415,955502,Hito Galvarino,Juan Pablo II,20166,L2,V1,2026-02-22 19:30:17,2026-02-22 19:54:00,CW→CC,2026-02-22,,20166,20166,650,Monedero
416,958955,Concepcion,Costa Mar,20069,L2,V1,2026-02-22 16:43:55,2026-02-22 17:00:39,CC→CW,2026-02-22,,20069,20069,570,Monedero
417,959022,Huinca,Juan Pablo II,20056,L2,V1,2026-02-22 12:18:55,2026-02-22 12:54:57,CW→CC,2026-02-22,,20056,20056,680,Monedero
418,963585,Concepcion,La Leonera,20881,L1,V1,2026-02-22 08:05:00,2026-02-22 08:28:16,TH→HQ,2026-02-22,,20881,20881,510,Monedero
419,964882,Concepcion,Coronel,20149,L2,V1,2026-02-22 08:34:02,2026-02-22 10:03:24,CC→CW,2026-02-22,,20149,20149,880,Monedero
420,965279,Cristo Redentor,Concepcion,,,N/A,2026-02-22 13:51:42,2026-02-22 14:15:38,,2026-02-22,sin_combo_factible_en_hub|sin_s1_factible_retro,,,850,Monedero
421,965279,Concepcion,Lomas Coloradas,20167,L2,V1,2026-02-22 19:38:59,2026-02-22 20:24:16,CC→CW,2026-02-22,,20167,20167,570,Monedero
422,965313,Hualqui,Concepcion,20848,L1,V1,2026-02-22 20:13:35,2026-02-22 21:05:35,HQ→TH,2026-02-22,,20848,20848,550,Monedero
423,967160,Huinca,Concepcion,20066,L2,V1,2026-02-22 14:36:06,2026-02-22 15:24:35,CW→CC,2026-02-22,,20066,20066,850,Monedero
424,968925,El Arenal,Hualqui,20857,L1,V1,2026-02-22 08:29:28,2026-02-22 09:32:18,TH→HQ,2026-02-22,,20857,20857,580,Monedero
425,969055,Laguna Quinenco,Concepcion,20156,L2,V1,2026-02-22 09:21:12,2026-02-22 10:22:18,CW→CC,2026-02-22,,20156,20156,880,Monedero
426,973135,Concepcion,Costa Mar,20069,L2,V1,2026-02-22 16:43:54,2026-02-22 17:00:46,CC→CW,2026-02-22,,20069,20069,570,Monedero
427,973171,Huinca,Concepcion,20050,L2,V1,2026-02-22 10:49:38,2026-02-22 11:39:57,CW→CC,2026-02-22,,20050,20050,850,Monedero
428,973171,Concepcion,Costa Mar,20171,L2,V1,2026-02-22 20:41:44,2026-02-22 21:24:53,CC→CW,2026-02-22,,20171,20171,570,Monedero
429,975310,Cristo Redentor,Diagonal Bio Bio,20062,L2,V1,2026-02-22 13:54:19,2026-02-22 14:25:26,CW→CC,2026-02-22,,20062,20062,680,Monedero
430,975310,Diagonal Bio Bio,Cdal. Raul Silva Henriquez,20167,L2,V1,2026-02-22 19:52:09,2026-02-22 20:34:03,CC→CW,2026-02-22,,20167,20167,510,Monedero
431,975310,Diagonal Bio Bio,Cdal. Raul Silva Henriquez,20167,L2,V1,2026-02-22 19:52:38,2026-02-22 20:31:31,CC→CW,2026-02-22,,20167,20167,510,Monedero
432,980625,Hito Galvarino,Laguna Quinenco,20063,L2,V1,2026-02-22 15:01:58,2026-02-22 15:18:54,CC→CW,2026-02-22,,20063,20063,530,Monedero
433,980757,El Parque,Concepcion,20066,L2,V1,2026-02-22 14:56:30,2026-02-22 15:23:08,CW→CC,2026-02-22,,20066,20066,570,Monedero
434,987401,El Parque,Cdal. Raul Silva Henriquez,20167,L2,V1,2026-02-22 20:17:17,2026-02-22 20:31:07,CC→CW,2026-02-22,,20167,20167,430,Monedero
435,987662,Coronel,Concepcion,20160,L2,V1,2026-02-22 17:25:16,2026-02-22 18:28:16,CW→CC,2026-02-22,,20160,20160,880,Monedero
436,987687,Concepcion,Concepcion,,,N/A,2026-02-22 12:16:46,2026-02-22 12:17:28,,2026-02-22,no viajo,,,420,Monedero
437,989395,Cristo Redentor,Concepcion,20052,L2,V1,2026-02-22 11:19:32,2026-02-22 12:06:56,CW→CC,2026-02-22,,20052,20052,850,Monedero
438,991420,Laguna Quinenco,Concepcion,20062,L2,V1,2026-02-22 13:40:22,2026-02-22 14:33:46,CW→CC,2026-02-22,,20062,20062,880,Monedero
439,998155,Hito Galvarino,Concepcion,20062,L2,V1,2026-02-22 13:58:18,2026-02-22 14:32:41,CW→CC,2026-02-22,,20062,20062,850,Monedero
440,998155,Concepcion,Cdal. Raul Silva Henriquez,20171,L2,V1,2026-02-22 20:36:16,2026-02-22 21:39:11,CC→CW,2026-02-22,,20171,20171,570,Monedero
441,999801,Hito Galvarino,Concepcion,20068,L2,V1,2026-02-22 15:44:03,2026-02-22 16:26:59,CW→CC,2026-02-22,,20068,20068,850,Monedero
442,1001886,Los Canelos,El Parque,20068,L2,V1,2026-02-22 15:48:35,2026-02-22 16:09:11,CW→CC,2026-02-22,,20068,20068,610,Monedero
443,1001886,El Parque,Concepcion,20076,L2,V1,2026-02-22 17:05:05,2026-02-22 17:29:31,CW→CC,2026-02-22,,20076,20076,570,Monedero
444,1002116,El Arenal,Concepcion,20845,L1,V1,2026-02-22 16:03:52,2026-02-22 17:40:37,TH→HQ,2026-02-22,,20845,20845,540,Monedero
445,1002116,El Arenal,Concepcion,20845,L1,V1,2026-02-22 16:04:02,2026-02-22 17:40:23,TH→HQ,2026-02-22,,20845,20845,540,Monedero
446,1002145,Cdal. Raul Silva Henriquez,Juan Pablo II,20040,L2,V1,2026-02-22 09:54:19,2026-02-22 10:15:12,CW→CC,2026-02-22,,20040,20040,510,Monedero
447,1004521,Concepcion,Cdal. Raul Silva Henriquez,20167,L2,V1,2026-02-22 19:43:21,2026-02-22 20:28:27,CC→CW,2026-02-22,,20167,20167,570,Monedero
448,1004754,Concepcion,Lomas Coloradas,20167,L2,V1,2026-02-22 19:15:01,2026-02-22 20:25:55,CC→CW,2026-02-22,,20167,20167,570,Monedero
449,1004759,Concepcion,Alborada,20035,L2,V1,2026-02-22 09:27:11,2026-02-22 10:43:17,CC→CW,2026-02-22,combo_por_entrada,20035,20035,590,Monedero
450,1006736,Concepcion,Cdal. Raul Silva Henriquez,20059,L2,V1,2026-02-22 13:08:34,2026-02-22 13:45:29,CC→CW,2026-02-22,,20059,20059,570,Monedero
451,1006818,Los Canelos,Concepcion,,,N/A,2026-02-22 14:43:16,2026-02-22 15:08:00,,2026-02-22,sin_combo_factible_en_hub|sin_s1_factible_retro,,,850,Monedero
452,1006854,Coronel,Concepcion,20152,L2,V1,2026-02-22 08:23:19,2026-02-22 09:16:29,CW→CC,2026-02-22,,20152,20152,880,Monedero
453,1006854,Concepcion,Cdal. Raul Silva Henriquez,20167,L2,V1,2026-02-22 19:56:57,2026-02-22 20:32:06,CC→CW,2026-02-22,,20167,20167,570,Monedero
454,1011213,Los Canelos,Concepcion,20152,L2,V1,2026-02-22 08:41:46,2026-02-22 09:25:39,CW→CC,2026-02-22,,20152,20152,850,Monedero
455,1011213,Concepcion,El Arenal,20850,L1,V1,2026-02-22 09:53:45,2026-02-22 10:24:51,HQ→TH,2026-02-22,,20850,20850,540,Monedero
456,1011213,Concepcion,Cdal. Raul Silva Henriquez,20171,L2,V1,2026-02-22 20:02:25,2026-02-22 21:38:38,CC→CW,2026-02-22,combo_por_entrada,20171,20171,590,Monedero
457,1011213,Concepcion,Cdal. Raul Silva Henriquez,20171,L2,V1,2026-02-22 20:02:32,2026-02-22 21:38:02,CC→CW,2026-02-22,combo_por_entrada,20171,20171,590,Monedero
458,1013293,Chiguayante,Concepcion,20846,L1,V1,2026-02-22 17:07:00,2026-02-22 17:34:44,HQ→TH,2026-02-22,,20846,20846,510,Monedero
459,1013293,Concepcion,Manquimavida,20847,L1,V1,2026-02-22 19:28:31,2026-02-22 20:47:23,TH→HQ,2026-02-22,,20847,20847,510,Monedero
460,1013436,Huinca,Concepcion,20076,L2,V1,2026-02-22 16:49:12,2026-02-22 17:30:03,CW→CC,2026-02-22,,20076,20076,850,Monedero
461,1013436,Concepcion,Cdal. Raul Silva Henriquez,20171,L2,V1,2026-02-22 20:32:13,2026-02-22 21:37:29,CC→CW,2026-02-22,,20171,20171,570,Monedero
462,1013580,Diagonal Bio Bio,Laguna Quinenco,20059,L2,V1,2026-02-22 13:14:16,2026-02-22 14:01:59,CC→CW,2026-02-22,,20059,20059,790,Monedero
463,1013580,Laguna Quinenco,Diagonal Bio Bio,20068,L2,V1,2026-02-22 15:33:04,2026-02-22 16:15:42,CW→CC,2026-02-22,,20068,20068,790,Monedero
464,1015688,Laguna Quinenco,Hito Galvarino,20062,L2,V1,2026-02-22 13:48:56,2026-02-22 14:03:47,CW→CC,2026-02-22,,20062,20062,530,Monedero
465,1015946,Cdal. Raul Silva Henriquez,Concepcion,20062,L2,V1,2026-02-22 13:46:19,2026-02-22 14:32:22,CW→CC,2026-02-22,,20062,20062,570,Monedero
466,1019228,Concepcion,Lomas Coloradas,20035,L2,V1,2026-02-22 10:05:22,2026-02-22 10:49:42,CC→CW,2026-02-22,,20035,20035,570,Monedero
467,1019301,Concepcion,Concepcion,,,N/A,2026-02-22 17:19:30,2026-02-22 17:20:11,,2026-02-22,no viajo,,,420,Monedero
468,1019358,Laguna Quinenco,Juan Pablo II,20066,L2,V1,2026-02-22 14:32:03,2026-02-22 15:16:55,CW→CC,2026-02-22,,20066,20066,790,Monedero
469,1019436,Coronel,Juan Pablo II,20066,L2,V1,2026-02-22 14:21:32,2026-02-22 15:16:15,CW→CC,2026-02-22,,20066,20066,790,Monedero
470,1021451,Laguna Quinenco,Concepcion,20062,L2,V1,2026-02-22 13:43:11,2026-02-22 14:32:27,CW→CC,2026-02-22,,20062,20062,880,Monedero
471,1021502,Huinca,Concepcion,20068,L2,V1,2026-02-22 15:38:26,2026-02-22 16:25:04,CW→CC,2026-02-22,,20068,20068,850,Monedero
472,1021505,Laguna Quinenco,Concepcion,20162,L2,V1,2026-02-22 18:10:26,2026-02-22 19:01:15,CW→CC,2026-02-22,,20162,20162,880,Monedero
473,1021518,Cristo Redentor,Concepcion,20166,L2,V1,2026-02-22 19:14:16,2026-02-22 20:00:08,CW→CC,2026-02-22,,20166,20166,850,Monedero
474,1023575,Hito Galvarino,Concepcion,20062,L2,V1,2026-02-22 13:58:16,2026-02-22 14:32:47,CW→CC,2026-02-22,,20062,20062,850,Monedero
475,1023575,Concepcion,Cdal. Raul Silva Henriquez,20171,L2,V1,2026-02-22 20:36:08,2026-02-22 21:39:17,CC→CW,2026-02-22,,20171,20171,570,Monedero
476,1023652,Lomas Coloradas,Concepcion,20162,L2,V1,2026-02-22 18:29:30,2026-02-22 19:02:09,CW→CC,2026-02-22,,20162,20162,570,Monedero
477,1025071,Los Condores,La Leonera,20859,L1,V1,2026-02-22 12:40:34,2026-02-22 13:18:46,TH→HQ,2026-02-22,,20859,20859,540,Monedero
478,1025071,La Leonera,Los Condores,20848,L1,V1,2026-02-22 20:37:19,2026-02-22 21:20:29,HQ→TH,2026-02-22,,20848,20848,540,Monedero
479,1025384,Laguna Quinenco,El Parque,20056,L2,V1,2026-02-22 12:04:19,2026-02-22 12:44:59,CW→CC,2026-02-22,,20056,20056,650,Monedero
480,1025384,Laguna Quinenco,El Parque,20056,L2,V1,2026-02-22 12:04:35,2026-02-22 12:44:54,CW→CC,2026-02-22,,20056,20056,650,Monedero
481,1025392,Mercado,Concepcion,20847,L1,V1,2026-02-22 19:57:17,2026-02-22 20:25:13,TH→HQ,2026-02-22,,20847,20847,540,Monedero
482,1025659,Concepcion,Coronel,20059,L2,V1,2026-02-22 13:10:08,2026-02-22 14:05:20,CC→CW,2026-02-22,,20059,20059,880,Monedero
483,1027676,Concepcion,Cdal. Raul Silva Henriquez,20063,L2,V1,2026-02-22 14:31:52,2026-02-22 15:01:25,CC→CW,2026-02-22,,20063,20063,570,Monedero
484,1028851,Huinca,Concepcion,20052,L2,V1,2026-02-22 11:26:22,2026-02-22 12:02:55,CW→CC,2026-02-22,,20052,20052,850,Monedero
485,1028851,Concepcion,Huinca,20157,L2,V1,2026-02-22 17:26:32,2026-02-22 18:06:22,CC→CW,2026-02-22,,20157,20157,850,Monedero
486,1029466,Concepcion,Huinca,20067,L2,V1,2026-02-22 15:25:27,2026-02-22 16:06:38,CC→CW,2026-02-22,,20067,20067,850,Monedero
487,1029554,Concepcion,Cdal. Raul Silva Henriquez,20171,L2,V1,2026-02-22 21:06:37,2026-02-22 21:36:59,CC→CW,2026-02-22,,20171,20171,570,Monedero
488,1031133,Los Canelos,Concepcion,20050,L2,V1,2026-02-22 10:54:04,2026-02-22 11:41:57,CW→CC,2026-02-22,,20050,20050,850,Monedero
489,1031133,Concepcion,Concepcion,,,N/A,2026-02-22 15:30:34,2026-02-22 15:32:50,,2026-02-22,no viajo,,,420,Monedero
490,1031133,Concepcion,Los Canelos,20161,L2,V1,2026-02-22 17:49:52,2026-02-22 19:04:32,CC→CW,2026-02-22,,20161,20161,850,Monedero
491,1031146,Juan Pablo II,Alborada,20171,L2,V1,2026-02-22 21:03:02,2026-02-22 21:23:29,CC→CW,2026-02-22,,20171,20171,440,Monedero
492,1031193,Laguna Quinenco,Alborada,20040,L2,V1,2026-02-22 09:39:05,2026-02-22 10:10:20,CW→CC,2026-02-22,,20040,20040,790,Monedero
493,1031344,Laguna Quinenco,Cristo Redentor,20066,L2,V1,2026-02-22 14:38:27,2026-02-22 14:46:47,CW→CC,2026-02-22,,20066,20066,450,Monedero
494,1031403,Concepcion,Lomas Coloradas,20067,L2,V1,2026-02-22 15:31:37,2026-02-22 17:06:24,CC→CW,2026-02-22,,20067,20067,570,Monedero
495,1033063,El Parque,Cristo Redentor,20069,L2,V1,2026-02-22 16:11:21,2026-02-22 17:25:13,CC→CW,2026-02-22,,20069,20069,630,Monedero
496,1033063,El Parque,Cristo Redentor,20069,L2,V1,2026-02-22 16:11:32,2026-02-22 17:24:50,CC→CW,2026-02-22,,20069,20069,630,Monedero
497,1033234,Cristo Redentor,El Parque,20160,L2,V1,2026-02-22 17:43:48,2026-02-22 18:10:56,CW→CC,2026-02-22,,20160,20160,630,Monedero
498,1033234,El Parque,Concepcion,20162,L2,V1,2026-02-22 18:41:27,2026-02-22 19:00:36,CW→CC,2026-02-22,,20162,20162,570,Monedero
499,1033234,Concepcion,Lomas Coloradas,20167,L2,V1,2026-02-22 19:51:12,2026-02-22 20:24:06,CC→CW,2026-02-22,,20167,20167,570,Monedero
500,1033386,Concepcion,Cristo Redentor,20161,L2,V1,2026-02-22 18:20:21,2026-02-22 19:09:16,CC→CW,2026-02-22,,20161,20161,850,Monedero
501,1033397,Huinca,Concepcion,20166,L2,V1,2026-02-22 19:21:17,2026-02-22 20:32:04,CW→CC,2026-02-22,,20166,20166,850,Monedero
502,1033497,Concepcion,Lomas Coloradas,20167,L2,V1,2026-02-22 19:53:12,2026-02-22 20:24:25,CC→CW,2026-02-22,,20167,20167,570,Monedero
503,1035288,Coronel,Concepcion,20050,L2,V1,2026-02-22 10:45:22,2026-02-22 11:40:41,CW→CC,2026-02-22,,20050,20050,880,Monedero
504,1035387,Huinca,Juan Pablo II,20162,L2,V1,2026-02-22 18:10:14,2026-02-22 18:53:37,CW→CC,2026-02-22,,20162,20162,680,Monedero
505,1037046,Laguna Quinenco,Costa Mar,20056,L2,V1,2026-02-22 12:17:28,2026-02-22 12:46:39,CW→CC,2026-02-22,,20056,20056,650,Monedero
506,1037059,Concepcion,Lomas Coloradas,20171,L2,V1,2026-02-22 20:49:49,2026-02-22 21:32:43,CC→CW,2026-02-22,,20171,20171,570,Monedero
507,1037081,Concepcion,Mercado,20850,L1,V1,2026-02-22 09:35:28,2026-02-22 10:28:00,HQ→TH,2026-02-22,combo_relajado_pase1,20850,20850,580,Monedero
508,1037081,Mercado,Hualqui,20847,L1,V1,2026-02-22 19:47:23,2026-02-22 21:01:08,TH→HQ,2026-02-22,,20847,20847,580,Monedero
509,1037316,Cristo Redentor,Concepcion,20044,L2,V1,2026-02-22 10:03:24,2026-02-22 10:48:50,CW→CC,2026-02-22,,20044,20044,850,Monedero
510,1037316,Concepcion,Cristo Redentor,20051,L2,V1,2026-02-22 11:45:09,2026-02-22 12:48:03,CC→CW,2026-02-22,,20051,20051,850,Monedero
511,1037356,Laguna Quinenco,Concepcion,20156,L2,V1,2026-02-22 09:14:41,2026-02-22 10:09:02,CW→CC,2026-02-22,,20156,20156,880,Monedero
512,1039538,Concepcion,Cdal. Raul Silva Henriquez,20171,L2,V1,2026-02-22 20:56:26,2026-02-22 21:34:39,CC→CW,2026-02-22,,20171,20171,570,Monedero
513,1041682,Concepcion,Costa Mar,20157,L2,V1,2026-02-22 17:04:59,2026-02-22 17:47:16,CC→CW,2026-02-22,,20157,20157,570,Monedero
514,1041698,Concepcion,Cdal. Raul Silva Henriquez,20171,L2,V1,2026-02-22 20:26:06,2026-02-22 21:37:50,CC→CW,2026-02-22,,20171,20171,570,Monedero
515,1041777,Los Canelos,Concepcion,20066,L2,V1,2026-02-22 14:47:40,2026-02-22 15:23:32,CW→CC,2026-02-22,,20066,20066,850,Monedero
516,1041796,Hito Galvarino,Juan Pablo II,20062,L2,V1,2026-02-22 14:00:14,2026-02-22 14:25:55,CW→CC,2026-02-22,,20062,20062,650,Monedero
517,1041796,El Parque,Cdal. Raul Silva Henriquez,20167,L2,V1,2026-02-22 20:01:05,2026-02-22 20:30:15,CC→CW,2026-02-22,,20167,20167,430,Monedero
518,1044001,Concepcion,Coronel,20153,L2,V1,2026-02-22 09:08:30,2026-02-22 10:02:33,CC→CW,2026-02-22,,20153,20153,880,Monedero
519,1044001,Coronel,Concepcion,20052,L2,V1,2026-02-22 11:18:14,2026-02-22 12:02:59,CW→CC,2026-02-22,,20052,20052,880,Monedero
520,1046114,Laguna Quinenco,El Parque,20056,L2,V1,2026-02-22 12:04:19,2026-02-22 12:45:04,CW→CC,2026-02-22,,20056,20056,650,Monedero
521,1046114,El Parque,Cristo Redentor,20063,L2,V1,2026-02-22 14:30:50,2026-02-22 15:15:42,CC→CW,2026-02-22,,20063,20063,630,Monedero
522,1046312,Huinca,Concepcion,20066,L2,V1,2026-02-22 14:24:23,2026-02-22 15:24:07,CW→CC,2026-02-22,,20066,20066,850,Monedero
523,1046475,Concepcion,Chiguayante,20847,L1,V1,2026-02-22 20:18:21,2026-02-22 20:41:24,TH→HQ,2026-02-22,,20847,20847,510,Monedero
524,1046547,Cdal. Raul Silva Henriquez,Concepcion,20166,L2,V1,2026-02-22 19:31:37,2026-02-22 20:01:02,CW→CC,2026-02-22,,20166,20166,570,Monedero
525,1051207,Concepcion,Cdal. Raul Silva Henriquez,20161,L2,V1,2026-02-22 17:49:42,2026-02-22 18:53:39,CC→CW,2026-02-22,,20161,20161,570,Monedero
526,1053271,Concepcion,Pedro Medina,20847,L1,V1,2026-02-22 19:20:58,2026-02-22 20:43:15,TH→HQ,2026-02-22,combo_por_entrada,20847,20847,590,Monedero
527,1055180,Coronel,Concepcion,20152,L2,V1,2026-02-22 08:22:29,2026-02-22 09:15:51,CW→CC,2026-02-22,,20152,20152,880,Monedero
528,1055285,Juan Pablo II,Cdal. Raul Silva Henriquez,20171,L2,V1,2026-02-22 20:49:50,2026-02-22 21:34:44,CC→CW,2026-02-22,,20171,20171,510,Monedero
529,1055368,Laguna Quinenco,Costa Mar,20076,L2,V1,2026-02-22 16:36:11,2026-02-22 17:18:59,CW→CC,2026-02-22,,20076,20076,650,Monedero
530,1055368,Laguna Quinenco,Costa Mar,20076,L2,V1,2026-02-22 16:36:15,2026-02-22 17:14:50,CW→CC,2026-02-22,,20076,20076,650,Monedero
531,1057341,Hito Galvarino,Concepcion,20062,L2,V1,2026-02-22 13:58:17,2026-02-22 14:32:42,CW→CC,2026-02-22,,20062,20062,850,Monedero
532,1057341,Concepcion,Cdal. Raul Silva Henriquez,20171,L2,V1,2026-02-22 20:36:14,2026-02-22 21:38:44,CC→CW,2026-02-22,,20171,20171,570,Monedero
533,1059493,Cristo Redentor,Concepcion,20052,L2,V1,2026-02-22 11:19:41,2026-02-22 12:06:46,CW→CC,2026-02-22,,20052,20052,850,Monedero
534,1059493,Concepcion,Cdal. Raul Silva Henriquez,20059,L2,V1,2026-02-22 12:44:46,2026-02-22 21:39:38,CC→CW,2026-02-22,,20059,20059,570,Monedero
535,1059642,Concepcion,Cdal. Raul Silva Henriquez,20171,L2,V1,2026-02-22 20:41:11,2026-02-22 21:36:16,CC→CW,2026-02-22,match_por_salida_fallback,20171,20171,590,Monedero
536,1062046,Cdal. Raul Silva Henriquez,Coronel,20053,L2,V1,2026-02-22 12:18:22,2026-02-22 12:53:03,CC→CW,2026-02-22,,20053,20053,650,Monedero
537,1064543,Concepcion,Cristo Redentor,20059,L2,V1,2026-02-22 12:54:10,2026-02-22 13:59:41,CC→CW,2026-02-22,,20059,20059,850,Monedero
538,1064615,Lzo. Arenas,Manquimavida,20847,L1,V1,2026-02-22 20:19:26,2026-02-22 20:45:51,TH→HQ,2026-02-22,,20847,20847,510,Monedero
539,1066311,Concepcion,Cristo Redentor,20157,L2,V1,2026-02-22 17:01:34,2026-02-22 18:09:17,CC→CW,2026-02-22,,20157,20157,850,Monedero
540,1066359,Laguna Quinenco,Concepcion,20058,L2,V1,2026-02-22 12:31:15,2026-02-22 13:16:34,CW→CC,2026-02-22,,20058,20058,880,Monedero
541,1068378,Lomas Coloradas,El Parque,20076,L2,V1,2026-02-22 16:48:07,2026-02-22 17:12:25,CW→CC,2026-02-22,,20076,20076,430,Monedero
542,1069076,Coronel,El Parque,20062,L2,V1,2026-02-22 13:44:17,2026-02-22 14:17:19,CW→CC,2026-02-22,,20062,20062,650,Monedero
543,1069076,El Parque,Costa Mar,20066,L2,V1,2026-02-22 14:58:24,2026-02-22 15:09:38,CW→CC,2026-02-22,,20066,20066,430,Monedero
544,1069076,Costa Mar,Laguna Quinenco,20067,L2,V1,2026-02-22 15:17:44,2026-02-22 16:12:39,CC→CW,2026-02-22,,20067,20067,650,Monedero
545,1070454,Concepcion,Lomas Coloradas,20161,L2,V1,2026-02-22 18:24:29,2026-02-22 19:24:08,CC→CW,2026-02-22,,20161,20161,570,Monedero
546,1070506,Concepcion,Cristo Redentor,20059,L2,V1,2026-02-22 12:58:32,2026-02-22 13:57:46,CC→CW,2026-02-22,,20059,20059,850,Monedero
547,1070680,Cristo Redentor,Lomas Coloradas,20040,L2,V1,2026-02-22 09:31:10,2026-02-22 10:02:32,CW→CC,2026-02-22,,20040,20040,630,Monedero
548,1072268,Costa Mar,Coronel,20063,L2,V1,2026-02-22 14:45:48,2026-02-22 15:21:28,CC→CW,2026-02-22,,20063,20063,650,Monedero
549,1072848,Concepcion,Cdal. Raul Silva Henriquez,20171,L2,V1,2026-02-22 20:58:26,2026-02-22 21:36:38,CC→CW,2026-02-22,,20171,20171,570,Monedero
550,1074664,Mercado,Pedro Medina,20845,L1,V1,2026-02-22 15:51:48,2026-02-22 16:42:42,TH→HQ,2026-02-22,,20845,20845,550,Monedero
551,1074785,Concepcion,Cristo Redentor,20069,L2,V1,2026-02-22 16:32:43,2026-02-22 17:25:30,CC→CW,2026-02-22,,20069,20069,850,Monedero
552,1074881,Concepcion,Hito Galvarino,20067,L2,V1,2026-02-22 14:56:25,2026-02-22 15:59:53,CC→CW,2026-02-22,,20067,20067,850,Monedero
553,1074881,Hito Galvarino,Concepcion,20160,L2,V1,2026-02-22 17:48:02,2026-02-22 18:29:15,CW→CC,2026-02-22,,20160,20160,850,Monedero
554,1074899,Concepcion,Lomas Coloradas,20069,L2,V1,2026-02-22 16:39:31,2026-02-22 17:08:36,CC→CW,2026-02-22,,20069,20069,570,Monedero
555,1074899,Concepcion,Lomas Coloradas,20069,L2,V1,2026-02-22 16:39:47,2026-02-22 17:08:27,CC→CW,2026-02-22,,20069,20069,570,Monedero
556,1074985,Concepcion,El Parque,20153,L2,V1,2026-02-22 09:16:31,2026-02-22 09:36:55,CC→CW,2026-02-22,,20153,20153,570,Monedero
557,1074985,El Parque,Concepcion,20166,L2,V1,2026-02-22 19:35:45,2026-02-22 19:59:21,CW→CC,2026-02-22,,20166,20166,570,Monedero
558,1074985,Concepcion,Hualqui,20847,L1,V1,2026-02-22 20:21:31,2026-02-22 21:02:08,TH→HQ,2026-02-22,,20847,20847,550,Monedero
559,1077077,Concepcion,Lomas Coloradas,20167,L2,V1,2026-02-22 19:47:50,2026-02-22 20:25:55,CC→CW,2026-02-22,,20167,20167,570,Monedero
560,1078890,Laguna Quinenco,Concepcion,20068,L2,V1,2026-02-22 15:26:35,2026-02-22 16:25:07,CW→CC,2026-02-22,,20068,20068,880,Monedero
561,1079041,Laguna Quinenco,Concepcion,,,N/A,2026-02-22 10:40:00,2026-02-22 11:22:37,,2026-02-22,sin_combo_factible_en_hub|sin_s1_factible_retro,,,880,Monedero
562,1079041,Concepcion,Los Canelos,20161,L2,V1,2026-02-22 17:59:00,2026-02-22 19:05:08,CC→CW,2026-02-22,,20161,20161,850,Monedero
563,1079150,Cdal. Raul Silva Henriquez,Juan Pablo II,20152,L2,V1,2026-02-22 08:51:10,2026-02-22 09:09:17,CW→CC,2026-02-22,,20152,20152,510,Monedero
564,1079150,Juan Pablo II,Cdal. Raul Silva Henriquez,20171,L2,V1,2026-02-22 21:05:14,2026-02-22 21:35:31,CC→CW,2026-02-22,,20171,20171,510,Monedero
565,1079308,Concepcion,Cristo Redentor,20049,L2,V1,2026-02-22 11:30:42,2026-02-22 12:08:48,CC→CW,2026-02-22,,20049,20049,850,Monedero
566,1079334,Concepcion,Cdal. Raul Silva Henriquez,20171,L2,V1,2026-02-22 20:41:16,2026-02-22 21:36:34,CC→CW,2026-02-22,match_por_salida_fallback,20171,20171,590,Monedero
567,1081753,Concepcion,Coronel,20059,L2,V1,2026-02-22 13:10:19,2026-02-22 14:05:28,CC→CW,2026-02-22,,20059,20059,880,Monedero
568,1081776,Costa Mar,Coronel,20053,L2,V1,2026-02-22 12:17:29,2026-02-22 12:53:32,CC→CW,2026-02-22,,20053,20053,650,Monedero
569,1083781,El Arenal,Concepcion,20859,L1,V1,2026-02-22 12:30:39,2026-02-22 12:54:50,TH→HQ,2026-02-22,,20859,20859,540,Monedero
570,1083815,Manquimavida,Los Condores,20850,L1,V1,2026-02-22 09:38:04,2026-02-22 10:18:03,HQ→TH,2026-02-22,,20850,20850,540,Monedero
571,1086395,Huinca,Juan Pablo II,20152,L2,V1,2026-02-22 08:36:05,2026-02-22 09:09:38,CW→CC,2026-02-22,,20152,20152,680,Monedero
572,1086458,Cdal. Raul Silva Henriquez,Concepcion,20062,L2,V1,2026-02-22 13:37:24,2026-02-22 14:33:49,CW→CC,2026-02-22,,20062,20062,570,Monedero
573,1086550,Huinca,Juan Pablo II,20152,L2,V1,2026-02-22 08:36:07,2026-02-22 09:09:43,CW→CC,2026-02-22,,20152,20152,680,Monedero
574,1086778,Los Canelos,Concepcion,20066,L2,V1,2026-02-22 14:39:36,2026-02-22 15:23:12,CW→CC,2026-02-22,,20066,20066,850,Monedero
575,1086778,Concepcion,Cdal. Raul Silva Henriquez,20167,L2,V1,2026-02-22 19:53:18,2026-02-22 20:28:18,CC→CW,2026-02-22,,20167,20167,570,Monedero
576,1086818,Concepcion,Coronel,20059,L2,V1,2026-02-22 13:20:00,2026-02-22 14:04:48,CC→CW,2026-02-22,,20059,20059,880,Monedero
577,1086818,Coronel,Concepcion,20162,L2,V1,2026-02-22 17:49:06,2026-02-22 19:00:39,CW→CC,2026-02-22,,20162,20160,880,Monedero
578,1089237,Coronel,Concepcion,20068,L2,V1,2026-02-22 15:27:58,2026-02-22 16:26:55,CW→CC,2026-02-22,,20068,20068,880,Monedero
579,1095942,Costa Mar,Hito Galvarino,20063,L2,V1,2026-02-22 14:33:23,2026-02-22 15:07:22,CC→CW,2026-02-22,,20063,20063,610,Monedero
580,1097245,Diagonal Bio Bio,Alborada,20157,L2,V1,2026-02-22 17:31:02,2026-02-22 17:45:24,CC→CW,2026-02-22,,20157,20157,440,Monedero
581,1097245,Diagonal Bio Bio,Alborada,20157,L2,V1,2026-02-22 17:31:15,2026-02-22 17:45:14,CC→CW,2026-02-22,,20157,20157,440,Monedero
582,1097245,Alborada,Diagonal Bio Bio,20160,L2,V1,2026-02-22 17:58:51,2026-02-22 18:19:30,CW→CC,2026-02-22,,20160,20160,440,Monedero
583,1097245,Alborada,Diagonal Bio Bio,20160,L2,V1,2026-02-22 17:59:04,2026-02-22 18:19:20,CW→CC,2026-02-22,,20160,20160,440,Monedero
584,1097511,Cdal. Raul Silva Henriquez,Coronel,20059,L2,V1,2026-02-22 13:39:52,2026-02-22 14:05:18,CC→CW,2026-02-22,,20059,20059,650,Monedero
585,1097511,Coronel,Cdal. Raul Silva Henriquez,20076,L2,V1,2026-02-22 16:40:52,2026-02-22 17:05:37,CW→CC,2026-02-22,,20076,20076,650,Monedero
586,1097621,Concepcion,Concepcion,,,N/A,2026-02-22 18:40:09,2026-02-22 18:40:40,,2026-02-22,no viajo,,,420,Monedero
587,1098845,Concepcion,El Parque,20063,L2,V1,2026-02-22 14:16:32,2026-02-22 14:56:03,CC→CW,2026-02-22,,20063,20063,570,Monedero
588,1098845,Concepcion,El Parque,20063,L2,V1,2026-02-22 14:16:42,2026-02-22 14:55:53,CC→CW,2026-02-22,,20063,20063,570,Monedero
589,1098845,El Parque,Concepcion,20076,L2,V1,2026-02-22 16:58:27,2026-02-22 17:29:52,CW→CC,2026-02-22,,20076,20076,570,Monedero
590,1098845,El Parque,Concepcion,20076,L2,V1,2026-02-22 16:58:39,2026-02-22 17:29:42,CW→CC,2026-02-22,,20076,20076,570,Monedero
591,1099657,Hito Galvarino,Cristo Redentor,20163,L2,V1,2026-02-22 19:30:22,2026-02-22 19:41:15,CC→CW,2026-02-22,,20163,20163,460,Monedero
592,1099703,Cdal. Raul Silva Henriquez,Los Canelos,20063,L2,V1,2026-02-22 14:37:43,2026-02-22 15:11:02,CC→CW,2026-02-22,,20063,20063,610,Monedero
593,1099792,Costa Mar,Cdal. Raul Silva Henriquez,20059,L2,V1,2026-02-22 13:13:04,2026-02-22 13:44:55,CC→CW,2026-02-22,,20059,20059,430,Monedero
594,1101451,Los Canelos,Costa Mar,20166,L2,V1,2026-02-22 19:24:28,2026-02-22 19:46:28,CW→CC,2026-02-22,,20166,20166,610,Monedero
595,1101452,Concepcion,El Arenal,20850,L1,V1,2026-02-22 09:55:31,2026-02-22 10:24:58,HQ→TH,2026-02-22,,20850,20850,540,Monedero
596,1101796,Higueras,Concepcion,20845,L1,V1,2026-02-22 16:04:22,2026-02-22 16:25:33,TH→HQ,2026-02-22,,20845,20845,500,Monedero
597,1101800,Concepcion,Hualqui,20847,L1,V1,2026-02-22 20:09:21,2026-02-22 21:02:46,TH→HQ,2026-02-22,,20847,20847,550,Monedero
598,1102848,Cdal. Raul Silva Henriquez,Los Canelos,20059,L2,V1,2026-02-22 13:39:31,2026-02-22 13:53:55,CC→CW,2026-02-22,,20059,20059,610,Monedero
599,1103339,Costa Mar,El Parque,20051,L2,V1,2026-02-22 11:51:59,2026-02-22 12:02:50,CC→CW,2026-02-22,,20051,20049,430,Monedero
600,1103339,Costa Mar,El Parque,20051,L2,V1,2026-02-22 11:52:23,2026-02-22 12:02:44,CC→CW,2026-02-22,,20051,20049,430,Monedero
601,1103575,Concepcion,El Parque,20171,L2,V1,2026-02-22 20:51:38,2026-02-22 21:27:59,CC→CW,2026-02-22,,20171,20171,570,Monedero
602,1105956,Concepcion,Lomas Coloradas,20157,L2,V1,2026-02-22 17:20:29,2026-02-22 17:51:26,CC→CW,2026-02-22,,20157,20157,570,Monedero
603,1105974,Diagonal Bio Bio,Hito Galvarino,20069,L2,V1,2026-02-22 16:53:41,2026-02-22 17:15:07,CC→CW,2026-02-22,,20069,20069,650,Monedero
604,1106022,Cristo Redentor,Alborada,20052,L2,V1,2026-02-22 11:19:47,2026-02-22 11:50:19,CW→CC,2026-02-22,,20052,20052,680,Monedero
605,1107753,Cristo Redentor,Cdal. Raul Silva Henriquez,20050,L2,V1,2026-02-22 10:56:58,2026-02-22 11:15:54,CW→CC,2026-02-22,,20050,20050,630,Monedero
606,1107843,Concepcion,Hito Galvarino,20069,L2,V1,2026-02-22 16:42:44,2026-02-22 17:15:55,CC→CW,2026-02-22,,20069,20069,850,Monedero
607,1107895,Concepcion,Coronel,20161,L2,V1,2026-02-22 18:01:20,2026-02-22 19:16:14,CC→CW,2026-02-22,,20161,20161,880,Monedero
608,1107895,Concepcion,Coronel,20161,L2,V1,2026-02-22 18:01:28,2026-02-22 19:15:46,CC→CW,2026-02-22,,20161,20161,880,Monedero
609,1107895,Concepcion,Coronel,20161,L2,V1,2026-02-22 18:01:39,2026-02-22 19:15:37,CC→CW,2026-02-22,,20161,20161,880,Monedero
610,1108000,Lomas Coloradas,Concepcion,20056,L2,V1,2026-02-22 12:33:08,2026-02-22 13:04:41,CW→CC,2026-02-22,,20056,20056,570,Monedero
611,1109788,Los Canelos,Concepcion,20062,L2,V1,2026-02-22 13:45:42,2026-02-22 14:34:41,CW→CC,2026-02-22,,20062,20062,850,Monedero
612,1109788,Concepcion,Cdal. Raul Silva Henriquez,20167,L2,V1,2026-02-22 19:48:33,2026-02-22 20:32:29,CC→CW,2026-02-22,,20167,20167,570,Monedero
613,1109855,Laguna Quinenco,Costa Mar,20050,L2,V1,2026-02-22 10:46:14,2026-02-22 11:24:54,CW→CC,2026-02-22,,20050,20050,650,Monedero
614,1109855,Laguna Quinenco,Costa Mar,20050,L2,V1,2026-02-22 10:46:19,2026-02-22 11:24:47,CW→CC,2026-02-22,,20050,20050,650,Monedero
615,1109867,Cristo Redentor,Concepcion,20066,L2,V1,2026-02-22 14:39:47,2026-02-22 15:23:31,CW→CC,2026-02-22,,20066,20066,850,Monedero
616,1111976,Lomas Coloradas,Concepcion,20056,L2,V1,2026-02-22 11:56:49,2026-02-22 13:05:43,CW→CC,2026-02-22,,20056,20056,570,Monedero
617,1111976,Concepcion,Lomas Coloradas,20069,L2,V1,2026-02-22 16:09:57,2026-02-22 17:06:35,CC→CW,2026-02-22,,20069,20069,570,Monedero
618,1113470,Manquimavida,Concepcion,20846,L1,V1,2026-02-22 17:08:37,2026-02-22 17:35:22,HQ→TH,2026-02-22,,20846,20846,510,Monedero
619,1113840,Concepcion,Los Canelos,20051,L2,V1,2026-02-22 11:43:46,2026-02-22 12:43:11,CC→CW,2026-02-22,,20051,20051,850,Monedero
620,1113880,Coronel,Juan Pablo II,20068,L2,V1,2026-02-22 15:23:36,2026-02-22 16:18:02,CW→CC,2026-02-22,,20068,20068,790,Monedero
621,1113880,Concepcion,Cdal. Raul Silva Henriquez,20167,L2,V1,2026-02-22 19:34:56,2026-02-22 20:33:46,CC→CW,2026-02-22,,20167,20167,570,Monedero
622,1115771,Alborada,Coronel,20059,L2,V1,2026-02-22 13:28:19,2026-02-22 14:05:38,CC→CW,2026-02-22,,20059,20059,790,Monedero
623,1119914,UTF Santa Maria,Hualqui,20847,L1,V1,2026-02-22 20:07:48,2026-02-22 21:01:31,TH→HQ,2026-02-22,,20847,20847,560,Monedero
624,1120866,Huinca,Diagonal Bio Bio,20044,L2,V1,2026-02-22 10:06:55,2026-02-22 10:38:14,CW→CC,2026-02-22,,20044,20044,680,Monedero
625,1120866,Diagonal Bio Bio,Huinca,20049,L2,V1,2026-02-22 11:30:21,2026-02-22 12:05:40,CC→CW,2026-02-22,,20049,20049,680,Monedero
626,1121145,Hito Galvarino,Coronel,20067,L2,V1,2026-02-22 15:57:23,2026-02-22 16:14:58,CC→CW,2026-02-22,,20067,20067,530,Monedero
627,1121182,Lomas Coloradas,Cristo Redentor,20163,L2,V1,2026-02-22 19:10:30,2026-02-22 19:40:49,CC→CW,2026-02-22,,20163,20163,630,Monedero
628,1121188,Concepcion,Lomas Coloradas,20171,L2,V1,2026-02-22 20:52:12,2026-02-22 21:32:41,CC→CW,2026-02-22,,20171,20171,570,Monedero
629,1123204,Diagonal Bio Bio,Los Canelos,20153,L2,V1,2026-02-22 09:24:05,2026-02-22 09:53:08,CC→CW,2026-02-22,,20153,20153,650,Monedero
630,1123204,Los Canelos,Diagonal Bio Bio,20058,L2,V1,2026-02-22 12:38:59,2026-02-22 13:05:15,CW→CC,2026-02-22,,20058,20058,650,Monedero
631,1123264,Cdal. Raul Silva Henriquez,Costa Mar,20056,L2,V1,2026-02-22 12:29:57,2026-02-22 12:46:36,CW→CC,2026-02-22,,20056,20056,430,Monedero
632,1123382,Lomas Coloradas,Concepcion,20050,L2,V1,2026-02-22 11:10:06,2026-02-22 11:40:07,CW→CC,2026-02-22,,20050,20050,570,Monedero
633,1125592,Concepcion,Lomas Coloradas,20171,L2,V1,2026-02-22 20:59:27,2026-02-22 21:32:10,CC→CW,2026-02-22,,20171,20171,570,Monedero
634,1128005,Lomas Coloradas,Concepcion,20052,L2,V1,2026-02-22 11:38:46,2026-02-22 12:04:21,CW→CC,2026-02-22,,20052,20052,570,Monedero
635,1128005,Lomas Coloradas,Concepcion,20052,L2,V1,2026-02-22 11:38:57,2026-02-22 12:04:10,CW→CC,2026-02-22,,20052,20052,570,Monedero
636,1128005,Lomas Coloradas,Concepcion,20052,L2,V1,2026-02-22 11:39:10,2026-02-22 12:04:06,CW→CC,2026-02-22,,20052,20052,570,Monedero
637,1130637,Costa Mar,Los Canelos,20063,L2,V1,2026-02-22 14:48:05,2026-02-22 15:11:17,CC→CW,2026-02-22,,20063,20063,610,Monedero
638,1130785,Huinca,Juan Pablo II,20068,L2,V1,2026-02-22 15:41:21,2026-02-22 16:18:35,CW→CC,2026-02-22,,20068,20068,680,Monedero
639,1130905,Concepcion,Diagonal Bio Bio,20063,L2,V1,2026-02-22 14:35:49,2026-02-22 14:49:09,CC→CW,2026-02-22,,20063,20063,570,Monedero
640,1132873,Concepcion,Cdal. Raul Silva Henriquez,20171,L2,V1,2026-02-22 20:40:05,2026-02-22 21:36:33,CC→CW,2026-02-22,,20171,20171,570,Monedero
641,1132900,Concepcion,Concepcion,,,N/A,2026-02-22 20:24:30,2026-02-22 20:27:44,,2026-02-22,no viajo,,,420,Monedero
642,1132944,Lomas Coloradas,Concepcion,20076,L2,V1,2026-02-22 16:54:44,2026-02-22 17:38:22,CW→CC,2026-02-22,,20076,20076,570,Monedero
643,1132944,Concepcion,Lomas Coloradas,20161,L2,V1,2026-02-22 18:09:23,2026-02-22 18:50:16,CC→CW,2026-02-22,,20161,20161,570,Monedero
644,1133079,Cristo Redentor,Concepcion,20062,L2,V1,2026-02-22 13:42:06,2026-02-22 14:32:59,CW→CC,2026-02-22,,20062,20062,850,Monedero
645,1133079,Concepcion,Cristo Redentor,20161,L2,V1,2026-02-22 18:04:36,2026-02-22 19:08:39,CC→CW,2026-02-22,,20161,20161,850,Monedero
646,1135322,Huinca,Juan Pablo II,20076,L2,V1,2026-02-22 16:50:07,2026-02-22 17:21:16,CW→CC,2026-02-22,,20076,20076,680,Monedero
647,1135363,El Parque,Concepcion,20076,L2,V1,2026-02-22 16:53:54,2026-02-22 17:30:01,CW→CC,2026-02-22,,20076,20076,570,Monedero
648,1137219,Cristo Redentor,El Parque,20062,L2,V1,2026-02-22 13:46:58,2026-02-22 14:17:15,CW→CC,2026-02-22,,20062,20062,630,Monedero
649,1137219,Cristo Redentor,El Parque,20062,L2,V1,2026-02-22 13:47:04,2026-02-22 14:17:10,CW→CC,2026-02-22,,20062,20062,630,Monedero
650,1137219,El Parque,Cristo Redentor,20069,L2,V1,2026-02-22 16:43:41,2026-02-22 17:25:12,CC→CW,2026-02-22,,20069,20069,630,Monedero
651,1137219,El Parque,Cristo Redentor,20069,L2,V1,2026-02-22 16:43:46,2026-02-22 17:24:56,CC→CW,2026-02-22,,20069,20069,630,Monedero
652,1137418,Concepcion,Cdal. Raul Silva Henriquez,20069,L2,V1,2026-02-22 16:09:43,2026-02-22 17:09:03,CC→CW,2026-02-22,,20069,20069,570,Monedero
653,1137467,Lomas Coloradas,Concepcion,20166,L2,V1,2026-02-22 19:35:39,2026-02-22 20:01:42,CW→CC,2026-02-22,,20166,20166,570,Monedero
654,1137544,Costa Mar,El Parque,20149,L2,V1,2026-02-22 08:40:29,2026-02-22 08:50:21,CC→CW,2026-02-22,,20149,20149,430,Monedero
655,1138852,Concepcion,Lomas Coloradas,20171,L2,V1,2026-02-22 20:46:45,2026-02-22 21:30:58,CC→CW,2026-02-22,,20171,20171,570,Monedero
656,1139498,Laguna Quinenco,Concepcion,20166,L2,V1,2026-02-22 18:41:43,2026-02-22 20:01:08,CW→CC,2026-02-22,,20166,20166,880,Monedero
657,1141830,Concepcion,Laguna Quinenco,20163,L2,V1,2026-02-22 18:38:44,2026-02-22 19:45:02,CC→CW,2026-02-22,,20163,20163,880,Monedero
658,1145742,Cristo Redentor,Concepcion,20058,L2,V1,2026-02-22 12:35:54,2026-02-22 13:16:18,CW→CC,2026-02-22,,20058,20058,850,Monedero
659,1145742,Concepcion,Diagonal Bio Bio,20171,L2,V1,2026-02-22 20:21:38,2026-02-22 21:19:36,CC→CW,2026-02-22,,20171,20171,570,Monedero
660,1147811,Laguna Quinenco,Concepcion,20044,L2,V1,2026-02-22 10:02:44,2026-02-22 10:49:13,CW→CC,2026-02-22,,20044,20044,880,Monedero
661,1147811,Concepcion,Laguna Quinenco,20069,L2,V1,2026-02-22 16:32:31,2026-02-22 17:27:40,CC→CW,2026-02-22,,20069,20069,880,Monedero
662,1149756,Coronel,El Parque,20068,L2,V1,2026-02-22 15:33:54,2026-02-22 16:08:12,CW→CC,2026-02-22,,20068,20068,650,Monedero
663,1149756,El Parque,Laguna Quinenco,20069,L2,V1,2026-02-22 16:51:35,2026-02-22 17:27:25,CC→CW,2026-02-22,,20069,20069,650,Monedero
664,1149959,Coronel,Concepcion,20156,L2,V1,2026-02-22 09:10:05,2026-02-22 10:07:07,CW→CC,2026-02-22,,20156,20156,880,Monedero
665,1149959,Concepcion,Coronel,20067,L2,V1,2026-02-22 14:58:35,2026-02-22 16:14:54,CC→CW,2026-02-22,,20067,20067,880,Monedero
666,1150382,Concepcion,Concepcion,,,N/A,2026-02-22 15:01:52,2026-02-22 15:02:39,,2026-02-22,no viajo,,,420,Monedero
667,1151916,Los Canelos,Alborada,20062,L2,V1,2026-02-22 13:57:00,2026-02-22 14:21:24,CW→CC,2026-02-22,,20062,20062,650,Monedero
668,1151916,Alborada,Los Canelos,20161,L2,V1,2026-02-22 18:35:35,2026-02-22 19:27:51,CC→CW,2026-02-22,,20161,20161,650,Monedero
669,1151924,Cdal. Raul Silva Henriquez,Diagonal Bio Bio,20040,L2,V1,2026-02-22 09:57:55,2026-02-22 10:12:52,CW→CC,2026-02-22,,20040,20040,510,Monedero
670,1152107,Concepcion,Coronel,20067,L2,V1,2026-02-22 15:22:04,2026-02-22 16:15:42,CC→CW,2026-02-22,,20067,20067,880,Monedero
671,1152129,Juan Pablo II,Lomas Coloradas,20149,L2,V1,2026-02-22 08:32:52,2026-02-22 08:52:30,CC→CW,2026-02-22,,20149,20149,510,Monedero
672,1154400,Lomas Coloradas,El Parque,20160,L2,V1,2026-02-22 17:44:10,2026-02-22 18:11:17,CW→CC,2026-02-22,,20160,20160,430,Monedero
673,1154400,El Parque,Lomas Coloradas,20167,L2,V1,2026-02-22 20:00:38,2026-02-22 20:25:19,CC→CW,2026-02-22,,20167,20167,430,Monedero
674,1154454,Concepcion,Hualqui,20847,L1,V1,2026-02-22 20:25:06,2026-02-22 21:01:41,TH→HQ,2026-02-22,,20847,20847,550,Monedero
675,1154594,Concepcion,Coronel,20053,L2,V1,2026-02-22 11:56:21,2026-02-22 12:54:16,CC→CW,2026-02-22,,20053,20053,880,Monedero
676,1154594,Concepcion,Coronel,20053,L2,V1,2026-02-22 11:56:28,2026-02-22 12:54:11,CC→CW,2026-02-22,,20053,20053,880,Monedero
677,1154594,Coronel,Concepcion,20076,L2,V1,2026-02-22 16:30:53,2026-02-22 17:29:05,CW→CC,2026-02-22,,20076,20076,880,Monedero
678,1154594,Coronel,Concepcion,20076,L2,V1,2026-02-22 16:30:59,2026-02-22 17:29:01,CW→CC,2026-02-22,,20076,20076,880,Monedero
679,1157068,Lomas Coloradas,Huinca,20041,L2,V1,2026-02-22 10:49:18,2026-02-22 11:05:41,CC→CW,2026-02-22,,20041,20041,630,Monedero
680,1157092,Lomas Coloradas,Coronel,20049,L2,V1,2026-02-22 11:46:14,2026-02-22 12:13:11,CC→CW,2026-02-22,,20049,20049,650,Monedero
681,1159460,Huinca,Concepcion,20152,L2,V1,2026-02-22 08:38:44,2026-02-22 09:16:30,CW→CC,2026-02-22,,20152,20152,850,Monedero
682,1159825,Lomas Coloradas,Concepcion,20160,L2,V1,2026-02-22 17:57:00,2026-02-22 18:28:41,CW→CC,2026-02-22,,20160,20160,570,Monedero
683,1159855,Costa Mar,Concepcion,20162,L2,V1,2026-02-22 18:32:00,2026-02-22 19:03:43,CW→CC,2026-02-22,,20162,20162,570,Monedero
684,1161843,Los Canelos,Concepcion,20076,L2,V1,2026-02-22 16:36:20,2026-02-22 17:32:35,CW→CC,2026-02-22,,20076,20076,850,Monedero
685,1162013,Huinca,Concepcion,20068,L2,V1,2026-02-22 15:34:12,2026-02-22 16:26:06,CW→CC,2026-02-22,,20068,20068,850,Monedero
686,1164621,El Parque,Cdal. Raul Silva Henriquez,20069,L2,V1,2026-02-22 17:00:47,2026-02-22 17:08:50,CC→CW,2026-02-22,,20069,20069,430,Monedero
687,1164627,Concepcion,Coronel,20049,L2,V1,2026-02-22 11:03:56,2026-02-22 12:13:05,CC→CW,2026-02-22,,20049,20049,880,Monedero
688,1165193,Concepcion,Laguna Quinenco,20049,L2,V1,2026-02-22 11:19:40,2026-02-22 12:10:42,CC→CW,2026-02-22,,20049,20049,880,Monedero
689,1165193,Laguna Quinenco,Concepcion,20160,L2,V1,2026-02-22 17:46:51,2026-02-22 18:32:03,CW→CC,2026-02-22,,20160,20160,880,Monedero
690,1165193,Laguna Quinenco,Concepcion,20160,L2,V1,2026-02-22 17:47:02,2026-02-22 18:31:44,CW→CC,2026-02-22,,20160,20160,880,Monedero
691,1165450,Laguna Quinenco,Concepcion,20068,L2,V1,2026-02-22 15:35:37,2026-02-22 16:32:00,CW→CC,2026-02-22,,20068,20068,880,Monedero
692,1165450,Laguna Quinenco,Concepcion,20068,L2,V1,2026-02-22 15:35:47,2026-02-22 16:31:48,CW→CC,2026-02-22,,20068,20068,880,Monedero
693,1166552,Concepcion,Coronel,20153,L2,V1,2026-02-22 08:57:34,2026-02-22 10:04:44,CC→CW,2026-02-22,,20153,20153,880,Monedero
694,1166552,Concepcion,Coronel,20153,L2,V1,2026-02-22 08:57:47,2026-02-22 10:04:17,CC→CW,2026-02-22,,20153,20153,880,Monedero
695,1166552,Coronel,Concepcion,20160,L2,V1,2026-02-22 17:21:27,2026-02-22 18:31:53,CW→CC,2026-02-22,,20160,20160,880,Monedero
696,1166552,Coronel,Concepcion,20160,L2,V1,2026-02-22 17:21:33,2026-02-22 18:31:20,CW→CC,2026-02-22,,20160,20160,880,Monedero
697,1170598,Hito Galvarino,Concepcion,20076,L2,V1,2026-02-22 16:34:29,2026-02-22 17:29:07,CW→CC,2026-02-22,,20076,20076,850,Monedero
698,1170816,Coronel,Juan Pablo II,20152,L2,V1,2026-02-22 08:23:10,2026-02-22 09:09:14,CW→CC,2026-02-22,,20152,20152,790,Monedero
699,1171965,Diagonal Bio Bio,Coronel,20153,L2,V1,2026-02-22 09:28:55,2026-02-22 10:03:22,CC→CW,2026-02-22,,20153,20153,790,Monedero
700,1173887,Juan Pablo II,Costa Mar,20167,L2,V1,2026-02-22 20:00:57,2026-02-22 20:18:07,CC→CW,2026-02-22,,20167,20167,510,Monedero
701,1175528,Laguna Quinenco,Coronel,20161,L2,V1,2026-02-22 18:59:14,2026-02-22 19:15:59,CC→CW,2026-02-22,,20161,20161,440,Monedero
702,1175630,Lzo. Arenas,Chiguayante,20847,L1,V1,2026-02-22 20:00:35,2026-02-22 20:41:21,TH→HQ,2026-02-22,,20847,20847,510,Monedero
703,1175634,Hualqui,Concepcion,20844,L1,V1,2026-02-22 12:17:31,2026-02-22 13:03:29,HQ→TH,2026-02-22,,20844,20844,550,Monedero
704,1176331,Juan Pablo II,Huinca,20059,L2,V1,2026-02-22 13:14:36,2026-02-22 13:56:34,CC→CW,2026-02-22,,20059,20059,680,Monedero
705,1177795,Huinca,Lomas Coloradas,20162,L2,V1,2026-02-22 18:19:37,2026-02-22 18:49:59,CW→CC,2026-02-22,,20162,20162,630,Monedero
706,1178355,Cristo Redentor,Diagonal Bio Bio,20076,L2,V1,2026-02-22 16:46:21,2026-02-22 18:18:27,CW→CC,2026-02-22,,20076,20076,680,Monedero
707,1178892,Concepcion,Huinca,20161,L2,V1,2026-02-22 18:11:13,2026-02-22 19:09:29,CC→CW,2026-02-22,,20161,20161,850,Monedero
708,1178892,Concepcion,Huinca,20161,L2,V1,2026-02-22 18:11:40,2026-02-22 19:09:18,CC→CW,2026-02-22,,20161,20161,850,Monedero
709,1179162,Cdal. Raul Silva Henriquez,Juan Pablo II,20058,L2,V1,2026-02-22 12:45:47,2026-02-22 13:08:23,CW→CC,2026-02-22,,20058,20058,510,Monedero
710,1180461,Los Canelos,Concepcion,20162,L2,V1,2026-02-22 18:23:25,2026-02-22 19:00:00,CW→CC,2026-02-22,,20162,20162,850,Monedero
711,1181519,Los Canelos,Concepcion,20152,L2,V1,2026-02-22 08:36:44,2026-02-22 09:23:29,CW→CC,2026-02-22,,20152,20152,850,Monedero
712,1181519,Concepcion,Los Canelos,20053,L2,V1,2026-02-22 11:54:02,2026-02-22 12:43:38,CC→CW,2026-02-22,,20053,20053,850,Monedero
713,1189442,Los Canelos,Concepcion,20050,L2,V1,2026-02-22 10:56:37,2026-02-22 11:40:28,CW→CC,2026-02-22,,20050,20050,850,Monedero
714,1189442,Concepcion,Los Canelos,20063,L2,V1,2026-02-22 14:28:31,2026-02-22 15:11:11,CC→CW,2026-02-22,,20063,20063,850,Monedero
715,1189677,Concepcion,Cristo Redentor,20059,L2,V1,2026-02-22 12:56:44,2026-02-22 13:58:38,CC→CW,2026-02-22,,20059,20059,850,Monedero
716,1190147,Coronel,Alborada,20044,L2,V1,2026-02-22 10:05:08,2026-02-22 10:35:50,CW→CC,2026-02-22,,20044,20044,790,Monedero
717,1190147,Alborada,El Parque,20157,L2,V1,2026-02-22 17:42:13,2026-02-22 17:49:05,CC→CW,2026-02-22,,20157,20157,510,Monedero
718,1190713,Concepcion,Cdal. Raul Silva Henriquez,20167,L2,V1,2026-02-22 19:38:47,2026-02-22 20:30:27,CC→CW,2026-02-22,,20167,20167,570,Monedero
719,1190802,Concepcion,Diagonal Bio Bio,20171,L2,V1,2026-02-22 20:19:28,2026-02-22 21:19:21,CC→CW,2026-02-22,match_por_salida_fallback,20171,20171,600,Monedero
720,1192202,Hito Galvarino,Concepcion,20166,L2,V1,2026-02-22 18:58:18,2026-02-22 20:01:27,CW→CC,2026-02-22,,20166,20166,850,Monedero
721,1192202,Concepcion,El Arenal,20848,L1,V1,2026-02-22 20:19:18,2026-02-22 21:28:04,HQ→TH,2026-02-22,,20848,20848,540,Monedero
722,1192682,Diagonal Bio Bio,Hito Galvarino,20153,L2,V1,2026-02-22 09:20:35,2026-02-22 09:49:04,CC→CW,2026-02-22,,20153,20153,650,Monedero
723,1192710,El Parque,Diagonal Bio Bio,20162,L2,V1,2026-02-22 18:38:34,2026-02-22 18:51:18,CW→CC,2026-02-22,,20162,20162,510,Monedero
724,1194519,Concepcion,Cristo Redentor,20059,L2,V1,2026-02-22 12:28:45,2026-02-22 13:59:47,CC→CW,2026-02-22,combo_por_entrada,20059,20059,910,Monedero
725,1196930,Lomas Coloradas,Concepcion,20166,L2,V1,2026-02-22 19:35:36,2026-02-22 20:01:09,CW→CC,2026-02-22,,20166,20166,570,Monedero
726,1198721,Costa Mar,Cristo Redentor,20069,L2,V1,2026-02-22 16:55:41,2026-02-22 17:23:38,CC→CW,2026-02-22,,20069,20069,630,Monedero
727,1198721,Costa Mar,Cristo Redentor,20069,L2,V1,2026-02-22 16:55:43,2026-02-22 17:23:36,CC→CW,2026-02-22,,20069,20069,630,Monedero
728,1199506,Concepcion,Cristo Redentor,20163,L2,V1,2026-02-22 18:50:00,2026-02-22 19:41:02,CC→CW,2026-02-22,,20163,20163,850,Monedero
729,1201064,Coronel,Juan Pablo II,20066,L2,V1,2026-02-22 14:34:46,2026-02-22 15:16:23,CW→CC,2026-02-22,,20066,20066,790,Monedero
730,1201684,Concepcion,Los Canelos,20035,L2,V1,2026-02-22 10:04:20,2026-02-22 10:38:46,CC→CW,2026-02-22,,20035,20035,850,Monedero
731,1203618,Cdal. Raul Silva Henriquez,Concepcion,20068,L2,V1,2026-02-22 15:53:43,2026-02-22 16:26:51,CW→CC,2026-02-22,,20068,20068,570,Monedero
732,1203618,Concepcion,Cdal. Raul Silva Henriquez,20167,L2,V1,2026-02-22 19:51:31,2026-02-22 20:29:14,CC→CW,2026-02-22,,20167,20167,570,Monedero
733,1204181,Coronel,Concepcion,20152,L2,V1,2026-02-22 08:27:22,2026-02-22 09:17:17,CW→CC,2026-02-22,,20152,20152,880,Monedero
734,1204769,Juan Pablo II,Laguna Quinenco,20049,L2,V1,2026-02-22 11:33:54,2026-02-22 12:10:09,CC→CW,2026-02-22,,20049,20049,790,Monedero
735,1206411,Huinca,El Parque,20152,L2,V1,2026-02-22 08:37:56,2026-02-22 08:59:09,CW→CC,2026-02-22,,20152,20152,630,Monedero
736,1206769,Cristo Redentor,Concepcion,20152,L2,V1,2026-02-22 08:35:08,2026-02-22 09:16:03,CW→CC,2026-02-22,,20152,20152,850,Monedero
737,1206780,Laguna Quinenco,El Parque,20076,L2,V1,2026-02-22 16:47:46,2026-02-22 17:12:51,CW→CC,2026-02-22,,20076,20076,650,Monedero
738,1208602,Huinca,Laguna Quinenco,20069,L2,V1,2026-02-22 17:19:17,2026-02-22 17:27:29,CC→CW,2026-02-22,,20069,20069,450,Monedero
739,1209072,Concepcion,Concepcion,,,N/A,2026-02-22 13:27:57,2026-02-22 13:29:50,,2026-02-22,no viajo,,,420,Monedero
740,1209072,Concepcion,Concepcion,,,N/A,2026-02-22 15:09:52,2026-02-22 15:12:25,,2026-02-22,no viajo,,,420,Monedero
741,1209077,Concepcion,Huinca,20149,L2,V1,2026-02-22 08:25:46,2026-02-22 09:07:51,CC→CW,2026-02-22,,20149,20149,850,Monedero
742,1209077,Huinca,Concepcion,20162,L2,V1,2026-02-22 18:21:54,2026-02-22 19:02:50,CW→CC,2026-02-22,,20162,20162,850,Monedero
743,1209091,Laguna Quinenco,Concepcion,20056,L2,V1,2026-02-22 12:21:36,2026-02-22 13:15:54,CW→CC,2026-02-22,,20056,20056,880,Monedero
744,1212450,Alborada,Concepcion,20066,L2,V1,2026-02-22 15:04:58,2026-02-22 15:24:08,CW→CC,2026-02-22,,20066,20066,570,Monedero
745,1212616,Los Canelos,Concepcion,20040,L2,V1,2026-02-22 09:39:09,2026-02-22 10:22:16,CW→CC,2026-02-22,,20040,20040,850,Monedero
746,1215010,Concepcion,Costa Mar,20041,L2,V1,2026-02-22 10:15:30,2026-02-22 10:44:09,CC→CW,2026-02-22,,20041,20041,570,Monedero
747,1215010,Costa Mar,Concepcion,20170,L2,V1,2026-02-22 20:31:59,2026-02-22 21:03:44,CW→CC,2026-02-22,,20170,20170,570,Monedero
748,1215500,El Parque,Cdal. Raul Silva Henriquez,20167,L2,V1,2026-02-22 20:14:42,2026-02-22 20:29:02,CC→CW,2026-02-22,,20167,20167,430,Monedero
749,1216914,Concepcion,Hualqui,20845,L1,V1,2026-02-22 16:17:19,2026-02-22 17:01:29,TH→HQ,2026-02-22,,20845,20845,550,Monedero
750,1217674,Juan Pablo II,Hito Galvarino,20157,L2,V1,2026-02-22 17:35:33,2026-02-22 18:00:40,CC→CW,2026-02-22,,20157,20157,650,Monedero
751,1219208,Juan Pablo II,Huinca,20059,L2,V1,2026-02-22 13:14:28,2026-02-22 13:56:30,CC→CW,2026-02-22,,20059,20059,680,Monedero
752,1219457,Concepcion,Los Canelos,20063,L2,V1,2026-02-22 13:57:51,2026-02-22 15:11:29,CC→CW,2026-02-22,,20063,20063,850,Monedero
753,1219890,Cdal. Raul Silva Henriquez,Concepcion,20156,L2,V1,2026-02-22 09:25:23,2026-02-22 10:04:27,CW→CC,2026-02-22,,20156,20156,570,Monedero
754,1221126,Concepcion,Coronel,20157,L2,V1,2026-02-22 17:21:33,2026-02-22 18:15:40,CC→CW,2026-02-22,,20157,20157,880,Monedero
755,1221126,Coronel,Concepcion,20166,L2,V1,2026-02-22 19:11:52,2026-02-22 20:00:14,CW→CC,2026-02-22,,20166,20166,880,Monedero
756,1221607,Huinca,Concepcion,20056,L2,V1,2026-02-22 12:09:22,2026-02-22 13:04:06,CW→CC,2026-02-22,,20056,20056,850,Monedero
757,1221804,Los Canelos,Concepcion,20040,L2,V1,2026-02-22 09:43:14,2026-02-22 10:22:14,CW→CC,2026-02-22,,20040,20040,850,Monedero
758,1221804,Concepcion,Cdal. Raul Silva Henriquez,20167,L2,V1,2026-02-22 19:46:19,2026-02-22 20:29:32,CC→CW,2026-02-22,,20167,20167,570,Monedero
759,1222961,Coronel,Concepcion,20162,L2,V1,2026-02-22 18:12:43,2026-02-22 19:00:43,CW→CC,2026-02-22,,20162,20162,880,Monedero
760,1223039,Hito Galvarino,Concepcion,20058,L2,V1,2026-02-22 12:42:02,2026-02-22 13:16:15,CW→CC,2026-02-22,,20058,20058,850,Monedero
761,1225273,Lomas Coloradas,Concepcion,20058,L2,V1,2026-02-22 12:50:02,2026-02-22 13:16:41,CW→CC,2026-02-22,,20058,20058,570,Monedero
762,1225273,Concepcion,Lomas Coloradas,20157,L2,V1,2026-02-22 17:12:45,2026-02-22 17:51:52,CC→CW,2026-02-22,,20157,20157,570,Monedero
763,1225547,Concepcion,Coronel,20157,L2,V1,2026-02-22 17:18:57,2026-02-22 18:14:51,CC→CW,2026-02-22,,20157,20157,880,Monedero
764,1227148,El Parque,Alborada,20044,L2,V1,2026-02-22 10:26:23,2026-02-22 10:34:45,CW→CC,2026-02-22,,20044,20044,510,Monedero
765,1229583,Concepcion,Concepcion,,,N/A,2026-02-22 09:51:15,2026-02-22 09:51:50,,2026-02-22,no viajo,,,420,Monedero
766,1231360,Costa Mar,Concepcion,20076,L2,V1,2026-02-22 16:50:46,2026-02-22 17:30:52,CW→CC,2026-02-22,,20076,20076,570,Monedero
767,1231360,Costa Mar,Concepcion,20076,L2,V1,2026-02-22 16:50:53,2026-02-22 17:30:45,CW→CC,2026-02-22,,20076,20076,570,Monedero
768,1231360,Juan Pablo II,Costa Mar,20163,L2,V1,2026-02-22 19:05:42,2026-02-22 19:19:11,CC→CW,2026-02-22,,20163,20163,510,Monedero
769,1231360,Juan Pablo II,Costa Mar,20163,L2,V1,2026-02-22 19:06:10,2026-02-22 19:19:05,CC→CW,2026-02-22,,20163,20163,510,Monedero
770,1231370,Lomas Coloradas,Concepcion,20066,L2,V1,2026-02-22 14:58:35,2026-02-22 15:23:23,CW→CC,2026-02-22,,20066,20066,570,Monedero
771,1231370,Concepcion,Lomas Coloradas,20167,L2,V1,2026-02-22 19:43:47,2026-02-22 20:25:33,CC→CW,2026-02-22,,20167,20167,570,Monedero
772,1232497,Concepcion,Lomas Coloradas,20149,L2,V1,2026-02-22 08:21:24,2026-02-22 09:39:30,CC→CW,2026-02-22,,20149,20149,570,Monedero
773,1232497,Lomas Coloradas,Diagonal Bio Bio,20062,L2,V1,2026-02-22 14:07:27,2026-02-22 14:23:31,CW→CC,2026-02-22,,20062,20062,510,Monedero
774,1233277,Concepcion,Cdal. Raul Silva Henriquez,20171,L2,V1,2026-02-22 20:53:18,2026-02-22 21:39:04,CC→CW,2026-02-22,,20171,20171,570,Monedero
775,1235280,Concepcion,Coronel,20041,L2,V1,2026-02-22 10:17:25,2026-02-22 11:15:12,CC→CW,2026-02-22,,20041,20041,880,Monedero
776,1235280,Coronel,Concepcion,20068,L2,V1,2026-02-22 15:03:27,2026-02-22 16:26:30,CW→CC,2026-02-22,,20068,20068,880,Monedero
777,1235280,Coronel,Concepcion,20068,L2,V1,2026-02-22 15:03:48,2026-02-22 16:26:13,CW→CC,2026-02-22,,20068,20068,880,Monedero
778,1237116,Cristo Redentor,Concepcion,20058,L2,V1,2026-02-22 12:36:34,2026-02-22 13:16:22,CW→CC,2026-02-22,,20058,20058,850,Monedero
779,1240137,El Parque,Costa Mar,20062,L2,V1,2026-02-22 13:59:54,2026-02-22 14:20:17,CW→CC,2026-02-22,,20062,20062,430,Monedero
780,1240137,El Parque,Costa Mar,20062,L2,V1,2026-02-22 13:59:58,2026-02-22 14:19:56,CW→CC,2026-02-22,,20062,20062,430,Monedero
781,1240314,Cristo Redentor,Concepcion,20040,L2,V1,2026-02-22 09:39:45,2026-02-22 10:24:03,CW→CC,2026-02-22,,20040,20040,850,Monedero
782,1240631,Cdal. Raul Silva Henriquez,Concepcion,20062,L2,V1,2026-02-22 14:04:28,2026-02-22 14:33:24,CW→CC,2026-02-22,,20062,20062,570,Monedero
783,1241075,Lomas Coloradas,Laguna Quinenco,20053,L2,V1,2026-02-22 12:16:42,2026-02-22 12:50:21,CC→CW,2026-02-22,,20053,20053,650,Monedero
784,1241929,Cdal. Raul Silva Henriquez,Costa Mar,20050,L2,V1,2026-02-22 11:08:31,2026-02-22 11:25:42,CW→CC,2026-02-22,,20050,20050,430,Monedero
785,1241929,Costa Mar,Cdal. Raul Silva Henriquez,20053,L2,V1,2026-02-22 12:17:56,2026-02-22 12:35:17,CC→CW,2026-02-22,,20053,20053,430,Monedero
786,1243422,Lomas Coloradas,Los Canelos,20049,L2,V1,2026-02-22 11:44:47,2026-02-22 12:03:47,CC→CW,2026-02-22,,20049,20049,610,Monedero
787,1246320,Diagonal Bio Bio,Cristo Redentor,20157,L2,V1,2026-02-22 17:35:06,2026-02-22 18:08:31,CC→CW,2026-02-22,,20157,20157,680,Monedero
788,1246320,Cristo Redentor,Diagonal Bio Bio,20162,L2,V1,2026-02-22 18:13:02,2026-02-22 18:50:32,CW→CC,2026-02-22,,20162,20162,680,Monedero
789,1246706,Concepcion,Lzo. Arenas,20844,L1,V1,2026-02-22 12:39:46,2026-02-22 13:09:32,HQ→TH,2026-02-22,,20844,20844,420,Monedero
790,1247575,Coronel,Alborada,20166,L2,V1,2026-02-22 19:03:28,2026-02-22 19:48:16,CW→CC,2026-02-22,,20166,20166,790,Monedero
791,1247945,Mercado,Concepcion,20845,L1,V1,2026-02-22 15:56:21,2026-02-22 16:27:03,TH→HQ,2026-02-22,,20845,20845,540,Monedero
792,1249209,Alborada,Cdal. Raul Silva Henriquez,20067,L2,V1,2026-02-22 15:40:09,2026-02-22 15:54:46,CC→CW,2026-02-22,,20067,20067,510,Monedero
793,1251318,Laguna Quinenco,Diagonal Bio Bio,20068,L2,V1,2026-02-22 15:36:15,2026-02-22 16:15:30,CW→CC,2026-02-22,,20068,20068,790,Monedero
794,1252096,Laguna Quinenco,Concepcion,20058,L2,V1,2026-02-22 12:31:17,2026-02-22 13:16:36,CW→CC,2026-02-22,,20058,20058,880,Monedero
795,1252368,Cdal. Raul Silva Henriquez,Lomas Coloradas,20162,L2,V1,2026-02-22 18:27:16,2026-02-22 18:41:44,CW→CC,2026-02-22,,20162,20162,430,Monedero
796,1252669,Laguna Quinenco,Cdal. Raul Silva Henriquez,20068,L2,V1,2026-02-22 15:30:47,2026-02-22 16:02:11,CW→CC,2026-02-22,,20068,20068,650,Monedero
797,1253457,Mercado,Chiguayante,20847,L1,V1,2026-02-22 19:50:28,2026-02-22 20:42:32,TH→HQ,2026-02-22,,20847,20847,550,Monedero
798,1253457,Mercado,Chiguayante,20847,L1,V1,2026-02-22 19:50:50,2026-02-22 20:42:24,TH→HQ,2026-02-22,,20847,20847,550,Monedero
799,1253626,Costa Mar,Concepcion,20040,L2,V1,2026-02-22 10:03:10,2026-02-22 10:22:08,CW→CC,2026-02-22,,20040,20040,570,Monedero
800,1253626,Concepcion,Costa Mar,20171,L2,V1,2026-02-22 20:44:55,2026-02-22 21:24:51,CC→CW,2026-02-22,,20171,20171,570,Monedero
801,1253947,Costa Mar,Concepcion,20040,L2,V1,2026-02-22 10:06:04,2026-02-22 10:22:01,CW→CC,2026-02-22,,20040,20040,570,Monedero
802,1254904,Coronel,Concepcion,20062,L2,V1,2026-02-22 13:40:00,2026-02-22 14:42:15,CW→CC,2026-02-22,,20062,20062,880,Monedero
803,1254904,Coronel,Concepcion,20062,L2,V1,2026-02-22 13:40:28,2026-02-22 14:42:04,CW→CC,2026-02-22,,20062,20062,880,Monedero
804,1256148,Lomas Coloradas,Concepcion,20076,L2,V1,2026-02-22 16:56:05,2026-02-22 17:28:29,CW→CC,2026-02-22,,20076,20076,570,Monedero
805,1256148,Concepcion,Lomas Coloradas,20167,L2,V1,2026-02-22 19:52:41,2026-02-22 20:23:30,CC→CW,2026-02-22,,20167,20167,570,Monedero
806,1256260,Coronel,Concepcion,20058,L2,V1,2026-02-22 12:26:56,2026-02-22 13:16:32,CW→CC,2026-02-22,,20058,20058,880,Monedero
807,1256260,Concepcion,Coronel,20067,L2,V1,2026-02-22 15:05:42,2026-02-22 16:15:40,CC→CW,2026-02-22,,20067,20067,880,Monedero
808,1256867,Los Condores,Concepcion,20859,L1,V1,2026-02-22 12:38:08,2026-02-22 13:56:27,TH→HQ,2026-02-22,combo_por_entrada,20859,20059,870,Monedero
809,1257346,Los Condores,Concepcion,20845,L1,V1,2026-02-22 16:10:05,2026-02-22 16:26:34,TH→HQ,2026-02-22,,20845,20845,500,Monedero
810,1257346,Concepcion,Los Condores,20848,L1,V1,2026-02-22 20:46:46,2026-02-22 21:20:50,HQ→TH,2026-02-22,,20848,20848,500,Monedero
811,1257895,Concepcion,Los Canelos,20161,L2,V1,2026-02-22 18:23:39,2026-02-22 19:04:07,CC→CW,2026-02-22,,20161,20161,850,Monedero
812,1258271,Concepcion,Hualqui,20847,L1,V1,2026-02-22 19:58:16,2026-02-22 21:01:57,TH→HQ,2026-02-22,,20847,20847,550,Monedero
813,1258271,Concepcion,Hualqui,20847,L1,V1,2026-02-22 19:58:23,2026-02-22 21:01:48,TH→HQ,2026-02-22,,20847,20847,550,Monedero
814,1258757,Juan Pablo II,Hito Galvarino,20069,L2,V1,2026-02-22 16:33:32,2026-02-22 17:15:09,CC→CW,2026-02-22,,20069,20069,650,Monedero
815,1259245,Diagonal Bio Bio,Huinca,20161,L2,V1,2026-02-22 18:38:35,2026-02-22 19:07:02,CC→CW,2026-02-22,,20161,20161,680,Monedero
816,1259943,Alborada,Concepcion,20170,L2,V2,2026-02-22 20:42:00,2026-02-22 21:03:46,,2026-02-22,sin_combo_factible_en_hub|sin_s1_factible_retro,,20170,570,Monedero
817,1260877,El Parque,Concepcion,20166,L2,V1,2026-02-22 19:29:48,2026-02-22 19:59:27,CW→CC,2026-02-22,,20166,20166,570,Monedero
818,1262465,Concepcion,Cdal. Raul Silva Henriquez,20157,L2,V1,2026-02-22 17:26:16,2026-02-22 17:54:49,CC→CW,2026-02-22,,20157,20157,570,Monedero
819,1263058,Los Canelos,Concepcion,20166,L2,V1,2026-02-22 19:24:01,2026-02-22 20:01:29,CW→CC,2026-02-22,,20166,20166,850,Monedero
820,1263058,Los Canelos,Concepcion,20166,L2,V1,2026-02-22 19:24:06,2026-02-22 20:01:24,CW→CC,2026-02-22,,20166,20166,850,Monedero
821,1264510,El Parque,Juan Pablo II,20062,L2,V1,2026-02-22 14:12:31,2026-02-22 14:26:17,CW→CC,2026-02-22,,20062,20062,510,Monedero
822,1264510,El Parque,Juan Pablo II,20062,L2,V1,2026-02-22 14:12:50,2026-02-22 14:26:09,CW→CC,2026-02-22,,20062,20062,510,Monedero
823,1265094,El Parque,Lomas Coloradas,20067,L2,V1,2026-02-22 15:42:49,2026-02-22 15:51:36,CC→CW,2026-02-22,,20067,20067,430,Monedero
824,1265973,Los Canelos,Costa Mar,20160,L2,V1,2026-02-22 17:51:22,2026-02-22 18:13:14,CW→CC,2026-02-22,,20160,20160,610,Monedero
825,1266107,Los Canelos,El Parque,20050,L2,V1,2026-02-22 11:03:35,2026-02-22 11:22:32,CW→CC,2026-02-22,,20050,20050,610,Monedero
826,1266373,Concepcion,Los Canelos,20053,L2,V1,2026-02-22 11:51:19,2026-02-22 12:43:05,CC→CW,2026-02-22,,20053,20051,850,Monedero
827,1266852,El Parque,Lomas Coloradas,20067,L2,V1,2026-02-22 15:42:49,2026-02-22 15:52:12,CC→CW,2026-02-22,,20067,20067,430,Monedero
828,1267039,Los Canelos,Concepcion,20062,L2,V1,2026-02-22 13:56:07,2026-02-22 14:34:13,CW→CC,2026-02-22,,20062,20062,850,Monedero
829,1267039,Concepcion,Alborada,20157,L2,V1,2026-02-22 17:23:51,2026-02-22 17:44:19,CC→CW,2026-02-22,,20157,20157,570,Monedero
830,1267056,Cdal. Raul Silva Henriquez,Los Canelos,20059,L2,V1,2026-02-22 13:38:35,2026-02-22 13:57:18,CC→CW,2026-02-22,,20059,20059,610,Monedero
831,1267056,Los Canelos,Cdal. Raul Silva Henriquez,20166,L2,V1,2026-02-22 19:15:50,2026-02-22 19:37:57,CW→CC,2026-02-22,,20166,20166,610,Monedero
832,1267391,Concepcion,Hualqui,20845,L1,V1,2026-02-22 16:24:05,2026-02-22 17:02:20,TH→HQ,2026-02-22,,20845,20845,550,Monedero
833,1267395,Laguna Quinenco,Cristo Redentor,20162,L2,V1,2026-02-22 18:08:34,2026-02-22 18:24:44,CW→CC,2026-02-22,,20162,20162,450,Monedero
834,1270005,El Parque,Concepcion,20160,L2,V1,2026-02-22 17:26:51,2026-02-22 18:29:55,CW→CC,2026-02-22,,20160,20160,570,Monedero
835,1270005,El Parque,Concepcion,20160,L2,V1,2026-02-22 17:27:11,2026-02-22 18:29:37,CW→CC,2026-02-22,,20160,20160,570,Monedero
836,1270387,Diagonal Bio Bio,Coronel,20153,L2,V1,2026-02-22 09:28:47,2026-02-22 10:03:14,CC→CW,2026-02-22,,20153,20153,790,Monedero
837,1271764,Lomas Coloradas,Huinca,20161,L2,V1,2026-02-22 18:20:58,2026-02-22 19:06:10,CC→CW,2026-02-22,,20161,20161,630,Monedero
838,1271968,Lomas Coloradas,Costa Mar,20058,L2,V1,2026-02-22 12:51:42,2026-02-22 13:00:14,CW→CC,2026-02-22,,20058,20058,430,Monedero
839,1271968,Costa Mar,Lomas Coloradas,20067,L2,V1,2026-02-22 15:13:42,2026-02-22 15:51:22,CC→CW,2026-02-22,,20067,20067,430,Monedero
840,1272192,Cristo Redentor,Juan Pablo II,20044,L2,V1,2026-02-22 10:05:50,2026-02-22 10:40:43,CW→CC,2026-02-22,,20044,20044,680,Monedero
841,1272192,Juan Pablo II,Los Canelos,20067,L2,V1,2026-02-22 15:23:30,2026-02-22 16:03:36,CC→CW,2026-02-22,,20067,20067,650,Monedero
842,1273838,Cristo Redentor,Concepcion,20050,L2,V1,2026-02-22 10:59:57,2026-02-22 11:39:53,CW→CC,2026-02-22,,20050,20050,850,Monedero
843,1273838,Concepcion,Cristo Redentor,20163,L2,V1,2026-02-22 18:49:56,2026-02-22 19:40:50,CC→CW,2026-02-22,,20163,20163,850,Monedero
844,1274530,Los Canelos,Concepcion,20062,L2,V1,2026-02-22 13:57:46,2026-02-22 14:32:47,CW→CC,2026-02-22,,20062,20062,850,Monedero
845,1274530,Concepcion,Cdal. Raul Silva Henriquez,20171,L2,V1,2026-02-22 20:36:13,2026-02-22 21:39:01,CC→CW,2026-02-22,,20171,20171,570,Monedero
846,1275062,Coronel,Concepcion,20076,L2,V1,2026-02-22 16:31:23,2026-02-22 17:28:51,CW→CC,2026-02-22,,20076,20076,880,Monedero
847,1275062,Coronel,Concepcion,20076,L2,V1,2026-02-22 16:31:34,2026-02-22 17:28:47,CW→CC,2026-02-22,,20076,20076,880,Monedero
848,1275668,Juan Pablo II,Hito Galvarino,20069,L2,V1,2026-02-22 16:33:33,2026-02-22 17:15:11,CC→CW,2026-02-22,,20069,20069,650,Monedero
849,1276262,Concepcion,Diagonal Bio Bio,20063,L2,V1,2026-02-22 14:22:16,2026-02-22 14:48:57,CC→CW,2026-02-22,,20063,20063,570,Monedero
850,1276262,Diagonal Bio Bio,Concepcion,20162,L2,V1,2026-02-22 18:35:26,2026-02-22 19:01:49,CW→CC,2026-02-22,,20162,20162,570,Monedero
851,1277197,Concepcion,Cristo Redentor,20041,L2,V1,2026-02-22 10:13:08,2026-02-22 11:07:07,CC→CW,2026-02-22,,20041,20041,850,Monedero
852,1277197,Cristo Redentor,Concepcion,20160,L2,V1,2026-02-22 17:40:46,2026-02-22 18:28:48,CW→CC,2026-02-22,,20160,20160,850,Monedero
853,1278479,Concepcion,Huinca,20059,L2,V1,2026-02-22 12:37:51,2026-02-22 13:56:12,CC→CW,2026-02-22,combo_por_entrada,20059,20059,910,Monedero
854,1279117,Laguna Quinenco,El Parque,20166,L2,V1,2026-02-22 19:11:56,2026-02-22 19:43:23,CW→CC,2026-02-22,,20166,20166,650,Monedero
855,1279838,Cdal. Raul Silva Henriquez,Concepcion,20166,L2,V1,2026-02-22 19:31:20,2026-02-22 20:00:56,CW→CC,2026-02-22,,20166,20166,570,Monedero
856,1280878,Concepcion,Mercado,20848,L1,V1,2026-02-22 20:36:21,2026-02-22 21:31:24,HQ→TH,2026-02-22,combo_relajado_pase1,20848,20848,590,Monedero
857,1281011,Los Canelos,Concepcion,20166,L2,V1,2026-02-22 19:16:49,2026-02-22 20:01:49,CW→CC,2026-02-22,,20166,20166,850,Monedero
858,1281011,Concepcion,Cdal. Raul Silva Henriquez,20171,L2,V1,2026-02-22 20:57:03,2026-02-22 21:37:05,CC→CW,2026-02-22,,20171,20171,570,Monedero
859,1281162,Los Canelos,Concepcion,20050,L2,V1,2026-02-22 10:57:57,2026-02-22 11:39:36,CW→CC,2026-02-22,,20050,20050,850,Monedero
860,1281162,Concepcion,Laguna Quinenco,20157,L2,V1,2026-02-22 17:24:48,2026-02-22 18:11:15,CC→CW,2026-02-22,,20157,20157,880,Monedero
861,1281652,Coronel,Concepcion,20166,L2,V1,2026-02-22 19:05:18,2026-02-22 19:59:33,CW→CC,2026-02-22,,20166,20166,880,Monedero
862,1283531,Costa Mar,Concepcion,20076,L2,V1,2026-02-22 16:58:39,2026-02-22 17:30:26,CW→CC,2026-02-22,,20076,20076,570,Monedero
863,1283531,Concepcion,Costa Mar,20167,L2,V1,2026-02-22 19:46:43,2026-02-22 20:18:32,CC→CW,2026-02-22,,20167,20167,570,Monedero
864,1284686,Concepcion,Concepcion,,,N/A,2026-02-22 15:57:26,2026-02-22 15:57:59,,2026-02-22,no viajo,,,420,Monedero
865,1285846,Coronel,Concepcion,20076,L2,V1,2026-02-22 16:39:32,2026-02-22 17:30:37,CW→CC,2026-02-22,,20076,20076,880,Monedero
866,1285846,Coronel,Concepcion,20076,L2,V1,2026-02-22 16:39:38,2026-02-22 17:30:29,CW→CC,2026-02-22,,20076,20076,880,Monedero
867,1285846,Concepcion,Cdal. Raul Silva Henriquez,20171,L2,V1,2026-02-22 20:22:26,2026-02-22 21:37:49,CC→CW,2026-02-22,,20171,20171,570,Monedero
868,1285846,Concepcion,Cdal. Raul Silva Henriquez,20171,L2,V1,2026-02-22 20:22:33,2026-02-22 21:37:27,CC→CW,2026-02-22,,20171,20171,570,Monedero
869,1289100,Lomas Coloradas,Hito Galvarino,20063,L2,V1,2026-02-22 14:52:35,2026-02-22 15:07:21,CC→CW,2026-02-22,,20063,20063,610,Monedero
870,1289805,Concepcion,Los Canelos,20035,L2,V1,2026-02-22 09:30:33,2026-02-22 10:38:13,CC→CW,2026-02-22,,20035,20035,850,Monedero
871,1290896,Los Canelos,Concepcion,20050,L2,V1,2026-02-22 10:50:30,2026-02-22 11:40:24,CW→CC,2026-02-22,,20050,20050,850,Monedero
872,1290896,Concepcion,Los Canelos,20069,L2,V1,2026-02-22 16:14:39,2026-02-22 17:19:15,CC→CW,2026-02-22,,20069,20069,850,Monedero
873,1291750,El Parque,Concepcion,,,N/A,2026-02-22 20:36:17,2026-02-22 21:03:55,,2026-02-22,sin_combo_factible_en_hub|sin_s1_factible_retro,,,570,Monedero
874,1293347,Huinca,Concepcion,20066,L2,V1,2026-02-22 14:41:54,2026-02-22 15:24:03,CW→CC,2026-02-22,,20066,20066,850,Monedero
875,1293347,Concepcion,Huinca,20069,L2,V1,2026-02-22 16:27:59,2026-02-22 17:22:30,CC→CW,2026-02-22,,20069,20069,850,Monedero
876,1293957,Los Canelos,Diagonal Bio Bio,20040,L2,V1,2026-02-22 09:49:23,2026-02-22 10:13:16,CW→CC,2026-02-22,,20040,20040,650,Monedero
877,1293968,Coronel,Concepcion,20076,L2,V1,2026-02-22 16:34:38,2026-02-22 17:29:02,CW→CC,2026-02-22,,20076,20076,880,Monedero
878,1294183,Los Condores,Concepcion,20881,L1,V1,2026-02-22 07:51:15,2026-02-22 08:06:48,TH→HQ,2026-02-22,,20881,20881,500,Monedero
879,1294563,Concepcion,Lomas Coloradas,20167,L2,V1,2026-02-22 20:17:59,2026-02-22 20:41:28,CC→CW,2026-02-22,combo_relajado_pase2,20167,20167,430,Monedero
880,1295122,Hito Galvarino,Lomas Coloradas,20062,L2,V1,2026-02-22 14:02:47,2026-02-22 14:12:49,CW→CC,2026-02-22,,20062,20062,610,Monedero
881,1296762,Concepcion,El Parque,20153,L2,V1,2026-02-22 09:17:24,2026-02-22 09:37:28,CC→CW,2026-02-22,,20153,20153,570,Monedero
882,1296762,El Parque,Concepcion,20166,L2,V1,2026-02-22 19:33:45,2026-02-22 19:59:57,CW→CC,2026-02-22,,20166,20166,570,Monedero
883,1297354,Laguna Quinenco,Concepcion,20076,L2,V1,2026-02-22 16:38:19,2026-02-22 17:30:19,CW→CC,2026-02-22,,20076,20076,880,Monedero
884,1297358,Cristo Redentor,Concepcion,20162,L2,V1,2026-02-22 18:17:15,2026-02-22 19:01:57,CW→CC,2026-02-22,,20162,20162,850,Monedero
885,1297648,Concepcion,El Parque,20067,L2,V1,2026-02-22 15:02:58,2026-02-22 15:49:15,CC→CW,2026-02-22,,20067,20067,570,Monedero
886,1297648,El Parque,Concepcion,20160,L2,V1,2026-02-22 18:03:06,2026-02-22 18:32:16,CW→CC,2026-02-22,,20160,20160,570,Monedero
887,1297648,El Parque,Concepcion,20160,L2,V1,2026-02-22 18:03:09,2026-02-22 18:32:02,CW→CC,2026-02-22,,20160,20160,570,Monedero
888,1299077,Los Canelos,Diagonal Bio Bio,20052,L2,V1,2026-02-22 11:26:11,2026-02-22 11:52:41,CW→CC,2026-02-22,,20052,20052,650,Monedero
889,1300292,Cristo Redentor,Concepcion,20062,L2,V1,2026-02-22 13:52:06,2026-02-22 14:41:27,CW→CC,2026-02-22,,20062,20062,850,Monedero
890,1300812,Concepcion,Los Canelos,20157,L2,V1,2026-02-22 17:06:08,2026-02-22 18:04:40,CC→CW,2026-02-22,,20157,20157,850,Monedero
891,1301097,Concepcion,Cristo Redentor,20049,L2,V1,2026-02-22 11:18:19,2026-02-22 12:08:30,CC→CW,2026-02-22,,20049,20049,850,Monedero
892,1301097,Concepcion,Cristo Redentor,20049,L2,V1,2026-02-22 11:18:25,2026-02-22 12:08:22,CC→CW,2026-02-22,,20049,20049,850,Monedero
893,1301097,Coronel,Concepcion,20162,L2,V1,2026-02-22 18:06:45,2026-02-22 19:01:34,CW→CC,2026-02-22,,20162,20162,880,Monedero
894,1301097,Coronel,Concepcion,20162,L2,V1,2026-02-22 18:06:52,2026-02-22 19:01:29,CW→CC,2026-02-22,,20162,20162,880,Monedero
895,1301614,Concepcion,Hito Galvarino,20063,L2,V1,2026-02-22 14:29:06,2026-02-22 15:07:17,CC→CW,2026-02-22,,20063,20063,850,Monedero
896,1301721,Costa Mar,Cdal. Raul Silva Henriquez,20059,L2,V1,2026-02-22 13:20:57,2026-02-22 13:44:53,CC→CW,2026-02-22,,20059,20059,430,Monedero
897,1301852,Cristo Redentor,Costa Mar,20162,L2,V1,2026-02-22 18:20:44,2026-02-22 18:46:03,CW→CC,2026-02-22,,20162,20162,630,Monedero
898,1302449,Concepcion,Manquimavida,20847,L1,V1,2026-02-22 20:08:48,2026-02-22 20:46:09,TH→HQ,2026-02-22,,20847,20847,510,Monedero
899,1302803,Concepcion,Los Condores,20850,L1,V1,2026-02-22 09:43:47,2026-02-22 10:19:23,HQ→TH,2026-02-22,combo_relajado_pase2,20850,20850,590,Monedero
900,1302803,Concepcion,Los Condores,20850,L1,V1,2026-02-22 09:43:51,2026-02-22 10:19:17,HQ→TH,2026-02-22,combo_relajado_pase2,20850,20850,590,Monedero
901,1302803,Concepcion,Costa Mar,20171,L2,V1,2026-02-22 20:10:31,2026-02-22 21:25:48,CC→CW,2026-02-22,combo_por_entrada,20171,20171,590,Monedero
902,1302803,Los Condores,Concepcion,20847,L1,V1,2026-02-22 20:10:36,2026-02-22 21:25:42,TH→HQ,2026-02-22,combo_por_entrada,20847,20171,590,Monedero
903,1303684,Lomas Coloradas,Los Canelos,20049,L2,V1,2026-02-22 11:45:13,2026-02-22 12:03:12,CC→CW,2026-02-22,,20049,20049,610,Monedero
904,1303684,Huinca,Lomas Coloradas,20166,L2,V1,2026-02-22 19:11:00,2026-02-22 19:39:56,CW→CC,2026-02-22,,20166,20166,630,Monedero
905,1303702,Cristo Redentor,Concepcion,20062,L2,V1,2026-02-22 13:40:40,2026-02-22 14:34:10,CW→CC,2026-02-22,,20062,20062,850,Monedero
906,1304786,Costa Mar,Coronel,20059,L2,V1,2026-02-22 13:09:13,2026-02-22 14:06:29,CC→CW,2026-02-22,,20059,20059,650,Monedero
907,1305330,Huinca,Cristo Redentor,20041,L2,V1,2026-02-22 11:03:44,2026-02-22 11:06:51,CC→CW,2026-02-22,,20041,20041,440,Monedero
908,1305330,Huinca,Laguna Quinenco,20063,L2,V1,2026-02-22 15:07:19,2026-02-22 15:17:30,CC→CW,2026-02-22,,20063,20063,450,Monedero
909,1305592,Concepcion,Huinca,20069,L2,V1,2026-02-22 16:00:02,2026-02-22 17:22:13,CC→CW,2026-02-22,combo_por_entrada,20069,20069,880,Monedero
910,1305592,Huinca,Concepcion,20162,L2,V1,2026-02-22 17:54:23,2026-02-22 19:37:20,CW→CC,2026-02-22,,20162,20160,850,Monedero
911,1305622,Coronel,Concepcion,20062,L2,V1,2026-02-22 13:48:26,2026-02-22 14:34:35,CW→CC,2026-02-22,,20062,20062,880,Monedero
912,1305754,El Parque,Laguna Quinenco,20157,L2,V1,2026-02-22 17:32:39,2026-02-22 18:11:40,CC→CW,2026-02-22,,20157,20157,650,Monedero
913,1308620,Diagonal Bio Bio,Huinca,20149,L2,V1,2026-02-22 08:40:58,2026-02-22 09:07:08,CC→CW,2026-02-22,,20149,20149,680,Monedero
914,1308785,Hualqui,La Leonera,20850,L1,V1,2026-02-22 09:25:11,2026-02-22 09:46:42,HQ→TH,2026-02-22,,20850,20850,500,Monedero
915,1309131,Laguna Quinenco,El Parque,20166,L2,V1,2026-02-22 19:11:27,2026-02-22 19:43:54,CW→CC,2026-02-22,,20166,20166,650,Monedero
916,1309866,Concepcion,Concepcion,,,N/A,2026-02-22 09:38:49,2026-02-22 09:39:39,,2026-02-22,no viajo,,,420,Monedero
917,1312238,Concepcion,Cristo Redentor,20049,L2,V1,2026-02-22 11:26:50,2026-02-22 12:08:57,CC→CW,2026-02-22,,20049,20049,850,Monedero
918,1312239,Coronel,Concepcion,20066,L2,V1,2026-02-22 14:24:55,2026-02-22 15:23:22,CW→CC,2026-02-22,,20066,20066,880,Monedero
919,1312355,Cristo Redentor,Lomas Coloradas,20068,L2,V1,2026-02-22 15:43:47,2026-02-22 16:04:04,CW→CC,2026-02-22,,20068,20068,630,Monedero
920,1312355,Lomas Coloradas,Cdal. Raul Silva Henriquez,20171,L2,V1,2026-02-22 21:20:05,2026-02-22 21:58:38,CC→CW,2026-02-22,,20171,20171,430,Monedero
921,1312645,Lomas Coloradas,Costa Mar,20056,L2,V1,2026-02-22 12:39:38,2026-02-22 12:46:28,CW→CC,2026-02-22,,20056,20056,430,Monedero
922,1312645,Costa Mar,Cdal. Raul Silva Henriquez,20063,L2,V1,2026-02-22 14:45:56,2026-02-22 15:01:19,CC→CW,2026-02-22,,20063,20063,430,Monedero
923,1313427,Concepcion,Costa Mar,20171,L2,V1,2026-02-22 21:04:56,2026-02-22 21:25:10,CC→CW,2026-02-22,,20171,20171,570,Monedero
924,1313513,Concepcion,Cdal. Raul Silva Henriquez,20171,L2,V1,2026-02-22 20:43:54,2026-02-22 21:35:26,CC→CW,2026-02-22,,20171,20171,570,Monedero
925,1315083,Laguna Quinenco,Juan Pablo II,20044,L2,V1,2026-02-22 09:56:40,2026-02-22 10:40:29,CW→CC,2026-02-22,,20044,20044,790,Monedero
926,1315490,Los Condores,Manquimavida,20859,L1,V1,2026-02-22 12:29:41,2026-02-22 13:16:15,TH→HQ,2026-02-22,,20859,20859,540,Monedero
927,1315490,Los Condores,Manquimavida,20859,L1,V1,2026-02-22 12:29:51,2026-02-22 13:15:56,TH→HQ,2026-02-22,,20859,20859,540,Monedero
928,1315490,Hualqui,Higueras,20846,L1,V1,2026-02-22 16:47:28,2026-02-22 17:52:40,HQ→TH,2026-02-22,,20846,20846,560,Monedero
929,1315490,Hualqui,Higueras,20846,L1,V1,2026-02-22 16:47:42,2026-02-22 17:52:31,HQ→TH,2026-02-22,,20846,20846,560,Monedero
930,1315817,Pedro Medina,Los Condores,20846,L1,V1,2026-02-22 17:14:47,2026-02-22 17:49:36,HQ→TH,2026-02-22,,20846,20846,540,Monedero
931,1315817,Pedro Medina,Los Condores,20846,L1,V1,2026-02-22 17:14:54,2026-02-22 17:49:30,HQ→TH,2026-02-22,,20846,20846,540,Monedero
932,1315834,Diagonal Bio Bio,Huinca,20069,L2,V1,2026-02-22 16:42:58,2026-02-22 17:22:42,CC→CW,2026-02-22,,20069,20069,680,Monedero
933,1315843,Concepcion,Huinca,20161,L2,V1,2026-02-22 18:23:10,2026-02-22 19:06:09,CC→CW,2026-02-22,,20161,20161,850,Monedero
934,1317085,Huinca,Coronel,20069,L2,V1,2026-02-22 17:18:07,2026-02-22 17:29:53,CC→CW,2026-02-22,,20069,20069,450,Monedero
935,1317443,Los Canelos,Diagonal Bio Bio,20056,L2,V1,2026-02-22 12:23:37,2026-02-22 12:51:55,CW→CC,2026-02-22,,20056,20056,650,Monedero
936,1317443,Concepcion,Los Canelos,20063,L2,V1,2026-02-22 14:07:04,2026-02-22 15:11:59,CC→CW,2026-02-22,,20063,20063,850,Monedero
937,1318277,Lomas Coloradas,Laguna Quinenco,20157,L2,V1,2026-02-22 17:29:03,2026-02-22 18:12:05,CC→CW,2026-02-22,,20157,20157,650,Monedero
938,1319518,Concepcion,Coronel,20067,L2,V1,2026-02-22 15:22:17,2026-02-22 16:14:30,CC→CW,2026-02-22,,20067,20067,880,Monedero
939,1319526,Cdal. Raul Silva Henriquez,Concepcion,20068,L2,V1,2026-02-22 15:52:19,2026-02-22 16:26:08,CW→CC,2026-02-22,,20068,20068,570,Monedero
940,1319535,Concepcion,Los Canelos,20053,L2,V1,2026-02-22 11:57:03,2026-02-22 12:43:00,CC→CW,2026-02-22,,20053,20053,850,Monedero
941,1320003,Concepcion,Cdal. Raul Silva Henriquez,20167,L2,V1,2026-02-22 19:59:13,2026-02-22 20:29:18,CC→CW,2026-02-22,,20167,20167,570,Monedero
942,1320011,Concepcion,Los Canelos,20067,L2,V1,2026-02-22 15:25:15,2026-02-22 16:03:29,CC→CW,2026-02-22,,20067,20067,850,Monedero
943,1320022,Concepcion,Cdal. Raul Silva Henriquez,20171,L2,V1,2026-02-22 20:41:03,2026-02-22 21:39:28,CC→CW,2026-02-22,,20171,20171,570,Monedero
944,1320022,Concepcion,Cdal. Raul Silva Henriquez,20171,L2,V1,2026-02-22 20:41:35,2026-02-22 21:39:25,CC→CW,2026-02-22,,20171,20171,570,Monedero
945,1320022,Concepcion,Cdal. Raul Silva Henriquez,20171,L2,V1,2026-02-22 20:41:53,2026-02-22 21:39:05,CC→CW,2026-02-22,,20171,20171,570,Monedero
946,1320489,Cristo Redentor,Concepcion,,,N/A,2026-02-22 14:31:08,2026-02-22 15:06:30,,2026-02-22,sin_combo_factible_en_hub|sin_s1_factible_retro,,,850,Monedero
947,1320937,Los Condores,Concepcion,20881,L1,V1,2026-02-22 07:41:23,2026-02-22 08:06:37,TH→HQ,2026-02-22,,20881,20881,500,Monedero
948,1323763,Concepcion,Costa Mar,20067,L2,V1,2026-02-22 15:26:28,2026-02-22 15:45:29,CC→CW,2026-02-22,,20067,20067,570,Monedero
949,1324577,Concepcion,Cristo Redentor,20059,L2,V1,2026-02-22 12:59:05,2026-02-22 13:57:52,CC→CW,2026-02-22,,20059,20059,850,Monedero
950,1324881,Laguna Quinenco,El Parque,20152,L2,V1,2026-02-22 08:32:39,2026-02-22 08:59:13,CW→CC,2026-02-22,,20152,20152,650,Monedero
951,1326482,Mercado,Lzo. Arenas,20847,L1,V1,2026-02-22 19:52:03,2026-02-22 20:19:54,TH→HQ,2026-02-22,,20847,20847,540,Monedero
952,1327383,Cdal. Raul Silva Henriquez,Concepcion,20152,L2,V1,2026-02-22 08:49:06,2026-02-22 09:16:59,CW→CC,2026-02-22,,20152,20152,570,Monedero
953,1327383,Concepcion,Cdal. Raul Silva Henriquez,20167,L2,V1,2026-02-22 19:58:42,2026-02-22 20:30:20,CC→CW,2026-02-22,,20167,20167,570,Monedero
954,1327530,Cristo Redentor,Los Canelos,20062,L2,V1,2026-02-22 13:40:52,2026-02-22 14:01:20,CW→CC,2026-02-22,,20062,20062,460,Monedero
955,1329331,Cristo Redentor,El Parque,20156,L2,V1,2026-02-22 09:21:04,2026-02-22 09:44:49,CW→CC,2026-02-22,,20156,20156,630,Monedero
956,1329331,El Parque,Cdal. Raul Silva Henriquez,20167,L2,V1,2026-02-22 20:05:03,2026-02-22 20:29:43,CC→CW,2026-02-22,,20167,20167,430,Monedero
957,1330427,Mercado,Concepcion,20847,L1,V1,2026-02-22 19:39:48,2026-02-22 21:25:40,TH→HQ,2026-02-22,combo_por_entrada,20847,20171,590,Monedero
958,1330427,Concepcion,Costa Mar,20171,L2,V1,2026-02-22 19:40:07,2026-02-22 21:25:30,CC→CW,2026-02-22,combo_por_entrada,20171,20171,590,Monedero
959,1330703,Costa Mar,Concepcion,20052,L2,V1,2026-02-22 11:44:48,2026-02-22 12:03:02,CW→CC,2026-02-22,,20052,20052,570,Monedero
960,1330703,Concepcion,Costa Mar,20059,L2,V1,2026-02-22 13:03:21,2026-02-22 13:36:33,CC→CW,2026-02-22,,20059,20059,570,Monedero
961,1331169,Costa Mar,Los Canelos,20163,L2,V1,2026-02-22 19:09:54,2026-02-22 19:37:46,CC→CW,2026-02-22,,20163,20163,610,Monedero
962,1331296,Concepcion,Huinca,20161,L2,V1,2026-02-22 18:15:34,2026-02-22 19:06:46,CC→CW,2026-02-22,,20161,20161,850,Monedero
963,1332462,Cdal. Raul Silva Henriquez,Alborada,20062,L2,V1,2026-02-22 14:03:23,2026-02-22 14:21:15,CW→CC,2026-02-22,,20062,20062,510,Monedero
964,1333145,Los Canelos,Cdal. Raul Silva Henriquez,20068,L2,V1,2026-02-22 15:40:49,2026-02-22 16:01:43,CW→CC,2026-02-22,,20068,20068,610,Monedero
965,1333303,Juan Pablo II,Costa Mar,20069,L2,V1,2026-02-22 16:53:12,2026-02-22 17:47:39,CC→CW,2026-02-22,,20069,20069,510,Monedero
966,1333303,Juan Pablo II,Costa Mar,20069,L2,V1,2026-02-22 16:53:21,2026-02-22 17:47:28,CC→CW,2026-02-22,,20069,20069,510,Monedero
967,1333514,Cdal. Raul Silva Henriquez,Juan Pablo II,20160,L2,V1,2026-02-22 18:00:20,2026-02-22 18:21:17,CW→CC,2026-02-22,,20160,20160,510,Monedero
968,1333514,Juan Pablo II,Cdal. Raul Silva Henriquez,20163,L2,V1,2026-02-22 18:55:13,2026-02-22 19:26:39,CC→CW,2026-02-22,,20163,20163,510,Monedero
969,1333536,Los Canelos,El Parque,20068,L2,V1,2026-02-22 15:48:41,2026-02-22 16:09:15,CW→CC,2026-02-22,,20068,20068,610,Monedero
970,1334575,Huinca,Concepcion,20066,L2,V1,2026-02-22 14:42:26,2026-02-22 15:24:32,CW→CC,2026-02-22,,20066,20066,850,Monedero
971,1334867,Costa Mar,Laguna Quinenco,20149,L2,V1,2026-02-22 08:35:20,2026-02-22 09:13:38,CC→CW,2026-02-22,,20149,20149,650,Monedero
972,1334879,Concepcion,Laguna Quinenco,20059,L2,V1,2026-02-22 12:48:53,2026-02-22 14:01:31,CC→CW,2026-02-22,,20059,20059,880,Monedero
973,1335056,Costa Mar,Laguna Quinenco,20153,L2,V1,2026-02-22 09:21:52,2026-02-22 10:00:40,CC→CW,2026-02-22,,20153,20153,650,Monedero
974,1335056,Laguna Quinenco,Costa Mar,20056,L2,V1,2026-02-22 11:57:48,2026-02-22 12:47:42,CW→CC,2026-02-22,,20056,20056,650,Monedero
975,1335776,UTF Santa Maria,Hualqui,20881,L1,V1,2026-02-22 07:49:26,2026-02-22 08:39:24,TH→HQ,2026-02-22,,20881,20881,560,Monedero
976,1336546,Mercado,Concepcion,20845,L1,V1,2026-02-22 15:54:49,2026-02-22 16:25:32,TH→HQ,2026-02-22,,20845,20845,540,Monedero
977,1336828,Lomas Coloradas,Concepcion,20052,L2,V1,2026-02-22 11:41:34,2026-02-22 12:03:01,CW→CC,2026-02-22,,20052,20052,570,Monedero
978,1336828,Concepcion,Lomas Coloradas,20157,L2,V1,2026-02-22 17:26:08,2026-02-22 17:51:41,CC→CW,2026-02-22,,20157,20157,570,Monedero
979,1337373,Manquimavida,Hualqui,20845,L1,V1,2026-02-22 16:38:50,2026-02-22 17:03:14,TH→HQ,2026-02-22,,20845,20845,500,Monedero
980,1337373,Manquimavida,Hualqui,20845,L1,V1,2026-02-22 16:39:04,2026-02-22 17:02:52,TH→HQ,2026-02-22,,20845,20845,500,Monedero
981,1338356,Cdal. Raul Silva Henriquez,Coronel,20041,L2,V1,2026-02-22 10:50:04,2026-02-22 11:12:57,CC→CW,2026-02-22,,20041,20041,650,Monedero
982,1338356,Coronel,Cdal. Raul Silva Henriquez,20056,L2,V1,2026-02-22 11:40:36,2026-02-22 12:39:10,CW→CC,2026-02-22,,20056,20056,650,Monedero
983,1338714,Concepcion,Lzo. Arenas,20848,L1,V1,2026-02-22 20:36:52,2026-02-22 21:12:51,HQ→TH,2026-02-22,,20848,20848,420,Monedero
984,1339207,Lomas Coloradas,Concepcion,20058,L2,V1,2026-02-22 12:53:03,2026-02-22 13:17:49,CW→CC,2026-02-22,,20058,20058,570,Monedero
985,1340222,Concepcion,Cristo Redentor,20041,L2,V1,2026-02-22 10:25:21,2026-02-22 11:07:57,CC→CW,2026-02-22,,20041,20041,850,Monedero
986,1340456,Cristo Redentor,Concepcion,20166,L2,V1,2026-02-22 19:18:18,2026-02-22 19:59:40,CW→CC,2026-02-22,,20166,20166,850,Monedero
987,1340871,Concepcion,El Arenal,20848,L1,V1,2026-02-22 20:43:37,2026-02-22 21:27:50,HQ→TH,2026-02-22,match_por_salida_fallback,20848,20848,560,Monedero
988,1341018,Cristo Redentor,Juan Pablo II,20062,L2,V1,2026-02-22 13:48:04,2026-02-22 14:26:18,CW→CC,2026-02-22,,20062,20062,680,Monedero
989,1341018,Diagonal Bio Bio,Coronel,20069,L2,V1,2026-02-22 16:46:56,2026-02-22 17:30:34,CC→CW,2026-02-22,,20069,20069,790,Monedero
990,1341419,Juan Pablo II,Huinca,20163,L2,V1,2026-02-22 19:08:06,2026-02-22 19:38:38,CC→CW,2026-02-22,,20163,20163,680,Monedero
991,1343892,Cdal. Raul Silva Henriquez,Concepcion,20162,L2,V1,2026-02-22 18:13:14,2026-02-22 19:02:09,CW→CC,2026-02-22,,20162,20162,570,Monedero
992,1343892,Cdal. Raul Silva Henriquez,Concepcion,20162,L2,V1,2026-02-22 18:13:22,2026-02-22 19:01:50,CW→CC,2026-02-22,,20162,20162,570,Monedero
993,1345551,Concepcion,Los Canelos,20053,L2,V1,2026-02-22 11:50:34,2026-02-22 12:44:14,CC→CW,2026-02-22,,20053,20051,850,Monedero
994,1345977,Hualqui,Concepcion,20848,L1,V1,2026-02-22 20:25:20,2026-02-22 21:32:49,HQ→TH,2026-02-22,match_por_salida_fallback,20848,20848,600,Monedero
995,1346340,El Parque,Lomas Coloradas,20167,L2,V1,2026-02-22 20:14:53,2026-02-22 20:24:57,CC→CW,2026-02-22,,20167,20167,430,Monedero
996,1347184,Coronel,Los Canelos,20066,L2,V1,2026-02-22 14:31:30,2026-02-22 14:50:52,CW→CC,2026-02-22,,20066,20066,530,Monedero
997,1347184,Los Canelos,Concepcion,20068,L2,V1,2026-02-22 15:45:12,2026-02-22 16:25:57,CW→CC,2026-02-22,,20068,20068,850,Monedero
998,1347184,Concepcion,Los Canelos,20157,L2,V1,2026-02-22 17:25:25,2026-02-22 18:04:03,CC→CW,2026-02-22,,20157,20157,850,Monedero
999,1347184,Los Canelos,Coronel,20163,L2,V1,2026-02-22 19:21:21,2026-02-22 19:47:02,CC→CW,2026-02-22,,20163,20163,530,Monedero
1000,1348842,Huinca,Diagonal Bio Bio,20044,L2,V1,2026-02-22 10:10:13,2026-02-22 10:38:20,CW→CC,2026-02-22,,20044,20044,680,Monedero
1001,1348974,Lomas Coloradas,Costa Mar,20058,L2,V1,2026-02-22 12:48:53,2026-02-22 13:00:26,CW→CC,2026-02-22,,20058,20058,430,Monedero
1002,1350458,Lomas Coloradas,Concepcion,20052,L2,V1,2026-02-22 11:26:24,2026-02-22 12:02:57,CW→CC,2026-02-22,,20052,20052,570,Monedero
1003,1350870,Lomas Coloradas,Concepcion,,,N/A,2026-02-22 14:00:22,2026-02-22 14:16:44,,2026-02-22,sin_combo_factible_en_hub|sin_s1_factible_retro,,,570,Monedero
1004,1350870,Concepcion,Lomas Coloradas,20163,L2,V1,2026-02-22 18:40:46,2026-02-22 19:24:15,CC→CW,2026-02-22,,20163,20163,570,Monedero
1005,1350883,Concepcion,Cdal. Raul Silva Henriquez,20167,L2,V1,2026-02-22 19:14:44,2026-02-22 20:31:11,CC→CW,2026-02-22,,20167,20167,570,Monedero
1006,1351761,Lomas Coloradas,El Parque,20062,L2,V1,2026-02-22 14:09:04,2026-02-22 14:17:15,CW→CC,2026-02-22,,20062,20062,430,Monedero
1007,1351761,El Parque,Lomas Coloradas,20067,L2,V1,2026-02-22 15:46:02,2026-02-22 15:51:41,CC→CW,2026-02-22,,20067,20067,430,Monedero
1008,1351952,Los Canelos,Concepcion,20056,L2,V1,2026-02-22 12:24:04,2026-02-22 13:05:45,CW→CC,2026-02-22,,20056,20056,850,Monedero
1009,1351952,Concepcion,Lomas Coloradas,20167,L2,V1,2026-02-22 20:00:20,2026-02-22 20:25:50,CC→CW,2026-02-22,,20167,20167,570,Monedero
1010,1351952,Concepcion,Lomas Coloradas,20167,L2,V1,2026-02-22 20:00:29,2026-02-22 20:25:39,CC→CW,2026-02-22,,20167,20167,570,Monedero
1011,1352859,Concepcion,Lomas Coloradas,20161,L2,V1,2026-02-22 18:25:52,2026-02-22 18:50:21,CC→CW,2026-02-22,,20161,20161,570,Monedero
1012,1353183,Concepcion,Laguna Quinenco,20157,L2,V1,2026-02-22 17:02:06,2026-02-22 18:12:41,CC→CW,2026-02-22,,20157,20157,880,Monedero
1013,1353183,Concepcion,Laguna Quinenco,20157,L2,V1,2026-02-22 17:02:55,2026-02-22 18:12:32,CC→CW,2026-02-22,,20157,20157,880,Monedero
1014,1353191,Concepcion,Juan Pablo II,20171,L2,V1,2026-02-22 20:56:02,2026-02-22 21:16:55,CC→CW,2026-02-22,,20171,20171,570,Monedero
1015,1353353,Concepcion,Cdal. Raul Silva Henriquez,20067,L2,V1,2026-02-22 15:20:34,2026-02-22 15:53:58,CC→CW,2026-02-22,,20067,20067,570,Monedero
1016,1355428,Cristo Redentor,Concepcion,20066,L2,V1,2026-02-22 14:32:25,2026-02-22 15:23:54,CW→CC,2026-02-22,,20066,20066,850,Monedero
1017,1355444,Los Condores,Concepcion,20847,L1,V1,2026-02-22 20:07:53,2026-02-22 20:25:55,TH→HQ,2026-02-22,,20847,20847,500,Monedero
1018,1355449,Concepcion,Cristo Redentor,20041,L2,V1,2026-02-22 10:25:17,2026-02-22 11:07:54,CC→CW,2026-02-22,,20041,20041,850,Monedero
1019,1356480,Concepcion,Concepcion,,,N/A,2026-02-22 17:41:14,2026-02-22 17:44:06,,2026-02-22,no viajo,,,420,Monedero
1020,1358316,Los Canelos,Concepcion,20160,L2,V1,2026-02-22 17:48:36,2026-02-22 18:29:21,CW→CC,2026-02-22,,20160,20160,850,Monedero
1021,1358322,Diagonal Bio Bio,Coronel,20041,L2,V1,2026-02-22 10:20:49,2026-02-22 11:12:44,CC→CW,2026-02-22,,20041,20035,790,Monedero
1022,1359680,Costa Mar,Los Canelos,20153,L2,V1,2026-02-22 09:26:16,2026-02-22 09:52:50,CC→CW,2026-02-22,,20153,20153,610,Monedero
1023,1359909,Laguna Quinenco,Cristo Redentor,20162,L2,V1,2026-02-22 18:08:42,2026-02-22 18:24:40,CW→CC,2026-02-22,,20162,20162,450,Monedero
1024,1360114,Concepcion,Lomas Coloradas,20063,L2,V1,2026-02-22 14:15:52,2026-02-22 14:58:20,CC→CW,2026-02-22,,20063,20063,570,Monedero
1025,1360600,Costa Mar,Coronel,20063,L2,V1,2026-02-22 14:32:48,2026-02-22 15:21:14,CC→CW,2026-02-22,,20063,20063,650,Monedero
1026,1360600,Costa Mar,Coronel,20063,L2,V1,2026-02-22 14:33:13,2026-02-22 15:20:47,CC→CW,2026-02-22,,20063,20063,650,Monedero
1027,1361056,Cdal. Raul Silva Henriquez,Juan Pablo II,20152,L2,V1,2026-02-22 08:48:17,2026-02-22 09:09:08,CW→CC,2026-02-22,,20152,20152,510,Monedero
1028,1361217,Coronel,Lomas Coloradas,20052,L2,V1,2026-02-22 11:18:19,2026-02-22 11:42:47,CW→CC,2026-02-22,,20052,20052,650,Monedero
1029,1361217,Coronel,Lomas Coloradas,20052,L2,V1,2026-02-22 11:18:32,2026-02-22 11:42:41,CW→CC,2026-02-22,,20052,20052,650,Monedero
1030,1362267,Laguna Quinenco,Concepcion,20076,L2,V1,2026-02-22 16:39:17,2026-02-22 17:31:52,CW→CC,2026-02-22,,20076,20076,880,Monedero
1031,1362267,Concepcion,El Parque,20171,L2,V1,2026-02-22 20:44:34,2026-02-22 21:29:12,CC→CW,2026-02-22,,20171,20171,570,Monedero
1032,1362769,Concepcion,Cdal. Raul Silva Henriquez,20053,L2,V1,2026-02-22 11:56:57,2026-02-22 12:34:46,CC→CW,2026-02-22,,20053,20053,570,Monedero
1033,1362769,Concepcion,Cdal. Raul Silva Henriquez,20053,L2,V1,2026-02-22 11:57:04,2026-02-22 12:34:42,CC→CW,2026-02-22,,20053,20053,570,Monedero
1034,1362769,Cdal. Raul Silva Henriquez,Concepcion,20160,L2,V1,2026-02-22 17:53:58,2026-02-22 18:31:13,CW→CC,2026-02-22,,20160,20160,570,Monedero
1035,1362769,Cdal. Raul Silva Henriquez,Concepcion,20160,L2,V1,2026-02-22 17:54:01,2026-02-22 18:30:15,CW→CC,2026-02-22,,20160,20160,570,Monedero
1036,1362938,Diagonal Bio Bio,Laguna Quinenco,20059,L2,V1,2026-02-22 13:14:05,2026-02-22 14:02:09,CC→CW,2026-02-22,,20059,20059,790,Monedero
1037,1362938,Laguna Quinenco,Diagonal Bio Bio,20068,L2,V1,2026-02-22 15:33:11,2026-02-22 16:15:38,CW→CC,2026-02-22,,20068,20068,790,Monedero
1038,1362966,Costa Mar,Diagonal Bio Bio,20162,L2,V1,2026-02-22 18:42:12,2026-02-22 18:50:42,CW→CC,2026-02-22,,20162,20162,510,Monedero
1039,1363703,Mercado,Hualqui,20857,L1,V1,2026-02-22 08:22:43,2026-02-22 09:33:48,TH→HQ,2026-02-22,,20857,20857,580,Monedero
1040,1363703,Hualqui,Mercado,20848,L1,V1,2026-02-22 20:15:39,2026-02-22 21:32:34,HQ→TH,2026-02-22,,20848,20848,580,Monedero
1041,1363704,Mercado,Hualqui,20857,L1,V1,2026-02-22 08:22:49,2026-02-22 09:32:59,TH→HQ,2026-02-22,,20857,20857,580,Monedero
1042,1363704,Hualqui,Mercado,20848,L1,V1,2026-02-22 20:15:45,2026-02-22 21:32:15,HQ→TH,2026-02-22,,20848,20848,580,Monedero
1043,1363974,Alborada,Concepcion,20052,L2,V1,2026-02-22 11:46:55,2026-02-22 12:02:20,CW→CC,2026-02-22,,20052,20052,570,Monedero
1044,1364326,Cdal. Raul Silva Henriquez,Diagonal Bio Bio,20056,L2,V1,2026-02-22 12:20:42,2026-02-22 12:51:41,CW→CC,2026-02-22,,20056,20056,510,Monedero
1045,1364326,Diagonal Bio Bio,Cdal. Raul Silva Henriquez,20063,L2,V1,2026-02-22 14:31:49,2026-02-22 15:01:48,CC→CW,2026-02-22,,20063,20063,510,Monedero
1046,1364328,Cdal. Raul Silva Henriquez,Diagonal Bio Bio,20056,L2,V1,2026-02-22 12:19:04,2026-02-22 12:51:50,CW→CC,2026-02-22,,20056,20056,510,Monedero
1047,1364328,Diagonal Bio Bio,Cdal. Raul Silva Henriquez,20063,L2,V1,2026-02-22 14:31:43,2026-02-22 15:01:42,CC→CW,2026-02-22,,20063,20063,510,Monedero
1048,1367368,Hualqui,La Leonera,20848,L1,V1,2026-02-22 20:27:56,2026-02-22 20:46:40,HQ→TH,2026-02-22,,20848,20848,500,Monedero
1049,1368209,Concepcion,Cdal. Raul Silva Henriquez,20171,L2,V1,2026-02-22 20:38:56,2026-02-22 21:36:25,CC→CW,2026-02-22,,20171,20171,570,Monedero
1050,1368321,Laguna Quinenco,Concepcion,20152,L2,V1,2026-02-22 08:20:00,2026-02-22 09:16:53,CW→CC,2026-02-22,,20152,20152,880,Monedero
1051,1368321,Concepcion,Laguna Quinenco,20067,L2,V1,2026-02-22 15:22:22,2026-02-22 16:11:29,CC→CW,2026-02-22,,20067,20067,880,Monedero
1052,1369495,Concepcion,Diagonal Bio Bio,20171,L2,V1,2026-02-22 20:51:14,2026-02-22 21:19:37,CC→CW,2026-02-22,,20171,20171,570,Monedero
1053,1370467,Diagonal Bio Bio,Concepcion,20056,L2,V1,2026-02-22 12:45:31,2026-02-22 13:07:41,CW→CC,2026-02-22,,20056,20056,570,Monedero
1054,1370791,Lomas Coloradas,Concepcion,20152,L2,V1,2026-02-22 08:48:59,2026-02-22 09:16:37,CW→CC,2026-02-22,,20152,20152,570,Monedero
1055,1372265,Cristo Redentor,Concepcion,,,N/A,2026-02-22 13:51:25,2026-02-22 14:15:49,,2026-02-22,sin_combo_factible_en_hub|sin_s1_factible_retro,,,850,Monedero
1056,1372461,Concepcion,Concepcion,,,N/A,2026-02-22 12:08:52,2026-02-22 12:10:43,,2026-02-22,no viajo,,,420,Monedero
1057,1372490,Laguna Quinenco,Costa Mar,20166,L2,V1,2026-02-22 19:14:44,2026-02-22 19:45:49,CW→CC,2026-02-22,,20166,20166,650,Monedero
1058,1373012,Lomas Coloradas,Concepcion,20076,L2,V1,2026-02-22 16:50:38,2026-02-22 17:29:42,CW→CC,2026-02-22,,20076,20076,570,Monedero
1059,1373241,Cristo Redentor,Concepcion,20066,L2,V1,2026-02-22 14:35:31,2026-02-22 15:23:19,CW→CC,2026-02-22,,20066,20066,850,Monedero
1060,1373251,Lomas Coloradas,El Parque,20156,L2,V1,2026-02-22 09:37:54,2026-02-22 09:44:27,CW→CC,2026-02-22,,20156,20156,430,Monedero
1061,1373251,El Parque,Lomas Coloradas,20167,L2,V1,2026-02-22 20:06:22,2026-02-22 20:23:27,CC→CW,2026-02-22,,20167,20167,430,Monedero
1062,1373360,Coronel,Concepcion,20062,L2,V1,2026-02-22 12:58:11,2026-02-22 14:32:28,CW→CC,2026-02-22,,20062,20062,880,Monedero
1063,1373360,Concepcion,Laguna Quinenco,20067,L2,V1,2026-02-22 15:12:12,2026-02-22 16:12:19,CC→CW,2026-02-22,,20067,20067,880,Monedero
1064,1374815,Cristo Redentor,Concepcion,20062,L2,V1,2026-02-22 13:52:03,2026-02-22 14:33:04,CW→CC,2026-02-22,,20062,20062,850,Monedero
1065,1374815,Concepcion,Cristo Redentor,20161,L2,V1,2026-02-22 17:48:21,2026-02-22 19:08:42,CC→CW,2026-02-22,,20161,20161,850,Monedero
1066,1375536,Concepcion,Los Canelos,20149,L2,V1,2026-02-22 08:26:36,2026-02-22 09:04:43,CC→CW,2026-02-22,,20149,20149,850,Monedero
1067,1375883,Coronel,Concepcion,20076,L2,V1,2026-02-22 16:21:45,2026-02-22 17:30:36,CW→CC,2026-02-22,,20076,20076,880,Monedero
1068,1375883,Coronel,Concepcion,20076,L2,V1,2026-02-22 16:21:53,2026-02-22 17:30:24,CW→CC,2026-02-22,,20076,20076,880,Monedero
1069,1376438,Coronel,Concepcion,20062,L2,V1,2026-02-22 13:33:28,2026-02-22 14:39:22,CW→CC,2026-02-22,,20062,20062,880,Monedero
1070,1377278,Laguna Quinenco,Costa Mar,20166,L2,V1,2026-02-22 18:48:01,2026-02-22 19:46:17,CW→CC,2026-02-22,,20166,20166,650,Monedero
1071,1377293,Mercado,UTF Santa Maria,20847,L1,V1,2026-02-22 19:41:24,2026-02-22 20:16:33,TH→HQ,2026-02-22,,20847,20847,490,Monedero
1072,1377913,Pedro Medina,El Arenal,20880,L1,V1,2026-02-22 21:17:34,2026-02-22 22:27:43,HQ→TH,2026-02-22,,20880,20880,550,Monedero
1073,1379956,La Leonera,Higueras,20850,L1,V1,2026-02-22 09:34:51,2026-02-22 10:21:12,HQ→TH,2026-02-22,,20850,20850,540,Monedero
1074,1379961,La Leonera,Higueras,20850,L1,V1,2026-02-22 09:36:01,2026-02-22 10:21:07,HQ→TH,2026-02-22,,20850,20850,540,Monedero
1075,1380592,Concepcion,Cdal. Raul Silva Henriquez,20171,L2,V1,2026-02-22 20:53:34,2026-02-22 21:34:28,CC→CW,2026-02-22,,20171,20171,570,Monedero
1076,1380735,Laguna Quinenco,Coronel,20035,L2,V1,2026-02-22 10:42:25,2026-02-22 10:48:28,CC→CW,2026-02-22,,20035,20035,440,Monedero
1077,1380983,Concepcion,Huinca,20053,L2,V1,2026-02-22 12:08:07,2026-02-22 12:45:27,CC→CW,2026-02-22,,20053,20053,850,Monedero
1078,1380983,Huinca,Concepcion,20076,L2,V1,2026-02-22 16:47:13,2026-02-22 17:29:05,CW→CC,2026-02-22,,20076,20076,850,Monedero
1079,1381417,Concepcion,Lomas Coloradas,20053,L2,V1,2026-02-22 12:12:10,2026-02-22 12:32:06,CC→CW,2026-02-22,,20053,20053,570,Monedero
1080,1381417,Concepcion,Lomas Coloradas,20053,L2,V1,2026-02-22 12:12:14,2026-02-22 12:32:03,CC→CW,2026-02-22,,20053,20053,570,Monedero
1081,1381748,Coronel,Costa Mar,20062,L2,V1,2026-02-22 13:20:51,2026-02-22 14:19:30,CW→CC,2026-02-22,,20062,20062,650,Monedero
1082,1382862,Concepcion,Laguna Quinenco,20035,L2,V1,2026-02-22 09:42:39,2026-02-22 10:45:25,CC→CW,2026-02-22,,20035,20035,880,Monedero
1083,1383038,Concepcion,El Parque,20153,L2,V1,2026-02-22 09:11:42,2026-02-22 09:37:02,CC→CW,2026-02-22,,20153,20153,570,Monedero
1084,1383038,El Parque,Concepcion,20166,L2,V1,2026-02-22 19:07:55,2026-02-22 20:00:27,CW→CC,2026-02-22,,20166,20166,570,Monedero
1085,1383213,Hualqui,Concepcion,20844,L1,V1,2026-02-22 12:15:54,2026-02-22 13:02:59,HQ→TH,2026-02-22,,20844,20844,550,Monedero
1086,1383213,Concepcion,Hualqui,20845,L1,V1,2026-02-22 16:17:12,2026-02-22 17:01:22,TH→HQ,2026-02-22,,20845,20845,550,Monedero
1087,1385010,Concepcion,Cdal. Raul Silva Henriquez,20171,L2,V1,2026-02-22 20:52:55,2026-02-22 21:34:54,CC→CW,2026-02-22,,20171,20171,570,Monedero
1088,1385010,Concepcion,Cdal. Raul Silva Henriquez,20171,L2,V1,2026-02-22 20:52:58,2026-02-22 21:34:48,CC→CW,2026-02-22,,20171,20171,570,Monedero
1089,1385725,Cdal. Raul Silva Henriquez,Concepcion,20166,L2,V1,2026-02-22 19:32:06,2026-02-22 19:59:56,CW→CC,2026-02-22,,20166,20166,570,Monedero
1090,1387438,Chiguayante,Los Condores,20846,L1,V1,2026-02-22 17:12:33,2026-02-22 17:49:24,HQ→TH,2026-02-22,,20846,20846,540,Monedero
1091,1387475,Juan Pablo II,Laguna Quinenco,20153,L2,V1,2026-02-22 09:20:24,2026-02-22 09:59:39,CC→CW,2026-02-22,,20153,20153,790,Monedero
1092,1388152,Lomas Coloradas,Huinca,20059,L2,V1,2026-02-22 13:26:43,2026-02-22 13:57:52,CC→CW,2026-02-22,,20059,20059,630,Monedero
1093,1388408,Lomas Coloradas,Laguna Quinenco,20069,L2,V1,2026-02-22 16:54:53,2026-02-22 17:27:38,CC→CW,2026-02-22,,20069,20069,650,Monedero
1094,1389627,Cristo Redentor,El Parque,20076,L2,V1,2026-02-22 16:49:33,2026-02-22 17:11:01,CW→CC,2026-02-22,,20076,20076,630,Monedero
1095,1389627,El Parque,Concepcion,20160,L2,V1,2026-02-22 17:15:31,2026-02-22 18:28:48,CW→CC,2026-02-22,,20160,20076,570,Monedero
1096,1389627,Concepcion,Cdal. Raul Silva Henriquez,20171,L2,V1,2026-02-22 20:49:36,2026-02-22 21:36:38,CC→CW,2026-02-22,,20171,20171,570,Monedero
1097,1390561,Concepcion,Laguna Quinenco,20153,L2,V1,2026-02-22 09:01:15,2026-02-22 09:59:48,CC→CW,2026-02-22,,20153,20153,880,Monedero
1098,1390920,Concepcion,Los Canelos,20149,L2,V1,2026-02-22 08:24:29,2026-02-22 09:04:42,CC→CW,2026-02-22,,20149,20149,850,Monedero
1099,1391009,Concepcion,Lomas Coloradas,20167,L2,V1,2026-02-22 19:38:40,2026-02-22 20:26:00,CC→CW,2026-02-22,,20167,20167,570,Monedero
1100,1391133,Lomas Coloradas,Los Canelos,20049,L2,V1,2026-02-22 11:46:31,2026-02-22 12:03:57,CC→CW,2026-02-22,,20049,20049,610,Monedero
1101,1391133,Los Canelos,Lomas Coloradas,20166,L2,V1,2026-02-22 19:21:44,2026-02-22 19:40:27,CW→CC,2026-02-22,,20166,20166,610,Monedero
1102,1392722,Concepcion,Concepcion,,,N/A,2026-02-22 18:17:29,2026-02-22 18:18:25,,2026-02-22,no viajo,,,420,Monedero
1103,1394030,Laguna Quinenco,Cdal. Raul Silva Henriquez,20166,L2,V1,2026-02-22 19:18:25,2026-02-22 19:37:37,CW→CC,2026-02-22,,20166,20166,650,Monedero
1104,1395317,Los Canelos,Diagonal Bio Bio,20076,L2,V1,2026-02-22 16:49:18,2026-02-22 17:19:50,CW→CC,2026-02-22,,20076,20076,650,Monedero
1105,1395317,Diagonal Bio Bio,Lomas Coloradas,20171,L2,V1,2026-02-22 21:14:43,2026-02-22 21:31:04,CC→CW,2026-02-22,,20171,20171,510,Monedero
1106,1395529,Hito Galvarino,Concepcion,20152,L2,V1,2026-02-22 08:43:45,2026-02-22 09:16:15,CW→CC,2026-02-22,,20152,20152,850,Monedero
1107,1395529,Concepcion,Juan Pablo II,20157,L2,V1,2026-02-22 17:18:45,2026-02-22 17:39:23,CC→CW,2026-02-22,,20157,20157,570,Monedero
1108,1395675,Huinca,Juan Pablo II,20066,L2,V1,2026-02-22 14:34:48,2026-02-22 15:15:48,CW→CC,2026-02-22,,20066,20066,680,Monedero
1109,1395812,Hito Galvarino,Concepcion,20156,L2,V1,2026-02-22 09:30:59,2026-02-22 10:02:32,CW→CC,2026-02-22,,20156,20156,850,Monedero
1110,1395812,Concepcion,Cdal. Raul Silva Henriquez,20167,L2,V1,2026-02-22 20:01:19,2026-02-22 20:32:33,CC→CW,2026-02-22,,20167,20167,570,Monedero
1111,1396180,Concepcion,El Parque,20153,L2,V1,2026-02-22 09:11:09,2026-02-22 09:36:43,CC→CW,2026-02-22,,20153,20153,570,Monedero
1112,1397222,Concepcion,Cdal. Raul Silva Henriquez,20059,L2,V1,2026-02-22 13:04:43,2026-02-22 13:45:13,CC→CW,2026-02-22,,20059,20059,570,Monedero
1113,1397475,UTF Santa Maria,Chiguayante,20845,L1,V1,2026-02-22 15:58:15,2026-02-22 16:41:29,TH→HQ,2026-02-22,,20845,20845,540,Monedero
1114,1397893,Concepcion,Costa Mar,20171,L2,V1,2026-02-22 20:37:12,2026-02-22 21:25:39,CC→CW,2026-02-22,match_por_salida_fallback,20171,20171,590,Monedero
1115,1399045,UTF Santa Maria,Hualqui,20859,L1,V1,2026-02-22 12:41:59,2026-02-22 13:30:26,TH→HQ,2026-02-22,,20859,20859,560,Monedero
1116,1399045,Hualqui,UTF Santa Maria,20880,L1,V1,2026-02-22 20:57:16,2026-02-22 22:13:16,HQ→TH,2026-02-22,,20880,20880,560,Monedero
1117,1399330,Cristo Redentor,Costa Mar,20066,L2,V1,2026-02-22 14:42:14,2026-02-22 15:08:42,CW→CC,2026-02-22,,20066,20066,630,Monedero
1118,1399515,Costa Mar,Concepcion,20160,L2,V1,2026-02-22 18:06:12,2026-02-22 18:29:02,CW→CC,2026-02-22,,20160,20160,570,Monedero
1119,1399515,Concepcion,Costa Mar,20171,L2,V1,2026-02-22 20:22:51,2026-02-22 21:24:43,CC→CW,2026-02-22,,20171,20171,570,Monedero
1120,1399516,Cdal. Raul Silva Henriquez,Concepcion,20062,L2,V1,2026-02-22 13:37:32,2026-02-22 14:34:01,CW→CC,2026-02-22,,20062,20062,570,Monedero
1121,1400107,Cdal. Raul Silva Henriquez,Concepcion,20160,L2,V1,2026-02-22 17:50:12,2026-02-22 18:32:55,CW→CC,2026-02-22,,20160,20160,570,Monedero
1122,1400109,Concepcion,Cdal. Raul Silva Henriquez,20069,L2,V1,2026-02-22 16:35:17,2026-02-22 17:11:27,CC→CW,2026-02-22,,20069,20069,570,Monedero
1123,1400109,Cdal. Raul Silva Henriquez,Concepcion,20160,L2,V1,2026-02-22 17:50:09,2026-02-22 18:32:48,CW→CC,2026-02-22,,20160,20160,570,Monedero
1124,1400476,Concepcion,Laguna Quinenco,20059,L2,V1,2026-02-22 12:55:26,2026-02-22 14:01:58,CC→CW,2026-02-22,,20059,20059,880,Monedero
1125,1400734,Laguna Quinenco,Coronel,20053,L2,V1,2026-02-22 12:47:10,2026-02-22 12:53:47,CC→CW,2026-02-22,,20053,20053,440,Monedero
1126,1400779,Concepcion,Hito Galvarino,20063,L2,V1,2026-02-22 14:25:17,2026-02-22 15:06:36,CC→CW,2026-02-22,,20063,20063,850,Monedero
1127,1401065,Huinca,Concepcion,20152,L2,V1,2026-02-22 08:36:58,2026-02-22 09:18:55,CW→CC,2026-02-22,,20152,20152,850,Monedero
1128,1401450,Concepcion,Costa Mar,20149,L2,V1,2026-02-22 08:30:05,2026-02-22 08:46:55,CC→CW,2026-02-22,,20149,20149,570,Monedero
1129,1401723,Concepcion,Laguna Quinenco,20063,L2,V1,2026-02-22 13:44:15,2026-02-22 15:17:57,CC→CW,2026-02-22,,20063,20063,880,Monedero
1130,1401911,Huinca,Concepcion,20066,L2,V1,2026-02-22 14:45:07,2026-02-22 15:23:44,CW→CC,2026-02-22,,20066,20066,850,Monedero
1131,1402298,El Parque,Laguna Quinenco,20157,L2,V1,2026-02-22 17:32:40,2026-02-22 18:11:36,CC→CW,2026-02-22,,20157,20157,650,Monedero
1132,1403014,Diagonal Bio Bio,Lomas Coloradas,20063,L2,V1,2026-02-22 14:34:51,2026-02-22 14:57:56,CC→CW,2026-02-22,,20063,20063,510,Monedero
1133,1403397,UTF Santa Maria,Concepcion,20845,L1,V1,2026-02-22 16:10:16,2026-02-22 17:26:57,TH→HQ,2026-02-22,combo_por_entrada,20845,20069,900,Monedero
1134,1403397,UTF Santa Maria,Concepcion,20845,L1,V1,2026-02-22 16:10:22,2026-02-22 17:26:47,TH→HQ,2026-02-22,combo_por_entrada,20845,20845,900,Monedero
1135,1403397,Laguna Quinenco,Concepcion,20162,L2,V1,2026-02-22 18:01:49,2026-02-22 18:59:57,CW→CC,2026-02-22,,20162,20162,880,Monedero
1136,1403562,Costa Mar,Laguna Quinenco,20041,L2,V1,2026-02-22 10:41:55,2026-02-22 11:10:20,CC→CW,2026-02-22,,20041,20041,650,Monedero
1137,1403669,Mercado,Concepcion,20857,L1,V1,2026-02-22 08:27:15,2026-02-22 08:58:17,TH→HQ,2026-02-22,,20857,20857,540,Monedero
1138,1403669,Juan Pablo II,Cdal. Raul Silva Henriquez,20059,L2,V1,2026-02-22 13:26:23,2026-02-22 13:44:37,CC→CW,2026-02-22,,20059,20059,510,Monedero
1139,1403669,Concepcion,Mercado,20848,L1,V1,2026-02-22 20:33:37,2026-02-22 21:32:23,HQ→TH,2026-02-22,match_por_salida_fallback,20848,20848,590,Monedero
1140,1405597,Los Canelos,Alborada,20166,L2,V1,2026-02-22 19:03:15,2026-02-22 19:48:11,CW→CC,2026-02-22,,20166,20166,650,Monedero
1141,1405617,Coronel,Concepcion,20076,L2,V1,2026-02-22 16:31:23,2026-02-22 17:28:43,CW→CC,2026-02-22,,20076,20076,880,Monedero
1142,1405627,El Arenal,Chiguayante,20847,L1,V1,2026-02-22 19:52:18,2026-02-22 20:40:50,TH→HQ,2026-02-22,,20847,20847,550,Monedero
1143,1405833,Cristo Redentor,Lomas Coloradas,20056,L2,V1,2026-02-22 12:23:28,2026-02-22 12:41:34,CW→CC,2026-02-22,,20056,20056,630,Monedero
1144,1406289,Los Canelos,Concepcion,20056,L2,V1,2026-02-22 12:23:58,2026-02-22 13:05:48,CW→CC,2026-02-22,,20056,20056,850,Monedero
1145,1406805,Coronel,Lomas Coloradas,20040,L2,V1,2026-02-22 09:35:23,2026-02-22 10:02:38,CW→CC,2026-02-22,,20040,20040,650,Monedero
1146,1408871,Concepcion,Cdal. Raul Silva Henriquez,20167,L2,V1,2026-02-22 19:27:17,2026-02-22 20:34:01,CC→CW,2026-02-22,,20167,20167,570,Monedero
1147,1408871,Concepcion,Cdal. Raul Silva Henriquez,20167,L2,V1,2026-02-22 19:28:33,2026-02-22 20:33:45,CC→CW,2026-02-22,,20167,20167,570,Monedero
1148,1408922,Laguna Quinenco,Concepcion,20062,L2,V1,2026-02-22 13:51:31,2026-02-22 14:32:17,CW→CC,2026-02-22,,20062,20062,880,Monedero
1149,1408922,Concepcion,Laguna Quinenco,20163,L2,V1,2026-02-22 18:51:24,2026-02-22 19:43:42,CC→CW,2026-02-22,,20163,20163,880,Monedero
1150,1409201,Concepcion,Lomas Coloradas,20157,L2,V1,2026-02-22 17:11:47,2026-02-22 17:52:02,CC→CW,2026-02-22,,20157,20157,570,Monedero
1151,1411243,Concepcion,El Parque,20053,L2,V1,2026-02-22 12:06:46,2026-02-22 12:29:35,CC→CW,2026-02-22,,20053,20053,570,Monedero
1152,1411243,El Parque,Concepcion,20062,L2,V1,2026-02-22 14:09:32,2026-02-22 14:32:37,CW→CC,2026-02-22,,20062,20062,570,Monedero
1153,1412081,Cristo Redentor,Concepcion,20044,L2,V1,2026-02-22 10:06:00,2026-02-22 10:49:21,CW→CC,2026-02-22,,20044,20044,850,Monedero
1154,1412092,Cristo Redentor,El Parque,20076,L2,V1,2026-02-22 16:43:55,2026-02-22 17:12:28,CW→CC,2026-02-22,,20076,20076,630,Monedero
1155,1412092,Cristo Redentor,El Parque,20076,L2,V1,2026-02-22 16:44:08,2026-02-22 17:12:10,CW→CC,2026-02-22,,20076,20076,630,Monedero
1156,1412092,El Parque,Laguna Quinenco,20163,L2,V1,2026-02-22 19:20:10,2026-02-22 19:44:01,CC→CW,2026-02-22,,20163,20163,650,Monedero
1157,1412092,El Parque,Laguna Quinenco,20163,L2,V1,2026-02-22 19:20:17,2026-02-22 19:43:53,CC→CW,2026-02-22,,20163,20163,650,Monedero
1158,1412421,Costa Mar,Juan Pablo II,20076,L2,V1,2026-02-22 17:10:48,2026-02-22 17:22:06,CW→CC,2026-02-22,,20076,20076,510,Monedero
1159,1412614,Concepcion,Juan Pablo II,20059,L2,V1,2026-02-22 12:22:42,2026-02-22 13:28:47,CC→CW,2026-02-22,combo_por_entrada,20059,20059,560,Monedero
1160,1413278,Concepcion,Juan Pablo II,20153,L2,V1,2026-02-22 08:30:02,2026-02-22 09:27:28,CC→CW,2026-02-22,combo_por_entrada,20153,20153,560,Monedero
1161,1413278,Concepcion,Juan Pablo II,20153,L2,V1,2026-02-22 08:30:16,2026-02-22 09:27:23,CC→CW,2026-02-22,combo_por_entrada,20153,20153,560,Monedero
1162,1413319,Concepcion,Los Canelos,20063,L2,V1,2026-02-22 13:57:32,2026-02-22 15:12:06,CC→CW,2026-02-22,,20063,20063,850,Monedero
1163,1413744,Los Canelos,Diagonal Bio Bio,20156,L2,V1,2026-02-22 09:27:46,2026-02-22 09:52:04,CW→CC,2026-02-22,,20156,20156,650,Monedero
1164,1413744,Diagonal Bio Bio,Los Canelos,20041,L2,V1,2026-02-22 10:23:38,2026-02-22 11:03:08,CC→CW,2026-02-22,,20041,20041,650,Monedero
1165,1414004,Los Condores,Manquimavida,20859,L1,V1,2026-02-22 12:29:34,2026-02-22 13:15:49,TH→HQ,2026-02-22,,20859,20859,540,Monedero
1166,1414004,Hualqui,Higueras,20846,L1,V1,2026-02-22 16:47:39,2026-02-22 17:52:32,HQ→TH,2026-02-22,,20846,20846,560,Monedero
1167,1414266,Concepcion,Cdal. Raul Silva Henriquez,20171,L2,V1,2026-02-22 20:51:47,2026-02-22 21:38:03,CC→CW,2026-02-22,,20171,20171,570,Monedero
1168,1414462,Concepcion,Lomas Coloradas,20049,L2,V1,2026-02-22 11:18:37,2026-02-22 11:51:09,CC→CW,2026-02-22,,20049,20049,570,Monedero
1169,1415059,Concepcion,Laguna Quinenco,20063,L2,V1,2026-02-22 13:48:23,2026-02-22 15:18:01,CC→CW,2026-02-22,,20063,20063,880,Monedero
1170,1415407,Diagonal Bio Bio,Concepcion,20160,L2,V1,2026-02-22 18:08:08,2026-02-22 18:28:47,CW→CC,2026-02-22,,20160,20160,570,Monedero
1171,1416829,Huinca,Concepcion,20068,L2,V1,2026-02-22 15:42:43,2026-02-22 16:24:55,CW→CC,2026-02-22,,20068,20068,850,Monedero
1172,1417583,Lomas Coloradas,Concepcion,20068,L2,V1,2026-02-22 15:57:06,2026-02-22 16:26:01,CW→CC,2026-02-22,,20068,20068,570,Monedero
1173,1417583,Concepcion,Lomas Coloradas,20167,L2,V1,2026-02-22 19:57:23,2026-02-22 20:24:35,CC→CW,2026-02-22,,20167,20167,570,Monedero
1174,1417853,Mercado,Hualqui,20857,L1,V1,2026-02-22 08:22:36,2026-02-22 09:32:31,TH→HQ,2026-02-22,,20857,20857,580,Monedero
1175,1417853,Hualqui,Mercado,20848,L1,V1,2026-02-22 20:16:06,2026-02-22 21:32:55,HQ→TH,2026-02-22,,20848,20848,580,Monedero
1176,1417918,Concepcion,Alborada,20035,L2,V1,2026-02-22 09:27:41,2026-02-22 10:43:28,CC→CW,2026-02-22,combo_por_entrada,20035,20035,590,Monedero
1177,1418025,Cristo Redentor,Concepcion,20076,L2,V1,2026-02-22 16:41:32,2026-02-22 17:30:21,CW→CC,2026-02-22,,20076,20076,850,Monedero
1178,1418025,Concepcion,Cdal. Raul Silva Henriquez,20167,L2,V1,2026-02-22 19:42:08,2026-02-22 20:34:30,CC→CW,2026-02-22,,20167,20167,570,Monedero
1179,1418037,Laguna Quinenco,Concepcion,20062,L2,V1,2026-02-22 13:46:34,2026-02-22 14:34:09,CW→CC,2026-02-22,,20062,20062,880,Monedero
1180,1418037,Concepcion,Laguna Quinenco,20161,L2,V1,2026-02-22 17:38:59,2026-02-22 19:13:11,CC→CW,2026-02-22,,20161,20157,880,Monedero
1181,1418767,Huinca,Concepcion,20062,L2,V1,2026-02-22 13:54:56,2026-02-22 14:34:33,CW→CC,2026-02-22,,20062,20062,850,Monedero
1182,1418767,Concepcion,Huinca,20163,L2,V1,2026-02-22 18:53:14,2026-02-22 19:39:32,CC→CW,2026-02-22,,20163,20163,850,Monedero
1183,1418954,El Parque,Concepcion,20062,L2,V1,2026-02-22 13:59:48,2026-02-22 14:33:43,CW→CC,2026-02-22,,20062,20062,570,Monedero
1184,1419761,Cristo Redentor,El Parque,20040,L2,V1,2026-02-22 09:34:39,2026-02-22 10:05:16,CW→CC,2026-02-22,,20040,20040,630,Monedero
1185,1419761,El Parque,Cdal. Raul Silva Henriquez,20167,L2,V1,2026-02-22 20:04:57,2026-02-22 20:30:08,CC→CW,2026-02-22,,20167,20167,430,Monedero
1186,1419763,Mercado,Concepcion,20845,L1,V1,2026-02-22 15:47:55,2026-02-22 16:26:42,TH→HQ,2026-02-22,,20845,20845,540,Monedero
1187,1419763,Concepcion,Concepcion,,,N/A,2026-02-22 20:24:33,2026-02-22 20:25:20,,2026-02-22,no viajo,,,420,Monedero
1188,1419779,Costa Mar,Concepcion,20160,L2,V1,2026-02-22 18:07:07,2026-02-22 18:29:48,CW→CC,2026-02-22,,20160,20160,570,Monedero
1189,1420157,Costa Mar,Concepcion,20068,L2,V1,2026-02-22 16:05:43,2026-02-22 16:24:46,CW→CC,2026-02-22,,20068,20068,570,Monedero
1190,1421379,Coronel,Concepcion,20166,L2,V1,2026-02-22 18:57:14,2026-02-22 20:01:53,CW→CC,2026-02-22,,20166,20166,880,Monedero
1191,1422006,Concepcion,Lomas Coloradas,20041,L2,V1,2026-02-22 10:25:04,2026-02-22 10:50:27,CC→CW,2026-02-22,,20041,20041,570,Monedero
1192,1422006,Lomas Coloradas,Concepcion,20050,L2,V1,2026-02-22 11:02:59,2026-02-22 11:41:08,CW→CC,2026-02-22,,20050,20050,570,Monedero
1193,1422006,Concepcion,Lomas Coloradas,20167,L2,V1,2026-02-22 19:50:23,2026-02-22 20:26:22,CC→CW,2026-02-22,,20167,20167,570,Monedero
1194,1422564,Costa Mar,Diagonal Bio Bio,20076,L2,V1,2026-02-22 16:56:34,2026-02-22 17:19:23,CW→CC,2026-02-22,,20076,20076,510,Monedero
1195,1423364,Concepcion,Cristo Redentor,20069,L2,V1,2026-02-22 16:36:28,2026-02-22 17:24:46,CC→CW,2026-02-22,,20069,20069,850,Monedero
1196,1424258,Cristo Redentor,Concepcion,20160,L2,V1,2026-02-22 17:29:04,2026-02-22 18:32:32,CW→CC,2026-02-22,,20160,20160,850,Monedero
1197,1424258,Concepcion,Cdal. Raul Silva Henriquez,20167,L2,V1,2026-02-22 19:59:25,2026-02-22 20:28:44,CC→CW,2026-02-22,,20167,20167,570,Monedero
1198,1424258,Concepcion,Lomas Coloradas,20171,L2,V1,2026-02-22 20:32:31,2026-02-22 21:32:11,CC→CW,2026-02-22,combo_por_entrada,20171,20171,430,Monedero
1199,1424477,Concepcion,Pedro Medina,20859,L1,V1,2026-02-22 11:37:29,2026-02-22 13:12:32,TH→HQ,2026-02-22,combo_relajado_pase1,20859,20859,590,Monedero
1200,1424657,Juan Pablo II,Concepcion,20170,L2,V1,2026-02-22 20:45:04,2026-02-22 21:04:11,CW→CC,2026-02-22,,20170,20170,570,Monedero
1201,1424818,Coronel,Concepcion,20066,L2,V1,2026-02-22 14:35:05,2026-02-22 15:24:52,CW→CC,2026-02-22,,20066,20066,880,Monedero
1202,1424818,Coronel,Concepcion,20066,L2,V1,2026-02-22 14:35:18,2026-02-22 15:24:32,CW→CC,2026-02-22,,20066,20066,880,Monedero
1203,1424818,Concepcion,Laguna Quinenco,20163,L2,V1,2026-02-22 18:39:34,2026-02-22 19:44:30,CC→CW,2026-02-22,,20163,20163,880,Monedero
1204,1425176,Diagonal Bio Bio,Lomas Coloradas,20163,L2,V1,2026-02-22 19:10:19,2026-02-22 19:24:42,CC→CW,2026-02-22,,20163,20163,510,Monedero
1205,1425705,Cristo Redentor,Concepcion,20160,L2,V1,2026-02-22 17:28:57,2026-02-22 18:32:27,CW→CC,2026-02-22,,20160,20160,850,Monedero
1206,1425705,Concepcion,Cdal. Raul Silva Henriquez,20167,L2,V1,2026-02-22 19:59:30,2026-02-22 20:28:51,CC→CW,2026-02-22,,20167,20167,570,Monedero
1207,1425705,Concepcion,Lomas Coloradas,20171,L2,V1,2026-02-22 20:33:16,2026-02-22 21:32:16,CC→CW,2026-02-22,combo_por_entrada,20171,20171,430,Monedero
1208,1426262,Coronel,Concepcion,20050,L2,V1,2026-02-22 10:45:08,2026-02-22 11:40:05,CW→CC,2026-02-22,,20050,20050,880,Monedero
1209,1426508,Los Condores,Concepcion,20845,L1,V1,2026-02-22 16:03:52,2026-02-22 17:03:40,TH→HQ,2026-02-22,combo_por_entrada,20845,20845,590,Monedero
1210,1426508,Los Condores,Concepcion,20845,L1,V1,2026-02-22 16:03:59,2026-02-22 17:03:32,TH→HQ,2026-02-22,combo_por_entrada,20845,20845,590,Monedero
1211,1426549,Laguna Quinenco,Concepcion,20056,L2,V1,2026-02-22 11:50:46,2026-02-22 13:04:54,CW→CC,2026-02-22,,20056,20056,880,Monedero
1212,1426678,Lomas Coloradas,Concepcion,20066,L2,V1,2026-02-22 14:56:55,2026-02-22 15:23:31,CW→CC,2026-02-22,,20066,20066,570,Monedero
1213,1426678,Concepcion,Lomas Coloradas,20167,L2,V1,2026-02-22 20:01:24,2026-02-22 20:25:33,CC→CW,2026-02-22,,20167,20167,570,Monedero
1214,1427533,El Arenal,Hualqui,20845,L1,V1,2026-02-22 15:53:28,2026-02-22 17:03:03,TH→HQ,2026-02-22,,20845,20845,580,Monedero
1215,1428482,Costa Mar,Huinca,20049,L2,V1,2026-02-22 11:41:09,2026-02-22 12:05:46,CC→CW,2026-02-22,,20049,20049,630,Monedero
1216,1429580,Laguna Quinenco,Concepcion,20062,L2,V1,2026-02-22 13:40:11,2026-02-22 14:33:52,CW→CC,2026-02-22,,20062,20062,880,Monedero
1217,1430352,Coronel,Cdal. Raul Silva Henriquez,20068,L2,V1,2026-02-22 15:25:18,2026-02-22 16:01:46,CW→CC,2026-02-22,,20068,20068,650,Monedero
1218,1430912,Coronel,Concepcion,20066,L2,V1,2026-02-22 14:31:22,2026-02-22 15:25:14,CW→CC,2026-02-22,,20066,20066,880,Monedero
1219,1430912,Concepcion,Cdal. Raul Silva Henriquez,20171,L2,V1,2026-02-22 20:56:31,2026-02-22 21:39:19,CC→CW,2026-02-22,,20171,20171,570,Monedero
1220,1430926,Lomas Coloradas,Laguna Quinenco,20069,L2,V1,2026-02-22 16:15:51,2026-02-22 17:26:44,CC→CW,2026-02-22,,20069,20069,650,Monedero
1221,1431964,Cdal. Raul Silva Henriquez,Los Canelos,20149,L2,V1,2026-02-22 08:54:26,2026-02-22 09:04:58,CC→CW,2026-02-22,,20149,20149,610,Monedero
1222,1431978,Costa Mar,Concepcion,20056,L2,V1,2026-02-22 12:37:34,2026-02-22 13:04:32,CW→CC,2026-02-22,,20056,20056,570,Monedero
1223,1431978,Costa Mar,Concepcion,20056,L2,V1,2026-02-22 12:37:43,2026-02-22 13:04:24,CW→CC,2026-02-22,,20056,20056,570,Monedero
1224,1431978,Concepcion,Costa Mar,20069,L2,V1,2026-02-22 16:29:55,2026-02-22 17:00:05,CC→CW,2026-02-22,,20069,20069,570,Monedero
1225,1431978,Concepcion,Costa Mar,20069,L2,V1,2026-02-22 16:30:15,2026-02-22 17:00:02,CC→CW,2026-02-22,,20069,20069,570,Monedero
1226,1432417,Pedro Medina,Concepcion,20846,L1,V1,2026-02-22 17:10:12,2026-02-22 17:43:24,HQ→TH,2026-02-22,,20846,20846,510,Monedero
1227,1432417,Pedro Medina,Concepcion,20846,L1,V1,2026-02-22 17:10:15,2026-02-22 17:43:15,HQ→TH,2026-02-22,,20846,20846,510,Monedero
1228,1432743,Laguna Quinenco,Diagonal Bio Bio,20056,L2,V1,2026-02-22 12:07:17,2026-02-22 12:52:09,CW→CC,2026-02-22,,20056,20056,790,Monedero
1229,1432743,Laguna Quinenco,Diagonal Bio Bio,20056,L2,V1,2026-02-22 12:07:24,2026-02-22 12:52:04,CW→CC,2026-02-22,,20056,20056,790,Monedero
1230,1432917,Concepcion,Coronel,20157,L2,V1,2026-02-22 17:15:25,2026-02-22 18:14:15,CC→CW,2026-02-22,,20157,20157,880,Monedero
1231,1432951,Huinca,Juan Pablo II,20068,L2,V1,2026-02-22 15:41:22,2026-02-22 16:18:34,CW→CC,2026-02-22,,20068,20068,680,Monedero
1232,1432990,Concepcion,Cristo Redentor,20067,L2,V1,2026-02-22 15:13:49,2026-02-22 16:07:54,CC→CW,2026-02-22,,20067,20067,850,Monedero
1233,1432990,Cristo Redentor,Juan Pablo II,20162,L2,V1,2026-02-22 18:20:20,2026-02-22 18:53:44,CW→CC,2026-02-22,,20162,20162,680,Monedero
1234,1433201,Concepcion,El Parque,20153,L2,V1,2026-02-22 09:10:48,2026-02-22 09:36:36,CC→CW,2026-02-22,,20153,20153,570,Monedero
1235,1433206,Concepcion,Hualqui,20847,L1,V1,2026-02-22 20:07:44,2026-02-22 21:02:56,TH→HQ,2026-02-22,,20847,20847,550,Monedero
1236,1433227,Huinca,Laguna Quinenco,20035,L2,V1,2026-02-22 10:37:08,2026-02-22 10:44:36,CC→CW,2026-02-22,,20035,20035,450,Monedero
1237,1434898,Concepcion,Manquimavida,20847,L1,V1,2026-02-22 20:08:53,2026-02-22 20:46:04,TH→HQ,2026-02-22,,20847,20847,510,Monedero
1238,1436060,El Parque,Juan Pablo II,20052,L2,V1,2026-02-22 11:44:14,2026-02-22 11:55:27,CW→CC,2026-02-22,,20052,20052,510,Monedero
1239,1436103,Concepcion,Los Condores,20846,L1,V1,2026-02-22 16:43:28,2026-02-22 17:48:49,HQ→TH,2026-02-22,combo_por_entrada,20846,20076,870,Monedero
1240,1436748,El Parque,Costa Mar,20166,L2,V1,2026-02-22 19:22:29,2026-02-22 19:45:43,CW→CC,2026-02-22,,20166,20166,430,Monedero
1241,1436766,Concepcion,Laguna Quinenco,20063,L2,V1,2026-02-22 14:19:13,2026-02-22 15:18:54,CC→CW,2026-02-22,,20063,20063,880,Monedero
1242,1436766,Concepcion,Laguna Quinenco,20063,L2,V1,2026-02-22 14:19:23,2026-02-22 15:18:20,CC→CW,2026-02-22,,20063,20063,880,Monedero
1243,1437406,Concepcion,Lomas Coloradas,20171,L2,V1,2026-02-22 20:05:49,2026-02-22 21:32:22,CC→CW,2026-02-22,,20171,20167,570,Monedero
1244,1437407,Concepcion,Alborada,20171,L2,V1,2026-02-22 20:39:25,2026-02-22 21:22:46,CC→CW,2026-02-22,,20171,20171,570,Monedero
1245,1438421,Concepcion,Cristo Redentor,20063,L2,V1,2026-02-22 14:33:10,2026-02-22 15:15:04,CC→CW,2026-02-22,,20063,20063,850,Monedero
1246,1438751,Concepcion,Cristo Redentor,20063,L2,V1,2026-02-22 14:33:08,2026-02-22 15:14:54,CC→CW,2026-02-22,,20063,20063,850,Monedero
1247,1438761,Concepcion,Los Canelos,20063,L2,V1,2026-02-22 14:38:52,2026-02-22 15:11:34,CC→CW,2026-02-22,,20063,20063,850,Monedero
1248,1438765,Concepcion,Los Canelos,20063,L2,V1,2026-02-22 14:06:01,2026-02-22 15:13:14,CC→CW,2026-02-22,,20063,20063,850,Monedero
1249,1439547,Lomas Coloradas,Coronel,20163,L2,V1,2026-02-22 19:22:20,2026-02-22 19:46:59,CC→CW,2026-02-22,,20163,20163,650,Monedero
1250,1439728,Coronel,Concepcion,20076,L2,V1,2026-02-22 16:35:55,2026-02-22 17:28:38,CW→CC,2026-02-22,,20076,20076,880,Monedero
1251,1441348,Costa Mar,Laguna Quinenco,20053,L2,V1,2026-02-22 12:22:31,2026-02-22 12:49:33,CC→CW,2026-02-22,,20053,20053,650,Monedero
1252,1441950,El Parque,Hito Galvarino,20051,L2,V1,2026-02-22 11:58:18,2026-02-22 12:14:51,CC→CW,2026-02-22,,20051,20051,610,Monedero
1253,1442351,Costa Mar,Coronel,20059,L2,V1,2026-02-22 13:28:13,2026-02-22 14:04:21,CC→CW,2026-02-22,,20059,20059,650,Monedero
1254,1442387,Los Canelos,Diagonal Bio Bio,20052,L2,V1,2026-02-22 11:26:18,2026-02-22 11:53:24,CW→CC,2026-02-22,,20052,20052,650,Monedero
1255,1442750,Coronel,Los Canelos,20068,L2,V1,2026-02-22 15:25:45,2026-02-22 15:52:37,CW→CC,2026-02-22,,20068,20068,530,Monedero
1256,1442750,Coronel,Los Canelos,20068,L2,V1,2026-02-22 15:25:54,2026-02-22 15:52:03,CW→CC,2026-02-22,,20068,20068,530,Monedero
1257,1443121,Laguna Quinenco,Concepcion,20166,L2,V1,2026-02-22 19:16:08,2026-02-22 19:59:59,CW→CC,2026-02-22,,20166,20166,880,Monedero
1258,1443975,Juan Pablo II,Costa Mar,20067,L2,V1,2026-02-22 15:31:08,2026-02-22 15:45:57,CC→CW,2026-02-22,,20067,20067,510,Monedero
1259,1444540,Costa Mar,Concepcion,20040,L2,V1,2026-02-22 10:00:44,2026-02-22 10:21:44,CW→CC,2026-02-22,,20040,20040,570,Monedero
1260,1444581,Concepcion,Lomas Coloradas,20161,L2,V1,2026-02-22 18:28:08,2026-02-22 19:23:53,CC→CW,2026-02-22,,20161,20161,570,Monedero
1261,1444741,Alborada,Laguna Quinenco,20067,L2,V1,2026-02-22 15:42:39,2026-02-22 16:11:51,CC→CW,2026-02-22,,20067,20067,790,Monedero
1262,1444859,Coronel,Los Canelos,20062,L2,V1,2026-02-22 13:30:17,2026-02-22 14:00:30,CW→CC,2026-02-22,,20062,20062,530,Monedero
1263,1444935,Manquimavida,Concepcion,20850,L1,V1,2026-02-22 09:34:47,2026-02-22 10:06:50,HQ→TH,2026-02-22,,20850,20850,510,Monedero
1264,1444947,Coronel,Concepcion,20056,L2,V1,2026-02-22 12:01:41,2026-02-22 13:04:07,CW→CC,2026-02-22,,20056,20056,880,Monedero
1265,1445096,Los Canelos,Concepcion,20066,L2,V1,2026-02-22 14:41:33,2026-02-22 15:30:48,CW→CC,2026-02-22,,20066,20066,850,Monedero
1266,1446706,Huinca,Concepcion,20066,L2,V1,2026-02-22 14:44:35,2026-02-22 15:25:06,CW→CC,2026-02-22,,20066,20066,850,Monedero
1267,1446706,Concepcion,Huinca,20157,L2,V1,2026-02-22 17:25:02,2026-02-22 18:06:24,CC→CW,2026-02-22,,20157,20157,850,Monedero
1268,1446714,Concepcion,Cdal. Raul Silva Henriquez,20171,L2,V1,2026-02-22 20:51:11,2026-02-22 21:38:07,CC→CW,2026-02-22,,20171,20171,570,Monedero
1269,1447127,Cdal. Raul Silva Henriquez,Lomas Coloradas,20050,L2,V1,2026-02-22 11:04:50,2026-02-22 11:19:15,CW→CC,2026-02-22,,20050,20050,430,Monedero
1270,1447127,Cdal. Raul Silva Henriquez,Lomas Coloradas,20050,L2,V1,2026-02-22 11:04:56,2026-02-22 11:19:13,CW→CC,2026-02-22,,20050,20050,430,Monedero
1271,1447419,Cristo Redentor,Concepcion,20152,L2,V1,2026-02-22 08:08:41,2026-02-22 09:17:04,CW→CC,2026-02-22,,20152,20152,850,Monedero
1272,1447419,Concepcion,Cristo Redentor,20063,L2,V1,2026-02-22 13:50:28,2026-02-22 15:46:56,CC→CW,2026-02-22,,20063,20063,850,Monedero
1273,1447845,Costa Mar,Concepcion,20056,L2,V1,2026-02-22 12:43:43,2026-02-22 13:05:43,CW→CC,2026-02-22,,20056,20056,570,Monedero
1274,1448355,Costa Mar,Cristo Redentor,20059,L2,V1,2026-02-22 13:33:50,2026-02-22 13:58:08,CC→CW,2026-02-22,,20059,20059,630,Monedero
1275,1448540,Laguna Quinenco,Concepcion,20050,L2,V1,2026-02-22 10:46:27,2026-02-22 11:40:22,CW→CC,2026-02-22,,20050,20050,880,Monedero
1276,1448540,Concepcion,Cdal. Raul Silva Henriquez,20171,L2,V1,2026-02-22 20:37:27,2026-02-22 21:35:06,CC→CW,2026-02-22,,20171,20171,570,Monedero
1277,1448705,Alborada,Lomas Coloradas,20069,L2,V1,2026-02-22 16:50:49,2026-02-22 17:05:43,CC→CW,2026-02-22,,20069,20069,510,Monedero
1278,1448705,Lomas Coloradas,Alborada,,,N/A,2026-02-22 20:39:00,2026-02-22 20:50:30,,2026-02-22,sin_combo_factible_en_hub|sin_s1_factible_retro,,,510,Monedero
1279,1448815,Coronel,Cdal. Raul Silva Henriquez,20152,L2,V1,2026-02-22 08:31:17,2026-02-22 08:52:47,CW→CC,2026-02-22,,20152,20152,650,Monedero
1280,1448950,Concepcion,Cdal. Raul Silva Henriquez,20171,L2,V1,2026-02-22 21:00:11,2026-02-22 21:34:48,CC→CW,2026-02-22,,20171,20171,570,Monedero
1281,1448991,El Parque,Concepcion,20040,L2,V1,2026-02-22 10:01:04,2026-02-22 10:21:43,CW→CC,2026-02-22,,20040,20040,570,Monedero
1282,1449355,Diagonal Bio Bio,Huinca,20163,L2,V1,2026-02-22 19:05:46,2026-02-22 19:38:14,CC→CW,2026-02-22,,20163,20163,680,Monedero
1283,1449541,Hualqui,Mercado,20846,L1,V1,2026-02-22 16:30:15,2026-02-22 18:00:00,HQ→TH,2026-02-22,,20846,20846,580,Monedero
1284,1449837,Hualqui,Mercado,20846,L1,V1,2026-02-22 16:30:09,2026-02-22 18:00:04,HQ→TH,2026-02-22,,20846,20846,580,Monedero
1285,1449858,Lomas Coloradas,Los Canelos,20053,L2,V1,2026-02-22 12:28:54,2026-02-22 12:42:40,CC→CW,2026-02-22,,20053,20053,610,Monedero
1286,1450088,Los Canelos,Concepcion,20062,L2,V1,2026-02-22 13:48:16,2026-02-22 14:33:50,CW→CC,2026-02-22,,20062,20062,850,Monedero
1287,1450088,Los Canelos,Concepcion,20062,L2,V1,2026-02-22 13:48:21,2026-02-22 14:33:45,CW→CC,2026-02-22,,20062,20062,850,Monedero
1288,1450088,Concepcion,Los Canelos,20161,L2,V1,2026-02-22 17:59:57,2026-02-22 19:04:42,CC→CW,2026-02-22,,20161,20161,850,Monedero
1289,1450088,Concepcion,Los Canelos,20161,L2,V1,2026-02-22 18:00:28,2026-02-22 19:04:36,CC→CW,2026-02-22,,20161,20161,850,Monedero
1290,1450267,Concepcion,Coronel,20063,L2,V1,2026-02-22 14:12:39,2026-02-22 15:21:04,CC→CW,2026-02-22,,20063,20063,880,Monedero
1291,1450734,Coronel,Concepcion,20076,L2,V1,2026-02-22 16:39:42,2026-02-22 17:30:08,CW→CC,2026-02-22,,20076,20076,880,Monedero
1292,1451144,Concepcion,Juan Pablo II,20053,L2,V1,2026-02-22 11:59:24,2026-02-22 12:20:16,CC→CW,2026-02-22,,20053,20053,570,Monedero
1293,1451144,Juan Pablo II,Cristo Redentor,20157,L2,V1,2026-02-22 17:23:21,2026-02-22 18:09:49,CC→CW,2026-02-22,,20157,20157,680,Monedero
1294,1451144,Cristo Redentor,Concepcion,20166,L2,V1,2026-02-22 19:21:24,2026-02-22 20:00:08,CW→CC,2026-02-22,,20166,20166,850,Monedero
1295,1452438,Lomas Coloradas,Laguna Quinenco,20069,L2,V1,2026-02-22 16:56:13,2026-02-22 17:27:47,CC→CW,2026-02-22,,20069,20069,650,Monedero
1296,1452438,Lomas Coloradas,Laguna Quinenco,20069,L2,V1,2026-02-22 16:56:20,2026-02-22 17:27:33,CC→CW,2026-02-22,,20069,20069,650,Monedero
1297,1452438,Laguna Quinenco,Lomas Coloradas,20166,L2,V1,2026-02-22 19:04:05,2026-02-22 19:40:39,CW→CC,2026-02-22,,20166,20166,650,Monedero
1298,1452438,Laguna Quinenco,Lomas Coloradas,20166,L2,V1,2026-02-22 19:04:16,2026-02-22 19:40:34,CW→CC,2026-02-22,,20166,20166,650,Monedero
1299,1452889,Cristo Redentor,Diagonal Bio Bio,20062,L2,V1,2026-02-22 13:54:36,2026-02-22 14:24:34,CW→CC,2026-02-22,,20062,20062,680,Monedero
1300,1452889,Diagonal Bio Bio,Cdal. Raul Silva Henriquez,20167,L2,V1,2026-02-22 19:52:27,2026-02-22 20:34:22,CC→CW,2026-02-22,,20167,20167,510,Monedero
1301,1452889,Diagonal Bio Bio,Cdal. Raul Silva Henriquez,20167,L2,V1,2026-02-22 19:52:56,2026-02-22 20:34:13,CC→CW,2026-02-22,,20167,20167,510,Monedero
1302,1453540,Pedro Medina,Hualqui,20845,L1,V1,2026-02-22 16:33:42,2026-02-22 17:04:04,TH→HQ,2026-02-22,,20845,20845,500,Monedero
1303,1454292,Pedro Medina,Concepcion,20846,L1,V1,2026-02-22 17:05:49,2026-02-22 17:35:30,HQ→TH,2026-02-22,,20846,20846,510,Monedero
1304,1454509,Costa Mar,Los Canelos,20053,L2,V1,2026-02-22 12:12:25,2026-02-22 12:43:57,CC→CW,2026-02-22,,20053,20053,610,Monedero
1305,1454525,Alborada,Concepcion,20160,L2,V1,2026-02-22 18:12:33,2026-02-22 18:29:12,CW→CC,2026-02-22,,20160,20160,570,Monedero
1306,1454708,Laguna Quinenco,Juan Pablo II,20162,L2,V1,2026-02-22 18:10:22,2026-02-22 18:53:35,CW→CC,2026-02-22,,20162,20162,790,Monedero
1307,1454715,Concepcion,Laguna Quinenco,20035,L2,V1,2026-02-22 09:54:35,2026-02-22 10:44:46,CC→CW,2026-02-22,,20035,20035,880,Monedero
1308,1454725,Cristo Redentor,Concepcion,20052,L2,V1,2026-02-22 11:21:38,2026-02-22 12:12:38,CW→CC,2026-02-22,,20052,20052,850,Monedero
1309,1454910,Lomas Coloradas,Concepcion,20076,L2,V1,2026-02-22 17:06:26,2026-02-22 17:29:17,CW→CC,2026-02-22,,20076,20076,570,Monedero
1310,1454932,Lomas Coloradas,Cdal. Raul Silva Henriquez,20171,L2,V1,2026-02-22 21:13:21,2026-02-22 21:35:39,CC→CW,2026-02-22,,20171,20171,430,Monedero
1311,1455066,Laguna Quinenco,Concepcion,20076,L2,V1,2026-02-22 16:28:56,2026-02-22 18:16:57,CW→CC,2026-02-22,,20076,20076,880,Monedero
1312,1455066,Laguna Quinenco,Concepcion,20076,L2,V1,2026-02-22 16:29:29,2026-02-22 18:16:28,CW→CC,2026-02-22,,20076,20076,880,Monedero
1313,1455224,Concepcion,Lomas Coloradas,20149,L2,V1,2026-02-22 08:21:54,2026-02-22 08:52:04,CC→CW,2026-02-22,,20149,20149,570,Monedero
1314,1455270,El Parque,Concepcion,20152,L2,V1,2026-02-22 08:16:29,2026-02-22 09:16:35,CW→CC,2026-02-22,,20152,20152,570,Monedero
1315,1455282,Huinca,El Parque,20152,L2,V1,2026-02-22 08:39:19,2026-02-22 09:00:22,CW→CC,2026-02-22,,20152,20152,630,Monedero
1316,1455282,El Parque,Cdal. Raul Silva Henriquez,20167,L2,V1,2026-02-22 20:18:25,2026-02-22 20:28:19,CC→CW,2026-02-22,,20167,20167,430,Monedero
1317,1455364,Cdal. Raul Silva Henriquez,Concepcion,20044,L2,V1,2026-02-22 10:17:54,2026-02-22 10:48:56,CW→CC,2026-02-22,,20044,20044,570,Monedero
1318,1455367,Laguna Quinenco,Costa Mar,20050,L2,V1,2026-02-22 10:45:45,2026-02-22 11:25:10,CW→CC,2026-02-22,,20050,20050,650,Monedero
1319,1455367,Laguna Quinenco,Costa Mar,20050,L2,V1,2026-02-22 10:45:50,2026-02-22 11:25:05,CW→CC,2026-02-22,,20050,20050,650,Monedero
1320,1455367,Laguna Quinenco,Costa Mar,20050,L2,V1,2026-02-22 10:46:07,2026-02-22 11:25:00,CW→CC,2026-02-22,,20050,20050,650,Monedero
1321,1455525,Lomas Coloradas,Concepcion,20152,L2,V1,2026-02-22 08:48:52,2026-02-22 09:16:22,CW→CC,2026-02-22,,20152,20152,570,Monedero
1322,1455525,Lomas Coloradas,Concepcion,20152,L2,V1,2026-02-22 08:48:55,2026-02-22 09:16:19,CW→CC,2026-02-22,,20152,20152,570,Monedero
1323,1456329,Concepcion,Cdal. Raul Silva Henriquez,20167,L2,V1,2026-02-22 19:27:06,2026-02-22 20:34:30,CC→CW,2026-02-22,,20167,20167,570,Monedero
1324,1456334,Laguna Quinenco,El Parque,20056,L2,V1,2026-02-22 11:58:01,2026-02-22 12:44:21,CW→CC,2026-02-22,,20056,20056,650,Monedero
1325,1456334,El Parque,Costa Mar,20062,L2,V1,2026-02-22 13:39:51,2026-02-22 14:19:13,CW→CC,2026-02-22,,20062,20062,430,Monedero
1326,1456344,Costa Mar,Coronel,20059,L2,V1,2026-02-22 13:08:40,2026-02-22 14:06:16,CC→CW,2026-02-22,,20059,20059,650,Monedero
1327,1456344,Costa Mar,Coronel,20059,L2,V1,2026-02-22 13:08:47,2026-02-22 14:06:02,CC→CW,2026-02-22,,20059,20059,650,Monedero
1328,1456344,Costa Mar,Coronel,20059,L2,V1,2026-02-22 13:09:07,2026-02-22 14:05:49,CC→CW,2026-02-22,,20059,20059,650,Monedero
1329,1456345,Cdal. Raul Silva Henriquez,Concepcion,,,N/A,2026-02-22 14:54:57,2026-02-22 15:06:17,,2026-02-22,sin_combo_factible_en_hub|sin_s1_factible_retro,,,570,Monedero
1330,1456345,Concepcion,Concepcion,,,N/A,2026-02-22 17:37:16,2026-02-22 17:38:15,,2026-02-22,no viajo,,,420,Monedero
1331,1456345,Concepcion,Cdal. Raul Silva Henriquez,20167,L2,V1,2026-02-22 19:45:53,2026-02-22 20:29:59,CC→CW,2026-02-22,,20167,20167,570,Monedero
1332,1456862,Cdal. Raul Silva Henriquez,Concepcion,20068,L2,V1,2026-02-22 15:47:08,2026-02-22 16:25:44,CW→CC,2026-02-22,,20068,20068,570,Monedero
1333,1457138,Concepcion,Juan Pablo II,20059,L2,V1,2026-02-22 12:29:23,2026-02-22 13:28:05,CC→CW,2026-02-22,combo_por_entrada,20059,20059,560,Monedero
1334,1457138,Concepcion,Juan Pablo II,20059,L2,V1,2026-02-22 12:29:32,2026-02-22 13:27:52,CC→CW,2026-02-22,combo_por_entrada,20059,20059,560,Monedero
1335,1457138,Juan Pablo II,Concepcion,20166,L2,V1,2026-02-22 19:34:58,2026-02-22 20:06:49,CW→CC,2026-02-22,,20166,20166,570,Monedero
1336,1457138,Juan Pablo II,Concepcion,20166,L2,V1,2026-02-22 19:35:19,2026-02-22 20:06:39,CW→CC,2026-02-22,,20166,20166,570,Monedero
1337,1457151,Cristo Redentor,Concepcion,20040,L2,V1,2026-02-22 09:43:45,2026-02-22 10:22:10,CW→CC,2026-02-22,,20040,20040,850,Monedero
1338,1457156,Costa Mar,Concepcion,20170,L2,V2,2026-02-22 20:37:00,2026-02-22 21:03:28,,2026-02-22,sin_combo_factible_en_hub|sin_s1_factible_retro,,20170,570,Monedero
1339,1457159,Concepcion,Alborada,20157,L2,V1,2026-02-22 17:27:20,2026-02-22 17:44:47,CC→CW,2026-02-22,,20157,20157,570,Monedero
1340,1457399,Concepcion,El Parque,20161,L2,V1,2026-02-22 17:44:57,2026-02-22 18:46:54,CC→CW,2026-02-22,,20161,20161,570,Monedero
1341,1457682,Los Canelos,Juan Pablo II,20062,L2,V1,2026-02-22 13:51:04,2026-02-22 14:25:55,CW→CC,2026-02-22,,20062,20062,650,Monedero
1342,1457682,El Parque,Cdal. Raul Silva Henriquez,20167,L2,V1,2026-02-22 20:01:04,2026-02-22 20:29:56,CC→CW,2026-02-22,,20167,20167,430,Monedero
1343,1457688,Concepcion,Coronel,20049,L2,V1,2026-02-22 10:58:05,2026-02-22 12:14:30,CC→CW,2026-02-22,,20049,20049,880,Monedero
1344,1457688,Coronel,Concepcion,20162,L2,V1,2026-02-22 18:06:22,2026-02-22 19:01:31,CW→CC,2026-02-22,,20162,20162,880,Monedero
1345,1457690,Concepcion,Coronel,20049,L2,V1,2026-02-22 10:58:04,2026-02-22 12:14:28,CC→CW,2026-02-22,,20049,20049,880,Monedero
1346,1457690,Coronel,Concepcion,20162,L2,V1,2026-02-22 18:06:19,2026-02-22 19:01:25,CW→CC,2026-02-22,,20162,20162,880,Monedero
1347,1457880,UTF Santa Maria,La Leonera,20857,L1,V1,2026-02-22 08:41:46,2026-02-22 09:18:20,TH→HQ,2026-02-22,,20857,20857,540,Monedero
1348,1457880,La Leonera,UTF Santa Maria,20880,L1,V1,2026-02-22 21:07:49,2026-02-22 22:13:02,HQ→TH,2026-02-22,,20880,20880,540,Monedero
1349,1457893,Costa Mar,Concepcion,20166,L2,V1,2026-02-22 19:44:58,2026-02-22 21:04:16,CW→CC,2026-02-22,,20166,20166,570,Monedero
1350,1457893,Costa Mar,Concepcion,20166,L2,V1,2026-02-22 19:45:16,2026-02-22 21:04:08,CW→CC,2026-02-22,,20166,20166,570,Monedero
1351,1458069,Juan Pablo II,Concepcion,20160,L2,V1,2026-02-22 17:56:23,2026-02-22 18:30:13,CW→CC,2026-02-22,,20160,20160,570,Monedero
1352,1458069,Juan Pablo II,Concepcion,20160,L2,V1,2026-02-22 17:56:32,2026-02-22 18:30:03,CW→CC,2026-02-22,,20160,20160,570,Monedero
1353,1458069,Juan Pablo II,Concepcion,20160,L2,V1,2026-02-22 17:56:36,2026-02-22 18:29:55,CW→CC,2026-02-22,,20160,20160,570,Monedero
1354,1458069,Juan Pablo II,Concepcion,20160,L2,V1,2026-02-22 17:56:57,2026-02-22 18:29:51,CW→CC,2026-02-22,,20160,20160,570,Monedero
1355,1458074,Costa Mar,Concepcion,20166,L2,V1,2026-02-22 19:26:48,2026-02-22 20:00:50,CW→CC,2026-02-22,,20166,20166,570,Monedero
1356,1458272,Concepcion,Cdal. Raul Silva Henriquez,20171,L2,V1,2026-02-22 20:53:02,2026-02-22 21:39:50,CC→CW,2026-02-22,,20171,20171,570,Monedero
1357,1458551,El Arenal,Chiguayante,20857,L1,V1,2026-02-22 08:24:09,2026-02-22 09:09:50,TH→HQ,2026-02-22,,20857,20857,550,Monedero
1358,1458551,El Arenal,Chiguayante,20857,L1,V1,2026-02-22 08:24:17,2026-02-22 09:09:42,TH→HQ,2026-02-22,,20857,20857,550,Monedero
1359,1458554,Concepcion,Juan Pablo II,20153,L2,V1,2026-02-22 08:29:21,2026-02-22 09:27:34,CC→CW,2026-02-22,combo_por_entrada,20153,20153,560,Monedero
1360,1458554,Concepcion,Juan Pablo II,20153,L2,V1,2026-02-22 08:29:40,2026-02-22 09:27:14,CC→CW,2026-02-22,combo_por_entrada,20153,20153,560,Monedero
1361,1458555,Los Condores,Concepcion,20857,L1,V1,2026-02-22 08:30:54,2026-02-22 08:55:53,TH→HQ,2026-02-22,,20857,20857,500,Monedero
1362,1458556,Juan Pablo II,Hito Galvarino,20153,L2,V1,2026-02-22 08:46:19,2026-02-22 09:50:38,CC→CW,2026-02-22,,20153,20149,650,Monedero
1363,1458569,Concepcion,Coronel,20153,L2,V1,2026-02-22 09:04:51,2026-02-22 10:04:50,CC→CW,2026-02-22,,20153,20153,880,Monedero
1364,1458569,Concepcion,Coronel,20153,L2,V1,2026-02-22 09:05:13,2026-02-22 10:04:34,CC→CW,2026-02-22,,20153,20153,880,Monedero
1365,1458569,Coronel,Concepcion,20160,L2,V1,2026-02-22 17:21:48,2026-02-22 18:32:23,CW→CC,2026-02-22,,20160,20160,880,Monedero
1366,1458569,Coronel,Concepcion,20160,L2,V1,2026-02-22 17:21:59,2026-02-22 18:31:20,CW→CC,2026-02-22,,20160,20160,880,Monedero
1367,1458602,Cdal. Raul Silva Henriquez,Diagonal Bio Bio,20152,L2,V1,2026-02-22 08:48:39,2026-02-22 09:06:35,CW→CC,2026-02-22,,20152,20152,510,Monedero
1368,1458602,Concepcion,Cdal. Raul Silva Henriquez,20171,L2,V1,2026-02-22 20:36:17,2026-02-22 21:34:19,CC→CW,2026-02-22,,20171,20171,570,Monedero
1369,1458603,Concepcion,Coronel,20153,L2,V1,2026-02-22 08:58:11,2026-02-22 10:04:25,CC→CW,2026-02-22,,20153,20153,880,Monedero
1370,1458603,Concepcion,Coronel,20153,L2,V1,2026-02-22 08:58:26,2026-02-22 10:04:13,CC→CW,2026-02-22,,20153,20153,880,Monedero
1371,1458603,Coronel,Concepcion,20160,L2,V1,2026-02-22 17:21:27,2026-02-22 18:31:33,CW→CC,2026-02-22,,20160,20160,880,Monedero
1372,1458603,Coronel,Concepcion,20160,L2,V1,2026-02-22 17:21:37,2026-02-22 18:31:08,CW→CC,2026-02-22,,20160,20160,880,Monedero
1373,1458604,Concepcion,Laguna Quinenco,20153,L2,V1,2026-02-22 09:02:38,2026-02-22 09:59:41,CC→CW,2026-02-22,,20153,20153,880,Monedero
1374,1458605,Concepcion,Alborada,20157,L2,V1,2026-02-22 17:11:57,2026-02-22 17:44:57,CC→CW,2026-02-22,,20157,20157,570,Monedero
1375,1458606,Concepcion,Cristo Redentor,20153,L2,V1,2026-02-22 09:12:31,2026-02-22 09:57:51,CC→CW,2026-02-22,,20153,20153,850,Monedero
1376,1458607,Concepcion,Cristo Redentor,20153,L2,V1,2026-02-22 09:12:40,2026-02-22 09:58:17,CC→CW,2026-02-22,,20153,20153,850,Monedero
1377,1458608,Huinca,Concepcion,20156,L2,V1,2026-02-22 09:17:28,2026-02-22 10:04:07,CW→CC,2026-02-22,,20156,20156,850,Monedero
1378,1458609,Concepcion,Cristo Redentor,20153,L2,V1,2026-02-22 09:12:45,2026-02-22 09:58:36,CC→CW,2026-02-22,,20153,20153,850,Monedero
1379,1458610,Laguna Quinenco,Los Canelos,20056,L2,V1,2026-02-22 12:02:56,2026-02-22 12:29:01,CW→CC,2026-02-22,,20056,20056,530,Monedero
1380,1458611,Coronel,El Parque,20156,L2,V1,2026-02-22 09:09:24,2026-02-22 09:44:51,CW→CC,2026-02-22,,20156,20156,650,Monedero
1381,1458612,Concepcion,El Parque,20153,L2,V1,2026-02-22 09:13:14,2026-02-22 09:36:46,CC→CW,2026-02-22,,20153,20153,570,Monedero
1382,1458612,El Parque,Concepcion,20044,L2,V1,2026-02-22 10:22:24,2026-02-22 10:48:33,CW→CC,2026-02-22,,20044,20044,570,Monedero
1383,1458613,Lomas Coloradas,Concepcion,20156,L2,V1,2026-02-22 09:29:53,2026-02-22 10:04:09,CW→CC,2026-02-22,,20156,20156,570,Monedero
1384,1458613,Lomas Coloradas,Concepcion,20156,L2,V1,2026-02-22 09:30:23,2026-02-22 10:03:56,CW→CC,2026-02-22,,20156,20156,570,Monedero
1385,1458614,Huinca,Concepcion,20156,L2,V1,2026-02-22 09:19:36,2026-02-22 10:03:58,CW→CC,2026-02-22,,20156,20156,850,Monedero
1386,1458615,La Leonera,Concepcion,20850,L1,V1,2026-02-22 09:34:03,2026-02-22 10:05:53,HQ→TH,2026-02-22,,20850,20850,510,Monedero
1387,1458615,Concepcion,Chiguayante,20859,L1,V1,2026-02-22 12:54:44,2026-02-22 13:10:24,TH→HQ,2026-02-22,,20859,20859,510,Monedero
1388,1458616,Concepcion,Alborada,20035,L2,V1,2026-02-22 09:27:49,2026-02-22 10:43:18,CC→CW,2026-02-22,combo_por_entrada,20035,20035,590,Monedero
1389,1458617,Concepcion,Alborada,20035,L2,V1,2026-02-22 09:27:41,2026-02-22 10:43:12,CC→CW,2026-02-22,combo_por_entrada,20035,20035,590,Monedero
1390,1458619,Concepcion,Concepcion,,,N/A,2026-02-22 09:35:05,2026-02-22 09:36:11,,2026-02-22,no viajo,,,420,Monedero
1391,1458619,Concepcion,Concepcion,,,N/A,2026-02-22 09:54:50,2026-02-22 09:56:23,,2026-02-22,no viajo,,,420,Monedero
1392,1458620,Lomas Coloradas,Concepcion,20156,L2,V1,2026-02-22 09:30:01,2026-02-22 10:03:35,CW→CC,2026-02-22,,20156,20156,570,Monedero
1393,1458621,Manquimavida,UTF Santa Maria,20850,L1,V1,2026-02-22 09:32:16,2026-02-22 10:14:57,HQ→TH,2026-02-22,,20850,20850,540,Monedero
1394,1458622,Chiguayante,UTF Santa Maria,20850,L1,V1,2026-02-22 09:40:28,2026-02-22 10:14:55,HQ→TH,2026-02-22,,20850,20850,540,Monedero
1395,1458622,Mercado,Chiguayante,20847,L1,V1,2026-02-22 19:41:27,2026-02-22 20:42:11,TH→HQ,2026-02-22,,20847,20847,550,Monedero
1396,1458624,Concepcion,Los Condores,20850,L1,V1,2026-02-22 09:49:09,2026-02-22 10:18:52,HQ→TH,2026-02-22,combo_relajado_pase1,20850,20850,540,Monedero
1397,1458625,Costa Mar,Coronel,20035,L2,V1,2026-02-22 09:47:34,2026-02-22 10:48:27,CC→CW,2026-02-22,,20035,20035,650,Monedero
1398,1458625,Coronel,Costa Mar,20166,L2,V1,2026-02-22 19:14:08,2026-02-22 19:46:49,CW→CC,2026-02-22,,20166,20166,650,Monedero
1399,1458626,Los Canelos,Concepcion,20040,L2,V1,2026-02-22 09:45:54,2026-02-22 10:22:40,CW→CC,2026-02-22,,20040,20040,850,Monedero
1400,1458626,Concepcion,Los Canelos,20059,L2,V1,2026-02-22 13:16:44,2026-02-22 13:54:52,CC→CW,2026-02-22,,20059,20059,850,Monedero
1401,1458706,Hito Galvarino,Diagonal Bio Bio,20040,L2,V1,2026-02-22 09:52:01,2026-02-22 10:13:35,CW→CC,2026-02-22,,20040,20040,650,Monedero
1402,1458706,Cdal. Raul Silva Henriquez,Hito Galvarino,20049,L2,V1,2026-02-22 11:44:15,2026-02-22 12:00:02,CC→CW,2026-02-22,,20049,20049,610,Monedero
1403,1458709,Concepcion,Cristo Redentor,20035,L2,V1,2026-02-22 10:02:19,2026-02-22 10:42:21,CC→CW,2026-02-22,,20035,20035,850,Monedero
1404,1458711,Diagonal Bio Bio,Costa Mar,20035,L2,V1,2026-02-22 10:08:00,2026-02-22 10:19:41,CC→CW,2026-02-22,,20035,20035,510,Monedero
1405,1458711,Diagonal Bio Bio,Costa Mar,20035,L2,V1,2026-02-22 10:08:09,2026-02-22 10:19:33,CC→CW,2026-02-22,,20035,20035,510,Monedero
1406,1458712,Huinca,Costa Mar,20044,L2,V1,2026-02-22 10:08:07,2026-02-22 10:34:15,CW→CC,2026-02-22,,20044,20044,630,Monedero
1407,1458712,Costa Mar,Huinca,20059,L2,V1,2026-02-22 13:24:40,2026-02-22 13:56:41,CC→CW,2026-02-22,,20059,20059,630,Monedero
1408,1458714,Concepcion,Laguna Quinenco,20035,L2,V1,2026-02-22 10:04:46,2026-02-22 10:44:53,CC→CW,2026-02-22,,20035,20035,880,Monedero
1409,1458715,Cdal. Raul Silva Henriquez,Juan Pablo II,20044,L2,V1,2026-02-22 10:20:16,2026-02-22 10:40:37,CW→CC,2026-02-22,,20044,20044,510,Monedero
1410,1458716,Coronel,Concepcion,20050,L2,V1,2026-02-22 10:15:39,2026-02-22 11:48:27,CW→CC,2026-02-22,,20050,20050,880,Monedero
1411,1458717,Concepcion,Coronel,20041,L2,V1,2026-02-22 10:17:09,2026-02-22 11:14:48,CC→CW,2026-02-22,,20041,20041,880,Monedero
1412,1458717,Coronel,Concepcion,20068,L2,V1,2026-02-22 15:03:31,2026-02-22 16:26:36,CW→CC,2026-02-22,,20068,20068,880,Monedero
1413,1458718,Concepcion,Cristo Redentor,20041,L2,V1,2026-02-22 10:18:34,2026-02-22 11:07:44,CC→CW,2026-02-22,,20041,20041,850,Monedero
1414,1458718,Cristo Redentor,Concepcion,20066,L2,V1,2026-02-22 14:42:07,2026-02-22 15:22:53,CW→CC,2026-02-22,,20066,20066,850,Monedero
1415,1458719,Concepcion,Huinca,20041,L2,V1,2026-02-22 10:24:21,2026-02-22 11:05:24,CC→CW,2026-02-22,,20041,20041,850,Monedero
1416,1458719,Concepcion,Huinca,20041,L2,V1,2026-02-22 10:24:28,2026-02-22 11:05:19,CC→CW,2026-02-22,,20041,20041,850,Monedero
1417,1458720,Concepcion,El Parque,20041,L2,V1,2026-02-22 10:32:41,2026-02-22 11:49:51,CC→CW,2026-02-22,,20041,20041,570,Monedero
1418,1458720,El Parque,Concepcion,20170,L2,V1,2026-02-22 19:54:01,2026-02-22 21:04:17,CW→CC,2026-02-22,,20170,20170,570,Monedero
1419,1458721,Laguna Quinenco,Concepcion,20050,L2,V1,2026-02-22 10:46:11,2026-02-22 11:39:39,CW→CC,2026-02-22,,20050,20050,880,Monedero
1420,1458723,Cristo Redentor,Concepcion,20050,L2,V1,2026-02-22 10:40:43,2026-02-22 11:40:28,CW→CC,2026-02-22,,20050,20050,850,Monedero
1421,1458724,Cristo Redentor,Concepcion,20050,L2,V1,2026-02-22 10:45:25,2026-02-22 11:40:24,CW→CC,2026-02-22,,20050,20050,850,Monedero
1422,1458850,Los Canelos,Concepcion,20050,L2,V1,2026-02-22 10:50:49,2026-02-22 11:40:20,CW→CC,2026-02-22,,20050,20050,850,Monedero
1423,1458850,Concepcion,Coronel,20069,L2,V1,2026-02-22 16:14:45,2026-02-22 17:29:57,CC→CW,2026-02-22,,20069,20069,880,Monedero
1424,1458851,Los Canelos,Concepcion,20050,L2,V1,2026-02-22 11:00:48,2026-02-22 11:40:24,CW→CC,2026-02-22,,20050,20050,850,Monedero
1425,1458851,Concepcion,Los Canelos,20069,L2,V1,2026-02-22 16:48:00,2026-02-22 18:04:14,CC→CW,2026-02-22,,20069,20069,850,Monedero
1426,1458852,Concepcion,Cdal. Raul Silva Henriquez,20049,L2,V1,2026-02-22 11:03:26,2026-02-22 11:55:57,CC→CW,2026-02-22,,20049,20049,570,Monedero
1427,1458852,Concepcion,Cdal. Raul Silva Henriquez,20049,L2,V1,2026-02-22 11:03:37,2026-02-22 11:55:43,CC→CW,2026-02-22,,20049,20049,570,Monedero
1428,1458852,Cdal. Raul Silva Henriquez,Concepcion,20066,L2,V1,2026-02-22 14:19:53,2026-02-22 15:24:52,CW→CC,2026-02-22,,20066,20066,570,Monedero
1429,1458852,Cdal. Raul Silva Henriquez,Concepcion,20066,L2,V1,2026-02-22 14:20:03,2026-02-22 15:24:22,CW→CC,2026-02-22,,20066,20066,570,Monedero
1430,1458854,Concepcion,Coronel,20049,L2,V1,2026-02-22 11:10:57,2026-02-22 12:15:24,CC→CW,2026-02-22,,20049,20049,880,Monedero
1431,1458854,Concepcion,Coronel,20049,L2,V1,2026-02-22 11:11:09,2026-02-22 12:15:04,CC→CW,2026-02-22,,20049,20049,880,Monedero
1432,1458855,Concepcion,Huinca,20163,L2,V1,2026-02-22 18:46:44,2026-02-22 19:39:34,CC→CW,2026-02-22,,20163,20163,850,Monedero
1433,1458856,Concepcion,Mercado,20844,L1,V1,2026-02-22 11:19:18,2026-02-22 13:29:12,HQ→TH,2026-02-22,combo_relajado_pase1,20844,20844,900,Monedero
1434,1458856,Concepcion,Huinca,20163,L2,V1,2026-02-22 18:45:51,2026-02-22 19:39:50,CC→CW,2026-02-22,,20163,20163,850,Monedero
1435,1458857,Concepcion,Mercado,20844,L1,V1,2026-02-22 11:18:49,2026-02-22 13:29:44,HQ→TH,2026-02-22,combo_relajado_pase1,20844,20844,900,Monedero
1436,1458858,Concepcion,El Parque,20049,L2,V1,2026-02-22 11:12:38,2026-02-22 11:49:55,CC→CW,2026-02-22,,20049,20049,570,Monedero
1437,1458858,Concepcion,El Parque,20049,L2,V1,2026-02-22 11:12:57,2026-02-22 11:49:45,CC→CW,2026-02-22,,20049,20049,570,Monedero
1438,1458858,El Parque,Concepcion,20062,L2,V1,2026-02-22 13:39:36,2026-02-22 14:34:19,CW→CC,2026-02-22,,20062,20062,570,Monedero
1439,1458858,El Parque,Concepcion,20062,L2,V1,2026-02-22 13:39:45,2026-02-22 14:33:54,CW→CC,2026-02-22,,20062,20062,570,Monedero
1440,1458859,Hito Galvarino,Concepcion,20052,L2,V1,2026-02-22 11:18:31,2026-02-22 12:03:21,CW→CC,2026-02-22,,20052,20052,850,Monedero
1441,1458860,Concepcion,Mercado,20844,L1,V1,2026-02-22 11:18:40,2026-02-22 13:29:03,HQ→TH,2026-02-22,combo_relajado_pase1,20844,20844,900,Monedero
1442,1458860,Concepcion,Huinca,20163,L2,V1,2026-02-22 18:46:49,2026-02-22 19:39:44,CC→CW,2026-02-22,,20163,20163,850,Monedero
1443,1458861,Hito Galvarino,Concepcion,20052,L2,V1,2026-02-22 11:28:21,2026-02-22 12:03:36,CW→CC,2026-02-22,,20052,20052,850,Monedero
1444,1458862,Cdal. Raul Silva Henriquez,Concepcion,20052,L2,V1,2026-02-22 11:26:54,2026-02-22 12:03:58,CW→CC,2026-02-22,,20052,20052,570,Monedero
1445,1458862,Cdal. Raul Silva Henriquez,Concepcion,20052,L2,V1,2026-02-22 11:27:06,2026-02-22 12:03:38,CW→CC,2026-02-22,,20052,20052,570,Monedero
1446,1458862,Concepcion,Cdal. Raul Silva Henriquez,20161,L2,V1,2026-02-22 18:03:40,2026-02-22 18:53:26,CC→CW,2026-02-22,,20161,20161,570,Monedero
1447,1458862,Concepcion,Cdal. Raul Silva Henriquez,20161,L2,V1,2026-02-22 18:03:47,2026-02-22 18:53:21,CC→CW,2026-02-22,,20161,20161,570,Monedero
1448,1458863,Concepcion,Coronel,20049,L2,V1,2026-02-22 11:29:00,2026-02-22 12:16:13,CC→CW,2026-02-22,,20049,20049,880,Monedero
1449,1458864,Cristo Redentor,Diagonal Bio Bio,20052,L2,V1,2026-02-22 11:24:09,2026-02-22 11:52:51,CW→CC,2026-02-22,,20052,20052,680,Monedero
1450,1458866,Hualqui,Mercado,20846,L1,V1,2026-02-22 16:29:57,2026-02-22 18:00:51,HQ→TH,2026-02-22,,20846,20846,580,Monedero
1451,1458867,Costa Mar,Coronel,20049,L2,V1,2026-02-22 11:34:48,2026-02-22 12:15:24,CC→CW,2026-02-22,,20049,20049,650,Monedero
1452,1458867,Costa Mar,Coronel,20049,L2,V1,2026-02-22 11:35:04,2026-02-22 12:15:18,CC→CW,2026-02-22,,20049,20049,650,Monedero
1453,1458868,Concepcion,Cristo Redentor,20051,L2,V1,2026-02-22 11:38:13,2026-02-22 12:23:38,CC→CW,2026-02-22,,20051,20051,850,Monedero
1454,1458869,Cdal. Raul Silva Henriquez,Concepcion,20052,L2,V1,2026-02-22 11:36:41,2026-02-22 12:03:18,CW→CC,2026-02-22,,20052,20052,570,Monedero
1455,1458870,Costa Mar,Concepcion,20052,L2,V1,2026-02-22 11:45:44,2026-02-22 12:03:01,CW→CC,2026-02-22,,20052,20052,570,Monedero
1456,1458870,Concepcion,Costa Mar,20059,L2,V1,2026-02-22 13:03:14,2026-02-22 13:36:30,CC→CW,2026-02-22,,20059,20059,570,Monedero
1457,1458871,Concepcion,Pedro Medina,20859,L1,V1,2026-02-22 11:41:39,2026-02-22 13:12:03,TH→HQ,2026-02-22,combo_relajado_pase1,20859,20859,590,Monedero
1458,1458872,Costa Mar,Concepcion,20052,L2,V1,2026-02-22 11:45:35,2026-02-22 12:03:25,CW→CC,2026-02-22,,20052,20052,570,Monedero
1459,1458872,Concepcion,Costa Mar,20059,L2,V1,2026-02-22 13:03:24,2026-02-22 13:36:57,CC→CW,2026-02-22,,20059,20059,570,Monedero
1460,1458874,Juan Pablo II,Coronel,20049,L2,V1,2026-02-22 11:22:53,2026-02-22 12:13:55,CC→CW,2026-02-22,,20049,20049,790,Monedero
1461,1459001,Concepcion,Mercado,20844,L1,V1,2026-02-22 12:13:26,2026-02-22 13:28:03,HQ→TH,2026-02-22,,20844,20844,540,Monedero
1462,1459001,Concepcion,Mercado,20844,L1,V1,2026-02-22 12:13:39,2026-02-22 13:27:51,HQ→TH,2026-02-22,,20844,20844,540,Monedero
1463,1459038,Costa Mar,Concepcion,20052,L2,V1,2026-02-22 11:44:54,2026-02-22 12:03:39,CW→CC,2026-02-22,,20052,20052,570,Monedero
1464,1459038,Concepcion,Costa Mar,20059,L2,V1,2026-02-22 13:03:19,2026-02-22 13:37:07,CC→CW,2026-02-22,,20059,20059,570,Monedero
1465,1459039,Costa Mar,Coronel,20051,L2,V1,2026-02-22 11:49:37,2026-02-22 12:29:05,CC→CW,2026-02-22,,20051,20049,650,Monedero
1466,1459039,Laguna Quinenco,Costa Mar,20162,L2,V1,2026-02-22 18:12:51,2026-02-22 18:46:30,CW→CC,2026-02-22,,20162,20162,650,Monedero
1467,1459040,Concepcion,El Parque,20053,L2,V1,2026-02-22 12:07:18,2026-02-22 12:29:33,CC→CW,2026-02-22,,20053,20053,570,Monedero
1468,1459040,El Parque,Concepcion,20062,L2,V1,2026-02-22 14:09:26,2026-02-22 14:32:40,CW→CC,2026-02-22,,20062,20062,570,Monedero
1469,1459041,Concepcion,Lomas Coloradas,20053,L2,V1,2026-02-22 11:59:52,2026-02-22 12:31:56,CC→CW,2026-02-22,,20053,20053,570,Monedero
1470,1459042,Concepcion,Costa Mar,20059,L2,V1,2026-02-22 13:03:19,2026-02-22 13:36:35,CC→CW,2026-02-22,,20059,20059,570,Monedero
1471,1459043,Laguna Quinenco,Concepcion,20056,L2,V1,2026-02-22 12:04:46,2026-02-22 13:03:56,CW→CC,2026-02-22,,20056,20056,880,Monedero
1472,1459044,Concepcion,Coronel,20059,L2,V1,2026-02-22 12:05:52,2026-02-22 14:08:04,CC→CW,2026-02-22,combo_por_entrada,20059,20059,970,Monedero
1473,1459044,Concepcion,Coronel,20059,L2,V1,2026-02-22 12:06:13,2026-02-22 14:07:12,CC→CW,2026-02-22,combo_por_entrada,20059,20059,970,Monedero
1474,1459044,Concepcion,Coronel,20059,L2,V1,2026-02-22 12:06:33,2026-02-22 14:06:32,CC→CW,2026-02-22,combo_por_entrada,20059,20059,970,Monedero
1475,1459046,Concepcion,Mercado,20844,L1,V1,2026-02-22 12:09:04,2026-02-22 13:28:26,HQ→TH,2026-02-22,,20844,20844,540,Monedero
1476,1459046,Concepcion,Mercado,20844,L1,V1,2026-02-22 12:09:32,2026-02-22 13:28:17,HQ→TH,2026-02-22,,20844,20844,540,Monedero
1477,1459047,Concepcion,El Parque,20059,L2,V1,2026-02-22 12:06:40,2026-02-22 13:43:42,CC→CW,2026-02-22,combo_por_entrada,20059,20059,600,Monedero
1478,1459047,El Parque,Concepcion,20066,L2,V1,2026-02-22 15:05:04,2026-02-22 15:27:32,CW→CC,2026-02-22,,20066,20066,570,Monedero
1479,1459047,Concepcion,Hualqui,20845,L1,V1,2026-02-22 15:58:41,2026-02-22 17:01:18,TH→HQ,2026-02-22,,20845,20845,550,Monedero
1480,1459048,Concepcion,Juan Pablo II,20053,L2,V1,2026-02-22 12:11:53,2026-02-22 12:21:00,CC→CW,2026-02-22,,20053,20053,570,Monedero
1481,1459049,Coronel,Concepcion,20056,L2,V1,2026-02-22 12:12:09,2026-02-22 13:13:02,CW→CC,2026-02-22,,20056,20056,880,Monedero
1482,1459049,Coronel,Concepcion,20056,L2,V1,2026-02-22 12:12:17,2026-02-22 13:12:57,CW→CC,2026-02-22,,20056,20056,880,Monedero
1483,1459049,Coronel,Concepcion,20056,L2,V1,2026-02-22 12:12:22,2026-02-22 13:12:49,CW→CC,2026-02-22,,20056,20056,880,Monedero
1484,1459050,Concepcion,Los Canelos,20059,L2,V1,2026-02-22 12:17:00,2026-02-22 13:55:41,CC→CW,2026-02-22,combo_por_entrada,20059,20059,870,Monedero
1485,1459050,Concepcion,Los Canelos,20059,L2,V1,2026-02-22 12:17:21,2026-02-22 13:55:17,CC→CW,2026-02-22,combo_por_entrada,20059,20059,870,Monedero
1486,1459050,Concepcion,Los Canelos,20059,L2,V1,2026-02-22 12:17:49,2026-02-22 13:55:11,CC→CW,2026-02-22,combo_por_entrada,20059,20859,870,Monedero
1487,1459050,Los Canelos,Concepcion,20160,L2,V1,2026-02-22 17:44:59,2026-02-22 18:32:08,CW→CC,2026-02-22,,20160,20160,850,Monedero
1488,1459050,Los Canelos,Concepcion,20160,L2,V1,2026-02-22 17:45:05,2026-02-22 18:31:53,CW→CC,2026-02-22,,20160,20160,850,Monedero
1489,1459051,Mercado,Concepcion,20859,L1,V1,2026-02-22 12:15:31,2026-02-22 12:55:00,TH→HQ,2026-02-22,,20859,20859,540,Monedero
1490,1459052,Concepcion,Juan Pablo II,20053,L2,V1,2026-02-22 11:54:15,2026-02-22 12:21:06,CC→CW,2026-02-22,,20053,20053,570,Monedero
1491,1459053,Concepcion,Los Canelos,20059,L2,V1,2026-02-22 12:17:47,2026-02-22 13:54:52,CC→CW,2026-02-22,combo_por_entrada,20059,20059,870,Monedero
1492,1459053,Concepcion,Los Canelos,20059,L2,V1,2026-02-22 12:18:02,2026-02-22 13:54:41,CC→CW,2026-02-22,combo_por_entrada,20059,20059,870,Monedero
1493,1459054,Los Canelos,Coronel,20051,L2,V1,2026-02-22 12:16:50,2026-02-22 12:29:07,CC→CW,2026-02-22,,20051,20051,530,Monedero
1494,1459055,Hito Galvarino,Concepcion,20056,L2,V1,2026-02-22 12:22:11,2026-02-22 13:23:17,CW→CC,2026-02-22,,20056,20056,850,Monedero
1495,1459055,Concepcion,Cdal. Raul Silva Henriquez,20167,L2,V1,2026-02-22 19:55:20,2026-02-22 20:33:17,CC→CW,2026-02-22,,20167,20167,570,Monedero
1496,1459056,Los Canelos,Concepcion,20160,L2,V1,2026-02-22 17:45:05,2026-02-22 18:32:29,CW→CC,2026-02-22,,20160,20160,850,Monedero
1497,1459056,Los Canelos,Concepcion,20160,L2,V1,2026-02-22 17:45:12,2026-02-22 18:31:45,CW→CC,2026-02-22,,20160,20160,850,Monedero
1498,1459057,Mercado,Concepcion,20859,L1,V1,2026-02-22 12:20:33,2026-02-22 12:55:03,TH→HQ,2026-02-22,,20859,20859,540,Monedero
1499,1459057,Mercado,Concepcion,20859,L1,V1,2026-02-22 12:20:38,2026-02-22 12:54:48,TH→HQ,2026-02-22,,20859,20859,540,Monedero
1500,1459058,Los Canelos,El Parque,20056,L2,V1,2026-02-22 12:23:47,2026-02-22 12:44:34,CW→CC,2026-02-22,,20056,20056,610,Monedero
1501,1459059,Chiguayante,Mercado,20844,L1,V1,2026-02-22 12:24:26,2026-02-22 13:28:19,HQ→TH,2026-02-22,,20844,20844,550,Monedero
1502,1459060,Concepcion,Hualqui,20859,L1,V1,2026-02-22 12:23:40,2026-02-22 13:31:05,TH→HQ,2026-02-22,,20859,20859,550,Monedero
1503,1459060,Concepcion,Hualqui,20859,L1,V1,2026-02-22 12:23:57,2026-02-22 13:30:56,TH→HQ,2026-02-22,,20859,20859,550,Monedero
1504,1459061,Concepcion,Diagonal Bio Bio,20059,L2,V1,2026-02-22 12:24:56,2026-02-22 13:30:30,CC→CW,2026-02-22,combo_por_entrada,20059,20059,590,Monedero
1505,1459061,Concepcion,Diagonal Bio Bio,20059,L2,V1,2026-02-22 12:25:03,2026-02-22 13:30:24,CC→CW,2026-02-22,combo_por_entrada,20059,20059,590,Monedero
1506,1459062,Hito Galvarino,Concepcion,20056,L2,V1,2026-02-22 12:22:20,2026-02-22 13:23:30,CW→CC,2026-02-22,,20056,20056,850,Monedero
1507,1459062,Hito Galvarino,Concepcion,20056,L2,V1,2026-02-22 12:22:31,2026-02-22 13:22:55,CW→CC,2026-02-22,,20056,20056,850,Monedero
1508,1459062,Concepcion,Cdal. Raul Silva Henriquez,20167,L2,V1,2026-02-22 19:55:15,2026-02-22 20:33:52,CC→CW,2026-02-22,,20167,20167,570,Monedero
1509,1459062,Concepcion,Cdal. Raul Silva Henriquez,20167,L2,V1,2026-02-22 19:55:32,2026-02-22 20:33:33,CC→CW,2026-02-22,,20167,20167,570,Monedero
1510,1459063,Mercado,Hualqui,20859,L1,V1,2026-02-22 12:26:20,2026-02-22 13:31:22,TH→HQ,2026-02-22,,20859,20859,580,Monedero
1511,1459063,Mercado,Hualqui,20859,L1,V1,2026-02-22 12:26:38,2026-02-22 13:30:48,TH→HQ,2026-02-22,,20859,20859,580,Monedero
1512,1459064,Los Condores,Chiguayante,20859,L1,V1,2026-02-22 12:24:47,2026-02-22 13:10:10,TH→HQ,2026-02-22,,20859,20859,540,Monedero
1513,1459064,Los Condores,Chiguayante,20859,L1,V1,2026-02-22 12:25:00,2026-02-22 13:09:55,TH→HQ,2026-02-22,,20859,20859,540,Monedero
1514,1459064,Chiguayante,Los Condores,20848,L1,V1,2026-02-22 20:46:56,2026-02-22 21:20:28,HQ→TH,2026-02-22,,20848,20848,540,Monedero
1515,1459064,Chiguayante,Los Condores,20848,L1,V1,2026-02-22 20:47:11,2026-02-22 21:20:15,HQ→TH,2026-02-22,,20848,20848,540,Monedero
1516,1459065,Los Canelos,El Parque,20056,L2,V1,2026-02-22 12:23:56,2026-02-22 12:44:25,CW→CC,2026-02-22,,20056,20056,610,Monedero
1517,1459066,El Arenal,Hualqui,20859,L1,V1,2026-02-22 12:24:12,2026-02-22 13:31:03,TH→HQ,2026-02-22,,20859,20859,580,Monedero
1518,1459066,El Arenal,Hualqui,20859,L1,V1,2026-02-22 12:24:23,2026-02-22 13:29:34,TH→HQ,2026-02-22,,20859,20859,580,Monedero
1519,1459067,Hito Galvarino,Concepcion,20056,L2,V1,2026-02-22 12:22:18,2026-02-22 13:23:32,CW→CC,2026-02-22,,20056,20056,850,Monedero
1520,1459067,Concepcion,Cdal. Raul Silva Henriquez,20167,L2,V1,2026-02-22 19:55:27,2026-02-22 20:33:21,CC→CW,2026-02-22,,20167,20167,570,Monedero
1521,1459068,UTF Santa Maria,Hualqui,20859,L1,V1,2026-02-22 12:24:28,2026-02-22 13:31:40,TH→HQ,2026-02-22,,20859,20859,560,Monedero
1522,1459068,UTF Santa Maria,Hualqui,20859,L1,V1,2026-02-22 12:24:36,2026-02-22 13:29:59,TH→HQ,2026-02-22,,20859,20859,560,Monedero
1523,1459069,Chiguayante,Mercado,20844,L1,V1,2026-02-22 12:24:21,2026-02-22 13:28:26,HQ→TH,2026-02-22,,20844,20844,550,Monedero
1524,1459070,Concepcion,Pedro Medina,20847,L1,V1,2026-02-22 19:09:41,2026-02-22 20:44:34,TH→HQ,2026-02-22,combo_por_entrada,20847,20847,910,Monedero
1525,1459071,Coronel,Concepcion,20058,L2,V1,2026-02-22 12:30:44,2026-02-22 13:16:13,CW→CC,2026-02-22,,20058,20058,880,Monedero
1526,1459071,Concepcion,Coronel,20163,L2,V1,2026-02-22 18:52:08,2026-02-22 19:47:46,CC→CW,2026-02-22,,20163,20163,880,Monedero
1527,1459072,Mercado,Hualqui,20859,L1,V1,2026-02-22 12:27:15,2026-02-22 13:30:41,TH→HQ,2026-02-22,,20859,20859,580,Monedero
1528,1459073,Concepcion,El Parque,20059,L2,V1,2026-02-22 12:38:22,2026-02-22 13:39:16,CC→CW,2026-02-22,combo_por_entrada,20059,20059,590,Monedero
1529,1459073,Concepcion,El Parque,20059,L2,V1,2026-02-22 12:38:32,2026-02-22 13:38:51,CC→CW,2026-02-22,combo_por_entrada,20059,20059,590,Monedero
1530,1459073,Concepcion,Los Condores,20846,L1,V1,2026-02-22 16:30:54,2026-02-22 17:51:04,HQ→TH,2026-02-22,combo_por_entrada,20846,20846,590,Monedero
1531,1459073,El Parque,Concepcion,20076,L2,V1,2026-02-22 16:31:00,2026-02-22 17:50:58,CW→CC,2026-02-22,combo_por_entrada,20076,20846,590,Monedero
1532,1459074,Pedro Medina,Concepcion,20844,L1,V1,2026-02-22 12:30:56,2026-02-22 13:06:14,HQ→TH,2026-02-22,,20844,20844,510,Monedero
1533,1459076,Concepcion,Los Condores,20844,L1,V1,2026-02-22 12:34:49,2026-02-22 13:17:24,HQ→TH,2026-02-22,,20844,20844,500,Monedero
1534,1459077,UTF Santa Maria,Hualqui,20859,L1,V1,2026-02-22 12:42:44,2026-02-22 13:30:21,TH→HQ,2026-02-22,,20859,20859,560,Monedero
1535,1459077,Hualqui,UTF Santa Maria,20880,L1,V1,2026-02-22 20:57:22,2026-02-22 22:13:16,HQ→TH,2026-02-22,,20880,20880,560,Monedero
1536,1459078,Concepcion,Laguna Quinenco,20059,L2,V1,2026-02-22 12:48:12,2026-02-22 14:03:29,CC→CW,2026-02-22,,20059,20059,880,Monedero
1537,1459078,Concepcion,Laguna Quinenco,20059,L2,V1,2026-02-22 12:48:56,2026-02-22 14:02:58,CC→CW,2026-02-22,,20059,20059,880,Monedero
1538,1459078,Laguna Quinenco,Concepcion,20162,L2,V1,2026-02-22 17:58:01,2026-02-22 19:02:20,CW→CC,2026-02-22,,20162,20162,880,Monedero
1539,1459078,Laguna Quinenco,Concepcion,20162,L2,V1,2026-02-22 17:58:37,2026-02-22 19:02:07,CW→CC,2026-02-22,,20162,20162,880,Monedero
1540,1459078,Laguna Quinenco,Concepcion,20162,L2,V1,2026-02-22 17:58:55,2026-02-22 19:01:55,CW→CC,2026-02-22,,20162,20162,880,Monedero
1541,1459079,Cdal. Raul Silva Henriquez,Juan Pablo II,20058,L2,V1,2026-02-22 12:45:44,2026-02-22 13:08:30,CW→CC,2026-02-22,,20058,20058,510,Monedero
1542,1459318,Concepcion,Concepcion,,,N/A,2026-02-22 12:51:00,2026-02-22 17:19:05,,2026-02-22,no viajo,,,420,Monedero
1543,1459319,Concepcion,Hualqui,20859,L1,V1,2026-02-22 12:23:04,2026-02-22 13:33:47,TH→HQ,2026-02-22,,20859,20859,550,Monedero
1544,1459319,Hualqui,Concepcion,20846,L1,V1,2026-02-22 16:55:35,2026-02-22 17:40:43,HQ→TH,2026-02-22,,20846,20846,550,Monedero
1545,1459320,Concepcion,El Parque,20059,L2,V1,2026-02-22 12:51:49,2026-02-22 13:39:54,CC→CW,2026-02-22,,20059,20059,570,Monedero
1546,1459320,Concepcion,El Parque,20059,L2,V1,2026-02-22 12:52:12,2026-02-22 13:39:08,CC→CW,2026-02-22,,20059,20059,570,Monedero
1547,1459320,El Parque,Concepcion,20068,L2,V1,2026-02-22 15:21:21,2026-02-22 16:25:21,CW→CC,2026-02-22,,20068,20068,570,Monedero
1548,1459321,Concepcion,Laguna Quinenco,20059,L2,V1,2026-02-22 12:53:40,2026-02-22 14:03:32,CC→CW,2026-02-22,,20059,20059,880,Monedero
1549,1459321,Concepcion,Laguna Quinenco,20059,L2,V1,2026-02-22 12:54:38,2026-02-22 14:02:38,CC→CW,2026-02-22,,20059,20059,880,Monedero
1550,1459321,Concepcion,Laguna Quinenco,20059,L2,V1,2026-02-22 12:54:51,2026-02-22 14:02:26,CC→CW,2026-02-22,,20059,20059,880,Monedero
1551,1459322,Concepcion,Laguna Quinenco,20059,L2,V1,2026-02-22 12:51:53,2026-02-22 14:03:38,CC→CW,2026-02-22,,20059,20059,880,Monedero
1552,1459322,Concepcion,Laguna Quinenco,20059,L2,V1,2026-02-22 12:52:58,2026-02-22 14:03:12,CC→CW,2026-02-22,,20059,20059,880,Monedero
1553,1459322,Concepcion,Laguna Quinenco,20059,L2,V1,2026-02-22 12:56:55,2026-02-22 14:02:53,CC→CW,2026-02-22,,20059,20059,880,Monedero
1554,1459324,Concepcion,Juan Pablo II,20059,L2,V1,2026-02-22 13:02:21,2026-02-22 13:32:31,CC→CW,2026-02-22,,20059,20059,570,Monedero
1555,1459324,Concepcion,Juan Pablo II,20059,L2,V1,2026-02-22 13:02:28,2026-02-22 13:32:18,CC→CW,2026-02-22,,20059,20059,570,Monedero
1556,1459325,Concepcion,Juan Pablo II,20059,L2,V1,2026-02-22 13:02:01,2026-02-22 13:32:10,CC→CW,2026-02-22,,20059,20059,570,Monedero
1557,1459325,Concepcion,Juan Pablo II,20059,L2,V1,2026-02-22 13:02:13,2026-02-22 13:32:01,CC→CW,2026-02-22,,20059,20059,570,Monedero
1558,1459326,Concepcion,Juan Pablo II,20059,L2,V1,2026-02-22 13:01:27,2026-02-22 13:32:40,CC→CW,2026-02-22,,20059,20059,570,Monedero
1559,1459326,Concepcion,Juan Pablo II,20059,L2,V1,2026-02-22 13:01:47,2026-02-22 13:32:33,CC→CW,2026-02-22,,20059,20059,570,Monedero
1560,1459327,Lomas Coloradas,Costa Mar,20058,L2,V1,2026-02-22 12:51:57,2026-02-22 13:00:15,CW→CC,2026-02-22,,20058,20058,430,Monedero
1561,1459327,Costa Mar,Lomas Coloradas,20067,L2,V1,2026-02-22 15:13:45,2026-02-22 15:51:23,CC→CW,2026-02-22,,20067,20067,430,Monedero
1562,1459329,Concepcion,Coronel,20059,L2,V1,2026-02-22 13:06:16,2026-02-22 14:04:59,CC→CW,2026-02-22,,20059,20059,880,Monedero
1563,1459329,Coronel,Concepcion,20160,L2,V1,2026-02-22 17:31:20,2026-02-22 18:30:51,CW→CC,2026-02-22,,20160,20160,880,Monedero
1564,1459330,Concepcion,Los Canelos,20059,L2,V1,2026-02-22 13:11:21,2026-02-22 13:56:05,CC→CW,2026-02-22,,20059,20059,850,Monedero
1565,1459331,Concepcion,Coronel,20059,L2,V1,2026-02-22 13:07:21,2026-02-22 14:05:06,CC→CW,2026-02-22,,20059,20059,880,Monedero
1566,1459331,Coronel,Concepcion,20160,L2,V1,2026-02-22 17:31:19,2026-02-22 18:30:42,CW→CC,2026-02-22,,20160,20160,880,Monedero
1567,1459332,Concepcion,Laguna Quinenco,20059,L2,V1,2026-02-22 13:11:03,2026-02-22 14:01:20,CC→CW,2026-02-22,,20059,20059,880,Monedero
1568,1459332,Laguna Quinenco,Concepcion,20076,L2,V1,2026-02-22 16:21:22,2026-02-22 17:29:10,CW→CC,2026-02-22,,20076,20076,880,Monedero
1569,1459333,Concepcion,Laguna Quinenco,20059,L2,V1,2026-02-22 13:16:11,2026-02-22 14:01:56,CC→CW,2026-02-22,,20059,20059,880,Monedero
1570,1459333,Laguna Quinenco,Concepcion,20066,L2,V1,2026-02-22 14:21:40,2026-02-22 15:24:13,CW→CC,2026-02-22,,20066,20066,880,Monedero
1571,1459334,Concepcion,El Parque,20059,L2,V1,2026-02-22 13:11:36,2026-02-22 13:39:25,CC→CW,2026-02-22,,20059,20059,570,Monedero
1572,1459335,Concepcion,Los Canelos,20059,L2,V1,2026-02-22 13:16:30,2026-02-22 13:55:52,CC→CW,2026-02-22,,20059,20059,850,Monedero
1573,1459336,La Leonera,Hualqui,20859,L1,V1,2026-02-22 13:14:32,2026-02-22 13:31:28,TH→HQ,2026-02-22,,20859,20859,500,Monedero
1574,1459336,Hualqui,La Leonera,20848,L1,V1,2026-02-22 20:28:10,2026-02-22 20:46:39,HQ→TH,2026-02-22,,20848,20848,500,Monedero
1575,1459337,Concepcion,Los Canelos,20059,L2,V1,2026-02-22 13:14:07,2026-02-22 13:59:51,CC→CW,2026-02-22,,20059,20059,850,Monedero
1576,1459338,Concepcion,Laguna Quinenco,20059,L2,V1,2026-02-22 13:16:04,2026-02-22 14:01:45,CC→CW,2026-02-22,,20059,20059,880,Monedero
1577,1459338,Laguna Quinenco,Concepcion,20066,L2,V1,2026-02-22 14:21:44,2026-02-22 15:24:09,CW→CC,2026-02-22,,20066,20066,880,Monedero
1578,1459339,Juan Pablo II,Los Canelos,20059,L2,V1,2026-02-22 13:18:57,2026-02-22 13:54:23,CC→CW,2026-02-22,,20059,20059,650,Monedero
1579,1459340,Concepcion,Coronel,20059,L2,V1,2026-02-22 13:16:25,2026-02-22 14:07:34,CC→CW,2026-02-22,,20059,20059,880,Monedero
1580,1459340,Concepcion,Coronel,20059,L2,V1,2026-02-22 13:16:49,2026-02-22 14:06:48,CC→CW,2026-02-22,,20059,20059,880,Monedero
1581,1459341,Concepcion,Coronel,20059,L2,V1,2026-02-22 13:17:00,2026-02-22 14:07:16,CC→CW,2026-02-22,,20059,20059,880,Monedero
1582,1459342,Concepcion,Los Canelos,20059,L2,V1,2026-02-22 13:12:05,2026-02-22 13:56:19,CC→CW,2026-02-22,,20059,20059,850,Monedero
1583,1459343,Costa Mar,Concepcion,20062,L2,V1,2026-02-22 13:20:04,2026-02-22 14:35:20,CW→CC,2026-02-22,,20062,20062,570,Monedero
1584,1459343,Costa Mar,Concepcion,20062,L2,V1,2026-02-22 13:20:12,2026-02-22 14:34:59,CW→CC,2026-02-22,,20062,20062,570,Monedero
1585,1459343,Concepcion,Costa Mar,20069,L2,V1,2026-02-22 16:10:13,2026-02-22 17:00:35,CC→CW,2026-02-22,,20069,20069,570,Monedero
1586,1459343,Concepcion,Costa Mar,20069,L2,V1,2026-02-22 16:10:23,2026-02-22 17:00:26,CC→CW,2026-02-22,,20069,20069,570,Monedero
1587,1459344,Concepcion,Los Canelos,20063,L2,V1,2026-02-22 13:26:32,2026-02-22 15:12:11,CC→CW,2026-02-22,,20063,20059,850,Monedero
1588,1459344,Concepcion,Los Canelos,20063,L2,V1,2026-02-22 13:26:51,2026-02-22 15:11:36,CC→CW,2026-02-22,,20063,20059,850,Monedero
1589,1459345,Coronel,Los Canelos,20062,L2,V1,2026-02-22 13:30:43,2026-02-22 14:00:37,CW→CC,2026-02-22,,20062,20062,530,Monedero
1590,1459346,Cristo Redentor,Concepcion,20062,L2,V1,2026-02-22 13:40:32,2026-02-22 14:34:02,CW→CC,2026-02-22,,20062,20062,850,Monedero
1591,1459347,Coronel,El Parque,20062,L2,V1,2026-02-22 13:48:59,2026-02-22 14:24:02,CW→CC,2026-02-22,,20062,20062,650,Monedero
1592,1459347,El Parque,Coronel,20163,L2,V1,2026-02-22 19:14:04,2026-02-22 19:47:55,CC→CW,2026-02-22,,20163,20163,650,Monedero
1593,1459348,Cristo Redentor,Concepcion,20062,L2,V1,2026-02-22 13:42:29,2026-02-22 14:33:15,CW→CC,2026-02-22,,20062,20062,850,Monedero
1594,1459531,Concepcion,Huinca,20067,L2,V1,2026-02-22 14:39:11,2026-02-22 16:05:33,CC→CW,2026-02-22,,20067,20063,850,Monedero
1595,1459566,Coronel,El Parque,20062,L2,V1,2026-02-22 13:49:05,2026-02-22 14:23:57,CW→CC,2026-02-22,,20062,20062,650,Monedero
1596,1459566,El Parque,Coronel,20163,L2,V1,2026-02-22 19:14:24,2026-02-22 19:48:11,CC→CW,2026-02-22,,20163,20163,650,Monedero
1597,1459569,Concepcion,Concepcion,,,N/A,2026-02-22 13:54:05,2026-02-22 13:55:50,,2026-02-22,no viajo,,,420,Monedero
1598,1459570,Concepcion,Laguna Quinenco,20063,L2,V1,2026-02-22 13:55:18,2026-02-22 15:19:10,CC→CW,2026-02-22,,20063,20063,880,Monedero
1599,1459572,Concepcion,Coronel,20063,L2,V1,2026-02-22 14:05:15,2026-02-22 15:20:47,CC→CW,2026-02-22,,20063,20063,880,Monedero
1600,1459574,Laguna Quinenco,Concepcion,20162,L2,V1,2026-02-22 17:58:46,2026-02-22 19:00:52,CW→CC,2026-02-22,,20162,20162,880,Monedero
1601,1459575,Concepcion,Lomas Coloradas,20063,L2,V1,2026-02-22 14:08:09,2026-02-22 14:58:24,CC→CW,2026-02-22,,20063,20063,570,Monedero
1602,1459576,Concepcion,Coronel,20063,L2,V1,2026-02-22 14:12:40,2026-02-22 15:21:05,CC→CW,2026-02-22,,20063,20063,880,Monedero
1603,1459577,Huinca,Costa Mar,20066,L2,V1,2026-02-22 14:17:20,2026-02-22 15:09:19,CW→CC,2026-02-22,,20066,20066,630,Monedero
1604,1459577,Costa Mar,Huinca,20069,L2,V1,2026-02-22 16:41:17,2026-02-22 17:22:02,CC→CW,2026-02-22,,20069,20069,630,Monedero
1605,1459578,Cdal. Raul Silva Henriquez,Alborada,20062,L2,V1,2026-02-22 14:07:55,2026-02-22 14:21:36,CW→CC,2026-02-22,,20062,20062,510,Monedero
1606,1459579,Huinca,Costa Mar,20066,L2,V1,2026-02-22 14:17:48,2026-02-22 15:09:08,CW→CC,2026-02-22,,20066,20066,630,Monedero
1607,1459579,Costa Mar,Huinca,20069,L2,V1,2026-02-22 16:41:18,2026-02-22 17:22:09,CC→CW,2026-02-22,,20069,20069,630,Monedero
1608,1459580,Concepcion,Concepcion,,,N/A,2026-02-22 14:23:09,2026-02-22 14:24:29,,2026-02-22,no viajo,,,420,Monedero
1609,1459580,Concepcion,Concepcion,,,N/A,2026-02-22 14:56:27,2026-02-22 14:57:57,,2026-02-22,no viajo,,,420,Monedero
1610,1459581,Concepcion,Laguna Quinenco,20063,L2,V1,2026-02-22 14:18:39,2026-02-22 15:19:02,CC→CW,2026-02-22,,20063,20063,880,Monedero
1611,1459582,Concepcion,Coronel,20063,L2,V1,2026-02-22 14:31:41,2026-02-22 15:21:34,CC→CW,2026-02-22,,20063,20063,880,Monedero
1612,1459583,Concepcion,Los Canelos,20063,L2,V1,2026-02-22 14:05:00,2026-02-22 15:11:21,CC→CW,2026-02-22,,20063,20063,850,Monedero
1613,1459585,Coronel,Concepcion,20066,L2,V1,2026-02-22 14:33:08,2026-02-22 15:24:28,CW→CC,2026-02-22,,20066,20066,880,Monedero
1614,1459586,Concepcion,Coronel,20063,L2,V1,2026-02-22 14:34:36,2026-02-22 15:22:27,CC→CW,2026-02-22,,20063,20063,880,Monedero
1615,1459586,Coronel,Concepcion,20166,L2,V1,2026-02-22 18:53:29,2026-02-22 20:02:29,CW→CC,2026-02-22,,20166,20166,880,Monedero
1616,1459586,Coronel,Concepcion,20166,L2,V1,2026-02-22 18:53:42,2026-02-22 20:02:10,CW→CC,2026-02-22,,20166,20166,880,Monedero
1617,1459586,Coronel,Concepcion,20166,L2,V1,2026-02-22 18:53:46,2026-02-22 20:01:32,CW→CC,2026-02-22,,20166,20166,880,Monedero
1618,1459587,Concepcion,Coronel,20063,L2,V1,2026-02-22 14:36:21,2026-02-22 15:22:31,CC→CW,2026-02-22,,20063,20063,880,Monedero
1619,1459587,Coronel,Concepcion,20166,L2,V1,2026-02-22 18:51:46,2026-02-22 20:01:41,CW→CC,2026-02-22,,20166,20166,880,Monedero
1620,1459588,Coronel,Concepcion,20066,L2,V1,2026-02-22 14:36:36,2026-02-22 15:30:33,CW→CC,2026-02-22,,20066,20066,880,Monedero
1621,1459588,Concepcion,Coronel,20163,L2,V1,2026-02-22 18:40:37,2026-02-22 19:46:49,CC→CW,2026-02-22,,20163,20163,880,Monedero
1622,1459593,Laguna Quinenco,Cristo Redentor,20066,L2,V1,2026-02-22 14:37:25,2026-02-22 14:46:20,CW→CC,2026-02-22,,20066,20066,450,Monedero
1623,1459594,Coronel,El Parque,20066,L2,V1,2026-02-22 14:36:41,2026-02-22 15:07:38,CW→CC,2026-02-22,,20066,20066,650,Monedero
1624,1459595,Concepcion,Coronel,20063,L2,V1,2026-02-22 14:36:31,2026-02-22 15:22:14,CC→CW,2026-02-22,,20063,20063,880,Monedero
1625,1459595,Coronel,Concepcion,20166,L2,V1,2026-02-22 18:52:04,2026-02-22 20:01:53,CW→CC,2026-02-22,,20166,20166,880,Monedero
1626,1459596,Costa Mar,Concepcion,20066,L2,V1,2026-02-22 14:39:28,2026-02-22 15:24:59,CW→CC,2026-02-22,,20066,20066,570,Monedero
1627,1459597,Hito Galvarino,Juan Pablo II,20066,L2,V1,2026-02-22 14:38:21,2026-02-22 15:16:17,CW→CC,2026-02-22,,20066,20066,650,Monedero
1628,1459598,Juan Pablo II,Lomas Coloradas,20063,L2,V1,2026-02-22 14:45:11,2026-02-22 14:59:05,CC→CW,2026-02-22,,20063,20063,510,Monedero
1629,1459599,Juan Pablo II,Lomas Coloradas,20063,L2,V1,2026-02-22 14:45:02,2026-02-22 14:59:00,CC→CW,2026-02-22,,20063,20063,510,Monedero
1630,1459600,Lomas Coloradas,Coronel,20063,L2,V1,2026-02-22 14:44:00,2026-02-22 15:21:25,CC→CW,2026-02-22,,20063,20063,650,Monedero
1631,1459600,Lomas Coloradas,Coronel,20063,L2,V1,2026-02-22 14:44:11,2026-02-22 15:21:11,CC→CW,2026-02-22,,20063,20063,650,Monedero
1632,1459754,Concepcion,El Parque,20069,L2,V1,2026-02-22 16:03:40,2026-02-22 17:03:43,CC→CW,2026-02-22,,20069,20069,570,Monedero
1633,1459754,Concepcion,El Parque,20069,L2,V1,2026-02-22 16:03:52,2026-02-22 17:03:32,CC→CW,2026-02-22,,20069,20069,570,Monedero
1634,1459754,El Parque,Concepcion,20160,L2,V1,2026-02-22 18:08:10,2026-02-22 18:31:35,CW→CC,2026-02-22,,20160,20160,570,Monedero
1635,1459754,El Parque,Concepcion,20160,L2,V1,2026-02-22 18:08:23,2026-02-22 18:31:22,CW→CC,2026-02-22,,20160,20160,570,Monedero
1636,1459781,Hito Galvarino,Concepcion,20068,L2,V1,2026-02-22 15:44:37,2026-02-22 16:27:01,CW→CC,2026-02-22,,20068,20068,850,Monedero
1637,1459786,Mercado,Concepcion,20845,L1,V1,2026-02-22 15:46:47,2026-02-22 16:28:22,TH→HQ,2026-02-22,,20845,20845,540,Monedero
1638,1459786,Mercado,Concepcion,20845,L1,V1,2026-02-22 15:47:01,2026-02-22 16:28:11,TH→HQ,2026-02-22,,20845,20845,540,Monedero
1639,1459786,Mercado,Concepcion,20845,L1,V1,2026-02-22 15:47:16,2026-02-22 16:27:59,TH→HQ,2026-02-22,,20845,20845,540,Monedero
1640,1459802,Cdal. Raul Silva Henriquez,Juan Pablo II,20066,L2,V1,2026-02-22 14:50:16,2026-02-22 15:16:07,CW→CC,2026-02-22,,20066,20066,510,Monedero
1641,1459803,Concepcion,Concepcion,,,N/A,2026-02-22 14:57:17,2026-02-22 14:58:03,,2026-02-22,no viajo,,,420,Monedero
1642,1459804,Concepcion,Lomas Coloradas,20067,L2,V1,2026-02-22 14:59:30,2026-02-22 15:51:39,CC→CW,2026-02-22,,20067,20067,570,Monedero
1643,1459805,Hito Galvarino,Cristo Redentor,20063,L2,V1,2026-02-22 15:00:30,2026-02-22 15:15:36,CC→CW,2026-02-22,,20063,20063,460,Monedero
1644,1459805,Cristo Redentor,Concepcion,20068,L2,V1,2026-02-22 15:35:46,2026-02-22 16:25:27,CW→CC,2026-02-22,,20068,20068,850,Monedero
1645,1459805,Concepcion,Concepcion,,,N/A,2026-02-22 17:59:58,2026-02-22 18:00:55,,2026-02-22,no viajo,,,420,Monedero
1646,1459805,Concepcion,Cdal. Raul Silva Henriquez,20167,L2,V1,2026-02-22 19:13:20,2026-02-22 20:32:48,CC→CW,2026-02-22,,20167,20167,570,Monedero
1647,1459806,Hito Galvarino,Cristo Redentor,20063,L2,V1,2026-02-22 15:00:04,2026-02-22 15:15:28,CC→CW,2026-02-22,,20063,20063,460,Monedero
1648,1459806,Cristo Redentor,Concepcion,20068,L2,V1,2026-02-22 15:36:11,2026-02-22 16:25:36,CW→CC,2026-02-22,,20068,20068,850,Monedero
1649,1459806,Concepcion,Concepcion,,,N/A,2026-02-22 17:59:53,2026-02-22 18:00:48,,2026-02-22,no viajo,,,420,Monedero
1650,1459806,Concepcion,Cdal. Raul Silva Henriquez,20167,L2,V1,2026-02-22 19:13:11,2026-02-22 20:32:34,CC→CW,2026-02-22,,20167,20167,570,Monedero
1651,1459807,Concepcion,El Parque,20067,L2,V1,2026-02-22 14:58:02,2026-02-22 15:49:36,CC→CW,2026-02-22,,20067,20067,570,Monedero
1652,1459807,Concepcion,El Parque,20067,L2,V1,2026-02-22 14:59:10,2026-02-22 15:49:29,CC→CW,2026-02-22,,20067,20067,570,Monedero
1653,1459807,El Parque,Concepcion,20076,L2,V1,2026-02-22 16:37:58,2026-02-22 17:29:48,CW→CC,2026-02-22,,20076,20076,570,Monedero
1654,1459807,El Parque,Concepcion,20076,L2,V1,2026-02-22 16:38:07,2026-02-22 17:29:42,CW→CC,2026-02-22,,20076,20076,570,Monedero
1655,1459808,Concepcion,La Leonera,20845,L1,V1,2026-02-22 15:02:33,2026-02-22 16:49:55,TH→HQ,2026-02-22,combo_por_entrada,20845,20845,910,Monedero
1656,1459808,Concepcion,La Leonera,20845,L1,V1,2026-02-22 15:02:44,2026-02-22 16:49:24,TH→HQ,2026-02-22,combo_por_entrada,20845,20845,910,Monedero
1657,1459808,Laguna Quinenco,Concepcion,20068,L2,V1,2026-02-22 15:02:52,2026-02-22 16:49:07,CW→CC,2026-02-22,combo_por_entrada,20068,20845,910,Monedero
1658,1459809,Coronel,Concepcion,20068,L2,V1,2026-02-22 15:03:43,2026-02-22 16:26:29,CW→CC,2026-02-22,,20068,20068,880,Monedero
1659,1459810,Concepcion,Los Canelos,20067,L2,V1,2026-02-22 14:58:46,2026-02-22 16:05:03,CC→CW,2026-02-22,,20067,20067,850,Monedero
1660,1459811,Alborada,Concepcion,20066,L2,V1,2026-02-22 15:05:10,2026-02-22 15:24:12,CW→CC,2026-02-22,,20066,20066,570,Monedero
1661,1459812,Concepcion,Coronel,20067,L2,V1,2026-02-22 15:15:52,2026-02-22 16:15:05,CC→CW,2026-02-22,,20067,20067,880,Monedero
1662,1459812,Concepcion,Coronel,20067,L2,V1,2026-02-22 15:16:13,2026-02-22 16:14:51,CC→CW,2026-02-22,,20067,20067,880,Monedero
1663,1459813,El Parque,Coronel,20067,L2,V1,2026-02-22 15:06:57,2026-02-22 16:15:51,CC→CW,2026-02-22,,20067,20067,650,Monedero
1664,1459813,El Parque,Coronel,20067,L2,V1,2026-02-22 15:07:09,2026-02-22 16:15:13,CC→CW,2026-02-22,,20067,20067,650,Monedero
1665,1459815,Huinca,Concepcion,20068,L2,V1,2026-02-22 15:16:56,2026-02-22 16:27:53,CW→CC,2026-02-22,,20068,20068,850,Monedero
1666,1459815,Huinca,Concepcion,20068,L2,V1,2026-02-22 15:17:28,2026-02-22 16:27:31,CW→CC,2026-02-22,,20068,20068,850,Monedero
1667,1459816,Concepcion,Hualqui,20845,L1,V1,2026-02-22 15:20:02,2026-02-22 17:02:48,TH→HQ,2026-02-22,,20845,20845,550,Monedero
1668,1459816,Concepcion,Hualqui,20845,L1,V1,2026-02-22 15:20:28,2026-02-22 17:02:22,TH→HQ,2026-02-22,,20845,20845,550,Monedero
1669,1459817,El Parque,Concepcion,20068,L2,V1,2026-02-22 15:21:22,2026-02-22 16:25:22,CW→CC,2026-02-22,,20068,20068,570,Monedero
1670,1459819,Concepcion,Huinca,20067,L2,V1,2026-02-22 15:25:21,2026-02-22 16:06:39,CC→CW,2026-02-22,,20067,20067,850,Monedero
1671,1459821,Concepcion,Los Canelos,20067,L2,V1,2026-02-22 15:26:32,2026-02-22 16:04:21,CC→CW,2026-02-22,,20067,20067,850,Monedero
1672,1459821,Los Canelos,Concepcion,20162,L2,V1,2026-02-22 18:26:55,2026-02-22 19:00:58,CW→CC,2026-02-22,,20162,20162,850,Monedero
1673,1459823,Coronel,Concepcion,20068,L2,V1,2026-02-22 15:25:38,2026-02-22 16:25:39,CW→CC,2026-02-22,,20068,20068,880,Monedero
1674,1459823,Coronel,Concepcion,20068,L2,V1,2026-02-22 15:25:57,2026-02-22 16:25:15,CW→CC,2026-02-22,,20068,20068,880,Monedero
1675,1459827,Huinca,Concepcion,20068,L2,V1,2026-02-22 15:38:45,2026-02-22 16:27:09,CW→CC,2026-02-22,,20068,20068,850,Monedero
1676,1459828,Laguna Quinenco,Concepcion,20068,L2,V1,2026-02-22 15:38:28,2026-02-22 16:26:37,CW→CC,2026-02-22,,20068,20068,880,Monedero
1677,1459828,Laguna Quinenco,Concepcion,20068,L2,V1,2026-02-22 15:38:35,2026-02-22 16:26:13,CW→CC,2026-02-22,,20068,20068,880,Monedero
1678,1459829,Costa Mar,Huinca,20067,L2,V1,2026-02-22 15:38:07,2026-02-22 16:05:17,CC→CW,2026-02-22,,20067,20067,630,Monedero
1679,1459830,Concepcion,Hualqui,20845,L1,V1,2026-02-22 15:42:55,2026-02-22 17:04:38,TH→HQ,2026-02-22,,20845,20845,550,Monedero
1680,1459831,Costa Mar,Coronel,20067,L2,V1,2026-02-22 15:44:31,2026-02-22 16:14:50,CC→CW,2026-02-22,,20067,20067,650,Monedero
1681,1460041,Alborada,Cdal. Raul Silva Henriquez,20069,L2,V1,2026-02-22 16:49:51,2026-02-22 17:11:11,CC→CW,2026-02-22,,20069,20069,510,Monedero
1682,1460045,Hualqui,Concepcion,20846,L1,V1,2026-02-22 16:58:04,2026-02-22 17:35:28,HQ→TH,2026-02-22,,20846,20846,550,Monedero
1683,1460047,Cdal. Raul Silva Henriquez,Laguna Quinenco,20067,L2,V1,2026-02-22 15:49:29,2026-02-22 16:11:42,CC→CW,2026-02-22,,20067,20067,650,Monedero
1684,1460048,Lomas Coloradas,Los Canelos,20067,L2,V1,2026-02-22 15:48:40,2026-02-22 16:03:52,CC→CW,2026-02-22,,20067,20067,610,Monedero
1685,1460048,Lomas Coloradas,Los Canelos,20067,L2,V1,2026-02-22 15:49:10,2026-02-22 16:03:44,CC→CW,2026-02-22,,20067,20067,610,Monedero
1686,1460048,Los Canelos,Lomas Coloradas,20160,L2,V1,2026-02-22 17:52:05,2026-02-22 18:09:02,CW→CC,2026-02-22,,20160,20160,610,Monedero
1687,1460048,Los Canelos,Lomas Coloradas,20160,L2,V1,2026-02-22 17:52:19,2026-02-22 18:08:23,CW→CC,2026-02-22,,20160,20160,610,Monedero
1688,1460049,El Arenal,Hualqui,20845,L1,V1,2026-02-22 15:54:54,2026-02-22 17:03:41,TH→HQ,2026-02-22,,20845,20845,580,Monedero
1689,1460051,Higueras,Concepcion,20845,L1,V1,2026-02-22 15:55:04,2026-02-22 16:27:02,TH→HQ,2026-02-22,,20845,20845,500,Monedero
1690,1460052,Higueras,Hualqui,20845,L1,V1,2026-02-22 16:01:50,2026-02-22 17:04:19,TH→HQ,2026-02-22,,20845,20845,560,Monedero
1691,1460052,Higueras,Hualqui,20845,L1,V1,2026-02-22 16:02:03,2026-02-22 17:03:52,TH→HQ,2026-02-22,,20845,20845,560,Monedero
1692,1460052,Hualqui,Higueras,20848,L1,V1,2026-02-22 20:06:10,2026-02-22 21:24:52,HQ→TH,2026-02-22,,20848,20848,560,Monedero
1693,1460052,Hualqui,Higueras,20848,L1,V1,2026-02-22 20:06:18,2026-02-22 21:24:45,HQ→TH,2026-02-22,,20848,20848,560,Monedero
1694,1460052,Hualqui,Higueras,20848,L1,V1,2026-02-22 20:06:23,2026-02-22 21:24:36,HQ→TH,2026-02-22,,20848,20848,560,Monedero
1695,1460054,Lomas Coloradas,Concepcion,20068,L2,V1,2026-02-22 16:02:43,2026-02-22 16:25:00,CW→CC,2026-02-22,,20068,20068,570,Monedero
1696,1460055,Los Condores,Concepcion,20845,L1,V1,2026-02-22 16:06:33,2026-02-22 16:25:56,TH→HQ,2026-02-22,,20845,20845,500,Monedero
1697,1460056,Concepcion,Lomas Coloradas,20069,L2,V1,2026-02-22 16:03:52,2026-02-22 17:06:42,CC→CW,2026-02-22,combo_por_entrada,20069,20069,590,Monedero
1698,1460057,El Parque,Concepcion,20068,L2,V1,2026-02-22 15:58:04,2026-02-22 16:25:38,CW→CC,2026-02-22,,20068,20068,570,Monedero
1699,1460058,Concepcion,Chiguayante,20845,L1,V1,2026-02-22 16:15:18,2026-02-22 16:41:40,TH→HQ,2026-02-22,,20845,20845,510,Monedero
1700,1460059,Coronel,Concepcion,20076,L2,V1,2026-02-22 16:21:11,2026-02-22 17:29:42,CW→CC,2026-02-22,,20076,20076,880,Monedero
1701,1460059,Coronel,Concepcion,20076,L2,V1,2026-02-22 16:21:29,2026-02-22 17:29:36,CW→CC,2026-02-22,,20076,20076,880,Monedero
1702,1460061,Lzo. Arenas,La Leonera,20845,L1,V1,2026-02-22 16:17:06,2026-02-22 16:48:43,TH→HQ,2026-02-22,,20845,20845,510,Monedero
1703,1460063,Concepcion,Hualqui,20845,L1,V1,2026-02-22 16:23:28,2026-02-22 17:01:06,TH→HQ,2026-02-22,,20845,20845,550,Monedero
1704,1460063,Concepcion,Hualqui,20845,L1,V1,2026-02-22 16:23:52,2026-02-22 17:00:59,TH→HQ,2026-02-22,,20845,20845,550,Monedero
1705,1460064,Concepcion,Cristo Redentor,20069,L2,V1,2026-02-22 16:27:22,2026-02-22 17:24:41,CC→CW,2026-02-22,,20069,20069,850,Monedero
1706,1460065,Hualqui,Mercado,20846,L1,V1,2026-02-22 16:29:28,2026-02-22 18:00:57,HQ→TH,2026-02-22,,20846,20846,580,Monedero
1707,1460068,Hualqui,Mercado,20846,L1,V1,2026-02-22 16:30:43,2026-02-22 18:01:06,HQ→TH,2026-02-22,,20846,20846,580,Monedero
1708,1460071,Cristo Redentor,Concepcion,20076,L2,V1,2026-02-22 16:41:06,2026-02-22 17:29:29,CW→CC,2026-02-22,,20076,20076,850,Monedero
1709,1460071,Concepcion,Cdal. Raul Silva Henriquez,20167,L2,V1,2026-02-22 19:41:56,2026-02-22 20:34:19,CC→CW,2026-02-22,,20167,20167,570,Monedero
1710,1460072,Concepcion,Coronel,20069,L2,V1,2026-02-22 16:35:15,2026-02-22 17:30:49,CC→CW,2026-02-22,,20069,20069,880,Monedero
1711,1460072,Coronel,Concepcion,20166,L2,V1,2026-02-22 18:58:43,2026-02-22 19:59:47,CW→CC,2026-02-22,,20166,20166,880,Monedero
1712,1460073,Hualqui,Concepcion,20846,L1,V1,2026-02-22 16:39:48,2026-02-22 17:39:22,HQ→TH,2026-02-22,,20846,20846,550,Monedero
1713,1460073,Hualqui,Concepcion,20846,L1,V1,2026-02-22 16:41:30,2026-02-22 17:38:57,HQ→TH,2026-02-22,,20846,20846,550,Monedero
1714,1460074,Cristo Redentor,Cdal. Raul Silva Henriquez,20076,L2,V1,2026-02-22 16:38:10,2026-02-22 17:05:01,CW→CC,2026-02-22,,20076,20076,630,Monedero
1715,1460076,Concepcion,Coronel,20069,L2,V1,2026-02-22 16:38:29,2026-02-22 17:30:22,CC→CW,2026-02-22,,20069,20069,880,Monedero
1716,1460077,Concepcion,Coronel,20069,L2,V1,2026-02-22 16:36:10,2026-02-22 17:30:59,CC→CW,2026-02-22,,20069,20069,880,Monedero
1717,1460077,Coronel,Concepcion,20166,L2,V1,2026-02-22 18:58:53,2026-02-22 19:59:47,CW→CC,2026-02-22,,20166,20166,880,Monedero
1718,1460079,Concepcion,Hito Galvarino,20069,L2,V1,2026-02-22 16:42:58,2026-02-22 17:15:46,CC→CW,2026-02-22,,20069,20069,850,Monedero
1719,1460080,Concepcion,Laguna Quinenco,20069,L2,V1,2026-02-22 16:41:39,2026-02-22 17:27:05,CC→CW,2026-02-22,,20069,20069,880,Monedero
1720,1460081,Concepcion,Lomas Coloradas,20069,L2,V1,2026-02-22 16:39:59,2026-02-22 17:05:46,CC→CW,2026-02-22,,20069,20069,570,Monedero
1721,1460083,Los Canelos,Concepcion,20076,L2,V1,2026-02-22 16:42:50,2026-02-22 17:29:10,CW→CC,2026-02-22,,20076,20076,850,Monedero
1722,1460266,Concepcion,Los Canelos,20157,L2,V1,2026-02-22 16:48:09,2026-02-22 18:04:07,CC→CW,2026-02-22,,20157,20069,850,Monedero
1723,1460267,Hualqui,Concepcion,20846,L1,V1,2026-02-22 16:53:47,2026-02-22 17:35:45,HQ→TH,2026-02-22,,20846,20846,550,Monedero
1724,1460269,Concepcion,El Parque,20157,L2,V1,2026-02-22 16:56:20,2026-02-22 17:49:21,CC→CW,2026-02-22,,20157,20157,570,Monedero
1725,1460269,El Parque,Concepcion,20170,L2,V1,2026-02-22 19:49:53,2026-02-22 21:03:31,CW→CC,2026-02-22,,20170,20170,570,Monedero
1726,1460270,Concepcion,Concepcion,,,N/A,2026-02-22 16:56:42,2026-02-22 17:03:47,,2026-02-22,no viajo,,,420,Monedero
1727,1460272,Concepcion,El Parque,20157,L2,V1,2026-02-22 16:57:10,2026-02-22 17:49:26,CC→CW,2026-02-22,,20157,20157,570,Monedero
1728,1460272,El Parque,Concepcion,20170,L2,V1,2026-02-22 19:50:03,2026-02-22 21:03:27,CW→CC,2026-02-22,,20170,20170,570,Monedero
1729,1460274,Concepcion,Cristo Redentor,20157,L2,V1,2026-02-22 17:03:18,2026-02-22 18:09:25,CC→CW,2026-02-22,,20157,20157,850,Monedero
1730,1460275,Costa Mar,Concepcion,20076,L2,V1,2026-02-22 17:05:38,2026-02-22 17:29:29,CW→CC,2026-02-22,,20076,20076,570,Monedero
1731,1460275,Concepcion,Costa Mar,20171,L2,V1,2026-02-22 20:43:21,2026-02-22 21:25:24,CC→CW,2026-02-22,,20171,20171,570,Monedero
1732,1460276,Pedro Medina,Concepcion,20846,L1,V1,2026-02-22 17:05:59,2026-02-22 17:35:59,HQ→TH,2026-02-22,,20846,20846,510,Monedero
1733,1460277,Chiguayante,Concepcion,20846,L1,V1,2026-02-22 17:10:46,2026-02-22 17:35:21,HQ→TH,2026-02-22,,20846,20846,510,Monedero
1734,1460279,La Leonera,Concepcion,20846,L1,V1,2026-02-22 17:08:14,2026-02-22 17:36:30,HQ→TH,2026-02-22,,20846,20846,510,Monedero
1735,1460279,La Leonera,Concepcion,20846,L1,V1,2026-02-22 17:08:25,2026-02-22 17:36:21,HQ→TH,2026-02-22,,20846,20846,510,Monedero
1736,1460281,Pedro Medina,Concepcion,20846,L1,V1,2026-02-22 17:06:27,2026-02-22 17:35:49,HQ→TH,2026-02-22,,20846,20846,510,Monedero
1737,1460282,Chiguayante,Concepcion,20846,L1,V1,2026-02-22 17:14:51,2026-02-22 17:36:19,HQ→TH,2026-02-22,,20846,20846,510,Monedero
1738,1460282,Chiguayante,Concepcion,20846,L1,V1,2026-02-22 17:15:01,2026-02-22 17:35:46,HQ→TH,2026-02-22,,20846,20846,510,Monedero
1739,1460283,Pedro Medina,Mercado,20846,L1,V1,2026-02-22 17:15:33,2026-02-22 17:59:44,HQ→TH,2026-02-22,,20846,20846,550,Monedero
1740,1460283,Pedro Medina,Mercado,20846,L1,V1,2026-02-22 17:15:44,2026-02-22 17:59:38,HQ→TH,2026-02-22,,20846,20846,550,Monedero
1741,1460284,Pedro Medina,Mercado,20846,L1,V1,2026-02-22 17:15:36,2026-02-22 18:00:22,HQ→TH,2026-02-22,,20846,20846,550,Monedero
1742,1460284,Pedro Medina,Mercado,20846,L1,V1,2026-02-22 17:15:50,2026-02-22 18:00:08,HQ→TH,2026-02-22,,20846,20846,550,Monedero
1743,1460286,Concepcion,Huinca,20157,L2,V1,2026-02-22 17:24:12,2026-02-22 18:06:38,CC→CW,2026-02-22,,20157,20157,850,Monedero
1744,1460289,Concepcion,Laguna Quinenco,20157,L2,V1,2026-02-22 17:21:23,2026-02-22 18:13:00,CC→CW,2026-02-22,,20157,20157,880,Monedero
1745,1460290,Concepcion,Costa Mar,20157,L2,V1,2026-02-22 17:32:01,2026-02-22 18:44:05,CC→CW,2026-02-22,,20157,20157,570,Monedero
1746,1460292,Cristo Redentor,Concepcion,20160,L2,V1,2026-02-22 17:29:06,2026-02-22 18:29:56,CW→CC,2026-02-22,,20160,20160,850,Monedero
1747,1460293,Concepcion,Cdal. Raul Silva Henriquez,20171,L2,V1,2026-02-22 20:56:46,2026-02-22 21:35:05,CC→CW,2026-02-22,,20171,20171,570,Monedero
1748,1460294,Concepcion,Concepcion,,,N/A,2026-02-22 17:39:19,2026-02-22 17:45:30,,2026-02-22,no viajo,,,420,Monedero
1749,1460294,Concepcion,Concepcion,,,N/A,2026-02-22 17:39:37,2026-02-22 17:45:09,,2026-02-22,no viajo,,,420,Monedero
1750,1460297,Los Canelos,Juan Pablo II,20160,L2,V1,2026-02-22 17:44:03,2026-02-22 18:21:45,CW→CC,2026-02-22,,20160,20160,650,Monedero
1751,1460299,Concepcion,Concepcion,,,N/A,2026-02-22 17:40:49,2026-02-22 17:45:38,,2026-02-22,no viajo,,,420,Monedero
1752,1460300,Cristo Redentor,El Parque,20160,L2,V1,2026-02-22 17:43:46,2026-02-22 18:10:59,CW→CC,2026-02-22,,20160,20160,630,Monedero
1753,1460300,El Parque,Concepcion,20162,L2,V1,2026-02-22 18:41:29,2026-02-22 19:00:24,CW→CC,2026-02-22,,20162,20162,570,Monedero
1754,1460300,Concepcion,Lomas Coloradas,20167,L2,V1,2026-02-22 19:51:05,2026-02-22 20:24:11,CC→CW,2026-02-22,,20167,20167,570,Monedero
1755,1460474,Laguna Quinenco,Concepcion,20162,L2,V1,2026-02-22 17:57:49,2026-02-22 19:02:36,CW→CC,2026-02-22,,20162,20162,880,Monedero
1756,1460474,Laguna Quinenco,Concepcion,20162,L2,V1,2026-02-22 17:58:28,2026-02-22 19:02:14,CW→CC,2026-02-22,,20162,20162,880,Monedero
1757,1460474,Laguna Quinenco,Concepcion,20162,L2,V1,2026-02-22 17:58:51,2026-02-22 19:01:53,CW→CC,2026-02-22,,20162,20162,880,Monedero
1758,1460475,Laguna Quinenco,Concepcion,20162,L2,V1,2026-02-22 17:57:35,2026-02-22 19:01:32,CW→CC,2026-02-22,,20162,20162,880,Monedero
1759,1460475,Laguna Quinenco,Concepcion,20162,L2,V1,2026-02-22 17:58:04,2026-02-22 19:01:12,CW→CC,2026-02-22,,20162,20162,880,Monedero
1760,1460476,Coronel,Concepcion,20162,L2,V1,2026-02-22 18:06:27,2026-02-22 19:01:05,CW→CC,2026-02-22,,20162,20162,880,Monedero
1761,1460477,Concepcion,Concepcion,,,N/A,2026-02-22 18:01:37,2026-02-22 18:03:35,,2026-02-22,no viajo,,,420,Monedero
1762,1460477,Concepcion,Concepcion,,,N/A,2026-02-22 18:01:46,2026-02-22 18:03:32,,2026-02-22,no viajo,,,420,Monedero
1763,1460478,Laguna Quinenco,Juan Pablo II,20162,L2,V1,2026-02-22 18:08:08,2026-02-22 18:52:54,CW→CC,2026-02-22,,20162,20162,790,Monedero
1764,1460479,Coronel,Concepcion,20162,L2,V1,2026-02-22 17:57:49,2026-02-22 19:00:58,CW→CC,2026-02-22,,20162,20162,880,Monedero
1765,1460480,Lomas Coloradas,Coronel,20157,L2,V1,2026-02-22 17:50:23,2026-02-22 18:14:53,CC→CW,2026-02-22,,20157,20157,650,Monedero
1766,1460481,Concepcion,Costa Mar,20161,L2,V1,2026-02-22 18:07:30,2026-02-22 18:44:42,CC→CW,2026-02-22,,20161,20161,570,Monedero
1767,1460482,Diagonal Bio Bio,Concepcion,20160,L2,V1,2026-02-22 18:08:15,2026-02-22 18:28:42,CW→CC,2026-02-22,,20160,20160,570,Monedero
1768,1460483,Concepcion,Coronel,20161,L2,V1,2026-02-22 18:09:15,2026-02-22 19:14:53,CC→CW,2026-02-22,,20161,20161,880,Monedero
1769,1460484,Concepcion,El Parque,20161,L2,V1,2026-02-22 18:17:03,2026-02-22 18:49:04,CC→CW,2026-02-22,,20161,20161,570,Monedero
1770,1460484,El Parque,Concepcion,20170,L2,V1,2026-02-22 19:52:35,2026-02-22 21:03:48,CW→CC,2026-02-22,,20170,20170,570,Monedero
1771,1460485,Concepcion,Coronel,20161,L2,V1,2026-02-22 18:13:34,2026-02-22 19:17:49,CC→CW,2026-02-22,,20161,20161,880,Monedero
1772,1460486,Concepcion,El Parque,20161,L2,V1,2026-02-22 18:16:54,2026-02-22 18:49:07,CC→CW,2026-02-22,,20161,20161,570,Monedero
1773,1460486,El Parque,Concepcion,20170,L2,V1,2026-02-22 19:52:13,2026-02-22 21:03:42,CW→CC,2026-02-22,,20170,20170,570,Monedero
1774,1460487,Alborada,Concepcion,20160,L2,V1,2026-02-22 18:12:28,2026-02-22 18:29:10,CW→CC,2026-02-22,,20160,20160,570,Monedero
1775,1460489,Cdal. Raul Silva Henriquez,Diagonal Bio Bio,20162,L2,V1,2026-02-22 18:19:32,2026-02-22 18:51:13,CW→CC,2026-02-22,,20162,20162,510,Monedero
1776,1460489,Cdal. Raul Silva Henriquez,Diagonal Bio Bio,20162,L2,V1,2026-02-22 18:19:53,2026-02-22 18:50:57,CW→CC,2026-02-22,,20162,20162,510,Monedero
1777,1460490,Los Canelos,Concepcion,20162,L2,V1,2026-02-22 18:23:01,2026-02-22 19:01:26,CW→CC,2026-02-22,,20162,20162,850,Monedero
1778,1460491,Concepcion,Concepcion,,,N/A,2026-02-22 18:25:38,2026-02-22 18:26:29,,2026-02-22,no viajo,,,420,Monedero
1779,1460492,Los Canelos,Concepcion,20162,L2,V1,2026-02-22 18:16:20,2026-02-22 19:01:11,CW→CC,2026-02-22,,20162,20162,850,Monedero
1780,1460493,Concepcion,Concepcion,,,N/A,2026-02-22 18:25:26,2026-02-22 18:26:29,,2026-02-22,no viajo,,,420,Monedero
1781,1460494,Huinca,Concepcion,20162,L2,V1,2026-02-22 18:24:00,2026-02-22 19:01:09,CW→CC,2026-02-22,,20162,20162,850,Monedero
1782,1460495,El Parque,Concepcion,20162,L2,V1,2026-02-22 18:27:25,2026-02-22 19:04:13,CW→CC,2026-02-22,,20162,20162,570,Monedero
1783,1460495,El Parque,Concepcion,20162,L2,V1,2026-02-22 18:27:52,2026-02-22 19:03:59,CW→CC,2026-02-22,,20162,20162,570,Monedero
1784,1460496,Concepcion,Huinca,20161,L2,V1,2026-02-22 18:27:45,2026-02-22 19:06:12,CC→CW,2026-02-22,,20161,20161,850,Monedero
1785,1460498,Diagonal Bio Bio,Huinca,20161,L2,V1,2026-02-22 18:33:38,2026-02-22 19:07:44,CC→CW,2026-02-22,,20161,20161,680,Monedero
1786,1460499,Alborada,Costa Mar,20161,L2,V1,2026-02-22 18:28:47,2026-02-22 18:45:45,CC→CW,2026-02-22,,20161,20161,510,Monedero
1787,1460500,Cristo Redentor,Concepcion,20166,L2,V1,2026-02-22 18:34:01,2026-02-22 20:00:37,CW→CC,2026-02-22,,20166,20166,850,Monedero
1788,1460502,El Parque,Los Canelos,20161,L2,V1,2026-02-22 18:41:05,2026-02-22 19:04:53,CC→CW,2026-02-22,,20161,20161,610,Monedero
1789,1460502,El Parque,Los Canelos,20161,L2,V1,2026-02-22 18:41:25,2026-02-22 19:03:46,CC→CW,2026-02-22,,20161,20161,610,Monedero
1790,1460503,Costa Mar,Los Canelos,20161,L2,V1,2026-02-22 18:39:37,2026-02-22 19:06:26,CC→CW,2026-02-22,,20161,20161,610,Monedero
1791,1460503,Costa Mar,Los Canelos,20161,L2,V1,2026-02-22 18:39:58,2026-02-22 19:05:16,CC→CW,2026-02-22,,20161,20161,610,Monedero
1792,1460665,Coronel,Lomas Coloradas,20166,L2,V1,2026-02-22 18:54:16,2026-02-22 20:25:27,CW→CC,2026-02-22,,20166,20166,650,Monedero
1793,1460668,Concepcion,Chiguayante,20847,L1,V1,2026-02-22 19:03:37,2026-02-22 20:41:51,TH→HQ,2026-02-22,combo_por_entrada,20847,20847,910,Monedero
1794,1460669,Coronel,Concepcion,20166,L2,V1,2026-02-22 18:59:30,2026-02-22 20:00:43,CW→CC,2026-02-22,,20166,20166,880,Monedero
1795,1460670,Concepcion,Cdal. Raul Silva Henriquez,20167,L2,V1,2026-02-22 19:06:36,2026-02-22 20:32:14,CC→CW,2026-02-22,,20167,20163,570,Monedero
1796,1460671,Cristo Redentor,Concepcion,20166,L2,V1,2026-02-22 19:11:37,2026-02-22 20:02:16,CW→CC,2026-02-22,,20166,20166,850,Monedero
1797,1460671,Cristo Redentor,Concepcion,20166,L2,V1,2026-02-22 19:11:45,2026-02-22 20:01:58,CW→CC,2026-02-22,,20166,20166,850,Monedero
1798,1460672,El Parque,Los Canelos,20163,L2,V1,2026-02-22 19:03:25,2026-02-22 19:38:20,CC→CW,2026-02-22,,20163,20163,610,Monedero
1799,1460674,Coronel,Concepcion,20166,L2,V1,2026-02-22 19:12:03,2026-02-22 20:00:53,CW→CC,2026-02-22,,20166,20166,880,Monedero
1800,1460674,Concepcion,Concepcion,,,N/A,2026-02-22 20:01:01,2026-02-22 20:01:20,,2026-02-22,no viajo,,,420,Monedero
1801,1460677,Concepcion,Cdal. Raul Silva Henriquez,20167,L2,V1,2026-02-22 19:17:01,2026-02-22 20:33:57,CC→CW,2026-02-22,,20167,20167,570,Monedero
1802,1460678,Concepcion,Alborada,20167,L2,V1,2026-02-22 19:25:43,2026-02-22 20:15:44,CC→CW,2026-02-22,,20167,20167,570,Monedero
1803,1460680,Cdal. Raul Silva Henriquez,Concepcion,20166,L2,V1,2026-02-22 19:32:29,2026-02-22 19:59:54,CW→CC,2026-02-22,,20166,20166,570,Monedero
1804,1460682,Juan Pablo II,Cdal. Raul Silva Henriquez,20167,L2,V1,2026-02-22 19:34:53,2026-02-22 20:29:47,CC→CW,2026-02-22,,20167,20167,510,Monedero
1805,1460683,Mercado,Chiguayante,20847,L1,V1,2026-02-22 19:48:32,2026-02-22 20:41:36,TH→HQ,2026-02-22,,20847,20847,550,Monedero
1806,1460684,Concepcion,Costa Mar,20171,L2,V1,2026-02-22 19:44:30,2026-02-22 21:24:47,CC→CW,2026-02-22,combo_por_entrada,20171,20171,590,Monedero
1807,1460685,Mercado,Chiguayante,20847,L1,V1,2026-02-22 19:48:29,2026-02-22 20:42:09,TH→HQ,2026-02-22,,20847,20847,550,Monedero
1808,1460685,Mercado,Chiguayante,20847,L1,V1,2026-02-22 19:48:34,2026-02-22 20:41:33,TH→HQ,2026-02-22,,20847,20847,550,Monedero
1809,1460824,Juan Pablo II,Concepcion,20166,L2,V1,2026-02-22 19:49:30,2026-02-22 20:00:32,CW→CC,2026-02-22,,20166,20166,570,Monedero
1810,1460826,Diagonal Bio Bio,Concepcion,20166,L2,V1,2026-02-22 19:47:06,2026-02-22 20:00:10,CW→CC,2026-02-22,,20166,20166,570,Monedero
1811,1460827,Concepcion,Cdal. Raul Silva Henriquez,20167,L2,V1,2026-02-22 19:53:21,2026-02-22 20:33:17,CC→CW,2026-02-22,,20167,20167,570,Monedero
1812,1460828,Juan Pablo II,Cdal. Raul Silva Henriquez,20167,L2,V1,2026-02-22 19:54:48,2026-02-22 20:29:10,CC→CW,2026-02-22,,20167,20167,510,Monedero
1813,1460830,Concepcion,Costa Mar,20167,L2,V1,2026-02-22 19:54:36,2026-02-22 20:18:06,CC→CW,2026-02-22,,20167,20167,570,Monedero
1814,1460831,Concepcion,Lomas Coloradas,20167,L2,V1,2026-02-22 19:53:51,2026-02-22 20:24:53,CC→CW,2026-02-22,,20167,20167,570,Monedero
1815,1460836,Hualqui,Mercado,20848,L1,V1,2026-02-22 20:09:40,2026-02-22 21:31:47,HQ→TH,2026-02-22,,20848,20848,580,Monedero
1816,1460836,Hualqui,Mercado,20848,L1,V1,2026-02-22 20:10:04,2026-02-22 21:31:42,HQ→TH,2026-02-22,,20848,20848,580,Monedero
1817,1460842,Concepcion,Cdal. Raul Silva Henriquez,20167,L2,V1,2026-02-22 19:58:55,2026-02-22 20:31:21,CC→CW,2026-02-22,,20167,20167,570,Monedero
1818,1460845,Concepcion,Diagonal Bio Bio,20171,L2,V1,2026-02-22 20:18:07,2026-02-22 21:19:35,CC→CW,2026-02-22,match_por_salida_fallback,20171,20171,600,Monedero
1819,1460850,Concepcion,Costa Mar,20171,L2,V1,2026-02-22 20:40:18,2026-02-22 21:25:03,CC→CW,2026-02-22,,20171,20171,570,Monedero
1820,1460851,Concepcion,Cdal. Raul Silva Henriquez,20171,L2,V1,2026-02-22 20:39:19,2026-02-22 21:36:45,CC→CW,2026-02-22,,20171,20171,570,Monedero
1821,1460852,El Parque,Concepcion,20170,L2,V2,2026-02-22 20:33:44,2026-02-22 21:03:38,,2026-02-22,sin_combo_factible_en_hub|sin_s1_factible_retro,,20170,570,Monedero
1822,1460987,Juan Pablo II,Alborada,20171,L2,V1,2026-02-22 20:54:47,2026-02-22 21:22:47,CC→CW,2026-02-22,,20171,20171,440,Monedero
1823,1460988,Concepcion,Cdal. Raul Silva Henriquez,20171,L2,V1,2026-02-22 21:05:04,2026-02-22 21:36:41,CC→CW,2026-02-22,,20171,20171,570,Monedero
1824,1460989,Diagonal Bio Bio,Costa Mar,20171,L2,V1,2026-02-22 21:13:02,2026-02-22 21:27:37,CC→CW,2026-02-22,,20171,20171,510,Monedero
1825,1460990,La Leonera,Concepcion,20880,L1,V1,2026-02-22 21:09:39,2026-02-22 22:06:10,HQ→TH,2026-02-22,,20880,20880,510,Monedero
1826,1460990,La Leonera,Concepcion,20880,L1,V1,2026-02-22 21:09:51,2026-02-22 22:05:52,HQ→TH,2026-02-22,,20880,20880,510,Monedero
1827,53033512,Los Canelos,Costa Mar,20052,L2,V1,2026-02-22 11:25:53,2026-02-22 11:47:55,CW→CC,2026-02-22,,20052,20052,310,Adulto Mayor
1828,53033512,Costa Mar,Los Canelos,20069,L2,V1,2026-02-22 16:50:11,2026-02-22 17:18:46,CC→CW,2026-02-22,,20069,20069,310,Adulto Mayor
1829,53033929,Cdal. Raul Silva Henriquez,Concepcion,20066,L2,V1,2026-02-22 14:49:48,2026-02-22 15:22:56,CW→CC,2026-02-22,,20066,20066,570,Monedero
1830,53034010,Concepcion,Hito Galvarino,20163,L2,V1,2026-02-22 18:51:59,2026-02-22 19:32:54,CC→CW,2026-02-22,,20163,20163,850,Monedero
1831,53034132,Los Canelos,Cdal. Raul Silva Henriquez,20056,L2,V1,2026-02-22 12:21:59,2026-02-22 12:38:22,CW→CC,2026-02-22,,20056,20056,610,Monedero
1832,53035072,Cristo Redentor,Laguna Quinenco,20049,L2,V1,2026-02-22 12:04:11,2026-02-22 12:10:15,CC→CW,2026-02-22,,20049,20049,230,Adulto Mayor
1833,53035140,Concepcion,Lomas Coloradas,20171,L2,V1,2026-02-22 20:36:03,2026-02-22 21:32:29,CC→CW,2026-02-22,,20171,20171,290,Adulto Mayor
1834,53035285,Cdal. Raul Silva Henriquez,Concepcion,20068,L2,V1,2026-02-22 15:46:06,2026-02-22 16:25:44,CW→CC,2026-02-22,,20068,20068,290,Adulto Mayor
1835,53035285,Concepcion,Cdal. Raul Silva Henriquez,20167,L2,V1,2026-02-22 19:49:01,2026-02-22 20:28:28,CC→CW,2026-02-22,,20167,20167,290,Adulto Mayor
1836,53035560,Los Canelos,Concepcion,20152,L2,V1,2026-02-22 08:36:37,2026-02-22 09:19:21,CW→CC,2026-02-22,,20152,20152,430,Adulto Mayor
1837,53035560,Concepcion,Los Canelos,20059,L2,V1,2026-02-22 12:49:21,2026-02-22 13:56:31,CC→CW,2026-02-22,,20059,20059,430,Adulto Mayor
1838,53035618,Lomas Coloradas,Cristo Redentor,20041,L2,V1,2026-02-22 10:43:51,2026-02-22 11:08:38,CC→CW,2026-02-22,,20041,20041,320,Adulto Mayor
1839,53035618,Cristo Redentor,Lomas Coloradas,20056,L2,V1,2026-02-22 12:20:52,2026-02-22 12:42:09,CW→CC,2026-02-22,,20056,20056,320,Adulto Mayor
1840,53035618,Lomas Coloradas,Laguna Quinenco,20067,L2,V1,2026-02-22 15:43:39,2026-02-22 16:12:22,CC→CW,2026-02-22,,20067,20067,330,Adulto Mayor
1841,53035618,Laguna Quinenco,Lomas Coloradas,20160,L2,V1,2026-02-22 17:31:20,2026-02-22 18:08:18,CW→CC,2026-02-22,,20160,20160,330,Adulto Mayor
1842,53035728,Concepcion,Concepcion,,,N/A,2026-02-22 10:14:34,2026-02-22 10:15:17,,2026-02-22,no viajo,,,420,Monedero
1843,53036128,Concepcion,Hualqui,20859,L1,V1,2026-02-22 12:46:55,2026-02-22 13:31:09,TH→HQ,2026-02-22,,20859,20859,550,Monedero
1844,53036609,Coronel,Concepcion,20152,L2,V1,2026-02-22 08:22:05,2026-02-22 09:19:21,CW→CC,2026-02-22,,20152,20152,880,Monedero
1845,53036609,Concepcion,Coronel,20049,L2,V1,2026-02-22 11:05:27,2026-02-22 12:13:32,CC→CW,2026-02-22,,20049,20049,880,Monedero
1846,53036649,Concepcion,Concepcion,,,N/A,2026-02-22 16:20:27,2026-02-22 18:31:22,,2026-02-22,no viajo,,,420,Monedero
1847,53036708,Huinca,Concepcion,20066,L2,V1,2026-02-22 14:29:12,2026-02-22 15:24:33,CW→CC,2026-02-22,,20066,20066,430,Adulto Mayor
1848,53036708,Concepcion,Lomas Coloradas,20171,L2,V1,2026-02-22 20:30:44,2026-02-22 21:31:52,CC→CW,2026-02-22,,20171,20171,290,Adulto Mayor
1849,53036758,Costa Mar,Concepcion,20160,L2,V1,2026-02-22 17:30:51,2026-02-22 18:28:45,CW→CC,2026-02-22,,20160,20160,0,Otros
1850,53036759,El Arenal,UTF Santa Maria,20845,L1,V1,2026-02-22 16:02:45,2026-02-22 16:16:26,TH→HQ,2026-02-22,,20845,20845,270,Adulto Mayor
1851,53036800,Juan Pablo II,Lomas Coloradas,20059,L2,V1,2026-02-22 13:03:49,2026-02-22 13:41:35,CC→CW,2026-02-22,,20059,20059,260,Adulto Mayor
1852,53036817,Cristo Redentor,Concepcion,20162,L2,V1,2026-02-22 18:19:08,2026-02-22 19:00:23,CW→CC,2026-02-22,,20162,20162,850,Monedero
1853,53036929,Laguna Quinenco,Los Canelos,20166,L2,V1,2026-02-22 19:03:21,2026-02-22 19:26:56,CW→CC,2026-02-22,,20166,20166,270,Adulto Mayor
1854,53037010,Costa Mar,Concepcion,20166,L2,V1,2026-02-22 19:32:54,2026-02-22 19:59:34,CW→CC,2026-02-22,,20166,20166,290,Adulto Mayor
1855,53037063,Huinca,Concepcion,20152,L2,V1,2026-02-22 08:26:41,2026-02-22 09:38:56,CW→CC,2026-02-22,,20152,20152,0,Otros
1856,53037063,Concepcion,Cristo Redentor,20067,L2,V1,2026-02-22 15:32:42,2026-02-22 17:24:14,CC→CW,2026-02-22,,20067,20067,0,Otros
1857,53037230,Concepcion,Concepcion,,,N/A,2026-02-22 08:21:14,2026-02-22 08:22:43,,2026-02-22,no viajo,,,0,Otros
1858,53037230,Concepcion,Concepcion,,,N/A,2026-02-22 19:50:19,2026-02-22 19:52:27,,2026-02-22,no viajo,,,0,Otros
1859,53037230,Concepcion,Chiguayante,20847,L1,V1,2026-02-22 20:06:06,2026-02-22 20:41:42,TH→HQ,2026-02-22,,20847,20847,0,Otros
1860,53037267,Lomas Coloradas,Laguna Quinenco,20035,L2,V1,2026-02-22 10:20:23,2026-02-22 10:44:49,CC→CW,2026-02-22,,20035,20035,650,Monedero
1861,53037267,Laguna Quinenco,Lomas Coloradas,20056,L2,V1,2026-02-22 11:28:39,2026-02-22 12:41:37,CW→CC,2026-02-22,,20056,20052,650,Monedero
1862,53037296,Manquimavida,Concepcion,20844,L1,V1,2026-02-22 12:23:49,2026-02-22 13:03:25,HQ→TH,2026-02-22,,20844,20844,510,Monedero
1863,53037800,Coronel,Concepcion,20068,L2,V1,2026-02-22 15:28:01,2026-02-22 16:26:59,CW→CC,2026-02-22,,20068,20068,0,Otros
1864,53037800,Concepcion,Cdal. Raul Silva Henriquez,20167,L2,V1,2026-02-22 19:56:48,2026-02-22 20:29:36,CC→CW,2026-02-22,,20167,20167,0,Otros
1865,53037948,Coronel,Alborada,20068,L2,V1,2026-02-22 15:34:50,2026-02-22 16:12:36,CW→CC,2026-02-22,,20068,20068,0,Otros
1866,53038044,Concepcion,El Parque,20059,L2,V1,2026-02-22 12:26:00,2026-02-22 13:38:48,CC→CW,2026-02-22,combo_por_entrada,20059,20859,300,Adulto Mayor
1867,53038065,Concepcion,El Parque,20035,L2,V1,2026-02-22 09:44:02,2026-02-22 10:47:36,CC→CW,2026-02-22,combo_por_entrada,20035,20850,0,Otros
1868,53038065,El Parque,Concepcion,20056,L2,V1,2026-02-22 12:45:57,2026-02-22 13:17:40,CW→CC,2026-02-22,,20056,20056,0,Otros
1869,53038872,Concepcion,Huinca,20153,L2,V1,2026-02-22 09:14:56,2026-02-22 09:54:41,CC→CW,2026-02-22,,20153,20153,430,Adulto Mayor
1870,53039627,Los Canelos,Laguna Quinenco,20067,L2,V1,2026-02-22 15:55:15,2026-02-22 16:11:39,CC→CW,2026-02-22,,20067,20067,530,Monedero
1871,53039627,Los Canelos,Laguna Quinenco,20067,L2,V1,2026-02-22 15:55:22,2026-02-22 16:11:34,CC→CW,2026-02-22,,20067,20067,530,Monedero
1872,53040508,Cristo Redentor,Costa Mar,20050,L2,V1,2026-02-22 10:40:23,2026-02-22 11:25:14,CW→CC,2026-02-22,,20050,20050,0,Otros
1873,53040508,Costa Mar,Cristo Redentor,20069,L2,V1,2026-02-22 16:05:58,2026-02-22 17:25:27,CC→CW,2026-02-22,,20069,20069,0,Otros
1874,53040747,Juan Pablo II,Lomas Coloradas,20167,L2,V1,2026-02-22 20:06:27,2026-02-22 20:23:31,CC→CW,2026-02-22,,20167,20167,510,Monedero
1875,53042058,Los Canelos,Juan Pablo II,20056,L2,V1,2026-02-22 12:23:44,2026-02-22 12:59:46,CW→CC,2026-02-22,,20056,20056,0,Otros
1876,53042058,Juan Pablo II,Los Canelos,20163,L2,V1,2026-02-22 18:51:18,2026-02-22 19:36:40,CC→CW,2026-02-22,,20163,20163,0,Otros
1877,53042082,Laguna Quinenco,Lomas Coloradas,20160,L2,V1,2026-02-22 17:03:44,2026-02-22 18:07:48,CW→CC,2026-02-22,,20160,20160,330,Adulto Mayor
1878,53042119,Cristo Redentor,Concepcion,20040,L2,V1,2026-02-22 09:44:48,2026-02-22 10:23:27,CW→CC,2026-02-22,,20040,20040,0,Otros
1879,53042756,Coronel,Concepcion,20152,L2,V1,2026-02-22 08:22:15,2026-02-22 09:16:41,CW→CC,2026-02-22,,20152,20152,440,Adulto Mayor
1880,53042756,Concepcion,Laguna Quinenco,20059,L2,V1,2026-02-22 12:15:38,2026-02-22 14:01:22,CC→CW,2026-02-22,,20059,20053,440,Adulto Mayor
1881,53042847,Lomas Coloradas,Laguna Quinenco,20053,L2,V1,2026-02-22 12:20:08,2026-02-22 12:49:36,CC→CW,2026-02-22,,20053,20053,330,Adulto Mayor
1882,53042847,Lomas Coloradas,Laguna Quinenco,20053,L2,V1,2026-02-22 12:20:17,2026-02-22 12:49:41,CC→CW,2026-02-22,,20053,20053,650,Monedero
1883,53042847,Laguna Quinenco,Lomas Coloradas,20076,L2,V1,2026-02-22 16:33:08,2026-02-22 17:08:36,CW→CC,2026-02-22,,20076,20076,330,Adulto Mayor
1884,53042847,Laguna Quinenco,Lomas Coloradas,20076,L2,V1,2026-02-22 16:33:14,2026-02-22 17:08:42,CW→CC,2026-02-22,,20076,20076,650,Monedero
1885,53043022,Diagonal Bio Bio,Cristo Redentor,20163,L2,V1,2026-02-22 19:10:25,2026-02-22 19:41:56,CC→CW,2026-02-22,,20163,20163,0,Otros
1886,53043041,Concepcion,Lomas Coloradas,20171,L2,V1,2026-02-22 20:31:47,2026-02-22 21:30:52,CC→CW,2026-02-22,,20171,20171,0,Otros
1887,53043069,Cristo Redentor,El Parque,20066,L2,V1,2026-02-22 14:35:59,2026-02-22 15:07:54,CW→CC,2026-02-22,,20066,20066,0,Otros
1888,53043069,El Parque,Cristo Redentor,20069,L2,V1,2026-02-22 16:19:26,2026-02-22 17:24:17,CC→CW,2026-02-22,,20069,20069,0,Otros
1889,53043109,Los Canelos,Juan Pablo II,20066,L2,V1,2026-02-22 14:12:29,2026-02-22 15:16:58,CW→CC,2026-02-22,,20066,20066,330,Adulto Mayor
1890,53043110,El Parque,Cristo Redentor,20161,L2,V1,2026-02-22 18:33:13,2026-02-22 19:09:04,CC→CW,2026-02-22,,20161,20161,0,Otros
1891,53043176,Costa Mar,Huinca,20053,L2,V1,2026-02-22 12:15:48,2026-02-22 12:44:33,CC→CW,2026-02-22,,20053,20053,0,Otros
1892,53043283,Concepcion,Lomas Coloradas,20167,L2,V1,2026-02-22 19:25:08,2026-02-22 20:23:47,CC→CW,2026-02-22,,20167,20167,290,Adulto Mayor
1893,53043335,Cdal. Raul Silva Henriquez,Laguna Quinenco,20063,L2,V1,2026-02-22 14:46:25,2026-02-22 15:17:35,CC→CW,2026-02-22,,20063,20063,330,Adulto Mayor
1894,53043335,Laguna Quinenco,Cdal. Raul Silva Henriquez,20160,L2,V1,2026-02-22 17:33:38,2026-02-22 18:04:09,CW→CC,2026-02-22,,20160,20160,330,Adulto Mayor
1895,53043336,Concepcion,Concepcion,,,N/A,2026-02-22 11:14:15,2026-02-22 11:14:56,,2026-02-22,no viajo,,,0,Otros
1896,53043336,Concepcion,Concepcion,,,N/A,2026-02-22 18:06:54,2026-02-22 18:08:25,,2026-02-22,no viajo,,,0,Otros
1897,53043372,Los Condores,Higueras,20850,L1,V1,2026-02-22 10:06:28,2026-02-22 10:21:01,HQ→TH,2026-02-22,,20850,20850,210,Adulto Mayor
1898,53043471,La Leonera,Concepcion,20848,L1,V2,2026-02-22 20:45:33,2026-02-22 21:05:32,,2026-02-22,sin_combo_factible_en_hub|sin_s1_factible_retro,,20848,0,Otros
1899,53043555,Laguna Quinenco,Concepcion,20156,L2,V1,2026-02-22 09:12:53,2026-02-22 10:03:42,CW→CC,2026-02-22,,20156,20156,440,Adulto Mayor
1900,53043555,Concepcion,Laguna Quinenco,20051,L2,V1,2026-02-22 11:47:45,2026-02-22 12:50:35,CC→CW,2026-02-22,,20051,20051,440,Adulto Mayor
1901,53043582,Coronel,Laguna Quinenco,20076,L2,V1,2026-02-22 16:17:15,2026-02-22 16:50:14,CW→CC,2026-02-22,,20076,20076,220,Adulto Mayor
1902,53043605,Los Canelos,Laguna Quinenco,20069,L2,V1,2026-02-22 16:48:51,2026-02-22 17:27:18,CC→CW,2026-02-22,,20069,20069,270,Adulto Mayor
1903,53043605,Laguna Quinenco,Los Canelos,20166,L2,V1,2026-02-22 19:07:27,2026-02-22 19:27:23,CW→CC,2026-02-22,,20166,20166,270,Adulto Mayor
1904,53043694,Los Canelos,El Parque,20062,L2,V1,2026-02-22 13:52:11,2026-02-22 14:16:51,CW→CC,2026-02-22,,20062,20062,310,Adulto Mayor
1905,53043694,El Parque,Los Canelos,20067,L2,V1,2026-02-22 15:23:01,2026-02-22 16:03:07,CC→CW,2026-02-22,,20067,20067,310,Adulto Mayor
1906,53043712,Concepcion,Laguna Quinenco,20163,L2,V1,2026-02-22 18:46:04,2026-02-22 19:44:04,CC→CW,2026-02-22,,20163,20163,440,Adulto Mayor
1907,53043723,Cristo Redentor,Concepcion,20068,L2,V1,2026-02-22 15:39:04,2026-02-22 16:26:11,CW→CC,2026-02-22,,20068,20068,430,Adulto Mayor
1908,53043723,Concepcion,Cristo Redentor,20163,L2,V1,2026-02-22 18:59:54,2026-02-22 19:43:44,CC→CW,2026-02-22,,20163,20163,430,Adulto Mayor
1909,53043739,Chiguayante,Concepcion,20848,L1,V1,2026-02-22 20:50:56,2026-02-22 21:05:23,HQ→TH,2026-02-22,,20848,20848,260,Adulto Mayor
1910,53043859,Higueras,Hualqui,20859,L1,V1,2026-02-22 12:25:17,2026-02-22 13:30:16,TH→HQ,2026-02-22,,20859,20859,280,Adulto Mayor
1911,53043956,Costa Mar,Diagonal Bio Bio,20052,L2,V1,2026-02-22 11:40:05,2026-02-22 11:52:37,CW→CC,2026-02-22,,20052,20052,0,Otros
1912,53043956,Diagonal Bio Bio,Costa Mar,20059,L2,V1,2026-02-22 13:21:53,2026-02-22 13:35:41,CC→CW,2026-02-22,,20059,20059,0,Otros
1913,53044063,Cristo Redentor,Costa Mar,20068,L2,V1,2026-02-22 15:39:27,2026-02-22 16:09:57,CW→CC,2026-02-22,,20068,20068,320,Adulto Mayor
1914,53044063,Costa Mar,Lomas Coloradas,20167,L2,V1,2026-02-22 20:06:37,2026-02-22 20:25:00,CC→CW,2026-02-22,,20167,20167,220,Adulto Mayor
1915,53044068,Concepcion,Cdal. Raul Silva Henriquez,20171,L2,V1,2026-02-22 19:41:50,2026-02-22 21:39:21,CC→CW,2026-02-22,combo_por_entrada,20171,20171,0,Otros
1916,53044165,Hito Galvarino,Lomas Coloradas,20062,L2,V1,2026-02-22 14:02:43,2026-02-22 14:12:45,CW→CC,2026-02-22,,20062,20062,0,Otros
1917,53044381,Cristo Redentor,Concepcion,20166,L2,V1,2026-02-22 19:18:52,2026-02-22 19:59:33,CW→CC,2026-02-22,,20166,20166,0,Otros
1918,53044384,El Parque,Cdal. Raul Silva Henriquez,20167,L2,V1,2026-02-22 20:13:13,2026-02-22 20:28:56,CC→CW,2026-02-22,,20167,20167,220,Adulto Mayor
1919,53044508,Coronel,Concepcion,20156,L2,V1,2026-02-22 09:17:11,2026-02-22 10:48:55,CW→CC,2026-02-22,,20156,20156,880,Monedero
1920,53044749,Cristo Redentor,Diagonal Bio Bio,20052,L2,V1,2026-02-22 11:23:42,2026-02-22 11:52:29,CW→CC,2026-02-22,,20052,20052,0,Otros
1921,53044788,Juan Pablo II,Cristo Redentor,20067,L2,V1,2026-02-22 15:33:26,2026-02-22 16:08:10,CC→CW,2026-02-22,,20067,20067,340,Adulto Mayor
1922,53044802,Cristo Redentor,Concepcion,20050,L2,V1,2026-02-22 11:00:57,2026-02-22 11:40:50,CW→CC,2026-02-22,,20050,20050,0,Otros
1923,53044802,Concepcion,Cristo Redentor,20067,L2,V1,2026-02-22 15:23:51,2026-02-22 16:08:42,CC→CW,2026-02-22,,20067,20067,0,Otros
1924,53044848,Cristo Redentor,Laguna Quinenco,20067,L2,V1,2026-02-22 16:04:52,2026-02-22 16:12:48,CC→CW,2026-02-22,,20067,20067,0,Otros
1925,53044883,Los Canelos,Cristo Redentor,20059,L2,V1,2026-02-22 13:46:08,2026-02-22 13:59:40,CC→CW,2026-02-22,,20059,20059,230,Adulto Mayor
1926,53044918,Huinca,Concepcion,20152,L2,V1,2026-02-22 08:26:38,2026-02-22 09:39:04,CW→CC,2026-02-22,,20152,20152,0,Otros
1927,53044918,Concepcion,Cristo Redentor,20059,L2,V1,2026-02-22 13:11:31,2026-02-22 15:16:44,CC→CW,2026-02-22,,20059,20059,0,Otros
1928,53045292,Laguna Quinenco,Concepcion,20052,L2,V1,2026-02-22 11:16:29,2026-02-22 12:03:55,CW→CC,2026-02-22,,20052,20052,440,Adulto Mayor
1929,53045292,Concepcion,Laguna Quinenco,20067,L2,V1,2026-02-22 15:11:55,2026-02-22 16:12:04,CC→CW,2026-02-22,,20067,20067,440,Adulto Mayor
1930,53045418,Concepcion,Diagonal Bio Bio,20161,L2,V1,2026-02-22 18:21:12,2026-02-22 18:39:23,CC→CW,2026-02-22,,20161,20161,0,Otros
1931,53045534,Los Canelos,Concepcion,20058,L2,V1,2026-02-22 12:36:16,2026-02-22 13:19:20,CW→CC,2026-02-22,,20058,20058,430,Adulto Mayor
1932,53045771,Concepcion,El Parque,20049,L2,V1,2026-02-22 11:12:26,2026-02-22 11:51:07,CC→CW,2026-02-22,,20049,20049,290,Adulto Mayor
1933,53045771,El Parque,Concepcion,20076,L2,V1,2026-02-22 16:45:07,2026-02-22 17:29:24,CW→CC,2026-02-22,,20076,20076,290,Adulto Mayor
1934,53045996,Juan Pablo II,Coronel,20059,L2,V1,2026-02-22 13:06:07,2026-02-22 14:04:50,CC→CW,2026-02-22,,20059,20059,400,Adulto Mayor
1935,53045996,Coronel,Laguna Quinenco,20066,L2,V1,2026-02-22 14:34:58,2026-02-22 14:45:06,CW→CC,2026-02-22,,20066,20066,220,Adulto Mayor
1936,53045996,Laguna Quinenco,Juan Pablo II,20076,L2,V1,2026-02-22 16:48:57,2026-02-22 18:22:08,CW→CC,2026-02-22,,20076,20076,400,Adulto Mayor
1937,53046070,Coronel,Concepcion,20152,L2,V1,2026-02-22 08:22:24,2026-02-22 09:18:15,CW→CC,2026-02-22,,20152,20152,880,Monedero
1938,53046283,El Parque,Laguna Quinenco,20067,L2,V1,2026-02-22 15:39:12,2026-02-22 16:12:16,CC→CW,2026-02-22,,20067,20067,650,Monedero
1939,53046684,Concepcion,Cdal. Raul Silva Henriquez,20171,L2,V1,2026-02-22 20:06:23,2026-02-22 21:35:49,CC→CW,2026-02-22,combo_por_entrada,20171,20171,300,Adulto Mayor
1940,53046982,Lomas Coloradas,Concepcion,20044,L2,V1,2026-02-22 10:23:08,2026-02-22 10:49:03,CW→CC,2026-02-22,,20044,20044,0,Discapacitado
1941,53046982,Concepcion,Lomas Coloradas,20049,L2,V1,2026-02-22 11:02:24,2026-02-22 11:52:16,CC→CW,2026-02-22,,20049,20049,0,Discapacitado
1942,53047274,Costa Mar,Diagonal Bio Bio,20162,L2,V1,2026-02-22 18:19:29,2026-02-22 18:50:11,CW→CC,2026-02-22,,20162,20160,260,Adulto Mayor
1943,53047421,Lomas Coloradas,Concepcion,20062,L2,V1,2026-02-22 14:10:16,2026-02-22 14:32:29,CW→CC,2026-02-22,,20062,20062,0,Discapacitado
1944,53047421,Concepcion,Lomas Coloradas,20171,L2,V1,2026-02-22 20:53:18,2026-02-22 21:31:35,CC→CW,2026-02-22,,20171,20171,0,Discapacitado
1945,53047438,Cristo Redentor,El Parque,20162,L2,V1,2026-02-22 18:14:24,2026-02-22 18:43:36,CW→CC,2026-02-22,,20162,20162,320,Adulto Mayor
1946,53047474,Diagonal Bio Bio,Los Canelos,20049,L2,V1,2026-02-22 11:37:30,2026-02-22 12:03:17,CC→CW,2026-02-22,,20049,20049,0,Discapacitado
1947,53047567,Huinca,El Parque,20050,L2,V1,2026-02-22 10:58:11,2026-02-22 11:21:58,CW→CC,2026-02-22,,20050,20050,0,Discapacitado
1948,53047567,El Parque,Huinca,20053,L2,V1,2026-02-22 12:20:34,2026-02-22 12:45:16,CC→CW,2026-02-22,,20053,20053,0,Discapacitado
1949,53047790,Costa Mar,Cdal. Raul Silva Henriquez,20051,L2,V1,2026-02-22 11:58:53,2026-02-22 12:08:36,CC→CW,2026-02-22,,20051,20051,220,Adulto Mayor
1950,53047830,Concepcion,Los Canelos,20063,L2,V1,2026-02-22 14:03:50,2026-02-22 15:10:30,CC→CW,2026-02-22,,20063,20063,0,Discapacitado
1951,53048161,Concepcion,Los Canelos,20149,L2,V1,2026-02-22 08:23:41,2026-02-22 09:04:47,CC→CW,2026-02-22,,20149,20149,430,Adulto Mayor
1952,53048161,Los Canelos,Concepcion,20162,L2,V1,2026-02-22 18:20:35,2026-02-22 19:02:06,CW→CC,2026-02-22,,20162,20162,430,Adulto Mayor
1953,53048229,Los Canelos,Cristo Redentor,20161,L2,V1,2026-02-22 18:25:30,2026-02-22 19:08:34,CC→CW,2026-02-22,,20161,20161,230,Adulto Mayor
1954,53048314,Cristo Redentor,Costa Mar,20062,L2,V1,2026-02-22 13:52:24,2026-02-22 14:19:08,CW→CC,2026-02-22,,20062,20062,320,Adulto Mayor
1955,53048314,Costa Mar,Cristo Redentor,20163,L2,V1,2026-02-22 19:12:47,2026-02-22 19:41:04,CC→CW,2026-02-22,,20163,20163,320,Adulto Mayor
1956,53048403,Los Canelos,Laguna Quinenco,20069,L2,V1,2026-02-22 16:48:58,2026-02-22 17:27:11,CC→CW,2026-02-22,,20069,20069,0,Discapacitado
1957,53048403,Laguna Quinenco,Los Canelos,20166,L2,V1,2026-02-22 19:07:00,2026-02-22 19:27:40,CW→CC,2026-02-22,,20166,20166,0,Discapacitado
1958,53048497,Concepcion,Hito Galvarino,20063,L2,V1,2026-02-22 14:31:30,2026-02-22 15:06:37,CC→CW,2026-02-22,,20063,20063,850,Monedero
1959,53048734,Los Canelos,Concepcion,20062,L2,V1,2026-02-22 13:48:51,2026-02-22 14:32:30,CW→CC,2026-02-22,,20062,20062,430,Adulto Mayor
1960,53048766,Cristo Redentor,Concepcion,20152,L2,V1,2026-02-22 08:31:18,2026-02-22 09:20:03,CW→CC,2026-02-22,,20152,20152,0,Discapacitado
1961,53048766,Concepcion,Cristo Redentor,20069,L2,V1,2026-02-22 16:33:03,2026-02-22 17:24:39,CC→CW,2026-02-22,,20069,20069,,
1962,53048804,Juan Pablo II,Coronel,20059,L2,V1,2026-02-22 13:24:31,2026-02-22 14:05:02,CC→CW,2026-02-22,,20059,20059,400,Adulto Mayor
1963,53049003,Costa Mar,Huinca,20051,L2,V1,2026-02-22 11:56:35,2026-02-22 12:21:50,CC→CW,2026-02-22,,20051,20051,320,Adulto Mayor
1964,53049049,Cdal. Raul Silva Henriquez,El Parque,20062,L2,V1,2026-02-22 14:04:48,2026-02-22 14:17:31,CW→CC,2026-02-22,,20062,20062,220,Adulto Mayor
1965,53049049,El Parque,Cdal. Raul Silva Henriquez,20167,L2,V1,2026-02-22 20:00:26,2026-02-22 20:28:42,CC→CW,2026-02-22,,20167,20167,220,Adulto Mayor
1966,53049106,Costa Mar,Los Canelos,20063,L2,V1,2026-02-22 14:48:10,2026-02-22 15:10:25,CC→CW,2026-02-22,,20063,20063,310,Adulto Mayor
1967,53049142,Cdal. Raul Silva Henriquez,Los Canelos,20035,L2,V1,2026-02-22 09:56:07,2026-02-22 10:37:11,CC→CW,2026-02-22,,20035,20035,310,Adulto Mayor
1968,53049263,Los Canelos,Concepcion,20050,L2,V1,2026-02-22 10:35:59,2026-02-22 11:40:32,CW→CC,2026-02-22,,20050,20050,430,Adulto Mayor
1969,53049263,Concepcion,Cristo Redentor,20059,L2,V1,2026-02-22 13:01:57,2026-02-22 13:58:52,CC→CW,2026-02-22,,20059,20059,430,Adulto Mayor
1970,53049264,Los Canelos,Diagonal Bio Bio,20050,L2,V1,2026-02-22 10:53:16,2026-02-22 11:31:13,CW→CC,2026-02-22,,20050,20050,330,Adulto Mayor
1971,53049264,Diagonal Bio Bio,Los Canelos,20063,L2,V1,2026-02-22 14:42:38,2026-02-22 15:11:59,CC→CW,2026-02-22,,20063,20063,330,Adulto Mayor
1972,53049364,Concepcion,Cristo Redentor,20157,L2,V1,2026-02-22 17:25:20,2026-02-22 18:08:38,CC→CW,2026-02-22,,20157,20157,430,Adulto Mayor
1973,53049416,Concepcion,Los Canelos,20163,L2,V1,2026-02-22 18:46:17,2026-02-22 19:37:52,CC→CW,2026-02-22,,20163,20163,430,Adulto Mayor
1974,53049441,Concepcion,El Parque,20153,L2,V1,2026-02-22 09:00:00,2026-02-22 09:38:41,CC→CW,2026-02-22,,20153,20153,290,Adulto Mayor
1975,53049441,El Parque,Concepcion,20162,L2,V1,2026-02-22 18:34:31,2026-02-22 19:06:06,CW→CC,2026-02-22,,20162,20162,290,Adulto Mayor
1976,53049474,Concepcion,Mercado,20844,L1,V1,2026-02-22 12:35:21,2026-02-22 13:29:06,HQ→TH,2026-02-22,,20844,20844,270,Adulto Mayor
1977,53049474,Mercado,Concepcion,20845,L1,V1,2026-02-22 15:47:24,2026-02-22 16:28:28,TH→HQ,2026-02-22,,20845,20845,270,Adulto Mayor
1978,53049475,Concepcion,Mercado,20844,L1,V1,2026-02-22 12:35:31,2026-02-22 13:28:51,HQ→TH,2026-02-22,,20844,20844,270,Adulto Mayor
1979,53049475,Mercado,Concepcion,20845,L1,V1,2026-02-22 15:47:33,2026-02-22 16:28:19,TH→HQ,2026-02-22,,20845,20845,270,Adulto Mayor
1980,53049492,Higueras,Hualqui,20845,L1,V1,2026-02-22 15:43:21,2026-02-22 17:02:06,TH→HQ,2026-02-22,,20845,20845,280,Adulto Mayor
1981,53049492,Higueras,Hualqui,20845,L1,V1,2026-02-22 15:43:28,2026-02-22 17:02:15,TH→HQ,2026-02-22,,20845,20845,560,Monedero
1982,53049505,Lomas Coloradas,Juan Pablo II,20056,L2,V1,2026-02-22 12:23:13,2026-02-22 12:54:17,CW→CC,2026-02-22,,20056,20056,260,Adulto Mayor
1983,53049519,Concepcion,Cdal. Raul Silva Henriquez,20163,L2,V1,2026-02-22 18:55:05,2026-02-22 19:27:14,CC→CW,2026-02-22,,20163,20163,290,Adulto Mayor
1984,53049551,Concepcion,Lomas Coloradas,20157,L2,V1,2026-02-22 17:11:10,2026-02-22 17:51:49,CC→CW,2026-02-22,,20157,20157,290,Adulto Mayor
1985,53049591,Cristo Redentor,Los Canelos,20162,L2,V1,2026-02-22 18:19:31,2026-02-22 18:28:24,CW→CC,2026-02-22,,20162,20162,230,Adulto Mayor
1986,53049678,Cristo Redentor,Concepcion,20152,L2,V1,2026-02-22 08:33:53,2026-02-22 09:16:10,CW→CC,2026-02-22,,20152,20152,430,Adulto Mayor
1987,53049678,Concepcion,Lomas Coloradas,20167,L2,V1,2026-02-22 19:11:28,2026-02-22 20:23:43,CC→CW,2026-02-22,,20167,20167,290,Adulto Mayor
1988,53049731,Cdal. Raul Silva Henriquez,Laguna Quinenco,20067,L2,V1,2026-02-22 15:47:18,2026-02-22 16:12:17,CC→CW,2026-02-22,,20067,20067,0,Discapacitado
1989,53049740,Huinca,Laguna Quinenco,20041,L2,V1,2026-02-22 11:03:49,2026-02-22 11:09:42,CC→CW,2026-02-22,,20041,20041,0,Discapacitado
1990,53049800,Costa Mar,Concepcion,20152,L2,V1,2026-02-22 08:56:41,2026-02-22 09:17:01,CW→CC,2026-02-22,,20152,20152,0,Discapacitado
1991,53049800,Concepcion,Costa Mar,20059,L2,V1,2026-02-22 12:56:50,2026-02-22 13:36:18,CC→CW,2026-02-22,,20059,20059,0,Discapacitado
1992,53049835,Juan Pablo II,Huinca,20161,L2,V1,2026-02-22 18:35:37,2026-02-22 19:07:10,CC→CW,2026-02-22,,20161,20161,0,Discapacitado
1993,53049848,Coronel,Concepcion,20066,L2,V1,2026-02-22 14:34:19,2026-02-22 15:25:33,CW→CC,2026-02-22,,20066,20066,0,Discapacitado
1994,53049848,Concepcion,Coronel,20069,L2,V1,2026-02-22 16:40:57,2026-02-22 17:30:22,CC→CW,2026-02-22,,20069,20069,0,Discapacitado
1995,53049860,Cristo Redentor,Huinca,20044,L2,V1,2026-02-22 10:05:06,2026-02-22 10:13:51,CW→CC,2026-02-22,,20044,20044,0,Discapacitado
1996,53049866,Concepcion,Los Condores,20844,L1,V1,2026-02-22 11:02:28,2026-02-22 21:19:56,HQ→TH,2026-02-22,combo_relajado_pase1,20844,20844,0,Discapacitado
1997,53049915,Hito Galvarino,Coronel,20157,L2,V1,2026-02-22 17:58:34,2026-02-22 18:15:13,CC→CW,2026-02-22,,20157,20157,270,Adulto Mayor
1998,53049976,Cristo Redentor,Coronel,20153,L2,V1,2026-02-22 09:13:34,2026-02-22 10:03:26,CC→CW,2026-02-22,,20153,20149,0,Discapacitado
1999,53049976,Coronel,Cristo Redentor,20076,L2,V1,2026-02-22 16:31:23,2026-02-22 16:51:52,CW→CC,2026-02-22,,20076,20076,0,Discapacitado
2000,53049977,Concepcion,Los Canelos,20161,L2,V1,2026-02-22 18:25:48,2026-02-22 19:03:25,CC→CW,2026-02-22,,20161,20161,0,Discapacitado
2001,53049984,Cristo Redentor,El Parque,20058,L2,V1,2026-02-22 12:33:39,2026-02-22 12:58:31,CW→CC,2026-02-22,,20058,20058,320,Adulto Mayor
2002,53049984,El Parque,Cristo Redentor,20067,L2,V1,2026-02-22 15:39:50,2026-02-22 16:08:45,CC→CW,2026-02-22,,20067,20067,320,Adulto Mayor
2003,53049992,Los Canelos,Concepcion,20052,L2,V1,2026-02-22 11:08:33,2026-02-22 12:02:49,CW→CC,2026-02-22,,20052,20050,430,Adulto Mayor
2004,53050011,Diagonal Bio Bio,Alborada,20171,L2,V1,2026-02-22 20:31:28,2026-02-22 21:23:12,CC→CW,2026-02-22,,20171,20171,210,Adulto Mayor
2005,53050097,Lomas Coloradas,Coronel,20053,L2,V1,2026-02-22 12:22:11,2026-02-22 12:53:26,CC→CW,2026-02-22,,20053,20053,330,Adulto Mayor
2006,53050199,Concepcion,Cdal. Raul Silva Henriquez,20161,L2,V1,2026-02-22 17:58:12,2026-02-22 18:55:34,CC→CW,2026-02-22,,20161,20161,290,Adulto Mayor
2007,53050204,Coronel,Concepcion,20066,L2,V1,2026-02-22 14:28:23,2026-02-22 15:24:42,CW→CC,2026-02-22,,20066,20066,440,Adulto Mayor
2008,53050204,Coronel,Concepcion,20066,L2,V1,2026-02-22 14:28:28,2026-02-22 15:25:06,CW→CC,2026-02-22,,20066,20066,880,Monedero
2009,53050204,Coronel,Concepcion,20066,L2,V1,2026-02-22 14:28:34,2026-02-22 15:24:59,CW→CC,2026-02-22,,20066,20066,880,Monedero
2010,53050222,Concepcion,Huinca,20049,L2,V1,2026-02-22 11:06:06,2026-02-22 12:05:25,CC→CW,2026-02-22,,20049,20049,430,Adulto Mayor
2011,53050252,Cristo Redentor,Concepcion,20062,L2,V1,2026-02-22 13:51:32,2026-02-22 14:33:28,CW→CC,2026-02-22,,20062,20062,0,Discapacitado
2012,53050253,Los Canelos,Laguna Quinenco,20041,L2,V1,2026-02-22 10:54:42,2026-02-22 11:09:48,CC→CW,2026-02-22,,20041,20041,0,Discapacitado
2013,53050253,Laguna Quinenco,Los Canelos,20056,L2,V1,2026-02-22 11:51:20,2026-02-22 12:29:34,CW→CC,2026-02-22,,20056,20056,0,Discapacitado
2014,53050257,Juan Pablo II,Cristo Redentor,20069,L2,V1,2026-02-22 16:35:28,2026-02-22 17:24:39,CC→CW,2026-02-22,,20069,20069,0,Discapacitado
2015,53050258,Concepcion,Concepcion,,,N/A,2026-02-22 09:31:37,2026-02-22 09:32:06,,2026-02-22,no viajo,,,0,Discapacitado
2016,53050308,Alborada,Concepcion,20052,L2,V1,2026-02-22 11:30:40,2026-02-22 17:40:27,CW→CC,2026-02-22,,20052,20050,290,Adulto Mayor
2017,53050308,Concepcion,Alborada,20167,L2,V1,2026-02-22 19:13:56,2026-02-22 20:16:29,CC→CW,2026-02-22,,20167,20167,290,Adulto Mayor
2018,53050333,Concepcion,Hualqui,20845,L1,V1,2026-02-22 16:21:37,2026-02-22 17:00:21,TH→HQ,2026-02-22,,20845,20845,280,Adulto Mayor
2019,53050351,Lomas Coloradas,Concepcion,20068,L2,V1,2026-02-22 15:34:31,2026-02-22 16:25:16,CW→CC,2026-02-22,,20068,20068,290,Adulto Mayor
2020,53050360,Huinca,Juan Pablo II,20056,L2,V1,2026-02-22 12:10:21,2026-02-22 12:54:43,CW→CC,2026-02-22,,20056,20056,340,Adulto Mayor
2021,53050360,Diagonal Bio Bio,Cdal. Raul Silva Henriquez,20167,L2,V1,2026-02-22 20:02:04,2026-02-22 20:31:58,CC→CW,2026-02-22,,20167,20167,260,Adulto Mayor
2022,53050434,Concepcion,Concepcion,,,N/A,2026-02-22 19:51:12,2026-02-22 19:59:20,,2026-02-22,no viajo,,,0,Discapacitado
2023,53050620,Concepcion,Cristo Redentor,20163,L2,V1,2026-02-22 18:48:20,2026-02-22 19:41:46,CC→CW,2026-02-22,,20163,20163,430,Adulto Mayor
2024,53050645,Laguna Quinenco,Concepcion,20040,L2,V1,2026-02-22 09:41:43,2026-02-22 10:23:21,CW→CC,2026-02-22,,20040,20040,0,Discapacitado
2025,53050645,Concepcion,Cdal. Raul Silva Henriquez,20167,L2,V1,2026-02-22 19:45:46,2026-02-22 20:30:08,CC→CW,2026-02-22,,20167,20167,0,Discapacitado
2026,53050679,Los Canelos,Concepcion,20044,L2,V1,2026-02-22 10:12:00,2026-02-22 10:52:13,CW→CC,2026-02-22,,20044,20044,430,Adulto Mayor
2027,53050679,Alborada,Los Canelos,20067,L2,V1,2026-02-22 15:11:47,2026-02-22 16:03:02,CC→CW,2026-02-22,,20067,20067,330,Adulto Mayor
2028,53050716,Cdal. Raul Silva Henriquez,El Parque,20062,L2,V1,2026-02-22 14:04:40,2026-02-22 14:17:31,CW→CC,2026-02-22,,20062,20062,220,Adulto Mayor
2029,53050716,El Parque,Cdal. Raul Silva Henriquez,20167,L2,V1,2026-02-22 20:00:18,2026-02-22 20:28:37,CC→CW,2026-02-22,,20167,20167,220,Adulto Mayor
2030,53050726,Concepcion,Lomas Coloradas,20157,L2,V1,2026-02-22 17:11:15,2026-02-22 17:51:56,CC→CW,2026-02-22,,20157,20157,290,Adulto Mayor
2031,53050736,Concepcion,Laguna Quinenco,20069,L2,V1,2026-02-22 16:22:25,2026-02-22 17:26:41,CC→CW,2026-02-22,,20069,20069,440,Adulto Mayor
2032,53050772,Laguna Quinenco,Concepcion,,,N/A,2026-02-22 13:37:06,2026-02-22 14:17:41,,2026-02-22,sin_combo_factible_en_hub|sin_s1_factible_retro,,,440,Adulto Mayor
2033,53050772,Concepcion,Cdal. Raul Silva Henriquez,20167,L2,V1,2026-02-22 19:45:16,2026-02-22 20:28:58,CC→CW,2026-02-22,,20167,20167,290,Adulto Mayor
2034,53050775,Costa Mar,Laguna Quinenco,20149,L2,V1,2026-02-22 08:42:36,2026-02-22 09:12:58,CC→CW,2026-02-22,,20149,20149,330,Adulto Mayor
2035,53050775,Laguna Quinenco,Costa Mar,20166,L2,V1,2026-02-22 18:52:41,2026-02-22 19:46:18,CW→CC,2026-02-22,,20166,20166,330,Adulto Mayor
2036,53050832,Costa Mar,Lomas Coloradas,20167,L2,V1,2026-02-22 20:02:49,2026-02-22 20:25:01,CC→CW,2026-02-22,,20167,20167,220,Adulto Mayor
2037,53050859,Alborada,Coronel,20163,L2,V1,2026-02-22 18:57:54,2026-02-22 19:47:18,CC→CW,2026-02-22,,20163,20163,400,Adulto Mayor
2038,53050892,Alborada,Concepcion,20068,L2,V1,2026-02-22 16:04:58,2026-02-22 16:24:50,CW→CC,2026-02-22,,20068,20068,0,Discapacitado
2039,53050892,Concepcion,Alborada,20171,L2,V1,2026-02-22 20:15:43,2026-02-22 21:23:08,CC→CW,2026-02-22,,20171,20171,0,Discapacitado
2040,53050900,Cristo Redentor,Costa Mar,20166,L2,V1,2026-02-22 19:04:39,2026-02-22 19:46:13,CW→CC,2026-02-22,,20166,20166,0,Discapacitado
2041,53050943,Laguna Quinenco,Los Canelos,20062,L2,V1,2026-02-22 13:39:25,2026-02-22 14:00:12,CW→CC,2026-02-22,,20062,20062,270,Adulto Mayor
2042,53051017,Hito Galvarino,Concepcion,20062,L2,V1,2026-02-22 13:54:29,2026-02-22 14:33:10,CW→CC,2026-02-22,,20062,20062,430,Adulto Mayor
2043,53051017,Concepcion,Hito Galvarino,20157,L2,V1,2026-02-22 17:11:56,2026-02-22 18:00:48,CC→CW,2026-02-22,,20157,20157,430,Adulto Mayor
2044,53051041,Cdal. Raul Silva Henriquez,Concepcion,20058,L2,V1,2026-02-22 12:50:41,2026-02-22 13:16:28,CW→CC,2026-02-22,,20058,20058,290,Adulto Mayor
2045,53051177,Cristo Redentor,Concepcion,20162,L2,V1,2026-02-22 18:04:35,2026-02-22 19:02:29,CW→CC,2026-02-22,,20162,20162,430,Adulto Mayor
2046,53051204,Higueras,Concepcion,20845,L1,V1,2026-02-22 16:00:04,2026-02-22 16:27:28,TH→HQ,2026-02-22,,20845,20845,0,Discapacitado
2047,53051204,Concepcion,Concepcion,,,N/A,2026-02-22 19:45:09,2026-02-22 19:46:22,,2026-02-22,no viajo,,,0,Discapacitado
2048,53051224,Concepcion,Cdal. Raul Silva Henriquez,20167,L2,V1,2026-02-22 19:57:23,2026-02-22 20:33:21,CC→CW,2026-02-22,,20167,20167,0,Discapacitado
2049,53051252,Laguna Quinenco,Cristo Redentor,20052,L2,V1,2026-02-22 11:15:10,2026-02-22 11:25:57,CW→CC,2026-02-22,,20052,20052,230,Adulto Mayor
2050,53051267,Huinca,Alborada,20162,L2,V1,2026-02-22 18:16:32,2026-02-22 18:47:43,CW→CC,2026-02-22,,20162,20162,340,Adulto Mayor
2051,53051275,Laguna Quinenco,Lomas Coloradas,20068,L2,V1,2026-02-22 15:38:51,2026-02-22 16:04:37,CW→CC,2026-02-22,,20068,20068,330,Adulto Mayor
2052,53051483,Laguna Quinenco,Cdal. Raul Silva Henriquez,20068,L2,V1,2026-02-22 15:30:46,2026-02-22 16:01:54,CW→CC,2026-02-22,,20068,20068,330,Adulto Mayor
2053,53051512,Cdal. Raul Silva Henriquez,Concepcion,,,N/A,2026-02-22 12:31:23,2026-02-22 12:46:40,,2026-02-22,sin_combo_factible_en_hub|sin_s1_factible_retro,,,290,Adulto Mayor
2054,53051610,Cristo Redentor,Concepcion,20050,L2,V1,2026-02-22 10:52:47,2026-02-22 11:40:59,CW→CC,2026-02-22,,20050,20050,430,Adulto Mayor
2055,53051610,Concepcion,Cristo Redentor,20163,L2,V1,2026-02-22 18:39:41,2026-02-22 19:42:20,CC→CW,2026-02-22,,20163,20163,430,Adulto Mayor
2056,53051638,Lomas Coloradas,Cristo Redentor,20051,L2,V1,2026-02-22 12:07:37,2026-02-22 12:47:14,CC→CW,2026-02-22,,20051,20051,320,Adulto Mayor
2057,53051650,Costa Mar,Laguna Quinenco,20149,L2,V1,2026-02-22 08:42:56,2026-02-22 09:12:45,CC→CW,2026-02-22,,20149,20149,330,Adulto Mayor
2058,53051650,Cristo Redentor,Costa Mar,20166,L2,V1,2026-02-22 19:18:40,2026-02-22 19:45:50,CW→CC,2026-02-22,,20166,20166,320,Adulto Mayor
2059,53051763,Concepcion,Laguna Quinenco,20059,L2,V1,2026-02-22 13:13:17,2026-02-22 14:02:19,CC→CW,2026-02-22,,20059,20059,440,Adulto Mayor
2060,53051787,Cdal. Raul Silva Henriquez,Lomas Coloradas,20056,L2,V1,2026-02-22 11:58:53,2026-02-22 12:41:57,CW→CC,2026-02-22,,20056,20056,220,Adulto Mayor
2061,53051787,Lomas Coloradas,Cdal. Raul Silva Henriquez,20059,L2,V1,2026-02-22 13:19:24,2026-02-22 13:44:55,CC→CW,2026-02-22,,20059,20059,220,Adulto Mayor
2062,53051817,Los Canelos,Juan Pablo II,20062,L2,V1,2026-02-22 13:47:56,2026-02-22 14:26:10,CW→CC,2026-02-22,,20062,20062,330,Adulto Mayor
2063,53051843,Coronel,Concepcion,20076,L2,V1,2026-02-22 16:25:56,2026-02-22 17:29:15,CW→CC,2026-02-22,,20076,20076,440,Adulto Mayor
2064,53051902,Concepcion,Coronel,20059,L2,V1,2026-02-22 12:23:28,2026-02-22 14:04:30,CC→CW,2026-02-22,combo_por_entrada,20059,20059,460,Adulto Mayor
2065,53051902,Coronel,Concepcion,20076,L2,V1,2026-02-22 16:42:17,2026-02-22 17:34:20,CW→CC,2026-02-22,,20076,20076,440,Adulto Mayor
2066,53051902,Coronel,Concepcion,20076,L2,V1,2026-02-22 16:42:32,2026-02-22 17:34:31,CW→CC,2026-02-22,,20076,20076,880,Monedero
2067,53051941,Costa Mar,Coronel,20067,L2,V1,2026-02-22 15:17:13,2026-02-22 16:14:59,CC→CW,2026-02-22,,20067,20067,330,Adulto Mayor
2068,53051956,Coronel,Concepcion,20076,L2,V1,2026-02-22 16:25:23,2026-02-22 17:29:01,CW→CC,2026-02-22,,20076,20076,440,Adulto Mayor
2069,53051979,Cristo Redentor,Concepcion,20062,L2,V1,2026-02-22 13:49:45,2026-02-22 14:33:47,CW→CC,2026-02-22,,20062,20062,0,Discapacitado
2070,53051979,Juan Pablo II,Lomas Coloradas,20171,L2,V1,2026-02-22 20:43:46,2026-02-22 21:30:40,CC→CW,2026-02-22,,20171,20171,0,Discapacitado
2071,53051984,Lomas Coloradas,Los Canelos,20067,L2,V1,2026-02-22 15:48:50,2026-02-22 16:04:03,CC→CW,2026-02-22,,20067,20067,0,Discapacitado
2072,53052024,Hito Galvarino,Los Canelos,20149,L2,V1,2026-02-22 08:51:21,2026-02-22 09:05:42,CC→CW,2026-02-22,,20149,20149,0,Discapacitado
2073,53052024,Los Canelos,El Parque,20076,L2,V1,2026-02-22 16:52:49,2026-02-22 17:12:21,CW→CC,2026-02-22,,20076,20076,0,Discapacitado
2074,53052024,El Parque,Concepcion,20160,L2,V1,2026-02-22 18:04:28,2026-02-22 18:31:50,CW→CC,2026-02-22,,20160,20160,0,Discapacitado
2075,53052024,Concepcion,Lomas Coloradas,20167,L2,V1,2026-02-22 19:55:12,2026-02-22 20:27:06,CC→CW,2026-02-22,,20167,20167,0,Discapacitado
2076,53052167,Cdal. Raul Silva Henriquez,Concepcion,20050,L2,V1,2026-02-22 10:58:49,2026-02-22 11:46:42,CW→CC,2026-02-22,,20050,20050,290,Adulto Mayor
2077,53052229,Coronel,Concepcion,20050,L2,V1,2026-02-22 10:58:45,2026-02-22 12:04:28,CW→CC,2026-02-22,,20050,20050,0,Discapacitado
2078,53052229,Concepcion,Coronel,20163,L2,V1,2026-02-22 18:39:35,2026-02-22 19:51:11,CC→CW,2026-02-22,,20163,20163,0,Discapacitado
2079,53052286,Concepcion,Coronel,20053,L2,V1,2026-02-22 11:48:33,2026-02-22 12:52:39,CC→CW,2026-02-22,,20053,20051,0,Discapacitado
2080,53052292,Alborada,Cristo Redentor,20049,L2,V1,2026-02-22 10:49:36,2026-02-22 12:08:27,CC→CW,2026-02-22,,20049,20041,0,Discapacitado
2081,53052292,Cristo Redentor,Alborada,20162,L2,V1,2026-02-22 18:20:11,2026-02-22 18:48:19,CW→CC,2026-02-22,,20162,20162,0,Discapacitado
2082,53052315,Lomas Coloradas,Coronel,20153,L2,V1,2026-02-22 09:02:27,2026-02-22 10:05:01,CC→CW,2026-02-22,,20153,20153,0,Discapacitado
2083,53052339,Laguna Quinenco,Juan Pablo II,20162,L2,V1,2026-02-22 18:14:27,2026-02-22 18:53:04,CW→CC,2026-02-22,,20162,20162,0,Discapacitado
2084,53052376,Laguna Quinenco,Concepcion,20052,L2,V1,2026-02-22 11:09:20,2026-02-22 12:03:06,CW→CC,2026-02-22,,20052,20052,0,Discapacitado
2085,53052376,Concepcion,Pedro Medina,20845,L1,V1,2026-02-22 16:16:32,2026-02-22 16:43:57,TH→HQ,2026-02-22,,20845,20845,0,Discapacitado
2086,53052407,Concepcion,Laguna Quinenco,20059,L2,V1,2026-02-22 13:14:36,2026-02-22 14:01:07,CC→CW,2026-02-22,,20059,20059,0,Discapacitado
2087,53052407,Laguna Quinenco,Concepcion,20162,L2,V1,2026-02-22 18:17:48,2026-02-22 19:00:54,CW→CC,2026-02-22,,20162,20162,0,Discapacitado
2088,53052440,Alborada,El Parque,20049,L2,V1,2026-02-22 11:32:59,2026-02-22 11:48:55,CC→CW,2026-02-22,,20049,20049,260,Adulto Mayor
2089,53052440,Alborada,El Parque,20049,L2,V1,2026-02-22 11:33:11,2026-02-22 11:49:02,CC→CW,2026-02-22,,20049,20049,510,Monedero
2090,53052476,Concepcion,Lomas Coloradas,20167,L2,V1,2026-02-22 19:36:19,2026-02-22 20:24:10,CC→CW,2026-02-22,,20167,20167,290,Adulto Mayor
2091,53052493,Concepcion,Cdal. Raul Silva Henriquez,20059,L2,V1,2026-02-22 12:34:04,2026-02-22 13:45:08,CC→CW,2026-02-22,combo_por_entrada,20059,20059,0,Discapacitado
2092,53052493,Concepcion,Los Condores,20846,L1,V1,2026-02-22 16:59:01,2026-02-22 17:49:10,HQ→TH,2026-02-22,combo_por_entrada,20846,20846,0,Discapacitado
2093,53052497,Juan Pablo II,El Parque,20067,L2,V1,2026-02-22 15:08:19,2026-02-22 15:48:22,CC→CW,2026-02-22,,20067,20067,0,Discapacitado
2094,53052497,El Parque,Juan Pablo II,20076,L2,V1,2026-02-22 16:51:15,2026-02-22 17:22:07,CW→CC,2026-02-22,,20076,20076,0,Discapacitado
2095,53052564,Cdal. Raul Silva Henriquez,Concepcion,20062,L2,V1,2026-02-22 14:07:41,2026-02-22 14:36:28,CW→CC,2026-02-22,,20062,20062,290,Adulto Mayor
2096,53052572,Coronel,Juan Pablo II,20062,L2,V1,2026-02-22 13:37:18,2026-02-22 14:26:28,CW→CC,2026-02-22,,20062,20062,400,Adulto Mayor
2097,53052615,Lomas Coloradas,Laguna Quinenco,20053,L2,V1,2026-02-22 12:20:23,2026-02-22 12:51:25,CC→CW,2026-02-22,,20053,20053,0,Discapacitado
2098,53052682,Diagonal Bio Bio,Costa Mar,20069,L2,V1,2026-02-22 16:51:45,2026-02-22 16:59:18,CC→CW,2026-02-22,,20069,20069,260,Adulto Mayor
2099,53054924,Costa Mar,Concepcion,20052,L2,V1,2026-02-22 11:45:21,2026-02-22 12:03:13,CW→CC,2026-02-22,,20052,20052,290,Adulto Mayor
2100,53054926,Costa Mar,Concepcion,20062,L2,V1,2026-02-22 14:13:16,2026-02-22 14:32:22,CW→CC,2026-02-22,,20062,20062,290,Adulto Mayor
2101,53055244,Lomas Coloradas,Costa Mar,20062,L2,V1,2026-02-22 14:11:25,2026-02-22 14:19:23,CW→CC,2026-02-22,,20062,20062,430,Monedero
2102,53055390,Coronel,El Parque,20156,L2,V1,2026-02-22 09:13:34,2026-02-22 09:44:46,CW→CC,2026-02-22,,20156,20156,650,Monedero
2103,53055390,El Parque,Cdal. Raul Silva Henriquez,20167,L2,V1,2026-02-22 20:13:10,2026-02-22 20:32:11,CC→CW,2026-02-22,,20167,20167,430,Monedero
2104,53056053,Costa Mar,Los Canelos,20049,L2,V1,2026-02-22 11:30:44,2026-02-22 12:03:31,CC→CW,2026-02-22,,20049,20049,610,Monedero
2105,53056703,El Parque,Diagonal Bio Bio,20056,L2,V1,2026-02-22 12:35:01,2026-02-22 12:51:09,CW→CC,2026-02-22,,20056,20056,260,Adulto Mayor
2106,53056712,El Arenal,Manquimavida,20847,L1,V1,2026-02-22 19:57:44,2026-02-22 20:46:18,TH→HQ,2026-02-22,,20847,20847,280,Adulto Mayor
2107,54226715,Hito Galvarino,Concepcion,20166,L2,V1,2026-02-22 19:26:00,2026-02-22 20:01:48,CW→CC,2026-02-22,,20166,20166,850,Monedero
2108,54228151,Laguna Quinenco,Juan Pablo II,20152,L2,V1,2026-02-22 08:13:01,2026-02-22 09:09:55,CW→CC,2026-02-22,,20152,20152,790,Monedero
2109,54228245,Cristo Redentor,Concepcion,20162,L2,V1,2026-02-22 18:07:25,2026-02-22 19:01:30,CW→CC,2026-02-22,,20162,20162,850,Monedero
2110,54228284,Juan Pablo II,Los Canelos,20161,L2,V1,2026-02-22 18:16:18,2026-02-22 19:03:33,CC→CW,2026-02-22,,20161,20161,650,Monedero
2111,54228460,Concepcion,Hito Galvarino,20067,L2,V1,2026-02-22 15:07:30,2026-02-22 16:00:07,CC→CW,2026-02-22,,20067,20067,850,Monedero
2112,54228618,Diagonal Bio Bio,Los Canelos,20067,L2,V1,2026-02-22 15:32:32,2026-02-22 16:03:40,CC→CW,2026-02-22,,20067,20067,650,Monedero
2113,54228939,Los Canelos,Cdal. Raul Silva Henriquez,20062,L2,V1,2026-02-22 13:44:38,2026-02-22 14:12:31,CW→CC,2026-02-22,,20062,20062,610,Monedero
2114,54229205,Concepcion,Cristo Redentor,20059,L2,V1,2026-02-22 12:07:03,2026-02-22 13:59:06,CC→CW,2026-02-22,combo_por_entrada,20059,20059,960,Monedero
2115,54230782,Concepcion,Laguna Quinenco,20157,L2,V1,2026-02-22 17:31:12,2026-02-22 19:11:48,CC→CW,2026-02-22,,20157,20157,880,Monedero
2116,54230782,Concepcion,Laguna Quinenco,20161,L2,V1,2026-02-22 17:36:18,2026-02-22 19:11:36,CC→CW,2026-02-22,,20161,20157,880,Monedero
2117,54231170,Concepcion,Cdal. Raul Silva Henriquez,20171,L2,V1,2026-02-22 20:14:09,2026-02-22 21:38:21,CC→CW,2026-02-22,combo_por_entrada,20171,20171,590,Monedero
2118,54231716,Cristo Redentor,Concepcion,20068,L2,V1,2026-02-22 15:29:55,2026-02-22 16:27:08,CW→CC,2026-02-22,,20068,20068,850,Monedero
2119,54231716,Cristo Redentor,Concepcion,20068,L2,V1,2026-02-22 15:30:00,2026-02-22 16:27:03,CW→CC,2026-02-22,,20068,20068,850,Monedero
2120,54231716,Cristo Redentor,Concepcion,20068,L2,V1,2026-02-22 15:30:04,2026-02-22 16:26:56,CW→CC,2026-02-22,,20068,20068,850,Monedero
2121,54231716,Concepcion,Cristo Redentor,20161,L2,V1,2026-02-22 18:00:40,2026-02-22 19:10:01,CC→CW,2026-02-22,,20161,20161,850,Monedero
2122,54231716,Concepcion,Cristo Redentor,20161,L2,V1,2026-02-22 18:00:49,2026-02-22 19:09:36,CC→CW,2026-02-22,,20161,20161,850,Monedero
2123,54236403,Cdal. Raul Silva Henriquez,El Parque,20044,L2,V1,2026-02-22 10:16:51,2026-02-22 10:31:30,CW→CC,2026-02-22,,20044,20044,430,Monedero
2124,54237156,Juan Pablo II,Hito Galvarino,20063,L2,V1,2026-02-22 14:20:45,2026-02-22 15:07:21,CC→CW,2026-02-22,,20063,20063,650,Monedero
2125,54237585,Concepcion,Los Canelos,20153,L2,V1,2026-02-22 09:12:49,2026-02-22 09:53:03,CC→CW,2026-02-22,,20153,20153,850,Monedero
2126,54238012,Coronel,Juan Pablo II,20160,L2,V1,2026-02-22 17:25:57,2026-02-22 18:21:27,CW→CC,2026-02-22,,20160,20160,790,Monedero
2127,54239498,Los Canelos,Concepcion,20050,L2,V1,2026-02-22 11:01:08,2026-02-22 11:40:07,CW→CC,2026-02-22,,20050,20050,850,Monedero
2128,54239498,Concepcion,Los Canelos,20053,L2,V1,2026-02-22 12:11:13,2026-02-22 12:43:24,CC→CW,2026-02-22,,20053,20053,850,Monedero
2129,54239530,Los Canelos,Concepcion,20056,L2,V1,2026-02-22 12:26:32,2026-02-22 13:04:04,CW→CC,2026-02-22,,20056,20056,850,Monedero
2130,54239974,Laguna Quinenco,Cristo Redentor,20068,L2,V1,2026-02-22 15:15:32,2026-02-22 15:46:36,CW→CC,2026-02-22,,20068,20068,450,Monedero
2131,54240164,Concepcion,Coronel,20157,L2,V1,2026-02-22 17:13:17,2026-02-22 18:14:21,CC→CW,2026-02-22,,20157,20157,880,Monedero
2132,54241180,Cdal. Raul Silva Henriquez,Los Canelos,20059,L2,V1,2026-02-22 13:29:21,2026-02-22 13:53:50,CC→CW,2026-02-22,,20059,20059,610,Monedero
2133,54241193,Los Canelos,Concepcion,20062,L2,V1,2026-02-22 13:33:39,2026-02-22 14:33:49,CW→CC,2026-02-22,,20062,20062,850,Monedero
2134,54241471,Laguna Quinenco,Concepcion,20068,L2,V1,2026-02-22 15:32:51,2026-02-22 16:25:14,CW→CC,2026-02-22,,20068,20068,880,Monedero
2135,54241471,Concepcion,Cristo Redentor,20163,L2,V1,2026-02-22 18:50:32,2026-02-22 19:41:33,CC→CW,2026-02-22,,20163,20163,850,Monedero
2136,54241717,Cdal. Raul Silva Henriquez,Concepcion,20044,L2,V1,2026-02-22 10:24:46,2026-02-22 10:53:21,CW→CC,2026-02-22,,20044,20044,570,Monedero
2137,54241717,Concepcion,Lomas Coloradas,20059,L2,V1,2026-02-22 13:08:13,2026-02-22 13:41:38,CC→CW,2026-02-22,,20059,20059,570,Monedero
2138,54246958,Huinca,Juan Pablo II,20066,L2,V1,2026-02-22 14:39:02,2026-02-22 15:15:53,CW→CC,2026-02-22,,20066,20066,680,Monedero
2139,54248104,Cristo Redentor,El Parque,20156,L2,V1,2026-02-22 09:20:27,2026-02-22 09:44:43,CW→CC,2026-02-22,,20156,20156,630,Monedero
2140,54248104,El Parque,Cdal. Raul Silva Henriquez,20167,L2,V1,2026-02-22 20:11:11,2026-02-22 20:30:20,CC→CW,2026-02-22,,20167,20167,430,Monedero
2141,54249391,Coronel,El Parque,20156,L2,V1,2026-02-22 09:04:43,2026-02-22 09:45:11,CW→CC,2026-02-22,,20156,20156,650,Monedero
2142,54249391,Coronel,El Parque,20156,L2,V1,2026-02-22 09:04:52,2026-02-22 09:44:54,CW→CC,2026-02-22,,20156,20156,650,Monedero
2143,54249391,El Parque,Coronel,20049,L2,V1,2026-02-22 11:24:49,2026-02-22 12:14:00,CC→CW,2026-02-22,,20049,20049,650,Monedero
2144,54249391,El Parque,Coronel,20049,L2,V1,2026-02-22 11:24:55,2026-02-22 12:13:55,CC→CW,2026-02-22,,20049,20049,650,Monedero
2145,54249855,Los Canelos,Cristo Redentor,20069,L2,V1,2026-02-22 17:07:54,2026-02-22 17:24:48,CC→CW,2026-02-22,,20069,20069,460,Monedero
2146,54250816,Concepcion,Huinca,20069,L2,V1,2026-02-22 15:34:18,2026-02-22 17:22:32,CC→CW,2026-02-22,,20069,20067,850,Monedero
2147,54250816,Concepcion,Huinca,20069,L2,V1,2026-02-22 15:34:23,2026-02-22 17:22:28,CC→CW,2026-02-22,,20069,20067,850,Monedero
2148,54250828,Concepcion,Lomas Coloradas,20171,L2,V1,2026-02-22 20:41:20,2026-02-22 21:32:41,CC→CW,2026-02-22,,20171,20171,570,Monedero
2149,54251459,Concepcion,Juan Pablo II,20063,L2,V1,2026-02-22 14:20:31,2026-02-22 14:47:16,CC→CW,2026-02-22,,20063,20063,570,Monedero
2150,54251459,Juan Pablo II,Concepcion,20166,L2,V1,2026-02-22 18:46:37,2026-02-22 21:02:45,CW→CC,2026-02-22,combo_por_entrada,20166,20847,600,Monedero
2151,54252546,Los Canelos,Concepcion,20156,L2,V1,2026-02-22 09:27:39,2026-02-22 10:06:40,CW→CC,2026-02-22,,20156,20156,850,Monedero
2152,54252546,Concepcion,Lomas Coloradas,20167,L2,V1,2026-02-22 19:56:56,2026-02-22 20:25:49,CC→CW,2026-02-22,,20167,20167,570,Monedero
2153,54253463,Coronel,Laguna Quinenco,20062,L2,V1,2026-02-22 13:38:32,2026-02-22 13:54:02,CW→CC,2026-02-22,,20062,20062,440,Monedero
2154,54253463,Laguna Quinenco,El Parque,20068,L2,V1,2026-02-22 15:18:19,2026-02-22 16:08:54,CW→CC,2026-02-22,,20068,20068,650,Monedero
2155,54253463,Laguna Quinenco,El Parque,20068,L2,V1,2026-02-22 15:18:45,2026-02-22 16:08:36,CW→CC,2026-02-22,,20068,20068,650,Monedero
2156,54253762,Juan Pablo II,Cristo Redentor,20063,L2,V1,2026-02-22 14:25:16,2026-02-22 15:14:45,CC→CW,2026-02-22,,20063,20063,680,Monedero
2157,54257118,Laguna Quinenco,Cristo Redentor,20160,L2,V1,2026-02-22 17:41:15,2026-02-22 17:52:09,CW→CC,2026-02-22,,20160,20160,450,Monedero
2158,54257259,Cristo Redentor,Juan Pablo II,20162,L2,V1,2026-02-22 18:14:26,2026-02-22 18:53:14,CW→CC,2026-02-22,,20162,20162,680,Monedero
2159,54261276,Cristo Redentor,Diagonal Bio Bio,20076,L2,V1,2026-02-22 16:47:14,2026-02-22 17:19:31,CW→CC,2026-02-22,,20076,20076,680,Monedero
2160,54266189,Coronel,Laguna Quinenco,20160,L2,V1,2026-02-22 17:25:06,2026-02-22 17:49:06,CW→CC,2026-02-22,,20160,20160,440,Monedero
2161,54266281,Cristo Redentor,Concepcion,20076,L2,V1,2026-02-22 16:48:06,2026-02-22 17:29:26,CW→CC,2026-02-22,,20076,20076,850,Monedero
2162,54269524,Concepcion,Lomas Coloradas,20171,L2,V1,2026-02-22 20:38:07,2026-02-22 21:31:58,CC→CW,2026-02-22,,20171,20171,570,Monedero
2163,54269649,Lomas Coloradas,El Parque,20066,L2,V1,2026-02-22 14:50:18,2026-02-22 15:21:49,CW→CC,2026-02-22,,20066,20066,430,Monedero
2164,54269649,Lomas Coloradas,El Parque,20066,L2,V1,2026-02-22 14:50:23,2026-02-22 15:21:41,CW→CC,2026-02-22,,20066,20066,430,Monedero
2165,54269696,Diagonal Bio Bio,Lomas Coloradas,20035,L2,V1,2026-02-22 10:09:12,2026-02-22 10:25:55,CC→CW,2026-02-22,,20035,20035,510,Monedero
2166,54270519,Concepcion,La Leonera,20859,L1,V1,2026-02-22 12:53:28,2026-02-22 13:17:23,TH→HQ,2026-02-22,,20859,20859,510,Monedero
2167,54271221,Concepcion,Coronel,20149,L2,V1,2026-02-22 08:18:57,2026-02-22 09:15:18,CC→CW,2026-02-22,,20149,20149,880,Monedero
2168,54277985,Los Canelos,Coronel,20041,L2,V1,2026-02-22 10:58:20,2026-02-22 11:13:24,CC→CW,2026-02-22,,20041,20041,530,Monedero
2169,54277985,Coronel,Los Canelos,20062,L2,V1,2026-02-22 13:47:19,2026-02-22 14:00:45,CW→CC,2026-02-22,,20062,20062,530,Monedero
2170,54281990,Huinca,El Parque,20062,L2,V1,2026-02-22 13:39:12,2026-02-22 14:16:58,CW→CC,2026-02-22,,20062,20062,630,Monedero
2171,54281990,El Parque,Los Canelos,20067,L2,V1,2026-02-22 15:35:24,2026-02-22 16:03:24,CC→CW,2026-02-22,,20067,20067,610,Monedero
2172,54284249,Concepcion,Lomas Coloradas,20149,L2,V1,2026-02-22 08:20:29,2026-02-22 08:52:04,CC→CW,2026-02-22,,20149,20149,570,Monedero
2173,54284249,Concepcion,Lomas Coloradas,20149,L2,V1,2026-02-22 08:20:37,2026-02-22 08:51:57,CC→CW,2026-02-22,,20149,20149,570,Monedero
2174,54284249,Lomas Coloradas,Concepcion,20156,L2,V1,2026-02-22 09:36:37,2026-02-22 10:04:00,CW→CC,2026-02-22,,20156,20156,570,Monedero
2175,54284611,Los Condores,Hualqui,20859,L1,V1,2026-02-22 12:33:47,2026-02-22 13:29:04,TH→HQ,2026-02-22,,20859,20859,560,Monedero
2176,54285390,UTF Santa Maria,Hualqui,20859,L1,V1,2026-02-22 11:59:19,2026-02-22 13:29:13,TH→HQ,2026-02-22,,20859,20859,560,Monedero
2177,54288316,Concepcion,Pedro Medina,20845,L1,V1,2026-02-22 15:52:36,2026-02-22 16:45:24,TH→HQ,2026-02-22,combo_por_entrada,20845,20845,590,Monedero
2178,54288316,Concepcion,Pedro Medina,20845,L1,V1,2026-02-22 15:52:45,2026-02-22 16:45:01,TH→HQ,2026-02-22,combo_por_entrada,20845,20845,590,Monedero
2179,54290695,Coronel,Concepcion,20050,L2,V1,2026-02-22 10:42:30,2026-02-22 13:02:45,CW→CC,2026-02-22,,20050,20050,880,Monedero
2180,54290695,Concepcion,Coronel,20059,L2,V1,2026-02-22 13:02:50,2026-02-22 14:06:10,CC→CW,2026-02-22,,20059,20059,880,Monedero
2181,54291398,Concepcion,Chiguayante,20845,L1,V1,2026-02-22 15:33:25,2026-02-22 16:40:09,TH→HQ,2026-02-22,combo_por_entrada,20845,20068,910,Monedero
2182,54291930,Cristo Redentor,Concepcion,20062,L2,V1,2026-02-22 13:44:23,2026-02-22 14:33:28,CW→CC,2026-02-22,,20062,20062,850,Monedero
2183,54291930,Cristo Redentor,Concepcion,20062,L2,V1,2026-02-22 13:44:34,2026-02-22 14:33:13,CW→CC,2026-02-22,,20062,20062,850,Monedero
2184,54296342,Diagonal Bio Bio,Lomas Coloradas,20163,L2,V1,2026-02-22 19:09:33,2026-02-22 19:24:13,CC→CW,2026-02-22,,20163,20163,510,Monedero
2185,54296342,Diagonal Bio Bio,Lomas Coloradas,20163,L2,V1,2026-02-22 19:09:40,2026-02-22 19:24:05,CC→CW,2026-02-22,,20163,20163,510,Monedero
2186,54299278,Laguna Quinenco,Juan Pablo II,20156,L2,V1,2026-02-22 09:14:46,2026-02-22 09:54:00,CW→CC,2026-02-22,,20156,20156,790,Monedero
2187,54299278,Juan Pablo II,Laguna Quinenco,20163,L2,V1,2026-02-22 19:08:15,2026-02-22 19:44:13,CC→CW,2026-02-22,,20163,20163,790,Monedero
2188,54300437,Huinca,Lomas Coloradas,20162,L2,V1,2026-02-22 18:23:11,2026-02-22 18:40:57,CW→CC,2026-02-22,,20162,20162,630,Monedero
2189,54300497,Los Condores,Concepcion,20857,L1,V1,2026-02-22 08:37:32,2026-02-22 09:20:55,TH→HQ,2026-02-22,,20857,20857,500,Monedero
2190,54300513,Concepcion,Hualqui,20859,L1,V1,2026-02-22 10:59:51,2026-02-22 13:30:15,TH→HQ,2026-02-22,combo_relajado_pase1,20859,20859,960,Monedero
2191,54301688,Concepcion,El Parque,20067,L2,V1,2026-02-22 15:22:25,2026-02-22 15:48:46,CC→CW,2026-02-22,,20067,20067,570,Monedero
2192,54301688,El Parque,Concepcion,20160,L2,V1,2026-02-22 17:41:08,2026-02-22 18:29:31,CW→CC,2026-02-22,,20160,20160,570,Monedero
2193,54304050,La Leonera,Mercado,20850,L1,V1,2026-02-22 09:27:45,2026-02-22 10:28:04,HQ→TH,2026-02-22,,20850,20850,550,Monedero
2194,54305025,Concepcion,Cdal. Raul Silva Henriquez,20171,L2,V1,2026-02-22 20:49:05,2026-02-22 21:35:53,CC→CW,2026-02-22,,20171,20171,570,Monedero
2195,54305569,Los Canelos,Juan Pablo II,20050,L2,V1,2026-02-22 10:18:42,2026-02-22 11:32:52,CW→CC,2026-02-22,,20050,20044,650,Monedero
2196,54305569,Concepcion,Los Canelos,20063,L2,V1,2026-02-22 14:32:26,2026-02-22 15:13:07,CC→CW,2026-02-22,,20063,20063,850,Monedero
2197,54308359,Concepcion,Juan Pablo II,20171,L2,V1,2026-02-22 20:11:02,2026-02-22 21:17:25,CC→CW,2026-02-22,match_por_salida_fallback,20171,20848,600,Monedero
2198,54308359,Concepcion,Juan Pablo II,20171,L2,V1,2026-02-22 20:11:13,2026-02-22 21:17:20,CC→CW,2026-02-22,match_por_salida_fallback,20171,20848,600,Monedero
2199,54309627,Cdal. Raul Silva Henriquez,Concepcion,20166,L2,V1,2026-02-22 18:57:58,2026-02-22 20:01:20,CW→CC,2026-02-22,,20166,20166,570,Monedero
2200,54311560,Concepcion,Coronel,20049,L2,V1,2026-02-22 11:21:20,2026-02-22 12:16:14,CC→CW,2026-02-22,,20049,20049,880,Monedero
2201,54311560,Concepcion,Coronel,20049,L2,V1,2026-02-22 11:22:10,2026-02-22 12:16:04,CC→CW,2026-02-22,,20049,20049,880,Monedero
2202,54313914,Coronel,Concepcion,20062,L2,V1,2026-02-22 13:44:14,2026-02-22 14:32:58,CW→CC,2026-02-22,,20062,20062,880,Monedero
2203,54313914,Concepcion,Laguna Quinenco,20161,L2,V1,2026-02-22 18:25:55,2026-02-22 19:13:04,CC→CW,2026-02-22,,20161,20161,880,Monedero
2204,54314758,Concepcion,Lomas Coloradas,20171,L2,V1,2026-02-22 20:59:09,2026-02-22 21:32:34,CC→CW,2026-02-22,,20171,20171,570,Monedero
2205,54315441,Cristo Redentor,Concepcion,20066,L2,V1,2026-02-22 14:43:03,2026-02-22 15:25:30,CW→CC,2026-02-22,,20066,20066,850,Monedero
2206,54315441,Concepcion,Cristo Redentor,20163,L2,V1,2026-02-22 18:58:15,2026-02-22 19:40:50,CC→CW,2026-02-22,,20163,20163,850,Monedero
2207,54316614,Cdal. Raul Silva Henriquez,Concepcion,20162,L2,V1,2026-02-22 18:26:09,2026-02-22 19:01:05,CW→CC,2026-02-22,,20162,20162,570,Monedero
2208,54317673,Concepcion,Hualqui,20847,L1,V1,2026-02-22 20:24:31,2026-02-22 21:01:42,TH→HQ,2026-02-22,,20847,20847,550,Monedero
2209,54318301,Huinca,Concepcion,20050,L2,V1,2026-02-22 10:59:39,2026-02-22 11:47:03,CW→CC,2026-02-22,,20050,20050,850,Monedero
2210,54318301,Huinca,Concepcion,20050,L2,V1,2026-02-22 10:59:44,2026-02-22 11:46:56,CW→CC,2026-02-22,,20050,20050,850,Monedero
2211,54318301,Concepcion,Los Canelos,20069,L2,V1,2026-02-22 16:39:02,2026-02-22 17:19:07,CC→CW,2026-02-22,,20069,20069,850,Monedero
2212,54318301,Concepcion,Los Canelos,20069,L2,V1,2026-02-22 16:39:08,2026-02-22 17:19:02,CC→CW,2026-02-22,,20069,20069,850,Monedero
2213,54318883,Laguna Quinenco,Concepcion,20044,L2,V1,2026-02-22 09:53:11,2026-02-22 10:49:03,CW→CC,2026-02-22,,20044,20044,880,Monedero
2214,54318894,Concepcion,Laguna Quinenco,20069,L2,V1,2026-02-22 16:44:03,2026-02-22 17:28:24,CC→CW,2026-02-22,,20069,20069,880,Monedero
2215,54319714,Cdal. Raul Silva Henriquez,Concepcion,20050,L2,V1,2026-02-22 11:14:07,2026-02-22 11:48:03,CW→CC,2026-02-22,,20050,20050,570,Monedero
2216,54319714,Concepcion,Cdal. Raul Silva Henriquez,20059,L2,V1,2026-02-22 12:44:46,2026-02-22 13:45:07,CC→CW,2026-02-22,,20059,20059,570,Monedero
2217,54321670,Juan Pablo II,Huinca,20163,L2,V1,2026-02-22 18:48:09,2026-02-22 19:39:20,CC→CW,2026-02-22,,20163,20163,680,Monedero
2218,54323003,Cdal. Raul Silva Henriquez,Concepcion,20066,L2,V1,2026-02-22 14:56:02,2026-02-22 15:22:57,CW→CC,2026-02-22,,20066,20066,570,Monedero
2219,54323007,Los Condores,Concepcion,20845,L1,V1,2026-02-22 16:06:12,2026-02-22 16:27:52,TH→HQ,2026-02-22,,20845,20845,500,Monedero
2220,54323007,Los Condores,Concepcion,20845,L1,V1,2026-02-22 16:06:27,2026-02-22 16:27:45,TH→HQ,2026-02-22,,20845,20845,500,Monedero
2221,54325359,Alborada,Concepcion,20052,L2,V1,2026-02-22 11:44:18,2026-02-22 12:02:24,CW→CC,2026-02-22,,20052,20052,570,Monedero
2222,54325359,Concepcion,Concepcion,,,N/A,2026-02-22 12:32:44,2026-02-22 19:54:56,,2026-02-22,no viajo,,,420,Monedero
2223,54325359,Concepcion,Alborada,20167,L2,V1,2026-02-22 19:55:01,2026-02-22 20:15:50,CC→CW,2026-02-22,,20167,20167,570,Monedero
2224,54327488,Manquimavida,Concepcion,20846,L1,V1,2026-02-22 17:05:14,2026-02-22 17:37:52,HQ→TH,2026-02-22,,20846,20846,510,Monedero
2225,54327488,Manquimavida,Concepcion,20846,L1,V1,2026-02-22 17:05:25,2026-02-22 17:37:34,HQ→TH,2026-02-22,,20846,20846,510,Monedero
2226,54327792,Hualqui,Mercado,20848,L1,V1,2026-02-22 20:30:27,2026-02-22 21:32:08,HQ→TH,2026-02-22,,20848,20848,580,Monedero
2227,54327792,Hualqui,Mercado,20848,L1,V1,2026-02-22 20:30:33,2026-02-22 21:32:03,HQ→TH,2026-02-22,,20848,20848,580,Monedero
2228,54329784,Concepcion,Lomas Coloradas,20171,L2,V1,2026-02-22 20:51:56,2026-02-22 21:30:49,CC→CW,2026-02-22,,20171,20171,570,Monedero
2229,54332741,Diagonal Bio Bio,El Parque,20049,L2,V1,2026-02-22 11:40:16,2026-02-22 11:49:08,CC→CW,2026-02-22,,20049,20049,510,Monedero
2230,54332907,Costa Mar,Cdal. Raul Silva Henriquez,20069,L2,V1,2026-02-22 16:49:57,2026-02-22 17:08:54,CC→CW,2026-02-22,,20069,20069,430,Monedero
2231,54332907,Costa Mar,Cdal. Raul Silva Henriquez,20069,L2,V1,2026-02-22 16:50:26,2026-02-22 17:08:45,CC→CW,2026-02-22,,20069,20069,430,Monedero
2232,54334124,Los Canelos,Coronel,20051,L2,V1,2026-02-22 12:16:10,2026-02-22 12:28:43,CC→CW,2026-02-22,,20051,20051,530,Monedero
2233,54334148,Cristo Redentor,Juan Pablo II,20040,L2,V1,2026-02-22 09:34:16,2026-02-22 10:15:48,CW→CC,2026-02-22,,20040,20040,680,Monedero
2234,54334148,Juan Pablo II,Laguna Quinenco,20161,L2,V1,2026-02-22 17:55:08,2026-02-22 19:12:14,CC→CW,2026-02-22,,20161,20161,790,Monedero
2235,54335462,Concepcion,Lomas Coloradas,20153,L2,V1,2026-02-22 09:09:32,2026-02-22 09:38:57,CC→CW,2026-02-22,,20153,20153,570,Monedero
2236,54335462,Lomas Coloradas,Concepcion,20160,L2,V1,2026-02-22 18:01:49,2026-02-22 18:28:35,CW→CC,2026-02-22,,20160,20160,570,Monedero
2237,54335707,Laguna Quinenco,Cristo Redentor,20066,L2,V1,2026-02-22 14:37:50,2026-02-22 14:46:27,CW→CC,2026-02-22,,20066,20066,450,Monedero
2238,54335741,Cristo Redentor,Concepcion,20068,L2,V1,2026-02-22 15:39:40,2026-02-22 16:26:15,CW→CC,2026-02-22,,20068,20068,850,Monedero
2239,54335741,Concepcion,Cristo Redentor,20163,L2,V1,2026-02-22 18:59:54,2026-02-22 19:43:45,CC→CW,2026-02-22,,20163,20163,850,Monedero
2240,54335959,Hito Galvarino,Concepcion,20160,L2,V1,2026-02-22 17:49:06,2026-02-22 18:32:36,CW→CC,2026-02-22,,20160,20160,850,Monedero
2241,54335959,Concepcion,Cdal. Raul Silva Henriquez,20171,L2,V1,2026-02-22 20:28:59,2026-02-22 21:38:58,CC→CW,2026-02-22,,20171,20171,570,Monedero
2242,54339428,Hualqui,Mercado,20846,L1,V1,2026-02-22 16:44:01,2026-02-22 17:59:27,HQ→TH,2026-02-22,,20846,20846,580,Monedero
2243,54339428,Hualqui,Mercado,20846,L1,V1,2026-02-22 16:44:11,2026-02-22 17:59:13,HQ→TH,2026-02-22,,20846,20846,580,Monedero
2244,54340533,Concepcion,La Leonera,20845,L1,V1,2026-02-22 15:48:14,2026-02-22 16:49:17,TH→HQ,2026-02-22,combo_por_entrada,20845,20845,900,Monedero
2245,54343745,Concepcion,Juan Pablo II,20059,L2,V1,2026-02-22 12:06:48,2026-02-22 13:29:40,CC→CW,2026-02-22,combo_por_entrada,20059,20059,560,Monedero
2246,54343745,Los Condores,Concepcion,20859,L1,V1,2026-02-22 12:06:56,2026-02-22 13:29:34,TH→HQ,2026-02-22,combo_por_entrada,20859,20059,560,Monedero
2247,54343745,Los Condores,Concepcion,20859,L1,V1,2026-02-22 12:07:02,2026-02-22 13:29:28,TH→HQ,2026-02-22,combo_por_entrada,20859,20059,560,Monedero
2248,54343745,Concepcion,Juan Pablo II,20059,L2,V1,2026-02-22 12:07:17,2026-02-22 13:29:20,CC→CW,2026-02-22,combo_por_entrada,20059,20059,560,Monedero
2249,54344898,Concepcion,Huinca,20067,L2,V1,2026-02-22 15:10:12,2026-02-22 16:06:00,CC→CW,2026-02-22,,20067,20067,850,Monedero
2250,54344898,Los Canelos,Concepcion,20162,L2,V1,2026-02-22 18:23:12,2026-02-22 19:01:13,CW→CC,2026-02-22,,20162,20162,850,Monedero
2251,54346113,Laguna Quinenco,Concepcion,20058,L2,V1,2026-02-22 12:25:09,2026-02-22 13:17:08,CW→CC,2026-02-22,,20058,20056,880,Monedero
2252,54346113,Concepcion,Laguna Quinenco,20161,L2,V1,2026-02-22 18:22:52,2026-02-22 19:13:48,CC→CW,2026-02-22,,20161,20161,880,Monedero
2253,54346462,Costa Mar,Concepcion,20044,L2,V1,2026-02-22 10:24:39,2026-02-22 10:49:15,CW→CC,2026-02-22,,20044,20044,570,Monedero
2254,54346462,Costa Mar,Concepcion,20044,L2,V1,2026-02-22 10:24:51,2026-02-22 10:48:58,CW→CC,2026-02-22,,20044,20044,570,Monedero
2255,54348994,UTF Santa Maria,Hualqui,20845,L1,V1,2026-02-22 15:58:52,2026-02-22 17:06:32,TH→HQ,2026-02-22,,20845,20845,560,Monedero
2256,54348994,Hualqui,UTF Santa Maria,20848,L1,V1,2026-02-22 20:18:28,2026-02-22 21:16:18,HQ→TH,2026-02-22,,20848,20848,560,Monedero
2257,54400806,Los Canelos,El Parque,20050,L2,V1,2026-02-22 10:56:00,2026-02-22 11:23:31,CW→CC,2026-02-22,,20050,20050,610,Monedero
2258,54400806,Los Canelos,El Parque,20050,L2,V1,2026-02-22 10:56:03,2026-02-22 11:23:24,CW→CC,2026-02-22,,20050,20050,610,Monedero
2259,54400806,El Parque,Los Canelos,20053,L2,V1,2026-02-22 12:19:53,2026-02-22 12:43:20,CC→CW,2026-02-22,,20053,20053,610,Monedero
2260,54400806,El Parque,Los Canelos,20053,L2,V1,2026-02-22 12:20:02,2026-02-22 12:43:13,CC→CW,2026-02-22,,20053,20053,610,Monedero
2261,54400808,Concepcion,Coronel,20035,L2,V1,2026-02-22 09:28:12,2026-02-22 10:48:30,CC→CW,2026-02-22,,20035,20035,880,Monedero
2262,54400808,Concepcion,Coronel,20035,L2,V1,2026-02-22 09:28:23,2026-02-22 10:48:23,CC→CW,2026-02-22,,20035,20035,880,Monedero
2263,54400808,Coronel,Concepcion,20166,L2,V1,2026-02-22 18:58:38,2026-02-22 20:02:50,CW→CC,2026-02-22,,20166,20166,880,Monedero
2264,54400808,Coronel,Concepcion,20166,L2,V1,2026-02-22 18:58:47,2026-02-22 20:02:42,CW→CC,2026-02-22,,20166,20166,880,Monedero
2265,54401136,Manquimavida,Concepcion,20850,L1,V1,2026-02-22 09:33:15,2026-02-22 10:06:10,HQ→TH,2026-02-22,,20850,20850,510,Monedero
2266,54401136,Concepcion,Manquimavida,20847,L1,V1,2026-02-22 20:17:07,2026-02-22 20:45:46,TH→HQ,2026-02-22,,20847,20847,510,Monedero
2267,54401391,Cristo Redentor,Concepcion,20162,L2,V1,2026-02-22 18:16:37,2026-02-22 19:00:07,CW→CC,2026-02-22,,20162,20162,850,Monedero
2268,54403936,Diagonal Bio Bio,Cdal. Raul Silva Henriquez,20067,L2,V1,2026-02-22 15:28:12,2026-02-22 15:54:01,CC→CW,2026-02-22,,20067,20067,510,Monedero
2269,54403936,Diagonal Bio Bio,Cdal. Raul Silva Henriquez,20067,L2,V1,2026-02-22 15:28:17,2026-02-22 15:53:55,CC→CW,2026-02-22,,20067,20067,510,Monedero
2270,54403936,Cdal. Raul Silva Henriquez,Diagonal Bio Bio,20166,L2,V1,2026-02-22 19:21:44,2026-02-22 19:50:22,CW→CC,2026-02-22,,20166,20166,510,Monedero
2271,54404513,Concepcion,La Leonera,20845,L1,V1,2026-02-22 16:02:49,2026-02-22 16:48:33,TH→HQ,2026-02-22,,20845,20845,510,Monedero
2272,54404513,Concepcion,La Leonera,20845,L1,V1,2026-02-22 16:02:54,2026-02-22 16:48:29,TH→HQ,2026-02-22,,20845,20845,510,Monedero
2273,54405219,Hito Galvarino,Concepcion,20052,L2,V1,2026-02-22 11:30:59,2026-02-22 12:05:05,CW→CC,2026-02-22,,20052,20052,850,Monedero
2274,54408486,El Parque,Lomas Coloradas,20167,L2,V1,2026-02-22 20:12:16,2026-02-22 20:23:53,CC→CW,2026-02-22,,20167,20167,430,Monedero
2275,54408709,Hualqui,Mercado,20850,L1,V1,2026-02-22 09:08:01,2026-02-22 10:29:10,HQ→TH,2026-02-22,,20850,20850,580,Monedero
2276,54408709,Hualqui,Mercado,20850,L1,V1,2026-02-22 09:08:07,2026-02-22 10:29:05,HQ→TH,2026-02-22,,20850,20850,580,Monedero
2277,54408709,Hualqui,Mercado,20850,L1,V1,2026-02-22 09:11:40,2026-02-22 10:28:59,HQ→TH,2026-02-22,,20850,20850,580,Monedero
2278,54408709,Mercado,Hualqui,20859,L1,V1,2026-02-22 12:14:18,2026-02-22 13:28:52,TH→HQ,2026-02-22,,20859,20859,580,Monedero
2279,54409005,Concepcion,Lomas Coloradas,20153,L2,V1,2026-02-22 08:24:40,2026-02-22 09:39:27,CC→CW,2026-02-22,combo_por_entrada,20153,20857,590,Monedero
2280,54409005,Lomas Coloradas,Concepcion,20160,L2,V1,2026-02-22 17:50:26,2026-02-22 18:33:15,CW→CC,2026-02-22,,20160,20160,570,Monedero
2281,54409044,Cdal. Raul Silva Henriquez,Concepcion,20052,L2,V1,2026-02-22 11:38:11,2026-02-22 12:02:55,CW→CC,2026-02-22,,20052,20052,570,Monedero
2282,54409044,Concepcion,Cdal. Raul Silva Henriquez,20167,L2,V1,2026-02-22 19:37:39,2026-02-22 20:30:45,CC→CW,2026-02-22,,20167,20167,570,Monedero
2283,54410164,Concepcion,Cdal. Raul Silva Henriquez,20167,L2,V1,2026-02-22 19:34:37,2026-02-22 20:33:54,CC→CW,2026-02-22,,20167,20167,570,Monedero
2284,54410318,Diagonal Bio Bio,Coronel,20041,L2,V1,2026-02-22 10:30:46,2026-02-22 11:13:28,CC→CW,2026-02-22,,20041,20041,790,Monedero
2285,54410318,Diagonal Bio Bio,Coronel,20041,L2,V1,2026-02-22 10:30:53,2026-02-22 11:13:23,CC→CW,2026-02-22,,20041,20041,790,Monedero
2286,54410318,Diagonal Bio Bio,Coronel,20041,L2,V1,2026-02-22 10:30:58,2026-02-22 11:13:15,CC→CW,2026-02-22,,20041,20041,790,Monedero
2287,54411086,Costa Mar,Huinca,20063,L2,V1,2026-02-22 14:42:26,2026-02-22 15:12:38,CC→CW,2026-02-22,,20063,20063,630,Monedero
2288,54411086,Huinca,Costa Mar,20166,L2,V1,2026-02-22 19:13:16,2026-02-22 19:45:52,CW→CC,2026-02-22,,20166,20166,630,Monedero
2289,54411706,Concepcion,Concepcion,,,N/A,2026-02-22 12:20:13,2026-02-22 12:42:36,,2026-02-22,no viajo,,,420,Monedero
2290,54411904,Los Canelos,Concepcion,20160,L2,V1,2026-02-22 17:50:42,2026-02-22 18:32:19,CW→CC,2026-02-22,,20160,20160,850,Monedero
2291,54411904,Concepcion,Cdal. Raul Silva Henriquez,20167,L2,V1,2026-02-22 19:54:38,2026-02-22 20:39:15,CC→CW,2026-02-22,,20167,20167,570,Monedero
2292,54412564,Juan Pablo II,Costa Mar,20157,L2,V1,2026-02-22 17:35:02,2026-02-22 17:47:36,CC→CW,2026-02-22,,20157,20157,510,Monedero
2293,54412621,Costa Mar,Los Canelos,20063,L2,V1,2026-02-22 14:38:06,2026-02-22 15:12:06,CC→CW,2026-02-22,,20063,20063,610,Monedero
2294,54412621,Costa Mar,Los Canelos,20063,L2,V1,2026-02-22 14:38:15,2026-02-22 15:12:02,CC→CW,2026-02-22,,20063,20063,610,Monedero
2295,54412621,Costa Mar,Los Canelos,20063,L2,V1,2026-02-22 14:38:22,2026-02-22 15:11:56,CC→CW,2026-02-22,,20063,20063,610,Monedero
2296,54412621,Costa Mar,Los Canelos,20063,L2,V1,2026-02-22 14:38:30,2026-02-22 15:11:49,CC→CW,2026-02-22,,20063,20063,610,Monedero
2297,54412621,Costa Mar,Los Canelos,20063,L2,V1,2026-02-22 14:38:38,2026-02-22 15:11:42,CC→CW,2026-02-22,,20063,20063,610,Monedero
2298,54412621,Costa Mar,Los Canelos,20063,L2,V1,2026-02-22 14:38:49,2026-02-22 15:11:33,CC→CW,2026-02-22,,20063,20063,610,Monedero
2299,54412621,Los Canelos,Concepcion,20166,L2,V1,2026-02-22 18:51:12,2026-02-22 20:01:07,CW→CC,2026-02-22,,20166,20166,850,Monedero
2300,54412621,Los Canelos,Concepcion,20166,L2,V1,2026-02-22 18:51:22,2026-02-22 20:01:01,CW→CC,2026-02-22,,20166,20166,850,Monedero
2301,54412621,Los Canelos,Concepcion,20166,L2,V1,2026-02-22 18:51:32,2026-02-22 20:00:53,CW→CC,2026-02-22,,20166,20166,850,Monedero
2302,54412621,Los Canelos,Concepcion,20166,L2,V1,2026-02-22 18:51:46,2026-02-22 20:00:48,CW→CC,2026-02-22,,20166,20166,850,Monedero
2303,54412621,Los Canelos,Concepcion,20166,L2,V1,2026-02-22 18:51:51,2026-02-22 20:00:42,CW→CC,2026-02-22,,20166,20166,850,Monedero
2304,54412644,Diagonal Bio Bio,El Parque,20035,L2,V1,2026-02-22 09:50:14,2026-02-22 10:24:14,CC→CW,2026-02-22,,20035,20035,510,Monedero
2305,54419136,Los Condores,Concepcion,20845,L1,V1,2026-02-22 16:06:40,2026-02-22 16:26:08,TH→HQ,2026-02-22,,20845,20845,500,Monedero
2306,54419527,Coronel,Concepcion,20052,L2,V1,2026-02-22 11:12:40,2026-02-22 12:07:38,CW→CC,2026-02-22,,20052,20052,880,Monedero
2307,54419527,Coronel,Concepcion,20052,L2,V1,2026-02-22 11:12:46,2026-02-22 12:05:10,CW→CC,2026-02-22,,20052,20052,880,Monedero
2308,54419532,Cristo Redentor,Concepcion,20156,L2,V1,2026-02-22 09:19:14,2026-02-22 10:03:48,CW→CC,2026-02-22,,20156,20156,850,Monedero
2309,54422925,Concepcion,Alborada,20153,L2,V1,2026-02-22 08:57:10,2026-02-22 09:32:19,CC→CW,2026-02-22,,20153,20153,570,Monedero
2310,54422925,Alborada,Coronel,20035,L2,V1,2026-02-22 10:06:09,2026-02-22 10:48:55,CC→CW,2026-02-22,,20035,20035,790,Monedero
2311,54422925,Coronel,Concepcion,20160,L2,V1,2026-02-22 17:43:18,2026-02-22 18:30:17,CW→CC,2026-02-22,,20160,20160,880,Monedero
2312,54424376,Coronel,Cdal. Raul Silva Henriquez,20166,L2,V1,2026-02-22 19:10:30,2026-02-22 19:39:02,CW→CC,2026-02-22,,20166,20166,650,Monedero
2313,54424925,Lomas Coloradas,Juan Pablo II,20160,L2,V1,2026-02-22 17:58:32,2026-02-22 18:21:30,CW→CC,2026-02-22,,20160,20160,510,Monedero
2314,54426174,Cdal. Raul Silva Henriquez,Cristo Redentor,20067,L2,V1,2026-02-22 15:49:59,2026-02-22 16:08:07,CC→CW,2026-02-22,,20067,20067,630,Monedero
2315,54427121,Cristo Redentor,Concepcion,20052,L2,V1,2026-02-22 11:22:03,2026-02-22 12:11:39,CW→CC,2026-02-22,,20052,20052,850,Monedero
2316,54427121,Concepcion,Cristo Redentor,20069,L2,V1,2026-02-22 16:27:17,2026-02-22 17:24:17,CC→CW,2026-02-22,,20069,20069,850,Monedero
2317,54427183,Laguna Quinenco,Juan Pablo II,20162,L2,V1,2026-02-22 18:03:59,2026-02-22 18:53:58,CW→CC,2026-02-22,,20162,20162,790,Monedero
2318,54427423,Concepcion,Coronel,20163,L2,V1,2026-02-22 18:56:38,2026-02-22 19:46:53,CC→CW,2026-02-22,,20163,20163,880,Monedero
2319,54428298,Manquimavida,El Arenal,20844,L1,V1,2026-02-22 12:30:47,2026-02-22 13:24:37,HQ→TH,2026-02-22,,20844,20844,550,Monedero
2320,54428298,El Arenal,Manquimavida,20847,L1,V1,2026-02-22 19:57:42,2026-02-22 20:46:14,TH→HQ,2026-02-22,,20847,20847,550,Monedero
2321,54429122,Juan Pablo II,Huinca,20163,L2,V1,2026-02-22 18:48:07,2026-02-22 19:39:26,CC→CW,2026-02-22,,20163,20163,680,Monedero
2322,54429532,Los Canelos,El Parque,20156,L2,V1,2026-02-22 09:17:19,2026-02-22 09:45:07,CW→CC,2026-02-22,,20156,20156,610,Monedero
2323,54429532,El Parque,Cdal. Raul Silva Henriquez,20167,L2,V1,2026-02-22 20:15:25,2026-02-22 20:30:32,CC→CW,2026-02-22,,20167,20167,430,Monedero
2324,54429548,Concepcion,Los Canelos,20163,L2,V1,2026-02-22 18:39:55,2026-02-22 19:36:26,CC→CW,2026-02-22,,20163,20163,850,Monedero
2325,54430284,Laguna Quinenco,Concepcion,20066,L2,V1,2026-02-22 14:27:46,2026-02-22 15:23:38,CW→CC,2026-02-22,,20066,20066,880,Monedero
2326,54430284,Concepcion,Cdal. Raul Silva Henriquez,20171,L2,V1,2026-02-22 20:40:51,2026-02-22 21:35:19,CC→CW,2026-02-22,,20171,20171,570,Monedero
2327,54430635,Concepcion,Huinca,20157,L2,V1,2026-02-22 16:50:28,2026-02-22 18:07:21,CC→CW,2026-02-22,,20157,20069,850,Monedero
2328,54430635,Concepcion,Huinca,20157,L2,V1,2026-02-22 16:50:38,2026-02-22 18:07:13,CC→CW,2026-02-22,,20157,20069,850,Monedero
2329,54431422,Cristo Redentor,Concepcion,20050,L2,V1,2026-02-22 10:51:54,2026-02-22 11:40:38,CW→CC,2026-02-22,,20050,20050,850,Monedero
2330,54431422,Concepcion,Cristo Redentor,20157,L2,V1,2026-02-22 17:17:04,2026-02-22 18:09:31,CC→CW,2026-02-22,,20157,20157,850,Monedero
2331,54431921,Concepcion,Concepcion,,,N/A,2026-02-22 08:53:43,2026-02-22 08:55:11,,2026-02-22,no viajo,,,420,Monedero
2332,54432444,Concepcion,Cdal. Raul Silva Henriquez,20171,L2,V1,2026-02-22 20:48:52,2026-02-22 21:35:21,CC→CW,2026-02-22,,20171,20171,570,Monedero
2333,54433708,Laguna Quinenco,Concepcion,20166,L2,V1,2026-02-22 19:02:25,2026-02-22 20:02:35,CW→CC,2026-02-22,,20166,20166,880,Monedero
2334,54434628,Coronel,Costa Mar,20166,L2,V1,2026-02-22 18:49:10,2026-02-22 19:46:20,CW→CC,2026-02-22,,20166,20166,650,Monedero
2335,54434683,Concepcion,Coronel,20063,L2,V1,2026-02-22 14:31:24,2026-02-22 15:21:57,CC→CW,2026-02-22,,20063,20063,880,Monedero
2336,54434683,Concepcion,Coronel,20063,L2,V1,2026-02-22 14:31:31,2026-02-22 15:21:52,CC→CW,2026-02-22,,20063,20063,880,Monedero
2337,54435161,Laguna Quinenco,Concepcion,20058,L2,V1,2026-02-22 12:34:06,2026-02-22 13:19:28,CW→CC,2026-02-22,,20058,20058,880,Monedero
2338,54436498,Lomas Coloradas,El Parque,20058,L2,V1,2026-02-22 12:46:36,2026-02-22 12:58:38,CW→CC,2026-02-22,,20058,20056,430,Monedero
2339,54436498,Lomas Coloradas,El Parque,20058,L2,V1,2026-02-22 12:46:42,2026-02-22 12:58:31,CW→CC,2026-02-22,,20058,20056,430,Monedero
2340,54436498,El Parque,Lomas Coloradas,20063,L2,V1,2026-02-22 14:30:34,2026-02-22 14:58:53,CC→CW,2026-02-22,,20063,20063,430,Monedero
2341,54436498,El Parque,Lomas Coloradas,20063,L2,V1,2026-02-22 14:30:39,2026-02-22 14:58:48,CC→CW,2026-02-22,,20063,20063,430,Monedero
2342,54436757,Pedro Medina,Chiguayante,20850,L1,V1,2026-02-22 09:37:34,2026-02-22 09:54:51,HQ→TH,2026-02-22,,20850,20850,420,Monedero
2343,54436757,Pedro Medina,Chiguayante,20850,L1,V1,2026-02-22 09:37:42,2026-02-22 09:54:45,HQ→TH,2026-02-22,,20850,20850,420,Monedero
2344,54438272,Diagonal Bio Bio,Cdal. Raul Silva Henriquez,20167,L2,V1,2026-02-22 19:59:03,2026-02-22 20:29:43,CC→CW,2026-02-22,,20167,20167,510,Monedero
2345,54439106,Higueras,Manquimavida,20845,L1,V1,2026-02-22 15:32:47,2026-02-22 16:47:21,TH→HQ,2026-02-22,,20845,20845,540,Monedero
2346,54439106,Higueras,Manquimavida,20845,L1,V1,2026-02-22 15:33:01,2026-02-22 16:47:11,TH→HQ,2026-02-22,,20845,20845,540,Monedero
2347,54439106,Manquimavida,Higueras,20848,L1,V1,2026-02-22 20:41:41,2026-02-22 21:25:10,HQ→TH,2026-02-22,,20848,20848,540,Monedero
2348,54439106,Manquimavida,Higueras,20848,L1,V1,2026-02-22 20:41:59,2026-02-22 21:25:06,HQ→TH,2026-02-22,,20848,20848,540,Monedero
2349,54439478,Cristo Redentor,Laguna Quinenco,20035,L2,V1,2026-02-22 10:29:58,2026-02-22 10:45:06,CC→CW,2026-02-22,,20035,20035,450,Monedero
2350,54439789,Coronel,Concepcion,20152,L2,V1,2026-02-22 08:22:25,2026-02-22 09:15:56,CW→CC,2026-02-22,,20152,20152,880,Monedero
2351,54439789,Concepcion,Cdal. Raul Silva Henriquez,20171,L2,V1,2026-02-22 20:39:59,2026-02-22 21:38:43,CC→CW,2026-02-22,,20171,20171,570,Monedero
2352,54439969,Laguna Quinenco,Costa Mar,20068,L2,V1,2026-02-22 15:20:33,2026-02-22 16:09:36,CW→CC,2026-02-22,,20068,20068,650,Monedero
2353,54439994,Lomas Coloradas,Concepcion,20068,L2,V1,2026-02-22 15:49:41,2026-02-22 16:25:13,CW→CC,2026-02-22,,20068,20068,570,Monedero
2354,54439994,Concepcion,Lomas Coloradas,20167,L2,V1,2026-02-22 19:23:43,2026-02-22 20:24:23,CC→CW,2026-02-22,,20167,20167,570,Monedero
2355,54439998,Cdal. Raul Silva Henriquez,Los Canelos,20053,L2,V1,2026-02-22 12:29:24,2026-02-22 12:43:30,CC→CW,2026-02-22,,20053,20053,610,Monedero
2356,54439998,Los Canelos,Cdal. Raul Silva Henriquez,20166,L2,V1,2026-02-22 19:23:01,2026-02-22 19:37:51,CW→CC,2026-02-22,,20166,20166,610,Monedero
2357,54440805,Higueras,Concepcion,20845,L1,V1,2026-02-22 15:59:55,2026-02-22 16:27:37,TH→HQ,2026-02-22,,20845,20845,500,Monedero
2358,54440805,Higueras,Concepcion,20845,L1,V1,2026-02-22 16:00:09,2026-02-22 16:27:33,TH→HQ,2026-02-22,,20845,20845,500,Monedero
2359,54440805,Concepcion,Concepcion,,,N/A,2026-02-22 19:45:14,2026-02-22 19:46:37,,2026-02-22,no viajo,,,420,Monedero
2360,54440805,Concepcion,Concepcion,,,N/A,2026-02-22 19:45:21,2026-02-22 19:46:31,,2026-02-22,no viajo,,,420,Monedero
2361,54441107,Juan Pablo II,Lomas Coloradas,20153,L2,V1,2026-02-22 09:20:45,2026-02-22 09:39:15,CC→CW,2026-02-22,,20153,20153,510,Monedero
2362,54441814,Cristo Redentor,El Parque,20056,L2,V1,2026-02-22 12:03:47,2026-02-22 12:45:08,CW→CC,2026-02-22,,20056,20056,630,Monedero
2363,54441814,El Parque,Cristo Redentor,20059,L2,V1,2026-02-22 13:26:12,2026-02-22 13:58:53,CC→CW,2026-02-22,,20059,20059,630,Monedero
2364,54443334,Concepcion,El Parque,20035,L2,V1,2026-02-22 09:55:32,2026-02-22 10:22:37,CC→CW,2026-02-22,,20035,20035,570,Monedero
2365,54445782,Juan Pablo II,Lomas Coloradas,20171,L2,V1,2026-02-22 20:55:52,2026-02-22 21:32:25,CC→CW,2026-02-22,,20171,20171,510,Monedero
2366,54445782,Juan Pablo II,Lomas Coloradas,20171,L2,V1,2026-02-22 20:56:01,2026-02-22 21:32:20,CC→CW,2026-02-22,,20171,20171,510,Monedero
2367,54446884,Cdal. Raul Silva Henriquez,Juan Pablo II,20066,L2,V1,2026-02-22 14:50:18,2026-02-22 15:17:44,CW→CC,2026-02-22,,20066,20066,510,Monedero
2368,54447250,Concepcion,Costa Mar,20053,L2,V1,2026-02-22 11:51:18,2026-02-22 12:27:36,CC→CW,2026-02-22,,20053,20051,570,Monedero
2369,54447285,Costa Mar,Cdal. Raul Silva Henriquez,20161,L2,V1,2026-02-22 18:46:18,2026-02-22 19:27:14,CC→CW,2026-02-22,,20161,20161,430,Monedero
2370,54448237,Cristo Redentor,Concepcion,20050,L2,V1,2026-02-22 10:47:40,2026-02-22 11:45:05,CW→CC,2026-02-22,,20050,20050,850,Monedero
2371,54448237,Concepcion,Cdal. Raul Silva Henriquez,20167,L2,V1,2026-02-22 19:49:46,2026-02-22 20:29:19,CC→CW,2026-02-22,,20167,20167,570,Monedero
2372,54448330,Los Canelos,Concepcion,20162,L2,V1,2026-02-22 18:11:49,2026-02-22 19:00:02,CW→CC,2026-02-22,,20162,20162,850,Monedero
2373,54448388,Hito Galvarino,Laguna Quinenco,20051,L2,V1,2026-02-22 12:11:28,2026-02-22 12:26:25,CC→CW,2026-02-22,,20051,20051,530,Monedero
2374,54448635,Cristo Redentor,El Parque,20056,L2,V1,2026-02-22 12:03:45,2026-02-22 12:44:58,CW→CC,2026-02-22,,20056,20056,630,Monedero
2375,54448635,El Parque,Cristo Redentor,20059,L2,V1,2026-02-22 13:26:17,2026-02-22 13:59:10,CC→CW,2026-02-22,,20059,20059,630,Monedero
2376,54449227,Laguna Quinenco,Alborada,20166,L2,V1,2026-02-22 19:11:11,2026-02-22 19:48:01,CW→CC,2026-02-22,,20166,20166,790,Monedero
2377,54451228,Lomas Coloradas,Concepcion,20044,L2,V1,2026-02-22 10:27:32,2026-02-22 10:51:24,CW→CC,2026-02-22,,20044,20044,570,Monedero
2378,54451228,Concepcion,Lomas Coloradas,20171,L2,V1,2026-02-22 20:46:33,2026-02-22 21:31:04,CC→CW,2026-02-22,,20171,20171,570,Monedero
2379,54453415,Laguna Quinenco,Concepcion,20160,L2,V1,2026-02-22 17:46:08,2026-02-22 18:29:34,CW→CC,2026-02-22,,20160,20160,880,Monedero
2380,54453458,Coronel,Juan Pablo II,20160,L2,V1,2026-02-22 17:30:46,2026-02-22 18:23:17,CW→CC,2026-02-22,,20160,20160,790,Monedero
2381,54454667,Cristo Redentor,Concepcion,20152,L2,V1,2026-02-22 08:36:41,2026-02-22 09:16:36,CW→CC,2026-02-22,,20152,20152,850,Monedero
2382,54454667,Concepcion,Cristo Redentor,20163,L2,V1,2026-02-22 18:54:17,2026-02-22 19:41:09,CC→CW,2026-02-22,,20163,20163,850,Monedero
2383,54454908,Lomas Coloradas,Concepcion,20056,L2,V1,2026-02-22 12:39:26,2026-02-22 13:07:36,CW→CC,2026-02-22,,20056,20056,570,Monedero
2384,54454908,Lomas Coloradas,Concepcion,20056,L2,V1,2026-02-22 12:39:30,2026-02-22 13:07:33,CW→CC,2026-02-22,,20056,20056,570,Monedero
2385,54454908,Concepcion,Lomas Coloradas,20163,L2,V1,2026-02-22 18:56:46,2026-02-22 19:23:39,CC→CW,2026-02-22,,20163,20163,570,Monedero
2386,54455478,Cristo Redentor,Concepcion,20152,L2,V1,2026-02-22 08:22:30,2026-02-22 09:15:54,CW→CC,2026-02-22,,20152,20152,850,Monedero
2387,54456435,Coronel,Concepcion,20068,L2,V1,2026-02-22 15:26:04,2026-02-22 16:25:47,CW→CC,2026-02-22,,20068,20068,880,Monedero
2388,54457224,Costa Mar,Laguna Quinenco,20067,L2,V1,2026-02-22 15:30:26,2026-02-22 16:12:23,CC→CW,2026-02-22,,20067,20067,650,Monedero
2389,54457224,Laguna Quinenco,Costa Mar,20160,L2,V1,2026-02-22 17:31:00,2026-02-22 18:13:31,CW→CC,2026-02-22,,20160,20160,650,Monedero
2390,54457371,Huinca,El Parque,20068,L2,V1,2026-02-22 15:33:53,2026-02-22 16:08:03,CW→CC,2026-02-22,,20068,20068,630,Monedero
2391,54457371,El Parque,Los Canelos,20069,L2,V1,2026-02-22 16:56:18,2026-02-22 17:19:35,CC→CW,2026-02-22,,20069,20069,610,Monedero
2392,54458180,El Parque,Coronel,20049,L2,V1,2026-02-22 11:38:52,2026-02-22 12:13:46,CC→CW,2026-02-22,,20049,20049,650,Monedero
2393,54459794,Costa Mar,Concepcion,20066,L2,V1,2026-02-22 14:49:37,2026-02-22 15:25:28,CW→CC,2026-02-22,,20066,20066,570,Monedero
2394,54459794,Concepcion,Costa Mar,20163,L2,V1,2026-02-22 18:40:15,2026-02-22 19:18:36,CC→CW,2026-02-22,,20163,20163,570,Monedero
2395,54459862,Concepcion,Laguna Quinenco,20059,L2,V1,2026-02-22 12:52:51,2026-02-22 14:03:56,CC→CW,2026-02-22,,20059,20059,880,Monedero
2396,54459862,Concepcion,Laguna Quinenco,20059,L2,V1,2026-02-22 12:52:56,2026-02-22 14:03:50,CC→CW,2026-02-22,,20059,20059,880,Monedero
2397,54459862,Laguna Quinenco,Concepcion,20162,L2,V1,2026-02-22 17:58:10,2026-02-22 19:01:48,CW→CC,2026-02-22,,20162,20162,880,Monedero
2398,54459862,Laguna Quinenco,Concepcion,20162,L2,V1,2026-02-22 17:58:19,2026-02-22 19:01:42,CW→CC,2026-02-22,,20162,20162,880,Monedero
2399,54459862,Laguna Quinenco,Concepcion,20162,L2,V1,2026-02-22 17:58:37,2026-02-22 19:01:36,CW→CC,2026-02-22,,20162,20162,880,Monedero
2400,54460101,Los Canelos,Costa Mar,20166,L2,V1,2026-02-22 19:01:50,2026-02-22 19:45:29,CW→CC,2026-02-22,,20166,20166,610,Monedero
2401,54460176,Laguna Quinenco,Concepcion,20040,L2,V1,2026-02-22 09:41:26,2026-02-22 10:26:35,CW→CC,2026-02-22,,20040,20040,880,Monedero
2402,54460176,Concepcion,Laguna Quinenco,20059,L2,V1,2026-02-22 12:23:28,2026-02-22 14:04:54,CC→CW,2026-02-22,,20059,20059,880,Monedero
2403,54460920,Costa Mar,Coronel,20063,L2,V1,2026-02-22 14:46:33,2026-02-22 15:21:11,CC→CW,2026-02-22,,20063,20063,650,Monedero
2404,54461570,Hito Galvarino,Laguna Quinenco,20041,L2,V1,2026-02-22 10:52:37,2026-02-22 11:09:40,CC→CW,2026-02-22,,20041,20041,530,Monedero
2405,54462238,Costa Mar,Laguna Quinenco,20063,L2,V1,2026-02-22 14:29:43,2026-02-22 15:18:09,CC→CW,2026-02-22,,20063,20063,650,Monedero
2406,54462769,Costa Mar,Lomas Coloradas,20167,L2,V1,2026-02-22 20:06:52,2026-02-22 20:23:46,CC→CW,2026-02-22,,20167,20167,430,Monedero
2407,54463955,Los Canelos,Concepcion,20050,L2,V1,2026-02-22 10:53:06,2026-02-22 11:41:51,CW→CC,2026-02-22,,20050,20050,850,Monedero
2408,54463955,Concepcion,Concepcion,,,N/A,2026-02-22 15:30:28,2026-02-22 15:32:46,,2026-02-22,no viajo,,,420,Monedero
2409,54464493,Huinca,Concepcion,20076,L2,V1,2026-02-22 16:39:00,2026-02-22 17:28:50,CW→CC,2026-02-22,,20076,20076,850,Monedero
2410,54464493,Concepcion,Cdal. Raul Silva Henriquez,20167,L2,V1,2026-02-22 19:54:36,2026-02-22 20:31:47,CC→CW,2026-02-22,,20167,20167,570,Monedero
2411,54465195,Laguna Quinenco,Concepcion,20056,L2,V1,2026-02-22 12:17:38,2026-02-22 18:53:53,CW→CC,2026-02-22,,20056,20056,880,Monedero
2412,54466529,Coronel,Concepcion,20076,L2,V1,2026-02-22 16:35:56,2026-02-22 17:28:37,CW→CC,2026-02-22,,20076,20076,880,Monedero
2413,54466687,Hualqui,Higueras,20844,L1,V1,2026-02-22 12:08:13,2026-02-22 13:20:33,HQ→TH,2026-02-22,,20844,20844,560,Monedero
2414,54466757,Huinca,Concepcion,20068,L2,V1,2026-02-22 15:30:02,2026-02-22 16:26:44,CW→CC,2026-02-22,,20068,20068,850,Monedero
2415,54467472,Los Canelos,Coronel,20059,L2,V1,2026-02-22 13:44:08,2026-02-22 14:04:32,CC→CW,2026-02-22,,20059,20059,530,Monedero
2416,54467526,Cdal. Raul Silva Henriquez,Juan Pablo II,20040,L2,V1,2026-02-22 09:49:27,2026-02-22 10:15:16,CW→CC,2026-02-22,,20040,20040,510,Monedero
2417,54469058,Alborada,Lomas Coloradas,20049,L2,V1,2026-02-22 11:42:15,2026-02-22 11:51:56,CC→CW,2026-02-22,,20049,20049,510,Monedero
2418,54469185,Costa Mar,Cdal. Raul Silva Henriquez,20041,L2,V1,2026-02-22 10:43:19,2026-02-22 10:54:02,CC→CW,2026-02-22,,20041,20041,430,Monedero
2419,54469388,Diagonal Bio Bio,Lomas Coloradas,20163,L2,V1,2026-02-22 18:57:04,2026-02-22 19:23:42,CC→CW,2026-02-22,,20163,20163,510,Monedero
2420,54469407,Concepcion,Cdal. Raul Silva Henriquez,20059,L2,V1,2026-02-22 12:35:00,2026-02-22 13:45:02,CC→CW,2026-02-22,combo_por_entrada,20059,20059,590,Monedero
2421,54469407,Cdal. Raul Silva Henriquez,Concepcion,20076,L2,V1,2026-02-22 16:58:17,2026-02-22 17:48:39,CW→CC,2026-02-22,combo_por_entrada,20076,20846,590,Monedero
2422,54469463,Costa Mar,Concepcion,20040,L2,V1,2026-02-22 10:00:44,2026-02-22 10:23:05,CW→CC,2026-02-22,,20040,20040,570,Monedero
2423,54469463,Concepcion,Costa Mar,20167,L2,V1,2026-02-22 19:36:17,2026-02-22 20:22:34,CC→CW,2026-02-22,,20167,20167,570,Monedero
2424,54471042,Concepcion,Coronel,20051,L2,V1,2026-02-22 11:41:11,2026-02-22 12:29:35,CC→CW,2026-02-22,,20051,20051,880,Monedero
2425,54471932,Concepcion,Coronel,20059,L2,V1,2026-02-22 12:23:14,2026-02-22 14:04:38,CC→CW,2026-02-22,,20059,20059,880,Monedero
2426,54473538,Los Canelos,Concepcion,20040,L2,V1,2026-02-22 09:36:42,2026-02-22 10:22:08,CW→CC,2026-02-22,,20040,20040,850,Monedero
2427,54473560,Cdal. Raul Silva Henriquez,Concepcion,20152,L2,V1,2026-02-22 08:44:54,2026-02-22 09:17:01,CW→CC,2026-02-22,,20152,20152,570,Monedero
2428,54473560,Concepcion,Cdal. Raul Silva Henriquez,20171,L2,V1,2026-02-22 20:56:51,2026-02-22 21:34:32,CC→CW,2026-02-22,,20171,20171,570,Monedero
2429,54474416,Concepcion,Los Canelos,20163,L2,V1,2026-02-22 18:39:36,2026-02-22 19:36:33,CC→CW,2026-02-22,,20163,20163,850,Monedero
2430,54474648,Juan Pablo II,Lomas Coloradas,20067,L2,V1,2026-02-22 15:19:39,2026-02-22 15:51:41,CC→CW,2026-02-22,,20067,20067,510,Monedero
2431,54474724,Concepcion,Laguna Quinenco,20161,L2,V1,2026-02-22 18:23:14,2026-02-22 19:12:01,CC→CW,2026-02-22,,20161,20161,880,Monedero
2432,54476121,El Parque,Diagonal Bio Bio,20062,L2,V1,2026-02-22 13:49:26,2026-02-22 14:24:16,CW→CC,2026-02-22,,20062,20062,510,Monedero
2433,54477914,Concepcion,Laguna Quinenco,20069,L2,V1,2026-02-22 16:33:34,2026-02-22 17:29:35,CC→CW,2026-02-22,,20069,20069,880,Monedero
2434,54478099,Laguna Quinenco,Concepcion,20156,L2,V1,2026-02-22 08:48:24,2026-02-22 10:06:56,CW→CC,2026-02-22,,20156,20156,880,Monedero
2435,54478394,Cristo Redentor,Concepcion,20156,L2,V1,2026-02-22 09:12:04,2026-02-22 10:03:57,CW→CC,2026-02-22,,20156,20156,850,Monedero
2436,54478394,Cristo Redentor,Concepcion,20156,L2,V1,2026-02-22 09:12:10,2026-02-22 10:03:51,CW→CC,2026-02-22,,20156,20156,850,Monedero
2437,54478394,Cristo Redentor,Concepcion,20156,L2,V1,2026-02-22 09:12:22,2026-02-22 10:03:47,CW→CC,2026-02-22,,20156,20156,850,Monedero
2438,54478394,Concepcion,Cristo Redentor,20059,L2,V1,2026-02-22 12:29:28,2026-02-22 13:59:19,CC→CW,2026-02-22,,20059,20059,850,Monedero
2439,54478394,Concepcion,Cristo Redentor,20059,L2,V1,2026-02-22 12:29:39,2026-02-22 13:59:12,CC→CW,2026-02-22,,20059,20059,850,Monedero
2440,54478394,Concepcion,Cristo Redentor,20059,L2,V1,2026-02-22 12:29:57,2026-02-22 13:58:58,CC→CW,2026-02-22,,20059,20059,850,Monedero
2441,54481110,Concepcion,Lomas Coloradas,20167,L2,V1,2026-02-22 19:50:43,2026-02-22 20:25:36,CC→CW,2026-02-22,,20167,20167,570,Monedero
2442,54482719,Concepcion,Cdal. Raul Silva Henriquez,20157,L2,V1,2026-02-22 17:07:54,2026-02-22 17:54:53,CC→CW,2026-02-22,,20157,20157,570,Monedero
2443,54482796,Concepcion,Los Canelos,20063,L2,V1,2026-02-22 14:22:05,2026-02-22 15:11:50,CC→CW,2026-02-22,,20063,20063,850,Monedero
2444,54482796,Concepcion,Los Canelos,20063,L2,V1,2026-02-22 14:22:13,2026-02-22 15:11:44,CC→CW,2026-02-22,,20063,20063,850,Monedero
2445,54483233,Concepcion,Huinca,20069,L2,V1,2026-02-22 16:31:48,2026-02-22 17:24:16,CC→CW,2026-02-22,,20069,20069,850,Monedero
2446,54483233,Concepcion,Huinca,20069,L2,V1,2026-02-22 16:31:56,2026-02-22 17:22:09,CC→CW,2026-02-22,,20069,20069,850,Monedero
2447,54483388,Huinca,Coronel,20041,L2,V1,2026-02-22 10:54:49,2026-02-22 11:12:57,CC→CW,2026-02-22,,20041,20041,450,Monedero
2448,54483518,Diagonal Bio Bio,Concepcion,20040,L2,V1,2026-02-22 10:03:13,2026-02-22 10:21:40,CW→CC,2026-02-22,,20040,20040,570,Monedero
2449,54483575,Hito Galvarino,Concepcion,20076,L2,V1,2026-02-22 16:49:36,2026-02-22 17:30:08,CW→CC,2026-02-22,,20076,20076,850,Monedero
2450,54484127,Los Canelos,Hito Galvarino,20166,L2,V1,2026-02-22 19:22:47,2026-02-22 19:31:13,CW→CC,2026-02-22,,20166,20166,440,Monedero
2451,54484418,Los Condores,Concepcion,20845,L1,V1,2026-02-22 15:58:52,2026-02-22 17:09:34,TH→HQ,2026-02-22,combo_por_entrada,20845,20845,590,Monedero
2452,54484418,Los Condores,Concepcion,20845,L1,V1,2026-02-22 15:59:09,2026-02-22 17:09:16,TH→HQ,2026-02-22,combo_por_entrada,20845,20069,590,Monedero
2453,54484418,Cdal. Raul Silva Henriquez,Juan Pablo II,20162,L2,V1,2026-02-22 18:29:43,2026-02-22 18:53:28,CW→CC,2026-02-22,,20162,20162,510,Monedero
2454,54484418,Cdal. Raul Silva Henriquez,Juan Pablo II,20162,L2,V1,2026-02-22 18:29:48,2026-02-22 18:53:09,CW→CC,2026-02-22,,20162,20162,510,Monedero
2455,54484781,Los Canelos,Concepcion,20058,L2,V1,2026-02-22 12:38:29,2026-02-22 13:17:06,CW→CC,2026-02-22,,20058,20058,850,Monedero
2456,54484781,Concepcion,Los Canelos,20157,L2,V1,2026-02-22 17:12:52,2026-02-22 18:04:50,CC→CW,2026-02-22,,20157,20157,850,Monedero
2457,54484980,Juan Pablo II,Concepcion,20166,L2,V1,2026-02-22 18:46:31,2026-02-22 21:02:02,CW→CC,2026-02-22,combo_por_entrada,20166,20847,600,Monedero
2458,54485529,Cdal. Raul Silva Henriquez,Juan Pablo II,20076,L2,V1,2026-02-22 16:59:14,2026-02-22 17:21:36,CW→CC,2026-02-22,,20076,20076,510,Monedero
2459,54485529,Juan Pablo II,Cdal. Raul Silva Henriquez,20163,L2,V1,2026-02-22 19:02:24,2026-02-22 19:26:51,CC→CW,2026-02-22,,20163,20163,510,Monedero
2460,54485930,Cdal. Raul Silva Henriquez,Los Canelos,20059,L2,V1,2026-02-22 13:38:25,2026-02-22 13:57:31,CC→CW,2026-02-22,,20059,20059,610,Monedero
2461,54485930,Los Canelos,Cdal. Raul Silva Henriquez,20166,L2,V1,2026-02-22 19:16:04,2026-02-22 19:38:16,CW→CC,2026-02-22,,20166,20166,610,Monedero
2462,54486722,Cdal. Raul Silva Henriquez,Laguna Quinenco,20035,L2,V1,2026-02-22 10:17:49,2026-02-22 10:45:03,CC→CW,2026-02-22,,20035,20035,650,Monedero
2463,54486843,Cdal. Raul Silva Henriquez,Concepcion,20170,L2,V1,2026-02-22 20:28:13,2026-02-22 21:04:33,CW→CC,2026-02-22,,20170,20170,570,Monedero
2464,54486843,Cdal. Raul Silva Henriquez,Concepcion,20170,L2,V1,2026-02-22 20:28:17,2026-02-22 21:04:28,CW→CC,2026-02-22,,20170,20170,570,Monedero
2465,54487753,Lomas Coloradas,Concepcion,20062,L2,V1,2026-02-22 14:03:29,2026-02-22 14:32:59,CW→CC,2026-02-22,,20062,20062,570,Monedero
2466,54487754,Huinca,Juan Pablo II,20050,L2,V1,2026-02-22 10:49:40,2026-02-22 11:32:06,CW→CC,2026-02-22,,20050,20050,680,Monedero
2467,54488433,Laguna Quinenco,Los Canelos,20040,L2,V1,2026-02-22 09:33:39,2026-02-22 09:51:36,CW→CC,2026-02-22,,20040,20040,530,Monedero
2468,54489368,Costa Mar,Coronel,20059,L2,V1,2026-02-22 13:02:48,2026-02-22 14:05:21,CC→CW,2026-02-22,,20059,20059,650,Monedero
2469,54489368,Costa Mar,Coronel,20059,L2,V1,2026-02-22 13:02:54,2026-02-22 14:05:17,CC→CW,2026-02-22,,20059,20059,650,Monedero
2470,54489604,Coronel,Concepcion,20160,L2,V1,2026-02-22 17:33:37,2026-02-22 18:31:25,CW→CC,2026-02-22,,20160,20160,880,Monedero
2471,54490191,Los Canelos,Concepcion,20156,L2,V1,2026-02-22 09:20:58,2026-02-22 19:36:17,CW→CC,2026-02-22,,20156,20156,850,Monedero
2472,54490191,Los Canelos,Concepcion,20156,L2,V1,2026-02-22 09:21:07,2026-02-22 10:10:08,CW→CC,2026-02-22,,20156,20156,850,Monedero
2473,54490191,Los Canelos,Concepcion,20156,L2,V1,2026-02-22 09:21:14,2026-02-22 10:10:01,CW→CC,2026-02-22,,20156,20156,850,Monedero
2474,54490191,Los Canelos,Concepcion,20156,L2,V1,2026-02-22 09:21:18,2026-02-22 10:09:51,CW→CC,2026-02-22,,20156,20156,850,Monedero
2475,54490191,Los Canelos,Concepcion,20156,L2,V1,2026-02-22 09:21:26,2026-02-22 10:09:42,CW→CC,2026-02-22,,20156,20156,850,Monedero
2476,54490191,Concepcion,Cdal. Raul Silva Henriquez,20167,L2,V1,2026-02-22 19:36:22,2026-02-22 20:31:12,CC→CW,2026-02-22,,20167,20167,570,Monedero
2477,54490191,Concepcion,Cdal. Raul Silva Henriquez,20167,L2,V1,2026-02-22 19:36:28,2026-02-22 20:31:08,CC→CW,2026-02-22,,20167,20167,570,Monedero
2478,54490191,Concepcion,Cdal. Raul Silva Henriquez,20167,L2,V1,2026-02-22 19:36:33,2026-02-22 20:31:03,CC→CW,2026-02-22,,20167,20167,570,Monedero
2479,54490191,Concepcion,Cdal. Raul Silva Henriquez,20167,L2,V1,2026-02-22 19:36:37,2026-02-22 20:30:50,CC→CW,2026-02-22,,20167,20167,570,Monedero
2480,54490236,Manquimavida,El Arenal,20880,L1,V1,2026-02-22 21:06:58,2026-02-22 22:27:23,HQ→TH,2026-02-22,,20880,20880,550,Monedero
2481,54490236,Manquimavida,El Arenal,20880,L1,V1,2026-02-22 21:07:05,2026-02-22 22:27:16,HQ→TH,2026-02-22,,20880,20880,550,Monedero
2482,54491032,Lomas Coloradas,Concepcion,20062,L2,V1,2026-02-22 14:03:28,2026-02-22 14:32:55,CW→CC,2026-02-22,,20062,20062,570,Monedero
2483,54491197,Lomas Coloradas,Diagonal Bio Bio,20170,L2,V1,2026-02-22 20:15:36,2026-02-22 20:53:35,CW→CC,2026-02-22,,20170,20170,510,Monedero
2484,54491226,Juan Pablo II,Cdal. Raul Silva Henriquez,20171,L2,V1,2026-02-22 21:03:01,2026-02-22 21:36:15,CC→CW,2026-02-22,,20171,20171,510,Monedero
2485,54491287,Juan Pablo II,Concepcion,20068,L2,V1,2026-02-22 16:08:26,2026-02-22 16:26:05,CW→CC,2026-02-22,,20068,20068,570,Monedero
2486,54491287,Concepcion,Diagonal Bio Bio,20157,L2,V1,2026-02-22 17:16:29,2026-02-22 17:41:27,CC→CW,2026-02-22,,20157,20157,570,Monedero
2487,54492072,Cdal. Raul Silva Henriquez,Concepcion,20050,L2,V1,2026-02-22 11:11:45,2026-02-22 11:42:53,CW→CC,2026-02-22,,20050,20050,570,Monedero
2488,54492072,Concepcion,Cdal. Raul Silva Henriquez,20067,L2,V1,2026-02-22 14:42:59,2026-02-22 15:54:22,CC→CW,2026-02-22,,20067,20063,570,Monedero
2489,54492120,Los Canelos,Concepcion,,,N/A,2026-02-22 09:43:28,2026-02-22 10:07:35,,2026-02-22,sin_combo_factible_en_hub|sin_s1_factible_retro,,,850,Monedero
2490,54492120,Los Canelos,Concepcion,,,N/A,2026-02-22 09:43:36,2026-02-22 10:07:28,,2026-02-22,sin_combo_factible_en_hub|sin_s1_factible_retro,,,850,Monedero
2491,54492120,Concepcion,Los Canelos,20069,L2,V1,2026-02-22 16:26:13,2026-02-22 17:22:03,CC→CW,2026-02-22,,20069,20069,850,Monedero
2492,54492120,Concepcion,Los Canelos,20069,L2,V1,2026-02-22 16:26:17,2026-02-22 17:20:00,CC→CW,2026-02-22,,20069,20069,850,Monedero
2493,54492223,Lomas Coloradas,Costa Mar,20058,L2,V1,2026-02-22 12:46:44,2026-02-22 13:00:42,CW→CC,2026-02-22,,20058,20056,430,Monedero
2494,54492782,Concepcion,Concepcion,20859,,V1,2026-02-22 09:42:50,2026-02-22 20:36:44,,2026-02-22,no viajo,20859,20859,500,Monedero
2495,54492782,Concepcion,Los Condores,20848,L1,V1,2026-02-22 20:36:49,2026-02-22 21:20:33,HQ→TH,2026-02-22,,20848,20848,500,Monedero
2496,54492988,Concepcion,Lomas Coloradas,20157,L2,V1,2026-02-22 17:24:12,2026-02-22 17:51:55,CC→CW,2026-02-22,,20157,20157,570,Monedero
2497,54492988,Lomas Coloradas,Concepcion,,,N/A,2026-02-22 20:34:02,2026-02-22 21:03:21,,2026-02-22,sin_combo_factible_en_hub|sin_s1_factible_retro,,,570,Monedero
2498,54493395,Los Canelos,Concepcion,20156,L2,V1,2026-02-22 09:25:30,2026-02-22 10:02:51,CW→CC,2026-02-22,,20156,20156,850,Monedero
2499,54493395,Costa Mar,Los Canelos,20063,L2,V1,2026-02-22 14:45:00,2026-02-22 15:11:20,CC→CW,2026-02-22,,20063,20063,610,Monedero
2500,54493512,Lzo. Arenas,Hualqui,20845,L1,V1,2026-02-22 16:12:42,2026-02-22 17:02:37,TH→HQ,2026-02-22,,20845,20845,550,Monedero
2501,54493713,Concepcion,Costa Mar,20167,L2,V1,2026-02-22 19:57:10,2026-02-22 20:17:50,CC→CW,2026-02-22,,20167,20167,570,Monedero
2502,54494431,El Parque,Lomas Coloradas,20069,L2,V1,2026-02-22 16:39:38,2026-02-22 17:05:27,CC→CW,2026-02-22,,20069,20069,430,Monedero
2503,54494697,Cdal. Raul Silva Henriquez,El Parque,20076,L2,V1,2026-02-22 16:41:04,2026-02-22 17:13:02,CW→CC,2026-02-22,,20076,20076,430,Monedero
2504,54494697,El Parque,Cdal. Raul Silva Henriquez,20163,L2,V1,2026-02-22 19:07:34,2026-02-22 19:26:44,CC→CW,2026-02-22,,20163,20163,430,Monedero
2505,54495149,Cristo Redentor,Diagonal Bio Bio,20056,L2,V1,2026-02-22 12:05:06,2026-02-22 12:51:19,CW→CC,2026-02-22,,20056,20056,680,Monedero
2506,54495341,Cristo Redentor,Concepcion,20160,L2,V1,2026-02-22 17:45:17,2026-02-22 18:28:50,CW→CC,2026-02-22,,20160,20160,850,Monedero
2507,54495488,Laguna Quinenco,Concepcion,20058,L2,V1,2026-02-22 12:25:23,2026-02-22 13:17:22,CW→CC,2026-02-22,,20058,20056,880,Monedero
2508,54495488,Concepcion,Laguna Quinenco,20161,L2,V1,2026-02-22 18:22:53,2026-02-22 19:13:45,CC→CW,2026-02-22,,20161,20161,880,Monedero
2509,54495529,Concepcion,Pedro Medina,20845,L1,V1,2026-02-22 16:25:28,2026-02-22 16:44:16,TH→HQ,2026-02-22,,20845,20845,510,Monedero
2510,54495661,Concepcion,Lomas Coloradas,20167,L2,V1,2026-02-22 19:39:52,2026-02-22 20:24:27,CC→CW,2026-02-22,,20167,20167,570,Monedero
2511,54495707,Cristo Redentor,Diagonal Bio Bio,20162,L2,V1,2026-02-22 18:20:17,2026-02-22 18:51:42,CW→CC,2026-02-22,,20162,20162,680,Monedero
2512,54495906,Lomas Coloradas,Concepcion,20066,L2,V1,2026-02-22 14:40:47,2026-02-22 15:23:38,CW→CC,2026-02-22,,20066,20066,570,Monedero
2513,54495906,Concepcion,Lomas Coloradas,20161,L2,V1,2026-02-22 18:12:30,2026-02-22 18:50:33,CC→CW,2026-02-22,,20161,20161,570,Monedero
2514,54495965,Lomas Coloradas,Concepcion,20044,L2,V1,2026-02-22 10:23:13,2026-02-22 10:49:16,CW→CC,2026-02-22,,20044,20044,570,Monedero
2515,54496242,Diagonal Bio Bio,El Parque,20171,L2,V1,2026-02-22 20:39:46,2026-02-22 21:28:10,CC→CW,2026-02-22,,20171,20171,510,Monedero
2516,54497295,Laguna Quinenco,Cristo Redentor,20160,L2,V1,2026-02-22 17:41:02,2026-02-22 17:52:01,CW→CC,2026-02-22,,20160,20160,450,Monedero
2517,54497458,Hito Galvarino,Costa Mar,20066,L2,V1,2026-02-22 14:48:28,2026-02-22 15:08:32,CW→CC,2026-02-22,,20066,20066,610,Monedero
2518,54497588,Concepcion,Lomas Coloradas,20171,L2,V1,2026-02-22 20:16:32,2026-02-22 21:31:41,CC→CW,2026-02-22,,20171,20171,570,Monedero
2519,54497812,Chiguayante,Higueras,20846,L1,V1,2026-02-22 17:13:13,2026-02-22 17:52:28,HQ→TH,2026-02-22,,20846,20846,540,Monedero
2520,54498656,Alborada,Cristo Redentor,20035,L2,V1,2026-02-22 10:13:23,2026-02-22 10:42:50,CC→CW,2026-02-22,,20035,20035,680,Monedero
2521,54498656,Cristo Redentor,Alborada,20050,L2,V1,2026-02-22 11:00:45,2026-02-22 11:27:26,CW→CC,2026-02-22,,20050,20050,680,Monedero
2522,54498656,Alborada,Cristo Redentor,20069,L2,V1,2026-02-22 16:43:30,2026-02-22 17:25:25,CC→CW,2026-02-22,,20069,20069,680,Monedero
2523,54498656,Cristo Redentor,Alborada,20160,L2,V1,2026-02-22 17:42:11,2026-02-22 18:15:46,CW→CC,2026-02-22,,20160,20160,680,Monedero
2524,54498988,Concepcion,La Leonera,20845,L1,V1,2026-02-22 15:50:34,2026-02-22 16:50:12,TH→HQ,2026-02-22,combo_por_entrada,20845,20845,590,Monedero
2525,54498988,Lomas Coloradas,Concepcion,20068,L2,V1,2026-02-22 15:50:42,2026-02-22 16:50:04,CW→CC,2026-02-22,combo_por_entrada,20068,20845,590,Monedero
2526,54499293,Concepcion,Cdal. Raul Silva Henriquez,20171,L2,V1,2026-02-22 20:57:38,2026-02-22 21:35:53,CC→CW,2026-02-22,,20171,20171,570,Monedero
2527,54499293,Concepcion,Cdal. Raul Silva Henriquez,20171,L2,V1,2026-02-22 20:57:48,2026-02-22 21:35:48,CC→CW,2026-02-22,,20171,20171,570,Monedero
2528,54499544,El Parque,Concepcion,20066,L2,V1,2026-02-22 14:32:05,2026-02-22 15:24:29,CW→CC,2026-02-22,,20066,20066,570,Monedero
2529,54499544,El Parque,Concepcion,20066,L2,V1,2026-02-22 14:32:11,2026-02-22 15:24:24,CW→CC,2026-02-22,,20066,20066,570,Monedero
2530,54499544,El Parque,Concepcion,20066,L2,V1,2026-02-22 14:32:15,2026-02-22 15:24:19,CW→CC,2026-02-22,,20066,20066,570,Monedero
2531,54499544,El Parque,Concepcion,20066,L2,V1,2026-02-22 14:32:19,2026-02-22 15:24:13,CW→CC,2026-02-22,,20066,20066,570,Monedero
2532,54499544,El Parque,Concepcion,20066,L2,V1,2026-02-22 14:32:25,2026-02-22 15:24:08,CW→CC,2026-02-22,,20066,20066,570,Monedero
2533,54499837,Cristo Redentor,Concepcion,20076,L2,V1,2026-02-22 16:23:57,2026-02-22 17:29:50,CW→CC,2026-02-22,,20076,20076,850,Monedero
2534,54499899,Diagonal Bio Bio,Lomas Coloradas,20167,L2,V1,2026-02-22 19:47:09,2026-02-22 20:24:52,CC→CW,2026-02-22,,20167,20167,510,Monedero
2535,54500324,Concepcion,Coronel,20153,L2,V1,2026-02-22 09:05:04,2026-02-22 10:02:48,CC→CW,2026-02-22,,20153,20153,880,Monedero
2536,54500346,Cdal. Raul Silva Henriquez,Hito Galvarino,20051,L2,V1,2026-02-22 12:03:39,2026-02-22 12:15:10,CC→CW,2026-02-22,,20051,20051,610,Monedero
2537,54500346,Cdal. Raul Silva Henriquez,Hito Galvarino,20051,L2,V1,2026-02-22 12:03:59,2026-02-22 12:15:03,CC→CW,2026-02-22,,20051,20051,610,Monedero
2538,54502306,Huinca,Costa Mar,20152,L2,V1,2026-02-22 08:34:11,2026-02-22 09:01:22,CW→CC,2026-02-22,,20152,20152,630,Monedero
2539,54502306,Concepcion,Huinca,20163,L2,V1,2026-02-22 18:58:02,2026-02-22 19:38:24,CC→CW,2026-02-22,,20163,20163,850,Monedero
2540,54502470,Diagonal Bio Bio,Coronel,20149,L2,V1,2026-02-22 08:37:34,2026-02-22 09:15:20,CC→CW,2026-02-22,,20149,20149,790,Monedero
2541,54503210,Cristo Redentor,Concepcion,20040,L2,V1,2026-02-22 09:44:36,2026-02-22 10:23:36,CW→CC,2026-02-22,,20040,20040,0,Otros
2542,54503246,Cristo Redentor,Concepcion,20050,L2,V1,2026-02-22 11:00:58,2026-02-22 11:40:49,CW→CC,2026-02-22,,20050,20050,430,Adulto Mayor
2543,54503246,Concepcion,Cristo Redentor,20067,L2,V1,2026-02-22 15:24:01,2026-02-22 16:08:47,CC→CW,2026-02-22,,20067,20067,430,Adulto Mayor
2544,54504294,Concepcion,Cristo Redentor,20053,L2,V1,2026-02-22 11:52:25,2026-02-22 12:47:43,CC→CW,2026-02-22,,20053,20051,850,Monedero
2545,54504920,Lomas Coloradas,Concepcion,20066,L2,V1,2026-02-22 14:37:30,2026-02-22 15:26:40,CW→CC,2026-02-22,,20066,20066,570,Monedero
2546,54505138,Concepcion,El Parque,20059,L2,V1,2026-02-22 12:12:09,2026-02-22 13:39:46,CC→CW,2026-02-22,combo_por_entrada,20059,20059,590,Monedero
2547,54505929,Concepcion,Cdal. Raul Silva Henriquez,20171,L2,V1,2026-02-22 20:19:26,2026-02-22 21:35:33,CC→CW,2026-02-22,,20171,20171,570,Monedero
2548,54505929,Concepcion,Cdal. Raul Silva Henriquez,20171,L2,V1,2026-02-22 20:19:39,2026-02-22 21:35:28,CC→CW,2026-02-22,,20171,20171,570,Monedero
2549,54506342,Coronel,Concepcion,20076,L2,V1,2026-02-22 16:38:52,2026-02-22 17:30:41,CW→CC,2026-02-22,,20076,20076,880,Monedero
2550,54506342,Coronel,Concepcion,20076,L2,V1,2026-02-22 16:38:56,2026-02-22 17:30:38,CW→CC,2026-02-22,,20076,20076,880,Monedero
2551,54508128,Cristo Redentor,Diagonal Bio Bio,20166,L2,V1,2026-02-22 19:15:39,2026-02-22 19:50:18,CW→CC,2026-02-22,,20166,20166,680,Monedero
2552,54508238,El Arenal,La Leonera,20857,L1,V1,2026-02-22 08:17:22,2026-02-22 09:18:22,TH→HQ,2026-02-22,,20857,20857,550,Monedero
2553,54508914,Cdal. Raul Silva Henriquez,Juan Pablo II,20050,L2,V1,2026-02-22 11:08:43,2026-02-22 11:32:25,CW→CC,2026-02-22,,20050,20050,510,Monedero
2554,54508914,Juan Pablo II,Cdal. Raul Silva Henriquez,20059,L2,V1,2026-02-22 13:22:55,2026-02-22 13:44:32,CC→CW,2026-02-22,,20059,20059,510,Monedero
2555,54508915,Cdal. Raul Silva Henriquez,Juan Pablo II,20050,L2,V1,2026-02-22 11:08:21,2026-02-22 11:32:29,CW→CC,2026-02-22,,20050,20050,510,Monedero
2556,54508915,Juan Pablo II,Cdal. Raul Silva Henriquez,20059,L2,V1,2026-02-22 13:22:57,2026-02-22 13:44:33,CC→CW,2026-02-22,,20059,20059,510,Monedero
2557,54510069,Laguna Quinenco,Concepcion,20050,L2,V1,2026-02-22 10:48:18,2026-02-22 11:40:11,CW→CC,2026-02-22,,20050,20050,880,Monedero
2558,54510683,Coronel,Lomas Coloradas,20152,L2,V1,2026-02-22 08:22:22,2026-02-22 08:55:59,CW→CC,2026-02-22,,20152,20152,650,Monedero
2559,54510850,Mercado,Manquimavida,20845,L1,V1,2026-02-22 15:58:13,2026-02-22 16:46:00,TH→HQ,2026-02-22,,20845,20845,550,Monedero
2560,54510850,Mercado,Manquimavida,20845,L1,V1,2026-02-22 15:58:19,2026-02-22 16:45:54,TH→HQ,2026-02-22,,20845,20845,550,Monedero
2561,54511517,Concepcion,Hualqui,20859,L1,V1,2026-02-22 11:01:22,2026-02-22 13:30:03,TH→HQ,2026-02-22,combo_relajado_pase1,20859,20859,960,Monedero
2562,54511534,Huinca,Juan Pablo II,20044,L2,V1,2026-02-22 09:57:01,2026-02-22 10:40:57,CW→CC,2026-02-22,,20044,20044,680,Monedero
2563,54511704,Lomas Coloradas,Laguna Quinenco,20157,L2,V1,2026-02-22 17:29:35,2026-02-22 18:11:54,CC→CW,2026-02-22,,20157,20157,650,Monedero
2564,54511723,Coronel,Concepcion,20152,L2,V1,2026-02-22 08:22:31,2026-02-22 09:16:31,CW→CC,2026-02-22,,20152,20152,880,Monedero
2565,54511795,Laguna Quinenco,Lomas Coloradas,20156,L2,V1,2026-02-22 09:15:06,2026-02-22 09:41:17,CW→CC,2026-02-22,,20156,20156,650,Monedero
2566,54512699,Concepcion,Concepcion,,,N/A,2026-02-22 10:09:14,2026-02-22 10:10:46,,2026-02-22,no viajo,,,420,Monedero
2567,54512699,Concepcion,Concepcion,,,N/A,2026-02-22 20:44:03,2026-02-22 20:45:19,,2026-02-22,no viajo,,,420,Monedero
2568,54512952,Juan Pablo II,Cristo Redentor,20157,L2,V1,2026-02-22 17:14:31,2026-02-22 18:09:24,CC→CW,2026-02-22,,20157,20157,680,Monedero
2569,54513110,Hualqui,Concepcion,20850,L1,V1,2026-02-22 09:24:25,2026-02-22 10:04:36,HQ→TH,2026-02-22,,20850,20850,550,Monedero
2570,54514500,Huinca,Diagonal Bio Bio,20166,L2,V1,2026-02-22 19:23:52,2026-02-22 19:50:52,CW→CC,2026-02-22,,20166,20166,680,Monedero
2571,54514544,Juan Pablo II,Laguna Quinenco,20149,L2,V1,2026-02-22 08:31:02,2026-02-22 09:12:28,CC→CW,2026-02-22,,20149,20149,790,Monedero
2572,54514544,Laguna Quinenco,Juan Pablo II,20162,L2,V1,2026-02-22 18:15:07,2026-02-22 18:53:02,CW→CC,2026-02-22,,20162,20162,790,Monedero
2573,54514761,Cristo Redentor,Costa Mar,20052,L2,V1,2026-02-22 11:22:51,2026-02-22 11:48:09,CW→CC,2026-02-22,,20052,20052,630,Monedero
2574,54514761,Costa Mar,Cristo Redentor,20161,L2,V1,2026-02-22 18:28:11,2026-02-22 19:09:41,CC→CW,2026-02-22,,20161,20161,630,Monedero
2575,54515353,Concepcion,El Parque,20153,L2,V1,2026-02-22 08:37:03,2026-02-22 09:36:51,CC→CW,2026-02-22,combo_por_entrada,20153,20153,590,Monedero
2576,54515353,Concepcion,Higueras,20848,L1,V1,2026-02-22 20:36:21,2026-02-22 21:24:21,HQ→TH,2026-02-22,combo_relajado_pase1,20848,20848,590,Monedero
2577,54515986,Los Canelos,Concepcion,20156,L2,V1,2026-02-22 09:22:11,2026-02-22 10:03:44,CW→CC,2026-02-22,,20156,20156,850,Monedero
2578,54515986,Concepcion,Cdal. Raul Silva Henriquez,20167,L2,V1,2026-02-22 19:59:20,2026-02-22 20:32:21,CC→CW,2026-02-22,,20167,20167,570,Monedero
2579,54516651,Laguna Quinenco,Concepcion,20076,L2,V1,2026-02-22 16:33:58,2026-02-22 17:59:58,CW→CC,2026-02-22,combo_por_entrada,20076,20846,910,Monedero
2580,54516785,Huinca,Concepcion,20068,L2,V1,2026-02-22 15:43:00,2026-02-22 16:25:10,CW→CC,2026-02-22,,20068,20068,850,Monedero
2581,54516785,Concepcion,Lomas Coloradas,20167,L2,V1,2026-02-22 19:55:22,2026-02-22 20:25:10,CC→CW,2026-02-22,,20167,20167,570,Monedero
2582,54516901,Juan Pablo II,Cdal. Raul Silva Henriquez,20171,L2,V1,2026-02-22 21:09:17,2026-02-22 21:36:05,CC→CW,2026-02-22,,20171,20171,510,Monedero
2583,54517685,Costa Mar,Cdal. Raul Silva Henriquez,20149,L2,V1,2026-02-22 08:44:38,2026-02-22 08:55:40,CC→CW,2026-02-22,,20149,20149,430,Monedero
2584,54517685,Cdal. Raul Silva Henriquez,Costa Mar,20052,L2,V1,2026-02-22 11:38:07,2026-02-22 11:49:49,CW→CC,2026-02-22,,20052,20052,430,Monedero
2585,54517830,Concepcion,Cristo Redentor,20041,L2,V1,2026-02-22 10:14:16,2026-02-22 11:06:56,CC→CW,2026-02-22,,20041,20041,850,Monedero
2586,54518243,Concepcion,Hito Galvarino,20041,L2,V1,2026-02-22 10:08:14,2026-02-22 10:58:31,CC→CW,2026-02-22,,20041,20035,850,Monedero
2587,54518314,Hito Galvarino,Coronel,20053,L2,V1,2026-02-22 12:32:45,2026-02-22 12:53:02,CC→CW,2026-02-22,,20053,20053,530,Monedero
2588,54518593,Diagonal Bio Bio,Lomas Coloradas,20053,L2,V1,2026-02-22 12:16:31,2026-02-22 12:32:16,CC→CW,2026-02-22,,20053,20053,510,Monedero
2589,54520342,Concepcion,Laguna Quinenco,20149,L2,V1,2026-02-22 08:05:26,2026-02-22 09:12:20,CC→CW,2026-02-22,,20149,20149,880,Monedero
2590,54520342,Laguna Quinenco,Concepcion,20040,L2,V1,2026-02-22 09:42:22,2026-02-22 10:22:36,CW→CC,2026-02-22,,20040,20040,880,Monedero
2591,54520342,Concepcion,Laguna Quinenco,20069,L2,V1,2026-02-22 16:23:25,2026-02-22 17:29:10,CC→CW,2026-02-22,,20069,20069,880,Monedero
2592,54520342,Laguna Quinenco,Concepcion,20162,L2,V1,2026-02-22 18:02:03,2026-02-22 19:00:11,CW→CC,2026-02-22,,20162,20162,880,Monedero
2593,54520380,Cristo Redentor,Laguna Quinenco,20049,L2,V1,2026-02-22 12:04:22,2026-02-22 12:10:43,CC→CW,2026-02-22,,20049,20049,450,Monedero
2594,54520540,Lomas Coloradas,Hito Galvarino,20069,L2,V1,2026-02-22 16:57:51,2026-02-22 17:15:02,CC→CW,2026-02-22,,20069,20069,610,Monedero
2595,54520565,El Parque,Lomas Coloradas,20167,L2,V1,2026-02-22 20:16:01,2026-02-22 20:23:47,CC→CW,2026-02-22,,20167,20167,430,Monedero
2596,54521098,Concepcion,Lomas Coloradas,20171,L2,V1,2026-02-22 20:38:01,2026-02-22 21:32:13,CC→CW,2026-02-22,,20171,20171,570,Monedero
2597,54521102,Costa Mar,Coronel,20041,L2,V1,2026-02-22 10:39:04,2026-02-22 11:12:43,CC→CW,2026-02-22,,20041,20041,650,Monedero
2598,54522384,Concepcion,Huinca,20035,L2,V1,2026-02-22 09:54:14,2026-02-22 10:39:58,CC→CW,2026-02-22,,20035,20035,850,Monedero
2599,54523133,Concepcion,Coronel,20059,L2,V1,2026-02-22 12:11:05,2026-02-22 14:09:52,CC→CW,2026-02-22,combo_por_entrada,20059,20059,970,Monedero
2600,54524342,Costa Mar,Coronel,20063,L2,V1,2026-02-22 14:48:38,2026-02-22 15:20:55,CC→CW,2026-02-22,,20063,20063,650,Monedero
2601,54524870,Laguna Quinenco,Diagonal Bio Bio,20152,L2,V1,2026-02-22 08:22:17,2026-02-22 09:06:29,CW→CC,2026-02-22,,20152,20152,790,Monedero
2602,54525712,Lomas Coloradas,Cristo Redentor,20067,L2,V1,2026-02-22 15:49:25,2026-02-22 16:09:55,CC→CW,2026-02-22,,20067,20067,630,Monedero
2603,54526007,Concepcion,Laguna Quinenco,20069,L2,V1,2026-02-22 16:40:18,2026-02-22 17:29:10,CC→CW,2026-02-22,,20069,20069,880,Monedero
2604,54527029,Concepcion,Los Canelos,20149,L2,V1,2026-02-22 07:38:01,2026-02-22 09:06:40,CC→CW,2026-02-22,,20149,20149,850,Monedero
2605,54527029,Los Canelos,Concepcion,20076,L2,V1,2026-02-22 16:51:37,2026-02-22 17:59:20,CW→CC,2026-02-22,combo_por_entrada,20076,20846,880,Monedero
2606,54527123,Concepcion,Coronel,20067,L2,V1,2026-02-22 14:51:41,2026-02-22 16:16:18,CC→CW,2026-02-22,,20067,20067,880,Monedero
2607,54527155,Alborada,Cdal. Raul Silva Henriquez,20167,L2,V1,2026-02-22 20:11:52,2026-02-22 20:27:46,CC→CW,2026-02-22,,20167,20167,510,Monedero
2608,54527177,Concepcion,Laguna Quinenco,20035,L2,V1,2026-02-22 09:35:21,2026-02-22 10:44:37,CC→CW,2026-02-22,,20035,20035,880,Monedero
2609,54527313,Laguna Quinenco,Lomas Coloradas,20162,L2,V1,2026-02-22 18:15:49,2026-02-22 18:41:31,CW→CC,2026-02-22,,20162,20162,650,Monedero
2610,54527522,Concepcion,Hito Galvarino,20161,L2,V1,2026-02-22 18:20:36,2026-02-22 19:00:14,CC→CW,2026-02-22,,20161,20161,850,Monedero
2611,54529951,Los Canelos,Concepcion,20066,L2,V1,2026-02-22 14:43:59,2026-02-22 15:24:01,CW→CC,2026-02-22,,20066,20066,850,Monedero
2612,54530432,Costa Mar,Concepcion,20044,L2,V1,2026-02-22 10:12:24,2026-02-22 10:49:22,CW→CC,2026-02-22,,20044,20040,570,Monedero
2613,54530432,Concepcion,Costa Mar,20069,L2,V1,2026-02-22 16:32:53,2026-02-22 17:00:26,CC→CW,2026-02-22,,20069,20069,570,Monedero
2614,54530695,Cdal. Raul Silva Henriquez,Concepcion,20058,L2,V1,2026-02-22 12:46:02,2026-02-22 13:15:58,CW→CC,2026-02-22,,20058,20058,570,Monedero
2615,54530695,Concepcion,Cdal. Raul Silva Henriquez,20161,L2,V1,2026-02-22 18:20:41,2026-02-22 18:54:05,CC→CW,2026-02-22,,20161,20161,570,Monedero
2616,54531407,Costa Mar,Cristo Redentor,20063,L2,V1,2026-02-22 14:34:48,2026-02-22 15:17:41,CC→CW,2026-02-22,,20063,20063,630,Monedero
2617,54531407,Cristo Redentor,Costa Mar,20160,L2,V1,2026-02-22 17:45:13,2026-02-22 18:13:07,CW→CC,2026-02-22,,20160,20160,630,Monedero
2618,54531634,Cdal. Raul Silva Henriquez,Costa Mar,20160,L2,V1,2026-02-22 17:44:34,2026-02-22 18:13:05,CW→CC,2026-02-22,,20160,20160,430,Monedero
2619,54531634,Costa Mar,Cdal. Raul Silva Henriquez,20167,L2,V1,2026-02-22 20:02:38,2026-02-22 20:28:04,CC→CW,2026-02-22,,20167,20167,430,Monedero
2620,54532099,Costa Mar,Lomas Coloradas,20167,L2,V1,2026-02-22 19:37:42,2026-02-22 20:24:53,CC→CW,2026-02-22,,20167,20167,430,Monedero
2621,54532312,Cristo Redentor,Costa Mar,20152,L2,V1,2026-02-22 08:32:18,2026-02-22 09:01:48,CW→CC,2026-02-22,,20152,20152,630,Monedero
2622,54532803,Concepcion,Laguna Quinenco,20063,L2,V1,2026-02-22 14:17:17,2026-02-22 15:17:48,CC→CW,2026-02-22,,20063,20063,880,Monedero
2623,54533033,Concepcion,Coronel,20063,L2,V1,2026-02-22 13:27:26,2026-02-22 15:21:36,CC→CW,2026-02-22,,20063,20059,880,Monedero
2624,54533268,Concepcion,Costa Mar,20157,L2,V1,2026-02-22 17:21:01,2026-02-22 17:49:30,CC→CW,2026-02-22,,20157,20157,570,Monedero
2625,54533268,Concepcion,Costa Mar,20157,L2,V1,2026-02-22 17:21:14,2026-02-22 17:49:22,CC→CW,2026-02-22,,20157,20157,570,Monedero
2626,54533268,Concepcion,Costa Mar,20157,L2,V1,2026-02-22 17:21:21,2026-02-22 17:49:14,CC→CW,2026-02-22,,20157,20157,570,Monedero
2627,54533268,Concepcion,Costa Mar,20157,L2,V1,2026-02-22 17:21:25,2026-02-22 17:47:01,CC→CW,2026-02-22,,20157,20157,570,Monedero
2628,54533759,Huinca,Concepcion,20162,L2,V1,2026-02-22 18:18:09,2026-02-22 19:01:32,CW→CC,2026-02-22,,20162,20162,850,Monedero
2629,54533759,Huinca,Concepcion,20162,L2,V1,2026-02-22 18:18:20,2026-02-22 19:01:24,CW→CC,2026-02-22,,20162,20162,850,Monedero
2630,54534068,Manquimavida,Concepcion,20850,L1,V1,2026-02-22 09:38:55,2026-02-22 10:05:09,HQ→TH,2026-02-22,,20850,20850,510,Monedero
2631,54535469,Concepcion,Laguna Quinenco,20149,L2,V1,2026-02-22 08:28:33,2026-02-22 09:12:18,CC→CW,2026-02-22,,20149,20149,880,Monedero
2632,54535477,Hualqui,Concepcion,20848,L1,V1,2026-02-22 20:18:06,2026-02-22 21:19:20,HQ→TH,2026-02-22,match_por_salida_fallback,20848,20171,600,Monedero
2633,54535814,Cristo Redentor,Laguna Quinenco,20161,L2,V1,2026-02-22 18:52:19,2026-02-22 19:12:42,CC→CW,2026-02-22,,20161,20161,450,Monedero
2634,54535814,Cristo Redentor,Laguna Quinenco,20161,L2,V1,2026-02-22 18:52:25,2026-02-22 19:12:35,CC→CW,2026-02-22,,20161,20161,450,Monedero
2635,54536361,Concepcion,Coronel,20049,L2,V1,2026-02-22 11:08:54,2026-02-22 12:13:46,CC→CW,2026-02-22,,20049,20049,880,Monedero
2636,54536361,Coronel,Concepcion,20162,L2,V1,2026-02-22 17:56:32,2026-02-22 19:00:44,CW→CC,2026-02-22,,20162,20162,880,Monedero
2637,54536640,Laguna Quinenco,Concepcion,20162,L2,V1,2026-02-22 17:54:45,2026-02-22 19:02:21,CW→CC,2026-02-22,,20162,20162,880,Monedero
2638,54536665,Lomas Coloradas,Costa Mar,20152,L2,V1,2026-02-22 08:47:05,2026-02-22 09:01:36,CW→CC,2026-02-22,,20152,20152,0,Otros
2639,54536683,Concepcion,Cristo Redentor,20157,L2,V1,2026-02-22 17:08:51,2026-02-22 18:09:43,CC→CW,2026-02-22,,20157,20157,0,Otros
2640,54536835,Laguna Quinenco,Concepcion,20040,L2,V1,2026-02-22 09:23:04,2026-02-22 10:24:14,CW→CC,2026-02-22,,20040,20156,0,Otros
2641,54536835,Concepcion,Laguna Quinenco,20157,L2,V1,2026-02-22 17:24:08,2026-02-22 18:11:29,CC→CW,2026-02-22,,20157,20157,0,Otros
2642,54536840,Lomas Coloradas,Concepcion,20152,L2,V1,2026-02-22 08:52:32,2026-02-22 09:17:04,CW→CC,2026-02-22,,20152,20152,290,Adulto Mayor
2643,54536840,Lomas Coloradas,Concepcion,20152,L2,V1,2026-02-22 08:52:36,2026-02-22 09:17:13,CW→CC,2026-02-22,,20152,20152,570,Monedero
2644,54536840,Mercado,Concepcion,20847,L1,V1,2026-02-22 19:47:15,2026-02-22 20:25:16,TH→HQ,2026-02-22,,20847,20847,270,Adulto Mayor
2645,54537347,Concepcion,El Parque,20035,L2,V1,2026-02-22 09:55:00,2026-02-22 10:22:27,CC→CW,2026-02-22,,20035,20035,570,Monedero
2646,54537347,Costa Mar,Concepcion,20056,L2,V1,2026-02-22 12:37:43,2026-02-22 13:04:08,CW→CC,2026-02-22,,20056,20056,570,Monedero
2647,54537770,Lomas Coloradas,Juan Pablo II,20166,L2,V1,2026-02-22 19:27:26,2026-02-22 19:53:02,CW→CC,2026-02-22,,20166,20166,510,Monedero
2648,54538572,Concepcion,Diagonal Bio Bio,20171,L2,V1,2026-02-22 20:17:15,2026-02-22 21:19:21,CC→CW,2026-02-22,match_por_salida_fallback,20171,20171,300,Adulto Mayor
2649,54538614,Lomas Coloradas,Juan Pablo II,20066,L2,V1,2026-02-22 15:01:39,2026-02-22 15:16:41,CW→CC,2026-02-22,,20066,20066,510,Monedero
2650,54538614,Concepcion,Lomas Coloradas,20167,L2,V1,2026-02-22 19:53:16,2026-02-22 20:26:31,CC→CW,2026-02-22,,20167,20167,570,Monedero
2651,54538671,Laguna Quinenco,Concepcion,20076,L2,V1,2026-02-22 16:46:30,2026-02-22 17:29:30,CW→CC,2026-02-22,,20076,20076,880,Monedero
2652,54538671,Concepcion,Lomas Coloradas,20167,L2,V1,2026-02-22 19:53:34,2026-02-22 20:24:50,CC→CW,2026-02-22,,20167,20167,570,Monedero
2653,54538949,Cristo Redentor,Laguna Quinenco,20059,L2,V1,2026-02-22 13:39:00,2026-02-22 14:01:45,CC→CW,2026-02-22,,20059,20059,450,Monedero
2654,54538949,Laguna Quinenco,Concepcion,20066,L2,V1,2026-02-22 14:35:58,2026-02-22 15:26:36,CW→CC,2026-02-22,,20066,20066,880,Monedero
2655,54538949,Concepcion,Cristo Redentor,20161,L2,V1,2026-02-22 18:18:32,2026-02-22 19:22:35,CC→CW,2026-02-22,,20161,20161,850,Monedero
2656,54539428,Concepcion,Cdal. Raul Silva Henriquez,20069,L2,V1,2026-02-22 16:21:53,2026-02-22 17:09:15,CC→CW,2026-02-22,,20069,20069,570,Monedero
2657,54539428,Concepcion,Cdal. Raul Silva Henriquez,20069,L2,V1,2026-02-22 16:22:09,2026-02-22 17:09:03,CC→CW,2026-02-22,,20069,20069,570,Monedero
2658,54540316,Manquimavida,Lzo. Arenas,20846,L1,V1,2026-02-22 16:51:54,2026-02-22 17:40:32,HQ→TH,2026-02-22,,20846,20846,510,Monedero
2659,54540354,Coronel,Concepcion,20062,L2,V1,2026-02-22 13:25:03,2026-02-22 14:34:05,CW→CC,2026-02-22,,20062,20062,880,Monedero
2660,54540354,Coronel,Concepcion,20062,L2,V1,2026-02-22 13:25:11,2026-02-22 14:34:00,CW→CC,2026-02-22,,20062,20062,880,Monedero
2661,54540439,Juan Pablo II,Alborada,20171,L2,V1,2026-02-22 21:10:53,2026-02-22 21:22:30,CC→CW,2026-02-22,,20171,20171,440,Monedero
2662,54540788,Laguna Quinenco,Concepcion,20052,L2,V1,2026-02-22 11:09:47,2026-02-22 12:05:13,CW→CC,2026-02-22,,20052,20052,880,Monedero
2663,54541998,Concepcion,Concepcion,,,N/A,2026-02-22 19:50:04,2026-02-22 19:51:28,,2026-02-22,no viajo,,,420,Monedero
2664,54542284,Cdal. Raul Silva Henriquez,Juan Pablo II,20162,L2,V1,2026-02-22 18:23:40,2026-02-22 18:52:48,CW→CC,2026-02-22,,20162,20162,510,Monedero
2665,54543060,Costa Mar,Los Canelos,20063,L2,V1,2026-02-22 14:33:22,2026-02-22 15:12:34,CC→CW,2026-02-22,,20063,20063,610,Monedero
2666,54544183,Concepcion,Lomas Coloradas,20171,L2,V1,2026-02-22 20:35:21,2026-02-22 21:30:46,CC→CW,2026-02-22,,20171,20171,570,Monedero
2667,54544504,Concepcion,Coronel,20035,L2,V1,2026-02-22 09:53:24,2026-02-22 10:48:52,CC→CW,2026-02-22,,20035,20035,880,Monedero
2668,54544504,Coronel,Concepcion,20162,L2,V1,2026-02-22 18:11:04,2026-02-22 19:08:36,CW→CC,2026-02-22,,20162,20162,880,Monedero
2669,54544723,Concepcion,Cdal. Raul Silva Henriquez,20167,L2,V1,2026-02-22 19:30:59,2026-02-22 20:30:25,CC→CW,2026-02-22,,20167,20167,570,Monedero
2670,54544857,Concepcion,Cristo Redentor,20149,L2,V1,2026-02-22 08:21:51,2026-02-22 09:09:28,CC→CW,2026-02-22,,20149,20149,850,Monedero
2671,54545700,Cdal. Raul Silva Henriquez,Concepcion,20068,L2,V1,2026-02-22 15:58:58,2026-02-22 16:26:55,CW→CC,2026-02-22,,20068,20068,570,Monedero
2672,54545700,Cdal. Raul Silva Henriquez,Concepcion,20068,L2,V1,2026-02-22 15:59:02,2026-02-22 16:26:50,CW→CC,2026-02-22,,20068,20068,570,Monedero
2673,54545761,Juan Pablo II,Costa Mar,20171,L2,V1,2026-02-22 20:52:48,2026-02-22 21:25:28,CC→CW,2026-02-22,,20171,20171,510,Monedero
2674,54547182,Concepcion,Concepcion,,,N/A,2026-02-22 08:59:18,2026-02-22 09:01:22,,2026-02-22,no viajo,,,420,Monedero
2675,54547246,Concepcion,El Arenal,20844,L1,V1,2026-02-22 11:13:31,2026-02-22 13:24:49,HQ→TH,2026-02-22,combo_relajado_pase1,20844,20844,910,Monedero
2676,54547246,Concepcion,El Arenal,20844,L1,V1,2026-02-22 11:13:38,2026-02-22 13:24:43,HQ→TH,2026-02-22,combo_relajado_pase1,20844,20844,910,Monedero
2677,54547542,Juan Pablo II,Cdal. Raul Silva Henriquez,20167,L2,V1,2026-02-22 20:06:20,2026-02-22 20:29:37,CC→CW,2026-02-22,,20167,20167,510,Monedero
2678,54547744,El Parque,Laguna Quinenco,20161,L2,V1,2026-02-22 18:32:51,2026-02-22 19:12:08,CC→CW,2026-02-22,,20161,20161,650,Monedero
2679,54548514,El Parque,Concepcion,20076,L2,V1,2026-02-22 17:06:42,2026-02-22 17:28:42,CW→CC,2026-02-22,,20076,20076,570,Monedero
2680,54548514,Concepcion,El Parque,20167,L2,V1,2026-02-22 19:30:10,2026-02-22 20:20:50,CC→CW,2026-02-22,,20167,20167,570,Monedero
2681,54549328,Lomas Coloradas,Diagonal Bio Bio,20058,L2,V1,2026-02-22 12:51:55,2026-02-22 13:05:37,CW→CC,2026-02-22,,20058,20058,510,Monedero
2682,54549839,Laguna Quinenco,Huinca,20066,L2,V1,2026-02-22 14:35:11,2026-02-22 14:48:47,CW→CC,2026-02-22,,20066,20066,450,Monedero
2683,54550095,Laguna Quinenco,Concepcion,20152,L2,V1,2026-02-22 08:25:51,2026-02-22 09:16:22,CW→CC,2026-02-22,,20152,20152,880,Monedero
2684,54550095,Concepcion,Huinca,20163,L2,V1,2026-02-22 18:40:33,2026-02-22 19:39:24,CC→CW,2026-02-22,,20163,20163,850,Monedero
2685,54550484,Concepcion,Lomas Coloradas,20171,L2,V1,2026-02-22 20:22:45,2026-02-22 21:32:17,CC→CW,2026-02-22,,20171,20171,570,Monedero
2686,54550844,Coronel,Costa Mar,20056,L2,V1,2026-02-22 11:53:48,2026-02-22 12:47:08,CW→CC,2026-02-22,,20056,20056,650,Monedero
2687,54551454,Cristo Redentor,Concepcion,20160,L2,V1,2026-02-22 17:42:49,2026-02-22 18:31:41,CW→CC,2026-02-22,,20160,20160,850,Monedero
2688,54551784,Concepcion,Lomas Coloradas,20171,L2,V1,2026-02-22 20:09:56,2026-02-22 21:32:10,CC→CW,2026-02-22,combo_por_entrada,20171,20171,590,Monedero
2689,54553274,Concepcion,Coronel,20157,L2,V1,2026-02-22 17:13:49,2026-02-22 18:18:06,CC→CW,2026-02-22,,20157,20157,880,Monedero
2690,54553360,Cristo Redentor,Concepcion,20162,L2,V1,2026-02-22 18:11:26,2026-02-22 19:02:20,CW→CC,2026-02-22,,20162,20162,850,Monedero
2691,54553974,Concepcion,Cdal. Raul Silva Henriquez,20171,L2,V1,2026-02-22 20:50:15,2026-02-22 21:37:54,CC→CW,2026-02-22,,20171,20171,570,Monedero
2692,54553993,Huinca,El Parque,20050,L2,V1,2026-02-22 10:50:24,2026-02-22 11:22:36,CW→CC,2026-02-22,,20050,20050,630,Monedero
2693,54553993,El Parque,Lomas Coloradas,20051,L2,V1,2026-02-22 11:59:36,2026-02-22 12:05:09,CC→CW,2026-02-22,,20051,20051,430,Monedero
2694,54554131,Concepcion,Higueras,20850,L1,V1,2026-02-22 09:11:43,2026-02-22 10:21:32,HQ→TH,2026-02-22,combo_relajado_pase2,20850,20152,900,Monedero
2695,54555168,Pedro Medina,Mercado,20844,L1,V1,2026-02-22 12:15:07,2026-02-22 13:29:18,HQ→TH,2026-02-22,,20844,20844,550,Monedero
2696,54555775,Coronel,Concepcion,20076,L2,V1,2026-02-22 15:46:11,2026-02-22 17:30:01,CW→CC,2026-02-22,,20076,20068,880,Monedero
2697,54556051,Concepcion,Costa Mar,20063,L2,V1,2026-02-22 14:16:27,2026-02-22 14:53:14,CC→CW,2026-02-22,,20063,20063,570,Monedero
2698,54556051,Concepcion,Los Condores,20848,L1,V1,2026-02-22 20:37:50,2026-02-22 21:22:06,HQ→TH,2026-02-22,combo_relajado_pase1,20848,20848,590,Monedero
2699,54556376,Juan Pablo II,Lomas Coloradas,20069,L2,V1,2026-02-22 16:48:33,2026-02-22 17:06:17,CC→CW,2026-02-22,,20069,20069,510,Monedero
2700,54556531,Costa Mar,Concepcion,20166,L2,V1,2026-02-22 19:42:05,2026-02-22 20:01:58,CW→CC,2026-02-22,,20166,20166,570,Monedero
2701,54556975,Cristo Redentor,El Parque,20062,L2,V1,2026-02-22 13:54:31,2026-02-22 14:21:33,CW→CC,2026-02-22,,20062,20062,630,Monedero
2702,54556975,El Parque,Cristo Redentor,20157,L2,V1,2026-02-22 17:17:36,2026-02-22 18:10:08,CC→CW,2026-02-22,,20157,20157,630,Monedero
2703,54557205,Lomas Coloradas,Diagonal Bio Bio,20152,L2,V1,2026-02-22 08:50:28,2026-02-22 09:06:31,CW→CC,2026-02-22,,20152,20152,510,Monedero
2704,54557205,Lomas Coloradas,Diagonal Bio Bio,20152,L2,V1,2026-02-22 08:50:34,2026-02-22 09:06:25,CW→CC,2026-02-22,,20152,20152,510,Monedero
2705,54557205,Diagonal Bio Bio,Lomas Coloradas,20051,L2,V1,2026-02-22 11:47:46,2026-02-22 12:05:05,CC→CW,2026-02-22,,20051,20049,510,Monedero
2706,54557205,Diagonal Bio Bio,Lomas Coloradas,20051,L2,V1,2026-02-22 11:47:53,2026-02-22 12:04:58,CC→CW,2026-02-22,,20051,20049,510,Monedero
2707,54557449,Costa Mar,Laguna Quinenco,20161,L2,V1,2026-02-22 18:42:06,2026-02-22 19:11:43,CC→CW,2026-02-22,,20161,20161,650,Monedero
2708,54557491,Laguna Quinenco,El Parque,20076,L2,V1,2026-02-22 16:38:50,2026-02-22 17:12:12,CW→CC,2026-02-22,,20076,20076,650,Monedero
2709,54557491,Laguna Quinenco,El Parque,20076,L2,V1,2026-02-22 16:39:00,2026-02-22 17:12:03,CW→CC,2026-02-22,,20076,20076,650,Monedero
2710,54557491,El Parque,Laguna Quinenco,20161,L2,V1,2026-02-22 18:40:30,2026-02-22 19:12:38,CC→CW,2026-02-22,,20161,20161,650,Monedero
2711,54557703,Coronel,Cdal. Raul Silva Henriquez,20052,L2,V1,2026-02-22 11:16:24,2026-02-22 11:39:25,CW→CC,2026-02-22,,20052,20052,650,Monedero
2712,54558101,Juan Pablo II,Lomas Coloradas,20153,L2,V1,2026-02-22 09:23:06,2026-02-22 09:39:18,CC→CW,2026-02-22,,20153,20153,510,Monedero
2713,54558602,Juan Pablo II,Cdal. Raul Silva Henriquez,20171,L2,V1,2026-02-22 21:04:53,2026-02-22 21:35:38,CC→CW,2026-02-22,,20171,20171,510,Monedero
2714,54560182,Cristo Redentor,Concepcion,20056,L2,V1,2026-02-22 11:56:45,2026-02-22 13:06:48,CW→CC,2026-02-22,,20056,20056,850,Monedero
2715,54561089,Lomas Coloradas,Concepcion,20066,L2,V1,2026-02-22 14:34:12,2026-02-22 15:23:59,CW→CC,2026-02-22,,20066,20066,570,Monedero
2716,54561089,Concepcion,Lomas Coloradas,20167,L2,V1,2026-02-22 19:56:11,2026-02-22 20:24:30,CC→CW,2026-02-22,,20167,20167,570,Monedero
2717,54561143,Concepcion,Cdal. Raul Silva Henriquez,20167,L2,V1,2026-02-22 19:35:32,2026-02-22 20:30:39,CC→CW,2026-02-22,,20167,20167,570,Monedero
2718,54561203,Lomas Coloradas,Coronel,20063,L2,V1,2026-02-22 14:51:41,2026-02-22 15:21:00,CC→CW,2026-02-22,,20063,20063,650,Monedero
2719,54561203,Coronel,Lomas Coloradas,20160,L2,V1,2026-02-22 17:28:31,2026-02-22 18:07:27,CW→CC,2026-02-22,,20160,20160,650,Monedero
2720,54561912,Lomas Coloradas,Concepcion,,,N/A,2026-02-22 19:34:27,2026-02-22 19:44:09,,2026-02-22,sin_combo_factible_en_hub|sin_s1_factible_retro,,,570,Monedero
2721,54562414,Huinca,Laguna Quinenco,20059,L2,V1,2026-02-22 13:21:32,2026-02-22 14:01:13,CC→CW,2026-02-22,,20059,20059,450,Monedero
2722,54562604,Laguna Quinenco,Huinca,20068,L2,V1,2026-02-22 15:42:15,2026-02-22 15:49:56,CW→CC,2026-02-22,,20068,20068,450,Monedero
2723,54562985,Cdal. Raul Silva Henriquez,Concepcion,20160,L2,V1,2026-02-22 18:03:07,2026-02-22 18:29:26,CW→CC,2026-02-22,,20160,20160,570,Monedero
2724,54563003,Cristo Redentor,Concepcion,20152,L2,V1,2026-02-22 08:29:36,2026-02-22 09:16:28,CW→CC,2026-02-22,,20152,20152,850,Monedero
2725,54563003,Concepcion,Cristo Redentor,20049,L2,V1,2026-02-22 11:10:21,2026-02-22 12:07:23,CC→CW,2026-02-22,,20049,20049,850,Monedero
2726,54563550,Lomas Coloradas,Juan Pablo II,20066,L2,V1,2026-02-22 14:48:00,2026-02-22 15:15:42,CW→CC,2026-02-22,,20066,20066,510,Monedero
2727,54563550,Costa Mar,Lomas Coloradas,20161,L2,V1,2026-02-22 18:28:54,2026-02-22 18:50:20,CC→CW,2026-02-22,,20161,20161,430,Monedero
2728,54563915,Cristo Redentor,Concepcion,20052,L2,V1,2026-02-22 11:20:56,2026-02-22 12:02:52,CW→CC,2026-02-22,,20052,20052,850,Monedero
2729,54563915,Cristo Redentor,Concepcion,20052,L2,V1,2026-02-22 11:21:02,2026-02-22 12:02:48,CW→CC,2026-02-22,,20052,20052,850,Monedero
2730,54563915,Cristo Redentor,Concepcion,20052,L2,V1,2026-02-22 11:21:15,2026-02-22 12:02:42,CW→CC,2026-02-22,,20052,20052,850,Monedero
2731,54563944,Laguna Quinenco,Cristo Redentor,20076,L2,V1,2026-02-22 16:38:38,2026-02-22 16:52:41,CW→CC,2026-02-22,,20076,20076,450,Monedero
2732,54563944,Laguna Quinenco,Cristo Redentor,20076,L2,V1,2026-02-22 16:38:42,2026-02-22 16:52:35,CW→CC,2026-02-22,,20076,20076,450,Monedero
2733,54564732,Costa Mar,Cdal. Raul Silva Henriquez,20171,L2,V1,2026-02-22 21:13:40,2026-02-22 21:34:23,CC→CW,2026-02-22,,20171,20171,430,Monedero
2734,54564807,Concepcion,El Parque,20059,L2,V1,2026-02-22 12:26:12,2026-02-22 13:38:54,CC→CW,2026-02-22,combo_por_entrada,20059,20059,590,Monedero
2735,54564883,Cdal. Raul Silva Henriquez,Concepcion,20058,L2,V1,2026-02-22 12:46:06,2026-02-22 13:15:58,CW→CC,2026-02-22,,20058,20058,570,Monedero
2736,54564883,Concepcion,Cdal. Raul Silva Henriquez,20069,L2,V1,2026-02-22 16:36:44,2026-02-22 17:09:28,CC→CW,2026-02-22,,20069,20069,570,Monedero
2737,54564962,Huinca,Concepcion,20062,L2,V1,2026-02-22 13:52:10,2026-02-22 14:40:21,CW→CC,2026-02-22,,20062,20062,850,Monedero
2738,54564962,Concepcion,Huinca,20157,L2,V1,2026-02-22 16:57:46,2026-02-22 18:06:24,CC→CW,2026-02-22,,20157,20157,850,Monedero
2739,54565508,Laguna Quinenco,Concepcion,20062,L2,V1,2026-02-22 13:38:37,2026-02-22 18:06:21,CW→CC,2026-02-22,,20062,20062,880,Monedero
2740,54565508,Laguna Quinenco,Concepcion,20062,L2,V1,2026-02-22 13:38:42,2026-02-22 14:33:04,CW→CC,2026-02-22,,20062,20062,880,Monedero
2741,54565508,Concepcion,Hito Galvarino,20161,L2,V1,2026-02-22 18:06:34,2026-02-22 19:00:11,CC→CW,2026-02-22,,20161,20161,850,Monedero
2742,54565508,Concepcion,Hito Galvarino,20161,L2,V1,2026-02-22 18:06:38,2026-02-22 19:00:05,CC→CW,2026-02-22,,20161,20161,850,Monedero
2743,54565582,Los Canelos,Laguna Quinenco,20035,L2,V1,2026-02-22 10:27:13,2026-02-22 10:44:41,CC→CW,2026-02-22,,20035,20035,530,Monedero
2744,54566038,Juan Pablo II,Cdal. Raul Silva Henriquez,20171,L2,V1,2026-02-22 20:17:00,2026-02-22 21:35:43,CC→CW,2026-02-22,,20171,20167,510,Monedero
2745,54566436,Huinca,Costa Mar,20166,L2,V1,2026-02-22 19:19:08,2026-02-22 19:45:47,CW→CC,2026-02-22,,20166,20166,630,Monedero
2746,54567164,Mercado,Concepcion,20859,L1,V1,2026-02-22 12:05:11,2026-02-22 12:54:45,TH→HQ,2026-02-22,,20859,20859,540,Monedero
2747,54567164,Concepcion,Concepcion,,,N/A,2026-02-22 18:14:18,2026-02-22 18:15:30,,2026-02-22,no viajo,,,420,Monedero
2748,54567528,Concepcion,Cdal. Raul Silva Henriquez,20069,L2,V1,2026-02-22 16:03:59,2026-02-22 17:10:06,CC→CW,2026-02-22,combo_por_entrada,20069,20845,590,Monedero
2749,54567528,Concepcion,Cdal. Raul Silva Henriquez,20069,L2,V1,2026-02-22 16:04:05,2026-02-22 17:09:57,CC→CW,2026-02-22,combo_por_entrada,20069,20845,590,Monedero
2750,54567568,Cdal. Raul Silva Henriquez,Diagonal Bio Bio,20160,L2,V1,2026-02-22 17:58:12,2026-02-22 18:18:47,CW→CC,2026-02-22,,20160,20160,510,Monedero
2751,54568615,Concepcion,Huinca,20163,L2,V1,2026-02-22 18:51:18,2026-02-22 19:39:30,CC→CW,2026-02-22,,20163,20163,850,Monedero
2752,54568981,Higueras,Chiguayante,20881,L1,V1,2026-02-22 07:41:42,2026-02-22 08:19:48,TH→HQ,2026-02-22,,20881,20881,540,Monedero
2753,54569117,Coronel,Concepcion,20056,L2,V1,2026-02-22 11:57:50,2026-02-22 13:05:08,CW→CC,2026-02-22,,20056,20056,880,Monedero
2754,54569117,Concepcion,Coronel,20157,L2,V1,2026-02-22 17:18:14,2026-02-22 18:15:06,CC→CW,2026-02-22,,20157,20157,880,Monedero
2755,54569167,Cdal. Raul Silva Henriquez,Concepcion,20050,L2,V1,2026-02-22 11:14:52,2026-02-22 11:40:29,CW→CC,2026-02-22,,20050,20050,570,Monedero
2756,54569167,Concepcion,Cdal. Raul Silva Henriquez,20157,L2,V1,2026-02-22 17:20:51,2026-02-22 17:54:24,CC→CW,2026-02-22,,20157,20157,570,Monedero
2757,54569392,Concepcion,Cdal. Raul Silva Henriquez,20167,L2,V1,2026-02-22 19:50:54,2026-02-22 20:39:21,CC→CW,2026-02-22,,20167,20167,570,Monedero
2758,54569818,Concepcion,Hualqui,20847,L1,V1,2026-02-22 20:25:59,2026-02-22 21:01:27,TH→HQ,2026-02-22,,20847,20847,550,Monedero
2759,54570356,Cristo Redentor,Lomas Coloradas,20056,L2,V1,2026-02-22 12:22:26,2026-02-22 12:41:50,CW→CC,2026-02-22,,20056,20056,630,Monedero
2760,54570356,Lomas Coloradas,Cristo Redentor,20161,L2,V1,2026-02-22 18:37:03,2026-02-22 19:09:31,CC→CW,2026-02-22,,20161,20161,630,Monedero
2761,54570602,Concepcion,Concepcion,,,N/A,2026-02-22 11:57:45,2026-02-22 11:58:20,,2026-02-22,no viajo,,,420,Monedero
2762,54571560,Cdal. Raul Silva Henriquez,Juan Pablo II,20076,L2,V1,2026-02-22 16:50:21,2026-02-22 17:21:19,CW→CC,2026-02-22,,20076,20076,510,Monedero
2763,54571561,Concepcion,Laguna Quinenco,20041,L2,V1,2026-02-22 10:20:43,2026-02-22 11:09:27,CC→CW,2026-02-22,,20041,20041,880,Monedero
2764,54571561,Laguna Quinenco,Concepcion,20166,L2,V1,2026-02-22 19:03:07,2026-02-22 19:59:07,CW→CC,2026-02-22,,20166,20166,880,Monedero
2765,54572497,Concepcion,Los Canelos,20157,L2,V1,2026-02-22 17:09:00,2026-02-22 18:04:13,CC→CW,2026-02-22,,20157,20157,850,Monedero
2766,54572521,Coronel,Concepcion,20062,L2,V1,2026-02-22 13:36:46,2026-02-22 14:39:49,CW→CC,2026-02-22,,20062,20062,880,Monedero
2767,54572521,Concepcion,Lomas Coloradas,20167,L2,V1,2026-02-22 19:41:35,2026-02-22 20:25:43,CC→CW,2026-02-22,,20167,20167,570,Monedero
2768,54573625,Coronel,El Parque,20066,L2,V1,2026-02-22 14:28:06,2026-02-22 15:07:58,CW→CC,2026-02-22,,20066,20066,650,Monedero
2769,54573625,Coronel,El Parque,20066,L2,V1,2026-02-22 14:28:14,2026-02-22 15:07:50,CW→CC,2026-02-22,,20066,20066,650,Monedero
2770,54573625,El Parque,Laguna Quinenco,20157,L2,V1,2026-02-22 17:16:36,2026-02-22 18:11:50,CC→CW,2026-02-22,,20157,20157,650,Monedero
2771,54573625,El Parque,Laguna Quinenco,20157,L2,V1,2026-02-22 17:16:44,2026-02-22 18:11:45,CC→CW,2026-02-22,,20157,20157,650,Monedero
2772,54574044,Coronel,Concepcion,20062,L2,V1,2026-02-22 13:46:14,2026-02-22 14:49:14,CW→CC,2026-02-22,,20062,20062,880,Monedero
2773,54574044,Concepcion,Mercado,20846,L1,V1,2026-02-22 16:57:01,2026-02-22 18:00:20,HQ→TH,2026-02-22,,20846,20846,540,Monedero
2774,54574274,Manquimavida,El Arenal,20844,L1,V1,2026-02-22 12:30:40,2026-02-22 13:24:36,HQ→TH,2026-02-22,,20844,20844,550,Monedero
2775,54574274,El Arenal,Manquimavida,20847,L1,V1,2026-02-22 19:58:24,2026-02-22 20:46:23,TH→HQ,2026-02-22,,20847,20847,550,Monedero
2776,54575558,Cdal. Raul Silva Henriquez,Juan Pablo II,20152,L2,V1,2026-02-22 08:51:09,2026-02-22 09:08:59,CW→CC,2026-02-22,,20152,20152,510,Monedero
2777,54575903,Costa Mar,Coronel,20059,L2,V1,2026-02-22 12:58:38,2026-02-22 14:05:30,CC→CW,2026-02-22,,20059,20059,650,Monedero
2778,54576179,Hito Galvarino,Diagonal Bio Bio,20056,L2,V1,2026-02-22 12:29:26,2026-02-22 12:51:36,CW→CC,2026-02-22,,20056,20056,650,Monedero
2779,54576179,Diagonal Bio Bio,Lomas Coloradas,20063,L2,V1,2026-02-22 14:15:21,2026-02-22 14:58:54,CC→CW,2026-02-22,,20063,20063,510,Monedero
2780,54576616,Laguna Quinenco,Diagonal Bio Bio,20040,L2,V1,2026-02-22 09:23:11,2026-02-22 10:12:52,CW→CC,2026-02-22,,20040,20156,790,Monedero
2781,54576616,Diagonal Bio Bio,Laguna Quinenco,20067,L2,V1,2026-02-22 15:07:13,2026-02-22 16:11:37,CC→CW,2026-02-22,,20067,20067,790,Monedero
2782,54578509,Costa Mar,Cdal. Raul Silva Henriquez,20171,L2,V1,2026-02-22 21:18:07,2026-02-22 21:36:49,CC→CW,2026-02-22,,20171,20171,430,Monedero
2783,54578535,Lzo. Arenas,Chiguayante,20859,L1,V1,2026-02-22 12:36:02,2026-02-22 13:09:27,TH→HQ,2026-02-22,,20859,20859,510,Monedero
2784,54578535,Chiguayante,Lzo. Arenas,20880,L1,V1,2026-02-22 21:09:15,2026-02-22 22:09:34,HQ→TH,2026-02-22,,20880,20880,510,Monedero
2785,54578536,Lzo. Arenas,Chiguayante,20859,L1,V1,2026-02-22 12:36:05,2026-02-22 13:09:35,TH→HQ,2026-02-22,,20859,20859,510,Monedero
2786,54578536,Chiguayante,Lzo. Arenas,20880,L1,V1,2026-02-22 21:09:25,2026-02-22 22:09:38,HQ→TH,2026-02-22,,20880,20880,510,Monedero
2787,54578671,Cdal. Raul Silva Henriquez,Concepcion,20066,L2,V1,2026-02-22 14:55:05,2026-02-22 15:23:06,CW→CC,2026-02-22,,20066,20066,570,Monedero
2788,54578671,Concepcion,Cdal. Raul Silva Henriquez,20163,L2,V1,2026-02-22 18:56:57,2026-02-22 19:28:02,CC→CW,2026-02-22,,20163,20163,570,Monedero
2789,54579038,Higueras,Hualqui,20845,L1,V1,2026-02-22 15:42:54,2026-02-22 17:01:15,TH→HQ,2026-02-22,,20845,20845,560,Monedero
2790,54579380,La Leonera,Concepcion,20844,L1,V1,2026-02-22 12:25:01,2026-02-22 13:04:23,HQ→TH,2026-02-22,,20844,20844,510,Monedero
2791,54579380,La Leonera,Concepcion,20844,L1,V1,2026-02-22 12:25:19,2026-02-22 13:04:14,HQ→TH,2026-02-22,,20844,20844,510,Monedero
2792,54579469,Concepcion,Coronel,20049,L2,V1,2026-02-22 11:14:06,2026-02-22 12:14:15,CC→CW,2026-02-22,,20049,20049,880,Monedero
2793,54579469,Concepcion,Coronel,20049,L2,V1,2026-02-22 11:14:10,2026-02-22 12:14:05,CC→CW,2026-02-22,,20049,20049,880,Monedero
2794,54579469,Coronel,Concepcion,20166,L2,V1,2026-02-22 18:51:33,2026-02-22 19:59:52,CW→CC,2026-02-22,,20166,20166,880,Monedero
2795,54579469,Coronel,Concepcion,20166,L2,V1,2026-02-22 18:51:43,2026-02-22 19:59:47,CW→CC,2026-02-22,,20166,20166,880,Monedero
2796,54579743,Hito Galvarino,Laguna Quinenco,20053,L2,V1,2026-02-22 12:34:04,2026-02-22 12:50:42,CC→CW,2026-02-22,,20053,20053,530,Monedero
2797,54580014,Concepcion,Laguna Quinenco,20161,L2,V1,2026-02-22 17:49:04,2026-02-22 19:12:00,CC→CW,2026-02-22,,20161,20161,880,Monedero
2798,54580274,Concepcion,Coronel,20069,L2,V1,2026-02-22 16:41:32,2026-02-22 17:31:44,CC→CW,2026-02-22,,20069,20069,880,Monedero
2799,54580413,Juan Pablo II,Costa Mar,20171,L2,V1,2026-02-22 20:58:58,2026-02-22 21:25:33,CC→CW,2026-02-22,,20171,20171,510,Monedero
2800,54580664,Los Canelos,Concepcion,20056,L2,V1,2026-02-22 12:17:43,2026-02-22 13:03:45,CW→CC,2026-02-22,,20056,20056,850,Monedero
2801,54580732,Los Canelos,El Parque,20156,L2,V1,2026-02-22 09:24:05,2026-02-22 09:44:43,CW→CC,2026-02-22,,20156,20156,610,Monedero
2802,54580732,El Parque,Cdal. Raul Silva Henriquez,20167,L2,V1,2026-02-22 20:19:14,2026-02-22 20:28:01,CC→CW,2026-02-22,,20167,20167,430,Monedero
2803,54580749,Concepcion,Coronel,20161,L2,V1,2026-02-22 17:17:02,2026-02-22 19:14:33,CC→CW,2026-02-22,combo_relajado_pase1,20161,20846,910,Monedero
2804,54580867,Costa Mar,Hito Galvarino,20035,L2,V1,2026-02-22 10:07:22,2026-02-22 10:33:33,CC→CW,2026-02-22,,20035,20035,610,Monedero
2805,54580910,Juan Pablo II,Costa Mar,20157,L2,V1,2026-02-22 17:09:54,2026-02-22 17:46:31,CC→CW,2026-02-22,,20157,20157,510,Monedero
2806,54580997,Concepcion,Mercado,20844,L1,V1,2026-02-22 12:35:43,2026-02-22 13:29:18,HQ→TH,2026-02-22,,20844,20844,540,Monedero
2807,54581015,El Parque,Huinca,20059,L2,V1,2026-02-22 13:33:25,2026-02-22 13:55:51,CC→CW,2026-02-22,,20059,20059,630,Monedero
2808,54581015,Hito Galvarino,Diagonal Bio Bio,20166,L2,V1,2026-02-22 19:28:11,2026-02-22 19:50:26,CW→CC,2026-02-22,,20166,20166,650,Monedero
2809,54581048,Costa Mar,Hito Galvarino,20053,L2,V1,2026-02-22 12:19:37,2026-02-22 12:39:52,CC→CW,2026-02-22,,20053,20053,610,Monedero
2810,54581128,Hito Galvarino,Cristo Redentor,20053,L2,V1,2026-02-22 12:37:35,2026-02-22 12:47:28,CC→CW,2026-02-22,,20053,20053,460,Monedero
2811,54581128,Cristo Redentor,Concepcion,20062,L2,V1,2026-02-22 13:54:13,2026-02-22 14:32:50,CW→CC,2026-02-22,,20062,20062,850,Monedero
2812,54581128,Concepcion,Cdal. Raul Silva Henriquez,20171,L2,V1,2026-02-22 20:54:50,2026-02-22 21:49:52,CC→CW,2026-02-22,,20171,20171,570,Monedero
2813,54581351,Concepcion,Laguna Quinenco,20069,L2,V1,2026-02-22 16:11:06,2026-02-22 17:26:45,CC→CW,2026-02-22,combo_por_entrada,20069,20069,900,Monedero
2814,54581679,Concepcion,Coronel,20059,L2,V1,2026-02-22 13:11:10,2026-02-22 14:08:27,CC→CW,2026-02-22,,20059,20059,880,Monedero
2815,54581679,Coronel,Concepcion,20166,L2,V1,2026-02-22 18:47:25,2026-02-22 19:59:49,CW→CC,2026-02-22,,20166,20166,880,Monedero
2816,54581957,Cdal. Raul Silva Henriquez,Laguna Quinenco,20063,L2,V1,2026-02-22 14:46:31,2026-02-22 15:17:38,CC→CW,2026-02-22,,20063,20063,650,Monedero
2817,54581957,Laguna Quinenco,Cdal. Raul Silva Henriquez,20160,L2,V1,2026-02-22 17:33:35,2026-02-22 18:05:23,CW→CC,2026-02-22,,20160,20160,650,Monedero
2818,54582079,Cdal. Raul Silva Henriquez,Concepcion,20156,L2,V1,2026-02-22 09:24:11,2026-02-22 18:03:18,CW→CC,2026-02-22,,20156,20156,570,Monedero
2819,54582079,Concepcion,Cdal. Raul Silva Henriquez,20161,L2,V1,2026-02-22 18:03:27,2026-02-22 18:53:50,CC→CW,2026-02-22,,20161,20161,570,Monedero
2820,54583311,Cristo Redentor,Concepcion,20062,L2,V1,2026-02-22 13:53:28,2026-02-22 14:34:03,CW→CC,2026-02-22,,20062,20062,850,Monedero
2821,54583436,Cdal. Raul Silva Henriquez,Huinca,20153,L2,V1,2026-02-22 09:40:56,2026-02-22 09:55:32,CC→CW,2026-02-22,,20153,20153,630,Monedero
2822,54583436,Huinca,Cdal. Raul Silva Henriquez,20160,L2,V1,2026-02-22 17:48:06,2026-02-22 18:04:04,CW→CC,2026-02-22,,20160,20160,630,Monedero
2823,54583656,Laguna Quinenco,Concepcion,20152,L2,V1,2026-02-22 08:24:44,2026-02-22 09:15:49,CW→CC,2026-02-22,,20152,20152,880,Monedero
2824,54584111,Concepcion,Mercado,20850,L1,V1,2026-02-22 08:53:40,2026-02-22 10:28:00,HQ→TH,2026-02-22,combo_relajado_pase1,20850,20850,590,Monedero
2825,54584111,Concepcion,Lomas Coloradas,20059,L2,V1,2026-02-22 12:28:43,2026-02-22 13:41:44,CC→CW,2026-02-22,combo_por_entrada,20059,20859,590,Monedero
2826,54584203,UTF Santa Maria,Hualqui,20847,L1,V1,2026-02-22 19:39:54,2026-02-22 21:02:26,TH→HQ,2026-02-22,,20847,20847,560,Monedero
2827,54584550,Lomas Coloradas,Concepcion,20076,L2,V1,2026-02-22 16:58:13,2026-02-22 17:30:00,CW→CC,2026-02-22,,20076,20076,570,Monedero
2828,54584550,Lomas Coloradas,Concepcion,20076,L2,V1,2026-02-22 16:58:20,2026-02-22 17:29:55,CW→CC,2026-02-22,,20076,20076,570,Monedero
2829,54584550,Concepcion,Lomas Coloradas,20171,L2,V1,2026-02-22 20:36:19,2026-02-22 21:32:20,CC→CW,2026-02-22,,20171,20171,570,Monedero
2830,54584550,Concepcion,Lomas Coloradas,20171,L2,V1,2026-02-22 20:36:24,2026-02-22 21:32:16,CC→CW,2026-02-22,,20171,20171,570,Monedero
2831,54584675,Lomas Coloradas,Hito Galvarino,20163,L2,V1,2026-02-22 19:22:32,2026-02-22 19:33:02,CC→CW,2026-02-22,,20163,20163,610,Monedero
2832,54584749,Juan Pablo II,Los Canelos,20163,L2,V1,2026-02-22 19:09:53,2026-02-22 19:36:36,CC→CW,2026-02-22,,20163,20163,650,Monedero
2833,54584782,Juan Pablo II,El Parque,20041,L2,V1,2026-02-22 10:34:18,2026-02-22 10:46:29,CC→CW,2026-02-22,,20041,20041,510,Monedero
2834,54584782,El Parque,Diagonal Bio Bio,20056,L2,V1,2026-02-22 12:37:52,2026-02-22 12:51:47,CW→CC,2026-02-22,,20056,20056,510,Monedero
2835,54584813,Concepcion,Diagonal Bio Bio,20171,L2,V1,2026-02-22 20:17:09,2026-02-22 21:19:48,CC→CW,2026-02-22,match_por_salida_fallback,20171,20171,600,Monedero
2836,54584864,Concepcion,Lomas Coloradas,20167,L2,V1,2026-02-22 19:55:41,2026-02-22 20:27:17,CC→CW,2026-02-22,,20167,20167,570,Monedero
2837,54585037,Alborada,Concepcion,20152,L2,V1,2026-02-22 09:01:44,2026-02-22 09:21:37,CW→CC,2026-02-22,,20152,20152,570,Monedero
2838,54585568,Cdal. Raul Silva Henriquez,Concepcion,20044,L2,V1,2026-02-22 10:15:49,2026-02-22 10:48:55,CW→CC,2026-02-22,,20044,20044,570,Monedero
2839,54585568,Concepcion,Cdal. Raul Silva Henriquez,20167,L2,V1,2026-02-22 19:53:29,2026-02-22 20:29:08,CC→CW,2026-02-22,,20167,20167,570,Monedero
2840,54585716,Hito Galvarino,Juan Pablo II,20156,L2,V1,2026-02-22 09:26:50,2026-02-22 09:54:32,CW→CC,2026-02-22,,20156,20156,650,Monedero
2841,54585716,Juan Pablo II,Hito Galvarino,20041,L2,V1,2026-02-22 10:20:12,2026-02-22 10:59:18,CC→CW,2026-02-22,,20041,20041,650,Monedero
2842,54586641,Hualqui,Concepcion,20846,L1,V1,2026-02-22 16:54:50,2026-02-22 17:35:01,HQ→TH,2026-02-22,,20846,20846,550,Monedero
2843,54586689,Los Canelos,Lomas Coloradas,20068,L2,V1,2026-02-22 15:31:33,2026-02-22 16:04:39,CW→CC,2026-02-22,,20068,20068,610,Monedero
2844,54586711,Concepcion,El Parque,20161,L2,V1,2026-02-22 17:50:07,2026-02-22 18:47:30,CC→CW,2026-02-22,,20161,20161,570,Monedero
2845,54586711,Concepcion,El Parque,20161,L2,V1,2026-02-22 17:50:12,2026-02-22 18:47:25,CC→CW,2026-02-22,,20161,20161,570,Monedero
2846,54586711,El Parque,Concepcion,20166,L2,V1,2026-02-22 19:33:16,2026-02-22 20:02:50,CW→CC,2026-02-22,,20166,20166,570,Monedero
2847,54586711,El Parque,Concepcion,20166,L2,V1,2026-02-22 19:33:21,2026-02-22 20:00:00,CW→CC,2026-02-22,,20166,20166,570,Monedero
2848,54587078,Costa Mar,Coronel,20063,L2,V1,2026-02-22 14:48:48,2026-02-22 15:21:37,CC→CW,2026-02-22,,20063,20063,650,Monedero
2849,54587555,Diagonal Bio Bio,Cdal. Raul Silva Henriquez,20161,L2,V1,2026-02-22 18:03:40,2026-02-22 18:53:11,CC→CW,2026-02-22,,20161,20161,510,Monedero
2850,54587758,Concepcion,Hualqui,20847,L1,V1,2026-02-22 20:24:24,2026-02-22 21:01:49,TH→HQ,2026-02-22,,20847,20847,550,Monedero
2851,54587796,El Parque,Concepcion,20076,L2,V1,2026-02-22 17:05:39,2026-02-22 17:35:12,CW→CC,2026-02-22,,20076,20076,570,Monedero
2852,54588282,Cristo Redentor,Concepcion,20066,L2,V1,2026-02-22 14:41:49,2026-02-22 15:23:46,CW→CC,2026-02-22,,20066,20066,850,Monedero
2853,54588282,Cristo Redentor,Concepcion,20066,L2,V1,2026-02-22 14:41:56,2026-02-22 15:23:40,CW→CC,2026-02-22,,20066,20066,850,Monedero
2854,54588282,Concepcion,Cdal. Raul Silva Henriquez,20167,L2,V1,2026-02-22 19:47:00,2026-02-22 20:31:27,CC→CW,2026-02-22,,20167,20167,570,Monedero
2855,54588282,Concepcion,Cdal. Raul Silva Henriquez,20167,L2,V1,2026-02-22 19:47:06,2026-02-22 20:31:20,CC→CW,2026-02-22,,20167,20167,570,Monedero
2856,54588285,Los Canelos,El Parque,20068,L2,V1,2026-02-22 15:34:13,2026-02-22 16:07:27,CW→CC,2026-02-22,,20068,20068,610,Monedero
2857,54588285,El Parque,Los Canelos,20157,L2,V1,2026-02-22 17:30:20,2026-02-22 18:03:50,CC→CW,2026-02-22,,20157,20157,610,Monedero
2858,54588566,Higueras,Manquimavida,20859,L1,V1,2026-02-22 12:23:24,2026-02-22 13:15:29,TH→HQ,2026-02-22,,20859,20859,540,Monedero
2859,54588566,Higueras,Manquimavida,20859,L1,V1,2026-02-22 12:23:39,2026-02-22 13:15:20,TH→HQ,2026-02-22,,20859,20859,540,Monedero
2860,54588731,UTF Santa Maria,Los Condores,20844,L1,V1,2026-02-22 12:49:52,2026-02-22 13:17:11,HQ→TH,2026-02-22,,20844,20844,420,Monedero
2861,54588731,UTF Santa Maria,Los Condores,20844,L1,V1,2026-02-22 12:50:10,2026-02-22 13:17:06,HQ→TH,2026-02-22,,20844,20844,420,Monedero
2862,54588844,Los Canelos,Concepcion,20066,L2,V1,2026-02-22 14:47:39,2026-02-22 15:26:37,CW→CC,2026-02-22,,20066,20066,850,Monedero
2863,54588844,Concepcion,Los Canelos,20157,L2,V1,2026-02-22 17:31:26,2026-02-22 19:03:35,CC→CW,2026-02-22,,20157,20157,850,Monedero
2864,54588881,Concepcion,Los Canelos,20049,L2,V1,2026-02-22 11:21:05,2026-02-22 12:02:59,CC→CW,2026-02-22,,20049,20049,850,Monedero
2865,54588881,Los Canelos,Concepcion,20160,L2,V1,2026-02-22 17:41:54,2026-02-22 18:29:30,CW→CC,2026-02-22,,20160,20160,850,Monedero
2866,54589034,Concepcion,Hualqui,20859,L1,V1,2026-02-22 12:55:02,2026-02-22 13:34:55,TH→HQ,2026-02-22,,20859,20859,550,Monedero
2867,54589034,Hualqui,Concepcion,20846,L1,V1,2026-02-22 16:55:55,2026-02-22 17:37:14,HQ→TH,2026-02-22,,20846,20846,550,Monedero
2868,54589112,Manquimavida,Concepcion,20846,L1,V1,2026-02-22 16:56:22,2026-02-22 17:34:35,HQ→TH,2026-02-22,,20846,20846,510,Monedero
2869,54590097,Concepcion,Los Canelos,20161,L2,V1,2026-02-22 18:27:47,2026-02-22 19:03:31,CC→CW,2026-02-22,,20161,20161,850,Monedero
2870,54590328,Manquimavida,Concepcion,20844,L1,V1,2026-02-22 12:17:00,2026-02-22 13:05:02,HQ→TH,2026-02-22,,20844,20844,510,Monedero
2871,54590328,Manquimavida,Concepcion,20844,L1,V1,2026-02-22 12:17:10,2026-02-22 13:05:00,HQ→TH,2026-02-22,,20844,20844,510,Monedero
2872,54590328,Concepcion,Concepcion,,,N/A,2026-02-22 18:39:18,2026-02-22 18:40:39,,2026-02-22,no viajo,,,420,Monedero
2873,54590328,Concepcion,Concepcion,,,N/A,2026-02-22 18:39:20,2026-02-22 18:40:36,,2026-02-22,no viajo,,,420,Monedero
2874,54590778,Cdal. Raul Silva Henriquez,Lomas Coloradas,20040,L2,V1,2026-02-22 09:55:44,2026-02-22 10:02:54,CW→CC,2026-02-22,,20040,20040,430,Monedero
2875,54590778,Lomas Coloradas,Cdal. Raul Silva Henriquez,20067,L2,V1,2026-02-22 15:35:13,2026-02-22 15:53:59,CC→CW,2026-02-22,,20067,20067,430,Monedero
2876,54591015,Costa Mar,Juan Pablo II,20068,L2,V1,2026-02-22 16:03:13,2026-02-22 16:18:37,CW→CC,2026-02-22,,20068,20068,510,Monedero
2877,54591170,Los Canelos,Juan Pablo II,20160,L2,V1,2026-02-22 17:27:26,2026-02-22 18:22:41,CW→CC,2026-02-22,,20160,20160,650,Monedero
2878,54591170,Juan Pablo II,Cdal. Raul Silva Henriquez,20171,L2,V1,2026-02-22 20:49:41,2026-02-22 21:38:44,CC→CW,2026-02-22,,20171,20171,510,Monedero
2879,54591736,Huinca,Costa Mar,20076,L2,V1,2026-02-22 16:42:58,2026-02-22 17:13:38,CW→CC,2026-02-22,,20076,20076,630,Monedero
2880,54591736,Costa Mar,Huinca,20161,L2,V1,2026-02-22 18:12:18,2026-02-22 19:06:04,CC→CW,2026-02-22,,20161,20161,630,Monedero
2881,54591736,Costa Mar,Huinca,20161,L2,V1,2026-02-22 18:12:25,2026-02-22 19:05:59,CC→CW,2026-02-22,,20161,20161,630,Monedero
2882,54592491,Lomas Coloradas,Concepcion,20066,L2,V1,2026-02-22 14:50:39,2026-02-22 15:23:17,CW→CC,2026-02-22,,20066,20066,570,Monedero
2883,54592598,Costa Mar,Lomas Coloradas,20153,L2,V1,2026-02-22 09:23:51,2026-02-22 09:39:30,CC→CW,2026-02-22,,20153,20153,430,Monedero
2884,54592598,Lomas Coloradas,Costa Mar,20040,L2,V1,2026-02-22 10:01:06,2026-02-22 10:08:04,CW→CC,2026-02-22,,20040,20040,430,Monedero
2885,54592719,Concepcion,Concepcion,,,N/A,2026-02-22 15:07:31,2026-02-22 15:33:46,,2026-02-22,no viajo,,,420,Monedero
2886,54592973,Lomas Coloradas,Concepcion,20068,L2,V1,2026-02-22 15:33:43,2026-02-22 16:24:54,CW→CC,2026-02-22,,20068,20068,570,Monedero
2887,54593467,Coronel,Costa Mar,20152,L2,V1,2026-02-22 08:22:57,2026-02-22 09:01:39,CW→CC,2026-02-22,,20152,20152,650,Monedero
2888,54593467,Costa Mar,Coronel,20069,L2,V1,2026-02-22 16:55:12,2026-02-22 17:29:44,CC→CW,2026-02-22,,20069,20069,650,Monedero
2889,54593644,Coronel,Concepcion,20156,L2,V1,2026-02-22 09:05:27,2026-02-22 10:03:41,CW→CC,2026-02-22,,20156,20156,880,Monedero
2890,54594487,Lomas Coloradas,Laguna Quinenco,20161,L2,V1,2026-02-22 18:47:30,2026-02-22 19:12:53,CC→CW,2026-02-22,,20161,20161,650,Monedero
2891,54594528,Concepcion,Cdal. Raul Silva Henriquez,20171,L2,V1,2026-02-22 19:43:26,2026-02-22 21:37:39,CC→CW,2026-02-22,combo_por_entrada,20171,20171,590,Monedero
2892,54594662,Juan Pablo II,Cristo Redentor,20069,L2,V1,2026-02-22 16:26:29,2026-02-22 17:24:18,CC→CW,2026-02-22,,20069,20069,680,Monedero
2893,54595479,Diagonal Bio Bio,El Parque,20067,L2,V1,2026-02-22 15:35:04,2026-02-22 15:48:26,CC→CW,2026-02-22,,20067,20067,510,Monedero
2894,54595479,Diagonal Bio Bio,El Parque,20067,L2,V1,2026-02-22 15:35:09,2026-02-22 15:48:20,CC→CW,2026-02-22,,20067,20067,510,Monedero
2895,54595479,El Parque,Diagonal Bio Bio,20076,L2,V1,2026-02-22 17:06:25,2026-02-22 17:18:50,CW→CC,2026-02-22,,20076,20076,510,Monedero
2896,54595501,Laguna Quinenco,Concepcion,20056,L2,V1,2026-02-22 12:16:21,2026-02-22 13:06:03,CW→CC,2026-02-22,,20056,20056,880,Monedero
2897,54595501,Concepcion,Laguna Quinenco,20161,L2,V1,2026-02-22 17:57:26,2026-02-22 19:11:32,CC→CW,2026-02-22,,20161,20161,880,Monedero
2898,54597286,Cdal. Raul Silva Henriquez,Cristo Redentor,20041,L2,V1,2026-02-22 10:49:39,2026-02-22 11:07:33,CC→CW,2026-02-22,,20041,20041,630,Monedero
2899,54597770,Lomas Coloradas,Concepcion,20160,L2,V1,2026-02-22 17:52:44,2026-02-22 18:29:15,CW→CC,2026-02-22,,20160,20160,570,Monedero
2900,54597770,Concepcion,Lomas Coloradas,20167,L2,V1,2026-02-22 19:47:18,2026-02-22 20:24:38,CC→CW,2026-02-22,,20167,20167,570,Monedero
2901,54597788,Cdal. Raul Silva Henriquez,Concepcion,20160,L2,V1,2026-02-22 17:52:00,2026-02-22 18:29:31,CW→CC,2026-02-22,,20160,20160,570,Monedero
2902,54598040,Cristo Redentor,Costa Mar,20162,L2,V1,2026-02-22 18:23:12,2026-02-22 18:46:02,CW→CC,2026-02-22,,20162,20162,630,Monedero
2903,54598696,Concepcion,Costa Mar,20049,L2,V1,2026-02-22 10:59:33,2026-02-22 11:47:35,CC→CW,2026-02-22,,20049,20049,570,Monedero
2904,54599111,Hito Galvarino,Diagonal Bio Bio,20056,L2,V1,2026-02-22 12:29:13,2026-02-22 12:51:34,CW→CC,2026-02-22,,20056,20056,650,Monedero
2905,54599111,Diagonal Bio Bio,Lomas Coloradas,20063,L2,V1,2026-02-22 14:15:39,2026-02-22 14:59:16,CC→CW,2026-02-22,,20063,20063,510,Monedero
2906,54599200,Costa Mar,Concepcion,20068,L2,V1,2026-02-22 16:06:16,2026-02-22 16:26:31,CW→CC,2026-02-22,,20068,20068,570,Monedero
2907,54599374,Los Canelos,Concepcion,20052,L2,V1,2026-02-22 11:24:02,2026-02-22 12:02:38,CW→CC,2026-02-22,,20052,20052,850,Monedero
2908,54599374,Concepcion,Cdal. Raul Silva Henriquez,20171,L2,V1,2026-02-22 20:42:08,2026-02-22 21:38:30,CC→CW,2026-02-22,,20171,20171,570,Monedero
2909,54599667,Coronel,Concepcion,20160,L2,V1,2026-02-22 17:27:47,2026-02-22 18:29:55,CW→CC,2026-02-22,,20160,20160,880,Monedero
2910,54599667,Coronel,Concepcion,20160,L2,V1,2026-02-22 17:27:54,2026-02-22 18:29:17,CW→CC,2026-02-22,,20160,20160,880,Monedero
2911,54600252,Pedro Medina,Concepcion,20844,L1,V1,2026-02-22 12:31:15,2026-02-22 13:06:26,HQ→TH,2026-02-22,,20844,20844,510,Monedero
2912,54600382,Costa Mar,Juan Pablo II,20076,L2,V1,2026-02-22 16:55:08,2026-02-22 17:21:56,CW→CC,2026-02-22,,20076,20076,510,Monedero
2913,54600382,Costa Mar,Juan Pablo II,20076,L2,V1,2026-02-22 16:55:16,2026-02-22 17:21:50,CW→CC,2026-02-22,,20076,20076,510,Monedero
2914,54600601,Costa Mar,Huinca,20059,L2,V1,2026-02-22 13:31:05,2026-02-22 13:58:05,CC→CW,2026-02-22,,20059,20059,630,Monedero
2915,54600896,Manquimavida,Mercado,20846,L1,V1,2026-02-22 17:13:22,2026-02-22 18:01:33,HQ→TH,2026-02-22,,20846,20846,550,Monedero
2916,54600896,Manquimavida,Mercado,20846,L1,V1,2026-02-22 17:13:47,2026-02-22 18:01:18,HQ→TH,2026-02-22,,20846,20846,550,Monedero
2917,54600896,Manquimavida,Mercado,20846,L1,V1,2026-02-22 17:13:53,2026-02-22 18:01:09,HQ→TH,2026-02-22,,20846,20846,550,Monedero
2918,54600896,Manquimavida,Mercado,20846,L1,V1,2026-02-22 17:13:58,2026-02-22 18:01:01,HQ→TH,2026-02-22,,20846,20846,550,Monedero
2919,54600896,Mercado,Manquimavida,20847,L1,V1,2026-02-22 19:39:48,2026-02-22 20:48:08,TH→HQ,2026-02-22,,20847,20847,550,Monedero
2920,54600896,Mercado,Manquimavida,20847,L1,V1,2026-02-22 19:39:53,2026-02-22 20:47:05,TH→HQ,2026-02-22,,20847,20847,550,Monedero
2921,54600896,Mercado,Manquimavida,20847,L1,V1,2026-02-22 19:39:57,2026-02-22 20:46:41,TH→HQ,2026-02-22,,20847,20847,550,Monedero
2922,54601180,Juan Pablo II,Cdal. Raul Silva Henriquez,20167,L2,V1,2026-02-22 19:51:16,2026-02-22 20:28:22,CC→CW,2026-02-22,,20167,20167,510,Monedero
2923,54601530,Costa Mar,Lomas Coloradas,20063,L2,V1,2026-02-22 14:51:31,2026-02-22 14:58:01,CC→CW,2026-02-22,,20063,20063,430,Monedero
2924,54601571,Hualqui,El Arenal,20846,L1,V1,2026-02-22 16:58:28,2026-02-22 17:55:47,HQ→TH,2026-02-22,,20846,20846,580,Monedero
2925,54601637,Huinca,Concepcion,20052,L2,V1,2026-02-22 11:16:20,2026-02-22 12:03:47,CW→CC,2026-02-22,,20052,20052,850,Monedero
2926,54601683,Lzo. Arenas,Mercado,20846,L1,V1,2026-02-22 17:22:57,2026-02-22 18:00:01,HQ→TH,2026-02-22,,20846,20846,540,Monedero
2927,54601683,Lzo. Arenas,Mercado,20846,L1,V1,2026-02-22 17:23:03,2026-02-22 17:59:56,HQ→TH,2026-02-22,,20846,20846,540,Monedero
2928,54601683,Lzo. Arenas,Mercado,20846,L1,V1,2026-02-22 17:23:10,2026-02-22 17:59:50,HQ→TH,2026-02-22,,20846,20846,540,Monedero
2929,54601683,Mercado,Lzo. Arenas,20847,L1,V1,2026-02-22 19:43:20,2026-02-22 20:20:22,TH→HQ,2026-02-22,,20847,20847,540,Monedero
2930,54601683,Mercado,Lzo. Arenas,20847,L1,V1,2026-02-22 19:43:35,2026-02-22 20:20:16,TH→HQ,2026-02-22,,20847,20847,540,Monedero
2931,54601683,Mercado,Lzo. Arenas,20847,L1,V1,2026-02-22 19:43:41,2026-02-22 20:20:09,TH→HQ,2026-02-22,,20847,20847,540,Monedero
2932,54601928,El Parque,Laguna Quinenco,20069,L2,V1,2026-02-22 16:59:16,2026-02-22 17:26:52,CC→CW,2026-02-22,,20069,20069,650,Monedero
2933,54601991,Coronel,Laguna Quinenco,20160,L2,V1,2026-02-22 17:33:46,2026-02-22 17:48:19,CW→CC,2026-02-22,,20160,20160,440,Monedero
2934,54602126,Los Condores,Concepcion,20859,L1,V1,2026-02-22 12:19:04,2026-02-22 13:00:16,TH→HQ,2026-02-22,,20859,20859,500,Monedero
2935,54602169,Concepcion,Pedro Medina,20847,L1,V1,2026-02-22 19:36:09,2026-02-22 20:44:19,TH→HQ,2026-02-22,,20847,20847,510,Monedero
2936,54602680,Los Canelos,Concepcion,20062,L2,V1,2026-02-22 13:44:12,2026-02-22 14:34:27,CW→CC,2026-02-22,,20062,20062,850,Monedero
2937,54603021,Concepcion,Huinca,20067,L2,V1,2026-02-22 15:08:02,2026-02-22 16:06:02,CC→CW,2026-02-22,,20067,20067,850,Monedero
2938,54603050,Huinca,Laguna Quinenco,20063,L2,V1,2026-02-22 15:11:45,2026-02-22 15:19:16,CC→CW,2026-02-22,,20063,20063,450,Monedero
2939,54603481,Cdal. Raul Silva Henriquez,Concepcion,20062,L2,V1,2026-02-22 14:07:09,2026-02-22 14:33:38,CW→CC,2026-02-22,,20062,20062,570,Monedero
2940,54603481,Concepcion,Cdal. Raul Silva Henriquez,20167,L2,V1,2026-02-22 19:49:02,2026-02-22 20:28:26,CC→CW,2026-02-22,,20167,20167,570,Monedero
2941,54604181,Concepcion,Coronel,20163,L2,V1,2026-02-22 18:54:41,2026-02-22 19:46:42,CC→CW,2026-02-22,,20163,20163,880,Monedero
2942,54605176,Concepcion,Concepcion,,,N/A,2026-02-22 10:29:39,2026-02-22 10:34:53,,2026-02-22,no viajo,,,420,Monedero
2943,54605196,Alborada,Concepcion,20062,L2,V1,2026-02-22 14:16:51,2026-02-22 14:35:15,CW→CC,2026-02-22,,20062,20062,570,Monedero
2944,54605196,Alborada,Concepcion,20062,L2,V1,2026-02-22 14:16:57,2026-02-22 14:35:08,CW→CC,2026-02-22,,20062,20062,570,Monedero
2945,54605196,Concepcion,Alborada,20157,L2,V1,2026-02-22 17:26:39,2026-02-22 17:46:29,CC→CW,2026-02-22,,20157,20157,570,Monedero
2946,54605196,Concepcion,Alborada,20157,L2,V1,2026-02-22 17:26:44,2026-02-22 17:46:21,CC→CW,2026-02-22,,20157,20157,570,Monedero
2947,54605236,Concepcion,Laguna Quinenco,20163,L2,V1,2026-02-22 18:35:56,2026-02-22 19:43:48,CC→CW,2026-02-22,,20163,20161,880,Monedero
2948,54605246,Higueras,Pedro Medina,20847,L1,V1,2026-02-22 20:06:10,2026-02-22 20:43:05,TH→HQ,2026-02-22,,20847,20847,540,Monedero
2949,54605286,Cdal. Raul Silva Henriquez,Concepcion,20050,L2,V1,2026-02-22 11:13:48,2026-02-22 11:45:48,CW→CC,2026-02-22,,20050,20050,570,Monedero
2950,54605632,Concepcion,Manquimavida,20847,L1,V1,2026-02-22 20:14:01,2026-02-22 20:46:02,TH→HQ,2026-02-22,,20847,20847,510,Monedero
2951,54605632,Concepcion,Manquimavida,20847,L1,V1,2026-02-22 20:14:06,2026-02-22 20:45:58,TH→HQ,2026-02-22,,20847,20847,510,Monedero
2952,54606002,Lzo. Arenas,Manquimavida,20847,L1,V1,2026-02-22 20:16:03,2026-02-22 20:46:49,TH→HQ,2026-02-22,,20847,20847,510,Monedero
2953,54606697,Hito Galvarino,Cristo Redentor,20163,L2,V1,2026-02-22 19:27:35,2026-02-22 19:41:42,CC→CW,2026-02-22,,20163,20163,460,Monedero
2954,54606738,Laguna Quinenco,Juan Pablo II,20156,L2,V1,2026-02-22 09:05:14,2026-02-22 09:53:54,CW→CC,2026-02-22,,20156,20156,790,Monedero
2955,54606738,Juan Pablo II,Laguna Quinenco,20069,L2,V1,2026-02-22 16:46:12,2026-02-22 17:26:26,CC→CW,2026-02-22,,20069,20069,790,Monedero
2956,56009744,Coronel,El Parque,20050,L2,V1,2026-02-22 10:54:00,2026-02-22 11:22:40,CW→CC,2026-02-22,,20050,20050,650,Monedero
2957,56010021,Los Canelos,Concepcion,20066,L2,V1,2026-02-22 14:38:08,2026-02-22 15:23:25,CW→CC,2026-02-22,,20066,20066,850,Monedero
2958,56010076,Laguna Quinenco,Lomas Coloradas,20040,L2,V1,2026-02-22 09:39:27,2026-02-22 10:02:45,CW→CC,2026-02-22,,20040,20040,650,Monedero
2959,56010122,Los Canelos,Costa Mar,20058,L2,V1,2026-02-22 12:37:36,2026-02-22 13:00:18,CW→CC,2026-02-22,,20058,20058,610,Monedero
2960,56010122,Costa Mar,Los Canelos,20067,L2,V1,2026-02-22 15:15:09,2026-02-22 16:03:09,CC→CW,2026-02-22,,20067,20067,610,Monedero
2961,56010979,Concepcion,Los Canelos,20153,L2,V1,2026-02-22 09:16:27,2026-02-22 09:52:04,CC→CW,2026-02-22,,20153,20153,850,Monedero
2962,56011347,Diagonal Bio Bio,Los Canelos,20067,L2,V1,2026-02-22 15:26:18,2026-02-22 16:03:14,CC→CW,2026-02-22,,20067,20067,650,Monedero
2963,56012601,Coronel,Concepcion,20062,L2,V1,2026-02-22 13:45:27,2026-02-22 14:34:00,CW→CC,2026-02-22,,20062,20062,880,Monedero
2964,56012601,Concepcion,Coronel,20163,L2,V1,2026-02-22 18:51:48,2026-02-22 19:48:35,CC→CW,2026-02-22,,20163,20163,880,Monedero
2965,56012729,Concepcion,Hito Galvarino,20067,L2,V1,2026-02-22 15:24:28,2026-02-22 16:00:39,CC→CW,2026-02-22,,20067,20067,850,Monedero
2966,56012729,Concepcion,Hito Galvarino,20067,L2,V1,2026-02-22 15:24:45,2026-02-22 16:00:35,CC→CW,2026-02-22,,20067,20067,850,Monedero
2967,56013940,Los Canelos,Concepcion,20160,L2,V1,2026-02-22 17:47:17,2026-02-22 18:31:37,CW→CC,2026-02-22,,20160,20160,850,Monedero
2968,56013940,Los Canelos,Concepcion,20160,L2,V1,2026-02-22 17:47:22,2026-02-22 18:31:33,CW→CC,2026-02-22,,20160,20160,850,Monedero
2969,56013940,Concepcion,Cdal. Raul Silva Henriquez,20171,L2,V1,2026-02-22 20:39:09,2026-02-22 21:37:10,CC→CW,2026-02-22,,20171,20171,570,Monedero
2970,56013940,Concepcion,Cdal. Raul Silva Henriquez,20171,L2,V1,2026-02-22 20:39:19,2026-02-22 21:37:01,CC→CW,2026-02-22,,20171,20171,570,Monedero
2971,56015624,Los Canelos,Juan Pablo II,20166,L2,V1,2026-02-22 19:22:33,2026-02-22 19:53:08,CW→CC,2026-02-22,,20166,20166,650,Monedero
2972,56021231,Concepcion,Huinca,20161,L2,V1,2026-02-22 18:18:50,2026-02-22 19:06:03,CC→CW,2026-02-22,,20161,20161,850,Monedero
2973,56022837,Concepcion,Cdal. Raul Silva Henriquez,20167,L2,V1,2026-02-22 19:50:37,2026-02-22 20:28:37,CC→CW,2026-02-22,,20167,20167,570,Monedero
2974,56023139,Cristo Redentor,Laguna Quinenco,20035,L2,V1,2026-02-22 10:37:10,2026-02-22 10:44:49,CC→CW,2026-02-22,,20035,20035,450,Monedero
2975,56023139,Laguna Quinenco,Cristo Redentor,20056,L2,V1,2026-02-22 12:03:32,2026-02-22 12:24:28,CW→CC,2026-02-22,,20056,20056,450,Monedero
2976,56026558,Lomas Coloradas,Laguna Quinenco,20067,L2,V1,2026-02-22 15:23:49,2026-02-22 16:12:11,CC→CW,2026-02-22,,20067,20067,650,Monedero
2977,56026558,Laguna Quinenco,Lomas Coloradas,20160,L2,V1,2026-02-22 17:20:49,2026-02-22 18:08:03,CW→CC,2026-02-22,,20160,20160,650,Monedero
2978,56026598,Concepcion,Cdal. Raul Silva Henriquez,20053,L2,V1,2026-02-22 12:04:36,2026-02-22 12:35:24,CC→CW,2026-02-22,,20053,20053,570,Monedero
2979,56031309,Concepcion,Lomas Coloradas,20167,L2,V1,2026-02-22 19:50:46,2026-02-22 20:25:52,CC→CW,2026-02-22,,20167,20167,570,Monedero
2980,56032522,Concepcion,Laguna Quinenco,20163,L2,V1,2026-02-22 18:58:48,2026-02-22 19:45:40,CC→CW,2026-02-22,,20163,20163,880,Monedero
2981,56039785,Higueras,Hualqui,20847,L1,V1,2026-02-22 20:07:43,2026-02-22 21:06:40,TH→HQ,2026-02-22,,20847,20847,560,Monedero
2982,56039825,Los Canelos,Juan Pablo II,20040,L2,V1,2026-02-22 09:41:18,2026-02-22 10:15:18,CW→CC,2026-02-22,,20040,20040,650,Monedero
2983,56040130,Concepcion,Cdal. Raul Silva Henriquez,20163,L2,V1,2026-02-22 18:58:44,2026-02-22 19:26:50,CC→CW,2026-02-22,,20163,20163,570,Monedero
2984,56041762,Concepcion,Hito Galvarino,20149,L2,V1,2026-02-22 08:28:31,2026-02-22 09:01:07,CC→CW,2026-02-22,,20149,20149,850,Monedero
2985,56041943,Coronel,Concepcion,20076,L2,V1,2026-02-22 15:46:05,2026-02-22 17:30:06,CW→CC,2026-02-22,,20076,20068,880,Monedero
2986,56042321,Diagonal Bio Bio,Los Canelos,20059,L2,V1,2026-02-22 13:27:24,2026-02-22 13:54:57,CC→CW,2026-02-22,,20059,20059,650,Monedero
2987,56043482,Lomas Coloradas,Los Canelos,20053,L2,V1,2026-02-22 12:26:30,2026-02-22 12:43:19,CC→CW,2026-02-22,,20053,20053,610,Monedero
2988,56043666,Los Canelos,Concepcion,20056,L2,V1,2026-02-22 12:18:41,2026-02-22 13:05:00,CW→CC,2026-02-22,,20056,20056,850,Monedero
2989,56043666,Los Canelos,Concepcion,20056,L2,V1,2026-02-22 12:18:45,2026-02-22 13:04:55,CW→CC,2026-02-22,,20056,20056,850,Monedero
2990,56045397,Los Canelos,El Parque,20166,L2,V1,2026-02-22 19:05:23,2026-02-22 19:43:45,CW→CC,2026-02-22,,20166,20166,610,Monedero
2991,56045544,Costa Mar,Coronel,20149,L2,V1,2026-02-22 08:24:39,2026-02-22 09:15:11,CC→CW,2026-02-22,,20149,20149,650,Monedero
2992,56046637,Diagonal Bio Bio,Cdal. Raul Silva Henriquez,20157,L2,V1,2026-02-22 17:37:29,2026-02-22 17:55:46,CC→CW,2026-02-22,,20157,20157,510,Monedero
2993,56046637,Concepcion,Alborada,20167,L2,V1,2026-02-22 19:52:43,2026-02-22 20:50:42,CC→CW,2026-02-22,combo_relajado_pase1,20167,20167,510,Monedero
2994,56046709,Los Canelos,Concepcion,20166,L2,V1,2026-02-22 19:21:55,2026-02-22 20:00:08,CW→CC,2026-02-22,,20166,20166,850,Monedero
2995,56047172,Concepcion,El Parque,20035,L2,V1,2026-02-22 09:36:43,2026-02-22 10:22:22,CC→CW,2026-02-22,,20035,20035,570,Monedero
2996,56047172,Costa Mar,Concepcion,20056,L2,V1,2026-02-22 12:37:45,2026-02-22 13:04:05,CW→CC,2026-02-22,,20056,20056,570,Monedero
2997,56047366,Laguna Quinenco,Concepcion,20068,L2,V1,2026-02-22 15:36:02,2026-02-22 16:47:51,CW→CC,2026-02-22,combo_por_entrada,20068,20845,910,Monedero
2998,56047694,Concepcion,Hualqui,20847,L1,V1,2026-02-22 19:04:34,2026-02-22 21:01:23,TH→HQ,2026-02-22,combo_por_entrada,20847,20847,970,Monedero
2999,56048332,Coronel,Concepcion,20166,L2,V1,2026-02-22 19:11:30,2026-02-22 20:00:35,CW→CC,2026-02-22,,20166,20166,880,Monedero
3000,56049447,Laguna Quinenco,El Parque,20076,L2,V1,2026-02-22 16:31:43,2026-02-22 17:11:52,CW→CC,2026-02-22,,20076,20076,650,Monedero
3001,56049447,Laguna Quinenco,El Parque,20076,L2,V1,2026-02-22 16:39:43,2026-02-22 17:11:46,CW→CC,2026-02-22,,20076,20076,650,Monedero
3002,56049447,El Parque,Laguna Quinenco,20163,L2,V1,2026-02-22 19:05:07,2026-02-22 19:44:36,CC→CW,2026-02-22,,20163,20163,650,Monedero
3003,56049447,El Parque,Laguna Quinenco,20163,L2,V1,2026-02-22 19:05:16,2026-02-22 19:44:29,CC→CW,2026-02-22,,20163,20163,650,Monedero
3004,56049704,Huinca,Concepcion,20076,L2,V1,2026-02-22 16:44:50,2026-02-22 17:29:25,CW→CC,2026-02-22,,20076,20076,850,Monedero
3005,56049704,Concepcion,Huinca,20163,L2,V1,2026-02-22 18:51:17,2026-02-22 19:39:36,CC→CW,2026-02-22,,20163,20163,850,Monedero
3006,56050795,Costa Mar,Huinca,20153,L2,V1,2026-02-22 09:27:30,2026-02-22 09:54:59,CC→CW,2026-02-22,,20153,20153,630,Monedero
3007,56051579,Juan Pablo II,Cristo Redentor,20149,L2,V1,2026-02-22 08:31:27,2026-02-22 09:10:18,CC→CW,2026-02-22,,20149,20149,680,Monedero
3008,56051579,Cristo Redentor,Concepcion,20066,L2,V1,2026-02-22 14:41:42,2026-02-22 15:24:44,CW→CC,2026-02-22,,20066,20066,850,Monedero
3009,56052796,El Parque,Cdal. Raul Silva Henriquez,20167,L2,V1,2026-02-22 20:09:43,2026-02-22 20:35:13,CC→CW,2026-02-22,,20167,20167,430,Monedero
3010,56053168,Concepcion,Los Canelos,20153,L2,V1,2026-02-22 09:02:31,2026-02-22 09:52:23,CC→CW,2026-02-22,,20153,20153,850,Monedero
3011,56053546,Concepcion,Laguna Quinenco,20059,L2,V1,2026-02-22 12:52:27,2026-02-22 14:03:55,CC→CW,2026-02-22,,20059,20059,880,Monedero
3012,56054517,Diagonal Bio Bio,Juan Pablo II,20076,L2,V1,2026-02-22 17:15:52,2026-02-22 17:22:20,CW→CC,2026-02-22,,20076,20076,440,Monedero
3013,56054517,Juan Pablo II,Diagonal Bio Bio,20157,L2,V1,2026-02-22 17:34:51,2026-02-22 17:41:51,CC→CW,2026-02-22,,20157,20157,440,Monedero
3014,56055362,Concepcion,Coronel,20067,L2,V1,2026-02-22 15:18:31,2026-02-22 16:15:06,CC→CW,2026-02-22,,20067,20067,880,Monedero
3015,56056568,Concepcion,Costa Mar,20167,L2,V1,2026-02-22 19:56:41,2026-02-22 20:17:43,CC→CW,2026-02-22,,20167,20167,570,Monedero
3016,56057559,Concepcion,Cdal. Raul Silva Henriquez,20063,L2,V1,2026-02-22 14:12:37,2026-02-22 15:01:28,CC→CW,2026-02-22,,20063,20063,570,Monedero
3017,56058211,Coronel,Concepcion,20058,L2,V1,2026-02-22 12:26:34,2026-02-22 13:16:59,CW→CC,2026-02-22,,20058,20058,880,Monedero
3018,56058764,Huinca,Concepcion,20062,L2,V1,2026-02-22 13:47:44,2026-02-22 14:33:36,CW→CC,2026-02-22,,20062,20062,850,Monedero
3019,56058764,Concepcion,Huinca,20157,L2,V1,2026-02-22 17:17:56,2026-02-22 18:07:02,CC→CW,2026-02-22,,20157,20157,850,Monedero
3020,56058940,Lomas Coloradas,Concepcion,20068,L2,V1,2026-02-22 15:25:47,2026-02-22 16:25:18,CW→CC,2026-02-22,,20068,20068,570,Monedero
3021,56060404,Diagonal Bio Bio,Huinca,20161,L2,V1,2026-02-22 18:31:13,2026-02-22 19:18:35,CC→CW,2026-02-22,,20161,20161,680,Monedero
3022,56060741,Mercado,Concepcion,20847,L1,V1,2026-02-22 19:57:19,2026-02-22 20:25:26,TH→HQ,2026-02-22,,20847,20847,540,Monedero
3023,56061089,Los Canelos,Juan Pablo II,20160,L2,V1,2026-02-22 17:42:21,2026-02-22 18:21:22,CW→CC,2026-02-22,,20160,20160,650,Monedero
3024,56061089,Juan Pablo II,Cdal. Raul Silva Henriquez,20171,L2,V1,2026-02-22 20:50:07,2026-02-22 21:34:21,CC→CW,2026-02-22,,20171,20171,510,Monedero
3025,56061111,Concepcion,El Arenal,20848,L1,V2,2026-02-22 21:05:01,2026-02-22 21:28:11,,2026-02-22,sin_combo_factible_en_hub|sin_s1_factible_retro,,20848,540,Monedero
3026,56061759,Concepcion,Lomas Coloradas,20167,L2,V1,2026-02-22 19:51:48,2026-02-22 20:24:33,CC→CW,2026-02-22,,20167,20167,570,Monedero
3027,56061871,Concepcion,Costa Mar,20163,L2,V1,2026-02-22 18:58:20,2026-02-22 19:19:23,CC→CW,2026-02-22,,20163,20163,570,Monedero
3028,56063078,Laguna Quinenco,Concepcion,20062,L2,V1,2026-02-22 13:32:24,2026-02-22 14:34:01,CW→CC,2026-02-22,,20062,20062,880,Monedero
3029,56063078,Concepcion,Cdal. Raul Silva Henriquez,20167,L2,V1,2026-02-22 19:48:19,2026-02-22 20:32:35,CC→CW,2026-02-22,,20167,20167,570,Monedero
3030,56063601,Cdal. Raul Silva Henriquez,Concepcion,20152,L2,V1,2026-02-22 08:48:43,2026-02-22 09:15:59,CW→CC,2026-02-22,,20152,20152,570,Monedero
3031,56063601,Concepcion,Cdal. Raul Silva Henriquez,20067,L2,V1,2026-02-22 15:21:52,2026-02-22 15:54:34,CC→CW,2026-02-22,,20067,20067,570,Monedero
3032,56063810,Chiguayante,La Leonera,20881,L1,V1,2026-02-22 08:02:32,2026-02-22 08:28:20,TH→HQ,2026-02-22,,20881,20881,420,Monedero
3033,56064486,Cristo Redentor,Concepcion,20058,L2,V1,2026-02-22 12:34:12,2026-02-22 13:20:14,CW→CC,2026-02-22,,20058,20058,850,Monedero
3034,56064486,Cristo Redentor,Concepcion,20058,L2,V1,2026-02-22 12:34:18,2026-02-22 13:20:08,CW→CC,2026-02-22,,20058,20058,850,Monedero
3035,56064639,Laguna Quinenco,Diagonal Bio Bio,20052,L2,V1,2026-02-22 11:20:29,2026-02-22 11:53:15,CW→CC,2026-02-22,,20052,20052,790,Monedero
3036,56065077,Laguna Quinenco,Lomas Coloradas,20058,L2,V1,2026-02-22 12:34:13,2026-02-22 12:55:59,CW→CC,2026-02-22,,20058,20058,650,Monedero
3037,56065077,Lomas Coloradas,Cdal. Raul Silva Henriquez,20171,L2,V1,2026-02-22 21:17:38,2026-02-22 21:36:21,CC→CW,2026-02-22,,20171,20171,430,Monedero
3038,56065697,Coronel,Concepcion,20068,L2,V1,2026-02-22 15:37:56,2026-02-22 16:25:07,CW→CC,2026-02-22,,20068,20068,880,Monedero
3039,56066980,Coronel,Los Canelos,20052,L2,V1,2026-02-22 11:16:22,2026-02-22 11:30:43,CW→CC,2026-02-22,,20052,20052,530,Monedero
3040,56066980,Los Canelos,Coronel,20067,L2,V1,2026-02-22 15:56:02,2026-02-22 16:15:24,CC→CW,2026-02-22,,20067,20067,530,Monedero
3041,56067093,Cdal. Raul Silva Henriquez,Diagonal Bio Bio,20058,L2,V1,2026-02-22 12:49:12,2026-02-22 13:06:40,CW→CC,2026-02-22,,20058,20058,510,Monedero
3042,56068496,El Parque,Lomas Coloradas,20063,L2,V1,2026-02-22 14:43:18,2026-02-22 14:58:16,CC→CW,2026-02-22,,20063,20063,430,Monedero
3043,56069480,Lomas Coloradas,Concepcion,20058,L2,V1,2026-02-22 12:52:49,2026-02-22 13:17:23,CW→CC,2026-02-22,,20058,20058,570,Monedero
3044,56070407,Cristo Redentor,Concepcion,20160,L2,V1,2026-02-22 17:41:57,2026-02-22 18:29:17,CW→CC,2026-02-22,,20160,20160,850,Monedero
3045,56071019,El Parque,Coronel,20049,L2,V1,2026-02-22 11:37:46,2026-02-22 12:13:19,CC→CW,2026-02-22,,20049,20049,0,Discapacitado
3046,56071019,Coronel,El Parque,20062,L2,V1,2026-02-22 13:44:47,2026-02-22 14:17:01,CW→CC,2026-02-22,,20062,20062,0,Discapacitado
3047,56071019,El Parque,Coronel,20157,L2,V1,2026-02-22 17:25:54,2026-02-22 18:14:26,CC→CW,2026-02-22,,20157,20157,0,Discapacitado
3048,56071019,Coronel,El Parque,20166,L2,V1,2026-02-22 18:45:09,2026-02-22 19:43:27,CW→CC,2026-02-22,,20166,20166,0,Discapacitado
3049,56071092,Lomas Coloradas,Laguna Quinenco,20153,L2,V1,2026-02-22 09:35:58,2026-02-22 09:59:17,CC→CW,2026-02-22,,20153,20153,330,Adulto Mayor
3050,56071236,Laguna Quinenco,Cristo Redentor,20056,L2,V1,2026-02-22 12:09:51,2026-02-22 12:24:16,CW→CC,2026-02-22,,20056,20056,230,Adulto Mayor
3051,56071296,Laguna Quinenco,Lomas Coloradas,20056,L2,V1,2026-02-22 12:15:34,2026-02-22 21:32:23,CW→CC,2026-02-22,,20056,20056,330,Adulto Mayor
3052,56071314,Concepcion,El Parque,20067,L2,V1,2026-02-22 15:22:29,2026-02-22 15:48:48,CC→CW,2026-02-22,,20067,20067,0,Otros
3053,56071314,El Parque,Concepcion,20160,L2,V1,2026-02-22 17:41:12,2026-02-22 18:29:38,CW→CC,2026-02-22,,20160,20160,0,Otros
3054,56071322,Lomas Coloradas,Concepcion,20066,L2,V1,2026-02-22 14:49:48,2026-02-22 15:24:14,CW→CC,2026-02-22,,20066,20066,290,Adulto Mayor
3055,56071363,Los Canelos,Laguna Quinenco,20069,L2,V1,2026-02-22 16:37:21,2026-02-22 17:28:10,CC→CW,2026-02-22,,20069,20069,270,Adulto Mayor
3056,56071363,Laguna Quinenco,Los Canelos,20166,L2,V1,2026-02-22 19:09:50,2026-02-22 19:28:42,CW→CC,2026-02-22,,20166,20166,270,Adulto Mayor
3057,56071694,Diagonal Bio Bio,Coronel,20153,L2,V1,2026-02-22 09:28:43,2026-02-22 10:03:11,CC→CW,2026-02-22,,20153,20153,400,Adulto Mayor
3058,56071756,Huinca,El Parque,20076,L2,V1,2026-02-22 16:51:09,2026-02-22 18:02:40,CW→CC,2026-02-22,,20076,20076,320,Adulto Mayor
3059,56071756,El Parque,Juan Pablo II,20160,L2,V1,2026-02-22 18:02:47,2026-02-22 18:21:38,CW→CC,2026-02-22,,20160,20160,260,Adulto Mayor
3060,56071756,Juan Pablo II,Huinca,20161,L2,V1,2026-02-22 18:39:08,2026-02-22 19:39:03,CC→CW,2026-02-22,,20161,20161,340,Adulto Mayor
3061,56071809,Concepcion,Cdal. Raul Silva Henriquez,20167,L2,V1,2026-02-22 20:01:02,2026-02-22 20:29:25,CC→CW,2026-02-22,,20167,20167,290,Adulto Mayor
3062,56071815,Huinca,Laguna Quinenco,20069,L2,V1,2026-02-22 17:20:08,2026-02-22 17:28:14,CC→CW,2026-02-22,,20069,20069,230,Adulto Mayor
3063,56071837,Lomas Coloradas,Los Canelos,20161,L2,V1,2026-02-22 18:42:19,2026-02-22 19:03:22,CC→CW,2026-02-22,,20161,20161,310,Adulto Mayor
3064,56071854,Concepcion,El Parque,20063,L2,V1,2026-02-22 14:12:13,2026-02-22 14:56:03,CC→CW,2026-02-22,,20063,20063,290,Adulto Mayor
3065,56071854,El Parque,Concepcion,20068,L2,V1,2026-02-22 15:47:39,2026-02-22 16:26:05,CW→CC,2026-02-22,,20068,20068,290,Adulto Mayor
3066,56071879,Concepcion,Los Canelos,20051,L2,V1,2026-02-22 11:37:21,2026-02-22 12:18:17,CC→CW,2026-02-22,,20051,20049,430,Adulto Mayor
3067,56071945,Huinca,Concepcion,20050,L2,V1,2026-02-22 10:41:19,2026-02-22 11:40:36,CW→CC,2026-02-22,,20050,20050,430,Adulto Mayor
3068,56074451,Hito Galvarino,Laguna Quinenco,20069,L2,V1,2026-02-22 17:11:55,2026-02-22 17:26:36,CC→CW,2026-02-22,,20069,20069,270,Adulto Mayor
3069,56074581,Concepcion,Laguna Quinenco,20157,L2,V1,2026-02-22 17:32:31,2026-02-22 19:12:15,CC→CW,2026-02-22,,20157,20157,0,Discapacitado
3070,56074586,Coronel,Concepcion,20062,L2,V1,2026-02-22 13:39:18,2026-02-22 14:35:15,CW→CC,2026-02-22,,20062,20062,0,Discapacitado
3071,56074586,Concepcion,Huinca,20163,L2,V1,2026-02-22 18:55:15,2026-02-22 19:39:13,CC→CW,2026-02-22,,20163,20163,0,Discapacitado
3072,56074596,Coronel,Costa Mar,20160,L2,V1,2026-02-22 17:29:36,2026-02-22 18:13:02,CW→CC,2026-02-22,,20160,20160,0,Discapacitado
3073,56074630,Laguna Quinenco,Los Canelos,20166,L2,V1,2026-02-22 19:00:22,2026-02-22 19:27:30,CW→CC,2026-02-22,,20166,20166,0,Discapacitado
3074,56074660,Concepcion,Cdal. Raul Silva Henriquez,20171,L2,V1,2026-02-22 20:41:34,2026-02-22 21:34:34,CC→CW,2026-02-22,,20171,20171,,
3075,56074673,Concepcion,La Leonera,20857,L1,V1,2026-02-22 08:54:25,2026-02-22 09:17:21,TH→HQ,2026-02-22,,20857,20857,0,Discapacitado
3076,56074695,Concepcion,Cristo Redentor,20161,L2,V1,2026-02-22 18:11:01,2026-02-22 19:09:22,CC→CW,2026-02-22,,20161,20161,0,Discapacitado
3077,56074772,Cristo Redentor,Lomas Coloradas,20058,L2,V1,2026-02-22 12:31:27,2026-02-22 12:55:49,CW→CC,2026-02-22,,20058,20058,0,Discapacitado
3078,56074772,Cdal. Raul Silva Henriquez,Coronel,20163,L2,V1,2026-02-22 19:11:40,2026-02-22 19:47:17,CC→CW,2026-02-22,,20163,20163,0,Discapacitado
3079,56074839,Concepcion,Mercado,20844,L1,V1,2026-02-22 11:18:20,2026-02-22 13:29:25,HQ→TH,2026-02-22,combo_relajado_pase1,20844,20844,0,Discapacitado
3080,56074839,Concepcion,Huinca,20163,L2,V1,2026-02-22 18:46:16,2026-02-22 19:39:24,CC→CW,2026-02-22,,20163,20163,0,Discapacitado
3081,56074854,Lomas Coloradas,Costa Mar,20166,L2,V1,2026-02-22 18:50:28,2026-02-22 19:45:43,CW→CC,2026-02-22,,20166,20166,220,Adulto Mayor
3082,56074924,Concepcion,Coronel,20067,L2,V1,2026-02-22 14:56:52,2026-02-22 16:16:34,CC→CW,2026-02-22,,20067,20067,440,Adulto Mayor
3083,56074924,Coronel,Concepcion,20166,L2,V1,2026-02-22 19:02:48,2026-02-22 20:01:12,CW→CC,2026-02-22,,20166,20166,440,Adulto Mayor
3084,56074972,Laguna Quinenco,Los Canelos,20156,L2,V1,2026-02-22 09:16:10,2026-02-22 09:29:10,CW→CC,2026-02-22,,20156,20156,0,Discapacitado
3085,56075014,Concepcion,Cdal. Raul Silva Henriquez,20167,L2,V1,2026-02-22 19:53:25,2026-02-22 20:31:42,CC→CW,2026-02-22,,20167,20167,290,Adulto Mayor
3086,56075014,Concepcion,Cdal. Raul Silva Henriquez,20167,L2,V1,2026-02-22 19:54:10,2026-02-22 20:31:56,CC→CW,2026-02-22,,20167,20167,570,Monedero
3087,56075021,Costa Mar,Coronel,20053,L2,V1,2026-02-22 12:03:37,2026-02-22 12:52:58,CC→CW,2026-02-22,,20053,20051,0,Discapacitado
3088,56075071,Hito Galvarino,Concepcion,20044,L2,V1,2026-02-22 10:16:48,2026-02-22 10:48:37,CW→CC,2026-02-22,,20044,20044,430,Adulto Mayor
3089,56075258,Cdal. Raul Silva Henriquez,Diagonal Bio Bio,20056,L2,V1,2026-02-22 12:15:54,2026-02-22 12:52:50,CW→CC,2026-02-22,,20056,20056,0,Discapacitado
3090,56075258,Diagonal Bio Bio,Cdal. Raul Silva Henriquez,20067,L2,V1,2026-02-22 15:30:29,2026-02-22 15:55:05,CC→CW,2026-02-22,,20067,20067,0,Discapacitado
3091,56075371,Manquimavida,Concepcion,20844,L1,V1,2026-02-22 12:23:52,2026-02-22 13:03:20,HQ→TH,2026-02-22,,20844,20844,260,Adulto Mayor
3092,56075376,Concepcion,Lomas Coloradas,20063,L2,V1,2026-02-22 14:07:39,2026-02-22 14:58:09,CC→CW,2026-02-22,,20063,20063,290,Adulto Mayor
3093,56075410,Hito Galvarino,Cristo Redentor,20153,L2,V1,2026-02-22 09:42:40,2026-02-22 09:56:47,CC→CW,2026-02-22,,20153,20153,230,Adulto Mayor
3094,56075440,Juan Pablo II,Los Canelos,20069,L2,V1,2026-02-22 16:42:21,2026-02-22 17:19:10,CC→CW,2026-02-22,,20069,20069,330,Adulto Mayor
3095,56075455,Concepcion,Los Canelos,20069,L2,V1,2026-02-22 16:38:55,2026-02-22 17:19:06,CC→CW,2026-02-22,,20069,20069,430,Adulto Mayor
3096,56075464,Hito Galvarino,Coronel,20063,L2,V1,2026-02-22 15:02:14,2026-02-22 15:20:22,CC→CW,2026-02-22,,20063,20063,270,Adulto Mayor
3097,56080376,Coronel,Concepcion,20162,L2,V1,2026-02-22 18:13:25,2026-02-22 19:00:47,CW→CC,2026-02-22,,20162,20162,440,Adulto Mayor
3098,56080408,Lomas Coloradas,Los Canelos,20063,L2,V1,2026-02-22 14:56:03,2026-02-22 15:11:01,CC→CW,2026-02-22,,20063,20063,310,Adulto Mayor
3099,56080453,Huinca,Alborada,20156,L2,V1,2026-02-22 09:24:09,2026-02-22 09:48:57,CW→CC,2026-02-22,,20156,20156,340,Adulto Mayor
3100,56080453,Alborada,Huinca,20161,L2,V1,2026-02-22 18:39:02,2026-02-22 19:06:08,CC→CW,2026-02-22,,20161,20161,340,Adulto Mayor
3101,56080463,Cristo Redentor,El Parque,20052,L2,V1,2026-02-22 11:23:41,2026-02-22 11:45:37,CW→CC,2026-02-22,,20052,20052,320,Adulto Mayor
3102,56080463,El Parque,Los Canelos,20161,L2,V1,2026-02-22 18:20:20,2026-02-22 19:03:57,CC→CW,2026-02-22,,20161,20161,310,Adulto Mayor
3103,56080493,Concepcion,Pedro Medina,20847,L1,V1,2026-02-22 20:20:20,2026-02-22 20:43:04,TH→HQ,2026-02-22,,20847,20847,260,Adulto Mayor
3104,56081515,Lomas Coloradas,Concepcion,20156,L2,V1,2026-02-22 09:29:41,2026-02-22 10:03:24,CW→CC,2026-02-22,,20156,20156,290,Adulto Mayor
3105,56081525,Huinca,Costa Mar,20052,L2,V1,2026-02-22 11:23:15,2026-02-22 11:48:17,CW→CC,2026-02-22,,20052,20052,320,Adulto Mayor
3106,56081525,Costa Mar,Lomas Coloradas,20167,L2,V1,2026-02-22 19:52:34,2026-02-22 20:24:12,CC→CW,2026-02-22,,20167,20167,220,Adulto Mayor
3107,56081561,Los Canelos,Diagonal Bio Bio,20068,L2,V1,2026-02-22 15:49:40,2026-02-22 16:15:16,CW→CC,2026-02-22,,20068,20068,0,Discapacitado
3108,56081573,Huinca,Hito Galvarino,20166,L2,V1,2026-02-22 19:21:24,2026-02-22 19:30:49,CW→CC,2026-02-22,,20166,20166,230,Adulto Mayor
3109,56081600,Hito Galvarino,Lomas Coloradas,20076,L2,V1,2026-02-22 16:38:57,2026-02-22 17:07:58,CW→CC,2026-02-22,,20076,20076,310,Adulto Mayor
3110,56081606,Concepcion,Coronel,20049,L2,V1,2026-02-22 10:37:05,2026-02-22 12:14:33,CC→CW,2026-02-22,,20049,20041,440,Adulto Mayor
3111,56081606,Coronel,Concepcion,20062,L2,V1,2026-02-22 13:41:01,2026-02-22 14:34:20,CW→CC,2026-02-22,,20062,20062,440,Adulto Mayor
3112,56081628,Costa Mar,Huinca,20049,L2,V1,2026-02-22 11:41:00,2026-02-22 12:05:43,CC→CW,2026-02-22,,20049,20049,320,Adulto Mayor
3113,56081636,Los Canelos,Laguna Quinenco,20059,L2,V1,2026-02-22 13:09:49,2026-02-22 14:01:04,CC→CW,2026-02-22,,20059,20059,270,Adulto Mayor
3114,56081678,Hito Galvarino,Laguna Quinenco,20063,L2,V1,2026-02-22 14:57:34,2026-02-22 15:18:02,CC→CW,2026-02-22,,20063,20063,270,Adulto Mayor
3115,56081682,Diagonal Bio Bio,Coronel,20153,L2,V1,2026-02-22 09:29:05,2026-02-22 10:03:26,CC→CW,2026-02-22,,20153,20153,400,Adulto Mayor
3116,56081926,Cristo Redentor,Concepcion,20052,L2,V1,2026-02-22 11:01:12,2026-02-22 13:29:54,CW→CC,2026-02-22,combo_relajado_pase1,20052,20859,480,Adulto Mayor
3117,56081985,Concepcion,Coronel,20163,L2,V1,2026-02-22 18:46:48,2026-02-22 19:46:55,CC→CW,2026-02-22,,20163,20163,440,Adulto Mayor
3118,56081998,Coronel,Concepcion,20160,L2,V1,2026-02-22 17:25:42,2026-02-22 18:29:05,CW→CC,2026-02-22,,20160,20160,440,Adulto Mayor
3119,56082158,Manquimavida,Concepcion,20846,L1,V1,2026-02-22 17:07:52,2026-02-22 17:34:54,HQ→TH,2026-02-22,,20846,20846,260,Adulto Mayor
3120,56082192,Alborada,Lomas Coloradas,20153,L2,V1,2026-02-22 09:18:25,2026-02-22 09:39:52,CC→CW,2026-02-22,,20153,20153,260,Adulto Mayor
3121,56082192,Lomas Coloradas,Alborada,20062,L2,V1,2026-02-22 13:31:46,2026-02-22 14:21:21,CW→CC,2026-02-22,,20062,20062,260,Adulto Mayor
3122,56082286,Coronel,Concepcion,20062,L2,V1,2026-02-22 13:49:08,2026-02-22 14:33:49,CW→CC,2026-02-22,,20062,20062,440,Adulto Mayor
3123,56082326,Laguna Quinenco,Concepcion,,,N/A,2026-02-22 13:36:59,2026-02-22 14:17:32,,2026-02-22,sin_combo_factible_en_hub|sin_s1_factible_retro,,,440,Adulto Mayor
3124,56082326,Concepcion,Cdal. Raul Silva Henriquez,20167,L2,V1,2026-02-22 19:45:09,2026-02-22 20:28:52,CC→CW,2026-02-22,,20167,20167,290,Adulto Mayor
3125,56082334,Huinca,Concepcion,20056,L2,V1,2026-02-22 11:31:06,2026-02-22 13:06:33,CW→CC,2026-02-22,,20056,20052,430,Adulto Mayor
3126,56082334,Concepcion,Huinca,20161,L2,V1,2026-02-22 18:18:41,2026-02-22 19:07:04,CC→CW,2026-02-22,,20161,20161,430,Adulto Mayor
3127,56082383,Lomas Coloradas,Concepcion,20062,L2,V1,2026-02-22 14:07:19,2026-02-22 14:32:07,CW→CC,2026-02-22,,20062,20062,290,Adulto Mayor
3128,56082419,Costa Mar,Laguna Quinenco,20059,L2,V1,2026-02-22 13:29:16,2026-02-22 14:02:36,CC→CW,2026-02-22,,20059,20059,330,Adulto Mayor
3129,56082464,Alborada,Concepcion,20052,L2,V1,2026-02-22 11:30:32,2026-02-22 17:40:04,CW→CC,2026-02-22,,20052,20050,290,Adulto Mayor
3130,56082464,Concepcion,Alborada,20167,L2,V1,2026-02-22 19:13:48,2026-02-22 20:16:22,CC→CW,2026-02-22,,20167,20167,290,Adulto Mayor
3131,56082468,Costa Mar,Laguna Quinenco,20059,L2,V1,2026-02-22 13:10:38,2026-02-22 14:01:43,CC→CW,2026-02-22,,20059,20059,330,Adulto Mayor
3132,56082468,Laguna Quinenco,Costa Mar,20076,L2,V1,2026-02-22 16:36:10,2026-02-22 17:14:39,CW→CC,2026-02-22,,20076,20076,330,Adulto Mayor
3133,56082470,Concepcion,Concepcion,,,N/A,2026-02-22 10:33:26,2026-02-22 10:38:43,,2026-02-22,no viajo,,,210,Adulto Mayor
3134,56082470,Concepcion,Concepcion,,,N/A,2026-02-22 11:44:27,2026-02-22 12:10:42,,2026-02-22,no viajo,,,210,Adulto Mayor
3135,56082482,Concepcion,Higueras,20850,L1,V1,2026-02-22 09:21:46,2026-02-22 10:21:21,HQ→TH,2026-02-22,combo_relajado_pase2,20850,20850,440,Adulto Mayor
3136,56082482,Concepcion,Cdal. Raul Silva Henriquez,20167,L2,V1,2026-02-22 19:47:41,2026-02-22 20:32:21,CC→CW,2026-02-22,,20167,20167,290,Adulto Mayor
3137,56083612,Diagonal Bio Bio,Concepcion,20062,L2,V1,2026-02-22 14:19:21,2026-02-22 14:33:24,CW→CC,2026-02-22,,20062,20062,290,Adulto Mayor
3138,56083612,Concepcion,Diagonal Bio Bio,20157,L2,V1,2026-02-22 17:07:12,2026-02-22 17:41:45,CC→CW,2026-02-22,,20157,20157,290,Adulto Mayor
3139,56083624,Laguna Quinenco,Concepcion,20040,L2,V1,2026-02-22 09:35:41,2026-02-22 10:25:11,CW→CC,2026-02-22,,20040,20040,440,Adulto Mayor
3140,56083624,Concepcion,Laguna Quinenco,20161,L2,V1,2026-02-22 17:51:08,2026-02-22 19:11:30,CC→CW,2026-02-22,,20161,20161,440,Adulto Mayor
3141,58006095,Los Canelos,Concepcion,20162,L2,V1,2026-02-22 18:08:53,2026-02-22 19:02:26,CW→CC,2026-02-22,,20162,20162,430,Adulto Mayor
3142,58006097,Los Canelos,Concepcion,20162,L2,V1,2026-02-22 18:09:20,2026-02-22 19:02:42,CW→CC,2026-02-22,,20162,20162,430,Adulto Mayor
3143,58006164,Los Canelos,Laguna Quinenco,20069,L2,V1,2026-02-22 17:10:33,2026-02-22 17:26:56,CC→CW,2026-02-22,,20069,20069,270,Adulto Mayor
3144,58006164,Laguna Quinenco,Los Canelos,20162,L2,V1,2026-02-22 18:12:33,2026-02-22 18:28:40,CW→CC,2026-02-22,,20162,20162,270,Adulto Mayor
3145,58006567,Hito Galvarino,Los Canelos,20157,L2,V1,2026-02-22 17:40:35,2026-02-22 18:05:27,CC→CW,2026-02-22,,20157,20157,220,Adulto Mayor
3146,58006609,Cristo Redentor,Laguna Quinenco,20069,L2,V1,2026-02-22 16:56:05,2026-02-22 17:27:13,CC→CW,2026-02-22,,20069,20069,230,Adulto Mayor
3147,58006615,Concepcion,Cristo Redentor,20161,L2,V1,2026-02-22 18:14:31,2026-02-22 19:08:38,CC→CW,2026-02-22,,20161,20161,430,Adulto Mayor
3148,58006715,Juan Pablo II,Laguna Quinenco,20161,L2,V1,2026-02-22 18:26:23,2026-02-22 19:12:17,CC→CW,2026-02-22,,20161,20161,400,Adulto Mayor
3149,58007073,Los Canelos,Laguna Quinenco,20035,L2,V1,2026-02-22 10:33:16,2026-02-22 10:44:56,CC→CW,2026-02-22,,20035,20035,270,Adulto Mayor
3150,58007079,Diagonal Bio Bio,Los Canelos,20053,L2,V1,2026-02-22 12:14:57,2026-02-22 12:42:48,CC→CW,2026-02-22,,20053,20053,330,Adulto Mayor
3151,58007285,Los Canelos,Laguna Quinenco,20035,L2,V1,2026-02-22 10:33:20,2026-02-22 10:44:57,CC→CW,2026-02-22,,20035,20035,270,Adulto Mayor
3152,58007341,Huinca,Juan Pablo II,20062,L2,V1,2026-02-22 13:41:18,2026-02-22 14:26:03,CW→CC,2026-02-22,,20062,20062,340,Adulto Mayor
3153,58007341,Huinca,Juan Pablo II,20062,L2,V1,2026-02-22 13:41:45,2026-02-22 14:26:15,CW→CC,2026-02-22,,20062,20062,680,Monedero
3154,58007341,Diagonal Bio Bio,Huinca,20069,L2,V1,2026-02-22 16:29:35,2026-02-22 17:22:11,CC→CW,2026-02-22,,20069,20069,340,Adulto Mayor
3155,58007341,Diagonal Bio Bio,Huinca,20069,L2,V1,2026-02-22 16:29:49,2026-02-22 17:22:22,CC→CW,2026-02-22,,20069,20069,680,Monedero
3156,58007773,Concepcion,Hualqui,20859,L1,V1,2026-02-22 12:10:58,2026-02-22 13:30:49,TH→HQ,2026-02-22,,20859,20859,280,Adulto Mayor
3157,58007773,Hualqui,Concepcion,20846,L1,V1,2026-02-22 16:28:57,2026-02-22 17:35:53,HQ→TH,2026-02-22,,20846,20846,280,Adulto Mayor
3158,58007813,Laguna Quinenco,Hito Galvarino,20062,L2,V1,2026-02-22 13:48:18,2026-02-22 14:03:49,CW→CC,2026-02-22,,20062,20062,270,Adulto Mayor
3159,58007995,Cdal. Raul Silva Henriquez,Concepcion,20068,L2,V1,2026-02-22 15:46:33,2026-02-22 16:25:20,CW→CC,2026-02-22,,20068,20068,290,Adulto Mayor
3160,58008341,Lomas Coloradas,Cdal. Raul Silva Henriquez,20041,L2,V1,2026-02-22 10:43:22,2026-02-22 10:52:44,CC→CW,2026-02-22,,20041,20041,220,Adulto Mayor
3161,58008469,Los Canelos,Lomas Coloradas,20062,L2,V1,2026-02-22 13:42:04,2026-02-22 14:13:02,CW→CC,2026-02-22,,20062,20062,310,Adulto Mayor
3162,58008533,Cdal. Raul Silva Henriquez,Laguna Quinenco,20059,L2,V1,2026-02-22 13:41:47,2026-02-22 14:01:00,CC→CW,2026-02-22,,20059,20059,330,Adulto Mayor
3163,58008533,Laguna Quinenco,Cdal. Raul Silva Henriquez,20162,L2,V1,2026-02-22 18:16:08,2026-02-22 18:38:56,CW→CC,2026-02-22,,20162,20162,330,Adulto Mayor
3164,58008791,Huinca,Concepcion,20062,L2,V1,2026-02-22 13:50:25,2026-02-22 14:35:11,CW→CC,2026-02-22,,20062,20062,430,Adulto Mayor
3165,58008791,Huinca,Concepcion,20062,L2,V1,2026-02-22 13:51:18,2026-02-22 14:36:01,CW→CC,2026-02-22,,20062,20062,850,Monedero
3166,58008791,Alborada,Huinca,20163,L2,V1,2026-02-22 18:52:54,2026-02-22 19:39:52,CC→CW,2026-02-22,,20163,20163,340,Adulto Mayor
3167,58009122,Hito Galvarino,Concepcion,20044,L2,V1,2026-02-22 10:16:25,2026-02-22 10:49:51,CW→CC,2026-02-22,,20044,20044,0,Otros
3168,58009122,Concepcion,Hito Galvarino,20059,L2,V1,2026-02-22 13:11:39,2026-02-22 13:53:09,CC→CW,2026-02-22,,20059,20059,0,Otros
3169,58009562,Higueras,Hualqui,20859,L1,V1,2026-02-22 12:25:23,2026-02-22 13:30:10,TH→HQ,2026-02-22,,20859,20859,280,Adulto Mayor
3170,58009799,Cdal. Raul Silva Henriquez,Los Canelos,20051,L2,V1,2026-02-22 12:00:49,2026-02-22 12:18:13,CC→CW,2026-02-22,,20051,20051,310,Adulto Mayor
3171,58009799,Los Canelos,Cdal. Raul Silva Henriquez,20062,L2,V1,2026-02-22 13:53:05,2026-02-22 14:12:33,CW→CC,2026-02-22,,20062,20062,310,Adulto Mayor
3172,58009908,Laguna Quinenco,Los Canelos,20162,L2,V1,2026-02-22 18:12:09,2026-02-22 18:29:04,CW→CC,2026-02-22,,20162,20162,530,Monedero
3173,58010756,Concepcion,Coronel,20163,L2,V1,2026-02-22 18:50:51,2026-02-22 19:46:50,CC→CW,2026-02-22,,20163,20163,440,Adulto Mayor
3174,58011059,Los Canelos,Concepcion,20152,L2,V1,2026-02-22 08:36:27,2026-02-22 09:19:14,CW→CC,2026-02-22,,20152,20152,430,Adulto Mayor
3175,58011059,Concepcion,Los Canelos,20059,L2,V1,2026-02-22 12:49:26,2026-02-22 13:56:23,CC→CW,2026-02-22,,20059,20059,430,Adulto Mayor
3176,58011359,Cristo Redentor,Cdal. Raul Silva Henriquez,20052,L2,V1,2026-02-22 11:15:33,2026-02-22 11:39:58,CW→CC,2026-02-22,,20052,20052,320,Adulto Mayor
3177,58011730,Cdal. Raul Silva Henriquez,Costa Mar,20076,L2,V1,2026-02-22 16:53:52,2026-02-22 17:14:15,CW→CC,2026-02-22,,20076,20076,430,Monedero
3178,58012180,Laguna Quinenco,Concepcion,20152,L2,V1,2026-02-22 08:31:32,2026-02-22 09:16:55,CW→CC,2026-02-22,,20152,20152,880,Monedero
3179,58012180,Concepcion,Laguna Quinenco,20163,L2,V1,2026-02-22 18:46:11,2026-02-22 19:43:54,CC→CW,2026-02-22,,20163,20163,880,Monedero
3180,58012500,Lomas Coloradas,Cristo Redentor,20041,L2,V1,2026-02-22 10:43:54,2026-02-22 11:08:33,CC→CW,2026-02-22,,20041,20041,320,Adulto Mayor
3181,58012500,Cristo Redentor,Lomas Coloradas,20056,L2,V1,2026-02-22 12:20:53,2026-02-22 12:42:11,CW→CC,2026-02-22,,20056,20056,320,Adulto Mayor
3182,58012500,Lomas Coloradas,Laguna Quinenco,20067,L2,V1,2026-02-22 15:43:54,2026-02-22 16:12:36,CC→CW,2026-02-22,,20067,20067,330,Adulto Mayor
3183,58012500,Laguna Quinenco,Lomas Coloradas,20160,L2,V1,2026-02-22 17:31:27,2026-02-22 18:08:23,CW→CC,2026-02-22,,20160,20160,330,Adulto Mayor
3184,58012576,Coronel,Los Canelos,20056,L2,V1,2026-02-22 12:11:05,2026-02-22 12:29:44,CW→CC,2026-02-22,,20056,20056,530,Monedero
3185,58012576,Los Canelos,Coronel,20069,L2,V1,2026-02-22 17:06:27,2026-02-22 17:30:32,CC→CW,2026-02-22,,20069,20069,530,Monedero
3186,58013214,Los Canelos,Laguna Quinenco,20067,L2,V1,2026-02-22 15:56:08,2026-02-22 16:11:15,CC→CW,2026-02-22,,20067,20067,530,Monedero
3187,58013214,Los Canelos,Laguna Quinenco,20067,L2,V1,2026-02-22 15:56:14,2026-02-22 16:11:11,CC→CW,2026-02-22,,20067,20067,530,Monedero
3188,58013214,Laguna Quinenco,Cristo Redentor,20162,L2,V1,2026-02-22 17:57:22,2026-02-22 18:24:37,CW→CC,2026-02-22,,20162,20162,450,Monedero
3189,58013214,Laguna Quinenco,Cristo Redentor,20162,L2,V1,2026-02-22 17:57:28,2026-02-22 18:24:31,CW→CC,2026-02-22,,20162,20162,450,Monedero
3190,58014049,Costa Mar,Concepcion,20052,L2,V1,2026-02-22 11:36:56,2026-02-22 12:06:32,CW→CC,2026-02-22,,20052,20052,570,Monedero
3191,58014049,Concepcion,Costa Mar,20161,L2,V1,2026-02-22 18:29:11,2026-02-22 18:44:59,CC→CW,2026-02-22,,20161,20161,570,Monedero
3192,58014862,Diagonal Bio Bio,El Parque,20059,L2,V1,2026-02-22 13:23:25,2026-02-22 13:40:01,CC→CW,2026-02-22,,20059,20059,510,Monedero
3193,58014862,El Parque,Diagonal Bio Bio,20068,L2,V1,2026-02-22 16:03:27,2026-02-22 16:15:09,CW→CC,2026-02-22,,20068,20068,510,Monedero
3194,58015195,Lomas Coloradas,Concepcion,20056,L2,V1,2026-02-22 12:40:29,2026-02-22 13:06:42,CW→CC,2026-02-22,,20056,20056,290,Adulto Mayor
3195,58015195,Concepcion,Lomas Coloradas,20069,L2,V1,2026-02-22 16:36:28,2026-02-22 17:06:02,CC→CW,2026-02-22,,20069,20069,290,Adulto Mayor
3196,58015384,Costa Mar,Lomas Coloradas,20167,L2,V1,2026-02-22 19:43:59,2026-02-22 20:24:34,CC→CW,2026-02-22,,20167,20167,0,Otros
3197,58016372,Huinca,Juan Pablo II,20062,L2,V1,2026-02-22 13:41:30,2026-02-22 14:26:09,CW→CC,2026-02-22,,20062,20062,0,Otros
3198,58016372,Diagonal Bio Bio,Huinca,20069,L2,V1,2026-02-22 16:29:41,2026-02-22 17:22:16,CC→CW,2026-02-22,,20069,20069,0,Otros
3199,58016541,Coronel,Concepcion,20050,,V2,2026-02-22 10:47:28,2026-02-22 11:29:02,,2026-02-22,sin_combo_factible_en_hub|sin_s1_factible_retro,,20050,440,Adulto Mayor
3200,58016628,Cristo Redentor,Costa Mar,20076,L2,V1,2026-02-22 16:46:54,2026-02-22 17:14:34,CW→CC,2026-02-22,,20076,20076,320,Adulto Mayor
3201,58016628,Cristo Redentor,Costa Mar,20076,L2,V1,2026-02-22 16:47:11,2026-02-22 17:14:48,CW→CC,2026-02-22,,20076,20076,630,Monedero
3202,58017126,Cdal. Raul Silva Henriquez,Costa Mar,20068,L2,V1,2026-02-22 15:49:07,2026-02-22 16:09:35,CW→CC,2026-02-22,,20068,20068,220,Adulto Mayor
3203,58017853,Concepcion,Manquimavida,20847,L1,V1,2026-02-22 19:39:36,2026-02-22 20:47:04,TH→HQ,2026-02-22,,20847,20847,260,Adulto Mayor
3204,58018177,Lomas Coloradas,Diagonal Bio Bio,20058,L2,V1,2026-02-22 12:51:11,2026-02-22 13:06:14,CW→CC,2026-02-22,,20058,20058,0,Otros
3205,58018522,Lomas Coloradas,Concepcion,20056,L2,V1,2026-02-22 12:40:22,2026-02-22 13:06:51,CW→CC,2026-02-22,,20056,20056,290,Adulto Mayor
3206,58018522,Concepcion,Lomas Coloradas,20069,L2,V1,2026-02-22 16:36:23,2026-02-22 17:05:51,CC→CW,2026-02-22,,20069,20069,290,Adulto Mayor
3207,58019319,Lomas Coloradas,Laguna Quinenco,20067,L2,V1,2026-02-22 15:46:08,2026-02-22 16:11:59,CC→CW,2026-02-22,,20067,20067,330,Adulto Mayor
3208,58019319,Laguna Quinenco,Lomas Coloradas,20166,L2,V1,2026-02-22 19:00:36,2026-02-22 19:41:41,CW→CC,2026-02-22,,20166,20166,330,Adulto Mayor
3209,58021386,Cdal. Raul Silva Henriquez,Diagonal Bio Bio,20062,L2,V1,2026-02-22 14:07:31,2026-02-22 14:24:30,CW→CC,2026-02-22,,20062,20062,260,Adulto Mayor
3210,58021386,Diagonal Bio Bio,Cdal. Raul Silva Henriquez,20171,L2,V1,2026-02-22 21:14:59,2026-02-22 21:38:08,CC→CW,2026-02-22,,20171,20171,260,Adulto Mayor
3211,58021873,Lomas Coloradas,Diagonal Bio Bio,20166,L2,V1,2026-02-22 19:25:32,2026-02-22 19:51:32,CW→CC,2026-02-22,,20166,20166,260,Adulto Mayor
3212,58021904,Concepcion,La Leonera,20847,L1,V1,2026-02-22 20:24:56,2026-02-22 20:48:14,TH→HQ,2026-02-22,,20847,20847,0,Otros
3213,58022219,Coronel,Juan Pablo II,20152,L2,V1,2026-02-22 08:23:29,2026-02-22 09:09:16,CW→CC,2026-02-22,,20152,20152,400,Adulto Mayor
3214,58022277,Concepcion,Los Canelos,20063,L2,V1,2026-02-22 13:25:09,2026-02-22 15:10:30,CC→CW,2026-02-22,,20063,20059,0,Otros
3215,58022767,Concepcion,Cdal. Raul Silva Henriquez,20171,L2,V1,2026-02-22 20:06:01,2026-02-22 21:38:14,CC→CW,2026-02-22,,20171,20167,570,Monedero
3216,58023080,Chiguayante,Pedro Medina,20847,L1,V1,2026-02-22 20:28:13,2026-02-22 20:44:28,TH→HQ,2026-02-22,,20847,20847,210,Adulto Mayor
3217,58023332,Los Canelos,Concepcion,20056,L2,V1,2026-02-22 12:27:31,2026-02-22 13:05:09,CW→CC,2026-02-22,,20056,20056,430,Adulto Mayor
3218,58023332,Concepcion,Cdal. Raul Silva Henriquez,20171,L2,V1,2026-02-22 20:44:35,2026-02-22 21:37:33,CC→CW,2026-02-22,,20171,20171,290,Adulto Mayor
3219,58023348,Concepcion,Cdal. Raul Silva Henriquez,20167,L2,V1,2026-02-22 19:28:41,2026-02-22 20:31:33,CC→CW,2026-02-22,,20167,20167,290,Adulto Mayor
3220,58024963,Laguna Quinenco,Concepcion,20166,L2,V1,2026-02-22 19:07:17,2026-02-22 19:59:29,CW→CC,2026-02-22,,20166,20166,880,Monedero
3221,58026557,Los Canelos,Concepcion,20040,L2,V1,2026-02-22 09:39:08,2026-02-22 10:22:22,CW→CC,2026-02-22,,20040,20040,850,Monedero
3222,58028934,Laguna Quinenco,Concepcion,20050,L2,V1,2026-02-22 10:43:11,2026-02-22 11:40:26,CW→CC,2026-02-22,,20050,20050,440,Adulto Mayor
3223,58029099,Lomas Coloradas,Concepcion,20056,L2,V1,2026-02-22 12:31:10,2026-02-22 13:03:47,CW→CC,2026-02-22,,20056,20056,570,Monedero
3224,58029099,Lomas Coloradas,Concepcion,20056,L2,V1,2026-02-22 12:31:16,2026-02-22 13:03:42,CW→CC,2026-02-22,,20056,20056,570,Monedero
3225,58029611,Los Canelos,Diagonal Bio Bio,20050,L2,V1,2026-02-22 10:53:26,2026-02-22 11:31:25,CW→CC,2026-02-22,,20050,20050,650,Monedero
3226,58029611,Diagonal Bio Bio,Los Canelos,20063,L2,V1,2026-02-22 14:42:46,2026-02-22 15:12:21,CC→CW,2026-02-22,,20063,20063,650,Monedero
3227,58029661,El Parque,Laguna Quinenco,20163,L2,V1,2026-02-22 18:56:53,2026-02-22 19:44:55,CC→CW,2026-02-22,,20163,20163,650,Monedero
3228,58029661,El Parque,Laguna Quinenco,20163,L2,V1,2026-02-22 18:57:01,2026-02-22 19:44:48,CC→CW,2026-02-22,,20163,20163,650,Monedero
3229,58030537,Los Canelos,Coronel,20059,L2,V1,2026-02-22 13:33:33,2026-02-22 14:05:16,CC→CW,2026-02-22,,20059,20059,270,Adulto Mayor
3230,58030815,Costa Mar,Concepcion,20068,L2,V1,2026-02-22 15:52:32,2026-02-22 17:02:07,CW→CC,2026-02-22,combo_por_entrada,20068,20845,300,Adulto Mayor
3231,58030944,Pedro Medina,Concepcion,20844,L1,V1,2026-02-22 12:23:27,2026-02-22 14:04:30,HQ→TH,2026-02-22,combo_por_entrada,20844,20059,910,Monedero
3232,58030944,Concepcion,Coronel,20059,L2,V1,2026-02-22 12:23:34,2026-02-22 14:04:24,CC→CW,2026-02-22,combo_por_entrada,20059,20059,910,Monedero
3233,58030944,Concepcion,Pedro Medina,20847,L1,V1,2026-02-22 19:09:51,2026-02-22 20:43:50,TH→HQ,2026-02-22,combo_por_entrada,20847,20166,910,Monedero
3234,58030944,Concepcion,Pedro Medina,20847,L1,V1,2026-02-22 19:09:57,2026-02-22 20:43:47,TH→HQ,2026-02-22,combo_por_entrada,20847,20166,910,Monedero
3235,58031463,Cdal. Raul Silva Henriquez,Cristo Redentor,20149,L2,V1,2026-02-22 08:37:50,2026-02-22 09:10:24,CC→CW,2026-02-22,,20149,20149,630,Monedero
3236,58031554,Concepcion,Coronel,20157,L2,V1,2026-02-22 17:04:38,2026-02-22 18:14:11,CC→CW,2026-02-22,,20157,20157,440,Adulto Mayor
3237,58031772,Laguna Quinenco,El Parque,20050,L2,V1,2026-02-22 10:58:35,2026-02-22 11:23:26,CW→CC,2026-02-22,,20050,20050,0,Otros
3238,58031772,El Parque,Laguna Quinenco,20053,L2,V1,2026-02-22 12:28:29,2026-02-22 12:49:47,CC→CW,2026-02-22,,20053,20053,0,Otros
3239,58031785,Cristo Redentor,El Parque,20068,L2,V1,2026-02-22 15:06:53,2026-02-22 16:08:24,CW→CC,2026-02-22,,20068,20068,0,Otros
3240,58031785,El Parque,Cristo Redentor,20163,L2,V1,2026-02-22 19:04:05,2026-02-22 19:43:09,CC→CW,2026-02-22,,20163,20163,0,Otros
3241,58031790,Laguna Quinenco,Los Canelos,20062,L2,V1,2026-02-22 13:37:51,2026-02-22 14:00:07,CW→CC,2026-02-22,,20062,20062,0,Otros
3242,58032077,Concepcion,Lomas Coloradas,20167,L2,V1,2026-02-22 19:51:56,2026-02-22 20:24:40,CC→CW,2026-02-22,,20167,20167,290,Adulto Mayor
3243,58032477,Concepcion,Coronel,20163,L2,V1,2026-02-22 18:50:47,2026-02-22 19:46:56,CC→CW,2026-02-22,,20163,20163,440,Adulto Mayor
3244,58032744,Concepcion,La Leonera,20847,L1,V1,2026-02-22 20:18:23,2026-02-22 20:48:54,TH→HQ,2026-02-22,,20847,20847,510,Monedero
3245,58033451,Concepcion,Lomas Coloradas,20171,L2,V1,2026-02-22 20:58:31,2026-02-22 21:32:24,CC→CW,2026-02-22,,20171,20171,570,Monedero
3246,72805789,Juan Pablo II,Coronel,20153,L2,V1,2026-02-22 09:14:04,2026-02-22 10:03:02,CC→CW,2026-02-22,,20153,20153,260,Estudiante
3247,83420657,Lomas Coloradas,Huinca,20049,L2,V1,2026-02-22 11:48:52,2026-02-22 12:05:48,CC→CW,2026-02-22,,20049,20049,210,Estudiante
3248,83639903,Hito Galvarino,El Parque,20152,L2,V1,2026-02-22 08:43:06,2026-02-22 08:59:52,CW→CC,2026-02-22,,20152,20152,200,Estudiante
3249,83639903,El Parque,Cdal. Raul Silva Henriquez,20167,L2,V1,2026-02-22 20:16:32,2026-02-22 20:28:14,CC→CW,2026-02-22,,20167,20167,140,Estudiante
3250,83794605,Concepcion,Coronel,20157,L2,V1,2026-02-22 17:23:55,2026-02-22 18:14:43,CC→CW,2026-02-22,,20157,20157,290,Estudiante
3251,83960242,Lomas Coloradas,Concepcion,20162,L2,V1,2026-02-22 18:30:49,2026-02-22 19:01:32,CW→CC,2026-02-22,,20162,20162,190,Estudiante
3252,84220036,Coronel,Concepcion,20062,L2,V1,2026-02-22 13:45:27,2026-02-22 14:34:05,CW→CC,2026-02-22,,20062,20062,290,Estudiante
3253,84220036,Concepcion,Coronel,20163,L2,V1,2026-02-22 18:51:43,2026-02-22 19:48:29,CC→CW,2026-02-22,,20163,20163,290,Estudiante
3254,84224121,Concepcion,Los Canelos,20041,L2,V1,2026-02-22 10:16:48,2026-02-22 11:02:56,CC→CW,2026-02-22,,20041,20041,280,Estudiante
3255,84224121,Los Canelos,Concepcion,20162,L2,V1,2026-02-22 18:23:27,2026-02-22 19:01:16,CW→CC,2026-02-22,,20162,20162,280,Estudiante
3256,84323096,Concepcion,Concepcion,,,N/A,2026-02-22 09:41:32,2026-02-22 09:43:53,,2026-02-22,no viajo,,,140,Estudiante
3257,84323096,Concepcion,Mercado,20848,L1,V1,2026-02-22 20:55:15,2026-02-22 21:31:19,HQ→TH,2026-02-22,,20848,20848,180,Estudiante
3258,84323439,Cdal. Raul Silva Henriquez,Concepcion,20040,L2,V1,2026-02-22 09:49:15,2026-02-22 10:22:03,CW→CC,2026-02-22,,20040,20040,190,Estudiante
3259,84323439,Concepcion,Lomas Coloradas,20163,L2,V1,2026-02-22 18:50:52,2026-02-22 19:24:02,CC→CW,2026-02-22,,20163,20163,190,Estudiante
3260,84325056,Concepcion,Lomas Coloradas,20167,L2,V1,2026-02-22 19:38:27,2026-02-22 20:24:18,CC→CW,2026-02-22,,20167,20167,190,Estudiante
3261,84341158,Laguna Quinenco,Diagonal Bio Bio,20076,L2,V1,2026-02-22 16:36:40,2026-02-22 17:18:52,CW→CC,2026-02-22,,20076,20076,260,Estudiante
3262,84341158,Concepcion,Lomas Coloradas,20171,L2,V1,2026-02-22 20:41:33,2026-02-22 21:31:24,CC→CW,2026-02-22,,20171,20171,190,Estudiante
3263,84367631,Cdal. Raul Silva Henriquez,Los Canelos,20069,L2,V1,2026-02-22 17:04:41,2026-02-22 17:19:00,CC→CW,2026-02-22,,20069,20069,200,Estudiante
3264,85967209,Huinca,El Parque,20044,L2,V1,2026-02-22 10:06:58,2026-02-22 10:31:48,CW→CC,2026-02-22,,20044,20044,210,Estudiante
3265,96611887,Concepcion,Cdal. Raul Silva Henriquez,20171,L2,V1,2026-02-22 20:42:35,2026-02-22 21:41:16,CC→CW,2026-02-22,,20171,20171,190,Estudiante
3266,202171196,Costa Mar,Concepcion,20066,L2,V1,2026-02-22 14:46:35,2026-02-22 15:24:11,CW→CC,2026-02-22,,20066,20066,0,Estudiante
3267,222125080,Cdal. Raul Silva Henriquez,Concepcion,,,N/A,2026-02-22 14:54:54,2026-02-22 15:06:08,,2026-02-22,sin_combo_factible_en_hub|sin_s1_factible_retro,,,190,Estudiante
3268,222125080,Concepcion,Concepcion,,,N/A,2026-02-22 17:37:07,2026-02-22 17:38:03,,2026-02-22,no viajo,,,140,Estudiante
3269,222125080,Concepcion,Cdal. Raul Silva Henriquez,20167,L2,V1,2026-02-22 19:45:54,2026-02-22 20:30:09,CC→CW,2026-02-22,,20167,20167,190,Estudiante
3270,222414656,Lomas Coloradas,Hito Galvarino,20069,L2,V1,2026-02-22 16:07:24,2026-02-22 17:14:47,CC→CW,2026-02-22,,20069,20069,200,Estudiante
3271,222446334,Cristo Redentor,Concepcion,20050,L2,V1,2026-02-22 10:56:11,2026-02-22 11:39:54,CW→CC,2026-02-22,,20050,20050,280,Estudiante
3272,222446334,Concepcion,Cdal. Raul Silva Henriquez,20171,L2,V1,2026-02-22 20:36:46,2026-02-22 21:35:26,CC→CW,2026-02-22,,20171,20171,190,Estudiante
3273,222447349,Los Canelos,Concepcion,20062,L2,V1,2026-02-22 13:42:17,2026-02-22 14:34:21,CW→CC,2026-02-22,,20062,20062,280,Estudiante
3274,222447349,Concepcion,Concepcion,,,N/A,2026-02-22 15:04:14,2026-02-22 15:08:48,,2026-02-22,no viajo,,,140,Estudiante
3275,222506611,Concepcion,Cristo Redentor,20069,L2,V1,2026-02-22 16:01:33,2026-02-22 17:24:23,CC→CW,2026-02-22,,20069,20069,280,Estudiante
3276,222519423,Costa Mar,Concepcion,20052,L2,V1,2026-02-22 11:45:17,2026-02-22 12:03:09,CW→CC,2026-02-22,,20052,20052,190,Estudiante
3277,222519439,Los Canelos,Laguna Quinenco,20049,L2,V1,2026-02-22 11:57:50,2026-02-22 12:10:07,CC→CW,2026-02-22,,20049,20049,180,Estudiante
3278,222519439,Los Canelos,Laguna Quinenco,20063,L2,V1,2026-02-22 15:00:00,2026-02-22 15:17:18,CC→CW,2026-02-22,,20063,20063,180,Estudiante
3279,222519439,Laguna Quinenco,Los Canelos,20068,L2,V1,2026-02-22 15:38:56,2026-02-22 15:51:01,CW→CC,2026-02-22,,20068,20068,180,Estudiante
3280,222520138,Lomas Coloradas,Concepcion,20052,L2,V1,2026-02-22 11:35:29,2026-02-22 12:03:30,CW→CC,2026-02-22,,20052,20052,190,Estudiante
3281,222520138,Concepcion,Lomas Coloradas,20157,L2,V1,2026-02-22 17:18:21,2026-02-22 17:51:22,CC→CW,2026-02-22,,20157,20157,190,Estudiante
3282,222525709,Concepcion,Lomas Coloradas,20167,L2,V1,2026-02-22 19:21:00,2026-02-22 20:30:03,CC→CW,2026-02-22,,20167,20167,190,Estudiante
3283,232215576,Los Canelos,Laguna Quinenco,20059,L2,V1,2026-02-22 13:49:51,2026-02-22 14:00:50,CC→CW,2026-02-22,,20059,20059,0,Estudiante
3284,232215576,Laguna Quinenco,Los Canelos,20162,L2,V1,2026-02-22 18:14:35,2026-02-22 18:29:05,CW→CC,2026-02-22,,20162,20162,0,Estudiante
3285,232229766,Lomas Coloradas,Concepcion,20068,L2,V1,2026-02-22 16:01:21,2026-02-22 16:24:29,CW→CC,2026-02-22,,20068,20068,0,Estudiante
3286,232229985,Los Canelos,Diagonal Bio Bio,20076,L2,V1,2026-02-22 16:50:41,2026-02-22 17:18:32,CW→CC,2026-02-22,,20076,20076,0,Estudiante
3287,232235033,Huinca,Concepcion,20162,L2,V1,2026-02-22 18:18:10,2026-02-22 19:01:28,CW→CC,2026-02-22,,20162,20162,0,Estudiante
3288,232248218,Huinca,Concepcion,20160,L2,V1,2026-02-22 17:48:27,2026-02-22 18:29:09,CW→CC,2026-02-22,,20160,20160,0,Estudiante
3289,232248385,Hito Galvarino,Concepcion,20160,L2,V1,2026-02-22 17:49:10,2026-02-22 18:32:33,CW→CC,2026-02-22,,20160,20160,0,Estudiante
3290,232248385,Concepcion,Concepcion,,,N/A,2026-02-22 20:01:59,2026-02-22 20:05:08,,2026-02-22,no viajo,,,0,Estudiante
3291,232248385,Concepcion,Cdal. Raul Silva Henriquez,20171,L2,V1,2026-02-22 20:29:00,2026-02-22 21:38:54,CC→CW,2026-02-22,,20171,20171,0,Estudiante
3292,232256022,Laguna Quinenco,Concepcion,20044,L2,V1,2026-02-22 10:02:41,2026-02-22 10:49:21,CW→CC,2026-02-22,,20044,20044,0,Estudiante
3293,232256022,Concepcion,Laguna Quinenco,20069,L2,V1,2026-02-22 16:32:37,2026-02-22 17:27:34,CC→CW,2026-02-22,,20069,20069,0,Estudiante
3294,232256069,Lomas Coloradas,Cristo Redentor,20049,L2,V1,2026-02-22 11:34:12,2026-02-22 12:07:13,CC→CW,2026-02-22,,20049,20049,0,Estudiante
3295,232256121,Hito Galvarino,Concepcion,20160,L2,V1,2026-02-22 17:51:31,2026-02-22 18:29:06,CW→CC,2026-02-22,,20160,20160,0,Estudiante
3296,232337709,Los Canelos,Lomas Coloradas,20052,L2,V1,2026-02-22 11:24:17,2026-02-22 11:42:41,CW→CC,2026-02-22,,20052,20052,0,Estudiante
3297,232337709,Lomas Coloradas,Cdal. Raul Silva Henriquez,20167,L2,V1,2026-02-22 20:19:22,2026-02-22 20:28:17,CC→CW,2026-02-22,,20167,20167,0,Estudiante
3298,232367011,Laguna Quinenco,Concepcion,20050,L2,V1,2026-02-22 10:57:50,2026-02-22 11:47:21,CW→CC,2026-02-22,,20050,20050,0,Estudiante
3299,232367011,Concepcion,Laguna Quinenco,20067,L2,V1,2026-02-22 15:05:37,2026-02-22 16:11:43,CC→CW,2026-02-22,,20067,20067,0,Estudiante
3300,232367422,Concepcion,Costa Mar,20171,L2,V1,2026-02-22 21:03:20,2026-02-22 21:24:32,CC→CW,2026-02-22,,20171,20171,0,Estudiante
3301,232411244,Los Canelos,Concepcion,20044,L2,V1,2026-02-22 10:12:56,2026-02-22 10:48:39,CW→CC,2026-02-22,,20044,20044,0,Estudiante
3302,232411990,Los Canelos,Costa Mar,20062,L2,V1,2026-02-22 13:58:22,2026-02-22 14:20:05,CW→CC,2026-02-22,,20062,20062,0,Estudiante
3303,232411990,Costa Mar,Los Canelos,20163,L2,V1,2026-02-22 18:57:26,2026-02-22 19:37:38,CC→CW,2026-02-22,,20163,20163,0,Estudiante
3304,232412980,Concepcion,Diagonal Bio Bio,20063,L2,V1,2026-02-22 14:35:39,2026-02-22 14:49:06,CC→CW,2026-02-22,,20063,20063,0,Estudiante
3305,232414528,Concepcion,Lzo. Arenas,20846,L1,V1,2026-02-22 17:03:50,2026-02-22 17:40:35,HQ→TH,2026-02-22,combo_por_entrada,20846,20846,0,Estudiante
3306,232435018,Lomas Coloradas,Concepcion,20056,L2,V1,2026-02-22 12:37:14,2026-02-22 13:04:06,CW→CC,2026-02-22,,20056,20056,0,Estudiante
3307,232435034,Lomas Coloradas,Concepcion,20050,L2,V1,2026-02-22 11:20:41,2026-02-22 12:02:10,CW→CC,2026-02-22,,20050,20050,0,Estudiante
3308,232448335,Cdal. Raul Silva Henriquez,El Parque,20156,L2,V1,2026-02-22 09:34:41,2026-02-22 09:44:54,CW→CC,2026-02-22,,20156,20156,0,Estudiante
3309,232448335,El Parque,Cdal. Raul Silva Henriquez,20167,L2,V1,2026-02-22 20:10:33,2026-02-22 20:28:04,CC→CW,2026-02-22,,20167,20167,0,Estudiante
3310,232454887,Concepcion,Cdal. Raul Silva Henriquez,20171,L2,V1,2026-02-22 20:40:22,2026-02-22 21:35:01,CC→CW,2026-02-22,,20171,20171,0,Estudiante
3311,232454995,Laguna Quinenco,Concepcion,20050,L2,V1,2026-02-22 10:30:47,2026-02-22 11:42:12,CW→CC,2026-02-22,,20050,20050,0,Estudiante
3312,232454995,Concepcion,Laguna Quinenco,20163,L2,V1,2026-02-22 18:37:37,2026-02-22 19:44:49,CC→CW,2026-02-22,,20163,20161,0,Estudiante
3313,232465648,Concepcion,Los Canelos,20069,L2,V1,2026-02-22 16:44:06,2026-02-22 17:19:00,CC→CW,2026-02-22,,20069,20069,0,Estudiante
3314,232465751,Concepcion,Lomas Coloradas,20157,L2,V1,2026-02-22 17:27:19,2026-02-22 17:51:42,CC→CW,2026-02-22,,20157,20157,0,Estudiante
3315,232466206,Laguna Quinenco,Costa Mar,20066,L2,V1,2026-02-22 14:42:18,2026-02-22 15:08:48,CW→CC,2026-02-22,,20066,20066,0,Estudiante
3316,232466641,Cristo Redentor,Concepcion,20160,L2,V1,2026-02-22 17:30:46,2026-02-22 18:29:55,CW→CC,2026-02-22,,20160,20160,0,Estudiante
3317,232471283,Juan Pablo II,Cdal. Raul Silva Henriquez,20171,L2,V1,2026-02-22 21:05:59,2026-02-22 21:34:18,CC→CW,2026-02-22,,20171,20171,0,Estudiante
3318,232490790,Laguna Quinenco,Concepcion,20156,L2,V1,2026-02-22 09:14:39,2026-02-22 10:08:39,CW→CC,2026-02-22,,20156,20156,0,Estudiante
3319,232490790,Concepcion,Laguna Quinenco,20067,L2,V1,2026-02-22 15:23:47,2026-02-22 16:12:52,CC→CW,2026-02-22,,20067,20067,0,Estudiante
3320,232495926,Laguna Quinenco,El Parque,20062,L2,V1,2026-02-22 13:45:20,2026-02-22 14:17:30,CW→CC,2026-02-22,,20062,20062,0,Estudiante
3321,232495926,El Parque,Laguna Quinenco,20067,L2,V1,2026-02-22 15:39:54,2026-02-22 16:12:19,CC→CW,2026-02-22,,20067,20067,0,Estudiante
3322,232509783,Coronel,Laguna Quinenco,20068,L2,V1,2026-02-22 15:25:43,2026-02-22 15:43:40,CW→CC,2026-02-22,,20068,20068,0,Estudiante
3323,232509783,Laguna Quinenco,Coronel,20067,L2,V1,2026-02-22 16:01:29,2026-02-22 16:14:33,CC→CW,2026-02-22,,20067,20067,0,Estudiante
3324,232534155,Concepcion,Lomas Coloradas,20167,L2,V1,2026-02-22 19:52:54,2026-02-22 20:26:20,CC→CW,2026-02-22,,20167,20167,0,Estudiante
3325,232536384,Hito Galvarino,Coronel,20161,L2,V1,2026-02-22 18:44:58,2026-02-22 19:14:57,CC→CW,2026-02-22,,20161,20161,0,Estudiante
3326,232540747,Cdal. Raul Silva Henriquez,Concepcion,20062,L2,V1,2026-02-22 14:08:02,2026-02-22 14:32:21,CW→CC,2026-02-22,,20062,20062,0,Estudiante
3327,232572184,Cdal. Raul Silva Henriquez,Diagonal Bio Bio,20062,L2,V1,2026-02-22 13:41:25,2026-02-22 14:23:59,CW→CC,2026-02-22,,20062,20062,0,Estudiante
3328,232572184,Concepcion,Cdal. Raul Silva Henriquez,20157,L2,V1,2026-02-22 17:17:58,2026-02-22 17:55:01,CC→CW,2026-02-22,,20157,20157,0,Estudiante
3329,232572816,Concepcion,Mercado,20846,L1,V1,2026-02-22 17:10:10,2026-02-22 18:02:21,HQ→TH,2026-02-22,combo_por_entrada,20846,20846,0,Estudiante
3330,232572816,Mercado,Concepcion,20847,L1,V1,2026-02-22 19:37:33,2026-02-22 20:29:56,TH→HQ,2026-02-22,,20847,20847,0,Estudiante
3331,232573161,Lomas Coloradas,Concepcion,20058,L2,V1,2026-02-22 12:50:55,2026-02-22 13:16:27,CW→CC,2026-02-22,,20058,20058,0,Estudiante
3332,232575320,Coronel,El Parque,20152,L2,V1,2026-02-22 08:23:03,2026-02-22 08:59:43,CW→CC,2026-02-22,,20152,20152,0,Estudiante
3333,232575320,El Parque,Cdal. Raul Silva Henriquez,20167,L2,V1,2026-02-22 20:16:30,2026-02-22 20:28:23,CC→CW,2026-02-22,,20167,20167,0,Estudiante
3334,232575662,Lomas Coloradas,Coronel,20149,L2,V1,2026-02-22 08:43:00,2026-02-22 09:15:13,CC→CW,2026-02-22,,20149,20149,0,Estudiante
3335,232575723,Coronel,Laguna Quinenco,20062,L2,V1,2026-02-22 13:41:27,2026-02-22 13:54:05,CW→CC,2026-02-22,,20062,20062,0,Estudiante
3336,232577457,Huinca,Concepcion,20076,L2,V1,2026-02-22 16:49:07,2026-02-22 17:29:59,CW→CC,2026-02-22,,20076,20076,0,Estudiante
3337,232577457,Concepcion,Cdal. Raul Silva Henriquez,20171,L2,V1,2026-02-22 20:32:09,2026-02-22 21:37:24,CC→CW,2026-02-22,,20171,20171,0,Estudiante
3338,232577548,Cristo Redentor,Laguna Quinenco,20067,L2,V1,2026-02-22 16:00:35,2026-02-22 16:12:07,CC→CW,2026-02-22,,20067,20067,0,Estudiante
3339,232577548,Laguna Quinenco,Cristo Redentor,20076,L2,V1,2026-02-22 16:47:13,2026-02-22 16:52:22,CW→CC,2026-02-22,,20076,20076,0,Estudiante
3340,232577569,Huinca,Laguna Quinenco,20059,L2,V1,2026-02-22 13:20:28,2026-02-22 14:01:18,CC→CW,2026-02-22,,20059,20059,0,Estudiante
3341,232578907,Concepcion,Concepcion,,,N/A,2026-02-22 19:08:52,2026-02-22 19:10:34,,2026-02-22,no viajo,,,0,Estudiante
3342,232578915,Laguna Quinenco,Cristo Redentor,20152,L2,V1,2026-02-22 08:17:50,2026-02-22 08:40:02,CW→CC,2026-02-22,,20152,20152,0,Estudiante
3343,232578915,Cristo Redentor,Laguna Quinenco,20059,L2,V1,2026-02-22 13:34:13,2026-02-22 14:01:41,CC→CW,2026-02-22,,20059,20059,0,Estudiante
3344,232579545,Cristo Redentor,Laguna Quinenco,20063,L2,V1,2026-02-22 15:02:14,2026-02-22 15:17:28,CC→CW,2026-02-22,,20063,20063,0,Estudiante
3345,232579545,Coronel,Cristo Redentor,20076,L2,V1,2026-02-22 16:37:36,2026-02-22 16:51:37,CW→CC,2026-02-22,,20076,20076,0,Estudiante
3346,232580250,Diagonal Bio Bio,El Parque,20053,L2,V1,2026-02-22 12:09:18,2026-02-22 12:30:19,CC→CW,2026-02-22,,20053,20053,0,Estudiante
3347,232580250,El Parque,Concepcion,20062,L2,V1,2026-02-22 14:15:10,2026-02-22 14:33:24,CW→CC,2026-02-22,,20062,20062,0,Estudiante
3348,232580394,Juan Pablo II,Cdal. Raul Silva Henriquez,20167,L2,V1,2026-02-22 19:52:05,2026-02-22 20:33:59,CC→CW,2026-02-22,,20167,20167,0,Estudiante
3349,232583236,Concepcion,Laguna Quinenco,20069,L2,V1,2026-02-22 16:21:00,2026-02-22 17:26:31,CC→CW,2026-02-22,,20069,20069,0,Estudiante
3350,232631520,Huinca,Concepcion,,,N/A,2026-02-22 14:44:27,2026-02-22 15:07:19,,2026-02-22,sin_combo_factible_en_hub|sin_s1_factible_retro,,,0,Estudiante
3351,232631520,Concepcion,Huinca,20157,L2,V1,2026-02-22 17:24:55,2026-02-22 18:06:09,CC→CW,2026-02-22,,20157,20157,0,Estudiante
3352,232631550,Concepcion,Cdal. Raul Silva Henriquez,20171,L2,V1,2026-02-22 21:02:24,2026-02-22 21:38:26,CC→CW,2026-02-22,,20171,20171,0,Estudiante
3353,232648289,Laguna Quinenco,Costa Mar,20162,L2,V1,2026-02-22 18:12:14,2026-02-22 18:46:10,CW→CC,2026-02-22,,20162,20162,0,Estudiante
3354,232651799,Laguna Quinenco,Concepcion,20056,L2,V1,2026-02-22 11:30:01,2026-02-22 13:04:59,CW→CC,2026-02-22,,20056,20056,0,Estudiante
3355,232651799,Concepcion,Laguna Quinenco,20063,L2,V1,2026-02-22 14:05:21,2026-02-22 15:18:10,CC→CW,2026-02-22,,20063,20063,0,Estudiante
3356,232654883,Laguna Quinenco,Concepcion,20062,L2,V1,2026-02-22 13:32:48,2026-02-22 14:32:36,CW→CC,2026-02-22,,20062,20062,0,Estudiante
3357,232654929,Concepcion,Cdal. Raul Silva Henriquez,20171,L2,V1,2026-02-22 20:29:23,2026-02-22 21:36:09,CC→CW,2026-02-22,,20171,20171,0,Estudiante
3358,232655219,Concepcion,Cristo Redentor,20069,L2,V1,2026-02-22 16:13:22,2026-02-22 17:24:38,CC→CW,2026-02-22,,20069,20069,0,Estudiante
3359,232655240,Los Canelos,Concepcion,20044,L2,V1,2026-02-22 10:12:59,2026-02-22 10:48:44,CW→CC,2026-02-22,,20044,20044,0,Estudiante
3360,232655313,Concepcion,Laguna Quinenco,20035,L2,V1,2026-02-22 10:00:09,2026-02-22 10:45:11,CC→CW,2026-02-22,,20035,20035,0,Estudiante
3361,232655342,Alborada,Cdal. Raul Silva Henriquez,20167,L2,V1,2026-02-22 20:09:12,2026-02-22 20:31:27,CC→CW,2026-02-22,,20167,20167,0,Estudiante
3362,232663876,Cristo Redentor,El Parque,20056,L2,V1,2026-02-22 12:13:35,2026-02-22 12:44:44,CW→CC,2026-02-22,,20056,20056,0,Estudiante
3363,232663876,El Parque,Laguna Quinenco,20067,L2,V1,2026-02-22 15:23:52,2026-02-22 16:12:08,CC→CW,2026-02-22,,20067,20067,0,Estudiante
3364,232664026,Lomas Coloradas,Alborada,20044,L2,V1,2026-02-22 10:19:11,2026-02-22 10:35:52,CW→CC,2026-02-22,,20044,20044,0,Estudiante
3365,232667841,Lomas Coloradas,Diagonal Bio Bio,20152,L2,V1,2026-02-22 08:51:21,2026-02-22 09:06:26,CW→CC,2026-02-22,,20152,20152,0,Estudiante
3366,232667841,Diagonal Bio Bio,Lomas Coloradas,20041,L2,V1,2026-02-22 10:31:29,2026-02-22 10:49:10,CC→CW,2026-02-22,,20041,20041,0,Estudiante
3367,232671142,Coronel,Concepcion,20056,L2,V1,2026-02-22 11:54:20,2026-02-22 13:03:38,CW→CC,2026-02-22,,20056,20056,0,Estudiante
3368,242163282,Concepcion,Manquimavida,20857,L1,V1,2026-02-22 08:33:50,2026-02-22 09:14:45,TH→HQ,2026-02-22,,20857,20857,170,Estudiante
3369,242163282,Manquimavida,Concepcion,20848,L1,V1,2026-02-22 20:21:19,2026-02-22 21:32:14,HQ→TH,2026-02-22,match_por_salida_fallback,20848,20171,200,Estudiante
3370,242165356,Coronel,Concepcion,20076,L2,V1,2026-02-22 16:30:36,2026-02-22 17:29:55,CW→CC,2026-02-22,,20076,20076,290,Estudiante
3371,242165438,Concepcion,Coronel,20067,L2,V1,2026-02-22 15:02:24,2026-02-22 16:14:51,CC→CW,2026-02-22,,20067,20067,290,Estudiante
3372,242165438,Coronel,Cdal. Raul Silva Henriquez,20166,L2,V1,2026-02-22 19:12:35,2026-02-22 20:34:07,CW→CC,2026-02-22,,20166,20166,220,Estudiante
3373,242177466,Higueras,Concepcion,20845,L1,V1,2026-02-22 15:58:26,2026-02-22 16:26:18,TH→HQ,2026-02-22,,20845,20845,170,Estudiante
3374,242178020,Concepcion,Concepcion,,,N/A,2026-02-22 17:01:09,2026-02-22 17:03:13,,2026-02-22,no viajo,,,140,Estudiante
3375,242178020,Concepcion,Concepcion,,,N/A,2026-02-22 17:24:28,2026-02-22 17:25:51,,2026-02-22,no viajo,,,140,Estudiante
3376,242178073,Cristo Redentor,Concepcion,20160,L2,V1,2026-02-22 17:44:56,2026-02-22 18:30:29,CW→CC,2026-02-22,,20160,20160,280,Estudiante
3377,242179197,Lomas Coloradas,Juan Pablo II,20050,L2,V1,2026-02-22 11:14:25,2026-02-22 11:32:49,CW→CC,2026-02-22,,20050,20050,170,Estudiante
3378,242194510,Huinca,Concepcion,20062,L2,V1,2026-02-22 13:55:00,2026-02-22 14:34:24,CW→CC,2026-02-22,,20062,20062,280,Estudiante
3379,242194532,Cristo Redentor,Concepcion,20062,L2,V1,2026-02-22 13:50:42,2026-02-22 14:34:19,CW→CC,2026-02-22,,20062,20062,280,Estudiante
3380,242194532,Concepcion,Cristo Redentor,20163,L2,V1,2026-02-22 18:40:51,2026-02-22 19:41:37,CC→CW,2026-02-22,,20163,20163,280,Estudiante
3381,242221812,Lomas Coloradas,Concepcion,20156,L2,V1,2026-02-22 09:39:30,2026-02-22 10:02:47,CW→CC,2026-02-22,,20156,20156,190,Estudiante
3382,242230541,Concepcion,Cdal. Raul Silva Henriquez,20069,L2,V1,2026-02-22 16:27:00,2026-02-22 17:08:52,CC→CW,2026-02-22,,20069,20069,190,Estudiante
3383,242230690,Cdal. Raul Silva Henriquez,Concepcion,20044,L2,V1,2026-02-22 10:22:10,2026-02-22 10:48:25,CW→CC,2026-02-22,,20044,20044,190,Estudiante
3384,242230690,Concepcion,Cdal. Raul Silva Henriquez,20063,L2,V1,2026-02-22 14:27:37,2026-02-22 15:01:58,CC→CW,2026-02-22,,20063,20063,190,Estudiante
3385,242232583,Alborada,Cristo Redentor,20161,L2,V1,2026-02-22 18:40:04,2026-02-22 19:08:25,CC→CW,2026-02-22,,20161,20161,230,Estudiante
3386,242238565,Cristo Redentor,Laguna Quinenco,20049,L2,V1,2026-02-22 12:03:35,2026-02-22 12:10:12,CC→CW,2026-02-22,,20049,20049,150,Estudiante
3387,242238565,Laguna Quinenco,Cristo Redentor,20066,L2,V1,2026-02-22 14:22:18,2026-02-22 14:46:36,CW→CC,2026-02-22,,20066,20066,150,Estudiante
3388,242277257,Cdal. Raul Silva Henriquez,Concepcion,20040,L2,V1,2026-02-22 09:58:16,2026-02-22 10:22:01,CW→CC,2026-02-22,,20040,20040,190,Estudiante
3389,242278756,Cdal. Raul Silva Henriquez,Coronel,20053,L2,V1,2026-02-22 12:32:01,2026-02-22 12:52:56,CC→CW,2026-02-22,,20053,20053,220,Estudiante
3390,242278911,Los Canelos,Coronel,20059,L2,V1,2026-02-22 13:49:55,2026-02-22 14:04:12,CC→CW,2026-02-22,,20059,20059,180,Estudiante
3391,242278965,Huinca,Coronel,20035,L2,V1,2026-02-22 10:16:09,2026-02-22 10:47:41,CC→CW,2026-02-22,,20035,20035,150,Estudiante
3392,242278965,Huinca,Concepcion,20068,L2,V1,2026-02-22 15:19:29,2026-02-22 16:27:21,CW→CC,2026-02-22,,20068,20068,280,Estudiante
3393,242278965,Concepcion,Lomas Coloradas,20167,L2,V1,2026-02-22 19:51:40,2026-02-22 20:26:27,CC→CW,2026-02-22,,20167,20167,190,Estudiante
3394,242282568,Concepcion,Lomas Coloradas,20157,L2,V1,2026-02-22 17:12:07,2026-02-22 17:51:30,CC→CW,2026-02-22,,20157,20157,190,Estudiante
3395,242285256,Laguna Quinenco,Huinca,20076,L2,V1,2026-02-22 16:37:28,2026-02-22 16:53:49,CW→CC,2026-02-22,,20076,20076,150,Estudiante
3396,242285256,Huinca,Laguna Quinenco,20163,L2,V1,2026-02-22 19:13:44,2026-02-22 19:43:33,CC→CW,2026-02-22,,20163,20163,150,Estudiante
3397,242286371,Lomas Coloradas,Concepcion,20066,L2,V1,2026-02-22 14:59:36,2026-02-22 15:24:07,CW→CC,2026-02-22,,20066,20066,190,Estudiante
3398,242286371,Concepcion,Lomas Coloradas,20161,L2,V1,2026-02-22 18:13:31,2026-02-22 18:50:06,CC→CW,2026-02-22,,20161,20161,190,Estudiante
3399,242287977,Los Canelos,Laguna Quinenco,20157,L2,V1,2026-02-22 18:00:13,2026-02-22 18:11:21,CC→CW,2026-02-22,,20157,20157,180,Estudiante
3400,242289138,Lomas Coloradas,Juan Pablo II,20162,L2,V1,2026-02-22 18:32:12,2026-02-22 18:53:10,CW→CC,2026-02-22,,20162,20162,170,Estudiante
3401,242290951,Cdal. Raul Silva Henriquez,Juan Pablo II,20050,L2,V1,2026-02-22 11:08:20,2026-02-22 11:32:30,CW→CC,2026-02-22,,20050,20050,170,Estudiante
3402,242290951,Juan Pablo II,Cdal. Raul Silva Henriquez,20059,L2,V1,2026-02-22 13:22:58,2026-02-22 13:44:37,CC→CW,2026-02-22,,20059,20059,170,Estudiante
3403,242291424,Lomas Coloradas,Diagonal Bio Bio,20062,L2,V1,2026-02-22 14:05:02,2026-02-22 14:23:23,CW→CC,2026-02-22,,20062,20062,170,Estudiante
3404,242359374,Cdal. Raul Silva Henriquez,Huinca,20067,L2,V1,2026-02-22 15:52:38,2026-02-22 16:05:56,CC→CW,2026-02-22,,20067,20067,210,Estudiante
3405,242367278,Concepcion,Cdal. Raul Silva Henriquez,20167,L2,V1,2026-02-22 19:32:28,2026-02-22 20:34:18,CC→CW,2026-02-22,,20167,20167,190,Estudiante
3406,242397263,Huinca,Concepcion,20152,L2,V1,2026-02-22 08:36:41,2026-02-22 09:15:49,CW→CC,2026-02-22,,20152,20152,280,Estudiante
3407,242397318,Coronel,Concepcion,20062,L2,V1,2026-02-22 13:44:01,2026-02-22 14:32:50,CW→CC,2026-02-22,,20062,20062,290,Estudiante
3408,242397318,Concepcion,Laguna Quinenco,20161,L2,V1,2026-02-22 18:25:47,2026-02-22 19:13:10,CC→CW,2026-02-22,,20161,20161,290,Estudiante
3409,242411262,Concepcion,Lomas Coloradas,20161,L2,V1,2026-02-22 18:13:35,2026-02-22 18:50:30,CC→CW,2026-02-22,,20161,20161,190,Estudiante
3410,242414908,Huinca,Hito Galvarino,20050,L2,V1,2026-02-22 11:02:30,2026-02-22 11:09:44,CW→CC,2026-02-22,,20050,20050,150,Estudiante
3411,242420986,Diagonal Bio Bio,Cdal. Raul Silva Henriquez,20171,L2,V1,2026-02-22 20:46:15,2026-02-22 21:36:33,CC→CW,2026-02-22,,20171,20171,170,Estudiante
3412,242443508,Alborada,Cdal. Raul Silva Henriquez,20067,L2,V1,2026-02-22 15:04:12,2026-02-22 15:53:48,CC→CW,2026-02-22,,20067,20067,170,Estudiante
3413,242444013,Cristo Redentor,Los Canelos,20162,L2,V1,2026-02-22 18:20:09,2026-02-22 18:28:29,CW→CC,2026-02-22,,20162,20162,150,Estudiante
3414,242444071,Concepcion,Coronel,20163,L2,V1,2026-02-22 18:49:26,2026-02-22 19:48:29,CC→CW,2026-02-22,,20163,20163,290,Estudiante
3415,242444086,Los Canelos,El Parque,20056,L2,V1,2026-02-22 12:09:10,2026-02-22 12:44:30,CW→CC,2026-02-22,,20056,20056,200,Estudiante
3416,242444086,El Parque,Los Canelos,20059,L2,V1,2026-02-22 13:25:27,2026-02-22 13:53:47,CC→CW,2026-02-22,,20059,20059,200,Estudiante
3417,242444276,Cristo Redentor,Concepcion,20068,L2,V1,2026-02-22 14:49:10,2026-02-22 16:24:51,CW→CC,2026-02-22,,20068,20066,280,Estudiante
3418,242444276,Concepcion,Lomas Coloradas,20167,L2,V1,2026-02-22 19:43:32,2026-02-22 20:24:47,CC→CW,2026-02-22,,20167,20167,190,Estudiante
3419,242455883,Hito Galvarino,Lomas Coloradas,20162,L2,V1,2026-02-22 18:27:05,2026-02-22 18:40:51,CW→CC,2026-02-22,,20162,20162,200,Estudiante
3420,242455883,Lomas Coloradas,Coronel,20161,L2,V1,2026-02-22 18:49:00,2026-02-22 19:14:46,CC→CW,2026-02-22,,20161,20161,220,Estudiante
3421,242456564,Juan Pablo II,Lomas Coloradas,20171,L2,V1,2026-02-22 20:46:59,2026-02-22 21:32:30,CC→CW,2026-02-22,,20171,20171,170,Estudiante
3422,242457751,Coronel,El Parque,20050,L2,V1,2026-02-22 10:48:03,2026-02-22 11:22:59,CW→CC,2026-02-22,,20050,20050,220,Estudiante
3423,242457751,Hito Galvarino,Lomas Coloradas,20162,L2,V1,2026-02-22 18:26:00,2026-02-22 18:40:59,CW→CC,2026-02-22,,20162,20162,200,Estudiante
3424,242457751,Lomas Coloradas,Coronel,20161,L2,V1,2026-02-22 18:49:13,2026-02-22 19:15:33,CC→CW,2026-02-22,,20161,20161,220,Estudiante
3425,242458750,Los Canelos,El Parque,20166,L2,V1,2026-02-22 19:23:12,2026-02-22 19:43:27,CW→CC,2026-02-22,,20166,20166,200,Estudiante
3426,242458974,Concepcion,El Parque,20059,L2,V1,2026-02-22 13:02:51,2026-02-22 13:39:02,CC→CW,2026-02-22,,20059,20059,190,Estudiante
3427,242458974,El Parque,Concepcion,20066,L2,V1,2026-02-22 14:31:50,2026-02-22 15:23:36,CW→CC,2026-02-22,,20066,20066,190,Estudiante
3428,242459864,Concepcion,Hualqui,20847,L1,V1,2026-02-22 20:09:11,2026-02-22 21:02:37,TH→HQ,2026-02-22,,20847,20847,180,Estudiante
3429,242461333,Concepcion,UTF Santa Maria,20850,L1,V1,2026-02-22 09:35:49,2026-02-22 10:16:42,HQ→TH,2026-02-22,combo_relajado_pase2,20850,20850,200,Estudiante
3430,242461333,Juan Pablo II,Cdal. Raul Silva Henriquez,20161,L2,V1,2026-02-22 18:35:01,2026-02-22 18:53:44,CC→CW,2026-02-22,,20161,20161,170,Estudiante
3431,242461345,Lomas Coloradas,Concepcion,20062,L2,V1,2026-02-22 14:03:56,2026-02-22 14:32:14,CW→CC,2026-02-22,,20062,20062,190,Estudiante
3432,242461345,Concepcion,Lomas Coloradas,20157,L2,V1,2026-02-22 17:24:02,2026-02-22 17:51:57,CC→CW,2026-02-22,,20157,20157,190,Estudiante
3433,242461644,Lomas Coloradas,Concepcion,20050,L2,V1,2026-02-22 10:52:37,2026-02-22 11:39:46,CW→CC,2026-02-22,,20050,20050,190,Estudiante
3434,242461644,Concepcion,Lomas Coloradas,20067,L2,V1,2026-02-22 14:44:50,2026-02-22 15:51:17,CC→CW,2026-02-22,,20067,20067,190,Estudiante
3435,242461757,Laguna Quinenco,Concepcion,20076,L2,V1,2026-02-22 16:42:16,2026-02-22 17:30:31,CW→CC,2026-02-22,,20076,20076,290,Estudiante
3436,242461757,Concepcion,Cdal. Raul Silva Henriquez,20167,L2,V1,2026-02-22 19:58:56,2026-02-22 20:31:06,CC→CW,2026-02-22,,20167,20167,190,Estudiante
3437,242461766,Cristo Redentor,El Parque,20152,L2,V1,2026-02-22 08:32:18,2026-02-22 08:59:45,CW→CC,2026-02-22,,20152,20152,210,Estudiante
3438,242489770,Lomas Coloradas,Concepcion,20076,L2,V1,2026-02-22 17:01:25,2026-02-22 17:28:53,CW→CC,2026-02-22,,20076,20076,190,Estudiante
3439,242489867,Lomas Coloradas,Los Canelos,20149,L2,V1,2026-02-22 08:47:15,2026-02-22 09:05:55,CC→CW,2026-02-22,,20149,20149,200,Estudiante
3440,242489867,Los Canelos,Lomas Coloradas,20166,L2,V1,2026-02-22 19:17:01,2026-02-22 19:40:40,CW→CC,2026-02-22,,20166,20166,200,Estudiante
3441,242500060,Costa Mar,Concepcion,20062,L2,V1,2026-02-22 14:18:01,2026-02-22 14:35:54,CW→CC,2026-02-22,,20062,20062,190,Estudiante
3442,242500060,Concepcion,Costa Mar,20171,L2,V1,2026-02-22 20:19:59,2026-02-22 21:25:27,CC→CW,2026-02-22,,20171,20171,190,Estudiante
3443,242503866,Lomas Coloradas,Concepcion,20156,L2,V1,2026-02-22 09:35:45,2026-02-22 10:02:50,CW→CC,2026-02-22,,20156,20156,190,Estudiante
3444,242507762,Huinca,Costa Mar,20152,L2,V1,2026-02-22 08:35:54,2026-02-22 09:01:28,CW→CC,2026-02-22,,20152,20152,210,Estudiante
3445,242522831,Los Canelos,Cdal. Raul Silva Henriquez,20066,L2,V1,2026-02-22 14:47:36,2026-02-22 15:02:00,CW→CC,2026-02-22,,20066,20066,200,Estudiante
3446,242522831,Cdal. Raul Silva Henriquez,Los Canelos,20157,L2,V1,2026-02-22 17:55:07,2026-02-22 19:03:56,CC→CW,2026-02-22,,20157,20157,200,Estudiante
3447,242528671,Concepcion,Lomas Coloradas,20167,L2,V1,2026-02-22 19:43:28,2026-02-22 20:24:45,CC→CW,2026-02-22,,20167,20167,190,Estudiante
3448,242556764,Lomas Coloradas,Costa Mar,20062,L2,V1,2026-02-22 14:08:36,2026-02-22 14:19:13,CW→CC,2026-02-22,,20062,20062,140,Estudiante
3449,242564672,Costa Mar,Cdal. Raul Silva Henriquez,20171,L2,V1,2026-02-22 21:16:49,2026-02-22 21:36:43,CC→CW,2026-02-22,,20171,20171,140,Estudiante
3450,242564956,Hito Galvarino,Concepcion,,,N/A,2026-02-22 17:49:13,2026-02-22 18:14:55,,2026-02-22,sin_combo_factible_en_hub|sin_s1_factible_retro,,,280,Estudiante
3451,242564956,Concepcion,Concepcion,,,N/A,2026-02-22 20:01:26,2026-02-22 20:05:05,,2026-02-22,no viajo,,,140,Estudiante
3452,242564956,Concepcion,Cdal. Raul Silva Henriquez,20171,L2,V1,2026-02-22 20:28:58,2026-02-22 21:38:50,CC→CW,2026-02-22,,20171,20171,190,Estudiante
3453,242578407,Costa Mar,Lomas Coloradas,20059,L2,V1,2026-02-22 13:29:24,2026-02-22 13:41:29,CC→CW,2026-02-22,,20059,20059,140,Estudiante
3454,242578407,Lomas Coloradas,Concepcion,20068,L2,V1,2026-02-22 16:01:56,2026-02-22 16:24:54,CW→CC,2026-02-22,,20068,20068,190,Estudiante
3455,242624011,Costa Mar,Cdal. Raul Silva Henriquez,20063,L2,V1,2026-02-22 14:42:42,2026-02-22 15:03:02,CC→CW,2026-02-22,,20063,20063,140,Estudiante
3456,242624106,Costa Mar,Concepcion,20066,L2,V1,2026-02-22 15:05:27,2026-02-22 15:24:14,CW→CC,2026-02-22,,20066,20066,190,Estudiante
3457,242624106,Concepcion,Costa Mar,20163,L2,V1,2026-02-22 18:41:46,2026-02-22 19:17:53,CC→CW,2026-02-22,,20163,20163,190,Estudiante
3458,242624210,Costa Mar,Cdal. Raul Silva Henriquez,20153,L2,V1,2026-02-22 09:30:11,2026-02-22 09:42:42,CC→CW,2026-02-22,,20153,20153,140,Estudiante
3459,242624210,Cdal. Raul Silva Henriquez,Costa Mar,20052,L2,V1,2026-02-22 11:38:02,2026-02-22 11:48:48,CW→CC,2026-02-22,,20052,20052,140,Estudiante
3460,242624693,Concepcion,Costa Mar,20157,L2,V1,2026-02-22 17:26:53,2026-02-22 17:46:59,CC→CW,2026-02-22,,20157,20157,190,Estudiante
3461,242625607,Lomas Coloradas,Concepcion,20050,L2,V1,2026-02-22 10:41:55,2026-02-22 11:42:19,CW→CC,2026-02-22,,20050,20050,190,Estudiante
3462,242625607,Concepcion,Lomas Coloradas,20167,L2,V1,2026-02-22 19:28:56,2026-02-22 20:24:03,CC→CW,2026-02-22,,20167,20167,190,Estudiante
3463,242625653,Cdal. Raul Silva Henriquez,Concepcion,20066,L2,V1,2026-02-22 14:54:59,2026-02-22 15:23:59,CW→CC,2026-02-22,,20066,20066,190,Estudiante
3464,242625653,Concepcion,Cdal. Raul Silva Henriquez,20161,L2,V1,2026-02-22 18:12:44,2026-02-22 18:53:18,CC→CW,2026-02-22,,20161,20161,190,Estudiante
3465,242625662,Cdal. Raul Silva Henriquez,El Parque,20076,L2,V1,2026-02-22 16:41:08,2026-02-22 17:12:41,CW→CC,2026-02-22,,20076,20076,140,Estudiante
3466,242625662,El Parque,Cdal. Raul Silva Henriquez,20163,L2,V1,2026-02-22 19:07:35,2026-02-22 19:26:43,CC→CW,2026-02-22,,20163,20163,140,Estudiante
3467,242628575,Coronel,Concepcion,20066,L2,V1,2026-02-22 14:27:12,2026-02-22 15:24:13,CW→CC,2026-02-22,,20066,20066,290,Estudiante
3468,242628575,Concepcion,Coronel,20163,L2,V1,2026-02-22 18:52:09,2026-02-22 19:47:28,CC→CW,2026-02-22,,20163,20163,290,Estudiante
3469,242629054,Huinca,Laguna Quinenco,20063,L2,V1,2026-02-22 15:11:46,2026-02-22 15:19:17,CC→CW,2026-02-22,,20063,20063,150,Estudiante
3470,242629079,Los Canelos,Costa Mar,20062,L2,V1,2026-02-22 13:58:21,2026-02-22 14:20:11,CW→CC,2026-02-22,,20062,20062,200,Estudiante
3471,242629079,Costa Mar,Los Canelos,20163,L2,V1,2026-02-22 18:57:26,2026-02-22 19:37:41,CC→CW,2026-02-22,,20163,20163,200,Estudiante
3472,242629088,Coronel,Los Canelos,20056,L2,V1,2026-02-22 12:11:05,2026-02-22 12:29:54,CW→CC,2026-02-22,,20056,20056,180,Estudiante
3473,242629088,Los Canelos,Coronel,20069,L2,V1,2026-02-22 17:06:23,2026-02-22 17:30:35,CC→CW,2026-02-22,,20069,20069,180,Estudiante
3474,242629157,Costa Mar,Lomas Coloradas,20167,L2,V1,2026-02-22 20:12:55,2026-02-22 20:23:37,CC→CW,2026-02-22,,20167,20167,140,Estudiante
3475,242629198,Cristo Redentor,Concepcion,20050,L2,V1,2026-02-22 10:51:50,2026-02-22 11:40:43,CW→CC,2026-02-22,,20050,20050,280,Estudiante
3476,242629198,Concepcion,Cristo Redentor,20157,L2,V1,2026-02-22 17:17:08,2026-02-22 18:09:37,CC→CW,2026-02-22,,20157,20157,280,Estudiante
3477,242629238,Concepcion,Los Canelos,20059,L2,V1,2026-02-22 13:19:35,2026-02-22 13:54:56,CC→CW,2026-02-22,,20059,20059,280,Estudiante
3478,242629248,Concepcion,Cristo Redentor,20063,L2,V1,2026-02-22 14:31:41,2026-02-22 15:14:59,CC→CW,2026-02-22,,20063,20063,280,Estudiante
3479,242629248,Cristo Redentor,Coronel,20163,L2,V1,2026-02-22 19:18:36,2026-02-22 19:46:45,CC→CW,2026-02-22,,20163,20163,150,Estudiante
3480,242632449,Concepcion,El Parque,20059,L2,V1,2026-02-22 13:02:44,2026-02-22 13:38:37,CC→CW,2026-02-22,,20059,20059,190,Estudiante
3481,242632449,El Parque,Concepcion,20066,L2,V1,2026-02-22 14:31:40,2026-02-22 15:23:32,CW→CC,2026-02-22,,20066,20066,190,Estudiante
3482,242632969,Concepcion,Hualqui,20847,L1,V1,2026-02-22 20:24:24,2026-02-22 21:01:26,TH→HQ,2026-02-22,,20847,20847,180,Estudiante
3483,242633263,Cristo Redentor,Laguna Quinenco,20063,L2,V1,2026-02-22 15:02:15,2026-02-22 15:17:29,CC→CW,2026-02-22,,20063,20063,150,Estudiante
3484,242633263,Laguna Quinenco,Cristo Redentor,20076,L2,V1,2026-02-22 16:22:31,2026-02-22 16:51:30,CW→CC,2026-02-22,,20076,20076,150,Estudiante
3485,242633837,Los Canelos,Hito Galvarino,20076,L2,V1,2026-02-22 16:53:35,2026-02-22 17:00:02,CW→CC,2026-02-22,,20076,20076,150,Estudiante
3486,242634245,Concepcion,Concepcion,,,N/A,2026-02-22 17:53:53,2026-02-22 18:29:58,,2026-02-22,no viajo,,,140,Estudiante
3487,242634476,Huinca,Concepcion,20062,L2,V1,2026-02-22 13:54:56,2026-02-22 14:34:28,CW→CC,2026-02-22,,20062,20062,280,Estudiante
3488,242634476,Concepcion,Huinca,20163,L2,V1,2026-02-22 18:51:38,2026-02-22 19:39:28,CC→CW,2026-02-22,,20163,20163,280,Estudiante
3489,242635151,Concepcion,Cristo Redentor,20059,L2,V1,2026-02-22 12:56:52,2026-02-22 13:58:35,CC→CW,2026-02-22,,20059,20059,280,Estudiante
3490,242637165,Cristo Redentor,Lomas Coloradas,20076,L2,V1,2026-02-22 16:47:32,2026-02-22 17:07:59,CW→CC,2026-02-22,,20076,20076,210,Estudiante
3491,242666657,Concepcion,Laguna Quinenco,20149,L2,V1,2026-02-22 08:30:17,2026-02-22 09:12:51,CC→CW,2026-02-22,,20149,20149,290,Estudiante
3492,242670432,Lomas Coloradas,Coronel,20153,L2,V1,2026-02-22 09:36:54,2026-02-22 10:02:57,CC→CW,2026-02-22,,20153,20153,220,Estudiante
3493,242687043,El Parque,Laguna Quinenco,20059,L2,V1,2026-02-22 13:31:59,2026-02-22 14:00:47,CC→CW,2026-02-22,,20059,20059,220,Estudiante
3494,242687043,Laguna Quinenco,El Parque,20166,L2,V1,2026-02-22 18:44:45,2026-02-22 19:43:25,CW→CC,2026-02-22,,20166,20166,220,Estudiante
3495,242687092,Lomas Coloradas,El Parque,20166,L2,V1,2026-02-22 19:31:48,2026-02-22 19:43:21,CW→CC,2026-02-22,,20166,20166,140,Estudiante
3496,242687092,El Parque,Lomas Coloradas,20167,L2,V1,2026-02-22 20:08:10,2026-02-22 20:24:57,CC→CW,2026-02-22,,20167,20167,140,Estudiante
3497,242687099,Concepcion,Lomas Coloradas,20171,L2,V1,2026-02-22 20:35:15,2026-02-22 21:31:02,CC→CW,2026-02-22,,20171,20171,190,Estudiante
3498,242687120,Los Canelos,Laguna Quinenco,20067,L2,V1,2026-02-22 15:49:56,2026-02-22 16:12:21,CC→CW,2026-02-22,,20067,20067,180,Estudiante
3499,242697126,Los Canelos,El Parque,20056,L2,V1,2026-02-22 12:09:10,2026-02-22 12:44:21,CW→CC,2026-02-22,,20056,20056,200,Estudiante
3500,242697126,El Parque,Los Canelos,20059,L2,V1,2026-02-22 13:25:23,2026-02-22 13:53:37,CC→CW,2026-02-22,,20059,20059,200,Estudiante
3501,242697518,Concepcion,Los Canelos,20163,L2,V1,2026-02-22 18:54:10,2026-02-22 19:37:41,CC→CW,2026-02-22,,20163,20163,280,Estudiante
3502,242697777,Concepcion,El Parque,20069,L2,V1,2026-02-22 16:33:10,2026-02-22 17:03:01,CC→CW,2026-02-22,,20069,20069,190,Estudiante
3503,242697777,El Parque,Concepcion,20162,L2,V1,2026-02-22 18:38:19,2026-02-22 19:00:54,CW→CC,2026-02-22,,20162,20162,190,Estudiante
3504,242707728,Lomas Coloradas,Costa Mar,20066,L2,V1,2026-02-22 14:52:51,2026-02-22 15:08:44,CW→CC,2026-02-22,,20066,20066,140,Estudiante
3505,242708060,El Parque,Hito Galvarino,20063,L2,V1,2026-02-22 14:49:31,2026-02-22 15:07:38,CC→CW,2026-02-22,,20063,20063,200,Estudiante
3506,242708197,Huinca,Concepcion,20076,L2,V1,2026-02-22 16:45:10,2026-02-22 17:28:41,CW→CC,2026-02-22,,20076,20076,280,Estudiante
3507,242708201,Los Canelos,Cristo Redentor,20053,L2,V1,2026-02-22 12:40:23,2026-02-22 12:47:47,CC→CW,2026-02-22,,20053,20053,150,Estudiante
3508,242708534,Costa Mar,Concepcion,20076,L2,V1,2026-02-22 16:58:38,2026-02-22 17:29:54,CW→CC,2026-02-22,,20076,20076,190,Estudiante
3509,242708579,Huinca,Coronel,20063,L2,V1,2026-02-22 15:05:46,2026-02-22 15:22:57,CC→CW,2026-02-22,,20063,20063,150,Estudiante
3510,242708587,Lomas Coloradas,Concepcion,20068,L2,V1,2026-02-22 15:50:20,2026-02-22 16:24:55,CW→CC,2026-02-22,,20068,20068,190,Estudiante
3511,242708587,Concepcion,Lomas Coloradas,20163,L2,V1,2026-02-22 18:58:23,2026-02-22 19:23:41,CC→CW,2026-02-22,,20163,20163,190,Estudiante
3512,242708604,Laguna Quinenco,Concepcion,20076,L2,V1,2026-02-22 16:42:17,2026-02-22 17:30:37,CW→CC,2026-02-22,,20076,20076,290,Estudiante
3513,242708604,Concepcion,Cdal. Raul Silva Henriquez,20167,L2,V1,2026-02-22 19:58:54,2026-02-22 20:31:02,CC→CW,2026-02-22,,20167,20167,190,Estudiante
3514,242710983,Cristo Redentor,Concepcion,20066,L2,V1,2026-02-22 14:41:48,2026-02-22 15:23:36,CW→CC,2026-02-22,,20066,20066,280,Estudiante
3515,242710983,Concepcion,Cdal. Raul Silva Henriquez,20167,L2,V1,2026-02-22 19:46:58,2026-02-22 20:31:23,CC→CW,2026-02-22,,20167,20167,190,Estudiante
3516,242711005,Alborada,Costa Mar,20161,L2,V1,2026-02-22 18:28:24,2026-02-22 18:45:38,CC→CW,2026-02-22,,20161,20161,170,Estudiante
3517,242715604,Concepcion,Cdal. Raul Silva Henriquez,20167,L2,V1,2026-02-22 19:52:51,2026-02-22 20:30:47,CC→CW,2026-02-22,,20167,20167,190,Estudiante
3518,242717130,Lomas Coloradas,Juan Pablo II,20156,L2,V1,2026-02-22 09:38:36,2026-02-22 09:54:02,CW→CC,2026-02-22,,20156,20156,170,Estudiante
3519,242717130,Juan Pablo II,Lomas Coloradas,20167,L2,V1,2026-02-22 20:03:23,2026-02-22 20:24:06,CC→CW,2026-02-22,,20167,20167,170,Estudiante
3520,242725636,El Parque,Lomas Coloradas,20167,L2,V1,2026-02-22 19:59:14,2026-02-22 20:24:16,CC→CW,2026-02-22,,20167,20167,140,Estudiante
3521,252027695,Alborada,Diagonal Bio Bio,20068,L2,V1,2026-02-22 16:05:44,2026-02-22 16:15:21,CW→CC,2026-02-22,,20068,20068,150,Estudiante
3522,252043718,Concepcion,Lomas Coloradas,20163,L2,V1,2026-02-22 18:51:11,2026-02-22 19:23:30,CC→CW,2026-02-22,,20163,20163,190,Estudiante
3523,252045168,Los Canelos,Costa Mar,20052,L2,V1,2026-02-22 11:27:46,2026-02-22 11:48:29,CW→CC,2026-02-22,,20052,20052,200,Estudiante
3524,252046260,Diagonal Bio Bio,Laguna Quinenco,20153,L2,V1,2026-02-22 09:20:27,2026-02-22 09:59:45,CC→CW,2026-02-22,,20153,20153,260,Estudiante
3525,252065250,Cristo Redentor,Juan Pablo II,20152,L2,V1,2026-02-22 08:36:04,2026-02-22 09:09:12,CW→CC,2026-02-22,,20152,20152,230,Estudiante
3526,252065250,Juan Pablo II,Lomas Coloradas,20171,L2,V1,2026-02-22 20:42:35,2026-02-22 21:31:59,CC→CW,2026-02-22,,20171,20171,170,Estudiante
3527,252072740,Cristo Redentor,Concepcion,20066,L2,V1,2026-02-22 14:37:00,2026-02-22 15:23:18,CW→CC,2026-02-22,,20066,20066,280,Estudiante
3528,252072740,Concepcion,Cdal. Raul Silva Henriquez,20167,L2,V1,2026-02-22 19:47:06,2026-02-22 20:32:28,CC→CW,2026-02-22,,20167,20167,190,Estudiante
3529,252077406,Concepcion,Cristo Redentor,20059,L2,V1,2026-02-22 13:09:49,2026-02-22 13:58:01,CC→CW,2026-02-22,,20059,20059,280,Estudiante
3530,252081611,Concepcion,Diagonal Bio Bio,20171,L2,V1,2026-02-22 20:58:53,2026-02-22 21:19:29,CC→CW,2026-02-22,,20171,20171,190,Estudiante
3531,252081743,Cdal. Raul Silva Henriquez,Concepcion,20160,L2,V1,2026-02-22 17:58:23,2026-02-22 18:29:24,CW→CC,2026-02-22,,20160,20160,190,Estudiante
3532,252086362,Laguna Quinenco,Concepcion,20166,L2,V1,2026-02-22 19:03:11,2026-02-22 19:59:54,CW→CC,2026-02-22,,20166,20166,290,Estudiante
3533,252089051,Huinca,Concepcion,20160,L2,V1,2026-02-22 17:46:41,2026-02-22 18:29:21,CW→CC,2026-02-22,,20160,20160,280,Estudiante
3534,252090852,Costa Mar,Los Canelos,20067,L2,V1,2026-02-22 15:14:46,2026-02-22 16:03:09,CC→CW,2026-02-22,,20067,20067,200,Estudiante
3535,252092141,Cdal. Raul Silva Henriquez,Concepcion,20058,L2,V1,2026-02-22 12:49:37,2026-02-22 13:16:17,CW→CC,2026-02-22,,20058,20058,190,Estudiante
3536,252097263,Los Canelos,Laguna Quinenco,20053,L2,V1,2026-02-22 12:39:53,2026-02-22 12:50:13,CC→CW,2026-02-22,,20053,20053,180,Estudiante
3537,252099650,Concepcion,Hito Galvarino,20067,L2,V1,2026-02-22 14:56:31,2026-02-22 15:59:54,CC→CW,2026-02-22,,20067,20067,280,Estudiante
3538,252099650,Hito Galvarino,Concepcion,20160,L2,V1,2026-02-22 17:47:31,2026-02-22 18:29:23,CW→CC,2026-02-22,,20160,20160,280,Estudiante
3539,252101645,Huinca,Lomas Coloradas,20066,L2,V1,2026-02-22 14:47:14,2026-02-22 15:04:10,CW→CC,2026-02-22,,20066,20066,210,Estudiante
3540,252101688,Diagonal Bio Bio,Cristo Redentor,20153,L2,V1,2026-02-22 09:14:58,2026-02-22 09:57:28,CC→CW,2026-02-22,,20153,20153,230,Estudiante
3541,252103931,Cdal. Raul Silva Henriquez,Concepcion,20044,L2,V1,2026-02-22 10:20:58,2026-02-22 10:49:07,CW→CC,2026-02-22,,20044,20044,190,Estudiante
3542,252103931,Concepcion,Cdal. Raul Silva Henriquez,20059,L2,V1,2026-02-22 13:09:08,2026-02-22 13:44:46,CC→CW,2026-02-22,,20059,20059,190,Estudiante
3543,252107924,Coronel,Juan Pablo II,20056,L2,V1,2026-02-22 12:11:01,2026-02-22 12:54:40,CW→CC,2026-02-22,,20056,20056,260,Estudiante
3544,252110675,Los Canelos,Laguna Quinenco,20163,L2,V1,2026-02-22 19:33:51,2026-02-22 19:43:41,CC→CW,2026-02-22,,20163,20163,180,Estudiante
3545,252115148,Concepcion,Lzo. Arenas,20844,L1,V1,2026-02-22 12:33:02,2026-02-22 13:09:16,HQ→TH,2026-02-22,,20844,20844,140,Estudiante
3546,252123994,Concepcion,Costa Mar,20167,L2,V1,2026-02-22 20:37:10,2026-02-22 20:48:27,CC→CW,2026-02-22,combo_relajado_pase3,20167,20167,140,Estudiante
3547,252125217,Coronel,El Parque,20066,L2,V1,2026-02-22 14:37:19,2026-02-22 15:08:00,CW→CC,2026-02-22,,20066,20066,220,Estudiante
3548,252125217,El Parque,Concepcion,20068,L2,V1,2026-02-22 16:00:54,2026-02-22 16:24:38,CW→CC,2026-02-22,,20068,20068,290,Estudiante
3549,252125217,Concepcion,Concepcion,,,N/A,2026-02-22 20:36:01,2026-02-22 20:50:03,,2026-02-22,no viajo,,,140,Estudiante
3550,252125275,Concepcion,Pedro Medina,20847,L1,V1,2026-02-22 19:56:16,2026-02-22 20:43:53,TH→HQ,2026-02-22,,20847,20847,170,Estudiante
3551,252125600,Laguna Quinenco,Concepcion,20166,L2,V1,2026-02-22 19:16:29,2026-02-22 19:59:59,CW→CC,2026-02-22,,20166,20166,290,Estudiante
3552,252125636,Concepcion,Lomas Coloradas,20157,L2,V1,2026-02-22 17:12:00,2026-02-22 17:51:28,CC→CW,2026-02-22,,20157,20157,190,Estudiante
3553,252125676,Laguna Quinenco,Concepcion,20050,L2,V1,2026-02-22 10:50:22,2026-02-22 11:39:47,CW→CC,2026-02-22,,20050,20050,290,Estudiante
3554,252125686,Coronel,Laguna Quinenco,20062,L2,V1,2026-02-22 13:45:41,2026-02-22 13:53:56,CW→CC,2026-02-22,,20062,20062,150,Estudiante
3555,252126669,Concepcion,Los Canelos,20059,L2,V1,2026-02-22 13:11:34,2026-02-22 13:59:51,CC→CW,2026-02-22,,20059,20059,280,Estudiante
3556,252126837,Laguna Quinenco,Concepcion,20076,L2,V1,2026-02-22 16:30:29,2026-02-22 17:28:48,CW→CC,2026-02-22,,20076,20076,290,Estudiante
3557,252126837,Concepcion,Lomas Coloradas,20167,L2,V1,2026-02-22 19:50:44,2026-02-22 20:24:57,CC→CW,2026-02-22,,20167,20167,190,Estudiante
3558,252126893,Coronel,Concepcion,20152,L2,V1,2026-02-22 08:27:17,2026-02-22 09:16:19,CW→CC,2026-02-22,,20152,20152,290,Estudiante
3559,252126896,Concepcion,Cdal. Raul Silva Henriquez,20067,L2,V1,2026-02-22 15:24:18,2026-02-22 15:53:44,CC→CW,2026-02-22,,20067,20067,190,Estudiante
3560,252126896,Cdal. Raul Silva Henriquez,Concepcion,20166,L2,V1,2026-02-22 19:33:35,2026-02-22 19:59:07,CW→CC,2026-02-22,,20166,20166,190,Estudiante
3561,252126973,Concepcion,Coronel,20051,L2,V1,2026-02-22 11:36:12,2026-02-22 12:29:00,CC→CW,2026-02-22,,20051,20049,290,Estudiante
3562,252129838,Cristo Redentor,Costa Mar,20062,L2,V1,2026-02-22 13:29:43,2026-02-22 14:19:30,CW→CC,2026-02-22,,20062,20062,210,Estudiante
3563,252129838,Costa Mar,Cristo Redentor,20161,L2,V1,2026-02-22 18:12:33,2026-02-22 19:09:29,CC→CW,2026-02-22,,20161,20161,210,Estudiante
3564,252147884,Cristo Redentor,Laguna Quinenco,20067,L2,V1,2026-02-22 16:05:10,2026-02-22 16:12:38,CC→CW,2026-02-22,,20067,20067,150,Estudiante
3565,252148490,Concepcion,Lomas Coloradas,20167,L2,V1,2026-02-22 19:44:05,2026-02-22 20:25:05,CC→CW,2026-02-22,,20167,20167,190,Estudiante
3566,252148650,Cdal. Raul Silva Henriquez,Diagonal Bio Bio,20066,L2,V1,2026-02-22 14:54:08,2026-02-22 15:13:27,CW→CC,2026-02-22,,20066,20066,170,Estudiante
3567,252148669,Hito Galvarino,Cdal. Raul Silva Henriquez,20068,L2,V1,2026-02-22 15:42:00,2026-02-22 16:01:43,CW→CC,2026-02-22,,20068,20068,200,Estudiante
3568,252149387,Concepcion,El Parque,20035,L2,V1,2026-02-22 09:51:38,2026-02-22 10:22:12,CC→CW,2026-02-22,,20035,20035,190,Estudiante
3569,252149387,El Parque,Concepcion,,,N/A,2026-02-22 20:35:40,2026-02-22 21:03:52,,2026-02-22,sin_combo_factible_en_hub|sin_s1_factible_retro,,,190,Estudiante
3570,252149399,Concepcion,Juan Pablo II,20035,L2,V1,2026-02-22 09:41:51,2026-02-22 10:36:29,CC→CW,2026-02-22,combo_por_entrada,20035,20850,200,Estudiante
3571,252149399,Concepcion,Chiguayante,20847,L1,V1,2026-02-22 20:20:34,2026-02-22 20:40:38,TH→HQ,2026-02-22,,20847,20847,170,Estudiante
3572,252150146,Cdal. Raul Silva Henriquez,Diagonal Bio Bio,20162,L2,V1,2026-02-22 18:34:49,2026-02-22 18:50:47,CW→CC,2026-02-22,,20162,20162,170,Estudiante
3573,252150225,Concepcion,Laguna Quinenco,20049,L2,V1,2026-02-22 11:03:22,2026-02-22 12:10:35,CC→CW,2026-02-22,,20049,20049,290,Estudiante
3574,252150225,Laguna Quinenco,Coronel,20053,L2,V1,2026-02-22 12:46:58,2026-02-22 12:53:43,CC→CW,2026-02-22,,20053,20053,150,Estudiante
3575,252150225,Laguna Quinenco,Concepcion,20166,L2,V1,2026-02-22 19:11:45,2026-02-22 20:00:08,CW→CC,2026-02-22,,20166,20166,290,Estudiante
3576,252150589,Concepcion,Hito Galvarino,20063,L2,V1,2026-02-22 13:23:32,2026-02-22 15:07:14,CC→CW,2026-02-22,,20063,20059,280,Estudiante
3577,252151193,Concepcion,Coronel,20163,L2,V1,2026-02-22 18:58:32,2026-02-22 19:46:39,CC→CW,2026-02-22,,20163,20163,290,Estudiante
3578,252151615,Los Condores,La Leonera,20847,L1,V1,2026-02-22 20:10:41,2026-02-22 20:48:16,TH→HQ,2026-02-22,,20847,20847,180,Estudiante
3579,252151632,Mercado,Los Condores,20847,L1,V1,2026-02-22 19:58:21,2026-02-22 20:12:40,TH→HQ,2026-02-22,,20847,20847,160,Estudiante
3580,252151824,Cristo Redentor,Concepcion,20058,L2,V1,2026-02-22 12:35:27,2026-02-22 13:16:03,CW→CC,2026-02-22,,20058,20058,280,Estudiante
3581,252151824,Concepcion,Concepcion,,,N/A,2026-02-22 13:36:25,2026-02-22 13:38:47,,2026-02-22,no viajo,,,140,Estudiante
3582,252151824,Concepcion,Cristo Redentor,20163,L2,V1,2026-02-22 18:59:52,2026-02-22 19:41:01,CC→CW,2026-02-22,,20163,20163,280,Estudiante
3583,252164560,Concepcion,Los Canelos,20067,L2,V1,2026-02-22 15:20:04,2026-02-22 16:04:01,CC→CW,2026-02-22,,20067,20067,280,Estudiante
3584,252169747,Cdal. Raul Silva Henriquez,Juan Pablo II,20076,L2,V1,2026-02-22 17:03:25,2026-02-22 17:21:34,CW→CC,2026-02-22,,20076,20076,170,Estudiante
3585,252169747,Concepcion,Cdal. Raul Silva Henriquez,20171,L2,V1,2026-02-22 20:57:05,2026-02-22 21:37:54,CC→CW,2026-02-22,,20171,20171,190,Estudiante
3586,252170837,Lomas Coloradas,El Parque,20066,L2,V1,2026-02-22 14:50:20,2026-02-22 15:21:42,CW→CC,2026-02-22,,20066,20066,140,Estudiante
3587,252190479,Lomas Coloradas,Concepcion,20062,L2,V1,2026-02-22 14:03:05,2026-02-22 14:34:19,CW→CC,2026-02-22,,20062,20062,190,Estudiante
3588,252196653,Coronel,Cdal. Raul Silva Henriquez,20044,L2,V1,2026-02-22 10:03:58,2026-02-22 10:25:15,CW→CC,2026-02-22,,20044,20044,220,Estudiante
3589,252198600,Concepcion,Cdal. Raul Silva Henriquez,20167,L2,V1,2026-02-22 19:55:18,2026-02-22 20:29:51,CC→CW,2026-02-22,,20167,20167,190,Estudiante
3590,252203642,Concepcion,Cristo Redentor,20053,L2,V1,2026-02-22 12:02:20,2026-02-22 12:47:20,CC→CW,2026-02-22,,20053,20053,280,Estudiante
3591,252203642,Cristo Redentor,Concepcion,20076,L2,V1,2026-02-22 16:47:59,2026-02-22 17:28:50,CW→CC,2026-02-22,,20076,20076,280,Estudiante
3592,252207677,Concepcion,Huinca,20069,L2,V1,2026-02-22 16:31:44,2026-02-22 17:21:59,CC→CW,2026-02-22,,20069,20069,280,Estudiante
3593,252217263,Cdal. Raul Silva Henriquez,Concepcion,,,N/A,2026-02-22 18:30:26,2026-02-22 18:43:05,,2026-02-22,sin_combo_factible_en_hub|sin_s1_factible_retro,,,190,Estudiante
3594,252219181,Laguna Quinenco,El Parque,20066,L2,V1,2026-02-22 14:40:51,2026-02-22 15:07:55,CW→CC,2026-02-22,,20066,20066,220,Estudiante
3595,252219181,El Parque,Concepcion,20068,L2,V1,2026-02-22 16:00:56,2026-02-22 16:24:37,CW→CC,2026-02-22,,20068,20068,190,Estudiante
3596,252221613,Coronel,El Parque,20066,L2,V1,2026-02-22 14:28:11,2026-02-22 15:08:02,CW→CC,2026-02-22,,20066,20066,220,Estudiante
3597,252221613,El Parque,Laguna Quinenco,20157,L2,V1,2026-02-22 17:16:14,2026-02-22 18:11:47,CC→CW,2026-02-22,,20157,20157,220,Estudiante
3598,252234417,Hito Galvarino,El Parque,20156,L2,V1,2026-02-22 09:28:51,2026-02-22 09:45:02,CW→CC,2026-02-22,,20156,20156,200,Estudiante
3599,252235653,Hito Galvarino,Diagonal Bio Bio,20062,L2,V1,2026-02-22 13:49:40,2026-02-22 14:23:57,CW→CC,2026-02-22,,20062,20062,220,Estudiante
3600,252235653,Juan Pablo II,Hito Galvarino,20157,L2,V1,2026-02-22 17:37:28,2026-02-22 18:01:24,CC→CW,2026-02-22,,20157,20157,220,Estudiante
3601,252235709,Concepcion,Los Canelos,20157,L2,V1,2026-02-22 17:27:30,2026-02-22 18:04:25,CC→CW,2026-02-22,,20157,20157,280,Estudiante
3602,252249988,Los Canelos,Juan Pablo II,20160,L2,V1,2026-02-22 17:27:08,2026-02-22 18:22:14,CW→CC,2026-02-22,,20160,20160,220,Estudiante
3603,252249988,Juan Pablo II,Cdal. Raul Silva Henriquez,20171,L2,V1,2026-02-22 20:49:37,2026-02-22 21:38:50,CC→CW,2026-02-22,,20171,20171,170,Estudiante
3604,252250243,Cdal. Raul Silva Henriquez,Diagonal Bio Bio,20162,L2,V1,2026-02-22 18:34:50,2026-02-22 18:50:48,CW→CC,2026-02-22,,20162,20162,170,Estudiante
3605,252250537,Cdal. Raul Silva Henriquez,Cristo Redentor,20053,L2,V1,2026-02-22 12:33:12,2026-02-22 12:47:31,CC→CW,2026-02-22,,20053,20053,210,Estudiante
3606,252264711,Cristo Redentor,Concepcion,20056,L2,V1,2026-02-22 12:18:14,2026-02-22 13:03:56,CW→CC,2026-02-22,,20056,20056,280,Estudiante
3607,252264728,Laguna Quinenco,Hito Galvarino,20076,L2,V1,2026-02-22 16:15:50,2026-02-22 16:59:04,CW→CC,2026-02-22,,20076,20076,180,Estudiante
3608,252264912,Lomas Coloradas,Concepcion,20052,L2,V1,2026-02-22 11:35:24,2026-02-22 12:03:30,CW→CC,2026-02-22,,20052,20052,190,Estudiante
3609,252264912,Concepcion,Lomas Coloradas,20157,L2,V1,2026-02-22 17:18:16,2026-02-22 17:51:21,CC→CW,2026-02-22,,20157,20157,190,Estudiante
3610,252265912,Concepcion,Cdal. Raul Silva Henriquez,20171,L2,V1,2026-02-22 20:47:24,2026-02-22 21:35:15,CC→CW,2026-02-22,,20171,20171,190,Estudiante
3611,252266277,Lomas Coloradas,Juan Pablo II,20052,L2,V1,2026-02-22 11:40:13,2026-02-22 11:55:14,CW→CC,2026-02-22,,20052,20052,170,Estudiante
3612,252266277,Juan Pablo II,Lomas Coloradas,20161,L2,V1,2026-02-22 18:27:02,2026-02-22 18:49:55,CC→CW,2026-02-22,,20161,20161,170,Estudiante
3613,252266419,El Parque,Concepcion,20068,L2,V1,2026-02-22 15:44:19,2026-02-22 16:27:07,CW→CC,2026-02-22,,20068,20068,190,Estudiante
3614,252266492,Cdal. Raul Silva Henriquez,Huinca,20051,L2,V1,2026-02-22 12:04:55,2026-02-22 12:20:56,CC→CW,2026-02-22,,20051,20051,210,Estudiante
3615,252266492,Huinca,Concepcion,20058,L2,V1,2026-02-22 12:38:09,2026-02-22 13:15:44,CW→CC,2026-02-22,,20058,20058,280,Estudiante
3616,252266810,Concepcion,Cristo Redentor,20069,L2,V1,2026-02-22 16:05:47,2026-02-22 17:25:09,CC→CW,2026-02-22,combo_por_entrada,20069,20069,290,Estudiante
3617,252266810,Cristo Redentor,El Parque,20160,L2,V1,2026-02-22 17:35:25,2026-02-22 18:11:00,CW→CC,2026-02-22,,20160,20160,210,Estudiante
3618,252266810,Costa Mar,Concepcion,20166,L2,V1,2026-02-22 19:30:58,2026-02-22 20:00:44,CW→CC,2026-02-22,,20166,20166,190,Estudiante
3619,252275258,Coronel,Concepcion,20076,L2,V1,2026-02-22 16:35:11,2026-02-22 17:32:01,CW→CC,2026-02-22,,20076,20076,290,Estudiante
3620,252277112,Lomas Coloradas,Cristo Redentor,20153,L2,V1,2026-02-22 09:29:31,2026-02-22 09:56:59,CC→CW,2026-02-22,,20153,20153,210,Estudiante
3621,252277138,Juan Pablo II,Los Canelos,20053,L2,V1,2026-02-22 11:57:56,2026-02-22 12:43:04,CC→CW,2026-02-22,,20053,20051,220,Estudiante
3622,252277138,Los Canelos,Coronel,20069,L2,V1,2026-02-22 17:06:29,2026-02-22 17:30:32,CC→CW,2026-02-22,,20069,20069,180,Estudiante
3623,252277456,Laguna Quinenco,Costa Mar,20156,L2,V1,2026-02-22 09:18:58,2026-02-22 09:46:51,CW→CC,2026-02-22,,20156,20156,220,Estudiante
3624,252277456,Costa Mar,Cdal. Raul Silva Henriquez,20171,L2,V1,2026-02-22 21:16:10,2026-02-22 21:59:27,CC→CW,2026-02-22,,20171,20171,140,Estudiante
3625,252279362,Concepcion,Concepcion,,,N/A,2026-02-22 18:02:57,2026-02-22 18:05:10,,2026-02-22,no viajo,,,140,Estudiante
3626,252279362,Concepcion,Laguna Quinenco,20161,L2,V1,2026-02-22 18:05:14,2026-02-22 19:11:31,CC→CW,2026-02-22,,20161,20161,290,Estudiante
3627,252280301,Concepcion,Lomas Coloradas,20171,L2,V1,2026-02-22 20:14:18,2026-02-22 21:31:08,CC→CW,2026-02-22,,20171,20171,190,Estudiante
3628,252286001,Cdal. Raul Silva Henriquez,Costa Mar,20160,L2,V1,2026-02-22 17:44:34,2026-02-22 18:13:05,CW→CC,2026-02-22,,20160,20160,140,Estudiante
3629,252286001,Costa Mar,Cdal. Raul Silva Henriquez,20167,L2,V1,2026-02-22 20:02:40,2026-02-22 20:28:03,CC→CW,2026-02-22,,20167,20167,140,Estudiante
3630,252286363,Los Canelos,El Parque,20152,L2,V1,2026-02-22 08:40:27,2026-02-22 08:59:38,CW→CC,2026-02-22,,20152,20152,200,Estudiante
3631,252286363,El Parque,Cdal. Raul Silva Henriquez,20167,L2,V1,2026-02-22 20:12:19,2026-02-22 20:29:42,CC→CW,2026-02-22,,20167,20167,140,Estudiante
3632,252298467,Concepcion,Diagonal Bio Bio,20059,L2,V1,2026-02-22 12:32:23,2026-02-22 13:30:14,CC→CW,2026-02-22,combo_por_entrada,20059,20059,190,Estudiante
3633,252298672,Cristo Redentor,Concepcion,20056,L2,V1,2026-02-22 12:08:33,2026-02-22 13:04:13,CW→CC,2026-02-22,,20056,20056,280,Estudiante
3634,252299273,Concepcion,Cristo Redentor,20067,L2,V1,2026-02-22 14:52:22,2026-02-22 16:08:07,CC→CW,2026-02-22,,20067,20067,280,Estudiante
3635,252323871,Los Canelos,Costa Mar,20152,L2,V1,2026-02-22 08:32:32,2026-02-22 09:02:28,CW→CC,2026-02-22,,20152,20152,200,Estudiante
3636,252323934,Los Canelos,Concepcion,20058,L2,V1,2026-02-22 12:33:48,2026-02-22 13:16:27,CW→CC,2026-02-22,,20058,20056,280,Estudiante
3637,252326946,Concepcion,Los Condores,20846,L1,V1,2026-02-22 16:55:12,2026-02-22 17:48:16,HQ→TH,2026-02-22,combo_por_entrada,20846,20846,290,Estudiante
3638,252327128,Cristo Redentor,Concepcion,20058,L2,V1,2026-02-22 12:29:30,2026-02-22 13:19:14,CW→CC,2026-02-22,,20058,20056,280,Estudiante
3639,252327888,Cdal. Raul Silva Henriquez,Laguna Quinenco,20149,L2,V1,2026-02-22 08:46:40,2026-02-22 09:12:16,CC→CW,2026-02-22,,20149,20149,220,Estudiante
3640,252328478,Concepcion,Laguna Quinenco,20157,L2,V1,2026-02-22 16:54:03,2026-02-22 18:11:15,CC→CW,2026-02-22,,20157,20157,290,Estudiante
3641,252335246,Lomas Coloradas,Concepcion,20066,L2,V1,2026-02-22 14:59:38,2026-02-22 15:23:50,CW→CC,2026-02-22,,20066,20066,190,Estudiante
3642,252335246,Concepcion,Lomas Coloradas,20161,L2,V1,2026-02-22 18:13:32,2026-02-22 18:50:17,CC→CW,2026-02-22,,20161,20161,190,Estudiante
3643,252337996,Concepcion,Coronel,20069,L2,V1,2026-02-22 16:30:34,2026-02-22 17:29:41,CC→CW,2026-02-22,,20069,20069,290,Estudiante
3644,252338729,Laguna Quinenco,Coronel,20035,L2,V1,2026-02-22 10:42:28,2026-02-22 10:48:22,CC→CW,2026-02-22,,20035,20035,150,Estudiante
3645,252340157,Concepcion,Lomas Coloradas,20049,L2,V1,2026-02-22 10:45:03,2026-02-22 11:51:28,CC→CW,2026-02-22,,20049,20049,190,Estudiante
3646,252342472,Concepcion,UTF Santa Maria,20846,L1,V1,2026-02-22 17:11:27,2026-02-22 17:44:19,HQ→TH,2026-02-22,,20846,20846,170,Estudiante
3647,252344752,Concepcion,Cdal. Raul Silva Henriquez,20167,L2,V1,2026-02-22 19:55:32,2026-02-22 20:30:31,CC→CW,2026-02-22,,20167,20167,190,Estudiante
3648,252367130,Cristo Redentor,Lomas Coloradas,20056,L2,V1,2026-02-22 12:22:21,2026-02-22 12:41:56,CW→CC,2026-02-22,,20056,20056,210,Estudiante
3649,252367130,Lomas Coloradas,Cristo Redentor,20161,L2,V1,2026-02-22 18:37:08,2026-02-22 19:09:33,CC→CW,2026-02-22,,20161,20161,210,Estudiante
3650,252367161,Concepcion,Laguna Quinenco,20041,L2,V1,2026-02-22 10:13:15,2026-02-22 11:09:47,CC→CW,2026-02-22,,20041,20041,290,Estudiante
3651,252367161,Laguna Quinenco,Hito Galvarino,20062,L2,V1,2026-02-22 13:48:41,2026-02-22 14:03:53,CW→CC,2026-02-22,,20062,20062,180,Estudiante
3652,252367161,Laguna Quinenco,Concepcion,20160,L2,V1,2026-02-22 17:36:47,2026-02-22 18:28:24,CW→CC,2026-02-22,,20160,20160,290,Estudiante
3653,252367266,Los Canelos,Laguna Quinenco,20067,L2,V1,2026-02-22 15:54:15,2026-02-22 16:11:40,CC→CW,2026-02-22,,20067,20067,180,Estudiante
3654,252367266,Laguna Quinenco,Los Canelos,20166,L2,V1,2026-02-22 18:39:34,2026-02-22 19:26:46,CW→CC,2026-02-22,,20166,20166,180,Estudiante
3655,252368029,Laguna Quinenco,Concepcion,20066,L2,V1,2026-02-22 14:09:11,2026-02-22 15:24:03,CW→CC,2026-02-22,,20066,20066,290,Estudiante
3656,252368738,Cdal. Raul Silva Henriquez,Cristo Redentor,20053,L2,V1,2026-02-22 12:24:29,2026-02-22 12:47:23,CC→CW,2026-02-22,,20053,20053,210,Estudiante
3657,252368835,Hito Galvarino,Laguna Quinenco,20063,L2,V1,2026-02-22 14:51:13,2026-02-22 15:18:08,CC→CW,2026-02-22,,20063,20063,180,Estudiante
3658,252369466,El Parque,Concepcion,20162,L2,V1,2026-02-22 18:35:13,2026-02-22 19:00:02,CW→CC,2026-02-22,,20162,20162,190,Estudiante
3659,252371035,Lomas Coloradas,Concepcion,20062,L2,V1,2026-02-22 14:11:48,2026-02-22 14:33:44,CW→CC,2026-02-22,,20062,20062,190,Estudiante
3660,252371449,Cristo Redentor,Laguna Quinenco,20067,L2,V1,2026-02-22 16:06:12,2026-02-22 16:11:10,CC→CW,2026-02-22,,20067,20067,150,Estudiante
3661,252371889,Coronel,Cdal. Raul Silva Henriquez,20066,L2,V1,2026-02-22 14:17:03,2026-02-22 15:01:03,CW→CC,2026-02-22,,20066,20066,220,Estudiante
3662,252371889,Costa Mar,Cdal. Raul Silva Henriquez,20069,L2,V1,2026-02-22 16:59:18,2026-02-22 17:09:39,CC→CW,2026-02-22,,20069,20069,140,Estudiante
3663,252371940,Concepcion,Costa Mar,20167,L2,V1,2026-02-22 19:52:31,2026-02-22 20:18:01,CC→CW,2026-02-22,,20167,20167,190,Estudiante
3664,252371948,Concepcion,Lomas Coloradas,20059,L2,V1,2026-02-22 13:00:51,2026-02-22 13:41:11,CC→CW,2026-02-22,,20059,20059,190,Estudiante
3665,252371976,Cristo Redentor,Laguna Quinenco,20059,L2,V1,2026-02-22 13:38:57,2026-02-22 14:01:49,CC→CW,2026-02-22,,20059,20059,150,Estudiante
3666,252371976,Laguna Quinenco,Concepcion,20066,L2,V1,2026-02-22 14:35:56,2026-02-22 15:26:40,CW→CC,2026-02-22,,20066,20066,290,Estudiante
3667,252371976,Chiguayante,Concepcion,20846,L1,V1,2026-02-22 17:10:40,2026-02-22 17:35:01,HQ→TH,2026-02-22,,20846,20846,170,Estudiante
3668,252371976,Concepcion,Coronel,20161,L2,V1,2026-02-22 18:18:28,2026-02-22 19:14:39,CC→CW,2026-02-22,,20161,20161,290,Estudiante
3669,252372036,Laguna Quinenco,Concepcion,20066,L2,V1,2026-02-22 14:38:50,2026-02-22 15:25:46,CW→CC,2026-02-22,,20066,20066,290,Estudiante
3670,252372104,El Parque,Concepcion,20068,L2,V1,2026-02-22 15:44:32,2026-02-22 16:27:03,CW→CC,2026-02-22,,20068,20068,190,Estudiante
3671,252372182,Cristo Redentor,Hito Galvarino,20066,L2,V1,2026-02-22 14:38:13,2026-02-22 14:54:11,CW→CC,2026-02-22,,20066,20066,150,Estudiante
3672,252372182,Hito Galvarino,Cristo Redentor,20067,L2,V1,2026-02-22 15:54:36,2026-02-22 16:08:03,CC→CW,2026-02-22,,20067,20067,150,Estudiante
3673,252372402,Concepcion,Coronel,20059,L2,V1,2026-02-22 13:03:21,2026-02-22 14:05:24,CC→CW,2026-02-22,,20059,20059,290,Estudiante
3674,252372670,Huinca,Los Canelos,20068,L2,V1,2026-02-22 15:46:05,2026-02-22 15:51:46,CW→CC,2026-02-22,,20068,20068,150,Estudiante
3675,252373130,Lomas Coloradas,El Parque,20066,L2,V1,2026-02-22 14:48:29,2026-02-22 15:07:30,CW→CC,2026-02-22,,20066,20066,140,Estudiante
3676,252373130,Costa Mar,Lomas Coloradas,20161,L2,V1,2026-02-22 18:33:41,2026-02-22 18:49:55,CC→CW,2026-02-22,,20161,20161,140,Estudiante
3677,252373392,Lomas Coloradas,Cristo Redentor,20049,L2,V1,2026-02-22 11:50:31,2026-02-22 12:07:56,CC→CW,2026-02-22,,20049,20049,210,Estudiante
3678,252373392,Cristo Redentor,Lomas Coloradas,20166,L2,V1,2026-02-22 19:14:18,2026-02-22 19:41:51,CW→CC,2026-02-22,,20166,20166,210,Estudiante
3679,252373983,Costa Mar,Concepcion,20052,L2,V1,2026-02-22 11:45:09,2026-02-22 12:03:06,CW→CC,2026-02-22,,20052,20052,190,Estudiante
3680,252374557,Cdal. Raul Silva Henriquez,Concepcion,20068,L2,V1,2026-02-22 15:47:03,2026-02-22 16:25:35,CW→CC,2026-02-22,,20068,20068,190,Estudiante
3681,252375064,Costa Mar,Concepcion,20162,L2,V1,2026-02-22 18:33:19,2026-02-22 19:00:37,CW→CC,2026-02-22,,20162,20162,190,Estudiante
3682,252375196,Laguna Quinenco,Concepcion,20068,L2,V1,2026-02-22 15:37:42,2026-02-22 16:25:48,CW→CC,2026-02-22,,20068,20068,290,Estudiante
3683,252375487,Laguna Quinenco,El Parque,20040,L2,V1,2026-02-22 09:40:26,2026-02-22 10:05:42,CW→CC,2026-02-22,,20040,20040,220,Estudiante
3684,252375487,El Parque,Cdal. Raul Silva Henriquez,20167,L2,V1,2026-02-22 20:13:02,2026-02-22 20:32:00,CC→CW,2026-02-22,,20167,20167,140,Estudiante
3685,252375846,Costa Mar,Concepcion,20066,L2,V1,2026-02-22 14:49:33,2026-02-22 15:25:23,CW→CC,2026-02-22,,20066,20066,190,Estudiante
3686,252375846,Concepcion,Costa Mar,20163,L2,V1,2026-02-22 18:40:07,2026-02-22 19:18:27,CC→CW,2026-02-22,,20163,20163,190,Estudiante
3687,252384858,Los Canelos,Diagonal Bio Bio,20058,L2,V1,2026-02-22 12:39:30,2026-02-22 13:05:37,CW→CC,2026-02-22,,20058,20058,220,Estudiante
3688,252388769,Laguna Quinenco,Juan Pablo II,20152,L2,V1,2026-02-22 08:33:21,2026-02-22 09:09:19,CW→CC,2026-02-22,,20152,20152,260,Estudiante
3689,252388769,Juan Pablo II,Cdal. Raul Silva Henriquez,20171,L2,V1,2026-02-22 21:03:37,2026-02-22 21:35:35,CC→CW,2026-02-22,,20171,20171,170,Estudiante
3690,252389524,Concepcion,Hualqui,20847,L1,V1,2026-02-22 20:11:08,2026-02-22 21:02:12,TH→HQ,2026-02-22,,20847,20847,180,Estudiante
3691,252390621,Lomas Coloradas,Hito Galvarino,20069,L2,V1,2026-02-22 16:59:50,2026-02-22 17:15:30,CC→CW,2026-02-22,,20069,20069,200,Estudiante
3692,252391171,Coronel,Hito Galvarino,20062,L2,V1,2026-02-22 13:32:37,2026-02-22 14:03:32,CW→CC,2026-02-22,,20062,20062,180,Estudiante
3693,252391633,Lomas Coloradas,Cristo Redentor,20157,L2,V1,2026-02-22 17:47:12,2026-02-22 18:08:41,CC→CW,2026-02-22,,20157,20157,210,Estudiante
3694,252392040,Laguna Quinenco,Concepcion,20056,L2,V1,2026-02-22 12:17:31,2026-02-22 13:04:47,CW→CC,2026-02-22,,20056,20056,290,Estudiante
3695,252392040,Concepcion,Laguna Quinenco,20163,L2,V1,2026-02-22 18:54:03,2026-02-22 19:44:33,CC→CW,2026-02-22,,20163,20163,290,Estudiante
3696,252392148,El Parque,Laguna Quinenco,20149,L2,V1,2026-02-22 08:48:51,2026-02-22 09:12:20,CC→CW,2026-02-22,,20149,20149,220,Estudiante
3697,252392148,Laguna Quinenco,Concepcion,20052,L2,V1,2026-02-22 11:09:03,2026-02-22 12:03:16,CW→CC,2026-02-22,,20052,20052,290,Estudiante
3698,252392148,Concepcion,El Parque,20069,L2,V1,2026-02-22 16:16:06,2026-02-22 17:02:33,CC→CW,2026-02-22,,20069,20069,190,Estudiante
3699,252392290,Cdal. Raul Silva Henriquez,Cristo Redentor,20035,L2,V1,2026-02-22 10:14:24,2026-02-22 10:41:42,CC→CW,2026-02-22,,20035,20035,210,Estudiante
3700,252392423,Lomas Coloradas,Concepcion,20156,L2,V1,2026-02-22 09:40:02,2026-02-22 10:02:50,CW→CC,2026-02-22,,20156,20156,190,Estudiante
3701,252405152,Diagonal Bio Bio,Laguna Quinenco,20157,L2,V1,2026-02-22 17:36:31,2026-02-22 18:11:41,CC→CW,2026-02-22,,20157,20157,260,Estudiante
3702,252405290,Cdal. Raul Silva Henriquez,Concepcion,20040,L2,V1,2026-02-22 09:54:06,2026-02-22 10:22:59,CW→CC,2026-02-22,,20040,20040,190,Estudiante
3703,252405290,Concepcion,Cdal. Raul Silva Henriquez,20069,L2,V1,2026-02-22 16:27:30,2026-02-22 17:09:07,CC→CW,2026-02-22,,20069,20069,190,Estudiante
3704,252405313,Cristo Redentor,Los Canelos,20068,L2,V1,2026-02-22 15:38:53,2026-02-22 15:51:07,CW→CC,2026-02-22,,20068,20068,150,Estudiante
3705,252405848,Lomas Coloradas,Concepcion,20040,L2,V1,2026-02-22 09:45:23,2026-02-22 10:22:14,CW→CC,2026-02-22,,20040,20156,190,Estudiante
3706,252406236,Alborada,Cdal. Raul Silva Henriquez,20157,L2,V1,2026-02-22 17:37:58,2026-02-22 17:54:12,CC→CW,2026-02-22,,20157,20157,170,Estudiante
3707,252406589,Lomas Coloradas,Concepcion,20156,L2,V1,2026-02-22 09:35:48,2026-02-22 10:02:53,CW→CC,2026-02-22,,20156,20156,190,Estudiante
3708,252406682,Huinca,Concepcion,20152,L2,V1,2026-02-22 08:36:13,2026-02-22 09:16:46,CW→CC,2026-02-22,,20152,20152,280,Estudiante
3709,252406685,Cristo Redentor,Diagonal Bio Bio,20162,L2,V1,2026-02-22 18:16:30,2026-02-22 18:50:18,CW→CC,2026-02-22,,20162,20162,230,Estudiante
3710,252406802,Concepcion,Cristo Redentor,20161,L2,V1,2026-02-22 18:31:34,2026-02-22 19:41:05,CC→CW,2026-02-22,,20161,20161,280,Estudiante
3711,252414278,Concepcion,Laguna Quinenco,20069,L2,V1,2026-02-22 16:22:32,2026-02-22 17:26:37,CC→CW,2026-02-22,,20069,20069,290,Estudiante
3712,252420098,Coronel,Concepcion,20076,L2,V1,2026-02-22 16:42:30,2026-02-22 17:29:21,CW→CC,2026-02-22,,20076,20076,290,Estudiante
3713,252420207,Cristo Redentor,Concepcion,,,N/A,2026-02-22 14:30:57,2026-02-22 15:06:25,,2026-02-22,sin_combo_factible_en_hub|sin_s1_factible_retro,,,280,Estudiante
3714,252420207,Concepcion,Cristo Redentor,20157,L2,V1,2026-02-22 17:02:50,2026-02-22 18:08:45,CC→CW,2026-02-22,,20157,20157,280,Estudiante
3715,252420257,Cristo Redentor,Concepcion,20058,L2,V1,2026-02-22 12:35:28,2026-02-22 13:16:07,CW→CC,2026-02-22,,20058,20058,280,Estudiante
3716,252420257,Concepcion,Cristo Redentor,20163,L2,V1,2026-02-22 18:59:49,2026-02-22 19:40:54,CC→CW,2026-02-22,,20163,20163,280,Estudiante
3717,252427088,Los Canelos,Concepcion,20152,L2,V1,2026-02-22 08:39:47,2026-02-22 09:16:19,CW→CC,2026-02-22,,20152,20152,280,Estudiante
3718,252427088,Concepcion,Los Canelos,20067,L2,V1,2026-02-22 14:56:30,2026-02-22 16:04:11,CC→CW,2026-02-22,,20067,20067,280,Estudiante
3719,252427207,Cdal. Raul Silva Henriquez,Concepcion,20056,L2,V1,2026-02-22 12:29:33,2026-02-22 13:03:31,CW→CC,2026-02-22,,20056,20056,190,Estudiante
3720,252427210,Cristo Redentor,Juan Pablo II,20052,L2,V1,2026-02-22 11:15:09,2026-02-22 11:55:09,CW→CC,2026-02-22,,20052,20052,230,Estudiante
3721,252427210,Juan Pablo II,Cdal. Raul Silva Henriquez,20171,L2,V1,2026-02-22 21:02:27,2026-02-22 21:51:44,CC→CW,2026-02-22,,20171,20171,170,Estudiante
3722,252427523,Lomas Coloradas,Los Canelos,20069,L2,V1,2026-02-22 16:51:40,2026-02-22 17:19:29,CC→CW,2026-02-22,,20069,20069,200,Estudiante
3723,252427812,Coronel,Hito Galvarino,20160,L2,V1,2026-02-22 17:42:24,2026-02-22 17:57:28,CW→CC,2026-02-22,,20160,20160,180,Estudiante
3724,252431833,Los Canelos,Costa Mar,20068,L2,V1,2026-02-22 15:24:07,2026-02-22 16:10:01,CW→CC,2026-02-22,,20068,20068,200,Estudiante
3725,252431847,Huinca,Concepcion,20050,L2,V1,2026-02-22 10:40:25,2026-02-22 12:04:18,CW→CC,2026-02-22,,20050,20050,280,Estudiante
3726,252431847,Concepcion,Cdal. Raul Silva Henriquez,20167,L2,V1,2026-02-22 19:57:07,2026-02-22 20:30:49,CC→CW,2026-02-22,,20167,20167,190,Estudiante
3727,252432224,Huinca,Costa Mar,20058,L2,V1,2026-02-22 12:31:52,2026-02-22 13:00:11,CW→CC,2026-02-22,,20058,20056,210,Estudiante
3728,252436003,Cdal. Raul Silva Henriquez,Concepcion,20166,L2,V1,2026-02-22 19:32:30,2026-02-22 19:59:25,CW→CC,2026-02-22,,20166,20166,190,Estudiante
3729,252436009,Cristo Redentor,Concepcion,20068,L2,V1,2026-02-22 15:37:15,2026-02-22 16:25:51,CW→CC,2026-02-22,,20068,20068,280,Estudiante
3730,252436009,Concepcion,Cdal. Raul Silva Henriquez,20171,L2,V1,2026-02-22 21:01:20,2026-02-22 21:36:09,CC→CW,2026-02-22,,20171,20171,190,Estudiante
3731,252436050,Huinca,Lomas Coloradas,20160,L2,V1,2026-02-22 17:48:25,2026-02-22 18:07:17,CW→CC,2026-02-22,,20160,20160,210,Estudiante
3732,252436125,Concepcion,Diagonal Bio Bio,20171,L2,V1,2026-02-22 20:41:17,2026-02-22 21:19:38,CC→CW,2026-02-22,,20171,20171,190,Estudiante
3733,252436783,Concepcion,Cdal. Raul Silva Henriquez,20167,L2,V1,2026-02-22 19:49:41,2026-02-22 20:31:49,CC→CW,2026-02-22,,20167,20167,190,Estudiante
3734,252436809,Los Canelos,Concepcion,20062,L2,V1,2026-02-22 13:48:04,2026-02-22 14:32:32,CW→CC,2026-02-22,,20062,20062,280,Estudiante
3735,252441388,Hito Galvarino,Coronel,20149,L2,V1,2026-02-22 08:29:35,2026-02-22 09:15:19,CC→CW,2026-02-22,,20149,20149,180,Estudiante
3736,252444435,Cdal. Raul Silva Henriquez,Costa Mar,20066,L2,V1,2026-02-22 14:52:32,2026-02-22 15:13:57,CW→CC,2026-02-22,,20066,20066,140,Estudiante
3737,252445950,Concepcion,Lomas Coloradas,20171,L2,V1,2026-02-22 20:14:31,2026-02-22 21:33:03,CC→CW,2026-02-22,,20171,20171,190,Estudiante
3738,252446159,Concepcion,Los Canelos,20161,L2,V1,2026-02-22 17:14:33,2026-02-22 19:03:55,CC→CW,2026-02-22,combo_relajado_pase1,20161,20846,300,Estudiante
3739,252451234,Cdal. Raul Silva Henriquez,Concepcion,20156,L2,V1,2026-02-22 09:36:04,2026-02-22 10:04:19,CW→CC,2026-02-22,,20156,20156,190,Estudiante
3740,252451692,Laguna Quinenco,Los Canelos,20076,L2,V1,2026-02-22 16:39:21,2026-02-22 16:55:34,CW→CC,2026-02-22,,20076,20076,180,Estudiante
3741,252452361,Coronel,Huinca,20066,L2,V1,2026-02-22 14:31:57,2026-02-22 14:48:53,CW→CC,2026-02-22,,20066,20066,150,Estudiante
3742,252452746,Los Canelos,Laguna Quinenco,20067,L2,V1,2026-02-22 15:56:15,2026-02-22 16:11:14,CC→CW,2026-02-22,,20067,20067,180,Estudiante
3743,252452746,Laguna Quinenco,Cristo Redentor,20162,L2,V1,2026-02-22 17:57:32,2026-02-22 18:24:31,CW→CC,2026-02-22,,20162,20162,150,Estudiante
3744,252453750,Alborada,Concepcion,20170,L2,V1,2026-02-22 20:39:30,2026-02-22 21:03:04,CW→CC,2026-02-22,,20170,20170,190,Estudiante
3745,252453757,Hito Galvarino,Costa Mar,20050,L2,V1,2026-02-22 10:58:54,2026-02-22 11:24:25,CW→CC,2026-02-22,,20050,20050,200,Estudiante
3746,252453757,Costa Mar,Hito Galvarino,20069,L2,V1,2026-02-22 16:58:43,2026-02-22 17:15:29,CC→CW,2026-02-22,,20069,20069,200,Estudiante
3747,252459585,Diagonal Bio Bio,Cristo Redentor,20153,L2,V1,2026-02-22 09:12:46,2026-02-22 09:56:42,CC→CW,2026-02-22,,20153,20153,230,Estudiante
3748,252459784,Coronel,Concepcion,20050,L2,V1,2026-02-22 10:40:52,2026-02-22 11:40:16,CW→CC,2026-02-22,,20050,20050,290,Estudiante
3749,252459784,Concepcion,Cdal. Raul Silva Henriquez,20167,L2,V1,2026-02-22 19:51:11,2026-02-22 20:31:32,CC→CW,2026-02-22,,20167,20167,190,Estudiante
3750,252460362,Concepcion,Cristo Redentor,20161,L2,V1,2026-02-22 17:57:24,2026-02-22 19:09:16,CC→CW,2026-02-22,,20161,20161,280,Estudiante
3751,252460454,Coronel,Concepcion,20050,L2,V1,2026-02-22 10:44:19,2026-02-22 11:40:49,CW→CC,2026-02-22,,20050,20050,290,Estudiante
3752,252460454,Concepcion,Cdal. Raul Silva Henriquez,20167,L2,V1,2026-02-22 19:34:05,2026-02-22 20:32:16,CC→CW,2026-02-22,,20167,20167,190,Estudiante
3753,252460473,Concepcion,Laguna Quinenco,20041,L2,V1,2026-02-22 10:17:06,2026-02-22 11:09:34,CC→CW,2026-02-22,,20041,20041,290,Estudiante
3754,252460473,Cdal. Raul Silva Henriquez,Concepcion,20162,L2,V1,2026-02-22 18:26:38,2026-02-22 19:02:07,CW→CC,2026-02-22,,20162,20162,190,Estudiante
3755,252460625,Concepcion,Cristo Redentor,20063,L2,V1,2026-02-22 14:27:46,2026-02-22 15:15:18,CC→CW,2026-02-22,,20063,20063,280,Estudiante
3756,252460625,Cristo Redentor,Concepcion,20160,L2,V1,2026-02-22 17:43:58,2026-02-22 18:29:10,CW→CC,2026-02-22,,20160,20160,280,Estudiante
3757,252460669,Lomas Coloradas,Concepcion,20066,L2,V1,2026-02-22 14:59:56,2026-02-22 15:22:58,CW→CC,2026-02-22,,20066,20066,190,Estudiante
3758,252460978,Huinca,Concepcion,20156,L2,V1,2026-02-22 09:26:01,2026-02-22 10:02:41,CW→CC,2026-02-22,,20156,20156,280,Estudiante
3759,252460978,Concepcion,Cdal. Raul Silva Henriquez,20171,L2,V1,2026-02-22 20:52:46,2026-02-22 21:37:09,CC→CW,2026-02-22,,20171,20171,190,Estudiante
3760,252461002,Los Canelos,Cdal. Raul Silva Henriquez,20050,L2,V1,2026-02-22 11:03:31,2026-02-22 11:16:02,CW→CC,2026-02-22,,20050,20050,200,Estudiante
3761,252461021,Los Condores,Concepcion,20859,L1,V1,2026-02-22 12:36:34,2026-02-22 12:54:50,TH→HQ,2026-02-22,,20859,20859,170,Estudiante
3762,252461409,Concepcion,Cristo Redentor,20069,L2,V1,2026-02-22 16:13:23,2026-02-22 17:24:42,CC→CW,2026-02-22,,20069,20069,280,Estudiante
3763,252461562,Laguna Quinenco,Diagonal Bio Bio,20156,L2,V1,2026-02-22 09:19:16,2026-02-22 09:51:12,CW→CC,2026-02-22,,20156,20156,260,Estudiante
3764,252461562,Juan Pablo II,Cdal. Raul Silva Henriquez,20171,L2,V1,2026-02-22 21:07:01,2026-02-22 21:34:33,CC→CW,2026-02-22,,20171,20171,170,Estudiante
3765,252461569,Lomas Coloradas,Concepcion,20066,L2,V1,2026-02-22 14:50:34,2026-02-22 15:23:26,CW→CC,2026-02-22,,20066,20066,190,Estudiante
3766,252461579,Diagonal Bio Bio,Costa Mar,20167,L2,V1,2026-02-22 20:10:51,2026-02-22 20:18:05,CC→CW,2026-02-22,,20167,20167,170,Estudiante
3767,252461591,Hito Galvarino,Concepcion,20052,L2,V1,2026-02-22 11:30:59,2026-02-22 12:05:12,CW→CC,2026-02-22,,20052,20052,280,Estudiante
3768,252461595,Cristo Redentor,Concepcion,20152,L2,V1,2026-02-22 08:38:40,2026-02-22 09:16:03,CW→CC,2026-02-22,,20152,20152,280,Estudiante
3769,252461595,Concepcion,Cdal. Raul Silva Henriquez,20171,L2,V1,2026-02-22 20:41:23,2026-02-22 21:36:13,CC→CW,2026-02-22,,20171,20171,190,Estudiante
3770,252461746,Concepcion,Laguna Quinenco,20153,L2,V1,2026-02-22 08:49:46,2026-02-22 09:59:34,CC→CW,2026-02-22,,20153,20153,290,Estudiante
3771,252461746,Laguna Quinenco,Concepcion,20166,L2,V1,2026-02-22 19:12:22,2026-02-22 19:59:21,CW→CC,2026-02-22,,20166,20166,290,Estudiante
3772,252461763,Alborada,Costa Mar,20053,L2,V1,2026-02-22 12:15:47,2026-02-22 12:27:44,CC→CW,2026-02-22,,20053,20053,170,Estudiante
3773,252462075,Concepcion,Huinca,20157,L2,V1,2026-02-22 17:19:23,2026-02-22 18:07:07,CC→CW,2026-02-22,,20157,20157,280,Estudiante
3774,252471893,Concepcion,Laguna Quinenco,20059,L2,V1,2026-02-22 12:20:36,2026-02-22 14:02:19,CC→CW,2026-02-22,combo_por_entrada,20059,20059,300,Estudiante
3775,252471893,Laguna Quinenco,Concepcion,20162,L2,V1,2026-02-22 17:57:03,2026-02-22 19:01:18,CW→CC,2026-02-22,,20162,20162,290,Estudiante
3776,252472147,Los Canelos,Concepcion,20066,L2,V1,2026-02-22 14:46:47,2026-02-22 15:24:08,CW→CC,2026-02-22,,20066,20066,280,Estudiante
3777,252472209,Los Canelos,Concepcion,,,N/A,2026-02-22 12:39:16,2026-02-22 13:02:18,,2026-02-22,sin_combo_factible_en_hub|sin_s1_factible_retro,,,280,Estudiante
3778,252472244,Cristo Redentor,El Parque,20156,L2,V1,2026-02-22 09:18:02,2026-02-22 09:44:44,CW→CC,2026-02-22,,20156,20156,210,Estudiante
3779,252472244,El Parque,Cdal. Raul Silva Henriquez,20167,L2,V1,2026-02-22 20:13:01,2026-02-22 20:32:03,CC→CW,2026-02-22,,20167,20167,210,Estudiante
3780,252472268,Cdal. Raul Silva Henriquez,Hito Galvarino,20059,L2,V1,2026-02-22 13:37:11,2026-02-22 13:50:43,CC→CW,2026-02-22,,20059,20059,200,Estudiante
3781,252472268,Hito Galvarino,Cdal. Raul Silva Henriquez,20166,L2,V1,2026-02-22 19:30:08,2026-02-22 19:37:58,CW→CC,2026-02-22,,20166,20166,200,Estudiante
3782,252472332,Lomas Coloradas,Costa Mar,20068,L2,V1,2026-02-22 16:02:11,2026-02-22 16:09:30,CW→CC,2026-02-22,,20068,20068,140,Estudiante
3783,252472759,Concepcion,Huinca,20067,L2,V1,2026-02-22 15:15:09,2026-02-22 16:05:22,CC→CW,2026-02-22,,20067,20067,280,Estudiante
3784,252473040,Lomas Coloradas,Huinca,20163,L2,V1,2026-02-22 19:22:35,2026-02-22 19:38:21,CC→CW,2026-02-22,,20163,20163,210,Estudiante
3785,252473415,Cdal. Raul Silva Henriquez,Juan Pablo II,20050,L2,V1,2026-02-22 11:08:26,2026-02-22 11:32:35,CW→CC,2026-02-22,,20050,20050,170,Estudiante
3786,252473415,Juan Pablo II,Cdal. Raul Silva Henriquez,20059,L2,V1,2026-02-22 13:23:00,2026-02-22 13:44:37,CC→CW,2026-02-22,,20059,20059,170,Estudiante
3787,252473645,Lomas Coloradas,Concepcion,,,N/A,2026-02-22 20:34:45,2026-02-22 21:03:45,,2026-02-22,sin_combo_factible_en_hub|sin_s1_factible_retro,,,190,Estudiante
3788,252473649,Lomas Coloradas,Cristo Redentor,20069,L2,V1,2026-02-22 17:00:31,2026-02-22 17:24:14,CC→CW,2026-02-22,,20069,20069,210,Estudiante
3789,252473760,Concepcion,Concepcion,,,N/A,2026-02-22 17:01:13,2026-02-22 17:03:12,,2026-02-22,no viajo,,,140,Estudiante
3790,252473821,Concepcion,Huinca,20157,L2,V1,2026-02-22 17:19:05,2026-02-22 18:06:52,CC→CW,2026-02-22,,20157,20157,280,Estudiante
3791,252474161,Concepcion,Mercado,20844,L1,V1,2026-02-22 12:08:49,2026-02-22 13:28:05,HQ→TH,2026-02-22,,20844,20844,180,Estudiante
3792,252474272,Laguna Quinenco,Juan Pablo II,20058,L2,V1,2026-02-22 12:31:32,2026-02-22 13:08:05,CW→CC,2026-02-22,,20058,20058,260,Estudiante
3793,252474272,Juan Pablo II,Laguna Quinenco,20059,L2,V1,2026-02-22 13:18:31,2026-02-22 14:00:44,CC→CW,2026-02-22,,20059,20059,260,Estudiante
3794,252474811,Costa Mar,Concepcion,,,N/A,2026-02-22 20:46:24,2026-02-22 21:08:24,,2026-02-22,sin_combo_factible_en_hub|sin_s1_factible_retro,,,190,Estudiante
3795,252482638,Huinca,Concepcion,20076,L2,V1,2026-02-22 16:46:55,2026-02-22 17:28:46,CW→CC,2026-02-22,,20076,20076,280,Estudiante
3796,252491444,Hualqui,Concepcion,20846,L1,V1,2026-02-22 16:56:59,2026-02-22 17:35:26,HQ→TH,2026-02-22,,20846,20846,180,Estudiante
3797,252491604,Cristo Redentor,Concepcion,20160,L2,V1,2026-02-22 17:42:58,2026-02-22 18:29:42,CW→CC,2026-02-22,,20160,20160,280,Estudiante
3798,252491702,Laguna Quinenco,El Parque,20156,L2,V1,2026-02-22 09:19:21,2026-02-22 09:44:49,CW→CC,2026-02-22,,20156,20156,220,Estudiante
3799,252491702,El Parque,Coronel,20161,L2,V1,2026-02-22 18:10:52,2026-02-22 19:15:30,CC→CW,2026-02-22,,20161,20161,220,Estudiante
3800,252491748,Concepcion,Cristo Redentor,20157,L2,V1,2026-02-22 17:19:12,2026-02-22 18:09:30,CC→CW,2026-02-22,,20157,20157,280,Estudiante
3801,252491783,Huinca,Concepcion,20062,L2,V1,2026-02-22 13:46:39,2026-02-22 14:32:12,CW→CC,2026-02-22,,20062,20062,280,Estudiante
3802,252491820,Cdal. Raul Silva Henriquez,Concepcion,20156,L2,V1,2026-02-22 09:21:11,2026-02-22 10:02:48,CW→CC,2026-02-22,,20156,20156,190,Estudiante
3803,252491820,Concepcion,Cdal. Raul Silva Henriquez,20167,L2,V1,2026-02-22 19:46:38,2026-02-22 20:27:58,CC→CW,2026-02-22,,20167,20167,190,Estudiante
3804,252491888,Diagonal Bio Bio,Hito Galvarino,20161,L2,V1,2026-02-22 18:41:39,2026-02-22 19:33:07,CC→CW,2026-02-22,,20161,20161,220,Estudiante
3805,252492448,Coronel,Concepcion,20166,L2,V1,2026-02-22 19:12:41,2026-02-22 20:00:50,CW→CC,2026-02-22,,20166,20166,290,Estudiante
3806,252492465,Huinca,El Parque,20044,L2,V1,2026-02-22 10:08:41,2026-02-22 10:31:09,CW→CC,2026-02-22,,20044,20044,210,Estudiante
3807,252492828,Concepcion,Los Canelos,20063,L2,V1,2026-02-22 14:22:29,2026-02-22 15:11:49,CC→CW,2026-02-22,,20063,20063,280,Estudiante
3808,252494072,Concepcion,Cdal. Raul Silva Henriquez,20171,L2,V1,2026-02-22 20:58:52,2026-02-22 21:36:20,CC→CW,2026-02-22,,20171,20171,190,Estudiante
3809,252494086,Costa Mar,Concepcion,20066,L2,V1,2026-02-22 15:02:23,2026-02-22 15:24:11,CW→CC,2026-02-22,,20066,20066,190,Estudiante
3810,252494108,Concepcion,Coronel,20059,L2,V1,2026-02-22 13:03:27,2026-02-22 14:04:52,CC→CW,2026-02-22,,20059,20059,290,Estudiante
3811,252494484,Cristo Redentor,Costa Mar,20044,L2,V1,2026-02-22 10:09:09,2026-02-22 10:33:11,CW→CC,2026-02-22,,20044,20044,210,Estudiante
3812,252499996,Juan Pablo II,Cdal. Raul Silva Henriquez,20167,L2,V1,2026-02-22 19:42:36,2026-02-22 20:29:19,CC→CW,2026-02-22,,20167,20167,170,Estudiante
3813,252500093,Lomas Coloradas,Diagonal Bio Bio,20166,L2,V1,2026-02-22 19:27:11,2026-02-22 19:50:48,CW→CC,2026-02-22,,20166,20166,170,Estudiante
3814,252500093,Diagonal Bio Bio,Lomas Coloradas,20171,L2,V1,2026-02-22 21:12:29,2026-02-22 21:30:52,CC→CW,2026-02-22,,20171,20171,170,Estudiante
3815,252504187,Concepcion,UTF Santa Maria,20848,L1,V1,2026-02-22 20:56:18,2026-02-22 21:15:43,HQ→TH,2026-02-22,,20848,20848,170,Estudiante
3816,252504237,Hualqui,Concepcion,20850,L1,V1,2026-02-22 09:21:56,2026-02-22 10:25:16,HQ→TH,2026-02-22,combo_por_entrada,20850,20035,200,Estudiante
3817,252504453,Concepcion,Huinca,20063,L2,V1,2026-02-22 13:54:29,2026-02-22 15:12:34,CC→CW,2026-02-22,,20063,20063,280,Estudiante
3818,252504453,Huinca,Concepcion,20166,L2,V1,2026-02-22 19:23:23,2026-02-22 19:59:42,CW→CC,2026-02-22,,20166,20166,280,Estudiante
3819,252504772,Concepcion,El Parque,20059,L2,V1,2026-02-22 13:11:33,2026-02-22 13:39:19,CC→CW,2026-02-22,,20059,20059,190,Estudiante
3820,252505193,Hito Galvarino,Cristo Redentor,20161,L2,V1,2026-02-22 18:53:50,2026-02-22 19:09:57,CC→CW,2026-02-22,,20161,20161,150,Estudiante
3821,252505231,Concepcion,Cdal. Raul Silva Henriquez,20167,L2,V1,2026-02-22 19:49:27,2026-02-22 20:28:47,CC→CW,2026-02-22,,20167,20167,190,Estudiante
3822,252507078,Cdal. Raul Silva Henriquez,Concepcion,20050,L2,V1,2026-02-22 11:14:08,2026-02-22 11:40:07,CW→CC,2026-02-22,,20050,20050,190,Estudiante
3823,252507078,Concepcion,Cdal. Raul Silva Henriquez,20063,L2,V1,2026-02-22 14:32:39,2026-02-22 15:01:33,CC→CW,2026-02-22,,20063,20063,190,Estudiante
3824,252508332,Cdal. Raul Silva Henriquez,Concepcion,20152,L2,V1,2026-02-22 08:32:16,2026-02-22 09:16:27,CW→CC,2026-02-22,,20152,20152,190,Estudiante
3825,252508332,Concepcion,Cdal. Raul Silva Henriquez,20049,L2,V1,2026-02-22 10:46:55,2026-02-22 11:53:55,CC→CW,2026-02-22,,20049,20049,190,Estudiante
3826,252508332,Cdal. Raul Silva Henriquez,Concepcion,20068,L2,V1,2026-02-22 15:41:12,2026-02-22 16:26:08,CW→CC,2026-02-22,,20068,20068,190,Estudiante
3827,252508332,Concepcion,Cdal. Raul Silva Henriquez,20157,L2,V1,2026-02-22 17:11:49,2026-02-22 17:54:21,CC→CW,2026-02-22,,20157,20157,190,Estudiante
3828,252508452,Concepcion,Huinca,20161,L2,V1,2026-02-22 17:57:35,2026-02-22 19:06:54,CC→CW,2026-02-22,,20161,20161,280,Estudiante
3829,252508471,Laguna Quinenco,Diagonal Bio Bio,20050,L2,V1,2026-02-22 10:35:41,2026-02-22 11:29:31,CW→CC,2026-02-22,,20050,20050,260,Estudiante
3830,252508471,Diagonal Bio Bio,Laguna Quinenco,20161,L2,V1,2026-02-22 18:29:11,2026-02-22 19:12:28,CC→CW,2026-02-22,,20161,20161,260,Estudiante
3831,252511204,Higueras,Chiguayante,20845,L1,V1,2026-02-22 16:06:25,2026-02-22 16:40:58,TH→HQ,2026-02-22,,20845,20845,180,Estudiante
3832,252511254,Cdal. Raul Silva Henriquez,Concepcion,20066,L2,V1,2026-02-22 14:56:29,2026-02-22 15:23:47,CW→CC,2026-02-22,,20066,20066,190,Estudiante
3833,252511254,Concepcion,Cdal. Raul Silva Henriquez,20157,L2,V1,2026-02-22 17:26:31,2026-02-22 17:54:19,CC→CW,2026-02-22,,20157,20157,190,Estudiante
3834,252513003,Concepcion,Cdal. Raul Silva Henriquez,20167,L2,V1,2026-02-22 19:50:16,2026-02-22 20:27:46,CC→CW,2026-02-22,,20167,20167,190,Estudiante
3835,252513080,Lomas Coloradas,Concepcion,20166,L2,V1,2026-02-22 19:34:44,2026-02-22 19:59:39,CW→CC,2026-02-22,,20166,20166,190,Estudiante
3836,252515541,Lomas Coloradas,Juan Pablo II,20050,L2,V1,2026-02-22 11:15:42,2026-02-22 11:32:49,CW→CC,2026-02-22,,20050,20050,170,Estudiante
3837,252515541,Juan Pablo II,Lomas Coloradas,20053,L2,V1,2026-02-22 12:09:09,2026-02-22 12:31:43,CC→CW,2026-02-22,,20053,20053,170,Estudiante
3838,252516245,Concepcion,Concepcion,,,N/A,2026-02-22 18:22:53,2026-02-22 18:25:18,,2026-02-22,no viajo,,,140,Estudiante
3839,252516488,Concepcion,Alborada,20171,L2,V1,2026-02-22 20:51:24,2026-02-22 21:23:05,CC→CW,2026-02-22,,20171,20171,190,Estudiante
3840,252517954,Concepcion,Coronel,20051,L2,V1,2026-02-22 11:38:29,2026-02-22 12:53:48,CC→CW,2026-02-22,,20051,20051,290,Estudiante
3841,252528959,Laguna Quinenco,Hito Galvarino,20152,L2,V1,2026-02-22 08:27:26,2026-02-22 08:46:45,CW→CC,2026-02-22,,20152,20152,180,Estudiante
3842,252528959,Hito Galvarino,Laguna Quinenco,20163,L2,V1,2026-02-22 19:25:52,2026-02-22 19:43:36,CC→CW,2026-02-22,,20163,20163,180,Estudiante
3843,252529298,Coronel,Concepcion,20066,L2,V1,2026-02-22 14:24:48,2026-02-22 15:23:30,CW→CC,2026-02-22,,20066,20066,290,Estudiante
3844,252529705,El Parque,Lomas Coloradas,20053,L2,V1,2026-02-22 12:25:09,2026-02-22 12:31:39,CC→CW,2026-02-22,,20053,20053,140,Estudiante
3845,252529705,Lomas Coloradas,El Parque,20162,L2,V1,2026-02-22 18:33:55,2026-02-22 18:43:38,CW→CC,2026-02-22,,20162,20162,140,Estudiante
3846,252529819,Concepcion,Los Condores,20846,L1,V1,2026-02-22 17:15:55,2026-02-22 17:48:31,HQ→TH,2026-02-22,combo_por_entrada,20846,20846,190,Estudiante
3847,252529916,Cristo Redentor,Concepcion,,,N/A,2026-02-22 13:52:04,2026-02-22 14:15:27,,2026-02-22,sin_combo_factible_en_hub|sin_s1_factible_retro,,,280,Estudiante
3848,252529916,Concepcion,Cristo Redentor,20161,L2,V1,2026-02-22 17:48:18,2026-02-22 19:08:43,CC→CW,2026-02-22,,20161,20161,280,Estudiante
3849,252530367,Cristo Redentor,Hito Galvarino,20152,L2,V1,2026-02-22 08:36:47,2026-02-22 08:46:47,CW→CC,2026-02-22,,20152,20152,150,Estudiante
3850,252530367,Hito Galvarino,Laguna Quinenco,20163,L2,V1,2026-02-22 19:25:49,2026-02-22 19:44:29,CC→CW,2026-02-22,,20163,20163,180,Estudiante
3851,252530406,Concepcion,Cristo Redentor,20059,L2,V1,2026-02-22 12:56:57,2026-02-22 13:58:29,CC→CW,2026-02-22,,20059,20059,280,Estudiante
3852,252530814,Costa Mar,Huinca,20063,L2,V1,2026-02-22 14:45:08,2026-02-22 15:12:39,CC→CW,2026-02-22,,20063,20063,210,Estudiante
3853,252530814,Huinca,Costa Mar,20076,L2,V1,2026-02-22 16:42:53,2026-02-22 17:13:43,CW→CC,2026-02-22,,20076,20076,210,Estudiante
3854,252531252,El Parque,Cdal. Raul Silva Henriquez,20167,L2,V1,2026-02-22 20:17:14,2026-02-22 20:30:59,CC→CW,2026-02-22,,20167,20167,140,Estudiante
3855,252531498,Cdal. Raul Silva Henriquez,Alborada,20040,L2,V1,2026-02-22 09:55:20,2026-02-22 10:10:10,CW→CC,2026-02-22,,20040,20040,170,Estudiante
3856,252531498,Alborada,Cdal. Raul Silva Henriquez,20049,L2,V1,2026-02-22 11:36:48,2026-02-22 11:53:58,CC→CW,2026-02-22,,20049,20049,170,Estudiante
3857,252534154,Los Canelos,Lomas Coloradas,20062,L2,V1,2026-02-22 13:47:59,2026-02-22 14:13:14,CW→CC,2026-02-22,,20062,20062,200,Estudiante
3858,252537681,Concepcion,Alborada,20067,L2,V1,2026-02-22 15:04:00,2026-02-22 15:43:48,CC→CW,2026-02-22,,20067,20067,190,Estudiante
3859,252537799,Cdal. Raul Silva Henriquez,Concepcion,20152,L2,V1,2026-02-22 08:51:13,2026-02-22 09:15:47,CW→CC,2026-02-22,,20152,20152,190,Estudiante
3860,252537799,Concepcion,Cdal. Raul Silva Henriquez,20069,L2,V1,2026-02-22 16:35:12,2026-02-22 17:08:34,CC→CW,2026-02-22,,20069,20069,190,Estudiante
3861,252538323,Coronel,Concepcion,20156,L2,V1,2026-02-22 08:58:51,2026-02-22 10:03:11,CW→CC,2026-02-22,,20156,20156,290,Estudiante
3862,252542632,Coronel,Concepcion,20058,L2,V1,2026-02-22 12:30:29,2026-02-22 13:16:05,CW→CC,2026-02-22,,20058,20058,290,Estudiante
3863,252542632,Concepcion,Coronel,20163,L2,V1,2026-02-22 18:52:08,2026-02-22 19:47:50,CC→CW,2026-02-22,,20163,20163,290,Estudiante
3864,252542709,El Parque,Laguna Quinenco,20063,L2,V1,2026-02-22 14:42:55,2026-02-22 15:17:32,CC→CW,2026-02-22,,20063,20063,220,Estudiante
3865,252542711,Huinca,Costa Mar,20156,L2,V1,2026-02-22 09:15:41,2026-02-22 09:46:37,CW→CC,2026-02-22,,20156,20156,210,Estudiante
3866,252542816,Concepcion,Cristo Redentor,20161,L2,V1,2026-02-22 18:31:47,2026-02-22 19:41:12,CC→CW,2026-02-22,,20161,20161,280,Estudiante
3867,252542890,Concepcion,Laguna Quinenco,20063,L2,V1,2026-02-22 14:31:17,2026-02-22 15:19:10,CC→CW,2026-02-22,,20063,20063,290,Estudiante
3868,252543268,Concepcion,Cdal. Raul Silva Henriquez,20171,L2,V1,2026-02-22 20:37:47,2026-02-22 21:38:24,CC→CW,2026-02-22,,20171,20171,190,Estudiante
3869,252544735,Lomas Coloradas,Concepcion,20152,L2,V1,2026-02-22 08:48:41,2026-02-22 09:18:39,CW→CC,2026-02-22,,20152,20152,190,Estudiante
3870,252544735,Concepcion,Lomas Coloradas,20171,L2,V1,2026-02-22 20:41:27,2026-02-22 21:32:56,CC→CW,2026-02-22,,20171,20171,190,Estudiante
3871,252547047,Coronel,Concepcion,20066,L2,V1,2026-02-22 14:35:27,2026-02-22 15:24:54,CW→CC,2026-02-22,,20066,20066,290,Estudiante
3872,252547047,Concepcion,Coronel,20161,L2,V1,2026-02-22 18:11:32,2026-02-22 19:15:19,CC→CW,2026-02-22,,20161,20161,290,Estudiante
3873,252547207,Concepcion,Cristo Redentor,20153,L2,V1,2026-02-22 08:38:55,2026-02-22 09:56:43,CC→CW,2026-02-22,,20153,20149,280,Estudiante
3874,252547207,Cristo Redentor,Concepcion,20166,L2,V1,2026-02-22 19:12:11,2026-02-22 20:01:55,CW→CC,2026-02-22,,20166,20166,280,Estudiante
3875,252547242,Concepcion,Cristo Redentor,20153,L2,V1,2026-02-22 09:06:58,2026-02-22 09:56:45,CC→CW,2026-02-22,,20153,20153,280,Estudiante
3876,252547339,Cristo Redentor,Coronel,20035,L2,V1,2026-02-22 10:35:49,2026-02-22 10:47:55,CC→CW,2026-02-22,,20035,20035,150,Estudiante
3877,252547408,Concepcion,Costa Mar,20069,L2,V1,2026-02-22 16:35:56,2026-02-22 17:00:49,CC→CW,2026-02-22,,20069,20069,190,Estudiante
3878,252547408,Costa Mar,Concepcion,20170,L2,V1,2026-02-22 20:20:09,2026-02-22 21:03:47,CW→CC,2026-02-22,,20170,20170,190,Estudiante
3879,252547440,Laguna Quinenco,Concepcion,20050,L2,V1,2026-02-22 10:42:30,2026-02-22 11:40:03,CW→CC,2026-02-22,,20050,20050,290,Estudiante
3880,252548396,Huinca,Coronel,20035,L2,V1,2026-02-22 10:37:40,2026-02-22 10:47:41,CC→CW,2026-02-22,,20035,20035,150,Estudiante
3881,252550129,Concepcion,Cdal. Raul Silva Henriquez,20059,L2,V1,2026-02-22 13:09:58,2026-02-22 13:44:57,CC→CW,2026-02-22,,20059,20059,190,Estudiante
3882,252550164,Juan Pablo II,El Parque,20171,L2,V1,2026-02-22 21:03:36,2026-02-22 21:27:56,CC→CW,2026-02-22,,20171,20171,170,Estudiante
3883,252550223,Laguna Quinenco,Lomas Coloradas,20160,L2,V1,2026-02-22 17:40:05,2026-02-22 18:07:48,CW→CC,2026-02-22,,20160,20160,220,Estudiante
3884,252550223,Lomas Coloradas,Cdal. Raul Silva Henriquez,20171,L2,V1,2026-02-22 20:56:41,2026-02-22 21:36:49,CC→CW,2026-02-22,,20171,20171,140,Estudiante
3885,252550462,Los Canelos,Concepcion,,,N/A,2026-02-22 12:39:10,2026-02-22 12:58:25,,2026-02-22,sin_combo_factible_en_hub|sin_s1_factible_retro,,,280,Estudiante
3886,252550462,Concepcion,Cdal. Raul Silva Henriquez,20171,L2,V1,2026-02-22 20:40:15,2026-02-22 21:39:12,CC→CW,2026-02-22,,20171,20171,190,Estudiante
3887,252553255,Lomas Coloradas,Laguna Quinenco,20163,L2,V1,2026-02-22 19:18:41,2026-02-22 19:44:19,CC→CW,2026-02-22,,20163,20163,220,Estudiante
3888,252554211,Cristo Redentor,Costa Mar,20068,L2,V1,2026-02-22 15:39:23,2026-02-22 16:09:58,CW→CC,2026-02-22,,20068,20068,210,Estudiante
3889,252554211,Costa Mar,Lomas Coloradas,20167,L2,V1,2026-02-22 20:06:48,2026-02-22 20:25:07,CC→CW,2026-02-22,,20167,20167,140,Estudiante
3890,252559374,Concepcion,Cdal. Raul Silva Henriquez,20069,L2,V1,2026-02-22 16:41:00,2026-02-22 17:09:00,CC→CW,2026-02-22,,20069,20069,190,Estudiante
3891,252559893,Concepcion,Juan Pablo II,20161,L2,V1,2026-02-22 17:55:53,2026-02-22 18:36:45,CC→CW,2026-02-22,,20161,20161,190,Estudiante
3892,252559893,Juan Pablo II,Cristo Redentor,20163,L2,V1,2026-02-22 18:51:12,2026-02-22 19:41:25,CC→CW,2026-02-22,,20163,20163,230,Estudiante
3893,252562053,Los Canelos,Concepcion,20152,L2,V1,2026-02-22 08:39:51,2026-02-22 09:16:21,CW→CC,2026-02-22,,20152,20152,280,Estudiante
3894,252562053,Concepcion,Los Canelos,20067,L2,V1,2026-02-22 14:56:43,2026-02-22 16:04:14,CC→CW,2026-02-22,,20067,20067,280,Estudiante
3895,252564801,Coronel,Cristo Redentor,20162,L2,V1,2026-02-22 17:47:26,2026-02-22 18:24:14,CW→CC,2026-02-22,,20162,20160,150,Estudiante
3896,252566653,Costa Mar,Lomas Coloradas,20167,L2,V1,2026-02-22 20:05:06,2026-02-22 20:23:55,CC→CW,2026-02-22,,20167,20167,140,Estudiante
3897,252566770,Alborada,Costa Mar,20053,L2,V1,2026-02-22 12:15:42,2026-02-22 12:27:41,CC→CW,2026-02-22,,20053,20053,170,Estudiante
3898,252567237,Alborada,Concepcion,20166,L2,V1,2026-02-22 19:09:29,2026-02-22 20:14:50,CW→CC,2026-02-22,,20166,20166,190,Estudiante
3899,252567785,El Parque,Concepcion,20062,L2,V1,2026-02-22 13:59:49,2026-02-22 14:33:38,CW→CC,2026-02-22,,20062,20062,190,Estudiante
3900,262026341,Cdal. Raul Silva Henriquez,Cristo Redentor,20041,L2,V1,2026-02-22 10:49:39,2026-02-22 11:07:32,CC→CW,2026-02-22,,20041,20041,0,Estudiante
3901,272046747,Los Canelos,Concepcion,20058,L2,V1,2026-02-22 12:40:37,2026-02-22 13:16:23,CW→CC,2026-02-22,,20058,20058,280,Estudiante
3902,272053107,Los Canelos,Laguna Quinenco,20161,L2,V1,2026-02-22 18:20:26,2026-02-22 19:12:21,CC→CW,2026-02-22,,20161,20161,180,Estudiante
3903,282100137,Concepcion,Cristo Redentor,20069,L2,V1,2026-02-22 15:46:12,2026-02-22 17:24:25,CC→CW,2026-02-22,combo_por_entrada,20069,20069,300,Estudiante
3904,282100137,Cristo Redentor,Concepcion,20166,L2,V1,2026-02-22 19:17:23,2026-02-22 19:59:40,CW→CC,2026-02-22,,20166,20166,280,Estudiante
3905,282100137,Concepcion,Mercado,20848,L1,V1,2026-02-22 20:59:13,2026-02-22 21:32:16,HQ→TH,2026-02-22,,20848,20848,180,Estudiante
3906,282100752,Cdal. Raul Silva Henriquez,Alborada,20050,L2,V1,2026-02-22 11:11:58,2026-02-22 11:26:56,CW→CC,2026-02-22,,20050,20050,170,Estudiante
3907,282100752,Alborada,Cdal. Raul Silva Henriquez,20059,L2,V1,2026-02-22 13:26:48,2026-02-22 13:44:18,CC→CW,2026-02-22,,20059,20059,170,Estudiante
3908,282100752,Cdal. Raul Silva Henriquez,Lomas Coloradas,20066,L2,V1,2026-02-22 14:57:00,2026-02-22 15:03:11,CW→CC,2026-02-22,,20066,20066,140,Estudiante
3909,282106785,Concepcion,Concepcion,,,N/A,2026-02-22 19:59:33,2026-02-22 20:00:56,,2026-02-22,no viajo,,,140,Estudiante
3910,282126550,Los Canelos,Hito Galvarino,20162,L2,V1,2026-02-22 18:22:29,2026-02-22 18:31:56,CW→CC,2026-02-22,,20162,20162,150,Estudiante
3911,282126620,Diagonal Bio Bio,Concepcion,20162,L2,V1,2026-02-22 18:47:06,2026-02-22 19:01:17,CW→CC,2026-02-22,,20162,20162,190,Estudiante
3912,282136137,Concepcion,Coronel,20035,L2,V1,2026-02-22 09:37:27,2026-02-22 10:48:07,CC→CW,2026-02-22,,20035,20035,290,Estudiante
3913,282136137,Coronel,Concepcion,20166,L2,V1,2026-02-22 19:10:44,2026-02-22 19:59:34,CW→CC,2026-02-22,,20166,20166,290,Estudiante
3914,282137999,Cristo Redentor,Concepcion,20166,L2,V1,2026-02-22 19:16:30,2026-02-22 20:00:14,CW→CC,2026-02-22,,20166,20166,280,Estudiante
3915,282139306,Concepcion,Cdal. Raul Silva Henriquez,20171,L2,V1,2026-02-22 20:44:48,2026-02-22 21:37:35,CC→CW,2026-02-22,,20171,20171,190,Estudiante
3916,282141491,Diagonal Bio Bio,Los Canelos,20067,L2,V1,2026-02-22 15:26:25,2026-02-22 16:03:15,CC→CW,2026-02-22,,20067,20067,220,Estudiante
3917,282143421,Concepcion,El Parque,20163,L2,V1,2026-02-22 18:43:19,2026-02-22 19:23:42,CC→CW,2026-02-22,,20163,20163,190,Estudiante
3918,282144586,Concepcion,Lomas Coloradas,20171,L2,V1,2026-02-22 20:50:41,2026-02-22 21:31:06,CC→CW,2026-02-22,,20171,20171,190,Estudiante
3919,282147695,Concepcion,El Parque,20153,L2,V1,2026-02-22 09:10:35,2026-02-22 09:36:37,CC→CW,2026-02-22,,20153,20153,190,Estudiante
3920,282147695,El Parque,Concepcion,20170,L2,V1,2026-02-22 20:06:13,2026-02-22 21:02:58,CW→CC,2026-02-22,,20170,20170,190,Estudiante
3921,282149248,Concepcion,Cdal. Raul Silva Henriquez,20171,L2,V1,2026-02-22 19:51:35,2026-02-22 21:38:06,CC→CW,2026-02-22,combo_por_entrada,20171,20171,200,Estudiante
3922,282152296,Los Canelos,Concepcion,20076,L2,V1,2026-02-22 16:50:52,2026-02-22 17:52:17,CW→CC,2026-02-22,combo_por_entrada,20076,20846,290,Estudiante
3923,282152296,Concepcion,Cdal. Raul Silva Henriquez,20171,L2,V1,2026-02-22 20:55:49,2026-02-22 21:36:16,CC→CW,2026-02-22,,20171,20171,190,Estudiante
3924,282154093,Concepcion,Costa Mar,20163,L2,V1,2026-02-22 18:50:57,2026-02-22 19:18:02,CC→CW,2026-02-22,,20163,20163,190,Estudiante
3925,282157145,Lomas Coloradas,Alborada,20044,L2,V1,2026-02-22 10:26:01,2026-02-22 10:35:29,CW→CC,2026-02-22,,20044,20044,170,Estudiante
3926,282162939,Concepcion,Cdal. Raul Silva Henriquez,20041,L2,V1,2026-02-22 10:10:58,2026-02-22 10:52:53,CC→CW,2026-02-22,,20041,20035,190,Estudiante
3927,282163942,Laguna Quinenco,Alborada,20166,L2,V1,2026-02-22 19:15:01,2026-02-22 19:48:14,CW→CC,2026-02-22,,20166,20166,260,Estudiante
3928,282168559,Laguna Quinenco,Diagonal Bio Bio,20068,L2,V1,2026-02-22 15:36:12,2026-02-22 16:15:31,CW→CC,2026-02-22,,20068,20068,260,Estudiante
3929,282171059,Concepcion,La Leonera,20847,L1,V1,2026-02-22 20:18:25,2026-02-22 20:48:53,TH→HQ,2026-02-22,,20847,20847,170,Estudiante
3930,282172934,Higueras,Concepcion,20857,L1,V1,2026-02-22 08:37:22,2026-02-22 08:55:19,TH→HQ,2026-02-22,,20857,20857,170,Estudiante
3931,282172934,Concepcion,Higueras,20848,L1,V1,2026-02-22 20:44:49,2026-02-22 21:24:21,HQ→TH,2026-02-22,,20848,20848,170,Estudiante
3932,282178730,Costa Mar,Concepcion,20052,L2,V1,2026-02-22 11:46:45,2026-02-22 12:02:41,CW→CC,2026-02-22,,20052,20052,190,Estudiante
3933,282178730,Concepcion,Costa Mar,20069,L2,V1,2026-02-22 16:17:06,2026-02-22 16:59:25,CC→CW,2026-02-22,,20069,20069,190,Estudiante
3934,282181546,Los Canelos,Diagonal Bio Bio,20066,L2,V1,2026-02-22 14:43:21,2026-02-22 15:13:12,CW→CC,2026-02-22,,20066,20066,220,Estudiante
3935,282181546,Concepcion,Cdal. Raul Silva Henriquez,20167,L2,V1,2026-02-22 20:00:02,2026-02-22 20:29:59,CC→CW,2026-02-22,,20167,20167,190,Estudiante
3936,282181563,Costa Mar,Concepcion,20052,L2,V1,2026-02-22 11:45:14,2026-02-22 12:03:05,CW→CC,2026-02-22,,20052,20052,190,Estudiante
3937,292049922,Lomas Coloradas,Hito Galvarino,20149,L2,V1,2026-02-22 08:50:35,2026-02-22 09:01:35,CC→CW,2026-02-22,,20149,20149,0,Estudiante
3938,292063278,Huinca,El Parque,20166,L2,V1,2026-02-22 18:40:31,2026-02-22 19:44:03,CW→CC,2026-02-22,,20166,20166,0,Estudiante
3939,292133110,Costa Mar,Coronel,20035,L2,V1,2026-02-22 09:47:41,2026-02-22 10:47:51,CC→CW,2026-02-22,,20035,20035,0,Estudiante
3940,292133110,Coronel,Costa Mar,20166,L2,V1,2026-02-22 19:06:25,2026-02-22 19:46:37,CW→CC,2026-02-22,,20166,20166,0,Estudiante
3941,292133325,Lomas Coloradas,Concepcion,20068,L2,V1,2026-02-22 16:02:20,2026-02-22 16:24:46,CW→CC,2026-02-22,,20068,20068,0,Estudiante
3942,292133325,Concepcion,Lomas Coloradas,20171,L2,V1,2026-02-22 20:15:48,2026-02-22 21:31:22,CC→CW,2026-02-22,,20171,20171,0,Estudiante
3943,292133339,Concepcion,Los Canelos,20161,L2,V1,2026-02-22 18:27:39,2026-02-22 19:03:33,CC→CW,2026-02-22,,20161,20161,0,Estudiante
3944,292133349,Coronel,Hito Galvarino,20076,L2,V1,2026-02-22 16:38:36,2026-02-22 17:02:42,CW→CC,2026-02-22,,20076,20076,0,Estudiante
3945,292133349,Hito Galvarino,Concepcion,20160,L2,V1,2026-02-22 17:44:05,2026-02-22 18:29:10,CW→CC,2026-02-22,,20160,20160,0,Estudiante
3946,292133349,Concepcion,Concepcion,,,N/A,2026-02-22 19:12:29,2026-02-22 19:13:01,,2026-02-22,no viajo,,,0,Estudiante
3947,292133349,Concepcion,Lomas Coloradas,20167,L2,V1,2026-02-22 19:58:53,2026-02-22 20:26:03,CC→CW,2026-02-22,,20167,20167,0,Estudiante
3948,292133360,Costa Mar,Los Canelos,20063,L2,V1,2026-02-22 14:48:04,2026-02-22 15:11:15,CC→CW,2026-02-22,,20063,20063,0,Estudiante
3949,292153575,Costa Mar,Concepcion,20162,L2,V1,2026-02-22 18:42:03,2026-02-22 18:59:34,CW→CC,2026-02-22,,20162,20162,0,Estudiante
3950,292153575,Concepcion,Lomas Coloradas,20167,L2,V1,2026-02-22 19:58:23,2026-02-22 20:26:46,CC→CW,2026-02-22,,20167,20167,0,Estudiante
3951,292194245,Cdal. Raul Silva Henriquez,Diagonal Bio Bio,20062,L2,V1,2026-02-22 14:02:45,2026-02-22 14:23:43,CW→CC,2026-02-22,,20062,20062,0,Estudiante
3952,292194288,Costa Mar,Lomas Coloradas,20059,L2,V1,2026-02-22 13:20:38,2026-02-22 13:41:41,CC→CW,2026-02-22,,20059,20059,0,Estudiante
3953,292194288,Lomas Coloradas,El Parque,20066,L2,V1,2026-02-22 14:35:31,2026-02-22 15:07:34,CW→CC,2026-02-22,,20066,20066,0,Estudiante
3954,292194354,Cdal. Raul Silva Henriquez,Juan Pablo II,20076,L2,V1,2026-02-22 16:59:13,2026-02-22 17:21:36,CW→CC,2026-02-22,,20076,20076,0,Estudiante
3955,302159775,Laguna Quinenco,Concepcion,20044,L2,V1,2026-02-22 09:45:38,2026-02-22 10:48:07,CW→CC,2026-02-22,,20044,20040,290,Estudiante
3956,302163300,Concepcion,Cdal. Raul Silva Henriquez,20167,L2,V1,2026-02-22 19:49:31,2026-02-22 20:30:12,CC→CW,2026-02-22,,20167,20167,190,Estudiante
3957,302167395,Concepcion,Laguna Quinenco,20035,L2,V1,2026-02-22 10:04:26,2026-02-22 10:44:49,CC→CW,2026-02-22,,20035,20035,290,Estudiante
3958,302175586,Higueras,UTF Santa Maria,20859,L1,V1,2026-02-22 12:35:46,2026-02-22 12:46:20,TH→HQ,2026-02-22,,20859,20859,140,Estudiante
3959,302176433,Juan Pablo II,Alborada,20171,L2,V1,2026-02-22 20:55:10,2026-02-22 21:22:40,CC→CW,2026-02-22,,20171,20171,150,Estudiante
3960,302176556,Huinca,Concepcion,20068,L2,V1,2026-02-22 15:35:51,2026-02-22 16:25:40,CW→CC,2026-02-22,,20068,20068,280,Estudiante
3961,302176556,Concepcion,Cdal. Raul Silva Henriquez,20171,L2,V1,2026-02-22 20:57:32,2026-02-22 21:37:04,CC→CW,2026-02-22,,20171,20171,190,Estudiante
3962,302195475,Lomas Coloradas,Concepcion,20166,L2,V1,2026-02-22 19:13:45,2026-02-22 20:00:31,CW→CC,2026-02-22,,20166,20166,190,Estudiante
3963,302206743,El Parque,Concepcion,20050,L2,V1,2026-02-22 11:21:10,2026-02-22 11:39:48,CW→CC,2026-02-22,,20050,20050,190,Estudiante
3964,302207089,Lomas Coloradas,Hito Galvarino,20153,L2,V1,2026-02-22 09:37:03,2026-02-22 09:49:00,CC→CW,2026-02-22,,20153,20153,200,Estudiante
3965,302207089,Hito Galvarino,Concepcion,20052,L2,V1,2026-02-22 11:24:01,2026-02-22 12:04:09,CW→CC,2026-02-22,,20052,20052,280,Estudiante
3966,302207089,Concepcion,Hito Galvarino,20063,L2,V1,2026-02-22 13:49:24,2026-02-22 15:09:16,CC→CW,2026-02-22,,20063,20063,280,Estudiante
3967,302207089,Hito Galvarino,Lomas Coloradas,20068,L2,V1,2026-02-22 15:48:53,2026-02-22 16:03:56,CW→CC,2026-02-22,,20068,20068,200,Estudiante
3968,302233877,Hito Galvarino,Laguna Quinenco,20053,L2,V1,2026-02-22 12:17:13,2026-02-22 12:49:59,CC→CW,2026-02-22,,20053,20051,180,Estudiante
3969,302243189,Concepcion,Cdal. Raul Silva Henriquez,20059,L2,V1,2026-02-22 13:00:43,2026-02-22 13:45:31,CC→CW,2026-02-22,,20059,20059,190,Estudiante
3970,302247760,Cristo Redentor,Alborada,20050,L2,V1,2026-02-22 11:00:41,2026-02-22 11:27:35,CW→CC,2026-02-22,,20050,20050,230,Estudiante
3971,302247760,Alborada,Cristo Redentor,20069,L2,V1,2026-02-22 16:43:29,2026-02-22 17:25:20,CC→CW,2026-02-22,,20069,20069,230,Estudiante
3972,302247998,Diagonal Bio Bio,Hito Galvarino,20069,L2,V1,2026-02-22 16:53:53,2026-02-22 17:15:19,CC→CW,2026-02-22,,20069,20069,220,Estudiante
3973,302248124,Concepcion,Coronel,20069,L2,V1,2026-02-22 16:14:50,2026-02-22 17:29:53,CC→CW,2026-02-22,combo_por_entrada,20069,20069,290,Estudiante
3974,302252646,Lomas Coloradas,Concepcion,20160,L2,V1,2026-02-22 17:59:00,2026-02-22 18:29:44,CW→CC,2026-02-22,,20160,20160,190,Estudiante
3975,302252710,Lomas Coloradas,Concepcion,20068,L2,V1,2026-02-22 15:49:54,2026-02-22 16:25:08,CW→CC,2026-02-22,,20068,20068,190,Estudiante
3976,302252710,Concepcion,Lomas Coloradas,20167,L2,V1,2026-02-22 19:23:37,2026-02-22 20:24:22,CC→CW,2026-02-22,,20167,20167,190,Estudiante
3977,302253528,Los Canelos,Hito Galvarino,20166,L2,V1,2026-02-22 19:23:44,2026-02-22 19:30:48,CW→CC,2026-02-22,,20166,20166,150,Estudiante
3978,302253578,Lomas Coloradas,El Parque,20166,L2,V1,2026-02-22 19:31:50,2026-02-22 19:43:21,CW→CC,2026-02-22,,20166,20166,140,Estudiante
3979,302257573,Laguna Quinenco,Coronel,20157,L2,V1,2026-02-22 17:38:59,2026-02-22 18:14:34,CC→CW,2026-02-22,,20157,20157,150,Estudiante
3980,302270386,Lomas Coloradas,Costa Mar,20050,L2,V1,2026-02-22 11:11:13,2026-02-22 11:24:22,CW→CC,2026-02-22,,20050,20050,140,Estudiante
3981,302271469,Lomas Coloradas,Concepcion,20058,L2,V1,2026-02-22 12:43:25,2026-02-22 13:16:19,CW→CC,2026-02-22,,20058,20056,190,Estudiante
3982,302271469,Concepcion,Lomas Coloradas,20171,L2,V1,2026-02-22 20:00:10,2026-02-22 21:31:37,CC→CW,2026-02-22,combo_por_entrada,20171,20171,200,Estudiante
3983,302271478,Cdal. Raul Silva Henriquez,El Parque,20160,L2,V1,2026-02-22 18:02:46,2026-02-22 18:13:11,CW→CC,2026-02-22,,20160,20160,140,Estudiante
3984,302271478,El Parque,Lomas Coloradas,20167,L2,V1,2026-02-22 20:02:46,2026-02-22 20:25:11,CC→CW,2026-02-22,,20167,20167,140,Estudiante
3985,302280748,Huinca,Concepcion,20062,L2,V1,2026-02-22 13:47:44,2026-02-22 14:33:33,CW→CC,2026-02-22,,20062,20062,280,Estudiante
3986,302280748,Concepcion,Huinca,20157,L2,V1,2026-02-22 17:17:58,2026-02-22 18:07:00,CC→CW,2026-02-22,,20157,20157,280,Estudiante
3987,302290738,Lomas Coloradas,Cdal. Raul Silva Henriquez,20153,L2,V1,2026-02-22 09:35:56,2026-02-22 09:42:13,CC→CW,2026-02-22,,20153,20153,140,Estudiante
3988,302290738,Cdal. Raul Silva Henriquez,Concepcion,20040,L2,V1,2026-02-22 09:54:06,2026-02-22 10:22:41,CW→CC,2026-02-22,,20040,20040,190,Estudiante
3989,302290839,Concepcion,La Leonera,20845,L1,V1,2026-02-22 16:03:54,2026-02-22 16:48:31,TH→HQ,2026-02-22,combo_por_entrada,20845,20845,200,Estudiante
3990,302291132,Concepcion,Lomas Coloradas,20035,L2,V1,2026-02-22 09:21:28,2026-02-22 10:25:23,CC→CW,2026-02-22,combo_por_entrada,20035,20035,200,Estudiante
3991,302296794,Lomas Coloradas,Concepcion,20160,L2,V1,2026-02-22 17:59:44,2026-02-22 18:29:06,CW→CC,2026-02-22,,20160,20160,190,Estudiante
3992,302296794,Concepcion,Lomas Coloradas,20167,L2,V1,2026-02-22 19:46:06,2026-02-22 20:23:58,CC→CW,2026-02-22,,20167,20167,190,Estudiante
3993,302297002,Hito Galvarino,Concepcion,20056,L2,V1,2026-02-22 12:27:21,2026-02-22 13:03:38,CW→CC,2026-02-22,,20056,20056,280,Estudiante
3994,302297002,Concepcion,Hito Galvarino,20067,L2,V1,2026-02-22 15:07:52,2026-02-22 15:59:43,CC→CW,2026-02-22,,20067,20067,280,Estudiante
3995,302297849,Laguna Quinenco,Coronel,20157,L2,V1,2026-02-22 17:39:02,2026-02-22 18:14:32,CC→CW,2026-02-22,,20157,20157,150,Estudiante
3996,302298021,Cdal. Raul Silva Henriquez,Concepcion,20160,L2,V1,2026-02-22 17:52:58,2026-02-22 18:29:41,CW→CC,2026-02-22,,20160,20160,190,Estudiante
3997,302298078,Los Canelos,Concepcion,20050,L2,V1,2026-02-22 11:05:06,2026-02-22 11:40:04,CW→CC,2026-02-22,,20050,20050,280,Estudiante
3998,302298078,Concepcion,Los Canelos,20161,L2,V1,2026-02-22 18:19:51,2026-02-22 19:04:05,CC→CW,2026-02-22,,20161,20161,280,Estudiante
3999,302298298,Costa Mar,Concepcion,20040,L2,V1,2026-02-22 10:06:17,2026-02-22 10:40:53,CW→CC,2026-02-22,,20040,20040,190,Estudiante
4000,302298381,Diagonal Bio Bio,Costa Mar,20163,L2,V1,2026-02-22 19:11:25,2026-02-22 19:17:50,CC→CW,2026-02-22,,20163,20163,170,Estudiante
4001,302304343,Laguna Quinenco,El Parque,20152,L2,V1,2026-02-22 08:27:04,2026-02-22 08:59:50,CW→CC,2026-02-22,,20152,20152,220,Estudiante
4002,302304343,El Parque,Laguna Quinenco,20041,L2,V1,2026-02-22 10:42:04,2026-02-22 11:10:46,CC→CW,2026-02-22,,20041,20041,220,Estudiante
4003,302315704,Diagonal Bio Bio,Lomas Coloradas,20167,L2,V1,2026-02-22 20:06:51,2026-02-22 20:24:46,CC→CW,2026-02-22,,20167,20167,170,Estudiante
4004,302315801,Concepcion,Concepcion,,,N/A,2026-02-22 17:53:47,2026-02-22 18:30:02,,2026-02-22,no viajo,,,140,Estudiante
4005,302315828,Concepcion,Cdal. Raul Silva Henriquez,20167,L2,V1,2026-02-22 19:39:26,2026-02-22 20:28:36,CC→CW,2026-02-22,,20167,20167,190,Estudiante
4006,302315838,Concepcion,Cdal. Raul Silva Henriquez,20167,L2,V1,2026-02-22 19:36:44,2026-02-22 20:29:06,CC→CW,2026-02-22,,20167,20167,190,Estudiante
4007,302315905,Huinca,Concepcion,20166,L2,V1,2026-02-22 19:21:17,2026-02-22 20:32:01,CW→CC,2026-02-22,,20166,20166,280,Estudiante
4008,302316057,Lomas Coloradas,Concepcion,20052,L2,V1,2026-02-22 11:37:49,2026-02-22 12:03:11,CW→CC,2026-02-22,,20052,20052,190,Estudiante
4009,302322176,Alborada,Diagonal Bio Bio,20056,L2,V1,2026-02-22 12:33:03,2026-02-22 12:51:05,CW→CC,2026-02-22,,20056,20056,150,Estudiante
4010,302322176,Diagonal Bio Bio,Alborada,20063,L2,V1,2026-02-22 14:05:42,2026-02-22 14:50:42,CC→CW,2026-02-22,,20063,20063,150,Estudiante
4011,302322340,Cristo Redentor,Huinca,20066,L2,V1,2026-02-22 14:42:32,2026-02-22 14:48:42,CW→CC,2026-02-22,,20066,20066,150,Estudiante
4012,302322559,Concepcion,UTF Santa Maria,20848,L1,V1,2026-02-22 20:41:56,2026-02-22 21:15:27,HQ→TH,2026-02-22,,20848,20848,170,Estudiante
4013,302322597,Concepcion,El Arenal,20850,L1,V1,2026-02-22 08:36:47,2026-02-22 10:24:31,HQ→TH,2026-02-22,combo_relajado_pase1,20850,20152,290,Estudiante
4014,302322597,Concepcion,Lomas Coloradas,20171,L2,V1,2026-02-22 19:59:22,2026-02-22 21:32:11,CC→CW,2026-02-22,combo_por_entrada,20171,20171,200,Estudiante
4015,302329190,Hualqui,Concepcion,20850,L1,V1,2026-02-22 09:22:20,2026-02-22 10:04:20,HQ→TH,2026-02-22,,20850,20850,180,Estudiante
4016,302329190,Diagonal Bio Bio,Huinca,20053,L2,V1,2026-02-22 12:13:04,2026-02-22 12:44:50,CC→CW,2026-02-22,,20053,20053,230,Estudiante
4017,302329279,Costa Mar,Cdal. Raul Silva Henriquez,20059,L2,V1,2026-02-22 12:45:46,2026-02-22 13:44:21,CC→CW,2026-02-22,,20059,20059,140,Estudiante
4018,302329279,Lomas Coloradas,El Parque,20162,L2,V1,2026-02-22 18:41:16,2026-02-22 19:43:20,CW→CC,2026-02-22,,20162,20162,140,Estudiante
4019,302329280,Huinca,Cdal. Raul Silva Henriquez,20056,L2,V1,2026-02-22 12:21:29,2026-02-22 13:44:20,CW→CC,2026-02-22,,20056,20056,210,Estudiante
4020,302329280,Lomas Coloradas,Los Canelos,20161,L2,V1,2026-02-22 18:41:20,2026-02-22 19:36:12,CC→CW,2026-02-22,,20161,20161,200,Estudiante
4021,302329584,Lomas Coloradas,Concepcion,20052,L2,V1,2026-02-22 11:37:11,2026-02-22 12:02:44,CW→CC,2026-02-22,,20052,20052,190,Estudiante
4022,302332729,Coronel,Hito Galvarino,20076,L2,V1,2026-02-22 16:38:37,2026-02-22 17:02:33,CW→CC,2026-02-22,,20076,20076,180,Estudiante
4023,302332729,Concepcion,Concepcion,,,N/A,2026-02-22 19:12:13,2026-02-22 19:13:00,,2026-02-22,no viajo,,,140,Estudiante
4024,302332729,Concepcion,Lomas Coloradas,20167,L2,V1,2026-02-22 19:58:53,2026-02-22 20:26:00,CC→CW,2026-02-22,,20167,20167,190,Estudiante
4025,302333087,El Parque,Cdal. Raul Silva Henriquez,20167,L2,V1,2026-02-22 20:14:51,2026-02-22 20:29:15,CC→CW,2026-02-22,,20167,20167,140,Estudiante
4026,302345231,Cdal. Raul Silva Henriquez,Costa Mar,20050,L2,V1,2026-02-22 10:58:47,2026-02-22 11:24:50,CW→CC,2026-02-22,,20050,20050,140,Estudiante
4027,302345231,Costa Mar,Cdal. Raul Silva Henriquez,20053,L2,V1,2026-02-22 12:25:26,2026-02-22 12:34:51,CC→CW,2026-02-22,,20053,20053,140,Estudiante
4028,302345386,Lomas Coloradas,Laguna Quinenco,20067,L2,V1,2026-02-22 15:46:04,2026-02-22 16:12:04,CC→CW,2026-02-22,,20067,20067,220,Estudiante
4029,302345386,Laguna Quinenco,Lomas Coloradas,20166,L2,V1,2026-02-22 19:00:32,2026-02-22 19:41:43,CW→CC,2026-02-22,,20166,20166,220,Estudiante
4030,302353327,Concepcion,Laguna Quinenco,20059,L2,V1,2026-02-22 12:01:49,2026-02-22 14:00:35,CC→CW,2026-02-22,combo_por_entrada,20059,20059,300,Estudiante
4031,302353327,Concepcion,Mercado,20846,L1,V1,2026-02-22 15:15:12,2026-02-22 17:59:03,HQ→TH,2026-02-22,combo_por_entrada,20846,20846,300,Estudiante
4032,312037020,Diagonal Bio Bio,Los Canelos,20157,L2,V1,2026-02-22 17:34:44,2026-02-22 18:04:05,CC→CW,2026-02-22,,20157,20157,220,Estudiante
4033,312043082,Juan Pablo II,Cristo Redentor,20059,L2,V1,2026-02-22 13:12:20,2026-02-22 13:58:44,CC→CW,2026-02-22,,20059,20059,230,Estudiante
4034,312043082,Cristo Redentor,Concepcion,20066,L2,V1,2026-02-22 14:35:26,2026-02-22 15:25:31,CW→CC,2026-02-22,,20066,20066,280,Estudiante
4035,312044413,Costa Mar,Juan Pablo II,20056,L2,V1,2026-02-22 12:44:41,2026-02-22 12:54:27,CW→CC,2026-02-22,,20056,20056,170,Estudiante
4036,312051920,Cristo Redentor,Juan Pablo II,20160,L2,V1,2026-02-22 17:39:33,2026-02-22 18:21:27,CW→CC,2026-02-22,,20160,20160,230,Estudiante
4037,312051933,Cristo Redentor,Concepcion,20066,L2,V1,2026-02-22 14:44:30,2026-02-22 15:24:12,CW→CC,2026-02-22,,20066,20066,280,Estudiante
4038,312057380,Cdal. Raul Silva Henriquez,Costa Mar,20056,L2,V1,2026-02-22 12:29:58,2026-02-22 12:46:35,CW→CC,2026-02-22,,20056,20056,140,Estudiante
4039,312067622,Concepcion,Coronel,20051,L2,V1,2026-02-22 11:35:21,2026-02-22 12:28:44,CC→CW,2026-02-22,,20051,20049,290,Estudiante
4040,312121556,Huinca,Concepcion,20076,L2,V1,2026-02-22 16:45:57,2026-02-22 17:28:55,CW→CC,2026-02-22,,20076,20076,280,Estudiante
4041,312130657,Concepcion,Cristo Redentor,20069,L2,V1,2026-02-22 16:22:23,2026-02-22 17:24:49,CC→CW,2026-02-22,,20069,20069,280,Estudiante
4042,312130927,Juan Pablo II,Lomas Coloradas,20167,L2,V1,2026-02-22 19:34:48,2026-02-22 20:25:57,CC→CW,2026-02-22,,20167,20167,170,Estudiante
4043,312131933,Cristo Redentor,El Parque,20152,L2,V1,2026-02-22 08:29:08,2026-02-22 08:59:35,CW→CC,2026-02-22,,20152,20152,210,Estudiante
4044,312131933,El Parque,Cristo Redentor,20163,L2,V1,2026-02-22 19:09:18,2026-02-22 19:40:57,CC→CW,2026-02-22,,20163,20163,210,Estudiante
4045,312132830,Hito Galvarino,Concepcion,20062,L2,V1,2026-02-22 13:54:39,2026-02-22 14:34:47,CW→CC,2026-02-22,,20062,20062,280,Estudiante
4046,312132830,Concepcion,Cdal. Raul Silva Henriquez,20171,L2,V1,2026-02-22 20:45:03,2026-02-22 21:38:04,CC→CW,2026-02-22,,20171,20171,190,Estudiante
4047,312136716,Concepcion,Laguna Quinenco,20067,L2,V1,2026-02-22 15:22:12,2026-02-22 16:11:53,CC→CW,2026-02-22,,20067,20067,290,Estudiante
4048,312152871,Cristo Redentor,Lomas Coloradas,20166,L2,V1,2026-02-22 19:14:19,2026-02-22 19:40:13,CW→CC,2026-02-22,,20166,20166,210,Estudiante
4049,312153267,Pedro Medina,Concepcion,20844,L1,V1,2026-02-22 12:30:36,2026-02-22 13:06:01,HQ→TH,2026-02-22,,20844,20844,170,Estudiante
4050,312158002,Costa Mar,Cdal. Raul Silva Henriquez,20167,L2,V1,2026-02-22 20:11:12,2026-02-22 20:27:55,CC→CW,2026-02-22,,20167,20167,140,Estudiante
4051,312166734,Laguna Quinenco,Concepcion,20040,L2,V1,2026-02-22 09:34:56,2026-02-22 10:22:08,CW→CC,2026-02-22,,20040,20040,290,Estudiante
4052,312171306,Concepcion,Lomas Coloradas,20167,L2,V1,2026-02-22 19:32:17,2026-02-22 20:23:58,CC→CW,2026-02-22,,20167,20167,190,Estudiante
4053,312176504,Coronel,Costa Mar,20056,L2,V1,2026-02-22 11:59:19,2026-02-22 12:57:39,CW→CC,2026-02-22,,20056,20056,220,Estudiante
4054,312176504,El Parque,Coronel,20157,L2,V1,2026-02-22 17:42:23,2026-02-22 18:15:01,CC→CW,2026-02-22,,20157,20157,220,Estudiante
4055,312184792,Hito Galvarino,Concepcion,20044,L2,V1,2026-02-22 10:12:01,2026-02-22 10:50:04,CW→CC,2026-02-22,,20044,20044,280,Estudiante
4056,312184792,Concepcion,Hito Galvarino,20063,L2,V1,2026-02-22 14:13:44,2026-02-22 15:07:34,CC→CW,2026-02-22,,20063,20063,280,Estudiante
4057,312186772,Los Canelos,Laguna Quinenco,20049,L2,V1,2026-02-22 11:58:54,2026-02-22 12:10:18,CC→CW,2026-02-22,,20049,20049,180,Estudiante
4058,312186772,Laguna Quinenco,Los Canelos,20062,L2,V1,2026-02-22 13:47:29,2026-02-22 14:00:07,CW→CC,2026-02-22,,20062,20062,180,Estudiante
4059,312190963,Concepcion,Lomas Coloradas,20171,L2,V1,2026-02-22 20:57:48,2026-02-22 21:32:37,CC→CW,2026-02-22,,20171,20171,190,Estudiante
4060,312195180,Lomas Coloradas,Juan Pablo II,20152,L2,V1,2026-02-22 08:50:31,2026-02-22 09:09:41,CW→CC,2026-02-22,,20152,20152,170,Estudiante
4061,312195180,Juan Pablo II,Cdal. Raul Silva Henriquez,20171,L2,V1,2026-02-22 20:30:43,2026-02-22 21:39:50,CC→CW,2026-02-22,,20171,20171,170,Estudiante
4062,312200782,El Parque,Lomas Coloradas,20153,L2,V1,2026-02-22 09:32:46,2026-02-22 09:39:21,CC→CW,2026-02-22,,20153,20153,140,Estudiante
4063,312200782,Lomas Coloradas,El Parque,20040,L2,V1,2026-02-22 09:57:31,2026-02-22 10:06:24,CW→CC,2026-02-22,,20040,20040,140,Estudiante
4064,312204345,Los Canelos,Juan Pablo II,20160,L2,V1,2026-02-22 17:27:57,2026-02-22 18:22:24,CW→CC,2026-02-22,,20160,20160,220,Estudiante
4065,312204345,Juan Pablo II,Cdal. Raul Silva Henriquez,20171,L2,V1,2026-02-22 20:49:28,2026-02-22 21:38:32,CC→CW,2026-02-22,,20171,20171,170,Estudiante
4066,312204772,Concepcion,Alborada,20171,L2,V1,2026-02-22 20:51:24,2026-02-22 21:23:17,CC→CW,2026-02-22,,20171,20171,190,Estudiante
4067,312207901,Los Canelos,Costa Mar,20160,L2,V1,2026-02-22 17:43:50,2026-02-22 18:13:26,CW→CC,2026-02-22,,20160,20160,200,Estudiante
4068,312211815,Concepcion,Hito Galvarino,20059,L2,V1,2026-02-22 12:28:01,2026-02-22 13:50:33,CC→CW,2026-02-22,combo_por_entrada,20059,20059,300,Estudiante
4069,312222645,Concepcion,Huinca,20163,L2,V1,2026-02-22 18:58:35,2026-02-22 19:38:33,CC→CW,2026-02-22,,20163,20163,280,Estudiante
4070,312242002,Cristo Redentor,Concepcion,20050,L2,V1,2026-02-22 11:00:18,2026-02-22 11:39:42,CW→CC,2026-02-22,,20050,20050,280,Estudiante
4071,312242002,Concepcion,Lomas Coloradas,20167,L2,V1,2026-02-22 19:38:51,2026-02-22 20:24:22,CC→CW,2026-02-22,,20167,20167,190,Estudiante
4072,312242201,Cdal. Raul Silva Henriquez,Concepcion,20062,L2,V1,2026-02-22 14:00:25,2026-02-22 14:35:35,CW→CC,2026-02-22,,20062,20062,190,Estudiante
4073,312242281,Concepcion,Lomas Coloradas,20171,L2,V1,2026-02-22 20:51:51,2026-02-22 21:32:34,CC→CW,2026-02-22,,20171,20171,190,Estudiante
4074,312244549,Los Canelos,Juan Pablo II,20068,L2,V1,2026-02-22 15:46:25,2026-02-22 16:18:36,CW→CC,2026-02-22,,20068,20068,220,Estudiante
4075,312244838,Concepcion,Lomas Coloradas,20171,L2,V1,2026-02-22 20:17:38,2026-02-22 21:31:00,CC→CW,2026-02-22,match_por_salida_fallback,20171,20171,200,Estudiante
4076,312245969,Los Canelos,Concepcion,20040,L2,V1,2026-02-22 09:48:01,2026-02-22 10:22:44,CW→CC,2026-02-22,,20040,20040,280,Estudiante
4077,312246059,Concepcion,Costa Mar,20163,L2,V1,2026-02-22 18:51:01,2026-02-22 19:18:00,CC→CW,2026-02-22,,20163,20163,190,Estudiante
4078,312246094,Lomas Coloradas,Costa Mar,20066,L2,V1,2026-02-22 14:59:48,2026-02-22 15:08:31,CW→CC,2026-02-22,,20066,20066,140,Estudiante
4079,312246265,El Parque,Cristo Redentor,20161,L2,V1,2026-02-22 18:33:07,2026-02-22 19:09:11,CC→CW,2026-02-22,,20161,20161,210,Estudiante
4080,312251450,El Parque,Concepcion,,,N/A,2026-02-22 10:24:11,2026-02-22 10:32:42,,2026-02-22,sin_combo_factible_en_hub|sin_s1_factible_retro,,,190,Estudiante
4081,312256102,El Parque,Concepcion,,,N/A,2026-02-22 20:41:51,2026-02-22 21:04:06,,2026-02-22,sin_combo_factible_en_hub|sin_s1_factible_retro,,,190,Estudiante
4082,312256346,Concepcion,Lomas Coloradas,20153,L2,V1,2026-02-22 09:16:52,2026-02-22 09:38:54,CC→CW,2026-02-22,,20153,20153,190,Estudiante
4083,312265748,Los Canelos,Juan Pablo II,20068,L2,V1,2026-02-22 15:27:35,2026-02-22 16:18:36,CW→CC,2026-02-22,,20068,20068,220,Estudiante
4084,312281570,Lomas Coloradas,Cdal. Raul Silva Henriquez,20161,L2,V1,2026-02-22 18:41:25,2026-02-22 18:53:06,CC→CW,2026-02-22,,20161,20161,140,Estudiante
4085,312281683,Cristo Redentor,Diagonal Bio Bio,20076,L2,V1,2026-02-22 16:44:38,2026-02-22 17:19:31,CW→CC,2026-02-22,,20076,20076,230,Estudiante
4086,312282956,Concepcion,Laguna Quinenco,20161,L2,V1,2026-02-22 17:36:34,2026-02-22 19:11:28,CC→CW,2026-02-22,,20161,20157,290,Estudiante
4087,312285434,El Parque,Concepcion,20162,L2,V1,2026-02-22 18:35:40,2026-02-22 18:59:45,CW→CC,2026-02-22,,20162,20162,190,Estudiante
4088,312293819,Diagonal Bio Bio,Cdal. Raul Silva Henriquez,20167,L2,V1,2026-02-22 20:05:04,2026-02-22 20:29:32,CC→CW,2026-02-22,,20167,20167,170,Estudiante
4089,312300716,Concepcion,Coronel,20161,L2,V1,2026-02-22 18:16:57,2026-02-22 19:14:44,CC→CW,2026-02-22,,20161,20161,290,Estudiante
4090,312305478,Coronel,El Parque,20050,L2,V1,2026-02-22 10:42:03,2026-02-22 11:21:54,CW→CC,2026-02-22,,20050,20050,220,Estudiante
4091,312305535,Hito Galvarino,Concepcion,20056,L2,V1,2026-02-22 12:22:44,2026-02-22 13:04:18,CW→CC,2026-02-22,,20056,20056,280,Estudiante
4092,312305535,Concepcion,Hito Galvarino,20069,L2,V1,2026-02-22 16:18:39,2026-02-22 17:15:46,CC→CW,2026-02-22,,20069,20069,280,Estudiante
4093,312305580,Laguna Quinenco,Costa Mar,20156,L2,V1,2026-02-22 09:14:35,2026-02-22 09:46:58,CW→CC,2026-02-22,,20156,20156,220,Estudiante
4094,312334631,Costa Mar,Concepcion,20058,L2,V1,2026-02-22 12:57:19,2026-02-22 13:16:09,CW→CC,2026-02-22,,20058,20058,190,Estudiante
4095,312340090,Lomas Coloradas,Los Canelos,20059,L2,V1,2026-02-22 13:38:29,2026-02-22 13:53:49,CC→CW,2026-02-22,,20059,20059,200,Estudiante
4096,312340090,Los Canelos,Lomas Coloradas,20076,L2,V1,2026-02-22 16:49:42,2026-02-22 17:07:55,CW→CC,2026-02-22,,20076,20076,200,Estudiante
4097,312343759,Coronel,Concepcion,20160,L2,V1,2026-02-22 17:22:29,2026-02-22 18:30:00,CW→CC,2026-02-22,,20160,20160,290,Estudiante
4098,312353108,Concepcion,Costa Mar,20049,L2,V1,2026-02-22 11:06:47,2026-02-22 11:46:08,CC→CW,2026-02-22,,20049,20049,190,Estudiante
4099,312353197,Diagonal Bio Bio,Costa Mar,20059,L2,V1,2026-02-22 13:22:28,2026-02-22 13:35:36,CC→CW,2026-02-22,,20059,20059,170,Estudiante
4100,312353197,Costa Mar,Diagonal Bio Bio,20068,L2,V1,2026-02-22 16:02:48,2026-02-22 16:14:44,CW→CC,2026-02-22,,20068,20068,170,Estudiante
4101,312355843,Diagonal Bio Bio,Costa Mar,20059,L2,V1,2026-02-22 13:22:31,2026-02-22 13:35:36,CC→CW,2026-02-22,,20059,20059,170,Estudiante
4102,312355843,Costa Mar,Diagonal Bio Bio,20068,L2,V1,2026-02-22 16:02:40,2026-02-22 16:14:45,CW→CC,2026-02-22,,20068,20068,170,Estudiante
4103,312356141,Cdal. Raul Silva Henriquez,Concepcion,20050,L2,V1,2026-02-22 11:12:42,2026-02-22 11:40:23,CW→CC,2026-02-22,,20050,20050,190,Estudiante
4104,312367393,Cristo Redentor,Concepcion,20062,L2,V1,2026-02-22 13:48:54,2026-02-22 14:33:39,CW→CC,2026-02-22,,20062,20062,280,Estudiante
4105,312367452,Concepcion,Cdal. Raul Silva Henriquez,20171,L2,V1,2026-02-22 20:14:16,2026-02-22 21:34:43,CC→CW,2026-02-22,,20171,20171,190,Estudiante
4106,312369360,Costa Mar,Concepcion,20052,L2,V1,2026-02-22 11:43:33,2026-02-22 12:02:40,CW→CC,2026-02-22,,20052,20052,190,Estudiante
4107,312369639,Cristo Redentor,Concepcion,20062,L2,V1,2026-02-22 13:40:42,2026-02-22 14:33:19,CW→CC,2026-02-22,,20062,20062,280,Estudiante
4108,312369694,Los Canelos,Coronel,20053,L2,V1,2026-02-22 12:41:56,2026-02-22 12:52:34,CC→CW,2026-02-22,,20053,20053,180,Estudiante
4109,312371512,Huinca,Juan Pablo II,20056,L2,V1,2026-02-22 12:14:52,2026-02-22 12:54:18,CW→CC,2026-02-22,,20056,20056,230,Estudiante
4110,312373682,Coronel,Cdal. Raul Silva Henriquez,20076,L2,V1,2026-02-22 16:44:18,2026-02-22 17:05:32,CW→CC,2026-02-22,,20076,20076,220,Estudiante
4111,312381982,Hito Galvarino,Concepcion,20166,L2,V1,2026-02-22 19:17:46,2026-02-22 20:02:21,CW→CC,2026-02-22,,20166,20166,280,Estudiante
4112,312382018,La Leonera,Mercado,20844,L1,V1,2026-02-22 12:07:46,2026-02-22 13:27:51,HQ→TH,2026-02-22,,20844,20844,180,Estudiante
4113,312382348,Lomas Coloradas,Concepcion,20066,L2,V1,2026-02-22 14:57:40,2026-02-22 15:22:35,CW→CC,2026-02-22,,20066,20066,190,Estudiante
4114,312382442,Lomas Coloradas,Cristo Redentor,20049,L2,V1,2026-02-22 11:37:34,2026-02-22 12:08:05,CC→CW,2026-02-22,,20049,20049,210,Estudiante
4115,312382677,Concepcion,Coronel,20067,L2,V1,2026-02-22 15:17:05,2026-02-22 16:14:27,CC→CW,2026-02-22,,20067,20067,290,Estudiante
4116,312389408,Concepcion,Cdal. Raul Silva Henriquez,20049,L2,V1,2026-02-22 11:11:38,2026-02-22 11:53:51,CC→CW,2026-02-22,,20049,20049,190,Estudiante
4117,312389408,Cdal. Raul Silva Henriquez,Coronel,20161,L2,V1,2026-02-22 18:46:40,2026-02-22 19:14:34,CC→CW,2026-02-22,,20161,20161,220,Estudiante
4118,312391391,Laguna Quinenco,Los Canelos,20162,L2,V1,2026-02-22 18:11:54,2026-02-22 18:28:48,CW→CC,2026-02-22,,20162,20162,180,Estudiante
4119,312391439,Coronel,Concepcion,20044,L2,V1,2026-02-22 09:55:26,2026-02-22 10:59:23,CW→CC,2026-02-22,,20044,20044,290,Estudiante
4120,312397882,Los Canelos,Juan Pablo II,20062,L2,V1,2026-02-22 13:59:32,2026-02-22 14:26:32,CW→CC,2026-02-22,,20062,20062,220,Estudiante
4121,312405150,Concepcion,Cdal. Raul Silva Henriquez,20167,L2,V1,2026-02-22 19:41:45,2026-02-22 20:28:31,CC→CW,2026-02-22,,20167,20167,190,Estudiante
4122,312408156,Lomas Coloradas,Concepcion,20162,L2,V1,2026-02-22 18:32:24,2026-02-22 19:00:43,CW→CC,2026-02-22,,20162,20162,190,Estudiante
4123,312408330,Los Canelos,Cristo Redentor,20149,L2,V1,2026-02-22 08:55:23,2026-02-22 09:09:42,CC→CW,2026-02-22,,20149,20149,150,Estudiante
4124,312408765,Laguna Quinenco,El Parque,20156,L2,V1,2026-02-22 09:10:16,2026-02-22 09:44:30,CW→CC,2026-02-22,,20156,20156,220,Estudiante
4125,312410330,Costa Mar,Concepcion,20160,L2,V1,2026-02-22 18:07:53,2026-02-22 18:30:41,CW→CC,2026-02-22,,20160,20160,190,Estudiante
4126,312417224,Concepcion,Lomas Coloradas,20067,L2,V1,2026-02-22 15:31:29,2026-02-22 17:06:17,CC→CW,2026-02-22,,20067,20067,190,Estudiante
4127,312420607,Laguna Quinenco,Costa Mar,20156,L2,V1,2026-02-22 09:16:19,2026-02-22 09:46:35,CW→CC,2026-02-22,,20156,20156,220,Estudiante
4128,312420607,Costa Mar,Cristo Redentor,20069,L2,V1,2026-02-22 16:46:36,2026-02-22 17:23:49,CC→CW,2026-02-22,,20069,20069,210,Estudiante
4129,312420817,Coronel,Concepcion,20076,L2,V1,2026-02-22 16:39:22,2026-02-22 17:28:51,CW→CC,2026-02-22,,20076,20076,290,Estudiante
4130,312421031,Diagonal Bio Bio,Alborada,20163,L2,V1,2026-02-22 19:06:20,2026-02-22 19:16:09,CC→CW,2026-02-22,,20163,20163,150,Estudiante
4131,312421031,Alborada,Concepcion,20170,L2,V1,2026-02-22 20:32:40,2026-02-22 21:03:32,CW→CC,2026-02-22,,20170,20170,190,Estudiante
4132,312422270,Concepcion,Costa Mar,20049,L2,V1,2026-02-22 10:57:29,2026-02-22 11:46:37,CC→CW,2026-02-22,,20049,20049,190,Estudiante
4133,312422270,Costa Mar,Concepcion,,,N/A,2026-02-22 20:42:36,2026-02-22 21:03:19,,2026-02-22,sin_combo_factible_en_hub|sin_s1_factible_retro,,,190,Estudiante
4134,312424374,Cristo Redentor,Lomas Coloradas,20052,L2,V1,2026-02-22 11:15:28,2026-02-22 11:43:06,CW→CC,2026-02-22,,20052,20052,210,Estudiante
4135,312424406,Laguna Quinenco,Concepcion,20052,L2,V1,2026-02-22 11:21:57,2026-02-22 12:02:14,CW→CC,2026-02-22,,20052,20052,290,Estudiante
4136,312424496,Concepcion,Lomas Coloradas,20153,L2,V1,2026-02-22 08:47:05,2026-02-22 09:39:32,CC→CW,2026-02-22,,20153,20153,190,Estudiante
4137,312424498,Diagonal Bio Bio,Lomas Coloradas,20161,L2,V1,2026-02-22 18:34:24,2026-02-22 18:49:59,CC→CW,2026-02-22,,20161,20161,170,Estudiante
4138,312425382,Cristo Redentor,Concepcion,20058,L2,V1,2026-02-22 12:28:14,2026-02-22 13:18:37,CW→CC,2026-02-22,,20058,20056,280,Estudiante
4139,312425406,Juan Pablo II,Lomas Coloradas,20167,L2,V1,2026-02-22 20:01:40,2026-02-22 20:25:18,CC→CW,2026-02-22,,20167,20167,170,Estudiante
4140,312425453,Higueras,Concepcion,20845,L1,V1,2026-02-22 15:53:51,2026-02-22 16:25:30,TH→HQ,2026-02-22,,20845,20845,170,Estudiante
4141,312426564,Concepcion,Concepcion,,,N/A,2026-02-22 18:49:32,2026-02-22 18:50:54,,2026-02-22,no viajo,,,140,Estudiante
4142,312426964,Lomas Coloradas,El Parque,20066,L2,V1,2026-02-22 14:50:44,2026-02-22 15:21:44,CW→CC,2026-02-22,,20066,20066,140,Estudiante
4143,312426964,El Parque,Concepcion,20068,L2,V1,2026-02-22 15:53:12,2026-02-22 16:26:47,CW→CC,2026-02-22,,20068,20068,190,Estudiante
4144,312431554,Costa Mar,Coronel,20067,L2,V1,2026-02-22 15:40:06,2026-02-22 16:15:18,CC→CW,2026-02-22,,20067,20067,220,Estudiante
4145,312433411,Cdal. Raul Silva Henriquez,Juan Pablo II,20152,L2,V1,2026-02-22 08:49:09,2026-02-22 09:09:21,CW→CC,2026-02-22,,20152,20152,170,Estudiante
4146,312433411,Concepcion,Cdal. Raul Silva Henriquez,20163,L2,V1,2026-02-22 18:33:12,2026-02-22 19:26:50,CC→CW,2026-02-22,,20163,20161,190,Estudiante
4147,312435905,Los Canelos,Concepcion,20156,L2,V1,2026-02-22 09:25:31,2026-02-22 10:03:23,CW→CC,2026-02-22,,20156,20156,280,Estudiante
4148,312436115,Lzo. Arenas,Manquimavida,20845,L1,V1,2026-02-22 16:15:58,2026-02-22 16:45:57,TH→HQ,2026-02-22,,20845,20845,170,Estudiante
4149,312436319,Concepcion,Cdal. Raul Silva Henriquez,20167,L2,V1,2026-02-22 19:56:49,2026-02-22 20:29:36,CC→CW,2026-02-22,,20167,20167,190,Estudiante
4150,312436353,Huinca,Concepcion,20068,L2,V1,2026-02-22 15:30:11,2026-02-22 16:26:50,CW→CC,2026-02-22,,20068,20068,280,Estudiante
4151,312450236,Concepcion,Cdal. Raul Silva Henriquez,20059,L2,V1,2026-02-22 13:02:43,2026-02-22 13:44:43,CC→CW,2026-02-22,,20059,20059,190,Estudiante
4152,312450315,Cristo Redentor,Concepcion,20160,L2,V1,2026-02-22 17:48:01,2026-02-22 18:28:31,CW→CC,2026-02-22,,20160,20160,280,Estudiante
4153,312460882,Cdal. Raul Silva Henriquez,Concepcion,20162,L2,V1,2026-02-22 18:24:20,2026-02-22 19:03:19,CW→CC,2026-02-22,,20162,20162,190,Estudiante
4154,312460995,Concepcion,Pedro Medina,20845,L1,V1,2026-02-22 16:25:32,2026-02-22 16:43:42,TH→HQ,2026-02-22,,20845,20845,170,Estudiante
4155,312463844,Hito Galvarino,Concepcion,20056,L2,V1,2026-02-22 12:24:08,2026-02-22 13:03:30,CW→CC,2026-02-22,,20056,20056,280,Estudiante
4156,312463844,Concepcion,Cdal. Raul Silva Henriquez,20171,L2,V1,2026-02-22 20:57:49,2026-02-22 21:35:36,CC→CW,2026-02-22,,20171,20171,190,Estudiante
4157,312466713,Concepcion,Cdal. Raul Silva Henriquez,20069,L2,V1,2026-02-22 16:13:40,2026-02-22 17:09:07,CC→CW,2026-02-22,,20069,20069,190,Estudiante
4158,312467076,Coronel,Laguna Quinenco,20162,L2,V1,2026-02-22 18:10:55,2026-02-22 18:21:28,CW→CC,2026-02-22,,20162,20162,150,Estudiante
4159,312472619,Concepcion,El Parque,20035,L2,V1,2026-02-22 09:28:01,2026-02-22 10:21:36,CC→CW,2026-02-22,,20035,20035,190,Estudiante
4160,312477783,Hualqui,Concepcion,20846,L1,V1,2026-02-22 16:58:48,2026-02-22 17:37:52,HQ→TH,2026-02-22,,20846,20846,180,Estudiante
4161,312477783,Concepcion,Concepcion,,,N/A,2026-02-22 17:42:09,2026-02-22 17:43:40,,2026-02-22,no viajo,,,140,Estudiante
4162,312477789,Concepcion,Cdal. Raul Silva Henriquez,20171,L2,V1,2026-02-22 21:01:59,2026-02-22 21:34:37,CC→CW,2026-02-22,,20171,20171,190,Estudiante
4163,312478188,Laguna Quinenco,Concepcion,20160,L2,V1,2026-02-22 17:42:58,2026-02-22 18:29:43,CW→CC,2026-02-22,,20160,20160,290,Estudiante
4164,312485102,Costa Mar,El Parque,20149,L2,V1,2026-02-22 08:42:35,2026-02-22 08:50:13,CC→CW,2026-02-22,,20149,20149,140,Estudiante
4165,312485102,El Parque,Alborada,20170,L2,V1,2026-02-22 20:14:58,2026-02-22 20:50:36,CW→CC,2026-02-22,,20170,20170,170,Estudiante
4166,312485212,Coronel,Concepcion,20056,L2,V1,2026-02-22 12:14:06,2026-02-22 13:04:52,CW→CC,2026-02-22,,20056,20056,290,Estudiante
4167,312485212,Concepcion,Coronel,20067,L2,V1,2026-02-22 15:22:19,2026-02-22 16:14:41,CC→CW,2026-02-22,,20067,20067,290,Estudiante
4168,312485257,Cristo Redentor,Concepcion,20152,L2,V1,2026-02-22 08:32:03,2026-02-22 09:16:37,CW→CC,2026-02-22,,20152,20152,280,Estudiante
4169,312485342,Cristo Redentor,El Parque,20152,L2,V1,2026-02-22 08:33:39,2026-02-22 08:59:38,CW→CC,2026-02-22,,20152,20152,210,Estudiante
4170,312485342,El Parque,Cdal. Raul Silva Henriquez,20167,L2,V1,2026-02-22 20:17:15,2026-02-22 20:30:56,CC→CW,2026-02-22,,20167,20167,210,Estudiante
4171,312485440,UTF Santa Maria,Chiguayante,20857,L1,V1,2026-02-22 08:30:47,2026-02-22 09:12:14,TH→HQ,2026-02-22,,20857,20857,180,Estudiante
4172,312486993,Diagonal Bio Bio,Laguna Quinenco,20161,L2,V1,2026-02-22 18:18:24,2026-02-22 19:12:12,CC→CW,2026-02-22,,20161,20161,260,Estudiante
4173,312487192,Concepcion,El Parque,20063,L2,V1,2026-02-22 14:08:18,2026-02-22 14:57:02,CC→CW,2026-02-22,,20063,20063,190,Estudiante
4174,312497602,Hito Galvarino,Concepcion,20056,L2,V1,2026-02-22 12:16:59,2026-02-22 13:03:40,CW→CC,2026-02-22,,20056,20056,280,Estudiante
4175,312497613,Laguna Quinenco,Juan Pablo II,20160,L2,V1,2026-02-22 17:35:47,2026-02-22 18:21:09,CW→CC,2026-02-22,,20160,20160,260,Estudiante
4176,312497958,Los Canelos,Juan Pablo II,20152,L2,V1,2026-02-22 08:30:35,2026-02-22 09:09:11,CW→CC,2026-02-22,,20152,20152,220,Estudiante
4177,312497958,Concepcion,Cdal. Raul Silva Henriquez,20171,L2,V1,2026-02-22 20:52:33,2026-02-22 21:35:18,CC→CW,2026-02-22,,20171,20171,190,Estudiante
4178,312498121,La Leonera,Concepcion,20844,L1,V1,2026-02-22 12:27:29,2026-02-22 13:08:00,HQ→TH,2026-02-22,,20844,20844,170,Estudiante
4179,312498121,Concepcion,Chiguayante,20845,L1,V1,2026-02-22 16:20:23,2026-02-22 16:41:30,TH→HQ,2026-02-22,,20845,20845,170,Estudiante
4180,312499841,Cdal. Raul Silva Henriquez,Costa Mar,20076,L2,V1,2026-02-22 17:03:15,2026-02-22 17:14:27,CW→CC,2026-02-22,,20076,20076,140,Estudiante
4181,312504628,Los Canelos,Concepcion,20068,L2,V1,2026-02-22 15:45:13,2026-02-22 16:25:01,CW→CC,2026-02-22,,20068,20068,280,Estudiante
4182,312504880,Cristo Redentor,Concepcion,20062,L2,V1,2026-02-22 13:36:23,2026-02-22 14:34:15,CW→CC,2026-02-22,,20062,20062,280,Estudiante
4183,312504880,Concepcion,Los Canelos,20157,L2,V1,2026-02-22 17:19:16,2026-02-22 18:04:35,CC→CW,2026-02-22,,20157,20157,280,Estudiante
4184,312505015,Lomas Coloradas,Costa Mar,20050,L2,V1,2026-02-22 11:17:56,2026-02-22 11:24:50,CW→CC,2026-02-22,,20050,20050,140,Estudiante
4185,312505044,Huinca,Lomas Coloradas,20068,L2,V1,2026-02-22 15:47:14,2026-02-22 16:04:05,CW→CC,2026-02-22,,20068,20068,210,Estudiante
4186,312505044,Lomas Coloradas,Cdal. Raul Silva Henriquez,20167,L2,V1,2026-02-22 20:16:41,2026-02-22 20:31:53,CC→CW,2026-02-22,,20167,20167,140,Estudiante
4187,312505139,Huinca,Diagonal Bio Bio,20052,L2,V1,2026-02-22 11:24:56,2026-02-22 11:52:56,CW→CC,2026-02-22,,20052,20052,230,Estudiante
4188,312505304,Los Canelos,Concepcion,20056,L2,V1,2026-02-22 12:28:45,2026-02-22 13:17:03,CW→CC,2026-02-22,,20056,20056,280,Estudiante
4189,312505304,Concepcion,Concepcion,,,N/A,2026-02-22 15:40:23,2026-02-22 15:41:07,,2026-02-22,no viajo,,,140,Estudiante
4190,312505899,Concepcion,Cdal. Raul Silva Henriquez,20059,L2,V1,2026-02-22 13:01:43,2026-02-22 13:44:42,CC→CW,2026-02-22,,20059,20059,190,Estudiante
4191,312506010,Los Canelos,El Parque,20156,L2,V1,2026-02-22 09:25:49,2026-02-22 09:44:39,CW→CC,2026-02-22,,20156,20156,200,Estudiante
4192,312506010,El Parque,Cdal. Raul Silva Henriquez,20167,L2,V1,2026-02-22 20:14:40,2026-02-22 20:28:57,CC→CW,2026-02-22,,20167,20167,200,Estudiante
4193,312506030,Los Canelos,Juan Pablo II,20152,L2,V1,2026-02-22 08:35:25,2026-02-22 09:09:00,CW→CC,2026-02-22,,20152,20152,220,Estudiante
4194,312506031,Huinca,El Parque,20040,L2,V1,2026-02-22 09:37:08,2026-02-22 10:05:48,CW→CC,2026-02-22,,20040,20040,210,Estudiante
4195,312506073,Concepcion,Cdal. Raul Silva Henriquez,20069,L2,V1,2026-02-22 16:09:06,2026-02-22 17:08:54,CC→CW,2026-02-22,,20069,20069,190,Estudiante
4196,312506151,Huinca,Diagonal Bio Bio,20076,L2,V1,2026-02-22 16:47:02,2026-02-22 17:19:58,CW→CC,2026-02-22,,20076,20076,230,Estudiante
4197,312506151,Diagonal Bio Bio,Cdal. Raul Silva Henriquez,20167,L2,V1,2026-02-22 20:04:18,2026-02-22 20:32:57,CC→CW,2026-02-22,,20167,20167,170,Estudiante
4198,312506170,Diagonal Bio Bio,Concepcion,20156,L2,V1,2026-02-22 09:50:24,2026-02-22 10:02:54,CW→CC,2026-02-22,,20156,20156,190,Estudiante
4199,312506170,Concepcion,Diagonal Bio Bio,20161,L2,V1,2026-02-22 18:24:51,2026-02-22 18:40:06,CC→CW,2026-02-22,,20161,20161,190,Estudiante
4200,312506196,Hito Galvarino,Juan Pablo II,20166,L2,V1,2026-02-22 19:30:18,2026-02-22 19:54:01,CW→CC,2026-02-22,,20166,20166,220,Estudiante
4201,312506304,Hito Galvarino,Laguna Quinenco,20063,L2,V1,2026-02-22 14:53:44,2026-02-22 15:17:34,CC→CW,2026-02-22,,20063,20063,180,Estudiante
4202,312508143,Concepcion,El Parque,20153,L2,V1,2026-02-22 09:16:15,2026-02-22 09:36:31,CC→CW,2026-02-22,,20153,20153,190,Estudiante
4203,312515507,Cristo Redentor,Costa Mar,20156,L2,V1,2026-02-22 09:09:10,2026-02-22 09:46:35,CW→CC,2026-02-22,,20156,20156,210,Estudiante
4204,312515507,Costa Mar,Cristo Redentor,20069,L2,V1,2026-02-22 16:46:35,2026-02-22 17:23:52,CC→CW,2026-02-22,,20069,20069,210,Estudiante
4205,312515747,Cdal. Raul Silva Henriquez,Concepcion,20162,L2,V1,2026-02-22 18:26:04,2026-02-22 19:01:10,CW→CC,2026-02-22,,20162,20162,190,Estudiante
4206,312515806,Coronel,Concepcion,20044,L2,V1,2026-02-22 10:06:35,2026-02-22 12:04:14,CW→CC,2026-02-22,,20044,20044,290,Estudiante
4207,312515806,Concepcion,Cdal. Raul Silva Henriquez,20167,L2,V1,2026-02-22 19:57:11,2026-02-22 20:30:45,CC→CW,2026-02-22,,20167,20167,190,Estudiante
4208,312522818,Concepcion,Cdal. Raul Silva Henriquez,20171,L2,V1,2026-02-22 20:54:07,2026-02-22 21:34:29,CC→CW,2026-02-22,,20171,20171,190,Estudiante
4209,312524654,Concepcion,Lomas Coloradas,20049,L2,V1,2026-02-22 10:35:30,2026-02-22 11:51:08,CC→CW,2026-02-22,,20049,20041,190,Estudiante
4210,312535043,Higueras,Chiguayante,20845,L1,V1,2026-02-22 16:06:22,2026-02-22 16:40:45,TH→HQ,2026-02-22,,20845,20845,180,Estudiante
4211,312535085,Concepcion,Costa Mar,20035,L2,V1,2026-02-22 09:23:47,2026-02-22 10:44:04,CC→CW,2026-02-22,combo_por_entrada,20035,20035,200,Estudiante
4212,312535211,Los Canelos,Concepcion,20040,L2,V1,2026-02-22 09:47:42,2026-02-22 10:22:02,CW→CC,2026-02-22,,20040,20040,280,Estudiante
4213,312535218,Coronel,Concepcion,20162,L2,V1,2026-02-22 18:13:10,2026-02-22 18:59:47,CW→CC,2026-02-22,,20162,20162,290,Estudiante
4214,312535225,Lomas Coloradas,Cdal. Raul Silva Henriquez,20167,L2,V1,2026-02-22 20:21:28,2026-02-22 20:30:46,CC→CW,2026-02-22,,20167,20167,140,Estudiante
4215,312537496,Cristo Redentor,Los Canelos,20152,L2,V1,2026-02-22 08:36:13,2026-02-22 08:43:24,CW→CC,2026-02-22,,20152,20152,150,Estudiante
4216,312537525,Concepcion,Cdal. Raul Silva Henriquez,20171,L2,V1,2026-02-22 20:57:52,2026-02-22 21:35:01,CC→CW,2026-02-22,,20171,20171,190,Estudiante
4217,312537678,Concepcion,Lzo. Arenas,20850,L1,V1,2026-02-22 09:45:11,2026-02-22 10:11:36,HQ→TH,2026-02-22,combo_relajado_pase1,20850,20850,170,Estudiante
4218,312537678,Mercado,La Leonera,20847,L1,V1,2026-02-22 19:47:14,2026-02-22 20:48:20,TH→HQ,2026-02-22,,20847,20847,180,Estudiante
4219,312537687,Coronel,Concepcion,20044,L2,V1,2026-02-22 09:55:21,2026-02-22 10:59:18,CW→CC,2026-02-22,,20044,20044,290,Estudiante
4220,312537762,Juan Pablo II,Cristo Redentor,20063,L2,V1,2026-02-22 14:37:47,2026-02-22 15:15:20,CC→CW,2026-02-22,,20063,20063,230,Estudiante
4221,312540364,Cristo Redentor,Concepcion,20156,L2,V1,2026-02-22 09:24:10,2026-02-22 10:03:42,CW→CC,2026-02-22,,20156,20156,280,Estudiante
4222,312540364,Concepcion,Cdal. Raul Silva Henriquez,20167,L2,V1,2026-02-22 19:55:07,2026-02-22 20:28:54,CC→CW,2026-02-22,,20167,20167,190,Estudiante
4223,312540814,Cdal. Raul Silva Henriquez,Concepcion,20058,L2,V1,2026-02-22 12:45:29,2026-02-22 13:16:41,CW→CC,2026-02-22,,20058,20058,190,Estudiante
4224,312551864,Huinca,Concepcion,20068,L2,V1,2026-02-22 15:29:56,2026-02-22 16:25:16,CW→CC,2026-02-22,,20068,20068,280,Estudiante
4225,312551884,Cristo Redentor,Laguna Quinenco,20149,L2,V1,2026-02-22 09:08:00,2026-02-22 09:12:54,CC→CW,2026-02-22,,20149,20149,150,Estudiante
4226,312551949,Concepcion,Concepcion,,,N/A,2026-02-22 13:32:48,2026-02-22 13:33:16,,2026-02-22,no viajo,,,140,Estudiante
4227,312552108,Concepcion,Laguna Quinenco,20059,L2,V1,2026-02-22 13:08:22,2026-02-22 14:01:53,CC→CW,2026-02-22,,20059,20059,290,Estudiante
4228,312552209,Cristo Redentor,Concepcion,20044,L2,V1,2026-02-22 10:06:04,2026-02-22 10:49:26,CW→CC,2026-02-22,,20044,20044,280,Estudiante
4229,312552215,Concepcion,Costa Mar,20049,L2,V1,2026-02-22 11:18:50,2026-02-22 11:46:17,CC→CW,2026-02-22,,20049,20049,190,Estudiante
4230,312552287,Concepcion,El Parque,20059,L2,V1,2026-02-22 12:10:39,2026-02-22 13:39:52,CC→CW,2026-02-22,combo_por_entrada,20059,20059,200,Estudiante
4231,312552287,El Parque,Concepcion,20068,L2,V1,2026-02-22 15:55:10,2026-02-22 16:25:34,CW→CC,2026-02-22,,20068,20068,190,Estudiante
4232,312552287,Concepcion,Mercado,20846,L1,V1,2026-02-22 17:31:11,2026-02-22 18:00:43,HQ→TH,2026-02-22,,20846,20846,180,Estudiante
4233,312555542,Lomas Coloradas,Concepcion,20062,L2,V1,2026-02-22 14:03:07,2026-02-22 14:36:44,CW→CC,2026-02-22,,20062,20062,190,Estudiante
4234,312555664,Concepcion,Manquimavida,20845,L1,V1,2026-02-22 15:38:35,2026-02-22 16:46:37,TH→HQ,2026-02-22,combo_por_entrada,20845,20068,300,Estudiante
4235,312555835,Concepcion,Coronel,20161,L2,V1,2026-02-22 18:01:12,2026-02-22 19:14:49,CC→CW,2026-02-22,,20161,20161,290,Estudiante
4236,312555877,Huinca,Concepcion,20052,L2,V1,2026-02-22 11:12:19,2026-02-22 12:04:25,CW→CC,2026-02-22,,20052,20052,280,Estudiante
4237,312555877,Concepcion,Cdal. Raul Silva Henriquez,20167,L2,V1,2026-02-22 19:54:41,2026-02-22 20:34:16,CC→CW,2026-02-22,,20167,20167,190,Estudiante
4238,312555909,Concepcion,Cdal. Raul Silva Henriquez,20167,L2,V1,2026-02-22 19:55:33,2026-02-22 20:30:38,CC→CW,2026-02-22,,20167,20167,190,Estudiante
4239,312555960,Coronel,Costa Mar,20052,L2,V1,2026-02-22 11:08:55,2026-02-22 11:47:32,CW→CC,2026-02-22,,20052,20052,220,Estudiante
4240,312559425,El Parque,Costa Mar,20162,L2,V1,2026-02-22 18:31:17,2026-02-22 18:45:29,CW→CC,2026-02-22,,20162,20162,140,Estudiante
4241,312559433,Concepcion,Cristo Redentor,20069,L2,V1,2026-02-22 16:45:04,2026-02-22 18:09:27,CC→CW,2026-02-22,,20069,20069,280,Estudiante
4242,312559449,Cristo Redentor,Lomas Coloradas,20052,L2,V1,2026-02-22 11:15:30,2026-02-22 11:43:02,CW→CC,2026-02-22,,20052,20052,210,Estudiante
4243,312559592,Concepcion,Coronel,20067,L2,V1,2026-02-22 15:17:07,2026-02-22 16:14:25,CC→CW,2026-02-22,,20067,20067,290,Estudiante
4244,312559687,Juan Pablo II,Cristo Redentor,20059,L2,V1,2026-02-22 13:03:59,2026-02-22 13:59:32,CC→CW,2026-02-22,,20059,20059,230,Estudiante
4245,312559687,Cristo Redentor,Alborada,20066,L2,V1,2026-02-22 14:25:29,2026-02-22 15:11:15,CW→CC,2026-02-22,,20066,20066,230,Estudiante
4246,312559693,Concepcion,Lomas Coloradas,20167,L2,V1,2026-02-22 19:56:52,2026-02-22 20:25:48,CC→CW,2026-02-22,,20167,20167,190,Estudiante
4247,312560909,Lomas Coloradas,Concepcion,20044,L2,V1,2026-02-22 10:27:14,2026-02-22 11:01:16,CW→CC,2026-02-22,,20044,20044,190,Estudiante
4248,312560978,Hito Galvarino,Laguna Quinenco,20063,L2,V1,2026-02-22 15:02:42,2026-02-22 15:17:40,CC→CW,2026-02-22,,20063,20063,180,Estudiante
4249,312561296,Lomas Coloradas,Juan Pablo II,20052,L2,V1,2026-02-22 11:36:00,2026-02-22 11:55:49,CW→CC,2026-02-22,,20052,20052,170,Estudiante
4250,312561509,Concepcion,Concepcion,,,N/A,2026-02-22 10:54:47,2026-02-22 11:13:53,,2026-02-22,no viajo,,,140,Estudiante
4251,312561509,Concepcion,Concepcion,,,N/A,2026-02-22 18:01:07,2026-02-22 18:01:45,,2026-02-22,no viajo,,,140,Estudiante
4252,312561584,Concepcion,Hito Galvarino,20069,L2,V1,2026-02-22 16:11:33,2026-02-22 17:15:45,CC→CW,2026-02-22,,20069,20069,280,Estudiante
4253,312561598,Diagonal Bio Bio,Lomas Coloradas,20167,L2,V1,2026-02-22 20:08:35,2026-02-22 20:24:33,CC→CW,2026-02-22,,20167,20167,170,Estudiante
4254,312561797,Laguna Quinenco,Cdal. Raul Silva Henriquez,20166,L2,V1,2026-02-22 19:12:18,2026-02-22 19:37:48,CW→CC,2026-02-22,,20166,20166,220,Estudiante
4255,312561843,Concepcion,Costa Mar,20067,L2,V1,2026-02-22 15:20:35,2026-02-22 15:45:24,CC→CW,2026-02-22,,20067,20067,190,Estudiante
4256,312565067,Concepcion,Coronel,20153,L2,V1,2026-02-22 09:00:57,2026-02-22 10:03:44,CC→CW,2026-02-22,,20153,20153,290,Estudiante
4257,312568585,Los Condores,Pedro Medina,20847,L1,V1,2026-02-22 20:01:46,2026-02-22 20:44:16,TH→HQ,2026-02-22,,20847,20847,180,Estudiante
4258,312568638,Coronel,Juan Pablo II,20056,L2,V1,2026-02-22 12:19:46,2026-02-22 13:08:36,CW→CC,2026-02-22,,20056,20056,260,Estudiante
4259,312568792,Huinca,Concepcion,20044,L2,V1,2026-02-22 10:08:52,2026-02-22 10:49:41,CW→CC,2026-02-22,,20044,20044,280,Estudiante
4260,312568802,Huinca,Lomas Coloradas,20166,L2,V1,2026-02-22 19:21:55,2026-02-22 19:39:58,CW→CC,2026-02-22,,20166,20166,210,Estudiante
4261,312573900,Cdal. Raul Silva Henriquez,Juan Pablo II,20052,L2,V1,2026-02-22 11:38:37,2026-02-22 11:55:58,CW→CC,2026-02-22,,20052,20052,170,Estudiante
4262,312573977,Concepcion,Lomas Coloradas,20059,L2,V1,2026-02-22 12:36:51,2026-02-22 13:42:05,CC→CW,2026-02-22,combo_por_entrada,20059,20059,190,Estudiante
4263,312574003,Concepcion,Costa Mar,20059,L2,V1,2026-02-22 13:18:22,2026-02-22 13:35:32,CC→CW,2026-02-22,,20059,20059,190,Estudiante
4264,312574007,Concepcion,Lomas Coloradas,20059,L2,V1,2026-02-22 12:37:09,2026-02-22 13:41:58,CC→CW,2026-02-22,combo_por_entrada,20059,20059,190,Estudiante
4265,312575284,Cristo Redentor,Los Canelos,20066,L2,V1,2026-02-22 14:43:40,2026-02-22 14:50:47,CW→CC,2026-02-22,,20066,20066,150,Estudiante
4266,312575921,Concepcion,Cristo Redentor,20059,L2,V1,2026-02-22 13:10:26,2026-02-22 13:58:29,CC→CW,2026-02-22,,20059,20059,280,Estudiante
4267,312575990,Coronel,Concepcion,20068,L2,V1,2026-02-22 15:24:12,2026-02-22 16:27:47,CW→CC,2026-02-22,,20068,20068,290,Estudiante
4268,312575990,Concepcion,Concepcion,,,N/A,2026-02-22 16:30:48,2026-02-22 16:32:31,,2026-02-22,no viajo,,,140,Estudiante
4269,312575990,Concepcion,Concepcion,,,N/A,2026-02-22 19:46:08,2026-02-22 19:51:11,,2026-02-22,no viajo,,,140,Estudiante
4270,312576209,Diagonal Bio Bio,Concepcion,20050,L2,V1,2026-02-22 11:31:39,2026-02-22 12:03:16,CW→CC,2026-02-22,,20050,20050,190,Estudiante
4271,312576259,Diagonal Bio Bio,Lomas Coloradas,20069,L2,V1,2026-02-22 16:47:34,2026-02-22 17:05:43,CC→CW,2026-02-22,,20069,20069,170,Estudiante
4272,312577462,Coronel,Concepcion,20068,L2,V1,2026-02-22 15:16:44,2026-02-22 16:25:52,CW→CC,2026-02-22,,20068,20068,290,Estudiante
4273,312578961,Cdal. Raul Silva Henriquez,Concepcion,20068,L2,V1,2026-02-22 15:55:09,2026-02-22 16:25:05,CW→CC,2026-02-22,,20068,20068,190,Estudiante
4274,312578961,Concepcion,Cdal. Raul Silva Henriquez,20171,L2,V1,2026-02-22 21:01:33,2026-02-22 21:35:27,CC→CW,2026-02-22,,20171,20171,190,Estudiante
4275,312579044,Coronel,El Parque,20156,L2,V1,2026-02-22 09:14:51,2026-02-22 09:45:51,CW→CC,2026-02-22,,20156,20156,220,Estudiante
4276,312579044,El Parque,Cdal. Raul Silva Henriquez,20167,L2,V1,2026-02-22 20:19:36,2026-02-22 20:52:06,CC→CW,2026-02-22,,20167,20167,140,Estudiante
4277,312579098,Huinca,Concepcion,20068,L2,V1,2026-02-22 15:37:47,2026-02-22 16:26:35,CW→CC,2026-02-22,,20068,20068,280,Estudiante
4278,312579214,Cristo Redentor,Concepcion,20160,L2,V1,2026-02-22 17:33:09,2026-02-22 18:29:42,CW→CC,2026-02-22,,20160,20160,280,Estudiante
4279,312586742,Lomas Coloradas,El Parque,20050,L2,V1,2026-02-22 11:09:46,2026-02-22 11:21:55,CW→CC,2026-02-22,,20050,20050,140,Estudiante
4280,312592904,Concepcion,Costa Mar,20059,L2,V1,2026-02-22 13:03:16,2026-02-22 13:36:34,CC→CW,2026-02-22,,20059,20059,190,Estudiante
4281,312593034,Lomas Coloradas,Concepcion,20044,L2,V1,2026-02-22 10:27:22,2026-02-22 10:49:21,CW→CC,2026-02-22,,20044,20044,190,Estudiante
4282,312593077,Concepcion,Cdal. Raul Silva Henriquez,20067,L2,V1,2026-02-22 15:27:38,2026-02-22 15:54:37,CC→CW,2026-02-22,,20067,20067,190,Estudiante
4283,312593098,Alborada,Concepcion,20162,L2,V1,2026-02-22 18:33:29,2026-02-22 19:01:21,CW→CC,2026-02-22,,20162,20162,190,Estudiante
4284,312593309,Juan Pablo II,Cristo Redentor,20161,L2,V1,2026-02-22 18:04:59,2026-02-22 19:08:24,CC→CW,2026-02-22,,20161,20161,230,Estudiante
4285,312593339,Coronel,Laguna Quinenco,20050,L2,V1,2026-02-22 10:55:11,2026-02-22 11:00:43,CW→CC,2026-02-22,,20050,20050,150,Estudiante
4286,312595693,Laguna Quinenco,Concepcion,20152,L2,V1,2026-02-22 08:34:25,2026-02-22 09:15:44,CW→CC,2026-02-22,,20152,20152,290,Estudiante
4287,312598882,Los Canelos,El Parque,20156,L2,V1,2026-02-22 09:25:51,2026-02-22 09:44:36,CW→CC,2026-02-22,,20156,20156,200,Estudiante
4288,312598882,El Parque,Cdal. Raul Silva Henriquez,20167,L2,V1,2026-02-22 20:06:36,2026-02-22 20:29:47,CC→CW,2026-02-22,,20167,20167,140,Estudiante
4289,312598883,Concepcion,Huinca,20059,L2,V1,2026-02-22 13:07:39,2026-02-22 13:55:31,CC→CW,2026-02-22,,20059,20059,280,Estudiante
4290,312598999,Laguna Quinenco,Concepcion,20058,L2,V1,2026-02-22 12:27:19,2026-02-22 13:17:20,CW→CC,2026-02-22,,20058,20058,290,Estudiante
4291,312599020,Alborada,Laguna Quinenco,20157,L2,V1,2026-02-22 17:13:40,2026-02-22 18:12:56,CC→CW,2026-02-22,,20157,20157,260,Estudiante
4292,312599079,Los Canelos,Coronel,20157,L2,V1,2026-02-22 18:00:56,2026-02-22 18:14:27,CC→CW,2026-02-22,,20157,20157,180,Estudiante
4293,312599176,Huinca,Diagonal Bio Bio,20068,L2,V1,2026-02-22 15:44:36,2026-02-22 16:14:53,CW→CC,2026-02-22,,20068,20068,230,Estudiante
4294,312599304,Laguna Quinenco,Concepcion,20040,L2,V1,2026-02-22 09:41:46,2026-02-22 10:23:23,CW→CC,2026-02-22,,20040,20040,290,Estudiante
4295,312599304,Concepcion,Cdal. Raul Silva Henriquez,20167,L2,V1,2026-02-22 19:45:52,2026-02-22 20:30:03,CC→CW,2026-02-22,,20167,20167,190,Estudiante
4296,312601464,Hito Galvarino,Laguna Quinenco,20063,L2,V1,2026-02-22 15:04:29,2026-02-22 15:17:36,CC→CW,2026-02-22,,20063,20063,180,Estudiante
4297,312601566,El Parque,Los Canelos,20163,L2,V1,2026-02-22 19:19:13,2026-02-22 19:37:32,CC→CW,2026-02-22,,20163,20163,200,Estudiante
4298,312601788,Cdal. Raul Silva Henriquez,Concepcion,20062,L2,V1,2026-02-22 13:53:39,2026-02-22 14:34:08,CW→CC,2026-02-22,,20062,20062,190,Estudiante
4299,312601788,Concepcion,Cdal. Raul Silva Henriquez,20163,L2,V1,2026-02-22 18:52:26,2026-02-22 19:27:57,CC→CW,2026-02-22,,20163,20163,190,Estudiante
4300,312602521,Concepcion,Cristo Redentor,20059,L2,V1,2026-02-22 12:15:36,2026-02-22 13:57:48,CC→CW,2026-02-22,combo_por_entrada,20059,20059,300,Estudiante
4301,312602698,Cdal. Raul Silva Henriquez,El Parque,20068,L2,V1,2026-02-22 15:47:42,2026-02-22 16:07:42,CW→CC,2026-02-22,,20068,20068,140,Estudiante
4302,312609389,Juan Pablo II,Cristo Redentor,20069,L2,V1,2026-02-22 16:26:31,2026-02-22 17:24:19,CC→CW,2026-02-22,,20069,20069,230,Estudiante
4303,312609565,Concepcion,Huinca,20063,L2,V1,2026-02-22 14:30:07,2026-02-22 15:13:27,CC→CW,2026-02-22,,20063,20063,280,Estudiante
4304,312609636,Hito Galvarino,Concepcion,20162,L2,V1,2026-02-22 18:24:57,2026-02-22 19:00:21,CW→CC,2026-02-22,,20162,20162,280,Estudiante
4305,312609664,Manquimavida,UTF Santa Maria,20844,L1,V1,2026-02-22 12:27:34,2026-02-22 13:12:42,HQ→TH,2026-02-22,,20844,20844,180,Estudiante
4306,312610369,Cdal. Raul Silva Henriquez,Concepcion,20156,L2,V1,2026-02-22 09:24:05,2026-02-22 10:02:53,CW→CC,2026-02-22,,20156,20156,190,Estudiante
4307,312610396,Alborada,Cdal. Raul Silva Henriquez,20067,L2,V1,2026-02-22 15:40:14,2026-02-22 15:54:51,CC→CW,2026-02-22,,20067,20067,170,Estudiante
4308,312610420,Cristo Redentor,Costa Mar,20056,L2,V1,2026-02-22 12:22:50,2026-02-22 12:46:29,CW→CC,2026-02-22,,20056,20056,210,Estudiante
4309,312610787,Los Canelos,Concepcion,20152,L2,V1,2026-02-22 08:01:14,2026-02-22 09:16:48,CW→CC,2026-02-22,,20152,20152,280,Estudiante
4310,312610787,Concepcion,Cdal. Raul Silva Henriquez,20167,L2,V1,2026-02-22 19:52:36,2026-02-22 20:29:54,CC→CW,2026-02-22,,20167,20167,190,Estudiante
4311,312611744,Concepcion,Laguna Quinenco,20041,L2,V1,2026-02-22 10:07:18,2026-02-22 11:09:36,CC→CW,2026-02-22,,20041,20035,290,Estudiante
4312,312611822,Coronel,El Parque,20056,L2,V1,2026-02-22 12:18:15,2026-02-22 12:58:11,CW→CC,2026-02-22,,20056,20056,220,Estudiante
4313,312611822,El Parque,Coronel,20161,L2,V1,2026-02-22 18:42:04,2026-02-22 19:15:20,CC→CW,2026-02-22,,20161,20161,220,Estudiante
4314,312617739,Concepcion,Cdal. Raul Silva Henriquez,20167,L2,V1,2026-02-22 19:43:31,2026-02-22 20:28:30,CC→CW,2026-02-22,,20167,20167,190,Estudiante
4315,312618405,Cdal. Raul Silva Henriquez,Concepcion,20040,L2,V1,2026-02-22 09:58:33,2026-02-22 10:22:40,CW→CC,2026-02-22,,20040,20040,190,Estudiante
4316,312618524,Cristo Redentor,Costa Mar,20068,L2,V1,2026-02-22 15:06:20,2026-02-22 16:09:33,CW→CC,2026-02-22,,20068,20068,210,Estudiante
4317,312618529,Cdal. Raul Silva Henriquez,Concepcion,20152,L2,V1,2026-02-22 08:51:34,2026-02-22 09:16:33,CW→CC,2026-02-22,,20152,20152,190,Estudiante
4318,312618529,Concepcion,Cdal. Raul Silva Henriquez,20171,L2,V1,2026-02-22 20:47:15,2026-02-22 21:34:27,CC→CW,2026-02-22,,20171,20171,190,Estudiante
4319,312618535,Costa Mar,Concepcion,20040,L2,V1,2026-02-22 10:06:58,2026-02-22 10:21:57,CW→CC,2026-02-22,,20040,20040,190,Estudiante
4320,312618542,Los Canelos,Concepcion,20062,L2,V1,2026-02-22 13:53:16,2026-02-22 14:33:08,CW→CC,2026-02-22,,20062,20062,280,Estudiante
4321,312618660,Cristo Redentor,Huinca,20044,L2,V1,2026-02-22 10:05:05,2026-02-22 10:13:54,CW→CC,2026-02-22,,20044,20044,150,Estudiante
4322,312618696,Cristo Redentor,Lomas Coloradas,20040,L2,V1,2026-02-22 09:36:12,2026-02-22 10:03:06,CW→CC,2026-02-22,,20040,20040,210,Estudiante
4323,312618753,Cristo Redentor,Juan Pablo II,20156,L2,V1,2026-02-22 09:23:59,2026-02-22 09:53:56,CW→CC,2026-02-22,,20156,20156,230,Estudiante
4324,312618761,Huinca,Cdal. Raul Silva Henriquez,20050,L2,V1,2026-02-22 10:55:47,2026-02-22 11:16:10,CW→CC,2026-02-22,,20050,20050,210,Estudiante
4325,312618781,Hito Galvarino,Diagonal Bio Bio,20166,L2,V1,2026-02-22 19:23:43,2026-02-22 19:50:28,CW→CC,2026-02-22,,20166,20166,220,Estudiante
4326,312618837,Concepcion,Lomas Coloradas,20053,L2,V1,2026-02-22 12:08:02,2026-02-22 12:31:31,CC→CW,2026-02-22,,20053,20053,190,Estudiante
4327,312621871,Cristo Redentor,Concepcion,20058,L2,V1,2026-02-22 12:32:23,2026-02-22 13:16:25,CW→CC,2026-02-22,,20058,20058,280,Estudiante
4328,312621871,Concepcion,Cdal. Raul Silva Henriquez,20167,L2,V1,2026-02-22 19:35:48,2026-02-22 20:29:30,CC→CW,2026-02-22,,20167,20167,190,Estudiante
4329,312621919,Concepcion,Cdal. Raul Silva Henriquez,20063,L2,V1,2026-02-22 14:11:04,2026-02-22 15:01:20,CC→CW,2026-02-22,,20063,20063,190,Estudiante
4330,312621930,Laguna Quinenco,Concepcion,20056,L2,V1,2026-02-22 11:34:09,2026-02-22 13:06:50,CW→CC,2026-02-22,,20056,20056,290,Estudiante
4331,312621930,Concepcion,Huinca,20069,L2,V1,2026-02-22 16:39:53,2026-02-22 17:22:28,CC→CW,2026-02-22,,20069,20069,280,Estudiante
4332,312621953,Diagonal Bio Bio,Concepcion,20152,L2,V1,2026-02-22 09:00:32,2026-02-22 09:15:52,CW→CC,2026-02-22,,20152,20152,190,Estudiante
4333,312622058,Cristo Redentor,Hito Galvarino,20066,L2,V1,2026-02-22 14:40:02,2026-02-22 14:54:05,CW→CC,2026-02-22,,20066,20066,150,Estudiante
4334,312628422,Lzo. Arenas,La Leonera,20845,L1,V1,2026-02-22 16:15:58,2026-02-22 16:48:33,TH→HQ,2026-02-22,,20845,20845,170,Estudiante
4335,312628463,Lomas Coloradas,Concepcion,20068,L2,V1,2026-02-22 16:01:15,2026-02-22 16:24:41,CW→CC,2026-02-22,,20068,20068,190,Estudiante
4336,312628487,Concepcion,Juan Pablo II,20067,L2,V1,2026-02-22 15:19:48,2026-02-22 15:38:08,CC→CW,2026-02-22,,20067,20067,190,Estudiante
4337,312628487,Juan Pablo II,Concepcion,20166,L2,V1,2026-02-22 19:34:58,2026-02-22 19:59:31,CW→CC,2026-02-22,,20166,20166,190,Estudiante
4338,312628520,Concepcion,Los Canelos,20163,L2,V1,2026-02-22 18:53:58,2026-02-22 19:36:50,CC→CW,2026-02-22,,20163,20163,280,Estudiante
4339,312628522,Concepcion,Cristo Redentor,20049,L2,V1,2026-02-22 11:25:57,2026-02-22 12:07:14,CC→CW,2026-02-22,,20049,20049,280,Estudiante
4340,312628600,Cdal. Raul Silva Henriquez,Concepcion,20066,L2,V1,2026-02-22 14:56:47,2026-02-22 15:25:46,CW→CC,2026-02-22,,20066,20066,190,Estudiante
4341,312628600,Concepcion,Cdal. Raul Silva Henriquez,20161,L2,V1,2026-02-22 18:00:38,2026-02-22 18:53:41,CC→CW,2026-02-22,,20161,20161,190,Estudiante
4342,312628630,Concepcion,Lomas Coloradas,20171,L2,V1,2026-02-22 20:25:14,2026-02-22 21:32:51,CC→CW,2026-02-22,match_por_salida_fallback,20171,20848,200,Estudiante
4343,312628782,Cdal. Raul Silva Henriquez,Concepcion,20040,L2,V1,2026-02-22 09:57:53,2026-02-22 10:21:44,CW→CC,2026-02-22,,20040,20040,190,Estudiante
4344,312628782,Concepcion,Cdal. Raul Silva Henriquez,20053,L2,V1,2026-02-22 12:00:53,2026-02-22 12:34:04,CC→CW,2026-02-22,,20053,20053,190,Estudiante
4345,312628838,Hito Galvarino,Concepcion,20156,L2,V1,2026-02-22 09:24:28,2026-02-22 10:02:54,CW→CC,2026-02-22,,20156,20156,280,Estudiante
4346,312628838,Concepcion,Cdal. Raul Silva Henriquez,20171,L2,V1,2026-02-22 20:57:19,2026-02-22 21:38:28,CC→CW,2026-02-22,,20171,20171,190,Estudiante
4347,312628854,Lomas Coloradas,Concepcion,20062,L2,V1,2026-02-22 14:10:00,2026-02-22 14:32:43,CW→CC,2026-02-22,,20062,20062,190,Estudiante
4348,312628854,Concepcion,Lomas Coloradas,20157,L2,V1,2026-02-22 17:25:13,2026-02-22 17:52:10,CC→CW,2026-02-22,,20157,20157,190,Estudiante
4349,312628920,Higueras,Chiguayante,20845,L1,V1,2026-02-22 16:06:30,2026-02-22 16:40:47,TH→HQ,2026-02-22,,20845,20845,180,Estudiante
4350,312629003,Concepcion,Cdal. Raul Silva Henriquez,20069,L2,V1,2026-02-22 16:38:33,2026-02-22 17:11:19,CC→CW,2026-02-22,,20069,20069,190,Estudiante
4351,312629242,Hualqui,Concepcion,20844,L1,V1,2026-02-22 12:07:21,2026-02-22 13:08:10,HQ→TH,2026-02-22,,20844,20844,180,Estudiante
4352,312629314,Huinca,Laguna Quinenco,20035,L2,V1,2026-02-22 10:37:09,2026-02-22 10:44:25,CC→CW,2026-02-22,,20035,20035,150,Estudiante
4353,312636367,Concepcion,Cdal. Raul Silva Henriquez,20167,L2,V1,2026-02-22 19:25:35,2026-02-22 20:28:34,CC→CW,2026-02-22,,20167,20167,190,Estudiante
4354,312636523,Concepcion,Concepcion,,,N/A,2026-02-22 13:47:26,2026-02-22 13:48:38,,2026-02-22,no viajo,,,140,Estudiante
4355,312636599,Concepcion,Laguna Quinenco,20163,L2,V1,2026-02-22 18:38:37,2026-02-22 19:44:49,CC→CW,2026-02-22,,20163,20163,290,Estudiante
4356,312637937,Concepcion,Laguna Quinenco,20059,L2,V1,2026-02-22 13:08:14,2026-02-22 14:01:52,CC→CW,2026-02-22,,20059,20059,290,Estudiante
4357,312637971,Cristo Redentor,Concepcion,20076,L2,V1,2026-02-22 16:44:49,2026-02-22 17:29:30,CW→CC,2026-02-22,,20076,20076,280,Estudiante
4358,312638016,Laguna Quinenco,Concepcion,20058,L2,V1,2026-02-22 12:32:59,2026-02-22 13:16:29,CW→CC,2026-02-22,,20058,20058,290,Estudiante
4359,312638223,Concepcion,Concepcion,,,N/A,2026-02-22 11:34:41,2026-02-22 11:35:14,,2026-02-22,no viajo,,,140,Estudiante
4360,312639959,Chiguayante,UTF Santa Maria,20846,L1,V1,2026-02-22 17:13:51,2026-02-22 17:44:23,HQ→TH,2026-02-22,,20846,20846,180,Estudiante
4361,312639978,Hito Galvarino,El Parque,20156,L2,V1,2026-02-22 09:23:12,2026-02-22 09:44:42,CW→CC,2026-02-22,,20156,20156,200,Estudiante
4362,312639978,El Parque,Cdal. Raul Silva Henriquez,20167,L2,V1,2026-02-22 20:08:00,2026-02-22 20:29:14,CC→CW,2026-02-22,,20167,20167,140,Estudiante
4363,312640061,Lomas Coloradas,Coronel,20161,L2,V1,2026-02-22 18:45:09,2026-02-22 19:15:04,CC→CW,2026-02-22,,20161,20161,220,Estudiante
4364,312640230,Coronel,Concepcion,20040,L2,V1,2026-02-22 09:35:23,2026-02-22 10:21:58,CW→CC,2026-02-22,,20040,20040,290,Estudiante
4365,312640230,Concepcion,Concepcion,,,N/A,2026-02-22 11:36:02,2026-02-22 11:36:37,,2026-02-22,no viajo,,,140,Estudiante
4366,312646489,Laguna Quinenco,Concepcion,20160,L2,V1,2026-02-22 17:36:27,2026-02-22 18:29:37,CW→CC,2026-02-22,,20160,20160,290,Estudiante
4367,312646574,Lomas Coloradas,Concepcion,20040,L2,V1,2026-02-22 10:01:16,2026-02-22 10:21:49,CW→CC,2026-02-22,,20040,20040,190,Estudiante
4368,312646574,Concepcion,Lomas Coloradas,20171,L2,V1,2026-02-22 20:46:11,2026-02-22 21:30:45,CC→CW,2026-02-22,,20171,20171,190,Estudiante
4369,312647386,Juan Pablo II,Coronel,20059,L2,V1,2026-02-22 13:24:33,2026-02-22 14:05:06,CC→CW,2026-02-22,,20059,20059,260,Estudiante
4370,312647449,Concepcion,Lomas Coloradas,20167,L2,V1,2026-02-22 19:43:59,2026-02-22 20:25:10,CC→CW,2026-02-22,,20167,20167,190,Estudiante
4371,312647815,Concepcion,Cdal. Raul Silva Henriquez,20167,L2,V1,2026-02-22 19:58:30,2026-02-22 20:32:38,CC→CW,2026-02-22,,20167,20167,190,Estudiante
4372,312647966,Concepcion,Concepcion,,,N/A,2026-02-22 15:40:16,2026-02-22 15:41:04,,2026-02-22,no viajo,,,140,Estudiante
4373,312648170,Los Canelos,Diagonal Bio Bio,20152,L2,V1,2026-02-22 08:36:17,2026-02-22 09:07:18,CW→CC,2026-02-22,,20152,20152,220,Estudiante
4374,312648170,Diagonal Bio Bio,Huinca,20163,L2,V1,2026-02-22 18:55:39,2026-02-22 19:38:22,CC→CW,2026-02-22,,20163,20163,230,Estudiante
4375,312648173,Lomas Coloradas,Diagonal Bio Bio,20162,L2,V1,2026-02-22 18:30:55,2026-02-22 18:50:25,CW→CC,2026-02-22,,20162,20162,170,Estudiante
4376,312658478,Cdal. Raul Silva Henriquez,Cristo Redentor,20053,L2,V1,2026-02-22 12:24:23,2026-02-22 12:46:52,CC→CW,2026-02-22,,20053,20053,210,Estudiante
4377,312658584,Hito Galvarino,El Parque,20058,L2,V1,2026-02-22 12:40:58,2026-02-22 12:58:09,CW→CC,2026-02-22,,20058,20058,200,Estudiante
4378,312658691,Hito Galvarino,Concepcion,20166,L2,V1,2026-02-22 19:28:58,2026-02-22 20:00:50,CW→CC,2026-02-22,,20166,20166,280,Estudiante
4379,312659463,Huinca,Concepcion,20062,L2,V1,2026-02-22 13:53:26,2026-02-22 14:36:56,CW→CC,2026-02-22,,20062,20062,280,Estudiante
4380,312659463,Concepcion,Huinca,20161,L2,V1,2026-02-22 18:15:31,2026-02-22 19:07:07,CC→CW,2026-02-22,,20161,20161,280,Estudiante
4381,312659464,Costa Mar,Cristo Redentor,20053,L2,V1,2026-02-22 12:20:30,2026-02-22 12:47:34,CC→CW,2026-02-22,,20053,20053,210,Estudiante
4382,312659589,Concepcion,Los Canelos,20161,L2,V1,2026-02-22 17:47:04,2026-02-22 19:03:42,CC→CW,2026-02-22,,20161,20161,280,Estudiante
4383,312659631,Concepcion,Cristo Redentor,20063,L2,V1,2026-02-22 14:11:49,2026-02-22 15:14:43,CC→CW,2026-02-22,,20063,20063,280,Estudiante
4384,312659757,Concepcion,Concepcion,,,N/A,2026-02-22 11:07:31,2026-02-22 11:08:21,,2026-02-22,no viajo,,,140,Estudiante
4385,312663372,Lomas Coloradas,Concepcion,20166,L2,V1,2026-02-22 19:35:12,2026-02-22 19:59:19,CW→CC,2026-02-22,,20166,20166,190,Estudiante
4386,312663465,Cristo Redentor,Juan Pablo II,20058,L2,V1,2026-02-22 12:37:08,2026-02-22 13:09:46,CW→CC,2026-02-22,,20058,20058,230,Estudiante
4387,312663798,Concepcion,Costa Mar,20167,L2,V1,2026-02-22 20:33:38,2026-02-22 20:48:00,CC→CW,2026-02-22,combo_relajado_pase3,20167,20170,140,Estudiante
4388,312668551,Diagonal Bio Bio,Cristo Redentor,20153,L2,V1,2026-02-22 09:14:55,2026-02-22 09:56:50,CC→CW,2026-02-22,,20153,20153,230,Estudiante
4389,312668743,Concepcion,La Leonera,20881,L1,V1,2026-02-22 07:51:10,2026-02-22 09:17:12,TH→HQ,2026-02-22,,20881,20881,170,Estudiante
4390,312668781,Concepcion,Cdal. Raul Silva Henriquez,20163,L2,V1,2026-02-22 18:43:02,2026-02-22 19:26:31,CC→CW,2026-02-22,,20163,20163,190,Estudiante
4391,312668793,Lomas Coloradas,Costa Mar,20062,L2,V1,2026-02-22 14:11:27,2026-02-22 14:19:17,CW→CC,2026-02-22,,20062,20062,140,Estudiante
4392,312672016,Hito Galvarino,Concepcion,20052,L2,V1,2026-02-22 11:22:00,2026-02-22 12:05:19,CW→CC,2026-02-22,,20052,20052,280,Estudiante
4393,312672016,Concepcion,Los Canelos,20067,L2,V1,2026-02-22 15:28:55,2026-02-22 16:03:04,CC→CW,2026-02-22,,20067,20067,280,Estudiante
4394,312672079,Juan Pablo II,Coronel,20153,L2,V1,2026-02-22 09:14:00,2026-02-22 10:03:04,CC→CW,2026-02-22,,20153,20153,260,Estudiante
4395,312678371,Cdal. Raul Silva Henriquez,Huinca,20161,L2,V1,2026-02-22 18:25:04,2026-02-22 19:06:45,CC→CW,2026-02-22,,20161,20161,210,Estudiante
4396,312678442,Concepcion,Cdal. Raul Silva Henriquez,20171,L2,V1,2026-02-22 20:14:31,2026-02-22 21:59:31,CC→CW,2026-02-22,,20171,20171,190,Estudiante
4397,312678480,Cdal. Raul Silva Henriquez,Concepcion,20052,L2,V1,2026-02-22 11:37:22,2026-02-22 12:02:53,CW→CC,2026-02-22,,20052,20052,190,Estudiante
4398,312678515,Cristo Redentor,Concepcion,20156,L2,V1,2026-02-22 09:17:25,2026-02-22 10:03:11,CW→CC,2026-02-22,,20156,20156,280,Estudiante
4399,312678515,Concepcion,Cristo Redentor,20157,L2,V1,2026-02-22 17:25:22,2026-02-22 18:08:16,CC→CW,2026-02-22,,20157,20157,280,Estudiante
4400,312678662,Los Canelos,Concepcion,20040,L2,V1,2026-02-22 09:36:21,2026-02-22 10:30:54,CW→CC,2026-02-22,,20040,20040,280,Estudiante
4401,312678793,Lomas Coloradas,Los Canelos,20041,L2,V1,2026-02-22 10:48:35,2026-02-22 11:02:56,CC→CW,2026-02-22,,20041,20041,200,Estudiante
4402,312678793,Los Canelos,Lomas Coloradas,20162,L2,V1,2026-02-22 18:23:15,2026-02-22 18:40:43,CW→CC,2026-02-22,,20162,20162,200,Estudiante
4403,312678829,El Parque,Costa Mar,20170,L2,V1,2026-02-22 20:11:32,2026-02-22 20:47:46,CW→CC,2026-02-22,,20170,20170,140,Estudiante
4404,312683905,Cristo Redentor,Concepcion,20062,L2,V1,2026-02-22 13:50:38,2026-02-22 14:34:12,CW→CC,2026-02-22,,20062,20062,280,Estudiante
4405,312683905,Concepcion,Concepcion,,,N/A,2026-02-22 19:46:51,2026-02-22 19:49:17,,2026-02-22,no viajo,,,140,Estudiante
4406,312683905,Concepcion,Cdal. Raul Silva Henriquez,20167,L2,V1,2026-02-22 20:00:33,2026-02-22 20:30:17,CC→CW,2026-02-22,,20167,20167,190,Estudiante
4407,312684045,Los Canelos,Diagonal Bio Bio,20056,L2,V1,2026-02-22 12:23:55,2026-02-22 12:51:15,CW→CC,2026-02-22,,20056,20056,220,Estudiante
4408,312684045,Diagonal Bio Bio,Los Canelos,20157,L2,V1,2026-02-22 17:18:57,2026-02-22 18:04:02,CC→CW,2026-02-22,,20157,20157,220,Estudiante
4409,312684140,Los Canelos,El Parque,20152,L2,V1,2026-02-22 08:39:23,2026-02-22 08:59:41,CW→CC,2026-02-22,,20152,20152,200,Estudiante
4410,312684178,Concepcion,Huinca,20063,L2,V1,2026-02-22 13:54:21,2026-02-22 15:12:31,CC→CW,2026-02-22,,20063,20063,280,Estudiante
4411,312684203,Coronel,Concepcion,20056,L2,V1,2026-02-22 12:14:12,2026-02-22 13:04:54,CW→CC,2026-02-22,,20056,20056,290,Estudiante
4412,312684203,Concepcion,Coronel,20067,L2,V1,2026-02-22 15:22:21,2026-02-22 16:14:41,CC→CW,2026-02-22,,20067,20067,290,Estudiante
4413,312685141,Lomas Coloradas,Concepcion,20062,L2,V1,2026-02-22 14:11:49,2026-02-22 14:32:36,CW→CC,2026-02-22,,20062,20062,190,Estudiante
4414,312685156,Concepcion,Huinca,20053,L2,V1,2026-02-22 11:52:47,2026-02-22 12:44:46,CC→CW,2026-02-22,,20053,20051,280,Estudiante
4415,312685354,Coronel,Concepcion,20050,L2,V1,2026-02-22 10:44:19,2026-02-22 11:40:52,CW→CC,2026-02-22,,20050,20050,290,Estudiante
4416,312685354,Concepcion,Cdal. Raul Silva Henriquez,20167,L2,V1,2026-02-22 19:34:02,2026-02-22 20:32:17,CC→CW,2026-02-22,,20167,20167,190,Estudiante
4417,312685376,Concepcion,Cristo Redentor,20067,L2,V1,2026-02-22 15:29:32,2026-02-22 16:08:14,CC→CW,2026-02-22,,20067,20067,280,Estudiante
4418,312685384,Juan Pablo II,Cdal. Raul Silva Henriquez,20161,L2,V1,2026-02-22 18:22:41,2026-02-22 18:53:18,CC→CW,2026-02-22,,20161,20161,170,Estudiante
4419,312685469,Los Canelos,Concepcion,20162,L2,V1,2026-02-22 18:23:13,2026-02-22 19:01:21,CW→CC,2026-02-22,,20162,20162,280,Estudiante
4420,312685664,Alborada,Laguna Quinenco,20041,L2,V1,2026-02-22 10:36:18,2026-02-22 11:09:45,CC→CW,2026-02-22,,20041,20041,260,Estudiante
4421,312685664,Laguna Quinenco,Alborada,20166,L2,V1,2026-02-22 18:27:41,2026-02-22 19:48:11,CW→CC,2026-02-22,,20166,20166,260,Estudiante
4422,312685795,Cdal. Raul Silva Henriquez,Concepcion,20162,L2,V1,2026-02-22 18:34:29,2026-02-22 19:00:13,CW→CC,2026-02-22,,20162,20162,190,Estudiante
4423,312688413,Costa Mar,Concepcion,20162,L2,V1,2026-02-22 18:40:39,2026-02-22 19:01:35,CW→CC,2026-02-22,,20162,20162,190,Estudiante
4424,312688417,Lzo. Arenas,La Leonera,20859,L1,V1,2026-02-22 12:47:41,2026-02-22 13:18:47,TH→HQ,2026-02-22,,20859,20859,170,Estudiante
4425,312688423,Cristo Redentor,Concepcion,20160,L2,V1,2026-02-22 17:43:02,2026-02-22 18:29:43,CW→CC,2026-02-22,,20160,20160,280,Estudiante
4426,312688453,Concepcion,Lomas Coloradas,20167,L2,V1,2026-02-22 19:52:52,2026-02-22 20:24:42,CC→CW,2026-02-22,,20167,20167,190,Estudiante
4427,312688457,Concepcion,Los Condores,20850,L1,V1,2026-02-22 09:43:39,2026-02-22 10:18:03,HQ→TH,2026-02-22,combo_relajado_pase1,20850,20850,180,Estudiante
4428,312688461,Coronel,Concepcion,20052,L2,V1,2026-02-22 11:13:54,2026-02-22 12:02:50,CW→CC,2026-02-22,,20052,20052,290,Estudiante
4429,312688541,Hito Galvarino,Concepcion,20066,L2,V1,2026-02-22 14:52:17,2026-02-22 15:23:13,CW→CC,2026-02-22,,20066,20066,280,Estudiante
4430,312688597,Huinca,Concepcion,20162,L2,V1,2026-02-22 18:22:43,2026-02-22 19:00:08,CW→CC,2026-02-22,,20162,20162,280,Estudiante
4431,312688764,El Parque,Concepcion,20076,L2,V1,2026-02-22 17:05:05,2026-02-22 17:29:30,CW→CC,2026-02-22,,20076,20076,190,Estudiante
4432,312688843,Los Canelos,El Parque,20068,L2,V1,2026-02-22 15:30:16,2026-02-22 16:07:46,CW→CC,2026-02-22,,20068,20068,200,Estudiante
4433,312688843,El Parque,Lomas Coloradas,20069,L2,V1,2026-02-22 16:29:17,2026-02-22 17:05:57,CC→CW,2026-02-22,,20069,20069,140,Estudiante
4434,312689009,Concepcion,Alborada,20171,L2,V1,2026-02-22 20:51:29,2026-02-22 21:22:50,CC→CW,2026-02-22,,20171,20171,190,Estudiante
4435,312689064,Laguna Quinenco,Diagonal Bio Bio,20050,L2,V1,2026-02-22 10:55:27,2026-02-22 11:29:25,CW→CC,2026-02-22,,20050,20050,260,Estudiante
4436,312689064,Diagonal Bio Bio,Cdal. Raul Silva Henriquez,20171,L2,V1,2026-02-22 21:07:29,2026-02-22 21:34:27,CC→CW,2026-02-22,,20171,20171,170,Estudiante
4437,312689125,Concepcion,Concepcion,,,N/A,2026-02-22 19:19:58,2026-02-22 19:20:28,,2026-02-22,no viajo,,,140,Estudiante
4438,312692860,El Parque,Cdal. Raul Silva Henriquez,20167,L2,V1,2026-02-22 20:19:32,2026-02-22 20:52:08,CC→CW,2026-02-22,,20167,20167,140,Estudiante
4439,312693165,Laguna Quinenco,El Parque,20162,L2,V1,2026-02-22 18:07:17,2026-02-22 18:44:21,CW→CC,2026-02-22,,20162,20162,220,Estudiante
4440,312699913,Huinca,Laguna Quinenco,20161,L2,V1,2026-02-22 18:57:36,2026-02-22 19:12:12,CC→CW,2026-02-22,,20161,20161,150,Estudiante
4441,312700134,Los Canelos,Concepcion,20040,L2,V1,2026-02-22 09:41:02,2026-02-22 10:22:20,CW→CC,2026-02-22,,20040,20040,280,Estudiante
4442,312700134,Concepcion,Los Canelos,20163,L2,V1,2026-02-22 18:45:00,2026-02-22 19:36:42,CC→CW,2026-02-22,,20163,20163,280,Estudiante
4443,312700136,Hito Galvarino,Concepcion,20062,L2,V1,2026-02-22 13:58:13,2026-02-22 14:32:44,CW→CC,2026-02-22,,20062,20062,280,Estudiante
4444,312700136,Concepcion,Cdal. Raul Silva Henriquez,20171,L2,V1,2026-02-22 20:36:08,2026-02-22 21:38:54,CC→CW,2026-02-22,,20171,20171,190,Estudiante
4445,312700194,Lomas Coloradas,Cdal. Raul Silva Henriquez,20171,L2,V1,2026-02-22 21:29:01,2026-02-22 21:39:10,CC→CW,2026-02-22,,20171,20171,140,Estudiante
4446,312700195,Los Canelos,Concepcion,20044,L2,V1,2026-02-22 10:11:31,2026-02-22 10:52:15,CW→CC,2026-02-22,,20044,20044,280,Estudiante
4447,312700207,Los Canelos,Costa Mar,20052,L2,V1,2026-02-22 11:28:01,2026-02-22 11:48:06,CW→CC,2026-02-22,,20052,20052,200,Estudiante
4448,312700207,Costa Mar,Los Canelos,20157,L2,V1,2026-02-22 17:15:11,2026-02-22 18:04:34,CC→CW,2026-02-22,,20157,20157,200,Estudiante
4449,312700255,Cdal. Raul Silva Henriquez,Diagonal Bio Bio,20152,L2,V1,2026-02-22 08:43:32,2026-02-22 09:06:35,CW→CC,2026-02-22,,20152,20152,170,Estudiante
4450,312700255,Diagonal Bio Bio,Cdal. Raul Silva Henriquez,20049,L2,V1,2026-02-22 11:33:45,2026-02-22 11:54:01,CC→CW,2026-02-22,,20049,20049,170,Estudiante
4451,312700368,Hito Galvarino,Los Canelos,20053,L2,V1,2026-02-22 12:35:09,2026-02-22 12:43:15,CC→CW,2026-02-22,,20053,20053,150,Estudiante
4452,312700396,Cdal. Raul Silva Henriquez,Costa Mar,20076,L2,V1,2026-02-22 17:01:00,2026-02-22 17:13:39,CW→CC,2026-02-22,,20076,20076,140,Estudiante
4453,312700396,Lomas Coloradas,Cdal. Raul Silva Henriquez,20171,L2,V1,2026-02-22 21:18:32,2026-02-22 21:34:13,CC→CW,2026-02-22,,20171,20171,140,Estudiante
4454,312700505,Laguna Quinenco,Concepcion,20062,L2,V1,2026-02-22 13:47:22,2026-02-22 14:32:52,CW→CC,2026-02-22,,20062,20062,290,Estudiante
4455,312700550,El Parque,Concepcion,20162,L2,V1,2026-02-22 18:36:21,2026-02-22 19:01:02,CW→CC,2026-02-22,,20162,20162,190,Estudiante
4456,312700550,Concepcion,Cdal. Raul Silva Henriquez,20171,L2,V1,2026-02-22 20:42:57,2026-02-22 21:36:06,CC→CW,2026-02-22,,20171,20171,190,Estudiante
4457,312700608,Los Canelos,Juan Pablo II,20066,L2,V1,2026-02-22 14:44:58,2026-02-22 15:38:06,CW→CC,2026-02-22,,20066,20066,220,Estudiante
4458,312700608,Juan Pablo II,Cdal. Raul Silva Henriquez,20167,L2,V1,2026-02-22 19:34:59,2026-02-22 20:29:08,CC→CW,2026-02-22,,20167,20167,170,Estudiante
4459,312700616,Coronel,Huinca,20076,L2,V1,2026-02-22 16:17:06,2026-02-22 16:53:42,CW→CC,2026-02-22,,20076,20076,150,Estudiante
4460,312700623,Concepcion,Diagonal Bio Bio,20059,L2,V1,2026-02-22 12:39:45,2026-02-22 13:30:44,CC→CW,2026-02-22,combo_por_entrada,20059,20059,190,Estudiante
4461,312700623,Juan Pablo II,Concepcion,20160,L2,V1,2026-02-22 18:14:55,2026-02-22 18:29:14,CW→CC,2026-02-22,,20160,20160,190,Estudiante
4462,312700688,Juan Pablo II,Los Canelos,20157,L2,V1,2026-02-22 17:35:51,2026-02-22 18:04:15,CC→CW,2026-02-22,,20157,20157,220,Estudiante
4463,312700693,Concepcion,Laguna Quinenco,20035,L2,V1,2026-02-22 10:02:26,2026-02-22 10:45:12,CC→CW,2026-02-22,,20035,20035,290,Estudiante
4464,312700703,Coronel,Cdal. Raul Silva Henriquez,20166,L2,V1,2026-02-22 19:00:30,2026-02-22 19:37:30,CW→CC,2026-02-22,,20166,20166,220,Estudiante
4465,312720370,Los Canelos,El Parque,20162,L2,V1,2026-02-22 18:20:36,2026-02-22 18:43:05,CW→CC,2026-02-22,,20162,20162,200,Estudiante
4466,312720473,Lomas Coloradas,Concepcion,20062,L2,V1,2026-02-22 14:04:44,2026-02-22 14:33:13,CW→CC,2026-02-22,,20062,20062,190,Estudiante
4467,312720473,Concepcion,Lomas Coloradas,20171,L2,V1,2026-02-22 20:44:39,2026-02-22 21:32:09,CC→CW,2026-02-22,,20171,20171,190,Estudiante
4468,312720567,Concepcion,Lomas Coloradas,20171,L2,V1,2026-02-22 19:48:05,2026-02-22 21:32:03,CC→CW,2026-02-22,combo_por_entrada,20171,20171,200,Estudiante
4469,312720618,Los Canelos,El Parque,20044,L2,V1,2026-02-22 09:59:36,2026-02-22 10:31:08,CW→CC,2026-02-22,,20044,20044,200,Estudiante
4470,312720660,Concepcion,Coronel,20063,L2,V1,2026-02-22 14:17:35,2026-02-22 15:20:40,CC→CW,2026-02-22,,20063,20063,290,Estudiante
4471,312720825,Laguna Quinenco,Costa Mar,20052,L2,V1,2026-02-22 11:19:51,2026-02-22 11:48:23,CW→CC,2026-02-22,,20052,20052,220,Estudiante
4472,312721916,Laguna Quinenco,El Parque,20066,L2,V1,2026-02-22 14:32:42,2026-02-22 15:07:23,CW→CC,2026-02-22,,20066,20066,220,Estudiante
4473,312721916,El Parque,Coronel,20067,L2,V1,2026-02-22 15:44:11,2026-02-22 16:15:22,CC→CW,2026-02-22,,20067,20067,220,Estudiante
4474,312721943,Diagonal Bio Bio,Lomas Coloradas,20167,L2,V1,2026-02-22 20:11:03,2026-02-22 20:24:04,CC→CW,2026-02-22,,20167,20167,170,Estudiante
4475,312722094,Los Canelos,Concepcion,20156,L2,V1,2026-02-22 09:25:52,2026-02-22 10:03:21,CW→CC,2026-02-22,,20156,20156,280,Estudiante
4476,312722094,Concepcion,Los Canelos,20067,L2,V1,2026-02-22 15:24:24,2026-02-22 16:03:53,CC→CW,2026-02-22,,20067,20067,280,Estudiante
4477,312722095,Coronel,Concepcion,20156,L2,V1,2026-02-22 09:03:28,2026-02-22 10:03:24,CW→CC,2026-02-22,,20156,20156,290,Estudiante
4478,312722095,Concepcion,Los Canelos,20067,L2,V1,2026-02-22 15:24:21,2026-02-22 16:03:57,CC→CW,2026-02-22,,20067,20067,280,Estudiante
4479,312723384,Huinca,Diagonal Bio Bio,20076,L2,V1,2026-02-22 16:47:06,2026-02-22 17:20:00,CW→CC,2026-02-22,,20076,20076,230,Estudiante
4480,312723384,Diagonal Bio Bio,Cdal. Raul Silva Henriquez,20167,L2,V1,2026-02-22 20:04:38,2026-02-22 20:33:01,CC→CW,2026-02-22,,20167,20167,170,Estudiante
4481,312723400,Hito Galvarino,El Parque,20044,L2,V1,2026-02-22 10:13:17,2026-02-22 10:31:06,CW→CC,2026-02-22,,20044,20044,200,Estudiante
4482,312723483,Concepcion,Cdal. Raul Silva Henriquez,20171,L2,V1,2026-02-22 20:40:16,2026-02-22 21:39:08,CC→CW,2026-02-22,,20171,20171,190,Estudiante
4483,312723496,Costa Mar,El Parque,20041,L2,V1,2026-02-22 10:38:03,2026-02-22 10:46:08,CC→CW,2026-02-22,,20041,20041,140,Estudiante
4484,312723601,Cristo Redentor,Laguna Quinenco,20067,L2,V1,2026-02-22 15:56:24,2026-02-22 16:14:01,CC→CW,2026-02-22,,20067,20067,150,Estudiante
4485,312723727,Concepcion,Huinca,20063,L2,V1,2026-02-22 14:30:11,2026-02-22 15:13:27,CC→CW,2026-02-22,,20063,20063,280,Estudiante
4486,312723765,Laguna Quinenco,Concepcion,20050,L2,V1,2026-02-22 10:57:58,2026-02-22 11:47:23,CW→CC,2026-02-22,,20050,20050,290,Estudiante
4487,312723765,Concepcion,Laguna Quinenco,20067,L2,V1,2026-02-22 15:05:38,2026-02-22 16:11:46,CC→CW,2026-02-22,,20067,20067,290,Estudiante
4488,312723833,Concepcion,Cdal. Raul Silva Henriquez,20069,L2,V1,2026-02-22 16:27:40,2026-02-22 17:08:53,CC→CW,2026-02-22,,20069,20069,190,Estudiante
4489,312724411,Diagonal Bio Bio,Coronel,20063,L2,V1,2026-02-22 14:32:47,2026-02-22 15:22:48,CC→CW,2026-02-22,,20063,20063,260,Estudiante
4490,312724551,Concepcion,Los Canelos,20059,L2,V1,2026-02-22 13:20:33,2026-02-22 13:55:06,CC→CW,2026-02-22,,20059,20059,280,Estudiante
4491,312724832,Cdal. Raul Silva Henriquez,Concepcion,20076,L2,V1,2026-02-22 17:01:58,2026-02-22 17:28:28,CW→CC,2026-02-22,,20076,20076,190,Estudiante
4492,312724832,Concepcion,Cdal. Raul Silva Henriquez,20167,L2,V1,2026-02-22 19:56:27,2026-02-22 20:28:09,CC→CW,2026-02-22,,20167,20167,190,Estudiante
4493,312724842,Concepcion,Concepcion,,,N/A,2026-02-22 09:55:12,2026-02-22 09:56:36,,2026-02-22,no viajo,,,140,Estudiante
4494,312727050,Cristo Redentor,Concepcion,20040,L2,V1,2026-02-22 09:35:34,2026-02-22 10:22:18,CW→CC,2026-02-22,,20040,20040,280,Estudiante
4495,312727079,Concepcion,Lomas Coloradas,20171,L2,V1,2026-02-22 20:58:35,2026-02-22 21:32:30,CC→CW,2026-02-22,,20171,20171,190,Estudiante
4496,312727175,Juan Pablo II,Hito Galvarino,20163,L2,V1,2026-02-22 19:07:52,2026-02-22 19:33:02,CC→CW,2026-02-22,,20163,20163,220,Estudiante
4497,312727256,Cristo Redentor,Concepcion,20056,L2,V1,2026-02-22 12:18:32,2026-02-22 13:03:35,CW→CC,2026-02-22,,20056,20056,280,Estudiante
4498,312727256,Concepcion,Cdal. Raul Silva Henriquez,20171,L2,V1,2026-02-22 20:52:43,2026-02-22 22:17:58,CC→CW,2026-02-22,,20171,20171,190,Estudiante
4499,312737475,Huinca,Concepcion,20044,L2,V1,2026-02-22 10:04:52,2026-02-22 10:49:15,CW→CC,2026-02-22,,20044,20044,280,Estudiante
4500,312737475,Concepcion,Huinca,20059,L2,V1,2026-02-22 13:18:11,2026-02-22 13:55:38,CC→CW,2026-02-22,,20059,20059,280,Estudiante
4501,312737509,El Parque,Cdal. Raul Silva Henriquez,20067,L2,V1,2026-02-22 15:44:13,2026-02-22 15:54:01,CC→CW,2026-02-22,,20067,20067,140,Estudiante
4502,312737739,Juan Pablo II,Los Canelos,20053,L2,V1,2026-02-22 12:05:42,2026-02-22 12:42:53,CC→CW,2026-02-22,,20053,20053,220,Estudiante
4503,312742885,Laguna Quinenco,Cristo Redentor,20162,L2,V1,2026-02-22 18:16:54,2026-02-22 18:24:12,CW→CC,2026-02-22,,20162,20162,150,Estudiante
4504,312742957,Concepcion,Los Canelos,20053,L2,V1,2026-02-22 12:05:36,2026-02-22 12:44:27,CC→CW,2026-02-22,,20053,20053,280,Estudiante
4505,312742957,Los Canelos,Concepcion,20166,L2,V1,2026-02-22 19:23:36,2026-02-22 20:00:16,CW→CC,2026-02-22,,20166,20166,280,Estudiante
4506,312742968,El Parque,Concepcion,20162,L2,V1,2026-02-22 18:35:12,2026-02-22 19:00:05,CW→CC,2026-02-22,,20162,20162,190,Estudiante
4507,312742969,Concepcion,Costa Mar,20171,L2,V1,2026-02-22 20:51:43,2026-02-22 21:24:56,CC→CW,2026-02-22,,20171,20171,190,Estudiante
4508,312742974,Concepcion,El Parque,20149,L2,V1,2026-02-22 08:33:44,2026-02-22 09:36:57,CC→CW,2026-02-22,,20149,20149,190,Estudiante
4509,312742974,Concepcion,Mercado,20848,L1,V1,2026-02-22 20:41:46,2026-02-22 21:32:25,HQ→TH,2026-02-22,combo_relajado_pase1,20848,20170,200,Estudiante
4510,312742977,Costa Mar,Lomas Coloradas,20171,L2,V1,2026-02-22 21:05:15,2026-02-22 21:30:48,CC→CW,2026-02-22,,20171,20171,140,Estudiante
4511,312742996,Huinca,Concepcion,20160,L2,V1,2026-02-22 17:39:49,2026-02-22 18:28:51,CW→CC,2026-02-22,,20160,20160,280,Estudiante
4512,312742996,Concepcion,Cdal. Raul Silva Henriquez,20171,L2,V1,2026-02-22 20:52:59,2026-02-22 21:38:11,CC→CW,2026-02-22,,20171,20171,190,Estudiante
4513,312743093,Juan Pablo II,Cdal. Raul Silva Henriquez,20157,L2,V1,2026-02-22 17:32:04,2026-02-22 17:54:42,CC→CW,2026-02-22,,20157,20157,170,Estudiante
4514,312743189,Lomas Coloradas,Los Canelos,20153,L2,V1,2026-02-22 09:30:35,2026-02-22 09:52:20,CC→CW,2026-02-22,,20153,20153,200,Estudiante
4515,312743193,Laguna Quinenco,Juan Pablo II,20044,L2,V1,2026-02-22 10:03:13,2026-02-22 10:41:02,CW→CC,2026-02-22,,20044,20044,260,Estudiante
4516,312743193,Diagonal Bio Bio,Laguna Quinenco,20059,L2,V1,2026-02-22 13:24:53,2026-02-22 14:00:40,CC→CW,2026-02-22,,20059,20059,260,Estudiante
4517,312743252,Concepcion,Chiguayante,20845,L1,V1,2026-02-22 16:05:54,2026-02-22 16:40:25,TH→HQ,2026-02-22,,20845,20845,170,Estudiante
4518,312743277,Diagonal Bio Bio,Los Canelos,20149,L2,V1,2026-02-22 08:37:22,2026-02-22 09:05:10,CC→CW,2026-02-22,,20149,20149,220,Estudiante
4519,312743928,Cristo Redentor,Laguna Quinenco,20157,L2,V1,2026-02-22 18:05:56,2026-02-22 18:11:24,CC→CW,2026-02-22,,20157,20157,150,Estudiante
4520,312743976,Lomas Coloradas,El Parque,20152,L2,V1,2026-02-22 08:54:29,2026-02-22 08:59:09,CW→CC,2026-02-22,,20152,20152,140,Estudiante
4521,312744168,Los Canelos,Juan Pablo II,20160,L2,V1,2026-02-22 17:42:48,2026-02-22 18:21:22,CW→CC,2026-02-22,,20160,20160,220,Estudiante
4522,312744168,Juan Pablo II,Cdal. Raul Silva Henriquez,20171,L2,V1,2026-02-22 20:50:01,2026-02-22 21:34:23,CC→CW,2026-02-22,,20171,20171,170,Estudiante
4523,312744529,Lomas Coloradas,Juan Pablo II,20040,L2,V1,2026-02-22 09:56:02,2026-02-22 10:15:21,CW→CC,2026-02-22,,20040,20040,170,Estudiante
4524,312744529,Diagonal Bio Bio,Lomas Coloradas,20171,L2,V1,2026-02-22 21:08:51,2026-02-22 21:32:26,CC→CW,2026-02-22,,20171,20171,170,Estudiante
4525,312744581,Cdal. Raul Silva Henriquez,Concepcion,20044,L2,V1,2026-02-22 10:21:43,2026-02-22 10:48:16,CW→CC,2026-02-22,,20044,20044,190,Estudiante
4526,312744581,Concepcion,Cdal. Raul Silva Henriquez,20171,L2,V1,2026-02-22 21:02:24,2026-02-22 21:34:17,CC→CW,2026-02-22,,20171,20171,190,Estudiante
4527,312744616,Cdal. Raul Silva Henriquez,Concepcion,20040,L2,V1,2026-02-22 09:55:12,2026-02-22 10:21:54,CW→CC,2026-02-22,,20040,20040,190,Estudiante
4528,312744616,Concepcion,Cdal. Raul Silva Henriquez,20059,L2,V1,2026-02-22 12:52:36,2026-02-22 13:44:37,CC→CW,2026-02-22,,20059,20059,190,Estudiante
4529,312744674,Costa Mar,Concepcion,20066,L2,V1,2026-02-22 15:05:29,2026-02-22 15:22:52,CW→CC,2026-02-22,,20066,20066,190,Estudiante
4530,312744674,Concepcion,Costa Mar,20171,L2,V1,2026-02-22 20:56:17,2026-02-22 21:24:35,CC→CW,2026-02-22,,20171,20171,190,Estudiante
4531,312744690,Hito Galvarino,Huinca,20059,L2,V1,2026-02-22 13:46:55,2026-02-22 13:56:28,CC→CW,2026-02-22,,20059,20059,150,Estudiante
4532,312744760,Concepcion,Concepcion,,,N/A,2026-02-22 08:37:13,2026-02-22 08:37:51,,2026-02-22,no viajo,,,140,Estudiante
4533,312744760,Concepcion,Concepcion,,,N/A,2026-02-22 16:46:11,2026-02-22 16:46:49,,2026-02-22,no viajo,,,140,Estudiante
4534,312744796,Cristo Redentor,Concepcion,20052,L2,V1,2026-02-22 11:19:38,2026-02-22 12:02:31,CW→CC,2026-02-22,,20052,20052,280,Estudiante
4535,312744839,Cdal. Raul Silva Henriquez,Laguna Quinenco,20163,L2,V1,2026-02-22 19:25:56,2026-02-22 19:44:06,CC→CW,2026-02-22,,20163,20163,220,Estudiante
4536,312747860,Cristo Redentor,Juan Pablo II,20076,L2,V1,2026-02-22 16:34:18,2026-02-22 17:23:29,CW→CC,2026-02-22,,20076,20076,230,Estudiante
4537,312747860,Concepcion,Lomas Coloradas,20167,L2,V1,2026-02-22 19:53:33,2026-02-22 20:24:50,CC→CW,2026-02-22,,20167,20167,190,Estudiante
4538,312747955,Concepcion,Higueras,20848,L1,V1,2026-02-22 20:36:16,2026-02-22 21:23:24,HQ→TH,2026-02-22,combo_relajado_pase1,20848,20848,200,Estudiante
4539,312748005,Concepcion,Cristo Redentor,20049,L2,V1,2026-02-22 11:18:51,2026-02-22 12:08:09,CC→CW,2026-02-22,,20049,20049,280,Estudiante
4540,312748336,Concepcion,Cristo Redentor,20059,L2,V1,2026-02-22 13:16:01,2026-02-22 13:58:45,CC→CW,2026-02-22,,20059,20059,280,Estudiante
4541,312764028,Concepcion,Los Canelos,20051,L2,V1,2026-02-22 11:35:29,2026-02-22 12:18:15,CC→CW,2026-02-22,,20051,20049,280,Estudiante
4542,324021352,Concepcion,Cristo Redentor,20163,L2,V1,2026-02-22 18:53:36,2026-02-22 19:42:40,CC→CW,2026-02-22,,20163,20163,280,Estudiante
4543,2000000336,Concepcion,La Leonera,20859,L1,V1,2026-02-22 12:36:20,2026-02-22 13:18:35,TH→HQ,2026-02-22,,20859,20859,510,Monedero
4544,2000001439,Cristo Redentor,Concepcion,20166,L2,V1,2026-02-22 19:19:31,2026-02-22 20:09:38,CW→CC,2026-02-22,,20166,20166,850,Monedero
4545,2000001514,Concepcion,Cristo Redentor,20051,L2,V1,2026-02-22 11:34:56,2026-02-22 12:26:23,CC→CW,2026-02-22,,20051,20049,850,Monedero
4546,2000001514,Concepcion,Cristo Redentor,20051,L2,V1,2026-02-22 11:35:01,2026-02-22 12:26:19,CC→CW,2026-02-22,,20051,20049,850,Monedero
4547,2000001514,Cristo Redentor,Concepcion,20166,L2,V1,2026-02-22 19:12:57,2026-02-22 20:00:23,CW→CC,2026-02-22,,20166,20166,850,Monedero
4548,2000001666,Los Canelos,Concepcion,20066,L2,V1,2026-02-22 14:49:46,2026-02-22 15:23:35,CW→CC,2026-02-22,,20066,20066,850,Monedero
4549,2000001683,Concepcion,Concepcion,,,N/A,2026-02-22 11:36:51,2026-02-22 11:38:10,,2026-02-22,no viajo,,,420,Monedero
4550,2000001883,Diagonal Bio Bio,Lomas Coloradas,20171,L2,V1,2026-02-22 20:39:52,2026-02-22 21:31:22,CC→CW,2026-02-22,,20171,20171,510,Monedero
4551,2000002178,Concepcion,Costa Mar,20069,L2,V1,2026-02-22 15:34:13,2026-02-22 17:00:10,CC→CW,2026-02-22,,20069,20067,570,Monedero
4552,2000002182,Lzo. Arenas,La Leonera,20847,L1,V1,2026-02-22 20:18:50,2026-02-22 20:49:00,TH→HQ,2026-02-22,,20847,20847,510,Monedero
4553,2000002307,Cdal. Raul Silva Henriquez,Lomas Coloradas,20058,L2,V1,2026-02-22 12:44:02,2026-02-22 12:55:51,CW→CC,2026-02-22,,20058,20058,430,Monedero
4554,2000002307,Cdal. Raul Silva Henriquez,Lomas Coloradas,20058,L2,V1,2026-02-22 12:44:08,2026-02-22 12:55:46,CW→CC,2026-02-22,,20058,20058,430,Monedero
4555,2000003228,Laguna Quinenco,El Parque,20058,L2,V1,2026-02-22 12:25:44,2026-02-22 12:58:43,CW→CC,2026-02-22,,20058,20056,650,Monedero
4556,2000003228,Laguna Quinenco,El Parque,20058,L2,V1,2026-02-22 12:25:48,2026-02-22 12:58:39,CW→CC,2026-02-22,,20058,20056,650,Monedero
4557,2000003228,Laguna Quinenco,El Parque,20058,L2,V1,2026-02-22 12:25:52,2026-02-22 12:58:34,CW→CC,2026-02-22,,20058,20056,650,Monedero
4558,2000003228,Laguna Quinenco,El Parque,20058,L2,V1,2026-02-22 12:25:56,2026-02-22 12:58:30,CW→CC,2026-02-22,,20058,20056,650,Monedero
4559,2000003228,El Parque,Cristo Redentor,20063,L2,V1,2026-02-22 14:44:33,2026-02-22 15:17:17,CC→CW,2026-02-22,,20063,20063,630,Monedero
4560,2000003228,El Parque,Cristo Redentor,20063,L2,V1,2026-02-22 14:44:39,2026-02-22 15:17:13,CC→CW,2026-02-22,,20063,20063,630,Monedero
4561,2000003228,El Parque,Cristo Redentor,20063,L2,V1,2026-02-22 14:44:43,2026-02-22 15:17:10,CC→CW,2026-02-22,,20063,20063,630,Monedero
4562,2000003228,El Parque,Cristo Redentor,20063,L2,V1,2026-02-22 14:44:47,2026-02-22 15:17:06,CC→CW,2026-02-22,,20063,20063,630,Monedero
4563,2000003852,El Parque,Costa Mar,20166,L2,V1,2026-02-22 19:37:22,2026-02-22 19:46:18,CW→CC,2026-02-22,,20166,20166,430,Monedero
4564,2000003974,Concepcion,Lomas Coloradas,20171,L2,V1,2026-02-22 21:00:44,2026-02-22 21:31:43,CC→CW,2026-02-22,,20171,20171,570,Monedero
4565,2000003990,Diagonal Bio Bio,Lomas Coloradas,20171,L2,V1,2026-02-22 21:16:07,2026-02-22 21:31:10,CC→CW,2026-02-22,,20171,20171,510,Monedero
4566,2000004181,Concepcion,Pedro Medina,20847,L1,V1,2026-02-22 19:33:20,2026-02-22 20:44:15,TH→HQ,2026-02-22,,20847,20847,510,Monedero
4567,2000004349,Costa Mar,Concepcion,20066,L2,V1,2026-02-22 14:47:03,2026-02-22 15:24:19,CW→CC,2026-02-22,,20066,20066,570,Monedero
4568,2000004427,Laguna Quinenco,Juan Pablo II,20052,L2,V1,2026-02-22 11:12:54,2026-02-22 11:55:37,CW→CC,2026-02-22,,20052,20052,790,Monedero
4569,2000005203,Huinca,Costa Mar,20066,L2,V1,2026-02-22 14:43:03,2026-02-22 15:08:43,CW→CC,2026-02-22,,20066,20066,630,Monedero
4570,2000005232,Los Canelos,Laguna Quinenco,20067,L2,V1,2026-02-22 15:49:58,2026-02-22 16:12:26,CC→CW,2026-02-22,,20067,20067,530,Monedero
4571,2000005389,Huinca,Concepcion,20066,L2,V1,2026-02-22 14:40:01,2026-02-22 15:23:58,CW→CC,2026-02-22,,20066,20066,850,Monedero
4572,2000005389,Concepcion,Concepcion,,,N/A,2026-02-22 15:26:40,2026-02-22 15:33:40,,2026-02-22,no viajo,,,420,Monedero
4573,2000005641,Los Canelos,Laguna Quinenco,20049,L2,V1,2026-02-22 11:47:04,2026-02-22 12:10:10,CC→CW,2026-02-22,,20049,20049,530,Monedero
4574,2000005641,Laguna Quinenco,Lomas Coloradas,20076,L2,V1,2026-02-22 16:36:39,2026-02-22 17:08:48,CW→CC,2026-02-22,,20076,20076,650,Monedero
4575,2000005641,Lomas Coloradas,Los Canelos,20157,L2,V1,2026-02-22 17:41:10,2026-02-22 18:03:40,CC→CW,2026-02-22,,20157,20157,610,Monedero
4576,2000005641,Los Canelos,Laguna Quinenco,20163,L2,V1,2026-02-22 19:26:59,2026-02-22 19:46:08,CC→CW,2026-02-22,,20163,20163,530,Monedero
4577,2000005786,Juan Pablo II,Cdal. Raul Silva Henriquez,20167,L2,V1,2026-02-22 19:52:05,2026-02-22 20:34:05,CC→CW,2026-02-22,,20167,20167,510,Monedero
4578,2000006145,Cristo Redentor,Lomas Coloradas,20076,L2,V1,2026-02-22 16:49:36,2026-02-22 17:07:53,CW→CC,2026-02-22,,20076,20076,320,Adulto Mayor
4579,2000006446,Los Canelos,El Parque,20068,L2,V1,2026-02-22 15:35:12,2026-02-22 16:07:54,CW→CC,2026-02-22,,20068,20068,310,Adulto Mayor
4580,2000006916,Lomas Coloradas,Concepcion,20156,L2,V1,2026-02-22 09:37:32,2026-02-22 10:02:42,CW→CC,2026-02-22,,20156,20156,570,Monedero
4581,2000007099,Lomas Coloradas,El Parque,20056,L2,V1,2026-02-22 12:24:43,2026-02-22 12:44:32,CW→CC,2026-02-22,,20056,20056,430,Monedero
4582,2000007099,Lomas Coloradas,El Parque,20056,L2,V1,2026-02-22 12:24:46,2026-02-22 12:44:27,CW→CC,2026-02-22,,20056,20056,430,Monedero
4583,2000007099,El Parque,Lomas Coloradas,20059,L2,V1,2026-02-22 13:32:35,2026-02-22 13:41:55,CC→CW,2026-02-22,,20059,20059,430,Monedero
4584,2000007099,El Parque,Lomas Coloradas,20059,L2,V1,2026-02-22 13:32:38,2026-02-22 13:41:49,CC→CW,2026-02-22,,20059,20059,430,Monedero
4585,2000007123,Cristo Redentor,Concepcion,20062,L2,V1,2026-02-22 13:49:41,2026-02-22 14:33:06,CW→CC,2026-02-22,,20062,20062,850,Monedero
4586,2000007372,Concepcion,Costa Mar,20171,L2,V1,2026-02-22 20:58:21,2026-02-22 21:25:12,CC→CW,2026-02-22,,20171,20171,570,Monedero
4587,2000008346,Juan Pablo II,Alborada,20171,L2,V1,2026-02-22 21:03:15,2026-02-22 21:24:04,CC→CW,2026-02-22,,20171,20171,440,Monedero
4588,2000008346,Juan Pablo II,Alborada,20171,L2,V1,2026-02-22 21:03:22,2026-02-22 21:23:57,CC→CW,2026-02-22,,20171,20171,440,Monedero
4589,2000008346,Juan Pablo II,Alborada,20171,L2,V1,2026-02-22 21:03:28,2026-02-22 21:23:51,CC→CW,2026-02-22,,20171,20171,440,Monedero
4590,2000008417,Higueras,La Leonera,20845,L1,V1,2026-02-22 15:58:22,2026-02-22 16:48:58,TH→HQ,2026-02-22,,20845,20845,540,Monedero
4591,2000008417,Higueras,La Leonera,20845,L1,V1,2026-02-22 15:58:32,2026-02-22 16:48:52,TH→HQ,2026-02-22,,20845,20845,540,Monedero
4592,2000008417,Higueras,La Leonera,20845,L1,V1,2026-02-22 15:58:42,2026-02-22 16:48:47,TH→HQ,2026-02-22,,20845,20845,540,Monedero
4593,2000008501,Laguna Quinenco,Concepcion,20056,L2,V1,2026-02-22 12:09:37,2026-02-22 13:06:18,CW→CC,2026-02-22,,20056,20056,880,Monedero
4594,2000008540,Los Condores,Manquimavida,20859,L1,V1,2026-02-22 12:24:33,2026-02-22 13:16:14,TH→HQ,2026-02-22,,20859,20859,540,Monedero
4595,2000008701,Concepcion,Cdal. Raul Silva Henriquez,20035,L2,V1,2026-02-22 09:44:57,2026-02-22 10:27:09,CC→CW,2026-02-22,,20035,20035,570,Monedero
4596,2000008800,Concepcion,Lzo. Arenas,20846,L1,V1,2026-02-22 17:03:55,2026-02-22 17:40:43,HQ→TH,2026-02-22,combo_por_entrada,20846,20846,570,Monedero
4597,2000008800,Concepcion,Lzo. Arenas,20846,L1,V1,2026-02-22 17:04:00,2026-02-22 17:40:39,HQ→TH,2026-02-22,combo_por_entrada,20846,20846,570,Monedero
4598,2000008890,Concepcion,Cdal. Raul Silva Henriquez,20149,L2,V1,2026-02-22 08:06:15,2026-02-22 08:55:17,CC→CW,2026-02-22,,20149,20149,570,Monedero
4599,2000009080,Coronel,Concepcion,20068,L2,V1,2026-02-22 15:23:51,2026-02-22 16:32:33,CW→CC,2026-02-22,,20068,20068,880,Monedero
4600,2000009080,Concepcion,Cdal. Raul Silva Henriquez,20167,L2,V1,2026-02-22 19:46:00,2026-02-22 20:31:48,CC→CW,2026-02-22,,20167,20167,570,Monedero
4601,2000009641,Lomas Coloradas,Concepcion,20050,L2,V1,2026-02-22 11:09:53,2026-02-22 11:40:56,CW→CC,2026-02-22,,20050,20050,570,Monedero
4602,2000010402,Concepcion,Chiguayante,20847,L1,V1,2026-02-22 18:58:35,2026-02-22 20:40:27,TH→HQ,2026-02-22,combo_por_entrada,20847,20847,910,Monedero
4603,2000010408,Concepcion,Coronel,20069,L2,V1,2026-02-22 16:44:29,2026-02-22 17:30:23,CC→CW,2026-02-22,,20069,20069,880,Monedero
4604,2000010577,Concepcion,Laguna Quinenco,20067,L2,V1,2026-02-22 15:13:40,2026-02-22 16:11:08,CC→CW,2026-02-22,,20067,20067,880,Monedero
4605,2000010693,Diagonal Bio Bio,Cristo Redentor,20063,L2,V1,2026-02-22 14:42:34,2026-02-22 15:15:59,CC→CW,2026-02-22,,20063,20063,680,Monedero
4606,2000010792,Concepcion,Los Canelos,20161,L2,V1,2026-02-22 17:14:32,2026-02-22 19:03:52,CC→CW,2026-02-22,combo_relajado_pase1,20161,20161,900,Monedero
4607,2000011643,Cristo Redentor,Lomas Coloradas,20152,L2,V1,2026-02-22 08:23:49,2026-02-22 08:56:06,CW→CC,2026-02-22,,20152,20152,630,Monedero
4608,2000011750,Costa Mar,Cristo Redentor,20063,L2,V1,2026-02-22 14:43:39,2026-02-22 15:14:40,CC→CW,2026-02-22,,20063,20063,630,Monedero
4609,2000011750,Cristo Redentor,Costa Mar,20076,L2,V1,2026-02-22 16:48:31,2026-02-22 17:13:42,CW→CC,2026-02-22,,20076,20076,630,Monedero
4610,2000011750,Costa Mar,Cdal. Raul Silva Henriquez,20171,L2,V1,2026-02-22 21:14:20,2026-02-22 21:37:21,CC→CW,2026-02-22,,20171,20171,430,Monedero
4611,2000011936,Cdal. Raul Silva Henriquez,Concepcion,20162,L2,V1,2026-02-22 18:24:26,2026-02-22 18:59:56,CW→CC,2026-02-22,,20162,20162,570,Monedero
4612,2000011939,Laguna Quinenco,Juan Pablo II,20160,L2,V1,2026-02-22 17:34:25,2026-02-22 18:21:11,CW→CC,2026-02-22,,20160,20160,790,Monedero
4613,2000012297,Concepcion,Concepcion,,,N/A,2026-02-22 18:59:45,2026-02-22 19:01:33,,2026-02-22,no viajo,,,420,Monedero
4614,2000012297,Concepcion,Concepcion,,,N/A,2026-02-22 18:59:53,2026-02-22 19:01:29,,2026-02-22,no viajo,,,420,Monedero
4615,2000012494,Concepcion,Costa Mar,20063,L2,V1,2026-02-22 14:18:37,2026-02-22 14:52:59,CC→CW,2026-02-22,,20063,20063,570,Monedero
4616,2000012622,La Leonera,El Arenal,20880,L1,V1,2026-02-22 21:05:31,2026-02-22 22:27:55,HQ→TH,2026-02-22,,20880,20880,550,Monedero
4617,2000012622,La Leonera,El Arenal,20880,L1,V1,2026-02-22 21:08:57,2026-02-22 22:27:45,HQ→TH,2026-02-22,,20880,20880,550,Monedero
4618,2000012892,Los Canelos,Concepcion,20058,L2,V1,2026-02-22 12:37:34,2026-02-22 13:19:16,CW→CC,2026-02-22,,20058,20058,850,Monedero
4619,2000012892,Los Canelos,Concepcion,20058,L2,V1,2026-02-22 12:37:54,2026-02-22 13:19:10,CW→CC,2026-02-22,,20058,20058,850,Monedero
4620,2000012892,Concepcion,El Parque,20067,L2,V1,2026-02-22 15:22:06,2026-02-22 15:49:49,CC→CW,2026-02-22,,20067,20067,570,Monedero
4621,2000012892,Concepcion,El Parque,20067,L2,V1,2026-02-22 15:22:20,2026-02-22 15:49:42,CC→CW,2026-02-22,,20067,20067,570,Monedero
4622,2000012892,El Parque,Los Canelos,20157,L2,V1,2026-02-22 17:05:04,2026-02-22 18:05:05,CC→CW,2026-02-22,,20157,20069,610,Monedero
4623,2000012892,El Parque,Los Canelos,20157,L2,V1,2026-02-22 17:05:10,2026-02-22 18:05:00,CC→CW,2026-02-22,,20157,20069,610,Monedero
4624,2000013616,Diagonal Bio Bio,El Parque,20059,L2,V1,2026-02-22 13:22:25,2026-02-22 13:40:29,CC→CW,2026-02-22,,20059,20059,510,Monedero
4625,2000013616,El Parque,Diagonal Bio Bio,20068,L2,V1,2026-02-22 15:48:14,2026-02-22 16:15:43,CW→CC,2026-02-22,,20068,20068,510,Monedero
4626,2000014228,Concepcion,Huinca,20163,L2,V1,2026-02-22 19:00:20,2026-02-22 19:39:53,CC→CW,2026-02-22,,20163,20163,850,Monedero
4627,2000014420,Cristo Redentor,Juan Pablo II,20162,L2,V1,2026-02-22 18:12:50,2026-02-22 18:52:48,CW→CC,2026-02-22,,20162,20162,680,Monedero
4628,2000014580,Cdal. Raul Silva Henriquez,Cristo Redentor,20149,L2,V1,2026-02-22 08:48:19,2026-02-22 09:10:10,CC→CW,2026-02-22,,20149,20149,630,Monedero
4629,2000015092,Hualqui,Mercado,20844,L1,V1,2026-02-22 11:57:56,2026-02-22 13:28:45,HQ→TH,2026-02-22,,20844,20844,580,Monedero
4630,2000015092,Hualqui,Mercado,20844,L1,V1,2026-02-22 11:58:16,2026-02-22 13:28:34,HQ→TH,2026-02-22,,20844,20844,580,Monedero
4631,2000015092,Mercado,Hualqui,20845,L1,V1,2026-02-22 15:47:59,2026-02-22 17:02:31,TH→HQ,2026-02-22,,20845,20845,580,Monedero
4632,2000015092,Mercado,Hualqui,20845,L1,V1,2026-02-22 15:48:06,2026-02-22 17:02:26,TH→HQ,2026-02-22,,20845,20845,580,Monedero
4633,2000015225,Lomas Coloradas,Concepcion,20068,L2,V1,2026-02-22 15:50:14,2026-02-22 16:24:57,CW→CC,2026-02-22,,20068,20068,570,Monedero
4634,2000015225,Lomas Coloradas,Concepcion,20068,L2,V1,2026-02-22 15:53:15,2026-02-22 16:24:50,CW→CC,2026-02-22,,20068,20068,570,Monedero
4635,2000015225,Lomas Coloradas,Concepcion,20068,L2,V1,2026-02-22 15:53:31,2026-02-22 16:24:42,CW→CC,2026-02-22,,20068,20068,570,Monedero
4636,2000015225,Concepcion,Lomas Coloradas,20163,L2,V1,2026-02-22 18:58:22,2026-02-22 19:23:53,CC→CW,2026-02-22,,20163,20163,570,Monedero
4637,2000015225,Concepcion,Lomas Coloradas,20163,L2,V1,2026-02-22 18:58:33,2026-02-22 19:23:50,CC→CW,2026-02-22,,20163,20163,570,Monedero
4638,2000015225,Concepcion,Lomas Coloradas,20163,L2,V1,2026-02-22 18:58:40,2026-02-22 19:23:44,CC→CW,2026-02-22,,20163,20163,570,Monedero
4639,2000015419,Lomas Coloradas,Cristo Redentor,20149,L2,V1,2026-02-22 08:31:07,2026-02-22 09:10:01,CC→CW,2026-02-22,,20149,20149,630,Monedero
4640,2000015674,Lomas Coloradas,Cristo Redentor,20153,L2,V1,2026-02-22 09:12:28,2026-02-22 09:56:37,CC→CW,2026-02-22,,20153,20153,630,Monedero
4641,2000015674,Cristo Redentor,Lomas Coloradas,20052,L2,V1,2026-02-22 11:14:39,2026-02-22 11:43:12,CW→CC,2026-02-22,,20052,20052,630,Monedero
4642,2000015715,Hito Galvarino,Concepcion,20040,L2,V1,2026-02-22 09:48:34,2026-02-22 10:24:38,CW→CC,2026-02-22,,20040,20040,850,Monedero
4643,2000016925,Costa Mar,Lomas Coloradas,20167,L2,V1,2026-02-22 20:06:49,2026-02-22 20:23:40,CC→CW,2026-02-22,,20167,20167,430,Monedero
4644,2000017077,Concepcion,Cdal. Raul Silva Henriquez,20157,L2,V1,2026-02-22 17:13:07,2026-02-22 17:54:59,CC→CW,2026-02-22,,20157,20157,570,Monedero
4645,2000017077,Concepcion,Cdal. Raul Silva Henriquez,20157,L2,V1,2026-02-22 17:13:24,2026-02-22 17:54:50,CC→CW,2026-02-22,,20157,20157,570,Monedero
4646,2000017247,Juan Pablo II,Huinca,20161,L2,V1,2026-02-22 18:09:50,2026-02-22 19:07:47,CC→CW,2026-02-22,,20161,20161,680,Monedero
4647,2000017628,Cdal. Raul Silva Henriquez,Laguna Quinenco,20053,L2,V1,2026-02-22 12:23:36,2026-02-22 17:38:20,CC→CW,2026-02-22,,20053,20053,650,Monedero
4648,2000018326,Lomas Coloradas,Diagonal Bio Bio,20152,L2,V1,2026-02-22 08:41:36,2026-02-22 09:06:29,CW→CC,2026-02-22,,20152,20152,510,Monedero
4649,2000018326,Diagonal Bio Bio,Lomas Coloradas,20053,L2,V1,2026-02-22 12:16:44,2026-02-22 12:31:49,CC→CW,2026-02-22,,20053,20053,510,Monedero
4650,2000018341,Lomas Coloradas,Concepcion,20052,L2,V1,2026-02-22 11:31:10,2026-02-22 12:07:53,CW→CC,2026-02-22,,20052,20052,570,Monedero
4651,2000018341,Concepcion,Lomas Coloradas,20067,L2,V1,2026-02-22 15:16:44,2026-02-22 15:51:29,CC→CW,2026-02-22,,20067,20067,570,Monedero
4652,2000018447,Concepcion,Los Canelos,20035,L2,V1,2026-02-22 09:47:04,2026-02-22 10:38:56,CC→CW,2026-02-22,,20035,20035,850,Monedero
4653,2000018447,Los Canelos,Concepcion,20160,L2,V1,2026-02-22 17:25:33,2026-02-22 18:31:22,CW→CC,2026-02-22,,20160,20160,850,Monedero
4654,2000018624,Cdal. Raul Silva Henriquez,Concepcion,20068,L2,V1,2026-02-22 15:49:49,2026-02-22 16:26:52,CW→CC,2026-02-22,,20068,20068,570,Monedero
4655,2000018624,Concepcion,Cdal. Raul Silva Henriquez,20161,L2,V1,2026-02-22 18:17:33,2026-02-22 18:54:29,CC→CW,2026-02-22,,20161,20161,570,Monedero
4656,2000018900,Lomas Coloradas,Juan Pablo II,20044,L2,V1,2026-02-22 10:25:34,2026-02-22 10:42:46,CW→CC,2026-02-22,,20044,20044,510,Monedero
4657,2000018900,Juan Pablo II,Lomas Coloradas,20059,L2,V1,2026-02-22 13:23:57,2026-02-22 13:41:21,CC→CW,2026-02-22,,20059,20059,510,Monedero
4658,2000019187,Concepcion,Coronel,20041,L2,V1,2026-02-22 10:25:21,2026-02-22 11:13:03,CC→CW,2026-02-22,,20041,20041,880,Monedero
4659,2000019428,Concepcion,Coronel,20053,L2,V1,2026-02-22 11:57:57,2026-02-22 12:52:41,CC→CW,2026-02-22,,20053,20053,880,Monedero
4660,2000019530,Juan Pablo II,Hito Galvarino,20035,L2,V1,2026-02-22 10:06:04,2026-02-22 10:33:09,CC→CW,2026-02-22,,20035,20035,650,Monedero
4661,2000019595,Cristo Redentor,Coronel,20063,L2,V1,2026-02-22 15:14:15,2026-02-22 15:20:23,CC→CW,2026-02-22,,20063,20063,450,Monedero
4662,2000019672,Concepcion,Lomas Coloradas,20157,L2,V1,2026-02-22 17:11:08,2026-02-22 17:52:03,CC→CW,2026-02-22,,20157,20157,570,Monedero
4663,2000019686,Lomas Coloradas,Laguna Quinenco,20149,L2,V1,2026-02-22 08:33:43,2026-02-22 09:14:12,CC→CW,2026-02-22,,20149,20149,650,Monedero
4664,2000019686,Lomas Coloradas,Laguna Quinenco,20149,L2,V1,2026-02-22 08:33:52,2026-02-22 09:14:08,CC→CW,2026-02-22,,20149,20149,650,Monedero
4665,2000019686,Cristo Redentor,Lomas Coloradas,20052,L2,V1,2026-02-22 11:16:56,2026-02-22 11:43:28,CW→CC,2026-02-22,,20052,20052,630,Monedero
4666,2000019686,Cristo Redentor,Lomas Coloradas,20052,L2,V1,2026-02-22 11:17:01,2026-02-22 11:43:24,CW→CC,2026-02-22,,20052,20052,630,Monedero
4667,2000020112,Lomas Coloradas,Concepcion,20062,L2,V1,2026-02-22 14:08:57,2026-02-22 14:35:49,CW→CC,2026-02-22,,20062,20062,570,Monedero
4668,2000020930,Los Canelos,Lomas Coloradas,20068,L2,V1,2026-02-22 15:41:21,2026-02-22 16:04:10,CW→CC,2026-02-22,,20068,20068,610,Monedero
4669,2000020930,El Parque,Los Canelos,20069,L2,V1,2026-02-22 16:33:27,2026-02-22 17:20:01,CC→CW,2026-02-22,,20069,20069,610,Monedero
4670,2000021189,Costa Mar,Los Canelos,20163,L2,V1,2026-02-22 19:14:45,2026-02-22 19:36:58,CC→CW,2026-02-22,,20163,20163,610,Monedero
4671,2000022116,Manquimavida,Concepcion,20846,L1,V1,2026-02-22 17:11:44,2026-02-22 17:35:16,HQ→TH,2026-02-22,,20846,20846,510,Monedero
4672,2000022817,Los Condores,Pedro Medina,20845,L1,V1,2026-02-22 16:08:24,2026-02-22 16:42:56,TH→HQ,2026-02-22,,20845,20845,540,Monedero
4673,2000022984,Cristo Redentor,Concepcion,20056,L2,V1,2026-02-22 12:03:58,2026-02-22 13:03:41,CW→CC,2026-02-22,,20056,20056,850,Monedero
4674,2000022984,Concepcion,Cristo Redentor,20067,L2,V1,2026-02-22 15:19:51,2026-02-22 16:08:00,CC→CW,2026-02-22,,20067,20067,850,Monedero
4675,2000023185,Costa Mar,Concepcion,20044,L2,V1,2026-02-22 10:27:29,2026-02-22 10:49:19,CW→CC,2026-02-22,,20044,20044,570,Monedero
4676,2000023185,Costa Mar,Diagonal Bio Bio,20076,L2,V1,2026-02-22 17:04:04,2026-02-22 17:18:49,CW→CC,2026-02-22,,20076,20076,510,Monedero
4677,2000023185,Diagonal Bio Bio,Costa Mar,20167,L2,V1,2026-02-22 20:11:13,2026-02-22 20:17:43,CC→CW,2026-02-22,,20167,20167,510,Monedero
4678,2000023494,Hito Galvarino,Cristo Redentor,20149,L2,V1,2026-02-22 08:29:34,2026-02-22 09:10:13,CC→CW,2026-02-22,,20149,20149,460,Monedero
4679,2000023872,Coronel,Concepcion,20062,L2,V1,2026-02-22 13:31:11,2026-02-22 14:34:44,CW→CC,2026-02-22,,20062,20062,880,Monedero
4680,2000023872,Concepcion,Coronel,20161,L2,V1,2026-02-22 18:07:42,2026-02-22 19:15:30,CC→CW,2026-02-22,,20161,20161,880,Monedero
4681,2000023922,Laguna Quinenco,Concepcion,20056,L2,V1,2026-02-22 12:16:27,2026-02-22 13:04:20,CW→CC,2026-02-22,,20056,20056,880,Monedero
4682,2000023922,Concepcion,Laguna Quinenco,20161,L2,V1,2026-02-22 17:57:00,2026-02-22 19:11:24,CC→CW,2026-02-22,,20161,20161,880,Monedero
4683,2000023935,Concepcion,Cdal. Raul Silva Henriquez,20171,L2,V1,2026-02-22 20:06:46,2026-02-22 21:35:32,CC→CW,2026-02-22,combo_por_entrada,20171,20171,590,Monedero
4684,2000023964,Lomas Coloradas,Costa Mar,20056,L2,V1,2026-02-22 12:25:22,2026-02-22 12:46:54,CW→CC,2026-02-22,,20056,20056,430,Monedero
4685,2000023964,Costa Mar,Laguna Quinenco,20059,L2,V1,2026-02-22 13:17:25,2026-02-22 14:02:04,CC→CW,2026-02-22,,20059,20059,650,Monedero
4686,2000023964,Laguna Quinenco,Lomas Coloradas,20068,L2,V1,2026-02-22 15:36:35,2026-02-22 16:04:38,CW→CC,2026-02-22,,20068,20068,650,Monedero
4687,2000024648,Costa Mar,Cristo Redentor,20041,L2,V1,2026-02-22 10:37:08,2026-02-22 11:07:04,CC→CW,2026-02-22,,20041,20041,630,Monedero
4688,2000024648,Coronel,Cristo Redentor,20162,L2,V1,2026-02-22 17:50:17,2026-02-22 18:25:03,CW→CC,2026-02-22,,20162,20160,450,Monedero
4689,2000024788,Cristo Redentor,Concepcion,20056,L2,V1,2026-02-22 12:14:05,2026-02-22 13:06:37,CW→CC,2026-02-22,,20056,20056,850,Monedero
4690,2000024788,Concepcion,Cristo Redentor,20161,L2,V1,2026-02-22 17:54:01,2026-02-22 19:09:05,CC→CW,2026-02-22,,20161,20161,850,Monedero
4691,2000024951,Concepcion,Costa Mar,20171,L2,V1,2026-02-22 20:28:26,2026-02-22 21:25:06,CC→CW,2026-02-22,,20171,20171,570,Monedero
4692,2000025319,Huinca,Concepcion,20056,L2,V1,2026-02-22 11:30:20,2026-02-22 13:06:01,CW→CC,2026-02-22,,20056,20052,850,Monedero
4693,2000025319,Concepcion,Huinca,20161,L2,V1,2026-02-22 18:18:42,2026-02-22 19:07:49,CC→CW,2026-02-22,,20161,20161,850,Monedero
4694,2000025377,Concepcion,Coronel,20157,L2,V1,2026-02-22 17:15:28,2026-02-22 18:14:33,CC→CW,2026-02-22,,20157,20157,880,Monedero
4695,2000025377,Concepcion,Coronel,20157,L2,V1,2026-02-22 17:15:34,2026-02-22 18:14:29,CC→CW,2026-02-22,,20157,20157,880,Monedero
4696,2000025379,Concepcion,Coronel,20157,L2,V1,2026-02-22 17:15:17,2026-02-22 18:14:46,CC→CW,2026-02-22,,20157,20157,880,Monedero
4697,2000025450,Costa Mar,Cristo Redentor,20063,L2,V1,2026-02-22 14:29:36,2026-02-22 15:15:13,CC→CW,2026-02-22,,20063,20063,630,Monedero
4698,2000025450,Costa Mar,Cristo Redentor,20063,L2,V1,2026-02-22 14:29:47,2026-02-22 15:15:08,CC→CW,2026-02-22,,20063,20063,630,Monedero
4699,2000025450,Costa Mar,Cristo Redentor,20063,L2,V1,2026-02-22 14:29:54,2026-02-22 15:14:54,CC→CW,2026-02-22,,20063,20063,630,Monedero
4700,2000025450,Cristo Redentor,Costa Mar,20162,L2,V1,2026-02-22 18:23:16,2026-02-22 18:46:15,CW→CC,2026-02-22,,20162,20162,630,Monedero
4701,2000025450,Cristo Redentor,Costa Mar,20162,L2,V1,2026-02-22 18:23:30,2026-02-22 18:45:47,CW→CC,2026-02-22,,20162,20162,630,Monedero
4702,2000025576,Concepcion,Los Canelos,20063,L2,V1,2026-02-22 14:31:20,2026-02-22 15:10:38,CC→CW,2026-02-22,,20063,20063,850,Monedero
4703,2000025681,Concepcion,Cdal. Raul Silva Henriquez,20167,L2,V1,2026-02-22 19:36:32,2026-02-22 20:29:31,CC→CW,2026-02-22,,20167,20167,570,Monedero
4704,2000025699,Lomas Coloradas,Alborada,20056,L2,V1,2026-02-22 12:32:42,2026-02-22 12:49:06,CW→CC,2026-02-22,,20056,20056,510,Monedero
4705,2000025699,Lomas Coloradas,Alborada,20056,L2,V1,2026-02-22 12:32:54,2026-02-22 12:49:01,CW→CC,2026-02-22,,20056,20056,510,Monedero
4706,2000025699,Alborada,Lomas Coloradas,20167,L2,V1,2026-02-22 20:01:48,2026-02-22 20:23:55,CC→CW,2026-02-22,,20167,20167,510,Monedero
4707,2000025699,Alborada,Lomas Coloradas,20167,L2,V1,2026-02-22 20:02:01,2026-02-22 20:23:48,CC→CW,2026-02-22,,20167,20167,510,Monedero
4708,2000025839,Cdal. Raul Silva Henriquez,Costa Mar,20044,L2,V1,2026-02-22 10:23:04,2026-02-22 10:34:11,CW→CC,2026-02-22,,20044,20044,430,Monedero
4709,2000025859,Concepcion,Cdal. Raul Silva Henriquez,20153,L2,V1,2026-02-22 09:01:38,2026-02-22 09:42:09,CC→CW,2026-02-22,,20153,20153,570,Monedero
4710,2000026449,Concepcion,Cdal. Raul Silva Henriquez,20035,L2,V1,2026-02-22 09:49:51,2026-02-22 10:27:11,CC→CW,2026-02-22,,20035,20035,570,Monedero
4711,2000026449,Cdal. Raul Silva Henriquez,Concepcion,20160,L2,V1,2026-02-22 18:00:31,2026-02-22 18:33:45,CW→CC,2026-02-22,,20160,20160,570,Monedero
4712,2000026456,Cdal. Raul Silva Henriquez,Cristo Redentor,20153,L2,V1,2026-02-22 09:38:31,2026-02-22 09:58:06,CC→CW,2026-02-22,,20153,20153,630,Monedero
4713,2000026563,Huinca,Costa Mar,20056,L2,V1,2026-02-22 12:23:56,2026-02-22 12:46:52,CW→CC,2026-02-22,,20056,20056,630,Monedero
4714,2000026563,Huinca,Costa Mar,20056,L2,V1,2026-02-22 12:24:02,2026-02-22 12:46:45,CW→CC,2026-02-22,,20056,20056,630,Monedero
4715,2000026563,Costa Mar,Cristo Redentor,20157,L2,V1,2026-02-22 17:18:16,2026-02-22 18:09:17,CC→CW,2026-02-22,,20157,20157,630,Monedero
4716,2000026563,Costa Mar,Cristo Redentor,20157,L2,V1,2026-02-22 17:18:22,2026-02-22 18:09:12,CC→CW,2026-02-22,,20157,20157,630,Monedero
4717,2000026989,Huinca,Laguna Quinenco,20035,L2,V1,2026-02-22 10:37:06,2026-02-22 10:44:33,CC→CW,2026-02-22,,20035,20035,450,Monedero
4718,2000027076,El Arenal,Concepcion,20857,L1,V1,2026-02-22 08:24:47,2026-02-22 08:57:13,TH→HQ,2026-02-22,,20857,20857,540,Monedero
4719,2000027088,Juan Pablo II,Cristo Redentor,20059,L2,V1,2026-02-22 13:03:49,2026-02-22 13:59:25,CC→CW,2026-02-22,,20059,20059,680,Monedero
4720,2000027088,Cristo Redentor,Alborada,20066,L2,V1,2026-02-22 14:25:36,2026-02-22 15:11:10,CW→CC,2026-02-22,,20066,20066,680,Monedero
4721,2000028048,Los Canelos,Cdal. Raul Silva Henriquez,20066,L2,V1,2026-02-22 14:47:24,2026-02-22 15:00:55,CW→CC,2026-02-22,,20066,20066,610,Monedero
4722,2000028633,Concepcion,Cdal. Raul Silva Henriquez,20171,L2,V1,2026-02-22 20:56:38,2026-02-22 21:37:30,CC→CW,2026-02-22,,20171,20171,570,Monedero
4723,2000028639,Los Canelos,Concepcion,20062,L2,V1,2026-02-22 13:48:18,2026-02-22 14:32:28,CW→CC,2026-02-22,,20062,20062,850,Monedero
4724,2000028639,Los Canelos,Concepcion,20062,L2,V1,2026-02-22 13:48:24,2026-02-22 14:32:23,CW→CC,2026-02-22,,20062,20062,850,Monedero
4725,2000028873,Concepcion,Higueras,20850,L1,V1,2026-02-22 09:10:00,2026-02-22 10:21:15,HQ→TH,2026-02-22,combo_relajado_pase2,20850,20850,900,Monedero
4726,2000029090,Lomas Coloradas,Cristo Redentor,20059,L2,V1,2026-02-22 13:34:07,2026-02-22 13:57:51,CC→CW,2026-02-22,,20059,20059,630,Monedero
4727,2000029090,Laguna Quinenco,Lomas Coloradas,20066,L2,V1,2026-02-22 14:38:42,2026-02-22 15:03:06,CW→CC,2026-02-22,,20066,20066,650,Monedero
4728,2000029099,Concepcion,Cdal. Raul Silva Henriquez,20171,L2,V1,2026-02-22 20:51:47,2026-02-22 21:36:33,CC→CW,2026-02-22,,20171,20171,570,Monedero
4729,2000029330,Hito Galvarino,Concepcion,20050,L2,V1,2026-02-22 10:39:43,2026-02-22 11:40:51,CW→CC,2026-02-22,,20050,20050,850,Monedero
4730,2000029416,Concepcion,Lomas Coloradas,20171,L2,V1,2026-02-22 20:46:41,2026-02-22 21:30:39,CC→CW,2026-02-22,,20171,20171,570,Monedero
4731,2000029581,Los Canelos,Cristo Redentor,20069,L2,V1,2026-02-22 17:17:04,2026-02-22 17:24:35,CC→CW,2026-02-22,,20069,20069,460,Monedero
4732,2000029581,Cristo Redentor,Los Canelos,20162,L2,V1,2026-02-22 18:16:42,2026-02-22 18:28:54,CW→CC,2026-02-22,,20162,20162,460,Monedero
4733,2000029586,Lomas Coloradas,El Parque,20156,L2,V1,2026-02-22 09:33:29,2026-02-22 09:44:57,CW→CC,2026-02-22,,20156,20156,430,Monedero
4734,2000029586,El Parque,Lomas Coloradas,20167,L2,V1,2026-02-22 20:06:10,2026-02-22 20:24:55,CC→CW,2026-02-22,,20167,20167,430,Monedero
4735,2000029592,Concepcion,Laguna Quinenco,20153,L2,V1,2026-02-22 09:14:29,2026-02-22 09:59:25,CC→CW,2026-02-22,,20153,20153,880,Monedero
4736,2000029592,Laguna Quinenco,Concepcion,20068,L2,V1,2026-02-22 15:41:11,2026-02-22 16:25:18,CW→CC,2026-02-22,,20068,20068,880,Monedero
4737,2000029859,Costa Mar,Concepcion,20162,L2,V1,2026-02-22 18:41:42,2026-02-22 19:04:02,CW→CC,2026-02-22,,20162,20162,570,Monedero
4738,2000029934,Huinca,Concepcion,20062,L2,V1,2026-02-22 13:53:25,2026-02-22 14:36:59,CW→CC,2026-02-22,,20062,20062,850,Monedero
4739,2000029934,Concepcion,Huinca,20161,L2,V1,2026-02-22 17:57:56,2026-02-22 19:07:11,CC→CW,2026-02-22,,20161,20161,850,Monedero
4740,2000029990,Concepcion,Laguna Quinenco,20069,L2,V1,2026-02-22 16:33:27,2026-02-22 17:29:29,CC→CW,2026-02-22,,20069,20069,880,Monedero
4741,2000029990,Laguna Quinenco,Concepcion,20166,L2,V1,2026-02-22 19:07:14,2026-02-22 20:01:49,CW→CC,2026-02-22,,20166,20166,880,Monedero
4742,2000030046,Los Canelos,Diagonal Bio Bio,20056,L2,V1,2026-02-22 12:18:48,2026-02-22 12:51:43,CW→CC,2026-02-22,,20056,20056,650,Monedero
4743,2000030046,Diagonal Bio Bio,Los Canelos,20063,L2,V1,2026-02-22 14:10:51,2026-02-22 15:11:05,CC→CW,2026-02-22,,20063,20063,650,Monedero
4744,2000030054,El Parque,Juan Pablo II,20066,L2,V1,2026-02-22 14:48:16,2026-02-22 15:15:55,CW→CC,2026-02-22,,20066,20066,510,Monedero
4745,2000031049,Costa Mar,Huinca,20163,L2,V1,2026-02-22 19:02:59,2026-02-22 19:39:12,CC→CW,2026-02-22,,20163,20163,630,Monedero
4746,2000031504,Laguna Quinenco,Concepcion,20076,L2,V1,2026-02-22 16:46:40,2026-02-22 17:31:49,CW→CC,2026-02-22,,20076,20076,880,Monedero
4747,2000031504,Laguna Quinenco,Concepcion,20076,L2,V1,2026-02-22 16:46:56,2026-02-22 17:31:36,CW→CC,2026-02-22,,20076,20076,880,Monedero
4748,2000031504,Laguna Quinenco,Concepcion,20076,L2,V1,2026-02-22 16:47:04,2026-02-22 17:31:29,CW→CC,2026-02-22,,20076,20076,880,Monedero
4749,2000031504,Laguna Quinenco,Concepcion,20076,L2,V1,2026-02-22 16:47:09,2026-02-22 17:31:14,CW→CC,2026-02-22,,20076,20076,880,Monedero
4750,2000031504,Concepcion,Cdal. Raul Silva Henriquez,20167,L2,V1,2026-02-22 19:35:02,2026-02-22 20:33:05,CC→CW,2026-02-22,,20167,20167,570,Monedero
4751,2000031504,Concepcion,Cdal. Raul Silva Henriquez,20167,L2,V1,2026-02-22 19:35:08,2026-02-22 20:32:55,CC→CW,2026-02-22,,20167,20167,570,Monedero
4752,2000031504,Concepcion,Cdal. Raul Silva Henriquez,20167,L2,V1,2026-02-22 19:35:18,2026-02-22 20:32:44,CC→CW,2026-02-22,,20167,20167,570,Monedero
4753,2000031504,Concepcion,Cdal. Raul Silva Henriquez,20167,L2,V1,2026-02-22 19:35:24,2026-02-22 20:32:38,CC→CW,2026-02-22,,20167,20167,570,Monedero
4754,2000031586,Costa Mar,Los Canelos,20049,L2,V1,2026-02-22 11:10:05,2026-02-22 12:03:20,CC→CW,2026-02-22,,20049,20049,610,Monedero
4755,2000031586,Huinca,Costa Mar,20068,L2,V1,2026-02-22 15:37:09,2026-02-22 16:10:12,CW→CC,2026-02-22,,20068,20068,630,Monedero
4756,2000031895,Concepcion,Los Canelos,20049,L2,V1,2026-02-22 11:01:10,2026-02-22 12:03:05,CC→CW,2026-02-22,,20049,20049,850,Monedero
4757,2000032237,Concepcion,El Parque,20053,L2,V1,2026-02-22 11:57:31,2026-02-22 12:30:21,CC→CW,2026-02-22,,20053,20053,570,Monedero
4758,2000032237,El Parque,Concepcion,20068,L2,V1,2026-02-22 15:44:21,2026-02-22 16:27:25,CW→CC,2026-02-22,,20068,20068,570,Monedero
4759,2000032432,Concepcion,Los Canelos,20161,L2,V1,2026-02-22 18:05:50,2026-02-22 19:03:41,CC→CW,2026-02-22,,20161,20161,850,Monedero
4760,2000032458,Concepcion,Diagonal Bio Bio,20171,L2,V1,2026-02-22 20:18:21,2026-02-22 21:19:26,CC→CW,2026-02-22,match_por_salida_fallback,20171,20171,600,Monedero
4761,2000033239,Laguna Quinenco,Concepcion,20058,L2,V1,2026-02-22 12:32:00,2026-02-22 13:16:39,CW→CC,2026-02-22,,20058,20058,880,Monedero
4762,2000033392,Concepcion,Manquimavida,20847,L1,V1,2026-02-22 20:26:19,2026-02-22 20:47:12,TH→HQ,2026-02-22,,20847,20847,510,Monedero
4763,2000033461,Concepcion,Coronel,20051,L2,V1,2026-02-22 11:40:12,2026-02-22 12:29:06,CC→CW,2026-02-22,,20051,20051,880,Monedero
4764,2000033461,Coronel,Concepcion,20058,L2,V1,2026-02-22 12:31:21,2026-02-22 13:25:08,CW→CC,2026-02-22,,20058,20058,880,Monedero
4765,2000033578,Concepcion,Manquimavida,20847,L1,V1,2026-02-22 20:06:52,2026-02-22 20:46:26,TH→HQ,2026-02-22,,20847,20847,510,Monedero
4766,2000033578,Concepcion,Manquimavida,20847,L1,V1,2026-02-22 20:07:01,2026-02-22 20:46:01,TH→HQ,2026-02-22,,20847,20847,510,Monedero
4767,2000033578,Concepcion,Manquimavida,20847,L1,V1,2026-02-22 20:16:19,2026-02-22 20:45:57,TH→HQ,2026-02-22,,20847,20847,510,Monedero
4768,2000033602,Costa Mar,Huinca,20161,L2,V1,2026-02-22 18:47:06,2026-02-22 19:40:52,CC→CW,2026-02-22,,20161,20161,630,Monedero
4769,2000033920,Costa Mar,Concepcion,20066,L2,V1,2026-02-22 15:05:06,2026-02-22 15:24:25,CW→CC,2026-02-22,,20066,20066,570,Monedero
4770,2000033920,Concepcion,Costa Mar,20163,L2,V1,2026-02-22 18:41:53,2026-02-22 19:17:58,CC→CW,2026-02-22,,20163,20163,570,Monedero
4771,2000034052,Concepcion,Cristo Redentor,20041,L2,V1,2026-02-22 10:14:14,2026-02-22 11:07:49,CC→CW,2026-02-22,,20041,20041,850,Monedero
4772,2000034606,Cristo Redentor,Laguna Quinenco,20053,L2,V1,2026-02-22 12:41:36,2026-02-22 12:49:37,CC→CW,2026-02-22,,20053,20053,450,Monedero
4773,2000034698,Cristo Redentor,Concepcion,20058,L2,V1,2026-02-22 12:32:41,2026-02-22 13:17:25,CW→CC,2026-02-22,,20058,20058,850,Monedero
4774,2000034698,Concepcion,Cristo Redentor,20161,L2,V1,2026-02-22 17:41:03,2026-02-22 19:09:27,CC→CW,2026-02-22,,20161,20161,850,Monedero
4775,2000034715,El Parque,Cdal. Raul Silva Henriquez,20167,L2,V1,2026-02-22 20:02:52,2026-02-22 20:28:35,CC→CW,2026-02-22,,20167,20167,430,Monedero
4776,2000035124,La Leonera,Higueras,20846,L1,V1,2026-02-22 17:07:03,2026-02-22 17:52:24,HQ→TH,2026-02-22,,20846,20846,540,Monedero
4777,2000035228,Concepcion,Cdal. Raul Silva Henriquez,20153,L2,V1,2026-02-22 08:17:37,2026-02-22 09:42:16,CC→CW,2026-02-22,combo_por_entrada,20153,20153,590,Monedero
4778,2000035236,Pedro Medina,Concepcion,20844,L1,V1,2026-02-22 12:25:41,2026-02-22 13:08:08,HQ→TH,2026-02-22,,20844,20844,510,Monedero
4779,2000035436,Concepcion,Huinca,20067,L2,V1,2026-02-22 15:17:59,2026-02-22 16:05:48,CC→CW,2026-02-22,,20067,20067,850,Monedero
4780,2000035804,Concepcion,Coronel,20153,L2,V1,2026-02-22 09:15:36,2026-02-22 10:06:16,CC→CW,2026-02-22,,20153,20153,880,Monedero
4781,2000036266,Alborada,Cristo Redentor,20149,L2,V1,2026-02-22 08:39:30,2026-02-22 09:10:24,CC→CW,2026-02-22,,20149,20149,680,Monedero
4782,2000036910,Diagonal Bio Bio,Lomas Coloradas,20149,L2,V1,2026-02-22 08:34:20,2026-02-22 08:51:57,CC→CW,2026-02-22,,20149,20149,510,Monedero
4783,2000036910,Lomas Coloradas,Diagonal Bio Bio,20162,L2,V1,2026-02-22 18:20:58,2026-02-22 18:51:04,CW→CC,2026-02-22,,20162,20162,510,Monedero
4784,2000036932,Concepcion,Cdal. Raul Silva Henriquez,20059,L2,V1,2026-02-22 12:18:45,2026-02-22 13:45:39,CC→CW,2026-02-22,combo_por_entrada,20059,20059,590,Monedero
4785,2000036932,Concepcion,Cdal. Raul Silva Henriquez,20059,L2,V1,2026-02-22 12:18:54,2026-02-22 13:45:33,CC→CW,2026-02-22,combo_por_entrada,20059,20059,590,Monedero
4786,2000036987,Huinca,Concepcion,20044,L2,V1,2026-02-22 09:50:07,2026-02-22 10:48:53,CW→CC,2026-02-22,,20044,20040,850,Monedero
4787,2000036987,Concepcion,Huinca,20051,L2,V1,2026-02-22 11:40:39,2026-02-22 12:21:02,CC→CW,2026-02-22,,20051,20051,850,Monedero
4788,2000037096,La Leonera,Concepcion,20844,L1,V1,2026-02-22 12:27:52,2026-02-22 13:07:39,HQ→TH,2026-02-22,,20844,20844,510,Monedero
4789,2000037096,Concepcion,Chiguayante,20845,L1,V1,2026-02-22 16:20:33,2026-02-22 16:41:38,TH→HQ,2026-02-22,,20845,20845,510,Monedero
4790,2000037463,Cdal. Raul Silva Henriquez,Costa Mar,20044,L2,V1,2026-02-22 10:16:01,2026-02-22 10:33:58,CW→CC,2026-02-22,,20044,20044,430,Monedero
4791,2000037463,Cdal. Raul Silva Henriquez,Costa Mar,20044,L2,V1,2026-02-22 10:16:11,2026-02-22 10:33:49,CW→CC,2026-02-22,,20044,20044,430,Monedero
4792,2000037463,Costa Mar,Cdal. Raul Silva Henriquez,20053,L2,V1,2026-02-22 12:20:49,2026-02-22 12:36:44,CC→CW,2026-02-22,,20053,20053,430,Monedero
4793,2000037902,Juan Pablo II,Costa Mar,20067,L2,V1,2026-02-22 15:21:56,2026-02-22 15:46:06,CC→CW,2026-02-22,,20067,20067,510,Monedero
4794,2000038472,Cdal. Raul Silva Henriquez,Diagonal Bio Bio,20050,L2,V1,2026-02-22 11:11:24,2026-02-22 11:29:30,CW→CC,2026-02-22,,20050,20050,510,Monedero
4795,2000038841,Coronel,Concepcion,20076,L2,V1,2026-02-22 16:25:31,2026-02-22 17:29:00,CW→CC,2026-02-22,,20076,20076,880,Monedero
4796,2000038899,Concepcion,Coronel,20059,L2,V1,2026-02-22 13:04:40,2026-02-22 14:05:11,CC→CW,2026-02-22,,20059,20059,880,Monedero
4797,2000039610,Coronel,Lomas Coloradas,20166,L2,V1,2026-02-22 19:10:37,2026-02-22 19:40:57,CW→CC,2026-02-22,,20166,20166,650,Monedero
4798,2000039770,Cristo Redentor,Concepcion,20162,L2,V1,2026-02-22 18:13:12,2026-02-22 19:00:05,CW→CC,2026-02-22,,20162,20162,850,Monedero
4799,2000039865,Costa Mar,Concepcion,20162,L2,V1,2026-02-22 18:34:00,2026-02-22 19:02:11,CW→CC,2026-02-22,,20162,20162,570,Monedero
4800,2000040263,Concepcion,Cdal. Raul Silva Henriquez,20059,L2,V1,2026-02-22 12:18:10,2026-02-22 13:45:25,CC→CW,2026-02-22,combo_por_entrada,20059,20059,590,Monedero
4801,2000040787,Los Canelos,Concepcion,20076,L2,V1,2026-02-22 16:52:19,2026-02-22 17:28:34,CW→CC,2026-02-22,,20076,20076,850,Monedero
4802,2000041014,Juan Pablo II,Cristo Redentor,20049,L2,V1,2026-02-22 11:08:40,2026-02-22 12:08:07,CC→CW,2026-02-22,,20049,20049,680,Monedero
4803,2000041078,Lomas Coloradas,Diagonal Bio Bio,20058,L2,V1,2026-02-22 12:52:56,2026-02-22 13:05:52,CW→CC,2026-02-22,,20058,20058,510,Monedero
4804,2000041078,Diagonal Bio Bio,Lomas Coloradas,20171,L2,V1,2026-02-22 20:58:08,2026-02-22 21:31:26,CC→CW,2026-02-22,,20171,20171,510,Monedero
4805,2000041271,Concepcion,Los Canelos,20049,L2,V1,2026-02-22 11:00:09,2026-02-22 12:03:05,CC→CW,2026-02-22,,20049,20049,850,Monedero
4806,2000041276,Concepcion,Coronel,20059,L2,V1,2026-02-22 13:10:32,2026-02-22 14:04:28,CC→CW,2026-02-22,,20059,20059,880,Monedero
4807,2000041276,Concepcion,Pedro Medina,20847,L1,V1,2026-02-22 19:07:14,2026-02-22 20:43:41,TH→HQ,2026-02-22,combo_por_entrada,20847,20847,910,Monedero
4808,2000041727,Concepcion,Coronel,20069,L2,V1,2026-02-22 16:40:03,2026-02-22 17:29:47,CC→CW,2026-02-22,,20069,20069,880,Monedero
4809,2000041732,Coronel,Concepcion,20152,L2,V1,2026-02-22 08:22:33,2026-02-22 09:16:45,CW→CC,2026-02-22,,20152,20152,880,Monedero
4810,2000041750,Cristo Redentor,El Parque,20062,L2,V1,2026-02-22 13:54:26,2026-02-22 14:21:13,CW→CC,2026-02-22,,20062,20062,630,Monedero
4811,2000041750,El Parque,Cristo Redentor,20157,L2,V1,2026-02-22 17:17:18,2026-02-22 18:10:01,CC→CW,2026-02-22,,20157,20157,630,Monedero
4812,2000041887,Los Canelos,Costa Mar,20076,L2,V1,2026-02-22 16:05:45,2026-02-22 17:13:55,CW→CC,2026-02-22,,20076,20076,610,Monedero
4813,2000041887,Los Canelos,Costa Mar,20076,L2,V1,2026-02-22 16:05:52,2026-02-22 17:13:49,CW→CC,2026-02-22,,20076,20076,610,Monedero
4814,2000041887,Costa Mar,Los Canelos,20163,L2,V1,2026-02-22 19:12:45,2026-02-22 19:37:27,CC→CW,2026-02-22,,20163,20163,610,Monedero
4815,2000041887,Costa Mar,Los Canelos,20163,L2,V1,2026-02-22 19:12:49,2026-02-22 19:37:08,CC→CW,2026-02-22,,20163,20163,610,Monedero
4816,2000042166,Costa Mar,Cdal. Raul Silva Henriquez,20171,L2,V1,2026-02-22 21:15:24,2026-02-22 21:36:05,CC→CW,2026-02-22,,20171,20171,430,Monedero
4817,2000042200,Los Canelos,Concepcion,20160,L2,V1,2026-02-22 17:44:11,2026-02-22 18:28:52,CW→CC,2026-02-22,,20160,20160,850,Monedero
4818,2000042318,Hito Galvarino,Diagonal Bio Bio,20066,L2,V1,2026-02-22 14:47:07,2026-02-22 15:14:03,CW→CC,2026-02-22,,20066,20066,650,Monedero
4819,2000042363,Lomas Coloradas,Concepcion,20160,L2,V1,2026-02-22 17:34:39,2026-02-22 18:29:00,CW→CC,2026-02-22,,20160,20160,570,Monedero
4820,2000042385,Concepcion,Coronel,20067,L2,V1,2026-02-22 15:09:16,2026-02-22 16:14:30,CC→CW,2026-02-22,,20067,20067,880,Monedero
4821,2000042489,Concepcion,Los Condores,20844,L1,V1,2026-02-22 12:14:14,2026-02-22 13:17:39,HQ→TH,2026-02-22,,20844,20844,500,Monedero
4822,2000042656,Coronel,Concepcion,20056,L2,V1,2026-02-22 11:57:44,2026-02-22 13:03:51,CW→CC,2026-02-22,,20056,20056,880,Monedero
4823,2000042808,Cristo Redentor,Hito Galvarino,20056,L2,V1,2026-02-22 12:24:57,2026-02-22 12:46:12,CW→CC,2026-02-22,,20056,20056,460,Monedero
4824,2000042818,Huinca,Costa Mar,20062,L2,V1,2026-02-22 13:29:20,2026-02-22 14:19:54,CW→CC,2026-02-22,,20062,20062,630,Monedero
4825,2000042818,Huinca,Costa Mar,20062,L2,V1,2026-02-22 13:29:31,2026-02-22 14:19:46,CW→CC,2026-02-22,,20062,20062,630,Monedero
4826,2000043235,Lomas Coloradas,Concepcion,20166,L2,V1,2026-02-22 19:38:54,2026-02-22 19:59:15,CW→CC,2026-02-22,,20166,20166,570,Monedero
4827,2000043258,Huinca,Concepcion,20068,L2,V1,2026-02-22 15:31:00,2026-02-22 16:26:42,CW→CC,2026-02-22,,20068,20068,850,Monedero
4828,2000043258,Huinca,Concepcion,20068,L2,V1,2026-02-22 15:31:17,2026-02-22 16:26:35,CW→CC,2026-02-22,,20068,20068,850,Monedero
4829,2000043491,Concepcion,Laguna Quinenco,20059,L2,V1,2026-02-22 13:09:35,2026-02-22 14:01:51,CC→CW,2026-02-22,,20059,20059,880,Monedero
4830,2000044184,Concepcion,Coronel,20059,L2,V1,2026-02-22 12:14:55,2026-02-22 14:05:10,CC→CW,2026-02-22,combo_por_entrada,20059,20859,910,Monedero
4831,2000044336,Cdal. Raul Silva Henriquez,Concepcion,20040,L2,V1,2026-02-22 09:57:20,2026-02-22 15:24:21,CW→CC,2026-02-22,,20040,20040,570,Monedero
4832,2000044427,Lomas Coloradas,Los Canelos,20163,L2,V1,2026-02-22 19:19:13,2026-02-22 19:36:46,CC→CW,2026-02-22,,20163,20163,610,Monedero
4833,2000044427,Lomas Coloradas,Los Canelos,20163,L2,V1,2026-02-22 19:19:15,2026-02-22 19:36:35,CC→CW,2026-02-22,,20163,20163,610,Monedero
4834,2000044727,Concepcion,Lomas Coloradas,20171,L2,V1,2026-02-22 20:41:20,2026-02-22 21:31:32,CC→CW,2026-02-22,,20171,20171,570,Monedero
4835,2000045010,Concepcion,Cristo Redentor,20059,L2,V1,2026-02-22 12:15:01,2026-02-22 13:58:23,CC→CW,2026-02-22,combo_por_entrada,20059,20059,900,Monedero
4836,2000045363,Concepcion,Laguna Quinenco,20059,L2,V1,2026-02-22 12:20:42,2026-02-22 14:02:25,CC→CW,2026-02-22,combo_por_entrada,20059,20059,910,Monedero
4837,2000045363,Laguna Quinenco,Concepcion,20162,L2,V1,2026-02-22 17:57:08,2026-02-22 19:01:37,CW→CC,2026-02-22,,20162,20162,880,Monedero
4838,2000045677,Los Canelos,Diagonal Bio Bio,20058,L2,V1,2026-02-22 12:34:44,2026-02-22 13:05:28,CW→CC,2026-02-22,,20058,20058,650,Monedero
4839,2000045677,Juan Pablo II,Los Canelos,20163,L2,V1,2026-02-22 19:09:34,2026-02-22 19:36:00,CC→CW,2026-02-22,,20163,20163,650,Monedero
4840,2000045968,Lomas Coloradas,Laguna Quinenco,20161,L2,V1,2026-02-22 18:33:30,2026-02-22 19:12:25,CC→CW,2026-02-22,,20161,20161,650,Monedero
4841,2000046012,Alborada,Concepcion,20058,L2,V1,2026-02-22 12:56:46,2026-02-22 13:18:54,CW→CC,2026-02-22,,20058,20058,570,Monedero
4842,2000046012,Alborada,Concepcion,20058,L2,V1,2026-02-22 12:56:50,2026-02-22 13:18:47,CW→CC,2026-02-22,,20058,20058,570,Monedero
4843,2000046012,Concepcion,Alborada,20063,L2,V1,2026-02-22 14:24:50,2026-02-22 14:52:42,CC→CW,2026-02-22,,20063,20063,570,Monedero
4844,2000046012,Concepcion,Alborada,20063,L2,V1,2026-02-22 14:25:02,2026-02-22 14:52:39,CC→CW,2026-02-22,,20063,20063,570,Monedero
4845,2000046175,Huinca,Diagonal Bio Bio,20058,L2,V1,2026-02-22 12:36:24,2026-02-22 13:05:18,CW→CC,2026-02-22,,20058,20058,680,Monedero
4846,2000046175,Diagonal Bio Bio,Cdal. Raul Silva Henriquez,20171,L2,V1,2026-02-22 20:46:51,2026-02-22 21:38:15,CC→CW,2026-02-22,,20171,20171,510,Monedero
4847,2000046438,Costa Mar,Coronel,20035,L2,V1,2026-02-22 10:00:34,2026-02-22 10:48:58,CC→CW,2026-02-22,,20035,20035,650,Monedero
4848,2000046546,Diagonal Bio Bio,Cdal. Raul Silva Henriquez,20067,L2,V1,2026-02-22 15:37:38,2026-02-22 15:54:32,CC→CW,2026-02-22,,20067,20067,510,Monedero
4849,2000046588,Laguna Quinenco,Concepcion,20152,L2,V1,2026-02-22 08:34:51,2026-02-22 09:15:56,CW→CC,2026-02-22,,20152,20152,880,Monedero
4850,2000046769,Laguna Quinenco,Concepcion,20056,L2,V1,2026-02-22 11:31:34,2026-02-22 13:03:39,CW→CC,2026-02-22,,20056,20056,880,Monedero
4851,2000046938,Coronel,Diagonal Bio Bio,20166,L2,V1,2026-02-22 19:11:08,2026-02-22 19:50:29,CW→CC,2026-02-22,,20166,20166,790,Monedero
4852,2000046938,Coronel,Diagonal Bio Bio,20166,L2,V1,2026-02-22 19:11:12,2026-02-22 19:50:24,CW→CC,2026-02-22,,20166,20166,790,Monedero
4853,2000047548,Laguna Quinenco,Concepcion,20050,L2,V1,2026-02-22 10:48:26,2026-02-22 11:40:10,CW→CC,2026-02-22,,20050,20050,880,Monedero
4854,2000048163,Laguna Quinenco,El Parque,20166,L2,V1,2026-02-22 19:12:09,2026-02-22 19:43:33,CW→CC,2026-02-22,,20166,20166,650,Monedero
4855,2000048353,Concepcion,Coronel,20053,L2,V1,2026-02-22 11:54:36,2026-02-22 12:54:38,CC→CW,2026-02-22,,20053,20053,880,Monedero
4856,2000048837,Concepcion,Cdal. Raul Silva Henriquez,20041,L2,V1,2026-02-22 10:28:21,2026-02-22 10:52:29,CC→CW,2026-02-22,,20041,20041,570,Monedero
4857,2000048837,Cdal. Raul Silva Henriquez,Concepcion,20162,L2,V1,2026-02-22 18:34:05,2026-02-22 19:01:21,CW→CC,2026-02-22,,20162,20162,570,Monedero
4858,2000048951,Concepcion,UTF Santa Maria,20850,L1,V1,2026-02-22 09:35:50,2026-02-22 10:16:45,HQ→TH,2026-02-22,combo_relajado_pase2,20850,20850,590,Monedero
4859,2000048951,Juan Pablo II,Cdal. Raul Silva Henriquez,20161,L2,V1,2026-02-22 18:35:02,2026-02-22 18:53:46,CC→CW,2026-02-22,,20161,20161,510,Monedero
4860,2000049044,El Parque,Laguna Quinenco,20069,L2,V1,2026-02-22 16:08:14,2026-02-22 17:27:27,CC→CW,2026-02-22,,20069,20069,650,Monedero
4861,2000049044,El Parque,Laguna Quinenco,20069,L2,V1,2026-02-22 16:08:20,2026-02-22 17:27:23,CC→CW,2026-02-22,,20069,20069,650,Monedero
4862,2000049044,El Parque,Laguna Quinenco,20069,L2,V1,2026-02-22 16:08:24,2026-02-22 17:27:19,CC→CW,2026-02-22,,20069,20069,650,Monedero
4863,2000049142,Costa Mar,El Parque,20041,L2,V1,2026-02-22 10:38:16,2026-02-22 10:47:06,CC→CW,2026-02-22,,20041,20041,430,Monedero
4864,2000049142,Costa Mar,El Parque,20041,L2,V1,2026-02-22 10:38:20,2026-02-22 10:47:02,CC→CW,2026-02-22,,20041,20041,430,Monedero
4865,2000049142,El Parque,Juan Pablo II,20052,L2,V1,2026-02-22 11:32:29,2026-02-22 11:55:37,CW→CC,2026-02-22,,20052,20052,510,Monedero
4866,2000049142,El Parque,Juan Pablo II,20052,L2,V1,2026-02-22 11:32:33,2026-02-22 11:55:31,CW→CC,2026-02-22,,20052,20052,510,Monedero
4867,2000049466,Lomas Coloradas,Concepcion,,,N/A,2026-02-22 20:37:59,2026-02-22 21:05:31,,2026-02-22,sin_combo_factible_en_hub|sin_s1_factible_retro,,,570,Monedero
4868,2000049800,Concepcion,Lomas Coloradas,20161,L2,V1,2026-02-22 18:27:14,2026-02-22 18:50:09,CC→CW,2026-02-22,,20161,20161,570,Monedero
4869,2000049862,Concepcion,Coronel,20053,L2,V1,2026-02-22 11:55:29,2026-02-22 12:53:46,CC→CW,2026-02-22,,20053,20053,880,Monedero
4870,2000050524,Laguna Quinenco,Concepcion,20160,L2,V1,2026-02-22 17:40:51,2026-02-22 18:28:54,CW→CC,2026-02-22,,20160,20160,880,Monedero
4871,2000050564,Concepcion,Lomas Coloradas,20167,L2,V1,2026-02-22 19:44:08,2026-02-22 20:24:17,CC→CW,2026-02-22,,20167,20167,570,Monedero
4872,2000051253,Concepcion,Coronel,20035,L2,V1,2026-02-22 10:01:08,2026-02-22 10:47:36,CC→CW,2026-02-22,,20035,20035,880,Monedero
4873,2000051253,Coronel,Concepcion,20052,L2,V1,2026-02-22 11:15:35,2026-02-22 12:03:52,CW→CC,2026-02-22,,20052,20052,880,Monedero
4874,2000051302,Los Canelos,Concepcion,20062,L2,V1,2026-02-22 13:33:34,2026-02-22 14:34:26,CW→CC,2026-02-22,,20062,20062,850,Monedero
4875,2000051302,Concepcion,Concepcion,,,N/A,2026-02-22 15:04:22,2026-02-22 15:08:58,,2026-02-22,no viajo,,,420,Monedero
4876,2000051436,Lomas Coloradas,Concepcion,20170,L2,V1,2026-02-22 20:21:35,2026-02-22 21:03:10,CW→CC,2026-02-22,,20170,20170,570,Monedero
4877,2000051609,Hualqui,Concepcion,20846,L1,V1,2026-02-22 16:58:26,2026-02-22 17:35:34,HQ→TH,2026-02-22,,20846,20846,550,Monedero
4878,2000051609,Hualqui,Concepcion,20846,L1,V1,2026-02-22 16:58:32,2026-02-22 17:35:20,HQ→TH,2026-02-22,,20846,20846,550,Monedero
4879,2000051609,Hualqui,Concepcion,20846,L1,V1,2026-02-22 16:58:36,2026-02-22 17:35:14,HQ→TH,2026-02-22,,20846,20846,550,Monedero
4880,2000051609,Concepcion,Concepcion,,,N/A,2026-02-22 17:48:53,2026-02-22 17:50:03,,2026-02-22,no viajo,,,420,Monedero
4881,2000051609,Concepcion,Concepcion,,,N/A,2026-02-22 17:49:01,2026-02-22 17:49:54,,2026-02-22,no viajo,,,420,Monedero
4882,2000051609,Concepcion,Concepcion,,,N/A,2026-02-22 17:49:05,2026-02-22 17:49:41,,2026-02-22,no viajo,,,420,Monedero
4883,2000051609,Concepcion,Hualqui,20847,L1,V1,2026-02-22 19:59:04,2026-02-22 21:04:54,TH→HQ,2026-02-22,,20847,20847,550,Monedero
4884,2000051609,Concepcion,Hualqui,20847,L1,V1,2026-02-22 19:59:10,2026-02-22 21:04:04,TH→HQ,2026-02-22,,20847,20847,550,Monedero
4885,2000051609,Concepcion,Hualqui,20847,L1,V1,2026-02-22 19:59:13,2026-02-22 21:03:54,TH→HQ,2026-02-22,,20847,20847,550,Monedero
4886,2000051949,Cristo Redentor,Concepcion,20066,L2,V1,2026-02-22 14:34:15,2026-02-22 15:23:56,CW→CC,2026-02-22,,20066,20066,850,Monedero
4887,2000051949,Concepcion,Cristo Redentor,20161,L2,V1,2026-02-22 18:07:33,2026-02-22 19:08:37,CC→CW,2026-02-22,,20161,20161,850,Monedero
4888,2000052124,El Parque,Concepcion,20056,L2,V1,2026-02-22 12:18:30,2026-02-22 13:05:18,CW→CC,2026-02-22,,20056,20056,570,Monedero
4889,2000052124,El Parque,Concepcion,20056,L2,V1,2026-02-22 12:18:35,2026-02-22 13:04:50,CW→CC,2026-02-22,,20056,20056,570,Monedero
4890,2000052124,El Parque,Concepcion,20056,L2,V1,2026-02-22 12:18:41,2026-02-22 13:04:46,CW→CC,2026-02-22,,20056,20056,570,Monedero
4891,2000052343,Costa Mar,Los Canelos,20051,L2,V1,2026-02-22 11:49:13,2026-02-22 12:19:08,CC→CW,2026-02-22,,20051,20049,610,Monedero
4892,2000052343,Costa Mar,Los Canelos,20051,L2,V1,2026-02-22 11:49:21,2026-02-22 12:19:02,CC→CW,2026-02-22,,20051,20049,610,Monedero
4893,2000052343,Costa Mar,Los Canelos,20051,L2,V1,2026-02-22 11:49:27,2026-02-22 12:18:52,CC→CW,2026-02-22,,20051,20049,610,Monedero
4894,2000052558,Cristo Redentor,Concepcion,20050,L2,V1,2026-02-22 10:53:24,2026-02-22 11:39:41,CW→CC,2026-02-22,,20050,20050,850,Monedero
4895,2000052558,Concepcion,Lomas Coloradas,20171,L2,V1,2026-02-22 20:58:37,2026-02-22 21:31:40,CC→CW,2026-02-22,,20171,20171,570,Monedero
4896,2000053185,Los Canelos,Concepcion,20076,L2,V1,2026-02-22 16:49:12,2026-02-22 17:31:12,CW→CC,2026-02-22,,20076,20076,850,Monedero
4897,2000053283,Concepcion,Higueras,20880,L1,V1,2026-02-22 21:25:26,2026-02-22 22:20:28,HQ→TH,2026-02-22,,20880,20880,500,Monedero
4898,2000053528,Diagonal Bio Bio,El Parque,20053,L2,V1,2026-02-22 12:09:21,2026-02-22 12:30:19,CC→CW,2026-02-22,,20053,20053,510,Monedero
4899,2000053528,El Parque,Concepcion,20062,L2,V1,2026-02-22 14:15:08,2026-02-22 14:33:18,CW→CC,2026-02-22,,20062,20062,570,Monedero
4900,2000053601,Juan Pablo II,Los Canelos,20053,L2,V1,2026-02-22 12:02:07,2026-02-22 12:46:37,CC→CW,2026-02-22,,20053,20053,650,Monedero
4901,2000053601,Juan Pablo II,Los Canelos,20053,L2,V1,2026-02-22 12:02:28,2026-02-22 12:46:27,CC→CW,2026-02-22,,20053,20053,650,Monedero
4902,2000054010,Concepcion,Coronel,20035,L2,V1,2026-02-22 09:19:23,2026-02-22 10:47:59,CC→CW,2026-02-22,combo_por_entrada,20035,20035,910,Monedero
4903,2000054010,Concepcion,Coronel,20035,L2,V1,2026-02-22 09:19:30,2026-02-22 10:47:56,CC→CW,2026-02-22,combo_por_entrada,20035,20035,910,Monedero
4904,2000054010,Coronel,Concepcion,20166,L2,V1,2026-02-22 19:06:36,2026-02-22 20:01:08,CW→CC,2026-02-22,,20166,20166,880,Monedero
4905,2000054010,Coronel,Concepcion,20166,L2,V1,2026-02-22 19:06:42,2026-02-22 20:01:05,CW→CC,2026-02-22,,20166,20166,880,Monedero
4906,2000054055,Los Canelos,Laguna Quinenco,20059,L2,V1,2026-02-22 13:49:52,2026-02-22 14:00:54,CC→CW,2026-02-22,,20059,20059,530,Monedero
4907,2000054055,Laguna Quinenco,Los Canelos,20162,L2,V1,2026-02-22 18:14:35,2026-02-22 18:29:07,CW→CC,2026-02-22,,20162,20162,530,Monedero
4908,2000054056,Huinca,Laguna Quinenco,20069,L2,V1,2026-02-22 17:20:08,2026-02-22 17:28:19,CC→CW,2026-02-22,,20069,20069,450,Monedero
4909,2000054087,Concepcion,Cdal. Raul Silva Henriquez,20167,L2,V1,2026-02-22 19:59:23,2026-02-22 20:30:12,CC→CW,2026-02-22,,20167,20167,570,Monedero
4910,2000054452,El Parque,Concepcion,20162,L2,V1,2026-02-22 18:37:02,2026-02-22 19:00:48,CW→CC,2026-02-22,,20162,20162,570,Monedero
4911,2000054902,Diagonal Bio Bio,Coronel,20157,L2,V1,2026-02-22 17:35:20,2026-02-22 18:14:39,CC→CW,2026-02-22,,20157,20157,790,Monedero
4912,2000055274,Lomas Coloradas,Laguna Quinenco,20067,L2,V1,2026-02-22 15:46:22,2026-02-22 16:11:30,CC→CW,2026-02-22,,20067,20067,650,Monedero
4913,2000055340,Concepcion,Lomas Coloradas,20171,L2,V1,2026-02-22 20:16:27,2026-02-22 21:31:51,CC→CW,2026-02-22,,20171,20171,570,Monedero
4914,2000055508,Concepcion,Lomas Coloradas,20163,L2,V1,2026-02-22 18:54:16,2026-02-22 19:23:50,CC→CW,2026-02-22,,20163,20163,570,Monedero
4915,2000055952,Lomas Coloradas,Concepcion,20062,L2,V1,2026-02-22 14:11:58,2026-02-22 14:33:30,CW→CC,2026-02-22,,20062,20062,570,Monedero
4916,2000055952,Lomas Coloradas,Concepcion,20062,L2,V1,2026-02-22 14:12:04,2026-02-22 14:33:20,CW→CC,2026-02-22,,20062,20062,570,Monedero
4917,2000056175,Lomas Coloradas,Huinca,20053,L2,V1,2026-02-22 12:23:30,2026-02-22 12:44:38,CC→CW,2026-02-22,,20053,20053,630,Monedero
4918,2000056175,Huinca,Lomas Coloradas,20076,L2,V1,2026-02-22 16:40:43,2026-02-22 17:08:16,CW→CC,2026-02-22,,20076,20076,630,Monedero
4919,2000056175,Lomas Coloradas,Cdal. Raul Silva Henriquez,20167,L2,V1,2026-02-22 20:04:53,2026-02-22 20:30:21,CC→CW,2026-02-22,,20167,20167,430,Monedero
4920,2000056577,Cristo Redentor,Concepcion,20066,L2,V1,2026-02-22 14:37:00,2026-02-22 15:23:20,CW→CC,2026-02-22,,20066,20066,850,Monedero
4921,2000056577,Concepcion,Cdal. Raul Silva Henriquez,20167,L2,V1,2026-02-22 19:47:04,2026-02-22 20:33:07,CC→CW,2026-02-22,,20167,20167,570,Monedero
4922,2000056835,Costa Mar,Coronel,20035,L2,V1,2026-02-22 10:02:10,2026-02-22 10:47:45,CC→CW,2026-02-22,,20035,20035,650,Monedero
4923,2000056901,Cristo Redentor,Juan Pablo II,20156,L2,V1,2026-02-22 09:06:36,2026-02-22 09:54:17,CW→CC,2026-02-22,,20156,20156,680,Monedero
4924,2000056901,Juan Pablo II,Cristo Redentor,20059,L2,V1,2026-02-22 13:04:50,2026-02-22 13:59:15,CC→CW,2026-02-22,,20059,20059,680,Monedero
4925,2000057041,Diagonal Bio Bio,Cristo Redentor,20067,L2,V1,2026-02-22 15:07:03,2026-02-22 16:08:46,CC→CW,2026-02-22,,20067,20067,680,Monedero
4926,2000057482,Lzo. Arenas,Manquimavida,20857,L1,V1,2026-02-22 08:37:37,2026-02-22 09:15:04,TH→HQ,2026-02-22,,20857,20857,510,Monedero
4927,2000057651,Concepcion,Hualqui,20847,L1,V1,2026-02-22 20:22:56,2026-02-22 21:00:59,TH→HQ,2026-02-22,,20847,20847,550,Monedero
4928,2000057706,Laguna Quinenco,Concepcion,20160,L2,V1,2026-02-22 17:39:56,2026-02-22 18:30:31,CW→CC,2026-02-22,,20160,20160,880,Monedero
4929,2000058136,Juan Pablo II,Cristo Redentor,20035,L2,V1,2026-02-22 09:56:29,2026-02-22 10:42:29,CC→CW,2026-02-22,,20035,20035,680,Monedero
4930,2000058136,Cristo Redentor,Juan Pablo II,20160,L2,V1,2026-02-22 17:45:13,2026-02-22 18:21:59,CW→CC,2026-02-22,,20160,20160,680,Monedero
4931,2000058143,Laguna Quinenco,Los Canelos,20066,L2,V1,2026-02-22 14:41:07,2026-02-22 14:51:22,CW→CC,2026-02-22,,20066,20066,530,Monedero
4932,2000058143,Laguna Quinenco,Los Canelos,20066,L2,V1,2026-02-22 14:41:13,2026-02-22 14:51:15,CW→CC,2026-02-22,,20066,20066,530,Monedero
4933,2000058189,Cristo Redentor,Juan Pablo II,20160,L2,V1,2026-02-22 17:41:37,2026-02-22 18:21:30,CW→CC,2026-02-22,,20160,20160,680,Monedero
4934,2000058202,Concepcion,Laguna Quinenco,20059,L2,V1,2026-02-22 12:52:35,2026-02-22 14:02:53,CC→CW,2026-02-22,,20059,20059,880,Monedero
4935,2000058202,Concepcion,Laguna Quinenco,20059,L2,V1,2026-02-22 12:52:40,2026-02-22 14:02:46,CC→CW,2026-02-22,,20059,20059,880,Monedero
4936,2000058202,Laguna Quinenco,Concepcion,20162,L2,V1,2026-02-22 17:58:25,2026-02-22 19:01:47,CW→CC,2026-02-22,,20162,20162,880,Monedero
4937,2000058202,Laguna Quinenco,Concepcion,20162,L2,V1,2026-02-22 17:58:36,2026-02-22 19:01:41,CW→CC,2026-02-22,,20162,20162,880,Monedero
4938,2000058218,Lomas Coloradas,Concepcion,20044,L2,V1,2026-02-22 10:18:46,2026-02-22 10:49:25,CW→CC,2026-02-22,,20044,20044,570,Monedero
4939,2000058218,Concepcion,Lomas Coloradas,20049,L2,V1,2026-02-22 10:58:32,2026-02-22 11:51:43,CC→CW,2026-02-22,,20049,20049,570,Monedero
4940,2000058266,Lomas Coloradas,Concepcion,20066,L2,V1,2026-02-22 14:59:35,2026-02-22 15:24:05,CW→CC,2026-02-22,,20066,20066,570,Monedero
4941,2000058266,Concepcion,Lomas Coloradas,20161,L2,V1,2026-02-22 18:13:29,2026-02-22 18:50:06,CC→CW,2026-02-22,,20161,20161,570,Monedero
4942,2000058692,Hito Galvarino,Laguna Quinenco,20149,L2,V1,2026-02-22 08:42:26,2026-02-22 09:12:24,CC→CW,2026-02-22,,20149,20149,530,Monedero
4943,2000058748,Concepcion,Mercado,20848,L1,V1,2026-02-22 20:44:27,2026-02-22 21:32:37,HQ→TH,2026-02-22,,20848,20848,540,Monedero
4944,2000058824,Concepcion,Lomas Coloradas,20167,L2,V1,2026-02-22 19:55:42,2026-02-22 20:26:39,CC→CW,2026-02-22,,20167,20167,570,Monedero
4945,2000058884,Coronel,Concepcion,20166,L2,V1,2026-02-22 19:09:27,2026-02-22 20:00:04,CW→CC,2026-02-22,,20166,20166,880,Monedero
4946,2000059205,Diagonal Bio Bio,Cdal. Raul Silva Henriquez,20059,L2,V1,2026-02-22 13:25:36,2026-02-22 13:45:05,CC→CW,2026-02-22,,20059,20059,510,Monedero
4947,2000059217,Concepcion,Alborada,20053,L2,V1,2026-02-22 11:58:14,2026-02-22 12:26:36,CC→CW,2026-02-22,,20053,20053,570,Monedero
4948,2000059380,Lomas Coloradas,Juan Pablo II,20066,L2,V1,2026-02-22 15:01:34,2026-02-22 15:16:47,CW→CC,2026-02-22,,20066,20066,510,Monedero
4949,2000059380,Concepcion,Lomas Coloradas,20167,L2,V1,2026-02-22 19:53:21,2026-02-22 20:26:08,CC→CW,2026-02-22,,20167,20167,570,Monedero
4950,2000059723,Diagonal Bio Bio,Lomas Coloradas,20059,L2,V1,2026-02-22 13:03:33,2026-02-22 13:41:06,CC→CW,2026-02-22,,20059,20059,510,Monedero
4951,2000059954,Concepcion,Laguna Quinenco,20053,L2,V1,2026-02-22 11:56:25,2026-02-22 12:49:42,CC→CW,2026-02-22,,20053,20053,880,Monedero
4952,2000059954,Laguna Quinenco,Concepcion,,,N/A,2026-02-22 16:36:28,2026-02-22 17:12:21,,2026-02-22,sin_combo_factible_en_hub|sin_s1_factible_retro,,,880,Monedero
4953,2000060143,Laguna Quinenco,Juan Pablo II,20040,L2,V1,2026-02-22 09:38:50,2026-02-22 10:15:39,CW→CC,2026-02-22,,20040,20040,790,Monedero
4954,2000060143,Juan Pablo II,Laguna Quinenco,20161,L2,V1,2026-02-22 17:55:06,2026-02-22 19:12:16,CC→CW,2026-02-22,,20161,20161,790,Monedero
4955,2000060230,Los Canelos,Lomas Coloradas,20166,L2,V1,2026-02-22 19:20:34,2026-02-22 19:40:17,CW→CC,2026-02-22,,20166,20166,610,Monedero
4956,2000060342,Laguna Quinenco,Lomas Coloradas,20052,L2,V1,2026-02-22 11:14:41,2026-02-22 11:43:08,CW→CC,2026-02-22,,20052,20052,650,Monedero
4957,2000060342,Lomas Coloradas,Cristo Redentor,20067,L2,V1,2026-02-22 15:49:35,2026-02-22 16:08:16,CC→CW,2026-02-22,,20067,20067,630,Monedero
4958,2000060342,Cristo Redentor,Coronel,20161,L2,V1,2026-02-22 18:34:23,2026-02-22 19:16:23,CC→CW,2026-02-22,,20161,20161,450,Monedero
4959,2000060564,Concepcion,Los Canelos,20153,L2,V1,2026-02-22 09:17:39,2026-02-22 09:52:43,CC→CW,2026-02-22,,20153,20153,850,Monedero
4960,2000060760,Laguna Quinenco,Concepcion,20068,L2,V1,2026-02-22 15:32:58,2026-02-22 16:33:19,CW→CC,2026-02-22,,20068,20068,880,Monedero
4961,2000060760,Concepcion,Laguna Quinenco,20163,L2,V1,2026-02-22 19:00:59,2026-02-22 19:47:24,CC→CW,2026-02-22,,20163,20163,880,Monedero
4962,2000061898,Huinca,Los Canelos,20166,L2,V1,2026-02-22 19:22:22,2026-02-22 19:29:48,CW→CC,2026-02-22,,20166,20166,460,Monedero
4963,2000061898,Huinca,Los Canelos,20166,L2,V1,2026-02-22 19:22:44,2026-02-22 19:29:36,CW→CC,2026-02-22,,20166,20166,460,Monedero
4964,2000061923,Los Canelos,El Parque,20068,L2,V1,2026-02-22 15:34:14,2026-02-22 16:07:38,CW→CC,2026-02-22,,20068,20068,610,Monedero
4965,2000061923,Los Canelos,El Parque,20068,L2,V1,2026-02-22 15:34:18,2026-02-22 16:07:33,CW→CC,2026-02-22,,20068,20068,610,Monedero
4966,2000061923,El Parque,Los Canelos,20157,L2,V1,2026-02-22 17:30:11,2026-02-22 18:03:57,CC→CW,2026-02-22,,20157,20157,610,Monedero
4967,2000061923,El Parque,Los Canelos,20157,L2,V1,2026-02-22 17:30:16,2026-02-22 18:03:53,CC→CW,2026-02-22,,20157,20157,610,Monedero
4968,2000061981,Cristo Redentor,Concepcion,20068,L2,V1,2026-02-22 15:39:19,2026-02-22 16:28:07,CW→CC,2026-02-22,,20068,20068,850,Monedero
4969,2000061981,Cristo Redentor,Concepcion,20068,L2,V1,2026-02-22 15:39:25,2026-02-22 16:28:00,CW→CC,2026-02-22,,20068,20068,850,Monedero
4970,2000061981,Concepcion,Cdal. Raul Silva Henriquez,20167,L2,V1,2026-02-22 19:51:49,2026-02-22 20:33:51,CC→CW,2026-02-22,,20167,20167,570,Monedero
4971,2000061981,Concepcion,Cdal. Raul Silva Henriquez,20167,L2,V1,2026-02-22 19:51:54,2026-02-22 20:33:46,CC→CW,2026-02-22,,20167,20167,570,Monedero
4972,2000061995,Los Canelos,Lomas Coloradas,20162,L2,V1,2026-02-22 18:16:07,2026-02-22 18:41:23,CW→CC,2026-02-22,,20162,20162,610,Monedero
4973,2000061995,Lomas Coloradas,Cdal. Raul Silva Henriquez,20171,L2,V1,2026-02-22 21:20:22,2026-02-22 21:35:22,CC→CW,2026-02-22,,20171,20171,430,Monedero
4974,2000062339,Lomas Coloradas,Cdal. Raul Silva Henriquez,20167,L2,V1,2026-02-22 20:13:30,2026-02-22 20:27:59,CC→CW,2026-02-22,,20167,20167,430,Monedero
4975,2000062384,Los Canelos,Diagonal Bio Bio,20156,L2,V1,2026-02-22 09:21:41,2026-02-22 09:51:21,CW→CC,2026-02-22,,20156,20156,650,Monedero
4976,2000062518,Concepcion,Cristo Redentor,20035,L2,V1,2026-02-22 09:37:36,2026-02-22 10:41:45,CC→CW,2026-02-22,,20035,20035,850,Monedero
4977,2000062792,El Parque,Cristo Redentor,20163,L2,V1,2026-02-22 19:11:02,2026-02-22 19:42:02,CC→CW,2026-02-22,,20163,20163,630,Monedero
4978,2000062926,Diagonal Bio Bio,Cristo Redentor,20157,L2,V1,2026-02-22 17:08:28,2026-02-22 18:08:43,CC→CW,2026-02-22,,20157,20157,680,Monedero
4979,2000063110,Concepcion,Huinca,20051,L2,V1,2026-02-22 11:33:11,2026-02-22 12:21:42,CC→CW,2026-02-22,,20051,20049,850,Monedero
4980,2000063242,Costa Mar,Lomas Coloradas,20153,L2,V1,2026-02-22 09:28:13,2026-02-22 09:39:45,CC→CW,2026-02-22,,20153,20153,430,Monedero
4981,2000063262,Juan Pablo II,Concepcion,20162,L2,V1,2026-02-22 18:52:27,2026-02-22 19:01:20,CW→CC,2026-02-22,,20162,20162,570,Monedero
4982,2000063262,Concepcion,Los Condores,20848,L1,V1,2026-02-22 21:01:14,2026-02-22 21:19:44,HQ→TH,2026-02-22,,20848,20848,500,Monedero
4983,2000063507,Diagonal Bio Bio,Lomas Coloradas,20049,L2,V1,2026-02-22 11:30:17,2026-02-22 11:51:57,CC→CW,2026-02-22,,20049,20049,510,Monedero
4984,2000064273,Costa Mar,Concepcion,20160,L2,V1,2026-02-22 17:21:10,2026-02-22 18:31:37,CW→CC,2026-02-22,,20160,20160,570,Monedero
4985,2000064273,Costa Mar,Concepcion,20160,L2,V1,2026-02-22 17:21:17,2026-02-22 18:31:32,CW→CC,2026-02-22,,20160,20160,570,Monedero
4986,2000064273,Costa Mar,Concepcion,20160,L2,V1,2026-02-22 17:21:22,2026-02-22 18:31:27,CW→CC,2026-02-22,,20160,20160,570,Monedero
4987,2000064285,Cdal. Raul Silva Henriquez,Cristo Redentor,20153,L2,V1,2026-02-22 09:41:20,2026-02-22 09:58:39,CC→CW,2026-02-22,,20153,20153,630,Monedero
4988,2000064321,Laguna Quinenco,Alborada,20076,L2,V1,2026-02-22 16:44:03,2026-02-22 17:16:07,CW→CC,2026-02-22,,20076,20076,790,Monedero
4989,2000064387,Huinca,Concepcion,20056,,V2,2026-02-22 12:24:58,2026-02-22 12:54:49,,2026-02-22,sin_combo_factible_en_hub|sin_s1_factible_retro,,20056,850,Monedero
4990,2000064509,Los Canelos,Lomas Coloradas,20076,L2,V1,2026-02-22 16:44:04,2026-02-22 17:08:01,CW→CC,2026-02-22,,20076,20076,610,Monedero
4991,2000064559,Concepcion,Cristo Redentor,20163,L2,V1,2026-02-22 18:53:40,2026-02-22 19:42:42,CC→CW,2026-02-22,,20163,20163,850,Monedero
4992,2000064625,Diagonal Bio Bio,Lomas Coloradas,20171,L2,V1,2026-02-22 20:39:53,2026-02-22 21:31:17,CC→CW,2026-02-22,,20171,20171,510,Monedero
4993,2000065446,El Arenal,Hualqui,20857,L1,V1,2026-02-22 08:27:25,2026-02-22 09:31:21,TH→HQ,2026-02-22,,20857,20857,580,Monedero
4994,2000065684,Higueras,Concepcion,20859,L1,V1,2026-02-22 12:37:01,2026-02-22 12:57:31,TH→HQ,2026-02-22,,20859,20859,500,Monedero
4995,2000065982,Diagonal Bio Bio,El Parque,20067,L2,V1,2026-02-22 15:31:00,2026-02-22 15:50:59,CC→CW,2026-02-22,,20067,20067,510,Monedero
4996,2000065982,Diagonal Bio Bio,El Parque,20067,L2,V1,2026-02-22 15:31:06,2026-02-22 15:50:50,CC→CW,2026-02-22,,20067,20067,510,Monedero
4997,2000066331,Los Canelos,Lomas Coloradas,20066,L2,V1,2026-02-22 14:40:28,2026-02-22 15:03:17,CW→CC,2026-02-22,,20066,20066,610,Monedero
4998,2000066331,Lomas Coloradas,Los Canelos,20157,L2,V1,2026-02-22 17:39:30,2026-02-22 18:04:02,CC→CW,2026-02-22,,20157,20157,610,Monedero
4999,2000066361,Diagonal Bio Bio,Lomas Coloradas,20171,L2,V1,2026-02-22 20:58:33,2026-02-22 21:31:10,CC→CW,2026-02-22,,20171,20171,510,Monedero
5000,2000066430,Lomas Coloradas,Laguna Quinenco,20153,L2,V1,2026-02-22 09:33:09,2026-02-22 10:00:27,CC→CW,2026-02-22,,20153,20153,650,Monedero
5001,2000067188,Laguna Quinenco,Concepcion,,,N/A,2026-02-22 11:18:26,2026-02-22 11:50:20,,2026-02-22,sin_combo_factible_en_hub|sin_s1_factible_retro,,,880,Monedero
5002,2000067188,Laguna Quinenco,Concepcion,,,N/A,2026-02-22 11:18:35,2026-02-22 11:50:10,,2026-02-22,sin_combo_factible_en_hub|sin_s1_factible_retro,,,880,Monedero
5003,2000067188,Concepcion,Laguna Quinenco,20063,L2,V1,2026-02-22 14:33:05,2026-02-22 15:17:59,CC→CW,2026-02-22,,20063,20063,880,Monedero
5004,2000067188,Concepcion,Laguna Quinenco,20063,L2,V1,2026-02-22 14:33:10,2026-02-22 15:17:50,CC→CW,2026-02-22,,20063,20063,880,Monedero
5005,2000067374,Alborada,Concepcion,20152,L2,V1,2026-02-22 08:48:04,2026-02-22 09:26:29,CW→CC,2026-02-22,,20152,20152,570,Monedero
5006,2000067374,Alborada,Concepcion,20152,L2,V1,2026-02-22 08:48:51,2026-02-22 09:26:21,CW→CC,2026-02-22,,20152,20152,570,Monedero
5007,2000067374,Concepcion,Concepcion,,,N/A,2026-02-22 15:19:22,2026-02-22 16:15:44,,2026-02-22,no viajo,,,420,Monedero
5008,2000067419,Huinca,Concepcion,20152,L2,V1,2026-02-22 08:35:41,2026-02-22 09:16:29,CW→CC,2026-02-22,,20152,20152,850,Monedero
5009,2000067419,Concepcion,Cdal. Raul Silva Henriquez,20171,L2,V1,2026-02-22 20:45:34,2026-02-22 21:35:45,CC→CW,2026-02-22,,20171,20171,570,Monedero
5010,2000068005,La Leonera,Los Condores,20880,L1,V1,2026-02-22 20:56:26,2026-02-22 22:17:40,HQ→TH,2026-02-22,,20880,20880,540,Monedero
5011,2000068081,Concepcion,Cristo Redentor,20053,L2,V1,2026-02-22 12:11:09,2026-02-22 12:47:07,CC→CW,2026-02-22,,20053,20053,850,Monedero
5012,2000068167,La Leonera,Concepcion,20880,L1,V1,2026-02-22 21:05:20,2026-02-22 22:04:33,HQ→TH,2026-02-22,,20880,20880,510,Monedero
5013,2000068207,Huinca,Concepcion,20056,L2,V1,2026-02-22 11:30:35,2026-02-22 13:06:50,CW→CC,2026-02-22,,20056,20052,850,Monedero
5014,2000068207,Concepcion,Huinca,20161,L2,V1,2026-02-22 18:18:41,2026-02-22 19:08:21,CC→CW,2026-02-22,,20161,20161,850,Monedero
5015,2000068274,Concepcion,Cdal. Raul Silva Henriquez,20171,L2,V1,2026-02-22 20:53:28,2026-02-22 21:41:01,CC→CW,2026-02-22,,20171,20171,570,Monedero
5016,2000068963,Lomas Coloradas,Concepcion,,,N/A,2026-02-22 20:34:40,2026-02-22 21:02:56,,2026-02-22,sin_combo_factible_en_hub|sin_s1_factible_retro,,,570,Monedero
5017,2000069543,Concepcion,Los Canelos,20059,L2,V1,2026-02-22 12:05:01,2026-02-22 13:54:01,CC→CW,2026-02-22,combo_por_entrada,20059,20059,880,Monedero
5018,2000069709,Coronel,Cdal. Raul Silva Henriquez,20166,L2,V1,2026-02-22 19:12:39,2026-02-22 19:37:39,CW→CC,2026-02-22,,20166,20166,650,Monedero
5019,2000069718,Coronel,Cdal. Raul Silva Henriquez,20166,L2,V1,2026-02-22 18:46:39,2026-02-22 19:37:48,CW→CC,2026-02-22,,20166,20166,650,Monedero
5020,2000069862,Cdal. Raul Silva Henriquez,Concepcion,20166,L2,V1,2026-02-22 19:32:36,2026-02-22 19:59:31,CW→CC,2026-02-22,,20166,20166,570,Monedero
5021,2000070165,Costa Mar,Laguna Quinenco,20069,L2,V1,2026-02-22 16:39:32,2026-02-22 17:27:41,CC→CW,2026-02-22,,20069,20069,650,Monedero
5022,2000070172,Costa Mar,Laguna Quinenco,20067,L2,V1,2026-02-22 15:30:32,2026-02-22 16:12:06,CC→CW,2026-02-22,,20067,20067,650,Monedero
5023,2000070172,Laguna Quinenco,Costa Mar,20160,L2,V1,2026-02-22 17:30:53,2026-02-22 18:13:24,CW→CC,2026-02-22,,20160,20160,650,Monedero
5024,2000070211,Lomas Coloradas,Cdal. Raul Silva Henriquez,20171,L2,V1,2026-02-22 21:24:53,2026-02-22 21:39:39,CC→CW,2026-02-22,,20171,20171,430,Monedero
5025,2000070348,Costa Mar,Diagonal Bio Bio,20170,L2,V1,2026-02-22 20:11:50,2026-02-22 20:53:35,CW→CC,2026-02-22,,20170,20170,510,Monedero
5026,2000070405,Concepcion,Laguna Quinenco,20163,L2,V1,2026-02-22 18:44:20,2026-02-22 19:45:05,CC→CW,2026-02-22,,20163,20163,880,Monedero
5027,2000070405,Concepcion,Laguna Quinenco,20163,L2,V1,2026-02-22 18:44:34,2026-02-22 19:44:53,CC→CW,2026-02-22,,20163,20163,880,Monedero
5028,2000070554,Laguna Quinenco,Concepcion,20156,L2,V2,2026-02-22 09:14:33,2026-02-22 09:51:26,,2026-02-22,sin_combo_factible_en_hub|sin_s1_factible_retro,,20156,880,Monedero
5029,2000070554,Concepcion,Laguna Quinenco,20067,L2,V1,2026-02-22 15:23:57,2026-02-22 16:12:57,CC→CW,2026-02-22,,20067,20067,880,Monedero
5030,2000070554,Concepcion,Laguna Quinenco,20067,L2,V1,2026-02-22 15:24:03,2026-02-22 16:12:52,CC→CW,2026-02-22,,20067,20067,880,Monedero
5031,2000070614,Hito Galvarino,Los Canelos,20067,L2,V1,2026-02-22 15:58:12,2026-02-22 16:06:34,CC→CW,2026-02-22,,20067,20067,440,Monedero
5032,2000070614,Hito Galvarino,Los Canelos,20067,L2,V1,2026-02-22 15:58:17,2026-02-22 16:06:29,CC→CW,2026-02-22,,20067,20067,440,Monedero
5033,2000070614,Cristo Redentor,Hito Galvarino,20166,L2,V1,2026-02-22 19:20:02,2026-02-22 19:31:15,CW→CC,2026-02-22,,20166,20166,460,Monedero
5034,2000070759,Concepcion,Cdal. Raul Silva Henriquez,20059,L2,V1,2026-02-22 12:44:53,2026-02-22 21:39:29,CC→CW,2026-02-22,,20059,20059,570,Monedero
5035,2000070929,Laguna Quinenco,Coronel,20067,L2,V1,2026-02-22 15:57:25,2026-02-22 16:15:59,CC→CW,2026-02-22,,20067,20067,440,Monedero
5036,2000071084,Concepcion,Lomas Coloradas,20149,L2,V1,2026-02-22 08:22:57,2026-02-22 08:51:55,CC→CW,2026-02-22,,20149,20149,570,Monedero
5037,2000071178,Lomas Coloradas,Concepcion,,,N/A,2026-02-22 20:35:35,2026-02-22 21:03:49,,2026-02-22,sin_combo_factible_en_hub|sin_s1_factible_retro,,,570,Monedero
5038,2000071323,Huinca,Diagonal Bio Bio,20058,L2,V1,2026-02-22 12:36:16,2026-02-22 13:05:25,CW→CC,2026-02-22,,20058,20058,680,Monedero
5039,2000071323,Diagonal Bio Bio,Cdal. Raul Silva Henriquez,20171,L2,V1,2026-02-22 20:47:48,2026-02-22 21:38:00,CC→CW,2026-02-22,,20171,20171,510,Monedero
5040,2000071736,Concepcion,Laguna Quinenco,20161,L2,V1,2026-02-22 17:41:28,2026-02-22 19:12:54,CC→CW,2026-02-22,,20161,20161,880,Monedero
5041,2000071736,Concepcion,Laguna Quinenco,20161,L2,V1,2026-02-22 17:41:32,2026-02-22 19:12:49,CC→CW,2026-02-22,,20161,20161,880,Monedero
5042,2000071857,Cristo Redentor,Concepcion,20156,L2,V1,2026-02-22 09:19:14,2026-02-22 10:03:52,CW→CC,2026-02-22,,20156,20156,850,Monedero
5043,2000072433,Diagonal Bio Bio,Los Canelos,20059,L2,V1,2026-02-22 13:15:52,2026-02-22 13:55:20,CC→CW,2026-02-22,,20059,20059,650,Monedero
5044,2000072527,Coronel,Costa Mar,20152,L2,V1,2026-02-22 08:22:33,2026-02-22 09:01:44,CW→CC,2026-02-22,,20152,20152,650,Monedero
5045,2000072645,Huinca,Concepcion,,,N/A,2026-02-22 15:41:42,2026-02-22 16:10:06,,2026-02-22,sin_combo_factible_en_hub|sin_s1_factible_retro,,,850,Monedero
5046,2000072951,Coronel,Concepcion,20152,L2,V1,2026-02-22 08:27:43,2026-02-22 09:17:21,CW→CC,2026-02-22,,20152,20152,880,Monedero
5047,2000072951,Concepcion,Cdal. Raul Silva Henriquez,20171,L2,V1,2026-02-22 20:56:54,2026-02-22 21:34:54,CC→CW,2026-02-22,,20171,20171,570,Monedero
5048,2000073143,Cdal. Raul Silva Henriquez,Los Canelos,20153,L2,V1,2026-02-22 09:21:47,2026-02-22 09:53:31,CC→CW,2026-02-22,,20153,20153,610,Monedero
5049,2000073430,Cdal. Raul Silva Henriquez,Concepcion,20062,L2,V1,2026-02-22 14:07:52,2026-02-22 14:33:23,CW→CC,2026-02-22,,20062,20062,570,Monedero
5050,2000073474,Juan Pablo II,Lomas Coloradas,20067,L2,V1,2026-02-22 15:18:21,2026-02-22 15:51:30,CC→CW,2026-02-22,,20067,20067,510,Monedero
5051,2000073534,Diagonal Bio Bio,Lomas Coloradas,20051,L2,V1,2026-02-22 11:53:19,2026-02-22 12:04:32,CC→CW,2026-02-22,,20051,20051,510,Monedero
5052,2000073722,Diagonal Bio Bio,Alborada,20167,L2,V1,2026-02-22 19:32:05,2026-02-22 20:15:59,CC→CW,2026-02-22,,20167,20167,440,Monedero
5053,2000073722,Diagonal Bio Bio,Alborada,20167,L2,V1,2026-02-22 19:32:19,2026-02-22 20:15:53,CC→CW,2026-02-22,,20167,20167,440,Monedero
5054,2000074013,Concepcion,Concepcion,,,N/A,2026-02-22 16:26:27,2026-02-22 16:27:44,,2026-02-22,no viajo,,,420,Monedero
5055,2000074194,Hito Galvarino,Diagonal Bio Bio,20066,L2,V1,2026-02-22 14:47:10,2026-02-22 15:14:14,CW→CC,2026-02-22,,20066,20066,650,Monedero
5056,2000074884,Hito Galvarino,Juan Pablo II,20062,L2,V1,2026-02-22 13:48:00,2026-02-22 14:26:12,CW→CC,2026-02-22,,20062,20062,650,Monedero
5057,2000074884,Juan Pablo II,Cdal. Raul Silva Henriquez,20167,L2,V1,2026-02-22 20:06:06,2026-02-22 20:28:42,CC→CW,2026-02-22,,20167,20167,510,Monedero
5058,2000075190,Cristo Redentor,Costa Mar,20058,L2,V1,2026-02-22 12:29:00,2026-02-22 13:01:44,CW→CC,2026-02-22,,20058,20056,630,Monedero
5059,2000075440,Cdal. Raul Silva Henriquez,Coronel,20069,L2,V1,2026-02-22 16:57:16,2026-02-22 17:31:02,CC→CW,2026-02-22,,20069,20069,650,Monedero
5060,2000075534,Concepcion,Cdal. Raul Silva Henriquez,20167,L2,V1,2026-02-22 19:45:45,2026-02-22 20:30:02,CC→CW,2026-02-22,,20167,20167,570,Monedero
5061,2000075600,Lomas Coloradas,Concepcion,20052,L2,V1,2026-02-22 11:36:09,2026-02-22 12:02:57,CW→CC,2026-02-22,,20052,20052,570,Monedero
5062,2000075692,Laguna Quinenco,Concepcion,20066,L2,V1,2026-02-22 14:34:40,2026-02-22 15:23:13,CW→CC,2026-02-22,,20066,20066,880,Monedero
5063,2000076324,Huinca,Concepcion,20066,L2,V1,2026-02-22 14:28:21,2026-02-22 18:59:43,CW→CC,2026-02-22,,20066,20066,850,Monedero
5064,2000076340,Huinca,Concepcion,20062,L2,V1,2026-02-22 13:52:29,2026-02-22 14:40:21,CW→CC,2026-02-22,,20062,20062,850,Monedero
5065,2000076340,Concepcion,Huinca,20157,L2,V1,2026-02-22 16:58:04,2026-02-22 18:06:35,CC→CW,2026-02-22,,20157,20157,850,Monedero
5066,2000076592,Cdal. Raul Silva Henriquez,El Parque,20076,L2,V1,2026-02-22 16:58:50,2026-02-22 17:12:46,CW→CC,2026-02-22,,20076,20076,430,Monedero
5067,2000076592,Cdal. Raul Silva Henriquez,El Parque,20076,L2,V1,2026-02-22 16:58:59,2026-02-22 17:12:40,CW→CC,2026-02-22,,20076,20076,430,Monedero
5068,2000076898,Laguna Quinenco,El Parque,20062,L2,V1,2026-02-22 13:45:43,2026-02-22 14:16:48,CW→CC,2026-02-22,,20062,20062,650,Monedero
5069,2000076898,El Parque,Laguna Quinenco,20067,L2,V1,2026-02-22 15:39:48,2026-02-22 16:12:14,CC→CW,2026-02-22,,20067,20067,650,Monedero
5070,2000077009,Concepcion,Cdal. Raul Silva Henriquez,20171,L2,V1,2026-02-22 20:14:49,2026-02-22 21:35:31,CC→CW,2026-02-22,,20171,20171,570,Monedero
5071,2000077018,Huinca,Concepcion,20052,L2,V1,2026-02-22 11:25:40,2026-02-22 12:02:44,CW→CC,2026-02-22,,20052,20052,850,Monedero
5072,2000077018,Huinca,Concepcion,20052,L2,V1,2026-02-22 11:25:44,2026-02-22 12:02:39,CW→CC,2026-02-22,,20052,20052,850,Monedero
5073,2000077361,Coronel,Cdal. Raul Silva Henriquez,20166,L2,V1,2026-02-22 19:01:17,2026-02-22 19:37:44,CW→CC,2026-02-22,,20166,20166,650,Monedero
5074,2000077939,Concepcion,Laguna Quinenco,20059,L2,V1,2026-02-22 12:55:13,2026-02-22 14:02:29,CC→CW,2026-02-22,,20059,20059,880,Monedero
5075,2000077939,Concepcion,Laguna Quinenco,20059,L2,V1,2026-02-22 12:55:18,2026-02-22 14:02:22,CC→CW,2026-02-22,,20059,20059,880,Monedero
5076,2000077943,Concepcion,Concepcion,,,N/A,2026-02-22 13:45:50,2026-02-22 13:55:31,,2026-02-22,no viajo,,,420,Monedero
5077,2000077943,Concepcion,Concepcion,,,N/A,2026-02-22 13:45:56,2026-02-22 13:55:26,,2026-02-22,no viajo,,,420,Monedero
5078,2000077943,Concepcion,Concepcion,,,N/A,2026-02-22 13:46:03,2026-02-22 13:55:18,,2026-02-22,no viajo,,,420,Monedero
5079,2000078259,Los Canelos,Laguna Quinenco,20059,L2,V1,2026-02-22 13:09:39,2026-02-22 14:01:08,CC→CW,2026-02-22,,20059,20059,530,Monedero
5080,2000078259,Los Canelos,Laguna Quinenco,20059,L2,V1,2026-02-22 13:09:44,2026-02-22 14:01:04,CC→CW,2026-02-22,,20059,20059,530,Monedero
5081,2000078296,Concepcion,Cdal. Raul Silva Henriquez,20167,L2,V1,2026-02-22 19:47:10,2026-02-22 20:31:45,CC→CW,2026-02-22,,20167,20167,570,Monedero
5082,2000078710,Lomas Coloradas,Concepcion,20066,L2,V1,2026-02-22 14:59:35,2026-02-22 15:23:47,CW→CC,2026-02-22,,20066,20066,570,Monedero
5083,2000078710,Concepcion,Lomas Coloradas,20161,L2,V1,2026-02-22 18:13:42,2026-02-22 18:50:12,CC→CW,2026-02-22,,20161,20161,570,Monedero
5084,2000078794,Costa Mar,Concepcion,20160,L2,V1,2026-02-22 18:09:40,2026-02-22 18:37:22,CW→CC,2026-02-22,,20160,20160,570,Monedero
5085,2000078832,Concepcion,Lomas Coloradas,20167,L2,V1,2026-02-22 19:52:23,2026-02-22 20:25:02,CC→CW,2026-02-22,,20167,20167,570,Monedero
5086,2000079101,Concepcion,Costa Mar,20171,L2,V1,2026-02-22 20:14:47,2026-02-22 21:24:32,CC→CW,2026-02-22,,20171,20171,570,Monedero
5087,2000079149,Cdal. Raul Silva Henriquez,Lomas Coloradas,20068,L2,V1,2026-02-22 15:54:49,2026-02-22 16:04:18,CW→CC,2026-02-22,,20068,20068,430,Monedero
5088,2000079149,Lomas Coloradas,Cdal. Raul Silva Henriquez,20069,L2,V1,2026-02-22 16:45:54,2026-02-22 17:09:22,CC→CW,2026-02-22,,20069,20069,430,Monedero
5089,2000079254,Concepcion,Lomas Coloradas,20063,L2,V1,2026-02-22 14:26:16,2026-02-22 14:58:12,CC→CW,2026-02-22,,20063,20063,570,Monedero
5090,2000079344,Concepcion,Laguna Quinenco,20041,L2,V1,2026-02-22 10:26:48,2026-02-22 11:10:27,CC→CW,2026-02-22,,20041,20041,880,Monedero
5091,2000079344,Laguna Quinenco,Concepcion,20062,L2,V1,2026-02-22 13:49:37,2026-02-22 14:34:51,CW→CC,2026-02-22,,20062,20062,880,Monedero
5092,2000079630,Diagonal Bio Bio,Concepcion,20066,L2,V1,2026-02-22 14:38:41,2026-02-22 15:22:59,CW→CC,2026-02-22,,20066,20066,570,Monedero
5093,2000079741,Concepcion,Lomas Coloradas,20067,L2,V1,2026-02-22 15:15:47,2026-02-22 15:55:17,CC→CW,2026-02-22,,20067,20067,570,Monedero
5094,2000080220,Lomas Coloradas,Concepcion,20156,L2,V1,2026-02-22 09:38:55,2026-02-22 10:02:48,CW→CC,2026-02-22,,20156,20156,570,Monedero
5095,2000081154,Laguna Quinenco,Diagonal Bio Bio,20040,L2,V1,2026-02-22 09:40:48,2026-02-22 10:12:23,CW→CC,2026-02-22,,20040,20040,790,Monedero
5096,2000081154,Concepcion,Laguna Quinenco,20163,L2,V1,2026-02-22 18:41:51,2026-02-22 19:43:37,CC→CW,2026-02-22,,20163,20163,880,Monedero
5097,2000081301,Huinca,Concepcion,20068,L2,V1,2026-02-22 15:34:14,2026-02-22 16:25:55,CW→CC,2026-02-22,,20068,20068,850,Monedero
5098,2000081612,Hualqui,UTF Santa Maria,20850,L1,V1,2026-02-22 09:24:29,2026-02-22 10:14:51,HQ→TH,2026-02-22,,20850,20850,560,Monedero
5099,2000081612,Hualqui,UTF Santa Maria,20850,L1,V1,2026-02-22 09:24:33,2026-02-22 10:14:46,HQ→TH,2026-02-22,,20850,20850,560,Monedero
5100,2000081612,UTF Santa Maria,Hualqui,20859,L1,V1,2026-02-22 12:39:14,2026-02-22 13:28:53,TH→HQ,2026-02-22,,20859,20859,560,Monedero
5101,2000081612,UTF Santa Maria,Hualqui,20859,L1,V1,2026-02-22 12:39:34,2026-02-22 13:28:47,TH→HQ,2026-02-22,,20859,20859,560,Monedero
5102,2000081733,Concepcion,Laguna Quinenco,20035,L2,V1,2026-02-22 10:01:50,2026-02-22 10:45:49,CC→CW,2026-02-22,,20035,20035,880,Monedero
5103,2000081863,Concepcion,Cdal. Raul Silva Henriquez,20153,L2,V1,2026-02-22 09:21:54,2026-02-22 10:26:58,CC→CW,2026-02-22,,20153,20153,570,Monedero
5104,2000081863,Cdal. Raul Silva Henriquez,Concepcion,20076,L2,V1,2026-02-22 16:50:39,2026-02-22 17:30:09,CW→CC,2026-02-22,,20076,20076,570,Monedero
5105,2000081973,Laguna Quinenco,Costa Mar,20040,L2,V1,2026-02-22 09:33:19,2026-02-22 10:08:12,CW→CC,2026-02-22,,20040,20040,650,Monedero
5106,2000081973,Laguna Quinenco,Costa Mar,20040,L2,V1,2026-02-22 09:33:34,2026-02-22 10:08:03,CW→CC,2026-02-22,,20040,20040,650,Monedero
5107,2000081973,Costa Mar,Laguna Quinenco,20051,L2,V1,2026-02-22 11:52:44,2026-02-22 12:26:22,CC→CW,2026-02-22,,20051,20049,650,Monedero
5108,2000081973,Costa Mar,Laguna Quinenco,20051,L2,V1,2026-02-22 11:52:59,2026-02-22 12:26:14,CC→CW,2026-02-22,,20051,20051,650,Monedero
5109,2000082006,Hito Galvarino,Concepcion,20062,L2,V1,2026-02-22 14:01:19,2026-02-22 14:32:52,CW→CC,2026-02-22,,20062,20062,850,Monedero
5110,2000082006,Concepcion,Cdal. Raul Silva Henriquez,20167,L2,V1,2026-02-22 19:57:51,2026-02-22 20:31:28,CC→CW,2026-02-22,,20167,20167,570,Monedero
5111,2000082195,Diagonal Bio Bio,Costa Mar,20041,L2,V1,2026-02-22 10:34:57,2026-02-22 10:43:49,CC→CW,2026-02-22,,20041,20035,510,Monedero
5112,2000082971,Mercado,Concepcion,20845,L1,V1,2026-02-22 15:47:44,2026-02-22 16:28:10,TH→HQ,2026-02-22,,20845,20845,540,Monedero
5113,2000082972,Lomas Coloradas,Coronel,20041,L2,V1,2026-02-22 10:43:13,2026-02-22 11:13:42,CC→CW,2026-02-22,,20041,20041,650,Monedero
5114,2000083139,Concepcion,La Leonera,20845,L1,V1,2026-02-22 15:37:25,2026-02-22 16:49:20,TH→HQ,2026-02-22,combo_por_entrada,20845,20068,900,Monedero
5115,2000083139,Concepcion,La Leonera,20845,L1,V1,2026-02-22 15:37:38,2026-02-22 16:49:16,TH→HQ,2026-02-22,combo_por_entrada,20845,20845,900,Monedero
5116,2000083139,Concepcion,La Leonera,20845,L1,V1,2026-02-22 15:37:42,2026-02-22 16:49:09,TH→HQ,2026-02-22,combo_por_entrada,20845,20845,900,Monedero
5117,2000083273,Coronel,Concepcion,20062,L2,V1,2026-02-22 13:31:07,2026-02-22 14:34:28,CW→CC,2026-02-22,,20062,20062,880,Monedero
5118,2000083273,Coronel,Concepcion,20062,L2,V1,2026-02-22 13:31:15,2026-02-22 14:34:22,CW→CC,2026-02-22,,20062,20062,880,Monedero
5119,2000083273,Concepcion,Coronel,20161,L2,V1,2026-02-22 18:24:55,2026-02-22 19:15:57,CC→CW,2026-02-22,,20161,20161,880,Monedero
5120,2000083273,Concepcion,Coronel,20161,L2,V1,2026-02-22 18:25:04,2026-02-22 19:15:51,CC→CW,2026-02-22,,20161,20161,880,Monedero
5121,2000083280,Diagonal Bio Bio,El Parque,20059,L2,V1,2026-02-22 13:22:26,2026-02-22 13:41:24,CC→CW,2026-02-22,,20059,20059,510,Monedero
5122,2000083280,El Parque,Diagonal Bio Bio,20068,L2,V1,2026-02-22 15:48:13,2026-02-22 16:15:37,CW→CC,2026-02-22,,20068,20068,510,Monedero
5123,2000083432,Pedro Medina,Concepcion,20844,L1,V1,2026-02-22 12:27:56,2026-02-22 13:04:17,HQ→TH,2026-02-22,,20844,20844,510,Monedero
5124,2000083710,Los Canelos,Laguna Quinenco,20067,L2,V1,2026-02-22 15:56:04,2026-02-22 16:11:46,CC→CW,2026-02-22,,20067,20067,530,Monedero
5125,2000083711,Concepcion,Huinca,20163,L2,V1,2026-02-22 18:38:18,2026-02-22 19:39:43,CC→CW,2026-02-22,,20163,20163,850,Monedero
5126,2000083865,Coronel,Concepcion,20066,L2,V1,2026-02-22 14:15:22,2026-02-22 15:25:20,CW→CC,2026-02-22,,20066,20066,880,Monedero
5127,2000084224,Los Condores,Concepcion,20859,L1,V1,2026-02-22 12:29:25,2026-02-22 12:56:33,TH→HQ,2026-02-22,,20859,20859,500,Monedero
5128,2000084370,Los Canelos,Concepcion,20066,L2,V1,2026-02-22 14:43:59,2026-02-22 15:23:36,CW→CC,2026-02-22,,20066,20066,850,Monedero
5129,2000084372,Huinca,Concepcion,20166,L2,V1,2026-02-22 19:07:00,2026-02-22 20:00:22,CW→CC,2026-02-22,,20166,20166,850,Monedero
5130,2000084880,Los Canelos,Lomas Coloradas,20166,L2,V1,2026-02-22 19:22:41,2026-02-22 19:40:21,CW→CC,2026-02-22,,20166,20166,610,Monedero
5131,2000084895,Concepcion,Cdal. Raul Silva Henriquez,20171,L2,V1,2026-02-22 20:40:15,2026-02-22 21:34:58,CC→CW,2026-02-22,,20171,20171,570,Monedero
5132,2000085077,Cristo Redentor,Concepcion,20166,L2,V1,2026-02-22 19:17:06,2026-02-22 20:00:23,CW→CC,2026-02-22,,20166,20166,850,Monedero
5133,2000085334,El Parque,Laguna Quinenco,20163,L2,V1,2026-02-22 19:18:31,2026-02-22 19:46:50,CC→CW,2026-02-22,,20163,20163,650,Monedero
5134,2000085823,Higueras,Manquimavida,20847,L1,V1,2026-02-22 20:07:32,2026-02-22 20:46:13,TH→HQ,2026-02-22,,20847,20847,540,Monedero
5135,2000086014,Costa Mar,Concepcion,20170,L2,V1,2026-02-22 20:31:50,2026-02-22 21:03:31,CW→CC,2026-02-22,,20170,20170,570,Monedero
5136,2000086133,Cdal. Raul Silva Henriquez,Concepcion,20166,L2,V1,2026-02-22 19:26:58,2026-02-22 19:59:26,CW→CC,2026-02-22,,20166,20166,570,Monedero
5137,2000086349,Concepcion,Cristo Redentor,20059,L2,V1,2026-02-22 12:59:29,2026-02-22 13:58:26,CC→CW,2026-02-22,,20059,20059,850,Monedero
5138,2000086529,El Parque,Concepcion,20050,L2,V1,2026-02-22 11:11:13,2026-02-22 11:48:02,CW→CC,2026-02-22,,20050,20050,570,Monedero
5139,2000086529,Concepcion,El Parque,20063,L2,V1,2026-02-22 13:56:53,2026-02-22 14:57:06,CC→CW,2026-02-22,,20063,20063,570,Monedero
5140,2000086771,Concepcion,Coronel,20153,L2,V1,2026-02-22 09:14:15,2026-02-22 10:03:57,CC→CW,2026-02-22,,20153,20153,880,Monedero
5141,2000086771,Concepcion,Coronel,20153,L2,V1,2026-02-22 09:14:20,2026-02-22 10:03:52,CC→CW,2026-02-22,,20153,20153,880,Monedero
5142,2000086771,Chiguayante,Concepcion,20848,L1,V1,2026-02-22 20:42:53,2026-02-22 21:07:06,HQ→TH,2026-02-22,,20848,20848,510,Monedero
5143,2000086771,Chiguayante,Concepcion,20848,L1,V1,2026-02-22 20:42:59,2026-02-22 21:07:00,HQ→TH,2026-02-22,,20848,20848,510,Monedero
5144,2000086920,Laguna Quinenco,Costa Mar,20076,L2,V1,2026-02-22 16:35:44,2026-02-22 17:18:58,CW→CC,2026-02-22,,20076,20076,650,Monedero
5145,2000087076,Concepcion,Costa Mar,20067,L2,V1,2026-02-22 15:07:20,2026-02-22 15:45:23,CC→CW,2026-02-22,,20067,20067,570,Monedero
5146,2000087262,Lzo. Arenas,Concepcion,20847,L1,V1,2026-02-22 20:04:46,2026-02-22 20:26:07,TH→HQ,2026-02-22,,20847,20847,420,Monedero
5147,2000087581,Concepcion,Lomas Coloradas,20171,L2,V1,2026-02-22 20:53:16,2026-02-22 21:33:17,CC→CW,2026-02-22,,20171,20171,570,Monedero
5148,2000087878,Hito Galvarino,El Parque,20152,L2,V1,2026-02-22 08:42:25,2026-02-22 08:59:52,CW→CC,2026-02-22,,20152,20152,610,Monedero
5149,2000087878,El Parque,Cdal. Raul Silva Henriquez,20167,L2,V1,2026-02-22 20:16:35,2026-02-22 20:28:13,CC→CW,2026-02-22,,20167,20167,430,Monedero
5150,2000088104,Concepcion,Lomas Coloradas,20153,L2,V1,2026-02-22 08:24:34,2026-02-22 09:39:17,CC→CW,2026-02-22,combo_por_entrada,20153,20153,590,Monedero
5151,2000088458,Coronel,Alborada,20166,L2,V1,2026-02-22 19:02:22,2026-02-22 19:49:36,CW→CC,2026-02-22,,20166,20166,790,Monedero
5152,2000088458,Coronel,Alborada,20166,L2,V1,2026-02-22 19:02:29,2026-02-22 19:49:28,CW→CC,2026-02-22,,20166,20166,790,Monedero
5153,2000088528,Los Canelos,Diagonal Bio Bio,20066,L2,V1,2026-02-22 14:37:09,2026-02-22 15:13:44,CW→CC,2026-02-22,,20066,20066,650,Monedero
5154,2000088636,Laguna Quinenco,Costa Mar,20152,L2,V1,2026-02-22 08:35:04,2026-02-22 09:05:03,CW→CC,2026-02-22,,20152,20152,650,Monedero
5155,2000088636,Laguna Quinenco,Costa Mar,20152,L2,V1,2026-02-22 08:35:07,2026-02-22 09:04:43,CW→CC,2026-02-22,,20152,20152,650,Monedero
5156,2000088658,Concepcion,Alborada,20157,L2,V1,2026-02-22 17:13:28,2026-02-22 17:55:36,CC→CW,2026-02-22,,20157,20157,570,Monedero
5157,2000088858,Concepcion,Costa Mar,20053,L2,V1,2026-02-22 11:51:23,2026-02-22 12:27:43,CC→CW,2026-02-22,,20053,20051,570,Monedero
5158,2000089278,Laguna Quinenco,Concepcion,,,N/A,2026-02-22 17:54:38,2026-02-22 18:44:13,,2026-02-22,sin_combo_factible_en_hub|sin_s1_factible_retro,,,880,Monedero
5159,2000089372,Coronel,Costa Mar,20052,L2,V1,2026-02-22 11:08:38,2026-02-22 11:48:02,CW→CC,2026-02-22,,20052,20052,650,Monedero
5160,2000089728,Lomas Coloradas,Los Canelos,20059,L2,V1,2026-02-22 13:38:14,2026-02-22 13:55:19,CC→CW,2026-02-22,,20059,20059,610,Monedero
5161,2000089882,Concepcion,Lomas Coloradas,20049,L2,V1,2026-02-22 11:10:25,2026-02-22 11:51:19,CC→CW,2026-02-22,,20049,20049,570,Monedero
5162,2000089882,Concepcion,Lomas Coloradas,20049,L2,V1,2026-02-22 11:10:29,2026-02-22 11:51:13,CC→CW,2026-02-22,,20049,20049,570,Monedero
5163,2000089924,El Parque,Concepcion,20162,L2,V1,2026-02-22 18:30:07,2026-02-22 19:02:30,CW→CC,2026-02-22,,20162,20162,570,Monedero
5164,2000089978,Laguna Quinenco,Concepcion,,,N/A,2026-02-22 08:32:06,2026-02-22 09:03:52,,2026-02-22,sin_combo_factible_en_hub|sin_s1_factible_retro,,,880,Monedero
5165,2000089978,Laguna Quinenco,Concepcion,,,N/A,2026-02-22 08:32:11,2026-02-22 09:03:46,,2026-02-22,sin_combo_factible_en_hub|sin_s1_factible_retro,,,880,Monedero
5166,2000089978,Concepcion,Laguna Quinenco,20157,L2,V1,2026-02-22 17:09:33,2026-02-22 18:11:27,CC→CW,2026-02-22,,20157,20157,880,Monedero
5167,2000089978,Concepcion,Laguna Quinenco,20157,L2,V1,2026-02-22 17:09:38,2026-02-22 18:11:23,CC→CW,2026-02-22,,20157,20157,880,Monedero
5168,2000090128,Concepcion,Juan Pablo II,20161,L2,V1,2026-02-22 18:01:35,2026-02-22 18:52:55,CC→CW,2026-02-22,,20161,20161,570,Monedero
5169,2000090449,Los Canelos,Concepcion,20044,L2,V1,2026-02-22 10:05:22,2026-02-22 10:53:54,CW→CC,2026-02-22,,20044,20044,850,Monedero
5170,2000090449,Concepcion,Los Canelos,20067,L2,V1,2026-02-22 15:20:03,2026-02-22 16:04:02,CC→CW,2026-02-22,,20067,20067,850,Monedero
5171,2000090713,Hito Galvarino,El Parque,20050,L2,V1,2026-02-22 11:08:38,2026-02-22 11:23:15,CW→CC,2026-02-22,,20050,20050,610,Monedero
5172,2000090713,El Parque,Hito Galvarino,20051,L2,V1,2026-02-22 11:58:36,2026-02-22 12:14:52,CC→CW,2026-02-22,,20051,20051,610,Monedero
5173,2000090915,Cristo Redentor,Concepcion,20044,L2,V1,2026-02-22 10:04:35,2026-02-22 10:48:39,CW→CC,2026-02-22,,20044,20044,850,Monedero
5174,2000090915,Concepcion,Laguna Quinenco,20051,L2,V1,2026-02-22 11:46:11,2026-02-22 12:53:21,CC→CW,2026-02-22,,20051,20051,880,Monedero
5175,2000091310,Cdal. Raul Silva Henriquez,Diagonal Bio Bio,20156,L2,V1,2026-02-22 09:24:02,2026-02-22 09:51:24,CW→CC,2026-02-22,,20156,20156,510,Monedero
5176,2000091408,Cdal. Raul Silva Henriquez,Laguna Quinenco,20053,L2,V1,2026-02-22 12:26:27,2026-02-22 12:50:56,CC→CW,2026-02-22,,20053,20053,650,Monedero
5177,2000091408,Cristo Redentor,Cdal. Raul Silva Henriquez,20062,L2,V1,2026-02-22 13:39:22,2026-02-22 14:09:18,CW→CC,2026-02-22,,20062,20062,630,Monedero
5178,2000091437,Cdal. Raul Silva Henriquez,El Parque,20056,L2,V1,2026-02-22 12:13:11,2026-02-22 12:44:42,CW→CC,2026-02-22,,20056,20056,430,Monedero
5179,2000091437,El Parque,Cdal. Raul Silva Henriquez,20059,L2,V1,2026-02-22 13:22:26,2026-02-22 13:44:46,CC→CW,2026-02-22,,20059,20059,430,Monedero
5180,2000091755,Cristo Redentor,Concepcion,20066,L2,V1,2026-02-22 14:43:39,2026-02-22 16:26:02,CW→CC,2026-02-22,,20066,20066,850,Monedero
5181,2000091865,El Parque,Cdal. Raul Silva Henriquez,20067,L2,V1,2026-02-22 15:31:28,2026-02-22 15:54:39,CC→CW,2026-02-22,,20067,20067,430,Monedero
5182,2000091865,El Parque,Cdal. Raul Silva Henriquez,20067,L2,V1,2026-02-22 15:31:36,2026-02-22 15:54:34,CC→CW,2026-02-22,,20067,20067,430,Monedero
5183,2000091968,Concepcion,Lomas Coloradas,20171,L2,V1,2026-02-22 20:37:35,2026-02-22 21:32:20,CC→CW,2026-02-22,,20171,20171,570,Monedero
5184,2000092791,Concepcion,Hualqui,20847,L1,V1,2026-02-22 18:46:32,2026-02-22 21:05:20,TH→HQ,2026-02-22,combo_por_entrada,20847,20847,600,Monedero
5185,2000092943,Cristo Redentor,Concepcion,20166,L2,V1,2026-02-22 19:15:03,2026-02-22 20:01:33,CW→CC,2026-02-22,,20166,20166,850,Monedero
5186,2000093497,Concepcion,El Parque,20067,L2,V1,2026-02-22 14:48:04,2026-02-22 15:48:43,CC→CW,2026-02-22,,20067,20067,570,Monedero
5187,2000093497,El Parque,Concepcion,20160,L2,V1,2026-02-22 17:56:07,2026-02-22 18:29:31,CW→CC,2026-02-22,,20160,20160,570,Monedero
5188,2000093551,Coronel,Concepcion,20062,L2,V1,2026-02-22 13:26:31,2026-02-22 14:34:10,CW→CC,2026-02-22,,20062,20062,880,Monedero
5189,2000094074,Chiguayante,El Arenal,20848,L1,V1,2026-02-22 20:29:52,2026-02-22 21:28:24,HQ→TH,2026-02-22,,20848,20848,550,Monedero
5190,2000094514,Concepcion,Laguna Quinenco,20063,L2,V1,2026-02-22 14:17:03,2026-02-22 15:18:39,CC→CW,2026-02-22,,20063,20063,880,Monedero
5191,2000094617,Lomas Coloradas,El Parque,20166,L2,V1,2026-02-22 18:43:41,2026-02-22 19:43:52,CW→CC,2026-02-22,,20166,20162,430,Monedero
5192,2000094617,Lomas Coloradas,El Parque,20166,L2,V1,2026-02-22 18:43:58,2026-02-22 19:43:43,CW→CC,2026-02-22,,20166,20162,430,Monedero
5193,2000094898,Lzo. Arenas,La Leonera,20859,L1,V1,2026-02-22 12:47:47,2026-02-22 13:18:42,TH→HQ,2026-02-22,,20859,20859,510,Monedero
5194,2000095049,Cdal. Raul Silva Henriquez,El Parque,20156,L2,V1,2026-02-22 09:35:50,2026-02-22 09:44:58,CW→CC,2026-02-22,,20156,20156,430,Monedero
5195,2000095094,Hito Galvarino,Alborada,20050,L2,V1,2026-02-22 10:57:17,2026-02-22 11:28:20,CW→CC,2026-02-22,,20050,20050,650,Monedero
5196,2000095752,Juan Pablo II,Huinca,20163,L2,V1,2026-02-22 18:48:16,2026-02-22 19:39:20,CC→CW,2026-02-22,,20163,20163,680,Monedero
5197,2000096320,El Parque,Huinca,20163,L2,V1,2026-02-22 19:03:45,2026-02-22 19:43:02,CC→CW,2026-02-22,,20163,20163,630,Monedero
5198,2000096416,Laguna Quinenco,Concepcion,20056,L2,V1,2026-02-22 11:54:17,2026-02-22 13:05:13,CW→CC,2026-02-22,,20056,20056,880,Monedero
5199,2000096416,Laguna Quinenco,Concepcion,20056,L2,V1,2026-02-22 11:54:24,2026-02-22 13:05:07,CW→CC,2026-02-22,,20056,20056,880,Monedero
5200,2000096442,Laguna Quinenco,Cdal. Raul Silva Henriquez,20068,L2,V1,2026-02-22 15:33:34,2026-02-22 16:01:57,CW→CC,2026-02-22,,20068,20068,650,Monedero
5201,2000096679,Coronel,Concepcion,20062,L2,V1,2026-02-22 13:48:53,2026-02-22 14:34:37,CW→CC,2026-02-22,,20062,20062,880,Monedero
5202,2000096679,Coronel,Concepcion,20062,L2,V1,2026-02-22 13:48:59,2026-02-22 14:34:26,CW→CC,2026-02-22,,20062,20062,880,Monedero
5203,2000097039,Coronel,Concepcion,20044,L2,V1,2026-02-22 09:51:53,2026-02-22 10:55:34,CW→CC,2026-02-22,,20044,20044,880,Monedero
5204,2000097042,Costa Mar,Concepcion,20068,L2,V1,2026-02-22 15:55:45,2026-02-22 16:25:53,CW→CC,2026-02-22,,20068,20068,570,Monedero
5205,2000097277,La Leonera,Concepcion,20846,L1,V1,2026-02-22 16:41:00,2026-02-22 17:35:39,HQ→TH,2026-02-22,,20846,20846,510,Monedero
5206,2000097277,Concepcion,Concepcion,,,N/A,2026-02-22 18:07:54,2026-02-22 18:09:38,,2026-02-22,no viajo,,,420,Monedero
5207,2000097377,Cristo Redentor,Concepcion,20062,L2,V1,2026-02-22 13:50:45,2026-02-22 14:32:15,CW→CC,2026-02-22,,20062,20062,850,Monedero
5208,2000097426,Concepcion,Coronel,20059,L2,V1,2026-02-22 12:54:23,2026-02-22 14:06:29,CC→CW,2026-02-22,,20059,20059,880,Monedero
5209,2000097426,Concepcion,Coronel,20059,L2,V1,2026-02-22 12:54:30,2026-02-22 14:06:23,CC→CW,2026-02-22,,20059,20059,880,Monedero
5210,2000097430,Concepcion,Juan Pablo II,20063,L2,V1,2026-02-22 14:03:20,2026-02-22 14:47:14,CC→CW,2026-02-22,,20063,20063,570,Monedero
5211,2000097430,Concepcion,Hualqui,20847,L1,V1,2026-02-22 18:46:28,2026-02-22 21:05:24,TH→HQ,2026-02-22,combo_por_entrada,20847,20847,600,Monedero
5212,2000097773,Cdal. Raul Silva Henriquez,Laguna Quinenco,20041,L2,V1,2026-02-22 10:51:31,2026-02-22 11:09:30,CC→CW,2026-02-22,,20041,20041,650,Monedero
5213,2000097816,Juan Pablo II,Concepcion,20056,L2,V1,2026-02-22 12:34:10,2026-02-22 13:06:53,CW→CC,2026-02-22,,20056,20056,570,Monedero
5214,2000097816,Concepcion,Laguna Quinenco,20059,L2,V1,2026-02-22 13:11:15,2026-02-22 14:01:27,CC→CW,2026-02-22,,20059,20059,880,Monedero
5215,2000097816,Laguna Quinenco,Costa Mar,20076,L2,V1,2026-02-22 16:21:26,2026-02-22 17:14:12,CW→CC,2026-02-22,,20076,20076,650,Monedero
5216,2000098266,Juan Pablo II,Diagonal Bio Bio,20167,L2,V1,2026-02-22 20:01:34,2026-02-22 20:12:38,CC→CW,2026-02-22,,20167,20167,440,Monedero
5217,2000098444,Cdal. Raul Silva Henriquez,Cristo Redentor,20161,L2,V1,2026-02-22 18:41:27,2026-02-22 19:09:08,CC→CW,2026-02-22,,20161,20161,630,Monedero
5218,2000098942,Coronel,Concepcion,20162,L2,V1,2026-02-22 17:57:56,2026-02-22 19:00:50,CW→CC,2026-02-22,,20162,20162,880,Monedero
5219,2000098952,Cristo Redentor,Alborada,20066,L2,V1,2026-02-22 14:38:51,2026-02-22 15:10:54,CW→CC,2026-02-22,,20066,20066,680,Monedero
5220,2000099431,Hito Galvarino,Los Canelos,20069,L2,V1,2026-02-22 16:47:52,2026-02-22 18:04:47,CC→CW,2026-02-22,,20069,20069,440,Monedero
5221,2000099599,Cristo Redentor,Concepcion,20068,L2,V1,2026-02-22 15:38:29,2026-02-22 16:27:57,CW→CC,2026-02-22,,20068,20068,850,Monedero
5222,2000099599,Concepcion,Cdal. Raul Silva Henriquez,20171,L2,V1,2026-02-22 20:41:01,2026-02-22 21:36:00,CC→CW,2026-02-22,,20171,20171,570,Monedero
5223,2000100149,Laguna Quinenco,Concepcion,20162,L2,V1,2026-02-22 18:18:21,2026-02-22 19:03:24,CW→CC,2026-02-22,,20162,20162,880,Monedero
5224,2000100237,Concepcion,Cdal. Raul Silva Henriquez,20069,L2,V1,2026-02-22 16:26:59,2026-02-22 17:09:30,CC→CW,2026-02-22,,20069,20069,570,Monedero
5225,2000100237,Cdal. Raul Silva Henriquez,Concepcion,20162,L2,V1,2026-02-22 18:26:21,2026-02-22 19:01:55,CW→CC,2026-02-22,,20162,20162,570,Monedero
5226,2000100446,Concepcion,Los Canelos,20059,L2,V1,2026-02-22 12:24:37,2026-02-22 13:53:57,CC→CW,2026-02-22,combo_por_entrada,20059,20059,880,Monedero
5227,2000100594,Coronel,Concepcion,20068,L2,V1,2026-02-22 15:24:21,2026-02-22 16:25:12,CW→CC,2026-02-22,,20068,20068,880,Monedero
5228,2000100701,El Parque,Cristo Redentor,20035,L2,V1,2026-02-22 10:10:58,2026-02-22 10:42:35,CC→CW,2026-02-22,,20035,20035,630,Monedero
5229,2000100755,Coronel,Concepcion,20076,L2,V1,2026-02-22 16:30:38,2026-02-22 17:28:30,CW→CC,2026-02-22,,20076,20076,880,Monedero
5230,2000101025,Laguna Quinenco,Concepcion,20044,L2,V1,2026-02-22 09:53:32,2026-02-22 11:01:49,CW→CC,2026-02-22,,20044,20044,880,Monedero
5231,2000101310,Concepcion,El Arenal,20850,L1,V1,2026-02-22 08:26:44,2026-02-22 10:24:53,HQ→TH,2026-02-22,combo_relajado_pase1,20850,20850,910,Monedero
5232,2000101463,El Parque,Concepcion,20162,L2,V1,2026-02-22 18:39:50,2026-02-22 18:59:40,CW→CC,2026-02-22,,20162,20162,570,Monedero
5233,2000101464,Cdal. Raul Silva Henriquez,Costa Mar,20052,L2,V1,2026-02-22 11:26:12,2026-02-22 11:48:10,CW→CC,2026-02-22,,20052,20052,430,Monedero
5234,2000101464,Costa Mar,Cdal. Raul Silva Henriquez,20059,L2,V1,2026-02-22 13:26:34,2026-02-22 13:45:22,CC→CW,2026-02-22,,20059,20059,430,Monedero
5235,2000101570,Concepcion,Lomas Coloradas,20157,L2,V1,2026-02-22 17:26:07,2026-02-22 17:53:21,CC→CW,2026-02-22,,20157,20157,570,Monedero
5236,2000101570,Concepcion,Lomas Coloradas,20157,L2,V1,2026-02-22 17:26:21,2026-02-22 17:53:08,CC→CW,2026-02-22,,20157,20157,570,Monedero
5237,2000101966,Mercado,La Leonera,20847,L1,V1,2026-02-22 19:50:26,2026-02-22 20:48:58,TH→HQ,2026-02-22,,20847,20847,550,Monedero
5238,2000101966,Mercado,La Leonera,20847,L1,V1,2026-02-22 19:50:31,2026-02-22 20:48:54,TH→HQ,2026-02-22,,20847,20847,550,Monedero
5239,2000102136,Concepcion,Hualqui,20847,L1,V1,2026-02-22 20:21:32,2026-02-22 21:02:17,TH→HQ,2026-02-22,,20847,20847,550,Monedero
5240,2000102293,Cdal. Raul Silva Henriquez,Concepcion,20170,L2,V1,2026-02-22 20:25:10,2026-02-22 21:07:24,CW→CC,2026-02-22,,20170,20170,570,Monedero
5241,2000102387,Coronel,Concepcion,20040,L2,V1,2026-02-22 09:34:22,2026-02-22 10:24:43,CW→CC,2026-02-22,,20040,20040,880,Monedero
5242,2000102387,Concepcion,Cdal. Raul Silva Henriquez,20171,L2,V1,2026-02-22 20:11:36,2026-02-22 21:38:40,CC→CW,2026-02-22,,20171,20171,570,Monedero
5243,2000102447,Hualqui,Concepcion,20880,L1,V1,2026-02-22 20:45:35,2026-02-22 22:04:51,HQ→TH,2026-02-22,,20880,20880,550,Monedero
5244,2000102481,Chiguayante,Concepcion,20850,L1,V1,2026-02-22 09:53:20,2026-02-22 10:11:40,HQ→TH,2026-02-22,combo_relajado_pase1,20850,20850,510,Monedero
5245,2000102517,Huinca,Concepcion,20044,,V2,2026-02-22 10:03:41,2026-02-22 10:38:05,,2026-02-22,sin_combo_factible_en_hub|sin_s1_factible_retro,,20044,850,Monedero
5246,2000102517,Huinca,Concepcion,20044,L2,V2,2026-02-22 10:03:58,2026-02-22 10:38:00,,2026-02-22,sin_combo_factible_en_hub|sin_s1_factible_retro,,20044,850,Monedero
5247,2000102517,Concepcion,Cristo Redentor,20067,L2,V1,2026-02-22 15:12:17,2026-02-22 16:09:23,CC→CW,2026-02-22,,20067,20067,850,Monedero
5248,2000102517,Concepcion,Cristo Redentor,20067,L2,V1,2026-02-22 15:12:35,2026-02-22 16:09:17,CC→CW,2026-02-22,,20067,20067,850,Monedero
5249,2000102695,Los Canelos,Coronel,20157,L2,V1,2026-02-22 18:02:33,2026-02-22 18:15:04,CC→CW,2026-02-22,,20157,20157,530,Monedero
5250,2000103120,Cristo Redentor,Concepcion,20052,L2,V1,2026-02-22 11:19:20,2026-02-22 12:06:45,CW→CC,2026-02-22,,20052,20052,850,Monedero
5251,2000103120,Concepcion,Cdal. Raul Silva Henriquez,20059,L2,V1,2026-02-22 12:44:49,2026-02-22 21:39:27,CC→CW,2026-02-22,,20059,20059,570,Monedero
5252,2000103186,Huinca,Concepcion,20044,L2,V1,2026-02-22 10:04:25,2026-02-22 10:49:21,CW→CC,2026-02-22,,20044,20044,850,Monedero
5253,2000103369,Concepcion,Huinca,20163,L2,V1,2026-02-22 19:01:26,2026-02-22 19:38:31,CC→CW,2026-02-22,,20163,20163,850,Monedero
5254,2000103772,Concepcion,Coronel,20035,L2,V1,2026-02-22 09:25:05,2026-02-22 10:48:28,CC→CW,2026-02-22,,20035,20153,880,Monedero
5255,2000103772,Coronel,Concepcion,20162,L2,V1,2026-02-22 17:47:39,2026-02-22 19:02:39,CW→CC,2026-02-22,,20162,20160,880,Monedero
5256,2000103868,Lomas Coloradas,Concepcion,20152,L2,V1,2026-02-22 08:42:52,2026-02-22 09:15:56,CW→CC,2026-02-22,,20152,20152,570,Monedero
5257,2000103923,Lomas Coloradas,Concepcion,20052,L2,V1,2026-02-22 11:38:17,2026-02-22 12:03:23,CW→CC,2026-02-22,,20052,20052,570,Monedero
5258,2000103923,Concepcion,Lomas Coloradas,20063,L2,V1,2026-02-22 13:48:14,2026-02-22 14:58:07,CC→CW,2026-02-22,,20063,20063,570,Monedero
5259,2000104052,El Parque,Concepcion,,,N/A,2026-02-22 20:41:44,2026-02-22 21:03:37,,2026-02-22,sin_combo_factible_en_hub|sin_s1_factible_retro,,,570,Monedero
5260,2000105518,Huinca,Costa Mar,20066,L2,V1,2026-02-22 14:42:58,2026-02-22 15:08:50,CW→CC,2026-02-22,,20066,20066,630,Monedero
5261,2000105695,Coronel,Cdal. Raul Silva Henriquez,20166,L2,V1,2026-02-22 19:12:51,2026-02-22 19:38:20,CW→CC,2026-02-22,,20166,20166,650,Monedero
5262,2000105765,Lomas Coloradas,Laguna Quinenco,20069,L2,V1,2026-02-22 16:57:43,2026-02-22 17:26:59,CC→CW,2026-02-22,,20069,20069,650,Monedero
5263,2000106062,La Leonera,Concepcion,20850,L1,V1,2026-02-22 09:36:05,2026-02-22 10:06:38,HQ→TH,2026-02-22,,20850,20850,510,Monedero
5264,2000106799,Concepcion,Manquimavida,20859,L1,V1,2026-02-22 12:21:54,2026-02-22 13:15:38,TH→HQ,2026-02-22,,20859,20859,510,Monedero
5265,2000106945,Concepcion,Los Canelos,20157,L2,V1,2026-02-22 17:15:44,2026-02-22 18:04:53,CC→CW,2026-02-22,,20157,20157,850,Monedero
5266,2000107362,Los Canelos,Cristo Redentor,20153,L2,V1,2026-02-22 09:48:13,2026-02-22 09:57:41,CC→CW,2026-02-22,,20153,20153,460,Monedero
5267,2000107529,Los Canelos,Concepcion,20050,L2,V1,2026-02-22 11:03:28,2026-02-22 11:39:44,CW→CC,2026-02-22,,20050,20050,850,Monedero
5268,2000107540,Concepcion,Los Canelos,20149,L2,V1,2026-02-22 07:41:37,2026-02-22 11:07:14,CC→CW,2026-02-22,,20149,20149,850,Monedero
5269,2000107938,Laguna Quinenco,Concepcion,20162,L2,V1,2026-02-22 18:13:45,2026-02-22 19:00:15,CW→CC,2026-02-22,,20162,20162,880,Monedero
5270,2000107946,Concepcion,Laguna Quinenco,20059,L2,V1,2026-02-22 12:50:40,2026-02-22 14:01:39,CC→CW,2026-02-22,,20059,20059,880,Monedero
5271,2000107946,Laguna Quinenco,Costa Mar,20160,L2,V1,2026-02-22 17:17:19,2026-02-22 18:13:34,CW→CC,2026-02-22,,20160,20160,650,Monedero
5272,2000108019,Concepcion,Costa Mar,20063,L2,V1,2026-02-22 14:20:14,2026-02-22 14:53:33,CC→CW,2026-02-22,,20063,20063,570,Monedero
5273,2000108082,Concepcion,Hualqui,20847,L1,V1,2026-02-22 20:26:05,2026-02-22 21:02:16,TH→HQ,2026-02-22,,20847,20847,550,Monedero
5274,2000108696,Laguna Quinenco,Hito Galvarino,20052,L2,V1,2026-02-22 11:20:38,2026-02-22 11:33:42,CW→CC,2026-02-22,,20052,20052,530,Monedero
5275,2000108958,Concepcion,Concepcion,,,N/A,2026-02-22 13:04:44,2026-02-22 13:06:36,,2026-02-22,no viajo,,,420,Monedero
5276,2000108958,Concepcion,Concepcion,,,N/A,2026-02-22 17:54:01,2026-02-22 18:09:57,,2026-02-22,no viajo,,,420,Monedero
5277,2000109101,Cristo Redentor,Juan Pablo II,20068,L2,V1,2026-02-22 15:38:36,2026-02-22 16:18:45,CW→CC,2026-02-22,,20068,20068,680,Monedero
5278,2000109101,Cristo Redentor,Juan Pablo II,20068,L2,V1,2026-02-22 15:38:39,2026-02-22 16:18:39,CW→CC,2026-02-22,,20068,20068,680,Monedero
5279,2000109101,Juan Pablo II,Cdal. Raul Silva Henriquez,20167,L2,V1,2026-02-22 19:56:52,2026-02-22 20:28:58,CC→CW,2026-02-22,,20167,20167,510,Monedero
5280,2000109101,Juan Pablo II,Cdal. Raul Silva Henriquez,20167,L2,V1,2026-02-22 19:56:55,2026-02-22 20:28:54,CC→CW,2026-02-22,,20167,20167,510,Monedero
5281,2000109142,Cristo Redentor,Laguna Quinenco,20067,L2,V1,2026-02-22 15:56:19,2026-02-22 16:13:50,CC→CW,2026-02-22,,20067,20067,450,Monedero
5282,2000109255,Laguna Quinenco,Juan Pablo II,20068,L2,V1,2026-02-22 15:43:05,2026-02-22 16:17:58,CW→CC,2026-02-22,,20068,20068,790,Monedero
5283,2000109255,Laguna Quinenco,Juan Pablo II,20068,L2,V1,2026-02-22 15:43:14,2026-02-22 16:17:54,CW→CC,2026-02-22,,20068,20068,790,Monedero
5284,2000109255,Juan Pablo II,Lomas Coloradas,20167,L2,V1,2026-02-22 19:24:49,2026-02-22 20:25:27,CC→CW,2026-02-22,,20167,20167,510,Monedero
5285,2000109255,Juan Pablo II,Lomas Coloradas,20167,L2,V1,2026-02-22 19:24:52,2026-02-22 20:25:23,CC→CW,2026-02-22,,20167,20167,510,Monedero
5286,2000110332,Concepcion,Lomas Coloradas,20063,L2,V1,2026-02-22 14:20:14,2026-02-22 15:01:17,CC→CW,2026-02-22,,20063,20063,570,Monedero
5287,2000110944,Cristo Redentor,Alborada,20166,L2,V1,2026-02-22 19:15:56,2026-02-22 19:48:02,CW→CC,2026-02-22,,20166,20166,680,Monedero
5288,2000111671,Cristo Redentor,Concepcion,20152,L2,V1,2026-02-22 08:17:02,2026-02-22 09:17:52,CW→CC,2026-02-22,,20152,20152,850,Monedero
5289,2000111671,Concepcion,Cristo Redentor,20049,L2,V1,2026-02-22 11:27:39,2026-02-22 12:07:41,CC→CW,2026-02-22,,20049,20049,850,Monedero
5290,2000111955,Lomas Coloradas,Concepcion,20068,L2,V1,2026-02-22 15:37:57,2026-02-22 16:32:20,CW→CC,2026-02-22,,20068,20068,570,Monedero
5291,2000112015,Huinca,Concepcion,20040,L2,V1,2026-02-22 09:42:41,2026-02-22 10:22:12,CW→CC,2026-02-22,,20040,20040,850,Monedero
5292,2000112335,Coronel,El Parque,20062,L2,V1,2026-02-22 13:44:17,2026-02-22 14:17:13,CW→CC,2026-02-22,,20062,20062,650,Monedero
5293,2000112335,El Parque,Costa Mar,20066,L2,V1,2026-02-22 14:58:23,2026-02-22 15:13:30,CW→CC,2026-02-22,,20066,20066,430,Monedero
5294,2000112335,Costa Mar,Laguna Quinenco,20067,L2,V1,2026-02-22 15:17:39,2026-02-22 16:12:44,CC→CW,2026-02-22,,20067,20067,650,Monedero
5295,2000112478,Diagonal Bio Bio,Lomas Coloradas,20171,L2,V1,2026-02-22 20:40:14,2026-02-22 21:31:13,CC→CW,2026-02-22,,20171,20171,510,Monedero
5296,2000112746,Lomas Coloradas,Concepcion,20076,L2,V1,2026-02-22 17:01:25,2026-02-22 17:28:46,CW→CC,2026-02-22,,20076,20076,570,Monedero
5297,2000113438,Concepcion,Laguna Quinenco,20153,L2,V1,2026-02-22 08:58:07,2026-02-22 09:59:35,CC→CW,2026-02-22,,20153,20153,880,Monedero
5298,2000113568,Concepcion,Cristo Redentor,20163,L2,V1,2026-02-22 18:51:56,2026-02-22 19:44:01,CC→CW,2026-02-22,,20163,20163,850,Monedero
5299,2000113936,Huinca,Laguna Quinenco,20063,L2,V1,2026-02-22 15:07:23,2026-02-22 15:17:23,CC→CW,2026-02-22,,20063,20063,450,Monedero
5300,2000114060,Costa Mar,Juan Pablo II,20156,L2,V1,2026-02-22 09:42:08,2026-02-22 09:54:51,CW→CC,2026-02-22,,20156,20156,510,Monedero
5301,2000114060,Costa Mar,Juan Pablo II,20156,L2,V1,2026-02-22 09:42:11,2026-02-22 09:54:46,CW→CC,2026-02-22,,20156,20156,510,Monedero
5302,2000114060,Costa Mar,Juan Pablo II,20156,L2,V1,2026-02-22 09:42:16,2026-02-22 09:54:42,CW→CC,2026-02-22,,20156,20156,510,Monedero
5303,2000114060,Costa Mar,Juan Pablo II,20156,L2,V1,2026-02-22 09:42:19,2026-02-22 09:54:36,CW→CC,2026-02-22,,20156,20156,510,Monedero
5304,2000114060,Costa Mar,Juan Pablo II,20156,L2,V1,2026-02-22 09:42:33,2026-02-22 09:54:29,CW→CC,2026-02-22,,20156,20156,510,Monedero
5305,2000114060,Juan Pablo II,Costa Mar,20059,L2,V1,2026-02-22 13:03:36,2026-02-22 13:36:09,CC→CW,2026-02-22,,20059,20059,510,Monedero
5306,2000114060,Juan Pablo II,Costa Mar,20059,L2,V1,2026-02-22 13:03:41,2026-02-22 13:36:05,CC→CW,2026-02-22,,20059,20059,510,Monedero
5307,2000114060,Juan Pablo II,Costa Mar,20059,L2,V1,2026-02-22 13:03:45,2026-02-22 13:36:01,CC→CW,2026-02-22,,20059,20059,510,Monedero
5308,2000114060,Juan Pablo II,Costa Mar,20059,L2,V1,2026-02-22 13:03:49,2026-02-22 13:35:57,CC→CW,2026-02-22,,20059,20059,510,Monedero
5309,2000114471,Diagonal Bio Bio,Concepcion,20160,L2,V1,2026-02-22 17:32:40,2026-02-22 18:28:58,CW→CC,2026-02-22,,20160,20160,570,Monedero
5310,2000114566,Cristo Redentor,Laguna Quinenco,20067,L2,V1,2026-02-22 15:52:07,2026-02-22 16:12:54,CC→CW,2026-02-22,,20067,20067,450,Monedero
5311,2000114566,Cristo Redentor,Laguna Quinenco,20067,L2,V1,2026-02-22 15:52:13,2026-02-22 16:12:49,CC→CW,2026-02-22,,20067,20067,450,Monedero
5312,2000114703,Lomas Coloradas,El Parque,20066,L2,V1,2026-02-22 14:48:30,2026-02-22 15:07:34,CW→CC,2026-02-22,,20066,20066,430,Monedero
5313,2000114703,Lomas Coloradas,El Parque,20066,L2,V1,2026-02-22 14:49:21,2026-02-22 15:07:30,CW→CC,2026-02-22,,20066,20066,430,Monedero
5314,2000114703,Lomas Coloradas,El Parque,20066,L2,V1,2026-02-22 14:49:28,2026-02-22 15:07:20,CW→CC,2026-02-22,,20066,20066,430,Monedero
5315,2000114703,Costa Mar,Lomas Coloradas,20161,L2,V1,2026-02-22 18:33:28,2026-02-22 18:50:05,CC→CW,2026-02-22,,20161,20161,430,Monedero
5316,2000114703,Costa Mar,Lomas Coloradas,20161,L2,V1,2026-02-22 18:33:37,2026-02-22 18:49:56,CC→CW,2026-02-22,,20161,20161,430,Monedero
5317,2000114703,Costa Mar,Lomas Coloradas,20161,L2,V1,2026-02-22 18:33:47,2026-02-22 18:49:45,CC→CW,2026-02-22,,20161,20161,430,Monedero
5318,2000114991,Huinca,Juan Pablo II,20044,L2,V1,2026-02-22 09:58:59,2026-02-22 10:42:38,CW→CC,2026-02-22,,20044,20044,680,Monedero
5319,2000114991,Huinca,Juan Pablo II,20044,L2,V1,2026-02-22 09:59:04,2026-02-22 10:41:41,CW→CC,2026-02-22,,20044,20044,680,Monedero
5320,2000115551,Huinca,Concepcion,20076,L2,V1,2026-02-22 16:53:02,2026-02-22 17:28:35,CW→CC,2026-02-22,,20076,20076,850,Monedero
5321,2000115735,Concepcion,Los Canelos,20059,L2,V1,2026-02-22 13:13:55,2026-02-22 13:54:05,CC→CW,2026-02-22,,20059,20059,850,Monedero
5322,2000115735,Los Canelos,Concepcion,20068,L2,V1,2026-02-22 15:36:09,2026-02-22 16:24:48,CW→CC,2026-02-22,,20068,20068,850,Monedero
5323,2000115971,Cdal. Raul Silva Henriquez,Diagonal Bio Bio,20160,L2,V1,2026-02-22 17:58:02,2026-02-22 18:18:54,CW→CC,2026-02-22,,20160,20160,510,Monedero
5324,2000116151,Cdal. Raul Silva Henriquez,Huinca,20063,L2,V1,2026-02-22 14:55:58,2026-02-22 15:13:10,CC→CW,2026-02-22,,20063,20063,630,Monedero
5325,2000116259,Laguna Quinenco,Concepcion,,,N/A,2026-02-22 11:16:28,2026-02-22 11:46:18,,2026-02-22,sin_combo_factible_en_hub|sin_s1_factible_retro,,,880,Monedero
5326,2000116297,Los Canelos,Concepcion,20062,L2,V1,2026-02-22 13:45:56,2026-02-22 14:34:14,CW→CC,2026-02-22,,20062,20062,850,Monedero
5327,2000116297,Concepcion,Cdal. Raul Silva Henriquez,20167,L2,V1,2026-02-22 19:48:27,2026-02-22 20:32:11,CC→CW,2026-02-22,,20167,20167,570,Monedero
5328,2000116818,Los Canelos,Concepcion,20162,L2,V1,2026-02-22 18:21:56,2026-02-22 19:01:26,CW→CC,2026-02-22,,20162,20162,850,Monedero
5329,2000116818,Los Canelos,Concepcion,20162,L2,V1,2026-02-22 18:22:02,2026-02-22 19:01:22,CW→CC,2026-02-22,,20162,20162,850,Monedero
5330,2000116888,Los Canelos,Concepcion,20058,L2,V1,2026-02-22 12:38:47,2026-02-22 13:17:05,CW→CC,2026-02-22,,20058,20058,850,Monedero
5331,2000116888,Concepcion,Los Canelos,20157,L2,V1,2026-02-22 17:13:32,2026-02-22 18:04:55,CC→CW,2026-02-22,,20157,20157,850,Monedero
5332,2000117080,Concepcion,Coronel,20035,L2,V1,2026-02-22 09:38:04,2026-02-22 10:47:51,CC→CW,2026-02-22,,20035,20035,880,Monedero
5333,2000117080,Hito Galvarino,Cristo Redentor,20157,L2,V1,2026-02-22 17:38:06,2026-02-22 18:09:47,CC→CW,2026-02-22,,20157,20157,460,Monedero
5334,2000117080,Cristo Redentor,Concepcion,20166,L2,V1,2026-02-22 19:04:54,2026-02-22 19:59:10,CW→CC,2026-02-22,,20166,20166,850,Monedero
5335,2000117126,Cristo Redentor,Hito Galvarino,20166,L2,V1,2026-02-22 19:17:44,2026-02-22 19:30:55,CW→CC,2026-02-22,,20166,20166,460,Monedero
5336,2000117335,Concepcion,Cristo Redentor,20063,L2,V1,2026-02-22 14:05:45,2026-02-22 15:15:10,CC→CW,2026-02-22,,20063,20063,850,Monedero
5337,2000118210,Cdal. Raul Silva Henriquez,Laguna Quinenco,20067,L2,V1,2026-02-22 15:45:19,2026-02-22 16:11:36,CC→CW,2026-02-22,,20067,20067,650,Monedero
5338,2000118210,Laguna Quinenco,Cdal. Raul Silva Henriquez,20160,L2,V1,2026-02-22 17:34:10,2026-02-22 18:04:14,CW→CC,2026-02-22,,20160,20160,650,Monedero
5339,2000118388,Concepcion,Coronel,20059,L2,V1,2026-02-22 12:15:09,2026-02-22 14:07:30,CC→CW,2026-02-22,combo_por_entrada,20059,20059,910,Monedero
5340,2000118388,Concepcion,Coronel,20059,L2,V1,2026-02-22 12:15:17,2026-02-22 14:07:26,CC→CW,2026-02-22,combo_por_entrada,20059,20059,910,Monedero
5341,2000118388,Concepcion,Coronel,20059,L2,V1,2026-02-22 12:15:34,2026-02-22 14:07:20,CC→CW,2026-02-22,combo_por_entrada,20059,20059,910,Monedero
5342,2000118388,Concepcion,Coronel,20059,L2,V1,2026-02-22 12:15:43,2026-02-22 14:07:11,CC→CW,2026-02-22,combo_por_entrada,20059,20059,910,Monedero
5343,2000118388,Coronel,Concepcion,20076,L2,V1,2026-02-22 16:10:48,2026-02-22 17:30:38,CW→CC,2026-02-22,,20076,20076,880,Monedero
5344,2000118388,Coronel,Concepcion,20076,L2,V1,2026-02-22 16:10:57,2026-02-22 17:30:33,CW→CC,2026-02-22,,20076,20076,880,Monedero
5345,2000118388,Coronel,Concepcion,20076,L2,V1,2026-02-22 16:11:02,2026-02-22 17:30:27,CW→CC,2026-02-22,,20076,20076,880,Monedero
5346,2000118388,Coronel,Concepcion,20076,L2,V1,2026-02-22 16:11:06,2026-02-22 17:30:23,CW→CC,2026-02-22,,20076,20076,880,Monedero
5347,2000118388,Coronel,Concepcion,20076,L2,V1,2026-02-22 16:11:10,2026-02-22 17:30:19,CW→CC,2026-02-22,,20076,20076,880,Monedero
5348,2000119192,Laguna Quinenco,Juan Pablo II,20162,L2,V1,2026-02-22 18:10:19,2026-02-22 18:53:34,CW→CC,2026-02-22,,20162,20162,790,Monedero
5349,2000119206,Concepcion,Los Canelos,20049,L2,V1,2026-02-22 11:18:39,2026-02-22 12:03:29,CC→CW,2026-02-22,,20049,20049,850,Monedero
5350,2000119206,Concepcion,Los Canelos,20049,L2,V1,2026-02-22 11:23:27,2026-02-22 12:03:27,CC→CW,2026-02-22,,20049,20049,850,Monedero
5351,2000119552,Cdal. Raul Silva Henriquez,Concepcion,20162,L2,V1,2026-02-22 18:31:44,2026-02-22 19:00:09,CW→CC,2026-02-22,,20162,20162,570,Monedero
5352,2000120168,Cristo Redentor,Lomas Coloradas,20062,L2,V1,2026-02-22 13:48:47,2026-02-22 14:12:44,CW→CC,2026-02-22,,20062,20062,630,Monedero
5353,2000120330,Cristo Redentor,Juan Pablo II,20160,L2,V1,2026-02-22 17:47:49,2026-02-22 18:24:05,CW→CC,2026-02-22,,20160,20160,680,Monedero
5354,2000120463,Chiguayante,Concepcion,20844,L1,V1,2026-02-22 12:22:20,2026-02-22 13:03:52,HQ→TH,2026-02-22,,20844,20844,510,Monedero
5355,2000120463,Chiguayante,Concepcion,20844,L1,V1,2026-02-22 12:22:25,2026-02-22 13:03:48,HQ→TH,2026-02-22,,20844,20844,510,Monedero
5356,2000120463,Concepcion,Chiguayante,20845,L1,V1,2026-02-22 16:15:08,2026-02-22 16:41:45,TH→HQ,2026-02-22,,20845,20845,510,Monedero
5357,2000120679,Concepcion,Coronel,20059,L2,V1,2026-02-22 13:07:09,2026-02-22 14:04:58,CC→CW,2026-02-22,,20059,20059,880,Monedero
5358,2000120679,Concepcion,Coronel,20059,L2,V1,2026-02-22 13:07:26,2026-02-22 14:04:52,CC→CW,2026-02-22,,20059,20059,880,Monedero
5359,2000120685,Concepcion,Coronel,20059,L2,V1,2026-02-22 13:20:05,2026-02-22 14:04:48,CC→CW,2026-02-22,,20059,20059,880,Monedero
5360,2000120685,Coronel,Concepcion,20162,L2,V1,2026-02-22 17:48:54,2026-02-22 19:00:32,CW→CC,2026-02-22,,20162,20160,880,Monedero
5361,2000120993,Lomas Coloradas,Costa Mar,20160,L2,V1,2026-02-22 17:59:23,2026-02-22 18:12:56,CW→CC,2026-02-22,,20160,20160,430,Monedero
5362,2000121196,Los Canelos,Costa Mar,20160,L2,V1,2026-02-22 17:48:21,2026-02-22 18:13:47,CW→CC,2026-02-22,,20160,20160,610,Monedero
5363,2000121196,Costa Mar,Los Canelos,20161,L2,V1,2026-02-22 18:42:27,2026-02-22 19:04:01,CC→CW,2026-02-22,,20161,20161,610,Monedero
5364,2000121475,Coronel,Costa Mar,20058,L2,V1,2026-02-22 12:26:55,2026-02-22 13:00:29,CW→CC,2026-02-22,,20058,20058,650,Monedero
5365,2000121475,Coronel,Costa Mar,20058,L2,V1,2026-02-22 12:27:03,2026-02-22 13:00:25,CW→CC,2026-02-22,,20058,20058,650,Monedero
5366,2000121475,Concepcion,Coronel,20157,L2,V1,2026-02-22 17:09:50,2026-02-22 18:15:03,CC→CW,2026-02-22,,20157,20157,880,Monedero
5367,2000121475,Concepcion,Coronel,20157,L2,V1,2026-02-22 17:09:56,2026-02-22 18:14:58,CC→CW,2026-02-22,,20157,20157,880,Monedero
5368,2000121696,Hito Galvarino,Concepcion,20066,L2,V1,2026-02-22 14:47:56,2026-02-22 15:23:57,CW→CC,2026-02-22,,20066,20066,850,Monedero
5369,2000121763,Cdal. Raul Silva Henriquez,Concepcion,20050,L2,V1,2026-02-22 11:13:29,2026-02-22 11:45:44,CW→CC,2026-02-22,,20050,20050,570,Monedero
5370,2000122000,Lomas Coloradas,El Parque,20166,L2,V1,2026-02-22 18:44:05,2026-02-22 19:43:58,CW→CC,2026-02-22,,20166,20162,430,Monedero
5371,2000122000,El Parque,Lomas Coloradas,20167,L2,V1,2026-02-22 20:14:40,2026-02-22 20:25:38,CC→CW,2026-02-22,,20167,20167,430,Monedero
5372,2000122000,El Parque,Lomas Coloradas,20167,L2,V1,2026-02-22 20:14:45,2026-02-22 20:25:32,CC→CW,2026-02-22,,20167,20167,430,Monedero
5373,2000122000,El Parque,Lomas Coloradas,20167,L2,V1,2026-02-22 20:14:52,2026-02-22 20:25:23,CC→CW,2026-02-22,,20167,20167,430,Monedero
5374,2000122695,El Parque,Juan Pablo II,20162,L2,V1,2026-02-22 18:34:30,2026-02-22 18:54:07,CW→CC,2026-02-22,,20162,20162,510,Monedero
5375,2000123073,Juan Pablo II,Huinca,20153,L2,V1,2026-02-22 08:54:42,2026-02-22 09:56:01,CC→CW,2026-02-22,,20153,20153,680,Monedero
5376,2000123150,Costa Mar,Coronel,20063,L2,V1,2026-02-22 14:45:55,2026-02-22 15:20:55,CC→CW,2026-02-22,,20063,20063,650,Monedero
5377,2000123361,Concepcion,Cdal. Raul Silva Henriquez,20171,L2,V1,2026-02-22 20:41:51,2026-02-22 21:36:48,CC→CW,2026-02-22,,20171,20171,570,Monedero
5378,2000123619,Cdal. Raul Silva Henriquez,Juan Pablo II,20068,L2,V1,2026-02-22 15:56:08,2026-02-22 16:18:27,CW→CC,2026-02-22,,20068,20068,510,Monedero
5379,2000123654,Concepcion,Lomas Coloradas,20069,L2,V1,2026-02-22 16:23:24,2026-02-22 17:06:11,CC→CW,2026-02-22,,20069,20069,570,Monedero
5380,2000123790,Cristo Redentor,Concepcion,20056,L2,V1,2026-02-22 12:16:09,2026-02-22 13:05:16,CW→CC,2026-02-22,,20056,20056,850,Monedero
5381,2000123790,Higueras,Concepcion,20847,L1,V1,2026-02-22 19:51:55,2026-02-22 21:38:39,TH→HQ,2026-02-22,combo_por_entrada,20847,20847,590,Monedero
5382,2000123973,Laguna Quinenco,Concepcion,20162,L2,V1,2026-02-22 17:58:57,2026-02-22 19:00:44,CW→CC,2026-02-22,,20162,20162,880,Monedero
5383,2000123973,Laguna Quinenco,Concepcion,20162,L2,V1,2026-02-22 17:59:06,2026-02-22 19:00:38,CW→CC,2026-02-22,,20162,20162,880,Monedero
5384,2000124124,Cristo Redentor,Concepcion,20076,L2,V1,2026-02-22 16:49:26,2026-02-22 17:30:32,CW→CC,2026-02-22,,20076,20076,850,Monedero
5385,2000124124,Cristo Redentor,Concepcion,20076,L2,V1,2026-02-22 16:49:32,2026-02-22 17:30:25,CW→CC,2026-02-22,,20076,20076,850,Monedero
5386,2000124264,Cdal. Raul Silva Henriquez,Concepcion,20076,L2,V1,2026-02-22 16:59:19,2026-02-22 17:29:55,CW→CC,2026-02-22,,20076,20076,570,Monedero
5387,2000124264,Cdal. Raul Silva Henriquez,Concepcion,20076,L2,V1,2026-02-22 16:59:22,2026-02-22 17:29:52,CW→CC,2026-02-22,,20076,20076,570,Monedero
5388,2000124264,Concepcion,Cdal. Raul Silva Henriquez,20161,L2,V1,2026-02-22 18:30:15,2026-02-22 19:28:17,CC→CW,2026-02-22,,20161,20161,570,Monedero
5389,2000124264,Concepcion,Cdal. Raul Silva Henriquez,20161,L2,V1,2026-02-22 18:30:28,2026-02-22 19:28:09,CC→CW,2026-02-22,,20161,20161,570,Monedero
5390,2000124425,Laguna Quinenco,Concepcion,20050,L2,V1,2026-02-22 10:42:50,2026-02-22 11:39:53,CW→CC,2026-02-22,,20050,20050,880,Monedero
5391,2000124425,Concepcion,Laguna Quinenco,20067,L2,V1,2026-02-22 15:25:06,2026-02-22 16:11:31,CC→CW,2026-02-22,,20067,20067,880,Monedero
5392,2000125001,Lomas Coloradas,Concepcion,20052,L2,V1,2026-02-22 11:39:09,2026-02-22 12:03:04,CW→CC,2026-02-22,,20052,20052,570,Monedero
5393,2000125001,Concepcion,Lomas Coloradas,20063,L2,V1,2026-02-22 14:25:19,2026-02-22 14:59:17,CC→CW,2026-02-22,,20063,20063,570,Monedero
5394,2000125320,Lomas Coloradas,Cristo Redentor,20035,L2,V1,2026-02-22 10:15:54,2026-02-22 10:42:03,CC→CW,2026-02-22,,20035,20035,630,Monedero
5395,2000125320,Cristo Redentor,Lomas Coloradas,20056,L2,V1,2026-02-22 12:12:37,2026-02-22 12:41:40,CW→CC,2026-02-22,,20056,20056,630,Monedero
5396,2000125521,Concepcion,Cdal. Raul Silva Henriquez,20049,L2,V1,2026-02-22 11:06:53,2026-02-22 11:54:00,CC→CW,2026-02-22,,20049,20049,570,Monedero
5397,2000125571,Concepcion,Costa Mar,20167,L2,V1,2026-02-22 19:42:37,2026-02-22 20:17:49,CC→CW,2026-02-22,,20167,20167,570,Monedero
5398,2000125988,El Parque,Concepcion,,,N/A,2026-02-22 18:31:09,2026-02-22 18:43:31,,2026-02-22,sin_combo_factible_en_hub|sin_s1_factible_retro,,,570,Monedero
5399,2000125988,El Parque,Concepcion,,,N/A,2026-02-22 18:31:16,2026-02-22 18:43:22,,2026-02-22,sin_combo_factible_en_hub|sin_s1_factible_retro,,,570,Monedero
5400,2000126081,Lomas Coloradas,Los Canelos,20153,L2,V1,2026-02-22 08:56:06,2026-02-22 09:52:11,CC→CW,2026-02-22,,20153,20149,610,Monedero
5401,2000126130,Concepcion,Laguna Quinenco,20063,L2,V1,2026-02-22 14:16:06,2026-02-22 15:17:52,CC→CW,2026-02-22,,20063,20063,880,Monedero
5402,2000126295,Diagonal Bio Bio,Hito Galvarino,20067,L2,V1,2026-02-22 15:34:59,2026-02-22 16:01:17,CC→CW,2026-02-22,,20067,20067,650,Monedero
5403,2000126395,El Parque,Concepcion,20068,L2,V1,2026-02-22 15:32:34,2026-02-22 16:27:12,CW→CC,2026-02-22,,20068,20068,570,Monedero
5404,2000126395,Concepcion,Concepcion,,,N/A,2026-02-22 18:19:19,2026-02-22 18:19:54,,2026-02-22,no viajo,,,420,Monedero
5405,2000126395,Concepcion,El Parque,20163,L2,V1,2026-02-22 18:56:55,2026-02-22 19:21:09,CC→CW,2026-02-22,,20163,20163,570,Monedero
5406,2000126606,Coronel,Concepcion,20068,L2,V1,2026-02-22 15:34:15,2026-02-22 16:25:02,CW→CC,2026-02-22,,20068,20068,880,Monedero
5407,2000126606,Coronel,Concepcion,20068,L2,V1,2026-02-22 15:34:20,2026-02-22 16:24:58,CW→CC,2026-02-22,,20068,20068,880,Monedero
5408,2000126659,Lomas Coloradas,Cdal. Raul Silva Henriquez,20171,L2,V1,2026-02-22 21:09:55,2026-02-22 21:36:57,CC→CW,2026-02-22,,20171,20171,430,Monedero
5409,2000126760,Concepcion,Concepcion,,,N/A,2026-02-22 16:03:34,2026-02-22 16:51:55,,2026-02-22,no viajo,,,420,Monedero
5410,2000126760,Concepcion,Concepcion,,,N/A,2026-02-22 16:03:48,2026-02-22 16:51:49,,2026-02-22,no viajo,,,420,Monedero
5411,2000126760,Concepcion,Concepcion,,,N/A,2026-02-22 16:03:56,2026-02-22 16:29:42,,2026-02-22,no viajo,,,420,Monedero
5412,2000126760,Concepcion,Concepcion,,,N/A,2026-02-22 16:04:05,2026-02-22 16:29:37,,2026-02-22,no viajo,,,420,Monedero
5413,2000127169,Huinca,Concepcion,20066,L2,V1,2026-02-22 14:45:42,2026-02-22 15:23:00,CW→CC,2026-02-22,,20066,20066,850,Monedero
5414,2000127228,Concepcion,Los Canelos,20063,L2,V1,2026-02-22 14:21:12,2026-02-22 15:11:24,CC→CW,2026-02-22,,20063,20063,850,Monedero
5415,2000127252,Concepcion,Los Canelos,20149,L2,V1,2026-02-22 08:02:26,2026-02-22 09:05:53,CC→CW,2026-02-22,,20149,20149,850,Monedero
5416,2000127597,Lomas Coloradas,Concepcion,20152,L2,V1,2026-02-22 08:50:29,2026-02-22 09:15:40,CW→CC,2026-02-22,,20152,20152,570,Monedero
5417,2000127597,Concepcion,Lomas Coloradas,20171,L2,V1,2026-02-22 21:02:16,2026-02-22 21:30:41,CC→CW,2026-02-22,,20171,20171,570,Monedero
5418,2000127628,Concepcion,La Leonera,20847,L1,V1,2026-02-22 20:27:01,2026-02-22 20:49:15,TH→HQ,2026-02-22,,20847,20847,510,Monedero
5419,2000127870,Laguna Quinenco,Costa Mar,20056,L2,V1,2026-02-22 12:08:31,2026-02-22 12:46:46,CW→CC,2026-02-22,,20056,20056,650,Monedero
5420,2000127870,El Parque,Laguna Quinenco,20069,L2,V1,2026-02-22 16:49:48,2026-02-22 17:28:43,CC→CW,2026-02-22,,20069,20069,650,Monedero
5421,2000127896,Laguna Quinenco,Hito Galvarino,20166,L2,V1,2026-02-22 18:25:53,2026-02-22 19:30:46,CW→CC,2026-02-22,,20166,20162,530,Monedero
5422,2000127960,Concepcion,El Parque,20149,L2,V1,2026-02-22 08:20:21,2026-02-22 08:49:52,CC→CW,2026-02-22,,20149,20149,570,Monedero
5423,2000127960,Costa Mar,Concepcion,20170,L2,V1,2026-02-22 20:32:39,2026-02-22 21:04:12,CW→CC,2026-02-22,,20170,20170,570,Monedero
5424,2000128056,Laguna Quinenco,Costa Mar,20162,L2,V1,2026-02-22 18:16:52,2026-02-22 18:46:00,CW→CC,2026-02-22,,20162,20162,650,Monedero
5425,2000128056,Laguna Quinenco,Costa Mar,20162,L2,V1,2026-02-22 18:16:58,2026-02-22 18:45:54,CW→CC,2026-02-22,,20162,20162,650,Monedero
5426,2000128123,Diagonal Bio Bio,Cristo Redentor,20067,L2,V1,2026-02-22 15:28:31,2026-02-22 16:08:08,CC→CW,2026-02-22,,20067,20067,680,Monedero
5427,2000128204,Hito Galvarino,Cristo Redentor,20157,L2,V1,2026-02-22 17:38:05,2026-02-22 18:09:38,CC→CW,2026-02-22,,20157,20157,460,Monedero
5428,2000128232,Cristo Redentor,Diagonal Bio Bio,20058,L2,V1,2026-02-22 12:34:33,2026-02-22 13:05:32,CW→CC,2026-02-22,,20058,20058,680,Monedero
5429,2000128232,Cristo Redentor,Diagonal Bio Bio,20058,L2,V1,2026-02-22 12:34:35,2026-02-22 13:05:29,CW→CC,2026-02-22,,20058,20058,680,Monedero
5430,2000128232,Concepcion,Cristo Redentor,20067,L2,V1,2026-02-22 15:19:56,2026-02-22 16:08:40,CC→CW,2026-02-22,,20067,20067,850,Monedero
5431,2000128232,Concepcion,Cristo Redentor,20067,L2,V1,2026-02-22 15:19:59,2026-02-22 16:08:37,CC→CW,2026-02-22,,20067,20067,850,Monedero
5432,2000128266,Cristo Redentor,El Parque,20058,L2,V1,2026-02-22 12:33:50,2026-02-22 12:58:45,CW→CC,2026-02-22,,20058,20058,630,Monedero
5433,2000128266,El Parque,Cristo Redentor,20067,L2,V1,2026-02-22 15:40:03,2026-02-22 16:08:56,CC→CW,2026-02-22,,20067,20067,630,Monedero
5434,2000128408,Cristo Redentor,Diagonal Bio Bio,20160,L2,V1,2026-02-22 17:44:57,2026-02-22 18:18:20,CW→CC,2026-02-22,,20160,20160,680,Monedero
5435,2000128425,Los Canelos,Juan Pablo II,20152,L2,V1,2026-02-22 08:36:58,2026-02-22 09:09:05,CW→CC,2026-02-22,,20152,20152,650,Monedero
5436,2000128425,Juan Pablo II,Los Canelos,20063,L2,V1,2026-02-22 14:16:44,2026-02-22 15:10:18,CC→CW,2026-02-22,,20063,20063,650,Monedero
5437,2000128560,Lomas Coloradas,Coronel,20049,L2,V1,2026-02-22 11:31:32,2026-02-22 12:13:41,CC→CW,2026-02-22,,20049,20049,650,Monedero
5438,2000128872,Cristo Redentor,Costa Mar,20050,L2,V1,2026-02-22 11:01:23,2026-02-22 11:48:21,CW→CC,2026-02-22,,20050,20050,630,Monedero
5439,2000128885,Los Canelos,Concepcion,20166,L2,V1,2026-02-22 19:20:42,2026-02-22 20:01:58,CW→CC,2026-02-22,,20166,20166,850,Monedero
5440,2000129659,Concepcion,Coronel,20161,L2,V1,2026-02-22 17:48:07,2026-02-22 19:14:52,CC→CW,2026-02-22,,20161,20161,880,Monedero
5441,2000129659,Coronel,Concepcion,20166,L2,V1,2026-02-22 19:15:14,2026-02-22 19:59:19,CW→CC,2026-02-22,,20166,20166,880,Monedero
5442,2000129691,Coronel,Costa Mar,20160,L2,V1,2026-02-22 17:39:20,2026-02-22 18:13:10,CW→CC,2026-02-22,,20160,20160,650,Monedero
5443,2000129691,Costa Mar,Cdal. Raul Silva Henriquez,20171,L2,V1,2026-02-22 21:16:19,2026-02-22 21:39:16,CC→CW,2026-02-22,,20171,20171,430,Monedero
5444,2000130138,Coronel,Cdal. Raul Silva Henriquez,20166,L2,V1,2026-02-22 19:10:17,2026-02-22 19:37:44,CW→CC,2026-02-22,,20166,20166,650,Monedero
5445,2000130138,Coronel,Cdal. Raul Silva Henriquez,20166,L2,V1,2026-02-22 19:10:22,2026-02-22 19:37:40,CW→CC,2026-02-22,,20166,20166,650,Monedero
5446,2000130248,Concepcion,Cristo Redentor,20059,L2,V1,2026-02-22 12:07:09,2026-02-22 13:59:00,CC→CW,2026-02-22,combo_por_entrada,20059,20059,960,Monedero
5447,2000130318,El Parque,Cristo Redentor,20157,L2,V1,2026-02-22 17:40:36,2026-02-22 18:10:42,CC→CW,2026-02-22,,20157,20157,630,Monedero
5448,2000130320,Concepcion,Hito Galvarino,20067,L2,V1,2026-02-22 14:43:36,2026-02-22 15:59:58,CC→CW,2026-02-22,,20067,20063,850,Monedero
5449,2000130891,Lomas Coloradas,Concepcion,20052,L2,V1,2026-02-22 11:36:27,2026-02-22 12:06:02,CW→CC,2026-02-22,,20052,20052,570,Monedero
5450,2000130891,Concepcion,Lomas Coloradas,20161,L2,V1,2026-02-22 18:23:24,2026-02-22 18:50:50,CC→CW,2026-02-22,,20161,20161,570,Monedero
5451,2000131373,Huinca,Cdal. Raul Silva Henriquez,20050,L2,V1,2026-02-22 10:55:37,2026-02-22 11:16:09,CW→CC,2026-02-22,,20050,20050,630,Monedero
5452,2000131373,Cdal. Raul Silva Henriquez,Los Canelos,20059,L2,V1,2026-02-22 13:43:25,2026-02-22 13:53:49,CC→CW,2026-02-22,,20059,20059,610,Monedero
5453,2000131373,Cdal. Raul Silva Henriquez,Los Canelos,20059,L2,V1,2026-02-22 13:43:49,2026-02-22 13:53:43,CC→CW,2026-02-22,,20059,20059,610,Monedero
5454,2000131573,Laguna Quinenco,Concepcion,20162,L2,V1,2026-02-22 17:55:36,2026-02-22 19:01:35,CW→CC,2026-02-22,,20162,20162,880,Monedero
5455,2000131602,Hito Galvarino,Concepcion,20056,L2,V1,2026-02-22 12:11:44,2026-02-22 13:12:05,CW→CC,2026-02-22,,20056,20056,850,Monedero
5456,2000131602,Concepcion,Lomas Coloradas,20167,L2,V1,2026-02-22 19:41:30,2026-02-22 20:26:29,CC→CW,2026-02-22,,20167,20167,570,Monedero
5457,2000131785,Concepcion,El Parque,20035,L2,V1,2026-02-22 09:37:57,2026-02-22 10:22:25,CC→CW,2026-02-22,,20035,20035,570,Monedero
5458,2000131785,Concepcion,El Parque,20035,L2,V1,2026-02-22 09:38:03,2026-02-22 10:22:16,CC→CW,2026-02-22,,20035,20035,570,Monedero
5459,2000131785,El Parque,Concepcion,20050,L2,V1,2026-02-22 11:09:19,2026-02-22 11:41:24,CW→CC,2026-02-22,,20050,20050,570,Monedero
5460,2000131785,El Parque,Concepcion,20050,L2,V1,2026-02-22 11:09:24,2026-02-22 11:41:18,CW→CC,2026-02-22,,20050,20050,570,Monedero
5461,2000132411,Cristo Redentor,El Parque,20056,L2,V1,2026-02-22 12:13:43,2026-02-22 12:44:49,CW→CC,2026-02-22,,20056,20056,630,Monedero
5462,2000132411,Cristo Redentor,El Parque,20056,L2,V1,2026-02-22 12:13:53,2026-02-22 12:44:37,CW→CC,2026-02-22,,20056,20056,630,Monedero
5463,2000132411,Cristo Redentor,El Parque,20056,L2,V1,2026-02-22 12:14:00,2026-02-22 12:44:31,CW→CC,2026-02-22,,20056,20056,630,Monedero
5464,2000132411,El Parque,Laguna Quinenco,20067,L2,V1,2026-02-22 15:23:53,2026-02-22 16:12:11,CC→CW,2026-02-22,,20067,20067,650,Monedero
5465,2000132411,El Parque,Laguna Quinenco,20067,L2,V1,2026-02-22 15:23:59,2026-02-22 16:12:04,CC→CW,2026-02-22,,20067,20067,650,Monedero
5466,2000132411,El Parque,Laguna Quinenco,20067,L2,V1,2026-02-22 15:24:03,2026-02-22 16:11:58,CC→CW,2026-02-22,,20067,20067,650,Monedero
5467,2000132488,Los Canelos,El Parque,20068,L2,V1,2026-02-22 15:43:19,2026-02-22 16:07:33,CW→CC,2026-02-22,,20068,20068,610,Monedero
5468,2000132488,El Parque,Los Canelos,20157,L2,V1,2026-02-22 17:45:43,2026-02-22 18:04:38,CC→CW,2026-02-22,,20157,20157,610,Monedero
5469,2000132799,Los Canelos,Laguna Quinenco,20157,L2,V1,2026-02-22 18:00:01,2026-02-22 18:11:18,CC→CW,2026-02-22,,20157,20157,530,Monedero
5470,2000132799,Laguna Quinenco,Cristo Redentor,20166,L2,V1,2026-02-22 19:01:46,2026-02-22 19:22:37,CW→CC,2026-02-22,,20166,20166,450,Monedero
5471,2000132827,Juan Pablo II,Lomas Coloradas,20063,L2,V1,2026-02-22 14:42:42,2026-02-22 14:59:01,CC→CW,2026-02-22,,20063,20063,510,Monedero
5472,2000132827,Lomas Coloradas,Juan Pablo II,20162,L2,V1,2026-02-22 18:32:33,2026-02-22 18:53:20,CW→CC,2026-02-22,,20162,20162,510,Monedero
5473,2000132839,Concepcion,Coronel,20049,L2,V1,2026-02-22 11:25:25,2026-02-22 12:14:12,CC→CW,2026-02-22,,20049,20049,880,Monedero
5474,2000133028,Concepcion,Coronel,20161,L2,V1,2026-02-22 17:57:12,2026-02-22 19:15:40,CC→CW,2026-02-22,,20161,20161,880,Monedero
5475,2000133246,Cristo Redentor,Concepcion,20050,L2,V1,2026-02-22 10:40:41,2026-02-22 11:41:23,CW→CC,2026-02-22,,20050,20050,850,Monedero
5476,2000133246,Cristo Redentor,Concepcion,20050,L2,V1,2026-02-22 10:40:47,2026-02-22 11:41:14,CW→CC,2026-02-22,,20050,20050,850,Monedero
5477,2000133302,Huinca,Concepcion,20062,L2,V1,2026-02-22 13:41:04,2026-02-22 14:34:19,CW→CC,2026-02-22,,20062,20062,850,Monedero
5478,2000133302,Concepcion,Huinca,20161,L2,V1,2026-02-22 18:09:55,2026-02-22 19:07:15,CC→CW,2026-02-22,,20161,20161,850,Monedero
5479,2000133409,Los Canelos,Lomas Coloradas,20066,L2,V1,2026-02-22 14:49:53,2026-02-22 15:04:16,CW→CC,2026-02-22,,20066,20066,610,Monedero
5480,2000133409,Lomas Coloradas,Cdal. Raul Silva Henriquez,20171,L2,V1,2026-02-22 21:10:34,2026-02-22 21:35:43,CC→CW,2026-02-22,,20171,20171,430,Monedero
5481,2000133557,Los Canelos,Concepcion,20056,L2,V1,2026-02-22 12:19:58,2026-02-22 13:03:45,CW→CC,2026-02-22,,20056,20056,850,Monedero
5482,2000133916,Concepcion,Costa Mar,20067,L2,V1,2026-02-22 15:24:28,2026-02-22 15:45:39,CC→CW,2026-02-22,,20067,20067,570,Monedero
5483,2000133916,Costa Mar,Concepcion,,,N/A,2026-02-22 20:43:25,2026-02-22 21:05:08,,2026-02-22,sin_combo_factible_en_hub|sin_s1_factible_retro,,,570,Monedero
5484,2000133927,Cristo Redentor,Laguna Quinenco,20041,L2,V1,2026-02-22 11:03:16,2026-02-22 11:10:18,CC→CW,2026-02-22,,20041,20041,450,Monedero
5485,2000133927,Cristo Redentor,Laguna Quinenco,20041,L2,V1,2026-02-22 11:03:20,2026-02-22 11:10:12,CC→CW,2026-02-22,,20041,20041,450,Monedero
5486,2000133972,Diagonal Bio Bio,Cristo Redentor,20157,L2,V1,2026-02-22 17:36:22,2026-02-22 18:09:03,CC→CW,2026-02-22,,20157,20157,680,Monedero
5487,2000133976,Coronel,Concepcion,20076,L2,V1,2026-02-22 16:22:02,2026-02-22 17:29:48,CW→CC,2026-02-22,,20076,20076,880,Monedero
5488,2000133976,Concepcion,Coronel,20163,L2,V1,2026-02-22 18:55:50,2026-02-22 19:48:17,CC→CW,2026-02-22,,20163,20163,880,Monedero
5489,2000134551,Costa Mar,Huinca,20059,L2,V1,2026-02-22 13:31:23,2026-02-22 13:57:34,CC→CW,2026-02-22,,20059,20059,630,Monedero
5490,2000134554,Lomas Coloradas,Concepcion,20068,L2,V1,2026-02-22 15:54:38,2026-02-22 16:25:27,CW→CC,2026-02-22,,20068,20068,570,Monedero
5491,2000134554,Concepcion,Lomas Coloradas,20161,L2,V1,2026-02-22 18:21:26,2026-02-22 18:50:04,CC→CW,2026-02-22,,20161,20161,570,Monedero
5492,2000134728,Manquimavida,Lzo. Arenas,20844,L1,V1,2026-02-22 12:26:03,2026-02-22 13:09:19,HQ→TH,2026-02-22,,20844,20844,510,Monedero
5493,2000134835,Chiguayante,Higueras,20844,L1,V1,2026-02-22 12:22:39,2026-02-22 13:21:03,HQ→TH,2026-02-22,,20844,20844,540,Monedero
5494,2000134835,Higueras,Chiguayante,20845,L1,V1,2026-02-22 15:52:00,2026-02-22 16:40:21,TH→HQ,2026-02-22,,20845,20845,540,Monedero
5495,2000134875,Hualqui,Concepcion,20844,L1,V1,2026-02-22 12:17:19,2026-02-22 13:03:06,HQ→TH,2026-02-22,,20844,20844,550,Monedero
5496,2000135428,Los Condores,Concepcion,20859,L1,V1,2026-02-22 12:33:25,2026-02-22 12:55:09,TH→HQ,2026-02-22,,20859,20859,500,Monedero
5497,2000135504,Concepcion,Concepcion,,,N/A,2026-02-22 15:46:43,2026-02-22 15:47:33,,2026-02-22,no viajo,,,420,Monedero
5498,2000135504,Concepcion,Concepcion,,,N/A,2026-02-22 15:46:51,2026-02-22 15:47:25,,2026-02-22,no viajo,,,420,Monedero
5499,2000135504,Concepcion,Hualqui,20847,L1,V1,2026-02-22 20:06:00,2026-02-22 21:02:45,TH→HQ,2026-02-22,,20847,20847,550,Monedero
5500,2000135504,Concepcion,Hualqui,20847,L1,V1,2026-02-22 20:06:12,2026-02-22 21:02:38,TH→HQ,2026-02-22,,20847,20847,550,Monedero
5501,2000136172,Los Canelos,Laguna Quinenco,20157,L2,V1,2026-02-22 17:58:45,2026-02-22 18:11:18,CC→CW,2026-02-22,,20157,20157,530,Monedero
5502,2000136172,Laguna Quinenco,Cristo Redentor,20166,L2,V1,2026-02-22 19:01:46,2026-02-22 19:22:41,CW→CC,2026-02-22,,20166,20166,450,Monedero
5503,2000136310,Huinca,Concepcion,20052,L2,V1,2026-02-22 11:26:41,2026-02-22 12:04:33,CW→CC,2026-02-22,,20052,20052,850,Monedero
5504,2000136310,Huinca,Concepcion,20052,L2,V1,2026-02-22 11:26:46,2026-02-22 12:04:31,CW→CC,2026-02-22,,20052,20052,850,Monedero
5505,2000136310,Concepcion,Chiguayante,20859,L1,V1,2026-02-22 12:26:31,2026-02-22 13:11:25,TH→HQ,2026-02-22,,20859,20859,510,Monedero
5506,2000136310,Concepcion,Chiguayante,20859,L1,V1,2026-02-22 12:26:36,2026-02-22 13:10:25,TH→HQ,2026-02-22,,20859,20859,510,Monedero
5507,2000136482,Coronel,Concepcion,20076,L2,V1,2026-02-22 16:26:24,2026-02-22 17:29:49,CW→CC,2026-02-22,,20076,20076,880,Monedero
5508,2000136601,Laguna Quinenco,Concepcion,20052,L2,V1,2026-02-22 11:01:04,2026-02-22 12:02:50,CW→CC,2026-02-22,,20052,20050,880,Monedero
5509,2000136879,Lomas Coloradas,Concepcion,20066,L2,V1,2026-02-22 14:57:34,2026-02-22 15:23:29,CW→CC,2026-02-22,,20066,20066,570,Monedero
5510,2000136995,Hito Galvarino,Laguna Quinenco,20041,L2,V1,2026-02-22 10:51:54,2026-02-22 11:10:16,CC→CW,2026-02-22,,20041,20041,530,Monedero
5511,2000136995,Laguna Quinenco,Hito Galvarino,20056,L2,V1,2026-02-22 12:18:46,2026-02-22 12:32:15,CW→CC,2026-02-22,,20056,20056,530,Monedero
5512,2000137044,Concepcion,Huinca,20157,L2,V1,2026-02-22 17:22:51,2026-02-22 18:06:23,CC→CW,2026-02-22,,20157,20157,850,Monedero
5513,2000137061,Juan Pablo II,Lomas Coloradas,20063,L2,V1,2026-02-22 14:34:12,2026-02-22 14:58:29,CC→CW,2026-02-22,,20063,20063,510,Monedero
5514,2000137061,Juan Pablo II,Lomas Coloradas,20063,L2,V1,2026-02-22 14:34:28,2026-02-22 14:58:23,CC→CW,2026-02-22,,20063,20063,510,Monedero
5515,2000137061,Concepcion,Juan Pablo II,20171,L2,V1,2026-02-22 20:30:58,2026-02-22 20:56:49,CC→CW,2026-02-22,combo_relajado_pase3,20171,20167,510,Monedero
5516,2000137061,Concepcion,Juan Pablo II,20171,L2,V1,2026-02-22 20:31:04,2026-02-22 20:56:38,CC→CW,2026-02-22,combo_relajado_pase3,20171,20167,510,Monedero
5517,2000137243,Cristo Redentor,El Parque,20152,L2,V1,2026-02-22 08:31:07,2026-02-22 08:59:37,CW→CC,2026-02-22,,20152,20152,630,Monedero
5518,2000137445,Los Canelos,Cdal. Raul Silva Henriquez,20166,L2,V1,2026-02-22 19:23:39,2026-02-22 19:37:35,CW→CC,2026-02-22,,20166,20166,610,Monedero
5519,2000137780,Los Canelos,Diagonal Bio Bio,20052,L2,V1,2026-02-22 11:26:17,2026-02-22 11:53:13,CW→CC,2026-02-22,,20052,20052,650,Monedero
5520,2000137780,Diagonal Bio Bio,Los Canelos,20163,L2,V1,2026-02-22 19:09:32,2026-02-22 19:36:54,CC→CW,2026-02-22,,20163,20163,650,Monedero
5521,2000138090,Concepcion,Coronel,20059,L2,V1,2026-02-22 12:23:06,2026-02-22 14:08:14,CC→CW,2026-02-22,combo_por_entrada,20059,20059,910,Monedero
5522,2000138090,Concepcion,Coronel,20059,L2,V1,2026-02-22 12:23:13,2026-02-22 14:04:15,CC→CW,2026-02-22,combo_por_entrada,20059,20059,910,Monedero
5523,2000138090,Pedro Medina,Concepcion,20844,L1,V1,2026-02-22 12:23:23,2026-02-22 14:04:07,HQ→TH,2026-02-22,combo_por_entrada,20844,20059,910,Monedero
5524,2000138090,Concepcion,Coronel,20059,L2,V1,2026-02-22 12:23:35,2026-02-22 14:03:59,CC→CW,2026-02-22,combo_por_entrada,20059,20844,910,Monedero
5525,2000138090,Concepcion,Pedro Medina,20847,L1,V1,2026-02-22 19:11:30,2026-02-22 20:44:04,TH→HQ,2026-02-22,combo_por_entrada,20847,20847,910,Monedero
5526,2000138090,Concepcion,Pedro Medina,20847,L1,V1,2026-02-22 19:11:47,2026-02-22 20:44:01,TH→HQ,2026-02-22,combo_por_entrada,20847,20847,910,Monedero
5527,2000138090,Concepcion,Pedro Medina,20847,L1,V1,2026-02-22 19:11:51,2026-02-22 20:43:55,TH→HQ,2026-02-22,combo_por_entrada,20847,20847,910,Monedero
5528,2000138123,Concepcion,Cdal. Raul Silva Henriquez,20171,L2,V1,2026-02-22 20:48:49,2026-02-22 21:35:16,CC→CW,2026-02-22,,20171,20171,570,Monedero
5529,2000138304,Los Canelos,Concepcion,20066,L2,V1,2026-02-22 14:41:26,2026-02-22 15:30:11,CW→CC,2026-02-22,,20066,20066,850,Monedero
5530,2000138304,Concepcion,Cdal. Raul Silva Henriquez,20069,L2,V1,2026-02-22 16:16:44,2026-02-22 21:36:00,CC→CW,2026-02-22,,20069,20069,570,Monedero
5531,2000138485,Concepcion,Juan Pablo II,20069,L2,V1,2026-02-22 15:56:09,2026-02-22 16:52:10,CC→CW,2026-02-22,combo_por_entrada,20069,20069,560,Monedero
5532,2000138693,Los Canelos,Coronel,20035,L2,V1,2026-02-22 10:19:16,2026-02-22 10:48:00,CC→CW,2026-02-22,,20035,20035,530,Monedero
5533,2000138705,Coronel,Diagonal Bio Bio,20062,L2,V1,2026-02-22 13:31:42,2026-02-22 14:24:02,CW→CC,2026-02-22,,20062,20062,790,Monedero
5534,2000138878,Huinca,Costa Mar,20040,L2,V1,2026-02-22 09:42:38,2026-02-22 10:07:42,CW→CC,2026-02-22,,20040,20040,630,Monedero
5535,2000139329,Lomas Coloradas,Coronel,20149,L2,V1,2026-02-22 08:44:43,2026-02-22 09:15:08,CC→CW,2026-02-22,,20149,20149,650,Monedero
5536,2000139544,La Leonera,El Arenal,20880,L1,V1,2026-02-22 21:05:57,2026-02-22 22:27:21,HQ→TH,2026-02-22,,20880,20880,550,Monedero
5537,2000139635,Cdal. Raul Silva Henriquez,Cristo Redentor,20053,L2,V1,2026-02-22 12:33:21,2026-02-22 12:47:30,CC→CW,2026-02-22,,20053,20053,630,Monedero
5538,2000139900,Hito Galvarino,Costa Mar,20068,L2,V1,2026-02-22 15:54:01,2026-02-22 16:09:32,CW→CC,2026-02-22,,20068,20068,610,Monedero
5539,2000139927,Los Canelos,Lomas Coloradas,20050,L2,V1,2026-02-22 11:02:02,2026-02-22 11:19:18,CW→CC,2026-02-22,,20050,20050,610,Monedero
5540,2000139966,Juan Pablo II,El Parque,20149,L2,V1,2026-02-22 08:28:17,2026-02-22 08:49:30,CC→CW,2026-02-22,,20149,20149,510,Monedero
5541,2000140242,Costa Mar,Laguna Quinenco,20149,L2,V1,2026-02-22 08:34:34,2026-02-22 09:13:06,CC→CW,2026-02-22,,20149,20149,650,Monedero
5542,2000140242,Costa Mar,Laguna Quinenco,20149,L2,V1,2026-02-22 08:34:41,2026-02-22 09:12:53,CC→CW,2026-02-22,,20149,20149,650,Monedero
5543,2000140319,Lomas Coloradas,Concepcion,20152,L2,V1,2026-02-22 08:52:18,2026-02-22 09:16:31,CW→CC,2026-02-22,,20152,20152,570,Monedero
5544,2000140441,Cdal. Raul Silva Henriquez,Concepcion,20052,L2,V1,2026-02-22 11:36:48,2026-02-22 12:02:39,CW→CC,2026-02-22,,20052,20052,570,Monedero
5545,2000140441,Concepcion,Cdal. Raul Silva Henriquez,20163,L2,V1,2026-02-22 18:36:55,2026-02-22 19:26:49,CC→CW,2026-02-22,,20163,20161,570,Monedero
5546,2000140585,Huinca,Concepcion,20162,L2,V1,2026-02-22 18:22:25,2026-02-22 19:02:55,CW→CC,2026-02-22,,20162,20162,850,Monedero
5547,2000140805,Costa Mar,Coronel,20067,L2,V1,2026-02-22 15:26:04,2026-02-22 16:15:10,CC→CW,2026-02-22,,20067,20067,650,Monedero
5548,2000140824,Concepcion,Lomas Coloradas,20171,L2,V1,2026-02-22 20:56:18,2026-02-22 21:31:19,CC→CW,2026-02-22,,20171,20171,570,Monedero
5549,2000140921,Concepcion,Los Condores,20844,L1,V1,2026-02-22 12:34:41,2026-02-22 13:17:13,HQ→TH,2026-02-22,,20844,20844,500,Monedero
5550,2000141023,El Arenal,Concepcion,20847,L1,V1,2026-02-22 20:02:55,2026-02-22 20:28:11,TH→HQ,2026-02-22,,20847,20847,540,Monedero
5551,2000141023,El Arenal,Concepcion,20847,L1,V1,2026-02-22 20:03:07,2026-02-22 20:28:07,TH→HQ,2026-02-22,,20847,20847,540,Monedero
5552,2000141023,Concepcion,Cdal. Raul Silva Henriquez,20171,L2,V1,2026-02-22 20:57:33,2026-02-22 21:38:52,CC→CW,2026-02-22,,20171,20171,570,Monedero
5553,2000141023,Concepcion,Cdal. Raul Silva Henriquez,20171,L2,V1,2026-02-22 20:57:45,2026-02-22 21:38:44,CC→CW,2026-02-22,,20171,20171,570,Monedero
5554,2000141050,Huinca,Hito Galvarino,20076,L2,V1,2026-02-22 16:52:30,2026-02-22 16:59:09,CW→CC,2026-02-22,,20076,20076,460,Monedero
5555,2000141195,Los Canelos,Concepcion,20152,L2,V1,2026-02-22 08:39:15,2026-02-22 09:15:43,CW→CC,2026-02-22,,20152,20152,850,Monedero
5556,2000141195,Concepcion,Los Canelos,20053,L2,V1,2026-02-22 11:54:28,2026-02-22 12:43:27,CC→CW,2026-02-22,,20053,20053,850,Monedero
5557,2000141276,Cdal. Raul Silva Henriquez,Concepcion,20166,L2,V1,2026-02-22 19:30:45,2026-02-22 20:01:12,CW→CC,2026-02-22,,20166,20166,570,Monedero
5558,2000141647,Alborada,Lomas Coloradas,20049,L2,V1,2026-02-22 11:36:17,2026-02-22 11:51:05,CC→CW,2026-02-22,,20049,20049,510,Monedero
5559,2000141807,Los Canelos,El Parque,20068,L2,V1,2026-02-22 15:43:19,2026-02-22 16:07:28,CW→CC,2026-02-22,,20068,20068,610,Monedero
5560,2000141807,El Parque,Los Canelos,20157,L2,V1,2026-02-22 17:45:45,2026-02-22 18:04:27,CC→CW,2026-02-22,,20157,20157,610,Monedero
5561,2000142718,La Leonera,UTF Santa Maria,20850,L1,V1,2026-02-22 09:35:08,2026-02-22 10:16:03,HQ→TH,2026-02-22,,20850,20850,540,Monedero
5562,2000142718,La Leonera,UTF Santa Maria,20850,L1,V1,2026-02-22 09:35:13,2026-02-22 10:15:58,HQ→TH,2026-02-22,,20850,20850,540,Monedero
5563,2000142718,UTF Santa Maria,La Leonera,20847,L1,V1,2026-02-22 20:06:57,2026-02-22 20:49:25,TH→HQ,2026-02-22,,20847,20847,540,Monedero
5564,2000142718,UTF Santa Maria,La Leonera,20847,L1,V1,2026-02-22 20:07:01,2026-02-22 20:49:20,TH→HQ,2026-02-22,,20847,20847,540,Monedero
5565,2000143300,Hito Galvarino,Coronel,20149,L2,V1,2026-02-22 08:54:54,2026-02-22 09:15:16,CC→CW,2026-02-22,,20149,20149,530,Monedero
5566,2000143391,Alborada,Costa Mar,20053,L2,V1,2026-02-22 12:18:29,2026-02-22 12:27:31,CC→CW,2026-02-22,,20053,20053,510,Monedero
5567,2000143391,Costa Mar,Alborada,20066,L2,V1,2026-02-22 14:53:52,2026-02-22 15:10:24,CW→CC,2026-02-22,,20066,20066,510,Monedero
5568,2000143447,Laguna Quinenco,Alborada,20066,L2,V1,2026-02-22 14:29:35,2026-02-22 15:12:01,CW→CC,2026-02-22,,20066,20066,790,Monedero
5569,2000143447,Cdal. Raul Silva Henriquez,Laguna Quinenco,20161,L2,V1,2026-02-22 18:11:39,2026-02-22 19:12:29,CC→CW,2026-02-22,,20161,20161,650,Monedero
5570,2000143471,Costa Mar,Huinca,20063,L2,V1,2026-02-22 14:46:04,2026-02-22 15:13:46,CC→CW,2026-02-22,,20063,20063,630,Monedero
5571,2000155575,Juan Pablo II,Los Canelos,20053,L2,V1,2026-02-22 12:10:46,2026-02-22 12:43:22,CC→CW,2026-02-22,,20053,20053,650,Monedero
5572,2000155575,Juan Pablo II,Los Canelos,20053,L2,V1,2026-02-22 12:10:56,2026-02-22 12:43:15,CC→CW,2026-02-22,,20053,20053,650,Monedero
5573,2000155575,Juan Pablo II,Los Canelos,20053,L2,V1,2026-02-22 12:11:02,2026-02-22 12:43:08,CC→CW,2026-02-22,,20053,20053,650,Monedero
5574,2000155826,El Parque,Coronel,20149,L2,V1,2026-02-22 08:46:43,2026-02-22 09:15:14,CC→CW,2026-02-22,,20149,20149,650,Monedero
5575,2000155858,Concepcion,Lomas Coloradas,20171,L2,V1,2026-02-22 20:38:01,2026-02-22 21:31:47,CC→CW,2026-02-22,,20171,20171,570,Monedero
5576,2000156016,Lomas Coloradas,Concepcion,20062,L2,V1,2026-02-22 14:08:16,2026-02-22 14:59:34,CW→CC,2026-02-22,,20062,20062,570,Monedero
5577,2000156236,Lomas Coloradas,Concepcion,20076,L2,V1,2026-02-22 17:06:38,2026-02-22 17:29:43,CW→CC,2026-02-22,,20076,20076,570,Monedero
5578,2000156386,Concepcion,Lomas Coloradas,20161,L2,V1,2026-02-22 18:30:04,2026-02-22 18:49:49,CC→CW,2026-02-22,,20161,20161,570,Monedero
5579,2000156646,Concepcion,El Arenal,20848,L1,V1,2026-02-22 20:47:13,2026-02-22 21:27:55,HQ→TH,2026-02-22,combo_relajado_pase1,20848,20848,560,Monedero
5580,2000156968,Concepcion,El Parque,20063,L2,V1,2026-02-22 14:16:11,2026-02-22 14:55:54,CC→CW,2026-02-22,,20063,20063,570,Monedero
5581,2000156968,Concepcion,El Parque,20063,L2,V1,2026-02-22 14:16:28,2026-02-22 14:55:47,CC→CW,2026-02-22,,20063,20063,570,Monedero
5582,2000156968,Costa Mar,Concepcion,20162,L2,V1,2026-02-22 18:18:54,2026-02-22 19:00:23,CW→CC,2026-02-22,,20162,20160,570,Monedero
5583,2000156968,Costa Mar,Concepcion,20162,L2,V1,2026-02-22 18:19:11,2026-02-22 19:00:17,CW→CC,2026-02-22,,20162,20160,570,Monedero
5584,2000157234,Concepcion,Manquimavida,20847,L1,V2,2026-02-22 18:29:56,2026-02-22 20:46:57,,2026-02-22,sin_combo_factible_en_hub|sin_s1_factible_retro,,20847,510,Monedero
5585,2000157655,Costa Mar,Laguna Quinenco,20153,L2,V1,2026-02-22 09:21:50,2026-02-22 10:00:31,CC→CW,2026-02-22,,20153,20153,650,Monedero
5586,2000157655,Laguna Quinenco,Costa Mar,20056,L2,V1,2026-02-22 11:57:42,2026-02-22 12:47:35,CW→CC,2026-02-22,,20056,20056,650,Monedero
5587,2000157917,Costa Mar,Los Canelos,20059,L2,V1,2026-02-22 13:15:54,2026-02-22 13:55:23,CC→CW,2026-02-22,,20059,20059,610,Monedero
5588,2000158045,Hualqui,Higueras,20844,L1,V1,2026-02-22 12:11:42,2026-02-22 13:20:25,HQ→TH,2026-02-22,,20844,20844,560,Monedero
5589,2000158418,Concepcion,Coronel,20053,L2,V1,2026-02-22 12:01:56,2026-02-22 12:53:41,CC→CW,2026-02-22,,20053,20053,880,Monedero
5590,2000158418,Concepcion,Coronel,20053,L2,V1,2026-02-22 12:02:02,2026-02-22 12:53:30,CC→CW,2026-02-22,,20053,20053,880,Monedero
5591,2000158525,La Leonera,Concepcion,20850,L1,V2,2026-02-22 09:44:21,2026-02-22 10:06:40,,2026-02-22,sin_combo_factible_en_hub|sin_s1_factible_retro,,20850,510,Monedero
5592,2000158525,Concepcion,La Leonera,20859,L1,V1,2026-02-22 12:50:57,2026-02-22 13:17:40,TH→HQ,2026-02-22,,20859,20859,510,Monedero
5593,2000159114,Concepcion,Concepcion,,,N/A,2026-02-22 16:45:17,2026-02-22 16:45:57,,2026-02-22,no viajo,,,420,Monedero
5594,2000159114,Concepcion,Laguna Quinenco,20157,L2,V1,2026-02-22 17:29:05,2026-02-22 18:15:09,CC→CW,2026-02-22,,20157,20157,880,Monedero
5595,2000159379,Concepcion,Lomas Coloradas,20171,L2,V1,2026-02-22 20:41:20,2026-02-22 21:31:33,CC→CW,2026-02-22,,20171,20171,570,Monedero
5596,2000159647,Hito Galvarino,El Parque,20062,L2,V1,2026-02-22 13:56:52,2026-02-22 14:17:25,CW→CC,2026-02-22,,20062,20062,610,Monedero
5597,2000159745,Laguna Quinenco,El Parque,20160,L2,V1,2026-02-22 17:41:57,2026-02-22 18:10:58,CW→CC,2026-02-22,,20160,20160,650,Monedero
5598,2000159745,Laguna Quinenco,El Parque,20160,L2,V1,2026-02-22 17:45:09,2026-02-22 18:10:52,CW→CC,2026-02-22,,20160,20160,650,Monedero
5599,2000159745,El Parque,Cristo Redentor,20163,L2,V1,2026-02-22 19:12:30,2026-02-22 19:41:58,CC→CW,2026-02-22,,20163,20163,630,Monedero
5600,2000159836,El Parque,Los Canelos,20051,L2,V1,2026-02-22 12:00:48,2026-02-22 12:19:04,CC→CW,2026-02-22,,20051,20051,610,Monedero
5601,2000159836,El Parque,Los Canelos,20051,L2,V1,2026-02-22 12:00:52,2026-02-22 12:19:00,CC→CW,2026-02-22,,20051,20051,610,Monedero
5602,2000159861,Diagonal Bio Bio,Coronel,20161,L2,V1,2026-02-22 18:32:59,2026-02-22 19:15:00,CC→CW,2026-02-22,,20161,20161,790,Monedero
5603,2000160285,Cristo Redentor,Concepcion,20166,L2,V1,2026-02-22 19:16:39,2026-02-22 20:00:12,CW→CC,2026-02-22,,20166,20166,850,Monedero
5604,2000160586,Laguna Quinenco,Hito Galvarino,20160,L2,V1,2026-02-22 17:37:53,2026-02-22 17:58:16,CW→CC,2026-02-22,,20160,20160,530,Monedero
5605,2000160867,Costa Mar,Los Canelos,20067,L2,V1,2026-02-22 15:41:45,2026-02-22 16:03:33,CC→CW,2026-02-22,,20067,20067,610,Monedero
5606,2000160939,Cdal. Raul Silva Henriquez,Concepcion,20050,L2,V1,2026-02-22 11:10:34,2026-02-22 11:39:56,CW→CC,2026-02-22,,20050,20050,570,Monedero
5607,2000160999,Cdal. Raul Silva Henriquez,Juan Pablo II,20062,L2,V1,2026-02-22 13:55:00,2026-02-22 14:26:20,CW→CC,2026-02-22,,20062,20062,510,Monedero
5608,2000161222,Cristo Redentor,Concepcion,20062,L2,V1,2026-02-22 13:54:20,2026-02-22 14:43:02,CW→CC,2026-02-22,,20062,20062,850,Monedero
5609,2000161222,Concepcion,Cristo Redentor,20163,L2,V1,2026-02-22 18:53:07,2026-02-22 19:42:13,CC→CW,2026-02-22,,20163,20163,850,Monedero
5610,2000161289,Concepcion,Concepcion,,,N/A,2026-02-22 09:02:43,2026-02-22 09:03:53,,2026-02-22,no viajo,,,420,Monedero
5611,2000161289,Concepcion,Concepcion,,,N/A,2026-02-22 09:02:50,2026-02-22 09:03:49,,2026-02-22,no viajo,,,420,Monedero
5612,2000161396,Costa Mar,Laguna Quinenco,20067,L2,V1,2026-02-22 15:36:58,2026-02-22 16:12:41,CC→CW,2026-02-22,,20067,20067,650,Monedero
5613,2000161396,Costa Mar,Laguna Quinenco,20067,L2,V1,2026-02-22 15:37:01,2026-02-22 16:12:31,CC→CW,2026-02-22,,20067,20067,650,Monedero
5614,2000161396,Laguna Quinenco,Costa Mar,20160,L2,V1,2026-02-22 17:31:14,2026-02-22 18:14:03,CW→CC,2026-02-22,,20160,20160,650,Monedero
5615,2000161396,Laguna Quinenco,Costa Mar,20160,L2,V1,2026-02-22 17:31:19,2026-02-22 18:13:58,CW→CC,2026-02-22,,20160,20160,650,Monedero
5616,2000161690,Lomas Coloradas,Coronel,20063,L2,V1,2026-02-22 14:53:59,2026-02-22 15:20:40,CC→CW,2026-02-22,,20063,20063,650,Monedero
5617,2000161714,Coronel,Concepcion,20152,L2,V1,2026-02-22 08:27:54,2026-02-22 09:17:52,CW→CC,2026-02-22,,20152,20152,880,Monedero
5618,2000161714,Coronel,Concepcion,20152,L2,V1,2026-02-22 08:27:59,2026-02-22 09:17:46,CW→CC,2026-02-22,,20152,20152,880,Monedero
5619,2000161714,Concepcion,Huinca,20067,L2,V1,2026-02-22 15:25:28,2026-02-22 16:06:02,CC→CW,2026-02-22,,20067,20067,850,Monedero
5620,2000161714,Concepcion,Huinca,20067,L2,V1,2026-02-22 15:25:32,2026-02-22 16:05:58,CC→CW,2026-02-22,,20067,20067,850,Monedero
5621,2000161801,Concepcion,Hito Galvarino,20163,L2,V1,2026-02-22 18:36:48,2026-02-22 19:35:31,CC→CW,2026-02-22,,20163,20161,850,Monedero
5622,2000161853,Concepcion,Chiguayante,20847,L1,V1,2026-02-22 20:18:43,2026-02-22 20:40:42,TH→HQ,2026-02-22,,20847,20847,510,Monedero
5623,2000162815,Cdal. Raul Silva Henriquez,Concepcion,20152,L2,V1,2026-02-22 08:49:30,2026-02-22 09:16:05,CW→CC,2026-02-22,,20152,20152,570,Monedero
5624,2000162842,Cdal. Raul Silva Henriquez,El Parque,20050,L2,V1,2026-02-22 10:55:29,2026-02-22 11:22:44,CW→CC,2026-02-22,,20050,20050,430,Monedero
5625,2000162886,Cdal. Raul Silva Henriquez,Cristo Redentor,20153,L2,V1,2026-02-22 09:37:05,2026-02-22 09:57:45,CC→CW,2026-02-22,,20153,20153,630,Monedero
5626,2000162989,Cdal. Raul Silva Henriquez,Concepcion,20066,L2,V1,2026-02-22 14:57:09,2026-02-22 15:24:11,CW→CC,2026-02-22,,20066,20066,570,Monedero
5627,2000162989,Cdal. Raul Silva Henriquez,Concepcion,20066,L2,V1,2026-02-22 14:57:19,2026-02-22 15:23:52,CW→CC,2026-02-22,,20066,20066,570,Monedero
5628,2000162989,Cdal. Raul Silva Henriquez,Concepcion,20066,L2,V1,2026-02-22 14:57:35,2026-02-22 15:23:45,CW→CC,2026-02-22,,20066,20066,570,Monedero
5629,2000162989,Concepcion,Cdal. Raul Silva Henriquez,20171,L2,V1,2026-02-22 20:47:44,2026-02-22 21:35:00,CC→CW,2026-02-22,,20171,20171,570,Monedero
5630,2000162989,Concepcion,Cdal. Raul Silva Henriquez,20171,L2,V1,2026-02-22 20:47:52,2026-02-22 21:34:56,CC→CW,2026-02-22,,20171,20171,570,Monedero
5631,2000162989,Concepcion,Cdal. Raul Silva Henriquez,20171,L2,V1,2026-02-22 20:47:58,2026-02-22 21:34:50,CC→CW,2026-02-22,,20171,20171,570,Monedero
5632,2000163125,Laguna Quinenco,Cristo Redentor,20066,L2,V1,2026-02-22 14:38:10,2026-02-22 14:46:42,CW→CC,2026-02-22,,20066,20066,450,Monedero
5633,2000163125,Laguna Quinenco,Cristo Redentor,20066,L2,V1,2026-02-22 14:38:15,2026-02-22 14:46:35,CW→CC,2026-02-22,,20066,20066,450,Monedero
5634,2000163533,Costa Mar,Coronel,20051,L2,V1,2026-02-22 11:55:54,2026-02-22 12:28:34,CC→CW,2026-02-22,,20051,20051,650,Monedero
5635,2000163769,Coronel,Concepcion,20166,L2,V1,2026-02-22 19:02:26,2026-02-22 20:00:37,CW→CC,2026-02-22,,20166,20166,880,Monedero
5636,2000163769,Coronel,Concepcion,20166,L2,V1,2026-02-22 19:02:36,2026-02-22 20:00:33,CW→CC,2026-02-22,,20166,20166,880,Monedero
5637,2000163769,Coronel,Concepcion,20166,L2,V1,2026-02-22 19:02:44,2026-02-22 20:00:27,CW→CC,2026-02-22,,20166,20166,880,Monedero
5638,2000163997,Concepcion,Mercado,20846,L1,V1,2026-02-22 16:56:02,2026-02-22 17:59:47,HQ→TH,2026-02-22,combo_por_entrada,20846,20846,590,Monedero
5639,2000164096,Laguna Quinenco,Costa Mar,20068,L2,V1,2026-02-22 15:35:53,2026-02-22 16:10:10,CW→CC,2026-02-22,,20068,20068,650,Monedero
5640,2000164096,Laguna Quinenco,Costa Mar,20068,L2,V1,2026-02-22 15:35:58,2026-02-22 16:10:04,CW→CC,2026-02-22,,20068,20068,650,Monedero
5641,2000164096,Costa Mar,Cdal. Raul Silva Henriquez,20171,L2,V1,2026-02-22 21:14:48,2026-02-22 21:34:48,CC→CW,2026-02-22,,20171,20171,430,Monedero
5642,2000164096,Costa Mar,Cdal. Raul Silva Henriquez,20171,L2,V1,2026-02-22 21:14:53,2026-02-22 21:34:45,CC→CW,2026-02-22,,20171,20171,430,Monedero
5643,2000164271,Huinca,Concepcion,20062,L2,V1,2026-02-22 13:41:55,2026-02-22 14:34:10,CW→CC,2026-02-22,,20062,20062,850,Monedero
5644,2000164271,Huinca,Concepcion,20062,L2,V1,2026-02-22 13:42:00,2026-02-22 14:34:06,CW→CC,2026-02-22,,20062,20062,850,Monedero
5645,2000164271,Huinca,Concepcion,20062,L2,V1,2026-02-22 13:42:06,2026-02-22 14:34:01,CW→CC,2026-02-22,,20062,20062,850,Monedero
5646,2000164271,Huinca,Concepcion,20062,L2,V1,2026-02-22 13:42:12,2026-02-22 14:33:54,CW→CC,2026-02-22,,20062,20062,850,Monedero
5647,2000164271,Huinca,Concepcion,20062,L2,V1,2026-02-22 13:42:17,2026-02-22 14:33:50,CW→CC,2026-02-22,,20062,20062,850,Monedero
5648,2000164341,Concepcion,Laguna Quinenco,20153,L2,V1,2026-02-22 08:52:35,2026-02-22 09:59:35,CC→CW,2026-02-22,,20153,20153,880,Monedero
5649,2000164745,Lomas Coloradas,El Parque,20052,L2,V1,2026-02-22 11:39:29,2026-02-22 12:02:49,CW→CC,2026-02-22,,20052,20052,430,Monedero
5650,2000164745,Lomas Coloradas,El Parque,20052,L2,V1,2026-02-22 11:39:36,2026-02-22 12:02:43,CW→CC,2026-02-22,,20052,20052,430,Monedero
5651,2000164745,Lomas Coloradas,El Parque,20052,L2,V1,2026-02-22 11:39:43,2026-02-22 12:02:38,CW→CC,2026-02-22,,20052,20052,430,Monedero
5652,2000164948,Concepcion,Laguna Quinenco,20059,L2,V1,2026-02-22 12:24:47,2026-02-22 14:01:08,CC→CW,2026-02-22,,20059,20059,880,Monedero
5653,2000165028,Los Canelos,Coronel,20059,L2,V1,2026-02-22 13:33:23,2026-02-22 14:05:14,CC→CW,2026-02-22,,20059,20059,530,Monedero
5654,2000165033,Concepcion,Laguna Quinenco,20157,L2,V1,2026-02-22 17:23:20,2026-02-22 18:12:08,CC→CW,2026-02-22,,20157,20157,880,Monedero
5655,2000165614,Concepcion,Juan Pablo II,20059,L2,V1,2026-02-22 13:04:00,2026-02-22 13:27:38,CC→CW,2026-02-22,,20059,20059,570,Monedero
5656,2000165614,Concepcion,Juan Pablo II,20171,L2,V1,2026-02-22 21:01:37,2026-02-22 21:18:01,CC→CW,2026-02-22,,20171,20171,570,Monedero
5657,2000165669,Alborada,Juan Pablo II,20066,L2,V1,2026-02-22 14:32:42,2026-02-22 15:16:07,CW→CC,2026-02-22,,20066,20066,440,Monedero
5658,2000165669,Juan Pablo II,Alborada,20167,L2,V1,2026-02-22 19:57:01,2026-02-22 20:16:51,CC→CW,2026-02-22,,20167,20167,440,Monedero
5659,2000165751,Concepcion,Los Canelos,20161,L2,V1,2026-02-22 18:24:22,2026-02-22 19:37:13,CC→CW,2026-02-22,,20161,20161,850,Monedero
5660,2000166202,Concepcion,Juan Pablo II,20171,L2,V1,2026-02-22 21:01:36,2026-02-22 21:17:07,CC→CW,2026-02-22,,20171,20171,570,Monedero
5661,2000166208,La Leonera,Hualqui,20859,L1,V1,2026-02-22 12:34:22,2026-02-22 13:35:40,TH→HQ,2026-02-22,,20859,20859,500,Monedero
5662,2000166613,Cristo Redentor,Concepcion,20076,L2,V1,2026-02-22 16:44:15,2026-02-22 17:31:34,CW→CC,2026-02-22,,20076,20076,850,Monedero
5663,2000166613,Concepcion,Lomas Coloradas,20171,L2,V1,2026-02-22 20:46:32,2026-02-22 21:34:47,CC→CW,2026-02-22,,20171,20171,570,Monedero
5664,2000166919,Los Canelos,Concepcion,20162,L2,V1,2026-02-22 18:22:42,2026-02-22 19:00:08,CW→CC,2026-02-22,,20162,20162,850,Monedero
5665,2000167199,Lomas Coloradas,Concepcion,20044,L2,V1,2026-02-22 10:24:15,2026-02-22 10:48:23,CW→CC,2026-02-22,,20044,20044,570,Monedero
5666,2000167199,Concepcion,Lomas Coloradas,20163,L2,V1,2026-02-22 18:53:26,2026-02-22 19:23:58,CC→CW,2026-02-22,,20163,20163,570,Monedero
5667,2000167299,Cristo Redentor,Hito Galvarino,20066,L2,V1,2026-02-22 14:42:48,2026-02-22 14:54:46,CW→CC,2026-02-22,,20066,20066,460,Monedero
5668,2000167331,Coronel,Huinca,20068,L2,V1,2026-02-22 15:36:56,2026-02-22 15:49:06,CW→CC,2026-02-22,,20068,20068,450,Monedero
5669,2000167331,Coronel,Huinca,20068,L2,V1,2026-02-22 15:37:00,2026-02-22 15:49:01,CW→CC,2026-02-22,,20068,20068,450,Monedero
5670,2000167682,Costa Mar,Concepcion,20166,L2,V1,2026-02-22 19:34:34,2026-02-22 20:00:34,CW→CC,2026-02-22,,20166,20166,570,Monedero
5671,2000167918,Cristo Redentor,Costa Mar,20052,L2,V1,2026-02-22 11:17:39,2026-02-22 11:47:37,CW→CC,2026-02-22,,20052,20052,630,Monedero
5672,2000168010,Juan Pablo II,Alborada,20171,L2,V1,2026-02-22 21:10:53,2026-02-22 21:22:36,CC→CW,2026-02-22,,20171,20171,440,Monedero
5673,2000168109,El Parque,Huinca,20161,L2,V1,2026-02-22 18:43:36,2026-02-22 19:07:27,CC→CW,2026-02-22,,20161,20161,630,Monedero
5674,2000168134,Juan Pablo II,Cdal. Raul Silva Henriquez,20171,L2,V1,2026-02-22 21:00:23,2026-02-22 21:40:53,CC→CW,2026-02-22,,20171,20171,510,Monedero
5675,2000168134,Juan Pablo II,Cdal. Raul Silva Henriquez,20171,L2,V1,2026-02-22 21:00:50,2026-02-22 21:40:47,CC→CW,2026-02-22,,20171,20171,510,Monedero
5676,2000168679,Cristo Redentor,Laguna Quinenco,20063,L2,V1,2026-02-22 15:05:11,2026-02-22 15:17:34,CC→CW,2026-02-22,,20063,20063,450,Monedero
5677,2000168679,Coronel,Cristo Redentor,20076,L2,V1,2026-02-22 16:37:44,2026-02-22 16:53:53,CW→CC,2026-02-22,,20076,20076,450,Monedero
5678,2000169067,Coronel,Concepcion,20152,L2,V1,2026-02-22 08:22:41,2026-02-22 09:16:49,CW→CC,2026-02-22,,20152,20152,880,Monedero
5679,2000169268,Concepcion,Cdal. Raul Silva Henriquez,20049,L2,V1,2026-02-22 11:29:33,2026-02-22 11:53:54,CC→CW,2026-02-22,,20049,20049,570,Monedero
5680,2000169345,Concepcion,Los Canelos,20153,L2,V1,2026-02-22 09:11:57,2026-02-22 09:52:49,CC→CW,2026-02-22,,20153,20153,850,Monedero
5681,2000169372,Laguna Quinenco,Concepcion,20056,L2,V1,2026-02-22 12:15:26,2026-02-22 13:03:47,CW→CC,2026-02-22,,20056,20056,880,Monedero
5682,2000169372,Concepcion,Cdal. Raul Silva Henriquez,20171,L2,V1,2026-02-22 20:59:37,2026-02-22 21:37:14,CC→CW,2026-02-22,,20171,20171,570,Monedero
5683,2000169393,Costa Mar,Concepcion,20040,L2,V1,2026-02-22 10:06:16,2026-02-22 10:28:12,CW→CC,2026-02-22,,20040,20040,570,Monedero
5684,2000169703,Higueras,Concepcion,20859,L1,V1,2026-02-22 12:30:34,2026-02-22 12:57:44,TH→HQ,2026-02-22,,20859,20859,500,Monedero
5685,2000169751,Concepcion,Higueras,20848,L1,V1,2026-02-22 20:50:32,2026-02-22 21:25:44,HQ→TH,2026-02-22,,20848,20848,500,Monedero
5686,2000169751,Concepcion,Higueras,20848,L1,V1,2026-02-22 20:51:01,2026-02-22 21:25:38,HQ→TH,2026-02-22,,20848,20848,500,Monedero
5687,2000170069,Concepcion,Lomas Coloradas,20059,L2,V1,2026-02-22 12:49:10,2026-02-22 13:41:23,CC→CW,2026-02-22,,20059,20059,570,Monedero
5688,2000170069,Concepcion,Lomas Coloradas,20059,L2,V1,2026-02-22 12:49:14,2026-02-22 13:41:19,CC→CW,2026-02-22,,20059,20059,570,Monedero
5689,2000170240,El Parque,Huinca,20035,L2,V1,2026-02-22 10:13:29,2026-02-22 10:40:24,CC→CW,2026-02-22,,20035,20035,630,Monedero
5690,2000170240,Huinca,El Parque,20076,L2,V1,2026-02-22 16:49:22,2026-02-22 17:12:30,CW→CC,2026-02-22,,20076,20076,630,Monedero
5691,2000170377,Lomas Coloradas,Concepcion,20044,L2,V1,2026-02-22 10:13:44,2026-02-22 10:49:11,CW→CC,2026-02-22,,20044,20044,570,Monedero
5692,2000170377,Lomas Coloradas,Concepcion,20044,L2,V1,2026-02-22 10:13:51,2026-02-22 10:49:05,CW→CC,2026-02-22,,20044,20044,570,Monedero
5693,2000170498,Lomas Coloradas,Concepcion,20068,L2,V1,2026-02-22 15:54:52,2026-02-22 16:25:33,CW→CC,2026-02-22,,20068,20068,570,Monedero
5694,2000170498,Concepcion,Lomas Coloradas,20161,L2,V1,2026-02-22 18:21:31,2026-02-22 18:50:10,CC→CW,2026-02-22,,20161,20161,570,Monedero
5695,2000170624,Concepcion,Los Canelos,20053,L2,V1,2026-02-22 12:04:41,2026-02-22 12:43:27,CC→CW,2026-02-22,,20053,20053,850,Monedero
5696,2000170624,Huinca,Concepcion,20160,L2,V1,2026-02-22 17:31:24,2026-02-22 18:35:12,CW→CC,2026-02-22,,20160,20160,850,Monedero
5697,2000170964,El Parque,Cdal. Raul Silva Henriquez,20167,L2,V1,2026-02-22 20:14:19,2026-02-22 20:29:49,CC→CW,2026-02-22,,20167,20167,430,Monedero
5698,2000171035,Concepcion,Los Canelos,20161,L2,V1,2026-02-22 18:03:20,2026-02-22 19:04:10,CC→CW,2026-02-22,,20161,20161,850,Monedero
5699,2000171443,Concepcion,Hito Galvarino,20069,L2,V1,2026-02-22 16:38:00,2026-02-22 17:14:54,CC→CW,2026-02-22,,20069,20069,850,Monedero
5700,2000171533,Concepcion,Hito Galvarino,20041,L2,V1,2026-02-22 10:18:37,2026-02-22 10:59:20,CC→CW,2026-02-22,,20041,20041,850,Monedero
5701,2000171902,Diagonal Bio Bio,Concepcion,20068,L2,V1,2026-02-22 15:59:59,2026-02-22 16:26:07,CW→CC,2026-02-22,,20068,20068,570,Monedero
5702,2000171902,Diagonal Bio Bio,Concepcion,20068,L2,V1,2026-02-22 16:00:06,2026-02-22 16:26:03,CW→CC,2026-02-22,,20068,20068,570,Monedero
5703,2000172314,Concepcion,Cdal. Raul Silva Henriquez,20167,L2,V1,2026-02-22 19:32:59,2026-02-22 20:30:26,CC→CW,2026-02-22,,20167,20167,570,Monedero
5704,2000172699,Cristo Redentor,Concepcion,20052,L2,V1,2026-02-22 11:07:13,2026-02-22 12:10:19,CW→CC,2026-02-22,,20052,20050,850,Monedero
5705,2000172709,Cristo Redentor,Concepcion,20058,L2,V1,2026-02-22 12:36:47,2026-02-22 13:17:54,CW→CC,2026-02-22,,20058,20058,850,Monedero
5706,2000172709,Concepcion,Cristo Redentor,20069,L2,V1,2026-02-22 16:38:40,2026-02-22 17:25:04,CC→CW,2026-02-22,,20069,20069,850,Monedero
5707,2000173109,Juan Pablo II,Laguna Quinenco,20161,L2,V1,2026-02-22 18:26:31,2026-02-22 19:12:21,CC→CW,2026-02-22,,20161,20161,790,Monedero
5708,2000173154,Cristo Redentor,El Parque,20066,L2,V1,2026-02-22 14:35:38,2026-02-22 15:08:26,CW→CC,2026-02-22,,20066,20066,630,Monedero
5709,2000173154,El Parque,Cristo Redentor,20069,L2,V1,2026-02-22 16:19:18,2026-02-22 17:24:26,CC→CW,2026-02-22,,20069,20069,630,Monedero
5710,2000173172,Cristo Redentor,Alborada,20166,L2,V1,2026-02-22 19:16:34,2026-02-22 19:48:33,CW→CC,2026-02-22,,20166,20166,680,Monedero
5711,2000173176,Coronel,Concepcion,20160,L2,V1,2026-02-22 17:36:13,2026-02-22 18:32:18,CW→CC,2026-02-22,,20160,20160,880,Monedero
5712,2000173441,Concepcion,Laguna Quinenco,20067,L2,V1,2026-02-22 15:28:05,2026-02-22 16:13:10,CC→CW,2026-02-22,,20067,20067,880,Monedero
5713,2000173527,Lomas Coloradas,Concepcion,20066,L2,V1,2026-02-22 14:50:30,2026-02-22 15:23:37,CW→CC,2026-02-22,,20066,20066,570,Monedero
5714,2000173527,Lomas Coloradas,Concepcion,20066,L2,V1,2026-02-22 14:50:35,2026-02-22 15:23:19,CW→CC,2026-02-22,,20066,20066,570,Monedero
5715,2000173536,Concepcion,Cristo Redentor,20149,L2,V1,2026-02-22 08:23:01,2026-02-22 09:09:43,CC→CW,2026-02-22,,20149,20149,850,Monedero
5716,2000174073,Laguna Quinenco,Concepcion,20062,L2,V1,2026-02-22 13:44:26,2026-02-22 14:32:33,CW→CC,2026-02-22,,20062,20062,880,Monedero
5717,2000174213,UTF Santa Maria,Concepcion,20881,L1,V1,2026-02-22 07:53:42,2026-02-22 08:06:26,TH→HQ,2026-02-22,,20881,20881,500,Monedero
5718,2000174213,Concepcion,UTF Santa Maria,20844,L1,V1,2026-02-22 12:41:15,2026-02-22 13:12:47,HQ→TH,2026-02-22,,20844,20844,500,Monedero
5719,2000174287,Los Canelos,El Parque,20068,L2,V1,2026-02-22 15:31:33,2026-02-22 16:07:33,CW→CC,2026-02-22,,20068,20068,610,Monedero
5720,2000174287,El Parque,Los Canelos,20157,L2,V1,2026-02-22 17:48:08,2026-02-22 18:05:32,CC→CW,2026-02-22,,20157,20157,610,Monedero
5721,2000174416,Costa Mar,Laguna Quinenco,20063,L2,V1,2026-02-22 14:44:10,2026-02-22 15:20:14,CC→CW,2026-02-22,,20063,20063,650,Monedero
5722,2000174416,Costa Mar,Laguna Quinenco,20063,L2,V1,2026-02-22 14:44:15,2026-02-22 15:20:09,CC→CW,2026-02-22,,20063,20063,650,Monedero
5723,2000174922,Lomas Coloradas,Concepcion,,,N/A,2026-02-22 20:36:57,2026-02-22 21:03:52,,2026-02-22,sin_combo_factible_en_hub|sin_s1_factible_retro,,,570,Monedero
5724,2000175373,Juan Pablo II,Lomas Coloradas,20157,L2,V1,2026-02-22 17:37:19,2026-02-22 17:55:07,CC→CW,2026-02-22,,20157,20157,510,Monedero
5725,2000175426,Coronel,Concepcion,20166,L2,V1,2026-02-22 19:10:19,2026-02-22 20:00:55,CW→CC,2026-02-22,,20166,20166,880,Monedero
5726,2000175426,Coronel,Concepcion,20166,L2,V1,2026-02-22 19:10:41,2026-02-22 20:00:48,CW→CC,2026-02-22,,20166,20166,880,Monedero
5727,2000175536,Lomas Coloradas,Concepcion,20076,L2,V1,2026-02-22 16:54:54,2026-02-22 17:29:40,CW→CC,2026-02-22,,20076,20076,570,Monedero
5728,2000175585,Lomas Coloradas,Concepcion,20056,L2,V1,2026-02-22 12:29:39,2026-02-22 13:06:37,CW→CC,2026-02-22,,20056,20056,570,Monedero
5729,2000175585,Concepcion,Lomas Coloradas,20161,L2,V1,2026-02-22 18:11:26,2026-02-22 18:49:47,CC→CW,2026-02-22,,20161,20161,570,Monedero
5730,2000175646,Concepcion,Cristo Redentor,20149,L2,V1,2026-02-22 08:22:51,2026-02-22 09:09:35,CC→CW,2026-02-22,,20149,20149,850,Monedero
5731,2000175717,Lomas Coloradas,Laguna Quinenco,20067,L2,V1,2026-02-22 15:42:40,2026-02-22 16:12:34,CC→CW,2026-02-22,,20067,20067,650,Monedero
5732,2000175922,Coronel,Concepcion,20052,L2,V1,2026-02-22 11:15:56,2026-02-22 12:05:29,CW→CC,2026-02-22,,20052,20052,880,Monedero
5733,2000176150,Concepcion,Coronel,20041,L2,V1,2026-02-22 10:26:26,2026-02-22 11:13:02,CC→CW,2026-02-22,,20041,20041,880,Monedero
5734,2000176382,Cristo Redentor,Concepcion,20062,,V2,2026-02-22 13:39:40,2026-02-22 14:23:50,,2026-02-22,sin_combo_factible_en_hub|sin_s1_factible_retro,,20062,850,Monedero
5735,2000176382,Concepcion,Cristo Redentor,20161,L2,V1,2026-02-22 17:41:38,2026-02-22 19:09:20,CC→CW,2026-02-22,,20161,20161,850,Monedero
5736,2000176750,Laguna Quinenco,Hito Galvarino,20062,L2,V1,2026-02-22 13:49:14,2026-02-22 14:04:12,CW→CC,2026-02-22,,20062,20062,530,Monedero
5737,2000177273,Hualqui,Concepcion,20844,L1,V1,2026-02-22 12:15:09,2026-02-22 13:03:16,HQ→TH,2026-02-22,,20844,20844,550,Monedero
5738,2000177657,Alborada,Hito Galvarino,20161,L2,V1,2026-02-22 18:22:58,2026-02-22 19:01:41,CC→CW,2026-02-22,,20161,20161,650,Monedero
5739,2000178038,Cdal. Raul Silva Henriquez,Diagonal Bio Bio,20058,L2,V1,2026-02-22 12:48:07,2026-02-22 13:05:40,CW→CC,2026-02-22,,20058,20058,510,Monedero
5740,2000178295,Concepcion,Coronel,20051,L2,V1,2026-02-22 11:36:29,2026-02-22 12:52:43,CC→CW,2026-02-22,,20051,20049,880,Monedero
5741,2000178560,Los Canelos,Cdal. Raul Silva Henriquez,20166,L2,V1,2026-02-22 19:22:36,2026-02-22 19:37:34,CW→CC,2026-02-22,,20166,20166,610,Monedero
5742,2000178853,Concepcion,Coronel,20069,L2,V1,2026-02-22 16:38:33,2026-02-22 17:30:40,CC→CW,2026-02-22,,20069,20069,880,Monedero
5743,2000178922,Lomas Coloradas,Los Canelos,20163,L2,V1,2026-02-22 19:14:24,2026-02-22 19:37:32,CC→CW,2026-02-22,,20163,20163,610,Monedero
5744,2000178929,El Parque,Lomas Coloradas,20167,L2,V1,2026-02-22 20:01:51,2026-02-22 20:25:47,CC→CW,2026-02-22,,20167,20167,430,Monedero
5745,2000178929,El Parque,Lomas Coloradas,20167,L2,V1,2026-02-22 20:01:56,2026-02-22 20:25:42,CC→CW,2026-02-22,,20167,20167,430,Monedero
5746,2000179288,Costa Mar,Coronel,20063,L2,V1,2026-02-22 14:40:22,2026-02-22 15:20:41,CC→CW,2026-02-22,,20063,20063,650,Monedero
5747,2000179288,Coronel,Costa Mar,20166,L2,V1,2026-02-22 19:12:10,2026-02-22 19:45:39,CW→CC,2026-02-22,,20166,20166,650,Monedero
5748,2000179291,Costa Mar,Laguna Quinenco,20035,L2,V1,2026-02-22 10:03:35,2026-02-22 10:44:41,CC→CW,2026-02-22,,20035,20035,650,Monedero
5749,2000179316,Coronel,Laguna Quinenco,20050,L2,V1,2026-02-22 10:55:24,2026-02-22 11:00:31,CW→CC,2026-02-22,,20050,20050,440,Monedero
5750,2000179331,Concepcion,Huinca,20053,L2,V1,2026-02-22 12:07:36,2026-02-22 12:45:32,CC→CW,2026-02-22,,20053,20053,850,Monedero
5751,2000179353,Concepcion,El Arenal,20850,L1,V2,2026-02-22 10:05:22,2026-02-22 10:25:51,,2026-02-22,sin_combo_factible_en_hub|sin_s1_factible_retro,,20850,540,Monedero
5752,2000179353,El Arenal,Lzo. Arenas,20859,L1,V1,2026-02-22 12:11:27,2026-02-22 12:50:19,TH→HQ,2026-02-22,,20859,20859,540,Monedero
5753,2000179423,Diagonal Bio Bio,Laguna Quinenco,20149,L2,V1,2026-02-22 08:41:29,2026-02-22 09:14:04,CC→CW,2026-02-22,,20149,20149,790,Monedero
5754,2000179423,Laguna Quinenco,Diagonal Bio Bio,20166,L2,V1,2026-02-22 18:37:36,2026-02-22 19:50:44,CW→CC,2026-02-22,,20166,20166,790,Monedero
5755,2000179667,Concepcion,Los Canelos,20035,L2,V1,2026-02-22 09:58:34,2026-02-22 10:37:51,CC→CW,2026-02-22,,20035,20035,850,Monedero
5756,2000179809,Coronel,Concepcion,20044,L2,V1,2026-02-22 09:51:53,2026-02-22 10:48:21,CW→CC,2026-02-22,,20044,20044,880,Monedero
5757,2000180585,Cristo Redentor,Juan Pablo II,20162,L2,V1,2026-02-22 18:01:37,2026-02-22 18:52:50,CW→CC,2026-02-22,,20162,20162,680,Monedero
5758,2000180725,Hito Galvarino,Concepcion,20056,L2,V1,2026-02-22 12:11:36,2026-02-22 13:11:50,CW→CC,2026-02-22,,20056,20056,850,Monedero
5759,2000180725,Concepcion,Lomas Coloradas,20167,L2,V1,2026-02-22 19:41:39,2026-02-22 20:26:23,CC→CW,2026-02-22,,20167,20167,570,Monedero
5760,2000180783,Lomas Coloradas,Los Canelos,20059,L2,V1,2026-02-22 13:35:32,2026-02-22 13:54:15,CC→CW,2026-02-22,,20059,20059,610,Monedero
5761,2000180783,Los Canelos,Lomas Coloradas,20166,L2,V1,2026-02-22 19:21:13,2026-02-22 19:40:22,CW→CC,2026-02-22,,20166,20166,610,Monedero
5762,2000180999,Concepcion,Costa Mar,20167,L2,V1,2026-02-22 19:52:42,2026-02-22 20:17:48,CC→CW,2026-02-22,,20167,20167,570,Monedero
5763,2000181034,La Leonera,Concepcion,20844,L1,V1,2026-02-22 12:22:12,2026-02-22 13:04:03,HQ→TH,2026-02-22,,20844,20844,510,Monedero
5764,2000181249,Lomas Coloradas,Concepcion,20166,L2,V1,2026-02-22 19:03:34,2026-02-22 20:00:37,CW→CC,2026-02-22,,20166,20166,570,Monedero
5765,2000181366,Concepcion,La Leonera,20847,L1,V1,2026-02-22 20:04:42,2026-02-22 20:48:58,TH→HQ,2026-02-22,,20847,20847,510,Monedero
5766,2000181484,Los Canelos,Cristo Redentor,20153,L2,V1,2026-02-22 09:49:17,2026-02-22 09:56:43,CC→CW,2026-02-22,,20153,20153,460,Monedero
5767,2000181519,Lomas Coloradas,Juan Pablo II,20058,L2,V1,2026-02-22 12:52:05,2026-02-22 13:08:55,CW→CC,2026-02-22,,20058,20058,510,Monedero
5768,2000181585,Los Canelos,Laguna Quinenco,,,N/A,2026-02-22 15:19:40,2026-02-22 15:45:48,,2026-02-22,sin_combo_factible_en_hub|sin_s1_factible_retro,,,530,Monedero
5769,2000181626,Concepcion,Concepcion,,,N/A,2026-02-22 10:03:44,2026-02-22 10:04:20,,2026-02-22,no viajo,,,420,Monedero
5770,2000181626,Concepcion,Cristo Redentor,20063,L2,V1,2026-02-22 14:21:41,2026-02-22 15:15:01,CC→CW,2026-02-22,,20063,20063,850,Monedero
5771,2000182064,Lomas Coloradas,El Parque,20056,L2,V1,2026-02-22 12:35:18,2026-02-22 12:44:36,CW→CC,2026-02-22,,20056,20056,430,Monedero
5772,2000182064,El Parque,Lomas Coloradas,20171,L2,V1,2026-02-22 21:04:45,2026-02-22 21:30:35,CC→CW,2026-02-22,,20171,20171,430,Monedero
5773,2000182191,Lomas Coloradas,Concepcion,20068,L2,V1,2026-02-22 16:02:59,2026-02-22 16:24:56,CW→CC,2026-02-22,,20068,20068,570,Monedero
5774,2000182191,Concepcion,Lomas Coloradas,20163,L2,V1,2026-02-22 18:51:31,2026-02-22 19:23:26,CC→CW,2026-02-22,,20163,20163,570,Monedero
5775,2000182600,Lomas Coloradas,Concepcion,20160,L2,V1,2026-02-22 18:01:31,2026-02-22 18:29:30,CW→CC,2026-02-22,,20160,20160,570,Monedero
5776,2000182737,Los Canelos,Concepcion,20062,L2,V1,2026-02-22 13:33:14,2026-02-22 14:34:18,CW→CC,2026-02-22,,20062,20062,850,Monedero
5777,2000182737,Concepcion,Concepcion,,,N/A,2026-02-22 15:04:16,2026-02-22 15:08:52,,2026-02-22,no viajo,,,420,Monedero
5778,2000182835,Cdal. Raul Silva Henriquez,Concepcion,20062,L2,V1,2026-02-22 14:03:39,2026-02-22 14:32:32,CW→CC,2026-02-22,,20062,20062,570,Monedero
5779,2000182847,Concepcion,Cdal. Raul Silva Henriquez,20171,L2,V1,2026-02-22 20:42:06,2026-02-22 21:41:51,CC→CW,2026-02-22,,20171,20171,570,Monedero
5780,2000182968,Concepcion,Cdal. Raul Silva Henriquez,20161,L2,V1,2026-02-22 16:43:58,2026-02-22 18:53:16,CC→CW,2026-02-22,combo_relajado_pase1,20161,20161,600,Monedero
5781,2000183227,El Parque,Hito Galvarino,20063,L2,V1,2026-02-22 14:42:09,2026-02-22 15:07:26,CC→CW,2026-02-22,,20063,20063,610,Monedero
5782,2000183263,Hito Galvarino,Diagonal Bio Bio,20166,L2,V1,2026-02-22 19:19:40,2026-02-22 19:50:33,CW→CC,2026-02-22,,20166,20166,650,Monedero
5783,2000183296,Concepcion,Chiguayante,20845,L1,V1,2026-02-22 15:44:28,2026-02-22 16:41:12,TH→HQ,2026-02-22,combo_por_entrada,20845,20845,900,Monedero
5784,2000183297,Concepcion,Laguna Quinenco,20069,L2,V1,2026-02-22 16:43:23,2026-02-22 17:27:49,CC→CW,2026-02-22,,20069,20069,880,Monedero
5785,2000183400,Pedro Medina,Hualqui,20845,L1,V1,2026-02-22 16:13:07,2026-02-22 17:01:43,TH→HQ,2026-02-22,,20845,20845,500,Monedero
5786,2000183400,Hualqui,Chiguayante,20848,L1,V1,2026-02-22 20:19:02,2026-02-22 20:54:57,HQ→TH,2026-02-22,,20848,20848,500,Monedero
5787,2000183453,Hito Galvarino,Los Canelos,20053,L2,V1,2026-02-22 12:35:08,2026-02-22 12:43:13,CC→CW,2026-02-22,,20053,20053,440,Monedero
5788,2000183529,Concepcion,Concepcion,,,N/A,2026-02-22 09:44:49,2026-02-22 09:45:18,,2026-02-22,no viajo,,,420,Monedero
5789,2000183549,Diagonal Bio Bio,Laguna Quinenco,20163,L2,V1,2026-02-22 19:09:41,2026-02-22 19:43:44,CC→CW,2026-02-22,,20163,20163,790,Monedero
5790,2000183984,Cdal. Raul Silva Henriquez,Cristo Redentor,20163,L2,V1,2026-02-22 19:19:00,2026-02-22 19:41:34,CC→CW,2026-02-22,,20163,20163,630,Monedero
5791,2000183986,UTF Santa Maria,Concepcion,20859,L1,V1,2026-02-22 12:32:16,2026-02-22 12:56:42,TH→HQ,2026-02-22,,20859,20859,500,Monedero
5792,2000183986,UTF Santa Maria,Concepcion,20859,L1,V1,2026-02-22 12:32:26,2026-02-22 12:56:34,TH→HQ,2026-02-22,,20859,20859,500,Monedero
5793,2000184040,Laguna Quinenco,Concepcion,20156,L2,V1,2026-02-22 09:10:55,2026-02-22 10:02:53,CW→CC,2026-02-22,,20156,20156,880,Monedero
5794,2000184077,Costa Mar,Laguna Quinenco,20053,L2,V1,2026-02-22 12:19:35,2026-02-22 12:49:45,CC→CW,2026-02-22,,20053,20053,650,Monedero
5795,2000184117,Lomas Coloradas,Concepcion,20062,L2,V1,2026-02-22 14:09:12,2026-02-22 14:33:12,CW→CC,2026-02-22,,20062,20062,570,Monedero
5796,2000184159,Concepcion,Lomas Coloradas,20049,L2,V1,2026-02-22 11:12:09,2026-02-22 11:52:14,CC→CW,2026-02-22,,20049,20049,570,Monedero
5797,2000184178,La Leonera,Los Condores,20850,L1,V1,2026-02-22 09:32:06,2026-02-22 10:18:07,HQ→TH,2026-02-22,,20850,20850,540,Monedero
5798,2000184178,Los Condores,La Leonera,20859,L1,V1,2026-02-22 12:29:23,2026-02-22 13:17:28,TH→HQ,2026-02-22,,20859,20859,540,Monedero
5799,2000184183,Chiguayante,Higueras,20846,L1,V1,2026-02-22 17:14:29,2026-02-22 17:51:13,HQ→TH,2026-02-22,,20846,20846,540,Monedero
5800,2000184203,Coronel,Alborada,20160,L2,V1,2026-02-22 17:29:34,2026-02-22 18:15:32,CW→CC,2026-02-22,,20160,20160,790,Monedero
5801,2000184395,Costa Mar,Laguna Quinenco,20063,L2,V1,2026-02-22 14:49:31,2026-02-22 15:17:54,CC→CW,2026-02-22,,20063,20063,650,Monedero
5802,2000184411,Diagonal Bio Bio,Concepcion,20066,L2,V1,2026-02-22 14:51:12,2026-02-22 15:24:20,CW→CC,2026-02-22,,20066,20066,570,Monedero
5803,2000184411,Diagonal Bio Bio,Concepcion,20066,L2,V1,2026-02-22 14:51:16,2026-02-22 15:24:11,CW→CC,2026-02-22,,20066,20066,570,Monedero
5804,2000184411,Concepcion,Juan Pablo II,20161,L2,V1,2026-02-22 18:23:07,2026-02-22 18:37:26,CC→CW,2026-02-22,,20161,20161,570,Monedero
5805,2000184411,Concepcion,Juan Pablo II,20161,L2,V1,2026-02-22 18:23:12,2026-02-22 18:37:22,CC→CW,2026-02-22,,20161,20161,570,Monedero
5806,2000184446,Laguna Quinenco,Lomas Coloradas,20040,L2,V1,2026-02-22 09:41:17,2026-02-22 10:02:58,CW→CC,2026-02-22,,20040,20040,650,Monedero
5807,2000184446,Lomas Coloradas,Cdal. Raul Silva Henriquez,20171,L2,V1,2026-02-22 20:54:00,2026-02-22 21:35:48,CC→CW,2026-02-22,,20171,20171,430,Monedero
5808,2000184466,Diagonal Bio Bio,Cdal. Raul Silva Henriquez,20167,L2,V1,2026-02-22 20:11:22,2026-02-22 20:30:26,CC→CW,2026-02-22,,20167,20167,510,Monedero
5809,2000184533,Cdal. Raul Silva Henriquez,El Parque,20160,L2,V1,2026-02-22 18:02:55,2026-02-22 18:14:28,CW→CC,2026-02-22,,20160,20160,430,Monedero
5810,2000184533,Cdal. Raul Silva Henriquez,El Parque,20160,L2,V1,2026-02-22 18:02:59,2026-02-22 18:13:12,CW→CC,2026-02-22,,20160,20160,430,Monedero
5811,2000184533,El Parque,Lomas Coloradas,20167,L2,V1,2026-02-22 20:02:50,2026-02-22 20:25:29,CC→CW,2026-02-22,,20167,20167,430,Monedero
5812,2000184533,El Parque,Lomas Coloradas,20167,L2,V1,2026-02-22 20:02:54,2026-02-22 20:25:15,CC→CW,2026-02-22,,20167,20167,430,Monedero
5813,2000184716,El Parque,Concepcion,20166,L2,V1,2026-02-22 19:37:10,2026-02-22 20:00:58,CW→CC,2026-02-22,,20166,20166,570,Monedero
5814,2000185359,Huinca,Lomas Coloradas,20162,L2,V1,2026-02-22 18:20:37,2026-02-22 18:40:32,CW→CC,2026-02-22,,20162,20162,630,Monedero
5815,2000186235,Concepcion,Laguna Quinenco,20035,L2,V1,2026-02-22 09:57:10,2026-02-22 10:44:44,CC→CW,2026-02-22,,20035,20035,880,Monedero
5816,2000186635,Concepcion,Cristo Redentor,20067,L2,V1,2026-02-22 15:12:11,2026-02-22 16:07:32,CC→CW,2026-02-22,,20067,20067,850,Monedero
5817,2000186745,Cdal. Raul Silva Henriquez,Laguna Quinenco,20059,L2,V1,2026-02-22 13:34:21,2026-02-22 14:01:15,CC→CW,2026-02-22,,20059,20059,650,Monedero
5818,2000186745,Coronel,Cdal. Raul Silva Henriquez,20166,L2,V1,2026-02-22 19:10:19,2026-02-22 19:38:38,CW→CC,2026-02-22,,20166,20166,650,Monedero
5819,2000187076,Diagonal Bio Bio,Los Canelos,20067,L2,V1,2026-02-22 15:32:41,2026-02-22 16:03:38,CC→CW,2026-02-22,,20067,20067,650,Monedero
5820,2000187249,Cristo Redentor,Concepcion,20058,L2,V1,2026-02-22 12:30:23,2026-02-22 13:16:24,CW→CC,2026-02-22,,20058,20058,850,Monedero
5821,2000187346,Los Canelos,Laguna Quinenco,20049,L2,V1,2026-02-22 12:01:35,2026-02-22 12:10:01,CC→CW,2026-02-22,,20049,20049,530,Monedero
5822,2000187393,Los Canelos,Alborada,20056,L2,V1,2026-02-22 12:26:52,2026-02-22 12:48:52,CW→CC,2026-02-22,,20056,20056,650,Monedero
5823,2000187720,Costa Mar,Hito Galvarino,20067,L2,V1,2026-02-22 15:40:55,2026-02-22 15:59:59,CC→CW,2026-02-22,,20067,20067,610,Monedero
5824,2000187740,Coronel,Laguna Quinenco,20062,L2,V1,2026-02-22 13:41:35,2026-02-22 13:54:09,CW→CC,2026-02-22,,20062,20062,440,Monedero
5825,2000187818,Coronel,Concepcion,20162,L2,V1,2026-02-22 18:11:11,2026-02-22 19:00:46,CW→CC,2026-02-22,,20162,20162,880,Monedero
5826,2000187818,Coronel,Concepcion,20162,L2,V1,2026-02-22 18:11:13,2026-02-22 19:00:43,CW→CC,2026-02-22,,20162,20162,880,Monedero
5827,2000187818,Concepcion,Lomas Coloradas,20167,L2,V1,2026-02-22 20:00:41,2026-02-22 20:23:53,CC→CW,2026-02-22,,20167,20167,570,Monedero
5828,2000188096,Concepcion,Lomas Coloradas,20149,L2,V1,2026-02-22 08:20:06,2026-02-22 08:52:07,CC→CW,2026-02-22,,20149,20149,570,Monedero
5829,2000188186,Cdal. Raul Silva Henriquez,Concepcion,20068,L2,V1,2026-02-22 15:54:45,2026-02-22 16:25:39,CW→CC,2026-02-22,,20068,20068,570,Monedero
5830,2000188186,Concepcion,Cdal. Raul Silva Henriquez,20163,L2,V1,2026-02-22 18:47:39,2026-02-22 19:27:46,CC→CW,2026-02-22,,20163,20163,570,Monedero
5831,2000188191,Los Canelos,Diagonal Bio Bio,20058,L2,V1,2026-02-22 12:37:47,2026-02-22 13:05:45,CW→CC,2026-02-22,,20058,20058,650,Monedero
5832,2000188381,Concepcion,Juan Pablo II,20035,L2,V1,2026-02-22 09:39:09,2026-02-22 10:12:01,CC→CW,2026-02-22,,20035,20035,570,Monedero
5833,2000188394,Cdal. Raul Silva Henriquez,Laguna Quinenco,20035,L2,V1,2026-02-22 09:49:51,2026-02-22 10:45:05,CC→CW,2026-02-22,,20035,20153,650,Monedero
5834,2000188580,El Parque,Concepcion,20068,L2,V1,2026-02-22 15:57:53,2026-02-22 16:24:36,CW→CC,2026-02-22,,20068,20068,570,Monedero
5835,2000188888,Concepcion,El Parque,20149,L2,V1,2026-02-22 08:13:14,2026-02-22 08:49:43,CC→CW,2026-02-22,,20149,20149,570,Monedero
5836,2000188888,El Parque,Concepcion,20170,L2,V1,2026-02-22 20:09:49,2026-02-22 21:03:02,CW→CC,2026-02-22,,20170,20170,570,Monedero
5837,2000189107,Huinca,Concepcion,20160,L2,V1,2026-02-22 17:42:33,2026-02-22 18:29:01,CW→CC,2026-02-22,,20160,20160,850,Monedero
5838,2000189167,Laguna Quinenco,Costa Mar,20160,L2,V1,2026-02-22 17:39:54,2026-02-22 18:12:51,CW→CC,2026-02-22,,20160,20160,650,Monedero
5839,2000189279,Cdal. Raul Silva Henriquez,Diagonal Bio Bio,20058,L2,V1,2026-02-22 12:42:25,2026-02-22 13:05:06,CW→CC,2026-02-22,,20058,20056,510,Monedero
5840,2000189279,Diagonal Bio Bio,Cdal. Raul Silva Henriquez,20063,L2,V1,2026-02-22 14:33:26,2026-02-22 15:01:10,CC→CW,2026-02-22,,20063,20063,510,Monedero
5841,2000189279,Cdal. Raul Silva Henriquez,Concepcion,20170,L2,V1,2026-02-22 20:32:39,2026-02-22 21:06:05,CW→CC,2026-02-22,,20170,20170,570,Monedero
5842,2000189282,Cdal. Raul Silva Henriquez,Concepcion,20050,L2,V1,2026-02-22 11:11:54,2026-02-22 11:39:35,CW→CC,2026-02-22,,20050,20050,570,Monedero
5843,2000189373,Los Canelos,Lomas Coloradas,20050,L2,V1,2026-02-22 10:45:20,2026-02-22 11:20:32,CW→CC,2026-02-22,,20050,20050,610,Monedero
5844,2000189373,Lomas Coloradas,Los Canelos,20067,L2,V1,2026-02-22 15:50:09,2026-02-22 16:04:15,CC→CW,2026-02-22,,20067,20067,610,Monedero
5845,2000189544,Concepcion,Laguna Quinenco,20059,L2,V1,2026-02-22 12:27:31,2026-02-22 14:04:08,CC→CW,2026-02-22,combo_por_entrada,20059,20059,900,Monedero
5846,2000189544,Concepcion,Los Condores,20846,L1,V1,2026-02-22 16:37:53,2026-02-22 17:49:56,HQ→TH,2026-02-22,combo_por_entrada,20846,20846,900,Monedero
5847,2000189827,Lomas Coloradas,Concepcion,20050,L2,V1,2026-02-22 10:53:48,2026-02-22 11:42:20,CW→CC,2026-02-22,,20050,20050,570,Monedero
5848,2000189827,Lomas Coloradas,Concepcion,20050,L2,V1,2026-02-22 10:53:53,2026-02-22 11:42:16,CW→CC,2026-02-22,,20050,20050,570,Monedero
5849,2000189827,Concepcion,Lomas Coloradas,20167,L2,V1,2026-02-22 19:28:55,2026-02-22 20:24:13,CC→CW,2026-02-22,,20167,20167,570,Monedero
5850,2000189827,Concepcion,Lomas Coloradas,20167,L2,V1,2026-02-22 19:28:59,2026-02-22 20:24:09,CC→CW,2026-02-22,,20167,20167,570,Monedero
5851,2000190584,El Parque,Concepcion,20062,L2,V1,2026-02-22 14:01:01,2026-02-22 14:32:51,CW→CC,2026-02-22,,20062,20062,570,Monedero
5852,2000190584,El Parque,Concepcion,20062,L2,V1,2026-02-22 14:01:07,2026-02-22 14:32:47,CW→CC,2026-02-22,,20062,20062,570,Monedero
5853,2000190769,Concepcion,Laguna Quinenco,20051,L2,V1,2026-02-22 11:47:40,2026-02-22 12:50:36,CC→CW,2026-02-22,,20051,20051,880,Monedero
5854,2000191036,Cristo Redentor,El Parque,20156,L2,V1,2026-02-22 09:00:46,2026-02-22 09:44:32,CW→CC,2026-02-22,,20156,20156,630,Monedero
5855,2000191036,El Parque,Cristo Redentor,20163,L2,V1,2026-02-22 19:03:47,2026-02-22 19:41:04,CC→CW,2026-02-22,,20163,20163,630,Monedero
5856,2000191132,Concepcion,Cdal. Raul Silva Henriquez,20167,L2,V1,2026-02-22 19:50:47,2026-02-22 20:30:42,CC→CW,2026-02-22,,20167,20167,570,Monedero
5857,2000191168,Alborada,Laguna Quinenco,20161,L2,V1,2026-02-22 18:35:24,2026-02-22 19:12:07,CC→CW,2026-02-22,,20161,20161,790,Monedero
5858,2000191488,Costa Mar,El Parque,20051,L2,V1,2026-02-22 12:02:17,2026-02-22 12:31:11,CC→CW,2026-02-22,,20051,20051,430,Monedero
5859,2000191488,Costa Mar,El Parque,20051,L2,V1,2026-02-22 12:02:25,2026-02-22 12:31:04,CC→CW,2026-02-22,,20051,20051,430,Monedero
5860,2000191488,El Parque,Costa Mar,20062,L2,V1,2026-02-22 13:56:27,2026-02-22 14:19:59,CW→CC,2026-02-22,,20062,20062,430,Monedero
5861,2000191488,El Parque,Costa Mar,20062,L2,V1,2026-02-22 13:56:34,2026-02-22 14:19:51,CW→CC,2026-02-22,,20062,20062,430,Monedero
5862,2000191488,Costa Mar,Concepcion,20076,L2,V1,2026-02-22 17:05:41,2026-02-22 17:29:39,CW→CC,2026-02-22,,20076,20076,570,Monedero
5863,2000191488,Costa Mar,Concepcion,20076,L2,V1,2026-02-22 17:05:49,2026-02-22 17:29:34,CW→CC,2026-02-22,,20076,20076,570,Monedero
5864,2000191488,Concepcion,Costa Mar,20171,L2,V1,2026-02-22 20:43:19,2026-02-22 21:25:33,CC→CW,2026-02-22,,20171,20171,570,Monedero
5865,2000191488,Concepcion,Costa Mar,20171,L2,V1,2026-02-22 20:43:24,2026-02-22 21:25:28,CC→CW,2026-02-22,,20171,20171,570,Monedero
5866,2000191566,Coronel,Juan Pablo II,20040,L2,V1,2026-02-22 09:38:58,2026-02-22 10:15:50,CW→CC,2026-02-22,,20040,20040,790,Monedero
5867,2000191991,Laguna Quinenco,Concepcion,20068,L2,V1,2026-02-22 15:30:33,2026-02-22 16:24:59,CW→CC,2026-02-22,,20068,20068,880,Monedero
5868,2000191991,Concepcion,Cristo Redentor,20163,L2,V1,2026-02-22 18:50:12,2026-02-22 19:41:27,CC→CW,2026-02-22,,20163,20163,850,Monedero
5869,2000192142,Diagonal Bio Bio,Hito Galvarino,20163,L2,V1,2026-02-22 18:51:22,2026-02-22 19:33:11,CC→CW,2026-02-22,,20163,20163,650,Monedero
5870,2000192269,Hito Galvarino,Concepcion,20066,L2,V1,2026-02-22 14:47:06,2026-02-22 15:23:45,CW→CC,2026-02-22,,20066,20066,850,Monedero
5871,2000192359,Coronel,Concepcion,20062,L2,V1,2026-02-22 13:13:50,2026-02-22 14:35:00,CW→CC,2026-02-22,,20062,20062,880,Monedero
5872,2000192772,Cdal. Raul Silva Henriquez,Concepcion,20162,L2,V1,2026-02-22 18:23:34,2026-02-22 19:01:36,CW→CC,2026-02-22,,20162,20162,570,Monedero
5873,2000193049,Concepcion,El Parque,20153,L2,V1,2026-02-22 09:14:27,2026-02-22 09:37:35,CC→CW,2026-02-22,,20153,20153,570,Monedero
5874,2000193049,El Parque,Concepcion,,,N/A,2026-02-22 20:37:09,2026-02-22 21:03:53,,2026-02-22,sin_combo_factible_en_hub|sin_s1_factible_retro,,,570,Monedero
5875,2000193208,Concepcion,Concepcion,,,N/A,2026-02-22 13:54:22,2026-02-22 13:55:47,,2026-02-22,no viajo,,,420,Monedero
5876,2000193381,Concepcion,Concepcion,,,N/A,2026-02-22 16:05:30,2026-02-22 16:32:25,,2026-02-22,no viajo,,,420,Monedero
5877,2000193381,Concepcion,Concepcion,,,N/A,2026-02-22 19:45:58,2026-02-22 19:51:18,,2026-02-22,no viajo,,,420,Monedero
5878,2000193745,Concepcion,Lomas Coloradas,20171,L2,V1,2026-02-22 21:01:47,2026-02-22 21:32:05,CC→CW,2026-02-22,,20171,20171,570,Monedero
5879,2000193763,Concepcion,Costa Mar,20157,L2,V1,2026-02-22 17:21:29,2026-02-22 17:46:52,CC→CW,2026-02-22,,20157,20157,570,Monedero
5880,2000194291,Lomas Coloradas,Concepcion,20068,L2,V1,2026-02-22 15:24:08,2026-02-22 16:25:33,CW→CC,2026-02-22,,20068,20068,570,Monedero
5881,2000194291,Concepcion,Lomas Coloradas,20157,L2,V1,2026-02-22 17:18:35,2026-02-22 17:51:56,CC→CW,2026-02-22,,20157,20157,570,Monedero
5882,2000194302,Concepcion,Alborada,20161,L2,V1,2026-02-22 18:13:30,2026-02-22 18:42:21,CC→CW,2026-02-22,,20161,20161,570,Monedero
5883,2000194655,Los Canelos,Concepcion,20066,L2,V1,2026-02-22 14:43:55,2026-02-22 15:23:41,CW→CC,2026-02-22,,20066,20066,850,Monedero
5884,2000195006,Lomas Coloradas,Concepcion,20160,L2,V1,2026-02-22 17:50:17,2026-02-22 18:33:05,CW→CC,2026-02-22,,20160,20160,570,Monedero
5885,2000195094,Hualqui,Concepcion,20850,L1,V1,2026-02-22 09:23:46,2026-02-22 10:04:34,HQ→TH,2026-02-22,,20850,20850,550,Monedero
5886,2000195094,Concepcion,Hualqui,20845,L1,V1,2026-02-22 16:21:06,2026-02-22 17:00:33,TH→HQ,2026-02-22,,20845,20845,550,Monedero
5887,2000195115,Lomas Coloradas,Concepcion,20162,L2,V1,2026-02-22 18:37:38,2026-02-22 19:00:50,CW→CC,2026-02-22,,20162,20162,570,Monedero
5888,2000195271,Cdal. Raul Silva Henriquez,Concepcion,20160,L2,V1,2026-02-22 17:58:00,2026-02-22 18:30:25,CW→CC,2026-02-22,,20160,20160,570,Monedero
5889,2000195271,Cdal. Raul Silva Henriquez,Concepcion,20160,L2,V1,2026-02-22 17:58:11,2026-02-22 18:30:19,CW→CC,2026-02-22,,20160,20160,570,Monedero
5890,2000195271,Concepcion,Cdal. Raul Silva Henriquez,20171,L2,V1,2026-02-22 20:12:16,2026-02-22 21:36:52,CC→CW,2026-02-22,match_por_salida_fallback,20171,20171,600,Monedero
5891,2000195281,El Parque,Cdal. Raul Silva Henriquez,20069,L2,V1,2026-02-22 16:43:55,2026-02-22 17:09:11,CC→CW,2026-02-22,,20069,20069,430,Monedero
5892,2000195285,Coronel,Cdal. Raul Silva Henriquez,20162,L2,V1,2026-02-22 18:13:44,2026-02-22 18:37:35,CW→CC,2026-02-22,,20162,20162,650,Monedero
5893,2000195478,Lomas Coloradas,Concepcion,20052,L2,V1,2026-02-22 11:40:41,2026-02-22 12:03:18,CW→CC,2026-02-22,,20052,20052,570,Monedero
5894,2000195540,Los Canelos,Juan Pablo II,20156,L2,V1,2026-02-22 09:26:04,2026-02-22 09:54:04,CW→CC,2026-02-22,,20156,20156,650,Monedero
5895,2000195558,Laguna Quinenco,Cdal. Raul Silva Henriquez,20166,L2,V1,2026-02-22 19:00:04,2026-02-22 20:30:39,CW→CC,2026-02-22,,20166,20166,650,Monedero
5896,2000195558,Laguna Quinenco,Cdal. Raul Silva Henriquez,20166,L2,V1,2026-02-22 19:00:11,2026-02-22 20:30:32,CW→CC,2026-02-22,,20166,20166,650,Monedero
5897,2000195561,Hualqui,Concepcion,20844,L1,V1,2026-02-22 11:47:57,2026-02-22 13:04:07,HQ→TH,2026-02-22,,20844,20844,550,Monedero
5898,2000195561,Concepcion,Hualqui,20845,L1,V1,2026-02-22 16:18:10,2026-02-22 17:01:12,TH→HQ,2026-02-22,,20845,20845,550,Monedero
5899,2000195614,Coronel,Diagonal Bio Bio,20160,L2,V1,2026-02-22 17:35:48,2026-02-22 18:17:56,CW→CC,2026-02-22,,20160,20160,790,Monedero
5900,2000195722,Lomas Coloradas,El Parque,20062,L2,V1,2026-02-22 14:09:03,2026-02-22 14:17:19,CW→CC,2026-02-22,,20062,20062,430,Monedero
5901,2000195722,El Parque,Lomas Coloradas,20067,L2,V1,2026-02-22 15:46:08,2026-02-22 15:51:59,CC→CW,2026-02-22,,20067,20067,430,Monedero
5902,2000195822,Cdal. Raul Silva Henriquez,Alborada,20044,L2,V1,2026-02-22 10:21:05,2026-02-22 10:35:09,CW→CC,2026-02-22,,20044,20044,510,Monedero
5903,2000195822,Concepcion,Cdal. Raul Silva Henriquez,20161,L2,V1,2026-02-22 18:29:13,2026-02-22 18:53:40,CC→CW,2026-02-22,,20161,20161,570,Monedero
5904,2000195866,Costa Mar,Concepcion,20068,L2,V1,2026-02-22 15:44:53,2026-02-22 16:27:02,CW→CC,2026-02-22,,20068,20068,570,Monedero
5905,2000195866,Costa Mar,Concepcion,20068,L2,V1,2026-02-22 15:44:57,2026-02-22 16:26:15,CW→CC,2026-02-22,,20068,20068,570,Monedero
5906,2000195866,Costa Mar,Concepcion,20068,L2,V1,2026-02-22 15:45:02,2026-02-22 16:26:11,CW→CC,2026-02-22,,20068,20068,570,Monedero
5907,2000195925,Lomas Coloradas,Los Canelos,20063,L2,V1,2026-02-22 14:52:56,2026-02-22 15:10:58,CC→CW,2026-02-22,,20063,20063,610,Monedero
5908,2000196144,Los Canelos,Concepcion,20062,L2,V1,2026-02-22 12:50:50,2026-02-22 14:33:23,CW→CC,2026-02-22,,20062,20062,850,Monedero
5909,2000196144,Los Canelos,Concepcion,20062,L2,V1,2026-02-22 12:50:59,2026-02-22 14:33:07,CW→CC,2026-02-22,,20062,20062,850,Monedero
5910,2000196674,Huinca,Concepcion,20162,L2,V1,2026-02-22 18:23:34,2026-02-22 19:01:47,CW→CC,2026-02-22,,20162,20162,850,Monedero
5911,2000196674,Concepcion,Cdal. Raul Silva Henriquez,20171,L2,V1,2026-02-22 20:49:04,2026-02-22 21:37:44,CC→CW,2026-02-22,,20171,20171,570,Monedero
5912,2000196750,El Parque,Concepcion,20166,L2,V1,2026-02-22 20:33:56,2026-02-22 20:55:10,CW→CC,2026-02-22,combo_relajado_pase3,20166,20170,510,Monedero
5913,2000196858,Los Canelos,Concepcion,20152,L2,V1,2026-02-22 08:36:35,2026-02-22 09:16:23,CW→CC,2026-02-22,,20152,20152,850,Monedero
5914,2000196858,Concepcion,Los Canelos,20049,L2,V1,2026-02-22 10:46:51,2026-02-22 12:03:25,CC→CW,2026-02-22,,20049,20049,850,Monedero
5915,2000196858,Concepcion,Los Canelos,20049,L2,V1,2026-02-22 10:47:20,2026-02-22 12:03:21,CC→CW,2026-02-22,,20049,20049,850,Monedero
5916,2000197189,Concepcion,Cristo Redentor,20161,L2,V1,2026-02-22 17:40:40,2026-02-22 19:09:20,CC→CW,2026-02-22,,20161,20161,850,Monedero
5917,2000197189,Concepcion,Cristo Redentor,20161,L2,V1,2026-02-22 17:40:47,2026-02-22 19:09:03,CC→CW,2026-02-22,,20161,20161,850,Monedero
5918,2000197357,Coronel,Laguna Quinenco,20056,L2,V1,2026-02-22 12:11:40,2026-02-22 12:22:11,CW→CC,2026-02-22,,20056,20056,440,Monedero
5919,2000197357,Laguna Quinenco,Coronel,20067,L2,V1,2026-02-22 15:57:22,2026-02-22 16:16:17,CC→CW,2026-02-22,,20067,20067,440,Monedero
5920,2000197379,Concepcion,Coronel,20163,L2,V1,2026-02-22 18:53:28,2026-02-22 19:47:10,CC→CW,2026-02-22,,20163,20163,880,Monedero
5921,2000197448,Hito Galvarino,Concepcion,20058,L2,V1,2026-02-22 12:38:09,2026-02-22 13:15:52,CW→CC,2026-02-22,,20058,20058,850,Monedero
5922,2000197448,Concepcion,Concepcion,,,N/A,2026-02-22 17:54:47,2026-02-22 17:55:21,,2026-02-22,no viajo,,,420,Monedero
5923,2000197448,Concepcion,Hito Galvarino,20163,L2,V1,2026-02-22 18:59:12,2026-02-22 19:33:05,CC→CW,2026-02-22,,20163,20163,850,Monedero
5924,2000197711,Juan Pablo II,Cristo Redentor,20161,L2,V1,2026-02-22 18:22:35,2026-02-22 19:10:27,CC→CW,2026-02-22,,20161,20161,680,Monedero
5925,2000197711,Juan Pablo II,Cristo Redentor,20161,L2,V1,2026-02-22 18:22:42,2026-02-22 19:10:16,CC→CW,2026-02-22,,20161,20161,680,Monedero
5926,2000197748,Hito Galvarino,Cristo Redentor,20163,L2,V1,2026-02-22 19:25:36,2026-02-22 19:41:25,CC→CW,2026-02-22,,20163,20163,460,Monedero
5927,2000197780,Cristo Redentor,Concepcion,20068,L2,V1,2026-02-22 15:42:45,2026-02-22 16:25:00,CW→CC,2026-02-22,,20068,20068,850,Monedero
5928,2000197803,Cristo Redentor,Concepcion,20040,L2,V1,2026-02-22 09:35:35,2026-02-22 10:22:37,CW→CC,2026-02-22,,20040,20040,850,Monedero
5929,2000197803,Cristo Redentor,Concepcion,20040,L2,V1,2026-02-22 09:35:43,2026-02-22 10:22:29,CW→CC,2026-02-22,,20040,20040,850,Monedero
5930,2000197976,Juan Pablo II,Costa Mar,20069,L2,V1,2026-02-22 16:35:36,2026-02-22 16:59:37,CC→CW,2026-02-22,,20069,20069,510,Monedero
5931,2000197976,Juan Pablo II,Costa Mar,20069,L2,V1,2026-02-22 16:35:41,2026-02-22 16:59:30,CC→CW,2026-02-22,,20069,20069,510,Monedero
5932,2000198103,Lomas Coloradas,Costa Mar,20068,L2,V1,2026-02-22 16:02:48,2026-02-22 16:09:25,CW→CC,2026-02-22,,20068,20068,430,Monedero
5933,2000198106,Los Canelos,Juan Pablo II,20050,L2,V1,2026-02-22 11:00:41,2026-02-22 11:32:58,CW→CC,2026-02-22,,20050,20050,650,Monedero
5934,2000198106,Juan Pablo II,Lomas Coloradas,20167,L2,V1,2026-02-22 19:39:23,2026-02-22 20:25:46,CC→CW,2026-02-22,,20167,20167,510,Monedero
5935,2000198172,Cristo Redentor,Costa Mar,20166,L2,V1,2026-02-22 19:06:19,2026-02-22 19:45:30,CW→CC,2026-02-22,,20166,20166,630,Monedero
5936,2000198281,Higueras,UTF Santa Maria,20859,L1,V1,2026-02-22 12:35:35,2026-02-22 12:46:19,TH→HQ,2026-02-22,,20859,20859,420,Monedero
5937,2000198399,Concepcion,La Leonera,20859,L1,V1,2026-02-22 12:57:09,2026-02-22 13:19:03,TH→HQ,2026-02-22,,20859,20859,510,Monedero
5938,2000198399,Concepcion,La Leonera,20859,L1,V1,2026-02-22 12:57:20,2026-02-22 13:18:57,TH→HQ,2026-02-22,,20859,20859,510,Monedero
5939,2000198478,Diagonal Bio Bio,Costa Mar,20067,L2,V1,2026-02-22 15:33:40,2026-02-22 15:45:54,CC→CW,2026-02-22,,20067,20067,510,Monedero
5940,2000198478,Costa Mar,Diagonal Bio Bio,20162,L2,V1,2026-02-22 18:18:34,2026-02-22 18:50:34,CW→CC,2026-02-22,,20162,20160,510,Monedero
5941,2000198492,Costa Mar,Cristo Redentor,20041,L2,V1,2026-02-22 10:42:00,2026-02-22 11:07:02,CC→CW,2026-02-22,,20041,20041,630,Monedero
5942,2000198552,Coronel,Cdal. Raul Silva Henriquez,20058,L2,V1,2026-02-22 12:26:47,2026-02-22 12:52:45,CW→CC,2026-02-22,,20058,20058,650,Monedero
5943,2000198552,Cdal. Raul Silva Henriquez,Coronel,20067,L2,V1,2026-02-22 15:46:42,2026-02-22 16:14:59,CC→CW,2026-02-22,,20067,20067,650,Monedero
5944,2000198565,Los Canelos,Costa Mar,20152,L2,V1,2026-02-22 08:41:49,2026-02-22 09:02:01,CW→CC,2026-02-22,,20152,20152,610,Monedero
5945,2000198565,Costa Mar,Los Canelos,20059,L2,V1,2026-02-22 12:59:22,2026-02-22 13:59:39,CC→CW,2026-02-22,,20059,20059,610,Monedero
5946,2000198894,Concepcion,Lomas Coloradas,20167,L2,V1,2026-02-22 19:57:40,2026-02-22 20:26:00,CC→CW,2026-02-22,,20167,20167,570,Monedero
5947,2000198923,Concepcion,Coronel,20161,L2,V1,2026-02-22 17:57:42,2026-02-22 19:15:19,CC→CW,2026-02-22,,20161,20161,880,Monedero
5948,2000199260,Coronel,Concepcion,20040,L2,V1,2026-02-22 09:29:31,2026-02-22 10:21:54,CW→CC,2026-02-22,,20040,20040,880,Monedero
5949,2000199261,Alborada,Concepcion,20076,L2,V1,2026-02-22 16:47:28,2026-02-22 17:29:57,CW→CC,2026-02-22,,20076,20076,570,Monedero
5950,2000199274,Juan Pablo II,Cdal. Raul Silva Henriquez,20167,L2,V1,2026-02-22 20:03:24,2026-02-22 20:28:49,CC→CW,2026-02-22,,20167,20167,510,Monedero
5951,2000199470,Concepcion,Manquimavida,20845,L1,V1,2026-02-22 15:24:09,2026-02-22 16:46:02,TH→HQ,2026-02-22,combo_por_entrada,20845,20845,900,Monedero
5952,2000199634,Concepcion,Laguna Quinenco,20067,L2,V1,2026-02-22 15:28:12,2026-02-22 16:12:26,CC→CW,2026-02-22,,20067,20067,880,Monedero
5953,2000199726,Huinca,Juan Pablo II,20166,L2,V1,2026-02-22 18:51:15,2026-02-22 19:53:06,CW→CC,2026-02-22,,20166,20166,680,Monedero
5954,2000200061,Lomas Coloradas,Diagonal Bio Bio,20152,L2,V1,2026-02-22 08:50:59,2026-02-22 09:06:58,CW→CC,2026-02-22,,20152,20152,510,Monedero
5955,2000200061,Diagonal Bio Bio,Lomas Coloradas,20051,L2,V1,2026-02-22 11:49:04,2026-02-22 12:04:37,CC→CW,2026-02-22,,20051,20051,510,Monedero
5956,2000200290,Concepcion,Cdal. Raul Silva Henriquez,20053,L2,V1,2026-02-22 11:51:22,2026-02-22 12:34:27,CC→CW,2026-02-22,,20053,20051,570,Monedero
5957,2000200290,Costa Mar,Concepcion,20162,L2,V1,2026-02-22 18:30:11,2026-02-22 19:01:36,CW→CC,2026-02-22,,20162,20162,570,Monedero
5958,2000200377,Concepcion,Chiguayante,20845,L1,V1,2026-02-22 16:08:32,2026-02-22 16:41:52,TH→HQ,2026-02-22,,20845,20845,510,Monedero
5959,2000200377,Pedro Medina,Concepcion,20848,L1,V1,2026-02-22 20:44:05,2026-02-22 21:05:30,HQ→TH,2026-02-22,,20848,20848,510,Monedero
5960,2000200598,Los Canelos,Diagonal Bio Bio,20156,L2,V1,2026-02-22 09:21:49,2026-02-22 09:51:41,CW→CC,2026-02-22,,20156,20156,650,Monedero
5961,2000200636,Concepcion,Cristo Redentor,20161,L2,V1,2026-02-22 18:32:25,2026-02-22 19:41:41,CC→CW,2026-02-22,,20161,20161,850,Monedero
5962,2000200664,Laguna Quinenco,Juan Pablo II,20152,L2,V1,2026-02-22 08:26:15,2026-02-22 09:09:30,CW→CC,2026-02-22,,20152,20152,790,Monedero
5963,2000200951,Concepcion,Los Canelos,20157,L2,V1,2026-02-22 17:13:39,2026-02-22 18:04:14,CC→CW,2026-02-22,,20157,20157,850,Monedero
5964,2000200952,Cristo Redentor,Alborada,20166,L2,V1,2026-02-22 19:15:56,2026-02-22 19:48:06,CW→CC,2026-02-22,,20166,20166,680,Monedero
5965,2000201087,Lomas Coloradas,Concepcion,20040,L2,V1,2026-02-22 09:43:37,2026-02-22 10:22:38,CW→CC,2026-02-22,,20040,20156,570,Monedero
5966,2000201087,Concepcion,Lomas Coloradas,20049,L2,V1,2026-02-22 10:51:25,2026-02-22 11:51:33,CC→CW,2026-02-22,,20049,20049,570,Monedero
5967,2000201087,Concepcion,Lomas Coloradas,20049,L2,V1,2026-02-22 10:51:31,2026-02-22 11:51:26,CC→CW,2026-02-22,,20049,20049,570,Monedero
5968,2000201087,Lomas Coloradas,Concepcion,20062,L2,V1,2026-02-22 14:10:13,2026-02-22 14:33:43,CW→CC,2026-02-22,,20062,20062,570,Monedero
5969,2000201089,Costa Mar,Concepcion,20044,L2,V1,2026-02-22 10:25:00,2026-02-22 10:48:28,CW→CC,2026-02-22,,20044,20044,570,Monedero
5970,2000201347,Costa Mar,Concepcion,20162,L2,V1,2026-02-22 18:38:12,2026-02-22 19:00:00,CW→CC,2026-02-22,,20162,20162,570,Monedero
5971,2000201393,Lomas Coloradas,Concepcion,20156,L2,V1,2026-02-22 09:36:54,2026-02-22 10:03:17,CW→CC,2026-02-22,,20156,20156,570,Monedero
5972,2000201393,Lomas Coloradas,Concepcion,20156,L2,V1,2026-02-22 09:37:05,2026-02-22 10:03:13,CW→CC,2026-02-22,,20156,20156,570,Monedero
5973,2000201393,Concepcion,Lomas Coloradas,20059,L2,V1,2026-02-22 12:28:39,2026-02-22 13:41:40,CC→CW,2026-02-22,combo_por_entrada,20059,20059,590,Monedero
5974,2000201393,Concepcion,Lomas Coloradas,20059,L2,V1,2026-02-22 12:28:44,2026-02-22 13:41:34,CC→CW,2026-02-22,combo_por_entrada,20059,20059,590,Monedero
5975,2000201564,Concepcion,Cdal. Raul Silva Henriquez,20171,L2,V1,2026-02-22 20:51:32,2026-02-22 21:36:53,CC→CW,2026-02-22,,20171,20171,570,Monedero
5976,2000201578,Los Canelos,Laguna Quinenco,20049,L2,V1,2026-02-22 11:57:59,2026-02-22 12:10:49,CC→CW,2026-02-22,,20049,20049,530,Monedero
5977,2000201578,Los Canelos,Laguna Quinenco,20049,L2,V1,2026-02-22 11:58:04,2026-02-22 12:10:35,CC→CW,2026-02-22,,20049,20049,530,Monedero
5978,2000201725,Diagonal Bio Bio,Huinca,20063,L2,V1,2026-02-22 14:39:31,2026-02-22 15:12:43,CC→CW,2026-02-22,,20063,20063,680,Monedero
5979,2000201786,Diagonal Bio Bio,Los Canelos,20149,L2,V1,2026-02-22 08:34:38,2026-02-22 09:11:42,CC→CW,2026-02-22,,20149,20149,650,Monedero
5980,2000201786,Diagonal Bio Bio,Los Canelos,20149,L2,V1,2026-02-22 08:34:44,2026-02-22 09:11:36,CC→CW,2026-02-22,,20149,20149,650,Monedero
5981,2000201786,Diagonal Bio Bio,Los Canelos,20149,L2,V1,2026-02-22 08:34:50,2026-02-22 09:11:30,CC→CW,2026-02-22,,20149,20149,650,Monedero
5982,2000201786,Los Canelos,Diagonal Bio Bio,20066,L2,V1,2026-02-22 14:41:34,2026-02-22 15:14:20,CW→CC,2026-02-22,,20066,20066,650,Monedero
5983,2000201786,Los Canelos,Diagonal Bio Bio,20066,L2,V1,2026-02-22 14:41:38,2026-02-22 15:14:15,CW→CC,2026-02-22,,20066,20066,650,Monedero
5984,2000201786,Los Canelos,Diagonal Bio Bio,20066,L2,V1,2026-02-22 14:41:43,2026-02-22 15:14:10,CW→CC,2026-02-22,,20066,20066,650,Monedero
5985,2000201802,Juan Pablo II,Costa Mar,20163,L2,V1,2026-02-22 19:07:23,2026-02-22 19:17:46,CC→CW,2026-02-22,,20163,20163,510,Monedero
5986,2000201954,Huinca,Costa Mar,20166,L2,V1,2026-02-22 19:19:46,2026-02-22 19:45:41,CW→CC,2026-02-22,,20166,20166,630,Monedero
5987,2000201982,Concepcion,Costa Mar,20161,L2,V1,2026-02-22 18:09:32,2026-02-22 18:44:16,CC→CW,2026-02-22,,20161,20161,570,Monedero
5988,2000202141,Cristo Redentor,Huinca,20152,L2,V1,2026-02-22 08:23:37,2026-02-22 08:41:38,CW→CC,2026-02-22,,20152,20152,440,Monedero
5989,2000202317,Coronel,Concepcion,20062,L2,V1,2026-02-22 13:13:27,2026-02-22 14:34:50,CW→CC,2026-02-22,,20062,20062,880,Monedero
5990,2000202317,Coronel,Concepcion,20062,L2,V1,2026-02-22 13:13:35,2026-02-22 14:34:46,CW→CC,2026-02-22,,20062,20062,880,Monedero
5991,2000202359,Coronel,Concepcion,20152,L2,V1,2026-02-22 08:22:57,2026-02-22 09:16:08,CW→CC,2026-02-22,,20152,20152,880,Monedero
5992,2000202359,Concepcion,Costa Mar,20067,L2,V1,2026-02-22 15:19:00,2026-02-22 15:46:03,CC→CW,2026-02-22,,20067,20067,570,Monedero
5993,2000202384,Concepcion,Laguna Quinenco,20163,L2,V1,2026-02-22 18:48:06,2026-02-22 19:44:02,CC→CW,2026-02-22,,20163,20163,880,Monedero
5994,2000202412,Laguna Quinenco,Coronel,20163,L2,V1,2026-02-22 19:32:26,2026-02-22 19:47:57,CC→CW,2026-02-22,,20163,20163,440,Monedero
5995,2000202554,Hito Galvarino,Concepcion,20160,L2,V1,2026-02-22 17:56:50,2026-02-22 18:30:56,CW→CC,2026-02-22,,20160,20160,850,Monedero
5996,2000202613,Cristo Redentor,Concepcion,20056,L2,V1,2026-02-22 12:15:33,2026-02-22 13:03:34,CW→CC,2026-02-22,,20056,20056,850,Monedero
5997,2000202613,Concepcion,Los Canelos,20163,L2,V1,2026-02-22 18:58:11,2026-02-22 19:36:09,CC→CW,2026-02-22,,20163,20163,850,Monedero
5998,2000202710,Lomas Coloradas,Coronel,20149,L2,V1,2026-02-22 08:47:54,2026-02-22 09:15:08,CC→CW,2026-02-22,,20149,20149,650,Monedero
5999,2000202822,Cristo Redentor,Concepcion,20058,L2,V1,2026-02-22 12:31:11,2026-02-22 13:17:21,CW→CC,2026-02-22,,20058,20058,850,Monedero
6000,2000202822,Concepcion,Cristo Redentor,20161,L2,V1,2026-02-22 17:41:02,2026-02-22 19:09:24,CC→CW,2026-02-22,,20161,20161,850,Monedero
6001,2000203055,Cristo Redentor,Concepcion,20056,L2,V1,2026-02-22 12:24:32,2026-02-22 13:16:32,CW→CC,2026-02-22,,20056,20056,850,Monedero
6002,2000203055,Concepcion,Lomas Coloradas,20167,L2,V1,2026-02-22 19:50:44,2026-02-22 20:25:03,CC→CW,2026-02-22,,20167,20167,570,Monedero
6003,2000203248,Concepcion,Cristo Redentor,20157,L2,V1,2026-02-22 17:08:44,2026-02-22 18:09:39,CC→CW,2026-02-22,,20157,20157,850,Monedero
6004,2000203322,Los Canelos,Concepcion,20058,L2,V1,2026-02-22 12:38:33,2026-02-22 13:15:34,CW→CC,2026-02-22,,20058,20058,850,Monedero
6005,2000203756,Diagonal Bio Bio,Cdal. Raul Silva Henriquez,20149,L2,V1,2026-02-22 08:28:10,2026-02-22 08:55:43,CC→CW,2026-02-22,,20149,20149,510,Monedero
6006,2000203756,Concepcion,Cdal. Raul Silva Henriquez,20171,L2,V1,2026-02-22 20:49:00,2026-02-22 21:34:40,CC→CW,2026-02-22,,20171,20171,570,Monedero
6007,2000203795,Cdal. Raul Silva Henriquez,Concepcion,20068,L2,V1,2026-02-22 15:55:21,2026-02-22 16:29:43,CW→CC,2026-02-22,,20068,20068,570,Monedero
6008,2000203795,Cdal. Raul Silva Henriquez,Concepcion,20068,L2,V1,2026-02-22 15:55:25,2026-02-22 16:29:34,CW→CC,2026-02-22,,20068,20068,570,Monedero
6009,2000204014,El Parque,Los Canelos,20069,L2,V1,2026-02-22 16:43:19,2026-02-22 17:19:07,CC→CW,2026-02-22,,20069,20069,610,Monedero
6010,2000204271,Laguna Quinenco,Concepcion,20056,L2,V1,2026-02-22 11:54:32,2026-02-22 13:05:18,CW→CC,2026-02-22,,20056,20056,880,Monedero
6011,2000204271,Concepcion,El Parque,20067,L2,V1,2026-02-22 14:45:58,2026-02-22 15:49:04,CC→CW,2026-02-22,,20067,20067,570,Monedero
6012,2000204271,Concepcion,El Parque,20067,L2,V1,2026-02-22 14:46:03,2026-02-22 15:49:00,CC→CW,2026-02-22,,20067,20067,570,Monedero
6013,2000204271,Concepcion,El Parque,20067,L2,V1,2026-02-22 14:46:08,2026-02-22 15:48:55,CC→CW,2026-02-22,,20067,20067,570,Monedero
6014,2000204271,El Parque,Laguna Quinenco,20069,L2,V1,2026-02-22 16:43:33,2026-02-22 17:26:46,CC→CW,2026-02-22,,20069,20069,650,Monedero
6015,2000204271,El Parque,Laguna Quinenco,20069,L2,V1,2026-02-22 16:43:38,2026-02-22 17:26:43,CC→CW,2026-02-22,,20069,20069,650,Monedero
6016,2000204271,El Parque,Laguna Quinenco,20069,L2,V1,2026-02-22 16:43:43,2026-02-22 17:26:38,CC→CW,2026-02-22,,20069,20069,650,Monedero
6017,2000204369,Costa Mar,Los Canelos,20069,L2,V1,2026-02-22 16:51:12,2026-02-22 17:19:17,CC→CW,2026-02-22,,20069,20069,610,Monedero
6018,2000204425,Huinca,Concepcion,20068,L2,V1,2026-02-22 15:43:40,2026-02-22 16:24:50,CW→CC,2026-02-22,,20068,20068,850,Monedero
6019,2000204436,Huinca,Diagonal Bio Bio,20058,L2,V1,2026-02-22 12:36:22,2026-02-22 13:06:01,CW→CC,2026-02-22,,20058,20058,680,Monedero
6020,2000204436,Diagonal Bio Bio,Cdal. Raul Silva Henriquez,20171,L2,V1,2026-02-22 20:46:53,2026-02-22 21:38:21,CC→CW,2026-02-22,,20171,20171,510,Monedero
6021,2000204551,Concepcion,Concepcion,,,N/A,2026-02-22 15:09:50,2026-02-22 15:12:58,,2026-02-22,no viajo,,,420,Monedero
6022,2000204615,Cdal. Raul Silva Henriquez,Concepcion,20052,L2,V1,2026-02-22 11:37:43,2026-02-22 12:02:07,CW→CC,2026-02-22,,20052,20052,570,Monedero
6023,2000204846,Huinca,Juan Pablo II,20166,L2,V1,2026-02-22 18:51:36,2026-02-22 19:53:02,CW→CC,2026-02-22,,20166,20166,680,Monedero
6024,2000204986,Lomas Coloradas,Concepcion,20066,L2,V1,2026-02-22 14:49:06,2026-02-22 15:25:02,CW→CC,2026-02-22,,20066,20066,570,Monedero
6025,2000204986,Concepcion,Lomas Coloradas,20157,L2,V1,2026-02-22 17:20:02,2026-02-22 17:52:49,CC→CW,2026-02-22,,20157,20157,570,Monedero
6026,2000205002,Lomas Coloradas,Concepcion,20050,L2,V1,2026-02-22 11:15:15,2026-02-22 11:39:48,CW→CC,2026-02-22,,20050,20050,570,Monedero
6027,2000205027,Diagonal Bio Bio,Los Canelos,20069,L2,V1,2026-02-22 16:00:10,2026-02-22 17:19:13,CC→CW,2026-02-22,,20069,20069,650,Monedero
6028,2000205169,Coronel,Concepcion,20062,L2,V1,2026-02-22 13:44:36,2026-02-22 14:36:55,CW→CC,2026-02-22,,20062,20062,880,Monedero
6029,2000205169,Coronel,Concepcion,20062,L2,V1,2026-02-22 13:44:41,2026-02-22 14:36:50,CW→CC,2026-02-22,,20062,20062,880,Monedero
6030,2000205211,Cristo Redentor,Concepcion,20066,L2,V1,2026-02-22 14:38:34,2026-02-22 15:23:41,CW→CC,2026-02-22,,20066,20066,850,Monedero
6031,2000205215,Los Canelos,Concepcion,20152,L2,V1,2026-02-22 08:39:28,2026-02-22 09:27:48,CW→CC,2026-02-22,,20152,20152,850,Monedero
6032,2000205215,Los Canelos,Concepcion,20152,L2,V1,2026-02-22 08:39:34,2026-02-22 09:27:42,CW→CC,2026-02-22,,20152,20152,850,Monedero
6033,2000205215,Concepcion,Los Canelos,20059,L2,V1,2026-02-22 13:04:11,2026-02-22 13:57:12,CC→CW,2026-02-22,,20059,20059,850,Monedero
6034,2000205215,Concepcion,Los Canelos,20059,L2,V1,2026-02-22 13:04:15,2026-02-22 13:57:09,CC→CW,2026-02-22,,20059,20059,850,Monedero
6035,2000205265,Huinca,Concepcion,20068,L2,V1,2026-02-22 15:29:32,2026-02-22 16:25:43,CW→CC,2026-02-22,,20068,20068,850,Monedero
6036,2000205266,Concepcion,Coronel,20163,L2,V1,2026-02-22 18:59:08,2026-02-22 19:47:04,CC→CW,2026-02-22,,20163,20163,880,Monedero
6037,2000205336,Hualqui,Concepcion,20846,L1,V1,2026-02-22 17:00:15,2026-02-22 17:38:55,HQ→TH,2026-02-22,,20846,20846,550,Monedero
6038,2000205358,Huinca,Concepcion,20160,L2,V1,2026-02-22 17:31:19,2026-02-22 18:29:27,CW→CC,2026-02-22,,20160,20160,850,Monedero
6039,2000205385,Lomas Coloradas,Cdal. Raul Silva Henriquez,20170,L2,V1,2026-02-22 20:10:28,2026-02-22 20:33:05,CC→CW,2026-02-22,,20170,20167,430,Monedero
6040,2000205421,Concepcion,Hualqui,20845,L1,V1,2026-02-22 16:21:43,2026-02-22 17:00:24,TH→HQ,2026-02-22,,20845,20845,550,Monedero
6041,2000205458,Concepcion,Lomas Coloradas,20049,L2,V1,2026-02-22 11:24:09,2026-02-22 11:51:18,CC→CW,2026-02-22,,20049,20049,570,Monedero
6042,2000205465,El Parque,Laguna Quinenco,20053,L2,V1,2026-02-22 12:25:47,2026-02-22 12:49:36,CC→CW,2026-02-22,,20053,20053,650,Monedero
6043,2000205683,Concepcion,Alborada,20171,L2,V1,2026-02-22 20:52:28,2026-02-22 21:22:22,CC→CW,2026-02-22,,20171,20171,570,Monedero
6044,2000205688,Costa Mar,Lomas Coloradas,20167,L2,V1,2026-02-22 20:04:07,2026-02-22 20:25:05,CC→CW,2026-02-22,,20167,20167,430,Monedero
6045,2000205751,Juan Pablo II,Los Canelos,20059,L2,V1,2026-02-22 13:19:07,2026-02-22 13:54:27,CC→CW,2026-02-22,,20059,20059,650,Monedero
6046,2000205800,Concepcion,Lzo. Arenas,20846,L1,V1,2026-02-22 16:52:28,2026-02-22 17:41:42,HQ→TH,2026-02-22,,20846,20846,420,Monedero
6047,2000205800,Concepcion,Lzo. Arenas,20846,L1,V1,2026-02-22 16:52:34,2026-02-22 17:41:37,HQ→TH,2026-02-22,,20846,20846,420,Monedero
6048,2000205827,Coronel,Laguna Quinenco,20160,L2,V1,2026-02-22 17:14:06,2026-02-22 17:49:02,CW→CC,2026-02-22,,20160,20160,440,Monedero
6049,2000205827,Coronel,Laguna Quinenco,20160,L2,V1,2026-02-22 17:14:11,2026-02-22 17:48:57,CW→CC,2026-02-22,,20160,20160,440,Monedero
6050,2000205827,Coronel,Laguna Quinenco,20160,L2,V1,2026-02-22 17:14:16,2026-02-22 17:48:51,CW→CC,2026-02-22,,20160,20160,440,Monedero
6051,2000205827,Laguna Quinenco,Coronel,20161,L2,V1,2026-02-22 18:55:09,2026-02-22 19:15:19,CC→CW,2026-02-22,,20161,20161,440,Monedero
6052,2000205827,Laguna Quinenco,Coronel,20161,L2,V1,2026-02-22 18:55:16,2026-02-22 19:15:15,CC→CW,2026-02-22,,20161,20161,440,Monedero
6053,2000205827,Laguna Quinenco,Coronel,20161,L2,V1,2026-02-22 18:55:21,2026-02-22 19:15:10,CC→CW,2026-02-22,,20161,20161,440,Monedero
6054,2000205925,Concepcion,Cristo Redentor,20059,L2,V1,2026-02-22 13:20:24,2026-02-22 13:58:28,CC→CW,2026-02-22,,20059,20059,850,Monedero
6055,2000205954,Costa Mar,Coronel,20157,L2,V1,2026-02-22 17:41:30,2026-02-22 18:15:34,CC→CW,2026-02-22,,20157,20157,650,Monedero
6056,2000206123,Costa Mar,Juan Pablo II,20160,L2,V1,2026-02-22 17:52:48,2026-02-22 18:21:17,CW→CC,2026-02-22,,20160,20160,510,Monedero
6057,2000206137,Concepcion,Costa Mar,20069,L2,V1,2026-02-22 16:07:24,2026-02-22 16:59:53,CC→CW,2026-02-22,,20069,20069,570,Monedero
6058,2000206144,Costa Mar,Cristo Redentor,20161,L2,V1,2026-02-22 18:38:37,2026-02-22 19:09:10,CC→CW,2026-02-22,,20161,20161,630,Monedero
6059,2000206176,Lomas Coloradas,Concepcion,20068,L2,V1,2026-02-22 15:26:02,2026-02-22 16:25:37,CW→CC,2026-02-22,,20068,20068,570,Monedero
6060,2000206211,Hito Galvarino,Lomas Coloradas,20160,L2,V1,2026-02-22 17:24:01,2026-02-22 18:07:48,CW→CC,2026-02-22,,20160,20160,610,Monedero
6061,2000206320,Juan Pablo II,Cristo Redentor,20157,L2,V1,2026-02-22 17:26:34,2026-02-22 18:09:48,CC→CW,2026-02-22,,20157,20157,680,Monedero
6062,2000206338,Juan Pablo II,Laguna Quinenco,20067,L2,V1,2026-02-22 15:35:51,2026-02-22 16:11:27,CC→CW,2026-02-22,,20067,20067,790,Monedero
6063,2000206756,Concepcion,Coronel,20063,L2,V1,2026-02-22 14:24:10,2026-02-22 15:20:29,CC→CW,2026-02-22,,20063,20063,880,Monedero
6064,2000206756,Coronel,Concepcion,20162,L2,V1,2026-02-22 18:00:00,2026-02-22 19:00:52,CW→CC,2026-02-22,,20162,20162,880,Monedero
6065,2000206802,Concepcion,Hualqui,20847,L1,V1,2026-02-22 19:02:58,2026-02-22 21:01:40,TH→HQ,2026-02-22,combo_por_entrada,20847,20847,970,Monedero
6066,2000206883,Concepcion,Cristo Redentor,20049,L2,V1,2026-02-22 11:03:16,2026-02-22 12:08:04,CC→CW,2026-02-22,,20049,20049,850,Monedero
6067,2000206883,Cristo Redentor,Concepcion,20062,L2,V1,2026-02-22 13:43:15,2026-02-22 14:34:41,CW→CC,2026-02-22,,20062,20062,850,Monedero
6068,2000207251,Cristo Redentor,Laguna Quinenco,20059,L2,V1,2026-02-22 13:54:58,2026-02-22 14:04:14,CC→CW,2026-02-22,,20059,20059,450,Monedero
6069,2000207251,Cristo Redentor,Laguna Quinenco,20059,L2,V1,2026-02-22 13:55:04,2026-02-22 14:04:08,CC→CW,2026-02-22,,20059,20059,450,Monedero
6070,2000207530,Cdal. Raul Silva Henriquez,Concepcion,20076,L2,V1,2026-02-22 17:00:45,2026-02-22 17:30:31,CW→CC,2026-02-22,,20076,20076,570,Monedero
6071,2000207826,Concepcion,Coronel,20049,L2,V1,2026-02-22 11:11:53,2026-02-22 12:13:43,CC→CW,2026-02-22,,20049,20049,880,Monedero
6072,2000207937,Coronel,Concepcion,20062,L2,V1,2026-02-22 13:31:05,2026-02-22 14:34:15,CW→CC,2026-02-22,,20062,20062,880,Monedero
6073,2000207937,Concepcion,Coronel,20161,L2,V1,2026-02-22 18:25:21,2026-02-22 19:15:50,CC→CW,2026-02-22,,20161,20161,880,Monedero
6074,2000208223,Concepcion,Los Canelos,20053,L2,V1,2026-02-22 12:00:51,2026-02-22 12:42:54,CC→CW,2026-02-22,,20053,20053,850,Monedero
6075,2000208330,Alborada,Laguna Quinenco,20035,L2,V1,2026-02-22 10:13:50,2026-02-22 10:45:02,CC→CW,2026-02-22,,20035,20035,790,Monedero
6076,2000208341,Laguna Quinenco,Concepcion,20166,L2,V1,2026-02-22 19:06:57,2026-02-22 20:00:42,CW→CC,2026-02-22,,20166,20166,880,Monedero
6077,2000208442,Hito Galvarino,Concepcion,20068,L2,V1,2026-02-22 15:51:05,2026-02-22 16:27:13,CW→CC,2026-02-22,,20068,20068,850,Monedero
6078,2000208461,Higueras,Manquimavida,20847,L1,V1,2026-02-22 20:08:13,2026-02-22 20:46:07,TH→HQ,2026-02-22,,20847,20847,540,Monedero
6079,2000208806,Cristo Redentor,Concepcion,20160,L2,V1,2026-02-22 17:45:00,2026-02-22 18:30:33,CW→CC,2026-02-22,,20160,20160,850,Monedero
6080,2000208881,Concepcion,Lomas Coloradas,20153,L2,V1,2026-02-22 09:21:35,2026-02-22 10:24:55,CC→CW,2026-02-22,,20153,20153,570,Monedero
6081,2000208881,Lomas Coloradas,Concepcion,20062,L2,V1,2026-02-22 13:50:16,2026-02-22 14:34:37,CW→CC,2026-02-22,,20062,20062,570,Monedero
6082,2000208891,Lzo. Arenas,Hualqui,20845,L1,V1,2026-02-22 16:12:21,2026-02-22 17:02:45,TH→HQ,2026-02-22,,20845,20845,550,Monedero
6083,2000208911,Los Canelos,Concepcion,20156,L2,V1,2026-02-22 09:16:09,2026-02-22 10:09:56,CW→CC,2026-02-22,,20156,20156,850,Monedero
6084,2000208911,Concepcion,Cdal. Raul Silva Henriquez,20167,L2,V1,2026-02-22 19:35:54,2026-02-22 20:31:19,CC→CW,2026-02-22,,20167,20167,570,Monedero
6085,2000208911,Concepcion,Cdal. Raul Silva Henriquez,20167,L2,V1,2026-02-22 19:36:00,2026-02-22 20:31:16,CC→CW,2026-02-22,,20167,20167,570,Monedero
6086,2000209031,Cristo Redentor,Concepcion,20160,L2,V1,2026-02-22 17:30:05,2026-02-22 18:28:46,CW→CC,2026-02-22,,20160,20160,850,Monedero
6087,2000209137,Hito Galvarino,Concepcion,20152,L2,V1,2026-02-22 09:23:51,2026-02-22 10:21:08,CW→CC,2026-02-22,combo_relajado_pase2,20152,20850,870,Monedero
6088,2000209137,Concepcion,Hito Galvarino,20161,L2,V1,2026-02-22 18:11:04,2026-02-22 18:59:30,CC→CW,2026-02-22,,20161,20161,850,Monedero
6089,2000209242,Huinca,Concepcion,20068,L2,V1,2026-02-22 15:19:32,2026-02-22 16:27:24,CW→CC,2026-02-22,,20068,20068,850,Monedero
6090,2000209242,Concepcion,Lomas Coloradas,20167,L2,V1,2026-02-22 19:51:44,2026-02-22 20:26:22,CC→CW,2026-02-22,,20167,20167,570,Monedero
6091,2000209398,Laguna Quinenco,Concepcion,20062,L2,V1,2026-02-22 12:51:01,2026-02-22 14:33:38,CW→CC,2026-02-22,,20062,20062,880,Monedero
6092,2000209398,Laguna Quinenco,Concepcion,20062,L2,V1,2026-02-22 12:51:07,2026-02-22 14:33:33,CW→CC,2026-02-22,,20062,20062,880,Monedero
6093,2000209398,Laguna Quinenco,Concepcion,20062,L2,V1,2026-02-22 12:51:09,2026-02-22 14:33:28,CW→CC,2026-02-22,,20062,20062,880,Monedero
6094,2000209399,Concepcion,Huinca,20049,L2,V1,2026-02-22 11:26:02,2026-02-22 12:06:12,CC→CW,2026-02-22,,20049,20049,850,Monedero
6095,2000209413,Laguna Quinenco,Concepcion,20068,L2,V1,2026-02-22 15:32:45,2026-02-22 16:25:03,CW→CC,2026-02-22,,20068,20068,880,Monedero
6096,2000209413,Concepcion,Cristo Redentor,20163,L2,V1,2026-02-22 18:50:27,2026-02-22 19:41:39,CC→CW,2026-02-22,,20163,20163,850,Monedero
6097,2000209769,Los Canelos,Concepcion,20162,L2,V1,2026-02-22 18:17:13,2026-02-22 19:00:26,CW→CC,2026-02-22,,20162,20162,850,Monedero
6098,2000209876,Concepcion,El Parque,20035,L2,V1,2026-02-22 09:46:41,2026-02-22 10:22:33,CC→CW,2026-02-22,,20035,20035,570,Monedero
6099,2000209876,El Parque,Concepcion,20056,L2,V1,2026-02-22 12:41:44,2026-02-22 13:04:21,CW→CC,2026-02-22,,20056,20056,570,Monedero
6100,2000210136,Los Canelos,Concepcion,20062,L2,V1,2026-02-22 13:35:12,2026-02-22 14:33:45,CW→CC,2026-02-22,,20062,20062,850,Monedero
6101,2000210307,Cristo Redentor,Concepcion,20166,L2,V1,2026-02-22 19:05:10,2026-02-22 20:02:13,CW→CC,2026-02-22,,20166,20166,850,Monedero
6102,2000210787,Laguna Quinenco,Hito Galvarino,20062,L2,V1,2026-02-22 13:49:20,2026-02-22 14:04:19,CW→CC,2026-02-22,,20062,20062,530,Monedero
6103,2000210989,Concepcion,El Parque,20069,L2,V1,2026-02-22 16:23:42,2026-02-22 17:03:04,CC→CW,2026-02-22,,20069,20069,570,Monedero
6104,2000210989,Concepcion,Higueras,20848,L1,V1,2026-02-22 20:44:00,2026-02-22 21:26:30,HQ→TH,2026-02-22,combo_relajado_pase1,20848,20848,590,Monedero
6105,2000211006,Lomas Coloradas,Alborada,20044,L2,V1,2026-02-22 10:19:23,2026-02-22 10:35:56,CW→CC,2026-02-22,,20044,20044,510,Monedero
6106,2000211086,Cristo Redentor,Concepcion,20058,L2,V1,2026-02-22 12:36:31,2026-02-22 13:16:42,CW→CC,2026-02-22,,20058,20058,850,Monedero
6107,2000211205,Los Canelos,Coronel,20163,L2,V1,2026-02-22 19:28:09,2026-02-22 19:46:41,CC→CW,2026-02-22,,20163,20163,530,Monedero
6108,2000211230,Huinca,Concepcion,20062,L2,V1,2026-02-22 13:48:26,2026-02-22 14:35:39,CW→CC,2026-02-22,,20062,20062,850,Monedero
6109,2000211230,Concepcion,Huinca,20163,L2,V1,2026-02-22 18:42:53,2026-02-22 19:40:34,CC→CW,2026-02-22,,20163,20163,850,Monedero
6110,2000211332,Hito Galvarino,Concepcion,20152,L2,V1,2026-02-22 08:29:17,2026-02-22 09:16:37,CW→CC,2026-02-22,,20152,20152,850,Monedero
6111,2000211332,Concepcion,Cdal. Raul Silva Henriquez,20171,L2,V1,2026-02-22 20:56:49,2026-02-22 21:34:52,CC→CW,2026-02-22,,20171,20171,570,Monedero
6112,2000211385,Concepcion,Los Canelos,20161,L2,V1,2026-02-22 18:09:24,2026-02-22 19:03:35,CC→CW,2026-02-22,,20161,20161,850,Monedero
6113,2000211614,Chiguayante,Mercado,20844,L1,V1,2026-02-22 12:25:27,2026-02-22 13:27:45,HQ→TH,2026-02-22,,20844,20844,550,Monedero
6114,2000211614,Mercado,Chiguayante,20845,L1,V1,2026-02-22 15:49:32,2026-02-22 16:40:08,TH→HQ,2026-02-22,,20845,20845,550,Monedero
6115,2000211794,Concepcion,Hito Galvarino,20059,L2,V1,2026-02-22 12:16:40,2026-02-22 13:50:43,CC→CW,2026-02-22,,20059,20053,850,Monedero
6116,2000211955,Chiguayante,Los Condores,20846,L1,V1,2026-02-22 17:16:57,2026-02-22 17:49:26,HQ→TH,2026-02-22,,20846,20846,540,Monedero
6117,2000212110,Concepcion,El Parque,20067,L2,V1,2026-02-22 15:14:54,2026-02-22 15:49:04,CC→CW,2026-02-22,,20067,20067,570,Monedero
6118,2000212110,Concepcion,El Parque,20067,L2,V1,2026-02-22 15:15:02,2026-02-22 15:48:59,CC→CW,2026-02-22,,20067,20067,570,Monedero
6119,2000212110,Lomas Coloradas,Concepcion,20166,L2,V1,2026-02-22 19:34:14,2026-02-22 19:59:52,CW→CC,2026-02-22,,20166,20166,570,Monedero
6120,2000212110,Lomas Coloradas,Concepcion,20166,L2,V1,2026-02-22 19:34:21,2026-02-22 19:59:48,CW→CC,2026-02-22,,20166,20166,570,Monedero
6121,2000212209,Coronel,Concepcion,20076,L2,V1,2026-02-22 16:40:57,2026-02-22 17:33:00,CW→CC,2026-02-22,,20076,20076,880,Monedero
6122,2000212209,Concepcion,Coronel,20163,L2,V1,2026-02-22 18:45:26,2026-02-22 19:47:04,CC→CW,2026-02-22,,20163,20163,880,Monedero
6123,2000212433,Coronel,El Parque,20050,L2,V1,2026-02-22 10:44:44,2026-02-22 11:22:43,CW→CC,2026-02-22,,20050,20050,650,Monedero
6124,2000212449,Juan Pablo II,Cdal. Raul Silva Henriquez,20167,L2,V1,2026-02-22 19:55:47,2026-02-22 20:29:23,CC→CW,2026-02-22,,20167,20167,510,Monedero
6125,2000212677,Concepcion,Cdal. Raul Silva Henriquez,20063,L2,V1,2026-02-22 14:21:48,2026-02-22 15:01:53,CC→CW,2026-02-22,,20063,20063,570,Monedero
6126,2000212823,Cristo Redentor,Laguna Quinenco,20157,L2,V1,2026-02-22 18:05:51,2026-02-22 18:11:25,CC→CW,2026-02-22,,20157,20157,450,Monedero
6127,2000212896,Huinca,Concepcion,20056,L2,V1,2026-02-22 12:23:44,2026-02-22 13:10:36,CW→CC,2026-02-22,,20056,20056,850,Monedero
6128,2000212896,Huinca,Concepcion,20056,L2,V1,2026-02-22 12:23:50,2026-02-22 13:10:30,CW→CC,2026-02-22,,20056,20056,850,Monedero
6129,2000212896,Concepcion,Cdal. Raul Silva Henriquez,20171,L2,V1,2026-02-22 21:01:48,2026-02-22 21:39:31,CC→CW,2026-02-22,,20171,20171,570,Monedero
6130,2000212910,Concepcion,Lomas Coloradas,20171,L2,V1,2026-02-22 20:40:56,2026-02-22 21:32:45,CC→CW,2026-02-22,,20171,20171,570,Monedero
6131,2000212926,Concepcion,Hualqui,20845,L1,V1,2026-02-22 16:08:31,2026-02-22 17:02:29,TH→HQ,2026-02-22,,20845,20845,550,Monedero
6132,2000212926,Concepcion,Hualqui,20845,L1,V1,2026-02-22 16:08:38,2026-02-22 17:02:24,TH→HQ,2026-02-22,,20845,20845,550,Monedero
6133,2000213026,Huinca,Concepcion,20160,L2,V1,2026-02-22 17:42:38,2026-02-22 18:28:55,CW→CC,2026-02-22,,20160,20160,850,Monedero
6134,2000213275,Huinca,Diagonal Bio Bio,20166,L2,V1,2026-02-22 19:18:39,2026-02-22 19:50:33,CW→CC,2026-02-22,,20166,20166,680,Monedero
6135,2000213388,Costa Mar,Laguna Quinenco,20059,L2,V1,2026-02-22 12:56:45,2026-02-22 14:00:45,CC→CW,2026-02-22,,20059,20059,650,Monedero
6136,2000213388,Laguna Quinenco,Costa Mar,20076,L2,V1,2026-02-22 16:42:09,2026-02-22 17:14:05,CW→CC,2026-02-22,,20076,20076,650,Monedero
6137,2000213416,Diagonal Bio Bio,Cdal. Raul Silva Henriquez,20167,L2,V1,2026-02-22 19:54:01,2026-02-22 20:30:31,CC→CW,2026-02-22,,20167,20167,510,Monedero
6138,2000213468,Concepcion,El Parque,20067,L2,V1,2026-02-22 15:10:05,2026-02-22 15:49:05,CC→CW,2026-02-22,,20067,20067,570,Monedero
6139,2000213477,El Parque,Concepcion,20062,L2,V1,2026-02-22 14:03:39,2026-02-22 14:41:26,CW→CC,2026-02-22,,20062,20062,570,Monedero
6140,2000213773,Diagonal Bio Bio,Costa Mar,20171,L2,V1,2026-02-22 20:33:56,2026-02-22 21:25:21,CC→CW,2026-02-22,,20171,20171,510,Monedero
6141,2000214014,Lomas Coloradas,Concepcion,20044,L2,V1,2026-02-22 10:17:51,2026-02-22 10:48:21,CW→CC,2026-02-22,,20044,20044,570,Monedero
6142,2000214014,Concepcion,Lomas Coloradas,20059,L2,V1,2026-02-22 12:20:19,2026-02-22 13:41:13,CC→CW,2026-02-22,,20059,20059,570,Monedero
6143,2000214035,Los Canelos,Lomas Coloradas,20152,L2,V1,2026-02-22 08:22:18,2026-02-22 08:56:15,CW→CC,2026-02-22,,20152,20152,610,Monedero
6144,2000214035,Lomas Coloradas,Los Canelos,20163,L2,V1,2026-02-22 19:08:01,2026-02-22 19:36:38,CC→CW,2026-02-22,,20163,20163,610,Monedero
6145,2000214046,Lomas Coloradas,Juan Pablo II,20076,L2,V1,2026-02-22 17:06:32,2026-02-22 17:23:38,CW→CC,2026-02-22,,20076,20076,510,Monedero
6146,2000214048,Costa Mar,Hito Galvarino,20067,L2,V1,2026-02-22 15:34:27,2026-02-22 15:59:46,CC→CW,2026-02-22,,20067,20067,610,Monedero
6147,2000214100,Los Canelos,Lomas Coloradas,20056,L2,V1,2026-02-22 12:23:31,2026-02-22 12:41:24,CW→CC,2026-02-22,,20056,20056,610,Monedero
6148,2000214108,Lomas Coloradas,Hito Galvarino,20069,L2,V1,2026-02-22 16:57:49,2026-02-22 17:15:00,CC→CW,2026-02-22,,20069,20069,610,Monedero
6149,2000214108,Hito Galvarino,Lomas Coloradas,20162,L2,V1,2026-02-22 18:19:53,2026-02-22 18:40:27,CW→CC,2026-02-22,,20162,20162,610,Monedero
6150,2000214108,Hito Galvarino,Lomas Coloradas,20162,L2,V1,2026-02-22 18:19:58,2026-02-22 18:40:22,CW→CC,2026-02-22,,20162,20162,610,Monedero
6151,2000214296,Cdal. Raul Silva Henriquez,Concepcion,20152,L2,V1,2026-02-22 08:48:30,2026-02-22 09:17:22,CW→CC,2026-02-22,,20152,20152,570,Monedero
6152,2000214586,Pedro Medina,Concepcion,20844,L1,V1,2026-02-22 12:23:48,2026-02-22 13:12:36,HQ→TH,2026-02-22,,20844,20844,510,Monedero
6153,2000214586,Pedro Medina,Concepcion,20844,L1,V1,2026-02-22 12:23:56,2026-02-22 13:12:24,HQ→TH,2026-02-22,,20844,20844,510,Monedero
6154,2000214586,Pedro Medina,Concepcion,20844,L1,V1,2026-02-22 12:24:22,2026-02-22 13:04:45,HQ→TH,2026-02-22,,20844,20844,510,Monedero
6155,2000214586,Concepcion,Concepcion,,,N/A,2026-02-22 16:50:17,2026-02-22 16:55:06,,2026-02-22,no viajo,,,420,Monedero
6156,2000214586,Concepcion,Concepcion,,,N/A,2026-02-22 16:50:23,2026-02-22 16:54:52,,2026-02-22,no viajo,,,420,Monedero
6157,2000214586,Concepcion,Concepcion,,,N/A,2026-02-22 16:50:30,2026-02-22 16:54:42,,2026-02-22,no viajo,,,420,Monedero
6158,2000214632,Concepcion,Coronel,20161,L2,V1,2026-02-22 18:14:37,2026-02-22 19:16:29,CC→CW,2026-02-22,,20161,20161,880,Monedero
6159,2000214657,Los Canelos,Concepcion,20056,L2,V1,2026-02-22 12:10:03,2026-02-22 13:04:45,CW→CC,2026-02-22,,20056,20056,850,Monedero
6160,2000214711,Alborada,Huinca,20149,L2,V1,2026-02-22 08:36:31,2026-02-22 09:07:30,CC→CW,2026-02-22,,20149,20149,680,Monedero
6161,2000214711,Huinca,Alborada,20068,L2,V1,2026-02-22 15:47:37,2026-02-22 16:13:07,CW→CC,2026-02-22,,20068,20068,680,Monedero
6162,2000214727,Juan Pablo II,Laguna Quinenco,20163,L2,V1,2026-02-22 19:02:54,2026-02-22 19:44:15,CC→CW,2026-02-22,,20163,20163,790,Monedero
6163,2000214804,El Parque,Laguna Quinenco,20049,L2,V1,2026-02-22 11:47:36,2026-02-22 12:10:28,CC→CW,2026-02-22,,20049,20049,650,Monedero
6164,2000214804,Laguna Quinenco,El Parque,20062,L2,V1,2026-02-22 13:49:44,2026-02-22 14:17:20,CW→CC,2026-02-22,,20062,20062,650,Monedero
6165,2000214940,Los Canelos,Diagonal Bio Bio,20068,L2,V1,2026-02-22 15:42:43,2026-02-22 16:15:51,CW→CC,2026-02-22,,20068,20068,650,Monedero
6166,2000214940,Los Canelos,Diagonal Bio Bio,20068,L2,V1,2026-02-22 15:42:59,2026-02-22 16:15:48,CW→CC,2026-02-22,,20068,20068,650,Monedero
6167,2000214940,Juan Pablo II,Los Canelos,20161,L2,V1,2026-02-22 18:17:18,2026-02-22 19:03:50,CC→CW,2026-02-22,,20161,20161,650,Monedero
6168,2000214940,Juan Pablo II,Los Canelos,20161,L2,V1,2026-02-22 18:17:22,2026-02-22 19:03:47,CC→CW,2026-02-22,,20161,20161,650,Monedero
6169,2000215210,UTF Santa Maria,Hualqui,20859,L1,V1,2026-02-22 11:13:03,2026-02-22 13:30:40,TH→HQ,2026-02-22,,20859,20859,560,Monedero
6170,2000215210,UTF Santa Maria,Hualqui,20859,L1,V1,2026-02-22 11:13:16,2026-02-22 13:30:35,TH→HQ,2026-02-22,,20859,20859,560,Monedero
6171,2000215210,UTF Santa Maria,Hualqui,20859,L1,V1,2026-02-22 11:13:22,2026-02-22 13:30:29,TH→HQ,2026-02-22,,20859,20859,560,Monedero
6172,2000215210,UTF Santa Maria,Hualqui,20859,L1,V1,2026-02-22 11:13:28,2026-02-22 13:30:22,TH→HQ,2026-02-22,,20859,20859,560,Monedero
6173,2000215287,Costa Mar,Laguna Quinenco,20067,L2,V1,2026-02-22 15:45:13,2026-02-22 16:12:27,CC→CW,2026-02-22,,20067,20067,650,Monedero
6174,2000215338,Concepcion,El Parque,20171,L2,V1,2026-02-22 20:40:44,2026-02-22 21:27:36,CC→CW,2026-02-22,,20171,20171,570,Monedero
6175,2000215383,Los Condores,Lzo. Arenas,20845,L1,V1,2026-02-22 16:05:56,2026-02-22 16:19:59,TH→HQ,2026-02-22,,20845,20845,500,Monedero
6176,2000215383,Lzo. Arenas,Los Condores,20846,L1,V1,2026-02-22 17:33:40,2026-02-22 17:48:36,HQ→TH,2026-02-22,,20846,20846,500,Monedero
6177,2000215417,Concepcion,El Parque,20171,L2,V1,2026-02-22 20:56:40,2026-02-22 21:27:55,CC→CW,2026-02-22,,20171,20171,570,Monedero
6178,2000215417,Concepcion,El Parque,20171,L2,V1,2026-02-22 20:56:47,2026-02-22 21:27:49,CC→CW,2026-02-22,,20171,20171,570,Monedero
6179,2000215417,Concepcion,El Parque,20171,L2,V1,2026-02-22 20:56:53,2026-02-22 21:27:45,CC→CW,2026-02-22,,20171,20171,570,Monedero
6180,2000215542,Alborada,Concepcion,20050,L2,V1,2026-02-22 11:24:29,2026-02-22 11:46:15,CW→CC,2026-02-22,,20050,20050,570,Monedero
6181,2000215604,Coronel,Concepcion,20160,L2,V1,2026-02-22 17:33:31,2026-02-22 18:30:55,CW→CC,2026-02-22,,20160,20160,880,Monedero
6182,2000215640,Concepcion,Los Canelos,20149,L2,V1,2026-02-22 07:47:00,2026-02-22 09:52:54,CC→CW,2026-02-22,,20149,20149,850,Monedero
6183,2000215717,Huinca,Concepcion,20160,L2,V1,2026-02-22 17:42:03,2026-02-22 18:31:16,CW→CC,2026-02-22,,20160,20160,850,Monedero
6184,2000215794,Lomas Coloradas,Cdal. Raul Silva Henriquez,20171,L2,V1,2026-02-22 21:20:47,2026-02-22 21:35:59,CC→CW,2026-02-22,,20171,20171,430,Monedero
6185,2000216010,Concepcion,Cristo Redentor,20035,L2,V1,2026-02-22 09:34:36,2026-02-22 10:42:16,CC→CW,2026-02-22,combo_por_entrada,20035,20035,910,Monedero
6186,2000216010,Cristo Redentor,Concepcion,20166,L2,V1,2026-02-22 19:18:21,2026-02-22 19:59:33,CW→CC,2026-02-22,,20166,20166,850,Monedero
6187,2000216118,Juan Pablo II,Cristo Redentor,20069,L2,V1,2026-02-22 16:29:45,2026-02-22 17:24:19,CC→CW,2026-02-22,,20069,20069,680,Monedero
6188,2000216210,Concepcion,Costa Mar,20149,L2,V1,2026-02-22 07:42:12,2026-02-22 08:46:53,CC→CW,2026-02-22,combo_por_entrada,20149,20149,590,Monedero
6189,2000216283,Costa Mar,Concepcion,20152,L2,V1,2026-02-22 08:55:48,2026-02-22 09:16:29,CW→CC,2026-02-22,,20152,20152,570,Monedero
6190,2000216285,Costa Mar,Cristo Redentor,20149,L2,V1,2026-02-22 08:45:24,2026-02-22 09:10:06,CC→CW,2026-02-22,,20149,20149,630,Monedero
6191,2000216299,Costa Mar,Coronel,20067,L2,V1,2026-02-22 15:32:15,2026-02-22 16:14:39,CC→CW,2026-02-22,,20067,20067,650,Monedero
6192,2000216299,Coronel,Costa Mar,20160,L2,V1,2026-02-22 16:59:22,2026-02-22 18:13:30,CW→CC,2026-02-22,,20160,20160,650,Monedero
6193,2000216449,Diagonal Bio Bio,Cdal. Raul Silva Henriquez,20171,L2,V1,2026-02-22 21:12:40,2026-02-22 21:39:14,CC→CW,2026-02-22,,20171,20171,510,Monedero
6194,2000216465,Cdal. Raul Silva Henriquez,Concepcion,20066,L2,V1,2026-02-22 14:49:55,2026-02-22 15:24:49,CW→CC,2026-02-22,,20066,20066,570,Monedero
6195,2000216514,Cdal. Raul Silva Henriquez,Juan Pablo II,20160,L2,V1,2026-02-22 18:00:18,2026-02-22 18:21:23,CW→CC,2026-02-22,,20160,20160,510,Monedero
6196,2000216514,Juan Pablo II,Cdal. Raul Silva Henriquez,20163,L2,V1,2026-02-22 18:54:54,2026-02-22 19:26:39,CC→CW,2026-02-22,,20163,20163,510,Monedero
6197,2000216529,Cdal. Raul Silva Henriquez,Costa Mar,20052,L2,V1,2026-02-22 11:35:14,2026-02-22 11:47:59,CW→CC,2026-02-22,,20052,20052,430,Monedero
6198,2000216529,Costa Mar,Cdal. Raul Silva Henriquez,20059,L2,V1,2026-02-22 13:31:20,2026-02-22 13:44:31,CC→CW,2026-02-22,,20059,20059,430,Monedero
6199,2000216580,Concepcion,Coronel,20153,L2,V1,2026-02-22 08:44:27,2026-02-22 10:02:25,CC→CW,2026-02-22,,20153,20153,880,Monedero
6200,2000216580,Coronel,Concepcion,20160,L2,V1,2026-02-22 17:41:37,2026-02-22 18:29:06,CW→CC,2026-02-22,,20160,20160,880,Monedero
6201,2000216594,Concepcion,Cdal. Raul Silva Henriquez,20149,L2,V1,2026-02-22 08:28:29,2026-02-22 08:55:15,CC→CW,2026-02-22,,20149,20149,570,Monedero
6202,2000216709,Juan Pablo II,Alborada,20167,L2,V1,2026-02-22 19:58:01,2026-02-22 20:17:08,CC→CW,2026-02-22,,20167,20167,440,Monedero
6203,2000216802,Hito Galvarino,Concepcion,20152,L2,V1,2026-02-22 08:31:52,2026-02-22 09:16:38,CW→CC,2026-02-22,,20152,20152,850,Monedero
6204,2000216802,Concepcion,Hito Galvarino,20163,L2,V1,2026-02-22 18:36:08,2026-02-22 19:32:59,CC→CW,2026-02-22,,20163,20161,850,Monedero
6205,2000216924,Coronel,Concepcion,20160,L2,V1,2026-02-22 17:33:41,2026-02-22 18:31:24,CW→CC,2026-02-22,,20160,20160,880,Monedero
6206,2000217111,Concepcion,Cristo Redentor,20059,L2,V1,2026-02-22 12:54:11,2026-02-22 13:58:40,CC→CW,2026-02-22,,20059,20059,850,Monedero
6207,2000217147,Concepcion,Concepcion,,,N/A,2026-02-22 17:30:06,2026-02-22 17:31:20,,2026-02-22,no viajo,,,420,Monedero
6208,2000217147,Concepcion,Coronel,20161,L2,V1,2026-02-22 18:15:33,2026-02-22 19:14:53,CC→CW,2026-02-22,,20161,20161,880,Monedero
6209,2000217298,Concepcion,Los Canelos,20163,L2,V1,2026-02-22 18:51:37,2026-02-22 19:36:02,CC→CW,2026-02-22,,20163,20163,850,Monedero
6210,2000217349,Cristo Redentor,Concepcion,20076,L2,V1,2026-02-22 16:47:27,2026-02-22 17:29:34,CW→CC,2026-02-22,,20076,20076,850,Monedero
6211,2000217527,Laguna Quinenco,Concepcion,20152,L2,V1,2026-02-22 08:30:55,2026-02-22 09:16:55,CW→CC,2026-02-22,,20152,20152,880,Monedero
6212,2000217579,Lomas Coloradas,Concepcion,20152,L2,V1,2026-02-22 08:33:36,2026-02-22 09:18:23,CW→CC,2026-02-22,,20152,20152,570,Monedero
6213,2000217579,Concepcion,Lomas Coloradas,20069,L2,V1,2026-02-22 15:39:16,2026-02-22 17:05:44,CC→CW,2026-02-22,,20069,20069,570,Monedero
6214,2000217597,El Parque,Lomas Coloradas,20163,L2,V1,2026-02-22 19:13:29,2026-02-22 19:23:23,CC→CW,2026-02-22,,20163,20163,430,Monedero
6215,2000217619,Concepcion,Lomas Coloradas,20063,L2,V1,2026-02-22 14:28:51,2026-02-22 15:03:10,CC→CW,2026-02-22,,20063,20063,570,Monedero
6216,2000217736,Costa Mar,Laguna Quinenco,20035,L2,V1,2026-02-22 09:44:20,2026-02-22 10:44:46,CC→CW,2026-02-22,,20035,20035,650,Monedero
6217,2000217736,Laguna Quinenco,Costa Mar,20066,L2,V1,2026-02-22 14:35:04,2026-02-22 15:08:30,CW→CC,2026-02-22,,20066,20066,650,Monedero
6218,2000217749,Costa Mar,Los Canelos,20161,L2,V1,2026-02-22 18:38:52,2026-02-22 19:04:01,CC→CW,2026-02-22,,20161,20161,610,Monedero
6219,2000217762,Concepcion,Hito Galvarino,20041,L2,V1,2026-02-22 10:21:23,2026-02-22 10:58:56,CC→CW,2026-02-22,,20041,20041,850,Monedero
6220,2000217781,Concepcion,Costa Mar,20167,L2,V1,2026-02-22 19:59:27,2026-02-22 20:17:50,CC→CW,2026-02-22,,20167,20167,570,Monedero
6221,2000217823,Hito Galvarino,Costa Mar,20050,L2,V1,2026-02-22 10:56:12,2026-02-22 11:24:55,CW→CC,2026-02-22,,20050,20050,610,Monedero
6222,2000217823,Costa Mar,Hito Galvarino,20063,L2,V1,2026-02-22 13:49:24,2026-02-22 15:09:26,CC→CW,2026-02-22,,20063,20063,610,Monedero
6223,2000217846,Concepcion,Hito Galvarino,20063,L2,V1,2026-02-22 14:34:46,2026-02-22 15:07:50,CC→CW,2026-02-22,,20063,20063,850,Monedero
6224,2000217986,Laguna Quinenco,Concepcion,20068,L2,V1,2026-02-22 14:50:55,2026-02-22 16:29:58,CW→CC,2026-02-22,,20068,20068,880,Monedero
6225,2000217986,Laguna Quinenco,Concepcion,20068,L2,V1,2026-02-22 14:51:00,2026-02-22 16:29:49,CW→CC,2026-02-22,,20068,20068,880,Monedero
6226,2000218042,Cdal. Raul Silva Henriquez,Coronel,20063,L2,V1,2026-02-22 14:57:10,2026-02-22 15:22:56,CC→CW,2026-02-22,,20063,20063,650,Monedero
6227,2000218190,Concepcion,Los Canelos,20163,L2,V1,2026-02-22 18:59:56,2026-02-22 19:37:19,CC→CW,2026-02-22,,20163,20163,850,Monedero
6228,2000218191,Concepcion,El Parque,20069,L2,V1,2026-02-22 16:33:06,2026-02-22 17:03:06,CC→CW,2026-02-22,,20069,20069,570,Monedero
6229,2000218191,El Parque,Concepcion,20162,L2,V1,2026-02-22 18:38:25,2026-02-22 19:00:42,CW→CC,2026-02-22,,20162,20162,570,Monedero
6230,2000218303,Cristo Redentor,Diagonal Bio Bio,20058,L2,V1,2026-02-22 12:35:29,2026-02-22 13:05:46,CW→CC,2026-02-22,,20058,20058,680,Monedero
6231,2000218303,Alborada,Cdal. Raul Silva Henriquez,20171,L2,V1,2026-02-22 21:12:58,2026-02-22 21:36:45,CC→CW,2026-02-22,,20171,20171,510,Monedero
6232,2000218309,Costa Mar,Cristo Redentor,20063,L2,V1,2026-02-22 14:34:59,2026-02-22 15:17:35,CC→CW,2026-02-22,,20063,20063,630,Monedero
6233,2000218339,Cristo Redentor,Costa Mar,20050,L2,V1,2026-02-22 10:21:27,2026-02-22 11:24:58,CW→CC,2026-02-22,,20050,20050,630,Monedero
6234,2000218425,Concepcion,Los Canelos,20067,L2,V1,2026-02-22 15:23:23,2026-02-22 16:03:20,CC→CW,2026-02-22,,20067,20067,850,Monedero
6235,2000218432,Los Canelos,Concepcion,20040,L2,V1,2026-02-22 09:43:31,2026-02-22 10:25:07,CW→CC,2026-02-22,,20040,20040,850,Monedero
6236,2000218479,Laguna Quinenco,El Parque,20040,L2,V1,2026-02-22 09:27:33,2026-02-22 10:06:28,CW→CC,2026-02-22,,20040,20156,650,Monedero
6237,2000218479,Laguna Quinenco,El Parque,20040,L2,V1,2026-02-22 09:27:37,2026-02-22 10:06:19,CW→CC,2026-02-22,,20040,20156,650,Monedero
6238,2000218479,El Parque,Laguna Quinenco,20049,L2,V1,2026-02-22 11:38:12,2026-02-22 12:11:16,CC→CW,2026-02-22,,20049,20049,650,Monedero
6239,2000218479,El Parque,Laguna Quinenco,20049,L2,V1,2026-02-22 11:38:22,2026-02-22 12:11:05,CC→CW,2026-02-22,,20049,20049,650,Monedero
6240,2000218506,Huinca,Concepcion,20160,L2,V1,2026-02-22 17:20:14,2026-02-22 18:32:21,CW→CC,2026-02-22,,20160,20160,850,Monedero
6241,2000218506,Huinca,Concepcion,20160,L2,V1,2026-02-22 17:21:06,2026-02-22 18:31:09,CW→CC,2026-02-22,,20160,20160,850,Monedero
6242,2000218506,Concepcion,Cdal. Raul Silva Henriquez,20171,L2,V1,2026-02-22 20:57:45,2026-02-22 21:35:13,CC→CW,2026-02-22,,20171,20171,570,Monedero
6243,2000218506,Concepcion,Cdal. Raul Silva Henriquez,20171,L2,V1,2026-02-22 20:58:03,2026-02-22 21:35:05,CC→CW,2026-02-22,,20171,20171,570,Monedero
6244,2000218618,Concepcion,El Parque,20059,L2,V1,2026-02-22 13:02:30,2026-02-22 13:38:55,CC→CW,2026-02-22,,20059,20059,570,Monedero
6245,2000218618,El Parque,Concepcion,20066,L2,V1,2026-02-22 14:31:57,2026-02-22 15:23:27,CW→CC,2026-02-22,,20066,20066,570,Monedero
6246,2000218708,Concepcion,Lomas Coloradas,20153,L2,V1,2026-02-22 09:09:48,2026-02-22 09:40:10,CC→CW,2026-02-22,,20153,20153,570,Monedero
6247,2000218749,Concepcion,Lomas Coloradas,20059,L2,V1,2026-02-22 12:35:29,2026-02-22 13:42:21,CC→CW,2026-02-22,combo_por_entrada,20059,20059,590,Monedero
6248,2000218749,Concepcion,UTF Santa Maria,20848,L1,V1,2026-02-22 20:36:28,2026-02-22 21:16:18,HQ→TH,2026-02-22,combo_relajado_pase1,20848,20848,590,Monedero
6249,2000218757,Concepcion,Laguna Quinenco,20069,L2,V1,2026-02-22 16:21:16,2026-02-22 17:26:31,CC→CW,2026-02-22,,20069,20069,880,Monedero
6250,2000218968,Concepcion,Los Canelos,20069,L2,V1,2026-02-22 16:18:57,2026-02-22 17:19:08,CC→CW,2026-02-22,,20069,20069,850,Monedero
6251,2000219012,Manquimavida,Mercado,20850,L1,V1,2026-02-22 09:39:38,2026-02-22 10:29:19,HQ→TH,2026-02-22,,20850,20850,550,Monedero
6252,2000219020,Concepcion,Coronel,20035,L2,V1,2026-02-22 09:28:59,2026-02-22 10:48:17,CC→CW,2026-02-22,,20035,20035,880,Monedero
6253,2000219020,Coronel,Concepcion,20068,L2,V1,2026-02-22 15:28:20,2026-02-22 16:25:04,CW→CC,2026-02-22,,20068,20068,880,Monedero
6254,2000219256,Concepcion,Cdal. Raul Silva Henriquez,20167,L2,V1,2026-02-22 19:42:39,2026-02-22 20:29:19,CC→CW,2026-02-22,,20167,20167,570,Monedero
6255,2000219261,Concepcion,Cristo Redentor,20153,L2,V1,2026-02-22 09:14:23,2026-02-22 09:56:47,CC→CW,2026-02-22,,20153,20153,850,Monedero
6256,2000219325,Diagonal Bio Bio,Cdal. Raul Silva Henriquez,20167,L2,V1,2026-02-22 19:59:04,2026-02-22 20:29:35,CC→CW,2026-02-22,,20167,20167,510,Monedero
6257,2000219331,Concepcion,Los Canelos,20035,L2,V1,2026-02-22 10:01:32,2026-02-22 10:37:58,CC→CW,2026-02-22,,20035,20035,850,Monedero
6258,2000219331,Los Canelos,Concepcion,20066,L2,V1,2026-02-22 14:43:05,2026-02-22 15:23:55,CW→CC,2026-02-22,,20066,20066,850,Monedero
6259,2000219367,Costa Mar,El Parque,20049,L2,V1,2026-02-22 11:39:45,2026-02-22 11:48:47,CC→CW,2026-02-22,,20049,20049,430,Monedero
6260,2000219377,Costa Mar,Coronel,20063,L2,V1,2026-02-22 14:40:14,2026-02-22 15:20:35,CC→CW,2026-02-22,,20063,20063,650,Monedero
6261,2000219377,Coronel,Costa Mar,20166,L2,V1,2026-02-22 19:12:10,2026-02-22 19:45:40,CW→CC,2026-02-22,,20166,20166,650,Monedero
6262,2000219416,Concepcion,Los Canelos,20049,L2,V1,2026-02-22 10:35:01,2026-02-22 12:03:43,CC→CW,2026-02-22,,20049,20041,850,Monedero
6263,2000219416,Concepcion,Los Canelos,20049,L2,V1,2026-02-22 10:35:07,2026-02-22 12:03:39,CC→CW,2026-02-22,,20049,20041,850,Monedero
6264,2000219416,Los Canelos,Concepcion,20160,L2,V1,2026-02-22 17:49:55,2026-02-22 18:34:18,CW→CC,2026-02-22,,20160,20160,850,Monedero
6265,2000219416,Los Canelos,Concepcion,20160,L2,V1,2026-02-22 17:50:01,2026-02-22 18:34:12,CW→CC,2026-02-22,,20160,20160,850,Monedero
6266,2000219490,Concepcion,Huinca,20049,L2,V1,2026-02-22 11:08:29,2026-02-22 12:06:45,CC→CW,2026-02-22,,20049,20049,850,Monedero
6267,2000219543,Coronel,Concepcion,20076,L2,V1,2026-02-22 16:18:11,2026-02-22 17:29:44,CW→CC,2026-02-22,,20076,20076,880,Monedero
6268,2000219592,Concepcion,Cristo Redentor,20059,L2,V1,2026-02-22 12:58:22,2026-02-22 13:57:44,CC→CW,2026-02-22,,20059,20059,850,Monedero
6269,2000219656,Concepcion,Concepcion,,,N/A,2026-02-22 10:15:19,2026-02-22 10:15:55,,2026-02-22,no viajo,,,420,Monedero
6270,2000219716,Alborada,Concepcion,20152,L2,V1,2026-02-22 09:02:01,2026-02-22 09:20:58,CW→CC,2026-02-22,,20152,20152,570,Monedero
6271,2000219716,Alborada,Concepcion,20152,L2,V1,2026-02-22 09:02:05,2026-02-22 09:20:51,CW→CC,2026-02-22,,20152,20152,570,Monedero
6272,2000219716,Concepcion,Alborada,20157,L2,V1,2026-02-22 17:11:52,2026-02-22 17:47:22,CC→CW,2026-02-22,,20157,20157,570,Monedero
6273,2000219716,Concepcion,Alborada,20157,L2,V1,2026-02-22 17:12:00,2026-02-22 17:45:10,CC→CW,2026-02-22,,20157,20157,570,Monedero
6274,2000219716,Concepcion,Alborada,20157,L2,V1,2026-02-22 17:12:07,2026-02-22 17:45:02,CC→CW,2026-02-22,,20157,20157,570,Monedero
6275,2000219716,Concepcion,Alborada,20157,L2,V1,2026-02-22 17:12:59,2026-02-22 17:44:53,CC→CW,2026-02-22,,20157,20157,570,Monedero
6276,2000219747,Los Canelos,Concepcion,20056,L2,V1,2026-02-22 12:06:50,2026-02-22 13:06:54,CW→CC,2026-02-22,,20056,20056,850,Monedero
6277,2000219747,Los Canelos,Concepcion,20056,L2,V1,2026-02-22 12:06:55,2026-02-22 13:06:48,CW→CC,2026-02-22,,20056,20056,850,Monedero
6278,2000219747,Concepcion,Los Canelos,20163,L2,V1,2026-02-22 18:37:57,2026-02-22 19:38:09,CC→CW,2026-02-22,,20163,20161,850,Monedero
6279,2000219747,Concepcion,Los Canelos,20163,L2,V1,2026-02-22 18:38:02,2026-02-22 19:38:00,CC→CW,2026-02-22,,20163,20163,850,Monedero
6280,2000219800,Laguna Quinenco,Concepcion,20152,L2,V1,2026-02-22 08:32:13,2026-02-22 09:16:10,CW→CC,2026-02-22,,20152,20152,880,Monedero
6281,2000219800,Concepcion,Cdal. Raul Silva Henriquez,20167,L2,V1,2026-02-22 19:58:28,2026-02-22 20:34:36,CC→CW,2026-02-22,,20167,20167,570,Monedero
6282,2000219844,Concepcion,Los Canelos,20161,L2,V1,2026-02-22 18:27:33,2026-02-22 19:04:29,CC→CW,2026-02-22,,20161,20161,850,Monedero
6283,2000219895,Concepcion,Mercado,20850,L1,V1,2026-02-22 09:59:46,2026-02-22 12:25:13,HQ→TH,2026-02-22,,20850,20850,540,Monedero
6284,2000219895,Concepcion,Mercado,20850,L1,V1,2026-02-22 09:59:53,2026-02-22 12:25:02,HQ→TH,2026-02-22,,20850,20850,540,Monedero
6285,2000219895,Mercado,Concepcion,20859,L1,V1,2026-02-22 12:25:27,2026-02-22 12:55:06,TH→HQ,2026-02-22,,20859,20859,540,Monedero
6286,2000219895,Mercado,Concepcion,20859,L1,V1,2026-02-22 12:25:35,2026-02-22 12:55:01,TH→HQ,2026-02-22,,20859,20859,540,Monedero
6287,2000219900,Manquimavida,El Arenal,20844,L1,V1,2026-02-22 12:30:58,2026-02-22 13:24:39,HQ→TH,2026-02-22,,20844,20844,550,Monedero
6288,2000219900,El Arenal,Manquimavida,20847,L1,V1,2026-02-22 19:57:40,2026-02-22 20:46:18,TH→HQ,2026-02-22,,20847,20847,550,Monedero
6289,2000219971,Hualqui,Concepcion,20850,L1,V1,2026-02-22 09:24:37,2026-02-22 10:06:05,HQ→TH,2026-02-22,,20850,20850,550,Monedero
6290,2000220019,Concepcion,Laguna Quinenco,20059,L2,V1,2026-02-22 13:19:59,2026-02-22 14:02:10,CC→CW,2026-02-22,,20059,20059,880,Monedero
6291,2000220048,Los Canelos,Coronel,20051,L2,V1,2026-02-22 12:09:40,2026-02-22 12:33:31,CC→CW,2026-02-22,,20051,20049,530,Monedero
6292,2000220054,Concepcion,Laguna Quinenco,20161,L2,V1,2026-02-22 18:10:02,2026-02-22 19:11:37,CC→CW,2026-02-22,,20161,20161,880,Monedero
6293,2000220079,El Parque,Concepcion,,,N/A,2026-02-22 20:36:04,2026-02-22 21:03:35,,2026-02-22,sin_combo_factible_en_hub|sin_s1_factible_retro,,,570,Monedero
6294,2000220112,Cdal. Raul Silva Henriquez,Laguna Quinenco,20153,L2,V1,2026-02-22 09:37:01,2026-02-22 09:59:45,CC→CW,2026-02-22,,20153,20153,650,Monedero
6295,2000220313,Juan Pablo II,El Parque,20163,L2,V1,2026-02-22 18:43:46,2026-02-22 19:20:35,CC→CW,2026-02-22,,20163,20161,510,Monedero
6296,2000220357,Huinca,Concepcion,20056,L2,V1,2026-02-22 12:17:09,2026-02-22 13:04:33,CW→CC,2026-02-22,,20056,20056,850,Monedero
6297,2000220357,Huinca,Concepcion,20056,L2,V1,2026-02-22 12:17:15,2026-02-22 13:04:27,CW→CC,2026-02-22,,20056,20056,850,Monedero
6298,2000220357,Huinca,Concepcion,20056,L2,V1,2026-02-22 12:17:21,2026-02-22 13:04:23,CW→CC,2026-02-22,,20056,20056,850,Monedero
6299,2000220357,Concepcion,Huinca,20157,L2,V1,2026-02-22 17:24:34,2026-02-22 18:06:13,CC→CW,2026-02-22,,20157,20157,850,Monedero
6300,2000220411,Huinca,Concepcion,20062,L2,V1,2026-02-22 13:47:16,2026-02-22 14:35:54,CW→CC,2026-02-22,,20062,20062,850,Monedero
6301,2000220411,Concepcion,Huinca,20163,L2,V1,2026-02-22 18:42:45,2026-02-22 19:41:35,CC→CW,2026-02-22,,20163,20163,850,Monedero
6302,2000220413,Cristo Redentor,El Parque,20162,L2,V1,2026-02-22 18:17:49,2026-02-22 18:44:05,CW→CC,2026-02-22,,20162,20162,630,Monedero
6303,2000220570,Costa Mar,Coronel,20161,L2,V1,2026-02-22 18:43:17,2026-02-22 19:14:44,CC→CW,2026-02-22,,20161,20161,650,Monedero
6304,2000220632,Costa Mar,Coronel,20053,L2,V1,2026-02-22 12:21:10,2026-02-22 12:52:49,CC→CW,2026-02-22,,20053,20053,650,Monedero
6305,2000220650,El Parque,Juan Pablo II,20152,L2,V1,2026-02-22 08:16:27,2026-02-22 09:09:25,CW→CC,2026-02-22,,20152,20152,510,Monedero
6306,2000220784,Concepcion,Los Canelos,20059,L2,V1,2026-02-22 12:24:40,2026-02-22 14:01:53,CC→CW,2026-02-22,,20059,20059,850,Monedero
6307,2000220784,Concepcion,Los Canelos,20059,L2,V1,2026-02-22 12:24:47,2026-02-22 14:01:46,CC→CW,2026-02-22,,20059,20059,850,Monedero
6308,2000220784,Los Canelos,El Parque,20076,L2,V1,2026-02-22 16:45:27,2026-02-22 17:12:45,CW→CC,2026-02-22,,20076,20076,610,Monedero
6309,2000220784,Los Canelos,El Parque,20076,L2,V1,2026-02-22 16:45:35,2026-02-22 17:12:39,CW→CC,2026-02-22,,20076,20076,610,Monedero
6310,2000220784,El Parque,Concepcion,,,N/A,2026-02-22 18:33:46,2026-02-22 18:43:54,,2026-02-22,sin_combo_factible_en_hub|sin_s1_factible_retro,,,570,Monedero
6311,2000220784,El Parque,Concepcion,,,N/A,2026-02-22 18:33:52,2026-02-22 18:43:47,,2026-02-22,sin_combo_factible_en_hub|sin_s1_factible_retro,,,570,Monedero
6312,2000220795,Juan Pablo II,Coronel,20041,L2,V1,2026-02-22 10:24:26,2026-02-22 11:13:26,CC→CW,2026-02-22,,20041,20041,790,Monedero
6313,2000220795,Juan Pablo II,Coronel,20041,L2,V1,2026-02-22 10:24:31,2026-02-22 11:13:20,CC→CW,2026-02-22,,20041,20041,790,Monedero
6314,2000220795,Juan Pablo II,Coronel,20041,L2,V1,2026-02-22 10:24:37,2026-02-22 11:13:16,CC→CW,2026-02-22,,20041,20041,790,Monedero
6315,2000220806,Cristo Redentor,Concepcion,20160,L2,V1,2026-02-22 17:42:18,2026-02-22 18:31:12,CW→CC,2026-02-22,,20160,20160,850,Monedero
6316,2000220806,Cristo Redentor,Concepcion,20160,L2,V1,2026-02-22 17:42:24,2026-02-22 18:31:06,CW→CC,2026-02-22,,20160,20160,850,Monedero
6317,2000220927,Laguna Quinenco,Concepcion,20152,L2,V1,2026-02-22 08:28:20,2026-02-22 09:16:16,CW→CC,2026-02-22,,20152,20152,880,Monedero
6318,2000220927,Concepcion,Cdal. Raul Silva Henriquez,20171,L2,V1,2026-02-22 21:03:22,2026-02-22 21:36:16,CC→CW,2026-02-22,,20171,20171,570,Monedero
6319,2000220961,Huinca,Diagonal Bio Bio,20068,L2,V1,2026-02-22 15:42:07,2026-02-22 16:14:40,CW→CC,2026-02-22,,20068,20068,680,Monedero
6320,2000220976,El Parque,Los Canelos,20069,L2,V1,2026-02-22 16:43:18,2026-02-22 17:19:06,CC→CW,2026-02-22,,20069,20069,610,Monedero
6321,2000221070,Coronel,Concepcion,20058,L2,V1,2026-02-22 12:27:06,2026-02-22 13:19:01,CW→CC,2026-02-22,,20058,20058,880,Monedero
6322,2000221070,Concepcion,Cdal. Raul Silva Henriquez,20167,L2,V1,2026-02-22 19:06:09,2026-02-22 20:41:39,CC→CW,2026-02-22,,20167,20163,570,Monedero
6323,2000221195,Coronel,Hito Galvarino,20166,L2,V1,2026-02-22 19:13:04,2026-02-22 19:30:33,CW→CC,2026-02-22,,20166,20166,530,Monedero
6324,2000221238,Laguna Quinenco,El Parque,20152,L2,V1,2026-02-22 08:27:02,2026-02-22 08:59:45,CW→CC,2026-02-22,,20152,20152,650,Monedero
6325,2000221238,El Parque,Laguna Quinenco,20041,L2,V1,2026-02-22 10:42:04,2026-02-22 11:10:44,CC→CW,2026-02-22,,20041,20041,650,Monedero
6326,2000221324,Coronel,Costa Mar,20056,L2,V1,2026-02-22 11:53:39,2026-02-22 12:47:11,CW→CC,2026-02-22,,20056,20056,650,Monedero
6327,2000221439,Lomas Coloradas,Los Canelos,20041,L2,V1,2026-02-22 10:46:09,2026-02-22 11:02:50,CC→CW,2026-02-22,,20041,20041,610,Monedero
6328,2000221567,Cdal. Raul Silva Henriquez,Concepcion,20056,L2,V1,2026-02-22 12:27:18,2026-02-22 13:04:22,CW→CC,2026-02-22,,20056,20056,570,Monedero
6329,2000221567,Cdal. Raul Silva Henriquez,Concepcion,20056,L2,V1,2026-02-22 12:27:25,2026-02-22 13:04:16,CW→CC,2026-02-22,,20056,20056,570,Monedero
6330,2000221567,Concepcion,Cdal. Raul Silva Henriquez,20067,L2,V1,2026-02-22 15:08:30,2026-02-22 15:54:19,CC→CW,2026-02-22,,20067,20067,570,Monedero
6331,2000221569,Cdal. Raul Silva Henriquez,Los Canelos,20059,L2,V1,2026-02-22 13:36:23,2026-02-22 13:54:31,CC→CW,2026-02-22,,20059,20059,610,Monedero
6332,2000221656,Chiguayante,El Arenal,20846,L1,V1,2026-02-22 16:57:59,2026-02-22 17:56:57,HQ→TH,2026-02-22,,20846,20846,550,Monedero
6333,2000221656,Chiguayante,El Arenal,20846,L1,V1,2026-02-22 16:58:19,2026-02-22 17:56:52,HQ→TH,2026-02-22,,20846,20846,550,Monedero
6334,2000221663,Mercado,Concepcion,20847,L1,V1,2026-02-22 20:00:49,2026-02-22 20:33:00,TH→HQ,2026-02-22,,20847,20847,540,Monedero
6335,2000221790,Los Canelos,Concepcion,20162,L2,V1,2026-02-22 18:23:25,2026-02-22 19:00:51,CW→CC,2026-02-22,,20162,20162,850,Monedero
6336,2000221817,Coronel,Concepcion,20056,L2,V1,2026-02-22 11:55:05,2026-02-22 13:04:08,CW→CC,2026-02-22,,20056,20056,880,Monedero
6337,2000221817,Concepcion,Coronel,20069,L2,V1,2026-02-22 16:24:28,2026-02-22 17:30:42,CC→CW,2026-02-22,,20069,20069,880,Monedero
6338,2000221922,Concepcion,Alborada,20041,L2,V1,2026-02-22 10:10:52,2026-02-22 10:42:51,CC→CW,2026-02-22,,20041,20035,570,Monedero
6339,2000222361,Concepcion,Cristo Redentor,20067,L2,V1,2026-02-22 15:20:05,2026-02-22 16:12:23,CC→CW,2026-02-22,,20067,20067,850,Monedero
6340,2000225513,Concepcion,Concepcion,,,N/A,2026-02-22 18:51:30,2026-02-22 18:52:05,,2026-02-22,no viajo,,,420,Monedero
6341,2000225599,Laguna Quinenco,Concepcion,20152,L2,V1,2026-02-22 08:19:20,2026-02-22 09:16:25,CW→CC,2026-02-22,,20152,20152,880,Monedero
6342,2000225599,Concepcion,Coronel,20053,L2,V1,2026-02-22 11:51:00,2026-02-22 12:52:44,CC→CW,2026-02-22,,20053,20051,880,Monedero
6343,2000225609,Los Canelos,Concepcion,20040,L2,V1,2026-02-22 09:36:25,2026-02-22 10:21:54,CW→CC,2026-02-22,,20040,20040,850,Monedero
6344,2000225609,Concepcion,Los Canelos,20063,L2,V1,2026-02-22 14:01:14,2026-02-22 15:12:27,CC→CW,2026-02-22,,20063,20063,850,Monedero
6345,2000225626,Coronel,Concepcion,20052,L2,V1,2026-02-22 11:05:55,2026-02-22 12:06:28,CW→CC,2026-02-22,,20052,20052,880,Monedero
6346,2000225643,Concepcion,El Parque,20059,L2,V1,2026-02-22 12:10:27,2026-02-22 13:40:06,CC→CW,2026-02-22,combo_por_entrada,20059,20059,590,Monedero
6347,2000225643,Mercado,Concepcion,20859,L1,V1,2026-02-22 12:10:35,2026-02-22 13:39:55,TH→HQ,2026-02-22,combo_por_entrada,20859,20859,590,Monedero
6348,2000225643,El Parque,Concepcion,20068,L2,V1,2026-02-22 15:55:15,2026-02-22 16:25:43,CW→CC,2026-02-22,,20068,20068,570,Monedero
6349,2000225643,El Parque,Concepcion,20068,L2,V1,2026-02-22 15:55:19,2026-02-22 16:25:37,CW→CC,2026-02-22,,20068,20068,570,Monedero
6350,2000225643,Concepcion,Mercado,20846,L1,V1,2026-02-22 17:31:14,2026-02-22 18:00:38,HQ→TH,2026-02-22,,20846,20846,540,Monedero
6351,2000225643,Concepcion,Mercado,20846,L1,V1,2026-02-22 17:31:19,2026-02-22 18:00:32,HQ→TH,2026-02-22,,20846,20846,540,Monedero
6352,2000225652,Los Condores,Chiguayante,20859,L1,V1,2026-02-22 12:39:59,2026-02-22 13:10:25,TH→HQ,2026-02-22,,20859,20859,540,Monedero
6353,2000225653,Los Condores,Chiguayante,20859,L1,V1,2026-02-22 12:40:00,2026-02-22 13:10:19,TH→HQ,2026-02-22,,20859,20859,540,Monedero
6354,2000225923,Concepcion,Concepcion,,,N/A,2026-02-22 18:26:02,2026-02-22 18:26:39,,2026-02-22,no viajo,,,420,Monedero
6355,2000225943,Concepcion,Concepcion,,,N/A,2026-02-22 15:39:49,2026-02-22 15:40:45,,2026-02-22,no viajo,,,420,Monedero
6356,2000225943,Concepcion,Concepcion,,,N/A,2026-02-22 15:40:04,2026-02-22 15:40:37,,2026-02-22,no viajo,,,420,Monedero
6357,2000225943,Concepcion,Concepcion,,,N/A,2026-02-22 17:21:06,2026-02-22 17:22:34,,2026-02-22,no viajo,,,420,Monedero
6358,2000225943,Concepcion,Concepcion,,,N/A,2026-02-22 17:21:12,2026-02-22 17:22:29,,2026-02-22,no viajo,,,420,Monedero
6359,2000225981,Juan Pablo II,Concepcion,20050,L2,V1,2026-02-22 11:31:55,2026-02-22 11:44:52,CW→CC,2026-02-22,,20050,20050,570,Monedero
6360,2000225981,Concepcion,Juan Pablo II,20067,L2,V1,2026-02-22 15:16:49,2026-02-22 15:41:37,CC→CW,2026-02-22,,20067,20067,570,Monedero
6361,2000225981,Concepcion,Juan Pablo II,20067,L2,V1,2026-02-22 15:16:55,2026-02-22 15:41:30,CC→CW,2026-02-22,,20067,20067,570,Monedero
6362,2000225982,Concepcion,Juan Pablo II,20161,L2,V1,2026-02-22 18:21:45,2026-02-22 18:37:15,CC→CW,2026-02-22,,20161,20161,570,Monedero
6363,2000225987,Concepcion,Hualqui,20847,L1,V1,2026-02-22 20:22:35,2026-02-22 21:06:09,TH→HQ,2026-02-22,,20847,20847,550,Monedero
6364,2000225988,Concepcion,Cristo Redentor,20067,L2,V1,2026-02-22 14:52:48,2026-02-22 16:09:45,CC→CW,2026-02-22,,20067,20067,850,Monedero
6365,2000226085,Cdal. Raul Silva Henriquez,Concepcion,20056,L2,V1,2026-02-22 12:27:41,2026-02-22 13:03:54,CW→CC,2026-02-22,,20056,20056,570,Monedero
6366,2000226085,Concepcion,Cdal. Raul Silva Henriquez,20063,L2,V1,2026-02-22 14:34:08,2026-02-22 15:02:43,CC→CW,2026-02-22,,20063,20063,570,Monedero
6367,2000226155,Concepcion,Concepcion,,,N/A,2026-02-22 20:32:02,2026-02-22 20:32:35,,2026-02-22,no viajo,,,420,Monedero
6368,2000226155,Concepcion,Concepcion,,,N/A,2026-02-22 20:55:44,2026-02-22 20:56:25,,2026-02-22,no viajo,,,420,Monedero
6369,2000226155,Concepcion,Concepcion,,,N/A,2026-02-22 20:55:49,2026-02-22 20:56:19,,2026-02-22,no viajo,,,420,Monedero
6370,2000226234,Alborada,Costa Mar,20059,L2,V1,2026-02-22 13:32:29,2026-02-22 13:36:31,CC→CW,2026-02-22,,20059,20059,510,Monedero
6371,2000226248,Lomas Coloradas,El Parque,20066,L2,V1,2026-02-22 14:58:40,2026-02-22 15:31:45,CW→CC,2026-02-22,,20066,20066,430,Monedero
6372,2000226248,Lomas Coloradas,El Parque,20066,L2,V1,2026-02-22 14:58:44,2026-02-22 15:07:15,CW→CC,2026-02-22,,20066,20066,430,Monedero
6373,2000226248,El Parque,Lomas Coloradas,20067,L2,V1,2026-02-22 15:31:51,2026-02-22 15:51:40,CC→CW,2026-02-22,,20067,20067,430,Monedero
6374,2000226248,El Parque,Lomas Coloradas,20067,L2,V1,2026-02-22 15:31:58,2026-02-22 15:51:28,CC→CW,2026-02-22,,20067,20067,430,Monedero
6375,2000226269,Lomas Coloradas,Concepcion,20066,L2,V1,2026-02-22 14:40:24,2026-02-22 15:23:33,CW→CC,2026-02-22,,20066,20066,570,Monedero
6376,2000226269,Concepcion,Lomas Coloradas,20161,L2,V1,2026-02-22 18:12:25,2026-02-22 18:50:38,CC→CW,2026-02-22,,20161,20161,570,Monedero
6377,2000226439,Concepcion,Cdal. Raul Silva Henriquez,20059,L2,V1,2026-02-22 13:05:02,2026-02-22 13:44:41,CC→CW,2026-02-22,,20059,20059,570,Monedero
6378,2000226439,Cdal. Raul Silva Henriquez,Concepcion,20170,L2,V1,2026-02-22 20:33:25,2026-02-22 21:03:32,CW→CC,2026-02-22,,20170,20170,570,Monedero
6379,2000226462,Alborada,Concepcion,20076,L2,V1,2026-02-22 17:04:49,2026-02-22 17:30:19,CW→CC,2026-02-22,,20076,20076,570,Monedero
6380,2000226462,Concepcion,Alborada,20163,L2,V1,2026-02-22 18:59:53,2026-02-22 19:16:38,CC→CW,2026-02-22,,20163,20163,570,Monedero
6381,2000226462,Concepcion,Alborada,20163,L2,V1,2026-02-22 19:00:00,2026-02-22 19:16:36,CC→CW,2026-02-22,,20163,20163,570,Monedero
6382,2000226493,Concepcion,Cristo Redentor,20059,L2,V1,2026-02-22 13:00:14,2026-02-22 13:59:19,CC→CW,2026-02-22,,20059,20059,850,Monedero
6383,2000226499,Hualqui,Concepcion,20850,L1,V1,2026-02-22 09:09:50,2026-02-22 10:04:36,HQ→TH,2026-02-22,,20850,20850,550,Monedero
6384,2000226630,Concepcion,Laguna Quinenco,20161,L2,V1,2026-02-22 18:15:41,2026-02-22 19:12:43,CC→CW,2026-02-22,,20161,20161,880,Monedero
6385,2000226745,Concepcion,Coronel,20161,L2,V1,2026-02-22 18:18:18,2026-02-22 19:16:12,CC→CW,2026-02-22,,20161,20161,880,Monedero
6386,2000226745,Concepcion,Coronel,20161,L2,V1,2026-02-22 18:18:23,2026-02-22 19:16:07,CC→CW,2026-02-22,,20161,20161,880,Monedero
6387,2000226757,Concepcion,Laguna Quinenco,20153,L2,V1,2026-02-22 08:36:56,2026-02-22 09:59:34,CC→CW,2026-02-22,,20153,20149,880,Monedero
6388,2000226773,Concepcion,Laguna Quinenco,20069,L2,V1,2026-02-22 16:33:08,2026-02-22 17:26:25,CC→CW,2026-02-22,,20069,20069,880,Monedero
6389,2000226814,Coronel,Concepcion,20050,L2,V1,2026-02-22 10:49:08,2026-02-22 11:40:59,CW→CC,2026-02-22,,20050,20050,880,Monedero
6390,2000226814,Concepcion,Coronel,20163,L2,V1,2026-02-22 18:58:31,2026-02-22 19:48:05,CC→CW,2026-02-22,,20163,20163,880,Monedero
6391,2000226815,Coronel,Concepcion,20156,L2,V1,2026-02-22 09:18:02,2026-02-22 10:05:27,CW→CC,2026-02-22,,20156,20156,880,Monedero
6392,2000226847,Coronel,Concepcion,20062,L2,V1,2026-02-22 13:49:13,2026-02-22 14:42:56,CW→CC,2026-02-22,,20062,20062,880,Monedero
6393,2000227027,Costa Mar,Coronel,20063,L2,V1,2026-02-22 14:51:27,2026-02-22 15:21:09,CC→CW,2026-02-22,,20063,20063,650,Monedero
6394,2000227110,Concepcion,El Parque,20067,L2,V1,2026-02-22 15:18:37,2026-02-22 15:50:26,CC→CW,2026-02-22,,20067,20067,570,Monedero
6395,2000227110,Concepcion,El Parque,20067,L2,V1,2026-02-22 15:18:43,2026-02-22 15:50:21,CC→CW,2026-02-22,,20067,20067,570,Monedero
6396,2000227110,Concepcion,El Parque,20067,L2,V1,2026-02-22 15:18:57,2026-02-22 15:50:13,CC→CW,2026-02-22,,20067,20067,570,Monedero
6397,2000227110,El Parque,Concepcion,20162,L2,V1,2026-02-22 18:23:40,2026-02-22 19:01:33,CW→CC,2026-02-22,,20162,20162,570,Monedero
6398,2000227110,El Parque,Concepcion,20162,L2,V1,2026-02-22 18:23:49,2026-02-22 19:00:54,CW→CC,2026-02-22,,20162,20162,570,Monedero
6399,2000227122,Lomas Coloradas,Laguna Quinenco,20049,L2,V1,2026-02-22 11:37:28,2026-02-22 12:10:16,CC→CW,2026-02-22,,20049,20049,650,Monedero
6400,2000227429,Concepcion,Cristo Redentor,20153,L2,V1,2026-02-22 09:13:34,2026-02-22 09:56:49,CC→CW,2026-02-22,,20153,20153,850,Monedero
6401,2000227456,Hito Galvarino,Huinca,20059,L2,V1,2026-02-22 13:36:26,2026-02-22 13:55:45,CC→CW,2026-02-22,,20059,20059,460,Monedero
6402,2000227463,Cristo Redentor,Concepcion,20050,L2,V1,2026-02-22 10:31:41,2026-02-22 11:51:15,CW→CC,2026-02-22,,20050,20050,850,Monedero
6403,2000227463,Cristo Redentor,Concepcion,20050,L2,V1,2026-02-22 10:31:47,2026-02-22 11:51:07,CW→CC,2026-02-22,,20050,20050,850,Monedero
6404,2000227463,Concepcion,Cristo Redentor,20059,L2,V1,2026-02-22 13:17:12,2026-02-22 13:58:46,CC→CW,2026-02-22,,20059,20059,850,Monedero
6405,2000227467,Hito Galvarino,Concepcion,20066,L2,V1,2026-02-22 14:52:52,2026-02-22 15:27:38,CW→CC,2026-02-22,,20066,20066,850,Monedero
6406,2000227467,Concepcion,Cdal. Raul Silva Henriquez,20171,L2,V1,2026-02-22 20:26:05,2026-02-22 21:37:50,CC→CW,2026-02-22,,20171,20171,570,Monedero
6407,2000227570,Laguna Quinenco,Concepcion,20050,L2,V1,2026-02-22 10:57:55,2026-02-22 11:47:26,CW→CC,2026-02-22,,20050,20050,880,Monedero
6408,2000227574,Lomas Coloradas,Concepcion,20044,L2,V1,2026-02-22 10:18:59,2026-02-22 10:49:25,CW→CC,2026-02-22,,20044,20044,570,Monedero
6409,2000228035,Cdal. Raul Silva Henriquez,Costa Mar,20068,L2,V1,2026-02-22 15:53:23,2026-02-22 16:09:58,CW→CC,2026-02-22,,20068,20068,430,Monedero
6410,2000228036,Costa Mar,El Parque,20063,L2,V1,2026-02-22 14:33:10,2026-02-22 14:57:06,CC→CW,2026-02-22,,20063,20063,430,Monedero
6411,2000228036,Costa Mar,El Parque,20063,L2,V1,2026-02-22 14:33:16,2026-02-22 14:56:59,CC→CW,2026-02-22,,20063,20063,430,Monedero
6412,2000228604,Costa Mar,Concepcion,20068,L2,V1,2026-02-22 16:01:06,2026-02-22 16:40:03,CW→CC,2026-02-22,combo_por_entrada,20068,20845,590,Monedero
6413,2000228604,Concepcion,Chiguayante,20845,L1,V1,2026-02-22 16:01:12,2026-02-22 16:39:59,TH→HQ,2026-02-22,combo_por_entrada,20845,20845,590,Monedero
6414,2000243520,Juan Pablo II,Cdal. Raul Silva Henriquez,20171,L2,V1,2026-02-22 21:02:25,2026-02-22 21:36:48,CC→CW,2026-02-22,,20171,20171,510,Monedero
6415,2000243560,Los Canelos,El Parque,20156,L2,V1,2026-02-22 09:21:52,2026-02-22 09:44:37,CW→CC,2026-02-22,,20156,20156,610,Monedero
6416,2000243560,El Parque,Cdal. Raul Silva Henriquez,20167,L2,V1,2026-02-22 20:16:41,2026-02-22 20:28:08,CC→CW,2026-02-22,,20167,20167,430,Monedero
6417,2000243846,Huinca,Concepcion,20068,L2,V1,2026-02-22 15:40:41,2026-02-22 16:25:03,CW→CC,2026-02-22,,20068,20068,850,Monedero
6418,2000243936,Cdal. Raul Silva Henriquez,Concepcion,20068,L2,V1,2026-02-22 15:59:22,2026-02-22 16:26:27,CW→CC,2026-02-22,,20068,20068,570,Monedero
6419,2000243936,Concepcion,Cdal. Raul Silva Henriquez,20161,L2,V1,2026-02-22 18:04:53,2026-02-22 18:54:49,CC→CW,2026-02-22,,20161,20161,570,Monedero
6420,2000243938,Cdal. Raul Silva Henriquez,Concepcion,20044,L2,V1,2026-02-22 10:20:57,2026-02-22 10:49:10,CW→CC,2026-02-22,,20044,20044,570,Monedero
6421,2000243938,Concepcion,Cdal. Raul Silva Henriquez,20059,L2,V1,2026-02-22 13:09:12,2026-02-22 13:44:50,CC→CW,2026-02-22,,20059,20059,570,Monedero
6422,2000244040,Concepcion,Lomas Coloradas,20171,L2,V1,2026-02-22 20:26:04,2026-02-22 21:32:25,CC→CW,2026-02-22,,20171,20171,570,Monedero
6423,2000244158,Hito Galvarino,Cristo Redentor,20163,L2,V1,2026-02-22 19:20:20,2026-02-22 19:41:07,CC→CW,2026-02-22,,20163,20163,460,Monedero
6424,2000244266,Coronel,Concepcion,20050,L2,V1,2026-02-22 10:49:13,2026-02-22 11:40:50,CW→CC,2026-02-22,,20050,20050,880,Monedero
6425,2000244266,Concepcion,Coronel,20063,L2,V1,2026-02-22 14:27:33,2026-02-22 15:20:59,CC→CW,2026-02-22,,20063,20063,880,Monedero
6426,2000244355,Diagonal Bio Bio,Lomas Coloradas,20069,L2,V1,2026-02-22 16:42:30,2026-02-22 17:06:04,CC→CW,2026-02-22,,20069,20069,510,Monedero
6427,2000244358,Cristo Redentor,Costa Mar,20062,L2,V1,2026-02-22 13:32:26,2026-02-22 14:21:25,CW→CC,2026-02-22,,20062,20062,630,Monedero
6428,2000244358,Cristo Redentor,Costa Mar,20062,L2,V1,2026-02-22 13:32:32,2026-02-22 14:21:20,CW→CC,2026-02-22,,20062,20062,630,Monedero
6429,2000244460,Coronel,Concepcion,20044,L2,V1,2026-02-22 10:00:53,2026-02-22 10:48:17,CW→CC,2026-02-22,,20044,20044,880,Monedero
6430,2000244460,Concepcion,Coronel,20059,L2,V1,2026-02-22 13:14:58,2026-02-22 14:04:37,CC→CW,2026-02-22,,20059,20059,880,Monedero
6431,2000244527,Cristo Redentor,Concepcion,20152,L2,V1,2026-02-22 08:37:28,2026-02-22 09:16:34,CW→CC,2026-02-22,,20152,20152,850,Monedero
6432,2000244527,Concepcion,Cristo Redentor,20161,L2,V1,2026-02-22 18:27:38,2026-02-22 19:09:15,CC→CW,2026-02-22,,20161,20161,850,Monedero
6433,2000244737,Concepcion,Coronel,20035,L2,V1,2026-02-22 09:28:48,2026-02-22 10:48:13,CC→CW,2026-02-22,,20035,20035,880,Monedero
6434,2000244737,Coronel,Concepcion,20068,L2,V1,2026-02-22 15:28:14,2026-02-22 16:25:10,CW→CC,2026-02-22,,20068,20068,880,Monedero
6435,2000244755,Hualqui,Concepcion,20850,L1,V1,2026-02-22 09:25:13,2026-02-22 10:50:37,HQ→TH,2026-02-22,combo_por_entrada,20850,20850,600,Monedero
6436,2000244755,Hualqui,Concepcion,20850,L1,V1,2026-02-22 09:25:54,2026-02-22 10:50:32,HQ→TH,2026-02-22,combo_por_entrada,20850,20850,600,Monedero
6437,2000244755,Hualqui,Concepcion,20850,L1,V1,2026-02-22 09:26:07,2026-02-22 10:50:26,HQ→TH,2026-02-22,combo_por_entrada,20850,20035,600,Monedero
6438,2000244777,Concepcion,Los Canelos,20035,L2,V1,2026-02-22 09:28:39,2026-02-22 10:39:43,CC→CW,2026-02-22,,20035,20035,850,Monedero
6439,2000244777,Los Canelos,Concepcion,20052,L2,V1,2026-02-22 11:28:53,2026-02-22 12:02:32,CW→CC,2026-02-22,,20052,20052,850,Monedero
6440,2000244779,Concepcion,Lomas Coloradas,20161,L2,V1,2026-02-22 18:29:25,2026-02-22 18:49:46,CC→CW,2026-02-22,,20161,20161,570,Monedero
6441,2000244831,Concepcion,Cdal. Raul Silva Henriquez,20171,L2,V1,2026-02-22 20:31:09,2026-02-22 21:43:39,CC→CW,2026-02-22,,20171,20171,570,Monedero
6442,2000244978,El Parque,Concepcion,,,N/A,2026-02-22 20:41:42,2026-02-22 21:03:42,,2026-02-22,sin_combo_factible_en_hub|sin_s1_factible_retro,,,570,Monedero
6443,2000245097,Costa Mar,Cristo Redentor,20041,L2,V1,2026-02-22 10:37:52,2026-02-22 19:41:15,CC→CW,2026-02-22,,20041,20041,850,Monedero
6444,2000245097,Concepcion,Concepcion,,,N/A,2026-02-22 18:37:49,2026-02-22 18:55:06,,2026-02-22,no viajo,,,570,Monedero
6445,2000245166,Coronel,Concepcion,20044,L2,V1,2026-02-22 09:57:30,2026-02-22 10:48:48,CW→CC,2026-02-22,,20044,20044,880,Monedero
6446,2000245184,Hualqui,Concepcion,20844,L1,V1,2026-02-22 12:09:05,2026-02-22 13:03:47,HQ→TH,2026-02-22,,20844,20844,550,Monedero
6447,2000245184,Concepcion,Hualqui,20847,L1,V1,2026-02-22 20:29:04,2026-02-22 21:02:09,TH→HQ,2026-02-22,,20847,20847,550,Monedero
6448,2000245256,Huinca,Concepcion,20066,L2,V1,2026-02-22 14:42:01,2026-02-22 15:23:27,CW→CC,2026-02-22,,20066,20066,850,Monedero
6449,2000245256,Concepcion,Huinca,20157,L2,V1,2026-02-22 17:26:20,2026-02-22 18:07:19,CC→CW,2026-02-22,,20157,20157,850,Monedero
6450,2000245575,Costa Mar,Lomas Coloradas,20059,L2,V1,2026-02-22 13:13:26,2026-02-22 13:41:14,CC→CW,2026-02-22,,20059,20059,430,Monedero
6451,2000245602,Cristo Redentor,Hito Galvarino,20166,L2,V1,2026-02-22 19:16:38,2026-02-22 19:30:55,CW→CC,2026-02-22,,20166,20166,460,Monedero
6452,2000245604,Juan Pablo II,Huinca,20035,L2,V1,2026-02-22 09:53:45,2026-02-22 10:39:24,CC→CW,2026-02-22,,20035,20035,680,Monedero
6453,2000245604,Huinca,Costa Mar,20076,L2,V1,2026-02-22 16:46:29,2026-02-22 17:13:37,CW→CC,2026-02-22,,20076,20076,630,Monedero
6454,2000245645,Hito Galvarino,Concepcion,20162,L2,V1,2026-02-22 18:24:08,2026-02-22 19:01:05,CW→CC,2026-02-22,,20162,20162,850,Monedero
6455,2000245650,Hito Galvarino,Concepcion,20152,L2,V1,2026-02-22 08:41:16,2026-02-22 09:21:35,CW→CC,2026-02-22,,20152,20152,850,Monedero
6456,2000245650,Concepcion,Hito Galvarino,20059,L2,V1,2026-02-22 13:09:52,2026-02-22 13:51:24,CC→CW,2026-02-22,,20059,20059,850,Monedero
6457,2000245668,Los Canelos,Concepcion,20152,L2,V1,2026-02-22 08:36:19,2026-02-22 09:15:59,CW→CC,2026-02-22,,20152,20152,850,Monedero
6458,2000245748,Los Canelos,Concepcion,20040,L2,V1,2026-02-22 09:37:06,2026-02-22 10:36:15,CW→CC,2026-02-22,,20040,20040,850,Monedero
6459,2000245763,Los Canelos,El Parque,20050,L2,V1,2026-02-22 10:58:26,2026-02-22 11:22:29,CW→CC,2026-02-22,,20050,20050,610,Monedero
6460,2000245763,El Parque,Los Canelos,20059,L2,V1,2026-02-22 12:58:00,2026-02-22 13:53:31,CC→CW,2026-02-22,,20059,20059,610,Monedero
6461,2000245886,Huinca,Juan Pablo II,20152,L2,V1,2026-02-22 08:39:25,2026-02-22 09:09:45,CW→CC,2026-02-22,,20152,20152,680,Monedero
6462,2000245918,Los Canelos,Concepcion,20040,L2,V1,2026-02-22 09:42:57,2026-02-22 10:22:00,CW→CC,2026-02-22,,20040,20040,850,Monedero
6463,2000245918,Concepcion,Los Canelos,20063,L2,V1,2026-02-22 13:24:23,2026-02-22 15:10:51,CC→CW,2026-02-22,,20063,20059,850,Monedero
6464,2000246179,Coronel,Huinca,20066,L2,V1,2026-02-22 14:30:23,2026-02-22 14:49:16,CW→CC,2026-02-22,,20066,20066,450,Monedero
6465,2000246195,Laguna Quinenco,Diagonal Bio Bio,20156,L2,V1,2026-02-22 09:16:49,2026-02-22 09:52:43,CW→CC,2026-02-22,,20156,20156,790,Monedero
6466,2000246195,Laguna Quinenco,Diagonal Bio Bio,20156,L2,V1,2026-02-22 09:16:54,2026-02-22 09:52:30,CW→CC,2026-02-22,,20156,20156,790,Monedero
6467,2000246232,Concepcion,El Arenal,20844,L1,V1,2026-02-22 12:43:44,2026-02-22 14:06:37,HQ→TH,2026-02-22,,20844,20844,540,Monedero
6468,2000246232,Concepcion,El Arenal,20844,L1,V1,2026-02-22 12:43:50,2026-02-22 14:06:33,HQ→TH,2026-02-22,,20844,20844,540,Monedero
6469,2000246287,Concepcion,El Parque,20067,L2,V1,2026-02-22 15:27:49,2026-02-22 15:49:10,CC→CW,2026-02-22,,20067,20067,570,Monedero
6470,2000246287,El Parque,Concepcion,20166,L2,V1,2026-02-22 19:41:14,2026-02-22 20:00:20,CW→CC,2026-02-22,,20166,20166,570,Monedero
6471,2000246341,Juan Pablo II,Lomas Coloradas,20063,L2,V1,2026-02-22 14:38:09,2026-02-22 14:57:59,CC→CW,2026-02-22,,20063,20063,510,Monedero
6472,2000246490,Concepcion,Costa Mar,20161,L2,V1,2026-02-22 17:59:56,2026-02-22 18:44:37,CC→CW,2026-02-22,,20161,20161,570,Monedero
6473,2000246490,Concepcion,Costa Mar,20161,L2,V1,2026-02-22 18:00:01,2026-02-22 18:44:34,CC→CW,2026-02-22,,20161,20161,570,Monedero
6474,2000246490,Concepcion,Costa Mar,20161,L2,V1,2026-02-22 18:00:06,2026-02-22 18:44:32,CC→CW,2026-02-22,,20161,20161,570,Monedero
6475,2000246558,Los Canelos,Concepcion,20040,L2,V1,2026-02-22 09:43:59,2026-02-22 10:23:14,CW→CC,2026-02-22,,20040,20040,850,Monedero
6476,2000246646,Los Canelos,Laguna Quinenco,20161,L2,V1,2026-02-22 18:55:29,2026-02-22 19:13:03,CC→CW,2026-02-22,,20161,20161,530,Monedero
6477,2000246646,Los Canelos,Laguna Quinenco,20161,L2,V1,2026-02-22 18:55:44,2026-02-22 19:12:54,CC→CW,2026-02-22,,20161,20161,530,Monedero
6478,2000246689,Laguna Quinenco,Los Canelos,20052,L2,V1,2026-02-22 11:19:23,2026-02-22 11:29:15,CW→CC,2026-02-22,,20052,20052,530,Monedero
6479,2000246755,Cristo Redentor,Hito Galvarino,20166,L2,V1,2026-02-22 18:50:51,2026-02-22 19:31:07,CW→CC,2026-02-22,,20166,20166,460,Monedero
6480,2000246816,Hito Galvarino,Concepcion,20044,L2,V1,2026-02-22 10:15:04,2026-02-22 10:49:24,CW→CC,2026-02-22,,20044,20044,850,Monedero
6481,2000246949,Lomas Coloradas,Coronel,20059,L2,V1,2026-02-22 12:57:14,2026-02-22 14:04:14,CC→CW,2026-02-22,,20059,20059,650,Monedero
6482,2000246949,Coronel,Lomas Coloradas,20076,L2,V1,2026-02-22 16:26:53,2026-02-22 17:07:58,CW→CC,2026-02-22,,20076,20076,650,Monedero
6483,2000246998,Alborada,Cdal. Raul Silva Henriquez,20069,L2,V1,2026-02-22 16:23:19,2026-02-22 17:08:56,CC→CW,2026-02-22,,20069,20069,510,Monedero
6484,2000247049,Huinca,Concepcion,20044,L2,V1,2026-02-22 10:07:46,2026-02-22 10:49:16,CW→CC,2026-02-22,,20044,20044,850,Monedero
6485,2000247049,Concepcion,Huinca,20163,L2,V1,2026-02-22 18:50:06,2026-02-22 19:39:12,CC→CW,2026-02-22,,20163,20163,850,Monedero
6486,2000247071,Los Canelos,Concepcion,20076,L2,V1,2026-02-22 16:49:20,2026-02-22 17:31:18,CW→CC,2026-02-22,,20076,20076,850,Monedero
6487,2000247175,Concepcion,Cdal. Raul Silva Henriquez,20171,L2,V1,2026-02-22 20:13:22,2026-02-22 21:42:54,CC→CW,2026-02-22,combo_por_entrada,20171,20171,570,Monedero
6488,2000247191,Concepcion,Los Canelos,20163,L2,V1,2026-02-22 19:01:10,2026-02-22 19:37:35,CC→CW,2026-02-22,,20163,20163,850,Monedero
6489,2000247259,Diagonal Bio Bio,Cristo Redentor,20163,L2,V1,2026-02-22 18:53:17,2026-02-22 19:43:14,CC→CW,2026-02-22,,20163,20163,680,Monedero
6490,2000247264,Cristo Redentor,Concepcion,20052,L2,V1,2026-02-22 11:04:04,2026-02-22 12:03:39,CW→CC,2026-02-22,,20052,20050,850,Monedero
6491,2000247264,Cristo Redentor,Concepcion,20052,L2,V1,2026-02-22 11:04:14,2026-02-22 12:03:23,CW→CC,2026-02-22,,20052,20050,850,Monedero
6492,2000247433,Lomas Coloradas,Concepcion,20152,L2,V1,2026-02-22 08:44:57,2026-02-22 09:16:26,CW→CC,2026-02-22,,20152,20152,570,Monedero
6493,2000247463,Lomas Coloradas,Concepcion,20056,L2,V1,2026-02-22 12:24:56,2026-02-22 13:05:41,CW→CC,2026-02-22,,20056,20056,570,Monedero
6494,2000247463,Concepcion,Lomas Coloradas,20069,L2,V1,2026-02-22 16:09:56,2026-02-22 17:06:32,CC→CW,2026-02-22,,20069,20069,570,Monedero
6495,2000247626,Laguna Quinenco,Concepcion,20056,L2,V1,2026-02-22 12:16:23,2026-02-22 13:04:38,CW→CC,2026-02-22,,20056,20056,880,Monedero
6496,2000247626,Laguna Quinenco,Concepcion,20056,L2,V1,2026-02-22 12:16:28,2026-02-22 13:04:32,CW→CC,2026-02-22,,20056,20056,880,Monedero
6497,2000247626,Concepcion,Laguna Quinenco,20161,L2,V1,2026-02-22 17:57:31,2026-02-22 19:11:37,CC→CW,2026-02-22,,20161,20161,880,Monedero
6498,2000247632,Coronel,Alborada,20152,L2,V1,2026-02-22 08:22:00,2026-02-22 09:04:14,CW→CC,2026-02-22,,20152,20152,790,Monedero
6499,2000247657,Concepcion,Concepcion,,,N/A,2026-02-22 20:37:58,2026-02-22 20:44:23,,2026-02-22,no viajo,,,420,Monedero
6500,2000247822,Los Canelos,Hito Galvarino,20058,L2,V1,2026-02-22 12:32:46,2026-02-22 12:47:41,CW→CC,2026-02-22,,20058,20056,440,Monedero
6501,2000248233,Concepcion,Huinca,20067,L2,V1,2026-02-22 15:07:07,2026-02-22 16:06:10,CC→CW,2026-02-22,,20067,20067,850,Monedero
6502,2000248350,Costa Mar,Concepcion,20052,L2,V1,2026-02-22 11:36:49,2026-02-22 12:06:27,CW→CC,2026-02-22,,20052,20052,570,Monedero
6503,2000248350,Concepcion,Costa Mar,20161,L2,V1,2026-02-22 18:29:17,2026-02-22 18:45:05,CC→CW,2026-02-22,,20161,20161,570,Monedero
6504,2000248459,Juan Pablo II,El Parque,20149,L2,V1,2026-02-22 08:14:01,2026-02-22 08:49:17,CC→CW,2026-02-22,,20149,20149,510,Monedero
6505,2000248459,El Parque,Juan Pablo II,20160,L2,V1,2026-02-22 18:04:19,2026-02-22 18:21:24,CW→CC,2026-02-22,,20160,20160,510,Monedero
6506,2020030859,Concepcion,Cdal. Raul Silva Henriquez,20069,L2,V1,2026-02-22 16:38:35,2026-02-22 17:08:48,CC→CW,2026-02-22,,20069,20069,570,Monedero
6507,2020034801,Cristo Redentor,Juan Pablo II,20056,L2,V1,2026-02-22 12:21:31,2026-02-22 12:54:45,CW→CC,2026-02-22,,20056,20056,680,Monedero
6508,2040088073,Manquimavida,Mercado,20850,L1,V1,2026-02-22 09:39:37,2026-02-22 10:28:10,HQ→TH,2026-02-22,,20850,20850,550,Monedero
6509,2040088074,Concepcion,Cristo Redentor,20161,L2,V1,2026-02-22 18:21:46,2026-02-22 19:09:18,CC→CW,2026-02-22,,20161,20161,850,Monedero
6510,2040088077,La Leonera,Concepcion,20850,L1,V1,2026-02-22 09:39:09,2026-02-22 10:06:51,HQ→TH,2026-02-22,,20850,20850,510,Monedero
6511,2040088252,Hito Galvarino,Los Canelos,20053,L2,V1,2026-02-22 12:32:49,2026-02-22 12:43:41,CC→CW,2026-02-22,,20053,20053,440,Monedero
6512,2040088421,Costa Mar,Concepcion,20040,L2,V1,2026-02-22 10:00:32,2026-02-22 10:22:42,CW→CC,2026-02-22,,20040,20040,570,Monedero
6513,2040088433,Huinca,Cristo Redentor,20069,L2,V1,2026-02-22 17:16:26,2026-02-22 17:24:30,CC→CW,2026-02-22,,20069,20069,440,Monedero
6514,2040088433,Cristo Redentor,Laguna Quinenco,20157,L2,V1,2026-02-22 17:40:34,2026-02-22 18:11:36,CC→CW,2026-02-22,,20157,20157,450,Monedero
6515,2040088433,Laguna Quinenco,Cristo Redentor,20166,L2,V1,2026-02-22 19:08:57,2026-02-22 19:22:34,CW→CC,2026-02-22,,20166,20166,450,Monedero
6516,2040088608,Cdal. Raul Silva Henriquez,Concepcion,20156,L2,V1,2026-02-22 09:25:32,2026-02-22 10:03:04,CW→CC,2026-02-22,,20156,20156,570,Monedero
6517,2040089268,Laguna Quinenco,Cristo Redentor,20162,L2,V1,2026-02-22 18:15:38,2026-02-22 18:24:51,CW→CC,2026-02-22,,20162,20162,450,Monedero
6518,2040092909,Concepcion,Cdal. Raul Silva Henriquez,20171,L2,V1,2026-02-22 20:17:50,2026-02-22 21:36:59,CC→CW,2026-02-22,,20171,20171,570,Monedero
6519,2040092921,Coronel,El Parque,20066,L2,V1,2026-02-22 14:36:17,2026-02-22 15:07:41,CW→CC,2026-02-22,,20066,20066,650,Monedero
6520,2040092921,Coronel,El Parque,20066,L2,V1,2026-02-22 14:37:31,2026-02-22 15:07:31,CW→CC,2026-02-22,,20066,20066,650,Monedero
6521,2040093037,Costa Mar,Lomas Coloradas,20063,L2,V1,2026-02-22 14:17:52,2026-02-22 14:58:10,CC→CW,2026-02-22,,20063,20063,430,Monedero
6522,2040093263,Coronel,Concepcion,20056,L2,V1,2026-02-22 12:14:49,2026-02-22 13:12:08,CW→CC,2026-02-22,,20056,20056,880,Monedero
6523,2040093963,Concepcion,Lomas Coloradas,20171,L2,V1,2026-02-22 20:42:43,2026-02-22 21:31:55,CC→CW,2026-02-22,,20171,20171,570,Monedero
6524,2040093963,Concepcion,Lomas Coloradas,20171,L2,V1,2026-02-22 20:42:51,2026-02-22 21:31:37,CC→CW,2026-02-22,,20171,20171,570,Monedero
6525,2040093984,Lomas Coloradas,Concepcion,20162,L2,V1,2026-02-22 18:38:34,2026-02-22 19:00:12,CW→CC,2026-02-22,,20162,20162,570,Monedero
6526,2040102064,Costa Mar,Coronel,20049,L2,V1,2026-02-22 11:33:33,2026-02-22 12:13:24,CC→CW,2026-02-22,,20049,20049,650,Monedero
6527,2040102448,Lomas Coloradas,Concepcion,20166,L2,V1,2026-02-22 19:16:32,2026-02-22 20:00:00,CW→CC,2026-02-22,,20166,20166,570,Monedero
6528,2040102448,Lomas Coloradas,Concepcion,20166,L2,V1,2026-02-22 19:16:39,2026-02-22 19:59:55,CW→CC,2026-02-22,,20166,20166,570,Monedero
6529,2040102806,Cristo Redentor,Concepcion,20062,L2,V1,2026-02-22 13:34:52,2026-02-22 14:32:28,CW→CC,2026-02-22,,20062,20062,850,Monedero
6530,2040102901,Lomas Coloradas,Cristo Redentor,20059,L2,V1,2026-02-22 13:30:26,2026-02-22 13:58:46,CC→CW,2026-02-22,,20059,20059,630,Monedero
6531,2040102927,Los Canelos,Laguna Quinenco,20069,L2,V1,2026-02-22 17:07:43,2026-02-22 17:27:03,CC→CW,2026-02-22,,20069,20069,530,Monedero
6532,2040103056,Lomas Coloradas,Costa Mar,20058,L2,V1,2026-02-22 12:54:25,2026-02-22 13:00:16,CW→CC,2026-02-22,,20058,20058,430,Monedero
6533,2040103098,Concepcion,Lomas Coloradas,20053,L2,V1,2026-02-22 12:05:33,2026-02-22 12:32:17,CC→CW,2026-02-22,,20053,20053,570,Monedero
6534,2040103261,Laguna Quinenco,Concepcion,20166,L2,V1,2026-02-22 18:34:43,2026-02-22 20:02:20,CW→CC,2026-02-22,,20166,20166,880,Monedero
6535,2040103454,Cdal. Raul Silva Henriquez,Concepcion,20044,L2,V1,2026-02-22 10:08:59,2026-02-22 10:54:27,CW→CC,2026-02-22,,20044,20044,570,Monedero
6536,2040103454,Cdal. Raul Silva Henriquez,Concepcion,20044,L2,V1,2026-02-22 10:09:11,2026-02-22 10:54:22,CW→CC,2026-02-22,,20044,20044,570,Monedero
6537,2040103721,Concepcion,Cristo Redentor,20149,L2,V1,2026-02-22 08:23:59,2026-02-22 09:10:16,CC→CW,2026-02-22,,20149,20149,850,Monedero
6538,2040103790,Los Canelos,Concepcion,20040,L2,V1,2026-02-22 09:36:27,2026-02-22 10:30:40,CW→CC,2026-02-22,,20040,20040,850,Monedero
6539,2040103882,Lomas Coloradas,Juan Pablo II,20058,L2,V1,2026-02-22 12:52:04,2026-02-22 13:08:54,CW→CC,2026-02-22,,20058,20058,510,Monedero
6540,2040103905,Cdal. Raul Silva Henriquez,El Parque,20056,L2,V1,2026-02-22 12:13:14,2026-02-22 12:44:41,CW→CC,2026-02-22,,20056,20056,430,Monedero
6541,2040103905,El Parque,Cdal. Raul Silva Henriquez,20059,L2,V1,2026-02-22 13:22:22,2026-02-22 13:44:41,CC→CW,2026-02-22,,20059,20059,430,Monedero
6542,2040103985,Cdal. Raul Silva Henriquez,Costa Mar,20062,L2,V1,2026-02-22 13:58:35,2026-02-22 14:19:17,CW→CC,2026-02-22,,20062,20062,430,Monedero
6543,2040103993,Cdal. Raul Silva Henriquez,Laguna Quinenco,20059,L2,V1,2026-02-22 13:34:28,2026-02-22 14:01:11,CC→CW,2026-02-22,,20059,20059,650,Monedero
6544,2040136364,Los Canelos,Concepcion,20062,L2,V1,2026-02-22 13:54:12,2026-02-22 14:32:12,CW→CC,2026-02-22,,20062,20062,850,Monedero
6545,2040136805,Cdal. Raul Silva Henriquez,Laguna Quinenco,20153,L2,V1,2026-02-22 09:40:37,2026-02-22 09:59:44,CC→CW,2026-02-22,,20153,20153,650,Monedero
6546,2040137659,Hualqui,Concepcion,20844,L1,V1,2026-02-22 12:16:39,2026-02-22 13:51:59,HQ→TH,2026-02-22,combo_por_entrada,20844,20844,910,Monedero
6547,2040137940,Lomas Coloradas,Concepcion,20062,L2,V1,2026-02-22 14:11:30,2026-02-22 14:32:49,CW→CC,2026-02-22,,20062,20062,570,Monedero
6548,2040137940,Lomas Coloradas,Concepcion,20062,L2,V1,2026-02-22 14:11:45,2026-02-22 14:32:42,CW→CC,2026-02-22,,20062,20062,570,Monedero
6549,2040140020,Lomas Coloradas,Juan Pablo II,20162,L2,V1,2026-02-22 18:37:41,2026-02-22 18:53:30,CW→CC,2026-02-22,,20162,20162,510,Monedero
6550,2040140442,Concepcion,Laguna Quinenco,20051,L2,V1,2026-02-22 11:36:47,2026-02-22 12:26:18,CC→CW,2026-02-22,,20051,20049,880,Monedero
6551,2040140754,Cdal. Raul Silva Henriquez,Cristo Redentor,20041,L2,V1,2026-02-22 10:50:01,2026-02-22 11:07:40,CC→CW,2026-02-22,,20041,20041,630,Monedero
6552,2040140985,Concepcion,Juan Pablo II,20063,L2,V1,2026-02-22 14:20:42,2026-02-22 14:47:30,CC→CW,2026-02-22,,20063,20063,570,Monedero
6553,2040140985,Concepcion,Juan Pablo II,20063,L2,V1,2026-02-22 14:20:46,2026-02-22 14:47:25,CC→CW,2026-02-22,,20063,20063,570,Monedero
6554,2040140985,Juan Pablo II,Concepcion,20162,L2,V1,2026-02-22 18:46:21,2026-02-22 19:22:46,CW→CC,2026-02-22,,20162,20162,570,Monedero
6555,2040141332,Laguna Quinenco,Concepcion,20068,L2,V1,2026-02-22 15:35:02,2026-02-22 16:26:54,CW→CC,2026-02-22,,20068,20068,880,Monedero
6556,2040141429,Lomas Coloradas,Los Canelos,20053,L2,V1,2026-02-22 12:26:55,2026-02-22 12:43:49,CC→CW,2026-02-22,,20053,20053,610,Monedero
6557,2040141429,Los Canelos,Concepcion,20066,L2,V1,2026-02-22 14:42:49,2026-02-22 15:24:40,CW→CC,2026-02-22,,20066,20066,850,Monedero
6558,2040141429,Concepcion,Los Canelos,20157,L2,V1,2026-02-22 17:26:00,2026-02-22 18:04:01,CC→CW,2026-02-22,,20157,20157,850,Monedero
6559,2040141527,Los Canelos,Concepcion,20156,L2,V1,2026-02-22 09:03:10,2026-02-22 10:03:07,CW→CC,2026-02-22,,20156,20156,850,Monedero
6560,2040141527,Concepcion,Hito Galvarino,20063,L2,V1,2026-02-22 14:13:23,2026-02-22 15:06:42,CC→CW,2026-02-22,,20063,20063,850,Monedero
6561,2040141656,Costa Mar,Juan Pablo II,20052,L2,V1,2026-02-22 11:39:20,2026-02-22 11:55:29,CW→CC,2026-02-22,,20052,20052,510,Monedero
6562,2040146156,Lomas Coloradas,Concepcion,20052,L2,V1,2026-02-22 11:38:52,2026-02-22 12:02:37,CW→CC,2026-02-22,,20052,20052,570,Monedero
6563,2040146156,Concepcion,Lomas Coloradas,20063,L2,V1,2026-02-22 14:25:12,2026-02-22 14:59:08,CC→CW,2026-02-22,,20063,20063,570,Monedero
6564,2040146364,Cdal. Raul Silva Henriquez,Lomas Coloradas,20166,L2,V1,2026-02-22 19:23:05,2026-02-22 19:40:31,CW→CC,2026-02-22,,20166,20166,430,Monedero
6565,2040146389,Juan Pablo II,Diagonal Bio Bio,20167,L2,V1,2026-02-22 20:01:21,2026-02-22 20:12:43,CC→CW,2026-02-22,,20167,20167,440,Monedero
6566,2040146469,Cristo Redentor,Concepcion,20066,L2,V1,2026-02-22 14:29:50,2026-02-22 15:28:04,CW→CC,2026-02-22,,20066,20066,850,Monedero
6567,2040146469,Cristo Redentor,Concepcion,20066,L2,V1,2026-02-22 14:30:07,2026-02-22 15:24:25,CW→CC,2026-02-22,,20066,20066,850,Monedero
6568,2040146469,Concepcion,Cristo Redentor,20161,L2,V1,2026-02-22 18:15:35,2026-02-22 19:09:31,CC→CW,2026-02-22,,20161,20161,850,Monedero
6569,2040146469,Concepcion,Cristo Redentor,20161,L2,V1,2026-02-22 18:15:42,2026-02-22 19:09:23,CC→CW,2026-02-22,,20161,20161,850,Monedero
6570,2040146536,Lomas Coloradas,Costa Mar,20156,L2,V1,2026-02-22 09:36:44,2026-02-22 09:47:02,CW→CC,2026-02-22,,20156,20156,430,Monedero
6571,2040146602,Los Canelos,Lomas Coloradas,20166,L2,V1,2026-02-22 19:21:41,2026-02-22 19:40:26,CW→CC,2026-02-22,,20166,20166,610,Monedero
6572,2040146952,Concepcion,Cdal. Raul Silva Henriquez,20171,L2,V1,2026-02-22 20:55:45,2026-02-22 21:35:10,CC→CW,2026-02-22,,20171,20171,570,Monedero
6573,2040147089,Concepcion,Manquimavida,20847,L1,V1,2026-02-22 20:27:08,2026-02-22 20:45:45,TH→HQ,2026-02-22,,20847,20847,510,Monedero
6574,2040147546,Concepcion,Cdal. Raul Silva Henriquez,20171,L2,V1,2026-02-22 20:54:03,2026-02-22 21:40:16,CC→CW,2026-02-22,,20171,20171,570,Monedero
6575,2040147955,Laguna Quinenco,Concepcion,20056,L2,V1,2026-02-22 12:18:19,2026-02-22 13:08:54,CW→CC,2026-02-22,,20056,20056,880,Monedero
6576,2040262140,Juan Pablo II,Cdal. Raul Silva Henriquez,20161,L2,V1,2026-02-22 18:22:34,2026-02-22 18:53:14,CC→CW,2026-02-22,,20161,20161,510,Monedero
6577,2040335497,Concepcion,Concepcion,,,N/A,2026-02-22 20:52:19,2026-02-22 21:04:58,,2026-02-22,no viajo,,,420,Monedero
6578,2040341247,Concepcion,Cdal. Raul Silva Henriquez,20063,L2,V1,2026-02-22 13:51:36,2026-02-22 15:01:30,CC→CW,2026-02-22,,20063,20063,570,Monedero
6579,2040399196,Juan Pablo II,Coronel,20059,L2,V1,2026-02-22 13:05:58,2026-02-22 14:04:44,CC→CW,2026-02-22,,20059,20059,790,Monedero
6580,2040399196,Coronel,Laguna Quinenco,20066,L2,V1,2026-02-22 14:34:54,2026-02-22 14:44:56,CW→CC,2026-02-22,,20066,20066,440,Monedero
6581,2040399196,Laguna Quinenco,Juan Pablo II,20076,L2,V1,2026-02-22 16:49:12,2026-02-22 18:22:12,CW→CC,2026-02-22,,20076,20076,790,Monedero
6582,2100000091,Concepcion,Lomas Coloradas,20035,L2,V1,2026-02-22 10:04:26,2026-02-22 10:24:06,CC→CW,2026-02-22,,20035,20035,290,Adulto Mayor
6583,2100000091,Lomas Coloradas,Concepcion,20056,L2,V1,2026-02-22 12:03:17,2026-02-22 13:05:02,CW→CC,2026-02-22,,20056,20056,290,Adulto Mayor
6584,2100000622,Los Canelos,Cdal. Raul Silva Henriquez,20166,L2,V1,2026-02-22 19:25:10,2026-02-22 19:37:54,CW→CC,2026-02-22,,20166,20166,310,Adulto Mayor
6585,2100000736,Laguna Quinenco,Concepcion,20160,L2,V1,2026-02-22 16:59:36,2026-02-22 18:29:20,CW→CC,2026-02-22,,20160,20160,440,Adulto Mayor
6586,2100000736,Laguna Quinenco,Concepcion,20160,L2,V1,2026-02-22 16:59:39,2026-02-22 18:29:24,CW→CC,2026-02-22,,20160,20160,880,Monedero
6587,2100000736,Concepcion,Cdal. Raul Silva Henriquez,20167,L2,V1,2026-02-22 19:54:50,2026-02-22 20:32:06,CC→CW,2026-02-22,,20167,20167,290,Adulto Mayor
6588,2100000736,Concepcion,Cdal. Raul Silva Henriquez,20167,L2,V1,2026-02-22 19:54:55,2026-02-22 20:32:10,CC→CW,2026-02-22,,20167,20167,570,Monedero
6589,2100000905,Concepcion,Huinca,20161,L2,V1,2026-02-22 17:51:53,2026-02-22 19:07:20,CC→CW,2026-02-22,,20161,20161,0,Discapacitado
6590,2100000943,Concepcion,Hito Galvarino,20059,L2,V1,2026-02-22 13:10:17,2026-02-22 13:50:45,CC→CW,2026-02-22,,20059,20059,850,Monedero
6591,2100001160,Concepcion,Hito Galvarino,20053,L2,V1,2026-02-22 11:52:31,2026-02-22 12:40:01,CC→CW,2026-02-22,,20053,20051,430,Adulto Mayor
6592,2100001557,Los Canelos,Concepcion,,,N/A,2026-02-22 11:27:02,2026-02-22 11:47:54,,2026-02-22,sin_combo_factible_en_hub|sin_s1_factible_retro,,,0,Discapacitado
6593,2100001557,Concepcion,Concepcion,,,N/A,2026-02-22 20:20:18,2026-02-22 20:41:44,,2026-02-22,no viajo,,,0,Discapacitado
6594,2100002112,Concepcion,Costa Mar,20161,L2,V1,2026-02-22 17:09:36,2026-02-22 18:44:09,CC→CW,2026-02-22,combo_relajado_pase1,20161,20161,590,Monedero
6595,2100002280,Los Canelos,Concepcion,20052,L2,V1,2026-02-22 11:20:37,2026-02-22 12:02:44,CW→CC,2026-02-22,,20052,20052,850,Monedero
6596,2100002338,Hito Galvarino,Cristo Redentor,20163,L2,V1,2026-02-22 19:27:31,2026-02-22 19:41:49,CC→CW,2026-02-22,,20163,20163,460,Monedero
6597,2100002439,Cristo Redentor,Concepcion,20062,L2,V1,2026-02-22 13:53:15,2026-02-22 14:33:22,CW→CC,2026-02-22,,20062,20062,430,Adulto Mayor
6598,2100002439,Cristo Redentor,Concepcion,20062,L2,V1,2026-02-22 13:53:29,2026-02-22 14:33:30,CW→CC,2026-02-22,,20062,20062,850,Monedero
6599,2100002470,Laguna Quinenco,El Parque,20066,L2,V1,2026-02-22 14:29:37,2026-02-22 15:07:26,CW→CC,2026-02-22,,20066,20066,330,Adulto Mayor
6600,2100002470,El Parque,Laguna Quinenco,20069,L2,V1,2026-02-22 16:59:28,2026-02-22 17:26:50,CC→CW,2026-02-22,,20069,20069,330,Adulto Mayor
6601,2100002602,Los Canelos,Laguna Quinenco,20067,L2,V1,2026-02-22 15:50:02,2026-02-22 16:12:30,CC→CW,2026-02-22,,20067,20067,0,Discapacitado
6602,2100002655,Concepcion,Laguna Quinenco,20035,L2,V1,2026-02-22 10:00:24,2026-02-22 10:45:30,CC→CW,2026-02-22,,20035,20035,440,Adulto Mayor
6603,2100002954,Concepcion,Coronel,20067,L2,V1,2026-02-22 14:56:37,2026-02-22 16:16:29,CC→CW,2026-02-22,,20067,20067,440,Adulto Mayor
6604,2100002954,Coronel,Concepcion,20166,L2,V1,2026-02-22 19:02:45,2026-02-22 20:01:05,CW→CC,2026-02-22,,20166,20166,440,Adulto Mayor
6605,2100003022,Concepcion,Coronel,20069,L2,V1,2026-02-22 16:10:53,2026-02-22 17:29:57,CC→CW,2026-02-22,combo_por_entrada,20069,20069,0,Discapacitado
6606,2100003105,Laguna Quinenco,Coronel,20049,L2,V1,2026-02-22 12:02:42,2026-02-22 12:13:09,CC→CW,2026-02-22,,20049,20049,220,Adulto Mayor
6607,2100003146,Hito Galvarino,Concepcion,20044,L2,V1,2026-02-22 10:12:14,2026-02-22 10:49:02,CW→CC,2026-02-22,,20044,20044,430,Adulto Mayor
6608,2100003146,Concepcion,Hito Galvarino,20063,L2,V1,2026-02-22 14:14:11,2026-02-22 15:07:39,CC→CW,2026-02-22,,20063,20063,430,Adulto Mayor
6609,2100003151,Los Canelos,Coronel,20059,L2,V1,2026-02-22 13:25:07,2026-02-22 15:20:29,CC→CW,2026-02-22,,20059,20059,0,Discapacitado
6610,2100003151,Coronel,Cristo Redentor,20068,L2,V1,2026-02-22 15:36:43,2026-02-22 15:47:38,CW→CC,2026-02-22,,20068,20068,0,Discapacitado
6611,2100003167,Cristo Redentor,Diagonal Bio Bio,20076,L2,V1,2026-02-22 16:50:06,2026-02-22 17:20:18,CW→CC,2026-02-22,,20076,20076,340,Adulto Mayor
6612,2100003167,Diagonal Bio Bio,Lomas Coloradas,20167,L2,V1,2026-02-22 20:09:00,2026-02-22 20:26:01,CC→CW,2026-02-22,,20167,20167,260,Adulto Mayor
6613,2100003801,Coronel,Costa Mar,20068,L2,V1,2026-02-22 15:22:08,2026-02-22 16:09:39,CW→CC,2026-02-22,,20068,20068,0,Discapacitado
6614,2100003900,Concepcion,Cristo Redentor,20069,L2,V1,2026-02-22 15:46:11,2026-02-22 17:24:19,CC→CW,2026-02-22,combo_por_entrada,20069,20069,900,Monedero
6615,2100003900,Cristo Redentor,Concepcion,20166,L2,V1,2026-02-22 19:17:33,2026-02-22 19:59:21,CW→CC,2026-02-22,,20166,20166,850,Monedero
6616,2100003900,Concepcion,Mercado,20848,L1,V1,2026-02-22 20:59:10,2026-02-22 21:32:11,HQ→TH,2026-02-22,,20848,20848,540,Monedero
6617,2100004221,Huinca,Hito Galvarino,20062,L2,V1,2026-02-22 13:55:23,2026-02-22 14:03:37,CW→CC,2026-02-22,,20062,20062,230,Adulto Mayor
6618,2100004221,Hito Galvarino,Huinca,20163,L2,V1,2026-02-22 19:19:10,2026-02-22 19:38:49,CC→CW,2026-02-22,,20163,20163,230,Adulto Mayor
6619,2100004380,Concepcion,El Arenal,20850,L1,V1,2026-02-22 09:01:36,2026-02-22 10:28:13,HQ→TH,2026-02-22,combo_relajado_pase1,20850,20850,0,Otros
6620,2100004989,Juan Pablo II,Cdal. Raul Silva Henriquez,20171,L2,V1,2026-02-22 20:58:00,2026-02-22 21:35:38,CC→CW,2026-02-22,,20171,20171,260,Adulto Mayor
6621,2100005291,Hualqui,Los Condores,20850,L1,V1,2026-02-22 09:26:09,2026-02-22 10:18:12,HQ→TH,2026-02-22,,20850,20850,280,Adulto Mayor
6622,2100005465,Concepcion,Cdal. Raul Silva Henriquez,20069,L2,V1,2026-02-22 16:13:53,2026-02-22 17:09:11,CC→CW,2026-02-22,,20069,20069,290,Adulto Mayor
6623,2100005627,Concepcion,Hito Galvarino,20053,L2,V1,2026-02-22 11:52:51,2026-02-22 12:40:01,CC→CW,2026-02-22,,20053,20051,430,Adulto Mayor
6624,2100006163,Concepcion,Cristo Redentor,20059,L2,V1,2026-02-22 13:02:50,2026-02-22 14:00:30,CC→CW,2026-02-22,,20059,20059,430,Adulto Mayor
6625,2100006304,Lomas Coloradas,Los Canelos,20157,L2,V1,2026-02-22 17:50:07,2026-02-22 18:04:55,CC→CW,2026-02-22,,20157,20157,310,Adulto Mayor
6626,2100006306,Cristo Redentor,El Parque,20068,L2,V1,2026-02-22 15:06:58,2026-02-22 16:08:29,CW→CC,2026-02-22,,20068,20068,0,Discapacitado
6627,2100006306,El Parque,Cristo Redentor,20163,L2,V1,2026-02-22 19:04:13,2026-02-22 19:43:15,CC→CW,2026-02-22,,20163,20163,0,Discapacitado
6628,2100006850,Concepcion,Concepcion,,,N/A,2026-02-22 10:02:54,2026-02-22 10:06:07,,2026-02-22,no viajo,,,420,Monedero
6629,2100006850,Concepcion,Concepcion,,,N/A,2026-02-22 20:34:02,2026-02-22 20:35:14,,2026-02-22,no viajo,,,420,Monedero
6630,2100006885,Cdal. Raul Silva Henriquez,Concepcion,20156,L2,V1,2026-02-22 09:25:30,2026-02-22 10:03:28,CW→CC,2026-02-22,,20156,20156,290,Adulto Mayor
6631,2100007239,Concepcion,Lomas Coloradas,20069,L2,V1,2026-02-22 16:38:14,2026-02-22 17:06:23,CC→CW,2026-02-22,,20069,20069,290,Adulto Mayor
6632,2100007373,Cdal. Raul Silva Henriquez,Huinca,20161,L2,V1,2026-02-22 18:51:48,2026-02-22 19:06:49,CC→CW,2026-02-22,,20161,20161,320,Adulto Mayor
6633,2100007741,Concepcion,Diagonal Bio Bio,20161,L2,V1,2026-02-22 18:29:09,2026-02-22 18:39:34,CC→CW,2026-02-22,,20161,20161,570,Monedero
6634,2100007741,Concepcion,Diagonal Bio Bio,20161,L2,V1,2026-02-22 18:29:11,2026-02-22 18:39:30,CC→CW,2026-02-22,,20161,20161,570,Monedero
6635,2100008301,Huinca,Cdal. Raul Silva Henriquez,20066,L2,V1,2026-02-22 14:42:44,2026-02-22 17:49:59,CW→CC,2026-02-22,,20066,20066,630,Monedero
6636,2100008301,Cdal. Raul Silva Henriquez,Cristo Redentor,20157,L2,V1,2026-02-22 17:50:02,2026-02-22 18:09:07,CC→CW,2026-02-22,,20157,20157,630,Monedero
6637,2100008536,Lomas Coloradas,Concepcion,20050,L2,V1,2026-02-22 11:12:00,2026-02-22 12:33:12,CW→CC,2026-02-22,,20050,20050,0,Otros
6638,2100008780,Cristo Redentor,Coronel,20035,L2,V1,2026-02-22 10:24:46,2026-02-22 10:48:21,CC→CW,2026-02-22,,20035,20035,230,Adulto Mayor
6639,2100008780,Coronel,Cristo Redentor,20062,L2,V1,2026-02-22 13:39:57,2026-02-22 13:56:28,CW→CC,2026-02-22,,20062,20062,230,Adulto Mayor
6640,2100008807,Cristo Redentor,Laguna Quinenco,20167,L2,V1,2026-02-22 20:37:02,2026-02-22 21:03:03,CC→CW,2026-02-22,,20167,20167,230,Adulto Mayor
6641,2100008888,Lomas Coloradas,Huinca,20059,L2,V1,2026-02-22 13:26:24,2026-02-22 13:58:28,CC→CW,2026-02-22,,20059,20059,320,Adulto Mayor
6642,2100008888,Huinca,Laguna Quinenco,20069,L2,V1,2026-02-22 17:19:08,2026-02-22 17:27:54,CC→CW,2026-02-22,,20069,20069,230,Adulto Mayor
6643,2100008888,Laguna Quinenco,Huinca,20166,L2,V1,2026-02-22 19:09:12,2026-02-22 19:25:45,CW→CC,2026-02-22,,20166,20166,230,Adulto Mayor
6644,2100009054,Los Canelos,Concepcion,20056,L2,V1,2026-02-22 12:20:07,2026-02-22 13:09:42,CW→CC,2026-02-22,,20056,20056,850,Monedero
6645,2100009085,Los Canelos,Coronel,20157,L2,V1,2026-02-22 17:59:02,2026-02-22 18:14:17,CC→CW,2026-02-22,,20157,20157,0,Discapacitado
6646,2100009418,Lomas Coloradas,Laguna Quinenco,20069,L2,V1,2026-02-22 16:56:23,2026-02-22 17:26:45,CC→CW,2026-02-22,,20069,20069,330,Adulto Mayor
6647,2100009607,Pedro Medina,Higueras,20846,L1,V1,2026-02-22 17:13:30,2026-02-22 17:51:37,HQ→TH,2026-02-22,,20846,20846,270,Adulto Mayor
6648,2100009845,Concepcion,Concepcion,,,N/A,2026-02-22 17:28:14,2026-02-22 17:29:36,,2026-02-22,no viajo,,,420,Monedero
6649,2100009845,Concepcion,Concepcion,,,N/A,2026-02-22 17:28:21,2026-02-22 17:29:15,,2026-02-22,no viajo,,,420,Monedero
6650,2100009885,Concepcion,Costa Mar,20161,L2,V1,2026-02-22 18:21:15,2026-02-22 18:44:11,CC→CW,2026-02-22,,20161,20161,290,Adulto Mayor
6651,2100009924,Huinca,Cdal. Raul Silva Henriquez,20166,L2,V1,2026-02-22 18:57:52,2026-02-22 19:38:11,CW→CC,2026-02-22,,20166,20166,320,Adulto Mayor
6652,2100009990,Alborada,Cdal. Raul Silva Henriquez,20163,L2,V1,2026-02-22 18:50:11,2026-02-22 19:26:46,CC→CW,2026-02-22,,20163,20161,260,Adulto Mayor
6653,2100010000,Lomas Coloradas,Concepcion,20056,L2,V1,2026-02-22 12:38:56,2026-02-22 13:03:27,CW→CC,2026-02-22,,20056,20056,290,Adulto Mayor
6654,2100010000,Concepcion,El Parque,20067,L2,V1,2026-02-22 15:28:13,2026-02-22 15:49:15,CC→CW,2026-02-22,,20067,20067,290,Adulto Mayor
6655,2100010000,El Parque,Lomas Coloradas,20163,L2,V1,2026-02-22 19:13:17,2026-02-22 19:23:25,CC→CW,2026-02-22,,20163,20163,220,Adulto Mayor
6656,2102000004,Concepcion,Cdal. Raul Silva Henriquez,20053,L2,V1,2026-02-22 12:01:00,2026-02-22 12:34:13,CC→CW,2026-02-22,,20053,20053,570,Monedero
6657,2102000154,Huinca,Concepcion,20068,L2,V1,2026-02-22 15:19:37,2026-02-22 16:27:16,CW→CC,2026-02-22,,20068,20068,850,Monedero
6658,2102000528,Lomas Coloradas,Concepcion,,,N/A,2026-02-22 20:35:00,2026-02-22 21:04:51,,2026-02-22,sin_combo_factible_en_hub|sin_s1_factible_retro,,,570,Monedero
6659,2102000643,Concepcion,Hito Galvarino,20067,L2,V1,2026-02-22 15:13:53,2026-02-22 15:59:56,CC→CW,2026-02-22,,20067,20067,850,Monedero
6660,2102000643,Cdal. Raul Silva Henriquez,Concepcion,20166,L2,V1,2026-02-22 19:19:47,2026-02-22 20:01:46,CW→CC,2026-02-22,,20166,20166,570,Monedero
6661,2102001360,Lomas Coloradas,Concepcion,20058,L2,V1,2026-02-22 12:51:04,2026-02-22 13:15:43,CW→CC,2026-02-22,,20058,20058,570,Monedero
6662,2102001360,Concepcion,Lomas Coloradas,20167,L2,V1,2026-02-22 19:50:02,2026-02-22 20:24:01,CC→CW,2026-02-22,,20167,20167,570,Monedero
6663,2102002415,Los Canelos,El Parque,20152,L2,V1,2026-02-22 08:33:16,2026-02-22 08:59:53,CW→CC,2026-02-22,,20152,20152,610,Monedero
6664,2102002415,El Parque,Cdal. Raul Silva Henriquez,20167,L2,V1,2026-02-22 20:06:25,2026-02-22 20:29:58,CC→CW,2026-02-22,,20167,20167,430,Monedero
6665,2102002782,Los Canelos,Concepcion,20156,L2,V1,2026-02-22 09:25:59,2026-02-22 10:03:47,CW→CC,2026-02-22,,20156,20156,850,Monedero
6666,2102003060,Los Canelos,Concepcion,20152,L2,V1,2026-02-22 08:40:47,2026-02-22 09:17:10,CW→CC,2026-02-22,,20152,20152,850,Monedero
6667,2102003060,Concepcion,Los Canelos,20161,L2,V1,2026-02-22 18:14:36,2026-02-22 19:04:58,CC→CW,2026-02-22,,20161,20161,850,Monedero
6668,2102003489,Los Canelos,Concepcion,20160,L2,V1,2026-02-22 17:51:35,2026-02-22 18:29:07,CW→CC,2026-02-22,,20160,20160,850,Monedero
6669,2102003906,Concepcion,Cdal. Raul Silva Henriquez,20167,L2,V1,2026-02-22 19:57:19,2026-02-22 20:29:27,CC→CW,2026-02-22,,20167,20167,570,Monedero
6670,2102004445,Chiguayante,Concepcion,20848,L1,V1,2026-02-22 20:37:15,2026-02-22 21:06:52,HQ→TH,2026-02-22,,20848,20848,510,Monedero
6671,2102005055,Concepcion,Costa Mar,20167,L2,V1,2026-02-22 19:41:31,2026-02-22 20:18:44,CC→CW,2026-02-22,,20167,20167,570,Monedero
6672,2102005055,Concepcion,Costa Mar,20167,L2,V1,2026-02-22 19:41:36,2026-02-22 20:18:40,CC→CW,2026-02-22,,20167,20167,570,Monedero
6673,2102005251,Concepcion,Costa Mar,20063,L2,V1,2026-02-22 14:16:25,2026-02-22 14:53:24,CC→CW,2026-02-22,,20063,20063,570,Monedero
6674,2102005251,Concepcion,Costa Mar,20063,L2,V1,2026-02-22 14:16:33,2026-02-22 14:53:18,CC→CW,2026-02-22,,20063,20063,570,Monedero
6675,2102005251,Concepcion,Los Condores,20848,L1,V1,2026-02-22 20:37:32,2026-02-22 21:22:08,HQ→TH,2026-02-22,combo_relajado_pase1,20848,20848,590,Monedero
6676,2102005276,Lomas Coloradas,Cdal. Raul Silva Henriquez,20167,L2,V1,2026-02-22 20:10:46,2026-02-22 20:29:55,CC→CW,2026-02-22,,20167,20167,430,Monedero
6677,2102005956,Cdal. Raul Silva Henriquez,Concepcion,,,N/A,2026-02-22 14:56:29,2026-02-22 15:08:38,,2026-02-22,sin_combo_factible_en_hub|sin_s1_factible_retro,,,570,Monedero
6678,2102005956,Concepcion,Cdal. Raul Silva Henriquez,20157,L2,V1,2026-02-22 17:26:33,2026-02-22 17:54:19,CC→CW,2026-02-22,,20157,20157,570,Monedero
6679,2102006570,Concepcion,Costa Mar,20171,L2,V1,2026-02-22 20:40:18,2026-02-22 21:24:54,CC→CW,2026-02-22,,20171,20171,570,Monedero
6680,2102006598,Concepcion,Cdal. Raul Silva Henriquez,20171,L2,V1,2026-02-22 20:45:51,2026-02-22 21:48:59,CC→CW,2026-02-22,match_por_salida_fallback,20171,20171,590,Monedero
6681,2102006827,Costa Mar,Cristo Redentor,20063,L2,V1,2026-02-22 14:34:21,2026-02-22 15:17:37,CC→CW,2026-02-22,,20063,20063,630,Monedero
6682,2102007335,Laguna Quinenco,Concepcion,20162,L2,V1,2026-02-22 17:57:48,2026-02-22 19:00:35,CW→CC,2026-02-22,,20162,20162,880,Monedero
6683,2102007651,Concepcion,Coronel,20053,L2,V1,2026-02-22 12:06:32,2026-02-22 12:55:34,CC→CW,2026-02-22,,20053,20053,880,Monedero
6684,2102007651,Concepcion,Coronel,20053,L2,V1,2026-02-22 12:06:39,2026-02-22 12:55:28,CC→CW,2026-02-22,,20053,20053,880,Monedero
6685,2102007651,Coronel,Concepcion,20166,L2,V1,2026-02-22 18:53:31,2026-02-22 20:00:04,CW→CC,2026-02-22,,20166,20166,880,Monedero
6686,2102007651,Coronel,Concepcion,20166,L2,V1,2026-02-22 18:53:36,2026-02-22 19:59:59,CW→CC,2026-02-22,,20166,20166,880,Monedero
6687,2103000073,Concepcion,Los Condores,20844,L1,V1,2026-02-22 11:57:15,2026-02-22 13:17:42,HQ→TH,2026-02-22,combo_relajado_pase1,20844,20844,300,Adulto Mayor
6688,2103000140,Coronel,Concepcion,20160,L2,V1,2026-02-22 17:13:57,2026-02-22 18:28:51,CW→CC,2026-02-22,,20160,20160,440,Adulto Mayor
6689,2103000181,Manquimavida,Lzo. Arenas,20846,L1,V1,2026-02-22 17:11:32,2026-02-22 17:40:25,HQ→TH,2026-02-22,,20846,20846,260,Adulto Mayor
6690,2103000182,Costa Mar,Diagonal Bio Bio,20160,L2,V1,2026-02-22 18:10:27,2026-02-22 18:18:17,CW→CC,2026-02-22,,20160,20160,260,Adulto Mayor
6691,2103000206,Manquimavida,Lzo. Arenas,20850,L1,V1,2026-02-22 09:34:45,2026-02-22 10:12:05,HQ→TH,2026-02-22,,20850,20850,260,Adulto Mayor
6692,2103000230,Concepcion,Lomas Coloradas,20161,L2,V1,2026-02-22 17:35:20,2026-02-22 18:50:28,CC→CW,2026-02-22,,20161,20157,290,Adulto Mayor
6693,2103000272,Concepcion,Los Canelos,20153,L2,V1,2026-02-22 08:23:36,2026-02-22 09:53:27,CC→CW,2026-02-22,combo_por_entrada,20153,20153,440,Adulto Mayor
6694,2103000272,Concepcion,El Arenal,20846,L1,V1,2026-02-22 16:37:13,2026-02-22 17:57:37,HQ→TH,2026-02-22,combo_por_entrada,20846,20846,460,Adulto Mayor
6695,2103000287,Concepcion,El Parque,20049,L2,V1,2026-02-22 10:51:30,2026-02-22 11:49:05,CC→CW,2026-02-22,,20049,20049,290,Adulto Mayor
6696,2103000287,Los Canelos,Concepcion,20160,L2,V1,2026-02-22 17:34:16,2026-02-22 18:29:57,CW→CC,2026-02-22,,20160,20160,430,Adulto Mayor
6697,2103000288,Concepcion,El Parque,20049,L2,V1,2026-02-22 10:51:38,2026-02-22 11:49:08,CC→CW,2026-02-22,,20049,20049,290,Adulto Mayor
6698,2103000288,Los Canelos,Concepcion,20160,L2,V1,2026-02-22 17:34:22,2026-02-22 18:30:01,CW→CC,2026-02-22,,20160,20160,430,Adulto Mayor
6699,2103000339,Huinca,El Parque,20062,L2,V1,2026-02-22 13:39:21,2026-02-22 14:17:00,CW→CC,2026-02-22,,20062,20062,320,Adulto Mayor
6700,2103000339,El Parque,Los Canelos,20067,L2,V1,2026-02-22 15:35:24,2026-02-22 16:03:28,CC→CW,2026-02-22,,20067,20067,310,Adulto Mayor
6701,2103000390,Huinca,Juan Pablo II,20152,L2,V1,2026-02-22 08:32:05,2026-02-22 09:09:07,CW→CC,2026-02-22,,20152,20152,340,Adulto Mayor
6702,2103000390,Concepcion,Huinca,20163,L2,V1,2026-02-22 18:49:28,2026-02-22 19:38:29,CC→CW,2026-02-22,,20163,20163,430,Adulto Mayor
6703,2103001101,Laguna Quinenco,Concepcion,20156,L2,V1,2026-02-22 09:12:44,2026-02-22 10:03:56,CW→CC,2026-02-22,,20156,20156,440,Adulto Mayor
6704,2103001101,Concepcion,Laguna Quinenco,20051,L2,V1,2026-02-22 11:47:51,2026-02-22 12:50:28,CC→CW,2026-02-22,,20051,20051,440,Adulto Mayor
6705,2103001322,Laguna Quinenco,Juan Pablo II,20052,L2,V1,2026-02-22 11:19:48,2026-02-22 11:55:41,CW→CC,2026-02-22,,20052,20052,400,Adulto Mayor
6706,2103001322,Juan Pablo II,Laguna Quinenco,20063,L2,V1,2026-02-22 14:40:33,2026-02-22 15:20:33,CC→CW,2026-02-22,,20063,20063,400,Adulto Mayor
6707,2103001386,Cristo Redentor,Hito Galvarino,20050,L2,V1,2026-02-22 10:59:46,2026-02-22 11:09:40,CW→CC,2026-02-22,,20050,20050,230,Adulto Mayor
6708,2103001390,Cristo Redentor,Concepcion,20050,L2,V1,2026-02-22 10:54:47,2026-02-22 11:46:47,CW→CC,2026-02-22,,20050,20050,430,Adulto Mayor
6709,2103001451,Cristo Redentor,Concepcion,20152,L2,V1,2026-02-22 08:29:25,2026-02-22 09:16:45,CW→CC,2026-02-22,,20152,20152,430,Adulto Mayor
6710,2103002086,Lomas Coloradas,El Parque,20156,L2,V1,2026-02-22 09:38:06,2026-02-22 09:43:51,CW→CC,2026-02-22,,20156,20156,220,Adulto Mayor
6711,2103002086,El Parque,Lomas Coloradas,20167,L2,V1,2026-02-22 20:16:03,2026-02-22 20:23:51,CC→CW,2026-02-22,,20167,20167,220,Adulto Mayor
6712,2103002137,Lomas Coloradas,Concepcion,20056,L2,V1,2026-02-22 12:39:01,2026-02-22 13:03:30,CW→CC,2026-02-22,,20056,20056,290,Adulto Mayor
6713,2103002137,Concepcion,El Parque,20067,L2,V1,2026-02-22 15:28:24,2026-02-22 15:49:30,CC→CW,2026-02-22,,20067,20067,290,Adulto Mayor
6714,2103002137,El Parque,Lomas Coloradas,20163,L2,V1,2026-02-22 19:13:06,2026-02-22 19:23:24,CC→CW,2026-02-22,,20163,20163,220,Adulto Mayor
6715,2103002168,Diagonal Bio Bio,Laguna Quinenco,20153,L2,V1,2026-02-22 09:18:26,2026-02-22 10:00:01,CC→CW,2026-02-22,,20153,20153,400,Adulto Mayor
6716,2103002168,Laguna Quinenco,Diagonal Bio Bio,20166,L2,V1,2026-02-22 19:15:11,2026-02-22 19:50:27,CW→CC,2026-02-22,,20166,20166,400,Adulto Mayor
6717,2103002478,Concepcion,Coronel,20051,L2,V1,2026-02-22 11:38:28,2026-02-22 12:28:51,CC→CW,2026-02-22,,20051,20051,440,Adulto Mayor
6718,2103002482,Cristo Redentor,Juan Pablo II,20160,L2,V1,2026-02-22 17:36:56,2026-02-22 18:21:34,CW→CC,2026-02-22,,20160,20160,340,Adulto Mayor
6719,2103002483,Juan Pablo II,Los Canelos,20161,L2,V1,2026-02-22 18:16:24,2026-02-22 19:03:38,CC→CW,2026-02-22,,20161,20161,330,Adulto Mayor
6720,2103002634,Cristo Redentor,Juan Pablo II,20152,L2,V1,2026-02-22 08:29:45,2026-02-22 09:09:30,CW→CC,2026-02-22,,20152,20152,340,Adulto Mayor
6721,2103002658,Los Canelos,Hito Galvarino,20068,L2,V1,2026-02-22 15:32:59,2026-02-22 15:55:43,CW→CC,2026-02-22,,20068,20068,220,Adulto Mayor
6722,2103002670,Cristo Redentor,Juan Pablo II,20044,L2,V1,2026-02-22 09:50:56,2026-02-22 10:40:27,CW→CC,2026-02-22,,20044,20040,340,Adulto Mayor
6723,2103002670,Juan Pablo II,Cristo Redentor,20049,L2,V1,2026-02-22 11:05:49,2026-02-22 12:07:47,CC→CW,2026-02-22,,20049,20049,340,Adulto Mayor
6724,2103002732,Coronel,Laguna Quinenco,20076,L2,V1,2026-02-22 16:17:24,2026-02-22 16:50:25,CW→CC,2026-02-22,,20076,20076,220,Adulto Mayor
6725,2103002774,Lomas Coloradas,Los Canelos,20069,L2,V1,2026-02-22 16:49:57,2026-02-22 17:19:40,CC→CW,2026-02-22,,20069,20069,310,Adulto Mayor
6726,2103002774,Los Canelos,Lomas Coloradas,20166,L2,V1,2026-02-22 19:07:36,2026-02-22 19:40:06,CW→CC,2026-02-22,,20166,20166,310,Adulto Mayor
6727,2103002789,Laguna Quinenco,Coronel,20161,L2,V1,2026-02-22 18:59:06,2026-02-22 19:15:58,CC→CW,2026-02-22,,20161,20161,220,Adulto Mayor
6728,2103002796,Los Canelos,Cristo Redentor,20059,L2,V1,2026-02-22 13:46:13,2026-02-22 13:59:35,CC→CW,2026-02-22,,20059,20059,230,Adulto Mayor
6729,2103002886,Concepcion,Cristo Redentor,20153,L2,V1,2026-02-22 09:17:12,2026-02-22 09:56:52,CC→CW,2026-02-22,,20153,20153,430,Adulto Mayor
6730,2103002956,Huinca,El Parque,20044,L2,V1,2026-02-22 10:12:39,2026-02-22 10:32:58,CW→CC,2026-02-22,,20044,20044,320,Adulto Mayor
6731,2103002956,El Parque,Huinca,20053,L2,V1,2026-02-22 12:14:39,2026-02-22 12:45:31,CC→CW,2026-02-22,,20053,20053,320,Adulto Mayor
6732,2103003057,Huinca,Concepcion,20062,L2,V1,2026-02-22 13:51:35,2026-02-22 14:32:11,CW→CC,2026-02-22,,20062,20062,430,Adulto Mayor
6733,2103003057,Concepcion,Huinca,20069,L2,V1,2026-02-22 16:40:27,2026-02-22 17:23:36,CC→CW,2026-02-22,,20069,20069,430,Adulto Mayor
6734,2103003167,Laguna Quinenco,Concepcion,20050,L2,V1,2026-02-22 10:21:19,2026-02-22 11:47:32,CW→CC,2026-02-22,,20050,20050,440,Adulto Mayor
6735,2103003185,Coronel,Concepcion,20076,L2,V1,2026-02-22 16:25:39,2026-02-22 17:29:07,CW→CC,2026-02-22,,20076,20076,440,Adulto Mayor
6736,2103003261,Coronel,Diagonal Bio Bio,20040,L2,V1,2026-02-22 09:35:19,2026-02-22 10:12:35,CW→CC,2026-02-22,,20040,20040,400,Adulto Mayor
6737,2103003269,Concepcion,Cdal. Raul Silva Henriquez,20171,L2,V1,2026-02-22 20:36:21,2026-02-22 21:38:14,CC→CW,2026-02-22,,20171,20171,290,Adulto Mayor
6738,2103003274,Laguna Quinenco,Huinca,20068,L2,V1,2026-02-22 15:36:42,2026-02-22 15:49:58,CW→CC,2026-02-22,,20068,20068,230,Adulto Mayor
6739,2103003382,Cristo Redentor,Concepcion,20040,L2,V1,2026-02-22 09:35:13,2026-02-22 10:22:10,CW→CC,2026-02-22,,20040,20040,430,Adulto Mayor
6740,2103003382,Concepcion,Cristo Redentor,20157,L2,V1,2026-02-22 17:14:53,2026-02-22 18:08:48,CC→CW,2026-02-22,,20157,20157,430,Adulto Mayor
6741,2103003389,Cristo Redentor,Juan Pablo II,20160,L2,V1,2026-02-22 17:40:13,2026-02-22 18:23:51,CW→CC,2026-02-22,,20160,20160,340,Adulto Mayor
6742,2103003400,Concepcion,Los Canelos,20157,L2,V1,2026-02-22 17:22:04,2026-02-22 18:03:56,CC→CW,2026-02-22,,20157,20157,430,Adulto Mayor
6743,2103003472,Los Canelos,El Parque,20068,L2,V1,2026-02-22 15:35:09,2026-02-22 16:08:15,CW→CC,2026-02-22,,20068,20068,310,Adulto Mayor
6744,2103003496,Concepcion,El Parque,20163,L2,V1,2026-02-22 18:36:40,2026-02-22 19:22:03,CC→CW,2026-02-22,,20163,20161,290,Adulto Mayor
6745,2103003511,Los Condores,Concepcion,20859,L1,V1,2026-02-22 12:29:19,2026-02-22 12:56:28,TH→HQ,2026-02-22,,20859,20859,250,Adulto Mayor
6746,2103003594,Cdal. Raul Silva Henriquez,Concepcion,20066,L2,V1,2026-02-22 14:55:06,2026-02-22 15:23:12,CW→CC,2026-02-22,,20066,20066,290,Adulto Mayor
6747,2103003594,Concepcion,Cdal. Raul Silva Henriquez,20163,L2,V1,2026-02-22 18:57:29,2026-02-22 19:28:03,CC→CW,2026-02-22,,20163,20163,290,Adulto Mayor
6748,2103003677,Concepcion,Costa Mar,20161,L2,V1,2026-02-22 18:19:29,2026-02-22 18:44:26,CC→CW,2026-02-22,,20161,20161,290,Adulto Mayor
6749,2103003747,Cdal. Raul Silva Henriquez,Laguna Quinenco,20049,L2,V1,2026-02-22 11:47:33,2026-02-22 12:10:53,CC→CW,2026-02-22,,20049,20049,330,Adulto Mayor
6750,2103003747,Laguna Quinenco,Coronel,20053,L2,V1,2026-02-22 12:41:35,2026-02-22 12:52:47,CC→CW,2026-02-22,,20053,20053,220,Adulto Mayor
6751,2103003747,Coronel,Cdal. Raul Silva Henriquez,20076,L2,V1,2026-02-22 16:33:29,2026-02-22 17:05:41,CW→CC,2026-02-22,,20076,20076,330,Adulto Mayor
6752,2103003907,Diagonal Bio Bio,Concepcion,20066,L2,V1,2026-02-22 14:50:59,2026-02-22 15:23:48,CW→CC,2026-02-22,,20066,20066,290,Adulto Mayor
6753,2103003907,Concepcion,Diagonal Bio Bio,20069,L2,V1,2026-02-22 16:13:50,2026-02-22 16:54:58,CC→CW,2026-02-22,,20069,20069,290,Adulto Mayor
6754,2103009517,Concepcion,Mercado,20846,L1,V1,2026-02-22 17:10:40,2026-02-22 18:01:33,HQ→TH,2026-02-22,combo_por_entrada,20846,20846,280,Adulto Mayor
6755,2103009517,Mercado,Concepcion,20847,L1,V1,2026-02-22 19:37:34,2026-02-22 20:30:07,TH→HQ,2026-02-22,,20847,20847,270,Adulto Mayor
6756,2103010004,Concepcion,Lomas Coloradas,20167,L2,V1,2026-02-22 19:37:19,2026-02-22 20:26:25,CC→CW,2026-02-22,,20167,20167,290,Adulto Mayor
6757,2103010049,Cristo Redentor,Concepcion,20152,L2,V1,2026-02-22 08:34:36,2026-02-22 09:16:01,CW→CC,2026-02-22,,20152,20152,430,Adulto Mayor
6758,2103010112,Los Canelos,Concepcion,20050,L2,V1,2026-02-22 10:59:41,2026-02-22 11:40:15,CW→CC,2026-02-22,,20050,20050,430,Adulto Mayor
6759,2103010148,Huinca,Costa Mar,20152,L2,V1,2026-02-22 08:40:01,2026-02-22 09:01:51,CW→CC,2026-02-22,,20152,20152,320,Adulto Mayor
6760,2103010148,Costa Mar,Huinca,20051,L2,V1,2026-02-22 12:01:33,2026-02-22 12:45:24,CC→CW,2026-02-22,,20051,20051,320,Adulto Mayor
6761,2103010165,Lomas Coloradas,Coronel,20153,L2,V1,2026-02-22 09:02:28,2026-02-22 10:04:59,CC→CW,2026-02-22,,20153,20153,330,Adulto Mayor
6762,2103010384,Coronel,Laguna Quinenco,20076,L2,V1,2026-02-22 16:17:01,2026-02-22 16:50:05,CW→CC,2026-02-22,,20076,20076,220,Adulto Mayor
6763,2104003060,Concepcion,Laguna Quinenco,20049,L2,V1,2026-02-22 11:28:08,2026-02-22 12:10:48,CC→CW,2026-02-22,,20049,20049,0,Otros
6764,2104003515,Hito Galvarino,Juan Pablo II,20152,L2,V1,2026-02-22 08:43:47,2026-02-22 09:09:39,CW→CC,2026-02-22,,20152,20152,0,Otros
6765,2104003515,Juan Pablo II,Hito Galvarino,20161,L2,V1,2026-02-22 18:08:55,2026-02-22 19:00:05,CC→CW,2026-02-22,,20161,20161,0,Otros
6766,2104003528,Diagonal Bio Bio,Concepcion,20058,L2,V1,2026-02-22 13:03:36,2026-02-22 13:15:35,CW→CC,2026-02-22,,20058,20058,0,Otros
6767,2104003540,Concepcion,Los Canelos,20067,L2,V1,2026-02-22 15:22:41,2026-02-22 16:03:19,CC→CW,2026-02-22,,20067,20067,0,Otros
6768,2104004357,Concepcion,El Parque,20067,L2,V1,2026-02-22 15:22:17,2026-02-22 15:48:59,CC→CW,2026-02-22,,20067,20067,0,Otros
6769,2104004357,El Parque,Concepcion,20160,L2,V1,2026-02-22 17:41:16,2026-02-22 18:29:45,CW→CC,2026-02-22,,20160,20160,0,Otros
6770,2106000034,Hito Galvarino,Concepcion,20052,L2,V1,2026-02-22 11:17:04,2026-02-22 12:03:11,CW→CC,2026-02-22,,20052,20052,0,Otros
6771,2106000173,Los Canelos,Juan Pablo II,20160,L2,V1,2026-02-22 17:43:55,2026-02-22 18:21:42,CW→CC,2026-02-22,,20160,20160,0,Discapacitado
6772,2106000243,Concepcion,Laguna Quinenco,20069,L2,V1,2026-02-22 16:27:36,2026-02-22 17:27:47,CC→CW,2026-02-22,,20069,20069,0,Discapacitado
6773,2106000255,Juan Pablo II,Cdal. Raul Silva Henriquez,20167,L2,V1,2026-02-22 19:42:46,2026-02-22 20:29:22,CC→CW,2026-02-22,,20167,20167,0,Discapacitado
6774,2106000373,Concepcion,Concepcion,,,N/A,2026-02-22 12:34:48,2026-02-22 12:36:12,,2026-02-22,no viajo,,,0,Discapacitado
6775,2106000540,Cristo Redentor,Concepcion,20152,L2,V1,2026-02-22 08:37:41,2026-02-22 09:15:51,CW→CC,2026-02-22,,20152,20152,0,Discapacitado
6776,2106000581,Cristo Redentor,Huinca,20162,L2,V1,2026-02-22 18:14:17,2026-02-22 18:26:45,CW→CC,2026-02-22,,20162,20162,0,Discapacitado
6777,2106000624,Coronel,Diagonal Bio Bio,20162,L2,V1,2026-02-22 18:12:54,2026-02-22 18:50:24,CW→CC,2026-02-22,,20162,20162,0,Discapacitado
6778,2106000657,Juan Pablo II,Coronel,20163,L2,V1,2026-02-22 18:58:23,2026-02-22 19:48:39,CC→CW,2026-02-22,,20163,20163,0,Discapacitado
6779,2106000778,Concepcion,Chiguayante,20845,L1,V1,2026-02-22 16:23:36,2026-02-22 16:40:03,TH→HQ,2026-02-22,,20845,20845,0,Otros
6780,2106000898,Cristo Redentor,Concepcion,20160,L2,V1,2026-02-22 17:43:34,2026-02-22 18:29:20,CW→CC,2026-02-22,,20160,20160,0,Discapacitado
6781,2106000977,Cristo Redentor,Laguna Quinenco,20053,L2,V1,2026-02-22 12:46:10,2026-02-22 12:49:20,CC→CW,2026-02-22,,20053,20053,0,Discapacitado
6782,2106001038,UTF Santa Maria,Concepcion,20845,L1,V1,2026-02-22 16:08:25,2026-02-22 16:30:24,TH→HQ,2026-02-22,,20845,20845,0,Discapacitado
6783,2106001038,Concepcion,UTF Santa Maria,20880,L1,V1,2026-02-22 21:19:08,2026-02-22 22:13:23,HQ→TH,2026-02-22,,20880,20880,0,Discapacitado
6784,2106001094,Costa Mar,Concepcion,20152,L2,V1,2026-02-22 08:48:26,2026-02-22 09:16:16,CW→CC,2026-02-22,,20152,20152,0,Discapacitado
6785,2106001161,Concepcion,Cdal. Raul Silva Henriquez,20063,L2,V1,2026-02-22 14:31:51,2026-02-22 15:01:13,CC→CW,2026-02-22,,20063,20063,0,Discapacitado
6786,2106001248,Concepcion,Mercado,20850,L1,V1,2026-02-22 09:58:25,2026-02-22 10:27:26,HQ→TH,2026-02-22,,20850,20850,0,Discapacitado
6787,2106001358,Costa Mar,Concepcion,20156,L2,V1,2026-02-22 09:41:52,2026-02-22 10:02:47,CW→CC,2026-02-22,,20156,20156,0,Discapacitado
6788,2106001358,Concepcion,Costa Mar,20059,L2,V1,2026-02-22 12:34:33,2026-02-22 13:35:51,CC→CW,2026-02-22,,20059,20059,0,Discapacitado
6789,2106001377,Coronel,Costa Mar,20062,L2,V1,2026-02-22 13:23:18,2026-02-22 14:19:10,CW→CC,2026-02-22,,20062,20062,0,Discapacitado
6790,2106001429,Cdal. Raul Silva Henriquez,Diagonal Bio Bio,20066,L2,V1,2026-02-22 14:58:52,2026-02-22 15:13:18,CW→CC,2026-02-22,,20066,20066,0,Otros
6791,2106001507,Los Canelos,Cristo Redentor,20153,L2,V1,2026-02-22 09:48:07,2026-02-22 09:57:41,CC→CW,2026-02-22,,20153,20153,0,Discapacitado
6792,2106001609,Concepcion,Huinca,20157,L2,V1,2026-02-22 16:50:15,2026-02-22 18:07:08,CC→CW,2026-02-22,,20157,20069,0,Discapacitado
6793,2106001623,Laguna Quinenco,Concepcion,20076,L2,V1,2026-02-22 16:36:28,2026-02-22 17:29:58,CW→CC,2026-02-22,,20076,20076,0,Discapacitado
6794,2106001623,Concepcion,Cdal. Raul Silva Henriquez,20167,L2,V1,2026-02-22 19:58:30,2026-02-22 20:31:52,CC→CW,2026-02-22,,20167,20167,0,Discapacitado
6795,2106001719,El Parque,Cdal. Raul Silva Henriquez,20167,L2,V1,2026-02-22 20:04:26,2026-02-22 20:28:28,CC→CW,2026-02-22,,20167,20167,0,Discapacitado
6796,2106001826,Los Canelos,Juan Pablo II,20076,L2,V1,2026-02-22 16:47:08,2026-02-22 17:21:45,CW→CC,2026-02-22,,20076,20076,0,Discapacitado
6797,2106001983,Concepcion,Huinca,20063,L2,V1,2026-02-22 14:13:17,2026-02-22 15:12:49,CC→CW,2026-02-22,,20063,20063,0,Discapacitado
6798,2106003350,Huinca,Costa Mar,20066,L2,V1,2026-02-22 14:18:06,2026-02-22 15:09:17,CW→CC,2026-02-22,,20066,20066,0,Otros
6799,2106003350,Costa Mar,Huinca,20069,L2,V1,2026-02-22 16:41:29,2026-02-22 17:22:06,CC→CW,2026-02-22,,20069,20069,0,Otros
6800,2106003352,Concepcion,Cdal. Raul Silva Henriquez,20149,L2,V1,2026-02-22 08:28:18,2026-02-22 08:55:20,CC→CW,2026-02-22,,20149,20149,0,Discapacitado
6801,2106003407,Hito Galvarino,Huinca,20035,L2,V1,2026-02-22 10:32:30,2026-02-22 10:39:25,CC→CW,2026-02-22,,20035,20035,0,Otros
6802,2106003407,Huinca,Hito Galvarino,20050,L2,V1,2026-02-22 10:53:00,2026-02-22 11:09:38,CW→CC,2026-02-22,,20050,20050,0,Otros
6803,2106003407,Hito Galvarino,Cdal. Raul Silva Henriquez,20076,L2,V1,2026-02-22 16:57:02,2026-02-22 17:05:01,CW→CC,2026-02-22,,20076,20076,0,Otros
6804,2106003421,Concepcion,Coronel,20163,L2,V1,2026-02-22 18:55:01,2026-02-22 19:47:16,CC→CW,2026-02-22,,20163,20163,0,Otros
6805,2106003459,Concepcion,Los Canelos,20059,L2,V1,2026-02-22 13:20:00,2026-02-22 13:55:02,CC→CW,2026-02-22,,20059,20059,0,Discapacitado
6806,2106003467,Hito Galvarino,Concepcion,20044,L2,V1,2026-02-22 10:12:37,2026-02-22 10:48:55,CW→CC,2026-02-22,,20044,20044,0,Discapacitado
6807,2106003467,Concepcion,Hito Galvarino,20063,L2,V1,2026-02-22 14:13:40,2026-02-22 15:07:32,CC→CW,2026-02-22,,20063,20063,0,Discapacitado
6808,2106003489,Hito Galvarino,Concepcion,20058,L2,V1,2026-02-22 12:38:49,2026-02-22 13:15:48,CW→CC,2026-02-22,,20058,20058,0,Discapacitado
6809,2106003489,Concepcion,Hito Galvarino,20069,L2,V1,2026-02-22 16:29:53,2026-02-22 17:15:55,CC→CW,2026-02-22,,20069,20069,0,Discapacitado
6810,2106003493,Costa Mar,Coronel,20067,L2,V1,2026-02-22 15:37:43,2026-02-22 16:15:32,CC→CW,2026-02-22,,20067,20067,0,Discapacitado
6811,2106003555,Los Canelos,Concepcion,20056,L2,V1,2026-02-22 12:17:16,2026-02-22 13:05:33,CW→CC,2026-02-22,,20056,20056,0,Discapacitado
6812,2106003599,Coronel,Cristo Redentor,20166,L2,V1,2026-02-22 19:12:00,2026-02-22 19:22:24,CW→CC,2026-02-22,,20166,20166,0,Discapacitado
6813,2106003607,Laguna Quinenco,Concepcion,20040,L2,V1,2026-02-22 09:39:23,2026-02-22 10:24:40,CW→CC,2026-02-22,,20040,20040,0,Discapacitado
6814,2106003607,Concepcion,Laguna Quinenco,20053,L2,V1,2026-02-22 11:48:56,2026-02-22 12:50:09,CC→CW,2026-02-22,,20053,20051,0,Discapacitado
6815,2106003652,Los Canelos,Concepcion,20058,L2,V1,2026-02-22 12:36:44,2026-02-22 13:15:48,CW→CC,2026-02-22,,20058,20058,0,Discapacitado
6816,2106003652,Concepcion,Los Canelos,20069,L2,V1,2026-02-22 16:29:48,2026-02-22 17:19:21,CC→CW,2026-02-22,,20069,20069,0,Discapacitado
6817,2106003666,Concepcion,Huinca,20161,L2,V1,2026-02-22 17:04:03,2026-02-22 19:07:29,CC→CW,2026-02-22,combo_relajado_pase1,20161,20161,0,Discapacitado
6818,2106003692,Cristo Redentor,Coronel,20161,L2,V1,2026-02-22 18:14:19,2026-02-22 19:15:10,CC→CW,2026-02-22,,20161,20157,0,Discapacitado
6819,2106003733,Cdal. Raul Silva Henriquez,Diagonal Bio Bio,20066,L2,V1,2026-02-22 14:58:53,2026-02-22 15:13:19,CW→CC,2026-02-22,,20066,20066,0,Otros
6820,2106003773,Cristo Redentor,Cdal. Raul Silva Henriquez,20056,L2,V1,2026-02-22 12:21:43,2026-02-22 12:37:26,CW→CC,2026-02-22,,20056,20056,0,Discapacitado
6821,2106003773,Cdal. Raul Silva Henriquez,Cristo Redentor,20067,L2,V1,2026-02-22 15:29:46,2026-02-22 16:07:45,CC→CW,2026-02-22,,20067,20067,0,Discapacitado
6822,2106003809,Concepcion,Concepcion,,,N/A,2026-02-22 13:05:15,2026-02-22 13:09:55,,2026-02-22,no viajo,,,0,Discapacitado
6823,2106003811,Hualqui,Manquimavida,20880,L1,V1,2026-02-22 20:53:08,2026-02-22 21:48:20,HQ→TH,2026-02-22,,20880,20880,0,Discapacitado
6824,2106003904,Diagonal Bio Bio,Juan Pablo II,20050,L2,V1,2026-02-22 11:04:05,2026-02-22 11:32:42,CW→CC,2026-02-22,,20050,20050,0,Discapacitado
6825,2106003908,Concepcion,Laguna Quinenco,20067,L2,V1,2026-02-22 15:15:44,2026-02-22 16:12:57,CC→CW,2026-02-22,,20067,20067,0,Discapacitado
6826,2106003908,Laguna Quinenco,Diagonal Bio Bio,20162,L2,V1,2026-02-22 18:07:37,2026-02-22 18:51:02,CW→CC,2026-02-22,,20162,20162,0,Discapacitado
6827,2106003922,Concepcion,Coronel,20035,L2,V1,2026-02-22 09:27:21,2026-02-22 10:48:47,CC→CW,2026-02-22,,20035,20035,0,Discapacitado
6828,2106003922,Coronel,Concepcion,20166,L2,V1,2026-02-22 18:58:34,2026-02-22 20:02:31,CW→CC,2026-02-22,,20166,20166,0,Discapacitado
6829,2106003923,Cdal. Raul Silva Henriquez,Concepcion,20062,L2,V1,2026-02-22 13:58:36,2026-02-22 14:32:38,CW→CC,2026-02-22,,20062,20062,0,Otros
6830,2106003952,Diagonal Bio Bio,Lomas Coloradas,20163,L2,V1,2026-02-22 19:01:45,2026-02-22 19:23:44,CC→CW,2026-02-22,,20163,20163,0,Discapacitado
6831,2106003953,Concepcion,Lomas Coloradas,20161,L2,V1,2026-02-22 18:30:10,2026-02-22 18:50:17,CC→CW,2026-02-22,,20161,20161,0,Discapacitado
6832,2106003994,Coronel,Los Canelos,20044,L2,V1,2026-02-22 09:55:38,2026-02-22 10:16:22,CW→CC,2026-02-22,,20044,20044,0,Discapacitado
6833,2106006512,Los Canelos,Concepcion,20156,L2,V1,2026-02-22 09:04:35,2026-02-22 10:05:16,CW→CC,2026-02-22,,20156,20156,0,Discapacitado
6834,2106006512,Concepcion,El Parque,20049,L2,V1,2026-02-22 11:19:31,2026-02-22 11:48:59,CC→CW,2026-02-22,,20049,20049,0,Discapacitado
6835,2106006512,El Parque,Los Canelos,20059,L2,V1,2026-02-22 12:46:38,2026-02-22 13:53:53,CC→CW,2026-02-22,,20059,20059,0,Discapacitado
6836,2106006512,Los Canelos,El Parque,20068,L2,V1,2026-02-22 15:36:14,2026-02-22 16:07:25,CW→CC,2026-02-22,,20068,20068,0,Discapacitado
6837,2106006528,Concepcion,El Arenal,20846,L1,V1,2026-02-22 16:15:39,2026-02-22 17:56:37,HQ→TH,2026-02-22,combo_por_entrada,20846,20846,0,Discapacitado
6838,2106006533,Coronel,Concepcion,20040,L2,V1,2026-02-22 09:34:20,2026-02-22 10:25:00,CW→CC,2026-02-22,,20040,20040,0,Discapacitado
6839,2106006533,Concepcion,Cdal. Raul Silva Henriquez,20171,L2,V1,2026-02-22 20:11:33,2026-02-22 21:38:28,CC→CW,2026-02-22,,20171,20171,0,Discapacitado
6840,2106006612,Hito Galvarino,Juan Pablo II,20160,L2,V1,2026-02-22 17:56:19,2026-02-22 18:28:44,CW→CC,2026-02-22,,20160,20160,0,Discapacitado
6841,2106006615,Huinca,Juan Pablo II,20156,L2,V1,2026-02-22 09:15:24,2026-02-22 09:54:15,CW→CC,2026-02-22,,20156,20156,0,Discapacitado
6842,2106006638,El Parque,Cdal. Raul Silva Henriquez,20167,L2,V1,2026-02-22 20:12:22,2026-02-22 20:29:26,CC→CW,2026-02-22,,20167,20167,0,Discapacitado
6843,2106006639,Coronel,Alborada,20162,L2,V1,2026-02-22 18:08:24,2026-02-22 18:48:10,CW→CC,2026-02-22,,20162,20162,0,Discapacitado
6844,2106006658,Costa Mar,Coronel,20035,L2,V1,2026-02-22 09:47:34,2026-02-22 10:48:32,CC→CW,2026-02-22,,20035,20035,0,Discapacitado
6845,2106006658,Coronel,Costa Mar,20166,L2,V1,2026-02-22 19:06:26,2026-02-22 19:46:36,CW→CC,2026-02-22,,20166,20166,0,Discapacitado
6846,2106006689,Concepcion,Mercado,20846,L1,V1,2026-02-22 17:10:25,2026-02-22 18:02:32,HQ→TH,2026-02-22,combo_por_entrada,20846,20846,0,Discapacitado
6847,2106006689,Mercado,Concepcion,20847,L1,V1,2026-02-22 19:37:24,2026-02-22 20:30:13,TH→HQ,2026-02-22,,20847,20847,0,Discapacitado
6848,2106006689,Concepcion,Diagonal Bio Bio,20171,L2,V1,2026-02-22 20:50:17,2026-02-22 21:19:57,CC→CW,2026-02-22,,20171,20171,0,Discapacitado
6849,2106006692,Costa Mar,Concepcion,20062,L2,V1,2026-02-22 14:13:48,2026-02-22 14:33:30,CW→CC,2026-02-22,,20062,20062,0,Discapacitado
6850,2106006692,Concepcion,Costa Mar,20157,L2,V1,2026-02-22 17:19:12,2026-02-22 17:46:44,CC→CW,2026-02-22,,20157,20157,0,Discapacitado
6851,2106006715,Alborada,Coronel,20035,L2,V1,2026-02-22 10:06:10,2026-02-22 10:48:50,CC→CW,2026-02-22,,20035,20035,0,Discapacitado
6852,2106006715,Coronel,Alborada,20160,L2,V1,2026-02-22 17:43:19,2026-02-22 18:15:30,CW→CC,2026-02-22,,20160,20160,0,Discapacitado
6853,2106006716,Cristo Redentor,El Parque,20050,L2,V1,2026-02-22 10:52:35,2026-02-22 11:23:33,CW→CC,2026-02-22,,20050,20050,0,Discapacitado
6854,2106006716,El Parque,Cristo Redentor,20059,L2,V1,2026-02-22 13:22:04,2026-02-22 13:59:36,CC→CW,2026-02-22,,20059,20059,0,Discapacitado
6855,2106006742,Cristo Redentor,El Parque,20066,L2,V1,2026-02-22 14:45:06,2026-02-22 15:08:05,CW→CC,2026-02-22,,20066,20066,0,Discapacitado
6856,2106006742,El Parque,Laguna Quinenco,20067,L2,V1,2026-02-22 15:38:28,2026-02-22 16:11:35,CC→CW,2026-02-22,,20067,20067,0,Discapacitado
6857,2106006746,Laguna Quinenco,Costa Mar,20160,L2,V1,2026-02-22 17:04:23,2026-02-22 18:13:05,CW→CC,2026-02-22,,20160,20160,0,Otros
6858,2106006746,Costa Mar,Lomas Coloradas,20167,L2,V1,2026-02-22 20:05:15,2026-02-22 20:23:51,CC→CW,2026-02-22,,20167,20167,0,Otros
6859,2106006827,Lomas Coloradas,Coronel,20153,L2,V1,2026-02-22 09:02:38,2026-02-22 10:04:53,CC→CW,2026-02-22,,20153,20153,0,Discapacitado
6860,2106006836,Laguna Quinenco,Costa Mar,20040,L2,V1,2026-02-22 09:37:05,2026-02-22 10:08:32,CW→CC,2026-02-22,,20040,20040,0,Discapacitado
6861,2106006836,Costa Mar,Cdal. Raul Silva Henriquez,20167,L2,V1,2026-02-22 20:03:25,2026-02-22 20:33:08,CC→CW,2026-02-22,,20167,20167,0,Discapacitado
6862,2106006923,Laguna Quinenco,Concepcion,20156,L2,V1,2026-02-22 09:01:18,2026-02-22 10:03:01,CW→CC,2026-02-22,,20156,20156,0,Discapacitado
6863,2106006974,Mercado,Concepcion,20859,L1,V1,2026-02-22 12:05:06,2026-02-22 12:54:45,TH→HQ,2026-02-22,,20859,20859,0,Discapacitado
6864,2106006974,Concepcion,Concepcion,,,N/A,2026-02-22 18:14:07,2026-02-22 18:15:02,,2026-02-22,no viajo,,,0,Discapacitado
6865,2106007013,Cristo Redentor,Laguna Quinenco,20067,L2,V1,2026-02-22 16:05:09,2026-02-22 16:12:42,CC→CW,2026-02-22,,20067,20067,0,Discapacitado
6866,2106007017,Costa Mar,Lomas Coloradas,20059,L2,V1,2026-02-22 13:20:41,2026-02-22 13:41:47,CC→CW,2026-02-22,,20059,20059,0,Discapacitado
6867,2106007017,Lomas Coloradas,El Parque,20066,L2,V1,2026-02-22 14:35:41,2026-02-22 15:07:42,CW→CC,2026-02-22,,20066,20066,0,Discapacitado
6868,2106007025,Higueras,Hualqui,20859,L1,V1,2026-02-22 12:17:40,2026-02-22 13:29:14,TH→HQ,2026-02-22,,20859,20859,0,Discapacitado
6869,2106007044,Huinca,Concepcion,20068,L2,V1,2026-02-22 15:31:53,2026-02-22 16:25:43,CW→CC,2026-02-22,,20068,20068,0,Discapacitado
6870,2106007063,Laguna Quinenco,Cristo Redentor,20062,L2,V1,2026-02-22 13:50:45,2026-02-22 13:56:17,CW→CC,2026-02-22,,20062,20062,0,Discapacitado
6871,2106007063,Cristo Redentor,Hito Galvarino,20066,L2,V1,2026-02-22 14:39:18,2026-02-22 14:54:27,CW→CC,2026-02-22,,20066,20066,0,Discapacitado
6872,2106007076,Cristo Redentor,Concepcion,20166,L2,V1,2026-02-22 19:12:31,2026-02-22 19:59:30,CW→CC,2026-02-22,,20166,20166,0,Discapacitado
6873,2106007076,Concepcion,Concepcion,,,N/A,2026-02-22 20:36:35,2026-02-22 20:38:46,,2026-02-22,no viajo,,,0,Discapacitado
6874,2106007093,Cristo Redentor,El Parque,20066,L2,V1,2026-02-22 14:45:12,2026-02-22 15:08:07,CW→CC,2026-02-22,,20066,20066,0,Discapacitado
6875,2106007093,El Parque,Laguna Quinenco,20067,L2,V1,2026-02-22 15:38:31,2026-02-22 16:11:19,CC→CW,2026-02-22,,20067,20067,0,Discapacitado
6876,2106007098,Concepcion,Costa Mar,20167,L2,V1,2026-02-22 19:59:39,2026-02-22 20:17:37,CC→CW,2026-02-22,,20167,20167,0,Discapacitado
6877,2106007416,Concepcion,Cristo Redentor,20049,L2,V1,2026-02-22 11:13:36,2026-02-22 12:08:03,CC→CW,2026-02-22,,20049,20049,0,Discapacitado
6878,2106007447,Concepcion,Cristo Redentor,20063,L2,V1,2026-02-22 14:05:49,2026-02-22 15:15:18,CC→CW,2026-02-22,,20063,20063,0,Discapacitado
6879,2106007459,Cdal. Raul Silva Henriquez,Coronel,20035,L2,V1,2026-02-22 10:17:38,2026-02-22 10:47:36,CC→CW,2026-02-22,,20035,20035,0,Discapacitado
6880,2106007475,Concepcion,Concepcion,,,N/A,2026-02-22 18:23:02,2026-02-22 18:25:43,,2026-02-22,no viajo,,,0,Discapacitado
6881,2106007479,Costa Mar,Coronel,20149,L2,V1,2026-02-22 08:46:01,2026-02-22 09:15:38,CC→CW,2026-02-22,,20149,20149,0,Discapacitado
6882,2140022923,Mercado,Hualqui,20859,L1,V1,2026-02-22 12:20:14,2026-02-22 13:28:46,TH→HQ,2026-02-22,,20859,20859,290,Adulto Mayor
6883,2140023091,Los Condores,Concepcion,,,N/A,2026-02-22 09:55:08,2026-02-22 10:58:16,,2026-02-22,sin_combo_factible_en_hub|sin_s1_factible_retro,,,500,Monedero
6884,2140023091,Concepcion,Coronel,20049,L2,V1,2026-02-22 10:58:31,2026-02-22 12:14:14,CC→CW,2026-02-22,,20049,20049,440,Adulto Mayor
6885,2140023091,Concepcion,Coronel,20049,L2,V1,2026-02-22 10:58:56,2026-02-22 12:14:16,CC→CW,2026-02-22,,20049,20049,880,Monedero
6886,900000000028,Concepcion,Diagonal Bio Bio,20063,L2,V1,2026-02-22 14:11:23,2026-02-22 14:57:38,CC→CW,2026-02-22,,20063,20063,0,Otros
6887,900000000035,Cdal. Raul Silva Henriquez,Concepcion,20050,L2,V1,2026-02-22 11:09:19,2026-02-22 11:39:45,CW→CC,2026-02-22,,20050,20050,0,Otros
6888,900000000038,Costa Mar,Lomas Coloradas,20167,L2,V1,2026-02-22 19:44:13,2026-02-22 20:24:46,CC→CW,2026-02-22,,20167,20167,0,Otros
6889,900000000047,Laguna Quinenco,Cristo Redentor,20040,L2,V1,2026-02-22 09:36:44,2026-02-22 09:46:18,CW→CC,2026-02-22,,20040,20040,0,Otros
6890,900000000067,El Parque,Laguna Quinenco,20049,L2,V1,2026-02-22 11:47:42,2026-02-22 12:10:35,CC→CW,2026-02-22,,20049,20049,0,Otros
6891,900000000067,Laguna Quinenco,El Parque,20062,L2,V1,2026-02-22 13:49:58,2026-02-22 14:17:25,CW→CC,2026-02-22,,20062,20062,0,Otros
6892,900000000155,Concepcion,Cristo Redentor,20063,L2,V1,2026-02-22 14:23:41,2026-02-22 15:15:45,CC→CW,2026-02-22,,20063,20063,0,Otros
6893,900053036755,Concepcion,Lomas Coloradas,20163,L2,V1,2026-02-22 18:35:26,2026-02-22 19:23:37,CC→CW,2026-02-22,,20163,20161,290,Adulto Mayor
6894,900053036879,Concepcion,El Arenal,20846,L1,V1,2026-02-22 16:15:45,2026-02-22 18:07:40,HQ→TH,2026-02-22,combo_por_entrada,20846,20846,0,Otros
6895,900053036918,Higueras,Concepcion,20847,L1,V1,2026-02-22 20:08:08,2026-02-22 20:25:22,TH→HQ,2026-02-22,,20847,20847,250,Adulto Mayor
6896,900053037013,Concepcion,Hito Galvarino,20149,L2,V1,2026-02-22 08:10:09,2026-02-22 09:01:45,CC→CW,2026-02-22,,20149,20149,0,Otros
6897,900053037091,Los Canelos,Hito Galvarino,20076,L2,V1,2026-02-22 16:52:40,2026-02-22 16:58:58,CW→CC,2026-02-22,,20076,20076,0,Otros
6898,900053037145,Concepcion,Lomas Coloradas,20171,L2,V1,2026-02-22 20:48:17,2026-02-22 21:32:01,CC→CW,2026-02-22,,20171,20171,290,Adulto Mayor
6899,900053037171,Concepcion,Laguna Quinenco,20149,L2,V1,2026-02-22 08:25:14,2026-02-22 09:12:59,CC→CW,2026-02-22,,20149,20149,0,Otros
6900,900053037195,Costa Mar,El Parque,20049,L2,V1,2026-02-22 11:40:23,2026-02-22 11:48:40,CC→CW,2026-02-22,,20049,20049,220,Adulto Mayor
6901,900053037835,Diagonal Bio Bio,Huinca,20053,L2,V1,2026-02-22 12:17:13,2026-02-22 12:45:12,CC→CW,2026-02-22,,20053,20053,0,Otros
6902,900053037897,El Parque,Cdal. Raul Silva Henriquez,20167,L2,V1,2026-02-22 20:12:18,2026-02-22 20:29:50,CC→CW,2026-02-22,,20167,20167,220,Adulto Mayor
