viaje_idx,tarjeta_id,origen,destino,servicio_final,linea,version_que_gana,t_entrada_viaje,t_salida_viaje,direccion,dia_proceso,etiqueta,servicio_tramo_v1,servicio_tramo_v2,MONTO_TRANSACCION,tipo_pasajero_norm
0,174583,Los Canelos,Concepcion,20066.0,L2,V1,2026-07-19 14:34:43,2026-07-19 15:29:24,CW→CC,2026-07-19,,20066.0,20066.0,850,Monedero
1,175390,Concepcion,Costa Mar,20063.0,L2,V1,2026-07-19 14:03:56,2026-07-19 14:49:42,CC→CW,2026-07-19,,20063.0,20063.0,570,Monedero
2,175943,Laguna Quinenco,Concepcion,20152.0,L2,V1,2026-07-19 08:14:24,2026-07-19 09:16:11,CW→CC,2026-07-19,,20152.0,20152.0,880,Monedero
3,175943,Concepcion,Laguna Quinenco,20063.0,L2,V1,2026-07-19 13:33:26,2026-07-19 15:14:17,CC→CW,2026-07-19,,20063.0,20063.0,880,Monedero
4,177227,Concepcion,Hito Galvarino,20163.0,L2,V1,2026-07-19 18:43:23,2026-07-19 19:28:52,CC→CW,2026-07-19,,20163.0,20163.0,850,Monedero
5,177558,Chiguayante,Concepcion,20844.0,L1,V1,2026-07-19 12:24:10,2026-07-19 12:51:22,HQ→TH,2026-07-19,,20844.0,20844.0,510,Monedero
6,177714,Diagonal Bio Bio,Cdal. Raul Silva Henriquez,20059.0,L2,V1,2026-07-19 13:20:30,2026-07-19 13:41:16,CC→CW,2026-07-19,,20059.0,20059.0,510,Monedero
7,177723,Pedro Medina,Concepcion,20848.0,L1,V1,2026-07-19 20:43:35,2026-07-19 21:00:26,HQ→TH,2026-07-19,,20848.0,20848.0,510,Monedero
8,181298,Lomas Coloradas,Costa Mar,20152.0,L2,V1,2026-07-19 08:48:46,2026-07-19 08:58:46,CW→CC,2026-07-19,,20152.0,20152.0,430,Monedero
9,181298,Costa Mar,Lomas Coloradas,20157.0,L2,V1,2026-07-19 17:35:53,2026-07-19 17:49:03,CC→CW,2026-07-19,,20157.0,,430,Monedero
10,187623,Coronel,Concepcion,20056.0,L2,V1,2026-07-19 12:04:50,2026-07-19 12:58:34,CW→CC,2026-07-19,,20056.0,20056.0,880,Monedero
11,190831,Cdal. Raul Silva Henriquez,Juan Pablo II,20152.0,L2,V1,2026-07-19 08:48:23,2026-07-19 09:06:10,CW→CC,2026-07-19,,20152.0,20152.0,510,Monedero
12,191813,Cdal. Raul Silva Henriquez,Concepcion,20180.0,L2,V1,2026-07-19 17:01:29,2026-07-19 17:29:41,CW→CC,2026-07-19,,20180.0,20180.0,570,Monedero
13,191813,Concepcion,Cdal. Raul Silva Henriquez,20163.0,L2,V1,2026-07-19 18:50:10,2026-07-19 19:22:51,CC→CW,2026-07-19,,20163.0,20163.0,570,Monedero
14,192391,Concepcion,Los Canelos,20167.0,L2,V1,2026-07-19 19:23:44,2026-07-19 20:33:28,CC→CW,2026-07-19,,20167.0,20167.0,850,Monedero
15,194631,Laguna Quinenco,Juan Pablo II,20068.0,L2,V1,2026-07-19 15:31:54,2026-07-19 16:11:57,CW→CC,2026-07-19,,20068.0,20068.0,790,Monedero
16,199329,Cristo Redentor,Laguna Quinenco,20049.0,L2,V1,2026-07-19 12:04:29,2026-07-19 12:09:12,CC→CW,2026-07-19,,20049.0,20049.0,450,Monedero
17,210990,Alborada,Concepcion,20152.0,L2,V1,2026-07-19 08:59:20,2026-07-19 09:13:58,CW→CC,2026-07-19,,20152.0,20152.0,570,Monedero
18,230829,Los Canelos,Concepcion,20052.0,L2,V1,2026-07-19 11:25:13,2026-07-19 12:10:06,CW→CC,2026-07-19,,20052.0,20052.0,850,Monedero
19,230829,Concepcion,Cristo Redentor,20071.0,L2,V1,2026-07-19 16:11:26,2026-07-19 17:17:21,CC→CW,2026-07-19,,20071.0,20071.0,850,Monedero
20,244228,Cristo Redentor,Hito Galvarino,20166.0,L2,V1,2026-07-19 19:07:27,2026-07-19 19:29:21,CW→CC,2026-07-19,,20166.0,20166.0,460,Monedero
21,265142,Concepcion,Coronel,20167.0,L2,V1,2026-07-19 19:47:52,2026-07-19 20:44:14,CC→CW,2026-07-19,,20167.0,20167.0,880,Monedero
22,279265,Laguna Quinenco,Concepcion,20044.0,L2,V1,2026-07-19 10:03:46,2026-07-19 10:49:09,CW→CC,2026-07-19,,20044.0,20044.0,880,Monedero
23,284942,Costa Mar,Lomas Coloradas,20041.0,L2,V1,2026-07-19 10:36:11,2026-07-19 10:50:05,CC→CW,2026-07-19,,20041.0,20041.0,430,Monedero
24,288508,Concepcion,Los Canelos,20063.0,L2,V1,2026-07-19 14:05:39,2026-07-19 15:07:48,CC→CW,2026-07-19,,20063.0,20063.0,850,Monedero
25,288508,Los Canelos,Concepcion,20166.0,L2,V1,2026-07-19 19:05:56,2026-07-19 20:01:50,CW→CC,2026-07-19,,20166.0,20166.0,850,Monedero
26,290177,Concepcion,Cristo Redentor,20059.0,L2,V1,2026-07-19 12:59:25,2026-07-19 13:55:55,CC→CW,2026-07-19,,20059.0,20059.0,850,Monedero
27,290177,Cristo Redentor,Concepcion,20170.0,L2,V1,2026-07-19 20:11:33,2026-07-19 21:00:30,CW→CC,2026-07-19,,20170.0,20170.0,850,Monedero
28,297997,Cdal. Raul Silva Henriquez,Concepcion,20058.0,L2,V1,2026-07-19 12:48:28,2026-07-19 13:15:04,CW→CC,2026-07-19,,20058.0,20058.0,570,Monedero
29,298258,Manquimavida,Hualqui,20847.0,L1,V1,2026-07-19 20:25:02,2026-07-19 21:03:07,TH→HQ,2026-07-19,,20847.0,20847.0,500,Monedero
30,309683,Concepcion,Costa Mar,20171.0,L2,V1,2026-07-19 20:58:41,2026-07-19 21:15:28,CC→CW,2026-07-19,,20171.0,20171.0,570,Monedero
31,324931,Concepcion,El Parque,20067.0,L2,V1,2026-07-19 15:27:42,2026-07-19 15:47:58,CC→CW,2026-07-19,,20067.0,20067.0,570,Monedero
32,346468,Los Canelos,Concepcion,20166.0,L2,V1,2026-07-19 19:21:35,2026-07-19 19:58:19,CW→CC,2026-07-19,,20166.0,20166.0,850,Monedero
33,347369,Concepcion,Cristo Redentor,20071.0,L2,V1,2026-07-19 15:38:02,2026-07-19 17:17:43,CC→CW,2026-07-19,,20071.0,20067.0,850,Monedero
34,356969,Cdal. Raul Silva Henriquez,Concepcion,20156.0,L2,V1,2026-07-19 09:34:39,2026-07-19 10:00:16,CW→CC,2026-07-19,,20156.0,20156.0,570,Monedero
35,373829,Alborada,El Parque,20167.0,L2,V1,2026-07-19 19:25:08,2026-07-19 20:16:44,CC→CW,2026-07-19,,20167.0,20167.0,510,Monedero
36,383538,Concepcion,Cdal. Raul Silva Henriquez,20059.0,L2,V1,2026-07-19 12:46:28,2026-07-19 13:41:51,CC→CW,2026-07-19,,20059.0,20059.0,570,Monedero
37,385793,Coronel,Concepcion,20160.0,L2,V1,2026-07-19 17:34:46,2026-07-19 18:28:12,CW→CC,2026-07-19,,20160.0,20160.0,880,Monedero
38,387029,Coronel,Juan Pablo II,20052.0,L2,V1,2026-07-19 11:16:28,2026-07-19 11:56:37,CW→CC,2026-07-19,,20052.0,20051.0,790,Monedero
39,387160,Coronel,Huinca,20050.0,L2,V1,2026-07-19 10:56:24,2026-07-19 11:09:40,CW→CC,2026-07-19,,20050.0,20050.0,450,Monedero
40,390297,Cristo Redentor,Concepcion,20160.0,L2,V1,2026-07-19 17:16:30,2026-07-19 18:29:04,CW→CC,2026-07-19,,20160.0,20160.0,850,Monedero
41,393349,Cdal. Raul Silva Henriquez,Concepcion,20170.0,L2,V1,2026-07-19 20:32:59,2026-07-19 20:58:10,CW→CC,2026-07-19,,20170.0,20170.0,570,Monedero
42,397266,Huinca,Diagonal Bio Bio,20180.0,L2,V1,2026-07-19 16:37:27,2026-07-19 17:19:37,CW→CC,2026-07-19,,20180.0,20180.0,680,Monedero
43,405949,El Parque,Lomas Coloradas,20071.0,L2,V1,2026-07-19 16:41:48,2026-07-19 16:59:31,CC→CW,2026-07-19,,20071.0,20071.0,430,Monedero
44,406041,Hito Galvarino,Los Canelos,20163.0,L2,V1,2026-07-19 19:24:08,2026-07-19 19:32:14,CC→CW,2026-07-19,,20163.0,20163.0,440,Monedero
45,408823,Coronel,Concepcion,20056.0,L2,V1,2026-07-19 12:18:28,2026-07-19 13:13:35,CW→CC,2026-07-19,,20056.0,20056.0,880,Monedero
46,408823,Concepcion,Coronel,20161.0,L2,V1,2026-07-19 18:09:02,2026-07-19 19:12:42,CC→CW,2026-07-19,,20161.0,20161.0,880,Monedero
47,409050,Cristo Redentor,Concepcion,20180.0,L2,V1,2026-07-19 16:42:48,2026-07-19 17:29:57,CW→CC,2026-07-19,,20180.0,20180.0,850,Monedero
48,409050,Concepcion,Cristo Redentor,20167.0,L2,V1,2026-07-19 19:43:56,2026-07-19 20:37:24,CC→CW,2026-07-19,,20167.0,20167.0,850,Monedero
49,409055,Coronel,El Parque,20156.0,L2,V1,2026-07-19 09:09:12,2026-07-19 09:42:06,CW→CC,2026-07-19,,20156.0,20156.0,650,Monedero
50,409055,El Parque,Coronel,20167.0,L2,V1,2026-07-19 20:08:34,2026-07-19 20:43:56,CC→CW,2026-07-19,,20167.0,20167.0,650,Monedero
51,419075,Lomas Coloradas,Concepcion,20160.0,L2,V1,2026-07-19 17:48:10,2026-07-19 18:29:43,CW→CC,2026-07-19,,20160.0,20160.0,570,Monedero
52,425290,Diagonal Bio Bio,El Parque,20153.0,L2,V1,2026-07-19 09:18:38,2026-07-19 09:32:28,CC→CW,2026-07-19,,20153.0,20153.0,510,Monedero
53,431561,Cristo Redentor,Concepcion,20180.0,L2,V1,2026-07-19 16:39:45,2026-07-19 17:29:04,CW→CC,2026-07-19,,20180.0,20180.0,850,Monedero
54,443293,UTF Santa Maria,Lzo. Arenas,20859.0,L1,V1,2026-07-19 12:41:12,2026-07-19 12:49:44,TH→HQ,2026-07-19,,20859.0,20859.0,500,Monedero
55,451088,Mercado,Concepcion,20859.0,L1,V1,2026-07-19 12:20:37,2026-07-19 12:59:36,TH→HQ,2026-07-19,,20859.0,20859.0,540,Monedero
56,455160,Laguna Quinenco,Costa Mar,20166.0,L2,V1,2026-07-19 19:14:17,2026-07-19 19:44:57,CW→CC,2026-07-19,,20166.0,20166.0,650,Monedero
57,461208,Laguna Quinenco,Los Canelos,20068.0,L2,V1,2026-07-19 15:33:23,2026-07-19 15:45:13,CW→CC,2026-07-19,,20068.0,20068.0,530,Monedero
58,463516,Concepcion,Costa Mar,20053.0,L2,V1,2026-07-19 12:02:45,2026-07-19 12:25:52,CC→CW,2026-07-19,,20053.0,20053.0,570,Monedero
59,477409,Lomas Coloradas,Concepcion,20180.0,L2,V1,2026-07-19 17:02:06,2026-07-19 17:29:40,CW→CC,2026-07-19,,20180.0,20180.0,570,Monedero
60,481429,Higueras,Chiguayante,20859.0,L1,V1,2026-07-19 12:36:04,2026-07-19 13:11:07,TH→HQ,2026-07-19,,20859.0,20859.0,540,Monedero
61,483325,Diagonal Bio Bio,Cdal. Raul Silva Henriquez,20067.0,L2,V1,2026-07-19 15:18:09,2026-07-19 15:53:48,CC→CW,2026-07-19,,20067.0,20067.0,510,Monedero
62,483325,Cdal. Raul Silva Henriquez,Lomas Coloradas,20162.0,L2,V1,2026-07-19 18:15:54,2026-07-19 18:38:06,CW→CC,2026-07-19,,20162.0,20162.0,430,Monedero
63,484573,Laguna Quinenco,Concepcion,20170.0,L2,V1,2026-07-19 19:44:06,2026-07-19 20:59:06,CW→CC,2026-07-19,,20170.0,20170.0,880,Monedero
64,496285,Lomas Coloradas,Concepcion,20162.0,L2,V1,2026-07-19 18:31:30,2026-07-19 18:57:38,CW→CC,2026-07-19,,20162.0,20162.0,570,Monedero
65,507671,Concepcion,Lomas Coloradas,20067.0,L2,V1,2026-07-19 15:02:23,2026-07-19 15:50:38,CC→CW,2026-07-19,,20067.0,20067.0,570,Monedero
66,507883,Los Canelos,El Parque,20050.0,L2,V1,2026-07-19 10:48:35,2026-07-19 11:27:11,CW→CC,2026-07-19,,20050.0,20050.0,610,Monedero
67,507883,El Parque,Concepcion,20056.0,L2,V1,2026-07-19 12:24:23,2026-07-19 12:58:20,CW→CC,2026-07-19,,20056.0,20056.0,570,Monedero
68,530741,Diagonal Bio Bio,Lomas Coloradas,20063.0,L2,V1,2026-07-19 14:41:45,2026-07-19 14:54:37,CC→CW,2026-07-19,,20063.0,20063.0,510,Monedero
69,530741,Diagonal Bio Bio,Lomas Coloradas,20063.0,L2,V1,2026-07-19 14:41:48,2026-07-19 14:54:34,CC→CW,2026-07-19,,20063.0,20063.0,510,Monedero
70,536300,Diagonal Bio Bio,Coronel,20037.0,L2,V1,2026-07-19 10:03:51,2026-07-19 10:46:59,CC→CW,2026-07-19,,20037.0,20037.0,790,Monedero
71,551962,Lomas Coloradas,Concepcion,20180.0,L2,V1,2026-07-19 17:00:09,2026-07-19 17:28:43,CW→CC,2026-07-19,,20180.0,20180.0,570,Monedero
72,561642,La Leonera,Concepcion,20846.0,L1,V1,2026-07-19 17:06:33,2026-07-19 17:36:56,HQ→TH,2026-07-19,,20846.0,20846.0,510,Monedero
73,561642,La Leonera,Concepcion,20846.0,L1,V1,2026-07-19 17:06:42,2026-07-19 17:36:46,HQ→TH,2026-07-19,,20846.0,20846.0,510,Monedero
74,561642,Concepcion,La Leonera,20847.0,L1,V1,2026-07-19 20:16:48,2026-07-19 20:52:08,TH→HQ,2026-07-19,,20847.0,20847.0,510,Monedero
75,561642,Concepcion,La Leonera,20847.0,L1,V1,2026-07-19 20:16:53,2026-07-19 20:52:03,TH→HQ,2026-07-19,,20847.0,20847.0,510,Monedero
76,570062,Concepcion,Los Canelos,20049.0,L2,V1,2026-07-19 11:12:06,2026-07-19 12:02:02,CC→CW,2026-07-19,,20049.0,20049.0,850,Monedero
77,578356,Alborada,Lomas Coloradas,20063.0,L2,V1,2026-07-19 14:40:14,2026-07-19 14:54:51,CC→CW,2026-07-19,,20063.0,20063.0,510,Monedero
78,578356,Lomas Coloradas,Alborada,20068.0,L2,V1,2026-07-19 15:31:31,2026-07-19 16:06:29,CW→CC,2026-07-19,,20068.0,20068.0,510,Monedero
79,584221,Concepcion,Los Canelos,20167.0,L2,V1,2026-07-19 19:50:43,2026-07-19 20:34:06,CC→CW,2026-07-19,,20167.0,20167.0,850,Monedero
80,588496,Cristo Redentor,Concepcion,20062.0,L2,V1,2026-07-19 13:48:11,2026-07-19 14:33:50,CW→CC,2026-07-19,,20062.0,20062.0,850,Monedero
81,588496,Concepcion,Cristo Redentor,20157.0,L2,V1,2026-07-19 17:25:45,2026-07-19 18:07:25,CC→CW,2026-07-19,,20157.0,20157.0,850,Monedero
82,597493,Los Canelos,Laguna Quinenco,20059.0,L2,V1,2026-07-19 13:37:55,2026-07-19 13:57:54,CC→CW,2026-07-19,,20059.0,20059.0,530,Monedero
83,597850,Laguna Quinenco,Cdal. Raul Silva Henriquez,20160.0,L2,V1,2026-07-19 17:46:00,2026-07-19 18:04:15,CW→CC,2026-07-19,,20160.0,20157.0,650,Monedero
84,602642,Concepcion,Cdal. Raul Silva Henriquez,20167.0,L2,V1,2026-07-19 19:50:52,2026-07-19 20:23:58,CC→CW,2026-07-19,,20167.0,20167.0,570,Monedero
85,604130,Concepcion,Concepcion,,,,2026-07-19 15:17:19,2026-07-19 15:18:28,,2026-07-19,no viajo,,,420,Monedero
86,604130,Concepcion,Costa Mar,20071.0,L2,V1,2026-07-19 16:38:16,2026-07-19 16:53:10,CC→CW,2026-07-19,,20071.0,20071.0,570,Monedero
87,605014,Cristo Redentor,Lomas Coloradas,20052.0,L2,V1,2026-07-19 11:24:32,2026-07-19 11:42:56,CW→CC,2026-07-19,,20052.0,20052.0,630,Monedero
88,605430,Concepcion,Laguna Quinenco,20071.0,L2,V1,2026-07-19 16:08:43,2026-07-19 17:20:04,CC→CW,2026-07-19,,20071.0,20071.0,880,Monedero
89,610693,Concepcion,Lomas Coloradas,20059.0,L2,V1,2026-07-19 12:26:22,2026-07-19 13:38:59,CC→CW,2026-07-19,combo_por_entrada,20059.0,20059.0,590,Monedero
90,615750,Mercado,Concepcion,20859.0,L1,V1,2026-07-19 12:29:34,2026-07-19 12:54:30,TH→HQ,2026-07-19,,20859.0,20859.0,540,Monedero
91,623314,Concepcion,Laguna Quinenco,20059.0,L2,V1,2026-07-19 13:15:33,2026-07-19 13:57:45,CC→CW,2026-07-19,,20059.0,20059.0,880,Monedero
92,627648,La Leonera,El Arenal,20848.0,L1,V1,2026-07-19 20:38:51,2026-07-19 21:23:44,HQ→TH,2026-07-19,,20848.0,20848.0,550,Monedero
93,631068,Alborada,Los Canelos,20059.0,L2,V1,2026-07-19 13:07:43,2026-07-19 13:51:28,CC→CW,2026-07-19,,20059.0,20059.0,650,Monedero
94,639801,Concepcion,Coronel,20059.0,L2,V1,2026-07-19 12:49:45,2026-07-19 14:02:49,CC→CW,2026-07-19,,20059.0,20059.0,880,Monedero
95,640236,Laguna Quinenco,Los Canelos,20166.0,L2,V1,2026-07-19 19:13:31,2026-07-19 19:26:06,CW→CC,2026-07-19,,20166.0,20166.0,530,Monedero
96,648967,Laguna Quinenco,Concepcion,20050.0,L2,V1,2026-07-19 10:57:38,2026-07-19 11:42:27,CW→CC,2026-07-19,,20050.0,20050.0,880,Monedero
97,648967,Concepcion,Laguna Quinenco,20171.0,L2,V1,2026-07-19 20:52:38,2026-07-19 21:39:13,CC→CW,2026-07-19,,20171.0,20171.0,880,Monedero
98,656005,Coronel,Huinca,20160.0,L2,V1,2026-07-19 17:42:22,2026-07-19 17:52:56,CW→CC,2026-07-19,,20160.0,20160.0,450,Monedero
99,656005,Huinca,Coronel,20167.0,L2,V1,2026-07-19 20:33:53,2026-07-19 20:44:24,CC→CW,2026-07-19,,20167.0,20167.0,450,Monedero
100,663648,Cdal. Raul Silva Henriquez,Lomas Coloradas,20062.0,L2,V1,2026-07-19 13:52:00,2026-07-19 14:13:44,CW→CC,2026-07-19,,20062.0,20062.0,430,Monedero
101,663648,Concepcion,Cdal. Raul Silva Henriquez,20157.0,L2,V1,2026-07-19 17:24:26,2026-07-19 17:52:21,CC→CW,2026-07-19,,20157.0,20157.0,570,Monedero
102,667936,Laguna Quinenco,Concepcion,20056.0,L2,V1,2026-07-19 12:11:48,2026-07-19 12:58:11,CW→CC,2026-07-19,,20056.0,20056.0,880,Monedero
103,667936,Concepcion,Laguna Quinenco,20067.0,L2,V1,2026-07-19 15:11:14,2026-07-19 16:10:57,CC→CW,2026-07-19,,20067.0,20067.0,880,Monedero
104,668161,Huinca,Lomas Coloradas,20180.0,L2,V1,2026-07-19 16:47:03,2026-07-19 17:08:23,CW→CC,2026-07-19,,20180.0,20180.0,630,Monedero
105,672332,Costa Mar,Coronel,20071.0,L2,V1,2026-07-19 16:53:29,2026-07-19 17:22:06,CC→CW,2026-07-19,,20071.0,20071.0,650,Monedero
106,672332,Coronel,Costa Mar,20166.0,L2,V1,2026-07-19 19:08:24,2026-07-19 19:44:31,CW→CC,2026-07-19,,20166.0,20166.0,650,Monedero
107,676641,Lzo. Arenas,Pedro Medina,20859.0,L1,V1,2026-07-19 12:21:25,2026-07-19 13:13:19,TH→HQ,2026-07-19,,20859.0,20859.0,510,Monedero
108,679860,Lomas Coloradas,Laguna Quinenco,20167.0,L2,V1,2026-07-19 20:17:32,2026-07-19 20:40:56,CC→CW,2026-07-19,,20167.0,20167.0,650,Monedero
109,694530,El Arenal,Chiguayante,20857.0,L1,V1,2026-07-19 08:23:02,2026-07-19 09:10:48,TH→HQ,2026-07-19,,20857.0,20857.0,550,Monedero
110,696845,Concepcion,Laguna Quinenco,20149.0,L2,V1,2026-07-19 08:13:21,2026-07-19 09:09:26,CC→CW,2026-07-19,,20149.0,20149.0,880,Monedero
111,701674,Lomas Coloradas,Diagonal Bio Bio,20066.0,L2,V1,2026-07-19 14:57:30,2026-07-19 15:19:31,CW→CC,2026-07-19,,20066.0,20066.0,510,Monedero
112,711784,Lomas Coloradas,Los Canelos,20059.0,L2,V1,2026-07-19 13:32:19,2026-07-19 13:51:39,CC→CW,2026-07-19,,20059.0,20059.0,610,Monedero
113,712268,Concepcion,Coronel,20051.0,L2,V1,2026-07-19 11:42:14,2026-07-19 12:26:39,CC→CW,2026-07-19,,20051.0,,880,Monedero
114,713674,Cristo Redentor,Diagonal Bio Bio,20166.0,L2,V1,2026-07-19 18:50:28,2026-07-19 19:49:27,CW→CC,2026-07-19,,20166.0,20166.0,680,Monedero
115,718958,Costa Mar,El Parque,20053.0,L2,V1,2026-07-19 12:07:34,2026-07-19 12:27:51,CC→CW,2026-07-19,,20053.0,20053.0,430,Monedero
116,723989,El Parque,Los Canelos,20063.0,L2,V1,2026-07-19 14:42:26,2026-07-19 15:07:38,CC→CW,2026-07-19,,20063.0,20063.0,610,Monedero
117,723989,Cristo Redentor,Costa Mar,20166.0,L2,V1,2026-07-19 18:59:18,2026-07-19 19:44:25,CW→CC,2026-07-19,,20166.0,20166.0,630,Monedero
118,726848,Los Canelos,El Parque,20040.0,L2,V1,2026-07-19 09:45:59,2026-07-19 10:07:08,CW→CC,2026-07-19,,20040.0,20040.0,610,Monedero
119,726848,El Parque,Los Canelos,20167.0,L2,V1,2026-07-19 20:06:35,2026-07-19 20:33:10,CC→CW,2026-07-19,,20167.0,20167.0,610,Monedero
120,730522,Cdal. Raul Silva Henriquez,Juan Pablo II,20044.0,L2,V1,2026-07-19 10:23:01,2026-07-19 10:41:04,CW→CC,2026-07-19,,20044.0,20044.0,510,Monedero
121,730622,Cristo Redentor,Concepcion,20056.0,L2,V1,2026-07-19 12:24:40,2026-07-19 13:13:34,CW→CC,2026-07-19,,20056.0,20056.0,850,Monedero
122,740620,Concepcion,Concepcion,,,,2026-07-19 17:37:24,2026-07-19 17:39:27,,2026-07-19,no viajo,,,420,Monedero
123,752123,Concepcion,La Leonera,20859.0,L1,V1,2026-07-19 12:21:06,2026-07-19 13:19:29,TH→HQ,2026-07-19,,20859.0,20859.0,510,Monedero
124,764431,Concepcion,Cdal. Raul Silva Henriquez,20059.0,L2,V1,2026-07-19 12:36:30,2026-07-19 13:41:25,CC→CW,2026-07-19,,20059.0,20059.0,570,Monedero
125,775400,Laguna Quinenco,Costa Mar,20040.0,L2,V1,2026-07-19 09:31:35,2026-07-19 10:08:51,CW→CC,2026-07-19,,20040.0,20040.0,650,Monedero
126,775400,Costa Mar,Laguna Quinenco,20053.0,L2,V1,2026-07-19 12:10:51,2026-07-19 12:49:23,CC→CW,2026-07-19,,20053.0,20053.0,650,Monedero
127,777392,Cdal. Raul Silva Henriquez,Concepcion,20056.0,L2,V1,2026-07-19 12:32:30,2026-07-19 12:57:50,CW→CC,2026-07-19,,20056.0,20056.0,570,Monedero
128,779657,Los Canelos,Concepcion,20162.0,L2,V1,2026-07-19 18:11:17,2026-07-19 18:57:30,CW→CC,2026-07-19,,20162.0,20162.0,850,Monedero
129,799761,Juan Pablo II,Lomas Coloradas,20167.0,L2,V1,2026-07-19 19:50:53,2026-07-19 20:20:43,CC→CW,2026-07-19,,20167.0,20167.0,510,Monedero
130,799761,Juan Pablo II,Lomas Coloradas,20167.0,L2,V1,2026-07-19 19:50:54,2026-07-19 20:20:34,CC→CW,2026-07-19,,20167.0,20167.0,510,Monedero
131,801425,Higueras,Concepcion,20845.0,L1,V1,2026-07-19 15:26:43,2026-07-19 16:26:48,TH→HQ,2026-07-19,,20845.0,20845.0,500,Monedero
132,805097,Lomas Coloradas,Cristo Redentor,20063.0,L2,V1,2026-07-19 14:47:53,2026-07-19 15:24:14,CC→CW,2026-07-19,,20063.0,20063.0,630,Monedero
133,805387,La Leonera,Pedro Medina,20850.0,L1,V1,2026-07-19 09:35:05,2026-07-19 09:47:11,HQ→TH,2026-07-19,,20850.0,20850.0,420,Monedero
134,805387,La Leonera,Pedro Medina,20850.0,L1,V1,2026-07-19 09:35:17,2026-07-19 09:47:07,HQ→TH,2026-07-19,,20850.0,20850.0,420,Monedero
135,814923,Concepcion,Los Canelos,20059.0,L2,V1,2026-07-19 13:05:34,2026-07-19 13:51:13,CC→CW,2026-07-19,,20059.0,20059.0,850,Monedero
136,817516,Diagonal Bio Bio,Concepcion,20180.0,L2,V1,2026-07-19 16:56:38,2026-07-19 17:28:53,CW→CC,2026-07-19,,20180.0,20180.0,570,Monedero
137,817516,Concepcion,Diagonal Bio Bio,20163.0,L2,V1,2026-07-19 18:46:01,2026-07-19 19:09:08,CC→CW,2026-07-19,,20163.0,20163.0,570,Monedero
138,822755,Cristo Redentor,El Parque,20160.0,L2,V1,2026-07-19 17:47:58,2026-07-19 18:11:26,CW→CC,2026-07-19,,20160.0,20160.0,630,Monedero
139,824482,Cdal. Raul Silva Henriquez,Concepcion,20052.0,L2,V1,2026-07-19 12:28:18,2026-07-19 13:23:17,CW→CC,2026-07-19,combo_relajado_pase3,20052.0,20052.0,590,Monedero
140,826459,Cristo Redentor,Diagonal Bio Bio,20166.0,L2,V1,2026-07-19 19:17:27,2026-07-19 19:48:43,CW→CC,2026-07-19,,20166.0,20166.0,680,Monedero
141,829149,El Parque,Coronel,20053.0,L2,V1,2026-07-19 12:12:51,2026-07-19 12:52:59,CC→CW,2026-07-19,,20053.0,20053.0,650,Monedero
142,835852,Lomas Coloradas,Concepcion,20052.0,L2,V1,2026-07-19 11:41:45,2026-07-19 12:09:56,CW→CC,2026-07-19,,20052.0,20052.0,570,Monedero
143,835852,Concepcion,Lomas Coloradas,20157.0,L2,V1,2026-07-19 17:26:18,2026-07-19 17:49:08,CC→CW,2026-07-19,,20157.0,,570,Monedero
144,837452,Cdal. Raul Silva Henriquez,Costa Mar,20050.0,L2,V1,2026-07-19 11:10:06,2026-07-19 11:28:46,CW→CC,2026-07-19,,20050.0,20050.0,430,Monedero
145,837452,Costa Mar,Lomas Coloradas,20059.0,L2,V1,2026-07-19 12:34:53,2026-07-19 13:38:42,CC→CW,2026-07-19,,20059.0,20059.0,430,Monedero
146,839933,Coronel,Juan Pablo II,20156.0,L2,V1,2026-07-19 09:10:18,2026-07-19 09:51:09,CW→CC,2026-07-19,,20156.0,20156.0,790,Monedero
147,839933,Juan Pablo II,Huinca,20041.0,L2,V1,2026-07-19 10:28:31,2026-07-19 11:05:51,CC→CW,2026-07-19,,20041.0,20041.0,680,Monedero
148,839970,Concepcion,Huinca,20049.0,L2,V1,2026-07-19 11:20:39,2026-07-19 12:04:35,CC→CW,2026-07-19,,20049.0,20049.0,850,Monedero
149,843126,Laguna Quinenco,Cristo Redentor,20166.0,L2,V1,2026-07-19 18:58:20,2026-07-19 19:22:13,CW→CC,2026-07-19,,20166.0,20166.0,450,Monedero
150,848213,Lzo. Arenas,Chiguayante,20845.0,L1,V1,2026-07-19 16:16:28,2026-07-19 16:40:12,TH→HQ,2026-07-19,,20845.0,20845.0,510,Monedero
151,858544,Costa Mar,Coronel,20071.0,L2,V1,2026-07-19 16:55:58,2026-07-19 18:13:09,CC→CW,2026-07-19,,20071.0,20071.0,650,Monedero
152,864215,Laguna Quinenco,Cristo Redentor,20068.0,L2,V1,2026-07-19 15:32:32,2026-07-19 15:41:41,CW→CC,2026-07-19,,20068.0,20068.0,450,Monedero
153,877308,Lomas Coloradas,Juan Pablo II,20052.0,L2,V1,2026-07-19 11:41:04,2026-07-19 11:56:57,CW→CC,2026-07-19,,20052.0,20051.0,510,Monedero
154,885998,Concepcion,Higueras,20848.0,L1,V1,2026-07-19 20:40:21,2026-07-19 21:20:08,HQ→TH,2026-07-19,combo_por_entrada,20848.0,20848.0,590,Monedero
155,893187,Lomas Coloradas,Concepcion,20156.0,L2,V1,2026-07-19 09:36:26,2026-07-19 09:57:45,CW→CC,2026-07-19,,20156.0,20156.0,570,Monedero
156,893187,Concepcion,Lomas Coloradas,20163.0,L2,V1,2026-07-19 18:57:12,2026-07-19 19:19:13,CC→CW,2026-07-19,,20163.0,20163.0,570,Monedero
157,895511,Concepcion,Costa Mar,20171.0,L2,V1,2026-07-19 20:41:54,2026-07-19 21:15:07,CC→CW,2026-07-19,,20171.0,20171.0,570,Monedero
158,898030,Concepcion,Huinca,20063.0,L2,V1,2026-07-19 14:34:04,2026-07-19 15:09:48,CC→CW,2026-07-19,,20063.0,20063.0,850,Monedero
159,903958,Cristo Redentor,Lomas Coloradas,20160.0,L2,V1,2026-07-19 17:40:59,2026-07-19 18:08:37,CW→CC,2026-07-19,,20160.0,20160.0,630,Monedero
160,905826,Juan Pablo II,Cdal. Raul Silva Henriquez,20163.0,L2,V1,2026-07-19 19:02:43,2026-07-19 19:22:00,CC→CW,2026-07-19,,20163.0,20163.0,510,Monedero
161,906016,Concepcion,Huinca,20063.0,L2,V1,2026-07-19 14:20:05,2026-07-19 15:09:21,CC→CW,2026-07-19,,20063.0,20063.0,850,Monedero
162,907291,Concepcion,Huinca,20059.0,L2,V1,2026-07-19 12:58:32,2026-07-19 13:53:31,CC→CW,2026-07-19,,20059.0,20059.0,850,Monedero
163,909887,Cdal. Raul Silva Henriquez,Coronel,20153.0,L2,V1,2026-07-19 09:28:42,2026-07-19 09:56:53,CC→CW,2026-07-19,,20153.0,20153.0,650,Monedero
164,909887,Coronel,Cdal. Raul Silva Henriquez,20062.0,L2,V1,2026-07-19 13:40:32,2026-07-19 14:10:02,CW→CC,2026-07-19,,20062.0,20062.0,650,Monedero
165,911501,Concepcion,Costa Mar,20059.0,L2,V1,2026-07-19 13:04:04,2026-07-19 13:33:23,CC→CW,2026-07-19,,20059.0,20059.0,570,Monedero
166,914764,Concepcion,Huinca,20063.0,L2,V1,2026-07-19 14:22:33,2026-07-19 15:09:42,CC→CW,2026-07-19,,20063.0,20063.0,850,Monedero
167,914764,Huinca,Concepcion,20166.0,L2,V1,2026-07-19 19:19:12,2026-07-19 20:19:26,CW→CC,2026-07-19,,20166.0,20166.0,850,Monedero
168,922138,Concepcion,Coronel,20051.0,L2,V1,2026-07-19 11:44:42,2026-07-19 12:53:04,CC→CW,2026-07-19,,20051.0,20051.0,880,Monedero
169,922138,Coronel,Concepcion,20062.0,L2,V1,2026-07-19 13:40:21,2026-07-19 14:33:40,CW→CC,2026-07-19,,20062.0,20062.0,880,Monedero
170,933040,Concepcion,Cdal. Raul Silva Henriquez,20067.0,L2,V1,2026-07-19 15:26:29,2026-07-19 15:55:17,CC→CW,2026-07-19,,20067.0,20067.0,570,Monedero
171,935330,Concepcion,Costa Mar,20149.0,L2,V1,2026-07-19 08:08:23,2026-07-19 08:44:09,CC→CW,2026-07-19,,20149.0,20149.0,570,Monedero
172,935902,Lomas Coloradas,El Parque,20066.0,L2,V1,2026-07-19 15:03:09,2026-07-19 15:13:12,CW→CC,2026-07-19,,20066.0,20066.0,430,Monedero
173,939954,Juan Pablo II,Cristo Redentor,20167.0,L2,V1,2026-07-19 19:27:34,2026-07-19 20:37:12,CC→CW,2026-07-19,,20167.0,20167.0,680,Monedero
174,940025,Hito Galvarino,Huinca,20167.0,L2,V1,2026-07-19 20:09:00,2026-07-19 20:35:14,CC→CW,2026-07-19,,20167.0,20167.0,460,Monedero
175,950278,Costa Mar,Hito Galvarino,20161.0,L2,V1,2026-07-19 18:23:21,2026-07-19 18:59:54,CC→CW,2026-07-19,,20161.0,20161.0,610,Monedero
176,953668,Concepcion,Lomas Coloradas,20163.0,L2,V1,2026-07-19 18:42:49,2026-07-19 19:19:40,CC→CW,2026-07-19,,20163.0,20163.0,570,Monedero
177,959022,Concepcion,Huinca,20161.0,L2,V1,2026-07-19 18:25:46,2026-07-19 19:04:45,CC→CW,2026-07-19,,20161.0,20161.0,850,Monedero
178,960945,Los Condores,Chiguayante,20847.0,L1,V1,2026-07-19 20:08:23,2026-07-19 20:44:02,TH→HQ,2026-07-19,,20847.0,20847.0,540,Monedero
179,966659,Costa Mar,Concepcion,20062.0,L2,V1,2026-07-19 14:12:13,2026-07-19 14:32:54,CW→CC,2026-07-19,,20062.0,20062.0,570,Monedero
180,966659,Concepcion,Costa Mar,20167.0,L2,V1,2026-07-19 19:32:55,2026-07-19 20:13:53,CC→CW,2026-07-19,,20167.0,20167.0,570,Monedero
181,969213,Higueras,Concepcion,20857.0,L1,V1,2026-07-19 08:34:10,2026-07-19 08:55:23,TH→HQ,2026-07-19,,20857.0,20857.0,500,Monedero
182,977393,Concepcion,Huinca,20157.0,L2,V1,2026-07-19 17:01:31,2026-07-19 18:06:06,CC→CW,2026-07-19,,20157.0,20157.0,850,Monedero
183,978741,Alborada,Cristo Redentor,20163.0,L2,V1,2026-07-19 19:03:10,2026-07-19 19:37:06,CC→CW,2026-07-19,,20163.0,20163.0,680,Monedero
184,982438,Coronel,Concepcion,20166.0,L2,V1,2026-07-19 18:56:45,2026-07-19 20:02:00,CW→CC,2026-07-19,,20166.0,20166.0,880,Monedero
185,982438,Coronel,Concepcion,20166.0,L2,V1,2026-07-19 18:57:14,2026-07-19 20:01:23,CW→CC,2026-07-19,,20166.0,20166.0,880,Monedero
186,982550,Los Canelos,Concepcion,20066.0,L2,V1,2026-07-19 14:49:52,2026-07-19 15:29:33,CW→CC,2026-07-19,,20066.0,20066.0,850,Monedero
187,985856,Laguna Quinenco,Concepcion,20166.0,L2,V1,2026-07-19 18:49:09,2026-07-19 20:00:33,CW→CC,2026-07-19,,20166.0,20166.0,880,Monedero
188,991495,Los Canelos,Laguna Quinenco,20041.0,L2,V1,2026-07-19 10:58:03,2026-07-19 11:09:46,CC→CW,2026-07-19,,20041.0,20041.0,530,Monedero
189,991495,Laguna Quinenco,Los Canelos,20170.0,L2,V1,2026-07-19 20:14:59,2026-07-19 20:26:04,CW→CC,2026-07-19,,20170.0,20170.0,530,Monedero
190,991496,Coronel,Lomas Coloradas,20166.0,L2,V1,2026-07-19 19:12:12,2026-07-19 19:38:48,CW→CC,2026-07-19,,20166.0,20166.0,650,Monedero
191,1002042,Lomas Coloradas,Laguna Quinenco,20053.0,L2,V1,2026-07-19 12:14:03,2026-07-19 12:50:15,CC→CW,2026-07-19,,20053.0,20053.0,650,Monedero
192,1004521,Cdal. Raul Silva Henriquez,Cristo Redentor,20059.0,L2,V1,2026-07-19 13:26:39,2026-07-19 13:56:24,CC→CW,2026-07-19,,20059.0,20059.0,630,Monedero
193,1008755,Coronel,Concepcion,20066.0,L2,V1,2026-07-19 14:38:23,2026-07-19 15:28:27,CW→CC,2026-07-19,,20066.0,20066.0,880,Monedero
194,1010275,Huinca,Juan Pablo II,20162.0,L2,V1,2026-07-19 18:16:07,2026-07-19 18:51:21,CW→CC,2026-07-19,,20162.0,20162.0,680,Monedero
195,1012929,Lomas Coloradas,Cdal. Raul Silva Henriquez,20063.0,L2,V1,2026-07-19 14:49:24,2026-07-19 14:57:50,CC→CW,2026-07-19,,20063.0,20063.0,430,Monedero
196,1012929,Cdal. Raul Silva Henriquez,Lomas Coloradas,20162.0,L2,V1,2026-07-19 18:30:11,2026-07-19 18:38:56,CW→CC,2026-07-19,,20162.0,20162.0,430,Monedero
197,1013279,Concepcion,Hualqui,20847.0,L1,V2,2026-07-19 18:35:14,2026-07-19 21:03:11,,2026-07-19,sin_combo_factible_en_hub|sin_s1_factible_retro,,20847.0,550,Monedero
198,1019402,Coronel,Concepcion,20152.0,L2,V1,2026-07-19 08:27:19,2026-07-19 09:16:30,CW→CC,2026-07-19,,20152.0,20152.0,880,Monedero
199,1019402,Concepcion,Coronel,20071.0,L2,V1,2026-07-19 15:37:05,2026-07-19 17:22:53,CC→CW,2026-07-19,,20071.0,20067.0,880,Monedero
200,1019456,Lomas Coloradas,Juan Pablo II,20068.0,L2,V1,2026-07-19 15:55:38,2026-07-19 16:10:45,CW→CC,2026-07-19,,20068.0,20068.0,510,Monedero
201,1022352,Concepcion,Cristo Redentor,20167.0,L2,V1,2026-07-19 19:30:06,2026-07-19 20:37:19,CC→CW,2026-07-19,,20167.0,20167.0,850,Monedero
202,1029421,Los Canelos,Concepcion,20170.0,L2,V1,2026-07-19 20:21:23,2026-07-19 20:58:48,CW→CC,2026-07-19,,20170.0,20170.0,850,Monedero
203,1031431,Juan Pablo II,Cristo Redentor,20149.0,L2,V1,2026-07-19 08:25:23,2026-07-19 09:06:58,CC→CW,2026-07-19,,20149.0,20149.0,680,Monedero
204,1031431,Cristo Redentor,Juan Pablo II,20166.0,L2,V1,2026-07-19 18:28:54,2026-07-19 19:51:45,CW→CC,2026-07-19,,20166.0,20162.0,680,Monedero
205,1035266,Cdal. Raul Silva Henriquez,Diagonal Bio Bio,20050.0,L2,V1,2026-07-19 11:16:58,2026-07-19 11:33:19,CW→CC,2026-07-19,,20050.0,20050.0,510,Monedero
206,1035332,Concepcion,Hito Galvarino,20059.0,L2,V1,2026-07-19 13:08:26,2026-07-19 13:47:46,CC→CW,2026-07-19,,20059.0,20059.0,850,Monedero
207,1035332,Hito Galvarino,Concepcion,20166.0,L2,V1,2026-07-19 19:22:08,2026-07-19 20:00:10,CW→CC,2026-07-19,,20166.0,20166.0,850,Monedero
208,1046312,Concepcion,Huinca,20071.0,L2,V1,2026-07-19 16:36:07,2026-07-19 17:15:03,CC→CW,2026-07-19,,20071.0,20071.0,850,Monedero
209,1049015,Concepcion,Costa Mar,20063.0,L2,V1,2026-07-19 14:30:49,2026-07-19 14:50:11,CC→CW,2026-07-19,,20063.0,20063.0,570,Monedero
210,1049015,Concepcion,Costa Mar,20063.0,L2,V1,2026-07-19 14:30:53,2026-07-19 14:49:57,CC→CW,2026-07-19,,20063.0,20063.0,570,Monedero
211,1061915,Alborada,Concepcion,20052.0,L2,V1,2026-07-19 11:47:57,2026-07-19 12:12:19,CW→CC,2026-07-19,,20052.0,20052.0,570,Monedero
212,1061915,Alborada,Concepcion,20052.0,L2,V1,2026-07-19 11:48:04,2026-07-19 12:12:13,CW→CC,2026-07-19,,20052.0,20052.0,570,Monedero
213,1066253,Concepcion,Huinca,20041.0,L2,V1,2026-07-19 10:28:10,2026-07-19 11:05:46,CC→CW,2026-07-19,,20041.0,20041.0,850,Monedero
214,1066268,Coronel,Concepcion,20052.0,L2,V1,2026-07-19 11:11:48,2026-07-19 12:10:28,CW→CC,2026-07-19,,20052.0,20052.0,880,Monedero
215,1066268,Concepcion,Coronel,20171.0,L2,V1,2026-07-19 20:42:58,2026-07-19 21:42:04,CC→CW,2026-07-19,,20171.0,20171.0,880,Monedero
216,1072268,Coronel,Costa Mar,20160.0,L2,V1,2026-07-19 17:34:53,2026-07-19 18:13:29,CW→CC,2026-07-19,,20160.0,20160.0,650,Monedero
217,1072815,Concepcion,Laguna Quinenco,20161.0,L2,V1,2026-07-19 18:22:26,2026-07-19 19:09:31,CC→CW,2026-07-19,,20161.0,20161.0,880,Monedero
218,1076670,Concepcion,Cdal. Raul Silva Henriquez,20059.0,L2,V1,2026-07-19 12:22:44,2026-07-19 13:42:56,CC→CW,2026-07-19,combo_por_entrada,20059.0,20059.0,590,Monedero
219,1076670,Concepcion,Cdal. Raul Silva Henriquez,20059.0,L2,V1,2026-07-19 12:23:29,2026-07-19 13:42:45,CC→CW,2026-07-19,combo_por_entrada,20059.0,20059.0,590,Monedero
220,1077048,Concepcion,Lomas Coloradas,20059.0,L2,V1,2026-07-19 12:26:23,2026-07-19 13:39:08,CC→CW,2026-07-19,combo_por_entrada,20059.0,20844.0,590,Monedero
221,1077134,Costa Mar,Los Canelos,20161.0,L2,V1,2026-07-19 18:31:34,2026-07-19 19:02:43,CC→CW,2026-07-19,,20161.0,20161.0,610,Monedero
222,1077154,Coronel,Juan Pablo II,20152.0,L2,V1,2026-07-19 08:22:32,2026-07-19 09:06:46,CW→CC,2026-07-19,,20152.0,20152.0,790,Monedero
223,1077154,Concepcion,Concepcion,,,,2026-07-19 15:53:38,2026-07-19 15:55:12,,2026-07-19,no viajo,,,420,Monedero
224,1077154,Concepcion,Coronel,20071.0,L2,V1,2026-07-19 16:37:03,2026-07-19 17:22:03,CC→CW,2026-07-19,,20071.0,20071.0,880,Monedero
225,1078833,Hito Galvarino,Concepcion,20162.0,L2,V1,2026-07-19 18:19:58,2026-07-19 18:58:03,CW→CC,2026-07-19,,20162.0,20162.0,850,Monedero
226,1079050,Concepcion,Laguna Quinenco,20051.0,L2,V1,2026-07-19 11:42:06,2026-07-19 12:25:09,CC→CW,2026-07-19,,20051.0,20051.0,880,Monedero
227,1079057,Concepcion,Costa Mar,20059.0,L2,V1,2026-07-19 13:07:11,2026-07-19 13:34:23,CC→CW,2026-07-19,,20059.0,20059.0,570,Monedero
228,1081842,Juan Pablo II,Cdal. Raul Silva Henriquez,20167.0,L2,V1,2026-07-19 19:52:11,2026-07-19 20:22:59,CC→CW,2026-07-19,,20167.0,20167.0,510,Monedero
229,1081897,Cristo Redentor,Concepcion,20062.0,L2,V1,2026-07-19 13:45:43,2026-07-19 14:34:00,CW→CC,2026-07-19,,20062.0,20062.0,850,Monedero
230,1081897,Concepcion,Cristo Redentor,20167.0,L2,V1,2026-07-19 19:44:48,2026-07-19 20:37:29,CC→CW,2026-07-19,,20167.0,20167.0,850,Monedero
231,1086414,Concepcion,Laguna Quinenco,20149.0,L2,V1,2026-07-19 08:21:10,2026-07-19 09:09:12,CC→CW,2026-07-19,,20149.0,20149.0,880,Monedero
232,1086635,Concepcion,Hualqui,20857.0,L1,V1,2026-07-19 08:56:11,2026-07-19 09:31:37,TH→HQ,2026-07-19,,20857.0,20857.0,550,Monedero
233,1086692,Concepcion,Cristo Redentor,20059.0,L2,V1,2026-07-19 13:05:36,2026-07-19 13:55:38,CC→CW,2026-07-19,,20059.0,20059.0,850,Monedero
234,1088488,Concepcion,Los Condores,20848.0,L1,V1,2026-07-19 20:52:41,2026-07-19 21:16:31,HQ→TH,2026-07-19,,20848.0,20848.0,500,Monedero
235,1097171,Lzo. Arenas,Hualqui,20845.0,L1,V1,2026-07-19 16:00:56,2026-07-19 17:02:00,TH→HQ,2026-07-19,,20845.0,20845.0,550,Monedero
236,1097171,Hualqui,Lzo. Arenas,20846.0,L1,V1,2026-07-19 17:04:07,2026-07-19 17:42:09,HQ→TH,2026-07-19,,20846.0,20846.0,550,Monedero
237,1101801,Lomas Coloradas,Cdal. Raul Silva Henriquez,20071.0,L2,V1,2026-07-19 16:46:34,2026-07-19 17:02:31,CC→CW,2026-07-19,,20071.0,20071.0,430,Monedero
238,1102848,Cdal. Raul Silva Henriquez,Laguna Quinenco,20053.0,L2,V1,2026-07-19 12:30:50,2026-07-19 12:49:00,CC→CW,2026-07-19,,20053.0,20053.0,650,Monedero
239,1103626,Costa Mar,Los Canelos,20053.0,L2,V1,2026-07-19 12:24:46,2026-07-19 12:43:08,CC→CW,2026-07-19,,20053.0,20053.0,610,Monedero
240,1103769,Mercado,Hualqui,20859.0,L1,V1,2026-07-19 12:27:31,2026-07-19 13:29:47,TH→HQ,2026-07-19,,20859.0,20859.0,580,Monedero
241,1105652,Alborada,Huinca,20059.0,L2,V1,2026-07-19 13:27:17,2026-07-19 13:53:12,CC→CW,2026-07-19,,20059.0,20059.0,680,Monedero
242,1105659,Cdal. Raul Silva Henriquez,Alborada,20166.0,L2,V1,2026-07-19 19:30:28,2026-07-19 19:47:32,CW→CC,2026-07-19,,20166.0,20166.0,510,Monedero
243,1105659,Alborada,Cdal. Raul Silva Henriquez,20171.0,L2,V1,2026-07-19 20:19:48,2026-07-19 21:23:06,CC→CW,2026-07-19,,20171.0,20171.0,510,Monedero
244,1108391,Mercado,Concepcion,20847.0,L1,V1,2026-07-19 19:51:23,2026-07-19 20:30:52,TH→HQ,2026-07-19,,20847.0,20847.0,540,Monedero
245,1109876,Chiguayante,Lzo. Arenas,20848.0,L1,V1,2026-07-19 20:44:46,2026-07-19 21:07:05,HQ→TH,2026-07-19,,20848.0,20848.0,510,Monedero
246,1111951,Concepcion,Mercado,20850.0,L1,V1,2026-07-19 09:28:30,2026-07-19 10:23:15,HQ→TH,2026-07-19,combo_por_entrada,20850.0,20850.0,590,Monedero
247,1116159,Los Canelos,Concepcion,20056.0,L2,V1,2026-07-19 12:18:21,2026-07-19 12:58:14,CW→CC,2026-07-19,,20056.0,20056.0,850,Monedero
248,1123251,Concepcion,Lomas Coloradas,20163.0,L2,V1,2026-07-19 18:54:48,2026-07-19 19:19:31,CC→CW,2026-07-19,,20163.0,20163.0,570,Monedero
249,1125522,Coronel,Laguna Quinenco,20180.0,L2,V1,2026-07-19 16:35:41,2026-07-19 16:49:48,CW→CC,2026-07-19,,20180.0,20180.0,440,Monedero
250,1125522,Coronel,Laguna Quinenco,20180.0,L2,V1,2026-07-19 16:35:50,2026-07-19 16:49:41,CW→CC,2026-07-19,,20180.0,20180.0,440,Monedero
251,1127504,Coronel,Concepcion,20162.0,L2,V1,2026-07-19 18:10:58,2026-07-19 19:04:59,CW→CC,2026-07-19,,20162.0,20162.0,880,Monedero
252,1127943,Concepcion,El Arenal,20844.0,L1,V1,2026-07-19 12:49:15,2026-07-19 13:20:23,HQ→TH,2026-07-19,,20844.0,20844.0,540,Monedero
253,1127943,El Arenal,Concepcion,20847.0,L1,V1,2026-07-19 20:00:30,2026-07-19 20:27:02,TH→HQ,2026-07-19,,20847.0,20847.0,540,Monedero
254,1128046,Coronel,Concepcion,20056.0,L2,V1,2026-07-19 11:55:22,2026-07-19 12:57:17,CW→CC,2026-07-19,,20056.0,20056.0,880,Monedero
255,1129689,Cdal. Raul Silva Henriquez,Coronel,20161.0,L2,V1,2026-07-19 18:40:57,2026-07-19 19:12:56,CC→CW,2026-07-19,,20161.0,20161.0,650,Monedero
256,1130914,Concepcion,El Arenal,20850.0,L1,V1,2026-07-19 08:44:41,2026-07-19 10:20:15,HQ→TH,2026-07-19,combo_por_entrada,20850.0,20850.0,910,Monedero
257,1137332,Hito Galvarino,Concepcion,20050.0,L2,V1,2026-07-19 10:52:23,2026-07-19 11:42:06,CW→CC,2026-07-19,,20050.0,20050.0,850,Monedero
258,1137548,Los Canelos,Diagonal Bio Bio,20050.0,L2,V1,2026-07-19 11:04:01,2026-07-19 11:33:28,CW→CC,2026-07-19,,20050.0,20050.0,650,Monedero
259,1137548,Diagonal Bio Bio,Los Canelos,20171.0,L2,V1,2026-07-19 20:54:50,2026-07-19 21:32:17,CC→CW,2026-07-19,,20171.0,20171.0,650,Monedero
260,1141802,Laguna Quinenco,Concepcion,20156.0,L2,V1,2026-07-19 08:57:07,2026-07-19 09:57:56,CW→CC,2026-07-19,,20156.0,20156.0,880,Monedero
261,1142692,Los Canelos,Concepcion,20162.0,L2,V1,2026-07-19 18:17:05,2026-07-19 18:57:54,CW→CC,2026-07-19,,20162.0,20162.0,850,Monedero
262,1147544,Los Canelos,Concepcion,20052.0,L2,V1,2026-07-19 11:22:51,2026-07-19 12:10:09,CW→CC,2026-07-19,,20052.0,20052.0,850,Monedero
263,1147544,Concepcion,Cdal. Raul Silva Henriquez,20067.0,L2,V1,2026-07-19 15:01:03,2026-07-19 15:54:09,CC→CW,2026-07-19,,20067.0,20067.0,570,Monedero
264,1147810,Laguna Quinenco,Concepcion,20066.0,L2,V1,2026-07-19 14:43:36,2026-07-19 15:29:04,CW→CC,2026-07-19,,20066.0,20066.0,880,Monedero
265,1147810,Concepcion,Laguna Quinenco,20161.0,L2,V1,2026-07-19 18:25:08,2026-07-19 19:10:43,CC→CW,2026-07-19,,20161.0,20161.0,880,Monedero
266,1151179,Concepcion,Coronel,20063.0,L2,V1,2026-07-19 14:23:58,2026-07-19 15:18:15,CC→CW,2026-07-19,,20063.0,20063.0,880,Monedero
267,1151179,Laguna Quinenco,Concepcion,20166.0,L2,V1,2026-07-19 18:59:26,2026-07-19 20:01:10,CW→CC,2026-07-19,,20166.0,20166.0,880,Monedero
268,1152019,Cristo Redentor,Cdal. Raul Silva Henriquez,20066.0,L2,V1,2026-07-19 14:48:01,2026-07-19 15:06:02,CW→CC,2026-07-19,,20066.0,20066.0,630,Monedero
269,1152042,Lomas Coloradas,Juan Pablo II,20044.0,L2,V1,2026-07-19 10:17:01,2026-07-19 10:40:56,CW→CC,2026-07-19,,20044.0,20044.0,510,Monedero
270,1159855,Costa Mar,Concepcion,20162.0,L2,V1,2026-07-19 18:32:45,2026-07-19 18:57:45,CW→CC,2026-07-19,,20162.0,20162.0,570,Monedero
271,1161979,Hito Galvarino,Concepcion,20170.0,L2,V1,2026-07-19 20:28:01,2026-07-19 21:00:24,CW→CC,2026-07-19,,20170.0,20170.0,850,Monedero
272,1162059,Laguna Quinenco,Concepcion,20162.0,L2,V1,2026-07-19 18:13:48,2026-07-19 18:58:38,CW→CC,2026-07-19,,20162.0,20162.0,880,Monedero
273,1163199,Concepcion,Costa Mar,20053.0,L2,V1,2026-07-19 12:02:25,2026-07-19 12:25:51,CC→CW,2026-07-19,,20053.0,20053.0,570,Monedero
274,1163662,Lomas Coloradas,Cristo Redentor,20053.0,L2,V1,2026-07-19 12:26:51,2026-07-19 12:47:08,CC→CW,2026-07-19,,20053.0,20053.0,630,Monedero
275,1163662,Huinca,Lomas Coloradas,20170.0,L2,V1,2026-07-19 20:21:10,2026-07-19 20:38:18,CW→CC,2026-07-19,,20170.0,20170.0,630,Monedero
276,1167398,Concepcion,Laguna Quinenco,20071.0,L2,V1,2026-07-19 16:06:58,2026-07-19 17:21:13,CC→CW,2026-07-19,,20071.0,20071.0,880,Monedero
277,1168736,Alborada,Cristo Redentor,20059.0,L2,V1,2026-07-19 12:59:30,2026-07-19 13:55:38,CC→CW,2026-07-19,,20059.0,20059.0,680,Monedero
278,1168896,Coronel,Cdal. Raul Silva Henriquez,20162.0,L2,V1,2026-07-19 18:08:43,2026-07-19 18:35:47,CW→CC,2026-07-19,,20162.0,20162.0,650,Monedero
279,1176551,Concepcion,Manquimavida,20847.0,L1,V1,2026-07-19 20:13:36,2026-07-19 20:48:47,TH→HQ,2026-07-19,,20847.0,20847.0,510,Monedero
280,1177451,Alborada,Los Canelos,20167.0,L2,V1,2026-07-19 20:08:08,2026-07-19 20:33:17,CC→CW,2026-07-19,,20167.0,20167.0,650,Monedero
281,1179162,Cdal. Raul Silva Henriquez,Juan Pablo II,20058.0,L2,V1,2026-07-19 12:43:42,2026-07-19 13:06:28,CW→CC,2026-07-19,,20058.0,20058.0,510,Monedero
282,1179909,Coronel,Juan Pablo II,20162.0,L2,V1,2026-07-19 18:11:46,2026-07-19 18:51:53,CW→CC,2026-07-19,,20162.0,20162.0,790,Monedero
283,1181196,Hualqui,Higueras,20844.0,L1,V1,2026-07-19 11:41:34,2026-07-19 13:14:46,HQ→TH,2026-07-19,,20844.0,20844.0,560,Monedero
284,1181196,Higueras,Hualqui,20845.0,L1,V1,2026-07-19 15:28:43,2026-07-19 17:02:27,TH→HQ,2026-07-19,,20845.0,20845.0,560,Monedero
285,1184314,Huinca,Concepcion,20180.0,L2,V1,2026-07-19 16:50:28,2026-07-19 17:29:33,CW→CC,2026-07-19,,20180.0,20180.0,850,Monedero
286,1190147,Los Canelos,Alborada,20056.0,L2,V1,2026-07-19 12:24:01,2026-07-19 12:45:46,CW→CC,2026-07-19,,20056.0,20056.0,650,Monedero
287,1190434,Concepcion,Coronel,20161.0,L2,V1,2026-07-19 18:20:04,2026-07-19 19:13:25,CC→CW,2026-07-19,,20161.0,20161.0,880,Monedero
288,1190434,Concepcion,Coronel,20161.0,L2,V1,2026-07-19 18:20:11,2026-07-19 19:13:23,CC→CW,2026-07-19,,20161.0,20161.0,880,Monedero
289,1192202,Hito Galvarino,Concepcion,20066.0,L2,V1,2026-07-19 14:38:22,2026-07-19 15:29:15,CW→CC,2026-07-19,,20066.0,20066.0,850,Monedero
290,1192202,Concepcion,Hito Galvarino,20071.0,L2,V1,2026-07-19 16:27:36,2026-07-19 17:08:39,CC→CW,2026-07-19,,20071.0,20071.0,850,Monedero
291,1192217,Huinca,Concepcion,20156.0,L2,V1,2026-07-19 09:20:57,2026-07-19 09:57:44,CW→CC,2026-07-19,,20156.0,20156.0,850,Monedero
292,1194508,El Parque,Juan Pablo II,20156.0,L2,V1,2026-07-19 09:38:04,2026-07-19 09:50:51,CW→CC,2026-07-19,,20156.0,20156.0,510,Monedero
293,1199927,Costa Mar,Coronel,20053.0,L2,V1,2026-07-19 12:13:58,2026-07-19 12:52:39,CC→CW,2026-07-19,,20053.0,20053.0,650,Monedero
294,1204177,Concepcion,Concepcion,,,,2026-07-19 13:07:03,2026-07-19 13:07:31,,2026-07-19,no viajo,,,420,Monedero
295,1204177,Concepcion,Concepcion,,,,2026-07-19 13:29:22,2026-07-19 13:29:52,,2026-07-19,no viajo,,,420,Monedero
296,1204769,Concepcion,Laguna Quinenco,20049.0,L2,V1,2026-07-19 11:29:45,2026-07-19 12:09:05,CC→CW,2026-07-19,,20049.0,20049.0,880,Monedero
297,1204769,Laguna Quinenco,Concepcion,20170.0,L2,V1,2026-07-19 20:10:18,2026-07-19 20:59:50,CW→CC,2026-07-19,,20170.0,20170.0,880,Monedero
298,1205352,Huinca,Concepcion,20052.0,L2,V1,2026-07-19 11:17:10,2026-07-19 12:10:46,CW→CC,2026-07-19,,20052.0,20052.0,850,Monedero
299,1205352,Concepcion,Huinca,20161.0,L2,V1,2026-07-19 18:25:50,2026-07-19 19:05:57,CC→CW,2026-07-19,,20161.0,20161.0,850,Monedero
300,1207203,Concepcion,Laguna Quinenco,20171.0,L2,V1,2026-07-19 20:08:47,2026-07-19 21:39:36,CC→CW,2026-07-19,,20171.0,20171.0,880,Monedero
301,1207203,Concepcion,Laguna Quinenco,20171.0,L2,V1,2026-07-19 20:09:18,2026-07-19 21:39:28,CC→CW,2026-07-19,,20171.0,20171.0,880,Monedero
302,1208356,Concepcion,Lomas Coloradas,20157.0,L2,V1,2026-07-19 17:23:16,2026-07-19 17:49:53,CC→CW,2026-07-19,,20157.0,20157.0,570,Monedero
303,1209054,Cristo Redentor,Cdal. Raul Silva Henriquez,20068.0,L2,V1,2026-07-19 15:36:36,2026-07-19 15:54:24,CW→CC,2026-07-19,,20068.0,20068.0,630,Monedero
304,1209054,Cdal. Raul Silva Henriquez,Concepcion,20180.0,L2,V1,2026-07-19 16:58:11,2026-07-19 17:30:25,CW→CC,2026-07-19,,20180.0,20180.0,570,Monedero
305,1209054,Concepcion,Cristo Redentor,20171.0,L2,V1,2026-07-19 20:46:21,2026-07-19 21:37:00,CC→CW,2026-07-19,,20171.0,20171.0,850,Monedero
306,1216384,Coronel,Costa Mar,20166.0,L2,V1,2026-07-19 19:04:30,2026-07-19 19:44:55,CW→CC,2026-07-19,,20166.0,20166.0,650,Monedero
307,1219080,Diagonal Bio Bio,Concepcion,20170.0,L2,V1,2026-07-19 20:44:50,2026-07-19 21:00:33,CW→CC,2026-07-19,,20170.0,20170.0,570,Monedero
308,1219180,Lomas Coloradas,Concepcion,20180.0,L2,V1,2026-07-19 16:50:14,2026-07-19 17:29:12,CW→CC,2026-07-19,,20180.0,20180.0,570,Monedero
309,1221411,Costa Mar,Cdal. Raul Silva Henriquez,20167.0,L2,V1,2026-07-19 20:12:48,2026-07-19 20:23:47,CC→CW,2026-07-19,,20167.0,20167.0,430,Monedero
310,1221607,Huinca,Concepcion,20040.0,L2,V1,2026-07-19 09:43:47,2026-07-19 10:22:36,CW→CC,2026-07-19,,20040.0,20040.0,850,Monedero
311,1225273,Concepcion,Lomas Coloradas,20059.0,L2,V1,2026-07-19 12:57:36,2026-07-19 13:38:46,CC→CW,2026-07-19,,20059.0,20059.0,570,Monedero
312,1228686,Laguna Quinenco,Costa Mar,20160.0,L2,V1,2026-07-19 17:36:32,2026-07-19 18:14:22,CW→CC,2026-07-19,,20160.0,20160.0,650,Monedero
313,1229537,Mercado,La Leonera,20857.0,L1,V1,2026-07-19 08:22:46,2026-07-19 09:18:39,TH→HQ,2026-07-19,,20857.0,20857.0,550,Monedero
314,1230229,Laguna Quinenco,Cdal. Raul Silva Henriquez,20170.0,L2,V1,2026-07-19 20:11:00,2026-07-19 20:36:00,CW→CC,2026-07-19,,20170.0,20170.0,650,Monedero
315,1231116,Laguna Quinenco,Concepcion,20170.0,L2,V1,2026-07-19 19:48:06,2026-07-19 21:26:48,CW→CC,2026-07-19,combo_por_entrada,20170.0,20170.0,910,Monedero
316,1232113,Cdal. Raul Silva Henriquez,Coronel,20157.0,L2,V1,2026-07-19 17:45:58,2026-07-19 18:13:35,CC→CW,2026-07-19,,20157.0,20157.0,650,Monedero
317,1232127,Los Condores,Concepcion,20845.0,L1,V1,2026-07-19 16:05:11,2026-07-19 17:00:14,TH→HQ,2026-07-19,combo_por_entrada,20845.0,20071.0,590,Monedero
318,1236300,Huinca,El Parque,20040.0,L2,V1,2026-07-19 09:43:28,2026-07-19 10:07:15,CW→CC,2026-07-19,,20040.0,20040.0,630,Monedero
319,1236300,El Parque,Los Canelos,20059.0,L2,V1,2026-07-19 13:15:14,2026-07-19 13:51:38,CC→CW,2026-07-19,,20059.0,20059.0,610,Monedero
320,1237263,Concepcion,Cdal. Raul Silva Henriquez,20161.0,L2,V1,2026-07-19 18:15:40,2026-07-19 18:53:18,CC→CW,2026-07-19,,20161.0,20161.0,570,Monedero
321,1241329,Concepcion,Laguna Quinenco,20063.0,L2,V1,2026-07-19 14:19:51,2026-07-19 15:14:41,CC→CW,2026-07-19,,20063.0,20063.0,880,Monedero
322,1244307,Cdal. Raul Silva Henriquez,Concepcion,20160.0,L2,V1,2026-07-19 17:45:44,2026-07-19 18:28:25,CW→CC,2026-07-19,,20160.0,20160.0,570,Monedero
323,1244307,Concepcion,El Parque,20167.0,L2,V1,2026-07-19 19:59:21,2026-07-19 21:18:47,CC→CW,2026-07-19,,20167.0,20167.0,570,Monedero
324,1246491,Costa Mar,Concepcion,20050.0,L2,V1,2026-07-19 11:27:25,2026-07-19 11:43:07,CW→CC,2026-07-19,,20050.0,20050.0,570,Monedero
325,1246491,Costa Mar,Concepcion,20050.0,L2,V1,2026-07-19 11:27:28,2026-07-19 11:43:03,CW→CC,2026-07-19,,20050.0,20050.0,570,Monedero
326,1248564,Lomas Coloradas,Concepcion,20160.0,L2,V1,2026-07-19 17:50:18,2026-07-19 18:29:10,CW→CC,2026-07-19,,20160.0,20160.0,570,Monedero
327,1249179,Lomas Coloradas,Laguna Quinenco,20059.0,L2,V1,2026-07-19 13:15:55,2026-07-19 13:58:20,CC→CW,2026-07-19,,20059.0,20059.0,650,Monedero
328,1249179,Laguna Quinenco,Lomas Coloradas,20162.0,L2,V1,2026-07-19 18:04:29,2026-07-19 18:39:02,CW→CC,2026-07-19,,20162.0,20162.0,650,Monedero
329,1249179,Lomas Coloradas,Coronel,20163.0,L2,V1,2026-07-19 19:02:34,2026-07-19 19:44:05,CC→CW,2026-07-19,,20163.0,20163.0,650,Monedero
330,1250570,Cdal. Raul Silva Henriquez,Concepcion,20066.0,L2,V1,2026-07-19 14:52:01,2026-07-19 15:28:39,CW→CC,2026-07-19,,20066.0,20066.0,570,Monedero
331,1250751,Cdal. Raul Silva Henriquez,Laguna Quinenco,20071.0,L2,V1,2026-07-19 16:54:37,2026-07-19 17:19:33,CC→CW,2026-07-19,,20071.0,20071.0,650,Monedero
332,1250751,Laguna Quinenco,Cdal. Raul Silva Henriquez,20170.0,L2,V1,2026-07-19 20:01:43,2026-07-19 20:36:00,CW→CC,2026-07-19,,20170.0,20170.0,650,Monedero
333,1252484,Concepcion,Lomas Coloradas,20163.0,L2,V1,2026-07-19 18:43:28,2026-07-19 19:20:34,CC→CW,2026-07-19,,20163.0,20163.0,570,Monedero
334,1253642,Huinca,Concepcion,20162.0,L2,V1,2026-07-19 18:06:52,2026-07-19 18:58:58,CW→CC,2026-07-19,,20162.0,20162.0,850,Monedero
335,1254907,Cdal. Raul Silva Henriquez,Diagonal Bio Bio,20180.0,L2,V1,2026-07-19 17:00:06,2026-07-19 17:19:16,CW→CC,2026-07-19,,20180.0,20180.0,510,Monedero
336,1258313,Cdal. Raul Silva Henriquez,Laguna Quinenco,20071.0,L2,V1,2026-07-19 17:01:32,2026-07-19 17:19:41,CC→CW,2026-07-19,,20071.0,20071.0,650,Monedero
337,1258313,Laguna Quinenco,Cdal. Raul Silva Henriquez,20160.0,L2,V1,2026-07-19 17:49:12,2026-07-19 18:35:43,CW→CC,2026-07-19,,20160.0,20160.0,650,Monedero
338,1258761,Costa Mar,Concepcion,20068.0,L2,V1,2026-07-19 15:55:30,2026-07-19 16:17:13,CW→CC,2026-07-19,,20068.0,20068.0,570,Monedero
339,1262066,Concepcion,Concepcion,,,,2026-07-19 16:52:27,2026-07-19 16:53:00,,2026-07-19,no viajo,,,420,Monedero
340,1263903,Los Canelos,Alborada,20052.0,L2,V1,2026-07-19 11:25:18,2026-07-19 11:50:33,CW→CC,2026-07-19,,20052.0,20052.0,650,Monedero
341,1263903,Alborada,Los Canelos,20167.0,L2,V1,2026-07-19 19:18:09,2026-07-19 20:33:22,CC→CW,2026-07-19,,20167.0,20163.0,650,Monedero
342,1263910,Huinca,Diagonal Bio Bio,20058.0,L2,V1,2026-07-19 12:32:40,2026-07-19 13:03:20,CW→CC,2026-07-19,,20058.0,20058.0,680,Monedero
343,1265677,Los Canelos,Costa Mar,20058.0,L2,V1,2026-07-19 12:36:19,2026-07-19 12:59:30,CW→CC,2026-07-19,,20058.0,20058.0,610,Monedero
344,1265677,Costa Mar,Los Canelos,20067.0,L2,V1,2026-07-19 15:35:28,2026-07-19 16:05:12,CC→CW,2026-07-19,,20067.0,20067.0,610,Monedero
345,1267240,Concepcion,La Leonera,20845.0,L1,V1,2026-07-19 16:17:52,2026-07-19 16:48:18,TH→HQ,2026-07-19,,20845.0,20845.0,510,Monedero
346,1267549,Concepcion,Lomas Coloradas,20163.0,L2,V1,2026-07-19 18:48:58,2026-07-19 19:19:22,CC→CW,2026-07-19,,20163.0,20163.0,570,Monedero
347,1274525,Concepcion,Los Canelos,20163.0,L2,V1,2026-07-19 18:43:09,2026-07-19 19:32:05,CC→CW,2026-07-19,,20163.0,20163.0,850,Monedero
348,1275029,Laguna Quinenco,Hito Galvarino,20068.0,L2,V1,2026-07-19 15:15:20,2026-07-19 15:48:13,CW→CC,2026-07-19,,20068.0,20068.0,530,Monedero
349,1281475,Los Canelos,Concepcion,20166.0,L2,V1,2026-07-19 19:21:53,2026-07-19 19:59:25,CW→CC,2026-07-19,,20166.0,20166.0,850,Monedero
350,1284521,Huinca,Concepcion,20170.0,L2,V1,2026-07-19 20:17:15,2026-07-19 20:58:57,CW→CC,2026-07-19,,20170.0,20170.0,850,Monedero
351,1284540,Coronel,Concepcion,20066.0,L2,V1,2026-07-19 14:42:35,2026-07-19 15:28:17,CW→CC,2026-07-19,,20066.0,20066.0,880,Monedero
352,1285865,Hito Galvarino,Los Canelos,20049.0,L2,V1,2026-07-19 11:54:01,2026-07-19 12:02:46,CC→CW,2026-07-19,,20049.0,20049.0,440,Monedero
353,1289805,Concepcion,Chiguayante,20847.0,L1,V1,2026-07-19 19:19:48,2026-07-19 20:43:14,TH→HQ,2026-07-19,combo_por_entrada,20847.0,20847.0,910,Monedero
354,1291218,Juan Pablo II,Costa Mar,20067.0,L2,V1,2026-07-19 15:21:30,2026-07-19 15:45:13,CC→CW,2026-07-19,,20067.0,20067.0,510,Monedero
355,1294866,Concepcion,Cristo Redentor,20149.0,L2,V1,2026-07-19 08:27:19,2026-07-19 09:07:33,CC→CW,2026-07-19,,20149.0,20149.0,850,Monedero
356,1294866,Cristo Redentor,Concepcion,20170.0,L2,V1,2026-07-19 20:12:51,2026-07-19 20:59:08,CW→CC,2026-07-19,,20170.0,20170.0,850,Monedero
357,1297122,Lomas Coloradas,Concepcion,20162.0,L2,V1,2026-07-19 18:35:51,2026-07-19 18:58:24,CW→CC,2026-07-19,,20162.0,20162.0,570,Monedero
358,1298419,Laguna Quinenco,Concepcion,20040.0,L2,V1,2026-07-19 09:36:27,2026-07-19 10:24:44,CW→CC,2026-07-19,,20040.0,20040.0,880,Monedero
359,1298419,Concepcion,Laguna Quinenco,20063.0,L2,V1,2026-07-19 13:38:49,2026-07-19 15:14:57,CC→CW,2026-07-19,,20063.0,20063.0,880,Monedero
360,1299870,Cdal. Raul Silva Henriquez,Concepcion,20180.0,L2,V1,2026-07-19 16:57:17,2026-07-19 17:30:47,CW→CC,2026-07-19,,20180.0,20180.0,570,Monedero
361,1302258,Cdal. Raul Silva Henriquez,Concepcion,20068.0,L2,V1,2026-07-19 15:42:05,2026-07-19 16:18:46,CW→CC,2026-07-19,,20068.0,20068.0,570,Monedero
362,1303194,Concepcion,Hito Galvarino,20067.0,L2,V1,2026-07-19 15:23:08,2026-07-19 16:00:15,CC→CW,2026-07-19,,20067.0,20067.0,850,Monedero
363,1303194,Hito Galvarino,Concepcion,20162.0,L2,V1,2026-07-19 18:27:18,2026-07-19 18:57:54,CW→CC,2026-07-19,,20162.0,20162.0,850,Monedero
364,1310465,Coronel,El Parque,20062.0,L2,V1,2026-07-19 13:40:36,2026-07-19 14:19:30,CW→CC,2026-07-19,,20062.0,20062.0,650,Monedero
365,1310465,El Parque,Coronel,20071.0,L2,V1,2026-07-19 16:45:32,2026-07-19 17:23:26,CC→CW,2026-07-19,,20071.0,20071.0,650,Monedero
366,1312934,Concepcion,Los Condores,20848.0,L1,V1,2026-07-19 20:14:11,2026-07-19 21:17:32,HQ→TH,2026-07-19,combo_por_entrada,20848.0,20848.0,900,Monedero
367,1315497,Diagonal Bio Bio,Cristo Redentor,20163.0,L2,V1,2026-07-19 18:56:14,2026-07-19 19:37:06,CC→CW,2026-07-19,,20163.0,20163.0,680,Monedero
368,1320919,Concepcion,Huinca,20051.0,L2,V1,2026-07-19 11:39:55,2026-07-19 12:19:38,CC→CW,2026-07-19,,20051.0,20051.0,850,Monedero
369,1324881,Laguna Quinenco,El Parque,20152.0,L2,V1,2026-07-19 08:27:49,2026-07-19 08:56:56,CW→CC,2026-07-19,,20152.0,20152.0,650,Monedero
370,1326274,Concepcion,Cristo Redentor,20051.0,L2,V1,2026-07-19 11:35:22,2026-07-19 12:21:57,CC→CW,2026-07-19,,20051.0,20049.0,850,Monedero
371,1326274,Cristo Redentor,Concepcion,20160.0,L2,V1,2026-07-19 17:47:36,2026-07-19 18:29:43,CW→CC,2026-07-19,,20160.0,20160.0,850,Monedero
372,1329992,Concepcion,Hito Galvarino,20037.0,L2,V1,2026-07-19 09:52:04,2026-07-19 10:32:49,CC→CW,2026-07-19,,20037.0,20037.0,850,Monedero
373,1330716,Concepcion,El Parque,20059.0,L2,V1,2026-07-19 12:21:14,2026-07-19 13:36:17,CC→CW,2026-07-19,combo_por_entrada,20059.0,20059.0,590,Monedero
374,1331410,Higueras,La Leonera,20847.0,L1,V1,2026-07-19 20:05:37,2026-07-19 20:51:48,TH→HQ,2026-07-19,,20847.0,20847.0,540,Monedero
375,1332131,Cdal. Raul Silva Henriquez,Laguna Quinenco,20053.0,L2,V1,2026-07-19 12:30:55,2026-07-19 12:49:03,CC→CW,2026-07-19,,20053.0,20053.0,650,Monedero
376,1332131,Coronel,Cdal. Raul Silva Henriquez,20162.0,L2,V1,2026-07-19 18:12:40,2026-07-19 18:35:03,CW→CC,2026-07-19,,20162.0,20162.0,650,Monedero
377,1333341,Costa Mar,Coronel,20041.0,L2,V1,2026-07-19 10:38:56,2026-07-19 11:12:29,CC→CW,2026-07-19,,20041.0,20041.0,650,Monedero
378,1333514,Cdal. Raul Silva Henriquez,Diagonal Bio Bio,20050.0,L2,V1,2026-07-19 11:17:06,2026-07-19 11:33:29,CW→CC,2026-07-19,,20050.0,20050.0,510,Monedero
379,1336455,Concepcion,Hualqui,20859.0,L1,V1,2026-07-19 12:58:07,2026-07-19 13:29:22,TH→HQ,2026-07-19,,20859.0,20859.0,550,Monedero
380,1340875,La Leonera,Concepcion,20850.0,L1,V1,2026-07-19 09:30:58,2026-07-19 10:00:01,HQ→TH,2026-07-19,,20850.0,20850.0,510,Monedero
381,1345065,Concepcion,Cdal. Raul Silva Henriquez,20049.0,L2,V1,2026-07-19 11:22:33,2026-07-19 11:52:28,CC→CW,2026-07-19,,20049.0,20049.0,570,Monedero
382,1346324,Costa Mar,Coronel,20157.0,L2,V1,2026-07-19 17:44:27,2026-07-19 19:13:05,CC→CW,2026-07-19,,20157.0,20157.0,650,Monedero
383,1348371,Cdal. Raul Silva Henriquez,Costa Mar,20056.0,L2,V1,2026-07-19 12:02:30,2026-07-19 12:43:59,CW→CC,2026-07-19,,20056.0,20056.0,430,Monedero
384,1348483,Concepcion,Coronel,20051.0,L2,V1,2026-07-19 11:42:36,2026-07-19 12:27:39,CC→CW,2026-07-19,,20051.0,20051.0,880,Monedero
385,1349755,Costa Mar,Cristo Redentor,20157.0,L2,V1,2026-07-19 17:43:55,2026-07-19 18:07:48,CC→CW,2026-07-19,,20157.0,20157.0,630,Monedero
386,1350423,Costa Mar,Cdal. Raul Silva Henriquez,20071.0,L2,V1,2026-07-19 16:37:00,2026-07-19 17:03:20,CC→CW,2026-07-19,,20071.0,20071.0,430,Monedero
387,1350423,Costa Mar,Cdal. Raul Silva Henriquez,20071.0,L2,V1,2026-07-19 16:37:33,2026-07-19 17:02:52,CC→CW,2026-07-19,,20071.0,20071.0,430,Monedero
388,1352785,Alborada,Lomas Coloradas,20063.0,L2,V1,2026-07-19 14:40:10,2026-07-19 14:54:55,CC→CW,2026-07-19,,20063.0,20063.0,510,Monedero
389,1352785,Lomas Coloradas,Alborada,20068.0,L2,V1,2026-07-19 15:31:37,2026-07-19 16:06:38,CW→CC,2026-07-19,,20068.0,20068.0,510,Monedero
390,1355313,Hualqui,UTF Santa Maria,20844.0,L1,V1,2026-07-19 12:13:32,2026-07-19 13:06:48,HQ→TH,2026-07-19,,20844.0,20844.0,560,Monedero
391,1357347,Concepcion,Cdal. Raul Silva Henriquez,20063.0,L2,V1,2026-07-19 14:28:44,2026-07-19 14:57:08,CC→CW,2026-07-19,,20063.0,20063.0,570,Monedero
392,1357351,El Arenal,Concepcion,20845.0,L1,V1,2026-07-19 15:55:39,2026-07-19 16:25:35,TH→HQ,2026-07-19,,20845.0,20845.0,540,Monedero
393,1360114,Concepcion,Chiguayante,20859.0,L1,V1,2026-07-19 12:29:01,2026-07-19 13:10:47,TH→HQ,2026-07-19,match_por_salida_fallback,20859.0,20859.0,590,Monedero
394,1360570,Coronel,Costa Mar,20166.0,L2,V1,2026-07-19 18:55:46,2026-07-19 19:44:52,CW→CC,2026-07-19,,20166.0,20166.0,650,Monedero
395,1360570,Coronel,Costa Mar,20166.0,L2,V1,2026-07-19 18:55:59,2026-07-19 19:44:46,CW→CC,2026-07-19,,20166.0,20166.0,650,Monedero
396,1360620,Concepcion,Cdal. Raul Silva Henriquez,20161.0,L2,V1,2026-07-19 18:20:53,2026-07-19 18:54:10,CC→CW,2026-07-19,,20161.0,20161.0,570,Monedero
397,1361355,Concepcion,Cdal. Raul Silva Henriquez,20059.0,L2,V1,2026-07-19 12:51:15,2026-07-19 13:42:13,CC→CW,2026-07-19,,20059.0,20059.0,570,Monedero
398,1362739,Manquimavida,Concepcion,20844.0,L1,V1,2026-07-19 12:28:18,2026-07-19 14:00:53,HQ→TH,2026-07-19,combo_por_entrada,20844.0,20059.0,910,Monedero
399,1362939,Laguna Quinenco,Concepcion,20166.0,L2,V1,2026-07-19 19:02:01,2026-07-19 19:59:56,CW→CC,2026-07-19,,20166.0,20166.0,880,Monedero
400,1362939,Laguna Quinenco,Concepcion,20166.0,L2,V1,2026-07-19 19:02:21,2026-07-19 19:59:49,CW→CC,2026-07-19,,20166.0,20166.0,880,Monedero
401,1364712,Concepcion,Laguna Quinenco,20059.0,L2,V1,2026-07-19 13:01:17,2026-07-19 13:58:20,CC→CW,2026-07-19,,20059.0,20059.0,880,Monedero
402,1366420,Juan Pablo II,Lomas Coloradas,20167.0,L2,V1,2026-07-19 19:48:55,2026-07-19 20:19:31,CC→CW,2026-07-19,,20167.0,20167.0,510,Monedero
403,1369895,Concepcion,Laguna Quinenco,20063.0,L2,V1,2026-07-19 14:26:40,2026-07-19 15:14:06,CC→CW,2026-07-19,,20063.0,20063.0,880,Monedero
404,1372490,Laguna Quinenco,Costa Mar,20166.0,L2,V1,2026-07-19 19:08:20,2026-07-19 19:44:22,CW→CC,2026-07-19,,20166.0,20166.0,650,Monedero
405,1373364,Concepcion,Lomas Coloradas,20071.0,L2,V1,2026-07-19 15:28:55,2026-07-19 16:58:53,CC→CW,2026-07-19,combo_por_entrada,20071.0,20071.0,590,Monedero
406,1373505,Laguna Quinenco,Concepcion,20160.0,L2,V1,2026-07-19 17:40:32,2026-07-19 18:28:44,CW→CC,2026-07-19,,20160.0,20160.0,880,Monedero
407,1374980,Costa Mar,Concepcion,20052.0,L2,V1,2026-07-19 11:43:57,2026-07-19 12:14:39,CW→CC,2026-07-19,,20052.0,20052.0,570,Monedero
408,1377903,Concepcion,Lomas Coloradas,20167.0,L2,V1,2026-07-19 19:49:13,2026-07-19 20:20:21,CC→CW,2026-07-19,,20167.0,20167.0,570,Monedero
409,1378050,Diagonal Bio Bio,Cristo Redentor,20167.0,L2,V1,2026-07-19 19:44:29,2026-07-19 20:37:25,CC→CW,2026-07-19,,20167.0,20167.0,680,Monedero
410,1382221,Concepcion,Costa Mar,20067.0,L2,V1,2026-07-19 15:16:47,2026-07-19 15:45:22,CC→CW,2026-07-19,,20067.0,20067.0,570,Monedero
411,1384211,Cdal. Raul Silva Henriquez,Juan Pablo II,20044.0,L2,V1,2026-07-19 10:17:22,2026-07-19 10:41:43,CW→CC,2026-07-19,,20044.0,20044.0,510,Monedero
412,1385273,Cristo Redentor,Coronel,20149.0,L2,V1,2026-07-19 08:58:13,2026-07-19 09:12:17,CC→CW,2026-07-19,,20149.0,20149.0,450,Monedero
413,1385634,Hito Galvarino,Concepcion,20040.0,L2,V1,2026-07-19 09:50:09,2026-07-19 10:24:36,CW→CC,2026-07-19,,20040.0,20040.0,850,Monedero
414,1385634,Diagonal Bio Bio,Hito Galvarino,20167.0,L2,V1,2026-07-19 20:02:39,2026-07-19 20:28:52,CC→CW,2026-07-19,,20167.0,20167.0,650,Monedero
415,1386232,Laguna Quinenco,Concepcion,20068.0,L2,V1,2026-07-19 15:33:44,2026-07-19 16:17:37,CW→CC,2026-07-19,,20068.0,20068.0,880,Monedero
416,1392117,Diagonal Bio Bio,Cdal. Raul Silva Henriquez,20167.0,L2,V1,2026-07-19 20:03:29,2026-07-19 20:22:50,CC→CW,2026-07-19,,20167.0,20167.0,510,Monedero
417,1395295,Concepcion,Los Canelos,20163.0,L2,V1,2026-07-19 18:54:44,2026-07-19 19:32:26,CC→CW,2026-07-19,,20163.0,20163.0,850,Monedero
418,1396738,Concepcion,Coronel,20063.0,L2,V1,2026-07-19 14:04:33,2026-07-19 15:17:08,CC→CW,2026-07-19,,20063.0,20063.0,880,Monedero
419,1396738,Coronel,Concepcion,20170.0,L2,V1,2026-07-19 20:04:17,2026-07-19 21:01:11,CW→CC,2026-07-19,,20170.0,20170.0,880,Monedero
420,1400722,Cdal. Raul Silva Henriquez,Alborada,20180.0,L2,V1,2026-07-19 16:48:27,2026-07-19 17:16:23,CW→CC,2026-07-19,,20180.0,20180.0,510,Monedero
421,1400722,Alborada,Cdal. Raul Silva Henriquez,20167.0,L2,V1,2026-07-19 19:59:32,2026-07-19 20:22:59,CC→CW,2026-07-19,,20167.0,20167.0,510,Monedero
422,1400946,Juan Pablo II,Lomas Coloradas,20161.0,L2,V1,2026-07-19 18:19:24,2026-07-19 18:50:19,CC→CW,2026-07-19,,20161.0,20161.0,510,Monedero
423,1400946,Lomas Coloradas,Juan Pablo II,20166.0,L2,V1,2026-07-19 19:14:38,2026-07-19 19:52:00,CW→CC,2026-07-19,,20166.0,20166.0,510,Monedero
424,1401344,Concepcion,Lomas Coloradas,20049.0,L2,V1,2026-07-19 11:29:17,2026-07-19 12:04:28,CC→CW,2026-07-19,,20049.0,20049.0,570,Monedero
425,1408690,Concepcion,Huinca,20157.0,L2,V1,2026-07-19 17:24:47,2026-07-19 18:05:41,CC→CW,2026-07-19,,20157.0,20157.0,850,Monedero
426,1410801,Concepcion,Cdal. Raul Silva Henriquez,20059.0,L2,V1,2026-07-19 12:24:46,2026-07-19 13:41:48,CC→CW,2026-07-19,,20059.0,20059.0,570,Monedero
427,1411984,Lomas Coloradas,Concepcion,20052.0,L2,V1,2026-07-19 11:38:07,2026-07-19 12:12:47,CW→CC,2026-07-19,,20052.0,20052.0,570,Monedero
428,1411984,Concepcion,Lomas Coloradas,20071.0,L2,V1,2026-07-19 16:12:35,2026-07-19 16:59:10,CC→CW,2026-07-19,,20071.0,20071.0,570,Monedero
429,1412435,Cdal. Raul Silva Henriquez,Concepcion,20044.0,L2,V1,2026-07-19 10:20:19,2026-07-19 10:48:59,CW→CC,2026-07-19,,20044.0,20044.0,570,Monedero
430,1415210,Concepcion,Concepcion,,,,2026-07-19 18:24:42,2026-07-19 18:29:35,,2026-07-19,no viajo,,,420,Monedero
431,1415210,Concepcion,Manquimavida,20847.0,L1,V1,2026-07-19 20:25:22,2026-07-19 20:49:15,TH→HQ,2026-07-19,,20847.0,20847.0,510,Monedero
432,1415217,Costa Mar,Coronel,20049.0,L2,V1,2026-07-19 11:40:17,2026-07-19 12:13:10,CC→CW,2026-07-19,,20049.0,20049.0,650,Monedero
433,1415217,Costa Mar,Coronel,20049.0,L2,V1,2026-07-19 11:40:20,2026-07-19 12:12:28,CC→CW,2026-07-19,,20049.0,20049.0,650,Monedero
434,1415217,Coronel,Costa Mar,20160.0,L2,V1,2026-07-19 17:25:17,2026-07-19 18:13:36,CW→CC,2026-07-19,,20160.0,20160.0,650,Monedero
435,1415217,Coronel,Costa Mar,20160.0,L2,V1,2026-07-19 17:25:29,2026-07-19 18:13:33,CW→CC,2026-07-19,,20160.0,20160.0,650,Monedero
436,1415407,Los Canelos,Diagonal Bio Bio,20052.0,L2,V1,2026-07-19 11:23:26,2026-07-19 11:53:18,CW→CC,2026-07-19,,20052.0,20052.0,650,Monedero
437,1416860,Concepcion,Concepcion,,,,2026-07-19 16:12:06,2026-07-19 16:12:51,,2026-07-19,no viajo,,,420,Monedero
438,1416860,Concepcion,Concepcion,,,,2026-07-19 18:16:38,2026-07-19 18:17:20,,2026-07-19,no viajo,,,420,Monedero
439,1417869,Concepcion,Costa Mar,20053.0,L2,V1,2026-07-19 11:59:18,2026-07-19 12:25:36,CC→CW,2026-07-19,,20053.0,20053.0,570,Monedero
440,1418772,Costa Mar,Cdal. Raul Silva Henriquez,20063.0,L2,V1,2026-07-19 14:36:34,2026-07-19 14:57:19,CC→CW,2026-07-19,,20063.0,20063.0,430,Monedero
441,1419117,Laguna Quinenco,Concepcion,20162.0,L2,V1,2026-07-19 18:04:37,2026-07-19 18:58:11,CW→CC,2026-07-19,,20162.0,20162.0,880,Monedero
442,1419460,Concepcion,Cdal. Raul Silva Henriquez,20163.0,L2,V1,2026-07-19 18:56:12,2026-07-19 19:22:09,CC→CW,2026-07-19,,20163.0,20163.0,570,Monedero
443,1420852,Huinca,Concepcion,20068.0,L2,V1,2026-07-19 15:39:24,2026-07-19 16:17:51,CW→CC,2026-07-19,,20068.0,20068.0,850,Monedero
444,1421553,Laguna Quinenco,Concepcion,20180.0,L2,V1,2026-07-19 16:42:18,2026-07-19 17:28:49,CW→CC,2026-07-19,,20180.0,20180.0,880,Monedero
445,1424654,Los Canelos,Concepcion,20066.0,L2,V1,2026-07-19 14:52:55,2026-07-19 15:28:59,CW→CC,2026-07-19,,20066.0,20066.0,850,Monedero
446,1424654,Concepcion,Los Canelos,20171.0,L2,V1,2026-07-19 20:10:32,2026-07-19 21:32:38,CC→CW,2026-07-19,combo_por_entrada,20171.0,20171.0,870,Monedero
447,1425176,Concepcion,Costa Mar,20167.0,L2,V1,2026-07-19 19:56:35,2026-07-19 20:14:19,CC→CW,2026-07-19,,20167.0,20167.0,570,Monedero
448,1427390,Cristo Redentor,Cdal. Raul Silva Henriquez,20062.0,L2,V1,2026-07-19 13:34:11,2026-07-19 14:09:59,CW→CC,2026-07-19,,20062.0,20062.0,630,Monedero
449,1427390,Cdal. Raul Silva Henriquez,Cristo Redentor,20161.0,L2,V1,2026-07-19 18:45:19,2026-07-19 19:08:39,CC→CW,2026-07-19,,20161.0,20161.0,630,Monedero
450,1432718,La Leonera,Concepcion,20846.0,L1,V1,2026-07-19 16:43:28,2026-07-19 17:36:27,HQ→TH,2026-07-19,,20846.0,20846.0,510,Monedero
451,1438234,Los Canelos,Concepcion,20056.0,L2,V1,2026-07-19 12:24:29,2026-07-19 12:57:34,CW→CC,2026-07-19,,20056.0,20056.0,850,Monedero
452,1438974,Concepcion,Concepcion,,,,2026-07-19 12:59:11,2026-07-19 12:59:51,,2026-07-19,no viajo,,,420,Monedero
453,1441558,Concepcion,Cdal. Raul Silva Henriquez,20059.0,L2,V1,2026-07-19 12:43:51,2026-07-19 13:42:35,CC→CW,2026-07-19,,20059.0,20059.0,570,Monedero
454,1441558,Concepcion,Cdal. Raul Silva Henriquez,20059.0,L2,V1,2026-07-19 12:44:11,2026-07-19 13:42:12,CC→CW,2026-07-19,,20059.0,20059.0,570,Monedero
455,1442656,Lomas Coloradas,Costa Mar,20180.0,L2,V1,2026-07-19 16:57:59,2026-07-19 17:14:37,CW→CC,2026-07-19,,20180.0,20180.0,430,Monedero
456,1442656,Costa Mar,Lomas Coloradas,20161.0,L2,V1,2026-07-19 18:36:17,2026-07-19 18:50:04,CC→CW,2026-07-19,,20161.0,20161.0,430,Monedero
457,1442921,Costa Mar,Coronel,20167.0,L2,V1,2026-07-19 20:04:14,2026-07-19 20:44:20,CC→CW,2026-07-19,,20167.0,20167.0,650,Monedero
458,1446945,Cdal. Raul Silva Henriquez,Lomas Coloradas,20162.0,L2,V1,2026-07-19 18:29:17,2026-07-19 18:37:57,CW→CC,2026-07-19,,20162.0,20162.0,430,Monedero
459,1446956,Costa Mar,Cristo Redentor,20161.0,L2,V1,2026-07-19 18:42:51,2026-07-19 19:07:42,CC→CW,2026-07-19,,20161.0,20161.0,630,Monedero
460,1448815,Coronel,Cdal. Raul Silva Henriquez,20050.0,L2,V1,2026-07-19 10:59:01,2026-07-19 11:19:59,CW→CC,2026-07-19,,20050.0,20050.0,650,Monedero
461,1448815,Cdal. Raul Silva Henriquez,Coronel,20171.0,L2,V1,2026-07-19 21:19:03,2026-07-19 21:41:50,CC→CW,2026-07-19,,20171.0,20171.0,650,Monedero
462,1461657,Lomas Coloradas,Los Canelos,20059.0,L2,V1,2026-07-19 13:31:23,2026-07-19 13:51:53,CC→CW,2026-07-19,,20059.0,20059.0,610,Monedero
463,1461657,Los Canelos,Lomas Coloradas,20166.0,L2,V1,2026-07-19 19:20:17,2026-07-19 19:38:50,CW→CC,2026-07-19,,20166.0,20166.0,610,Monedero
464,1464214,Concepcion,Lomas Coloradas,20067.0,L2,V1,2026-07-19 14:42:36,2026-07-19 15:50:34,CC→CW,2026-07-19,,20067.0,20063.0,570,Monedero
465,1467670,Concepcion,Alborada,20059.0,L2,V1,2026-07-19 13:03:26,2026-07-19 13:31:34,CC→CW,2026-07-19,,20059.0,20059.0,570,Monedero
466,1467670,Alborada,Concepcion,20162.0,L2,V1,2026-07-19 18:24:42,2026-07-19 18:58:46,CW→CC,2026-07-19,,20162.0,20162.0,570,Monedero
467,1470112,Diagonal Bio Bio,Costa Mar,20059.0,L2,V1,2026-07-19 13:12:39,2026-07-19 13:32:43,CC→CW,2026-07-19,,20059.0,20059.0,510,Monedero
468,1471393,Cdal. Raul Silva Henriquez,Lomas Coloradas,20160.0,L2,V1,2026-07-19 17:58:23,2026-07-19 18:08:44,CW→CC,2026-07-19,,20160.0,20160.0,430,Monedero
469,1471393,Lomas Coloradas,Cdal. Raul Silva Henriquez,20171.0,L2,V1,2026-07-19 21:14:26,2026-07-19 21:23:12,CC→CW,2026-07-19,,20171.0,20171.0,430,Monedero
470,1472904,Laguna Quinenco,El Parque,20052.0,L2,V1,2026-07-19 11:22:29,2026-07-19 11:46:41,CW→CC,2026-07-19,,20052.0,20052.0,650,Monedero
471,1472904,El Parque,Cristo Redentor,20059.0,L2,V1,2026-07-19 13:03:17,2026-07-19 13:55:40,CC→CW,2026-07-19,,20059.0,20059.0,630,Monedero
472,1473430,Concepcion,Coronel,20067.0,L2,V1,2026-07-19 15:07:02,2026-07-19 16:13:41,CC→CW,2026-07-19,,20067.0,20067.0,880,Monedero
473,1473430,Concepcion,Higueras,20848.0,L1,V1,2026-07-19 20:04:27,2026-07-19 21:20:06,HQ→TH,2026-07-19,combo_por_entrada,20848.0,20848.0,900,Monedero
474,1473690,Coronel,Costa Mar,20166.0,L2,V1,2026-07-19 19:02:53,2026-07-19 19:44:35,CW→CC,2026-07-19,,20166.0,20166.0,650,Monedero
475,1474359,Huinca,Concepcion,20152.0,L2,V1,2026-07-19 08:17:57,2026-07-19 09:13:12,CW→CC,2026-07-19,,20152.0,20152.0,850,Monedero
476,1476525,Concepcion,Cdal. Raul Silva Henriquez,20059.0,L2,V1,2026-07-19 12:55:18,2026-07-19 13:41:36,CC→CW,2026-07-19,,20059.0,20059.0,570,Monedero
477,1476525,Cdal. Raul Silva Henriquez,Concepcion,20162.0,L2,V1,2026-07-19 18:37:28,2026-07-19 19:57:30,CW→CC,2026-07-19,,20162.0,20162.0,570,Monedero
478,1476525,Concepcion,Hito Galvarino,20171.0,L2,V1,2026-07-19 20:35:31,2026-07-19 21:29:18,CC→CW,2026-07-19,,20171.0,20171.0,850,Monedero
479,1482989,Cdal. Raul Silva Henriquez,Los Canelos,20053.0,L2,V1,2026-07-19 12:25:28,2026-07-19 12:42:19,CC→CW,2026-07-19,,20053.0,20053.0,610,Monedero
480,1483006,Concepcion,Hito Galvarino,20167.0,L2,V1,2026-07-19 19:36:05,2026-07-19 20:29:51,CC→CW,2026-07-19,,20167.0,20167.0,850,Monedero
481,1486827,Coronel,Costa Mar,20066.0,L2,V1,2026-07-19 14:40:40,2026-07-19 15:15:17,CW→CC,2026-07-19,,20066.0,20066.0,650,Monedero
482,1486827,Coronel,Costa Mar,20066.0,L2,V1,2026-07-19 14:40:44,2026-07-19 15:15:11,CW→CC,2026-07-19,,20066.0,20066.0,650,Monedero
483,1486827,Costa Mar,Coronel,20167.0,L2,V1,2026-07-19 19:59:09,2026-07-19 20:44:00,CC→CW,2026-07-19,,20167.0,20167.0,650,Monedero
484,1486827,Costa Mar,Coronel,20167.0,L2,V1,2026-07-19 19:59:12,2026-07-19 20:43:54,CC→CW,2026-07-19,,20167.0,20167.0,650,Monedero
485,1488737,Concepcion,Laguna Quinenco,20059.0,L2,V1,2026-07-19 13:12:10,2026-07-19 13:57:54,CC→CW,2026-07-19,,20059.0,20059.0,880,Monedero
486,1491908,Concepcion,Lomas Coloradas,20149.0,L2,V1,2026-07-19 08:30:05,2026-07-19 09:35:12,CC→CW,2026-07-19,,20149.0,20149.0,570,Monedero
487,1491908,Lomas Coloradas,Concepcion,20160.0,L2,V1,2026-07-19 17:26:23,2026-07-19 18:28:20,CW→CC,2026-07-19,,20160.0,20160.0,570,Monedero
488,1493809,Lomas Coloradas,Juan Pablo II,20058.0,L2,V1,2026-07-19 12:51:48,2026-07-19 13:06:46,CW→CC,2026-07-19,,20058.0,20058.0,510,Monedero
489,1494566,Alborada,Los Canelos,20167.0,L2,V1,2026-07-19 19:48:36,2026-07-19 20:33:54,CC→CW,2026-07-19,,20167.0,20167.0,650,Monedero
490,1494573,Cristo Redentor,Concepcion,20180.0,L2,V1,2026-07-19 16:38:02,2026-07-19 17:29:11,CW→CC,2026-07-19,,20180.0,20180.0,850,Monedero
491,1494573,Concepcion,Cristo Redentor,20163.0,L2,V1,2026-07-19 18:39:19,2026-07-19 19:37:20,CC→CW,2026-07-19,,20163.0,20163.0,850,Monedero
492,1494573,Concepcion,Cristo Redentor,20163.0,L2,V1,2026-07-19 18:39:22,2026-07-19 19:37:16,CC→CW,2026-07-19,,20163.0,20163.0,850,Monedero
493,1496112,Chiguayante,Concepcion,20844.0,L1,V1,2026-07-19 12:24:22,2026-07-19 12:51:31,HQ→TH,2026-07-19,,20844.0,20844.0,510,Monedero
494,1499285,Lomas Coloradas,Diagonal Bio Bio,20052.0,L2,V1,2026-07-19 11:38:45,2026-07-19 11:53:19,CW→CC,2026-07-19,,20052.0,20052.0,510,Monedero
495,1499285,Diagonal Bio Bio,Lomas Coloradas,20163.0,L2,V1,2026-07-19 18:54:04,2026-07-19 19:19:44,CC→CW,2026-07-19,,20163.0,20163.0,510,Monedero
496,1499304,Concepcion,Los Condores,20846.0,L1,V1,2026-07-19 16:40:37,2026-07-19 17:48:54,HQ→TH,2026-07-19,,20846.0,20846.0,500,Monedero
497,1500462,Concepcion,Costa Mar,20059.0,L2,V1,2026-07-19 13:13:15,2026-07-19 13:33:13,CC→CW,2026-07-19,,20059.0,20059.0,570,Monedero
498,1501679,Cristo Redentor,Lomas Coloradas,20066.0,L2,V1,2026-07-19 14:48:47,2026-07-19 15:09:39,CW→CC,2026-07-19,,20066.0,20066.0,630,Monedero
499,1503517,Concepcion,Costa Mar,20059.0,L2,V1,2026-07-19 13:10:15,2026-07-19 13:33:11,CC→CW,2026-07-19,,20059.0,20059.0,570,Monedero
500,1504323,Lomas Coloradas,Coronel,20149.0,L2,V1,2026-07-19 08:18:06,2026-07-19 09:12:05,CC→CW,2026-07-19,,20149.0,20149.0,650,Monedero
501,1507283,Costa Mar,Hito Galvarino,20163.0,L2,V1,2026-07-19 19:12:14,2026-07-19 19:28:49,CC→CW,2026-07-19,,20163.0,20163.0,610,Monedero
502,1507852,Los Canelos,Concepcion,20044.0,L2,V1,2026-07-19 10:07:58,2026-07-19 10:50:59,CW→CC,2026-07-19,,20044.0,20044.0,850,Monedero
503,1507852,Concepcion,Los Canelos,20161.0,L2,V1,2026-07-19 17:46:44,2026-07-19 19:03:01,CC→CW,2026-07-19,,20161.0,20161.0,850,Monedero
504,1508087,Los Canelos,Concepcion,20160.0,L2,V1,2026-07-19 17:46:01,2026-07-19 18:28:38,CW→CC,2026-07-19,,20160.0,20160.0,850,Monedero
505,1508640,Lomas Coloradas,Concepcion,20152.0,L2,V1,2026-07-19 08:49:55,2026-07-19 09:14:14,CW→CC,2026-07-19,,20152.0,20152.0,570,Monedero
506,1509876,Huinca,Concepcion,20056.0,L2,V1,2026-07-19 12:14:39,2026-07-19 12:58:11,CW→CC,2026-07-19,,20056.0,20056.0,850,Monedero
507,1511455,Los Condores,Concepcion,20845.0,L1,V1,2026-07-19 16:04:59,2026-07-19 16:26:05,TH→HQ,2026-07-19,,20845.0,20845.0,500,Monedero
508,1511484,Coronel,Concepcion,20062.0,L2,V1,2026-07-19 13:46:03,2026-07-19 14:33:59,CW→CC,2026-07-19,,20062.0,20062.0,880,Monedero
509,1513785,Lomas Coloradas,Diagonal Bio Bio,20062.0,L2,V1,2026-07-19 14:11:25,2026-07-19 14:23:59,CW→CC,2026-07-19,,20062.0,20062.0,510,Monedero
510,1516975,Lzo. Arenas,Mercado,20848.0,L1,V1,2026-07-19 20:58:40,2026-07-19 21:26:06,HQ→TH,2026-07-19,,20848.0,20848.0,540,Monedero
511,1521465,Cristo Redentor,Hito Galvarino,20068.0,L2,V1,2026-07-19 15:26:50,2026-07-19 15:47:55,CW→CC,2026-07-19,,20068.0,20068.0,460,Monedero
512,1521667,Lomas Coloradas,Concepcion,20180.0,L2,V1,2026-07-19 16:50:00,2026-07-19 17:29:21,CW→CC,2026-07-19,,20180.0,20180.0,570,Monedero
513,1522939,Laguna Quinenco,Concepcion,20040.0,L2,V1,2026-07-19 09:43:51,2026-07-19 10:48:10,CW→CC,2026-07-19,,20040.0,20040.0,880,Monedero
514,1522939,Concepcion,Laguna Quinenco,20071.0,L2,V1,2026-07-19 16:08:55,2026-07-19 17:20:09,CC→CW,2026-07-19,,20071.0,20071.0,880,Monedero
515,1525678,Diagonal Bio Bio,Concepcion,20062.0,L2,V1,2026-07-19 14:19:29,2026-07-19 14:34:58,CW→CC,2026-07-19,,20062.0,20062.0,570,Monedero
516,1527276,Costa Mar,Concepcion,20152.0,L2,V1,2026-07-19 08:43:12,2026-07-19 09:13:40,CW→CC,2026-07-19,,20152.0,20152.0,570,Monedero
517,1529139,Los Canelos,Concepcion,20052.0,L2,V1,2026-07-19 11:27:16,2026-07-19 12:10:19,CW→CC,2026-07-19,,20052.0,20052.0,850,Monedero
518,1529139,Concepcion,Los Canelos,20167.0,L2,V1,2026-07-19 19:04:28,2026-07-19 20:33:39,CC→CW,2026-07-19,,20167.0,20163.0,850,Monedero
519,1532712,Costa Mar,Cdal. Raul Silva Henriquez,20059.0,L2,V1,2026-07-19 13:18:45,2026-07-19 13:42:43,CC→CW,2026-07-19,,20059.0,20059.0,430,Monedero
520,1532712,Cdal. Raul Silva Henriquez,Costa Mar,20062.0,L2,V1,2026-07-19 14:08:10,2026-07-19 14:19:36,CW→CC,2026-07-19,,20062.0,20062.0,430,Monedero
521,1533241,Hito Galvarino,Juan Pablo II,20062.0,L2,V1,2026-07-19 13:58:30,2026-07-19 14:26:05,CW→CC,2026-07-19,,20062.0,20062.0,650,Monedero
522,1533435,Concepcion,Huinca,20161.0,L2,V1,2026-07-19 18:18:09,2026-07-19 19:05:11,CC→CW,2026-07-19,,20161.0,20161.0,850,Monedero
523,1534418,Huinca,Concepcion,20166.0,L2,V1,2026-07-19 19:16:28,2026-07-19 21:02:30,CW→CC,2026-07-19,combo_por_entrada,20166.0,20166.0,960,Monedero
524,1537552,Lomas Coloradas,Alborada,20062.0,L2,V1,2026-07-19 14:11:57,2026-07-19 14:21:44,CW→CC,2026-07-19,,20062.0,20062.0,510,Monedero
525,1537552,Alborada,Lomas Coloradas,20163.0,L2,V1,2026-07-19 19:09:00,2026-07-19 19:19:54,CC→CW,2026-07-19,,20163.0,20163.0,510,Monedero
526,1539615,Concepcion,Hito Galvarino,20157.0,L2,V1,2026-07-19 17:13:47,2026-07-19 17:59:55,CC→CW,2026-07-19,,20157.0,20157.0,850,Monedero
527,1539882,Laguna Quinenco,Cdal. Raul Silva Henriquez,20044.0,L2,V1,2026-07-19 09:57:22,2026-07-19 10:23:59,CW→CC,2026-07-19,,20044.0,,650,Monedero
528,1540150,Coronel,Concepcion,20162.0,L2,V1,2026-07-19 18:08:59,2026-07-19 18:57:52,CW→CC,2026-07-19,,20162.0,20162.0,880,Monedero
529,1543684,Costa Mar,Coronel,20037.0,L2,V1,2026-07-19 10:14:15,2026-07-19 10:46:35,CC→CW,2026-07-19,,20037.0,20037.0,650,Monedero
530,1543684,Coronel,Costa Mar,20166.0,L2,V1,2026-07-19 18:58:00,2026-07-19 19:44:02,CW→CC,2026-07-19,,20166.0,20166.0,650,Monedero
531,1544744,Cristo Redentor,Concepcion,20062.0,L2,V1,2026-07-19 13:46:50,2026-07-19 14:33:51,CW→CC,2026-07-19,,20062.0,20062.0,850,Monedero
532,1544744,Juan Pablo II,Cristo Redentor,20167.0,L2,V1,2026-07-19 19:30:05,2026-07-19 20:38:04,CC→CW,2026-07-19,,20167.0,20167.0,680,Monedero
533,1551878,Coronel,Cdal. Raul Silva Henriquez,20068.0,L2,V1,2026-07-19 15:30:36,2026-07-19 15:54:35,CW→CC,2026-07-19,,20068.0,20068.0,650,Monedero
534,1553740,Costa Mar,Concepcion,20066.0,L2,V1,2026-07-19 14:50:08,2026-07-19 15:29:00,CW→CC,2026-07-19,,20066.0,20066.0,570,Monedero
535,1553740,Concepcion,Costa Mar,20167.0,L2,V1,2026-07-19 19:49:07,2026-07-19 20:13:57,CC→CW,2026-07-19,,20167.0,20167.0,570,Monedero
536,1554913,Concepcion,Hualqui,20847.0,L1,V2,2026-07-19 18:35:35,2026-07-19 21:03:19,,2026-07-19,sin_combo_factible_en_hub|sin_s1_factible_retro,,20847.0,550,Monedero
537,1555478,Lomas Coloradas,Coronel,20059.0,L2,V1,2026-07-19 13:22:33,2026-07-19 14:00:28,CC→CW,2026-07-19,,20059.0,20059.0,650,Monedero
538,1557028,Coronel,Concepcion,20040.0,L2,V1,2026-07-19 09:28:48,2026-07-19 10:22:53,CW→CC,2026-07-19,,20040.0,20040.0,880,Monedero
539,1557028,Concepcion,Coronel,20053.0,L2,V1,2026-07-19 11:54:51,2026-07-19 12:53:21,CC→CW,2026-07-19,,20053.0,20053.0,880,Monedero
540,1558928,Concepcion,Cdal. Raul Silva Henriquez,20161.0,L2,V1,2026-07-19 18:19:27,2026-07-19 18:53:37,CC→CW,2026-07-19,,20161.0,20161.0,570,Monedero
541,1559061,Los Canelos,Concepcion,20056.0,L2,V1,2026-07-19 12:05:44,2026-07-19 12:58:48,CW→CC,2026-07-19,,20056.0,20056.0,850,Monedero
542,1559061,Los Canelos,Concepcion,20056.0,L2,V1,2026-07-19 12:06:13,2026-07-19 12:58:21,CW→CC,2026-07-19,,20056.0,20056.0,850,Monedero
543,1559061,Los Canelos,Concepcion,20056.0,L2,V1,2026-07-19 12:06:23,2026-07-19 12:58:10,CW→CC,2026-07-19,,20056.0,20056.0,850,Monedero
544,1559814,Concepcion,Cdal. Raul Silva Henriquez,20153.0,L2,V1,2026-07-19 08:35:06,2026-07-19 09:37:51,CC→CW,2026-07-19,combo_por_entrada,20153.0,20153.0,590,Monedero
545,1560439,Concepcion,Concepcion,,,,2026-07-19 10:30:56,2026-07-19 10:32:08,,2026-07-19,no viajo,,,420,Monedero
546,1560439,Concepcion,Concepcion,,,,2026-07-19 10:43:48,2026-07-19 10:44:36,,2026-07-19,no viajo,,,420,Monedero
547,1561775,Huinca,Concepcion,20156.0,L2,V1,2026-07-19 09:24:59,2026-07-19 10:10:00,CW→CC,2026-07-19,,20156.0,20156.0,850,Monedero
548,1562444,Huinca,Concepcion,20062.0,L2,V1,2026-07-19 13:55:37,2026-07-19 14:33:14,CW→CC,2026-07-19,,20062.0,20062.0,850,Monedero
549,1562462,Alborada,Concepcion,20068.0,L2,V1,2026-07-19 15:58:49,2026-07-19 16:18:37,CW→CC,2026-07-19,,20068.0,20068.0,570,Monedero
550,1562462,Costa Mar,Lomas Coloradas,20157.0,L2,V1,2026-07-19 17:40:13,2026-07-19 17:49:37,CC→CW,2026-07-19,,20157.0,20157.0,430,Monedero
551,1563979,Concepcion,Coronel,20171.0,L2,V1,2026-07-19 20:46:13,2026-07-19 21:42:38,CC→CW,2026-07-19,,20171.0,20171.0,880,Monedero
552,1567799,Lzo. Arenas,Hualqui,20847.0,L1,V1,2026-07-19 20:18:25,2026-07-19 21:02:42,TH→HQ,2026-07-19,,20847.0,20847.0,550,Monedero
553,1567808,Costa Mar,Concepcion,20058.0,L2,V1,2026-07-19 12:54:04,2026-07-19 13:16:17,CW→CC,2026-07-19,,20058.0,20058.0,570,Monedero
554,1569903,Concepcion,Coronel,20071.0,L2,V1,2026-07-19 16:15:51,2026-07-19 17:21:57,CC→CW,2026-07-19,,20071.0,20071.0,880,Monedero
555,1572204,Cristo Redentor,El Parque,20050.0,L2,V1,2026-07-19 11:03:57,2026-07-19 11:26:45,CW→CC,2026-07-19,,20050.0,20050.0,630,Monedero
556,1572204,El Parque,Cristo Redentor,20053.0,L2,V1,2026-07-19 12:17:17,2026-07-19 12:47:34,CC→CW,2026-07-19,,20053.0,20053.0,630,Monedero
557,1574115,Juan Pablo II,Los Canelos,20067.0,L2,V1,2026-07-19 15:24:15,2026-07-19 16:04:06,CC→CW,2026-07-19,,20067.0,20067.0,650,Monedero
558,1580027,Concepcion,Lomas Coloradas,20049.0,L2,V1,2026-07-19 11:10:53,2026-07-19 11:50:38,CC→CW,2026-07-19,,20049.0,20049.0,570,Monedero
559,1580042,Concepcion,Cristo Redentor,20051.0,L2,V1,2026-07-19 11:41:14,2026-07-19 12:22:03,CC→CW,2026-07-19,,20051.0,20051.0,850,Monedero
560,1581252,Cdal. Raul Silva Henriquez,Hito Galvarino,20171.0,L2,V1,2026-07-19 21:18:30,2026-07-19 21:28:55,CC→CW,2026-07-19,,20171.0,20171.0,610,Monedero
561,1582958,El Parque,Coronel,20067.0,L2,V1,2026-07-19 15:37:16,2026-07-19 16:14:35,CC→CW,2026-07-19,,20067.0,20067.0,650,Monedero
562,1584701,Concepcion,Concepcion,,,,2026-07-19 12:42:13,2026-07-19 12:42:49,,2026-07-19,no viajo,,,420,Monedero
563,1584866,Alborada,Lomas Coloradas,20167.0,L2,V1,2026-07-19 19:55:59,2026-07-19 20:19:47,CC→CW,2026-07-19,,20167.0,20167.0,510,Monedero
564,1584871,Laguna Quinenco,Concepcion,20166.0,L2,V1,2026-07-19 18:23:01,2026-07-19 19:57:54,CW→CC,2026-07-19,,20166.0,20162.0,880,Monedero
565,1585191,Alborada,Concepcion,20056.0,L2,V1,2026-07-19 12:38:50,2026-07-19 13:13:53,CW→CC,2026-07-19,match_por_salida_fallback,20056.0,20056.0,590,Monedero
566,1586746,Concepcion,Los Canelos,20171.0,L2,V1,2026-07-19 20:37:30,2026-07-19 21:32:02,CC→CW,2026-07-19,,20171.0,20171.0,850,Monedero
567,1588541,Concepcion,Los Canelos,20171.0,L2,V1,2026-07-19 20:34:54,2026-07-19 21:32:20,CC→CW,2026-07-19,,20171.0,20171.0,850,Monedero
568,1596718,Cristo Redentor,Concepcion,20068.0,L2,V1,2026-07-19 15:37:58,2026-07-19 16:18:19,CW→CC,2026-07-19,,20068.0,20068.0,850,Monedero
569,1597609,Costa Mar,Concepcion,20062.0,L2,V1,2026-07-19 14:11:57,2026-07-19 14:32:46,CW→CC,2026-07-19,,20062.0,20062.0,570,Monedero
570,1597609,Concepcion,Costa Mar,20167.0,L2,V1,2026-07-19 19:32:44,2026-07-19 20:14:00,CC→CW,2026-07-19,,20167.0,20167.0,570,Monedero
571,1597685,Costa Mar,Concepcion,20066.0,L2,V1,2026-07-19 15:03:24,2026-07-19 15:28:50,CW→CC,2026-07-19,,20066.0,20066.0,570,Monedero
572,1599305,Los Canelos,Concepcion,20166.0,L2,V1,2026-07-19 19:23:46,2026-07-19 19:58:13,CW→CC,2026-07-19,,20166.0,20166.0,850,Monedero
573,1599495,Huinca,Concepcion,20058.0,L2,V1,2026-07-19 12:35:57,2026-07-19 13:14:20,CW→CC,2026-07-19,,20058.0,20058.0,850,Monedero
574,1599495,Concepcion,Huinca,20163.0,L2,V1,2026-07-19 18:44:16,2026-07-19 19:35:36,CC→CW,2026-07-19,,20163.0,20163.0,850,Monedero
575,1600309,Concepcion,Los Canelos,20163.0,L2,V1,2026-07-19 18:38:54,2026-07-19 19:32:29,CC→CW,2026-07-19,,20163.0,20161.0,850,Monedero
576,1602332,Concepcion,Coronel,20059.0,L2,V1,2026-07-19 13:02:13,2026-07-19 14:00:18,CC→CW,2026-07-19,,20059.0,20059.0,880,Monedero
577,1602519,Los Canelos,Laguna Quinenco,20041.0,L2,V1,2026-07-19 10:55:24,2026-07-19 11:09:54,CC→CW,2026-07-19,,20041.0,20041.0,530,Monedero
578,1602519,Laguna Quinenco,Los Canelos,20058.0,L2,V1,2026-07-19 12:25:44,2026-07-19 12:40:30,CW→CC,2026-07-19,,20058.0,20056.0,530,Monedero
579,1603560,Cristo Redentor,Concepcion,20170.0,L2,V1,2026-07-19 20:13:10,2026-07-19 21:00:34,CW→CC,2026-07-19,,20170.0,20170.0,850,Monedero
580,1603566,Hito Galvarino,Concepcion,20166.0,L2,V1,2026-07-19 19:25:43,2026-07-19 20:00:17,CW→CC,2026-07-19,,20166.0,20166.0,850,Monedero
581,1606415,Huinca,Concepcion,20050.0,L2,V1,2026-07-19 11:04:42,2026-07-19 11:45:37,CW→CC,2026-07-19,,20050.0,20050.0,850,Monedero
582,1606918,Laguna Quinenco,El Parque,20052.0,L2,V1,2026-07-19 11:22:29,2026-07-19 11:46:37,CW→CC,2026-07-19,,20052.0,20052.0,650,Monedero
583,1606918,El Parque,Cristo Redentor,20059.0,L2,V1,2026-07-19 13:03:15,2026-07-19 13:55:48,CC→CW,2026-07-19,,20059.0,20059.0,630,Monedero
584,1607720,Costa Mar,Concepcion,20066.0,L2,V1,2026-07-19 15:12:47,2026-07-19 15:29:18,CW→CC,2026-07-19,,20066.0,20066.0,570,Monedero
585,1608004,Concepcion,Cristo Redentor,20171.0,L2,V1,2026-07-19 20:49:23,2026-07-19 21:38:11,CC→CW,2026-07-19,,20171.0,20171.0,850,Monedero
586,1609675,Alborada,Juan Pablo II,20052.0,L2,V1,2026-07-19 11:49:02,2026-07-19 11:56:12,CW→CC,2026-07-19,,20052.0,20051.0,440,Monedero
587,1610685,Coronel,Juan Pablo II,20062.0,L2,V1,2026-07-19 13:48:27,2026-07-19 14:26:37,CW→CC,2026-07-19,,20062.0,20062.0,790,Monedero
588,1610813,Huinca,Cdal. Raul Silva Henriquez,20058.0,L2,V1,2026-07-19 12:33:21,2026-07-19 12:49:33,CW→CC,2026-07-19,,20058.0,20058.0,630,Monedero
589,1611130,Huinca,Concepcion,20044.0,L2,V1,2026-07-19 09:53:07,2026-07-19 10:48:14,CW→CC,2026-07-19,,20044.0,20040.0,850,Monedero
590,1613348,Concepcion,Coronel,20161.0,L2,V1,2026-07-19 18:18:12,2026-07-19 19:13:03,CC→CW,2026-07-19,,20161.0,20161.0,880,Monedero
591,1614661,Los Canelos,Concepcion,20166.0,L2,V1,2026-07-19 19:22:10,2026-07-19 19:58:42,CW→CC,2026-07-19,,20166.0,20166.0,850,Monedero
592,1614948,Concepcion,Laguna Quinenco,20059.0,L2,V1,2026-07-19 13:01:23,2026-07-19 13:58:11,CC→CW,2026-07-19,,20059.0,20059.0,880,Monedero
593,1614948,Laguna Quinenco,Concepcion,20162.0,L2,V1,2026-07-19 18:13:32,2026-07-19 19:01:07,CW→CC,2026-07-19,,20162.0,20162.0,880,Monedero
594,1616698,Chiguayante,UTF Santa Maria,20850.0,L1,V1,2026-07-19 09:44:04,2026-07-19 10:08:41,HQ→TH,2026-07-19,,20850.0,20850.0,540,Monedero
595,1616698,Chiguayante,UTF Santa Maria,20850.0,L1,V1,2026-07-19 09:44:57,2026-07-19 10:08:36,HQ→TH,2026-07-19,,20850.0,20850.0,540,Monedero
596,1616952,Juan Pablo II,Hito Galvarino,20059.0,L2,V1,2026-07-19 13:11:47,2026-07-19 13:47:26,CC→CW,2026-07-19,,20059.0,20059.0,650,Monedero
597,1616952,Huinca,Juan Pablo II,20166.0,L2,V1,2026-07-19 19:11:38,2026-07-19 19:51:26,CW→CC,2026-07-19,,20166.0,20166.0,680,Monedero
598,1617679,Los Canelos,Concepcion,20160.0,L2,V1,2026-07-19 17:48:57,2026-07-19 18:29:29,CW→CC,2026-07-19,,20160.0,20160.0,850,Monedero
599,1618700,Juan Pablo II,Coronel,20059.0,L2,V1,2026-07-19 13:03:10,2026-07-19 14:01:01,CC→CW,2026-07-19,,20059.0,20059.0,790,Monedero
600,1620141,Concepcion,Cdal. Raul Silva Henriquez,20171.0,L2,V1,2026-07-19 20:31:02,2026-07-19 21:22:26,CC→CW,2026-07-19,,20171.0,20171.0,570,Monedero
601,1620293,Diagonal Bio Bio,Costa Mar,20059.0,L2,V1,2026-07-19 13:16:03,2026-07-19 13:33:36,CC→CW,2026-07-19,,20059.0,20059.0,510,Monedero
602,1622617,Concepcion,Hualqui,20847.0,L1,V1,2026-07-19 20:15:21,2026-07-19 21:03:05,TH→HQ,2026-07-19,,20847.0,20847.0,550,Monedero
603,1622617,Concepcion,Hualqui,20847.0,L1,V1,2026-07-19 20:15:29,2026-07-19 21:03:00,TH→HQ,2026-07-19,,20847.0,20847.0,550,Monedero
604,1627607,Concepcion,Los Canelos,20067.0,L2,V1,2026-07-19 15:16:44,2026-07-19 16:03:56,CC→CW,2026-07-19,,20067.0,20067.0,850,Monedero
605,1629303,Huinca,Costa Mar,20162.0,L2,V1,2026-07-19 18:21:28,2026-07-19 18:43:39,CW→CC,2026-07-19,,20162.0,20162.0,630,Monedero
606,1630511,Cristo Redentor,Juan Pablo II,20062.0,L2,V1,2026-07-19 13:49:53,2026-07-19 14:26:30,CW→CC,2026-07-19,,20062.0,20062.0,680,Monedero
607,1630733,El Parque,Costa Mar,20068.0,L2,V1,2026-07-19 15:56:18,2026-07-19 16:04:28,CW→CC,2026-07-19,,20068.0,20068.0,430,Monedero
608,1638698,Cdal. Raul Silva Henriquez,El Parque,20050.0,L2,V1,2026-07-19 11:17:26,2026-07-19 11:27:33,CW→CC,2026-07-19,,20050.0,20050.0,430,Monedero
609,1643501,Concepcion,Cdal. Raul Silva Henriquez,20071.0,L2,V1,2026-07-19 16:29:47,2026-07-19 17:01:49,CC→CW,2026-07-19,,20071.0,20071.0,570,Monedero
610,1644956,La Leonera,Concepcion,20846.0,L1,V1,2026-07-19 16:43:19,2026-07-19 17:36:34,HQ→TH,2026-07-19,,20846.0,20846.0,510,Monedero
611,1645221,Cdal. Raul Silva Henriquez,Concepcion,20160.0,L2,V1,2026-07-19 17:42:04,2026-07-19 18:28:11,CW→CC,2026-07-19,,20160.0,20160.0,570,Monedero
612,1647518,Los Canelos,Costa Mar,20160.0,L2,V1,2026-07-19 17:41:10,2026-07-19 18:13:57,CW→CC,2026-07-19,,20160.0,20160.0,610,Monedero
613,1648596,Concepcion,Lomas Coloradas,20171.0,L2,V1,2026-07-19 20:16:41,2026-07-19 21:20:04,CC→CW,2026-07-19,,20171.0,20171.0,570,Monedero
614,1649301,Cristo Redentor,Concepcion,20044.0,L2,V1,2026-07-19 10:01:46,2026-07-19 10:48:12,CW→CC,2026-07-19,,20044.0,20044.0,850,Monedero
615,1649301,Concepcion,Cristo Redentor,20163.0,L2,V1,2026-07-19 18:45:34,2026-07-19 19:36:43,CC→CW,2026-07-19,,20163.0,20163.0,850,Monedero
616,1654196,Los Canelos,Concepcion,20170.0,L2,V1,2026-07-19 20:21:31,2026-07-19 20:59:38,CW→CC,2026-07-19,,20170.0,20170.0,850,Monedero
617,1654487,Coronel,Diagonal Bio Bio,20062.0,L2,V1,2026-07-19 13:49:42,2026-07-19 14:23:47,CW→CC,2026-07-19,,20062.0,20062.0,790,Monedero
618,1655614,Concepcion,Pedro Medina,20859.0,L1,V1,2026-07-19 12:38:45,2026-07-19 13:13:42,TH→HQ,2026-07-19,match_por_salida_fallback,20859.0,20859.0,590,Monedero
619,1655796,Concepcion,Laguna Quinenco,20071.0,L2,V1,2026-07-19 16:04:47,2026-07-19 17:20:12,CC→CW,2026-07-19,,20071.0,20071.0,880,Monedero
620,1657152,Concepcion,Coronel,20153.0,L2,V1,2026-07-19 08:38:28,2026-07-19 09:57:42,CC→CW,2026-07-19,,20153.0,20149.0,880,Monedero
621,1657331,Concepcion,Los Canelos,20171.0,L2,V1,2026-07-19 20:47:49,2026-07-19 21:33:11,CC→CW,2026-07-19,,20171.0,20171.0,850,Monedero
622,1657654,Cristo Redentor,Concepcion,20068.0,L2,V1,2026-07-19 15:38:03,2026-07-19 16:17:26,CW→CC,2026-07-19,,20068.0,20068.0,850,Monedero
623,1657654,Concepcion,Cristo Redentor,20167.0,L2,V1,2026-07-19 19:43:28,2026-07-19 20:37:06,CC→CW,2026-07-19,,20167.0,20167.0,850,Monedero
624,1659506,Los Canelos,Concepcion,20166.0,L2,V1,2026-07-19 19:21:21,2026-07-19 20:01:10,CW→CC,2026-07-19,,20166.0,20166.0,850,Monedero
625,1660527,El Parque,Lomas Coloradas,20167.0,L2,V1,2026-07-19 20:06:31,2026-07-19 20:20:09,CC→CW,2026-07-19,,20167.0,20167.0,430,Monedero
626,1662476,Chiguayante,El Arenal,20850.0,L1,V1,2026-07-19 09:43:35,2026-07-19 10:20:42,HQ→TH,2026-07-19,,20850.0,20850.0,550,Monedero
627,1663044,Laguna Quinenco,Hito Galvarino,20170.0,L2,V1,2026-07-19 20:16:55,2026-07-19 20:29:00,CW→CC,2026-07-19,,20170.0,20170.0,530,Monedero
628,1664062,Concepcion,Laguna Quinenco,20167.0,L2,V1,2026-07-19 19:54:13,2026-07-19 20:40:35,CC→CW,2026-07-19,,20167.0,20167.0,880,Monedero
629,1665597,Costa Mar,Juan Pablo II,20050.0,L2,V1,2026-07-19 11:26:36,2026-07-19 11:35:53,CW→CC,2026-07-19,,20050.0,20050.0,510,Monedero
630,1666291,Cristo Redentor,Lomas Coloradas,20156.0,L2,V1,2026-07-19 09:06:30,2026-07-19 09:38:14,CW→CC,2026-07-19,,20156.0,20156.0,630,Monedero
631,1666545,Huinca,Concepcion,20166.0,L2,V1,2026-07-19 19:04:47,2026-07-19 19:57:43,CW→CC,2026-07-19,,20166.0,20166.0,850,Monedero
632,1667486,El Parque,Concepcion,20160.0,L2,V1,2026-07-19 17:28:10,2026-07-19 18:28:47,CW→CC,2026-07-19,,20160.0,20160.0,570,Monedero
633,1668203,Hito Galvarino,Coronel,20163.0,L2,V1,2026-07-19 19:12:45,2026-07-19 19:42:25,CC→CW,2026-07-19,,20163.0,20163.0,530,Monedero
634,1668482,Concepcion,La Leonera,20859.0,L1,V1,2026-07-19 12:14:32,2026-07-19 13:19:05,TH→HQ,2026-07-19,match_por_salida_fallback,20859.0,20859.0,910,Monedero
635,1668482,Concepcion,Cristo Redentor,20063.0,L2,V1,2026-07-19 14:10:25,2026-07-19 15:11:56,CC→CW,2026-07-19,,20063.0,20063.0,850,Monedero
636,1668703,Coronel,Costa Mar,20156.0,L2,V1,2026-07-19 09:02:51,2026-07-19 10:18:52,CW→CC,2026-07-19,,20156.0,20156.0,650,Monedero
637,1669491,Diagonal Bio Bio,Costa Mar,20059.0,L2,V1,2026-07-19 13:13:01,2026-07-19 13:33:00,CC→CW,2026-07-19,,20059.0,20059.0,510,Monedero
638,1669491,Diagonal Bio Bio,Costa Mar,20059.0,L2,V1,2026-07-19 13:13:14,2026-07-19 13:32:50,CC→CW,2026-07-19,,20059.0,20059.0,510,Monedero
639,1669793,Huinca,Concepcion,20050.0,L2,V1,2026-07-19 11:06:20,2026-07-19 11:42:34,CW→CC,2026-07-19,,20050.0,20050.0,850,Monedero
640,1669793,Concepcion,Huinca,20171.0,L2,V1,2026-07-19 20:49:02,2026-07-19 21:34:50,CC→CW,2026-07-19,,20171.0,20171.0,850,Monedero
641,1670766,Huinca,Concepcion,20050.0,L2,V1,2026-07-19 10:56:32,2026-07-19 11:43:24,CW→CC,2026-07-19,,20050.0,20050.0,850,Monedero
642,1672690,Lomas Coloradas,El Parque,20068.0,L2,V1,2026-07-19 15:51:45,2026-07-19 16:01:28,CW→CC,2026-07-19,,20068.0,20068.0,430,Monedero
643,1672972,Concepcion,Concepcion,,,,2026-07-19 16:22:42,2026-07-19 16:23:27,,2026-07-19,no viajo,,,420,Monedero
644,1672973,Concepcion,Los Canelos,20049.0,L2,V1,2026-07-19 11:28:22,2026-07-19 12:02:00,CC→CW,2026-07-19,,20049.0,20049.0,850,Monedero
645,1672973,Los Canelos,Concepcion,20062.0,L2,V1,2026-07-19 13:00:26,2026-07-19 14:34:36,CW→CC,2026-07-19,,20062.0,20062.0,850,Monedero
646,1673736,Los Canelos,Laguna Quinenco,20041.0,L2,V1,2026-07-19 10:58:56,2026-07-19 11:09:42,CC→CW,2026-07-19,,20041.0,20041.0,530,Monedero
647,1673736,Laguna Quinenco,Cristo Redentor,20062.0,L2,V1,2026-07-19 13:46:42,2026-07-19 13:57:03,CW→CC,2026-07-19,,20062.0,20062.0,450,Monedero
648,1673885,Coronel,Concepcion,20058.0,L2,V1,2026-07-19 12:26:16,2026-07-19 13:15:08,CW→CC,2026-07-19,,20058.0,20058.0,880,Monedero
649,1673885,Concepcion,Laguna Quinenco,20171.0,L2,V1,2026-07-19 20:39:31,2026-07-19 21:40:20,CC→CW,2026-07-19,,20171.0,20171.0,880,Monedero
650,1674121,Concepcion,El Parque,20153.0,L2,V1,2026-07-19 09:13:08,2026-07-19 09:32:37,CC→CW,2026-07-19,,20153.0,20153.0,570,Monedero
651,1674121,El Parque,Concepcion,20170.0,L2,V1,2026-07-19 20:30:56,2026-07-19 20:59:57,CW→CC,2026-07-19,,20170.0,20170.0,570,Monedero
652,1678895,Concepcion,Cristo Redentor,20163.0,L2,V1,2026-07-19 18:53:35,2026-07-19 19:37:10,CC→CW,2026-07-19,,20163.0,20163.0,850,Monedero
653,1680766,Lomas Coloradas,Diagonal Bio Bio,20066.0,L2,V1,2026-07-19 14:59:39,2026-07-19 15:20:03,CW→CC,2026-07-19,,20066.0,20066.0,510,Monedero
654,1681263,Costa Mar,Lomas Coloradas,20067.0,L2,V1,2026-07-19 15:42:07,2026-07-19 15:50:09,CC→CW,2026-07-19,,20067.0,20067.0,430,Monedero
655,1682734,Laguna Quinenco,Juan Pablo II,20156.0,L2,V1,2026-07-19 09:14:54,2026-07-19 09:50:39,CW→CC,2026-07-19,,20156.0,20156.0,790,Monedero
656,1682734,Juan Pablo II,Laguna Quinenco,20163.0,L2,V1,2026-07-19 19:02:29,2026-07-19 19:39:29,CC→CW,2026-07-19,,20163.0,20163.0,790,Monedero
657,1683231,Los Canelos,Lomas Coloradas,20044.0,L2,V1,2026-07-19 10:04:18,2026-07-19 10:28:13,CW→CC,2026-07-19,,20044.0,20044.0,610,Monedero
658,1683715,Concepcion,Coronel,20037.0,L2,V1,2026-07-19 09:31:49,2026-07-19 10:47:14,CC→CW,2026-07-19,combo_por_entrada,20037.0,20037.0,910,Monedero
659,1683715,Concepcion,La Leonera,20847.0,L1,V1,2026-07-19 20:10:58,2026-07-19 20:52:10,TH→HQ,2026-07-19,,20847.0,20847.0,510,Monedero
660,1683844,Cdal. Raul Silva Henriquez,Costa Mar,20068.0,L2,V1,2026-07-19 15:52:39,2026-07-19 16:04:38,CW→CC,2026-07-19,,20068.0,20068.0,430,Monedero
661,1683875,Concepcion,Laguna Quinenco,20167.0,L2,V1,2026-07-19 19:47:49,2026-07-19 20:40:53,CC→CW,2026-07-19,,20167.0,20167.0,880,Monedero
662,1684024,Lomas Coloradas,Concepcion,20044.0,L2,V1,2026-07-19 10:24:17,2026-07-19 10:48:28,CW→CC,2026-07-19,,20044.0,20044.0,570,Monedero
663,1684024,Concepcion,Lomas Coloradas,20067.0,L2,V1,2026-07-19 15:14:13,2026-07-19 15:50:35,CC→CW,2026-07-19,,20067.0,20067.0,570,Monedero
664,1684972,Cdal. Raul Silva Henriquez,Concepcion,20166.0,L2,V1,2026-07-19 19:34:40,2026-07-19 20:00:55,CW→CC,2026-07-19,,20166.0,20166.0,570,Monedero
665,1685479,Los Canelos,Costa Mar,20166.0,L2,V1,2026-07-19 19:05:53,2026-07-19 19:44:28,CW→CC,2026-07-19,,20166.0,20166.0,610,Monedero
666,1685980,Concepcion,Coronel,20157.0,L2,V1,2026-07-19 17:26:29,2026-07-19 18:13:58,CC→CW,2026-07-19,,20157.0,20157.0,880,Monedero
667,1686982,Cristo Redentor,Juan Pablo II,20050.0,L2,V1,2026-07-19 10:54:21,2026-07-19 11:35:52,CW→CC,2026-07-19,,20050.0,20050.0,680,Monedero
668,1686982,Juan Pablo II,Cristo Redentor,20157.0,L2,V1,2026-07-19 16:56:04,2026-07-19 18:07:42,CC→CW,2026-07-19,,20157.0,20157.0,680,Monedero
669,1688389,Coronel,Concepcion,20052.0,L2,V1,2026-07-19 11:11:30,2026-07-19 12:10:52,CW→CC,2026-07-19,,20052.0,20052.0,880,Monedero
670,1690503,Cdal. Raul Silva Henriquez,Juan Pablo II,20050.0,L2,V1,2026-07-19 11:05:52,2026-07-19 11:36:09,CW→CC,2026-07-19,,20050.0,20050.0,510,Monedero
671,1691234,Concepcion,Mercado,20848.0,L1,V1,2026-07-19 19:47:32,2026-07-19 21:26:43,HQ→TH,2026-07-19,combo_por_entrada,20848.0,20848.0,910,Monedero
672,1691684,Huinca,Concepcion,20040.0,L2,V1,2026-07-19 09:43:56,2026-07-19 10:22:29,CW→CC,2026-07-19,,20040.0,20040.0,850,Monedero
673,1691684,Concepcion,Huinca,20171.0,L2,V1,2026-07-19 20:55:13,2026-07-19 21:34:21,CC→CW,2026-07-19,,20171.0,20171.0,850,Monedero
674,1691807,Huinca,Concepcion,20162.0,L2,V1,2026-07-19 18:19:22,2026-07-19 18:58:31,CW→CC,2026-07-19,,20162.0,20162.0,850,Monedero
675,1691808,Coronel,Diagonal Bio Bio,20052.0,L2,V1,2026-07-19 11:16:41,2026-07-19 11:53:14,CW→CC,2026-07-19,,20052.0,20052.0,790,Monedero
676,1691808,Diagonal Bio Bio,Coronel,20171.0,L2,V1,2026-07-19 20:22:05,2026-07-19 21:42:22,CC→CW,2026-07-19,,20171.0,20171.0,790,Monedero
677,1692063,Los Canelos,Concepcion,20166.0,L2,V1,2026-07-19 19:19:57,2026-07-19 20:00:09,CW→CC,2026-07-19,,20166.0,20166.0,850,Monedero
678,1693192,Cristo Redentor,Concepcion,20062.0,L2,V1,2026-07-19 13:54:49,2026-07-19 14:32:51,CW→CC,2026-07-19,,20062.0,20062.0,850,Monedero
679,1694733,Cdal. Raul Silva Henriquez,Los Canelos,20163.0,L2,V1,2026-07-19 19:20:50,2026-07-19 19:32:03,CC→CW,2026-07-19,,20163.0,20163.0,610,Monedero
680,1695235,Costa Mar,Huinca,20167.0,L2,V1,2026-07-19 19:20:57,2026-07-19 20:35:32,CC→CW,2026-07-19,,20167.0,20163.0,630,Monedero
681,1695782,Concepcion,Cristo Redentor,20059.0,L2,V1,2026-07-19 13:02:35,2026-07-19 13:56:29,CC→CW,2026-07-19,,20059.0,20059.0,850,Monedero
682,1696904,Costa Mar,Concepcion,20170.0,L2,V1,2026-07-19 20:43:08,2026-07-19 20:59:26,CW→CC,2026-07-19,,20170.0,20170.0,570,Monedero
683,1697295,Lomas Coloradas,Concepcion,20170.0,L2,V1,2026-07-19 20:32:40,2026-07-19 20:59:39,CW→CC,2026-07-19,,20170.0,20170.0,570,Monedero
684,1699068,Concepcion,Cristo Redentor,20071.0,L2,V1,2026-07-19 16:19:43,2026-07-19 17:16:47,CC→CW,2026-07-19,,20071.0,20071.0,850,Monedero
685,1699068,Concepcion,Cristo Redentor,20071.0,L2,V1,2026-07-19 16:19:53,2026-07-19 17:16:44,CC→CW,2026-07-19,,20071.0,20071.0,850,Monedero
686,1702964,Juan Pablo II,Cristo Redentor,20157.0,L2,V1,2026-07-19 17:09:37,2026-07-19 18:07:26,CC→CW,2026-07-19,,20157.0,20157.0,680,Monedero
687,1703664,Laguna Quinenco,Concepcion,20180.0,L2,V1,2026-07-19 16:39:08,2026-07-19 17:29:23,CW→CC,2026-07-19,,20180.0,20180.0,880,Monedero
688,1704263,Cristo Redentor,Concepcion,20056.0,L2,V1,2026-07-19 12:23:38,2026-07-19 13:15:08,CW→CC,2026-07-19,,20056.0,20056.0,850,Monedero
689,1704263,Concepcion,Cristo Redentor,20163.0,L2,V1,2026-07-19 18:44:22,2026-07-19 19:37:41,CC→CW,2026-07-19,,20163.0,20163.0,850,Monedero
690,1704512,Concepcion,Los Canelos,20163.0,L2,V1,2026-07-19 18:45:54,2026-07-19 19:32:50,CC→CW,2026-07-19,,20163.0,20163.0,850,Monedero
691,1705867,Diagonal Bio Bio,Cristo Redentor,20071.0,L2,V1,2026-07-19 16:31:59,2026-07-19 17:17:25,CC→CW,2026-07-19,,20071.0,20071.0,680,Monedero
692,1706593,El Parque,Laguna Quinenco,20037.0,L2,V1,2026-07-19 10:16:11,2026-07-19 10:44:27,CC→CW,2026-07-19,,20037.0,20037.0,650,Monedero
693,1706593,Laguna Quinenco,Costa Mar,20170.0,L2,V1,2026-07-19 19:59:38,2026-07-19 20:44:22,CW→CC,2026-07-19,,20170.0,20170.0,650,Monedero
694,1707031,Concepcion,Coronel,20059.0,L2,V1,2026-07-19 12:48:56,2026-07-19 14:02:01,CC→CW,2026-07-19,,20059.0,20059.0,880,Monedero
695,1709570,Concepcion,Coronel,20053.0,L2,V1,2026-07-19 12:06:10,2026-07-19 12:52:54,CC→CW,2026-07-19,,20053.0,20053.0,880,Monedero
696,1709570,Concepcion,Coronel,20053.0,L2,V1,2026-07-19 12:06:17,2026-07-19 12:52:45,CC→CW,2026-07-19,,20053.0,20053.0,880,Monedero
697,1709886,Cdal. Raul Silva Henriquez,Laguna Quinenco,20071.0,L2,V1,2026-07-19 16:47:23,2026-07-19 17:18:50,CC→CW,2026-07-19,,20071.0,20071.0,650,Monedero
698,1709891,Concepcion,Lomas Coloradas,20071.0,L2,V1,2026-07-19 16:39:44,2026-07-19 16:59:31,CC→CW,2026-07-19,,20071.0,20071.0,570,Monedero
699,1709893,Alborada,Concepcion,20180.0,L2,V1,2026-07-19 17:15:02,2026-07-19 17:28:49,CW→CC,2026-07-19,,20180.0,20180.0,570,Monedero
700,1710124,Los Canelos,Concepcion,20066.0,L2,V1,2026-07-19 14:54:24,2026-07-19 15:29:43,CW→CC,2026-07-19,,20066.0,20066.0,850,Monedero
701,1710283,Laguna Quinenco,Hito Galvarino,20166.0,L2,V1,2026-07-19 19:06:31,2026-07-19 19:30:04,CW→CC,2026-07-19,,20166.0,20166.0,530,Monedero
702,1711121,Huinca,El Parque,20156.0,L2,V1,2026-07-19 09:22:28,2026-07-19 09:41:36,CW→CC,2026-07-19,,20156.0,20156.0,630,Monedero
703,1711121,El Parque,Cristo Redentor,20167.0,L2,V1,2026-07-19 20:14:57,2026-07-19 20:37:11,CC→CW,2026-07-19,,20167.0,20167.0,630,Monedero
704,1711267,Concepcion,Cdal. Raul Silva Henriquez,20067.0,L2,V1,2026-07-19 15:18:56,2026-07-19 15:53:33,CC→CW,2026-07-19,,20067.0,20067.0,570,Monedero
705,1711744,Los Canelos,Concepcion,20056.0,L2,V1,2026-07-19 12:19:31,2026-07-19 12:58:07,CW→CC,2026-07-19,,20056.0,20056.0,850,Monedero
706,1711744,Concepcion,Los Canelos,20157.0,L2,V1,2026-07-19 17:14:34,2026-07-19 18:02:14,CC→CW,2026-07-19,,20157.0,,850,Monedero
707,1711930,Diagonal Bio Bio,El Parque,20049.0,L2,V1,2026-07-19 11:18:25,2026-07-19 11:47:35,CC→CW,2026-07-19,,20049.0,20049.0,510,Monedero
708,1715819,Cristo Redentor,Concepcion,20062.0,L2,V1,2026-07-19 13:47:10,2026-07-19 14:36:40,CW→CC,2026-07-19,,20062.0,20062.0,850,Monedero
709,1716175,El Parque,Concepcion,20068.0,L2,V1,2026-07-19 15:58:39,2026-07-19 16:18:21,CW→CC,2026-07-19,,20068.0,20068.0,570,Monedero
710,1718683,Concepcion,Huinca,20163.0,L2,V1,2026-07-19 18:52:53,2026-07-19 19:35:11,CC→CW,2026-07-19,,20163.0,20163.0,850,Monedero
711,1718828,Cristo Redentor,Costa Mar,20062.0,L2,V1,2026-07-19 13:53:34,2026-07-19 14:19:03,CW→CC,2026-07-19,,20062.0,20062.0,630,Monedero
712,1721987,Concepcion,Laguna Quinenco,20049.0,L2,V1,2026-07-19 11:28:25,2026-07-19 12:08:41,CC→CW,2026-07-19,,20049.0,20049.0,880,Monedero
713,1728791,Lomas Coloradas,Concepcion,20162.0,L2,V1,2026-07-19 18:27:47,2026-07-19 18:58:09,CW→CC,2026-07-19,,20162.0,20162.0,570,Monedero
714,1729025,Cristo Redentor,Concepcion,20180.0,L2,V1,2026-07-19 16:48:07,2026-07-19 17:29:44,CW→CC,2026-07-19,,20180.0,20180.0,850,Monedero
715,1736217,Concepcion,Concepcion,,,,2026-07-19 19:56:40,2026-07-19 19:59:14,,2026-07-19,no viajo,,,420,Monedero
716,1736217,Concepcion,Concepcion,,,,2026-07-19 20:46:38,2026-07-19 20:48:50,,2026-07-19,no viajo,,,420,Monedero
717,1736783,Cristo Redentor,Concepcion,20068.0,L2,V1,2026-07-19 15:37:39,2026-07-19 16:20:03,CW→CC,2026-07-19,,20068.0,20068.0,850,Monedero
718,1738548,Concepcion,Cristo Redentor,20167.0,L2,V1,2026-07-19 19:43:09,2026-07-19 20:37:57,CC→CW,2026-07-19,,20167.0,20167.0,850,Monedero
719,1741587,Alborada,Laguna Quinenco,20167.0,L2,V1,2026-07-19 20:10:48,2026-07-19 20:40:20,CC→CW,2026-07-19,,20167.0,20167.0,790,Monedero
720,1743115,Los Canelos,Concepcion,20050.0,L2,V1,2026-07-19 11:04:29,2026-07-19 11:42:43,CW→CC,2026-07-19,,20050.0,20050.0,850,Monedero
721,1743711,Cristo Redentor,Costa Mar,20166.0,L2,V1,2026-07-19 19:10:07,2026-07-19 19:44:19,CW→CC,2026-07-19,,20166.0,20166.0,630,Monedero
722,1744027,Concepcion,Los Canelos,20059.0,L2,V1,2026-07-19 13:07:41,2026-07-19 13:51:19,CC→CW,2026-07-19,,20059.0,20059.0,850,Monedero
723,1744459,Lomas Coloradas,Concepcion,20066.0,L2,V1,2026-07-19 14:56:32,2026-07-19 15:29:20,CW→CC,2026-07-19,,20066.0,20066.0,570,Monedero
724,1744459,Concepcion,Lomas Coloradas,20167.0,L2,V1,2026-07-19 19:44:38,2026-07-19 20:20:20,CC→CW,2026-07-19,,20167.0,20167.0,570,Monedero
725,1744732,Concepcion,Mercado,20844.0,L1,V1,2026-07-19 12:21:32,2026-07-19 13:25:08,HQ→TH,2026-07-19,,20844.0,20844.0,540,Monedero
726,1744732,Mercado,Concepcion,20845.0,L1,V1,2026-07-19 15:25:37,2026-07-19 16:26:00,TH→HQ,2026-07-19,,20845.0,20845.0,540,Monedero
727,1745506,Concepcion,El Arenal,20850.0,L1,V1,2026-07-19 09:44:37,2026-07-19 10:20:39,HQ→TH,2026-07-19,,20850.0,20850.0,540,Monedero
728,1745506,El Arenal,Concepcion,20845.0,L1,V1,2026-07-19 15:55:00,2026-07-19 16:25:22,TH→HQ,2026-07-19,,20845.0,20845.0,540,Monedero
729,1746905,Laguna Quinenco,Concepcion,20160.0,L2,V1,2026-07-19 17:39:40,2026-07-19 18:33:27,CW→CC,2026-07-19,,20160.0,20160.0,880,Monedero
730,1746905,Laguna Quinenco,Concepcion,20160.0,L2,V1,2026-07-19 17:39:53,2026-07-19 18:33:23,CW→CC,2026-07-19,,20160.0,20160.0,880,Monedero
731,1749591,Concepcion,Concepcion,,,,2026-07-19 17:37:23,2026-07-19 17:38:12,,2026-07-19,no viajo,,,420,Monedero
732,1749700,Laguna Quinenco,Concepcion,20166.0,L2,V1,2026-07-19 19:02:46,2026-07-19 20:00:57,CW→CC,2026-07-19,,20166.0,20166.0,880,Monedero
733,1750687,Concepcion,Hito Galvarino,20063.0,L2,V1,2026-07-19 14:36:44,2026-07-19 15:59:16,CC→CW,2026-07-19,,20063.0,20063.0,850,Monedero
734,1751164,Los Canelos,Hito Galvarino,20170.0,L2,V1,2026-07-19 20:12:06,2026-07-19 20:28:42,CW→CC,2026-07-19,,20170.0,20170.0,440,Monedero
735,1754947,Los Canelos,Cristo Redentor,20053.0,L2,V1,2026-07-19 12:37:42,2026-07-19 12:47:12,CC→CW,2026-07-19,,20053.0,20053.0,460,Monedero
736,1754947,Cristo Redentor,Laguna Quinenco,20059.0,L2,V1,2026-07-19 13:48:58,2026-07-19 13:58:37,CC→CW,2026-07-19,,20059.0,20059.0,450,Monedero
737,1754947,Laguna Quinenco,Los Canelos,20180.0,L2,V1,2026-07-19 16:22:02,2026-07-19 16:55:56,CW→CC,2026-07-19,,20180.0,20180.0,530,Monedero
738,1756795,Concepcion,Costa Mar,20067.0,L2,V1,2026-07-19 15:23:01,2026-07-19 15:44:35,CC→CW,2026-07-19,,20067.0,20067.0,570,Monedero
739,1756837,Concepcion,Coronel,20171.0,L2,V1,2026-07-19 20:27:30,2026-07-19 21:42:35,CC→CW,2026-07-19,,20171.0,20171.0,880,Monedero
740,1757971,Hito Galvarino,El Parque,20050.0,L2,V1,2026-07-19 10:58:28,2026-07-19 11:26:35,CW→CC,2026-07-19,,20050.0,20050.0,610,Monedero
741,1761059,Huinca,Diagonal Bio Bio,20058.0,L2,V1,2026-07-19 12:34:28,2026-07-19 13:03:01,CW→CC,2026-07-19,,20058.0,20058.0,680,Monedero
742,1762234,Los Canelos,Costa Mar,20156.0,L2,V1,2026-07-19 09:20:39,2026-07-19 09:43:34,CW→CC,2026-07-19,,20156.0,20156.0,610,Monedero
743,1763366,Los Canelos,Lomas Coloradas,20058.0,L2,V1,2026-07-19 12:36:42,2026-07-19 12:53:02,CW→CC,2026-07-19,,20058.0,20058.0,610,Monedero
744,1763366,Lomas Coloradas,Los Canelos,20167.0,L2,V1,2026-07-19 20:18:26,2026-07-19 20:33:29,CC→CW,2026-07-19,,20167.0,20167.0,610,Monedero
745,1763589,Lomas Coloradas,Concepcion,20166.0,L2,V1,2026-07-19 18:45:41,2026-07-19 20:01:05,CW→CC,2026-07-19,,20166.0,20162.0,570,Monedero
746,1763589,Lomas Coloradas,Concepcion,20166.0,L2,V1,2026-07-19 18:45:52,2026-07-19 20:00:26,CW→CC,2026-07-19,,20166.0,20162.0,570,Monedero
747,1763870,Laguna Quinenco,Concepcion,20170.0,L2,V1,2026-07-19 20:13:09,2026-07-19 20:59:19,CW→CC,2026-07-19,,20170.0,20170.0,880,Monedero
748,1763871,Manquimavida,Mercado,20846.0,L1,V1,2026-07-19 17:00:00,2026-07-19 17:58:59,HQ→TH,2026-07-19,,20846.0,20846.0,550,Monedero
749,1764369,Cristo Redentor,Alborada,20066.0,L2,V1,2026-07-19 14:39:48,2026-07-19 15:17:25,CW→CC,2026-07-19,,20066.0,20066.0,680,Monedero
750,1764369,Cristo Redentor,Alborada,20066.0,L2,V1,2026-07-19 14:39:54,2026-07-19 15:17:17,CW→CC,2026-07-19,,20066.0,20066.0,680,Monedero
751,1764383,Laguna Quinenco,Los Canelos,20166.0,L2,V1,2026-07-19 18:59:26,2026-07-19 19:25:59,CW→CC,2026-07-19,,20166.0,20166.0,530,Monedero
752,1764413,Cdal. Raul Silva Henriquez,Concepcion,20062.0,L2,V1,2026-07-19 13:58:41,2026-07-19 14:34:01,CW→CC,2026-07-19,,20062.0,20062.0,570,Monedero
753,1764413,Cdal. Raul Silva Henriquez,Concepcion,20062.0,L2,V1,2026-07-19 13:58:47,2026-07-19 14:33:57,CW→CC,2026-07-19,,20062.0,20062.0,570,Monedero
754,1764683,Cdal. Raul Silva Henriquez,Concepcion,20062.0,L2,V1,2026-07-19 14:01:21,2026-07-19 14:33:50,CW→CC,2026-07-19,,20062.0,20062.0,570,Monedero
755,1765142,Concepcion,Laguna Quinenco,20071.0,L2,V1,2026-07-19 16:12:57,2026-07-19 17:20:41,CC→CW,2026-07-19,,20071.0,20071.0,880,Monedero
756,1765142,Concepcion,Laguna Quinenco,20071.0,L2,V1,2026-07-19 16:13:02,2026-07-19 17:20:18,CC→CW,2026-07-19,,20071.0,20071.0,880,Monedero
757,1765142,Cristo Redentor,Concepcion,20170.0,L2,V1,2026-07-19 19:53:19,2026-07-19 21:00:53,CW→CC,2026-07-19,,20170.0,20170.0,850,Monedero
758,1765409,El Parque,Laguna Quinenco,20157.0,L2,V1,2026-07-19 17:31:44,2026-07-19 18:10:09,CC→CW,2026-07-19,,20157.0,20157.0,650,Monedero
759,1765409,El Parque,Laguna Quinenco,20157.0,L2,V1,2026-07-19 17:31:54,2026-07-19 18:09:59,CC→CW,2026-07-19,,20157.0,20157.0,650,Monedero
760,1765944,Cristo Redentor,El Parque,20050.0,L2,V1,2026-07-19 11:04:32,2026-07-19 11:26:51,CW→CC,2026-07-19,,20050.0,20050.0,630,Monedero
761,1765944,El Parque,Cristo Redentor,20053.0,L2,V1,2026-07-19 12:17:29,2026-07-19 12:47:29,CC→CW,2026-07-19,,20053.0,20053.0,630,Monedero
762,1765944,Cristo Redentor,Concepcion,20166.0,L2,V1,2026-07-19 19:17:10,2026-07-19 19:58:11,CW→CC,2026-07-19,,20166.0,20166.0,850,Monedero
763,1766021,Costa Mar,Los Canelos,20161.0,L2,V1,2026-07-19 18:28:33,2026-07-19 19:03:04,CC→CW,2026-07-19,,20161.0,20161.0,610,Monedero
764,1766453,Concepcion,Hito Galvarino,20067.0,L2,V1,2026-07-19 15:21:08,2026-07-19 15:59:22,CC→CW,2026-07-19,,20067.0,20067.0,850,Monedero
765,1768010,Alborada,Hito Galvarino,20067.0,L2,V1,2026-07-19 14:50:31,2026-07-19 15:59:45,CC→CW,2026-07-19,,20067.0,20063.0,650,Monedero
766,1769492,Concepcion,Concepcion,,,,2026-07-19 15:20:36,2026-07-19 15:21:45,,2026-07-19,no viajo,,,420,Monedero
767,1769920,Los Canelos,Laguna Quinenco,20163.0,L2,V1,2026-07-19 19:31:06,2026-07-19 19:39:30,CC→CW,2026-07-19,,20163.0,20163.0,530,Monedero
768,1770444,Cdal. Raul Silva Henriquez,Coronel,20059.0,L2,V1,2026-07-19 13:21:28,2026-07-19 14:00:35,CC→CW,2026-07-19,,20059.0,20059.0,650,Monedero
769,1770444,Coronel,Concepcion,20068.0,L2,V1,2026-07-19 15:17:36,2026-07-19 16:17:41,CW→CC,2026-07-19,,20068.0,20068.0,880,Monedero
770,1770444,Concepcion,Cdal. Raul Silva Henriquez,20167.0,L2,V1,2026-07-19 19:17:19,2026-07-19 20:23:16,CC→CW,2026-07-19,,20167.0,20167.0,570,Monedero
771,1772059,Concepcion,Los Canelos,20059.0,L2,V1,2026-07-19 12:42:13,2026-07-19 13:52:12,CC→CW,2026-07-19,,20059.0,20059.0,850,Monedero
772,1772664,Costa Mar,Concepcion,20062.0,L2,V1,2026-07-19 14:11:08,2026-07-19 14:33:42,CW→CC,2026-07-19,,20062.0,20062.0,570,Monedero
773,1772664,Costa Mar,Concepcion,20062.0,L2,V1,2026-07-19 14:11:14,2026-07-19 14:33:32,CW→CC,2026-07-19,,20062.0,20062.0,570,Monedero
774,1775583,Hito Galvarino,Lomas Coloradas,20170.0,L2,V1,2026-07-19 20:19:35,2026-07-19 20:38:31,CW→CC,2026-07-19,,20170.0,20170.0,610,Monedero
775,1776963,Hito Galvarino,Concepcion,20156.0,L2,V1,2026-07-19 09:20:27,2026-07-19 09:57:30,CW→CC,2026-07-19,,20156.0,20156.0,850,Monedero
776,1777125,Huinca,Concepcion,20166.0,L2,V1,2026-07-19 19:19:58,2026-07-19 19:58:45,CW→CC,2026-07-19,,20166.0,20166.0,850,Monedero
777,1777125,Concepcion,Huinca,20171.0,L2,V1,2026-07-19 20:47:24,2026-07-19 21:34:34,CC→CW,2026-07-19,,20171.0,20171.0,850,Monedero
778,1777329,Lomas Coloradas,Diagonal Bio Bio,20052.0,L2,V1,2026-07-19 11:38:43,2026-07-19 11:53:27,CW→CC,2026-07-19,,20052.0,20052.0,510,Monedero
779,1777329,Diagonal Bio Bio,Lomas Coloradas,20163.0,L2,V1,2026-07-19 18:54:05,2026-07-19 19:19:02,CC→CW,2026-07-19,,20163.0,20163.0,510,Monedero
780,1778542,Cristo Redentor,Costa Mar,20160.0,L2,V1,2026-07-19 17:05:35,2026-07-19 18:13:26,CW→CC,2026-07-19,,20160.0,20160.0,630,Monedero
781,1779284,Concepcion,Lomas Coloradas,20163.0,L2,V1,2026-07-19 18:49:06,2026-07-19 19:19:41,CC→CW,2026-07-19,,20163.0,20163.0,570,Monedero
782,1779481,Concepcion,Lomas Coloradas,20059.0,L2,V1,2026-07-19 13:09:37,2026-07-19 13:38:26,CC→CW,2026-07-19,,20059.0,20059.0,570,Monedero
783,1779481,Concepcion,Lomas Coloradas,20059.0,L2,V1,2026-07-19 13:09:47,2026-07-19 13:38:19,CC→CW,2026-07-19,,20059.0,20059.0,570,Monedero
784,1780141,Cdal. Raul Silva Henriquez,Concepcion,20056.0,L2,V1,2026-07-19 12:32:33,2026-07-19 12:58:30,CW→CC,2026-07-19,,20056.0,20056.0,570,Monedero
785,1780141,Concepcion,Cdal. Raul Silva Henriquez,20071.0,L2,V1,2026-07-19 16:12:59,2026-07-19 17:02:17,CC→CW,2026-07-19,,20071.0,20071.0,570,Monedero
786,1781262,Concepcion,Cristo Redentor,20167.0,L2,V1,2026-07-19 19:56:30,2026-07-19 20:38:08,CC→CW,2026-07-19,,20167.0,20167.0,850,Monedero
787,1781866,Concepcion,Coronel,20163.0,L2,V1,2026-07-19 18:45:46,2026-07-19 19:43:42,CC→CW,2026-07-19,,20163.0,20163.0,880,Monedero
788,1783380,Laguna Quinenco,Concepcion,20068.0,L2,V1,2026-07-19 15:33:17,2026-07-19 16:17:50,CW→CC,2026-07-19,,20068.0,20068.0,880,Monedero
789,1784422,Los Canelos,Concepcion,20050.0,L2,V1,2026-07-19 11:04:34,2026-07-19 11:42:24,CW→CC,2026-07-19,,20050.0,20050.0,850,Monedero
790,1784442,Diagonal Bio Bio,Hito Galvarino,20167.0,L2,V1,2026-07-19 19:56:40,2026-07-19 20:29:51,CC→CW,2026-07-19,,20167.0,20167.0,650,Monedero
791,1786565,Concepcion,Pedro Medina,20847.0,L1,V1,2026-07-19 20:23:27,2026-07-19 20:45:44,TH→HQ,2026-07-19,,20847.0,20847.0,510,Monedero
792,1787184,Concepcion,Los Canelos,20167.0,L2,V1,2026-07-19 19:54:18,2026-07-19 20:33:19,CC→CW,2026-07-19,,20167.0,20167.0,850,Monedero
793,1787188,Concepcion,Huinca,20063.0,L2,V1,2026-07-19 14:33:55,2026-07-19 15:09:54,CC→CW,2026-07-19,,20063.0,20063.0,850,Monedero
794,1789016,Concepcion,Cdal. Raul Silva Henriquez,20171.0,L2,V1,2026-07-19 20:49:32,2026-07-19 21:23:34,CC→CW,2026-07-19,,20171.0,20171.0,570,Monedero
795,1790788,Laguna Quinenco,Huinca,20056.0,L2,V1,2026-07-19 11:59:08,2026-07-19 12:24:19,CW→CC,2026-07-19,,20056.0,20056.0,450,Monedero
796,1792370,Cdal. Raul Silva Henriquez,Concepcion,20056.0,L2,V1,2026-07-19 12:30:23,2026-07-19 12:59:20,CW→CC,2026-07-19,,20056.0,20056.0,570,Monedero
797,1795465,Los Canelos,Concepcion,20160.0,L2,V1,2026-07-19 17:44:22,2026-07-19 18:31:31,CW→CC,2026-07-19,,20160.0,20160.0,850,Monedero
798,1795788,Concepcion,Los Canelos,20049.0,L2,V1,2026-07-19 11:28:29,2026-07-19 12:02:15,CC→CW,2026-07-19,,20049.0,20049.0,850,Monedero
799,1797175,Los Canelos,Juan Pablo II,20166.0,L2,V1,2026-07-19 19:14:53,2026-07-19 19:51:17,CW→CC,2026-07-19,,20166.0,20166.0,650,Monedero
800,1799229,Costa Mar,Los Canelos,20167.0,L2,V1,2026-07-19 19:46:41,2026-07-19 20:33:44,CC→CW,2026-07-19,,20167.0,20167.0,610,Monedero
801,1802165,Manquimavida,Lzo. Arenas,20848.0,L1,V1,2026-07-19 20:39:00,2026-07-19 21:08:19,HQ→TH,2026-07-19,,20848.0,20848.0,510,Monedero
802,1802165,Manquimavida,Lzo. Arenas,20848.0,L1,V1,2026-07-19 20:39:09,2026-07-19 21:08:15,HQ→TH,2026-07-19,,20848.0,20848.0,510,Monedero
803,1803793,Concepcion,El Parque,20059.0,L2,V1,2026-07-19 13:02:21,2026-07-19 13:36:03,CC→CW,2026-07-19,,20059.0,20059.0,570,Monedero
804,1803793,Costa Mar,Concepcion,20166.0,L2,V1,2026-07-19 19:28:25,2026-07-19 19:58:58,CW→CC,2026-07-19,,20166.0,20166.0,570,Monedero
805,1803800,Concepcion,El Parque,20059.0,L2,V1,2026-07-19 13:02:34,2026-07-19 13:36:06,CC→CW,2026-07-19,,20059.0,20059.0,570,Monedero
806,1803800,Costa Mar,Concepcion,20166.0,L2,V1,2026-07-19 19:28:24,2026-07-19 19:59:06,CW→CC,2026-07-19,,20166.0,20166.0,570,Monedero
807,1803826,Lomas Coloradas,Concepcion,20050.0,L2,V1,2026-07-19 11:10:55,2026-07-19 11:42:12,CW→CC,2026-07-19,,20050.0,20050.0,570,Monedero
808,1805609,Concepcion,Coronel,20067.0,L2,V1,2026-07-19 15:16:27,2026-07-19 16:14:28,CC→CW,2026-07-19,,20067.0,20067.0,880,Monedero
809,1806515,Cdal. Raul Silva Henriquez,Concepcion,20162.0,L2,V1,2026-07-19 18:25:43,2026-07-19 18:58:01,CW→CC,2026-07-19,,20162.0,20162.0,570,Monedero
810,1806886,Concepcion,Cdal. Raul Silva Henriquez,20149.0,L2,V1,2026-07-19 08:07:05,2026-07-19 08:52:33,CC→CW,2026-07-19,,20149.0,20149.0,570,Monedero
811,1807847,Concepcion,Hito Galvarino,20051.0,L2,V1,2026-07-19 11:39:15,2026-07-19 12:13:34,CC→CW,2026-07-19,,20051.0,20051.0,850,Monedero
812,1809388,Concepcion,Concepcion,,,,2026-07-19 12:42:25,2026-07-19 12:43:00,,2026-07-19,no viajo,,,420,Monedero
813,1809388,Concepcion,UTF Santa Maria,20848.0,L1,V1,2026-07-19 20:39:04,2026-07-19 21:15:37,HQ→TH,2026-07-19,,20848.0,20848.0,500,Monedero
814,1809407,Concepcion,Huinca,20067.0,L2,V1,2026-07-19 15:13:56,2026-07-19 16:06:02,CC→CW,2026-07-19,,20067.0,20067.0,850,Monedero
815,1813070,Costa Mar,Laguna Quinenco,20037.0,L2,V1,2026-07-19 09:59:08,2026-07-19 10:44:12,CC→CW,2026-07-19,,20037.0,20037.0,650,Monedero
816,1813083,Costa Mar,Cdal. Raul Silva Henriquez,20063.0,L2,V1,2026-07-19 14:42:31,2026-07-19 14:57:54,CC→CW,2026-07-19,,20063.0,20063.0,430,Monedero
817,1813312,Concepcion,Concepcion,,,,2026-07-19 09:28:29,2026-07-19 09:29:07,,2026-07-19,no viajo,,,420,Monedero
818,1813312,Concepcion,Concepcion,,,,2026-07-19 20:46:36,2026-07-19 20:48:40,,2026-07-19,no viajo,,,420,Monedero
819,1813581,Hito Galvarino,Laguna Quinenco,20071.0,L2,V1,2026-07-19 16:55:38,2026-07-19 17:20:17,CC→CW,2026-07-19,,20071.0,20071.0,530,Monedero
820,1813600,Huinca,El Parque,20040.0,L2,V1,2026-07-19 09:44:02,2026-07-19 10:08:31,CW→CC,2026-07-19,,20040.0,20040.0,630,Monedero
821,1813600,El Parque,Huinca,20041.0,L2,V1,2026-07-19 10:42:23,2026-07-19 11:05:37,CC→CW,2026-07-19,,20041.0,20041.0,630,Monedero
822,1817159,Cristo Redentor,Lomas Coloradas,20050.0,L2,V1,2026-07-19 10:32:50,2026-07-19 11:23:03,CW→CC,2026-07-19,,20050.0,20050.0,630,Monedero
823,1817159,Cristo Redentor,Lomas Coloradas,20050.0,L2,V1,2026-07-19 10:33:08,2026-07-19 11:23:00,CW→CC,2026-07-19,,20050.0,20050.0,630,Monedero
824,1817172,Laguna Quinenco,Juan Pablo II,20160.0,L2,V1,2026-07-19 17:46:35,2026-07-19 18:20:42,CW→CC,2026-07-19,,20160.0,20160.0,790,Monedero
825,1817483,Coronel,Concepcion,20044.0,L2,V1,2026-07-19 10:01:53,2026-07-19 10:48:05,CW→CC,2026-07-19,,20044.0,20044.0,880,Monedero
826,1818599,Huinca,Concepcion,20062.0,L2,V1,2026-07-19 13:50:46,2026-07-19 14:33:24,CW→CC,2026-07-19,,20062.0,20062.0,850,Monedero
827,1818910,Alborada,Cristo Redentor,20037.0,L2,V1,2026-07-19 10:12:33,2026-07-19 10:41:45,CC→CW,2026-07-19,,20037.0,20037.0,680,Monedero
828,1819461,Huinca,Lomas Coloradas,20166.0,L2,V1,2026-07-19 19:14:38,2026-07-19 19:38:21,CW→CC,2026-07-19,,20166.0,20166.0,630,Monedero
829,1820512,Coronel,Hito Galvarino,20152.0,L2,V1,2026-07-19 08:28:13,2026-07-19 08:44:00,CW→CC,2026-07-19,,20152.0,20152.0,530,Monedero
830,1820512,Hito Galvarino,Coronel,20157.0,L2,V1,2026-07-19 17:49:12,2026-07-19 18:13:08,CC→CW,2026-07-19,,20157.0,20157.0,530,Monedero
831,1822817,La Leonera,El Arenal,20850.0,L1,V1,2026-07-19 09:34:41,2026-07-19 10:20:18,HQ→TH,2026-07-19,,20850.0,20850.0,550,Monedero
832,1823178,Concepcion,Hito Galvarino,20161.0,L2,V1,2026-07-19 18:05:55,2026-07-19 18:58:50,CC→CW,2026-07-19,,20161.0,20161.0,850,Monedero
833,1823984,Cdal. Raul Silva Henriquez,Concepcion,20170.0,L2,V1,2026-07-19 20:31:28,2026-07-19 20:59:43,CW→CC,2026-07-19,,20170.0,20170.0,570,Monedero
834,1824751,Pedro Medina,Mercado,20844.0,L1,V1,2026-07-19 12:27:01,2026-07-19 13:23:00,HQ→TH,2026-07-19,,20844.0,20844.0,550,Monedero
835,1825623,Lomas Coloradas,Concepcion,20040.0,L2,V1,2026-07-19 10:00:12,2026-07-19 10:22:51,CW→CC,2026-07-19,,20040.0,20040.0,570,Monedero
836,1825623,Concepcion,Lomas Coloradas,20059.0,L2,V1,2026-07-19 13:06:14,2026-07-19 13:38:23,CC→CW,2026-07-19,,20059.0,20059.0,570,Monedero
837,1829957,Chiguayante,Mercado,20846.0,L1,V1,2026-07-19 17:02:18,2026-07-19 17:59:56,HQ→TH,2026-07-19,,20846.0,20846.0,550,Monedero
838,1830519,Concepcion,Coronel,20051.0,L2,V1,2026-07-19 11:42:18,2026-07-19 12:26:42,CC→CW,2026-07-19,,20051.0,,880,Monedero
839,1830519,Concepcion,Mercado,20848.0,L1,V1,2026-07-19 19:58:42,2026-07-19 21:26:24,HQ→TH,2026-07-19,combo_por_entrada,20848.0,20848.0,910,Monedero
840,1832356,Concepcion,Mercado,20846.0,L1,V1,2026-07-19 17:05:49,2026-07-19 18:00:28,HQ→TH,2026-07-19,,20846.0,20846.0,540,Monedero
841,1832356,Concepcion,Mercado,20846.0,L1,V1,2026-07-19 17:06:07,2026-07-19 18:00:10,HQ→TH,2026-07-19,,20846.0,20846.0,540,Monedero
842,1832356,Concepcion,Mercado,20846.0,L1,V1,2026-07-19 17:06:37,2026-07-19 17:59:57,HQ→TH,2026-07-19,,20846.0,20846.0,540,Monedero
843,1832356,Mercado,Concepcion,20847.0,L1,V1,2026-07-19 19:44:46,2026-07-19 20:30:00,TH→HQ,2026-07-19,,20847.0,20847.0,540,Monedero
844,1832356,Mercado,Concepcion,20847.0,L1,V1,2026-07-19 19:45:00,2026-07-19 20:29:49,TH→HQ,2026-07-19,,20847.0,20847.0,540,Monedero
845,1832356,Mercado,Concepcion,20847.0,L1,V1,2026-07-19 19:45:20,2026-07-19 20:29:18,TH→HQ,2026-07-19,,20847.0,20847.0,540,Monedero
846,1832753,Coronel,Concepcion,20166.0,L2,V1,2026-07-19 18:43:03,2026-07-19 19:59:12,CW→CC,2026-07-19,,20166.0,20166.0,880,Monedero
847,1833377,El Arenal,Higueras,20859.0,L1,V1,2026-07-19 12:26:16,2026-07-19 12:39:10,TH→HQ,2026-07-19,,20859.0,20859.0,490,Monedero
848,1833575,Mercado,Concepcion,20857.0,L1,V1,2026-07-19 08:20:51,2026-07-19 08:55:26,TH→HQ,2026-07-19,,20857.0,20857.0,540,Monedero
849,1833579,Alborada,Cristo Redentor,20059.0,L2,V1,2026-07-19 13:21:38,2026-07-19 13:56:54,CC→CW,2026-07-19,,20059.0,20059.0,680,Monedero
850,1833579,Cristo Redentor,Alborada,20166.0,L2,V1,2026-07-19 19:12:01,2026-07-19 19:46:33,CW→CC,2026-07-19,,20166.0,20166.0,680,Monedero
851,1834621,Alborada,Concepcion,20058.0,L2,V1,2026-07-19 12:56:05,2026-07-19 13:18:48,CW→CC,2026-07-19,,20058.0,20058.0,570,Monedero
852,1834621,Concepcion,Alborada,20071.0,L2,V1,2026-07-19 16:27:08,2026-07-19 16:52:45,CC→CW,2026-07-19,,20071.0,20071.0,570,Monedero
853,1835349,Higueras,Hualqui,20857.0,L1,V1,2026-07-19 08:34:13,2026-07-19 09:32:20,TH→HQ,2026-07-19,,20857.0,20857.0,560,Monedero
854,1835558,Chiguayante,El Arenal,20850.0,L1,V1,2026-07-19 09:45:56,2026-07-19 10:20:05,HQ→TH,2026-07-19,,20850.0,20850.0,550,Monedero
855,1835826,Los Canelos,Lomas Coloradas,20170.0,L2,V1,2026-07-19 20:24:35,2026-07-19 20:38:45,CW→CC,2026-07-19,,20170.0,20170.0,610,Monedero
856,1836347,Laguna Quinenco,Concepcion,20068.0,L2,V1,2026-07-19 15:34:48,2026-07-19 16:18:51,CW→CC,2026-07-19,,20068.0,20068.0,880,Monedero
857,1836347,Laguna Quinenco,Concepcion,20068.0,L2,V1,2026-07-19 15:34:57,2026-07-19 16:18:43,CW→CC,2026-07-19,,20068.0,20068.0,880,Monedero
858,1836347,Concepcion,Laguna Quinenco,20161.0,L2,V1,2026-07-19 18:29:53,2026-07-19 19:10:44,CC→CW,2026-07-19,,20161.0,20161.0,880,Monedero
859,1836347,Concepcion,Laguna Quinenco,20161.0,L2,V1,2026-07-19 18:29:55,2026-07-19 19:10:37,CC→CW,2026-07-19,,20161.0,20161.0,880,Monedero
860,1836348,Lomas Coloradas,Los Canelos,20051.0,L2,V1,2026-07-19 11:58:49,2026-07-19 12:17:04,CC→CW,2026-07-19,,20051.0,20051.0,610,Monedero
861,1836429,Huinca,Laguna Quinenco,20163.0,L2,V1,2026-07-19 19:23:40,2026-07-19 19:39:38,CC→CW,2026-07-19,,20163.0,20163.0,450,Monedero
862,1836662,Costa Mar,Hito Galvarino,20063.0,L2,V1,2026-07-19 14:45:06,2026-07-19 15:04:17,CC→CW,2026-07-19,,20063.0,20063.0,610,Monedero
863,1836838,Costa Mar,Cdal. Raul Silva Henriquez,20171.0,L2,V1,2026-07-19 20:48:09,2026-07-19 21:22:55,CC→CW,2026-07-19,,20171.0,20171.0,430,Monedero
864,1837035,Huinca,Concepcion,20052.0,L2,V1,2026-07-19 11:19:26,2026-07-19 12:10:15,CW→CC,2026-07-19,,20052.0,20052.0,850,Monedero
865,1837378,Los Canelos,Concepcion,20062.0,L2,V1,2026-07-19 13:52:02,2026-07-19 14:33:05,CW→CC,2026-07-19,,20062.0,20062.0,850,Monedero
866,1838882,Cristo Redentor,Coronel,20171.0,L2,V1,2026-07-19 21:03:25,2026-07-19 21:41:55,CC→CW,2026-07-19,,20171.0,20171.0,450,Monedero
867,1838892,Cristo Redentor,Concepcion,20056.0,L2,V1,2026-07-19 11:56:04,2026-07-19 12:58:42,CW→CC,2026-07-19,,20056.0,20056.0,850,Monedero
868,1840011,Cristo Redentor,El Parque,20056.0,L2,V1,2026-07-19 12:07:36,2026-07-19 12:42:05,CW→CC,2026-07-19,,20056.0,20056.0,630,Monedero
869,1840672,Cdal. Raul Silva Henriquez,Costa Mar,20050.0,L2,V1,2026-07-19 11:15:13,2026-07-19 11:29:25,CW→CC,2026-07-19,,20050.0,20050.0,430,Monedero
870,1840672,Costa Mar,Cdal. Raul Silva Henriquez,20059.0,L2,V1,2026-07-19 12:31:27,2026-07-19 13:42:03,CC→CW,2026-07-19,,20059.0,20053.0,430,Monedero
871,1840848,Los Canelos,Costa Mar,20162.0,L2,V1,2026-07-19 18:09:35,2026-07-19 18:52:20,CW→CC,2026-07-19,,20162.0,20162.0,610,Monedero
872,1840848,Costa Mar,Cristo Redentor,20163.0,L2,V1,2026-07-19 19:10:19,2026-07-19 19:37:53,CC→CW,2026-07-19,,20163.0,20163.0,630,Monedero
873,1841511,Los Canelos,Concepcion,20156.0,L2,V1,2026-07-19 09:17:20,2026-07-19 09:57:43,CW→CC,2026-07-19,,20156.0,20156.0,850,Monedero
874,1842055,Los Canelos,Concepcion,20062.0,L2,V1,2026-07-19 13:59:09,2026-07-19 14:33:13,CW→CC,2026-07-19,,20062.0,20062.0,850,Monedero
875,1843069,Concepcion,Lomas Coloradas,20059.0,L2,V1,2026-07-19 12:54:04,2026-07-19 13:39:06,CC→CW,2026-07-19,,20059.0,20059.0,570,Monedero
876,1843074,Laguna Quinenco,Huinca,20170.0,L2,V1,2026-07-19 20:08:38,2026-07-19 20:24:04,CW→CC,2026-07-19,,20170.0,20170.0,450,Monedero
877,1843273,Huinca,Concepcion,20052.0,L2,V1,2026-07-19 11:18:26,2026-07-19 12:09:54,CW→CC,2026-07-19,,20052.0,20052.0,850,Monedero
878,1843273,Concepcion,Huinca,20071.0,L2,V1,2026-07-19 16:34:23,2026-07-19 17:14:26,CC→CW,2026-07-19,,20071.0,20071.0,850,Monedero
879,1843594,Cdal. Raul Silva Henriquez,Cristo Redentor,20161.0,L2,V1,2026-07-19 18:48:56,2026-07-19 19:08:55,CC→CW,2026-07-19,,20161.0,20161.0,630,Monedero
880,1843594,Cdal. Raul Silva Henriquez,Cristo Redentor,20161.0,L2,V1,2026-07-19 18:49:00,2026-07-19 19:08:46,CC→CW,2026-07-19,,20161.0,20161.0,630,Monedero
881,1843594,Cristo Redentor,Cdal. Raul Silva Henriquez,20170.0,L2,V1,2026-07-19 20:13:24,2026-07-19 20:36:14,CW→CC,2026-07-19,,20170.0,20170.0,630,Monedero
882,1844313,Diagonal Bio Bio,El Parque,20149.0,L2,V1,2026-07-19 08:22:19,2026-07-19 09:31:57,CC→CW,2026-07-19,,20149.0,20149.0,510,Monedero
883,1847044,Concepcion,Costa Mar,20163.0,L2,V1,2026-07-19 18:39:07,2026-07-19 19:14:19,CC→CW,2026-07-19,,20163.0,20163.0,570,Monedero
884,1847138,Cdal. Raul Silva Henriquez,Coronel,20037.0,L2,V1,2026-07-19 10:18:23,2026-07-19 10:46:51,CC→CW,2026-07-19,,20037.0,20037.0,650,Monedero
885,1848772,Cdal. Raul Silva Henriquez,Concepcion,20052.0,L2,V1,2026-07-19 11:26:41,2026-07-19 12:10:38,CW→CC,2026-07-19,,20052.0,20050.0,570,Monedero
886,1848772,Concepcion,Cdal. Raul Silva Henriquez,20067.0,L2,V1,2026-07-19 14:52:45,2026-07-19 15:54:05,CC→CW,2026-07-19,,20067.0,20067.0,570,Monedero
887,1848864,Cdal. Raul Silva Henriquez,Concepcion,20062.0,L2,V1,2026-07-19 13:49:25,2026-07-19 14:33:17,CW→CC,2026-07-19,,20062.0,20062.0,570,Monedero
888,1848864,Concepcion,Cdal. Raul Silva Henriquez,20171.0,L2,V1,2026-07-19 20:49:52,2026-07-19 21:22:27,CC→CW,2026-07-19,,20171.0,20171.0,570,Monedero
889,1848897,Juan Pablo II,Concepcion,20056.0,L2,V1,2026-07-19 12:47:06,2026-07-19 12:57:59,CW→CC,2026-07-19,,20056.0,20056.0,570,Monedero
890,1849624,Hito Galvarino,Costa Mar,20160.0,L2,V1,2026-07-19 17:52:28,2026-07-19 18:13:19,CW→CC,2026-07-19,,20160.0,20160.0,610,Monedero
891,1850228,Los Canelos,Concepcion,20058.0,L2,V1,2026-07-19 12:35:21,2026-07-19 13:14:36,CW→CC,2026-07-19,,20058.0,20058.0,850,Monedero
892,1850604,Concepcion,Cristo Redentor,20059.0,L2,V1,2026-07-19 12:51:21,2026-07-19 13:56:40,CC→CW,2026-07-19,,20059.0,20059.0,850,Monedero
893,1850938,Concepcion,Los Condores,20844.0,L1,V1,2026-07-19 11:50:29,2026-07-19 13:11:01,HQ→TH,2026-07-19,combo_relajado_pase1,20844.0,20844.0,560,Monedero
894,1850954,Concepcion,Alborada,20153.0,L2,V1,2026-07-19 09:02:25,2026-07-19 09:27:11,CC→CW,2026-07-19,,20153.0,20153.0,570,Monedero
895,1850965,Concepcion,Los Condores,20844.0,L1,V1,2026-07-19 11:50:33,2026-07-19 13:11:01,HQ→TH,2026-07-19,combo_relajado_pase1,20844.0,20844.0,560,Monedero
896,1850970,Hito Galvarino,Juan Pablo II,20056.0,L2,V1,2026-07-19 12:28:11,2026-07-19 12:51:52,CW→CC,2026-07-19,,20056.0,20056.0,650,Monedero
897,1850981,Hito Galvarino,Concepcion,20066.0,L2,V1,2026-07-19 14:42:06,2026-07-19 15:29:12,CW→CC,2026-07-19,,20066.0,20066.0,850,Monedero
898,1851172,Concepcion,Cristo Redentor,20161.0,L2,V1,2026-07-19 18:13:18,2026-07-19 19:07:58,CC→CW,2026-07-19,,20161.0,20161.0,850,Monedero
899,1851172,Concepcion,Cristo Redentor,20161.0,L2,V1,2026-07-19 18:13:25,2026-07-19 19:07:51,CC→CW,2026-07-19,,20161.0,20161.0,850,Monedero
900,1851419,Los Canelos,Concepcion,20180.0,L2,V1,2026-07-19 16:47:31,2026-07-19 17:29:13,CW→CC,2026-07-19,,20180.0,20180.0,850,Monedero
901,1851424,Lomas Coloradas,Concepcion,20050.0,L2,V1,2026-07-19 10:38:20,2026-07-19 11:42:48,CW→CC,2026-07-19,,20050.0,20050.0,570,Monedero
902,1851424,Concepcion,Lomas Coloradas,20163.0,L2,V1,2026-07-19 18:43:19,2026-07-19 19:20:20,CC→CW,2026-07-19,,20163.0,20163.0,570,Monedero
903,1851936,Concepcion,Cristo Redentor,20171.0,L2,V1,2026-07-19 20:19:31,2026-07-19 21:36:03,CC→CW,2026-07-19,,20171.0,20171.0,850,Monedero
904,1852984,Hualqui,Chiguayante,20848.0,L1,V1,2026-07-19 20:24:49,2026-07-19 20:49:42,HQ→TH,2026-07-19,,20848.0,20848.0,500,Monedero
905,1854309,Laguna Quinenco,Costa Mar,20170.0,L2,V1,2026-07-19 20:08:21,2026-07-19 20:44:17,CW→CC,2026-07-19,,20170.0,20170.0,650,Monedero
906,1854636,Costa Mar,Concepcion,20180.0,L2,V1,2026-07-19 17:09:21,2026-07-19 17:29:45,CW→CC,2026-07-19,,20180.0,20180.0,570,Monedero
907,1854759,Lomas Coloradas,Concepcion,20050.0,L2,V1,2026-07-19 11:21:20,2026-07-19 11:42:40,CW→CC,2026-07-19,,20050.0,20050.0,570,Monedero
908,1857498,Huinca,Coronel,20063.0,L2,V1,2026-07-19 14:50:54,2026-07-19 15:17:15,CC→CW,2026-07-19,,20063.0,20063.0,450,Monedero
909,1857886,Cdal. Raul Silva Henriquez,Concepcion,20160.0,L2,V1,2026-07-19 18:03:06,2026-07-19 18:29:04,CW→CC,2026-07-19,,20160.0,20160.0,570,Monedero
910,1857891,Los Canelos,Alborada,20170.0,L2,V1,2026-07-19 19:55:43,2026-07-19 20:46:08,CW→CC,2026-07-19,,20170.0,20170.0,650,Monedero
911,1858238,Los Canelos,Juan Pablo II,20166.0,L2,V1,2026-07-19 19:22:40,2026-07-19 19:51:31,CW→CC,2026-07-19,,20166.0,20166.0,650,Monedero
912,1860796,Concepcion,Hualqui,20847.0,L1,V1,2026-07-19 19:36:59,2026-07-19 21:03:15,TH→HQ,2026-07-19,combo_por_entrada,20847.0,20847.0,600,Monedero
913,1860849,Cdal. Raul Silva Henriquez,Concepcion,20052.0,L2,V1,2026-07-19 11:26:34,2026-07-19 12:10:30,CW→CC,2026-07-19,,20052.0,20050.0,570,Monedero
914,1860849,Concepcion,Cdal. Raul Silva Henriquez,20067.0,L2,V1,2026-07-19 14:52:47,2026-07-19 15:54:14,CC→CW,2026-07-19,,20067.0,20067.0,570,Monedero
915,1861162,Huinca,Concepcion,20180.0,L2,V1,2026-07-19 16:49:18,2026-07-19 17:29:28,CW→CC,2026-07-19,,20180.0,20180.0,850,Monedero
916,1861162,Huinca,Concepcion,20180.0,L2,V1,2026-07-19 16:49:25,2026-07-19 17:29:26,CW→CC,2026-07-19,,20180.0,20180.0,850,Monedero
917,1861162,Concepcion,Huinca,20171.0,L2,V1,2026-07-19 20:55:38,2026-07-19 21:34:42,CC→CW,2026-07-19,,20171.0,20171.0,850,Monedero
918,1861683,Hito Galvarino,Concepcion,20160.0,L2,V1,2026-07-19 17:53:23,2026-07-19 18:28:23,CW→CC,2026-07-19,,20160.0,20160.0,850,Monedero
919,1861687,Huinca,Concepcion,20180.0,L2,V1,2026-07-19 16:37:18,2026-07-19 17:29:46,CW→CC,2026-07-19,,20180.0,20180.0,850,Monedero
920,1861932,Los Canelos,Concepcion,20068.0,L2,V1,2026-07-19 15:36:37,2026-07-19 16:19:20,CW→CC,2026-07-19,,20068.0,20068.0,850,Monedero
921,1862010,Cristo Redentor,Los Canelos,20058.0,L2,V1,2026-07-19 12:32:53,2026-07-19 12:40:37,CW→CC,2026-07-19,,20058.0,20058.0,460,Monedero
922,1862145,Laguna Quinenco,Concepcion,20056.0,L2,V1,2026-07-19 12:17:17,2026-07-19 13:02:04,CW→CC,2026-07-19,,20056.0,20056.0,880,Monedero
923,1862145,Laguna Quinenco,Concepcion,20056.0,L2,V1,2026-07-19 12:17:41,2026-07-19 13:01:51,CW→CC,2026-07-19,,20056.0,20056.0,880,Monedero
924,1862145,Concepcion,Laguna Quinenco,20071.0,L2,V1,2026-07-19 16:25:29,2026-07-19 17:21:52,CC→CW,2026-07-19,,20071.0,20071.0,880,Monedero
925,1862145,Concepcion,Laguna Quinenco,20071.0,L2,V1,2026-07-19 16:25:42,2026-07-19 17:21:39,CC→CW,2026-07-19,,20071.0,20071.0,880,Monedero
926,1862191,Cdal. Raul Silva Henriquez,Diagonal Bio Bio,20044.0,L2,V1,2026-07-19 10:23:35,2026-07-19 10:39:07,CW→CC,2026-07-19,,20044.0,20044.0,510,Monedero
927,1862709,Laguna Quinenco,Concepcion,20066.0,L2,V1,2026-07-19 14:49:48,2026-07-19 16:17:45,CW→CC,2026-07-19,,20066.0,20066.0,880,Monedero
928,1862709,Concepcion,Concepcion,,,,2026-07-19 16:19:24,2026-07-19 16:20:17,,2026-07-19,no viajo,,,420,Monedero
929,1862709,Concepcion,Laguna Quinenco,20171.0,L2,V1,2026-07-19 20:36:48,2026-07-19 21:40:24,CC→CW,2026-07-19,,20171.0,20171.0,880,Monedero
930,1862763,Concepcion,Coronel,20049.0,L2,V1,2026-07-19 10:53:39,2026-07-19 12:12:44,CC→CW,2026-07-19,,20049.0,20049.0,880,Monedero
931,1863004,Cdal. Raul Silva Henriquez,Costa Mar,20050.0,L2,V1,2026-07-19 11:14:01,2026-07-19 11:29:13,CW→CC,2026-07-19,,20050.0,20050.0,430,Monedero
932,1863004,Costa Mar,Cdal. Raul Silva Henriquez,20059.0,L2,V1,2026-07-19 13:22:53,2026-07-19 13:41:55,CC→CW,2026-07-19,,20059.0,20059.0,430,Monedero
933,1863007,Laguna Quinenco,Concepcion,20156.0,L2,V1,2026-07-19 09:11:17,2026-07-19 09:58:09,CW→CC,2026-07-19,,20156.0,20156.0,880,Monedero
934,1863009,Lomas Coloradas,Concepcion,20162.0,L2,V1,2026-07-19 18:18:38,2026-07-19 18:58:02,CW→CC,2026-07-19,,20162.0,20162.0,570,Monedero
935,1863013,Concepcion,Concepcion,,,,2026-07-19 10:02:35,2026-07-19 10:04:46,,2026-07-19,no viajo,,,420,Monedero
936,1863018,Concepcion,Lomas Coloradas,20053.0,L2,V1,2026-07-19 11:59:27,2026-07-19 12:30:59,CC→CW,2026-07-19,,20053.0,20053.0,570,Monedero
937,1863086,Huinca,Alborada,20058.0,L2,V1,2026-07-19 12:29:48,2026-07-19 13:01:59,CW→CC,2026-07-19,,20058.0,20056.0,680,Monedero
938,1863086,Alborada,Huinca,20157.0,L2,V1,2026-07-19 17:36:44,2026-07-19 18:06:22,CC→CW,2026-07-19,,20157.0,20157.0,680,Monedero
939,1863161,Huinca,Concepcion,20068.0,L2,V1,2026-07-19 15:37:58,2026-07-19 16:18:07,CW→CC,2026-07-19,,20068.0,20068.0,850,Monedero
940,1863167,Concepcion,Los Condores,20848.0,L1,V1,2026-07-19 19:44:54,2026-07-19 21:17:28,HQ→TH,2026-07-19,combo_por_entrada,20848.0,20848.0,900,Monedero
941,1863272,Huinca,Concepcion,20152.0,L2,V1,2026-07-19 08:13:59,2026-07-19 09:15:36,CW→CC,2026-07-19,,20152.0,20152.0,850,Monedero
942,1863302,Cristo Redentor,El Parque,20052.0,L2,V1,2026-07-19 11:13:17,2026-07-19 11:47:31,CW→CC,2026-07-19,,20052.0,20050.0,630,Monedero
943,1863302,El Parque,Laguna Quinenco,20053.0,L2,V1,2026-07-19 12:20:59,2026-07-19 12:49:31,CC→CW,2026-07-19,,20053.0,20053.0,650,Monedero
944,1863334,Concepcion,Hito Galvarino,20153.0,L2,V1,2026-07-19 08:35:46,2026-07-19 09:43:59,CC→CW,2026-07-19,combo_por_entrada,20153.0,20153.0,870,Monedero
945,1863334,Concepcion,Hito Galvarino,20153.0,L2,V1,2026-07-19 08:36:01,2026-07-19 09:43:52,CC→CW,2026-07-19,combo_por_entrada,20153.0,20153.0,870,Monedero
946,1863334,Concepcion,Hito Galvarino,20153.0,L2,V1,2026-07-19 08:36:17,2026-07-19 09:43:40,CC→CW,2026-07-19,combo_por_entrada,20153.0,20857.0,870,Monedero
947,1863391,El Parque,Concepcion,20040.0,L2,V1,2026-07-19 09:58:52,2026-07-19 10:24:07,CW→CC,2026-07-19,,20040.0,20040.0,570,Monedero
948,1863391,El Parque,Concepcion,20040.0,L2,V1,2026-07-19 09:59:00,2026-07-19 10:24:01,CW→CC,2026-07-19,,20040.0,20040.0,570,Monedero
949,1863391,Concepcion,El Parque,20063.0,L2,V1,2026-07-19 14:05:02,2026-07-19 14:51:56,CC→CW,2026-07-19,,20063.0,20063.0,570,Monedero
950,1863391,Concepcion,El Parque,20063.0,L2,V1,2026-07-19 14:05:07,2026-07-19 14:51:50,CC→CW,2026-07-19,,20063.0,20063.0,570,Monedero
951,1863440,Diagonal Bio Bio,Costa Mar,20037.0,L2,V1,2026-07-19 10:10:05,2026-07-19 10:18:00,CC→CW,2026-07-19,,20037.0,20037.0,510,Monedero
952,1863441,Coronel,Concepcion,20050.0,L2,V1,2026-07-19 10:38:42,2026-07-19 11:43:18,CW→CC,2026-07-19,,20050.0,20050.0,880,Monedero
953,1863446,Concepcion,Concepcion,,,,2026-07-19 10:52:52,2026-07-19 10:53:54,,2026-07-19,no viajo,,,420,Monedero
954,1863446,Concepcion,Concepcion,,,,2026-07-19 11:56:33,2026-07-19 11:57:26,,2026-07-19,no viajo,,,420,Monedero
955,1863447,Concepcion,El Parque,20049.0,L2,V1,2026-07-19 11:13:41,2026-07-19 11:48:20,CC→CW,2026-07-19,,20049.0,20049.0,570,Monedero
956,1863447,El Parque,Concepcion,20066.0,L2,V1,2026-07-19 14:55:12,2026-07-19 15:30:46,CW→CC,2026-07-19,,20066.0,20066.0,570,Monedero
957,1863471,Concepcion,Huinca,20059.0,L2,V1,2026-07-19 12:17:51,2026-07-19 13:54:37,CC→CW,2026-07-19,,20059.0,20053.0,850,Monedero
958,1863511,Concepcion,Cristo Redentor,20049.0,L2,V1,2026-07-19 11:25:15,2026-07-19 12:07:42,CC→CW,2026-07-19,,20049.0,20049.0,850,Monedero
959,1863511,Concepcion,Cristo Redentor,20049.0,L2,V1,2026-07-19 11:25:20,2026-07-19 12:07:08,CC→CW,2026-07-19,,20049.0,20049.0,850,Monedero
960,1863512,El Parque,Concepcion,20050.0,L2,V1,2026-07-19 11:12:23,2026-07-19 11:44:54,CW→CC,2026-07-19,,20050.0,20050.0,570,Monedero
961,1863513,Concepcion,Cdal. Raul Silva Henriquez,20049.0,L2,V1,2026-07-19 11:20:37,2026-07-19 11:53:56,CC→CW,2026-07-19,,20049.0,20049.0,570,Monedero
962,1863514,Concepcion,El Parque,20053.0,L2,V1,2026-07-19 11:52:20,2026-07-19 12:29:09,CC→CW,2026-07-19,,20053.0,20051.0,570,Monedero
963,1863515,Costa Mar,El Parque,20051.0,L2,V1,2026-07-19 11:53:50,2026-07-19 12:00:37,CC→CW,2026-07-19,,20051.0,20051.0,430,Monedero
964,1863516,Hualqui,Higueras,20844.0,L1,V1,2026-07-19 11:41:22,2026-07-19 13:14:47,HQ→TH,2026-07-19,,20844.0,20844.0,560,Monedero
965,1863516,Higueras,Hualqui,20845.0,L1,V1,2026-07-19 15:28:40,2026-07-19 17:02:52,TH→HQ,2026-07-19,,20845.0,20845.0,560,Monedero
966,1863517,Concepcion,Concepcion,,,,2026-07-19 11:57:29,2026-07-19 11:58:12,,2026-07-19,no viajo,,,420,Monedero
967,1863518,Laguna Quinenco,Diagonal Bio Bio,20160.0,L2,V1,2026-07-19 17:07:48,2026-07-19 18:18:18,CW→CC,2026-07-19,,20160.0,20160.0,790,Monedero
968,1863518,Laguna Quinenco,Diagonal Bio Bio,20160.0,L2,V1,2026-07-19 17:07:59,2026-07-19 18:18:02,CW→CC,2026-07-19,,20160.0,20160.0,790,Monedero
969,1863519,Concepcion,El Parque,20049.0,L2,V1,2026-07-19 11:13:48,2026-07-19 11:48:11,CC→CW,2026-07-19,,20049.0,20049.0,570,Monedero
970,1863519,El Parque,Concepcion,20066.0,L2,V1,2026-07-19 14:55:06,2026-07-19 15:30:03,CW→CC,2026-07-19,,20066.0,20066.0,570,Monedero
971,1863520,Concepcion,Higueras,20844.0,L1,V1,2026-07-19 11:49:22,2026-07-19 13:15:40,HQ→TH,2026-07-19,combo_relajado_pase1,20844.0,20844.0,560,Monedero
972,1863520,Concepcion,Higueras,20844.0,L1,V1,2026-07-19 11:49:33,2026-07-19 13:15:00,HQ→TH,2026-07-19,combo_relajado_pase1,20844.0,20844.0,560,Monedero
973,1863559,Laguna Quinenco,Concepcion,20166.0,L2,V1,2026-07-19 19:16:52,2026-07-19 20:01:06,CW→CC,2026-07-19,,20166.0,20166.0,880,Monedero
974,1863606,Cristo Redentor,Concepcion,20056.0,L2,V1,2026-07-19 12:14:46,2026-07-19 12:58:46,CW→CC,2026-07-19,,20056.0,20056.0,850,Monedero
975,1863606,Concepcion,Cristo Redentor,20071.0,L2,V1,2026-07-19 16:22:58,2026-07-19 17:17:20,CC→CW,2026-07-19,,20071.0,20071.0,850,Monedero
976,1863612,Concepcion,Concepcion,,,,2026-07-19 12:40:32,2026-07-19 12:41:13,,2026-07-19,no viajo,,,420,Monedero
977,1863613,Concepcion,Mercado,20844.0,L1,V1,2026-07-19 12:28:00,2026-07-19 13:25:06,HQ→TH,2026-07-19,,20844.0,20844.0,540,Monedero
978,1863613,Concepcion,Mercado,20844.0,L1,V1,2026-07-19 12:28:23,2026-07-19 13:24:44,HQ→TH,2026-07-19,,20844.0,20844.0,540,Monedero
979,1863619,Concepcion,Lomas Coloradas,20049.0,L2,V1,2026-07-19 11:29:50,2026-07-19 12:04:26,CC→CW,2026-07-19,,20049.0,20049.0,570,Monedero
980,1863619,Lomas Coloradas,Concepcion,20166.0,L2,V1,2026-07-19 19:31:44,2026-07-19 19:59:53,CW→CC,2026-07-19,,20166.0,20166.0,570,Monedero
981,1863620,El Parque,Laguna Quinenco,20053.0,L2,V1,2026-07-19 12:05:23,2026-07-19 12:49:12,CC→CW,2026-07-19,,20053.0,20051.0,650,Monedero
982,1863625,El Parque,Costa Mar,20058.0,L2,V1,2026-07-19 12:55:38,2026-07-19 12:59:41,CW→CC,2026-07-19,,20058.0,20058.0,430,Monedero
983,1863626,Concepcion,Los Canelos,20059.0,L2,V1,2026-07-19 13:01:17,2026-07-19 13:52:55,CC→CW,2026-07-19,,20059.0,20059.0,850,Monedero
984,1863626,Los Canelos,Concepcion,20166.0,L2,V1,2026-07-19 18:55:01,2026-07-19 19:58:51,CW→CC,2026-07-19,,20166.0,20166.0,850,Monedero
985,1863723,Concepcion,Coronel,20059.0,L2,V1,2026-07-19 13:14:13,2026-07-19 14:00:36,CC→CW,2026-07-19,,20059.0,20059.0,880,Monedero
986,1863723,Concepcion,Coronel,20059.0,L2,V1,2026-07-19 13:14:35,2026-07-19 14:00:27,CC→CW,2026-07-19,,20059.0,20059.0,880,Monedero
987,1863723,Coronel,Concepcion,20160.0,L2,V1,2026-07-19 17:42:48,2026-07-19 18:28:53,CW→CC,2026-07-19,,20160.0,20160.0,880,Monedero
988,1863723,Coronel,Concepcion,20160.0,L2,V1,2026-07-19 17:43:35,2026-07-19 18:28:47,CW→CC,2026-07-19,,20160.0,20160.0,880,Monedero
989,1863724,Concepcion,Lomas Coloradas,20059.0,L2,V1,2026-07-19 13:11:25,2026-07-19 13:39:19,CC→CW,2026-07-19,,20059.0,20059.0,570,Monedero
990,1863725,Concepcion,Lomas Coloradas,20059.0,L2,V1,2026-07-19 13:07:42,2026-07-19 13:38:28,CC→CW,2026-07-19,,20059.0,20059.0,570,Monedero
991,1863726,Mercado,Concepcion,20845.0,L1,V1,2026-07-19 15:25:28,2026-07-19 16:25:57,TH→HQ,2026-07-19,,20845.0,20845.0,540,Monedero
992,1863728,Concepcion,Coronel,20161.0,L2,V1,2026-07-19 18:19:12,2026-07-19 19:12:47,CC→CW,2026-07-19,,20161.0,20161.0,880,Monedero
993,1863729,Los Canelos,Concepcion,20062.0,L2,V1,2026-07-19 13:42:20,2026-07-19 14:36:10,CW→CC,2026-07-19,,20062.0,20062.0,850,Monedero
994,1863729,Concepcion,Huinca,20157.0,L2,V1,2026-07-19 17:15:04,2026-07-19 18:05:54,CC→CW,2026-07-19,,20157.0,20157.0,850,Monedero
995,1863730,Los Canelos,Concepcion,20062.0,L2,V1,2026-07-19 13:42:17,2026-07-19 14:36:04,CW→CC,2026-07-19,,20062.0,20062.0,850,Monedero
996,1863730,Concepcion,Huinca,20157.0,L2,V1,2026-07-19 17:15:21,2026-07-19 18:05:47,CC→CW,2026-07-19,,20157.0,20157.0,850,Monedero
997,1863731,Cdal. Raul Silva Henriquez,Cristo Redentor,20059.0,L2,V1,2026-07-19 13:24:59,2026-07-19 13:56:27,CC→CW,2026-07-19,,20059.0,20059.0,630,Monedero
998,1863732,Concepcion,Lomas Coloradas,20059.0,L2,V1,2026-07-19 13:06:43,2026-07-19 13:39:16,CC→CW,2026-07-19,,20059.0,20059.0,570,Monedero
999,1863733,Costa Mar,Diagonal Bio Bio,20062.0,L2,V1,2026-07-19 13:49:01,2026-07-19 14:24:01,CW→CC,2026-07-19,,20062.0,20062.0,510,Monedero
1000,1863734,Huinca,Juan Pablo II,20062.0,L2,V1,2026-07-19 13:49:54,2026-07-19 14:26:17,CW→CC,2026-07-19,,20062.0,20062.0,680,Monedero
1001,1863735,Laguna Quinenco,Cristo Redentor,20062.0,L2,V1,2026-07-19 13:45:26,2026-07-19 13:58:10,CW→CC,2026-07-19,,20062.0,20062.0,450,Monedero
1002,1863735,Laguna Quinenco,Cristo Redentor,20062.0,L2,V1,2026-07-19 13:45:48,2026-07-19 13:58:04,CW→CC,2026-07-19,,20062.0,20062.0,450,Monedero
1003,1863736,Concepcion,Coronel,20053.0,L2,V1,2026-07-19 11:57:57,2026-07-19 12:52:56,CC→CW,2026-07-19,,20053.0,20053.0,880,Monedero
1004,1863737,Coronel,Concepcion,20062.0,L2,V1,2026-07-19 13:44:03,2026-07-19 14:36:13,CW→CC,2026-07-19,,20062.0,20062.0,880,Monedero
1005,1863737,Concepcion,Coronel,20167.0,L2,V1,2026-07-19 19:08:13,2026-07-19 20:44:05,CC→CW,2026-07-19,,20167.0,20163.0,880,Monedero
1006,1863738,Coronel,Los Canelos,20062.0,L2,V1,2026-07-19 13:39:40,2026-07-19 14:12:31,CW→CC,2026-07-19,,20062.0,20062.0,530,Monedero
1007,1863738,Laguna Quinenco,Concepcion,20180.0,L2,V1,2026-07-19 16:01:54,2026-07-19 17:30:09,CW→CC,2026-07-19,,20180.0,20180.0,880,Monedero
1008,1863739,Concepcion,Huinca,20063.0,L2,V1,2026-07-19 13:46:02,2026-07-19 15:10:10,CC→CW,2026-07-19,,20063.0,20063.0,850,Monedero
1009,1863740,Concepcion,Mercado,20844.0,L1,V1,2026-07-19 12:41:06,2026-07-19 13:26:02,HQ→TH,2026-07-19,,20844.0,20844.0,540,Monedero
1010,1863740,Concepcion,Mercado,20844.0,L1,V1,2026-07-19 12:41:12,2026-07-19 13:25:31,HQ→TH,2026-07-19,,20844.0,20844.0,540,Monedero
1011,1863801,Concepcion,Coronel,20067.0,L2,V1,2026-07-19 15:07:50,2026-07-19 16:16:45,CC→CW,2026-07-19,,20067.0,20067.0,880,Monedero
1012,1863835,Alborada,Los Canelos,20063.0,L2,V1,2026-07-19 14:22:10,2026-07-19 15:08:03,CC→CW,2026-07-19,,20063.0,20063.0,650,Monedero
1013,1863835,Alborada,Los Canelos,20063.0,L2,V1,2026-07-19 14:22:20,2026-07-19 15:07:56,CC→CW,2026-07-19,,20063.0,20063.0,650,Monedero
1014,1863836,Concepcion,Laguna Quinenco,20063.0,L2,V1,2026-07-19 14:18:00,2026-07-19 15:16:45,CC→CW,2026-07-19,,20063.0,20063.0,880,Monedero
1015,1863841,Concepcion,Coronel,20059.0,L2,V1,2026-07-19 12:12:58,2026-07-19 14:00:24,CC→CW,2026-07-19,combo_por_entrada,20059.0,20844.0,910,Monedero
1016,1863841,Concepcion,Chiguayante,20847.0,L1,V1,2026-07-19 19:16:11,2026-07-19 20:43:11,TH→HQ,2026-07-19,combo_por_entrada,20847.0,20847.0,910,Monedero
1017,1863842,Concepcion,El Parque,20049.0,L2,V1,2026-07-19 11:13:35,2026-07-19 11:48:03,CC→CW,2026-07-19,,20049.0,20049.0,570,Monedero
1018,1863842,El Parque,Concepcion,20066.0,L2,V1,2026-07-19 14:55:09,2026-07-19 15:30:08,CW→CC,2026-07-19,,20066.0,20066.0,570,Monedero
1019,1863936,Concepcion,Concepcion,,,,2026-07-19 15:27:46,2026-07-19 15:28:48,,2026-07-19,no viajo,,,420,Monedero
1020,1863941,Hito Galvarino,Laguna Quinenco,20049.0,L2,V1,2026-07-19 11:57:23,2026-07-19 12:09:23,CC→CW,2026-07-19,,20049.0,20049.0,530,Monedero
1021,1863942,Concepcion,Huinca,20053.0,L2,V1,2026-07-19 12:06:55,2026-07-19 12:44:54,CC→CW,2026-07-19,,20053.0,20053.0,850,Monedero
1022,1863947,Cristo Redentor,Juan Pablo II,20052.0,L2,V1,2026-07-19 11:22:53,2026-07-19 11:57:16,CW→CC,2026-07-19,,20052.0,20051.0,680,Monedero
1023,1863948,Concepcion,El Parque,20067.0,L2,V1,2026-07-19 15:29:21,2026-07-19 15:48:12,CC→CW,2026-07-19,,20067.0,20067.0,570,Monedero
1024,1863948,Concepcion,El Parque,20067.0,L2,V1,2026-07-19 15:29:24,2026-07-19 15:48:08,CC→CW,2026-07-19,,20067.0,20067.0,570,Monedero
1025,1863948,El Parque,Concepcion,20180.0,L2,V1,2026-07-19 16:35:22,2026-07-19 17:29:23,CW→CC,2026-07-19,,20180.0,20180.0,570,Monedero
1026,1863948,El Parque,Concepcion,20180.0,L2,V1,2026-07-19 16:35:27,2026-07-19 17:29:20,CW→CC,2026-07-19,,20180.0,20180.0,570,Monedero
1027,1864052,Concepcion,Coronel,20071.0,L2,V1,2026-07-19 16:02:37,2026-07-19 17:23:10,CC→CW,2026-07-19,,20071.0,20071.0,880,Monedero
1028,1864057,Laguna Quinenco,Los Canelos,20180.0,L2,V1,2026-07-19 16:11:45,2026-07-19 16:55:32,CW→CC,2026-07-19,,20180.0,20180.0,530,Monedero
1029,1864058,Cdal. Raul Silva Henriquez,Concepcion,20040.0,L2,V1,2026-07-19 09:57:48,2026-07-19 10:23:45,CW→CC,2026-07-19,,20040.0,20040.0,570,Monedero
1030,1864064,Huinca,Concepcion,20058.0,L2,V1,2026-07-19 12:35:56,2026-07-19 13:14:14,CW→CC,2026-07-19,,20058.0,20058.0,850,Monedero
1031,1864064,Concepcion,Huinca,20163.0,L2,V1,2026-07-19 18:44:20,2026-07-19 19:35:42,CC→CW,2026-07-19,,20163.0,20163.0,850,Monedero
1032,1864065,Hito Galvarino,Concepcion,20180.0,L2,V1,2026-07-19 16:44:11,2026-07-19 17:31:14,CW→CC,2026-07-19,,20180.0,20180.0,850,Monedero
1033,1864065,Hito Galvarino,Concepcion,20180.0,L2,V1,2026-07-19 16:44:34,2026-07-19 17:31:04,CW→CC,2026-07-19,,20180.0,20180.0,850,Monedero
1034,1864070,El Parque,Coronel,20071.0,L2,V1,2026-07-19 16:49:10,2026-07-19 17:22:20,CC→CW,2026-07-19,,20071.0,20071.0,650,Monedero
1035,1864076,Coronel,Concepcion,20160.0,L2,V1,2026-07-19 16:57:15,2026-07-19 18:28:31,CW→CC,2026-07-19,,20160.0,20160.0,880,Monedero
1036,1864077,Concepcion,UTF Santa Maria,20846.0,L1,V1,2026-07-19 16:19:48,2026-07-19 17:44:59,HQ→TH,2026-07-19,,20846.0,20846.0,500,Monedero
1037,1864136,Coronel,Concepcion,20162.0,L2,V1,2026-07-19 18:10:54,2026-07-19 19:04:56,CW→CC,2026-07-19,,20162.0,20162.0,880,Monedero
1038,1864170,Concepcion,Mercado,20846.0,L1,V1,2026-07-19 17:21:37,2026-07-19 18:00:13,HQ→TH,2026-07-19,,20846.0,20846.0,540,Monedero
1039,1864171,Concepcion,Hualqui,20845.0,L1,V1,2026-07-19 16:25:00,2026-07-19 17:02:39,TH→HQ,2026-07-19,,20845.0,20845.0,550,Monedero
1040,1864183,Cdal. Raul Silva Henriquez,Concepcion,20160.0,L2,V1,2026-07-19 17:59:14,2026-07-19 18:28:02,CW→CC,2026-07-19,,20160.0,20160.0,570,Monedero
1041,1864246,Costa Mar,Concepcion,20166.0,L2,V1,2026-07-19 19:35:42,2026-07-19 20:01:55,CW→CC,2026-07-19,,20166.0,20166.0,570,Monedero
1042,1864246,Costa Mar,Concepcion,20166.0,L2,V1,2026-07-19 19:35:54,2026-07-19 20:01:36,CW→CC,2026-07-19,,20166.0,20166.0,570,Monedero
1043,1864277,Cdal. Raul Silva Henriquez,Concepcion,20162.0,L2,V1,2026-07-19 18:22:38,2026-07-19 18:59:05,CW→CC,2026-07-19,,20162.0,20162.0,570,Monedero
1044,1864278,Lomas Coloradas,Concepcion,20160.0,L2,V1,2026-07-19 18:06:37,2026-07-19 18:29:04,CW→CC,2026-07-19,,20160.0,20160.0,570,Monedero
1045,1864279,Cristo Redentor,Concepcion,20160.0,L2,V1,2026-07-19 17:27:46,2026-07-19 18:29:26,CW→CC,2026-07-19,,20160.0,20160.0,850,Monedero
1046,1864279,Cristo Redentor,Concepcion,20160.0,L2,V1,2026-07-19 17:27:52,2026-07-19 18:29:21,CW→CC,2026-07-19,,20160.0,20160.0,850,Monedero
1047,1864280,Cristo Redentor,El Parque,20162.0,L2,V1,2026-07-19 18:08:57,2026-07-19 18:41:55,CW→CC,2026-07-19,,20162.0,20162.0,630,Monedero
1048,1864281,El Parque,Concepcion,20160.0,L2,V1,2026-07-19 17:47:00,2026-07-19 18:29:18,CW→CC,2026-07-19,,20160.0,20160.0,570,Monedero
1049,1864282,Alborada,Concepcion,20162.0,L2,V1,2026-07-19 18:24:54,2026-07-19 18:58:41,CW→CC,2026-07-19,,20162.0,20162.0,570,Monedero
1050,1864284,Cdal. Raul Silva Henriquez,Concepcion,20162.0,L2,V1,2026-07-19 18:25:33,2026-07-19 18:58:13,CW→CC,2026-07-19,,20162.0,20162.0,570,Monedero
1051,1864284,Cdal. Raul Silva Henriquez,Concepcion,20162.0,L2,V1,2026-07-19 18:25:41,2026-07-19 18:57:59,CW→CC,2026-07-19,,20162.0,20162.0,570,Monedero
1052,1864285,Concepcion,El Parque,20161.0,L2,V1,2026-07-19 17:46:17,2026-07-19 19:25:12,CC→CW,2026-07-19,,20161.0,20161.0,570,Monedero
1053,1864285,Concepcion,El Parque,20161.0,L2,V1,2026-07-19 17:46:33,2026-07-19 19:24:37,CC→CW,2026-07-19,,20161.0,20161.0,570,Monedero
1054,1864286,Concepcion,Coronel,20163.0,L2,V1,2026-07-19 18:44:45,2026-07-19 19:42:20,CC→CW,2026-07-19,,20163.0,20163.0,880,Monedero
1055,1864287,Lomas Coloradas,Concepcion,20162.0,L2,V1,2026-07-19 18:29:29,2026-07-19 18:58:25,CW→CC,2026-07-19,,20162.0,20162.0,570,Monedero
1056,1864288,Cdal. Raul Silva Henriquez,Concepcion,20162.0,L2,V1,2026-07-19 18:36:18,2026-07-19 20:00:39,CW→CC,2026-07-19,,20162.0,20162.0,570,Monedero
1057,1864288,Concepcion,Cdal. Raul Silva Henriquez,20171.0,L2,V1,2026-07-19 20:46:32,2026-07-19 21:23:08,CC→CW,2026-07-19,,20171.0,20171.0,570,Monedero
1058,1864289,Lomas Coloradas,Concepcion,20160.0,L2,V1,2026-07-19 18:05:27,2026-07-19 18:28:07,CW→CC,2026-07-19,,20160.0,20160.0,570,Monedero
1059,1864290,Concepcion,Diagonal Bio Bio,20163.0,L2,V1,2026-07-19 18:55:56,2026-07-19 19:09:36,CC→CW,2026-07-19,,20163.0,20163.0,570,Monedero
1060,1864291,Concepcion,Cdal. Raul Silva Henriquez,20163.0,L2,V1,2026-07-19 18:36:07,2026-07-19 19:23:39,CC→CW,2026-07-19,,20163.0,20161.0,570,Monedero
1061,1864292,Lomas Coloradas,Los Canelos,20161.0,L2,V1,2026-07-19 18:45:57,2026-07-19 19:03:23,CC→CW,2026-07-19,,20161.0,20161.0,610,Monedero
1062,1864293,Concepcion,Coronel,20163.0,L2,V1,2026-07-19 18:49:21,2026-07-19 19:42:39,CC→CW,2026-07-19,,20163.0,20163.0,880,Monedero
1063,1864294,Concepcion,Diagonal Bio Bio,20163.0,L2,V1,2026-07-19 18:55:48,2026-07-19 19:09:26,CC→CW,2026-07-19,,20163.0,20163.0,570,Monedero
1064,1864295,Huinca,Cristo Redentor,20161.0,L2,V1,2026-07-19 18:59:46,2026-07-19 19:07:12,CC→CW,2026-07-19,,20161.0,20161.0,440,Monedero
1065,1864296,Huinca,Concepcion,20162.0,L2,V1,2026-07-19 18:21:24,2026-07-19 18:58:26,CW→CC,2026-07-19,,20162.0,20162.0,850,Monedero
1066,1864297,Los Canelos,Concepcion,20166.0,L2,V1,2026-07-19 19:03:48,2026-07-19 19:58:49,CW→CC,2026-07-19,,20166.0,20166.0,850,Monedero
1067,1864298,Concepcion,Lomas Coloradas,20167.0,L2,V1,2026-07-19 19:15:36,2026-07-19 20:19:47,CC→CW,2026-07-19,,20167.0,20167.0,570,Monedero
1068,1864300,Coronel,Costa Mar,20166.0,L2,V1,2026-07-19 19:05:24,2026-07-19 19:44:47,CW→CC,2026-07-19,,20166.0,20166.0,650,Monedero
1069,1864352,Concepcion,Cristo Redentor,20167.0,L2,V1,2026-07-19 19:53:16,2026-07-19 20:38:08,CC→CW,2026-07-19,,20167.0,20167.0,850,Monedero
1070,1864392,Concepcion,Coronel,20163.0,L2,V1,2026-07-19 18:44:10,2026-07-19 19:44:09,CC→CW,2026-07-19,,20163.0,20163.0,880,Monedero
1071,1864392,Concepcion,Coronel,20163.0,L2,V1,2026-07-19 18:44:18,2026-07-19 19:43:21,CC→CW,2026-07-19,,20163.0,20163.0,880,Monedero
1072,1864393,Concepcion,Concepcion,,,,2026-07-19 19:20:36,2026-07-19 19:24:34,,2026-07-19,no viajo,,,420,Monedero
1073,1864399,Concepcion,Huinca,20167.0,L2,V1,2026-07-19 19:44:42,2026-07-19 20:35:22,CC→CW,2026-07-19,,20167.0,20167.0,850,Monedero
1074,1864400,Concepcion,Hito Galvarino,20167.0,L2,V1,2026-07-19 19:46:40,2026-07-19 20:30:11,CC→CW,2026-07-19,,20167.0,20167.0,850,Monedero
1075,1864405,Concepcion,Manquimavida,20847.0,L1,V1,2026-07-19 20:13:32,2026-07-19 20:48:56,TH→HQ,2026-07-19,,20847.0,20847.0,510,Monedero
1076,1864406,Concepcion,Concepcion,,,,2026-07-19 19:56:52,2026-07-19 19:58:58,,2026-07-19,no viajo,,,420,Monedero
1077,1864467,Los Canelos,Concepcion,20170.0,L2,V1,2026-07-19 20:05:49,2026-07-19 20:59:29,CW→CC,2026-07-19,,20170.0,20170.0,850,Monedero
1078,1864468,Higueras,Concepcion,20847.0,L1,V1,2026-07-19 19:45:06,2026-07-19 20:26:57,TH→HQ,2026-07-19,,20847.0,20847.0,500,Monedero
1079,1864468,Higueras,Concepcion,20847.0,L1,V1,2026-07-19 19:45:13,2026-07-19 20:26:46,TH→HQ,2026-07-19,,20847.0,20847.0,500,Monedero
1080,1864474,Diagonal Bio Bio,Concepcion,20170.0,L2,V1,2026-07-19 20:42:48,2026-07-19 21:08:20,CW→CC,2026-07-19,,20170.0,20170.0,570,Monedero
1081,1864475,Hualqui,UTF Santa Maria,20848.0,L1,V1,2026-07-19 20:26:48,2026-07-19 21:11:38,HQ→TH,2026-07-19,,20848.0,,560,Monedero
1082,1864478,Lomas Coloradas,Concepcion,20162.0,L2,V1,2026-07-19 18:25:26,2026-07-19 18:58:20,CW→CC,2026-07-19,,20162.0,20162.0,570,Monedero
1083,1864479,Cristo Redentor,Juan Pablo II,20170.0,L2,V1,2026-07-19 20:07:39,2026-07-19 20:51:17,CW→CC,2026-07-19,,20170.0,20170.0,680,Monedero
1084,1864480,Manquimavida,UTF Santa Maria,20848.0,L1,V1,2026-07-19 20:39:45,2026-07-19 21:11:36,HQ→TH,2026-07-19,,20848.0,,540,Monedero
1085,1864481,Cdal. Raul Silva Henriquez,Costa Mar,20170.0,L2,V1,2026-07-19 20:17:02,2026-07-19 20:44:57,CW→CC,2026-07-19,,20170.0,20170.0,430,Monedero
1086,1864481,Cdal. Raul Silva Henriquez,Costa Mar,20170.0,L2,V1,2026-07-19 20:17:29,2026-07-19 20:44:43,CW→CC,2026-07-19,,20170.0,20170.0,430,Monedero
1087,1864524,Manquimavida,UTF Santa Maria,20848.0,L1,V1,2026-07-19 20:40:00,2026-07-19 21:11:55,HQ→TH,2026-07-19,,20848.0,,540,Monedero
1088,1864526,Alborada,Concepcion,20162.0,L2,V1,2026-07-19 18:24:27,2026-07-19 18:58:18,CW→CC,2026-07-19,,20162.0,20162.0,570,Monedero
1089,1864527,Concepcion,Laguna Quinenco,20171.0,L2,V1,2026-07-19 20:27:23,2026-07-19 21:39:06,CC→CW,2026-07-19,,20171.0,20171.0,880,Monedero
1090,1864528,Los Canelos,Concepcion,20166.0,L2,V1,2026-07-19 19:24:52,2026-07-19 19:59:10,CW→CC,2026-07-19,,20166.0,20166.0,850,Monedero
1091,1864547,Huinca,Concepcion,20166.0,L2,V1,2026-07-19 19:01:52,2026-07-19 20:02:17,CW→CC,2026-07-19,,20166.0,20166.0,850,Monedero
1092,1864548,Concepcion,Hualqui,20847.0,L1,V1,2026-07-19 20:19:47,2026-07-19 21:03:36,TH→HQ,2026-07-19,,20847.0,20847.0,550,Monedero
1093,1864615,Juan Pablo II,Cdal. Raul Silva Henriquez,20171.0,L2,V1,2026-07-19 20:57:20,2026-07-19 21:23:21,CC→CW,2026-07-19,,20171.0,20171.0,510,Monedero
1094,53033557,Concepcion,Lomas Coloradas,20161.0,L2,V1,2026-07-19 18:24:46,2026-07-19 18:50:22,CC→CW,2026-07-19,,20161.0,20161.0,570,Monedero
1095,53033749,Cristo Redentor,Concepcion,20170.0,L2,V1,2026-07-19 20:18:43,2026-07-19 20:59:55,CW→CC,2026-07-19,,20170.0,20170.0,430,Adulto Mayor
1096,53034024,Concepcion,Manquimavida,20847.0,L1,V1,2026-07-19 19:58:17,2026-07-19 20:49:32,TH→HQ,2026-07-19,,20847.0,20847.0,0,Otros
1097,53034526,Concepcion,El Arenal,20850.0,L1,V1,2026-07-19 09:16:21,2026-07-19 10:20:06,HQ→TH,2026-07-19,combo_por_entrada,20850.0,20850.0,910,Monedero
1098,53034526,El Arenal,Concepcion,20845.0,L1,V1,2026-07-19 15:59:19,2026-07-19 17:21:51,TH→HQ,2026-07-19,combo_por_entrada,20845.0,20845.0,910,Monedero
1099,53035285,Concepcion,Cdal. Raul Silva Henriquez,20063.0,L2,V1,2026-07-19 14:06:41,2026-07-19 14:57:35,CC→CW,2026-07-19,,20063.0,20063.0,290,Adulto Mayor
1100,53035406,Juan Pablo II,Los Canelos,20171.0,L2,V1,2026-07-19 20:54:53,2026-07-19 21:33:02,CC→CW,2026-07-19,,20171.0,20171.0,330,Adulto Mayor
1101,53035560,Los Canelos,Concepcion,20152.0,L2,V1,2026-07-19 08:33:56,2026-07-19 09:14:16,CW→CC,2026-07-19,,20152.0,20152.0,430,Adulto Mayor
1102,53035560,Concepcion,Los Canelos,20059.0,L2,V1,2026-07-19 12:48:23,2026-07-19 13:53:02,CC→CW,2026-07-19,,20059.0,20059.0,430,Adulto Mayor
1103,53035645,Hito Galvarino,Coronel,20037.0,L2,V1,2026-07-19 10:32:41,2026-07-19 10:46:49,CC→CW,2026-07-19,,20037.0,20037.0,530,Monedero
1104,53035981,Chiguayante,La Leonera,20847.0,L1,V1,2026-07-19 20:35:15,2026-07-19 20:51:52,TH→HQ,2026-07-19,,20847.0,20847.0,210,Adulto Mayor
1105,53036208,Concepcion,Huinca,20161.0,L2,V1,2026-07-19 17:38:18,2026-07-19 19:05:20,CC→CW,2026-07-19,,20161.0,20157.0,430,Adulto Mayor
1106,53036299,Concepcion,Coronel,20041.0,L2,V1,2026-07-19 10:18:59,2026-07-19 11:12:47,CC→CW,2026-07-19,,20041.0,20041.0,440,Adulto Mayor
1107,53036299,Coronel,Concepcion,20068.0,L2,V1,2026-07-19 15:13:41,2026-07-19 16:18:27,CW→CC,2026-07-19,,20068.0,20068.0,440,Adulto Mayor
1108,53036759,El Arenal,UTF Santa Maria,20845.0,L1,V1,2026-07-19 16:03:43,2026-07-19 16:15:15,TH→HQ,2026-07-19,,20845.0,,250,Adulto Mayor
1109,53036905,Cristo Redentor,Concepcion,20152.0,L2,V1,2026-07-19 08:33:00,2026-07-19 09:14:40,CW→CC,2026-07-19,,20152.0,20152.0,430,Adulto Mayor
1110,53036905,Concepcion,Huinca,20167.0,L2,V1,2026-07-19 19:53:10,2026-07-19 20:35:47,CC→CW,2026-07-19,,20167.0,20167.0,430,Adulto Mayor
1111,53036932,El Parque,Huinca,20161.0,L2,V1,2026-07-19 18:19:49,2026-07-19 19:05:35,CC→CW,2026-07-19,,20161.0,20161.0,630,Monedero
1112,53037066,Los Canelos,Coronel,20049.0,L2,V1,2026-07-19 11:58:35,2026-07-19 12:12:31,CC→CW,2026-07-19,,20049.0,20049.0,270,Adulto Mayor
1113,53037443,Lomas Coloradas,Concepcion,20066.0,L2,V1,2026-07-19 14:58:29,2026-07-19 15:30:55,CW→CC,2026-07-19,,20066.0,20066.0,0,Otros
1114,53037443,Concepcion,Lomas Coloradas,20157.0,L2,V1,2026-07-19 17:21:03,2026-07-19 17:50:41,CC→CW,2026-07-19,,20157.0,20157.0,0,Otros
1115,53037726,Huinca,Cdal. Raul Silva Henriquez,20162.0,L2,V1,2026-07-19 18:13:10,2026-07-19 18:35:04,CW→CC,2026-07-19,,20162.0,20162.0,0,Otros
1116,53037749,Cristo Redentor,Concepcion,20166.0,L2,V1,2026-07-19 19:13:25,2026-07-19 19:59:41,CW→CC,2026-07-19,,20166.0,20166.0,430,Adulto Mayor
1117,53037800,Los Canelos,Concepcion,20056.0,L2,V1,2026-07-19 11:59:37,2026-07-19 12:58:39,CW→CC,2026-07-19,,20056.0,20056.0,0,Otros
1118,53037800,Concepcion,Los Canelos,20171.0,L2,V1,2026-07-19 20:20:49,2026-07-19 21:32:45,CC→CW,2026-07-19,,20171.0,20171.0,0,Otros
1119,53038872,Concepcion,Huinca,20153.0,L2,V1,2026-07-19 08:49:50,2026-07-19 09:49:28,CC→CW,2026-07-19,,20153.0,20153.0,430,Adulto Mayor
1120,53038872,Huinca,Concepcion,20162.0,L2,V1,2026-07-19 18:12:56,2026-07-19 18:57:42,CW→CC,2026-07-19,,20162.0,20162.0,430,Adulto Mayor
1121,53038976,Concepcion,Laguna Quinenco,20163.0,L2,V1,2026-07-19 18:55:53,2026-07-19 19:39:45,CC→CW,2026-07-19,,20163.0,20163.0,880,Monedero
1122,53039463,Cdal. Raul Silva Henriquez,Diagonal Bio Bio,20156.0,L2,V1,2026-07-19 09:17:49,2026-07-19 09:48:19,CW→CC,2026-07-19,,20156.0,20156.0,510,Monedero
1123,53039463,Diagonal Bio Bio,Cdal. Raul Silva Henriquez,20167.0,L2,V1,2026-07-19 20:03:02,2026-07-19 20:23:01,CC→CW,2026-07-19,,20167.0,20167.0,510,Monedero
1124,53039706,Juan Pablo II,Costa Mar,20071.0,L2,V1,2026-07-19 16:39:05,2026-07-19 16:53:20,CC→CW,2026-07-19,,20071.0,20071.0,510,Monedero
1125,53039874,El Parque,Juan Pablo II,20162.0,L2,V1,2026-07-19 18:28:43,2026-07-19 18:51:25,CW→CC,2026-07-19,,20162.0,20162.0,260,Adulto Mayor
1126,53040766,Concepcion,Los Canelos,20071.0,L2,V1,2026-07-19 15:41:41,2026-07-19 17:13:29,CC→CW,2026-07-19,,20071.0,20071.0,430,Adulto Mayor
1127,53042666,Cdal. Raul Silva Henriquez,Juan Pablo II,20066.0,L2,V1,2026-07-19 15:02:48,2026-07-19 15:21:50,CW→CC,2026-07-19,,20066.0,20066.0,510,Monedero
1128,53042725,Juan Pablo II,Concepcion,20156.0,L2,V1,2026-07-19 09:49:04,2026-07-19 10:00:33,CW→CC,2026-07-19,,20156.0,20156.0,290,Adulto Mayor
1129,53042913,Manquimavida,Lzo. Arenas,20850.0,L1,V1,2026-07-19 09:39:05,2026-07-19 10:05:23,HQ→TH,2026-07-19,,20850.0,20850.0,260,Adulto Mayor
1130,53042913,Lzo. Arenas,Manquimavida,20859.0,L1,V1,2026-07-19 12:31:31,2026-07-19 13:17:14,TH→HQ,2026-07-19,,20859.0,20859.0,260,Adulto Mayor
1131,53043283,Concepcion,Lomas Coloradas,20167.0,L2,V1,2026-07-19 19:28:23,2026-07-19 20:19:43,CC→CW,2026-07-19,,20167.0,20167.0,290,Adulto Mayor
1132,53043337,Coronel,Concepcion,20058.0,L2,V1,2026-07-19 12:24:34,2026-07-19 13:14:22,CW→CC,2026-07-19,,20058.0,20058.0,0,Otros
1133,53043337,Concepcion,Laguna Quinenco,20167.0,L2,V1,2026-07-19 19:50:09,2026-07-19 20:42:26,CC→CW,2026-07-19,,20167.0,20167.0,0,Otros
1134,53043372,Los Condores,Higueras,20850.0,L1,V1,2026-07-19 10:08:13,2026-07-19 10:16:04,HQ→TH,2026-07-19,,20850.0,20850.0,210,Adulto Mayor
1135,53043453,El Parque,Huinca,20071.0,L2,V1,2026-07-19 16:50:39,2026-07-19 17:16:16,CC→CW,2026-07-19,,20071.0,20071.0,320,Adulto Mayor
1136,53043453,El Parque,Huinca,20071.0,L2,V1,2026-07-19 16:51:00,2026-07-19 17:16:50,CC→CW,2026-07-19,,20071.0,20071.0,630,Monedero
1137,53043656,Laguna Quinenco,Los Canelos,20180.0,L2,V1,2026-07-19 16:42:31,2026-07-19 16:55:13,CW→CC,2026-07-19,,20180.0,20180.0,270,Adulto Mayor
1138,53043673,Concepcion,Huinca,20163.0,L2,V1,2026-07-19 18:37:49,2026-07-19 19:35:06,CC→CW,2026-07-19,,20163.0,20161.0,0,Otros
1139,53043693,Cristo Redentor,Laguna Quinenco,20037.0,L2,V1,2026-07-19 10:35:22,2026-07-19 10:44:20,CC→CW,2026-07-19,,20037.0,20037.0,0,Otros
1140,53043748,El Arenal,Pedro Medina,20847.0,L1,V1,2026-07-19 20:01:04,2026-07-19 20:46:01,TH→HQ,2026-07-19,,20847.0,20847.0,280,Adulto Mayor
1141,53044034,Los Canelos,Laguna Quinenco,20161.0,L2,V1,2026-07-19 18:50:49,2026-07-19 19:10:02,CC→CW,2026-07-19,,20161.0,20161.0,270,Adulto Mayor
1142,53044068,Cristo Redentor,Costa Mar,20050.0,L2,V1,2026-07-19 11:03:54,2026-07-19 11:29:00,CW→CC,2026-07-19,,20050.0,20050.0,0,Otros
1143,53044068,Concepcion,El Arenal,20846.0,L1,V1,2026-07-19 15:08:48,2026-07-19 17:57:28,HQ→TH,2026-07-19,match_por_salida_fallback,20846.0,20846.0,0,Otros
1144,53044558,Concepcion,Coronel,20037.0,L2,V1,2026-07-19 09:42:32,2026-07-19 10:46:33,CC→CW,2026-07-19,,20037.0,20037.0,440,Adulto Mayor
1145,53044558,Coronel,Concepcion,20162.0,L2,V1,2026-07-19 18:09:49,2026-07-19 18:58:36,CW→CC,2026-07-19,,20162.0,20162.0,440,Adulto Mayor
1146,53044658,Los Canelos,Costa Mar,20062.0,L2,V1,2026-07-19 13:58:47,2026-07-19 14:19:09,CW→CC,2026-07-19,,20062.0,20062.0,0,Otros
1147,53044658,Costa Mar,Los Canelos,20067.0,L2,V1,2026-07-19 15:35:17,2026-07-19 16:04:02,CC→CW,2026-07-19,,20067.0,20067.0,0,Otros
1148,53044675,Los Canelos,Cristo Redentor,20059.0,L2,V1,2026-07-19 13:40:05,2026-07-19 13:56:27,CC→CW,2026-07-19,,20059.0,20059.0,0,Otros
1149,53044786,Lomas Coloradas,Cristo Redentor,20161.0,L2,V1,2026-07-19 18:48:35,2026-07-19 19:06:54,CC→CW,2026-07-19,,20161.0,20161.0,320,Adulto Mayor
1150,53044918,Laguna Quinenco,Coronel,20071.0,L2,V1,2026-07-19 16:25:26,2026-07-19 17:22:08,CC→CW,2026-07-19,,20071.0,20071.0,0,Otros
1151,53045255,Concepcion,Cristo Redentor,20049.0,L2,V1,2026-07-19 11:10:50,2026-07-19 12:07:35,CC→CW,2026-07-19,,20049.0,20049.0,430,Adulto Mayor
1152,53045255,Concepcion,Cristo Redentor,20049.0,L2,V1,2026-07-19 11:11:12,2026-07-19 12:07:42,CC→CW,2026-07-19,,20049.0,20049.0,850,Monedero
1153,53045255,Cristo Redentor,Concepcion,20068.0,L2,V1,2026-07-19 15:37:25,2026-07-19 16:22:38,CW→CC,2026-07-19,,20068.0,20068.0,430,Adulto Mayor
1154,53045255,Cristo Redentor,Concepcion,20068.0,L2,V1,2026-07-19 15:37:33,2026-07-19 16:22:45,CW→CC,2026-07-19,,20068.0,20068.0,850,Monedero
1155,53045528,Laguna Quinenco,Lomas Coloradas,20058.0,L2,V1,2026-07-19 12:22:32,2026-07-19 12:55:05,CW→CC,2026-07-19,,20058.0,20056.0,330,Adulto Mayor
1156,53045528,Lomas Coloradas,Laguna Quinenco,20163.0,L2,V1,2026-07-19 19:15:52,2026-07-19 19:40:41,CC→CW,2026-07-19,,20163.0,20163.0,330,Adulto Mayor
1157,53045577,Lomas Coloradas,Diagonal Bio Bio,20170.0,L2,V1,2026-07-19 20:35:13,2026-07-19 20:48:39,CW→CC,2026-07-19,,20170.0,20170.0,260,Adulto Mayor
1158,53045774,Costa Mar,Concepcion,20062.0,L2,V1,2026-07-19 14:18:00,2026-07-19 14:33:05,CW→CC,2026-07-19,,20062.0,20062.0,290,Adulto Mayor
1159,53045774,Costa Mar,Concepcion,20062.0,L2,V1,2026-07-19 14:18:06,2026-07-19 14:33:17,CW→CC,2026-07-19,,20062.0,20062.0,570,Monedero
1160,53045774,Concepcion,Costa Mar,20071.0,L2,V1,2026-07-19 16:32:08,2026-07-19 16:55:31,CC→CW,2026-07-19,,20071.0,20071.0,290,Adulto Mayor
1161,53045774,Concepcion,Costa Mar,20071.0,L2,V1,2026-07-19 16:32:16,2026-07-19 16:55:38,CC→CW,2026-07-19,,20071.0,20071.0,570,Monedero
1162,53045785,Hualqui,UTF Santa Maria,20844.0,L1,V1,2026-07-19 12:07:57,2026-07-19 13:06:56,HQ→TH,2026-07-19,,20844.0,20844.0,280,Adulto Mayor
1163,53045785,UTF Santa Maria,Hualqui,20845.0,L1,V1,2026-07-19 16:10:22,2026-07-19 17:02:21,TH→HQ,2026-07-19,,20845.0,20845.0,280,Adulto Mayor
1164,53045895,Concepcion,Coronel,20071.0,L2,V1,2026-07-19 16:02:37,2026-07-19 17:22:55,CC→CW,2026-07-19,combo_por_entrada,20071.0,20845.0,450,Adulto Mayor
1165,53046235,Cristo Redentor,Lomas Coloradas,20160.0,L2,V1,2026-07-19 17:47:49,2026-07-19 18:08:10,CW→CC,2026-07-19,,20160.0,20160.0,630,Monedero
1166,53046682,Los Canelos,Hito Galvarino,20056.0,L2,V1,2026-07-19 12:13:50,2026-07-19 12:29:47,CW→CC,2026-07-19,,20056.0,20056.0,220,Adulto Mayor
1167,53046684,Concepcion,Coronel,20037.0,L2,V1,2026-07-19 09:50:38,2026-07-19 10:47:28,CC→CW,2026-07-19,,20037.0,20037.0,440,Adulto Mayor
1168,53047047,Cristo Redentor,Huinca,20058.0,L2,V1,2026-07-19 12:33:59,2026-07-19 12:38:33,CW→CC,2026-07-19,,20058.0,20058.0,220,Adulto Mayor
1169,53047047,Huinca,Laguna Quinenco,20071.0,L2,V1,2026-07-19 17:13:17,2026-07-19 17:20:37,CC→CW,2026-07-19,,20071.0,20071.0,230,Adulto Mayor
1170,53047047,Laguna Quinenco,Huinca,20166.0,L2,V1,2026-07-19 19:02:16,2026-07-19 19:24:17,CW→CC,2026-07-19,,20166.0,20166.0,230,Adulto Mayor
1171,53047047,Huinca,Cristo Redentor,20171.0,L2,V1,2026-07-19 21:25:50,2026-07-19 21:36:18,CC→CW,2026-07-19,,20171.0,20171.0,220,Adulto Mayor
1172,53047120,Hito Galvarino,Cristo Redentor,20157.0,L2,V1,2026-07-19 17:55:14,2026-07-19 18:07:05,CC→CW,2026-07-19,,20157.0,20157.0,0,Otros
1173,53047121,Coronel,Cdal. Raul Silva Henriquez,20050.0,L2,V1,2026-07-19 10:53:52,2026-07-19 11:20:21,CW→CC,2026-07-19,,20050.0,20050.0,0,Discapacitado
1174,53047133,Costa Mar,Concepcion,20156.0,L2,V1,2026-07-19 09:45:44,2026-07-19 10:22:17,CW→CC,2026-07-19,,20156.0,20156.0,290,Adulto Mayor
1175,53047396,Huinca,Concepcion,20044.0,L2,V1,2026-07-19 09:51:57,2026-07-19 10:48:05,CW→CC,2026-07-19,,20044.0,20040.0,0,Discapacitado
1176,53047438,Cristo Redentor,El Parque,20162.0,L2,V1,2026-07-19 18:12:19,2026-07-19 18:41:31,CW→CC,2026-07-19,,20162.0,20162.0,320,Adulto Mayor
1177,53047458,Coronel,Concepcion,20058.0,L2,V1,2026-07-19 12:26:48,2026-07-19 13:19:32,CW→CC,2026-07-19,,20058.0,20058.0,440,Adulto Mayor
1178,53047458,Concepcion,Coronel,20171.0,L2,V1,2026-07-19 20:55:34,2026-07-19 21:42:04,CC→CW,2026-07-19,,20171.0,20171.0,440,Adulto Mayor
1179,53047479,Lomas Coloradas,Coronel,20157.0,L2,V1,2026-07-19 17:44:58,2026-07-19 18:13:13,CC→CW,2026-07-19,,20157.0,20157.0,330,Adulto Mayor
1180,53047518,Los Canelos,Juan Pablo II,20152.0,L2,V1,2026-07-19 08:37:30,2026-07-19 09:06:37,CW→CC,2026-07-19,,20152.0,20152.0,330,Adulto Mayor
1181,53047518,Lomas Coloradas,Los Canelos,20161.0,L2,V1,2026-07-19 18:52:43,2026-07-19 19:32:07,CC→CW,2026-07-19,,20161.0,20161.0,310,Adulto Mayor
1182,53047608,Cristo Redentor,Los Canelos,20162.0,L2,V1,2026-07-19 18:10:42,2026-07-19 18:26:16,CW→CC,2026-07-19,,20162.0,20162.0,230,Adulto Mayor
1183,53047608,Los Canelos,Cristo Redentor,20167.0,L2,V1,2026-07-19 20:29:01,2026-07-19 20:38:13,CC→CW,2026-07-19,,20167.0,20167.0,230,Adulto Mayor
1184,53047627,Concepcion,Los Canelos,20149.0,L2,V1,2026-07-19 08:13:14,2026-07-19 09:02:18,CC→CW,2026-07-19,,20149.0,20149.0,430,Adulto Mayor
1185,53047651,Coronel,Los Canelos,20162.0,L2,V1,2026-07-19 18:12:14,2026-07-19 18:26:32,CW→CC,2026-07-19,,20162.0,20162.0,530,Monedero
1186,53047785,Lomas Coloradas,Huinca,20041.0,L2,V1,2026-07-19 10:30:56,2026-07-19 11:05:05,CC→CW,2026-07-19,,20041.0,20037.0,320,Adulto Mayor
1187,53047804,Concepcion,Juan Pablo II,20149.0,L2,V1,2026-07-19 08:27:23,2026-07-19 08:36:50,CC→CW,2026-07-19,,20149.0,20149.0,290,Adulto Mayor
1188,53047804,Juan Pablo II,Concepcion,20162.0,L2,V1,2026-07-19 18:45:38,2026-07-19 18:57:29,CW→CC,2026-07-19,,20162.0,20162.0,290,Adulto Mayor
1189,53047827,Lomas Coloradas,Concepcion,20162.0,L2,V1,2026-07-19 18:36:31,2026-07-19 18:58:05,CW→CC,2026-07-19,,20162.0,20162.0,0,Discapacitado
1190,53048190,Laguna Quinenco,Concepcion,20162.0,L2,V1,2026-07-19 18:14:40,2026-07-19 18:57:43,CW→CC,2026-07-19,,20162.0,20162.0,440,Adulto Mayor
1191,53048223,Huinca,Concepcion,20152.0,L2,V1,2026-07-19 08:27:12,2026-07-19 09:14:54,CW→CC,2026-07-19,,20152.0,20152.0,430,Adulto Mayor
1192,53048223,Concepcion,Huinca,20051.0,L2,V1,2026-07-19 11:47:20,2026-07-19 12:44:55,CC→CW,2026-07-19,,20051.0,20051.0,430,Adulto Mayor
1193,53048235,Huinca,Laguna Quinenco,20071.0,L2,V1,2026-07-19 17:08:58,2026-07-19 17:20:11,CC→CW,2026-07-19,,20071.0,20071.0,230,Adulto Mayor
1194,53048258,Cristo Redentor,El Parque,20068.0,L2,V1,2026-07-19 15:21:48,2026-07-19 16:01:47,CW→CC,2026-07-19,,20068.0,20068.0,320,Adulto Mayor
1195,53048258,El Parque,Cristo Redentor,20157.0,L2,V1,2026-07-19 17:27:31,2026-07-19 18:07:29,CC→CW,2026-07-19,,20157.0,20157.0,320,Adulto Mayor
1196,53048648,Huinca,Concepcion,20040.0,L2,V1,2026-07-19 09:34:49,2026-07-19 10:22:30,CW→CC,2026-07-19,,20040.0,20040.0,430,Adulto Mayor
1197,53048804,Concepcion,Coronel,20051.0,L2,V1,2026-07-19 11:40:53,2026-07-19 12:26:34,CC→CW,2026-07-19,,20051.0,,440,Adulto Mayor
1198,53048804,Coronel,Juan Pablo II,20170.0,L2,V1,2026-07-19 20:05:55,2026-07-19 20:51:04,CW→CC,2026-07-19,,20170.0,20170.0,400,Adulto Mayor
1199,53048919,Laguna Quinenco,Coronel,20059.0,L2,V1,2026-07-19 13:52:52,2026-07-19 14:01:33,CC→CW,2026-07-19,,20059.0,20059.0,220,Adulto Mayor
1200,53049024,Cdal. Raul Silva Henriquez,Concepcion,20040.0,L2,V1,2026-07-19 09:45:49,2026-07-19 10:22:34,CW→CC,2026-07-19,,20040.0,20040.0,290,Adulto Mayor
1201,53049024,Concepcion,Cdal. Raul Silva Henriquez,20063.0,L2,V1,2026-07-19 14:05:01,2026-07-19 14:57:29,CC→CW,2026-07-19,,20063.0,20063.0,290,Adulto Mayor
1202,53049061,Concepcion,Huinca,20153.0,L2,V1,2026-07-19 08:43:22,2026-07-19 09:50:03,CC→CW,2026-07-19,,20153.0,20153.0,430,Adulto Mayor
1203,53049091,Huinca,Concepcion,20044.0,L2,V1,2026-07-19 09:52:07,2026-07-19 10:47:58,CW→CC,2026-07-19,,20044.0,20040.0,430,Adulto Mayor
1204,53049106,Los Canelos,Costa Mar,20044.0,L2,V1,2026-07-19 10:13:34,2026-07-19 10:34:13,CW→CC,2026-07-19,,20044.0,20044.0,310,Adulto Mayor
1205,53049106,Cdal. Raul Silva Henriquez,Los Canelos,20059.0,L2,V1,2026-07-19 13:22:13,2026-07-19 13:50:53,CC→CW,2026-07-19,,20059.0,20059.0,310,Adulto Mayor
1206,53049140,Concepcion,Los Canelos,20149.0,L2,V1,2026-07-19 08:21:21,2026-07-19 09:02:17,CC→CW,2026-07-19,,20149.0,20149.0,430,Adulto Mayor
1207,53049142,Cdal. Raul Silva Henriquez,Los Canelos,20153.0,L2,V1,2026-07-19 09:31:33,2026-07-19 09:46:34,CC→CW,2026-07-19,,20153.0,20153.0,310,Adulto Mayor
1208,53049157,Coronel,Concepcion,20180.0,L2,V1,2026-07-19 16:38:46,2026-07-19 17:29:13,CW→CC,2026-07-19,,20180.0,20180.0,440,Adulto Mayor
1209,53049263,Los Canelos,Concepcion,20044.0,L2,V1,2026-07-19 10:10:01,2026-07-19 10:55:47,CW→CC,2026-07-19,,20044.0,20044.0,430,Adulto Mayor
1210,53049263,Concepcion,Los Canelos,20059.0,L2,V1,2026-07-19 12:53:32,2026-07-19 13:51:26,CC→CW,2026-07-19,,20059.0,20059.0,430,Adulto Mayor
1211,53049364,Concepcion,Cristo Redentor,20071.0,L2,V1,2026-07-19 16:29:26,2026-07-19 17:17:02,CC→CW,2026-07-19,,20071.0,20071.0,430,Adulto Mayor
1212,53049416,Concepcion,Laguna Quinenco,20163.0,L2,V1,2026-07-19 18:52:05,2026-07-19 19:39:58,CC→CW,2026-07-19,,20163.0,20163.0,440,Adulto Mayor
1213,53049421,Concepcion,Los Canelos,20153.0,L2,V1,2026-07-19 09:07:00,2026-07-19 09:47:11,CC→CW,2026-07-19,,20153.0,20153.0,430,Adulto Mayor
1214,53049678,Juan Pablo II,Cristo Redentor,20167.0,L2,V1,2026-07-19 19:15:46,2026-07-19 20:36:55,CC→CW,2026-07-19,,20167.0,20167.0,340,Adulto Mayor
1215,53049722,Los Canelos,Diagonal Bio Bio,20160.0,L2,V1,2026-07-19 17:51:27,2026-07-19 18:17:52,CW→CC,2026-07-19,,20160.0,20160.0,330,Adulto Mayor
1216,53049740,Huinca,Laguna Quinenco,20041.0,L2,V1,2026-07-19 11:03:39,2026-07-19 11:09:46,CC→CW,2026-07-19,,20041.0,20041.0,0,Discapacitado
1217,53049756,Concepcion,Costa Mar,20059.0,L2,V1,2026-07-19 12:04:48,2026-07-19 13:33:25,CC→CW,2026-07-19,combo_por_entrada,20059.0,20059.0,0,Otros
1218,53049792,Costa Mar,Cristo Redentor,20161.0,L2,V1,2026-07-19 18:20:47,2026-07-19 19:06:51,CC→CW,2026-07-19,,20161.0,20161.0,0,Discapacitado
1219,53049800,Costa Mar,Concepcion,20152.0,L2,V1,2026-07-19 08:56:13,2026-07-19 09:13:29,CW→CC,2026-07-19,,20152.0,20152.0,0,Discapacitado
1220,53049800,Concepcion,Costa Mar,20059.0,L2,V1,2026-07-19 12:53:48,2026-07-19 13:32:56,CC→CW,2026-07-19,,20059.0,20059.0,0,Discapacitado
1221,53049825,Concepcion,Higueras,20846.0,L1,V1,2026-07-19 17:01:57,2026-07-19 17:52:38,HQ→TH,2026-07-19,combo_por_entrada,20846.0,20846.0,0,Otros
1222,53049876,Los Canelos,Laguna Quinenco,20071.0,L2,V1,2026-07-19 16:55:52,2026-07-19 17:19:19,CC→CW,2026-07-19,,20071.0,20071.0,0,Discapacitado
1223,53049876,Laguna Quinenco,Cristo Redentor,20160.0,L2,V1,2026-07-19 17:23:23,2026-07-19 17:50:43,CW→CC,2026-07-19,,20160.0,20160.0,0,Discapacitado
1224,53049876,Cristo Redentor,Los Canelos,20166.0,L2,V1,2026-07-19 19:15:28,2026-07-19 19:26:37,CW→CC,2026-07-19,,20166.0,20166.0,0,Discapacitado
1225,53049882,Laguna Quinenco,Cristo Redentor,20040.0,L2,V1,2026-07-19 09:31:42,2026-07-19 09:46:21,CW→CC,2026-07-19,,20040.0,20040.0,230,Adulto Mayor
1226,53049882,Cristo Redentor,Laguna Quinenco,20051.0,L2,V1,2026-07-19 12:15:59,2026-07-19 12:24:11,CC→CW,2026-07-19,,20051.0,20051.0,230,Adulto Mayor
1227,53050002,Higueras,Chiguayante,20859.0,L1,V1,2026-07-19 12:36:11,2026-07-19 13:10:46,TH→HQ,2026-07-19,,20859.0,20859.0,270,Adulto Mayor
1228,53050012,Concepcion,Lomas Coloradas,20059.0,L2,V1,2026-07-19 12:58:47,2026-07-19 13:39:28,CC→CW,2026-07-19,,20059.0,20059.0,290,Adulto Mayor
1229,53050016,Cdal. Raul Silva Henriquez,Concepcion,20044.0,L2,V1,2026-07-19 10:19:45,2026-07-19 10:56:09,CW→CC,2026-07-19,,20044.0,20044.0,290,Adulto Mayor
1230,53050016,Cdal. Raul Silva Henriquez,Concepcion,20044.0,L2,V1,2026-07-19 10:19:52,2026-07-19 10:56:17,CW→CC,2026-07-19,,20044.0,20044.0,570,Monedero
1231,53050016,Concepcion,Cdal. Raul Silva Henriquez,20053.0,L2,V1,2026-07-19 11:59:33,2026-07-19 12:33:23,CC→CW,2026-07-19,,20053.0,20053.0,290,Adulto Mayor
1232,53050016,Concepcion,Cdal. Raul Silva Henriquez,20053.0,L2,V1,2026-07-19 11:59:41,2026-07-19 12:33:32,CC→CW,2026-07-19,,20053.0,20053.0,570,Monedero
1233,53050070,Los Canelos,Juan Pablo II,20052.0,L2,V1,2026-07-19 11:27:26,2026-07-19 11:56:24,CW→CC,2026-07-19,,20052.0,20051.0,330,Adulto Mayor
1234,53050077,Juan Pablo II,Laguna Quinenco,20063.0,L2,V1,2026-07-19 14:36:32,2026-07-19 15:16:34,CC→CW,2026-07-19,,20063.0,20063.0,400,Adulto Mayor
1235,53050253,Los Canelos,Lomas Coloradas,20050.0,L2,V1,2026-07-19 11:08:16,2026-07-19 11:24:06,CW→CC,2026-07-19,,20050.0,20050.0,0,Discapacitado
1236,53050253,Lomas Coloradas,Los Canelos,20167.0,L2,V1,2026-07-19 20:18:23,2026-07-19 20:33:13,CC→CW,2026-07-19,,20167.0,20167.0,0,Discapacitado
1237,53050269,Cdal. Raul Silva Henriquez,Concepcion,20062.0,L2,V1,2026-07-19 14:03:21,2026-07-19 14:35:27,CW→CC,2026-07-19,,20062.0,20062.0,0,Discapacitado
1238,53050333,Concepcion,Hualqui,20845.0,L1,V1,2026-07-19 16:17:45,2026-07-19 17:01:14,TH→HQ,2026-07-19,,20845.0,20845.0,280,Adulto Mayor
1239,53050351,Lomas Coloradas,Concepcion,20068.0,L2,V1,2026-07-19 15:44:11,2026-07-19 16:18:09,CW→CC,2026-07-19,,20068.0,20068.0,290,Adulto Mayor
1240,53050351,Concepcion,Lomas Coloradas,20167.0,L2,V1,2026-07-19 19:40:07,2026-07-19 20:19:51,CC→CW,2026-07-19,,20167.0,20167.0,570,Monedero
1241,53050433,Coronel,Cristo Redentor,20152.0,L2,V1,2026-07-19 08:23:09,2026-07-19 08:36:54,CW→CC,2026-07-19,,20152.0,20152.0,0,Discapacitado
1242,53050433,Cristo Redentor,Costa Mar,20052.0,L2,V1,2026-07-19 11:21:12,2026-07-19 11:48:40,CW→CC,2026-07-19,,20052.0,20052.0,0,Discapacitado
1243,53050467,Alborada,Concepcion,20050.0,L2,V1,2026-07-19 11:26:10,2026-07-19 11:42:53,CW→CC,2026-07-19,,20050.0,20050.0,0,Otros
1244,53050467,Concepcion,Alborada,20163.0,L2,V1,2026-07-19 18:50:44,2026-07-19 19:12:26,CC→CW,2026-07-19,,20163.0,20163.0,0,Otros
1245,53050667,Coronel,Lomas Coloradas,20056.0,L2,V1,2026-07-19 12:05:16,2026-07-19 12:38:59,CW→CC,2026-07-19,,20056.0,20056.0,0,Discapacitado
1246,53050667,Lomas Coloradas,Laguna Quinenco,20059.0,L2,V1,2026-07-19 13:05:17,2026-07-19 13:58:00,CC→CW,2026-07-19,,20059.0,20059.0,0,Discapacitado
1247,53050716,Cdal. Raul Silva Henriquez,Laguna Quinenco,20059.0,L2,V1,2026-07-19 13:39:21,2026-07-19 13:57:45,CC→CW,2026-07-19,,20059.0,20059.0,330,Adulto Mayor
1248,53050716,Laguna Quinenco,Cdal. Raul Silva Henriquez,20162.0,L2,V1,2026-07-19 18:09:28,2026-07-19 18:35:14,CW→CC,2026-07-19,,20162.0,20162.0,330,Adulto Mayor
1249,53050723,Lomas Coloradas,Concepcion,20044.0,L2,V1,2026-07-19 10:14:41,2026-07-19 10:48:26,CW→CC,2026-07-19,,20044.0,20044.0,290,Adulto Mayor
1250,53050736,Laguna Quinenco,Juan Pablo II,20050.0,L2,V1,2026-07-19 10:52:18,2026-07-19 11:36:17,CW→CC,2026-07-19,,20050.0,20050.0,400,Adulto Mayor
1251,53050775,Costa Mar,El Parque,20041.0,L2,V1,2026-07-19 10:35:52,2026-07-19 10:47:05,CC→CW,2026-07-19,,20041.0,20041.0,220,Adulto Mayor
1252,53050832,Costa Mar,Los Canelos,20167.0,L2,V1,2026-07-19 20:01:33,2026-07-19 20:32:53,CC→CW,2026-07-19,,20167.0,20167.0,310,Adulto Mayor
1253,53050859,Coronel,Alborada,20162.0,L2,V1,2026-07-19 18:01:45,2026-07-19 18:45:48,CW→CC,2026-07-19,,20162.0,20162.0,400,Adulto Mayor
1254,53050886,Cdal. Raul Silva Henriquez,Los Canelos,20051.0,L2,V1,2026-07-19 11:59:55,2026-07-19 12:16:48,CC→CW,2026-07-19,,20051.0,20051.0,0,Discapacitado
1255,53050912,Hito Galvarino,Costa Mar,20180.0,L2,V1,2026-07-19 16:52:59,2026-07-19 17:14:21,CW→CC,2026-07-19,,20180.0,20180.0,0,Discapacitado
1256,53051017,Hito Galvarino,Concepcion,20062.0,L2,V1,2026-07-19 13:44:12,2026-07-19 14:35:10,CW→CC,2026-07-19,,20062.0,20062.0,430,Adulto Mayor
1257,53051017,Concepcion,Hito Galvarino,20163.0,L2,V1,2026-07-19 18:46:57,2026-07-19 19:29:11,CC→CW,2026-07-19,,20163.0,20163.0,430,Adulto Mayor
1258,53051037,Concepcion,Diagonal Bio Bio,20163.0,L2,V1,2026-07-19 18:41:08,2026-07-19 19:09:13,CC→CW,2026-07-19,,20163.0,20163.0,290,Adulto Mayor
1259,53051180,Concepcion,Costa Mar,20171.0,L2,V1,2026-07-19 20:44:31,2026-07-19 21:15:20,CC→CW,2026-07-19,,20171.0,20171.0,0,Discapacitado
1260,53051219,Concepcion,Costa Mar,20059.0,L2,V1,2026-07-19 13:03:47,2026-07-19 13:33:06,CC→CW,2026-07-19,,20059.0,20059.0,0,Discapacitado
1261,53051230,Lomas Coloradas,Huinca,20163.0,L2,V1,2026-07-19 19:08:14,2026-07-19 19:35:13,CC→CW,2026-07-19,,20163.0,20163.0,320,Adulto Mayor
1262,53051267,Huinca,Alborada,20162.0,L2,V1,2026-07-19 18:19:11,2026-07-19 18:45:27,CW→CC,2026-07-19,,20162.0,20162.0,340,Adulto Mayor
1263,53051275,Laguna Quinenco,Lomas Coloradas,20062.0,L2,V1,2026-07-19 13:34:02,2026-07-19 14:13:47,CW→CC,2026-07-19,,20062.0,20062.0,330,Adulto Mayor
1264,53051399,Lomas Coloradas,Hito Galvarino,20161.0,L2,V1,2026-07-19 18:45:21,2026-07-19 18:58:47,CC→CW,2026-07-19,,20161.0,20161.0,310,Adulto Mayor
1265,53051427,Los Canelos,El Parque,20056.0,L2,V1,2026-07-19 11:56:49,2026-07-19 12:41:34,CW→CC,2026-07-19,,20056.0,20056.0,310,Adulto Mayor
1266,53051427,El Parque,Laguna Quinenco,20059.0,L2,V1,2026-07-19 13:27:19,2026-07-19 13:58:04,CC→CW,2026-07-19,,20059.0,20059.0,330,Adulto Mayor
1267,53051427,Laguna Quinenco,Los Canelos,20066.0,L2,V1,2026-07-19 14:41:01,2026-07-19 14:56:23,CW→CC,2026-07-19,,20066.0,20066.0,270,Adulto Mayor
1268,53051435,Juan Pablo II,Costa Mar,20041.0,L2,V1,2026-07-19 10:34:38,2026-07-19 10:43:57,CC→CW,2026-07-19,,20041.0,20041.0,260,Adulto Mayor
1269,53051435,Costa Mar,Juan Pablo II,20056.0,L2,V1,2026-07-19 12:30:55,2026-07-19 12:51:11,CW→CC,2026-07-19,,20056.0,20056.0,260,Adulto Mayor
1270,53051512,Cdal. Raul Silva Henriquez,Concepcion,20056.0,L2,V1,2026-07-19 12:37:43,2026-07-19 13:14:10,CW→CC,2026-07-19,,20056.0,20056.0,290,Adulto Mayor
1271,53051613,Coronel,Costa Mar,20152.0,L2,V1,2026-07-19 08:21:08,2026-07-19 08:59:51,CW→CC,2026-07-19,,20152.0,20152.0,330,Adulto Mayor
1272,53051615,Juan Pablo II,Cristo Redentor,20161.0,L2,V1,2026-07-19 18:35:56,2026-07-19 19:07:42,CC→CW,2026-07-19,,20161.0,20161.0,340,Adulto Mayor
1273,53051672,Los Canelos,Concepcion,20062.0,L2,V1,2026-07-19 13:44:04,2026-07-19 14:32:26,CW→CC,2026-07-19,,20062.0,20062.0,430,Adulto Mayor
1274,53051763,Laguna Quinenco,Concepcion,20170.0,L2,V1,2026-07-19 20:03:34,2026-07-19 20:58:35,CW→CC,2026-07-19,,20170.0,20170.0,440,Adulto Mayor
1275,53051832,Cdal. Raul Silva Henriquez,Laguna Quinenco,20149.0,L2,V1,2026-07-19 08:51:35,2026-07-19 09:09:25,CC→CW,2026-07-19,,20149.0,20149.0,330,Adulto Mayor
1276,53051832,Laguna Quinenco,Cdal. Raul Silva Henriquez,20044.0,L2,V1,2026-07-19 09:53:14,2026-07-19 10:24:19,CW→CC,2026-07-19,,20044.0,,330,Adulto Mayor
1277,53051839,Huinca,Concepcion,20050.0,L2,V1,2026-07-19 10:55:01,2026-07-19 11:42:28,CW→CC,2026-07-19,,20050.0,20050.0,430,Adulto Mayor
1278,53051839,Concepcion,Huinca,20071.0,L2,V1,2026-07-19 16:36:28,2026-07-19 17:16:16,CC→CW,2026-07-19,,20071.0,20071.0,430,Adulto Mayor
1279,53052008,Los Canelos,Cristo Redentor,20071.0,L2,V1,2026-07-19 17:01:40,2026-07-19 17:18:05,CC→CW,2026-07-19,,20071.0,20071.0,0,Discapacitado
1280,53052053,Los Canelos,Concepcion,20062.0,L2,V1,2026-07-19 13:58:56,2026-07-19 14:32:47,CW→CC,2026-07-19,,20062.0,20062.0,430,Adulto Mayor
1281,53052115,Coronel,Concepcion,20162.0,L2,V1,2026-07-19 18:09:21,2026-07-19 18:58:13,CW→CC,2026-07-19,,20162.0,20162.0,440,Adulto Mayor
1282,53052189,Cdal. Raul Silva Henriquez,Alborada,20050.0,L2,V1,2026-07-19 11:16:29,2026-07-19 11:30:46,CW→CC,2026-07-19,,20050.0,20050.0,260,Adulto Mayor
1283,53052189,Alborada,Cdal. Raul Silva Henriquez,20059.0,L2,V1,2026-07-19 13:23:19,2026-07-19 13:41:20,CC→CW,2026-07-19,,20059.0,20059.0,260,Adulto Mayor
1284,53052189,Cdal. Raul Silva Henriquez,Concepcion,20068.0,L2,V1,2026-07-19 15:51:34,2026-07-19 16:17:25,CW→CC,2026-07-19,,20068.0,20068.0,290,Adulto Mayor
1285,53052189,Concepcion,Cdal. Raul Silva Henriquez,20161.0,L2,V1,2026-07-19 18:10:49,2026-07-19 18:53:25,CC→CW,2026-07-19,,20161.0,20161.0,290,Adulto Mayor
1286,53052229,Cristo Redentor,Coronel,20161.0,L2,V1,2026-07-19 18:25:57,2026-07-19 19:13:47,CC→CW,2026-07-19,,20161.0,20161.0,0,Discapacitado
1287,53052240,Coronel,Huinca,20170.0,L2,V1,2026-07-19 20:10:09,2026-07-19 20:24:02,CW→CC,2026-07-19,,20170.0,20170.0,0,Discapacitado
1288,53052248,Huinca,Hito Galvarino,20062.0,L2,V1,2026-07-19 13:53:46,2026-07-19 14:05:13,CW→CC,2026-07-19,,20062.0,20062.0,0,Discapacitado
1289,53052248,Concepcion,Huinca,20163.0,L2,V1,2026-07-19 18:45:26,2026-07-19 19:34:52,CC→CW,2026-07-19,,20163.0,20163.0,0,Discapacitado
1290,53052265,Concepcion,Coronel,20067.0,L2,V1,2026-07-19 15:07:01,2026-07-19 16:14:20,CC→CW,2026-07-19,,20067.0,20067.0,0,Discapacitado
1291,53052339,Concepcion,Laguna Quinenco,20149.0,L2,V1,2026-07-19 08:22:20,2026-07-19 09:08:58,CC→CW,2026-07-19,,20149.0,20149.0,0,Discapacitado
1292,53052339,Laguna Quinenco,Concepcion,20170.0,L2,V1,2026-07-19 19:42:19,2026-07-19 21:00:08,CW→CC,2026-07-19,,20170.0,20170.0,0,Discapacitado
1293,53052439,Huinca,Concepcion,20044.0,L2,V1,2026-07-19 09:52:09,2026-07-19 10:48:05,CW→CC,2026-07-19,,20044.0,20040.0,430,Adulto Mayor
1294,53052476,Concepcion,Higueras,20848.0,L1,V1,2026-07-19 20:05:24,2026-07-19 21:19:48,HQ→TH,2026-07-19,combo_por_entrada,20848.0,20848.0,300,Adulto Mayor
1295,53052555,Pedro Medina,UTF Santa Maria,20846.0,L1,V1,2026-07-19 17:09:08,2026-07-19 17:45:10,HQ→TH,2026-07-19,,20846.0,20846.0,270,Adulto Mayor
1296,53052564,Cdal. Raul Silva Henriquez,Concepcion,20050.0,L2,V1,2026-07-19 11:17:14,2026-07-19 11:43:54,CW→CC,2026-07-19,,20050.0,20050.0,290,Adulto Mayor
1297,53052564,Concepcion,Concepcion,,,,2026-07-19 13:27:32,2026-07-19 13:32:53,,2026-07-19,no viajo,,,210,Adulto Mayor
1298,53052564,Concepcion,Cdal. Raul Silva Henriquez,20063.0,L2,V1,2026-07-19 14:03:44,2026-07-19 14:57:20,CC→CW,2026-07-19,,20063.0,20063.0,290,Adulto Mayor
1299,53052617,Concepcion,Cristo Redentor,20059.0,L2,V1,2026-07-19 12:33:36,2026-07-19 13:55:25,CC→CW,2026-07-19,,20059.0,20059.0,0,Discapacitado
1300,53052636,Concepcion,Huinca,20071.0,L2,V1,2026-07-19 16:13:31,2026-07-19 17:15:28,CC→CW,2026-07-19,,20071.0,20071.0,430,Adulto Mayor
1301,53052682,El Parque,Diagonal Bio Bio,20066.0,L2,V1,2026-07-19 15:08:35,2026-07-19 15:19:33,CW→CC,2026-07-19,,20066.0,20066.0,260,Adulto Mayor
1302,53055461,Coronel,Cristo Redentor,20180.0,L2,V1,2026-07-19 16:37:38,2026-07-19 16:51:43,CW→CC,2026-07-19,,20180.0,20180.0,230,Adulto Mayor
1303,53055468,Laguna Quinenco,Juan Pablo II,20162.0,L2,V1,2026-07-19 18:17:28,2026-07-19 18:51:18,CW→CC,2026-07-19,,20162.0,20162.0,400,Adulto Mayor
1304,53055770,Hualqui,Higueras,20846.0,L1,V1,2026-07-19 16:51:11,2026-07-19 17:51:41,HQ→TH,2026-07-19,,20846.0,20846.0,280,Adulto Mayor
1305,53055773,Concepcion,Higueras,20850.0,L1,V1,2026-07-19 09:28:49,2026-07-19 10:16:09,HQ→TH,2026-07-19,combo_por_entrada,20850.0,20850.0,300,Adulto Mayor
1306,53056327,Cristo Redentor,Diagonal Bio Bio,20068.0,L2,V1,2026-07-19 15:38:31,2026-07-19 16:08:11,CW→CC,2026-07-19,,20068.0,20068.0,340,Adulto Mayor
1307,53056327,Diagonal Bio Bio,Cristo Redentor,20071.0,L2,V1,2026-07-19 16:35:33,2026-07-19 17:16:38,CC→CW,2026-07-19,,20071.0,20071.0,340,Adulto Mayor
1308,54224454,El Parque,Cdal. Raul Silva Henriquez,20063.0,L2,V1,2026-07-19 14:43:50,2026-07-19 14:57:14,CC→CW,2026-07-19,,20063.0,20063.0,430,Monedero
1309,54225327,Concepcion,Los Condores,20848.0,L1,V1,2026-07-19 20:58:01,2026-07-19 21:17:36,HQ→TH,2026-07-19,,20848.0,20848.0,500,Monedero
1310,54228404,Concepcion,Hito Galvarino,20063.0,L2,V1,2026-07-19 14:29:51,2026-07-19 15:05:26,CC→CW,2026-07-19,,20063.0,20063.0,850,Monedero
1311,54228404,Concepcion,Hito Galvarino,20063.0,L2,V1,2026-07-19 14:30:16,2026-07-19 15:05:07,CC→CW,2026-07-19,,20063.0,20063.0,850,Monedero
1312,54228416,Los Canelos,Laguna Quinenco,20067.0,L2,V1,2026-07-19 15:55:23,2026-07-19 16:11:21,CC→CW,2026-07-19,,20067.0,20067.0,530,Monedero
1313,54228416,Laguna Quinenco,Los Canelos,20170.0,L2,V1,2026-07-19 20:06:44,2026-07-19 20:25:40,CW→CC,2026-07-19,,20170.0,20170.0,530,Monedero
1314,54229202,Cristo Redentor,Costa Mar,20166.0,L2,V1,2026-07-19 19:17:54,2026-07-19 19:44:49,CW→CC,2026-07-19,,20166.0,20166.0,630,Monedero
1315,54229236,Cristo Redentor,Laguna Quinenco,20063.0,L2,V1,2026-07-19 15:03:27,2026-07-19 15:13:58,CC→CW,2026-07-19,,20063.0,20063.0,450,Monedero
1316,54230072,Laguna Quinenco,Cristo Redentor,20166.0,L2,V1,2026-07-19 19:02:13,2026-07-19 19:22:12,CW→CC,2026-07-19,,20166.0,20166.0,450,Monedero
1317,54230170,Laguna Quinenco,Cristo Redentor,20170.0,L2,V1,2026-07-19 20:03:15,2026-07-19 20:21:51,CW→CC,2026-07-19,,20170.0,20170.0,450,Monedero
1318,54231798,El Parque,Concepcion,20052.0,L2,V1,2026-07-19 11:42:03,2026-07-19 12:17:29,CW→CC,2026-07-19,,20052.0,20052.0,570,Monedero
1319,54234163,Concepcion,Alborada,20171.0,L2,V1,2026-07-19 20:53:52,2026-07-19 21:14:09,CC→CW,2026-07-19,,20171.0,20171.0,570,Monedero
1320,54236403,Cdal. Raul Silva Henriquez,El Parque,20056.0,L2,V1,2026-07-19 12:24:06,2026-07-19 12:41:38,CW→CC,2026-07-19,,20056.0,20056.0,430,Monedero
1321,54236596,El Parque,Los Canelos,20063.0,L2,V1,2026-07-19 14:44:57,2026-07-19 15:07:20,CC→CW,2026-07-19,,20063.0,20063.0,610,Monedero
1322,54237324,Hito Galvarino,El Parque,20052.0,L2,V1,2026-07-19 11:32:00,2026-07-19 11:47:43,CW→CC,2026-07-19,,20052.0,20052.0,610,Monedero
1323,54237911,Laguna Quinenco,Concepcion,20058.0,L2,V1,2026-07-19 12:25:34,2026-07-19 13:14:51,CW→CC,2026-07-19,,20058.0,20056.0,880,Monedero
1324,54238398,Cristo Redentor,Hito Galvarino,20058.0,L2,V1,2026-07-19 12:26:54,2026-07-19 12:43:17,CW→CC,2026-07-19,,20058.0,20056.0,460,Monedero
1325,54238851,Concepcion,Coronel,20163.0,L2,V1,2026-07-19 18:39:52,2026-07-19 19:42:25,CC→CW,2026-07-19,,20163.0,20163.0,880,Monedero
1326,54239432,Concepcion,Los Canelos,20171.0,L2,V1,2026-07-19 20:34:48,2026-07-19 21:33:08,CC→CW,2026-07-19,,20171.0,20171.0,850,Monedero
1327,54239603,Diagonal Bio Bio,Coronel,20161.0,L2,V1,2026-07-19 18:36:55,2026-07-19 19:12:36,CC→CW,2026-07-19,,20161.0,20161.0,790,Monedero
1328,54239803,Huinca,Costa Mar,20160.0,L2,V1,2026-07-19 17:35:18,2026-07-19 18:23:23,CW→CC,2026-07-19,,20160.0,20160.0,630,Monedero
1329,54246652,Hito Galvarino,Juan Pablo II,20056.0,L2,V1,2026-07-19 12:21:54,2026-07-19 12:51:24,CW→CC,2026-07-19,,20056.0,20056.0,650,Monedero
1330,54246652,Juan Pablo II,Hito Galvarino,20063.0,L2,V1,2026-07-19 14:15:55,2026-07-19 15:04:08,CC→CW,2026-07-19,,20063.0,20063.0,650,Monedero
1331,54246762,Cdal. Raul Silva Henriquez,Laguna Quinenco,20071.0,L2,V1,2026-07-19 16:51:21,2026-07-19 17:19:47,CC→CW,2026-07-19,,20071.0,20071.0,650,Monedero
1332,54246958,Huinca,Juan Pablo II,20068.0,L2,V1,2026-07-19 15:19:47,2026-07-19 16:10:48,CW→CC,2026-07-19,,20068.0,20068.0,680,Monedero
1333,54247604,Los Canelos,Concepcion,20044.0,L2,V1,2026-07-19 10:10:42,2026-07-19 10:47:54,CW→CC,2026-07-19,,20044.0,20044.0,850,Monedero
1334,54247604,Concepcion,Los Canelos,20157.0,L2,V1,2026-07-19 16:56:20,2026-07-19 18:02:32,CC→CW,2026-07-19,,20157.0,,850,Monedero
1335,54247681,Costa Mar,Cristo Redentor,20059.0,L2,V1,2026-07-19 13:24:27,2026-07-19 13:56:45,CC→CW,2026-07-19,,20059.0,20059.0,630,Monedero
1336,54247681,Huinca,Costa Mar,20162.0,L2,V1,2026-07-19 18:21:01,2026-07-19 18:43:40,CW→CC,2026-07-19,,20162.0,20162.0,630,Monedero
1337,54254946,Cristo Redentor,Los Canelos,20068.0,L2,V1,2026-07-19 15:40:16,2026-07-19 15:45:38,CW→CC,2026-07-19,,20068.0,20068.0,460,Monedero
1338,54259479,Concepcion,Hito Galvarino,20059.0,L2,V1,2026-07-19 12:58:33,2026-07-19 13:47:55,CC→CW,2026-07-19,,20059.0,20059.0,850,Monedero
1339,54259479,Hito Galvarino,Concepcion,20162.0,L2,V1,2026-07-19 18:19:40,2026-07-19 18:57:40,CW→CC,2026-07-19,,20162.0,20162.0,850,Monedero
1340,54259873,Concepcion,Coronel,20163.0,L2,V1,2026-07-19 18:55:40,2026-07-19 19:43:22,CC→CW,2026-07-19,,20163.0,20163.0,880,Monedero
1341,54260028,Concepcion,Los Canelos,20059.0,L2,V1,2026-07-19 13:03:55,2026-07-19 13:52:05,CC→CW,2026-07-19,,20059.0,20059.0,850,Monedero
1342,54263592,Huinca,Juan Pablo II,20058.0,L2,V1,2026-07-19 12:36:24,2026-07-19 13:06:08,CW→CC,2026-07-19,,20058.0,20058.0,680,Monedero
1343,54263592,Juan Pablo II,Huinca,20167.0,L2,V1,2026-07-19 19:50:04,2026-07-19 20:35:21,CC→CW,2026-07-19,,20167.0,20167.0,680,Monedero
1344,54269468,Cristo Redentor,Concepcion,20058.0,L2,V1,2026-07-19 12:31:26,2026-07-19 13:19:00,CW→CC,2026-07-19,,20058.0,20058.0,850,Monedero
1345,54269468,Cristo Redentor,Concepcion,20058.0,L2,V1,2026-07-19 12:31:34,2026-07-19 13:18:56,CW→CC,2026-07-19,,20058.0,20058.0,850,Monedero
1346,54269468,Concepcion,Cristo Redentor,20161.0,L2,V1,2026-07-19 18:16:26,2026-07-19 19:08:17,CC→CW,2026-07-19,,20161.0,20161.0,850,Monedero
1347,54269468,Concepcion,Cristo Redentor,20161.0,L2,V1,2026-07-19 18:16:31,2026-07-19 19:08:13,CC→CW,2026-07-19,,20161.0,20161.0,850,Monedero
1348,54270477,Concepcion,Laguna Quinenco,20037.0,L2,V1,2026-07-19 09:53:33,2026-07-19 10:44:10,CC→CW,2026-07-19,,20037.0,20037.0,880,Monedero
1349,54270477,Laguna Quinenco,Juan Pablo II,20052.0,L2,V1,2026-07-19 11:14:57,2026-07-19 11:56:36,CW→CC,2026-07-19,,20052.0,20051.0,790,Monedero
1350,54270763,Los Canelos,El Parque,20066.0,L2,V1,2026-07-19 14:49:11,2026-07-19 15:13:06,CW→CC,2026-07-19,,20066.0,20066.0,610,Monedero
1351,54270763,El Parque,Los Canelos,20071.0,L2,V1,2026-07-19 16:38:39,2026-07-19 17:13:08,CC→CW,2026-07-19,,20071.0,20071.0,610,Monedero
1352,54271770,Diagonal Bio Bio,Laguna Quinenco,20041.0,L2,V1,2026-07-19 10:36:51,2026-07-19 11:10:00,CC→CW,2026-07-19,,20041.0,20041.0,790,Monedero
1353,54279694,Concepcion,Chiguayante,20845.0,L1,V1,2026-07-19 15:29:24,2026-07-19 16:40:52,TH→HQ,2026-07-19,combo_por_entrada,20845.0,20068.0,910,Monedero
1354,54279694,Concepcion,Laguna Quinenco,20161.0,L2,V1,2026-07-19 17:07:20,2026-07-19 19:10:43,CC→CW,2026-07-19,combo_relajado_pase1,20161.0,20161.0,910,Monedero
1355,54284288,Concepcion,Lomas Coloradas,20049.0,L2,V1,2026-07-19 10:56:42,2026-07-19 11:50:30,CC→CW,2026-07-19,,20049.0,20049.0,570,Monedero
1356,54284288,Concepcion,Lomas Coloradas,20049.0,L2,V1,2026-07-19 10:56:52,2026-07-19 11:50:15,CC→CW,2026-07-19,,20049.0,20049.0,570,Monedero
1357,54288530,Laguna Quinenco,Costa Mar,20152.0,L2,V1,2026-07-19 08:28:05,2026-07-19 08:59:11,CW→CC,2026-07-19,,20152.0,20152.0,650,Monedero
1358,54288530,Costa Mar,Cristo Redentor,20167.0,L2,V1,2026-07-19 19:24:27,2026-07-19 20:37:01,CC→CW,2026-07-19,,20167.0,20167.0,630,Monedero
1359,54291437,Concepcion,Coronel,20053.0,L2,V1,2026-07-19 12:06:04,2026-07-19 12:55:38,CC→CW,2026-07-19,,20053.0,20053.0,880,Monedero
1360,54299278,Laguna Quinenco,Juan Pablo II,20156.0,L2,V1,2026-07-19 09:12:40,2026-07-19 09:50:59,CW→CC,2026-07-19,,20156.0,20156.0,790,Monedero
1361,54299278,Juan Pablo II,Laguna Quinenco,20167.0,L2,V1,2026-07-19 19:45:27,2026-07-19 20:40:46,CC→CW,2026-07-19,,20167.0,20167.0,790,Monedero
1362,54300437,Huinca,Lomas Coloradas,20162.0,L2,V1,2026-07-19 18:19:58,2026-07-19 18:38:54,CW→CC,2026-07-19,,20162.0,20162.0,630,Monedero
1363,54311351,Cdal. Raul Silva Henriquez,Juan Pablo II,20068.0,L2,V1,2026-07-19 15:48:10,2026-07-19 16:10:33,CW→CC,2026-07-19,,20068.0,20068.0,510,Monedero
1364,54311351,Concepcion,Cdal. Raul Silva Henriquez,20161.0,L2,V1,2026-07-19 18:27:55,2026-07-19 18:53:31,CC→CW,2026-07-19,,20161.0,20161.0,570,Monedero
1365,54313563,Cristo Redentor,Concepcion,20152.0,L2,V1,2026-07-19 08:16:59,2026-07-19 09:13:34,CW→CC,2026-07-19,,20152.0,20152.0,850,Monedero
1366,54315700,Lomas Coloradas,Juan Pablo II,20156.0,L2,V1,2026-07-19 09:36:28,2026-07-19 09:50:50,CW→CC,2026-07-19,,20156.0,20156.0,510,Monedero
1367,54315700,Juan Pablo II,Lomas Coloradas,20051.0,L2,V1,2026-07-19 11:47:01,2026-07-19 12:03:55,CC→CW,2026-07-19,,20051.0,20051.0,510,Monedero
1368,54315700,Lomas Coloradas,Juan Pablo II,20180.0,L2,V1,2026-07-19 16:59:31,2026-07-19 17:22:28,CW→CC,2026-07-19,,20180.0,20180.0,510,Monedero
1369,54316614,Concepcion,Cdal. Raul Silva Henriquez,20171.0,L2,V1,2026-07-19 20:47:18,2026-07-19 21:23:18,CC→CW,2026-07-19,,20171.0,20171.0,570,Monedero
1370,54317673,Concepcion,Hualqui,20847.0,L1,V1,2026-07-19 20:11:17,2026-07-19 21:02:33,TH→HQ,2026-07-19,,20847.0,20847.0,550,Monedero
1371,54318264,Laguna Quinenco,Concepcion,20062.0,L2,V1,2026-07-19 13:51:05,2026-07-19 14:33:10,CW→CC,2026-07-19,,20062.0,20062.0,880,Monedero
1372,54318264,Laguna Quinenco,Concepcion,20062.0,L2,V1,2026-07-19 13:51:10,2026-07-19 14:32:58,CW→CC,2026-07-19,,20062.0,20062.0,880,Monedero
1373,54318264,Concepcion,Laguna Quinenco,20161.0,L2,V1,2026-07-19 18:11:15,2026-07-19 19:10:43,CC→CW,2026-07-19,,20161.0,20161.0,880,Monedero
1374,54318264,Concepcion,Laguna Quinenco,20161.0,L2,V1,2026-07-19 18:11:22,2026-07-19 19:10:38,CC→CW,2026-07-19,,20161.0,20161.0,880,Monedero
1375,54320812,Hito Galvarino,Concepcion,20068.0,L2,V1,2026-07-19 15:37:11,2026-07-19 16:24:56,CW→CC,2026-07-19,,20068.0,20068.0,850,Monedero
1376,54320812,Concepcion,Hito Galvarino,20171.0,L2,V1,2026-07-19 20:25:12,2026-07-19 21:28:30,CC→CW,2026-07-19,,20171.0,20171.0,850,Monedero
1377,54322921,Lomas Coloradas,Concepcion,20180.0,L2,V1,2026-07-19 17:06:01,2026-07-19 17:29:19,CW→CC,2026-07-19,,20180.0,20180.0,570,Monedero
1378,54323450,Cristo Redentor,Lomas Coloradas,20040.0,L2,V1,2026-07-19 09:25:29,2026-07-19 10:04:01,CW→CC,2026-07-19,,20040.0,20156.0,630,Monedero
1379,54331000,Hito Galvarino,Coronel,20071.0,L2,V1,2026-07-19 16:58:01,2026-07-19 17:22:06,CC→CW,2026-07-19,,20071.0,20071.0,530,Monedero
1380,54339939,Coronel,Concepcion,20166.0,L2,V1,2026-07-19 19:12:41,2026-07-19 19:59:49,CW→CC,2026-07-19,,20166.0,20166.0,880,Monedero
1381,54342103,Lzo. Arenas,Chiguayante,20847.0,L1,V1,2026-07-19 20:07:29,2026-07-19 20:43:39,TH→HQ,2026-07-19,,20847.0,20847.0,510,Monedero
1382,54342776,Coronel,Los Canelos,20160.0,L2,V1,2026-07-19 17:18:32,2026-07-19 17:55:18,CW→CC,2026-07-19,,20160.0,20160.0,530,Monedero
1383,54400806,Los Canelos,Costa Mar,20166.0,L2,V1,2026-07-19 19:07:41,2026-07-19 19:44:18,CW→CC,2026-07-19,,20166.0,20166.0,610,Monedero
1384,54401136,Manquimavida,Concepcion,20850.0,L1,V1,2026-07-19 09:38:20,2026-07-19 09:59:23,HQ→TH,2026-07-19,,20850.0,20850.0,510,Monedero
1385,54401136,Concepcion,Manquimavida,20847.0,L1,V1,2026-07-19 20:16:28,2026-07-19 20:48:27,TH→HQ,2026-07-19,,20847.0,20847.0,510,Monedero
1386,54401367,Laguna Quinenco,Huinca,20068.0,L2,V1,2026-07-19 15:19:44,2026-07-19 15:43:03,CW→CC,2026-07-19,,20068.0,20068.0,450,Monedero
1387,54401391,Cristo Redentor,Concepcion,20166.0,L2,V1,2026-07-19 19:15:27,2026-07-19 19:58:13,CW→CC,2026-07-19,,20166.0,20166.0,850,Monedero
1388,54403733,Concepcion,Cristo Redentor,20037.0,L2,V1,2026-07-19 09:45:56,2026-07-19 10:42:02,CC→CW,2026-07-19,,20037.0,20037.0,850,Monedero
1389,54404274,Concepcion,Cdal. Raul Silva Henriquez,20171.0,L2,V1,2026-07-19 20:28:12,2026-07-19 21:22:42,CC→CW,2026-07-19,,20171.0,20171.0,570,Monedero
1390,54404813,Los Canelos,Concepcion,20044.0,L2,V1,2026-07-19 10:11:56,2026-07-19 10:47:43,CW→CC,2026-07-19,,20044.0,20044.0,850,Monedero
1391,54404813,Concepcion,Los Canelos,20063.0,L2,V1,2026-07-19 14:03:00,2026-07-19 15:08:15,CC→CW,2026-07-19,,20063.0,20063.0,850,Monedero
1392,54406381,Concepcion,Diagonal Bio Bio,20171.0,L2,V1,2026-07-19 19:36:43,2026-07-19 21:11:21,CC→CW,2026-07-19,combo_por_entrada,20171.0,20171.0,560,Monedero
1393,54406381,Concepcion,Diagonal Bio Bio,20171.0,L2,V1,2026-07-19 19:36:47,2026-07-19 21:11:15,CC→CW,2026-07-19,combo_por_entrada,20171.0,20171.0,560,Monedero
1394,54406381,Concepcion,Diagonal Bio Bio,20171.0,L2,V1,2026-07-19 19:36:51,2026-07-19 21:11:11,CC→CW,2026-07-19,combo_por_entrada,20171.0,20171.0,560,Monedero
1395,54406381,Concepcion,Diagonal Bio Bio,20171.0,L2,V1,2026-07-19 19:36:56,2026-07-19 21:11:07,CC→CW,2026-07-19,combo_por_entrada,20171.0,20171.0,560,Monedero
1396,54406717,Los Canelos,El Parque,20068.0,L2,V1,2026-07-19 15:41:19,2026-07-19 16:01:54,CW→CC,2026-07-19,,20068.0,20068.0,610,Monedero
1397,54406717,El Parque,Los Canelos,20157.0,L2,V1,2026-07-19 17:33:11,2026-07-19 18:02:25,CC→CW,2026-07-19,,20157.0,,610,Monedero
1398,54407548,Costa Mar,Diagonal Bio Bio,20040.0,L2,V1,2026-07-19 10:06:03,2026-07-19 10:14:04,CW→CC,2026-07-19,,20040.0,20040.0,510,Monedero
1399,54407548,Diagonal Bio Bio,Costa Mar,20053.0,L2,V1,2026-07-19 12:09:18,2026-07-19 12:26:01,CC→CW,2026-07-19,,20053.0,20053.0,510,Monedero
1400,54408326,Hito Galvarino,Concepcion,20066.0,L2,V1,2026-07-19 14:58:38,2026-07-19 15:28:18,CW→CC,2026-07-19,,20066.0,20066.0,850,Monedero
1401,54409035,Concepcion,Lomas Coloradas,20059.0,L2,V1,2026-07-19 12:21:00,2026-07-19 13:39:04,CC→CW,2026-07-19,combo_por_entrada,20059.0,20844.0,590,Monedero
1402,54409035,Chiguayante,Concepcion,20844.0,L1,V1,2026-07-19 12:21:07,2026-07-19 13:38:58,HQ→TH,2026-07-19,combo_por_entrada,20844.0,20059.0,590,Monedero
1403,54409035,Chiguayante,Concepcion,20844.0,L1,V1,2026-07-19 12:21:13,2026-07-19 13:38:50,HQ→TH,2026-07-19,combo_por_entrada,20844.0,20059.0,590,Monedero
1404,54409035,Chiguayante,Concepcion,20844.0,L1,V1,2026-07-19 12:21:22,2026-07-19 13:38:41,HQ→TH,2026-07-19,combo_por_entrada,20844.0,20059.0,590,Monedero
1405,54409035,Concepcion,Lomas Coloradas,20059.0,L2,V1,2026-07-19 12:21:31,2026-07-19 13:38:34,CC→CW,2026-07-19,combo_por_entrada,20059.0,20844.0,590,Monedero
1406,54409035,Concepcion,Chiguayante,20847.0,L1,V1,2026-07-19 19:25:17,2026-07-19 20:43:17,TH→HQ,2026-07-19,combo_por_entrada,20847.0,20166.0,590,Monedero
1407,54409035,Concepcion,Chiguayante,20847.0,L1,V1,2026-07-19 19:25:23,2026-07-19 20:43:12,TH→HQ,2026-07-19,combo_por_entrada,20847.0,20166.0,590,Monedero
1408,54409035,Concepcion,Chiguayante,20847.0,L1,V1,2026-07-19 19:25:28,2026-07-19 20:43:02,TH→HQ,2026-07-19,combo_por_entrada,20847.0,20847.0,590,Monedero
1409,54409035,Lomas Coloradas,Concepcion,20166.0,L2,V1,2026-07-19 19:25:33,2026-07-19 20:42:57,CW→CC,2026-07-19,combo_por_entrada,20166.0,20847.0,590,Monedero
1410,54409035,Lomas Coloradas,Concepcion,20166.0,L2,V1,2026-07-19 19:25:38,2026-07-19 20:00:19,CW→CC,2026-07-19,,20166.0,20166.0,570,Monedero
1411,54412013,Concepcion,Lomas Coloradas,20037.0,L2,V1,2026-07-19 09:17:26,2026-07-19 10:22:54,CC→CW,2026-07-19,combo_por_entrada,20037.0,20037.0,590,Monedero
1412,54412013,Concepcion,Manquimavida,20845.0,L1,V1,2026-07-19 15:52:39,2026-07-19 16:45:30,TH→HQ,2026-07-19,combo_por_entrada,20845.0,20845.0,590,Monedero
1413,54412842,Cdal. Raul Silva Henriquez,Concepcion,20166.0,L2,V1,2026-07-19 19:23:21,2026-07-19 20:02:15,CW→CC,2026-07-19,,20166.0,20166.0,570,Monedero
1414,54412842,Cdal. Raul Silva Henriquez,Concepcion,20166.0,L2,V1,2026-07-19 19:23:29,2026-07-19 20:02:09,CW→CC,2026-07-19,,20166.0,20166.0,570,Monedero
1415,54414478,Concepcion,Cristo Redentor,20063.0,L2,V1,2026-07-19 14:17:02,2026-07-19 15:11:57,CC→CW,2026-07-19,,20063.0,20063.0,850,Monedero
1416,54423767,Cdal. Raul Silva Henriquez,Concepcion,20056.0,L2,V1,2026-07-19 12:33:06,2026-07-19 13:04:24,CW→CC,2026-07-19,,20056.0,20056.0,570,Monedero
1417,54424925,Higueras,Concepcion,20847.0,L1,V1,2026-07-19 20:05:52,2026-07-19 21:08:45,TH→HQ,2026-07-19,combo_por_entrada,20847.0,20171.0,560,Monedero
1418,54425008,Concepcion,Concepcion,,,,2026-07-19 19:56:44,2026-07-19 19:58:27,,2026-07-19,no viajo,,,420,Monedero
1419,54427092,Lomas Coloradas,Cristo Redentor,20071.0,L2,V1,2026-07-19 15:57:30,2026-07-19 17:17:14,CC→CW,2026-07-19,,20071.0,20067.0,630,Monedero
1420,54427367,Hito Galvarino,Lomas Coloradas,20180.0,L2,V1,2026-07-19 16:25:35,2026-07-19 17:07:59,CW→CC,2026-07-19,,20180.0,20180.0,610,Monedero
1421,54429054,Coronel,El Parque,20166.0,L2,V1,2026-07-19 18:38:42,2026-07-19 19:42:14,CW→CC,2026-07-19,,20166.0,20166.0,650,Monedero
1422,54430863,Concepcion,Los Canelos,20167.0,L2,V1,2026-07-19 19:50:47,2026-07-19 20:33:38,CC→CW,2026-07-19,,20167.0,20167.0,850,Monedero
1423,54432885,Cdal. Raul Silva Henriquez,Juan Pablo II,20056.0,L2,V1,2026-07-19 12:32:13,2026-07-19 12:51:16,CW→CC,2026-07-19,,20056.0,20056.0,510,Monedero
1424,54432885,Juan Pablo II,Lomas Coloradas,20059.0,L2,V1,2026-07-19 13:22:15,2026-07-19 13:37:59,CC→CW,2026-07-19,,20059.0,20059.0,510,Monedero
1425,54433199,Los Canelos,Diagonal Bio Bio,20162.0,L2,V1,2026-07-19 18:20:50,2026-07-19 18:48:44,CW→CC,2026-07-19,,20162.0,20162.0,650,Monedero
1426,54433514,Costa Mar,Cristo Redentor,20161.0,L2,V1,2026-07-19 18:32:51,2026-07-19 19:07:01,CC→CW,2026-07-19,,20161.0,20161.0,630,Monedero
1427,54433590,Los Canelos,Concepcion,20052.0,L2,V1,2026-07-19 11:26:15,2026-07-19 12:10:45,CW→CC,2026-07-19,,20052.0,20052.0,850,Monedero
1428,54433590,Concepcion,Los Canelos,20067.0,L2,V1,2026-07-19 15:14:54,2026-07-19 16:03:59,CC→CW,2026-07-19,,20067.0,20067.0,850,Monedero
1429,54433633,Cristo Redentor,Concepcion,20050.0,L2,V1,2026-07-19 11:09:15,2026-07-19 12:10:09,CW→CC,2026-07-19,,20050.0,20050.0,850,Monedero
1430,54433708,Laguna Quinenco,Concepcion,20166.0,L2,V1,2026-07-19 19:11:46,2026-07-19 19:59:33,CW→CC,2026-07-19,,20166.0,20166.0,880,Monedero
1431,54436637,Concepcion,El Parque,20041.0,L2,V1,2026-07-19 10:13:08,2026-07-19 10:46:52,CC→CW,2026-07-19,,20041.0,20037.0,570,Monedero
1432,54436637,El Parque,Concepcion,20170.0,L2,V1,2026-07-19 20:13:51,2026-07-19 20:58:31,CW→CC,2026-07-19,,20170.0,20170.0,570,Monedero
1433,54437186,La Leonera,Concepcion,20850.0,L1,V1,2026-07-19 09:38:06,2026-07-19 10:05:56,HQ→TH,2026-07-19,,20850.0,20850.0,510,Monedero
1434,54437186,La Leonera,Concepcion,20850.0,L1,V1,2026-07-19 09:38:15,2026-07-19 10:05:48,HQ→TH,2026-07-19,,20850.0,20850.0,510,Monedero
1435,54437914,Concepcion,Coronel,20157.0,L2,V1,2026-07-19 16:55:36,2026-07-19 18:13:14,CC→CW,2026-07-19,,20157.0,20157.0,880,Monedero
1436,54438430,Laguna Quinenco,Juan Pablo II,20066.0,L2,V1,2026-07-19 14:29:39,2026-07-19 15:24:26,CW→CC,2026-07-19,,20066.0,20066.0,790,Monedero
1437,54438430,Laguna Quinenco,Juan Pablo II,20066.0,L2,V1,2026-07-19 14:29:53,2026-07-19 15:24:22,CW→CC,2026-07-19,,20066.0,20066.0,790,Monedero
1438,54438430,Laguna Quinenco,Juan Pablo II,20066.0,L2,V1,2026-07-19 14:30:15,2026-07-19 15:24:16,CW→CC,2026-07-19,,20066.0,20066.0,790,Monedero
1439,54438430,Concepcion,Los Canelos,20161.0,L2,V1,2026-07-19 18:14:57,2026-07-19 19:04:56,CC→CW,2026-07-19,,20161.0,20161.0,850,Monedero
1440,54438430,Concepcion,Los Canelos,20161.0,L2,V1,2026-07-19 18:15:01,2026-07-19 19:04:49,CC→CW,2026-07-19,,20161.0,20161.0,850,Monedero
1441,54438430,Concepcion,Los Canelos,20161.0,L2,V1,2026-07-19 18:15:06,2026-07-19 19:04:44,CC→CW,2026-07-19,,20161.0,20161.0,850,Monedero
1442,54439103,Coronel,Concepcion,20162.0,L2,V1,2026-07-19 17:59:03,2026-07-19 18:57:48,CW→CC,2026-07-19,,20162.0,20162.0,880,Monedero
1443,54439789,Coronel,Concepcion,20152.0,L2,V1,2026-07-19 08:21:47,2026-07-19 09:13:09,CW→CC,2026-07-19,,20152.0,20152.0,880,Monedero
1444,54439789,Concepcion,Coronel,20171.0,L2,V1,2026-07-19 20:48:01,2026-07-19 21:41:48,CC→CW,2026-07-19,,20171.0,20171.0,880,Monedero
1445,54439874,Lomas Coloradas,Hito Galvarino,20167.0,L2,V1,2026-07-19 20:17:19,2026-07-19 20:29:51,CC→CW,2026-07-19,,20167.0,20167.0,610,Monedero
1446,54440293,Los Canelos,Costa Mar,20166.0,L2,V1,2026-07-19 19:19:31,2026-07-19 19:48:38,CW→CC,2026-07-19,,20166.0,20166.0,610,Monedero
1447,54440553,Cristo Redentor,Lomas Coloradas,20160.0,L2,V1,2026-07-19 17:42:54,2026-07-19 18:08:06,CW→CC,2026-07-19,,20160.0,20160.0,630,Monedero
1448,54441107,Juan Pablo II,Lomas Coloradas,20153.0,L2,V1,2026-07-19 09:16:09,2026-07-19 09:34:27,CC→CW,2026-07-19,,20153.0,20153.0,510,Monedero
1449,54441181,Concepcion,Huinca,20163.0,L2,V1,2026-07-19 18:52:23,2026-07-19 19:35:18,CC→CW,2026-07-19,,20163.0,20163.0,850,Monedero
1450,54442715,Concepcion,Cristo Redentor,20071.0,L2,V1,2026-07-19 16:11:52,2026-07-19 17:17:18,CC→CW,2026-07-19,,20071.0,20071.0,850,Monedero
1451,54442757,Cristo Redentor,Concepcion,20162.0,L2,V1,2026-07-19 18:10:20,2026-07-19 18:58:25,CW→CC,2026-07-19,,20162.0,20162.0,850,Monedero
1452,54444110,Cdal. Raul Silva Henriquez,Juan Pablo II,20050.0,L2,V1,2026-07-19 11:13:58,2026-07-19 11:35:54,CW→CC,2026-07-19,,20050.0,20050.0,510,Monedero
1453,54445316,Concepcion,Hito Galvarino,20059.0,L2,V1,2026-07-19 12:34:08,2026-07-19 13:47:32,CC→CW,2026-07-19,,20059.0,20059.0,850,Monedero
1454,54445470,Juan Pablo II,Lomas Coloradas,20063.0,L2,V1,2026-07-19 14:03:54,2026-07-19 14:54:27,CC→CW,2026-07-19,,20063.0,20063.0,510,Monedero
1455,54447066,Coronel,El Parque,20156.0,L2,V1,2026-07-19 09:10:27,2026-07-19 09:41:04,CW→CC,2026-07-19,,20156.0,20156.0,650,Monedero
1456,54447066,El Parque,Coronel,20167.0,L2,V1,2026-07-19 20:10:20,2026-07-19 20:43:25,CC→CW,2026-07-19,,20167.0,20167.0,650,Monedero
1457,54447408,Laguna Quinenco,Alborada,20066.0,L2,V1,2026-07-19 14:41:19,2026-07-19 15:17:12,CW→CC,2026-07-19,,20066.0,20066.0,790,Monedero
1458,54447408,Laguna Quinenco,Alborada,20066.0,L2,V1,2026-07-19 14:41:27,2026-07-19 15:17:05,CW→CC,2026-07-19,,20066.0,20066.0,790,Monedero
1459,54447408,Laguna Quinenco,Alborada,20066.0,L2,V1,2026-07-19 14:41:32,2026-07-19 15:16:59,CW→CC,2026-07-19,,20066.0,20066.0,790,Monedero
1460,54447408,Alborada,Laguna Quinenco,20167.0,L2,V1,2026-07-19 20:10:49,2026-07-19 20:40:28,CC→CW,2026-07-19,,20167.0,20167.0,790,Monedero
1461,54447408,Alborada,Laguna Quinenco,20167.0,L2,V1,2026-07-19 20:10:53,2026-07-19 20:40:22,CC→CW,2026-07-19,,20167.0,20167.0,790,Monedero
1462,54447823,Laguna Quinenco,Concepcion,20056.0,L2,V1,2026-07-19 11:59:50,2026-07-19 12:58:24,CW→CC,2026-07-19,,20056.0,20056.0,880,Monedero
1463,54447823,Concepcion,Laguna Quinenco,20161.0,L2,V1,2026-07-19 18:30:14,2026-07-19 19:11:29,CC→CW,2026-07-19,,20161.0,20161.0,880,Monedero
1464,54448670,Los Canelos,Hito Galvarino,20170.0,L2,V1,2026-07-19 20:24:06,2026-07-19 20:29:39,CW→CC,2026-07-19,,20170.0,20170.0,440,Monedero
1465,54448890,Concepcion,Laguna Quinenco,20071.0,L2,V1,2026-07-19 16:29:07,2026-07-19 17:22:06,CC→CW,2026-07-19,,20071.0,20071.0,880,Monedero
1466,54448890,Concepcion,Laguna Quinenco,20071.0,L2,V1,2026-07-19 16:29:22,2026-07-19 17:22:00,CC→CW,2026-07-19,,20071.0,20071.0,880,Monedero
1467,54448890,Concepcion,Laguna Quinenco,20071.0,L2,V1,2026-07-19 16:29:31,2026-07-19 17:21:04,CC→CW,2026-07-19,,20071.0,20071.0,880,Monedero
1468,54448890,Concepcion,Laguna Quinenco,20071.0,L2,V1,2026-07-19 16:29:35,2026-07-19 17:20:51,CC→CW,2026-07-19,,20071.0,20071.0,880,Monedero
1469,54449004,Concepcion,Huinca,20163.0,L2,V1,2026-07-19 18:41:00,2026-07-19 19:36:21,CC→CW,2026-07-19,,20163.0,20163.0,850,Monedero
1470,54449004,Concepcion,Huinca,20163.0,L2,V1,2026-07-19 18:42:51,2026-07-19 19:36:15,CC→CW,2026-07-19,,20163.0,20163.0,850,Monedero
1471,54450376,Coronel,Laguna Quinenco,20050.0,L2,V1,2026-07-19 10:48:39,2026-07-19 12:24:23,CW→CC,2026-07-19,,20050.0,20050.0,440,Monedero
1472,54450376,Coronel,Laguna Quinenco,20050.0,L2,V1,2026-07-19 10:48:43,2026-07-19 12:24:16,CW→CC,2026-07-19,,20050.0,20050.0,440,Monedero
1473,54451021,Lomas Coloradas,Laguna Quinenco,20161.0,L2,V1,2026-07-19 18:47:22,2026-07-19 19:09:31,CC→CW,2026-07-19,,20161.0,20161.0,650,Monedero
1474,54451663,Cristo Redentor,Concepcion,20052.0,L2,V1,2026-07-19 11:21:58,2026-07-19 12:15:21,CW→CC,2026-07-19,,20052.0,20052.0,850,Monedero
1475,54451663,Cristo Redentor,Concepcion,20052.0,L2,V1,2026-07-19 11:23:14,2026-07-19 12:15:15,CW→CC,2026-07-19,,20052.0,20052.0,850,Monedero
1476,54452266,Cristo Redentor,Concepcion,20062.0,L2,V1,2026-07-19 13:42:13,2026-07-19 14:33:38,CW→CC,2026-07-19,,20062.0,20062.0,850,Monedero
1477,54454908,Concepcion,Lomas Coloradas,20161.0,L2,V1,2026-07-19 17:56:02,2026-07-19 18:50:03,CC→CW,2026-07-19,,20161.0,20161.0,570,Monedero
1478,54456268,Laguna Quinenco,Concepcion,20062.0,L2,V1,2026-07-19 13:52:23,2026-07-19 14:36:55,CW→CC,2026-07-19,,20062.0,20062.0,880,Monedero
1479,54456268,Concepcion,Laguna Quinenco,20167.0,L2,V1,2026-07-19 19:34:26,2026-07-19 20:41:12,CC→CW,2026-07-19,,20167.0,20167.0,880,Monedero
1480,54458981,Costa Mar,Concepcion,20170.0,L2,V1,2026-07-19 20:24:17,2026-07-19 20:59:36,CW→CC,2026-07-19,,20170.0,20170.0,570,Monedero
1481,54459501,Coronel,Concepcion,20180.0,L2,V1,2026-07-19 16:31:50,2026-07-19 17:29:08,CW→CC,2026-07-19,,20180.0,20180.0,880,Monedero
1482,54459501,Coronel,Concepcion,20180.0,L2,V1,2026-07-19 16:31:54,2026-07-19 17:29:04,CW→CC,2026-07-19,,20180.0,20180.0,880,Monedero
1483,54460176,Laguna Quinenco,El Parque,20058.0,L2,V1,2026-07-19 12:32:29,2026-07-19 12:59:26,CW→CC,2026-07-19,,20058.0,20058.0,650,Monedero
1484,54460258,Coronel,Concepcion,20050.0,L2,V1,2026-07-19 10:48:11,2026-07-19 11:47:03,CW→CC,2026-07-19,,20050.0,20050.0,880,Monedero
1485,54460310,La Leonera,Los Condores,20848.0,L1,V1,2026-07-19 20:41:30,2026-07-19 21:16:40,HQ→TH,2026-07-19,,20848.0,20848.0,540,Monedero
1486,54461407,Mercado,La Leonera,20845.0,L1,V1,2026-07-19 15:49:42,2026-07-19 16:48:55,TH→HQ,2026-07-19,,20845.0,20845.0,550,Monedero
1487,54461576,Cristo Redentor,Costa Mar,20056.0,L2,V1,2026-07-19 12:06:01,2026-07-19 12:43:37,CW→CC,2026-07-19,,20056.0,20056.0,630,Monedero
1488,54462701,Coronel,Huinca,20170.0,L2,V1,2026-07-19 20:00:58,2026-07-19 20:23:47,CW→CC,2026-07-19,,20170.0,20170.0,450,Monedero
1489,54462814,Concepcion,Laguna Quinenco,20157.0,L2,V1,2026-07-19 17:14:22,2026-07-19 18:11:01,CC→CW,2026-07-19,,20157.0,20157.0,880,Monedero
1490,54466322,Cdal. Raul Silva Henriquez,Concepcion,20062.0,L2,V1,2026-07-19 13:55:09,2026-07-19 14:40:25,CW→CC,2026-07-19,,20062.0,20062.0,570,Monedero
1491,54466322,Concepcion,Cdal. Raul Silva Henriquez,20171.0,L2,V1,2026-07-19 20:47:54,2026-07-19 21:23:00,CC→CW,2026-07-19,,20171.0,20171.0,570,Monedero
1492,54466529,Coronel,Concepcion,20166.0,L2,V1,2026-07-19 18:37:48,2026-07-19 19:58:33,CW→CC,2026-07-19,,20166.0,20166.0,880,Monedero
1493,54466803,Costa Mar,Lomas Coloradas,20161.0,L2,V1,2026-07-19 18:42:17,2026-07-19 18:49:42,CC→CW,2026-07-19,,20161.0,20161.0,430,Monedero
1494,54466803,Lomas Coloradas,Costa Mar,20166.0,L2,V1,2026-07-19 19:25:44,2026-07-19 19:43:47,CW→CC,2026-07-19,,20166.0,20166.0,430,Monedero
1495,54467526,Cdal. Raul Silva Henriquez,Juan Pablo II,20040.0,L2,V1,2026-07-19 09:46:50,2026-07-19 10:15:52,CW→CC,2026-07-19,,20040.0,20040.0,510,Monedero
1496,54467526,Juan Pablo II,Cristo Redentor,20067.0,L2,V1,2026-07-19 15:30:21,2026-07-19 16:08:32,CC→CW,2026-07-19,,20067.0,20067.0,680,Monedero
1497,54467526,Cristo Redentor,Cdal. Raul Silva Henriquez,20180.0,L2,V1,2026-07-19 16:34:44,2026-07-19 17:05:11,CW→CC,2026-07-19,,20180.0,20180.0,630,Monedero
1498,54467995,Coronel,Concepcion,20068.0,L2,V1,2026-07-19 15:22:34,2026-07-19 16:21:45,CW→CC,2026-07-19,,20068.0,20068.0,880,Monedero
1499,54468787,Lomas Coloradas,Cdal. Raul Silva Henriquez,20157.0,L2,V1,2026-07-19 17:46:11,2026-07-19 17:52:26,CC→CW,2026-07-19,,20157.0,20157.0,430,Monedero
1500,54469227,Hualqui,Concepcion,20850.0,L1,V1,2026-07-19 09:26:15,2026-07-19 09:59:26,HQ→TH,2026-07-19,,20850.0,20850.0,550,Monedero
1501,54469227,Concepcion,Hualqui,20847.0,L1,V1,2026-07-19 20:26:50,2026-07-19 21:02:38,TH→HQ,2026-07-19,,20847.0,20847.0,550,Monedero
1502,54469463,Concepcion,Costa Mar,20163.0,L2,V1,2026-07-19 18:47:32,2026-07-19 19:15:18,CC→CW,2026-07-19,,20163.0,20163.0,570,Monedero
1503,54469463,Concepcion,Costa Mar,20163.0,L2,V1,2026-07-19 18:47:38,2026-07-19 19:15:12,CC→CW,2026-07-19,,20163.0,20163.0,570,Monedero
1504,54469779,Concepcion,Costa Mar,20059.0,L2,V1,2026-07-19 11:49:49,2026-07-19 13:33:02,CC→CW,2026-07-19,combo_por_entrada,20059.0,20059.0,590,Monedero
1505,54469907,Concepcion,Cdal. Raul Silva Henriquez,20067.0,L2,V1,2026-07-19 15:24:27,2026-07-19 15:56:10,CC→CW,2026-07-19,,20067.0,20067.0,570,Monedero
1506,54470034,Cristo Redentor,Huinca,20180.0,L2,V1,2026-07-19 16:37:46,2026-07-19 16:53:28,CW→CC,2026-07-19,,20180.0,20180.0,440,Monedero
1507,54470308,Concepcion,Hito Galvarino,20157.0,L2,V1,2026-07-19 17:27:00,2026-07-19 17:59:29,CC→CW,2026-07-19,,20157.0,20157.0,850,Monedero
1508,54470308,Concepcion,Hito Galvarino,20157.0,L2,V1,2026-07-19 17:27:04,2026-07-19 17:59:24,CC→CW,2026-07-19,,20157.0,20157.0,850,Monedero
1509,54470588,Hito Galvarino,Concepcion,20162.0,L2,V1,2026-07-19 18:10:32,2026-07-19 18:58:31,CW→CC,2026-07-19,,20162.0,20162.0,850,Monedero
1510,54473281,Coronel,Costa Mar,20152.0,L2,V1,2026-07-19 08:12:22,2026-07-19 08:58:55,CW→CC,2026-07-19,,20152.0,20152.0,650,Monedero
1511,54473281,Costa Mar,Coronel,20037.0,L2,V1,2026-07-19 10:13:26,2026-07-19 10:46:47,CC→CW,2026-07-19,,20037.0,20037.0,650,Monedero
1512,54473871,Costa Mar,Diagonal Bio Bio,20062.0,L2,V1,2026-07-19 14:17:43,2026-07-19 14:24:10,CW→CC,2026-07-19,,20062.0,20062.0,510,Monedero
1513,54473871,Costa Mar,Diagonal Bio Bio,20062.0,L2,V1,2026-07-19 14:17:45,2026-07-19 14:23:35,CW→CC,2026-07-19,,20062.0,20062.0,510,Monedero
1514,54473871,Diagonal Bio Bio,Costa Mar,20167.0,L2,V1,2026-07-19 20:03:43,2026-07-19 20:13:39,CC→CW,2026-07-19,,20167.0,20167.0,510,Monedero
1515,54474416,Los Canelos,Concepcion,20152.0,L2,V1,2026-07-19 08:37:50,2026-07-19 09:13:51,CW→CC,2026-07-19,,20152.0,20152.0,850,Monedero
1516,54474416,Concepcion,Los Canelos,20163.0,L2,V1,2026-07-19 18:44:11,2026-07-19 19:32:45,CC→CW,2026-07-19,,20163.0,20163.0,850,Monedero
1517,54474610,Alborada,Lomas Coloradas,20161.0,L2,V1,2026-07-19 18:16:53,2026-07-19 18:50:11,CC→CW,2026-07-19,,20161.0,20161.0,510,Monedero
1518,54474895,Coronel,Concepcion,20062.0,L2,V1,2026-07-19 13:44:42,2026-07-19 14:32:55,CW→CC,2026-07-19,,20062.0,20062.0,880,Monedero
1519,54476018,Cristo Redentor,Concepcion,20044.0,L2,V1,2026-07-19 10:09:56,2026-07-19 10:48:32,CW→CC,2026-07-19,,20044.0,20044.0,850,Monedero
1520,54476038,Laguna Quinenco,Concepcion,20056.0,L2,V1,2026-07-19 11:47:27,2026-07-19 12:57:50,CW→CC,2026-07-19,,20056.0,20056.0,880,Monedero
1521,54476038,Concepcion,Laguna Quinenco,20067.0,L2,V1,2026-07-19 15:23:56,2026-07-19 16:12:01,CC→CW,2026-07-19,,20067.0,20067.0,880,Monedero
1522,54476131,Hito Galvarino,Laguna Quinenco,20149.0,L2,V1,2026-07-19 08:32:23,2026-07-19 09:09:40,CC→CW,2026-07-19,,20149.0,20149.0,530,Monedero
1523,54476244,Concepcion,Cristo Redentor,20063.0,L2,V1,2026-07-19 14:17:19,2026-07-19 15:12:12,CC→CW,2026-07-19,,20063.0,20063.0,850,Monedero
1524,54476683,Hualqui,Los Condores,20844.0,L1,V1,2026-07-19 11:30:05,2026-07-19 13:11:04,HQ→TH,2026-07-19,,20844.0,20844.0,560,Monedero
1525,54476835,Costa Mar,El Parque,20049.0,L2,V1,2026-07-19 11:40:33,2026-07-19 11:48:04,CC→CW,2026-07-19,,20049.0,20049.0,430,Monedero
1526,54476835,Costa Mar,El Parque,20049.0,L2,V1,2026-07-19 11:40:40,2026-07-19 11:47:55,CC→CW,2026-07-19,,20049.0,20049.0,430,Monedero
1527,54478057,Hito Galvarino,Concepcion,20162.0,L2,V1,2026-07-19 18:14:38,2026-07-19 18:58:37,CW→CC,2026-07-19,,20162.0,20162.0,850,Monedero
1528,54479962,Concepcion,Los Canelos,20037.0,L2,V1,2026-07-19 09:36:19,2026-07-19 10:37:13,CC→CW,2026-07-19,,20037.0,20037.0,850,Monedero
1529,54480352,Cristo Redentor,Concepcion,20050.0,L2,V1,2026-07-19 10:32:13,2026-07-19 11:42:37,CW→CC,2026-07-19,,20050.0,20050.0,850,Monedero
1530,54480352,Concepcion,Cristo Redentor,20059.0,L2,V1,2026-07-19 12:48:30,2026-07-19 13:57:01,CC→CW,2026-07-19,,20059.0,20059.0,850,Monedero
1531,54480945,Concepcion,Hito Galvarino,20167.0,L2,V1,2026-07-19 19:43:10,2026-07-19 20:30:00,CC→CW,2026-07-19,,20167.0,20167.0,850,Monedero
1532,54480945,Concepcion,Hito Galvarino,20167.0,L2,V1,2026-07-19 19:43:16,2026-07-19 20:29:56,CC→CW,2026-07-19,,20167.0,20167.0,850,Monedero
1533,54481110,Lomas Coloradas,Concepcion,20066.0,L2,V1,2026-07-19 14:56:36,2026-07-19 15:29:14,CW→CC,2026-07-19,,20066.0,20066.0,570,Monedero
1534,54481110,Concepcion,Lomas Coloradas,20167.0,L2,V1,2026-07-19 19:44:33,2026-07-19 20:20:14,CC→CW,2026-07-19,,20167.0,20167.0,570,Monedero
1535,54482365,Coronel,Diagonal Bio Bio,20050.0,L2,V1,2026-07-19 10:50:13,2026-07-19 11:35:16,CW→CC,2026-07-19,,20050.0,20050.0,790,Monedero
1536,54482365,Diagonal Bio Bio,Costa Mar,20163.0,L2,V1,2026-07-19 19:00:15,2026-07-19 19:21:19,CC→CW,2026-07-19,,20163.0,20163.0,510,Monedero
1537,54482796,Los Canelos,Concepcion,20166.0,L2,V1,2026-07-19 19:21:59,2026-07-19 19:58:52,CW→CC,2026-07-19,,20166.0,20166.0,850,Monedero
1538,54482992,Costa Mar,Cdal. Raul Silva Henriquez,20053.0,L2,V1,2026-07-19 12:24:48,2026-07-19 12:33:48,CC→CW,2026-07-19,,20053.0,20053.0,430,Monedero
1539,54483575,Hito Galvarino,Juan Pablo II,20160.0,L2,V1,2026-07-19 17:24:49,2026-07-19 18:20:49,CW→CC,2026-07-19,,20160.0,20160.0,650,Monedero
1540,54483833,Lomas Coloradas,Concepcion,20066.0,L2,V1,2026-07-19 14:39:46,2026-07-19 15:28:16,CW→CC,2026-07-19,,20066.0,20066.0,570,Monedero
1541,54484549,Mercado,Lzo. Arenas,20845.0,L1,V1,2026-07-19 15:46:59,2026-07-19 16:19:46,TH→HQ,2026-07-19,,20845.0,20845.0,540,Monedero
1542,54485189,Huinca,Concepcion,20050.0,L2,V1,2026-07-19 11:04:40,2026-07-19 11:45:37,CW→CC,2026-07-19,,20050.0,20050.0,850,Monedero
1543,54485742,Cdal. Raul Silva Henriquez,Costa Mar,20166.0,L2,V1,2026-07-19 19:31:21,2026-07-19 19:45:04,CW→CC,2026-07-19,,20166.0,20166.0,430,Monedero
1544,54486179,El Parque,Laguna Quinenco,20149.0,L2,V1,2026-07-19 08:32:27,2026-07-19 09:09:20,CC→CW,2026-07-19,,20149.0,20149.0,650,Monedero
1545,54487522,Concepcion,Cdal. Raul Silva Henriquez,20059.0,L2,V1,2026-07-19 12:50:35,2026-07-19 13:42:45,CC→CW,2026-07-19,,20059.0,20059.0,570,Monedero
1546,54487522,Cdal. Raul Silva Henriquez,Concepcion,20166.0,L2,V1,2026-07-19 19:15:50,2026-07-19 20:00:06,CW→CC,2026-07-19,,20166.0,20166.0,570,Monedero
1547,54487962,Cristo Redentor,Concepcion,20166.0,L2,V1,2026-07-19 19:07:13,2026-07-19 19:59:17,CW→CC,2026-07-19,,20166.0,20166.0,850,Monedero
1548,54488263,Lomas Coloradas,Laguna Quinenco,20071.0,L2,V1,2026-07-19 16:57:23,2026-07-19 17:22:03,CC→CW,2026-07-19,,20071.0,20071.0,650,Monedero
1549,54488895,Coronel,Lomas Coloradas,20180.0,L2,V1,2026-07-19 16:41:14,2026-07-19 17:08:05,CW→CC,2026-07-19,,20180.0,20180.0,650,Monedero
1550,54488895,Lomas Coloradas,Coronel,20161.0,L2,V1,2026-07-19 18:40:17,2026-07-19 19:14:36,CC→CW,2026-07-19,,20161.0,20161.0,650,Monedero
1551,54489503,Concepcion,Cdal. Raul Silva Henriquez,20059.0,L2,V1,2026-07-19 12:30:51,2026-07-19 13:41:29,CC→CW,2026-07-19,combo_por_entrada,20059.0,20059.0,590,Monedero
1552,54489847,Juan Pablo II,Coronel,20051.0,L2,V1,2026-07-19 11:47:44,2026-07-19 12:27:06,CC→CW,2026-07-19,,20051.0,20051.0,790,Monedero
1553,54490102,El Parque,Concepcion,20152.0,L2,V1,2026-07-19 08:52:15,2026-07-19 09:13:39,CW→CC,2026-07-19,,20152.0,20152.0,570,Monedero
1554,54490391,Concepcion,Los Canelos,20059.0,L2,V1,2026-07-19 12:57:22,2026-07-19 13:54:30,CC→CW,2026-07-19,,20059.0,20059.0,850,Monedero
1555,54494089,Los Canelos,Diagonal Bio Bio,20040.0,L2,V1,2026-07-19 09:47:55,2026-07-19 10:15:41,CW→CC,2026-07-19,,20040.0,20040.0,650,Monedero
1556,54494089,Los Canelos,Diagonal Bio Bio,20040.0,L2,V1,2026-07-19 09:48:03,2026-07-19 10:15:35,CW→CC,2026-07-19,,20040.0,20040.0,650,Monedero
1557,54494381,Coronel,Concepcion,20062.0,L2,V1,2026-07-19 13:43:56,2026-07-19 14:32:53,CW→CC,2026-07-19,,20062.0,20062.0,880,Monedero
1558,54494381,Concepcion,Laguna Quinenco,20161.0,L2,V1,2026-07-19 18:33:54,2026-07-19 19:40:02,CC→CW,2026-07-19,,20161.0,20161.0,880,Monedero
1559,54495661,Lomas Coloradas,Concepcion,20040.0,L2,V1,2026-07-19 10:01:59,2026-07-19 10:22:40,CW→CC,2026-07-19,,20040.0,20040.0,570,Monedero
1560,54495661,Costa Mar,Lomas Coloradas,20171.0,L2,V1,2026-07-19 21:01:30,2026-07-19 21:20:27,CC→CW,2026-07-19,,20171.0,20171.0,430,Monedero
1561,54495738,Costa Mar,Los Canelos,20051.0,L2,V1,2026-07-19 11:49:48,2026-07-19 12:17:07,CC→CW,2026-07-19,,20051.0,20049.0,610,Monedero
1562,54495738,Concepcion,Mercado,20846.0,L1,V1,2026-07-19 16:49:12,2026-07-19 17:59:54,HQ→TH,2026-07-19,combo_por_entrada,20846.0,20846.0,880,Monedero
1563,54497166,Cristo Redentor,Concepcion,20152.0,L2,V1,2026-07-19 08:20:53,2026-07-19 09:15:33,CW→CC,2026-07-19,,20152.0,20152.0,850,Monedero
1564,54497166,Concepcion,Cristo Redentor,20167.0,L2,V1,2026-07-19 19:16:16,2026-07-19 20:36:59,CC→CW,2026-07-19,,20167.0,20167.0,850,Monedero
1565,54497693,Laguna Quinenco,El Parque,20066.0,L2,V1,2026-07-19 14:24:05,2026-07-19 15:13:23,CW→CC,2026-07-19,,20066.0,20066.0,650,Monedero
1566,54497732,Diagonal Bio Bio,Coronel,20171.0,L2,V1,2026-07-19 21:00:39,2026-07-19 21:41:57,CC→CW,2026-07-19,,20171.0,20171.0,790,Monedero
1567,54498730,Diagonal Bio Bio,Lomas Coloradas,20161.0,L2,V1,2026-07-19 18:30:19,2026-07-19 18:50:10,CC→CW,2026-07-19,,20161.0,20161.0,510,Monedero
1568,54500085,Coronel,Lomas Coloradas,20166.0,L2,V1,2026-07-19 18:56:55,2026-07-19 19:38:19,CW→CC,2026-07-19,,20166.0,20166.0,650,Monedero
1569,54500312,Concepcion,Los Canelos,20059.0,L2,V1,2026-07-19 12:42:00,2026-07-19 13:51:32,CC→CW,2026-07-19,combo_por_entrada,20059.0,20859.0,870,Monedero
1570,54501403,Concepcion,Mercado,20846.0,L1,V1,2026-07-19 17:33:22,2026-07-19 17:59:29,HQ→TH,2026-07-19,,20846.0,20846.0,540,Monedero
1571,54501664,Juan Pablo II,Los Canelos,20153.0,L2,V1,2026-07-19 09:08:50,2026-07-19 09:47:04,CC→CW,2026-07-19,,20153.0,20153.0,650,Monedero
1572,54502364,Coronel,Cdal. Raul Silva Henriquez,20058.0,L2,V1,2026-07-19 12:20:54,2026-07-19 12:49:38,CW→CC,2026-07-19,,20058.0,20056.0,650,Monedero
1573,54502364,Cdal. Raul Silva Henriquez,Concepcion,20162.0,L2,V1,2026-07-19 18:16:29,2026-07-19 18:57:51,CW→CC,2026-07-19,,20162.0,20162.0,570,Monedero
1574,54502364,Concepcion,Coronel,20167.0,L2,V1,2026-07-19 19:57:14,2026-07-19 20:43:33,CC→CW,2026-07-19,,20167.0,20167.0,880,Monedero
1575,54502723,Concepcion,Concepcion,,,,2026-07-19 14:27:19,2026-07-19 14:30:28,,2026-07-19,no viajo,,,420,Monedero
1576,54502723,Concepcion,Concepcion,,,,2026-07-19 14:27:27,2026-07-19 14:28:09,,2026-07-19,no viajo,,,420,Monedero
1577,54502723,Concepcion,Hito Galvarino,20171.0,L2,V1,2026-07-19 20:55:26,2026-07-19 21:29:26,CC→CW,2026-07-19,,20171.0,20171.0,850,Monedero
1578,54504832,Diagonal Bio Bio,Los Canelos,20161.0,L2,V1,2026-07-19 18:36:04,2026-07-19 19:02:57,CC→CW,2026-07-19,,20161.0,20161.0,650,Monedero
1579,54504886,Juan Pablo II,Hito Galvarino,20157.0,L2,V1,2026-07-19 17:26:47,2026-07-19 18:00:57,CC→CW,2026-07-19,,20157.0,20157.0,650,Monedero
1580,54505247,Concepcion,Costa Mar,20163.0,L2,V1,2026-07-19 18:58:38,2026-07-19 19:16:45,CC→CW,2026-07-19,,20163.0,20163.0,570,Monedero
1581,54507096,Cdal. Raul Silva Henriquez,Concepcion,20180.0,L2,V1,2026-07-19 16:57:41,2026-07-19 17:29:10,CW→CC,2026-07-19,,20180.0,20180.0,570,Monedero
1582,54507678,Cristo Redentor,Concepcion,20056.0,L2,V1,2026-07-19 12:16:36,2026-07-19 13:02:40,CW→CC,2026-07-19,,20056.0,20056.0,850,Monedero
1583,54507678,Concepcion,Cristo Redentor,20071.0,L2,V1,2026-07-19 16:30:43,2026-07-19 17:16:35,CC→CW,2026-07-19,,20071.0,20071.0,850,Monedero
1584,54507936,Concepcion,Los Canelos,20157.0,L2,V1,2026-07-19 17:26:44,2026-07-19 18:02:23,CC→CW,2026-07-19,,20157.0,,850,Monedero
1585,54508614,Los Canelos,Alborada,20152.0,L2,V1,2026-07-19 08:20:29,2026-07-19 09:58:17,CW→CC,2026-07-19,,20152.0,20152.0,650,Monedero
1586,54508614,Alborada,Los Canelos,20161.0,L2,V1,2026-07-19 18:26:42,2026-07-19 19:05:20,CC→CW,2026-07-19,,20161.0,20161.0,650,Monedero
1587,54508790,Los Canelos,Coronel,20161.0,L2,V1,2026-07-19 18:59:03,2026-07-19 19:12:49,CC→CW,2026-07-19,,20161.0,20161.0,530,Monedero
1588,54508815,Laguna Quinenco,Costa Mar,20170.0,L2,V1,2026-07-19 20:10:07,2026-07-19 20:43:56,CW→CC,2026-07-19,,20170.0,20170.0,650,Monedero
1589,54509099,Los Canelos,Cristo Redentor,20059.0,L2,V1,2026-07-19 13:40:09,2026-07-19 13:57:07,CC→CW,2026-07-19,,20059.0,20059.0,460,Monedero
1590,54510069,Concepcion,Laguna Quinenco,20063.0,L2,V1,2026-07-19 14:16:35,2026-07-19 15:14:44,CC→CW,2026-07-19,,20063.0,20063.0,880,Monedero
1591,54510323,Concepcion,Coronel,20067.0,L2,V1,2026-07-19 15:14:09,2026-07-19 16:15:34,CC→CW,2026-07-19,,20067.0,20067.0,880,Monedero
1592,54510564,Lomas Coloradas,Laguna Quinenco,20149.0,L2,V1,2026-07-19 08:43:48,2026-07-19 09:10:10,CC→CW,2026-07-19,,20149.0,20149.0,650,Monedero
1593,54510564,Laguna Quinenco,Concepcion,20160.0,L2,V1,2026-07-19 17:45:02,2026-07-19 18:35:25,CW→CC,2026-07-19,,20160.0,20160.0,880,Monedero
1594,54510771,El Parque,Concepcion,20040.0,L2,V1,2026-07-19 09:53:22,2026-07-19 10:23:59,CW→CC,2026-07-19,,20040.0,20040.0,570,Monedero
1595,54510961,Coronel,Costa Mar,20170.0,L2,V1,2026-07-19 19:46:44,2026-07-19 20:43:43,CW→CC,2026-07-19,,20170.0,20170.0,650,Monedero
1596,54511049,Cdal. Raul Silva Henriquez,Concepcion,20062.0,L2,V1,2026-07-19 14:03:52,2026-07-19 14:32:36,CW→CC,2026-07-19,,20062.0,20062.0,570,Monedero
1597,54511049,Concepcion,Cdal. Raul Silva Henriquez,20161.0,L2,V1,2026-07-19 17:49:54,2026-07-19 18:53:21,CC→CW,2026-07-19,,20161.0,20161.0,570,Monedero
1598,54511869,Diagonal Bio Bio,El Parque,20153.0,L2,V1,2026-07-19 09:20:43,2026-07-19 09:32:12,CC→CW,2026-07-19,,20153.0,20153.0,510,Monedero
1599,54513156,Lomas Coloradas,Concepcion,20058.0,L2,V1,2026-07-19 12:46:25,2026-07-19 13:16:08,CW→CC,2026-07-19,,20058.0,20058.0,570,Monedero
1600,54513205,Lomas Coloradas,Cristo Redentor,20041.0,L2,V1,2026-07-19 10:48:00,2026-07-19 11:07:46,CC→CW,2026-07-19,,20041.0,20041.0,630,Monedero
1601,54513534,El Parque,Laguna Quinenco,20167.0,L2,V1,2026-07-19 20:09:47,2026-07-19 20:40:12,CC→CW,2026-07-19,,20167.0,20167.0,650,Monedero
1602,54513912,Coronel,Los Canelos,20166.0,L2,V1,2026-07-19 18:55:09,2026-07-19 19:25:49,CW→CC,2026-07-19,,20166.0,20166.0,530,Monedero
1603,54514235,Los Canelos,Diagonal Bio Bio,20170.0,L2,V1,2026-07-19 19:30:36,2026-07-19 20:49:06,CW→CC,2026-07-19,,20170.0,20166.0,650,Monedero
1604,54514384,Concepcion,Los Canelos,20167.0,L2,V1,2026-07-19 19:17:14,2026-07-19 20:32:54,CC→CW,2026-07-19,,20167.0,20167.0,850,Monedero
1605,54514926,Cristo Redentor,Costa Mar,20052.0,L2,V1,2026-07-19 11:15:09,2026-07-19 11:49:12,CW→CC,2026-07-19,,20052.0,20052.0,630,Monedero
1606,54515321,Laguna Quinenco,Lomas Coloradas,20056.0,L2,V1,2026-07-19 12:08:06,2026-07-19 12:38:00,CW→CC,2026-07-19,,20056.0,20056.0,650,Monedero
1607,54516336,Los Canelos,Concepcion,20056.0,L2,V1,2026-07-19 12:18:44,2026-07-19 12:57:23,CW→CC,2026-07-19,,20056.0,20056.0,850,Monedero
1608,54516336,Concepcion,Huinca,20157.0,L2,V1,2026-07-19 17:21:21,2026-07-19 18:05:38,CC→CW,2026-07-19,,20157.0,20157.0,850,Monedero
1609,54518063,Diagonal Bio Bio,Costa Mar,20149.0,L2,V1,2026-07-19 08:29:21,2026-07-19 08:43:31,CC→CW,2026-07-19,,20149.0,20149.0,510,Monedero
1610,54519748,Los Canelos,Lomas Coloradas,20170.0,L2,V1,2026-07-19 20:07:47,2026-07-19 20:42:36,CW→CC,2026-07-19,,20170.0,20170.0,610,Monedero
1611,54519764,Concepcion,Lomas Coloradas,20161.0,L2,V1,2026-07-19 17:42:03,2026-07-19 18:50:00,CC→CW,2026-07-19,,20161.0,20161.0,570,Monedero
1612,54519764,Concepcion,Lomas Coloradas,20161.0,L2,V1,2026-07-19 17:42:09,2026-07-19 18:49:55,CC→CW,2026-07-19,,20161.0,20161.0,570,Monedero
1613,54520554,Cdal. Raul Silva Henriquez,Laguna Quinenco,20063.0,L2,V1,2026-07-19 14:40:43,2026-07-19 15:14:51,CC→CW,2026-07-19,,20063.0,20063.0,650,Monedero
1614,54520554,Cdal. Raul Silva Henriquez,Laguna Quinenco,20063.0,L2,V1,2026-07-19 14:40:48,2026-07-19 15:14:45,CC→CW,2026-07-19,,20063.0,20063.0,650,Monedero
1615,54520554,Laguna Quinenco,Cdal. Raul Silva Henriquez,20162.0,L2,V1,2026-07-19 18:03:44,2026-07-19 18:36:16,CW→CC,2026-07-19,,20162.0,20162.0,650,Monedero
1616,54520554,Laguna Quinenco,Cdal. Raul Silva Henriquez,20162.0,L2,V1,2026-07-19 18:03:47,2026-07-19 18:36:10,CW→CC,2026-07-19,,20162.0,20162.0,650,Monedero
1617,54520721,Los Canelos,Juan Pablo II,20156.0,L2,V1,2026-07-19 09:21:02,2026-07-19 09:50:45,CW→CC,2026-07-19,,20156.0,20156.0,650,Monedero
1618,54522027,Laguna Quinenco,Costa Mar,20162.0,L2,V1,2026-07-19 18:04:19,2026-07-19 18:44:52,CW→CC,2026-07-19,,20162.0,20162.0,650,Monedero
1619,54522027,Laguna Quinenco,Costa Mar,20162.0,L2,V1,2026-07-19 18:04:24,2026-07-19 18:44:48,CW→CC,2026-07-19,,20162.0,20162.0,650,Monedero
1620,54522027,El Parque,Laguna Quinenco,20163.0,L2,V1,2026-07-19 19:06:49,2026-07-19 19:40:18,CC→CW,2026-07-19,,20163.0,20163.0,650,Monedero
1621,54523427,Chiguayante,UTF Santa Maria,20850.0,L1,V1,2026-07-19 09:43:37,2026-07-19 10:08:13,HQ→TH,2026-07-19,,20850.0,,540,Monedero
1622,54523744,Concepcion,Manquimavida,20845.0,L1,V1,2026-07-19 16:05:06,2026-07-19 16:45:51,TH→HQ,2026-07-19,,20845.0,20845.0,510,Monedero
1623,54525173,Lomas Coloradas,Diagonal Bio Bio,20068.0,L2,V1,2026-07-19 15:52:35,2026-07-19 16:08:10,CW→CC,2026-07-19,,20068.0,20068.0,510,Monedero
1624,54525173,Diagonal Bio Bio,Lomas Coloradas,20157.0,L2,V1,2026-07-19 17:33:54,2026-07-19 17:49:18,CC→CW,2026-07-19,,20157.0,20157.0,510,Monedero
1625,54525827,Los Canelos,Concepcion,20058.0,L2,V1,2026-07-19 12:33:29,2026-07-19 13:14:36,CW→CC,2026-07-19,,20058.0,20058.0,850,Monedero
1626,54525827,Concepcion,Los Canelos,20167.0,L2,V1,2026-07-19 19:55:08,2026-07-19 20:33:07,CC→CW,2026-07-19,,20167.0,20167.0,850,Monedero
1627,54526010,Cristo Redentor,Juan Pablo II,20068.0,L2,V1,2026-07-19 15:32:30,2026-07-19 16:11:27,CW→CC,2026-07-19,,20068.0,20068.0,680,Monedero
1628,54526114,Lomas Coloradas,Cristo Redentor,20051.0,L2,V1,2026-07-19 11:57:42,2026-07-19 12:21:52,CC→CW,2026-07-19,,20051.0,20051.0,630,Monedero
1629,54526905,Laguna Quinenco,Hito Galvarino,20180.0,L2,V1,2026-07-19 16:38:43,2026-07-19 16:59:50,CW→CC,2026-07-19,,20180.0,20180.0,530,Monedero
1630,54527378,Mercado,Concepcion,20859.0,L1,V1,2026-07-19 12:28:03,2026-07-19 12:54:32,TH→HQ,2026-07-19,,20859.0,20859.0,540,Monedero
1631,54528735,Lomas Coloradas,Huinca,20059.0,L2,V1,2026-07-19 13:32:04,2026-07-19 13:53:21,CC→CW,2026-07-19,,20059.0,20059.0,630,Monedero
1632,54529957,Cristo Redentor,Concepcion,20156.0,L2,V1,2026-07-19 09:11:26,2026-07-19 09:57:36,CW→CC,2026-07-19,,20156.0,20156.0,850,Monedero
1633,54529957,Concepcion,Cristo Redentor,20171.0,L2,V1,2026-07-19 20:43:02,2026-07-19 21:36:46,CC→CW,2026-07-19,,20171.0,20171.0,850,Monedero
1634,54530442,Cdal. Raul Silva Henriquez,Lomas Coloradas,20062.0,L2,V1,2026-07-19 14:05:45,2026-07-19 14:14:15,CW→CC,2026-07-19,,20062.0,20062.0,430,Monedero
1635,54530679,La Leonera,Concepcion,20846.0,L1,V1,2026-07-19 17:14:47,2026-07-19 17:34:39,HQ→TH,2026-07-19,,20846.0,20846.0,510,Monedero
1636,54530896,Concepcion,Cdal. Raul Silva Henriquez,20067.0,L2,V1,2026-07-19 15:21:41,2026-07-19 15:53:49,CC→CW,2026-07-19,,20067.0,20067.0,570,Monedero
1637,54531004,Huinca,Juan Pablo II,20170.0,L2,V1,2026-07-19 20:18:13,2026-07-19 20:51:05,CW→CC,2026-07-19,,20170.0,20170.0,680,Monedero
1638,54533027,Cdal. Raul Silva Henriquez,Lomas Coloradas,20170.0,L2,V1,2026-07-19 20:30:17,2026-07-19 20:38:07,CW→CC,2026-07-19,,20170.0,20170.0,430,Monedero
1639,54533041,Laguna Quinenco,Cristo Redentor,20170.0,L2,V1,2026-07-19 19:46:17,2026-07-19 20:22:18,CW→CC,2026-07-19,,20170.0,20170.0,450,Monedero
1640,54533554,Cdal. Raul Silva Henriquez,Laguna Quinenco,20071.0,L2,V1,2026-07-19 16:56:16,2026-07-19 17:19:09,CC→CW,2026-07-19,,20071.0,20071.0,650,Monedero
1641,54533808,Concepcion,Costa Mar,20163.0,L2,V1,2026-07-19 18:43:42,2026-07-19 19:13:37,CC→CW,2026-07-19,,20163.0,20163.0,570,Monedero
1642,54533861,Higueras,Concepcion,20847.0,L1,V1,2026-07-19 20:05:51,2026-07-19 21:20:16,TH→HQ,2026-07-19,combo_por_entrada,20847.0,20171.0,590,Monedero
1643,54533906,Juan Pablo II,Hito Galvarino,20049.0,L2,V1,2026-07-19 11:23:23,2026-07-19 11:58:16,CC→CW,2026-07-19,,20049.0,20049.0,650,Monedero
1644,54534219,Concepcion,Huinca,20037.0,L2,V1,2026-07-19 09:47:24,2026-07-19 10:41:23,CC→CW,2026-07-19,,20037.0,20037.0,850,Monedero
1645,54535059,Laguna Quinenco,Concepcion,20068.0,L2,V1,2026-07-19 15:20:24,2026-07-19 16:18:57,CW→CC,2026-07-19,,20068.0,20068.0,880,Monedero
1646,54535059,Concepcion,Coronel,20163.0,L2,V1,2026-07-19 18:54:25,2026-07-19 19:42:35,CC→CW,2026-07-19,,20163.0,20163.0,880,Monedero
1647,54535315,Hito Galvarino,Cdal. Raul Silva Henriquez,20068.0,L2,V1,2026-07-19 15:42:58,2026-07-19 15:54:26,CW→CC,2026-07-19,,20068.0,20068.0,610,Monedero
1648,54535315,Cdal. Raul Silva Henriquez,Hito Galvarino,20167.0,L2,V1,2026-07-19 20:14:13,2026-07-19 20:29:57,CC→CW,2026-07-19,,20167.0,20167.0,610,Monedero
1649,54535469,Laguna Quinenco,Concepcion,20166.0,L2,V1,2026-07-19 19:08:23,2026-07-19 20:00:50,CW→CC,2026-07-19,,20166.0,20166.0,880,Monedero
1650,54535910,Costa Mar,Cristo Redentor,20059.0,L2,V1,2026-07-19 13:23:41,2026-07-19 13:55:30,CC→CW,2026-07-19,,20059.0,20059.0,630,Monedero
1651,54535910,Cristo Redentor,Costa Mar,20166.0,L2,V1,2026-07-19 19:14:04,2026-07-19 19:46:31,CW→CC,2026-07-19,,20166.0,20166.0,630,Monedero
1652,54536165,Concepcion,Cristo Redentor,20167.0,L2,V1,2026-07-19 19:54:58,2026-07-19 20:36:55,CC→CW,2026-07-19,,20167.0,20167.0,850,Monedero
1653,54536376,Costa Mar,Laguna Quinenco,20049.0,L2,V1,2026-07-19 11:42:30,2026-07-19 12:08:51,CC→CW,2026-07-19,,20049.0,20049.0,650,Monedero
1654,54536376,Laguna Quinenco,Costa Mar,20170.0,L2,V1,2026-07-19 20:03:46,2026-07-19 20:43:43,CW→CC,2026-07-19,,20170.0,20170.0,650,Monedero
1655,54538121,Concepcion,Costa Mar,20059.0,L2,V1,2026-07-19 12:57:35,2026-07-19 13:32:38,CC→CW,2026-07-19,,20059.0,20059.0,570,Monedero
1656,54539206,Alborada,Hito Galvarino,20167.0,L2,V1,2026-07-19 19:37:55,2026-07-19 20:29:45,CC→CW,2026-07-19,,20167.0,20167.0,650,Monedero
1657,54539206,Alborada,Hito Galvarino,20167.0,L2,V1,2026-07-19 19:38:02,2026-07-19 20:29:33,CC→CW,2026-07-19,,20167.0,20167.0,650,Monedero
1658,54540169,Laguna Quinenco,Concepcion,20152.0,L2,V1,2026-07-19 08:22:38,2026-07-19 09:13:28,CW→CC,2026-07-19,,20152.0,20152.0,880,Monedero
1659,54540169,Concepcion,Cristo Redentor,20163.0,L2,V1,2026-07-19 18:44:01,2026-07-19 19:37:08,CC→CW,2026-07-19,,20163.0,20163.0,850,Monedero
1660,54540549,Concepcion,Lomas Coloradas,20167.0,L2,V1,2026-07-19 19:36:35,2026-07-19 20:19:58,CC→CW,2026-07-19,,20167.0,20167.0,570,Monedero
1661,54540849,Coronel,Los Canelos,20170.0,L2,V1,2026-07-19 20:03:07,2026-07-19 20:25:32,CW→CC,2026-07-19,,20170.0,20170.0,530,Monedero
1662,54541499,Costa Mar,Juan Pablo II,20040.0,L2,V1,2026-07-19 10:04:28,2026-07-19 10:16:02,CW→CC,2026-07-19,,20040.0,20040.0,510,Monedero
1663,54541787,Concepcion,Lomas Coloradas,20171.0,L2,V1,2026-07-19 20:47:27,2026-07-19 21:19:51,CC→CW,2026-07-19,,20171.0,20171.0,570,Monedero
1664,54542803,Juan Pablo II,Cristo Redentor,20167.0,L2,V1,2026-07-19 19:40:21,2026-07-19 20:38:04,CC→CW,2026-07-19,,20167.0,20167.0,680,Monedero
1665,54542990,Concepcion,Los Canelos,20053.0,L2,V1,2026-07-19 12:06:18,2026-07-19 12:42:12,CC→CW,2026-07-19,,20053.0,20053.0,850,Monedero
1666,54543080,Diagonal Bio Bio,Costa Mar,20167.0,L2,V1,2026-07-19 19:39:57,2026-07-19 20:14:23,CC→CW,2026-07-19,,20167.0,20167.0,510,Monedero
1667,54543080,Costa Mar,Cdal. Raul Silva Henriquez,20171.0,L2,V1,2026-07-19 20:22:01,2026-07-19 21:22:42,CC→CW,2026-07-19,,20171.0,20171.0,430,Monedero
1668,54543290,Los Canelos,Hito Galvarino,20058.0,L2,V1,2026-07-19 12:33:54,2026-07-19 12:43:24,CW→CC,2026-07-19,,20058.0,20058.0,440,Monedero
1669,54543290,Los Canelos,Lomas Coloradas,20180.0,L2,V1,2026-07-19 16:48:14,2026-07-19 17:08:04,CW→CC,2026-07-19,,20180.0,20180.0,610,Monedero
1670,54543950,Los Canelos,Concepcion,20180.0,L2,V1,2026-07-19 16:38:54,2026-07-19 17:59:49,CW→CC,2026-07-19,combo_por_entrada,20180.0,20846.0,880,Monedero
1671,54544076,Cristo Redentor,Costa Mar,20062.0,L2,V1,2026-07-19 13:48:29,2026-07-19 14:18:57,CW→CC,2026-07-19,,20062.0,20062.0,630,Monedero
1672,54544629,El Parque,Diagonal Bio Bio,20152.0,L2,V1,2026-07-19 08:32:35,2026-07-19 09:03:56,CW→CC,2026-07-19,,20152.0,20152.0,510,Monedero
1673,54545705,Coronel,Concepcion,20066.0,L2,V1,2026-07-19 14:39:31,2026-07-19 15:29:56,CW→CC,2026-07-19,,20066.0,20066.0,880,Monedero
1674,54545911,Lomas Coloradas,Costa Mar,20044.0,L2,V1,2026-07-19 10:23:24,2026-07-19 10:33:50,CW→CC,2026-07-19,,20044.0,20044.0,430,Monedero
1675,54546670,Costa Mar,El Parque,20153.0,L2,V1,2026-07-19 09:26:31,2026-07-19 09:32:45,CC→CW,2026-07-19,,20153.0,20153.0,430,Monedero
1676,54546828,Costa Mar,Concepcion,20058.0,L2,V1,2026-07-19 12:52:43,2026-07-19 13:14:38,CW→CC,2026-07-19,,20058.0,20058.0,570,Monedero
1677,54546828,Concepcion,Costa Mar,20171.0,L2,V1,2026-07-19 20:39:31,2026-07-19 21:15:00,CC→CW,2026-07-19,,20171.0,20171.0,570,Monedero
1678,54548871,Concepcion,Hito Galvarino,20157.0,L2,V1,2026-07-19 17:24:45,2026-07-19 17:59:47,CC→CW,2026-07-19,,20157.0,20157.0,850,Monedero
1679,54548871,Hito Galvarino,Concepcion,20162.0,L2,V1,2026-07-19 18:22:56,2026-07-19 18:58:15,CW→CC,2026-07-19,,20162.0,20162.0,850,Monedero
1680,54549309,Concepcion,Lomas Coloradas,20167.0,L2,V1,2026-07-19 19:57:02,2026-07-19 20:19:59,CC→CW,2026-07-19,,20167.0,20167.0,570,Monedero
1681,54549499,Mercado,Concepcion,20847.0,L1,V1,2026-07-19 19:42:30,2026-07-19 20:26:49,TH→HQ,2026-07-19,,20847.0,20847.0,540,Monedero
1682,54549758,Cdal. Raul Silva Henriquez,Concepcion,20040.0,L2,V1,2026-07-19 09:58:44,2026-07-19 10:23:37,CW→CC,2026-07-19,,20040.0,20040.0,570,Monedero
1683,54549758,Concepcion,Cdal. Raul Silva Henriquez,20063.0,L2,V1,2026-07-19 13:40:52,2026-07-19 14:57:56,CC→CW,2026-07-19,,20063.0,20063.0,570,Monedero
1684,54550422,Concepcion,El Parque,20153.0,L2,V1,2026-07-19 09:12:29,2026-07-19 09:31:39,CC→CW,2026-07-19,,20153.0,20153.0,570,Monedero
1685,54550422,El Parque,Concepcion,20166.0,L2,V1,2026-07-19 19:34:06,2026-07-19 19:57:39,CW→CC,2026-07-19,,20166.0,20166.0,570,Monedero
1686,54550734,Cdal. Raul Silva Henriquez,Coronel,20051.0,L2,V1,2026-07-19 12:04:07,2026-07-19 12:26:33,CC→CW,2026-07-19,,20051.0,,650,Monedero
1687,54550734,Cdal. Raul Silva Henriquez,Coronel,20051.0,L2,V1,2026-07-19 12:04:12,2026-07-19 12:26:30,CC→CW,2026-07-19,,20051.0,,650,Monedero
1688,54550734,Coronel,Cdal. Raul Silva Henriquez,20066.0,L2,V1,2026-07-19 14:37:30,2026-07-19 15:06:19,CW→CC,2026-07-19,,20066.0,20066.0,650,Monedero
1689,54550734,Coronel,Cdal. Raul Silva Henriquez,20066.0,L2,V1,2026-07-19 14:37:37,2026-07-19 15:06:12,CW→CC,2026-07-19,,20066.0,20066.0,650,Monedero
1690,54550791,La Leonera,Los Condores,20844.0,L1,V1,2026-07-19 12:28:33,2026-07-19 13:12:40,HQ→TH,2026-07-19,,20844.0,20844.0,540,Monedero
1691,54550791,La Leonera,Los Condores,20844.0,L1,V1,2026-07-19 12:28:39,2026-07-19 13:12:19,HQ→TH,2026-07-19,,20844.0,20844.0,540,Monedero
1692,54551395,Los Canelos,Hito Galvarino,20166.0,L2,V1,2026-07-19 19:16:50,2026-07-19 19:29:48,CW→CC,2026-07-19,,20166.0,20166.0,440,Monedero
1693,54552733,Juan Pablo II,Cdal. Raul Silva Henriquez,20049.0,L2,V1,2026-07-19 11:18:18,2026-07-19 11:52:11,CC→CW,2026-07-19,,20049.0,20049.0,510,Monedero
1694,54556327,Concepcion,Higueras,20848.0,L1,V1,2026-07-19 20:20:49,2026-07-19 21:21:37,HQ→TH,2026-07-19,combo_por_entrada,20848.0,20170.0,870,Monedero
1695,54556975,Cristo Redentor,El Parque,20068.0,L2,V1,2026-07-19 15:40:15,2026-07-19 16:02:41,CW→CC,2026-07-19,,20068.0,20068.0,630,Monedero
1696,54556975,El Parque,Cristo Redentor,20157.0,L2,V1,2026-07-19 17:23:51,2026-07-19 18:08:26,CC→CW,2026-07-19,,20157.0,20157.0,630,Monedero
1697,54557224,Concepcion,Cristo Redentor,20059.0,L2,V1,2026-07-19 12:55:12,2026-07-19 13:56:51,CC→CW,2026-07-19,,20059.0,20059.0,850,Monedero
1698,54557224,Cristo Redentor,Concepcion,20162.0,L2,V1,2026-07-19 18:17:19,2026-07-19 19:02:39,CW→CC,2026-07-19,,20162.0,20162.0,850,Monedero
1699,54558053,Cristo Redentor,Concepcion,20068.0,L2,V1,2026-07-19 15:37:48,2026-07-19 16:20:01,CW→CC,2026-07-19,,20068.0,20068.0,850,Monedero
1700,54558053,Concepcion,Laguna Quinenco,20167.0,L2,V1,2026-07-19 19:47:47,2026-07-19 20:40:40,CC→CW,2026-07-19,,20167.0,20167.0,880,Monedero
1701,54558238,Cdal. Raul Silva Henriquez,Lomas Coloradas,20160.0,L2,V1,2026-07-19 18:05:38,2026-07-19 18:38:38,CW→CC,2026-07-19,,20160.0,20160.0,430,Monedero
1702,54558238,Costa Mar,Cdal. Raul Silva Henriquez,20167.0,L2,V1,2026-07-19 19:26:29,2026-07-19 20:23:35,CC→CW,2026-07-19,,20167.0,20167.0,430,Monedero
1703,54559470,Coronel,Concepcion,20056.0,L2,V1,2026-07-19 12:06:51,2026-07-19 12:57:53,CW→CC,2026-07-19,,20056.0,20056.0,880,Monedero
1704,54559470,Coronel,Concepcion,20056.0,L2,V1,2026-07-19 12:06:55,2026-07-19 12:57:45,CW→CC,2026-07-19,,20056.0,20056.0,880,Monedero
1705,54559470,Concepcion,Los Canelos,20161.0,L2,V1,2026-07-19 18:23:24,2026-07-19 19:05:06,CC→CW,2026-07-19,,20161.0,20161.0,850,Monedero
1706,54559470,Concepcion,Los Canelos,20161.0,L2,V1,2026-07-19 18:23:32,2026-07-19 19:04:59,CC→CW,2026-07-19,,20161.0,20161.0,850,Monedero
1707,54559997,Laguna Quinenco,Hito Galvarino,20166.0,L2,V1,2026-07-19 19:04:19,2026-07-19 19:29:34,CW→CC,2026-07-19,,20166.0,20166.0,530,Monedero
1708,54560111,Concepcion,Cdal. Raul Silva Henriquez,20171.0,L2,V1,2026-07-19 20:12:31,2026-07-19 21:22:45,CC→CW,2026-07-19,,20171.0,20171.0,570,Monedero
1709,54560939,Concepcion,Coronel,20071.0,L2,V1,2026-07-19 16:35:50,2026-07-19 17:22:01,CC→CW,2026-07-19,,20071.0,20071.0,880,Monedero
1710,54561912,Lomas Coloradas,Juan Pablo II,20050.0,L2,V1,2026-07-19 11:11:42,2026-07-19 11:36:16,CW→CC,2026-07-19,,20050.0,20050.0,510,Monedero
1711,54562709,Los Canelos,Concepcion,20040.0,L2,V1,2026-07-19 09:48:13,2026-07-19 10:28:04,CW→CC,2026-07-19,,20040.0,20040.0,850,Monedero
1712,54562812,Coronel,Concepcion,20056.0,L2,V1,2026-07-19 12:15:17,2026-07-19 13:13:21,CW→CC,2026-07-19,,20056.0,20056.0,880,Monedero
1713,54563127,Lzo. Arenas,Los Condores,20844.0,L1,V1,2026-07-19 12:59:17,2026-07-19 13:10:56,HQ→TH,2026-07-19,,20844.0,20844.0,500,Monedero
1714,54563127,Lzo. Arenas,Los Condores,20844.0,L1,V1,2026-07-19 12:59:22,2026-07-19 13:10:50,HQ→TH,2026-07-19,,20844.0,20844.0,500,Monedero
1715,54563127,Los Condores,Lzo. Arenas,20847.0,L1,V1,2026-07-19 19:53:27,2026-07-19 20:20:50,TH→HQ,2026-07-19,,20847.0,20847.0,500,Monedero
1716,54563127,Los Condores,Lzo. Arenas,20847.0,L1,V1,2026-07-19 19:53:36,2026-07-19 20:20:44,TH→HQ,2026-07-19,,20847.0,20847.0,500,Monedero
1717,54564898,Concepcion,Cdal. Raul Silva Henriquez,20049.0,L2,V1,2026-07-19 11:10:25,2026-07-19 11:52:45,CC→CW,2026-07-19,,20049.0,20049.0,570,Monedero
1718,54564898,Concepcion,Cdal. Raul Silva Henriquez,20049.0,L2,V1,2026-07-19 11:11:16,2026-07-19 11:52:39,CC→CW,2026-07-19,,20049.0,20049.0,570,Monedero
1719,54565235,Huinca,Lomas Coloradas,20166.0,L2,V1,2026-07-19 19:12:53,2026-07-19 19:38:35,CW→CC,2026-07-19,,20166.0,20166.0,630,Monedero
1720,54566559,Cdal. Raul Silva Henriquez,Concepcion,20040.0,L2,V1,2026-07-19 09:57:45,2026-07-19 10:24:18,CW→CC,2026-07-19,,20040.0,20040.0,570,Monedero
1721,54567674,Chiguayante,Concepcion,20846.0,L1,V1,2026-07-19 17:02:31,2026-07-19 17:38:53,HQ→TH,2026-07-19,,20846.0,20846.0,510,Monedero
1722,54567674,Chiguayante,Concepcion,20846.0,L1,V1,2026-07-19 17:02:38,2026-07-19 17:38:28,HQ→TH,2026-07-19,,20846.0,20846.0,510,Monedero
1723,54567754,Huinca,Laguna Quinenco,20071.0,L2,V1,2026-07-19 16:55:36,2026-07-19 17:20:02,CC→CW,2026-07-19,,20071.0,20071.0,450,Monedero
1724,54567754,Huinca,Laguna Quinenco,20071.0,L2,V1,2026-07-19 16:55:42,2026-07-19 17:19:56,CC→CW,2026-07-19,,20071.0,20071.0,450,Monedero
1725,54568064,Concepcion,Costa Mar,20059.0,L2,V1,2026-07-19 12:36:08,2026-07-19 13:33:38,CC→CW,2026-07-19,combo_por_entrada,20059.0,20059.0,570,Monedero
1726,54568065,Concepcion,Costa Mar,20059.0,L2,V1,2026-07-19 12:36:18,2026-07-19 13:33:48,CC→CW,2026-07-19,combo_por_entrada,20059.0,20059.0,570,Monedero
1727,54568225,Diagonal Bio Bio,Coronel,20149.0,L2,V1,2026-07-19 08:15:55,2026-07-19 09:12:15,CC→CW,2026-07-19,,20149.0,20149.0,790,Monedero
1728,54568235,Diagonal Bio Bio,Huinca,20041.0,L2,V1,2026-07-19 10:34:17,2026-07-19 11:05:57,CC→CW,2026-07-19,,20041.0,20041.0,680,Monedero
1729,54568235,Huinca,Diagonal Bio Bio,20066.0,L2,V1,2026-07-19 14:21:20,2026-07-19 15:19:40,CW→CC,2026-07-19,,20066.0,20066.0,680,Monedero
1730,54568914,Lomas Coloradas,Concepcion,20056.0,L2,V1,2026-07-19 12:18:26,2026-07-19 12:57:29,CW→CC,2026-07-19,,20056.0,20056.0,570,Monedero
1731,54568914,Concepcion,Lomas Coloradas,20171.0,L2,V1,2026-07-19 20:50:35,2026-07-19 21:20:03,CC→CW,2026-07-19,,20171.0,20171.0,570,Monedero
1732,54569117,Concepcion,Coronel,20149.0,L2,V1,2026-07-19 08:08:39,2026-07-19 09:12:27,CC→CW,2026-07-19,,20149.0,20149.0,880,Monedero
1733,54569192,Cristo Redentor,Concepcion,20160.0,L2,V1,2026-07-19 17:49:09,2026-07-19 18:35:20,CW→CC,2026-07-19,,20160.0,20160.0,850,Monedero
1734,54569992,Cristo Redentor,Cdal. Raul Silva Henriquez,20160.0,L2,V1,2026-07-19 17:38:26,2026-07-19 18:04:24,CW→CC,2026-07-19,,20160.0,20157.0,630,Monedero
1735,54569992,Lomas Coloradas,Cristo Redentor,20171.0,L2,V1,2026-07-19 21:15:03,2026-07-19 21:37:01,CC→CW,2026-07-19,,20171.0,20171.0,630,Monedero
1736,54570090,Cdal. Raul Silva Henriquez,Concepcion,20052.0,L2,V1,2026-07-19 11:38:09,2026-07-19 12:13:15,CW→CC,2026-07-19,,20052.0,20052.0,570,Monedero
1737,54570229,El Parque,Los Canelos,20067.0,L2,V1,2026-07-19 15:46:35,2026-07-19 16:03:27,CC→CW,2026-07-19,,20067.0,20067.0,610,Monedero
1738,54570356,Cristo Redentor,Los Canelos,20166.0,L2,V1,2026-07-19 19:09:22,2026-07-19 19:26:14,CW→CC,2026-07-19,,20166.0,20166.0,460,Monedero
1739,54571226,Cristo Redentor,Laguna Quinenco,20149.0,L2,V1,2026-07-19 08:54:42,2026-07-19 09:09:27,CC→CW,2026-07-19,,20149.0,20149.0,450,Monedero
1740,54571226,Cristo Redentor,Laguna Quinenco,20149.0,L2,V1,2026-07-19 08:54:50,2026-07-19 09:09:21,CC→CW,2026-07-19,,20149.0,20149.0,450,Monedero
1741,54571226,Laguna Quinenco,Cristo Redentor,20056.0,L2,V1,2026-07-19 12:09:21,2026-07-19 12:22:18,CW→CC,2026-07-19,,20056.0,20056.0,450,Monedero
1742,54571226,Laguna Quinenco,Cristo Redentor,20056.0,L2,V1,2026-07-19 12:09:29,2026-07-19 12:22:05,CW→CC,2026-07-19,,20056.0,20056.0,450,Monedero
1743,54571226,Cristo Redentor,Laguna Quinenco,20071.0,L2,V1,2026-07-19 17:03:51,2026-07-19 17:20:06,CC→CW,2026-07-19,,20071.0,20071.0,450,Monedero
1744,54571226,Cristo Redentor,Laguna Quinenco,20071.0,L2,V1,2026-07-19 17:04:00,2026-07-19 17:20:01,CC→CW,2026-07-19,,20071.0,20071.0,450,Monedero
1745,54571322,Lomas Coloradas,Los Canelos,20161.0,L2,V1,2026-07-19 18:35:27,2026-07-19 19:03:01,CC→CW,2026-07-19,,20161.0,20161.0,610,Monedero
1746,54571560,Cdal. Raul Silva Henriquez,Concepcion,20056.0,L2,V1,2026-07-19 12:17:54,2026-07-19 12:58:17,CW→CC,2026-07-19,,20056.0,20056.0,570,Monedero
1747,54571560,Concepcion,Cdal. Raul Silva Henriquez,20171.0,L2,V1,2026-07-19 20:05:20,2026-07-19 21:24:25,CC→CW,2026-07-19,,20171.0,20167.0,570,Monedero
1748,54571561,Concepcion,Laguna Quinenco,20041.0,L2,V1,2026-07-19 10:23:46,2026-07-19 11:09:31,CC→CW,2026-07-19,,20041.0,20041.0,880,Monedero
1749,54571561,Laguna Quinenco,Concepcion,20166.0,L2,V1,2026-07-19 19:03:20,2026-07-19 19:58:09,CW→CC,2026-07-19,,20166.0,20166.0,880,Monedero
1750,54571654,Concepcion,Coronel,20063.0,L2,V1,2026-07-19 14:35:44,2026-07-19 16:13:54,CC→CW,2026-07-19,,20063.0,20063.0,880,Monedero
1751,54571686,Concepcion,Huinca,20161.0,L2,V1,2026-07-19 18:33:16,2026-07-19 19:35:03,CC→CW,2026-07-19,,20161.0,20161.0,850,Monedero
1752,54571686,Concepcion,Huinca,20161.0,L2,V1,2026-07-19 18:33:20,2026-07-19 19:34:58,CC→CW,2026-07-19,,20161.0,20161.0,850,Monedero
1753,54571861,Concepcion,Coronel,20163.0,L2,V1,2026-07-19 18:55:45,2026-07-19 19:43:46,CC→CW,2026-07-19,,20163.0,20163.0,880,Monedero
1754,54572190,Costa Mar,Diagonal Bio Bio,20058.0,L2,V1,2026-07-19 12:58:00,2026-07-19 13:03:19,CW→CC,2026-07-19,,20058.0,20058.0,510,Monedero
1755,54572845,Coronel,Hito Galvarino,20180.0,L2,V1,2026-07-19 16:26:14,2026-07-19 16:59:36,CW→CC,2026-07-19,,20180.0,20180.0,530,Monedero
1756,54573068,Laguna Quinenco,Concepcion,20170.0,L2,V1,2026-07-19 20:06:07,2026-07-19 21:02:01,CW→CC,2026-07-19,,20170.0,20170.0,880,Monedero
1757,54573777,Cdal. Raul Silva Henriquez,Concepcion,20052.0,L2,V1,2026-07-19 11:38:12,2026-07-19 12:13:19,CW→CC,2026-07-19,,20052.0,20052.0,570,Monedero
1758,54574648,Chiguayante,Lzo. Arenas,20850.0,L1,V1,2026-07-19 09:40:05,2026-07-19 10:05:05,HQ→TH,2026-07-19,,20850.0,20850.0,510,Monedero
1759,54576121,Cdal. Raul Silva Henriquez,Diagonal Bio Bio,20056.0,L2,V1,2026-07-19 12:32:42,2026-07-19 12:48:34,CW→CC,2026-07-19,,20056.0,20056.0,510,Monedero
1760,54576162,Diagonal Bio Bio,Los Canelos,20161.0,L2,V1,2026-07-19 18:30:02,2026-07-19 19:02:58,CC→CW,2026-07-19,,20161.0,20161.0,650,Monedero
1761,54577708,Juan Pablo II,Coronel,20149.0,L2,V1,2026-07-19 08:31:30,2026-07-19 09:15:13,CC→CW,2026-07-19,,20149.0,20149.0,790,Monedero
1762,54578509,Costa Mar,Los Canelos,20171.0,L2,V1,2026-07-19 21:09:14,2026-07-19 21:32:41,CC→CW,2026-07-19,,20171.0,20171.0,610,Monedero
1763,54578671,Cdal. Raul Silva Henriquez,Laguna Quinenco,20071.0,L2,V1,2026-07-19 16:54:38,2026-07-19 17:19:27,CC→CW,2026-07-19,,20071.0,20071.0,650,Monedero
1764,54578671,Laguna Quinenco,Cdal. Raul Silva Henriquez,20170.0,L2,V1,2026-07-19 20:01:40,2026-07-19 20:36:04,CW→CC,2026-07-19,,20170.0,20170.0,650,Monedero
1765,54579161,Costa Mar,Diagonal Bio Bio,20066.0,L2,V1,2026-07-19 14:59:40,2026-07-19 15:20:12,CW→CC,2026-07-19,,20066.0,20066.0,510,Monedero
1766,54579161,Costa Mar,Diagonal Bio Bio,20066.0,L2,V1,2026-07-19 14:59:47,2026-07-19 15:20:07,CW→CC,2026-07-19,,20066.0,20066.0,510,Monedero
1767,54579484,Concepcion,Concepcion,,,,2026-07-19 10:54:44,2026-07-19 10:55:12,,2026-07-19,no viajo,,,420,Monedero
1768,54579548,Concepcion,Lzo. Arenas,20848.0,L1,V1,2026-07-19 20:35:46,2026-07-19 21:07:36,HQ→TH,2026-07-19,combo_por_entrada,20848.0,20170.0,570,Monedero
1769,54579624,Cristo Redentor,Concepcion,20056.0,L2,V1,2026-07-19 12:11:21,2026-07-19 12:57:53,CW→CC,2026-07-19,,20056.0,20056.0,850,Monedero
1770,54579624,Concepcion,Cristo Redentor,20163.0,L2,V1,2026-07-19 18:36:53,2026-07-19 19:37:08,CC→CW,2026-07-19,,20163.0,20161.0,850,Monedero
1771,54579660,Concepcion,Los Canelos,20167.0,L2,V1,2026-07-19 19:33:26,2026-07-19 20:34:35,CC→CW,2026-07-19,,20167.0,20167.0,850,Monedero
1772,54579870,Cristo Redentor,El Parque,20058.0,L2,V1,2026-07-19 12:26:17,2026-07-19 12:58:18,CW→CC,2026-07-19,,20058.0,20056.0,630,Monedero
1773,54579870,Cristo Redentor,El Parque,20058.0,L2,V1,2026-07-19 12:26:25,2026-07-19 12:57:45,CW→CC,2026-07-19,,20058.0,20056.0,630,Monedero
1774,54579870,El Parque,Cristo Redentor,20063.0,L2,V1,2026-07-19 14:38:34,2026-07-19 15:12:05,CC→CW,2026-07-19,,20063.0,20063.0,630,Monedero
1775,54580470,Huinca,Diagonal Bio Bio,20040.0,L2,V1,2026-07-19 09:38:55,2026-07-19 10:14:13,CW→CC,2026-07-19,,20040.0,20040.0,680,Monedero
1776,54581282,Hito Galvarino,Concepcion,20162.0,L2,V1,2026-07-19 18:24:04,2026-07-19 18:57:33,CW→CC,2026-07-19,,20162.0,20162.0,850,Monedero
1777,54581306,Los Canelos,Concepcion,20050.0,L2,V1,2026-07-19 10:56:00,2026-07-19 11:42:22,CW→CC,2026-07-19,,20050.0,20050.0,850,Monedero
1778,54581306,Concepcion,Laguna Quinenco,20157.0,L2,V1,2026-07-19 16:59:16,2026-07-19 18:09:53,CC→CW,2026-07-19,,20157.0,20157.0,880,Monedero
1779,54581504,Los Canelos,Concepcion,20162.0,L2,V1,2026-07-19 17:58:00,2026-07-19 18:58:14,CW→CC,2026-07-19,,20162.0,20160.0,850,Monedero
1780,54582112,Cristo Redentor,Concepcion,20162.0,L2,V1,2026-07-19 18:08:34,2026-07-19 18:58:22,CW→CC,2026-07-19,,20162.0,20162.0,850,Monedero
1781,54582933,Lomas Coloradas,Concepcion,20180.0,L2,V1,2026-07-19 17:05:55,2026-07-19 17:29:32,CW→CC,2026-07-19,,20180.0,20180.0,570,Monedero
1782,54583408,Lomas Coloradas,Concepcion,20066.0,L2,V1,2026-07-19 14:58:30,2026-07-19 15:31:00,CW→CC,2026-07-19,,20066.0,20066.0,570,Monedero
1783,54583408,Concepcion,Lomas Coloradas,20157.0,L2,V1,2026-07-19 17:21:10,2026-07-19 17:50:42,CC→CW,2026-07-19,,20157.0,20157.0,570,Monedero
1784,54583494,Concepcion,Los Canelos,20163.0,L2,V1,2026-07-19 18:45:02,2026-07-19 19:32:03,CC→CW,2026-07-19,,20163.0,20163.0,850,Monedero
1785,54583656,Laguna Quinenco,Concepcion,20152.0,L2,V1,2026-07-19 08:22:33,2026-07-19 09:13:54,CW→CC,2026-07-19,,20152.0,20152.0,880,Monedero
1786,54583656,Concepcion,Laguna Quinenco,20171.0,L2,V1,2026-07-19 20:43:15,2026-07-19 21:39:08,CC→CW,2026-07-19,,20171.0,20171.0,880,Monedero
1787,54583818,Lomas Coloradas,Diagonal Bio Bio,20166.0,L2,V1,2026-07-19 19:32:12,2026-07-19 19:49:37,CW→CC,2026-07-19,,20166.0,20166.0,510,Monedero
1788,54584315,Manquimavida,Concepcion,20848.0,L1,V1,2026-07-19 20:41:05,2026-07-19 21:00:20,HQ→TH,2026-07-19,,20848.0,20848.0,510,Monedero
1789,54584764,El Parque,Lomas Coloradas,20163.0,L2,V1,2026-07-19 19:14:56,2026-07-19 19:18:47,CC→CW,2026-07-19,,20163.0,20163.0,430,Monedero
1790,54584863,Lomas Coloradas,El Parque,20156.0,L2,V1,2026-07-19 09:37:04,2026-07-19 09:41:04,CW→CC,2026-07-19,,20156.0,20156.0,430,Monedero
1791,54584863,El Parque,Lomas Coloradas,20167.0,L2,V1,2026-07-19 20:15:27,2026-07-19 20:20:06,CC→CW,2026-07-19,,20167.0,20167.0,430,Monedero
1792,54585131,Huinca,Concepcion,20066.0,L2,V1,2026-07-19 14:40:49,2026-07-19 15:28:42,CW→CC,2026-07-19,,20066.0,20066.0,850,Monedero
1793,54585131,Concepcion,Huinca,20167.0,L2,V1,2026-07-19 19:26:07,2026-07-19 20:35:20,CC→CW,2026-07-19,,20167.0,20167.0,850,Monedero
1794,54585181,Concepcion,Cristo Redentor,20041.0,L2,V1,2026-07-19 10:22:36,2026-07-19 11:07:23,CC→CW,2026-07-19,,20041.0,20041.0,850,Monedero
1795,54585820,Laguna Quinenco,Huinca,20058.0,L2,V1,2026-07-19 12:29:58,2026-07-19 12:38:39,CW→CC,2026-07-19,,20058.0,20058.0,450,Monedero
1796,54586989,Lomas Coloradas,Laguna Quinenco,20053.0,L2,V1,2026-07-19 12:09:53,2026-07-19 12:49:51,CC→CW,2026-07-19,,20053.0,20051.0,650,Monedero
1797,54586989,Laguna Quinenco,Lomas Coloradas,20068.0,L2,V1,2026-07-19 15:10:56,2026-07-19 15:58:53,CW→CC,2026-07-19,,20068.0,20068.0,650,Monedero
1798,54587022,Concepcion,Cdal. Raul Silva Henriquez,20071.0,L2,V1,2026-07-19 16:31:56,2026-07-19 17:01:55,CC→CW,2026-07-19,,20071.0,20071.0,570,Monedero
1799,54587654,Coronel,Concepcion,20160.0,L2,V1,2026-07-19 17:32:01,2026-07-19 18:28:09,CW→CC,2026-07-19,,20160.0,20160.0,880,Monedero
1800,54587897,Huinca,Concepcion,20062.0,L2,V1,2026-07-19 13:55:48,2026-07-19 14:33:34,CW→CC,2026-07-19,,20062.0,20062.0,850,Monedero
1801,54588072,Cristo Redentor,Lomas Coloradas,20166.0,L2,V1,2026-07-19 18:58:38,2026-07-19 19:40:08,CW→CC,2026-07-19,,20166.0,20166.0,630,Monedero
1802,54588261,Concepcion,Huinca,20049.0,L2,V1,2026-07-19 11:24:06,2026-07-19 12:04:37,CC→CW,2026-07-19,,20049.0,20049.0,850,Monedero
1803,54588282,Cristo Redentor,Concepcion,20058.0,L2,V1,2026-07-19 12:29:18,2026-07-19 13:14:29,CW→CC,2026-07-19,,20058.0,20058.0,850,Monedero
1804,54588282,Concepcion,Cristo Redentor,20157.0,L2,V1,2026-07-19 17:18:18,2026-07-19 18:07:23,CC→CW,2026-07-19,,20157.0,20157.0,850,Monedero
1805,54588363,Los Canelos,Laguna Quinenco,20041.0,L2,V1,2026-07-19 10:55:13,2026-07-19 11:09:48,CC→CW,2026-07-19,,20041.0,20041.0,530,Monedero
1806,54588647,El Parque,Cdal. Raul Silva Henriquez,20149.0,L2,V1,2026-07-19 08:32:35,2026-07-19 08:51:55,CC→CW,2026-07-19,,20149.0,20149.0,430,Monedero
1807,54588647,Cdal. Raul Silva Henriquez,El Parque,20166.0,L2,V1,2026-07-19 19:24:35,2026-07-19 19:42:23,CW→CC,2026-07-19,,20166.0,20166.0,430,Monedero
1808,54588934,Los Canelos,Concepcion,20156.0,L2,V1,2026-07-19 09:09:06,2026-07-19 09:57:38,CW→CC,2026-07-19,,20156.0,20156.0,850,Monedero
1809,54588934,Concepcion,Los Canelos,20059.0,L2,V1,2026-07-19 12:59:10,2026-07-19 13:51:32,CC→CW,2026-07-19,,20059.0,20059.0,850,Monedero
1810,54588974,Los Canelos,El Parque,20156.0,L2,V1,2026-07-19 09:24:41,2026-07-19 09:41:44,CW→CC,2026-07-19,,20156.0,20156.0,610,Monedero
1811,54588974,El Parque,Los Canelos,20167.0,L2,V1,2026-07-19 20:06:18,2026-07-19 20:33:13,CC→CW,2026-07-19,,20167.0,20167.0,610,Monedero
1812,54589356,Lomas Coloradas,Concepcion,20052.0,L2,V1,2026-07-19 11:38:09,2026-07-19 12:10:14,CW→CC,2026-07-19,,20052.0,20052.0,570,Monedero
1813,54590148,Hualqui,Higueras,20846.0,L1,V1,2026-07-19 16:55:16,2026-07-19 17:51:58,HQ→TH,2026-07-19,,20846.0,20846.0,560,Monedero
1814,54590549,Concepcion,Cristo Redentor,20149.0,L2,V1,2026-07-19 08:14:01,2026-07-19 09:06:55,CC→CW,2026-07-19,,20149.0,20149.0,850,Monedero
1815,54591406,Laguna Quinenco,Los Canelos,20068.0,L2,V1,2026-07-19 15:28:59,2026-07-19 15:45:08,CW→CC,2026-07-19,,20068.0,20068.0,530,Monedero
1816,54591642,Diagonal Bio Bio,Juan Pablo II,20044.0,L2,V1,2026-07-19 10:36:38,2026-07-19 10:41:52,CW→CC,2026-07-19,,20044.0,20044.0,440,Monedero
1817,54592491,Diagonal Bio Bio,Cristo Redentor,20059.0,L2,V1,2026-07-19 13:10:48,2026-07-19 13:55:39,CC→CW,2026-07-19,,20059.0,20059.0,680,Monedero
1818,54592537,Los Condores,Chiguayante,20857.0,L1,V1,2026-07-19 08:35:48,2026-07-19 09:10:20,TH→HQ,2026-07-19,,20857.0,20857.0,540,Monedero
1819,54592537,Chiguayante,Los Condores,20844.0,L1,V1,2026-07-19 12:30:59,2026-07-19 13:10:57,HQ→TH,2026-07-19,,20844.0,20844.0,540,Monedero
1820,54592595,Concepcion,Laguna Quinenco,20161.0,L2,V1,2026-07-19 16:32:54,2026-07-19 19:10:15,CC→CW,2026-07-19,combo_relajado_pase2,20161.0,20161.0,970,Monedero
1821,54592949,Huinca,Cristo Redentor,20063.0,L2,V1,2026-07-19 15:04:57,2026-07-19 15:11:15,CC→CW,2026-07-19,,20063.0,20063.0,440,Monedero
1822,54594553,Cristo Redentor,Costa Mar,20062.0,L2,V1,2026-07-19 13:51:39,2026-07-19 14:21:41,CW→CC,2026-07-19,,20062.0,20062.0,630,Monedero
1823,54594553,Alborada,Cristo Redentor,20161.0,L2,V1,2026-07-19 18:34:05,2026-07-19 19:08:19,CC→CW,2026-07-19,,20161.0,20161.0,680,Monedero
1824,54594908,Laguna Quinenco,Concepcion,20170.0,L2,V1,2026-07-19 20:08:20,2026-07-19 20:59:22,CW→CC,2026-07-19,,20170.0,20170.0,880,Monedero
1825,54595597,Alborada,Concepcion,20166.0,L2,V1,2026-07-19 19:42:14,2026-07-19 19:58:08,CW→CC,2026-07-19,,20166.0,20166.0,570,Monedero
1826,54595836,Coronel,Concepcion,20056.0,L2,V1,2026-07-19 11:54:38,2026-07-19 12:58:33,CW→CC,2026-07-19,,20056.0,20056.0,880,Monedero
1827,54596102,Los Canelos,Concepcion,20044.0,L2,V1,2026-07-19 10:03:03,2026-07-19 10:48:47,CW→CC,2026-07-19,,20044.0,20044.0,850,Monedero
1828,54597229,Cdal. Raul Silva Henriquez,Concepcion,20066.0,L2,V1,2026-07-19 14:56:29,2026-07-19 15:28:51,CW→CC,2026-07-19,,20066.0,20066.0,570,Monedero
1829,54597322,Concepcion,Cdal. Raul Silva Henriquez,20161.0,L2,V1,2026-07-19 18:27:43,2026-07-19 18:53:48,CC→CW,2026-07-19,,20161.0,20161.0,570,Monedero
1830,54597788,Cdal. Raul Silva Henriquez,Concepcion,20160.0,L2,V1,2026-07-19 17:39:41,2026-07-19 18:28:43,CW→CC,2026-07-19,,20160.0,20160.0,570,Monedero
1831,54597841,Diagonal Bio Bio,Concepcion,20058.0,L2,V1,2026-07-19 12:56:48,2026-07-19 13:14:40,CW→CC,2026-07-19,,20058.0,20058.0,570,Monedero
1832,54597841,Hualqui,Concepcion,20846.0,L1,V1,2026-07-19 16:59:14,2026-07-19 21:01:05,HQ→TH,2026-07-19,,20846.0,20846.0,550,Monedero
1833,54599565,Laguna Quinenco,El Parque,20066.0,L2,V1,2026-07-19 14:33:57,2026-07-19 15:12:44,CW→CC,2026-07-19,,20066.0,20066.0,650,Monedero
1834,54599565,Alborada,Cristo Redentor,20157.0,L2,V1,2026-07-19 17:37:21,2026-07-19 18:08:31,CC→CW,2026-07-19,,20157.0,20157.0,680,Monedero
1835,54599770,Concepcion,Hito Galvarino,20163.0,L2,V1,2026-07-19 18:56:36,2026-07-19 19:29:00,CC→CW,2026-07-19,,20163.0,20163.0,850,Monedero
1836,54599801,El Parque,Cristo Redentor,20161.0,L2,V1,2026-07-19 18:34:49,2026-07-19 19:08:38,CC→CW,2026-07-19,,20161.0,20161.0,630,Monedero
1837,54600921,Cdal. Raul Silva Henriquez,Concepcion,20068.0,L2,V1,2026-07-19 15:48:03,2026-07-19 16:18:37,CW→CC,2026-07-19,,20068.0,20068.0,570,Monedero
1838,54601589,Concepcion,El Parque,20037.0,L2,V1,2026-07-19 09:39:17,2026-07-19 10:21:42,CC→CW,2026-07-19,combo_por_entrada,20037.0,20037.0,590,Monedero
1839,54601589,Concepcion,El Parque,20037.0,L2,V1,2026-07-19 09:39:23,2026-07-19 10:21:37,CC→CW,2026-07-19,combo_por_entrada,20037.0,20037.0,590,Monedero
1840,54601829,Hualqui,Chiguayante,20850.0,L1,V1,2026-07-19 09:25:41,2026-07-19 09:48:56,HQ→TH,2026-07-19,,20850.0,20850.0,500,Monedero
1841,54601829,Chiguayante,Hualqui,20847.0,L1,V1,2026-07-19 20:32:06,2026-07-19 21:02:30,TH→HQ,2026-07-19,,20847.0,20847.0,500,Monedero
1842,54602715,Manquimavida,Mercado,20846.0,L1,V1,2026-07-19 17:05:38,2026-07-19 17:59:40,HQ→TH,2026-07-19,,20846.0,20846.0,550,Monedero
1843,54602715,Manquimavida,Mercado,20846.0,L1,V1,2026-07-19 17:05:44,2026-07-19 17:59:35,HQ→TH,2026-07-19,,20846.0,20846.0,550,Monedero
1844,54602781,Lomas Coloradas,Laguna Quinenco,20063.0,L2,V1,2026-07-19 14:46:03,2026-07-19 15:15:07,CC→CW,2026-07-19,,20063.0,20063.0,650,Monedero
1845,54602781,Laguna Quinenco,Lomas Coloradas,20160.0,L2,V1,2026-07-19 17:34:14,2026-07-19 18:09:08,CW→CC,2026-07-19,,20160.0,20160.0,650,Monedero
1846,54604142,Concepcion,Coronel,20157.0,L2,V1,2026-07-19 17:17:56,2026-07-19 18:13:04,CC→CW,2026-07-19,,20157.0,20157.0,880,Monedero
1847,54604221,Costa Mar,Cristo Redentor,20063.0,L2,V1,2026-07-19 14:41:34,2026-07-19 15:12:29,CC→CW,2026-07-19,,20063.0,20063.0,630,Monedero
1848,54604221,Laguna Quinenco,Costa Mar,20166.0,L2,V1,2026-07-19 19:05:40,2026-07-19 19:44:50,CW→CC,2026-07-19,,20166.0,20166.0,650,Monedero
1849,54604225,Los Condores,Concepcion,20845.0,L1,V1,2026-07-19 16:03:49,2026-07-19 16:27:15,TH→HQ,2026-07-19,,20845.0,20845.0,500,Monedero
1850,54604225,Los Condores,Concepcion,20845.0,L1,V1,2026-07-19 16:03:54,2026-07-19 16:27:08,TH→HQ,2026-07-19,,20845.0,20845.0,500,Monedero
1851,54604225,Concepcion,Los Condores,20848.0,L1,V1,2026-07-19 20:52:16,2026-07-19 21:18:02,HQ→TH,2026-07-19,,20848.0,20848.0,500,Monedero
1852,54604225,Concepcion,Los Condores,20848.0,L1,V1,2026-07-19 20:52:35,2026-07-19 21:17:58,HQ→TH,2026-07-19,,20848.0,20848.0,500,Monedero
1853,54605238,Lomas Coloradas,Concepcion,20058.0,L2,V1,2026-07-19 12:51:41,2026-07-19 13:13:56,CW→CC,2026-07-19,,20058.0,20058.0,570,Monedero
1854,54605238,Concepcion,Lomas Coloradas,20163.0,L2,V1,2026-07-19 18:35:43,2026-07-19 19:20:12,CC→CW,2026-07-19,,20163.0,20161.0,570,Monedero
1855,54605384,Costa Mar,Concepcion,20062.0,L2,V1,2026-07-19 14:04:16,2026-07-19 14:34:00,CW→CC,2026-07-19,,20062.0,20062.0,570,Monedero
1856,54605437,Los Canelos,Juan Pablo II,20044.0,L2,V1,2026-07-19 10:02:39,2026-07-19 10:40:50,CW→CC,2026-07-19,,20044.0,20044.0,650,Monedero
1857,54605480,Coronel,Concepcion,20068.0,L2,V1,2026-07-19 15:20:39,2026-07-19 16:18:29,CW→CC,2026-07-19,,20068.0,20068.0,880,Monedero
1858,54605659,Huinca,Concepcion,20068.0,L2,V1,2026-07-19 15:35:43,2026-07-19 16:17:29,CW→CC,2026-07-19,,20068.0,20068.0,850,Monedero
1859,54605659,Huinca,Concepcion,20068.0,L2,V1,2026-07-19 15:35:56,2026-07-19 16:17:24,CW→CC,2026-07-19,,20068.0,20068.0,850,Monedero
1860,54605817,Concepcion,Hito Galvarino,20157.0,L2,V1,2026-07-19 17:23:09,2026-07-19 17:59:32,CC→CW,2026-07-19,,20157.0,20157.0,850,Monedero
1861,54605956,El Parque,Cristo Redentor,20041.0,L2,V1,2026-07-19 10:40:58,2026-07-19 11:07:43,CC→CW,2026-07-19,,20041.0,20041.0,630,Monedero
1862,54606140,Los Canelos,Concepcion,20066.0,L2,V1,2026-07-19 14:52:01,2026-07-19 15:28:53,CW→CC,2026-07-19,,20066.0,20066.0,850,Monedero
1863,54606552,El Parque,Diagonal Bio Bio,20170.0,L2,V1,2026-07-19 20:23:50,2026-07-19 20:48:45,CW→CC,2026-07-19,,20170.0,20170.0,510,Monedero
1864,54606646,Costa Mar,Diagonal Bio Bio,20156.0,L2,V1,2026-07-19 09:41:19,2026-07-19 09:48:44,CW→CC,2026-07-19,,20156.0,20156.0,510,Monedero
1865,54606646,Costa Mar,Diagonal Bio Bio,20160.0,L2,V1,2026-07-19 18:10:01,2026-07-19 18:17:40,CW→CC,2026-07-19,,20160.0,20160.0,510,Monedero
1866,54608574,Concepcion,Coronel,20171.0,L2,V1,2026-07-19 20:44:59,2026-07-19 21:41:59,CC→CW,2026-07-19,,20171.0,20171.0,880,Monedero
1867,56010076,Hito Galvarino,Laguna Quinenco,20163.0,L2,V1,2026-07-19 19:27:00,2026-07-19 19:39:41,CC→CW,2026-07-19,,20163.0,20163.0,530,Monedero
1868,56012601,Coronel,Concepcion,20062.0,L2,V1,2026-07-19 13:47:53,2026-07-19 14:38:14,CW→CC,2026-07-19,,20062.0,20062.0,880,Monedero
1869,56017290,Huinca,Juan Pablo II,20162.0,L2,V1,2026-07-19 18:14:53,2026-07-19 18:51:22,CW→CC,2026-07-19,,20162.0,20162.0,680,Monedero
1870,56019176,Concepcion,UTF Santa Maria,20846.0,L1,V1,2026-07-19 16:39:39,2026-07-19 17:44:56,HQ→TH,2026-07-19,combo_por_entrada,20846.0,20846.0,900,Monedero
1871,56022994,Laguna Quinenco,El Parque,20062.0,L2,V1,2026-07-19 13:50:39,2026-07-19 14:17:17,CW→CC,2026-07-19,,20062.0,20062.0,650,Monedero
1872,56026598,Cdal. Raul Silva Henriquez,Concepcion,20068.0,L2,V1,2026-07-19 15:41:19,2026-07-19 16:17:49,CW→CC,2026-07-19,,20068.0,20068.0,570,Monedero
1873,56027453,Coronel,Concepcion,20166.0,L2,V1,2026-07-19 19:06:22,2026-07-19 19:57:38,CW→CC,2026-07-19,,20166.0,20166.0,880,Monedero
1874,56027599,Laguna Quinenco,Cristo Redentor,20170.0,L2,V1,2026-07-19 20:12:18,2026-07-19 20:22:26,CW→CC,2026-07-19,,20170.0,20170.0,450,Monedero
1875,56032460,Laguna Quinenco,Diagonal Bio Bio,20044.0,L2,V1,2026-07-19 10:06:13,2026-07-19 10:38:59,CW→CC,2026-07-19,,20044.0,20044.0,790,Monedero
1876,56040189,UTF Santa Maria,Manquimavida,20859.0,L1,V1,2026-07-19 12:38:51,2026-07-19 13:16:55,TH→HQ,2026-07-19,,20859.0,20859.0,540,Monedero
1877,56040189,Manquimavida,El Arenal,20846.0,L1,V1,2026-07-19 17:12:45,2026-07-19 17:55:58,HQ→TH,2026-07-19,,20846.0,20846.0,550,Monedero
1878,56041103,Concepcion,Lomas Coloradas,20051.0,L2,V1,2026-07-19 11:41:12,2026-07-19 12:04:16,CC→CW,2026-07-19,,20051.0,20051.0,570,Monedero
1879,56041861,Cdal. Raul Silva Henriquez,Juan Pablo II,20062.0,L2,V1,2026-07-19 13:49:54,2026-07-19 14:26:11,CW→CC,2026-07-19,,20062.0,20062.0,510,Monedero
1880,56041861,Juan Pablo II,Laguna Quinenco,20157.0,L2,V1,2026-07-19 17:10:37,2026-07-19 18:10:56,CC→CW,2026-07-19,,20157.0,20157.0,790,Monedero
1881,56043269,Coronel,Concepcion,20062.0,L2,V1,2026-07-19 13:47:58,2026-07-19 14:38:17,CW→CC,2026-07-19,,20062.0,20062.0,880,Monedero
1882,56043269,Concepcion,Coronel,20167.0,L2,V1,2026-07-19 19:47:54,2026-07-19 20:47:05,CC→CW,2026-07-19,,20167.0,20167.0,880,Monedero
1883,56043269,Concepcion,Coronel,20167.0,L2,V1,2026-07-19 19:47:58,2026-07-19 20:47:00,CC→CW,2026-07-19,,20167.0,20167.0,880,Monedero
1884,56044821,Coronel,Concepcion,20068.0,L2,V1,2026-07-19 15:20:28,2026-07-19 16:17:51,CW→CC,2026-07-19,,20068.0,20068.0,880,Monedero
1885,56044821,Coronel,Concepcion,20068.0,L2,V1,2026-07-19 15:20:33,2026-07-19 16:17:46,CW→CC,2026-07-19,,20068.0,20068.0,880,Monedero
1886,56044914,Los Canelos,Cristo Redentor,20071.0,L2,V1,2026-07-19 17:02:04,2026-07-19 17:18:06,CC→CW,2026-07-19,,20071.0,20071.0,460,Monedero
1887,56044982,Los Canelos,Concepcion,20162.0,L2,V1,2026-07-19 18:21:22,2026-07-19 18:58:08,CW→CC,2026-07-19,,20162.0,20162.0,850,Monedero
1888,56045253,Huinca,Concepcion,20160.0,L2,V1,2026-07-19 17:41:33,2026-07-19 18:29:16,CW→CC,2026-07-19,,20160.0,20160.0,850,Monedero
1889,56045544,Coronel,Concepcion,20162.0,L2,V1,2026-07-19 18:09:50,2026-07-19 18:57:29,CW→CC,2026-07-19,,20162.0,20162.0,880,Monedero
1890,56046053,Los Canelos,Concepcion,20160.0,L2,V1,2026-07-19 17:39:32,2026-07-19 18:28:49,CW→CC,2026-07-19,,20160.0,20160.0,850,Monedero
1891,56047273,Huinca,Concepcion,20058.0,L2,V1,2026-07-19 12:29:22,2026-07-19 13:15:03,CW→CC,2026-07-19,,20058.0,20056.0,850,Monedero
1892,56047535,Costa Mar,Laguna Quinenco,20161.0,L2,V1,2026-07-19 18:41:11,2026-07-19 19:10:24,CC→CW,2026-07-19,,20161.0,20161.0,650,Monedero
1893,56047535,Laguna Quinenco,Costa Mar,20166.0,L2,V1,2026-07-19 19:11:40,2026-07-19 19:44:31,CW→CC,2026-07-19,,20166.0,20166.0,650,Monedero
1894,56047952,Costa Mar,Diagonal Bio Bio,20056.0,L2,V1,2026-07-19 12:39:02,2026-07-19 12:48:12,CW→CC,2026-07-19,,20056.0,20056.0,510,Monedero
1895,56047952,Costa Mar,Diagonal Bio Bio,20056.0,L2,V1,2026-07-19 12:39:07,2026-07-19 12:48:07,CW→CC,2026-07-19,,20056.0,20056.0,510,Monedero
1896,56047952,Diagonal Bio Bio,Costa Mar,20059.0,L2,V1,2026-07-19 13:17:09,2026-07-19 13:32:30,CC→CW,2026-07-19,,20059.0,20059.0,510,Monedero
1897,56047952,Diagonal Bio Bio,Costa Mar,20059.0,L2,V1,2026-07-19 13:17:26,2026-07-19 13:32:25,CC→CW,2026-07-19,,20059.0,20059.0,510,Monedero
1898,56048185,Cdal. Raul Silva Henriquez,El Parque,20068.0,L2,V1,2026-07-19 15:41:51,2026-07-19 16:01:31,CW→CC,2026-07-19,,20068.0,20068.0,430,Monedero
1899,56048185,El Parque,Cdal. Raul Silva Henriquez,20071.0,L2,V1,2026-07-19 16:52:20,2026-07-19 17:01:53,CC→CW,2026-07-19,,20071.0,20071.0,430,Monedero
1900,56048877,Lomas Coloradas,Concepcion,20056.0,L2,V1,2026-07-19 12:28:46,2026-07-19 12:58:00,CW→CC,2026-07-19,,20056.0,20056.0,570,Monedero
1901,56048877,Concepcion,Lomas Coloradas,20161.0,L2,V1,2026-07-19 18:10:09,2026-07-19 18:49:58,CC→CW,2026-07-19,,20161.0,20161.0,570,Monedero
1902,56049734,Lomas Coloradas,Concepcion,20156.0,L2,V1,2026-07-19 09:23:12,2026-07-19 10:03:28,CW→CC,2026-07-19,,20156.0,20156.0,570,Monedero
1903,56049734,Concepcion,Cristo Redentor,20049.0,L2,V1,2026-07-19 11:11:46,2026-07-19 12:06:43,CC→CW,2026-07-19,,20049.0,20049.0,850,Monedero
1904,56050686,Laguna Quinenco,Concepcion,20170.0,L2,V1,2026-07-19 20:01:40,2026-07-19 20:58:28,CW→CC,2026-07-19,,20170.0,20170.0,880,Monedero
1905,56050997,Coronel,Concepcion,20056.0,L2,V1,2026-07-19 12:18:08,2026-07-19 13:14:00,CW→CC,2026-07-19,,20056.0,20056.0,880,Monedero
1906,56051191,Coronel,Concepcion,20166.0,L2,V1,2026-07-19 18:58:42,2026-07-19 20:03:08,CW→CC,2026-07-19,,20166.0,20166.0,880,Monedero
1907,56051579,Concepcion,Cristo Redentor,20161.0,L2,V1,2026-07-19 18:27:59,2026-07-19 19:08:07,CC→CW,2026-07-19,,20161.0,20161.0,850,Monedero
1908,56052907,Huinca,Concepcion,20062.0,L2,V1,2026-07-19 13:45:42,2026-07-19 14:33:35,CW→CC,2026-07-19,,20062.0,20062.0,850,Monedero
1909,56052907,Concepcion,Huinca,20163.0,L2,V1,2026-07-19 18:41:13,2026-07-19 19:41:32,CC→CW,2026-07-19,,20163.0,20163.0,850,Monedero
1910,56053240,Huinca,Coronel,20041.0,L2,V1,2026-07-19 11:01:26,2026-07-19 11:12:22,CC→CW,2026-07-19,,20041.0,20041.0,450,Monedero
1911,56053383,Los Canelos,Diagonal Bio Bio,20056.0,L2,V1,2026-07-19 11:55:33,2026-07-19 12:49:02,CW→CC,2026-07-19,,20056.0,20056.0,650,Monedero
1912,56054306,Laguna Quinenco,Cristo Redentor,20162.0,L2,V1,2026-07-19 17:54:08,2026-07-19 18:22:23,CW→CC,2026-07-19,,20162.0,20160.0,450,Monedero
1913,56055428,Diagonal Bio Bio,Huinca,20059.0,L2,V1,2026-07-19 13:12:29,2026-07-19 13:52:55,CC→CW,2026-07-19,,20059.0,20059.0,680,Monedero
1914,56056268,Diagonal Bio Bio,Costa Mar,20067.0,L2,V1,2026-07-19 15:31:13,2026-07-19 15:44:35,CC→CW,2026-07-19,,20067.0,20067.0,510,Monedero
1915,56056268,Concepcion,Costa Mar,20163.0,L2,V1,2026-07-19 18:42:12,2026-07-19 19:13:43,CC→CW,2026-07-19,,20163.0,20163.0,570,Monedero
1916,56058615,Los Canelos,Juan Pablo II,20040.0,L2,V1,2026-07-19 09:33:15,2026-07-19 10:15:58,CW→CC,2026-07-19,,20040.0,20156.0,650,Monedero
1917,56058896,Concepcion,Lomas Coloradas,20163.0,L2,V1,2026-07-19 18:35:14,2026-07-19 19:19:36,CC→CW,2026-07-19,,20163.0,20161.0,570,Monedero
1918,56059202,Concepcion,Laguna Quinenco,20167.0,L2,V1,2026-07-19 19:48:42,2026-07-19 20:40:51,CC→CW,2026-07-19,,20167.0,20167.0,880,Monedero
1919,56059668,Juan Pablo II,Los Canelos,20067.0,L2,V1,2026-07-19 15:25:40,2026-07-19 16:04:11,CC→CW,2026-07-19,,20067.0,20067.0,650,Monedero
1920,56060231,Concepcion,Coronel,20041.0,L2,V1,2026-07-19 10:24:53,2026-07-19 11:13:49,CC→CW,2026-07-19,,20041.0,20041.0,880,Monedero
1921,56060231,Coronel,Concepcion,20180.0,L2,V1,2026-07-19 16:35:26,2026-07-19 17:29:41,CW→CC,2026-07-19,,20180.0,20180.0,880,Monedero
1922,56060404,Diagonal Bio Bio,Huinca,20163.0,L2,V1,2026-07-19 19:03:15,2026-07-19 19:35:14,CC→CW,2026-07-19,,20163.0,20163.0,340,Adulto Mayor
1923,56061268,Cristo Redentor,Concepcion,20066.0,L2,V1,2026-07-19 14:50:14,2026-07-19 15:29:04,CW→CC,2026-07-19,,20066.0,20066.0,850,Monedero
1924,56061268,Concepcion,Cristo Redentor,20171.0,L2,V1,2026-07-19 20:33:12,2026-07-19 21:37:05,CC→CW,2026-07-19,,20171.0,20171.0,850,Monedero
1925,56061488,Laguna Quinenco,Diagonal Bio Bio,20058.0,L2,V1,2026-07-19 12:29:31,2026-07-19 13:03:24,CW→CC,2026-07-19,,20058.0,20058.0,790,Monedero
1926,56062871,Concepcion,El Parque,20161.0,L2,V1,2026-07-19 17:55:29,2026-07-19 18:47:36,CC→CW,2026-07-19,,20161.0,20161.0,570,Monedero
1927,56062937,Diagonal Bio Bio,Laguna Quinenco,20149.0,L2,V1,2026-07-19 08:37:19,2026-07-19 09:08:55,CC→CW,2026-07-19,,20149.0,20149.0,790,Monedero
1928,56062937,Laguna Quinenco,Diagonal Bio Bio,20170.0,L2,V1,2026-07-19 20:06:01,2026-07-19 20:49:15,CW→CC,2026-07-19,,20170.0,20170.0,790,Monedero
1929,56064639,Diagonal Bio Bio,Laguna Quinenco,20157.0,L2,V1,2026-07-19 17:37:07,2026-07-19 18:10:17,CC→CW,2026-07-19,,20157.0,20157.0,790,Monedero
1930,56064912,Concepcion,Cdal. Raul Silva Henriquez,20167.0,L2,V1,2026-07-19 19:45:48,2026-07-19 20:23:09,CC→CW,2026-07-19,,20167.0,20167.0,570,Monedero
1931,56065549,Cdal. Raul Silva Henriquez,Concepcion,20058.0,L2,V1,2026-07-19 12:46:36,2026-07-19 13:14:40,CW→CC,2026-07-19,,20058.0,20058.0,570,Monedero
1932,56065549,Concepcion,Cdal. Raul Silva Henriquez,20171.0,L2,V1,2026-07-19 20:47:58,2026-07-19 21:22:50,CC→CW,2026-07-19,,20171.0,20171.0,570,Monedero
1933,56065849,Lomas Coloradas,Concepcion,20040.0,L2,V1,2026-07-19 10:01:30,2026-07-19 10:22:22,CW→CC,2026-07-19,,20040.0,20040.0,570,Monedero
1934,56065849,Concepcion,Lomas Coloradas,20171.0,L2,V1,2026-07-19 20:43:22,2026-07-19 21:19:45,CC→CW,2026-07-19,,20171.0,20171.0,570,Monedero
1935,56067011,Huinca,Concepcion,20160.0,L2,V1,2026-07-19 17:41:35,2026-07-19 18:28:59,CW→CC,2026-07-19,,20160.0,20160.0,850,Monedero
1936,56069912,Coronel,Concepcion,20062.0,L2,V1,2026-07-19 13:47:40,2026-07-19 14:38:14,CW→CC,2026-07-19,,20062.0,20062.0,880,Monedero
1937,56069912,Concepcion,Coronel,20167.0,L2,V1,2026-07-19 19:47:45,2026-07-19 20:47:00,CC→CW,2026-07-19,,20167.0,20167.0,880,Monedero
1938,56070398,Laguna Quinenco,Concepcion,20162.0,L2,V1,2026-07-19 18:14:58,2026-07-19 18:57:31,CW→CC,2026-07-19,,20162.0,20162.0,880,Monedero
1939,56070407,Cristo Redentor,Concepcion,20160.0,L2,V1,2026-07-19 17:48:44,2026-07-19 18:33:59,CW→CC,2026-07-19,,20160.0,20160.0,850,Monedero
1940,56071030,Concepcion,Huinca,20071.0,L2,V1,2026-07-19 16:13:56,2026-07-19 17:15:19,CC→CW,2026-07-19,,20071.0,20071.0,0,Discapacitado
1941,56071049,Huinca,Laguna Quinenco,20157.0,L2,V1,2026-07-19 17:49:53,2026-07-19 18:10:47,CC→CW,2026-07-19,,20157.0,20157.0,230,Adulto Mayor
1942,56071051,Hito Galvarino,Coronel,20059.0,L2,V1,2026-07-19 13:42:48,2026-07-19 14:01:11,CC→CW,2026-07-19,,20059.0,20059.0,270,Adulto Mayor
1943,56071051,Cristo Redentor,Hito Galvarino,20170.0,L2,V1,2026-07-19 20:06:17,2026-07-19 20:29:43,CW→CC,2026-07-19,,20170.0,20170.0,230,Adulto Mayor
1944,56071102,Laguna Quinenco,Los Canelos,20166.0,L2,V1,2026-07-19 19:09:27,2026-07-19 19:26:17,CW→CC,2026-07-19,,20166.0,20166.0,0,Discapacitado
1945,56071248,Concepcion,Laguna Quinenco,20161.0,L2,V1,2026-07-19 17:00:03,2026-07-19 19:09:49,CC→CW,2026-07-19,combo_relajado_pase1,20161.0,20161.0,490,Adulto Mayor
1946,56071314,Concepcion,El Parque,20063.0,L2,V1,2026-07-19 14:21:32,2026-07-19 15:53:02,CC→CW,2026-07-19,,20063.0,20063.0,0,Otros
1947,56071314,El Parque,Concepcion,20068.0,L2,V1,2026-07-19 15:53:09,2026-07-19 16:18:35,CW→CC,2026-07-19,,20068.0,20068.0,0,Otros
1948,56071322,Lomas Coloradas,Concepcion,20170.0,L2,V1,2026-07-19 20:30:22,2026-07-19 20:59:52,CW→CC,2026-07-19,,20170.0,20170.0,290,Adulto Mayor
1949,56071383,Concepcion,Lomas Coloradas,20161.0,L2,V1,2026-07-19 18:12:39,2026-07-19 18:49:51,CC→CW,2026-07-19,,20161.0,20161.0,290,Adulto Mayor
1950,56071383,Concepcion,Lomas Coloradas,20161.0,L2,V1,2026-07-19 18:12:46,2026-07-19 18:49:56,CC→CW,2026-07-19,,20161.0,20161.0,570,Monedero
1951,56071395,Lomas Coloradas,Laguna Quinenco,20053.0,L2,V1,2026-07-19 12:27:43,2026-07-19 12:49:06,CC→CW,2026-07-19,,20053.0,20053.0,330,Adulto Mayor
1952,56071395,Laguna Quinenco,Lomas Coloradas,20066.0,L2,V1,2026-07-19 14:45:08,2026-07-19 15:09:19,CW→CC,2026-07-19,,20066.0,20066.0,330,Adulto Mayor
1953,56071441,Coronel,Alborada,20160.0,L2,V1,2026-07-19 17:34:06,2026-07-19 18:15:29,CW→CC,2026-07-19,,20160.0,20160.0,400,Adulto Mayor
1954,56071456,Los Condores,Mercado,20850.0,L1,V1,2026-07-19 10:07:10,2026-07-19 10:23:24,HQ→TH,2026-07-19,,20850.0,20850.0,250,Adulto Mayor
1955,56071581,Laguna Quinenco,Concepcion,20152.0,L2,V1,2026-07-19 08:15:09,2026-07-19 09:14:25,CW→CC,2026-07-19,,20152.0,20152.0,440,Adulto Mayor
1956,56071609,Juan Pablo II,Hito Galvarino,20167.0,L2,V1,2026-07-19 19:56:58,2026-07-19 20:29:42,CC→CW,2026-07-19,,20167.0,20167.0,330,Adulto Mayor
1957,56071658,Concepcion,Huinca,20153.0,L2,V1,2026-07-19 08:40:30,2026-07-19 09:49:06,CC→CW,2026-07-19,,20153.0,20153.0,430,Adulto Mayor
1958,56071809,Laguna Quinenco,Lomas Coloradas,20050.0,L2,V1,2026-07-19 10:54:56,2026-07-19 11:23:42,CW→CC,2026-07-19,,20050.0,20050.0,330,Adulto Mayor
1959,56071837,Los Canelos,Juan Pablo II,20058.0,L2,V1,2026-07-19 12:33:30,2026-07-19 13:06:21,CW→CC,2026-07-19,,20058.0,20058.0,330,Adulto Mayor
1960,56071837,Concepcion,Los Canelos,20161.0,L2,V1,2026-07-19 18:27:04,2026-07-19 19:03:09,CC→CW,2026-07-19,,20161.0,20161.0,430,Adulto Mayor
1961,56071909,Chiguayante,Mercado,20850.0,L1,V1,2026-07-19 09:29:39,2026-07-19 10:23:23,HQ→TH,2026-07-19,,20850.0,20850.0,280,Adulto Mayor
1962,56071919,Costa Mar,Laguna Quinenco,20153.0,L2,V1,2026-07-19 09:24:09,2026-07-19 09:54:16,CC→CW,2026-07-19,,20153.0,20153.0,330,Adulto Mayor
1963,56071919,Laguna Quinenco,Costa Mar,20170.0,L2,V1,2026-07-19 20:16:59,2026-07-19 20:43:42,CW→CC,2026-07-19,,20170.0,20170.0,330,Adulto Mayor
1964,56073526,Hito Galvarino,Juan Pablo II,20050.0,L2,V1,2026-07-19 11:12:36,2026-07-19 11:36:10,CW→CC,2026-07-19,,20050.0,20050.0,330,Adulto Mayor
1965,56073526,Juan Pablo II,Hito Galvarino,20053.0,L2,V1,2026-07-19 11:58:13,2026-07-19 12:39:24,CC→CW,2026-07-19,,20053.0,20051.0,330,Adulto Mayor
1966,56074003,Laguna Quinenco,Concepcion,20068.0,L2,V1,2026-07-19 15:32:52,2026-07-19 16:20:18,CW→CC,2026-07-19,,20068.0,20068.0,440,Adulto Mayor
1967,56074054,Concepcion,Los Canelos,20041.0,L2,V1,2026-07-19 10:24:07,2026-07-19 11:02:54,CC→CW,2026-07-19,,20041.0,20041.0,430,Adulto Mayor
1968,56074206,Concepcion,Los Canelos,20163.0,L2,V1,2026-07-19 18:50:57,2026-07-19 19:32:48,CC→CW,2026-07-19,,20163.0,20163.0,430,Adulto Mayor
1969,56074372,Laguna Quinenco,El Parque,20044.0,L2,V1,2026-07-19 09:59:32,2026-07-19 10:32:09,CW→CC,2026-07-19,,20044.0,20044.0,330,Adulto Mayor
1970,56074547,Costa Mar,Coronel,20041.0,L2,V1,2026-07-19 10:31:15,2026-07-19 11:12:20,CC→CW,2026-07-19,,20041.0,20041.0,0,Discapacitado
1971,56074547,Coronel,Costa Mar,20166.0,L2,V1,2026-07-19 18:57:37,2026-07-19 19:44:11,CW→CC,2026-07-19,,20166.0,20166.0,0,Discapacitado
1972,56074553,Coronel,Diagonal Bio Bio,20152.0,L2,V1,2026-07-19 08:21:29,2026-07-19 09:03:54,CW→CC,2026-07-19,,20152.0,20152.0,0,Discapacitado
1973,56074596,Costa Mar,Coronel,20059.0,L2,V1,2026-07-19 13:22:58,2026-07-19 14:00:51,CC→CW,2026-07-19,,20059.0,20059.0,0,Discapacitado
1974,56074596,Coronel,Costa Mar,20180.0,L2,V1,2026-07-19 16:26:50,2026-07-19 17:13:59,CW→CC,2026-07-19,,20180.0,20180.0,0,Discapacitado
1975,56074660,Concepcion,Hito Galvarino,20149.0,L2,V1,2026-07-19 08:12:00,2026-07-19 08:58:21,CC→CW,2026-07-19,,20149.0,20149.0,0,Discapacitado
1976,56074725,Mercado,La Leonera,20845.0,L1,V1,2026-07-19 15:49:32,2026-07-19 16:48:57,TH→HQ,2026-07-19,,20845.0,20845.0,280,Adulto Mayor
1977,56074731,Laguna Quinenco,Concepcion,20156.0,L2,V1,2026-07-19 09:12:10,2026-07-19 09:59:23,CW→CC,2026-07-19,,20156.0,20156.0,440,Adulto Mayor
1978,56074772,Cdal. Raul Silva Henriquez,Coronel,20163.0,L2,V1,2026-07-19 19:11:58,2026-07-19 19:43:40,CC→CW,2026-07-19,,20163.0,20163.0,0,Discapacitado
1979,56074842,Concepcion,Coronel,20167.0,L2,V1,2026-07-19 19:54:13,2026-07-19 20:44:29,CC→CW,2026-07-19,,20167.0,20167.0,0,Discapacitado
1980,56074891,Huinca,Laguna Quinenco,20037.0,L2,V1,2026-07-19 10:36:42,2026-07-19 10:44:14,CC→CW,2026-07-19,,20037.0,20037.0,0,Discapacitado
1981,56075026,Laguna Quinenco,Concepcion,20044.0,L2,V1,2026-07-19 09:51:03,2026-07-19 10:48:40,CW→CC,2026-07-19,,20044.0,20040.0,440,Adulto Mayor
1982,56075026,Laguna Quinenco,Concepcion,20044.0,L2,V1,2026-07-19 09:51:11,2026-07-19 10:48:47,CW→CC,2026-07-19,,20044.0,20040.0,880,Monedero
1983,56075026,Concepcion,Laguna Quinenco,20049.0,L2,V1,2026-07-19 11:12:23,2026-07-19 12:09:56,CC→CW,2026-07-19,,20049.0,20049.0,440,Adulto Mayor
1984,56075100,Juan Pablo II,Lomas Coloradas,20067.0,L2,V1,2026-07-19 15:04:49,2026-07-19 15:50:13,CC→CW,2026-07-19,,20067.0,20067.0,0,Discapacitado
1985,56075152,Concepcion,Coronel,20059.0,L2,V1,2026-07-19 12:47:25,2026-07-19 14:00:51,CC→CW,2026-07-19,,20059.0,20059.0,440,Adulto Mayor
1986,56075192,Concepcion,Cdal. Raul Silva Henriquez,20063.0,L2,V1,2026-07-19 14:10:49,2026-07-19 14:57:42,CC→CW,2026-07-19,,20063.0,20063.0,0,Otros
1987,56075222,Concepcion,Juan Pablo II,20161.0,L2,V1,2026-07-19 18:21:01,2026-07-19 18:37:55,CC→CW,2026-07-19,,20161.0,20161.0,0,Otros
1988,56075223,Los Canelos,Laguna Quinenco,20049.0,L2,V1,2026-07-19 11:59:48,2026-07-19 12:08:53,CC→CW,2026-07-19,,20049.0,20049.0,270,Adulto Mayor
1989,56075223,Laguna Quinenco,Los Canelos,20062.0,L2,V1,2026-07-19 13:40:37,2026-07-19 14:00:54,CW→CC,2026-07-19,,20062.0,20062.0,270,Adulto Mayor
1990,56075308,Concepcion,Costa Mar,20063.0,L2,V1,2026-07-19 14:19:14,2026-07-19 14:49:55,CC→CW,2026-07-19,,20063.0,20063.0,290,Adulto Mayor
1991,56075410,Hito Galvarino,Cristo Redentor,20153.0,L2,V1,2026-07-19 09:41:29,2026-07-19 09:52:10,CC→CW,2026-07-19,,20153.0,20153.0,230,Adulto Mayor
1992,56075417,Juan Pablo II,Cristo Redentor,20053.0,L2,V1,2026-07-19 12:00:33,2026-07-19 12:47:02,CC→CW,2026-07-19,,20053.0,20053.0,340,Adulto Mayor
1993,56075443,El Parque,Cdal. Raul Silva Henriquez,20071.0,L2,V1,2026-07-19 16:41:48,2026-07-19 17:01:50,CC→CW,2026-07-19,,20071.0,20071.0,0,Discapacitado
1994,56079508,Costa Mar,Hito Galvarino,20071.0,L2,V1,2026-07-19 16:42:00,2026-07-19 17:08:18,CC→CW,2026-07-19,,20071.0,20071.0,310,Adulto Mayor
1995,56079517,Concepcion,Cristo Redentor,20161.0,L2,V1,2026-07-19 17:59:51,2026-07-19 20:37:56,CC→CW,2026-07-19,,20161.0,20161.0,430,Adulto Mayor
1996,56079632,Cristo Redentor,Concepcion,20056.0,L2,V1,2026-07-19 12:19:48,2026-07-19 13:13:49,CW→CC,2026-07-19,,20056.0,20056.0,430,Adulto Mayor
1997,56079632,Cristo Redentor,Costa Mar,20166.0,L2,V1,2026-07-19 19:02:49,2026-07-19 19:44:17,CW→CC,2026-07-19,,20166.0,20166.0,320,Adulto Mayor
1998,56079649,Concepcion,Lomas Coloradas,20059.0,L2,V1,2026-07-19 12:27:59,2026-07-19 13:39:53,CC→CW,2026-07-19,combo_por_entrada,20059.0,20059.0,300,Adulto Mayor
1999,56079704,Lomas Coloradas,Concepcion,20062.0,L2,V1,2026-07-19 13:52:42,2026-07-19 14:32:51,CW→CC,2026-07-19,,20062.0,20062.0,290,Adulto Mayor
2000,56079704,Concepcion,Lomas Coloradas,20163.0,L2,V1,2026-07-19 18:49:06,2026-07-19 19:19:15,CC→CW,2026-07-19,,20163.0,20163.0,290,Adulto Mayor
2001,56079727,Laguna Quinenco,Cristo Redentor,20180.0,L2,V1,2026-07-19 16:41:36,2026-07-19 16:51:38,CW→CC,2026-07-19,,20180.0,20180.0,230,Adulto Mayor
2002,56079897,Los Canelos,Cristo Redentor,20149.0,L2,V1,2026-07-19 08:49:52,2026-07-19 09:06:30,CC→CW,2026-07-19,,20149.0,20149.0,230,Adulto Mayor
2003,56079904,Cdal. Raul Silva Henriquez,Concepcion,20160.0,L2,V1,2026-07-19 17:43:13,2026-07-19 18:29:21,CW→CC,2026-07-19,,20160.0,20160.0,290,Adulto Mayor
2004,56080007,Coronel,Concepcion,20056.0,L2,V1,2026-07-19 12:05:10,2026-07-19 12:58:22,CW→CC,2026-07-19,,20056.0,20056.0,440,Adulto Mayor
2005,56080007,Concepcion,Coronel,20071.0,L2,V1,2026-07-19 15:44:34,2026-07-19 17:21:56,CC→CW,2026-07-19,,20071.0,20071.0,440,Adulto Mayor
2006,56080113,Costa Mar,Lomas Coloradas,20059.0,L2,V1,2026-07-19 13:08:59,2026-07-19 13:38:11,CC→CW,2026-07-19,,20059.0,20059.0,220,Adulto Mayor
2007,56080164,Los Canelos,Concepcion,20044.0,L2,V1,2026-07-19 10:08:01,2026-07-19 10:50:50,CW→CC,2026-07-19,,20044.0,20044.0,430,Adulto Mayor
2008,56080164,Concepcion,Los Canelos,20161.0,L2,V1,2026-07-19 17:46:44,2026-07-19 19:02:54,CC→CW,2026-07-19,,20161.0,20161.0,430,Adulto Mayor
2009,56080433,Diagonal Bio Bio,Costa Mar,20161.0,L2,V1,2026-07-19 18:20:30,2026-07-19 18:44:24,CC→CW,2026-07-19,,20161.0,20161.0,260,Adulto Mayor
2010,56080484,Cdal. Raul Silva Henriquez,Concepcion,20152.0,L2,V1,2026-07-19 08:45:20,2026-07-19 09:13:22,CW→CC,2026-07-19,,20152.0,20152.0,290,Adulto Mayor
2011,56080484,Concepcion,Cdal. Raul Silva Henriquez,20071.0,L2,V1,2026-07-19 16:35:39,2026-07-19 17:01:56,CC→CW,2026-07-19,,20071.0,20071.0,290,Adulto Mayor
2012,56081009,Los Canelos,Concepcion,20062.0,L2,V1,2026-07-19 13:00:34,2026-07-19 14:34:40,CW→CC,2026-07-19,,20062.0,20062.0,430,Adulto Mayor
2013,56081036,El Arenal,Higueras,20859.0,L1,V1,2026-07-19 12:19:52,2026-07-19 12:39:25,TH→HQ,2026-07-19,,20859.0,20859.0,250,Adulto Mayor
2014,56081106,Lomas Coloradas,Hito Galvarino,20063.0,L2,V1,2026-07-19 14:45:45,2026-07-19 15:03:56,CC→CW,2026-07-19,,20063.0,20063.0,310,Adulto Mayor
2015,56081191,Concepcion,Lomas Coloradas,20059.0,L2,V1,2026-07-19 13:00:31,2026-07-19 13:39:19,CC→CW,2026-07-19,,20059.0,20059.0,290,Adulto Mayor
2016,56081756,Costa Mar,Concepcion,20040.0,L2,V1,2026-07-19 10:05:57,2026-07-19 10:26:33,CW→CC,2026-07-19,,20040.0,20040.0,290,Adulto Mayor
2017,56081756,Concepcion,Costa Mar,20163.0,L2,V1,2026-07-19 18:39:58,2026-07-19 19:13:51,CC→CW,2026-07-19,,20163.0,20163.0,290,Adulto Mayor
2018,56081838,Cdal. Raul Silva Henriquez,Concepcion,20180.0,L2,V1,2026-07-19 16:59:51,2026-07-19 17:28:47,CW→CC,2026-07-19,,20180.0,20180.0,290,Adulto Mayor
2019,56081838,Concepcion,Los Canelos,20163.0,L2,V1,2026-07-19 18:57:45,2026-07-19 19:32:41,CC→CW,2026-07-19,,20163.0,20163.0,430,Adulto Mayor
2020,56081847,Lomas Coloradas,Concepcion,20050.0,L2,V1,2026-07-19 11:21:29,2026-07-19 11:42:42,CW→CC,2026-07-19,,20050.0,20050.0,290,Adulto Mayor
2021,56081873,Los Canelos,Concepcion,20152.0,L2,V1,2026-07-19 08:31:57,2026-07-19 09:13:18,CW→CC,2026-07-19,,20152.0,20152.0,430,Adulto Mayor
2022,56081873,Concepcion,Lomas Coloradas,20167.0,L2,V1,2026-07-19 19:57:20,2026-07-19 20:20:17,CC→CW,2026-07-19,,20167.0,20167.0,290,Adulto Mayor
2023,56081901,Coronel,Concepcion,20062.0,L2,V1,2026-07-19 13:36:57,2026-07-19 14:33:38,CW→CC,2026-07-19,,20062.0,20062.0,440,Adulto Mayor
2024,56081901,Concepcion,Coronel,20167.0,L2,V1,2026-07-19 19:49:46,2026-07-19 20:44:29,CC→CW,2026-07-19,,20167.0,20167.0,440,Adulto Mayor
2025,56081915,Los Canelos,Juan Pablo II,20040.0,L2,V1,2026-07-19 09:44:58,2026-07-19 10:15:57,CW→CC,2026-07-19,,20040.0,20040.0,330,Adulto Mayor
2026,56081915,Juan Pablo II,Los Canelos,20167.0,L2,V1,2026-07-19 19:42:09,2026-07-19 20:33:09,CC→CW,2026-07-19,,20167.0,20167.0,330,Adulto Mayor
2027,56081922,Concepcion,Huinca,20161.0,L2,V1,2026-07-19 17:53:38,2026-07-19 19:05:14,CC→CW,2026-07-19,,20161.0,20161.0,430,Adulto Mayor
2028,56082061,Hito Galvarino,El Parque,20156.0,L2,V1,2026-07-19 09:25:55,2026-07-19 09:42:34,CW→CC,2026-07-19,,20156.0,20156.0,310,Adulto Mayor
2029,56082061,El Parque,Hito Galvarino,20167.0,L2,V1,2026-07-19 20:12:16,2026-07-19 20:29:44,CC→CW,2026-07-19,,20167.0,20167.0,310,Adulto Mayor
2030,56082141,Concepcion,Costa Mar,20153.0,L2,V1,2026-07-19 08:41:20,2026-07-19 21:15:01,CC→CW,2026-07-19,,20153.0,20153.0,290,Adulto Mayor
2031,56082148,Cristo Redentor,Concepcion,20040.0,L2,V1,2026-07-19 09:44:47,2026-07-19 10:22:46,CW→CC,2026-07-19,,20040.0,20040.0,430,Adulto Mayor
2032,56082148,Concepcion,Cristo Redentor,20071.0,L2,V1,2026-07-19 16:43:30,2026-07-19 18:07:41,CC→CW,2026-07-19,,20071.0,20071.0,430,Adulto Mayor
2033,56082198,Coronel,Concepcion,20044.0,L2,V1,2026-07-19 09:53:31,2026-07-19 10:48:43,CW→CC,2026-07-19,,20044.0,20044.0,440,Adulto Mayor
2034,56082282,Cristo Redentor,El Parque,20156.0,L2,V1,2026-07-19 09:20:54,2026-07-19 09:41:40,CW→CC,2026-07-19,,20156.0,20156.0,320,Adulto Mayor
2035,56082282,El Parque,Cristo Redentor,20167.0,L2,V1,2026-07-19 20:14:48,2026-07-19 20:37:15,CC→CW,2026-07-19,,20167.0,20167.0,320,Adulto Mayor
2036,56082286,Concepcion,Coronel,20157.0,L2,V1,2026-07-19 17:12:10,2026-07-19 18:13:42,CC→CW,2026-07-19,,20157.0,20157.0,440,Adulto Mayor
2037,56082351,Los Canelos,Juan Pablo II,20040.0,L2,V1,2026-07-19 09:43:07,2026-07-19 10:16:20,CW→CC,2026-07-19,,20040.0,20040.0,330,Adulto Mayor
2038,56082411,Concepcion,Huinca,20163.0,L2,V1,2026-07-19 18:41:34,2026-07-19 19:35:24,CC→CW,2026-07-19,,20163.0,20163.0,430,Adulto Mayor
2039,56082454,Concepcion,Cristo Redentor,20051.0,L2,V1,2026-07-19 11:36:21,2026-07-19 12:24:33,CC→CW,2026-07-19,,20051.0,20049.0,430,Adulto Mayor
2040,56083529,Cristo Redentor,Alborada,20056.0,L2,V1,2026-07-19 12:12:40,2026-07-19 12:45:39,CW→CC,2026-07-19,,20056.0,20056.0,340,Adulto Mayor
2041,56083557,Hito Galvarino,Laguna Quinenco,20149.0,L2,V1,2026-07-19 08:38:17,2026-07-19 09:09:05,CC→CW,2026-07-19,,20149.0,20149.0,270,Adulto Mayor
2042,56083557,Laguna Quinenco,Hito Galvarino,20162.0,L2,V1,2026-07-19 18:09:35,2026-07-19 18:29:28,CW→CC,2026-07-19,,20162.0,20162.0,270,Adulto Mayor
2043,56083631,Los Canelos,Concepcion,20062.0,L2,V1,2026-07-19 13:53:03,2026-07-19 14:35:42,CW→CC,2026-07-19,,20062.0,20062.0,430,Adulto Mayor
2044,56083670,Diagonal Bio Bio,Cristo Redentor,20063.0,L2,V1,2026-07-19 14:40:32,2026-07-19 15:11:53,CC→CW,2026-07-19,,20063.0,20063.0,340,Adulto Mayor
2045,56083711,Lomas Coloradas,Diagonal Bio Bio,20050.0,L2,V1,2026-07-19 11:17:39,2026-07-19 11:33:55,CW→CC,2026-07-19,,20050.0,20050.0,260,Adulto Mayor
2046,56083711,Diagonal Bio Bio,Lomas Coloradas,20059.0,L2,V1,2026-07-19 13:11:22,2026-07-19 13:38:15,CC→CW,2026-07-19,,20059.0,20059.0,260,Adulto Mayor
2047,56083740,Diagonal Bio Bio,Laguna Quinenco,20157.0,L2,V1,2026-07-19 17:27:35,2026-07-19 18:11:07,CC→CW,2026-07-19,,20157.0,20157.0,400,Adulto Mayor
2048,56083751,Concepcion,Cdal. Raul Silva Henriquez,20163.0,L2,V1,2026-07-19 18:57:03,2026-07-19 20:28:14,CC→CW,2026-07-19,,20163.0,20163.0,290,Adulto Mayor
2049,56083898,Alborada,Cristo Redentor,20063.0,L2,V1,2026-07-19 14:34:39,2026-07-19 15:11:50,CC→CW,2026-07-19,,20063.0,20063.0,340,Adulto Mayor
2050,56083926,Laguna Quinenco,Diagonal Bio Bio,20056.0,L2,V1,2026-07-19 11:59:18,2026-07-19 12:48:57,CW→CC,2026-07-19,,20056.0,20056.0,400,Adulto Mayor
2051,56083926,Concepcion,Laguna Quinenco,20161.0,L2,V1,2026-07-19 18:14:30,2026-07-19 19:11:00,CC→CW,2026-07-19,,20161.0,20161.0,440,Adulto Mayor
2052,56083939,Cdal. Raul Silva Henriquez,Concepcion,20044.0,L2,V1,2026-07-19 10:23:30,2026-07-19 10:47:54,CW→CC,2026-07-19,,20044.0,20044.0,290,Adulto Mayor
2053,56083952,Los Canelos,El Parque,20068.0,L2,V1,2026-07-19 15:39:39,2026-07-19 16:02:01,CW→CC,2026-07-19,,20068.0,20068.0,310,Adulto Mayor
2054,56083952,Los Canelos,El Parque,20068.0,L2,V1,2026-07-19 15:39:42,2026-07-19 16:02:08,CW→CC,2026-07-19,,20068.0,20068.0,610,Monedero
2055,56083952,Los Canelos,El Parque,20068.0,L2,V1,2026-07-19 15:39:45,2026-07-19 16:02:04,CW→CC,2026-07-19,,20068.0,20068.0,610,Monedero
2056,56083974,Laguna Quinenco,Concepcion,20152.0,L2,V1,2026-07-19 08:13:52,2026-07-19 09:15:52,CW→CC,2026-07-19,,20152.0,20152.0,440,Adulto Mayor
2057,56083974,Concepcion,Laguna Quinenco,20063.0,L2,V1,2026-07-19 13:33:22,2026-07-19 15:14:29,CC→CW,2026-07-19,,20063.0,20063.0,440,Adulto Mayor
2058,58006652,Los Canelos,Concepcion,20040.0,L2,V1,2026-07-19 09:42:29,2026-07-19 10:22:38,CW→CC,2026-07-19,,20040.0,20040.0,430,Adulto Mayor
2059,58006652,Concepcion,Los Canelos,20157.0,L2,V1,2026-07-19 16:51:31,2026-07-19 18:02:44,CC→CW,2026-07-19,,20157.0,20157.0,430,Adulto Mayor
2060,58006807,Cristo Redentor,Concepcion,20050.0,L2,V1,2026-07-19 10:54:19,2026-07-19 11:43:34,CW→CC,2026-07-19,,20050.0,20050.0,430,Adulto Mayor
2061,58006807,Concepcion,Cristo Redentor,20063.0,L2,V1,2026-07-19 13:30:19,2026-07-19 15:11:41,CC→CW,2026-07-19,,20063.0,20063.0,430,Adulto Mayor
2062,58007216,Coronel,Concepcion,20050.0,L2,V1,2026-07-19 10:39:48,2026-07-19 11:42:32,CW→CC,2026-07-19,,20050.0,20050.0,440,Adulto Mayor
2063,58007216,Concepcion,Cristo Redentor,20071.0,L2,V1,2026-07-19 16:30:55,2026-07-19 17:17:14,CC→CW,2026-07-19,,20071.0,20071.0,430,Adulto Mayor
2064,58007578,Los Canelos,Concepcion,20056.0,L2,V1,2026-07-19 12:13:52,2026-07-19 13:06:21,CW→CC,2026-07-19,,20056.0,20056.0,430,Adulto Mayor
2065,58007578,Concepcion,Los Canelos,20063.0,L2,V1,2026-07-19 14:18:19,2026-07-19 15:07:30,CC→CW,2026-07-19,,20063.0,20063.0,430,Adulto Mayor
2066,58007813,Laguna Quinenco,Hito Galvarino,20166.0,L2,V1,2026-07-19 18:58:07,2026-07-19 19:30:01,CW→CC,2026-07-19,,20166.0,20166.0,270,Adulto Mayor
2067,58008012,Diagonal Bio Bio,Coronel,20053.0,L2,V1,2026-07-19 12:19:13,2026-07-19 12:53:15,CC→CW,2026-07-19,,20053.0,20053.0,400,Adulto Mayor
2068,58008255,Concepcion,Diagonal Bio Bio,20059.0,L2,V1,2026-07-19 12:43:29,2026-07-19 13:27:17,CC→CW,2026-07-19,,20059.0,20059.0,290,Adulto Mayor
2069,58008337,Concepcion,Los Canelos,20053.0,L2,V1,2026-07-19 12:01:24,2026-07-19 12:42:54,CC→CW,2026-07-19,,20053.0,20053.0,430,Adulto Mayor
2070,58008337,Los Canelos,Concepcion,20066.0,L2,V1,2026-07-19 14:53:01,2026-07-19 15:29:20,CW→CC,2026-07-19,,20066.0,20066.0,430,Adulto Mayor
2071,58008454,Laguna Quinenco,Concepcion,20068.0,L2,V1,2026-07-19 15:28:22,2026-07-19 16:18:17,CW→CC,2026-07-19,,20068.0,20068.0,440,Adulto Mayor
2072,58008533,Laguna Quinenco,Cdal. Raul Silva Henriquez,20166.0,L2,V1,2026-07-19 19:11:13,2026-07-19 19:35:43,CW→CC,2026-07-19,,20166.0,20166.0,330,Adulto Mayor
2073,58009286,Concepcion,Manquimavida,20859.0,L1,V1,2026-07-19 12:43:09,2026-07-19 13:16:52,TH→HQ,2026-07-19,match_por_salida_fallback,20859.0,20859.0,300,Adulto Mayor
2074,58009524,Los Canelos,Concepcion,20162.0,L2,V1,2026-07-19 18:20:35,2026-07-19 18:57:25,CW→CC,2026-07-19,,20162.0,20162.0,430,Adulto Mayor
2075,58009599,Lomas Coloradas,Huinca,20163.0,L2,V1,2026-07-19 19:00:42,2026-07-19 19:34:57,CC→CW,2026-07-19,,20163.0,20163.0,320,Adulto Mayor
2076,58010630,Laguna Quinenco,Los Canelos,20160.0,L2,V1,2026-07-19 17:34:48,2026-07-19 17:54:19,CW→CC,2026-07-19,,20160.0,20160.0,270,Adulto Mayor
2077,58010727,Concepcion,Los Canelos,20171.0,L2,V1,2026-07-19 20:41:42,2026-07-19 21:32:15,CC→CW,2026-07-19,,20171.0,20171.0,430,Adulto Mayor
2078,58010756,Los Canelos,Concepcion,20050.0,L2,V1,2026-07-19 10:47:55,2026-07-19 11:42:34,CW→CC,2026-07-19,,20050.0,20050.0,850,Monedero
2079,58010756,Juan Pablo II,Los Canelos,20167.0,L2,V1,2026-07-19 19:47:08,2026-07-19 20:33:14,CC→CW,2026-07-19,,20167.0,20167.0,650,Monedero
2080,58011031,Laguna Quinenco,Huinca,20160.0,L2,V1,2026-07-19 17:45:10,2026-07-19 17:53:32,CW→CC,2026-07-19,,20160.0,20160.0,230,Adulto Mayor
2081,58011059,Los Canelos,Concepcion,20152.0,L2,V1,2026-07-19 08:33:48,2026-07-19 09:14:11,CW→CC,2026-07-19,,20152.0,20152.0,430,Adulto Mayor
2082,58011059,Concepcion,Los Canelos,20059.0,L2,V1,2026-07-19 12:48:31,2026-07-19 13:52:54,CC→CW,2026-07-19,,20059.0,20059.0,430,Adulto Mayor
2083,58011099,Concepcion,Huinca,20167.0,L2,V1,2026-07-19 19:15:33,2026-07-19 20:35:12,CC→CW,2026-07-19,,20167.0,20167.0,430,Adulto Mayor
2084,58011122,Concepcion,Concepcion,,,,2026-07-19 20:04:13,2026-07-19 20:05:29,,2026-07-19,no viajo,,,420,Monedero
2085,58011359,Cdal. Raul Silva Henriquez,Cristo Redentor,20153.0,L2,V1,2026-07-19 09:35:35,2026-07-19 09:51:41,CC→CW,2026-07-19,,20153.0,20153.0,320,Adulto Mayor
2086,58011359,Cristo Redentor,Diagonal Bio Bio,20058.0,L2,V1,2026-07-19 12:26:22,2026-07-19 13:03:38,CW→CC,2026-07-19,,20058.0,20056.0,340,Adulto Mayor
2087,58011359,Diagonal Bio Bio,Cdal. Raul Silva Henriquez,20157.0,L2,V1,2026-07-19 17:28:31,2026-07-19 17:52:44,CC→CW,2026-07-19,,20157.0,20157.0,260,Adulto Mayor
2088,58011370,Huinca,Laguna Quinenco,20067.0,L2,V1,2026-07-19 15:39:41,2026-07-19 16:11:31,CC→CW,2026-07-19,,20067.0,20067.0,230,Adulto Mayor
2089,58011476,Los Canelos,Lomas Coloradas,20066.0,L2,V1,2026-07-19 14:49:17,2026-07-19 15:09:25,CW→CC,2026-07-19,,20066.0,20066.0,310,Adulto Mayor
2090,58015069,Concepcion,Los Canelos,20059.0,L2,V1,2026-07-19 13:16:39,2026-07-19 13:51:05,CC→CW,2026-07-19,,20059.0,20059.0,850,Monedero
2091,58015216,Laguna Quinenco,Los Canelos,20152.0,L2,V1,2026-07-19 08:28:00,2026-07-19 08:41:02,CW→CC,2026-07-19,,20152.0,20152.0,530,Monedero
2092,58017311,Coronel,Cdal. Raul Silva Henriquez,20170.0,L2,V1,2026-07-19 20:10:00,2026-07-19 20:35:50,CW→CC,2026-07-19,,20170.0,20170.0,330,Adulto Mayor
2093,58017952,Diagonal Bio Bio,Huinca,20153.0,L2,V1,2026-07-19 09:12:18,2026-07-19 09:49:16,CC→CW,2026-07-19,,20153.0,20153.0,340,Adulto Mayor
2094,58018297,Concepcion,Laguna Quinenco,20049.0,L2,V1,2026-07-19 11:07:36,2026-07-19 12:09:03,CC→CW,2026-07-19,,20049.0,20049.0,440,Adulto Mayor
2095,58018608,Concepcion,Coronel,20041.0,L2,V1,2026-07-19 10:25:17,2026-07-19 11:13:27,CC→CW,2026-07-19,,20041.0,20041.0,440,Adulto Mayor
2096,58018608,Coronel,Concepcion,20068.0,L2,V1,2026-07-19 15:17:25,2026-07-19 16:21:26,CW→CC,2026-07-19,,20068.0,20068.0,440,Adulto Mayor
2097,58018828,Concepcion,Laguna Quinenco,20071.0,L2,V1,2026-07-19 16:37:10,2026-07-19 17:20:34,CC→CW,2026-07-19,,20071.0,20071.0,440,Adulto Mayor
2098,58019319,Lomas Coloradas,Juan Pablo II,20062.0,L2,V1,2026-07-19 14:04:53,2026-07-19 14:26:53,CW→CC,2026-07-19,,20062.0,20062.0,510,Monedero
2099,58019319,Concepcion,Lomas Coloradas,20161.0,L2,V1,2026-07-19 18:12:45,2026-07-19 18:50:18,CC→CW,2026-07-19,,20161.0,20161.0,570,Monedero
2100,58019832,Cristo Redentor,Concepcion,20056.0,L2,V1,2026-07-19 12:19:25,2026-07-19 12:57:45,CW→CC,2026-07-19,,20056.0,20056.0,850,Monedero
2101,58020223,Concepcion,Huinca,20167.0,L2,V1,2026-07-19 19:49:25,2026-07-19 20:35:27,CC→CW,2026-07-19,,20167.0,20167.0,850,Monedero
2102,58022127,El Parque,Concepcion,20162.0,L2,V1,2026-07-19 18:39:57,2026-07-19 18:58:27,CW→CC,2026-07-19,,20162.0,20162.0,570,Monedero
2103,58022188,Coronel,Concepcion,20044.0,L2,V1,2026-07-19 09:53:39,2026-07-19 10:48:36,CW→CC,2026-07-19,,20044.0,20044.0,440,Adulto Mayor
2104,58022188,Concepcion,Coronel,20059.0,L2,V1,2026-07-19 13:15:23,2026-07-19 14:01:05,CC→CW,2026-07-19,,20059.0,20059.0,440,Adulto Mayor
2105,58022219,Coronel,Concepcion,20044.0,L2,V1,2026-07-19 09:53:40,2026-07-19 10:48:19,CW→CC,2026-07-19,,20044.0,20044.0,440,Adulto Mayor
2106,58022219,Concepcion,Coronel,20059.0,L2,V1,2026-07-19 13:15:25,2026-07-19 14:01:02,CC→CW,2026-07-19,,20059.0,20059.0,440,Adulto Mayor
2107,58024336,Cristo Redentor,Concepcion,20056.0,L2,V1,2026-07-19 12:11:45,2026-07-19 12:57:46,CW→CC,2026-07-19,,20056.0,20056.0,850,Monedero
2108,58024336,Concepcion,Cristo Redentor,20163.0,L2,V1,2026-07-19 18:37:00,2026-07-19 19:37:12,CC→CW,2026-07-19,,20163.0,20161.0,850,Monedero
2109,58024668,Los Canelos,Concepcion,20066.0,L2,V1,2026-07-19 14:46:24,2026-07-19 15:29:24,CW→CC,2026-07-19,,20066.0,20066.0,0,Otros
2110,58024668,Concepcion,Concepcion,,,,2026-07-19 18:59:52,2026-07-19 19:01:01,,2026-07-19,no viajo,,,0,Otros
2111,58024668,Concepcion,Los Canelos,20167.0,L2,V1,2026-07-19 19:48:48,2026-07-19 20:33:42,CC→CW,2026-07-19,,20167.0,20167.0,0,Otros
2112,58025196,Juan Pablo II,Diagonal Bio Bio,20059.0,L2,V1,2026-07-19 13:22:25,2026-07-19 13:27:53,CC→CW,2026-07-19,,20059.0,20059.0,440,Monedero
2113,58025196,Juan Pablo II,Diagonal Bio Bio,20059.0,L2,V1,2026-07-19 13:22:31,2026-07-19 13:27:45,CC→CW,2026-07-19,,20059.0,20059.0,440,Monedero
2114,58025219,Concepcion,Manquimavida,20845.0,L1,V1,2026-07-19 16:23:32,2026-07-19 16:46:05,TH→HQ,2026-07-19,,20845.0,20845.0,510,Monedero
2115,58025219,Concepcion,Manquimavida,20845.0,L1,V1,2026-07-19 16:23:36,2026-07-19 16:46:00,TH→HQ,2026-07-19,,20845.0,20845.0,510,Monedero
2116,58027930,Hualqui,Concepcion,20844.0,L1,V1,2026-07-19 11:48:57,2026-07-19 12:52:30,HQ→TH,2026-07-19,,20844.0,20844.0,550,Monedero
2117,58031494,Concepcion,Cdal. Raul Silva Henriquez,20167.0,L2,V1,2026-07-19 19:26:34,2026-07-19 20:23:07,CC→CW,2026-07-19,,20167.0,20167.0,290,Adulto Mayor
2118,58031772,Laguna Quinenco,El Parque,20050.0,L2,V1,2026-07-19 10:52:33,2026-07-19 11:27:17,CW→CC,2026-07-19,,20050.0,20050.0,0,Otros
2119,58031772,El Parque,Laguna Quinenco,20053.0,L2,V1,2026-07-19 12:25:42,2026-07-19 12:49:17,CC→CW,2026-07-19,,20053.0,20053.0,0,Otros
2120,58032119,Huinca,Concepcion,20044.0,L2,V1,2026-07-19 10:06:38,2026-07-19 10:48:01,CW→CC,2026-07-19,,20044.0,20044.0,430,Adulto Mayor
2121,58032119,Concepcion,Los Canelos,20171.0,L2,V1,2026-07-19 20:51:22,2026-07-19 21:32:07,CC→CW,2026-07-19,,20171.0,20171.0,430,Adulto Mayor
2122,83639903,Hito Galvarino,El Parque,20040.0,L2,V1,2026-07-19 09:51:32,2026-07-19 10:07:29,CW→CC,2026-07-19,,20040.0,20040.0,200,Estudiante
2123,83639903,El Parque,Hito Galvarino,20163.0,L2,V1,2026-07-19 19:14:40,2026-07-19 19:28:56,CC→CW,2026-07-19,,20163.0,20163.0,200,Estudiante
2124,83945377,Cristo Redentor,Concepcion,20170.0,L2,V1,2026-07-19 20:12:56,2026-07-19 21:00:19,CW→CC,2026-07-19,,20170.0,20170.0,280,Estudiante
2125,84120265,Los Canelos,Concepcion,20062.0,L2,V1,2026-07-19 13:53:52,2026-07-19 14:32:53,CW→CC,2026-07-19,,20062.0,20062.0,280,Estudiante
2126,84245344,Laguna Quinenco,Concepcion,20052.0,L2,V1,2026-07-19 11:15:00,2026-07-19 12:11:12,CW→CC,2026-07-19,,20052.0,20052.0,290,Estudiante
2127,84259818,Juan Pablo II,Coronel,20153.0,L2,V1,2026-07-19 09:10:35,2026-07-19 09:56:54,CC→CW,2026-07-19,,20153.0,20153.0,260,Estudiante
2128,84323096,Concepcion,Concepcion,,,,2026-07-19 08:48:54,2026-07-19 08:49:26,,2026-07-19,no viajo,,,140,Estudiante
2129,84333622,Los Canelos,Juan Pablo II,20066.0,L2,V1,2026-07-19 14:52:30,2026-07-19 15:22:28,CW→CC,2026-07-19,,20066.0,20066.0,220,Estudiante
2130,84333622,Juan Pablo II,Los Canelos,20071.0,L2,V1,2026-07-19 16:25:59,2026-07-19 17:12:53,CC→CW,2026-07-19,,20071.0,20071.0,220,Estudiante
2131,84340953,Cdal. Raul Silva Henriquez,Diagonal Bio Bio,20152.0,L2,V1,2026-07-19 08:47:12,2026-07-19 09:03:39,CW→CC,2026-07-19,,20152.0,20152.0,170,Estudiante
2132,85577605,Los Canelos,Laguna Quinenco,20067.0,L2,V1,2026-07-19 15:55:21,2026-07-19 16:11:12,CC→CW,2026-07-19,,20067.0,20067.0,180,Estudiante
2133,85577605,Laguna Quinenco,Los Canelos,20170.0,L2,V1,2026-07-19 20:06:40,2026-07-19 20:25:35,CW→CC,2026-07-19,,20170.0,20170.0,180,Estudiante
2134,85804705,Huinca,Costa Mar,20162.0,L2,V1,2026-07-19 18:13:52,2026-07-19 18:43:56,CW→CC,2026-07-19,,20162.0,20162.0,210,Estudiante
2135,85968438,Laguna Quinenco,Costa Mar,20056.0,L2,V1,2026-07-19 12:16:09,2026-07-19 12:43:28,CW→CC,2026-07-19,,20056.0,20056.0,220,Estudiante
2136,85968438,Alborada,Laguna Quinenco,20163.0,L2,V1,2026-07-19 18:58:48,2026-07-19 19:39:23,CC→CW,2026-07-19,,20163.0,20163.0,260,Estudiante
2137,100000449,Huinca,El Parque,20050.0,L2,V1,2026-07-19 10:24:18,2026-07-19 11:26:37,CW→CC,2026-07-19,,20050.0,20050.0,0,Discapacitado
2138,100000449,El Parque,Huinca,20053.0,L2,V1,2026-07-19 12:22:51,2026-07-19 12:44:04,CC→CW,2026-07-19,,20053.0,20053.0,0,Discapacitado
2139,222111877,Concepcion,Cristo Redentor,20161.0,L2,V1,2026-07-19 18:20:44,2026-07-19 19:06:54,CC→CW,2026-07-19,,20161.0,20161.0,280,Estudiante
2140,222411766,Juan Pablo II,Lomas Coloradas,20063.0,L2,V1,2026-07-19 14:07:53,2026-07-19 14:54:38,CC→CW,2026-07-19,,20063.0,20063.0,170,Estudiante
2141,222502831,Concepcion,Coronel,20167.0,L2,V1,2026-07-19 19:55:23,2026-07-19 20:44:18,CC→CW,2026-07-19,,20167.0,20167.0,290,Estudiante
2142,222506611,Laguna Quinenco,Cristo Redentor,20170.0,L2,V1,2026-07-19 20:13:35,2026-07-19 20:21:44,CW→CC,2026-07-19,,20170.0,20170.0,150,Estudiante
2143,222535163,Cristo Redentor,Cdal. Raul Silva Henriquez,20056.0,L2,V1,2026-07-19 12:18:45,2026-07-19 12:35:02,CW→CC,2026-07-19,,20056.0,20056.0,210,Estudiante
2144,222555871,El Parque,Huinca,20053.0,L2,V1,2026-07-19 12:25:38,2026-07-19 12:44:29,CC→CW,2026-07-19,,20053.0,20053.0,210,Estudiante
2145,232248434,Cristo Redentor,Alborada,20062.0,L2,V1,2026-07-19 13:42:59,2026-07-19 14:21:32,CW→CC,2026-07-19,,20062.0,20062.0,0,Estudiante
2146,232255106,Diagonal Bio Bio,Laguna Quinenco,20037.0,L2,V1,2026-07-19 10:12:33,2026-07-19 10:43:46,CC→CW,2026-07-19,,20037.0,20037.0,0,Estudiante
2147,232255106,Laguna Quinenco,Diagonal Bio Bio,20166.0,L2,V1,2026-07-19 18:41:29,2026-07-19 19:48:47,CW→CC,2026-07-19,,20166.0,20166.0,0,Estudiante
2148,232256069,Lomas Coloradas,Cristo Redentor,20063.0,L2,V1,2026-07-19 14:34:05,2026-07-19 15:11:51,CC→CW,2026-07-19,,20063.0,20063.0,0,Estudiante
2149,232256737,Laguna Quinenco,Los Canelos,20166.0,L2,V1,2026-07-19 18:49:55,2026-07-19 19:26:25,CW→CC,2026-07-19,,20166.0,20166.0,0,Estudiante
2150,232256849,Concepcion,Huinca,20149.0,L2,V1,2026-07-19 08:15:16,2026-07-19 09:04:42,CC→CW,2026-07-19,,20149.0,20149.0,0,Estudiante
2151,232256849,Huinca,Concepcion,20062.0,L2,V1,2026-07-19 13:23:36,2026-07-19 14:32:35,CW→CC,2026-07-19,,20062.0,20062.0,0,Estudiante
2152,232256849,Concepcion,Huinca,20167.0,L2,V1,2026-07-19 19:40:51,2026-07-19 20:35:27,CC→CW,2026-07-19,,20167.0,20167.0,0,Estudiante
2153,232256851,Alborada,Los Canelos,20059.0,L2,V1,2026-07-19 13:05:46,2026-07-19 13:51:22,CC→CW,2026-07-19,,20059.0,20059.0,0,Estudiante
2154,232337709,Los Canelos,Lomas Coloradas,20052.0,L2,V1,2026-07-19 11:29:17,2026-07-19 11:43:17,CW→CC,2026-07-19,,20052.0,20052.0,0,Estudiante
2155,232337709,Lomas Coloradas,Los Canelos,20167.0,L2,V1,2026-07-19 20:17:39,2026-07-19 20:33:25,CC→CW,2026-07-19,,20167.0,20167.0,0,Estudiante
2156,232366727,Lomas Coloradas,Concepcion,20044.0,L2,V1,2026-07-19 10:24:25,2026-07-19 10:48:15,CW→CC,2026-07-19,,20044.0,20044.0,0,Estudiante
2157,232366727,Concepcion,Lomas Coloradas,20067.0,L2,V1,2026-07-19 15:14:13,2026-07-19 15:50:32,CC→CW,2026-07-19,,20067.0,20067.0,0,Estudiante
2158,232409294,Cdal. Raul Silva Henriquez,Alborada,20040.0,L2,V1,2026-07-19 09:56:24,2026-07-19 10:11:09,CW→CC,2026-07-19,,20040.0,20040.0,0,Estudiante
2159,232409294,Alborada,Cdal. Raul Silva Henriquez,20053.0,L2,V1,2026-07-19 12:19:57,2026-07-19 12:33:28,CC→CW,2026-07-19,,20053.0,20053.0,0,Estudiante
2160,232409996,Lomas Coloradas,Concepcion,20180.0,L2,V1,2026-07-19 17:02:02,2026-07-19 17:29:38,CW→CC,2026-07-19,,20180.0,20180.0,0,Estudiante
2161,232410886,Cristo Redentor,Hito Galvarino,20058.0,L2,V1,2026-07-19 12:31:35,2026-07-19 13:47:27,CW→CC,2026-07-19,,20058.0,20058.0,0,Estudiante
2162,232410928,Laguna Quinenco,Cristo Redentor,20166.0,L2,V1,2026-07-19 19:06:46,2026-07-19 19:21:59,CW→CC,2026-07-19,,20166.0,20166.0,0,Estudiante
2163,232411022,Laguna Quinenco,Concepcion,20050.0,L2,V1,2026-07-19 10:15:17,2026-07-19 11:45:38,CW→CC,2026-07-19,,20050.0,20044.0,0,Estudiante
2164,232411022,Concepcion,Laguna Quinenco,20167.0,L2,V1,2026-07-19 19:17:18,2026-07-19 20:40:07,CC→CW,2026-07-19,,20167.0,20167.0,0,Estudiante
2165,232411116,Los Canelos,Laguna Quinenco,20059.0,L2,V1,2026-07-19 13:37:56,2026-07-19 13:57:48,CC→CW,2026-07-19,,20059.0,20059.0,0,Estudiante
2166,232411116,Laguna Quinenco,Los Canelos,20068.0,L2,V1,2026-07-19 15:33:23,2026-07-19 15:45:02,CW→CC,2026-07-19,,20068.0,20068.0,0,Estudiante
2167,232412966,Concepcion,Cristo Redentor,20063.0,L2,V1,2026-07-19 14:17:15,2026-07-19 15:11:53,CC→CW,2026-07-19,,20063.0,20063.0,0,Estudiante
2168,232412980,Diagonal Bio Bio,Los Canelos,20161.0,L2,V1,2026-07-19 18:27:49,2026-07-19 19:02:49,CC→CW,2026-07-19,,20161.0,20161.0,0,Estudiante
2169,232414270,Costa Mar,Concepcion,20058.0,L2,V1,2026-07-19 12:55:18,2026-07-19 13:14:53,CW→CC,2026-07-19,,20058.0,20058.0,0,Estudiante
2170,232436757,Juan Pablo II,Costa Mar,20071.0,L2,V1,2026-07-19 16:37:40,2026-07-19 16:56:55,CC→CW,2026-07-19,,20071.0,20071.0,0,Estudiante
2171,232465807,Concepcion,Los Canelos,20149.0,L2,V1,2026-07-19 08:19:42,2026-07-19 09:02:10,CC→CW,2026-07-19,,20149.0,20149.0,0,Estudiante
2172,232465807,Los Canelos,Concepcion,20166.0,L2,V1,2026-07-19 19:17:14,2026-07-19 19:59:37,CW→CC,2026-07-19,,20166.0,20166.0,0,Estudiante
2173,232466206,Laguna Quinenco,Costa Mar,20062.0,L2,V1,2026-07-19 13:36:41,2026-07-19 14:19:34,CW→CC,2026-07-19,,20062.0,20062.0,0,Estudiante
2174,232471743,Diagonal Bio Bio,Los Canelos,20161.0,L2,V1,2026-07-19 18:25:06,2026-07-19 19:03:16,CC→CW,2026-07-19,,20161.0,20161.0,0,Estudiante
2175,232480248,Cdal. Raul Silva Henriquez,Laguna Quinenco,20053.0,L2,V1,2026-07-19 12:32:05,2026-07-19 12:49:22,CC→CW,2026-07-19,,20053.0,20053.0,0,Estudiante
2176,232480248,Laguna Quinenco,Cdal. Raul Silva Henriquez,20170.0,L2,V1,2026-07-19 20:03:30,2026-07-19 20:35:44,CW→CC,2026-07-19,,20170.0,20170.0,0,Estudiante
2177,232491011,Cristo Redentor,Concepcion,20170.0,L2,V1,2026-07-19 20:14:42,2026-07-19 20:58:57,CW→CC,2026-07-19,,20170.0,20170.0,0,Estudiante
2178,232508925,Cdal. Raul Silva Henriquez,Diagonal Bio Bio,20066.0,L2,V1,2026-07-19 14:55:23,2026-07-19 15:19:38,CW→CC,2026-07-19,,20066.0,20066.0,0,Estudiante
2179,232508925,Diagonal Bio Bio,Cdal. Raul Silva Henriquez,20163.0,L2,V1,2026-07-19 18:54:18,2026-07-19 19:22:34,CC→CW,2026-07-19,,20163.0,20163.0,0,Estudiante
2180,232509006,Cristo Redentor,Costa Mar,20052.0,L2,V1,2026-07-19 11:15:08,2026-07-19 11:49:10,CW→CC,2026-07-19,,20052.0,20052.0,0,Estudiante
2181,232571995,Concepcion,El Parque,20167.0,L2,V1,2026-07-19 19:41:34,2026-07-19 20:17:30,CC→CW,2026-07-19,,20167.0,20167.0,0,Estudiante
2182,232572429,Lomas Coloradas,Cristo Redentor,20149.0,L2,V1,2026-07-19 08:44:07,2026-07-19 09:06:49,CC→CW,2026-07-19,,20149.0,20149.0,0,Estudiante
2183,232572555,Costa Mar,Huinca,20059.0,L2,V1,2026-07-19 13:24:01,2026-07-19 13:53:36,CC→CW,2026-07-19,,20059.0,20059.0,0,Estudiante
2184,232572555,Cristo Redentor,Costa Mar,20166.0,L2,V1,2026-07-19 19:09:10,2026-07-19 19:44:09,CW→CC,2026-07-19,,20166.0,20166.0,0,Estudiante
2185,232572791,Los Canelos,Costa Mar,20050.0,L2,V1,2026-07-19 10:47:27,2026-07-19 11:28:41,CW→CC,2026-07-19,,20050.0,20050.0,0,Estudiante
2186,232572791,Costa Mar,Los Canelos,20063.0,L2,V1,2026-07-19 14:32:44,2026-07-19 15:08:18,CC→CW,2026-07-19,,20063.0,20063.0,0,Estudiante
2187,232573828,Concepcion,Lomas Coloradas,20171.0,L2,V1,2026-07-19 20:07:12,2026-07-19 21:19:47,CC→CW,2026-07-19,combo_por_entrada,20171.0,20171.0,0,Estudiante
2188,232575584,Los Canelos,Concepcion,20166.0,L2,V1,2026-07-19 19:19:33,2026-07-19 20:01:16,CW→CC,2026-07-19,,20166.0,20166.0,0,Estudiante
2189,232575890,Juan Pablo II,Coronel,20157.0,L2,V1,2026-07-19 17:32:24,2026-07-19 18:13:10,CC→CW,2026-07-19,,20157.0,20157.0,0,Estudiante
2190,232575974,Concepcion,Hito Galvarino,20171.0,L2,V1,2026-07-19 20:45:22,2026-07-19 21:29:15,CC→CW,2026-07-19,,20171.0,20171.0,0,Estudiante
2191,232577543,Huinca,Hito Galvarino,20068.0,L2,V1,2026-07-19 15:41:53,2026-07-19 15:47:48,CW→CC,2026-07-19,,20068.0,20068.0,0,Estudiante
2192,232577543,Juan Pablo II,Huinca,20161.0,L2,V1,2026-07-19 18:09:24,2026-07-19 19:04:34,CC→CW,2026-07-19,,20161.0,20161.0,0,Estudiante
2193,232578790,Concepcion,Coronel,20171.0,L2,V1,2026-07-19 20:27:25,2026-07-19 21:41:58,CC→CW,2026-07-19,,20171.0,20171.0,0,Estudiante
2194,232580250,Los Canelos,Diagonal Bio Bio,20050.0,L2,V1,2026-07-19 10:53:20,2026-07-19 11:33:21,CW→CC,2026-07-19,,20050.0,20050.0,0,Estudiante
2195,232580417,Laguna Quinenco,Los Canelos,20170.0,L2,V1,2026-07-19 20:08:38,2026-07-19 20:25:41,CW→CC,2026-07-19,,20170.0,20170.0,0,Estudiante
2196,232580823,Concepcion,Juan Pablo II,20063.0,L2,V1,2026-07-19 14:16:38,2026-07-19 14:42:26,CC→CW,2026-07-19,,20063.0,20063.0,0,Estudiante
2197,232580823,Juan Pablo II,Laguna Quinenco,20067.0,L2,V1,2026-07-19 15:19:37,2026-07-19 16:10:59,CC→CW,2026-07-19,,20067.0,20067.0,0,Estudiante
2198,232581236,Los Canelos,Cristo Redentor,20059.0,L2,V1,2026-07-19 13:40:08,2026-07-19 13:56:32,CC→CW,2026-07-19,,20059.0,20059.0,0,Estudiante
2199,232582096,Concepcion,Cristo Redentor,20059.0,L2,V1,2026-07-19 13:06:37,2026-07-19 13:56:58,CC→CW,2026-07-19,,20059.0,20059.0,0,Estudiante
2200,232582096,Cristo Redentor,Concepcion,20166.0,L2,V1,2026-07-19 18:29:20,2026-07-19 19:58:55,CW→CC,2026-07-19,,20166.0,20162.0,0,Estudiante
2201,232609451,Cristo Redentor,Concepcion,20160.0,L2,V1,2026-07-19 17:46:49,2026-07-19 18:29:28,CW→CC,2026-07-19,,20160.0,20160.0,0,Estudiante
2202,232609451,Concepcion,Laguna Quinenco,20171.0,L2,V1,2026-07-19 20:44:11,2026-07-19 21:39:38,CC→CW,2026-07-19,,20171.0,20171.0,0,Estudiante
2203,232630431,Alborada,El Parque,20053.0,L2,V1,2026-07-19 12:12:09,2026-07-19 12:28:16,CC→CW,2026-07-19,,20053.0,20053.0,0,Estudiante
2204,232631429,Los Canelos,El Parque,20152.0,L2,V1,2026-07-19 08:37:43,2026-07-19 08:56:53,CW→CC,2026-07-19,,20152.0,20152.0,0,Estudiante
2205,232631429,El Parque,Los Canelos,20167.0,L2,V1,2026-07-19 20:13:40,2026-07-19 20:33:12,CC→CW,2026-07-19,,20167.0,20167.0,0,Estudiante
2206,232654913,Cdal. Raul Silva Henriquez,Juan Pablo II,20058.0,L2,V1,2026-07-19 12:47:03,2026-07-19 13:06:32,CW→CC,2026-07-19,,20058.0,20058.0,0,Estudiante
2207,232654913,Juan Pablo II,Cdal. Raul Silva Henriquez,20161.0,L2,V1,2026-07-19 18:33:31,2026-07-19 18:53:28,CC→CW,2026-07-19,,20161.0,20161.0,0,Estudiante
2208,232655222,Diagonal Bio Bio,Huinca,20167.0,L2,V1,2026-07-19 19:26:48,2026-07-19 20:34:47,CC→CW,2026-07-19,,20167.0,20167.0,0,Estudiante
2209,232655230,Cristo Redentor,Coronel,20161.0,L2,V1,2026-07-19 18:30:25,2026-07-19 19:12:55,CC→CW,2026-07-19,,20161.0,20161.0,0,Estudiante
2210,232659467,Concepcion,Costa Mar,20053.0,L2,V1,2026-07-19 11:56:32,2026-07-19 12:25:42,CC→CW,2026-07-19,,20053.0,20053.0,0,Estudiante
2211,232662461,Cristo Redentor,Cdal. Raul Silva Henriquez,20056.0,L2,V1,2026-07-19 12:24:02,2026-07-19 12:50:40,CW→CC,2026-07-19,,20056.0,20056.0,0,Estudiante
2212,232662461,Cdal. Raul Silva Henriquez,Hito Galvarino,20063.0,L2,V1,2026-07-19 14:49:15,2026-07-19 15:04:29,CC→CW,2026-07-19,,20063.0,20063.0,0,Estudiante
2213,232662461,Hito Galvarino,Cristo Redentor,20161.0,L2,V1,2026-07-19 18:54:26,2026-07-19 19:08:44,CC→CW,2026-07-19,,20161.0,20161.0,0,Estudiante
2214,232667690,Laguna Quinenco,Cristo Redentor,20166.0,L2,V1,2026-07-19 19:06:34,2026-07-19 19:22:06,CW→CC,2026-07-19,,20166.0,20166.0,0,Estudiante
2215,232709101,Cdal. Raul Silva Henriquez,Diagonal Bio Bio,20066.0,L2,V1,2026-07-19 14:55:17,2026-07-19 15:19:33,CW→CC,2026-07-19,,20066.0,20066.0,0,Estudiante
2216,232709101,Diagonal Bio Bio,Cdal. Raul Silva Henriquez,20163.0,L2,V1,2026-07-19 18:54:12,2026-07-19 19:21:45,CC→CW,2026-07-19,,20163.0,20163.0,0,Estudiante
2217,232710037,Hito Galvarino,Costa Mar,20156.0,L2,V1,2026-07-19 09:25:35,2026-07-19 09:44:06,CW→CC,2026-07-19,,20156.0,20156.0,0,Estudiante
2218,232711532,Huinca,Concepcion,20068.0,L2,V1,2026-07-19 15:36:19,2026-07-19 16:17:35,CW→CC,2026-07-19,,20068.0,20068.0,0,Estudiante
2219,232712032,Los Canelos,Juan Pablo II,20156.0,L2,V1,2026-07-19 08:54:26,2026-07-19 09:51:16,CW→CC,2026-07-19,,20156.0,20156.0,0,Estudiante
2220,232712146,El Parque,Coronel,20163.0,L2,V1,2026-07-19 19:02:40,2026-07-19 19:43:02,CC→CW,2026-07-19,,20163.0,20163.0,0,Estudiante
2221,232716944,Laguna Quinenco,El Parque,20040.0,L2,V1,2026-07-19 09:41:04,2026-07-19 10:06:29,CW→CC,2026-07-19,,20040.0,20040.0,0,Estudiante
2222,232716944,El Parque,Laguna Quinenco,20167.0,L2,V1,2026-07-19 20:09:41,2026-07-19 20:40:18,CC→CW,2026-07-19,,20167.0,20167.0,0,Estudiante
2223,232748374,Cdal. Raul Silva Henriquez,Concepcion,20156.0,L2,V1,2026-07-19 09:26:23,2026-07-19 09:58:35,CW→CC,2026-07-19,,20156.0,20156.0,0,Estudiante
2224,232748374,Concepcion,Cdal. Raul Silva Henriquez,20171.0,L2,V1,2026-07-19 20:35:16,2026-07-19 21:22:23,CC→CW,2026-07-19,,20171.0,20171.0,0,Estudiante
2225,232748531,Hualqui,Costa Mar,,,,2026-07-19 20:11:43,2026-07-19 21:15:57,,2026-07-19,sin_combo_factible_en_hub|sin_s1_factible_retro,,,0,Estudiante
2226,232748925,Huinca,Laguna Quinenco,20049.0,L2,V1,2026-07-19 12:00:11,2026-07-19 12:09:28,CC→CW,2026-07-19,,20049.0,20049.0,0,Estudiante
2227,232748925,Laguna Quinenco,Huinca,20062.0,L2,V1,2026-07-19 13:49:17,2026-07-19 13:59:29,CW→CC,2026-07-19,,20062.0,20062.0,0,Estudiante
2228,232749306,Coronel,Costa Mar,20180.0,L2,V1,2026-07-19 16:31:22,2026-07-19 17:14:26,CW→CC,2026-07-19,,20180.0,20180.0,0,Estudiante
2229,232764078,Los Canelos,Concepcion,20066.0,L2,V1,2026-07-19 14:53:28,2026-07-19 15:29:34,CW→CC,2026-07-19,,20066.0,20066.0,0,Estudiante
2230,232764078,Concepcion,Cristo Redentor,20161.0,L2,V1,2026-07-19 18:18:09,2026-07-19 19:07:35,CC→CW,2026-07-19,,20161.0,20161.0,0,Estudiante
2231,232769970,Laguna Quinenco,Cdal. Raul Silva Henriquez,20166.0,L2,V1,2026-07-19 19:11:21,2026-07-19 19:35:27,CW→CC,2026-07-19,,20166.0,20166.0,0,Estudiante
2232,232777657,Cristo Redentor,Los Canelos,20068.0,L2,V1,2026-07-19 15:38:13,2026-07-19 15:45:05,CW→CC,2026-07-19,,20068.0,20068.0,0,Estudiante
2233,232777657,Huinca,Los Canelos,20162.0,L2,V1,2026-07-19 18:18:46,2026-07-19 18:26:03,CW→CC,2026-07-19,,20162.0,20162.0,0,Estudiante
2234,232779044,Coronel,Concepcion,20056.0,L2,V1,2026-07-19 12:13:04,2026-07-19 12:57:29,CW→CC,2026-07-19,,20056.0,20056.0,0,Estudiante
2235,232779044,Concepcion,Coronel,20167.0,L2,V1,2026-07-19 19:56:23,2026-07-19 20:43:22,CC→CW,2026-07-19,,20167.0,20167.0,0,Estudiante
2236,232783194,Coronel,Concepcion,20156.0,L2,V1,2026-07-19 09:12:18,2026-07-19 10:15:59,CW→CC,2026-07-19,combo_por_entrada,20156.0,20850.0,0,Estudiante
2237,232783194,Concepcion,Coronel,20161.0,L2,V1,2026-07-19 18:11:58,2026-07-19 19:13:05,CC→CW,2026-07-19,,20161.0,20161.0,0,Estudiante
2238,242284092,Diagonal Bio Bio,Costa Mar,20071.0,L2,V1,2026-07-19 16:46:23,2026-07-19 16:53:21,CC→CW,2026-07-19,,20071.0,20071.0,170,Estudiante
2239,242286038,Los Canelos,Concepcion,20156.0,L2,V1,2026-07-19 09:19:49,2026-07-19 09:57:16,CW→CC,2026-07-19,,20156.0,20156.0,280,Estudiante
2240,242286038,Concepcion,Los Canelos,20161.0,L2,V1,2026-07-19 18:25:27,2026-07-19 19:02:29,CC→CW,2026-07-19,,20161.0,20161.0,280,Estudiante
2241,242288339,Concepcion,Mercado,20846.0,L1,V1,2026-07-19 16:39:00,2026-07-19 17:59:44,HQ→TH,2026-07-19,combo_por_entrada,20846.0,20846.0,290,Estudiante
2242,242290951,Cdal. Raul Silva Henriquez,Juan Pablo II,20050.0,L2,V1,2026-07-19 11:05:51,2026-07-19 11:36:08,CW→CC,2026-07-19,,20050.0,20050.0,170,Estudiante
2243,242291394,Diagonal Bio Bio,Lomas Coloradas,20053.0,L2,V1,2026-07-19 12:16:06,2026-07-19 12:32:48,CC→CW,2026-07-19,,20053.0,20053.0,170,Estudiante
2244,242291448,Lomas Coloradas,Concepcion,20040.0,L2,V1,2026-07-19 09:59:08,2026-07-19 10:22:20,CW→CC,2026-07-19,,20040.0,20040.0,190,Estudiante
2245,242376801,Concepcion,Laguna Quinenco,20071.0,L2,V1,2026-07-19 16:38:47,2026-07-19 17:19:42,CC→CW,2026-07-19,,20071.0,20071.0,290,Estudiante
2246,242408370,Laguna Quinenco,Cdal. Raul Silva Henriquez,20162.0,L2,V1,2026-07-19 18:13:26,2026-07-19 18:34:57,CW→CC,2026-07-19,,20162.0,20162.0,220,Estudiante
2247,242428197,Lomas Coloradas,Concepcion,20066.0,L2,V1,2026-07-19 15:01:27,2026-07-19 15:30:55,CW→CC,2026-07-19,,20066.0,20066.0,190,Estudiante
2248,242428197,Concepcion,Lomas Coloradas,20157.0,L2,V1,2026-07-19 17:21:05,2026-07-19 17:50:40,CC→CW,2026-07-19,,20157.0,20157.0,190,Estudiante
2249,242444333,Cdal. Raul Silva Henriquez,Costa Mar,20052.0,L2,V1,2026-07-19 11:35:33,2026-07-19 11:48:39,CW→CC,2026-07-19,,20052.0,20052.0,140,Estudiante
2250,242444333,Costa Mar,Cdal. Raul Silva Henriquez,20059.0,L2,V1,2026-07-19 13:27:42,2026-07-19 13:42:00,CC→CW,2026-07-19,,20059.0,20059.0,140,Estudiante
2251,242444339,Cristo Redentor,Cdal. Raul Silva Henriquez,20056.0,L2,V1,2026-07-19 12:12:34,2026-07-19 12:35:05,CW→CC,2026-07-19,,20056.0,20056.0,210,Estudiante
2252,242456609,Juan Pablo II,Lomas Coloradas,20167.0,L2,V1,2026-07-19 19:46:36,2026-07-19 20:20:00,CC→CW,2026-07-19,,20167.0,20167.0,170,Estudiante
2253,242457839,Cristo Redentor,Concepcion,20058.0,L2,V1,2026-07-19 12:24:56,2026-07-19 13:13:50,CW→CC,2026-07-19,,20058.0,20056.0,280,Estudiante
2254,242457839,Concepcion,Cristo Redentor,20157.0,L2,V1,2026-07-19 17:27:02,2026-07-19 18:08:41,CC→CW,2026-07-19,,20157.0,20157.0,280,Estudiante
2255,242461353,Lomas Coloradas,Concepcion,20058.0,L2,V1,2026-07-19 12:42:43,2026-07-19 13:13:52,CW→CC,2026-07-19,,20058.0,20056.0,190,Estudiante
2256,242461353,Concepcion,Lomas Coloradas,20163.0,L2,V1,2026-07-19 18:35:50,2026-07-19 19:20:04,CC→CW,2026-07-19,,20163.0,20161.0,190,Estudiante
2257,242461615,Concepcion,Lomas Coloradas,20059.0,L2,V1,2026-07-19 12:57:35,2026-07-19 13:38:43,CC→CW,2026-07-19,,20059.0,20059.0,190,Estudiante
2258,242461766,Concepcion,Cristo Redentor,20163.0,L2,V1,2026-07-19 18:34:44,2026-07-19 19:37:14,CC→CW,2026-07-19,,20163.0,20161.0,280,Estudiante
2259,242477149,Coronel,Laguna Quinenco,20162.0,L2,V1,2026-07-19 17:55:35,2026-07-19 18:19:48,CW→CC,2026-07-19,,20162.0,20162.0,150,Estudiante
2260,242477186,Laguna Quinenco,Los Canelos,20166.0,L2,V1,2026-07-19 18:59:26,2026-07-19 19:26:00,CW→CC,2026-07-19,,20166.0,20166.0,180,Estudiante
2261,242488446,Costa Mar,Concepcion,20062.0,L2,V1,2026-07-19 14:15:57,2026-07-19 14:50:09,CW→CC,2026-07-19,,20062.0,20062.0,190,Estudiante
2262,242488461,Lomas Coloradas,Laguna Quinenco,20071.0,L2,V1,2026-07-19 16:56:45,2026-07-19 17:21:17,CC→CW,2026-07-19,,20071.0,20071.0,220,Estudiante
2263,242488461,Laguna Quinenco,Lomas Coloradas,20170.0,L2,V1,2026-07-19 20:05:40,2026-07-19 20:38:11,CW→CC,2026-07-19,,20170.0,20170.0,220,Estudiante
2264,242488583,Costa Mar,Los Canelos,20041.0,L2,V1,2026-07-19 10:39:14,2026-07-19 11:03:38,CC→CW,2026-07-19,,20041.0,20041.0,200,Estudiante
2265,242488583,Los Canelos,Costa Mar,20166.0,L2,V1,2026-07-19 18:40:58,2026-07-19 19:44:36,CW→CC,2026-07-19,,20166.0,20166.0,200,Estudiante
2266,242489892,Concepcion,Concepcion,,,,2026-07-19 11:00:25,2026-07-19 11:01:50,,2026-07-19,no viajo,,,140,Estudiante
2267,242489897,Concepcion,Los Canelos,20167.0,L2,V1,2026-07-19 19:53:22,2026-07-19 20:32:51,CC→CW,2026-07-19,,20167.0,20167.0,280,Estudiante
2268,242522830,Coronel,Huinca,20160.0,L2,V1,2026-07-19 17:34:24,2026-07-19 17:52:30,CW→CC,2026-07-19,,20160.0,20160.0,150,Estudiante
2269,242523146,Hito Galvarino,Cdal. Raul Silva Henriquez,20066.0,L2,V1,2026-07-19 14:42:01,2026-07-19 15:06:54,CW→CC,2026-07-19,,20066.0,20066.0,200,Estudiante
2270,242529067,Lomas Coloradas,Concepcion,20052.0,L2,V1,2026-07-19 11:28:25,2026-07-19 12:10:06,CW→CC,2026-07-19,,20052.0,20050.0,190,Estudiante
2271,242529067,Concepcion,Lomas Coloradas,20071.0,L2,V1,2026-07-19 16:28:55,2026-07-19 16:59:37,CC→CW,2026-07-19,,20071.0,20071.0,190,Estudiante
2272,242541679,Concepcion,Los Canelos,20171.0,L2,V1,2026-07-19 20:42:03,2026-07-19 21:32:21,CC→CW,2026-07-19,,20171.0,20171.0,280,Estudiante
2273,242550380,Concepcion,El Parque,20049.0,L2,V1,2026-07-19 11:20:22,2026-07-19 11:47:09,CC→CW,2026-07-19,,20049.0,20049.0,190,Estudiante
2274,242550380,El Parque,Concepcion,20058.0,L2,V1,2026-07-19 12:54:52,2026-07-19 13:16:19,CW→CC,2026-07-19,,20058.0,20058.0,190,Estudiante
2275,242564521,Cdal. Raul Silva Henriquez,Diagonal Bio Bio,20166.0,L2,V1,2026-07-19 19:25:13,2026-07-19 19:49:23,CW→CC,2026-07-19,,20166.0,20166.0,170,Estudiante
2276,242564956,Laguna Quinenco,Hito Galvarino,20166.0,L2,V1,2026-07-19 18:59:25,2026-07-19 19:29:13,CW→CC,2026-07-19,,20166.0,20166.0,180,Estudiante
2277,242575273,Concepcion,Coronel,20167.0,L2,V1,2026-07-19 19:50:14,2026-07-19 20:43:32,CC→CW,2026-07-19,,20167.0,20167.0,290,Estudiante
2278,242578373,Lomas Coloradas,Diagonal Bio Bio,20066.0,L2,V1,2026-07-19 14:59:22,2026-07-19 15:19:57,CW→CC,2026-07-19,,20066.0,20066.0,170,Estudiante
2279,242578373,Diagonal Bio Bio,Lomas Coloradas,20163.0,L2,V1,2026-07-19 19:11:56,2026-07-19 20:19:57,CC→CW,2026-07-19,,20163.0,20163.0,170,Estudiante
2280,242625594,Concepcion,Manquimavida,20845.0,L1,V1,2026-07-19 16:16:17,2026-07-19 16:45:58,TH→HQ,2026-07-19,,20845.0,20845.0,170,Estudiante
2281,242625594,Manquimavida,Concepcion,20848.0,L1,V1,2026-07-19 20:40:45,2026-07-19 21:00:16,HQ→TH,2026-07-19,,20848.0,20848.0,170,Estudiante
2282,242626524,Manquimavida,UTF Santa Maria,20844.0,L1,V1,2026-07-19 12:27:12,2026-07-19 13:06:41,HQ→TH,2026-07-19,,20844.0,20844.0,180,Estudiante
2283,242627142,Coronel,Concepcion,20052.0,L2,V1,2026-07-19 11:08:28,2026-07-19 12:14:03,CW→CC,2026-07-19,,20052.0,20050.0,290,Estudiante
2284,242627142,Concepcion,Coronel,20063.0,L2,V1,2026-07-19 14:10:59,2026-07-19 15:17:07,CC→CW,2026-07-19,,20063.0,20063.0,290,Estudiante
2285,242628632,Cristo Redentor,Concepcion,20180.0,L2,V1,2026-07-19 16:42:46,2026-07-19 17:29:48,CW→CC,2026-07-19,,20180.0,20180.0,280,Estudiante
2286,242628632,Concepcion,Cristo Redentor,20167.0,L2,V1,2026-07-19 19:43:55,2026-07-19 20:37:24,CC→CW,2026-07-19,,20167.0,20167.0,280,Estudiante
2287,242628837,Laguna Quinenco,Concepcion,20180.0,L2,V1,2026-07-19 16:04:27,2026-07-19 17:30:09,CW→CC,2026-07-19,,20180.0,20180.0,290,Estudiante
2288,242628837,Concepcion,Los Canelos,20163.0,L2,V1,2026-07-19 18:50:49,2026-07-19 19:32:55,CC→CW,2026-07-19,,20163.0,20163.0,280,Estudiante
2289,242629099,Concepcion,Hito Galvarino,20167.0,L2,V1,2026-07-19 19:52:23,2026-07-19 20:28:49,CC→CW,2026-07-19,,20167.0,20167.0,280,Estudiante
2290,242633255,Los Canelos,El Parque,20056.0,L2,V1,2026-07-19 11:56:49,2026-07-19 12:41:34,CW→CC,2026-07-19,,20056.0,20056.0,200,Estudiante
2291,242633255,El Parque,Laguna Quinenco,20059.0,L2,V1,2026-07-19 13:27:18,2026-07-19 13:58:15,CC→CW,2026-07-19,,20059.0,20059.0,220,Estudiante
2292,242633255,Laguna Quinenco,Los Canelos,20066.0,L2,V1,2026-07-19 14:41:04,2026-07-19 14:56:23,CW→CC,2026-07-19,,20066.0,20066.0,180,Estudiante
2293,242633278,Juan Pablo II,Los Canelos,20157.0,L2,V1,2026-07-19 17:27:43,2026-07-19 18:02:39,CC→CW,2026-07-19,,20157.0,20157.0,220,Estudiante
2294,242634496,Los Canelos,Juan Pablo II,20058.0,L2,V1,2026-07-19 12:33:21,2026-07-19 13:06:22,CW→CC,2026-07-19,,20058.0,20058.0,220,Estudiante
2295,242634496,Concepcion,Los Canelos,20161.0,L2,V1,2026-07-19 18:27:04,2026-07-19 19:03:15,CC→CW,2026-07-19,,20161.0,20161.0,280,Estudiante
2296,242636526,Cdal. Raul Silva Henriquez,Costa Mar,20050.0,L2,V1,2026-07-19 11:02:21,2026-07-19 11:28:46,CW→CC,2026-07-19,,20050.0,20050.0,140,Estudiante
2297,242636526,Costa Mar,Cdal. Raul Silva Henriquez,20059.0,L2,V1,2026-07-19 12:34:51,2026-07-19 13:41:44,CC→CW,2026-07-19,,20059.0,20059.0,140,Estudiante
2298,242636527,Laguna Quinenco,Lomas Coloradas,20166.0,L2,V1,2026-07-19 19:10:31,2026-07-19 19:38:45,CW→CC,2026-07-19,,20166.0,20166.0,220,Estudiante
2299,242636799,Costa Mar,Concepcion,20058.0,L2,V1,2026-07-19 12:55:15,2026-07-19 13:14:49,CW→CC,2026-07-19,,20058.0,20058.0,190,Estudiante
2300,242636930,Huinca,Laguna Quinenco,20059.0,L2,V1,2026-07-19 13:39:35,2026-07-19 14:00:00,CC→CW,2026-07-19,,20059.0,20059.0,150,Estudiante
2301,242636930,Laguna Quinenco,Huinca,20180.0,L2,V1,2026-07-19 16:00:02,2026-07-19 16:56:33,CW→CC,2026-07-19,,20180.0,20180.0,150,Estudiante
2302,242637172,Lomas Coloradas,Los Canelos,20163.0,L2,V1,2026-07-19 19:15:04,2026-07-19 19:31:58,CC→CW,2026-07-19,,20163.0,20163.0,200,Estudiante
2303,242638403,Coronel,Laguna Quinenco,20162.0,L2,V1,2026-07-19 17:55:32,2026-07-19 18:19:53,CW→CC,2026-07-19,,20162.0,20162.0,150,Estudiante
2304,242669938,Concepcion,Los Canelos,20171.0,L2,V1,2026-07-19 20:54:10,2026-07-19 21:32:02,CC→CW,2026-07-19,,20171.0,20171.0,280,Estudiante
2305,242670106,Coronel,Cristo Redentor,20068.0,L2,V1,2026-07-19 15:26:12,2026-07-19 15:40:43,CW→CC,2026-07-19,,20068.0,20068.0,150,Estudiante
2306,242697003,Los Canelos,El Parque,20056.0,L2,V1,2026-07-19 11:59:24,2026-07-19 12:56:10,CW→CC,2026-07-19,,20056.0,20056.0,200,Estudiante
2307,242697792,Diagonal Bio Bio,Cristo Redentor,20051.0,L2,V1,2026-07-19 11:53:27,2026-07-19 12:21:52,CC→CW,2026-07-19,,20051.0,20051.0,230,Estudiante
2308,242697792,Cristo Redentor,Diagonal Bio Bio,20166.0,L2,V1,2026-07-19 19:01:41,2026-07-19 19:48:59,CW→CC,2026-07-19,,20166.0,20166.0,230,Estudiante
2309,242699216,Concepcion,Los Canelos,20161.0,L2,V1,2026-07-19 17:58:23,2026-07-19 19:02:27,CC→CW,2026-07-19,,20161.0,20161.0,280,Estudiante
2310,242699340,Huinca,Laguna Quinenco,20067.0,L2,V1,2026-07-19 15:57:33,2026-07-19 16:10:51,CC→CW,2026-07-19,,20067.0,20067.0,150,Estudiante
2311,242703059,Cdal. Raul Silva Henriquez,Juan Pablo II,20056.0,L2,V1,2026-07-19 12:34:13,2026-07-19 12:52:07,CW→CC,2026-07-19,,20056.0,20056.0,170,Estudiante
2312,242708039,Laguna Quinenco,Concepcion,20066.0,L2,V1,2026-07-19 14:43:26,2026-07-19 15:29:09,CW→CC,2026-07-19,,20066.0,20066.0,290,Estudiante
2313,242708039,Concepcion,Laguna Quinenco,20157.0,L2,V1,2026-07-19 17:26:53,2026-07-19 18:12:42,CC→CW,2026-07-19,,20157.0,20157.0,290,Estudiante
2314,242708327,Concepcion,Los Canelos,20171.0,L2,V1,2026-07-19 20:42:16,2026-07-19 21:32:17,CC→CW,2026-07-19,,20171.0,20171.0,280,Estudiante
2315,242710983,Cristo Redentor,Concepcion,20058.0,L2,V1,2026-07-19 12:29:18,2026-07-19 13:14:39,CW→CC,2026-07-19,,20058.0,20058.0,280,Estudiante
2316,242710983,Concepcion,Cristo Redentor,20157.0,L2,V1,2026-07-19 17:18:16,2026-07-19 18:07:19,CC→CW,2026-07-19,,20157.0,20157.0,280,Estudiante
2317,242715467,Concepcion,Laguna Quinenco,20157.0,L2,V1,2026-07-19 17:25:53,2026-07-19 18:10:06,CC→CW,2026-07-19,,20157.0,20157.0,290,Estudiante
2318,242716620,Manquimavida,Concepcion,20846.0,L1,V1,2026-07-19 17:04:55,2026-07-19 17:40:30,HQ→TH,2026-07-19,,20846.0,20846.0,170,Estudiante
2319,242717130,Lomas Coloradas,Concepcion,20152.0,L2,V1,2026-07-19 08:49:39,2026-07-19 09:13:25,CW→CC,2026-07-19,,20152.0,20152.0,190,Estudiante
2320,242717130,Concepcion,Lomas Coloradas,20171.0,L2,V1,2026-07-19 20:30:13,2026-07-19 21:19:39,CC→CW,2026-07-19,,20171.0,20171.0,190,Estudiante
2321,242719210,Juan Pablo II,Cristo Redentor,20049.0,L2,V1,2026-07-19 11:28:48,2026-07-19 12:07:27,CC→CW,2026-07-19,,20049.0,20049.0,230,Estudiante
2322,242719231,Concepcion,Huinca,20059.0,L2,V1,2026-07-19 12:51:46,2026-07-19 13:53:41,CC→CW,2026-07-19,,20059.0,20059.0,280,Estudiante
2323,242719246,Los Canelos,Cdal. Raul Silva Henriquez,20050.0,L2,V1,2026-07-19 11:08:47,2026-07-19 11:20:03,CW→CC,2026-07-19,,20050.0,20050.0,200,Estudiante
2324,242719246,Laguna Quinenco,Cdal. Raul Silva Henriquez,20162.0,L2,V1,2026-07-19 18:13:21,2026-07-19 18:34:55,CW→CC,2026-07-19,,20162.0,20162.0,220,Estudiante
2325,242719246,Cdal. Raul Silva Henriquez,Los Canelos,20163.0,L2,V1,2026-07-19 19:18:38,2026-07-19 19:31:46,CC→CW,2026-07-19,,20163.0,,200,Estudiante
2326,242727675,Hito Galvarino,Cdal. Raul Silva Henriquez,20160.0,L2,V1,2026-07-19 17:40:47,2026-07-19 18:04:00,CW→CC,2026-07-19,,20160.0,20157.0,200,Estudiante
2327,242745788,Concepcion,El Parque,20167.0,L2,V1,2026-07-19 19:41:33,2026-07-19 20:17:35,CC→CW,2026-07-19,,20167.0,20167.0,190,Estudiante
2328,242748123,Laguna Quinenco,Costa Mar,20170.0,L2,V1,2026-07-19 20:15:11,2026-07-19 20:46:38,CW→CC,2026-07-19,,20170.0,20170.0,220,Estudiante
2329,242749958,Juan Pablo II,Costa Mar,20063.0,L2,V1,2026-07-19 14:22:48,2026-07-19 14:49:32,CC→CW,2026-07-19,,20063.0,20063.0,170,Estudiante
2330,242750103,Hito Galvarino,Cristo Redentor,20059.0,L2,V1,2026-07-19 13:40:47,2026-07-19 13:55:48,CC→CW,2026-07-19,,20059.0,20059.0,150,Estudiante
2331,242750103,Cristo Redentor,Laguna Quinenco,20167.0,L2,V1,2026-07-19 20:03:32,2026-07-19 20:46:42,CC→CW,2026-07-19,,20167.0,20167.0,150,Estudiante
2332,242792274,Cdal. Raul Silva Henriquez,Concepcion,20068.0,L2,V1,2026-07-19 15:53:02,2026-07-19 16:17:19,CW→CC,2026-07-19,,20068.0,20068.0,190,Estudiante
2333,242792359,Costa Mar,Cdal. Raul Silva Henriquez,20059.0,L2,V1,2026-07-19 13:27:43,2026-07-19 13:41:59,CC→CW,2026-07-19,,20059.0,20059.0,140,Estudiante
2334,242792596,Cdal. Raul Silva Henriquez,Concepcion,20180.0,L2,V1,2026-07-19 16:57:35,2026-07-19 17:29:01,CW→CC,2026-07-19,,20180.0,20180.0,190,Estudiante
2335,242793179,Huinca,Lomas Coloradas,20044.0,L2,V1,2026-07-19 10:06:04,2026-07-19 10:28:12,CW→CC,2026-07-19,,20044.0,20044.0,210,Estudiante
2336,242793179,Lomas Coloradas,Huinca,20163.0,L2,V1,2026-07-19 19:08:18,2026-07-19 19:35:19,CC→CW,2026-07-19,,20163.0,20163.0,210,Estudiante
2337,242793216,Cdal. Raul Silva Henriquez,Laguna Quinenco,20071.0,L2,V1,2026-07-19 17:01:30,2026-07-19 17:19:38,CC→CW,2026-07-19,,20071.0,20071.0,220,Estudiante
2338,242793216,Laguna Quinenco,Cdal. Raul Silva Henriquez,20160.0,L2,V1,2026-07-19 17:49:09,2026-07-19 18:35:21,CW→CC,2026-07-19,,20160.0,20160.0,220,Estudiante
2339,242795163,Los Canelos,Coronel,20049.0,L2,V1,2026-07-19 12:01:28,2026-07-19 12:11:52,CC→CW,2026-07-19,,20049.0,20049.0,180,Estudiante
2340,242795163,Los Canelos,Cristo Redentor,20071.0,L2,V1,2026-07-19 17:10:49,2026-07-19 17:16:22,CC→CW,2026-07-19,,20071.0,20071.0,150,Estudiante
2341,242795189,Lomas Coloradas,Cristo Redentor,20153.0,L2,V1,2026-07-19 09:22:35,2026-07-19 09:51:29,CC→CW,2026-07-19,,20153.0,20153.0,210,Estudiante
2342,242795189,Cristo Redentor,Lomas Coloradas,20056.0,L2,V1,2026-07-19 12:19:23,2026-07-19 12:37:52,CW→CC,2026-07-19,,20056.0,20056.0,210,Estudiante
2343,242795244,Hito Galvarino,Concepcion,20162.0,L2,V1,2026-07-19 18:23:16,2026-07-19 18:58:10,CW→CC,2026-07-19,,20162.0,20162.0,280,Estudiante
2344,242796856,Concepcion,Huinca,20157.0,L2,V1,2026-07-19 17:29:40,2026-07-19 18:05:06,CC→CW,2026-07-19,,20157.0,20157.0,280,Estudiante
2345,242797220,Huinca,El Parque,20152.0,L2,V1,2026-07-19 08:18:32,2026-07-19 08:56:59,CW→CC,2026-07-19,,20152.0,20152.0,210,Estudiante
2346,242797220,El Parque,Huinca,20171.0,L2,V1,2026-07-19 21:02:39,2026-07-19 21:33:57,CC→CW,2026-07-19,,20171.0,20171.0,210,Estudiante
2347,242798239,Los Canelos,Diagonal Bio Bio,20180.0,L2,V1,2026-07-19 16:52:13,2026-07-19 17:19:14,CW→CC,2026-07-19,,20180.0,20180.0,220,Estudiante
2348,242798407,Pedro Medina,Hualqui,20845.0,L1,V1,2026-07-19 16:36:40,2026-07-19 17:01:42,TH→HQ,2026-07-19,,20845.0,20845.0,170,Estudiante
2349,242798720,Cristo Redentor,Concepcion,20050.0,L2,V1,2026-07-19 10:32:08,2026-07-19 11:42:38,CW→CC,2026-07-19,,20050.0,20050.0,280,Estudiante
2350,242798720,Concepcion,Cristo Redentor,20059.0,L2,V1,2026-07-19 12:48:22,2026-07-19 13:56:43,CC→CW,2026-07-19,,20059.0,20059.0,280,Estudiante
2351,242798742,Los Canelos,Juan Pablo II,20058.0,L2,V1,2026-07-19 12:33:20,2026-07-19 13:06:26,CW→CC,2026-07-19,,20058.0,20058.0,220,Estudiante
2352,242798742,Concepcion,Lomas Coloradas,20161.0,L2,V1,2026-07-19 18:27:00,2026-07-19 18:50:24,CC→CW,2026-07-19,,20161.0,20161.0,190,Estudiante
2353,242799043,Los Canelos,Lomas Coloradas,20068.0,L2,V1,2026-07-19 15:42:12,2026-07-19 15:59:00,CW→CC,2026-07-19,,20068.0,20068.0,200,Estudiante
2354,242799045,Concepcion,Huinca,20171.0,L2,V1,2026-07-19 21:00:10,2026-07-19 21:34:40,CC→CW,2026-07-19,,20171.0,20171.0,280,Estudiante
2355,242799896,Lomas Coloradas,Concepcion,20040.0,L2,V1,2026-07-19 10:01:48,2026-07-19 10:23:49,CW→CC,2026-07-19,,20040.0,20040.0,190,Estudiante
2356,242799896,Concepcion,Lomas Coloradas,20067.0,L2,V1,2026-07-19 15:24:38,2026-07-19 15:50:24,CC→CW,2026-07-19,,20067.0,20067.0,190,Estudiante
2357,242800041,Lomas Coloradas,Diagonal Bio Bio,20052.0,L2,V1,2026-07-19 11:42:01,2026-07-19 11:52:58,CW→CC,2026-07-19,,20052.0,20052.0,170,Estudiante
2358,242815420,El Parque,Cristo Redentor,20059.0,L2,V1,2026-07-19 13:25:52,2026-07-19 13:54:57,CC→CW,2026-07-19,,20059.0,20059.0,210,Estudiante
2359,242822772,Diagonal Bio Bio,Hito Galvarino,20053.0,L2,V1,2026-07-19 12:08:41,2026-07-19 12:39:21,CC→CW,2026-07-19,,20053.0,20053.0,220,Estudiante
2360,242822772,Hito Galvarino,Diagonal Bio Bio,20162.0,L2,V1,2026-07-19 18:26:28,2026-07-19 18:48:24,CW→CC,2026-07-19,,20162.0,20162.0,220,Estudiante
2361,242824644,Laguna Quinenco,Cristo Redentor,20160.0,L2,V1,2026-07-19 17:44:27,2026-07-19 17:51:26,CW→CC,2026-07-19,,20160.0,20160.0,150,Estudiante
2362,242839122,Cdal. Raul Silva Henriquez,Lomas Coloradas,20062.0,L2,V1,2026-07-19 13:51:55,2026-07-19 14:13:43,CW→CC,2026-07-19,,20062.0,20062.0,140,Estudiante
2363,242839122,Concepcion,Cdal. Raul Silva Henriquez,20157.0,L2,V1,2026-07-19 17:24:25,2026-07-19 17:52:21,CC→CW,2026-07-19,,20157.0,20157.0,190,Estudiante
2364,242839326,Costa Mar,Los Canelos,20161.0,L2,V1,2026-07-19 18:05:02,2026-07-19 19:02:42,CC→CW,2026-07-19,,20161.0,20161.0,200,Estudiante
2365,242839328,Los Canelos,Concepcion,20058.0,L2,V1,2026-07-19 12:30:39,2026-07-19 13:14:34,CW→CC,2026-07-19,,20058.0,20056.0,280,Estudiante
2366,242839328,Concepcion,Hito Galvarino,20161.0,L2,V1,2026-07-19 18:26:10,2026-07-19 19:00:29,CC→CW,2026-07-19,,20161.0,20161.0,280,Estudiante
2367,242839373,Concepcion,Huinca,20161.0,L2,V1,2026-07-19 17:38:14,2026-07-19 19:05:17,CC→CW,2026-07-19,,20161.0,20157.0,280,Estudiante
2368,242839528,Cristo Redentor,Laguna Quinenco,20059.0,L2,V1,2026-07-19 13:35:01,2026-07-19 13:58:11,CC→CW,2026-07-19,,20059.0,20059.0,150,Estudiante
2369,242841717,Lomas Coloradas,Concepcion,20044.0,L2,V1,2026-07-19 10:16:59,2026-07-19 10:49:53,CW→CC,2026-07-19,,20044.0,20044.0,190,Estudiante
2370,242841831,Cristo Redentor,Lomas Coloradas,20062.0,L2,V1,2026-07-19 13:39:58,2026-07-19 14:14:21,CW→CC,2026-07-19,,20062.0,20062.0,210,Estudiante
2371,242846109,Laguna Quinenco,Concepcion,20062.0,L2,V1,2026-07-19 13:44:48,2026-07-19 16:18:57,CW→CC,2026-07-19,,20062.0,20062.0,290,Estudiante
2372,242846109,Concepcion,Huinca,20163.0,L2,V1,2026-07-19 18:54:20,2026-07-19 19:35:20,CC→CW,2026-07-19,,20163.0,20163.0,280,Estudiante
2373,242856193,Lomas Coloradas,Concepcion,20160.0,L2,V1,2026-07-19 18:05:29,2026-07-19 18:28:05,CW→CC,2026-07-19,,20160.0,20160.0,190,Estudiante
2374,252036789,Laguna Quinenco,Concepcion,20062.0,L2,V1,2026-07-19 13:52:33,2026-07-19 14:36:57,CW→CC,2026-07-19,,20062.0,20062.0,290,Estudiante
2375,252036789,Concepcion,Laguna Quinenco,20167.0,L2,V1,2026-07-19 19:34:17,2026-07-19 20:41:07,CC→CW,2026-07-19,,20167.0,20167.0,290,Estudiante
2376,252037558,Huinca,Diagonal Bio Bio,20066.0,L2,V1,2026-07-19 14:39:57,2026-07-19 15:19:26,CW→CC,2026-07-19,,20066.0,20066.0,230,Estudiante
2377,252042674,Cristo Redentor,Concepcion,20180.0,L2,V1,2026-07-19 16:49:17,2026-07-19 17:29:25,CW→CC,2026-07-19,,20180.0,20180.0,280,Estudiante
2378,252042674,Concepcion,Huinca,20171.0,L2,V1,2026-07-19 20:47:15,2026-07-19 21:34:06,CC→CW,2026-07-19,,20171.0,20171.0,280,Estudiante
2379,252044121,Concepcion,Lomas Coloradas,20063.0,L2,V1,2026-07-19 14:31:06,2026-07-19 14:54:40,CC→CW,2026-07-19,,20063.0,20063.0,190,Estudiante
2380,252045339,Los Condores,Pedro Medina,20859.0,L1,V1,2026-07-19 12:37:58,2026-07-19 13:13:53,TH→HQ,2026-07-19,,20859.0,20859.0,180,Estudiante
2381,252046260,Diagonal Bio Bio,Laguna Quinenco,20053.0,L2,V1,2026-07-19 12:17:18,2026-07-19 12:48:53,CC→CW,2026-07-19,,20053.0,20053.0,260,Estudiante
2382,252046260,Laguna Quinenco,Diagonal Bio Bio,20170.0,L2,V1,2026-07-19 20:04:36,2026-07-19 20:48:13,CW→CC,2026-07-19,,20170.0,20170.0,260,Estudiante
2383,252051489,Cdal. Raul Silva Henriquez,Diagonal Bio Bio,20050.0,L2,V1,2026-07-19 11:18:42,2026-07-19 11:33:11,CW→CC,2026-07-19,,20050.0,20050.0,170,Estudiante
2384,252065250,Concepcion,Cristo Redentor,20059.0,L2,V1,2026-07-19 12:57:32,2026-07-19 13:54:59,CC→CW,2026-07-19,,20059.0,20059.0,280,Estudiante
2385,252067462,Coronel,Concepcion,20180.0,L2,V1,2026-07-19 16:14:04,2026-07-19 17:28:48,CW→CC,2026-07-19,,20180.0,20180.0,290,Estudiante
2386,252067562,Concepcion,Cdal. Raul Silva Henriquez,20051.0,L2,V1,2026-07-19 11:42:48,2026-07-19 12:07:45,CC→CW,2026-07-19,,20051.0,20051.0,190,Estudiante
2387,252079354,Los Canelos,Concepcion,20062.0,L2,V1,2026-07-19 13:48:20,2026-07-19 14:34:46,CW→CC,2026-07-19,,20062.0,20062.0,280,Estudiante
2388,252081743,Cdal. Raul Silva Henriquez,Juan Pablo II,20066.0,L2,V1,2026-07-19 14:55:16,2026-07-19 15:22:41,CW→CC,2026-07-19,,20066.0,20066.0,170,Estudiante
2389,252089051,Huinca,Concepcion,20162.0,L2,V1,2026-07-19 18:13:37,2026-07-19 18:58:19,CW→CC,2026-07-19,,20162.0,20162.0,280,Estudiante
2390,252091927,El Parque,Concepcion,20160.0,L2,V1,2026-07-19 17:59:04,2026-07-19 18:28:44,CW→CC,2026-07-19,,20160.0,20160.0,190,Estudiante
2391,252101624,Hualqui,Concepcion,20846.0,L1,V1,2026-07-19 16:57:25,2026-07-19 17:34:53,HQ→TH,2026-07-19,,20846.0,20846.0,180,Estudiante
2392,252110209,Lomas Coloradas,Juan Pablo II,20062.0,L2,V1,2026-07-19 14:09:13,2026-07-19 14:26:24,CW→CC,2026-07-19,,20062.0,20062.0,170,Estudiante
2393,252110209,Juan Pablo II,Lomas Coloradas,20161.0,L2,V1,2026-07-19 18:26:22,2026-07-19 18:50:10,CC→CW,2026-07-19,,20161.0,20161.0,170,Estudiante
2394,252121633,Huinca,Diagonal Bio Bio,20052.0,L2,V1,2026-07-19 11:25:13,2026-07-19 11:53:15,CW→CC,2026-07-19,,20052.0,20052.0,230,Estudiante
2395,252123795,Laguna Quinenco,Concepcion,20044.0,L2,V1,2026-07-19 10:03:26,2026-07-19 10:47:34,CW→CC,2026-07-19,,20044.0,20044.0,290,Estudiante
2396,252123795,Concepcion,Laguna Quinenco,20059.0,L2,V1,2026-07-19 12:19:31,2026-07-19 13:58:02,CC→CW,2026-07-19,combo_por_entrada,20059.0,20859.0,300,Estudiante
2397,252124072,Lomas Coloradas,Concepcion,20160.0,L2,V1,2026-07-19 18:06:00,2026-07-19 18:28:58,CW→CC,2026-07-19,,20160.0,20160.0,190,Estudiante
2398,252124627,Concepcion,Laguna Quinenco,20167.0,L2,V1,2026-07-19 19:44:39,2026-07-19 20:40:22,CC→CW,2026-07-19,,20167.0,20167.0,290,Estudiante
2399,252125155,El Parque,Los Canelos,20071.0,L2,V1,2026-07-19 16:55:21,2026-07-19 17:12:25,CC→CW,2026-07-19,,20071.0,20071.0,200,Estudiante
2400,252125573,Huinca,Juan Pablo II,20058.0,L2,V1,2026-07-19 12:34:12,2026-07-19 13:06:11,CW→CC,2026-07-19,,20058.0,20058.0,230,Estudiante
2401,252125573,Concepcion,Huinca,20161.0,L2,V1,2026-07-19 18:22:01,2026-07-19 19:05:50,CC→CW,2026-07-19,,20161.0,20161.0,280,Estudiante
2402,252125929,Concepcion,Los Canelos,20053.0,L2,V1,2026-07-19 11:59:22,2026-07-19 12:42:26,CC→CW,2026-07-19,,20053.0,20053.0,280,Estudiante
2403,252126288,Lomas Coloradas,Diagonal Bio Bio,20058.0,L2,V1,2026-07-19 12:46:26,2026-07-19 13:03:12,CW→CC,2026-07-19,,20058.0,20058.0,170,Estudiante
2404,252126288,Diagonal Bio Bio,Lomas Coloradas,20163.0,L2,V1,2026-07-19 19:07:55,2026-07-19 19:19:17,CC→CW,2026-07-19,,20163.0,20163.0,170,Estudiante
2405,252126329,Concepcion,Lomas Coloradas,20161.0,L2,V1,2026-07-19 18:30:51,2026-07-19 19:38:26,CC→CW,2026-07-19,,20161.0,20161.0,190,Estudiante
2406,252126400,Lomas Coloradas,Alborada,20156.0,L2,V1,2026-07-19 09:37:22,2026-07-19 09:46:04,CW→CC,2026-07-19,,20156.0,20156.0,170,Estudiante
2407,252126400,Alborada,Lomas Coloradas,20049.0,L2,V1,2026-07-19 11:32:24,2026-07-19 11:49:53,CC→CW,2026-07-19,,20049.0,20049.0,170,Estudiante
2408,252126850,Cristo Redentor,Concepcion,20066.0,L2,V1,2026-07-19 14:20:25,2026-07-19 15:29:06,CW→CC,2026-07-19,,20066.0,20066.0,280,Estudiante
2409,252126893,Los Canelos,Concepcion,20152.0,L2,V1,2026-07-19 08:35:38,2026-07-19 09:14:18,CW→CC,2026-07-19,,20152.0,20152.0,280,Estudiante
2410,252128802,Los Canelos,Costa Mar,20058.0,L2,V1,2026-07-19 12:34:16,2026-07-19 12:58:57,CW→CC,2026-07-19,,20058.0,20058.0,200,Estudiante
2411,252128960,Concepcion,Hito Galvarino,20067.0,L2,V1,2026-07-19 15:19:25,2026-07-19 16:01:35,CC→CW,2026-07-19,,20067.0,20067.0,280,Estudiante
2412,252129175,Laguna Quinenco,Concepcion,20180.0,L2,V1,2026-07-19 16:42:32,2026-07-19 17:29:30,CW→CC,2026-07-19,,20180.0,20180.0,290,Estudiante
2413,252129175,Concepcion,Laguna Quinenco,20171.0,L2,V1,2026-07-19 20:21:03,2026-07-19 21:39:16,CC→CW,2026-07-19,,20171.0,20171.0,290,Estudiante
2414,252147817,Coronel,Concepcion,20056.0,L2,V1,2026-07-19 12:14:05,2026-07-19 12:57:33,CW→CC,2026-07-19,,20056.0,20056.0,290,Estudiante
2415,252147817,Concepcion,Laguna Quinenco,20161.0,L2,V1,2026-07-19 18:26:33,2026-07-19 19:09:48,CC→CW,2026-07-19,,20161.0,20161.0,290,Estudiante
2416,252148230,Cdal. Raul Silva Henriquez,Concepcion,20062.0,L2,V1,2026-07-19 14:07:09,2026-07-19 14:32:41,CW→CC,2026-07-19,,20062.0,20062.0,190,Estudiante
2417,252148582,Concepcion,Concepcion,,,,2026-07-19 19:08:38,2026-07-19 19:09:13,,2026-07-19,no viajo,,,140,Estudiante
2418,252148693,Concepcion,Cdal. Raul Silva Henriquez,20167.0,L2,V1,2026-07-19 19:28:04,2026-07-19 20:23:05,CC→CW,2026-07-19,,20167.0,20167.0,190,Estudiante
2419,252149012,Diagonal Bio Bio,Laguna Quinenco,20171.0,L2,V1,2026-07-19 21:06:21,2026-07-19 21:39:26,CC→CW,2026-07-19,,20171.0,20171.0,260,Estudiante
2420,252149035,Concepcion,Coronel,20161.0,L2,V1,2026-07-19 18:17:54,2026-07-19 19:12:46,CC→CW,2026-07-19,,20161.0,20161.0,290,Estudiante
2421,252149441,Concepcion,Lomas Coloradas,20059.0,L2,V1,2026-07-19 12:57:37,2026-07-19 13:39:52,CC→CW,2026-07-19,,20059.0,20059.0,190,Estudiante
2422,252149441,Hito Galvarino,Concepcion,20166.0,L2,V1,2026-07-19 19:03:56,2026-07-19 19:59:30,CW→CC,2026-07-19,,20166.0,20166.0,280,Estudiante
2423,252149692,Los Condores,Concepcion,20859.0,L1,V1,2026-07-19 12:38:34,2026-07-19 12:54:14,TH→HQ,2026-07-19,,20859.0,20859.0,170,Estudiante
2424,252149852,Diagonal Bio Bio,Costa Mar,20163.0,L2,V1,2026-07-19 18:58:45,2026-07-19 19:13:47,CC→CW,2026-07-19,,20163.0,20163.0,170,Estudiante
2425,252150472,Juan Pablo II,El Parque,20171.0,L2,V1,2026-07-19 20:58:08,2026-07-19 21:17:32,CC→CW,2026-07-19,,20171.0,20171.0,170,Estudiante
2426,252150533,Concepcion,Costa Mar,20167.0,L2,V1,2026-07-19 19:45:32,2026-07-19 20:14:12,CC→CW,2026-07-19,,20167.0,20167.0,190,Estudiante
2427,252150788,Concepcion,Huinca,20161.0,L2,V1,2026-07-19 18:11:33,2026-07-19 19:04:36,CC→CW,2026-07-19,,20161.0,20161.0,280,Estudiante
2428,252150989,Cdal. Raul Silva Henriquez,Los Canelos,20163.0,L2,V1,2026-07-19 19:13:09,2026-07-19 19:32:23,CC→CW,2026-07-19,,20163.0,20163.0,200,Estudiante
2429,252163727,Coronel,Concepcion,20062.0,L2,V1,2026-07-19 13:31:29,2026-07-19 14:33:46,CW→CC,2026-07-19,,20062.0,20062.0,290,Estudiante
2430,252163727,Concepcion,Huinca,20163.0,L2,V1,2026-07-19 18:56:09,2026-07-19 19:34:30,CC→CW,2026-07-19,,20163.0,20163.0,280,Estudiante
2431,252170042,Cdal. Raul Silva Henriquez,Juan Pablo II,20166.0,L2,V1,2026-07-19 19:26:44,2026-07-19 19:51:50,CW→CC,2026-07-19,,20166.0,20166.0,170,Estudiante
2432,252170380,Lomas Coloradas,Concepcion,20068.0,L2,V1,2026-07-19 15:56:41,2026-07-19 16:17:59,CW→CC,2026-07-19,,20068.0,20068.0,190,Estudiante
2433,252170779,Concepcion,Hito Galvarino,20163.0,L2,V1,2026-07-19 18:43:57,2026-07-19 19:29:01,CC→CW,2026-07-19,,20163.0,20163.0,280,Estudiante
2434,252170815,Concepcion,Coronel,20157.0,L2,V1,2026-07-19 17:17:01,2026-07-19 18:12:51,CC→CW,2026-07-19,,20157.0,20157.0,290,Estudiante
2435,252190359,Juan Pablo II,Cdal. Raul Silva Henriquez,20163.0,L2,V1,2026-07-19 18:41:17,2026-07-19 19:22:05,CC→CW,2026-07-19,,20163.0,20161.0,170,Estudiante
2436,252190863,Los Canelos,Concepcion,20056.0,L2,V1,2026-07-19 12:15:55,2026-07-19 13:16:11,CW→CC,2026-07-19,,20056.0,20056.0,280,Estudiante
2437,252190863,Concepcion,Los Canelos,20161.0,L2,V1,2026-07-19 18:24:50,2026-07-19 19:02:30,CC→CW,2026-07-19,,20161.0,20161.0,280,Estudiante
2438,252196653,Concepcion,Cdal. Raul Silva Henriquez,20171.0,L2,V1,2026-07-19 20:42:20,2026-07-19 21:22:47,CC→CW,2026-07-19,,20171.0,20171.0,190,Estudiante
2439,252198644,Concepcion,Alborada,20167.0,L2,V1,2026-07-19 19:46:38,2026-07-19 20:12:21,CC→CW,2026-07-19,,20167.0,20167.0,190,Estudiante
2440,252198663,Los Canelos,Lomas Coloradas,20062.0,L2,V1,2026-07-19 13:59:28,2026-07-19 14:13:39,CW→CC,2026-07-19,,20062.0,20062.0,200,Estudiante
2441,252201060,Lomas Coloradas,Concepcion,20068.0,L2,V1,2026-07-19 15:56:39,2026-07-19 16:18:02,CW→CC,2026-07-19,,20068.0,20068.0,190,Estudiante
2442,252202921,Concepcion,Hito Galvarino,20167.0,L2,V1,2026-07-19 19:17:57,2026-07-19 20:29:34,CC→CW,2026-07-19,,20167.0,20167.0,280,Estudiante
2443,252203583,Concepcion,Higueras,20846.0,L1,V1,2026-07-19 17:23:39,2026-07-19 17:52:37,HQ→TH,2026-07-19,,20846.0,20846.0,170,Estudiante
2444,252209776,Concepcion,Laguna Quinenco,20157.0,L2,V1,2026-07-19 17:26:36,2026-07-19 18:10:01,CC→CW,2026-07-19,,20157.0,20157.0,290,Estudiante
2445,252223158,Lomas Coloradas,Coronel,20161.0,L2,V1,2026-07-19 18:40:17,2026-07-19 19:13:22,CC→CW,2026-07-19,,20161.0,20161.0,220,Estudiante
2446,252234410,Concepcion,Lomas Coloradas,20163.0,L2,V1,2026-07-19 18:57:30,2026-07-19 19:19:21,CC→CW,2026-07-19,,20163.0,20163.0,190,Estudiante
2447,252235120,Cristo Redentor,Laguna Quinenco,20049.0,L2,V1,2026-07-19 12:03:36,2026-07-19 12:09:08,CC→CW,2026-07-19,,20049.0,20049.0,150,Estudiante
2448,252235205,Lomas Coloradas,Concepcion,20180.0,L2,V1,2026-07-19 17:06:09,2026-07-19 17:28:51,CW→CC,2026-07-19,,20180.0,20180.0,190,Estudiante
2449,252235577,Concepcion,Cristo Redentor,20161.0,L2,V1,2026-07-19 18:25:55,2026-07-19 19:08:16,CC→CW,2026-07-19,,20161.0,20161.0,280,Estudiante
2450,252236443,Concepcion,Lomas Coloradas,20171.0,L2,V1,2026-07-19 20:16:29,2026-07-19 21:19:51,CC→CW,2026-07-19,,20171.0,20171.0,190,Estudiante
2451,252236582,Cristo Redentor,Lomas Coloradas,20056.0,L2,V1,2026-07-19 12:24:16,2026-07-19 12:53:59,CW→CC,2026-07-19,,20056.0,20056.0,210,Estudiante
2452,252236923,Concepcion,Coronel,20059.0,L2,V1,2026-07-19 12:17:33,2026-07-19 14:00:09,CC→CW,2026-07-19,combo_por_entrada,20059.0,20059.0,320,Estudiante
2453,252237334,Cristo Redentor,Hito Galvarino,20180.0,L2,V1,2026-07-19 16:49:24,2026-07-19 16:58:40,CW→CC,2026-07-19,,20180.0,20180.0,150,Estudiante
2454,252250835,Cdal. Raul Silva Henriquez,Diagonal Bio Bio,20056.0,L2,V1,2026-07-19 12:32:35,2026-07-19 12:48:33,CW→CC,2026-07-19,,20056.0,20056.0,170,Estudiante
2455,252264600,Cristo Redentor,Los Canelos,20166.0,L2,V1,2026-07-19 19:09:08,2026-07-19 19:26:21,CW→CC,2026-07-19,,20166.0,20166.0,150,Estudiante
2456,252264728,Laguna Quinenco,Hito Galvarino,20180.0,L2,V1,2026-07-19 16:18:44,2026-07-19 16:58:41,CW→CC,2026-07-19,,20180.0,20180.0,180,Estudiante
2457,252265680,Concepcion,Los Canelos,20153.0,L2,V1,2026-07-19 08:47:22,2026-07-19 09:46:45,CC→CW,2026-07-19,,20153.0,20153.0,280,Estudiante
2458,252265912,Los Canelos,Concepcion,20152.0,L2,V1,2026-07-19 08:34:35,2026-07-19 09:13:48,CW→CC,2026-07-19,,20152.0,20152.0,280,Estudiante
2459,252265912,Concepcion,Los Canelos,20171.0,L2,V1,2026-07-19 20:52:45,2026-07-19 21:31:48,CC→CW,2026-07-19,,20171.0,20171.0,280,Estudiante
2460,252266404,Pedro Medina,Concepcion,20844.0,L1,V1,2026-07-19 12:29:06,2026-07-19 12:50:56,HQ→TH,2026-07-19,,20844.0,20844.0,170,Estudiante
2461,252266404,Concepcion,Pedro Medina,20845.0,L1,V1,2026-07-19 16:18:59,2026-07-19 16:42:08,TH→HQ,2026-07-19,,20845.0,20845.0,170,Estudiante
2462,252266431,Los Canelos,Concepcion,20066.0,L2,V1,2026-07-19 14:52:40,2026-07-19 15:28:39,CW→CC,2026-07-19,,20066.0,20066.0,280,Estudiante
2463,252266431,Concepcion,Los Canelos,20167.0,L2,V1,2026-07-19 19:05:59,2026-07-19 20:34:03,CC→CW,2026-07-19,,20167.0,20163.0,280,Estudiante
2464,252266583,Concepcion,Lomas Coloradas,20171.0,L2,V1,2026-07-19 20:29:25,2026-07-19 21:19:41,CC→CW,2026-07-19,,20171.0,20171.0,190,Estudiante
2465,252266589,Lomas Coloradas,Concepcion,20152.0,L2,V1,2026-07-19 08:50:30,2026-07-19 09:13:39,CW→CC,2026-07-19,,20152.0,20152.0,190,Estudiante
2466,252266589,Concepcion,Lomas Coloradas,20167.0,L2,V1,2026-07-19 19:52:11,2026-07-19 20:20:12,CC→CW,2026-07-19,,20167.0,20167.0,190,Estudiante
2467,252267017,Laguna Quinenco,Concepcion,20068.0,L2,V1,2026-07-19 15:22:33,2026-07-19 16:17:38,CW→CC,2026-07-19,,20068.0,20068.0,290,Estudiante
2468,252271321,La Leonera,Concepcion,20844.0,L1,V1,2026-07-19 12:21:20,2026-07-19 12:50:56,HQ→TH,2026-07-19,,20844.0,20844.0,170,Estudiante
2469,252271321,Concepcion,La Leonera,20845.0,L1,V1,2026-07-19 16:19:08,2026-07-19 16:48:56,TH→HQ,2026-07-19,,20845.0,20845.0,170,Estudiante
2470,252277456,Costa Mar,Laguna Quinenco,20171.0,L2,V1,2026-07-19 21:13:41,2026-07-19 21:39:19,CC→CW,2026-07-19,,20171.0,20171.0,220,Estudiante
2471,252279510,Huinca,Cristo Redentor,20067.0,L2,V1,2026-07-19 15:59:49,2026-07-19 16:08:33,CC→CW,2026-07-19,,20067.0,20067.0,150,Estudiante
2472,252279510,Laguna Quinenco,Huinca,20160.0,L2,V1,2026-07-19 17:14:57,2026-07-19 17:54:15,CW→CC,2026-07-19,,20160.0,20160.0,150,Estudiante
2473,252280325,Huinca,Concepcion,20058.0,L2,V1,2026-07-19 12:27:36,2026-07-19 13:14:05,CW→CC,2026-07-19,,20058.0,20056.0,280,Estudiante
2474,252285869,Concepcion,Laguna Quinenco,20071.0,L2,V1,2026-07-19 16:38:50,2026-07-19 17:19:21,CC→CW,2026-07-19,,20071.0,20071.0,290,Estudiante
2475,252287606,Hito Galvarino,Laguna Quinenco,20161.0,L2,V1,2026-07-19 18:57:09,2026-07-19 19:10:20,CC→CW,2026-07-19,,20161.0,20161.0,180,Estudiante
2476,252287901,Concepcion,Coronel,20059.0,L2,V1,2026-07-19 12:47:21,2026-07-19 14:00:26,CC→CW,2026-07-19,,20059.0,20059.0,290,Estudiante
2477,252322883,Cdal. Raul Silva Henriquez,Diagonal Bio Bio,20170.0,L2,V1,2026-07-19 20:31:22,2026-07-19 20:48:41,CW→CC,2026-07-19,,20170.0,20170.0,170,Estudiante
2478,252323544,Cdal. Raul Silva Henriquez,Coronel,20153.0,L2,V1,2026-07-19 09:32:48,2026-07-19 09:57:08,CC→CW,2026-07-19,,20153.0,20153.0,220,Estudiante
2479,252323544,Coronel,Cdal. Raul Silva Henriquez,20166.0,L2,V1,2026-07-19 19:11:09,2026-07-19 19:35:09,CW→CC,2026-07-19,,20166.0,20166.0,220,Estudiante
2480,252323871,Los Canelos,Costa Mar,20152.0,L2,V1,2026-07-19 08:34:51,2026-07-19 08:59:53,CW→CC,2026-07-19,,20152.0,20152.0,200,Estudiante
2481,252324482,Concepcion,Lomas Coloradas,20171.0,L2,V1,2026-07-19 19:45:41,2026-07-19 21:19:41,CC→CW,2026-07-19,combo_por_entrada,20171.0,20847.0,200,Estudiante
2482,252327191,Concepcion,Hito Galvarino,20163.0,L2,V1,2026-07-19 18:48:36,2026-07-19 19:29:00,CC→CW,2026-07-19,,20163.0,20163.0,280,Estudiante
2483,252327888,Cdal. Raul Silva Henriquez,Costa Mar,20050.0,L2,V1,2026-07-19 11:14:01,2026-07-19 11:29:08,CW→CC,2026-07-19,,20050.0,20050.0,140,Estudiante
2484,252327888,Costa Mar,Cdal. Raul Silva Henriquez,20059.0,L2,V1,2026-07-19 13:22:41,2026-07-19 13:41:54,CC→CW,2026-07-19,,20059.0,20059.0,140,Estudiante
2485,252327893,Huinca,Concepcion,20062.0,L2,V1,2026-07-19 13:54:10,2026-07-19 14:34:38,CW→CC,2026-07-19,,20062.0,20062.0,280,Estudiante
2486,252341536,Concepcion,El Parque,20037.0,L2,V1,2026-07-19 10:01:14,2026-07-19 10:20:39,CC→CW,2026-07-19,,20037.0,20037.0,190,Estudiante
2487,252341768,Costa Mar,Coronel,20063.0,L2,V1,2026-07-19 14:37:08,2026-07-19 15:17:00,CC→CW,2026-07-19,,20063.0,20063.0,220,Estudiante
2488,252343365,Los Canelos,Concepcion,20062.0,L2,V1,2026-07-19 13:48:20,2026-07-19 14:34:43,CW→CC,2026-07-19,,20062.0,20062.0,280,Estudiante
2489,252351748,Concepcion,Cristo Redentor,20161.0,L2,V1,2026-07-19 18:25:53,2026-07-19 19:08:12,CC→CW,2026-07-19,,20161.0,20161.0,280,Estudiante
2490,252367133,Laguna Quinenco,Cristo Redentor,20180.0,L2,V1,2026-07-19 16:37:08,2026-07-19 16:51:39,CW→CC,2026-07-19,,20180.0,20180.0,150,Estudiante
2491,252367133,Cristo Redentor,Laguna Quinenco,20157.0,L2,V1,2026-07-19 17:51:19,2026-07-19 18:10:03,CC→CW,2026-07-19,,20157.0,20157.0,150,Estudiante
2492,252367808,Concepcion,Lomas Coloradas,20171.0,L2,V1,2026-07-19 20:29:41,2026-07-19 21:20:27,CC→CW,2026-07-19,,20171.0,20171.0,190,Estudiante
2493,252367887,Concepcion,Hito Galvarino,20167.0,L2,V1,2026-07-19 19:46:15,2026-07-19 20:29:41,CC→CW,2026-07-19,,20167.0,20167.0,280,Estudiante
2494,252368025,Cdal. Raul Silva Henriquez,Costa Mar,20062.0,L2,V1,2026-07-19 13:59:56,2026-07-19 14:19:22,CW→CC,2026-07-19,,20062.0,20062.0,140,Estudiante
2495,252368254,Concepcion,Juan Pablo II,20067.0,L2,V1,2026-07-19 15:07:48,2026-07-19 15:37:55,CC→CW,2026-07-19,,20067.0,20067.0,190,Estudiante
2496,252368254,Juan Pablo II,Concepcion,20160.0,L2,V1,2026-07-19 18:09:34,2026-07-19 18:29:10,CW→CC,2026-07-19,,20160.0,20160.0,190,Estudiante
2497,252368721,Huinca,Concepcion,20056.0,L2,V1,2026-07-19 12:17:22,2026-07-19 12:58:00,CW→CC,2026-07-19,,20056.0,20056.0,280,Estudiante
2498,252368721,Concepcion,Huinca,20157.0,L2,V1,2026-07-19 17:30:27,2026-07-19 19:05:18,CC→CW,2026-07-19,,20157.0,20157.0,280,Estudiante
2499,252368764,Concepcion,Laguna Quinenco,20161.0,L2,V1,2026-07-19 18:28:20,2026-07-19 19:09:38,CC→CW,2026-07-19,,20161.0,20161.0,290,Estudiante
2500,252368982,Concepcion,Laguna Quinenco,20059.0,L2,V1,2026-07-19 12:47:01,2026-07-19 13:57:55,CC→CW,2026-07-19,,20059.0,20059.0,290,Estudiante
2501,252369003,Cristo Redentor,Costa Mar,20068.0,L2,V1,2026-07-19 15:37:13,2026-07-19 16:03:32,CW→CC,2026-07-19,,20068.0,20068.0,210,Estudiante
2502,252369522,Laguna Quinenco,Concepcion,20068.0,L2,V1,2026-07-19 15:24:35,2026-07-19 16:17:17,CW→CC,2026-07-19,,20068.0,20068.0,290,Estudiante
2503,252369582,Lomas Coloradas,Coronel,20157.0,L2,V1,2026-07-19 17:48:15,2026-07-19 18:12:59,CC→CW,2026-07-19,,20157.0,20157.0,220,Estudiante
2504,252369987,Hito Galvarino,Lomas Coloradas,20058.0,L2,V1,2026-07-19 12:38:13,2026-07-19 12:53:58,CW→CC,2026-07-19,,20058.0,20058.0,200,Estudiante
2505,252370303,Juan Pablo II,Hito Galvarino,20037.0,L2,V1,2026-07-19 10:04:57,2026-07-19 10:33:08,CC→CW,2026-07-19,,20037.0,20037.0,220,Estudiante
2506,252371031,Cdal. Raul Silva Henriquez,Laguna Quinenco,20153.0,L2,V1,2026-07-19 09:33:32,2026-07-19 09:54:12,CC→CW,2026-07-19,,20153.0,20153.0,220,Estudiante
2507,252371031,Laguna Quinenco,Cdal. Raul Silva Henriquez,20170.0,L2,V1,2026-07-19 20:03:16,2026-07-19 20:35:44,CW→CC,2026-07-19,,20170.0,20170.0,220,Estudiante
2508,252371120,Concepcion,Coronel,20063.0,L2,V1,2026-07-19 14:08:20,2026-07-19 15:16:50,CC→CW,2026-07-19,,20063.0,20063.0,290,Estudiante
2509,252371448,Laguna Quinenco,Lomas Coloradas,20062.0,L2,V1,2026-07-19 13:44:43,2026-07-19 14:13:38,CW→CC,2026-07-19,,20062.0,20062.0,220,Estudiante
2510,252371889,Concepcion,Cdal. Raul Silva Henriquez,20171.0,L2,V1,2026-07-19 20:44:19,2026-07-19 21:22:53,CC→CW,2026-07-19,,20171.0,20171.0,190,Estudiante
2511,252372196,Concepcion,Coronel,20161.0,L2,V1,2026-07-19 18:21:56,2026-07-19 19:12:34,CC→CW,2026-07-19,,20161.0,20161.0,290,Estudiante
2512,252372402,Concepcion,Costa Mar,20037.0,L2,V1,2026-07-19 09:46:04,2026-07-19 10:18:02,CC→CW,2026-07-19,,20037.0,20037.0,190,Estudiante
2513,252372470,Concepcion,Los Canelos,20049.0,L2,V1,2026-07-19 11:28:20,2026-07-19 12:02:16,CC→CW,2026-07-19,,20049.0,20049.0,280,Estudiante
2514,252372670,Huinca,Concepcion,20152.0,L2,V1,2026-07-19 08:36:16,2026-07-19 09:13:27,CW→CC,2026-07-19,,20152.0,20152.0,280,Estudiante
2515,252372670,Concepcion,Huinca,20171.0,L2,V1,2026-07-19 20:55:35,2026-07-19 21:34:03,CC→CW,2026-07-19,,20171.0,20171.0,280,Estudiante
2516,252373130,Lomas Coloradas,Concepcion,20044.0,L2,V1,2026-07-19 10:27:26,2026-07-19 10:47:42,CW→CC,2026-07-19,,20044.0,20044.0,190,Estudiante
2517,252373130,Concepcion,Lomas Coloradas,20063.0,L2,V1,2026-07-19 14:22:11,2026-07-19 14:54:40,CC→CW,2026-07-19,,20063.0,20063.0,190,Estudiante
2518,252373188,Concepcion,Laguna Quinenco,20063.0,L2,V1,2026-07-19 14:34:15,2026-07-19 15:15:18,CC→CW,2026-07-19,,20063.0,20063.0,290,Estudiante
2519,252373263,Concepcion,Los Canelos,20063.0,L2,V1,2026-07-19 14:22:45,2026-07-19 15:08:08,CC→CW,2026-07-19,,20063.0,20063.0,280,Estudiante
2520,252373623,Huinca,Juan Pablo II,20052.0,L2,V1,2026-07-19 11:20:43,2026-07-19 11:56:38,CW→CC,2026-07-19,,20052.0,20051.0,230,Estudiante
2521,252373970,Huinca,Lomas Coloradas,20066.0,L2,V1,2026-07-19 14:50:11,2026-07-19 15:09:19,CW→CC,2026-07-19,,20066.0,20066.0,210,Estudiante
2522,252374831,Concepcion,Los Canelos,20053.0,L2,V1,2026-07-19 12:08:20,2026-07-19 12:43:22,CC→CW,2026-07-19,,20053.0,20053.0,280,Estudiante
2523,252375073,Concepcion,Lomas Coloradas,20063.0,L2,V1,2026-07-19 14:27:56,2026-07-19 14:54:00,CC→CW,2026-07-19,,20063.0,20063.0,190,Estudiante
2524,252375154,Los Canelos,Concepcion,20062.0,L2,V1,2026-07-19 13:55:38,2026-07-19 14:33:53,CW→CC,2026-07-19,,20062.0,20062.0,280,Estudiante
2525,252375154,Concepcion,Los Canelos,20171.0,L2,V1,2026-07-19 20:19:01,2026-07-19 21:32:59,CC→CW,2026-07-19,,20171.0,20171.0,280,Estudiante
2526,252384914,Los Canelos,Concepcion,20156.0,L2,V1,2026-07-19 09:20:45,2026-07-19 09:58:20,CW→CC,2026-07-19,,20156.0,20156.0,280,Estudiante
2527,252385370,Laguna Quinenco,Coronel,20157.0,L2,V1,2026-07-19 18:05:00,2026-07-19 18:13:25,CC→CW,2026-07-19,,20157.0,20157.0,150,Estudiante
2528,252385429,Los Canelos,Concepcion,20062.0,L2,V1,2026-07-19 13:46:40,2026-07-19 14:34:03,CW→CC,2026-07-19,,20062.0,20062.0,280,Estudiante
2529,252386050,Concepcion,Cdal. Raul Silva Henriquez,20163.0,L2,V1,2026-07-19 18:48:06,2026-07-19 19:22:13,CC→CW,2026-07-19,,20163.0,20163.0,190,Estudiante
2530,252388769,Lomas Coloradas,Cdal. Raul Silva Henriquez,20161.0,L2,V1,2026-07-19 18:38:36,2026-07-19 18:54:22,CC→CW,2026-07-19,,20161.0,20161.0,140,Estudiante
2531,252388769,Cdal. Raul Silva Henriquez,Diagonal Bio Bio,20166.0,L2,V1,2026-07-19 19:08:17,2026-07-19 19:48:35,CW→CC,2026-07-19,,20166.0,20166.0,170,Estudiante
2532,252390975,Laguna Quinenco,Los Canelos,20162.0,L2,V1,2026-07-19 18:05:00,2026-07-19 18:25:28,CW→CC,2026-07-19,,20162.0,20162.0,180,Estudiante
2533,252392290,Cristo Redentor,Cdal. Raul Silva Henriquez,20166.0,L2,V1,2026-07-19 18:37:19,2026-07-19 19:34:56,CW→CC,2026-07-19,,20166.0,20166.0,210,Estudiante
2534,252392295,Concepcion,Cristo Redentor,20059.0,L2,V1,2026-07-19 12:32:59,2026-07-19 13:55:43,CC→CW,2026-07-19,combo_por_entrada,20059.0,20059.0,300,Estudiante
2535,252405017,Laguna Quinenco,Cdal. Raul Silva Henriquez,20170.0,L2,V1,2026-07-19 20:04:20,2026-07-19 20:35:42,CW→CC,2026-07-19,,20170.0,20170.0,220,Estudiante
2536,252405621,Lomas Coloradas,Concepcion,20170.0,L2,V1,2026-07-19 20:35:08,2026-07-19 20:59:20,CW→CC,2026-07-19,,20170.0,20170.0,190,Estudiante
2537,252406236,Cdal. Raul Silva Henriquez,Cristo Redentor,20053.0,L2,V1,2026-07-19 12:35:26,2026-07-19 13:54:59,CC→CW,2026-07-19,,20053.0,20053.0,210,Estudiante
2538,252419445,Concepcion,Los Canelos,20063.0,L2,V1,2026-07-19 14:24:43,2026-07-19 15:07:39,CC→CW,2026-07-19,,20063.0,20063.0,280,Estudiante
2539,252420264,Concepcion,Coronel,20049.0,L2,V1,2026-07-19 11:09:39,2026-07-19 12:12:41,CC→CW,2026-07-19,,20049.0,20049.0,290,Estudiante
2540,252427248,Concepcion,Los Canelos,20167.0,L2,V1,2026-07-19 19:55:39,2026-07-19 20:33:59,CC→CW,2026-07-19,,20167.0,20167.0,280,Estudiante
2541,252431476,Lomas Coloradas,Concepcion,20166.0,L2,V1,2026-07-19 19:31:26,2026-07-19 20:00:15,CW→CC,2026-07-19,,20166.0,20166.0,190,Estudiante
2542,252431521,Lomas Coloradas,Los Canelos,20167.0,L2,V1,2026-07-19 20:18:55,2026-07-19 20:32:53,CC→CW,2026-07-19,,20167.0,20167.0,200,Estudiante
2543,252436098,Diagonal Bio Bio,Los Canelos,20171.0,L2,V1,2026-07-19 20:47:36,2026-07-19 21:32:08,CC→CW,2026-07-19,,20171.0,20171.0,220,Estudiante
2544,252436783,Concepcion,Cristo Redentor,20167.0,L2,V1,2026-07-19 19:49:29,2026-07-19 20:37:29,CC→CW,2026-07-19,,20167.0,20167.0,280,Estudiante
2545,252440399,Los Canelos,Cristo Redentor,20067.0,L2,V1,2026-07-19 15:55:38,2026-07-19 16:07:46,CC→CW,2026-07-19,,20067.0,20067.0,150,Estudiante
2546,252444245,Concepcion,Lomas Coloradas,20063.0,L2,V1,2026-07-19 14:20:31,2026-07-19 14:54:18,CC→CW,2026-07-19,,20063.0,20063.0,190,Estudiante
2547,252444245,Lomas Coloradas,Concepcion,20166.0,L2,V1,2026-07-19 19:33:56,2026-07-19 20:00:34,CW→CC,2026-07-19,,20166.0,20166.0,190,Estudiante
2548,252448097,Coronel,Concepcion,20180.0,L2,V1,2026-07-19 16:32:32,2026-07-19 17:28:58,CW→CC,2026-07-19,,20180.0,20180.0,290,Estudiante
2549,252452361,Huinca,Concepcion,20052.0,L2,V1,2026-07-19 11:23:52,2026-07-19 12:10:22,CW→CC,2026-07-19,,20052.0,20052.0,280,Estudiante
2550,252459451,Huinca,Laguna Quinenco,20067.0,L2,V1,2026-07-19 15:58:46,2026-07-19 16:10:54,CC→CW,2026-07-19,,20067.0,20067.0,150,Estudiante
2551,252459918,Cdal. Raul Silva Henriquez,Lomas Coloradas,20066.0,L2,V1,2026-07-19 15:02:27,2026-07-19 15:10:04,CW→CC,2026-07-19,,20066.0,20066.0,140,Estudiante
2552,252459918,Lomas Coloradas,Cdal. Raul Silva Henriquez,20161.0,L2,V1,2026-07-19 18:38:32,2026-07-19 18:54:19,CC→CW,2026-07-19,,20161.0,20161.0,140,Estudiante
2553,252460301,Concepcion,Alborada,20163.0,L2,V1,2026-07-19 18:47:55,2026-07-19 19:12:16,CC→CW,2026-07-19,,20163.0,20163.0,190,Estudiante
2554,252460661,Laguna Quinenco,Coronel,20161.0,L2,V1,2026-07-19 18:58:02,2026-07-19 19:12:47,CC→CW,2026-07-19,,20161.0,20161.0,150,Estudiante
2555,252460949,Cdal. Raul Silva Henriquez,Lomas Coloradas,20040.0,L2,V1,2026-07-19 09:58:10,2026-07-19 10:04:03,CW→CC,2026-07-19,,20040.0,20040.0,140,Estudiante
2556,252460949,Cdal. Raul Silva Henriquez,Costa Mar,20058.0,L2,V1,2026-07-19 12:47:37,2026-07-19 12:58:36,CW→CC,2026-07-19,,20058.0,20058.0,140,Estudiante
2557,252460949,Costa Mar,Cdal. Raul Silva Henriquez,20063.0,L2,V1,2026-07-19 14:35:24,2026-07-19 14:56:54,CC→CW,2026-07-19,,20063.0,20063.0,140,Estudiante
2558,252461245,Cdal. Raul Silva Henriquez,Diagonal Bio Bio,20058.0,L2,V1,2026-07-19 12:48:01,2026-07-19 13:02:58,CW→CC,2026-07-19,,20058.0,20058.0,170,Estudiante
2559,252461506,Laguna Quinenco,Coronel,20161.0,L2,V1,2026-07-19 18:58:01,2026-07-19 19:12:43,CC→CW,2026-07-19,,20161.0,20161.0,150,Estudiante
2560,252461540,Lomas Coloradas,Concepcion,20162.0,L2,V1,2026-07-19 18:31:53,2026-07-19 18:57:30,CW→CC,2026-07-19,,20162.0,20162.0,190,Estudiante
2561,252461579,Costa Mar,Lomas Coloradas,20059.0,L2,V1,2026-07-19 13:27:16,2026-07-19 13:37:52,CC→CW,2026-07-19,,20059.0,20059.0,140,Estudiante
2562,252461583,Los Canelos,Concepcion,20052.0,L2,V1,2026-07-19 11:20:21,2026-07-19 12:10:20,CW→CC,2026-07-19,,20052.0,20052.0,280,Estudiante
2563,252461583,Concepcion,Mercado,20844.0,L1,V1,2026-07-19 12:37:16,2026-07-19 13:23:29,HQ→TH,2026-07-19,,20844.0,20844.0,180,Estudiante
2564,252461583,Concepcion,Los Canelos,20167.0,L2,V1,2026-07-19 19:14:48,2026-07-19 20:33:43,CC→CW,2026-07-19,,20167.0,20167.0,280,Estudiante
2565,252461600,Lomas Coloradas,Concepcion,20058.0,L2,V1,2026-07-19 12:47:50,2026-07-19 13:14:39,CW→CC,2026-07-19,,20058.0,20058.0,190,Estudiante
2566,252461600,Concepcion,Lomas Coloradas,20167.0,L2,V1,2026-07-19 19:28:03,2026-07-19 20:20:13,CC→CW,2026-07-19,,20167.0,20167.0,190,Estudiante
2567,252472017,Hito Galvarino,Diagonal Bio Bio,20160.0,L2,V1,2026-07-19 17:48:26,2026-07-19 18:17:58,CW→CC,2026-07-19,,20160.0,20160.0,220,Estudiante
2568,252472112,Concepcion,Cristo Redentor,20059.0,L2,V1,2026-07-19 13:00:52,2026-07-19 13:55:34,CC→CW,2026-07-19,,20059.0,20059.0,280,Estudiante
2569,252472147,Juan Pablo II,Los Canelos,20059.0,L2,V1,2026-07-19 13:18:14,2026-07-19 13:51:18,CC→CW,2026-07-19,,20059.0,20059.0,220,Estudiante
2570,252472264,Laguna Quinenco,Los Canelos,20180.0,L2,V1,2026-07-19 16:11:58,2026-07-19 16:55:42,CW→CC,2026-07-19,,20180.0,20180.0,180,Estudiante
2571,252472567,Laguna Quinenco,Concepcion,20062.0,L2,V1,2026-07-19 13:50:36,2026-07-19 14:37:36,CW→CC,2026-07-19,,20062.0,20062.0,290,Estudiante
2572,252472789,Concepcion,Diagonal Bio Bio,20163.0,L2,V1,2026-07-19 18:55:36,2026-07-19 19:09:23,CC→CW,2026-07-19,,20163.0,20163.0,190,Estudiante
2573,252473128,Cdal. Raul Silva Henriquez,Lomas Coloradas,20062.0,L2,V1,2026-07-19 14:05:46,2026-07-19 14:13:31,CW→CC,2026-07-19,,20062.0,20062.0,140,Estudiante
2574,252473128,Lomas Coloradas,Cdal. Raul Silva Henriquez,20063.0,L2,V1,2026-07-19 14:29:30,2026-07-19 14:57:21,CC→CW,2026-07-19,,20063.0,20063.0,140,Estudiante
2575,252473144,Costa Mar,Lomas Coloradas,20063.0,L2,V1,2026-07-19 14:47:03,2026-07-19 14:54:23,CC→CW,2026-07-19,,20063.0,20063.0,140,Estudiante
2576,252473397,Concepcion,Concepcion,,,,2026-07-19 12:40:37,2026-07-19 12:41:08,,2026-07-19,no viajo,,,140,Estudiante
2577,252473415,Cdal. Raul Silva Henriquez,Juan Pablo II,20050.0,L2,V1,2026-07-19 11:05:54,2026-07-19 11:36:08,CW→CC,2026-07-19,,20050.0,20050.0,170,Estudiante
2578,252473415,Juan Pablo II,Cdal. Raul Silva Henriquez,20059.0,L2,V1,2026-07-19 13:07:05,2026-07-19 13:42:29,CC→CW,2026-07-19,,20059.0,20059.0,170,Estudiante
2579,252473649,Lomas Coloradas,Concepcion,20050.0,L2,V1,2026-07-19 11:24:09,2026-07-19 12:10:20,CW→CC,2026-07-19,,20050.0,20050.0,190,Estudiante
2580,252473649,Concepcion,Mercado,20844.0,L1,V1,2026-07-19 12:37:17,2026-07-19 13:23:33,HQ→TH,2026-07-19,,20844.0,20844.0,180,Estudiante
2581,252473649,Concepcion,Los Canelos,20167.0,L2,V1,2026-07-19 19:14:48,2026-07-19 20:33:35,CC→CW,2026-07-19,,20167.0,20167.0,280,Estudiante
2582,252474136,Cdal. Raul Silva Henriquez,Costa Mar,20058.0,L2,V1,2026-07-19 12:48:20,2026-07-19 12:58:36,CW→CC,2026-07-19,,20058.0,20058.0,140,Estudiante
2583,252474136,Costa Mar,Cdal. Raul Silva Henriquez,20063.0,L2,V1,2026-07-19 14:36:13,2026-07-19 14:57:14,CC→CW,2026-07-19,,20063.0,20063.0,140,Estudiante
2584,252474254,Costa Mar,Huinca,20167.0,L2,V1,2026-07-19 19:20:50,2026-07-19 20:35:32,CC→CW,2026-07-19,,20167.0,20163.0,210,Estudiante
2585,252474301,Cdal. Raul Silva Henriquez,Concepcion,20156.0,L2,V1,2026-07-19 09:32:50,2026-07-19 09:57:44,CW→CC,2026-07-19,,20156.0,20156.0,190,Estudiante
2586,252491214,Concepcion,Coronel,20053.0,L2,V1,2026-07-19 11:58:09,2026-07-19 12:52:59,CC→CW,2026-07-19,,20053.0,20053.0,290,Estudiante
2587,252491223,Los Canelos,Concepcion,20068.0,L2,V1,2026-07-19 15:38:18,2026-07-19 16:17:28,CW→CC,2026-07-19,,20068.0,20068.0,280,Estudiante
2588,252491389,Lomas Coloradas,Costa Mar,20044.0,L2,V1,2026-07-19 10:25:52,2026-07-19 10:34:00,CW→CC,2026-07-19,,20044.0,20044.0,140,Estudiante
2589,252491389,Costa Mar,Concepcion,20162.0,L2,V1,2026-07-19 18:36:36,2026-07-19 18:58:02,CW→CC,2026-07-19,,20162.0,20162.0,190,Estudiante
2590,252491389,Concepcion,Lomas Coloradas,20171.0,L2,V1,2026-07-19 20:56:31,2026-07-19 21:19:38,CC→CW,2026-07-19,,20171.0,20171.0,190,Estudiante
2591,252491455,Lomas Coloradas,Concepcion,20066.0,L2,V1,2026-07-19 15:03:45,2026-07-19 15:28:26,CW→CC,2026-07-19,,20066.0,20066.0,190,Estudiante
2592,252491764,Los Canelos,Cristo Redentor,20053.0,L2,V1,2026-07-19 12:40:33,2026-07-19 12:47:00,CC→CW,2026-07-19,,20053.0,20053.0,150,Estudiante
2593,252491944,Juan Pablo II,Cdal. Raul Silva Henriquez,20161.0,L2,V1,2026-07-19 18:24:25,2026-07-19 18:53:05,CC→CW,2026-07-19,,20161.0,20161.0,170,Estudiante
2594,252492821,Laguna Quinenco,Concepcion,20180.0,L2,V1,2026-07-19 16:33:15,2026-07-19 17:29:20,CW→CC,2026-07-19,,20180.0,20180.0,290,Estudiante
2595,252492821,Concepcion,Laguna Quinenco,20171.0,L2,V1,2026-07-19 20:58:55,2026-07-19 21:39:10,CC→CW,2026-07-19,,20171.0,20171.0,290,Estudiante
2596,252492866,Concepcion,Mercado,20846.0,L1,V1,2026-07-19 16:49:09,2026-07-19 17:59:59,HQ→TH,2026-07-19,combo_por_entrada,20846.0,20846.0,290,Estudiante
2597,252492974,Huinca,Concepcion,20162.0,L2,V1,2026-07-19 18:20:11,2026-07-19 18:58:14,CW→CC,2026-07-19,,20162.0,20162.0,280,Estudiante
2598,252493823,Cristo Redentor,Laguna Quinenco,20171.0,L2,V1,2026-07-19 21:34:57,2026-07-19 21:38:46,CC→CW,2026-07-19,,20171.0,20171.0,150,Estudiante
2599,252493846,Los Canelos,Cdal. Raul Silva Henriquez,20160.0,L2,V1,2026-07-19 17:46:28,2026-07-19 18:04:24,CW→CC,2026-07-19,,20160.0,20157.0,200,Estudiante
2600,252494428,Coronel,Costa Mar,20180.0,L2,V1,2026-07-19 16:29:54,2026-07-19 17:14:00,CW→CC,2026-07-19,,20180.0,20180.0,220,Estudiante
2601,252494450,Coronel,Concepcion,20160.0,L2,V1,2026-07-19 17:41:55,2026-07-19 18:28:23,CW→CC,2026-07-19,,20160.0,20160.0,290,Estudiante
2602,252503830,Cdal. Raul Silva Henriquez,Coronel,20167.0,L2,V1,2026-07-19 20:18:29,2026-07-19 20:43:28,CC→CW,2026-07-19,,20167.0,20167.0,220,Estudiante
2603,252503860,Diagonal Bio Bio,Lomas Coloradas,20163.0,L2,V1,2026-07-19 19:03:37,2026-07-19 19:19:23,CC→CW,2026-07-19,,20163.0,20163.0,170,Estudiante
2604,252504282,Concepcion,Laguna Quinenco,20041.0,L2,V1,2026-07-19 10:14:28,2026-07-19 11:09:42,CC→CW,2026-07-19,,20041.0,20041.0,290,Estudiante
2605,252504282,Laguna Quinenco,Concepcion,20052.0,L2,V1,2026-07-19 11:21:41,2026-07-19 12:10:15,CW→CC,2026-07-19,,20052.0,20052.0,290,Estudiante
2606,252504341,Concepcion,Laguna Quinenco,20167.0,L2,V1,2026-07-19 19:43:58,2026-07-19 20:40:04,CC→CW,2026-07-19,,20167.0,20167.0,290,Estudiante
2607,252504572,Concepcion,Lomas Coloradas,20063.0,L2,V1,2026-07-19 14:27:18,2026-07-19 14:54:15,CC→CW,2026-07-19,,20063.0,20063.0,190,Estudiante
2608,252504589,Costa Mar,Cdal. Raul Silva Henriquez,20063.0,L2,V1,2026-07-19 14:36:04,2026-07-19 14:57:24,CC→CW,2026-07-19,,20063.0,20063.0,140,Estudiante
2609,252504591,Los Canelos,Concepcion,20062.0,L2,V1,2026-07-19 12:56:05,2026-07-19 14:33:02,CW→CC,2026-07-19,,20062.0,20062.0,280,Estudiante
2610,252504769,Concepcion,Lomas Coloradas,20171.0,L2,V1,2026-07-19 20:27:30,2026-07-19 21:20:33,CC→CW,2026-07-19,,20171.0,20171.0,190,Estudiante
2611,252508357,Laguna Quinenco,Cdal. Raul Silva Henriquez,20066.0,L2,V1,2026-07-19 14:33:23,2026-07-19 15:06:15,CW→CC,2026-07-19,,20066.0,20066.0,220,Estudiante
2612,252510912,Cristo Redentor,Concepcion,20062.0,L2,V1,2026-07-19 13:54:14,2026-07-19 14:33:17,CW→CC,2026-07-19,,20062.0,20062.0,280,Estudiante
2613,252510915,Laguna Quinenco,Concepcion,20062.0,L2,V1,2026-07-19 13:50:33,2026-07-19 14:37:38,CW→CC,2026-07-19,,20062.0,20062.0,290,Estudiante
2614,252511291,Concepcion,Laguna Quinenco,20149.0,L2,V1,2026-07-19 08:11:58,2026-07-19 09:08:59,CC→CW,2026-07-19,,20149.0,20149.0,290,Estudiante
2615,252511291,Laguna Quinenco,Concepcion,20056.0,L2,V1,2026-07-19 12:13:42,2026-07-19 12:57:32,CW→CC,2026-07-19,,20056.0,20056.0,290,Estudiante
2616,252512956,Costa Mar,Concepcion,20068.0,L2,V1,2026-07-19 15:56:36,2026-07-19 16:17:24,CW→CC,2026-07-19,,20068.0,20068.0,190,Estudiante
2617,252513003,Concepcion,Concepcion,,,,2026-07-19 19:44:37,2026-07-19 19:45:38,,2026-07-19,no viajo,,,140,Estudiante
2618,252513003,Concepcion,Cdal. Raul Silva Henriquez,20167.0,L2,V1,2026-07-19 19:54:41,2026-07-19 20:23:08,CC→CW,2026-07-19,,20167.0,20167.0,190,Estudiante
2619,252513080,Concepcion,Lomas Coloradas,20053.0,L2,V1,2026-07-19 12:06:19,2026-07-19 12:31:10,CC→CW,2026-07-19,,20053.0,20053.0,190,Estudiante
2620,252513080,Lomas Coloradas,Concepcion,20162.0,L2,V1,2026-07-19 18:18:35,2026-07-19 18:57:48,CW→CC,2026-07-19,,20162.0,20162.0,190,Estudiante
2621,252515552,Cdal. Raul Silva Henriquez,Concepcion,20058.0,L2,V1,2026-07-19 12:45:45,2026-07-19 13:14:50,CW→CC,2026-07-19,,20058.0,20058.0,190,Estudiante
2622,252515552,Concepcion,Cdal. Raul Silva Henriquez,20167.0,L2,V1,2026-07-19 19:46:09,2026-07-19 20:22:52,CC→CW,2026-07-19,,20167.0,20167.0,190,Estudiante
2623,252515565,Coronel,Concepcion,20044.0,L2,V1,2026-07-19 10:00:31,2026-07-19 10:47:39,CW→CC,2026-07-19,,20044.0,20044.0,290,Estudiante
2624,252515565,Concepcion,Coronel,20049.0,L2,V1,2026-07-19 11:19:19,2026-07-19 12:12:13,CC→CW,2026-07-19,,20049.0,20049.0,290,Estudiante
2625,252516416,Lomas Coloradas,Costa Mar,20162.0,L2,V1,2026-07-19 18:29:49,2026-07-19 18:43:44,CW→CC,2026-07-19,,20162.0,20162.0,140,Estudiante
2626,252516974,Los Canelos,Cristo Redentor,20059.0,L2,V1,2026-07-19 13:43:52,2026-07-19 13:56:41,CC→CW,2026-07-19,,20059.0,20059.0,150,Estudiante
2627,252516974,Cristo Redentor,Laguna Quinenco,20071.0,L2,V1,2026-07-19 17:11:57,2026-07-19 17:20:21,CC→CW,2026-07-19,,20071.0,20071.0,150,Estudiante
2628,252516974,Laguna Quinenco,Los Canelos,20166.0,L2,V1,2026-07-19 18:30:04,2026-07-19 19:26:17,CW→CC,2026-07-19,,20166.0,20166.0,180,Estudiante
2629,252528901,Alborada,Lomas Coloradas,20063.0,L2,V1,2026-07-19 14:41:17,2026-07-19 14:54:45,CC→CW,2026-07-19,,20063.0,20063.0,170,Estudiante
2630,252528923,Concepcion,Cristo Redentor,20157.0,L2,V1,2026-07-19 17:26:31,2026-07-19 18:07:51,CC→CW,2026-07-19,,20157.0,20157.0,280,Estudiante
2631,252529194,Concepcion,Hito Galvarino,20163.0,L2,V1,2026-07-19 18:49:55,2026-07-19 19:29:07,CC→CW,2026-07-19,,20163.0,20163.0,280,Estudiante
2632,252529705,El Parque,Concepcion,20052.0,L2,V1,2026-07-19 11:41:33,2026-07-19 12:10:04,CW→CC,2026-07-19,,20052.0,20052.0,190,Estudiante
2633,252529705,Concepcion,El Parque,20071.0,L2,V1,2026-07-19 16:28:49,2026-07-19 16:56:20,CC→CW,2026-07-19,,20071.0,20071.0,190,Estudiante
2634,252529768,Concepcion,Lomas Coloradas,20167.0,L2,V1,2026-07-19 19:28:06,2026-07-19 20:20:17,CC→CW,2026-07-19,,20167.0,20167.0,190,Estudiante
2635,252529832,Cdal. Raul Silva Henriquez,Diagonal Bio Bio,20062.0,L2,V1,2026-07-19 14:02:22,2026-07-19 14:23:48,CW→CC,2026-07-19,,20062.0,20062.0,170,Estudiante
2636,252529916,Cristo Redentor,Concepcion,20058.0,L2,V1,2026-07-19 12:26:07,2026-07-19 13:14:31,CW→CC,2026-07-19,,20058.0,20056.0,280,Estudiante
2637,252529916,Concepcion,Cristo Redentor,20157.0,L2,V1,2026-07-19 17:17:05,2026-07-19 18:08:05,CC→CW,2026-07-19,,20157.0,20157.0,280,Estudiante
2638,252530054,Coronel,Los Canelos,20170.0,L2,V1,2026-07-19 19:49:31,2026-07-19 20:25:56,CW→CC,2026-07-19,,20170.0,20170.0,180,Estudiante
2639,252530355,Concepcion,Huinca,20157.0,L2,V1,2026-07-19 17:28:05,2026-07-19 18:05:33,CC→CW,2026-07-19,,20157.0,20157.0,280,Estudiante
2640,252530367,Cristo Redentor,Hito Galvarino,20152.0,L2,V1,2026-07-19 08:32:49,2026-07-19 08:43:47,CW→CC,2026-07-19,,20152.0,20152.0,150,Estudiante
2641,252530367,Hito Galvarino,Laguna Quinenco,20163.0,L2,V1,2026-07-19 19:25:58,2026-07-19 19:39:22,CC→CW,2026-07-19,,20163.0,20163.0,180,Estudiante
2642,252530398,Cdal. Raul Silva Henriquez,Coronel,20149.0,L2,V1,2026-07-19 08:48:53,2026-07-19 09:12:07,CC→CW,2026-07-19,,20149.0,20149.0,220,Estudiante
2643,252530398,Coronel,Cdal. Raul Silva Henriquez,20068.0,L2,V1,2026-07-19 15:16:19,2026-07-19 15:54:18,CW→CC,2026-07-19,,20068.0,20068.0,220,Estudiante
2644,252530566,Concepcion,Lomas Coloradas,20167.0,L2,V1,2026-07-19 19:53:48,2026-07-19 20:20:03,CC→CW,2026-07-19,,20167.0,20167.0,190,Estudiante
2645,252531193,Costa Mar,Concepcion,20056.0,L2,V1,2026-07-19 12:40:06,2026-07-19 12:57:25,CW→CC,2026-07-19,,20056.0,20056.0,190,Estudiante
2646,252531200,La Leonera,Mercado,20846.0,L1,V1,2026-07-19 17:03:51,2026-07-19 17:58:54,HQ→TH,2026-07-19,,20846.0,20846.0,180,Estudiante
2647,252534795,Huinca,Concepcion,20058.0,L2,V1,2026-07-19 12:36:02,2026-07-19 13:14:26,CW→CC,2026-07-19,,20058.0,20058.0,280,Estudiante
2648,252534795,Concepcion,Huinca,20163.0,L2,V1,2026-07-19 18:44:25,2026-07-19 19:35:51,CC→CW,2026-07-19,,20163.0,20163.0,280,Estudiante
2649,252538358,Concepcion,Costa Mar,20157.0,L2,V1,2026-07-19 17:22:53,2026-07-19 17:44:45,CC→CW,2026-07-19,,20157.0,20157.0,190,Estudiante
2650,252540009,Cristo Redentor,Alborada,20062.0,L2,V1,2026-07-19 13:42:54,2026-07-19 14:21:28,CW→CC,2026-07-19,,20062.0,20062.0,230,Estudiante
2651,252542281,Concepcion,Coronel,20167.0,L2,V1,2026-07-19 19:53:50,2026-07-19 20:44:21,CC→CW,2026-07-19,,20167.0,20167.0,290,Estudiante
2652,252544517,Concepcion,Laguna Quinenco,20167.0,L2,V1,2026-07-19 19:44:58,2026-07-19 20:40:27,CC→CW,2026-07-19,,20167.0,20167.0,290,Estudiante
2653,252544721,Concepcion,El Parque,20053.0,L2,V1,2026-07-19 12:03:04,2026-07-19 12:28:36,CC→CW,2026-07-19,,20053.0,20053.0,190,Estudiante
2654,252544721,El Parque,Concepcion,20062.0,L2,V1,2026-07-19 13:51:41,2026-07-19 14:33:28,CW→CC,2026-07-19,,20062.0,20062.0,190,Estudiante
2655,252544749,Alborada,Huinca,20171.0,L2,V1,2026-07-19 20:59:05,2026-07-19 21:35:00,CC→CW,2026-07-19,,20171.0,20171.0,230,Estudiante
2656,252547230,Huinca,Concepcion,20152.0,L2,V1,2026-07-19 08:34:07,2026-07-19 09:13:35,CW→CC,2026-07-19,,20152.0,20152.0,280,Estudiante
2657,252550141,Juan Pablo II,Concepcion,20166.0,L2,V1,2026-07-19 19:43:50,2026-07-19 20:04:42,CW→CC,2026-07-19,,20166.0,20166.0,190,Estudiante
2658,252550379,Lomas Coloradas,Costa Mar,20160.0,L2,V1,2026-07-19 17:54:58,2026-07-19 18:13:24,CW→CC,2026-07-19,,20160.0,20160.0,140,Estudiante
2659,252550379,Costa Mar,Lomas Coloradas,20163.0,L2,V1,2026-07-19 18:53:42,2026-07-19 19:19:14,CC→CW,2026-07-19,,20163.0,20163.0,140,Estudiante
2660,252550387,Laguna Quinenco,Cristo Redentor,20068.0,L2,V1,2026-07-19 15:32:11,2026-07-19 15:41:40,CW→CC,2026-07-19,,20068.0,20068.0,150,Estudiante
2661,252550615,Concepcion,La Leonera,20845.0,L1,V1,2026-07-19 15:57:19,2026-07-19 16:47:57,TH→HQ,2026-07-19,combo_por_entrada,20845.0,20845.0,200,Estudiante
2662,252551911,Cristo Redentor,Concepcion,20058.0,L2,V1,2026-07-19 12:31:12,2026-07-19 13:18:51,CW→CC,2026-07-19,,20058.0,20058.0,280,Estudiante
2663,252551911,Concepcion,Cristo Redentor,20157.0,L2,V1,2026-07-19 17:29:05,2026-07-19 18:07:29,CC→CW,2026-07-19,,20157.0,20157.0,280,Estudiante
2664,252553204,Juan Pablo II,Cdal. Raul Silva Henriquez,20171.0,L2,V1,2026-07-19 20:54:33,2026-07-19 21:23:42,CC→CW,2026-07-19,,20171.0,20171.0,170,Estudiante
2665,252553744,Concepcion,Cristo Redentor,20149.0,L2,V1,2026-07-19 08:25:51,2026-07-19 09:06:52,CC→CW,2026-07-19,,20149.0,20149.0,280,Estudiante
2666,252555010,Costa Mar,Concepcion,20044.0,L2,V1,2026-07-19 10:30:11,2026-07-19 10:49:28,CW→CC,2026-07-19,,20044.0,20044.0,190,Estudiante
2667,252555780,Cdal. Raul Silva Henriquez,Concepcion,20044.0,L2,V1,2026-07-19 10:23:19,2026-07-19 10:49:31,CW→CC,2026-07-19,,20044.0,20044.0,190,Estudiante
2668,252555780,Costa Mar,Cdal. Raul Silva Henriquez,20157.0,L2,V1,2026-07-19 17:37:07,2026-07-19 17:52:26,CC→CW,2026-07-19,,20157.0,20157.0,140,Estudiante
2669,252556911,Costa Mar,Los Canelos,20167.0,L2,V1,2026-07-19 19:51:45,2026-07-19 20:33:49,CC→CW,2026-07-19,,20167.0,20167.0,200,Estudiante
2670,252558578,Cristo Redentor,Costa Mar,20166.0,L2,V1,2026-07-19 19:09:59,2026-07-19 19:44:44,CW→CC,2026-07-19,,20166.0,20166.0,210,Estudiante
2671,252559353,Lomas Coloradas,Costa Mar,20040.0,L2,V1,2026-07-19 09:53:41,2026-07-19 10:08:59,CW→CC,2026-07-19,,20040.0,20040.0,140,Estudiante
2672,252559783,Laguna Quinenco,El Parque,20052.0,L2,V1,2026-07-19 11:12:59,2026-07-19 11:46:45,CW→CC,2026-07-19,,20052.0,20052.0,220,Estudiante
2673,252559783,El Parque,Laguna Quinenco,20051.0,L2,V1,2026-07-19 12:04:07,2026-07-19 12:49:06,CC→CW,2026-07-19,,20051.0,20051.0,220,Estudiante
2674,252560694,El Arenal,Lzo. Arenas,20847.0,L1,V1,2026-07-19 19:59:47,2026-07-19 20:21:56,TH→HQ,2026-07-19,,20847.0,20847.0,180,Estudiante
2675,252560705,Lomas Coloradas,Concepcion,20050.0,L2,V1,2026-07-19 11:24:09,2026-07-19 12:10:28,CW→CC,2026-07-19,,20050.0,20050.0,190,Estudiante
2676,252560705,Concepcion,Mercado,20844.0,L1,V1,2026-07-19 12:37:14,2026-07-19 13:23:24,HQ→TH,2026-07-19,,20844.0,20844.0,180,Estudiante
2677,252560705,Concepcion,Los Canelos,20167.0,L2,V1,2026-07-19 19:14:46,2026-07-19 20:33:32,CC→CW,2026-07-19,,20167.0,20167.0,280,Estudiante
2678,252561384,Hito Galvarino,Concepcion,20052.0,L2,V1,2026-07-19 11:29:42,2026-07-19 12:09:57,CW→CC,2026-07-19,,20052.0,20052.0,280,Estudiante
2679,252561736,Costa Mar,Concepcion,20062.0,L2,V1,2026-07-19 14:05:25,2026-07-19 14:32:58,CW→CC,2026-07-19,,20062.0,20062.0,190,Estudiante
2680,252561736,Concepcion,Costa Mar,20167.0,L2,V1,2026-07-19 19:56:13,2026-07-19 20:14:12,CC→CW,2026-07-19,,20167.0,20167.0,190,Estudiante
2681,252561754,Coronel,Concepcion,20056.0,L2,V1,2026-07-19 12:09:11,2026-07-19 12:57:55,CW→CC,2026-07-19,,20056.0,20056.0,290,Estudiante
2682,252561754,Concepcion,Coronel,20071.0,L2,V1,2026-07-19 16:31:40,2026-07-19 17:22:38,CC→CW,2026-07-19,,20071.0,20071.0,290,Estudiante
2683,252562123,Los Canelos,Lomas Coloradas,20170.0,L2,V1,2026-07-19 19:35:54,2026-07-19 20:38:04,CW→CC,2026-07-19,,20170.0,20170.0,200,Estudiante
2684,252562746,Laguna Quinenco,Concepcion,20052.0,L2,V1,2026-07-19 11:20:37,2026-07-19 12:10:23,CW→CC,2026-07-19,,20052.0,20052.0,290,Estudiante
2685,252562746,Concepcion,Cristo Redentor,20071.0,L2,V1,2026-07-19 16:28:44,2026-07-19 17:17:34,CC→CW,2026-07-19,,20071.0,20071.0,280,Estudiante
2686,252564666,Cdal. Raul Silva Henriquez,Concepcion,20052.0,L2,V1,2026-07-19 11:37:41,2026-07-19 12:12:07,CW→CC,2026-07-19,,20052.0,20052.0,190,Estudiante
2687,252564666,Concepcion,Cdal. Raul Silva Henriquez,20163.0,L2,V1,2026-07-19 18:43:57,2026-07-19 19:22:13,CC→CW,2026-07-19,,20163.0,20163.0,190,Estudiante
2688,252564694,Los Canelos,Juan Pablo II,20066.0,L2,V1,2026-07-19 14:52:26,2026-07-19 15:22:26,CW→CC,2026-07-19,,20066.0,20066.0,220,Estudiante
2689,252564694,Juan Pablo II,Los Canelos,20071.0,L2,V1,2026-07-19 16:26:04,2026-07-19 17:12:55,CC→CW,2026-07-19,,20071.0,20071.0,220,Estudiante
2690,252564792,Lomas Coloradas,Concepcion,20056.0,L2,V1,2026-07-19 12:29:20,2026-07-19 12:57:47,CW→CC,2026-07-19,,20056.0,20056.0,190,Estudiante
2691,252564792,Concepcion,Lomas Coloradas,20171.0,L2,V1,2026-07-19 20:03:21,2026-07-19 21:19:55,CC→CW,2026-07-19,combo_por_entrada,20171.0,20847.0,200,Estudiante
2692,252565381,Diagonal Bio Bio,Hito Galvarino,20163.0,L2,V1,2026-07-19 18:56:15,2026-07-19 19:28:10,CC→CW,2026-07-19,,20163.0,20163.0,220,Estudiante
2693,252567189,Concepcion,Lomas Coloradas,20063.0,L2,V1,2026-07-19 14:21:27,2026-07-19 14:54:43,CC→CW,2026-07-19,,20063.0,20063.0,190,Estudiante
2694,252572417,Cristo Redentor,Juan Pablo II,20152.0,L2,V1,2026-07-19 08:25:34,2026-07-19 09:06:21,CW→CC,2026-07-19,,20152.0,20152.0,230,Estudiante
2695,252572417,Juan Pablo II,Huinca,20167.0,L2,V1,2026-07-19 19:56:11,2026-07-19 20:35:10,CC→CW,2026-07-19,,20167.0,20167.0,230,Estudiante
2696,252572439,Cdal. Raul Silva Henriquez,Concepcion,20052.0,L2,V1,2026-07-19 11:33:42,2026-07-19 12:09:47,CW→CC,2026-07-19,,20052.0,20052.0,190,Estudiante
2697,252572439,Concepcion,Cdal. Raul Silva Henriquez,20059.0,L2,V1,2026-07-19 12:58:56,2026-07-19 13:41:43,CC→CW,2026-07-19,,20059.0,20059.0,190,Estudiante
2698,252572441,Cdal. Raul Silva Henriquez,Juan Pablo II,20040.0,L2,V1,2026-07-19 09:40:22,2026-07-19 10:16:23,CW→CC,2026-07-19,,20040.0,20156.0,170,Estudiante
2699,252572813,Cdal. Raul Silva Henriquez,Concepcion,20058.0,L2,V1,2026-07-19 12:40:46,2026-07-19 13:14:58,CW→CC,2026-07-19,,20058.0,20056.0,190,Estudiante
2700,252572986,Cdal. Raul Silva Henriquez,Coronel,20059.0,L2,V1,2026-07-19 13:24:10,2026-07-19 14:00:32,CC→CW,2026-07-19,,20059.0,20059.0,220,Estudiante
2701,252573183,Concepcion,Hualqui,20859.0,L1,V1,2026-07-19 12:48:57,2026-07-19 13:29:05,TH→HQ,2026-07-19,,20859.0,20859.0,180,Estudiante
2702,252573330,Concepcion,Los Canelos,20067.0,L2,V1,2026-07-19 15:04:24,2026-07-19 16:07:48,CC→CW,2026-07-19,,20067.0,20067.0,280,Estudiante
2703,252573372,Hito Galvarino,Coronel,20059.0,L2,V1,2026-07-19 13:24:57,2026-07-19 14:00:32,CC→CW,2026-07-19,,20059.0,20059.0,180,Estudiante
2704,252573578,Concepcion,Hito Galvarino,20059.0,L2,V1,2026-07-19 12:54:50,2026-07-19 13:47:31,CC→CW,2026-07-19,,20059.0,20059.0,280,Estudiante
2705,252573578,Concepcion,Hito Galvarino,20171.0,L2,V1,2026-07-19 20:22:04,2026-07-19 21:29:10,CC→CW,2026-07-19,,20171.0,20171.0,280,Estudiante
2706,252573623,Costa Mar,Lomas Coloradas,20071.0,L2,V1,2026-07-19 16:51:49,2026-07-19 16:59:20,CC→CW,2026-07-19,,20071.0,20071.0,140,Estudiante
2707,252573623,Lomas Coloradas,Costa Mar,20162.0,L2,V1,2026-07-19 18:16:32,2026-07-19 18:43:51,CW→CC,2026-07-19,,20162.0,20162.0,140,Estudiante
2708,252573880,Concepcion,Juan Pablo II,20163.0,L2,V1,2026-07-19 18:55:09,2026-07-19 19:07:02,CC→CW,2026-07-19,,20163.0,20163.0,190,Estudiante
2709,252574018,Juan Pablo II,Lomas Coloradas,20067.0,L2,V1,2026-07-19 15:26:11,2026-07-19 15:50:50,CC→CW,2026-07-19,,20067.0,20067.0,170,Estudiante
2710,252574018,Lomas Coloradas,Juan Pablo II,20162.0,L2,V1,2026-07-19 18:20:35,2026-07-19 18:51:39,CW→CC,2026-07-19,,20162.0,20162.0,170,Estudiante
2711,252574657,Hito Galvarino,Concepcion,20066.0,L2,V1,2026-07-19 14:42:05,2026-07-19 15:28:59,CW→CC,2026-07-19,,20066.0,20066.0,280,Estudiante
2712,252574870,Hito Galvarino,Lomas Coloradas,20058.0,L2,V1,2026-07-19 12:36:15,2026-07-19 12:55:11,CW→CC,2026-07-19,,20058.0,20056.0,200,Estudiante
2713,252574870,El Parque,Hito Galvarino,20171.0,L2,V1,2026-07-19 21:12:47,2026-07-19 21:29:00,CC→CW,2026-07-19,,20171.0,20171.0,200,Estudiante
2714,252575107,El Parque,Concepcion,20056.0,L2,V1,2026-07-19 12:35:57,2026-07-19 12:58:07,CW→CC,2026-07-19,,20056.0,20056.0,190,Estudiante
2715,252575940,Cristo Redentor,Los Canelos,20166.0,L2,V1,2026-07-19 19:15:06,2026-07-19 19:25:52,CW→CC,2026-07-19,,20166.0,20166.0,150,Estudiante
2716,252577529,Lomas Coloradas,Costa Mar,20180.0,L2,V1,2026-07-19 16:57:52,2026-07-19 17:14:15,CW→CC,2026-07-19,,20180.0,20180.0,140,Estudiante
2717,252577529,Costa Mar,Lomas Coloradas,20161.0,L2,V1,2026-07-19 18:36:12,2026-07-19 18:50:14,CC→CW,2026-07-19,,20161.0,20161.0,140,Estudiante
2718,252579265,Coronel,Concepcion,20062.0,L2,V1,2026-07-19 13:44:21,2026-07-19 14:33:44,CW→CC,2026-07-19,,20062.0,20062.0,290,Estudiante
2719,252603183,Coronel,Lomas Coloradas,20180.0,L2,V1,2026-07-19 16:28:14,2026-07-19 17:08:20,CW→CC,2026-07-19,,20180.0,20180.0,220,Estudiante
2720,252603249,Laguna Quinenco,Concepcion,20052.0,L2,V1,2026-07-19 11:23:24,2026-07-19 12:10:08,CW→CC,2026-07-19,,20052.0,20052.0,290,Estudiante
2721,252603249,Concepcion,Laguna Quinenco,20167.0,L2,V1,2026-07-19 19:04:40,2026-07-19 20:40:14,CC→CW,2026-07-19,,20167.0,20163.0,290,Estudiante
2722,252603263,Juan Pablo II,Hito Galvarino,20049.0,L2,V1,2026-07-19 11:20:49,2026-07-19 11:58:13,CC→CW,2026-07-19,,20049.0,20049.0,220,Estudiante
2723,252604038,Los Canelos,Laguna Quinenco,20167.0,L2,V1,2026-07-19 20:13:35,2026-07-19 20:40:23,CC→CW,2026-07-19,,20167.0,20167.0,180,Estudiante
2724,252604251,Huinca,Concepcion,20062.0,L2,V1,2026-07-19 13:29:18,2026-07-19 14:32:49,CW→CC,2026-07-19,,20062.0,20062.0,280,Estudiante
2725,252604251,Concepcion,Huinca,20157.0,L2,V1,2026-07-19 17:00:04,2026-07-19 18:08:29,CC→CW,2026-07-19,,20157.0,20157.0,280,Estudiante
2726,252604424,Lomas Coloradas,Concepcion,20062.0,L2,V1,2026-07-19 13:47:46,2026-07-19 14:32:51,CW→CC,2026-07-19,,20062.0,20062.0,190,Estudiante
2727,252604424,Concepcion,Huinca,20157.0,L2,V1,2026-07-19 17:00:08,2026-07-19 18:10:04,CC→CW,2026-07-19,,20157.0,20157.0,280,Estudiante
2728,252604424,Huinca,Lomas Coloradas,20166.0,L2,V1,2026-07-19 19:10:13,2026-07-19 19:38:46,CW→CC,2026-07-19,,20166.0,20166.0,210,Estudiante
2729,252605080,Huinca,Costa Mar,20068.0,L2,V1,2026-07-19 15:35:12,2026-07-19 16:03:24,CW→CC,2026-07-19,,20068.0,20068.0,210,Estudiante
2730,252605123,Concepcion,Lomas Coloradas,20157.0,L2,V1,2026-07-19 17:01:59,2026-07-19 17:49:25,CC→CW,2026-07-19,,20157.0,20157.0,190,Estudiante
2731,252605147,Laguna Quinenco,Cdal. Raul Silva Henriquez,20160.0,L2,V1,2026-07-19 17:22:57,2026-07-19 18:04:28,CW→CC,2026-07-19,,20160.0,20180.0,220,Estudiante
2732,252605194,Los Canelos,Concepcion,20056.0,L2,V1,2026-07-19 12:20:29,2026-07-19 12:57:31,CW→CC,2026-07-19,,20056.0,20056.0,280,Estudiante
2733,252605194,Concepcion,Los Canelos,20067.0,L2,V1,2026-07-19 15:19:46,2026-07-19 16:04:14,CC→CW,2026-07-19,,20067.0,20067.0,280,Estudiante
2734,252605716,Costa Mar,Diagonal Bio Bio,20062.0,L2,V1,2026-07-19 14:12:41,2026-07-19 14:23:26,CW→CC,2026-07-19,,20062.0,20062.0,170,Estudiante
2735,252605842,Concepcion,Cristo Redentor,20071.0,L2,V1,2026-07-19 16:10:56,2026-07-19 17:18:02,CC→CW,2026-07-19,,20071.0,20071.0,280,Estudiante
2736,252606132,Cdal. Raul Silva Henriquez,Concepcion,20066.0,L2,V1,2026-07-19 15:02:44,2026-07-19 15:28:34,CW→CC,2026-07-19,,20066.0,20066.0,190,Estudiante
2737,252606132,Concepcion,Cdal. Raul Silva Henriquez,20157.0,L2,V1,2026-07-19 17:06:32,2026-07-19 17:52:47,CC→CW,2026-07-19,,20157.0,20157.0,190,Estudiante
2738,252607113,Concepcion,Los Canelos,20051.0,L2,V1,2026-07-19 11:43:01,2026-07-19 12:17:25,CC→CW,2026-07-19,,20051.0,20051.0,280,Estudiante
2739,252607145,Huinca,Concepcion,20062.0,L2,V1,2026-07-19 13:45:21,2026-07-19 14:33:29,CW→CC,2026-07-19,,20062.0,20062.0,280,Estudiante
2740,252607145,Concepcion,Huinca,20163.0,L2,V1,2026-07-19 18:41:07,2026-07-19 19:41:32,CC→CW,2026-07-19,,20163.0,20163.0,280,Estudiante
2741,252607149,Huinca,Concepcion,20062.0,L2,V1,2026-07-19 13:55:56,2026-07-19 14:33:34,CW→CC,2026-07-19,,20062.0,20062.0,280,Estudiante
2742,252607151,Huinca,Laguna Quinenco,20071.0,L2,V1,2026-07-19 17:08:52,2026-07-19 17:20:07,CC→CW,2026-07-19,,20071.0,20071.0,150,Estudiante
2743,252607167,Huinca,Cristo Redentor,20059.0,L2,V1,2026-07-19 13:55:50,2026-07-19 15:11:33,CC→CW,2026-07-19,,20059.0,20059.0,150,Estudiante
2744,252607204,Coronel,Alborada,20056.0,L2,V1,2026-07-19 12:05:07,2026-07-19 12:45:54,CW→CC,2026-07-19,,20056.0,20056.0,260,Estudiante
2745,252607204,Alborada,Coronel,20161.0,L2,V1,2026-07-19 18:23:50,2026-07-19 19:13:12,CC→CW,2026-07-19,,20161.0,20161.0,260,Estudiante
2746,252607217,Concepcion,Hito Galvarino,20171.0,L2,V1,2026-07-19 20:21:57,2026-07-19 21:29:05,CC→CW,2026-07-19,,20171.0,20171.0,280,Estudiante
2747,252607964,Concepcion,La Leonera,20859.0,L1,V1,2026-07-19 12:31:15,2026-07-19 13:20:05,TH→HQ,2026-07-19,,20859.0,20859.0,170,Estudiante
2748,252608024,Lomas Coloradas,Concepcion,20160.0,L2,V1,2026-07-19 17:30:04,2026-07-19 18:28:47,CW→CC,2026-07-19,,20160.0,20160.0,190,Estudiante
2749,252608340,Cdal. Raul Silva Henriquez,Laguna Quinenco,20167.0,L2,V1,2026-07-19 20:16:11,2026-07-19 20:40:27,CC→CW,2026-07-19,,20167.0,20167.0,220,Estudiante
2750,252608359,Lomas Coloradas,Concepcion,20062.0,L2,V1,2026-07-19 14:05:13,2026-07-19 14:33:54,CW→CC,2026-07-19,,20062.0,20062.0,190,Estudiante
2751,252608603,Coronel,Concepcion,20056.0,L2,V1,2026-07-19 12:09:24,2026-07-19 12:57:53,CW→CC,2026-07-19,,20056.0,20056.0,290,Estudiante
2752,252608610,Costa Mar,Cdal. Raul Silva Henriquez,20041.0,L2,V1,2026-07-19 10:39:29,2026-07-19 10:53:39,CC→CW,2026-07-19,,20041.0,20041.0,140,Estudiante
2753,252608610,Cdal. Raul Silva Henriquez,Costa Mar,20170.0,L2,V1,2026-07-19 20:16:25,2026-07-19 20:44:33,CW→CC,2026-07-19,,20170.0,20170.0,140,Estudiante
2754,252608611,Coronel,Cristo Redentor,20062.0,L2,V1,2026-07-19 13:38:12,2026-07-19 13:57:29,CW→CC,2026-07-19,,20062.0,20062.0,150,Estudiante
2755,252608678,Concepcion,El Parque,20037.0,L2,V1,2026-07-19 09:44:35,2026-07-19 10:20:23,CC→CW,2026-07-19,combo_por_entrada,20037.0,20037.0,200,Estudiante
2756,252608678,El Parque,Concepcion,20056.0,L2,V1,2026-07-19 12:24:36,2026-07-19 12:57:15,CW→CC,2026-07-19,,20056.0,20056.0,190,Estudiante
2757,252608678,Concepcion,Los Canelos,20171.0,L2,V1,2026-07-19 20:42:29,2026-07-19 21:32:20,CC→CW,2026-07-19,,20171.0,20171.0,280,Estudiante
2758,252609486,Los Canelos,El Parque,20068.0,L2,V1,2026-07-19 15:41:20,2026-07-19 16:01:59,CW→CC,2026-07-19,,20068.0,20068.0,200,Estudiante
2759,252609486,El Parque,Los Canelos,20157.0,L2,V1,2026-07-19 17:32:46,2026-07-19 18:02:25,CC→CW,2026-07-19,,20157.0,,200,Estudiante
2760,252609972,Los Canelos,Concepcion,20160.0,L2,V1,2026-07-19 17:44:41,2026-07-19 18:28:37,CW→CC,2026-07-19,,20160.0,20160.0,280,Estudiante
2761,252610007,Coronel,Concepcion,20160.0,L2,V1,2026-07-19 17:34:19,2026-07-19 18:28:28,CW→CC,2026-07-19,,20160.0,20160.0,290,Estudiante
2762,252610179,El Parque,Diagonal Bio Bio,20040.0,L2,V1,2026-07-19 09:46:02,2026-07-19 10:14:18,CW→CC,2026-07-19,,20040.0,20156.0,170,Estudiante
2763,252610179,Diagonal Bio Bio,Costa Mar,20161.0,L2,V1,2026-07-19 18:31:06,2026-07-19 18:44:27,CC→CW,2026-07-19,,20161.0,20161.0,170,Estudiante
2764,252621142,Lomas Coloradas,Concepcion,20166.0,L2,V1,2026-07-19 19:34:56,2026-07-19 20:00:26,CW→CC,2026-07-19,,20166.0,20166.0,190,Estudiante
2765,252622799,Concepcion,Lomas Coloradas,20163.0,L2,V1,2026-07-19 18:58:47,2026-07-19 19:18:57,CC→CW,2026-07-19,,20163.0,20163.0,190,Estudiante
2766,252630394,Los Canelos,Concepcion,20160.0,L2,V1,2026-07-19 17:44:22,2026-07-19 18:28:27,CW→CC,2026-07-19,,20160.0,20160.0,280,Estudiante
2767,252630394,Concepcion,Laguna Quinenco,20163.0,L2,V1,2026-07-19 18:57:07,2026-07-19 19:39:24,CC→CW,2026-07-19,,20163.0,20163.0,290,Estudiante
2768,252630398,Cristo Redentor,Concepcion,20040.0,L2,V1,2026-07-19 09:40:59,2026-07-19 10:23:15,CW→CC,2026-07-19,,20040.0,20040.0,280,Estudiante
2769,252630710,Coronel,Juan Pablo II,20152.0,L2,V1,2026-07-19 08:27:52,2026-07-19 09:06:02,CW→CC,2026-07-19,,20152.0,20152.0,260,Estudiante
2770,252630710,Juan Pablo II,Coronel,20171.0,L2,V1,2026-07-19 20:24:06,2026-07-19 21:41:48,CC→CW,2026-07-19,,20171.0,20171.0,260,Estudiante
2771,252636041,Costa Mar,Laguna Quinenco,20063.0,L2,V1,2026-07-19 14:46:00,2026-07-19 15:14:39,CC→CW,2026-07-19,,20063.0,20063.0,220,Estudiante
2772,252636041,Laguna Quinenco,Costa Mar,20180.0,L2,V1,2026-07-19 15:48:24,2026-07-19 18:13:07,CW→CC,2026-07-19,,20180.0,20180.0,220,Estudiante
2773,252637683,Coronel,Alborada,20056.0,L2,V1,2026-07-19 12:05:07,2026-07-19 12:46:08,CW→CC,2026-07-19,,20056.0,20056.0,260,Estudiante
2774,252637683,Alborada,Coronel,20161.0,L2,V1,2026-07-19 18:23:46,2026-07-19 19:13:11,CC→CW,2026-07-19,,20161.0,20161.0,260,Estudiante
2775,252637807,Concepcion,Concepcion,,,,2026-07-19 18:53:31,2026-07-19 18:54:43,,2026-07-19,no viajo,,,140,Estudiante
2776,252637951,Cristo Redentor,Diagonal Bio Bio,20152.0,L2,V1,2026-07-19 08:27:24,2026-07-19 09:03:42,CW→CC,2026-07-19,,20152.0,20152.0,230,Estudiante
2777,252637951,Diagonal Bio Bio,Cristo Redentor,20051.0,L2,V1,2026-07-19 11:50:43,2026-07-19 12:21:07,CC→CW,2026-07-19,,20051.0,20051.0,230,Estudiante
2778,252638034,Laguna Quinenco,Hito Galvarino,20170.0,L2,V1,2026-07-19 19:51:26,2026-07-19 20:29:37,CW→CC,2026-07-19,,20170.0,20170.0,180,Estudiante
2779,252640716,Pedro Medina,Concepcion,20844.0,L1,V1,2026-07-19 12:32:15,2026-07-19 12:50:33,HQ→TH,2026-07-19,,20844.0,20844.0,170,Estudiante
2780,252640716,Concepcion,Pedro Medina,20845.0,L1,V1,2026-07-19 16:27:01,2026-07-19 16:42:13,TH→HQ,2026-07-19,,20845.0,20845.0,170,Estudiante
2781,252640937,Costa Mar,Coronel,20067.0,L2,V1,2026-07-19 15:35:24,2026-07-19 16:14:07,CC→CW,2026-07-19,,20067.0,20067.0,220,Estudiante
2782,252643713,Lomas Coloradas,Cristo Redentor,20063.0,L2,V1,2026-07-19 14:40:32,2026-07-19 15:11:18,CC→CW,2026-07-19,,20063.0,20063.0,210,Estudiante
2783,252651556,Concepcion,El Parque,20161.0,L2,V1,2026-07-19 17:49:54,2026-07-19 18:47:22,CC→CW,2026-07-19,,20161.0,20161.0,190,Estudiante
2784,252652141,Lomas Coloradas,Costa Mar,20058.0,L2,V1,2026-07-19 12:52:04,2026-07-19 12:58:40,CW→CC,2026-07-19,,20058.0,20058.0,140,Estudiante
2785,252652491,Mercado,Concepcion,20847.0,L1,V1,2026-07-19 19:46:28,2026-07-19 21:02:55,TH→HQ,2026-07-19,,20847.0,20847.0,180,Estudiante
2786,252652745,Hito Galvarino,Concepcion,20062.0,L2,V1,2026-07-19 13:48:04,2026-07-19 14:33:39,CW→CC,2026-07-19,,20062.0,20062.0,280,Estudiante
2787,252652745,Concepcion,Hito Galvarino,20167.0,L2,V1,2026-07-19 19:47:07,2026-07-19 20:30:02,CC→CW,2026-07-19,,20167.0,20167.0,280,Estudiante
2788,252653199,Manquimavida,Hualqui,20847.0,L1,V1,2026-07-19 20:35:55,2026-07-19 21:02:35,TH→HQ,2026-07-19,,20847.0,20847.0,170,Estudiante
2789,252653397,Los Canelos,Diagonal Bio Bio,20180.0,L2,V1,2026-07-19 16:38:11,2026-07-19 17:19:15,CW→CC,2026-07-19,,20180.0,20180.0,220,Estudiante
2790,252653824,Concepcion,Lomas Coloradas,20171.0,L2,V1,2026-07-19 20:21:24,2026-07-19 21:19:44,CC→CW,2026-07-19,,20171.0,20171.0,190,Estudiante
2791,252653836,Los Canelos,Concepcion,20066.0,L2,V1,2026-07-19 14:55:43,2026-07-19 15:30:08,CW→CC,2026-07-19,,20066.0,20066.0,280,Estudiante
2792,252653876,Concepcion,Hito Galvarino,20161.0,L2,V1,2026-07-19 18:12:25,2026-07-19 18:59:20,CC→CW,2026-07-19,,20161.0,20161.0,280,Estudiante
2793,252653879,Juan Pablo II,Cdal. Raul Silva Henriquez,20067.0,L2,V1,2026-07-19 15:26:10,2026-07-19 15:54:16,CC→CW,2026-07-19,,20067.0,20067.0,170,Estudiante
2794,252653920,Concepcion,Coronel,20153.0,L2,V1,2026-07-19 08:40:35,2026-07-19 09:56:53,CC→CW,2026-07-19,,20153.0,20153.0,290,Estudiante
2795,252653927,Concepcion,Concepcion,,,,2026-07-19 13:51:54,2026-07-19 13:52:30,,2026-07-19,no viajo,,,140,Estudiante
2796,252653973,Concepcion,Huinca,20049.0,L2,V1,2026-07-19 11:15:55,2026-07-19 12:03:56,CC→CW,2026-07-19,,20049.0,20049.0,280,Estudiante
2797,252653973,Huinca,Concepcion,20170.0,L2,V1,2026-07-19 20:19:36,2026-07-19 20:59:16,CW→CC,2026-07-19,,20170.0,20170.0,280,Estudiante
2798,252654306,El Parque,Los Canelos,20171.0,L2,V1,2026-07-19 21:16:28,2026-07-19 21:31:59,CC→CW,2026-07-19,,20171.0,20171.0,200,Estudiante
2799,252654331,Cdal. Raul Silva Henriquez,Concepcion,20056.0,L2,V1,2026-07-19 12:30:51,2026-07-19 12:58:41,CW→CC,2026-07-19,,20056.0,20056.0,190,Estudiante
2800,252654331,Concepcion,Cdal. Raul Silva Henriquez,20171.0,L2,V1,2026-07-19 20:20:37,2026-07-19 21:23:10,CC→CW,2026-07-19,,20171.0,20171.0,190,Estudiante
2801,252660502,Laguna Quinenco,Concepcion,20068.0,L2,V1,2026-07-19 15:24:36,2026-07-19 16:17:14,CW→CC,2026-07-19,,20068.0,20068.0,290,Estudiante
2802,252660740,Cdal. Raul Silva Henriquez,Concepcion,20058.0,L2,V1,2026-07-19 12:45:28,2026-07-19 13:14:54,CW→CC,2026-07-19,,20058.0,20058.0,190,Estudiante
2803,252660740,Concepcion,Cdal. Raul Silva Henriquez,20171.0,L2,V1,2026-07-19 20:48:04,2026-07-19 21:23:03,CC→CW,2026-07-19,,20171.0,20171.0,190,Estudiante
2804,252666102,Concepcion,Laguna Quinenco,20167.0,L2,V1,2026-07-19 19:27:46,2026-07-19 20:41:15,CC→CW,2026-07-19,,20167.0,20167.0,290,Estudiante
2805,252666191,Cdal. Raul Silva Henriquez,Concepcion,20062.0,L2,V1,2026-07-19 14:07:41,2026-07-19 14:32:55,CW→CC,2026-07-19,,20062.0,20062.0,190,Estudiante
2806,252666191,Concepcion,Cdal. Raul Silva Henriquez,20171.0,L2,V1,2026-07-19 20:45:28,2026-07-19 21:23:40,CC→CW,2026-07-19,,20171.0,20171.0,190,Estudiante
2807,252667265,Los Condores,Pedro Medina,20847.0,L1,V1,2026-07-19 20:05:55,2026-07-19 20:46:34,TH→HQ,2026-07-19,,20847.0,20847.0,180,Estudiante
2808,252667270,Concepcion,Lomas Coloradas,20167.0,L2,V1,2026-07-19 19:48:35,2026-07-19 20:19:39,CC→CW,2026-07-19,,20167.0,20167.0,190,Estudiante
2809,252671677,Lomas Coloradas,Cdal. Raul Silva Henriquez,20063.0,L2,V1,2026-07-19 14:51:18,2026-07-19 14:57:25,CC→CW,2026-07-19,,20063.0,20063.0,140,Estudiante
2810,252674209,Cristo Redentor,Concepcion,20052.0,L2,V1,2026-07-19 11:14:26,2026-07-19 12:10:19,CW→CC,2026-07-19,,20052.0,20050.0,280,Estudiante
2811,252674209,Concepcion,Cristo Redentor,20067.0,L2,V1,2026-07-19 15:26:22,2026-07-19 16:08:08,CC→CW,2026-07-19,,20067.0,20067.0,280,Estudiante
2812,252674295,Cdal. Raul Silva Henriquez,Juan Pablo II,20062.0,L2,V1,2026-07-19 13:49:49,2026-07-19 14:26:09,CW→CC,2026-07-19,,20062.0,20062.0,170,Estudiante
2813,252674295,Juan Pablo II,Cdal. Raul Silva Henriquez,20157.0,L2,V1,2026-07-19 17:10:34,2026-07-19 17:52:31,CC→CW,2026-07-19,,20157.0,20157.0,170,Estudiante
2814,252678208,Lomas Coloradas,Diagonal Bio Bio,20050.0,L2,V1,2026-07-19 11:21:07,2026-07-19 11:33:14,CW→CC,2026-07-19,,20050.0,20050.0,170,Estudiante
2815,272058445,Laguna Quinenco,Concepcion,20068.0,L2,V1,2026-07-19 15:28:26,2026-07-19 16:18:23,CW→CC,2026-07-19,,20068.0,20068.0,290,Estudiante
2816,272058445,Concepcion,Los Canelos,20161.0,L2,V1,2026-07-19 18:18:59,2026-07-19 19:03:26,CC→CW,2026-07-19,,20161.0,20161.0,280,Estudiante
2817,282015842,Concepcion,Chiguayante,20847.0,L1,V1,2026-07-19 20:25:13,2026-07-19 20:43:06,TH→HQ,2026-07-19,,20847.0,20847.0,170,Estudiante
2818,282074146,Lomas Coloradas,Concepcion,20052.0,L2,V1,2026-07-19 11:41:37,2026-07-19 12:10:28,CW→CC,2026-07-19,,20052.0,20052.0,190,Estudiante
2819,282074146,Concepcion,Lomas Coloradas,20063.0,L2,V1,2026-07-19 14:29:50,2026-07-19 14:54:36,CC→CW,2026-07-19,,20063.0,20063.0,190,Estudiante
2820,282092828,Concepcion,Juan Pablo II,20167.0,L2,V1,2026-07-19 19:48:40,2026-07-19 20:06:51,CC→CW,2026-07-19,,20167.0,20167.0,190,Estudiante
2821,282110425,Concepcion,Cdal. Raul Silva Henriquez,20171.0,L2,V1,2026-07-19 20:45:41,2026-07-19 21:22:56,CC→CW,2026-07-19,,20171.0,20171.0,190,Estudiante
2822,282126469,Los Canelos,Concepcion,20056.0,L2,V1,2026-07-19 12:17:59,2026-07-19 12:57:34,CW→CC,2026-07-19,,20056.0,20056.0,280,Estudiante
2823,282126469,Concepcion,Concepcion,,,,2026-07-19 13:15:03,2026-07-19 13:15:37,,2026-07-19,no viajo,,,140,Estudiante
2824,282126660,Los Canelos,Concepcion,20160.0,L2,V1,2026-07-19 17:52:33,2026-07-19 18:28:09,CW→CC,2026-07-19,,20160.0,20160.0,280,Estudiante
2825,282133938,Cristo Redentor,Concepcion,20050.0,L2,V1,2026-07-19 11:06:47,2026-07-19 11:42:28,CW→CC,2026-07-19,,20050.0,20050.0,280,Estudiante
2826,282141491,Concepcion,Cristo Redentor,20161.0,L2,V1,2026-07-19 18:19:53,2026-07-19 19:08:28,CC→CW,2026-07-19,,20161.0,20161.0,280,Estudiante
2827,282152802,Diagonal Bio Bio,Cristo Redentor,20171.0,L2,V1,2026-07-19 20:42:47,2026-07-19 21:36:26,CC→CW,2026-07-19,,20171.0,20171.0,230,Estudiante
2828,282155713,Cdal. Raul Silva Henriquez,Concepcion,20152.0,L2,V1,2026-07-19 08:49:47,2026-07-19 09:13:35,CW→CC,2026-07-19,,20152.0,20152.0,190,Estudiante
2829,282155713,Concepcion,Concepcion,,,,2026-07-19 13:44:22,2026-07-19 13:50:00,,2026-07-19,no viajo,,,140,Estudiante
2830,282155713,Concepcion,Cdal. Raul Silva Henriquez,20063.0,L2,V1,2026-07-19 14:24:06,2026-07-19 14:57:30,CC→CW,2026-07-19,,20063.0,20063.0,190,Estudiante
2831,282158241,Los Condores,Concepcion,20857.0,L1,V1,2026-07-19 08:30:24,2026-07-19 08:55:42,TH→HQ,2026-07-19,,20857.0,20857.0,170,Estudiante
2832,282158241,Concepcion,Los Condores,20846.0,L1,V1,2026-07-19 17:20:52,2026-07-19 17:48:56,HQ→TH,2026-07-19,,20846.0,20846.0,170,Estudiante
2833,282160979,Cristo Redentor,Huinca,20166.0,L2,V1,2026-07-19 19:17:07,2026-07-19 19:24:05,CW→CC,2026-07-19,,20166.0,20166.0,150,Estudiante
2834,282164003,Costa Mar,Concepcion,20068.0,L2,V1,2026-07-19 16:02:41,2026-07-19 16:17:07,CW→CC,2026-07-19,,20068.0,20068.0,190,Estudiante
2835,282164003,Concepcion,Costa Mar,20167.0,L2,V1,2026-07-19 19:45:38,2026-07-19 20:14:14,CC→CW,2026-07-19,,20167.0,20167.0,190,Estudiante
2836,282169071,Juan Pablo II,Hito Galvarino,20037.0,L2,V1,2026-07-19 10:04:56,2026-07-19 10:33:03,CC→CW,2026-07-19,,20037.0,20037.0,220,Estudiante
2837,282172606,Los Canelos,Concepcion,20162.0,L2,V1,2026-07-19 18:16:09,2026-07-19 18:57:47,CW→CC,2026-07-19,,20162.0,20162.0,280,Estudiante
2838,282184476,Lomas Coloradas,Juan Pablo II,20156.0,L2,V1,2026-07-19 09:37:26,2026-07-19 09:50:48,CW→CC,2026-07-19,,20156.0,20156.0,170,Estudiante
2839,282187479,Huinca,Laguna Quinenco,20053.0,L2,V1,2026-07-19 12:42:14,2026-07-19 12:49:17,CC→CW,2026-07-19,,20053.0,20053.0,150,Estudiante
2840,282187479,Laguna Quinenco,Huinca,20066.0,L2,V1,2026-07-19 14:45:23,2026-07-19 14:54:38,CW→CC,2026-07-19,,20066.0,20066.0,150,Estudiante
2841,282187708,Cristo Redentor,Diagonal Bio Bio,20058.0,L2,V1,2026-07-19 12:28:49,2026-07-19 13:03:07,CW→CC,2026-07-19,,20058.0,20056.0,230,Estudiante
2842,282187708,Concepcion,Cristo Redentor,20167.0,L2,V1,2026-07-19 19:21:24,2026-07-19 20:36:57,CC→CW,2026-07-19,,20167.0,20167.0,280,Estudiante
2843,282189514,Costa Mar,Concepcion,20058.0,L2,V1,2026-07-19 12:53:45,2026-07-19 13:14:48,CW→CC,2026-07-19,,20058.0,20058.0,190,Estudiante
2844,282189514,Concepcion,Costa Mar,20071.0,L2,V1,2026-07-19 16:23:44,2026-07-19 16:53:43,CC→CW,2026-07-19,,20071.0,20071.0,190,Estudiante
2845,282190105,Lomas Coloradas,Concepcion,20040.0,L2,V1,2026-07-19 10:01:01,2026-07-19 10:23:16,CW→CC,2026-07-19,,20040.0,20040.0,190,Estudiante
2846,282190105,Concepcion,Costa Mar,20049.0,L2,V1,2026-07-19 11:22:17,2026-07-19 11:44:29,CC→CW,2026-07-19,,20049.0,20049.0,190,Estudiante
2847,292133339,Concepcion,Los Canelos,20071.0,L2,V1,2026-07-19 16:23:15,2026-07-19 17:12:22,CC→CW,2026-07-19,,20071.0,20071.0,0,Estudiante
2848,292133398,Concepcion,Lzo. Arenas,20848.0,L1,V1,2026-07-19 20:19:25,2026-07-19 21:09:03,HQ→TH,2026-07-19,combo_por_entrada,20848.0,20848.0,0,Estudiante
2849,292141642,Concepcion,La Leonera,20847.0,L1,V1,2026-07-19 19:05:37,2026-07-19 20:51:02,TH→HQ,2026-07-19,combo_por_entrada,20847.0,20847.0,0,Estudiante
2850,292153575,Costa Mar,Concepcion,20156.0,L2,V1,2026-07-19 09:42:15,2026-07-19 10:04:54,CW→CC,2026-07-19,combo_por_entrada,20156.0,20850.0,0,Estudiante
2851,292153575,Lzo. Arenas,Concepcion,20859.0,L1,V1,2026-07-19 12:48:53,2026-07-19 12:54:35,TH→HQ,2026-07-19,,20859.0,20859.0,0,Estudiante
2852,292153575,Concepcion,Costa Mar,20059.0,L2,V1,2026-07-19 13:04:45,2026-07-19 13:32:29,CC→CW,2026-07-19,,20059.0,20059.0,0,Estudiante
2853,292188668,Cdal. Raul Silva Henriquez,Diagonal Bio Bio,20056.0,L2,V1,2026-07-19 12:33:57,2026-07-19 12:48:37,CW→CC,2026-07-19,,20056.0,20056.0,0,Estudiante
2854,292188748,La Leonera,Mercado,20846.0,L1,V1,2026-07-19 17:03:51,2026-07-19 17:58:56,HQ→TH,2026-07-19,,20846.0,20846.0,0,Estudiante
2855,292188769,Huinca,Concepcion,20162.0,L2,V1,2026-07-19 18:16:00,2026-07-19 18:58:17,CW→CC,2026-07-19,,20162.0,20162.0,0,Estudiante
2856,292188788,Cristo Redentor,Juan Pablo II,20050.0,L2,V1,2026-07-19 11:04:27,2026-07-19 11:35:53,CW→CC,2026-07-19,,20050.0,20050.0,0,Estudiante
2857,292188788,Juan Pablo II,Cristo Redentor,20157.0,L2,V1,2026-07-19 16:55:54,2026-07-19 18:07:24,CC→CW,2026-07-19,,20157.0,20157.0,0,Estudiante
2858,292188790,Cristo Redentor,Costa Mar,20180.0,L2,V1,2026-07-19 16:47:30,2026-07-19 17:14:36,CW→CC,2026-07-19,,20180.0,20180.0,0,Estudiante
2859,292188964,Costa Mar,Lomas Coloradas,20063.0,L2,V1,2026-07-19 14:43:11,2026-07-19 14:54:14,CC→CW,2026-07-19,,20063.0,20063.0,0,Estudiante
2860,292194023,Los Canelos,Concepcion,20052.0,L2,V1,2026-07-19 11:28:11,2026-07-19 12:10:24,CW→CC,2026-07-19,,20052.0,20052.0,0,Estudiante
2861,292194023,Concepcion,Huinca,20063.0,L2,V1,2026-07-19 13:40:11,2026-07-19 15:09:50,CC→CW,2026-07-19,,20063.0,20063.0,0,Estudiante
2862,292194051,Concepcion,Coronel,20053.0,L2,V1,2026-07-19 11:57:26,2026-07-19 12:52:39,CC→CW,2026-07-19,,20053.0,20053.0,0,Estudiante
2863,292194288,El Parque,Lomas Coloradas,20063.0,L2,V1,2026-07-19 14:47:59,2026-07-19 14:54:50,CC→CW,2026-07-19,,20063.0,20063.0,0,Estudiante
2864,292194307,Costa Mar,Concepcion,20050.0,L2,V1,2026-07-19 11:27:31,2026-07-19 11:43:09,CW→CC,2026-07-19,,20050.0,20050.0,0,Estudiante
2865,292194307,Concepcion,Costa Mar,20063.0,L2,V1,2026-07-19 14:30:12,2026-07-19 14:49:04,CC→CW,2026-07-19,,20063.0,20063.0,0,Estudiante
2866,292194384,Los Canelos,Lomas Coloradas,20056.0,L2,V1,2026-07-19 12:23:05,2026-07-19 12:37:55,CW→CC,2026-07-19,,20056.0,20056.0,0,Estudiante
2867,292194384,Lomas Coloradas,Concepcion,20062.0,L2,V1,2026-07-19 13:50:10,2026-07-19 14:32:59,CW→CC,2026-07-19,,20062.0,20062.0,0,Estudiante
2868,292203380,Costa Mar,Concepcion,20066.0,L2,V1,2026-07-19 15:09:07,2026-07-19 15:29:51,CW→CC,2026-07-19,,20066.0,20066.0,0,Estudiante
2869,292203380,Concepcion,Concepcion,,,,2026-07-19 19:13:23,2026-07-19 19:20:58,,2026-07-19,no viajo,,,0,Estudiante
2870,292205185,Cristo Redentor,Costa Mar,20066.0,L2,V1,2026-07-19 14:36:24,2026-07-19 15:14:49,CW→CC,2026-07-19,,20066.0,20066.0,0,Estudiante
2871,292205439,Costa Mar,Cdal. Raul Silva Henriquez,20059.0,L2,V1,2026-07-19 13:06:44,2026-07-19 13:41:34,CC→CW,2026-07-19,,20059.0,20059.0,0,Estudiante
2872,292205448,Cristo Redentor,Laguna Quinenco,20037.0,L2,V1,2026-07-19 10:35:25,2026-07-19 10:44:16,CC→CW,2026-07-19,,20037.0,20037.0,0,Estudiante
2873,292205481,Los Canelos,Huinca,20059.0,L2,V1,2026-07-19 13:36:53,2026-07-19 13:52:51,CC→CW,2026-07-19,,20059.0,20059.0,0,Estudiante
2874,292205481,Huinca,Los Canelos,20062.0,L2,V1,2026-07-19 13:57:55,2026-07-19 14:00:40,CW→CC,2026-07-19,,20062.0,20062.0,0,Estudiante
2875,302184824,Pedro Medina,Hualqui,20847.0,L1,V1,2026-07-19 20:41:34,2026-07-19 21:02:47,TH→HQ,2026-07-19,,20847.0,20847.0,170,Estudiante
2876,302184938,Concepcion,Lomas Coloradas,20067.0,L2,V1,2026-07-19 15:11:27,2026-07-19 15:50:50,CC→CW,2026-07-19,,20067.0,20067.0,190,Estudiante
2877,302230282,Lomas Coloradas,Costa Mar,20056.0,L2,V1,2026-07-19 12:37:30,2026-07-19 12:43:46,CW→CC,2026-07-19,,20056.0,20056.0,140,Estudiante
2878,302247939,Cristo Redentor,Concepcion,20056.0,L2,V1,2026-07-19 12:14:08,2026-07-19 12:58:47,CW→CC,2026-07-19,,20056.0,20056.0,280,Estudiante
2879,302247939,Concepcion,Cristo Redentor,20071.0,L2,V1,2026-07-19 16:22:55,2026-07-19 17:17:26,CC→CW,2026-07-19,,20071.0,20071.0,280,Estudiante
2880,302253586,Concepcion,Laguna Quinenco,20059.0,L2,V1,2026-07-19 13:06:15,2026-07-19 13:59:56,CC→CW,2026-07-19,,20059.0,20059.0,290,Estudiante
2881,302253586,Laguna Quinenco,Huinca,20180.0,L2,V1,2026-07-19 16:00:09,2026-07-19 16:56:34,CW→CC,2026-07-19,,20180.0,20180.0,150,Estudiante
2882,302253586,Huinca,Concepcion,20166.0,L2,V1,2026-07-19 19:21:21,2026-07-19 20:00:36,CW→CC,2026-07-19,,20166.0,20166.0,280,Estudiante
2883,302253597,Diagonal Bio Bio,Lomas Coloradas,20157.0,L2,V1,2026-07-19 17:33:56,2026-07-19 17:49:09,CC→CW,2026-07-19,,20157.0,,170,Estudiante
2884,302263426,Coronel,Costa Mar,20170.0,L2,V1,2026-07-19 20:14:08,2026-07-19 20:43:49,CW→CC,2026-07-19,,20170.0,20170.0,220,Estudiante
2885,302270237,Concepcion,Cristo Redentor,20157.0,L2,V1,2026-07-19 17:27:02,2026-07-19 18:08:40,CC→CW,2026-07-19,,20157.0,20157.0,280,Estudiante
2886,302280802,Hito Galvarino,Cdal. Raul Silva Henriquez,20180.0,L2,V1,2026-07-19 16:19:21,2026-07-19 17:05:07,CW→CC,2026-07-19,,20180.0,20180.0,200,Estudiante
2887,302291047,Concepcion,Laguna Quinenco,20037.0,L2,V1,2026-07-19 09:34:59,2026-07-19 10:44:04,CC→CW,2026-07-19,combo_por_entrada,20037.0,20037.0,300,Estudiante
2888,302291047,Laguna Quinenco,Concepcion,20160.0,L2,V1,2026-07-19 17:31:59,2026-07-19 18:29:14,CW→CC,2026-07-19,,20160.0,20160.0,290,Estudiante
2889,302297776,Chiguayante,Hualqui,20845.0,L1,V1,2026-07-19 16:32:06,2026-07-19 17:01:46,TH→HQ,2026-07-19,,20845.0,20845.0,170,Estudiante
2890,302304397,Laguna Quinenco,Concepcion,20180.0,L2,V1,2026-07-19 16:46:05,2026-07-19 17:28:29,CW→CC,2026-07-19,,20180.0,20180.0,290,Estudiante
2891,302309065,Los Canelos,Lomas Coloradas,20156.0,L2,V1,2026-07-19 09:20:01,2026-07-19 09:38:16,CW→CC,2026-07-19,,20156.0,20156.0,200,Estudiante
2892,302322515,Costa Mar,Concepcion,20068.0,L2,V1,2026-07-19 15:55:21,2026-07-19 16:17:12,CW→CC,2026-07-19,,20068.0,20068.0,190,Estudiante
2893,302322526,Hito Galvarino,Diagonal Bio Bio,20040.0,L2,V1,2026-07-19 09:48:17,2026-07-19 10:14:05,CW→CC,2026-07-19,,20040.0,20040.0,220,Estudiante
2894,302322597,Juan Pablo II,Huinca,20149.0,L2,V1,2026-07-19 08:23:17,2026-07-19 09:04:41,CC→CW,2026-07-19,,20149.0,20149.0,230,Estudiante
2895,302329289,Hito Galvarino,Concepcion,20058.0,L2,V1,2026-07-19 12:42:40,2026-07-19 13:14:28,CW→CC,2026-07-19,,20058.0,20058.0,280,Estudiante
2896,302329289,Concepcion,Hito Galvarino,20161.0,L2,V1,2026-07-19 18:26:09,2026-07-19 19:00:21,CC→CW,2026-07-19,,20161.0,20161.0,280,Estudiante
2897,302341647,Concepcion,Los Canelos,20067.0,L2,V1,2026-07-19 15:13:57,2026-07-19 16:03:42,CC→CW,2026-07-19,,20067.0,20067.0,280,Estudiante
2898,302341706,Diagonal Bio Bio,El Parque,20157.0,L2,V1,2026-07-19 16:55:37,2026-07-19 17:47:08,CC→CW,2026-07-19,,20157.0,20071.0,170,Estudiante
2899,302341706,El Parque,Concepcion,20162.0,L2,V1,2026-07-19 18:34:31,2026-07-19 19:03:11,CW→CC,2026-07-19,,20162.0,20162.0,190,Estudiante
2900,302341706,Concepcion,Diagonal Bio Bio,20167.0,L2,V1,2026-07-19 19:53:56,2026-07-19 20:08:43,CC→CW,2026-07-19,,20167.0,20167.0,190,Estudiante
2901,302359226,Concepcion,Costa Mar,20059.0,L2,V1,2026-07-19 13:06:37,2026-07-19 13:32:34,CC→CW,2026-07-19,,20059.0,20059.0,190,Estudiante
2902,302360146,Concepcion,Cristo Redentor,20059.0,L2,V1,2026-07-19 13:06:50,2026-07-19 13:57:12,CC→CW,2026-07-19,,20059.0,20059.0,280,Estudiante
2903,302360146,Cristo Redentor,Concepcion,20166.0,L2,V1,2026-07-19 18:29:24,2026-07-19 19:59:00,CW→CC,2026-07-19,,20166.0,20162.0,280,Estudiante
2904,302360338,Concepcion,Diagonal Bio Bio,20059.0,L2,V1,2026-07-19 12:28:41,2026-07-19 13:27:33,CC→CW,2026-07-19,combo_por_entrada,20059.0,20859.0,190,Estudiante
2905,302360362,Cdal. Raul Silva Henriquez,Alborada,20044.0,L2,V1,2026-07-19 10:21:35,2026-07-19 10:36:10,CW→CC,2026-07-19,,20044.0,20044.0,170,Estudiante
2906,302360362,Alborada,Cdal. Raul Silva Henriquez,20053.0,L2,V1,2026-07-19 12:19:55,2026-07-19 12:33:27,CC→CW,2026-07-19,,20053.0,20053.0,170,Estudiante
2907,302360449,Laguna Quinenco,Lomas Coloradas,20062.0,L2,V1,2026-07-19 13:44:13,2026-07-19 14:13:47,CW→CC,2026-07-19,,20062.0,20062.0,220,Estudiante
2908,302360451,Costa Mar,Cdal. Raul Silva Henriquez,20041.0,L2,V1,2026-07-19 10:30:40,2026-07-19 10:53:20,CC→CW,2026-07-19,,20041.0,20041.0,140,Estudiante
2909,302360471,Los Canelos,Costa Mar,20062.0,L2,V1,2026-07-19 13:55:31,2026-07-19 14:19:11,CW→CC,2026-07-19,,20062.0,20062.0,200,Estudiante
2910,302360471,Costa Mar,Los Canelos,20167.0,L2,V1,2026-07-19 20:02:49,2026-07-19 20:33:15,CC→CW,2026-07-19,,20167.0,20167.0,200,Estudiante
2911,302360516,Cristo Redentor,Concepcion,20056.0,L2,V1,2026-07-19 12:16:18,2026-07-19 12:58:04,CW→CC,2026-07-19,,20056.0,20056.0,280,Estudiante
2912,302360521,Costa Mar,Concepcion,20056.0,L2,V1,2026-07-19 12:34:11,2026-07-19 12:59:36,CW→CC,2026-07-19,,20056.0,20056.0,190,Estudiante
2913,302360521,Concepcion,Costa Mar,20157.0,L2,V1,2026-07-19 17:12:53,2026-07-19 17:44:15,CC→CW,2026-07-19,,20157.0,20157.0,190,Estudiante
2914,302360607,Concepcion,Concepcion,,,,2026-07-19 19:04:15,2026-07-19 19:05:40,,2026-07-19,no viajo,,,140,Estudiante
2915,302366174,Laguna Quinenco,Concepcion,20152.0,L2,V1,2026-07-19 08:15:13,2026-07-19 09:13:51,CW→CC,2026-07-19,,20152.0,20152.0,290,Estudiante
2916,302366174,Concepcion,Laguna Quinenco,20163.0,L2,V1,2026-07-19 18:50:59,2026-07-19 19:41:35,CC→CW,2026-07-19,,20163.0,20163.0,290,Estudiante
2917,302366293,Cdal. Raul Silva Henriquez,Alborada,20058.0,L2,V1,2026-07-19 12:47:54,2026-07-19 13:00:42,CW→CC,2026-07-19,,20058.0,20058.0,170,Estudiante
2918,302367339,Concepcion,Laguna Quinenco,20071.0,L2,V1,2026-07-19 16:08:05,2026-07-19 17:20:10,CC→CW,2026-07-19,combo_por_entrada,20071.0,20071.0,300,Estudiante
2919,302367394,Concepcion,Cdal. Raul Silva Henriquez,20059.0,L2,V1,2026-07-19 12:41:29,2026-07-19 13:42:41,CC→CW,2026-07-19,,20059.0,20059.0,190,Estudiante
2920,302367627,Concepcion,Lomas Coloradas,20059.0,L2,V1,2026-07-19 12:26:30,2026-07-19 13:38:50,CC→CW,2026-07-19,combo_por_entrada,20059.0,20059.0,200,Estudiante
2921,302372643,Concepcion,Hualqui,20845.0,L1,V1,2026-07-19 16:06:48,2026-07-19 17:01:47,TH→HQ,2026-07-19,combo_por_entrada,20845.0,20845.0,200,Estudiante
2922,302372834,Concepcion,Costa Mar,20037.0,L2,V1,2026-07-19 09:40:10,2026-07-19 10:18:44,CC→CW,2026-07-19,combo_por_entrada,20037.0,20037.0,200,Estudiante
2923,302372834,Costa Mar,Concepcion,20052.0,L2,V1,2026-07-19 11:47:06,2026-07-19 12:09:57,CW→CC,2026-07-19,,20052.0,20052.0,190,Estudiante
2924,302373062,Concepcion,Laguna Quinenco,20163.0,L2,V1,2026-07-19 18:43:01,2026-07-19 19:39:19,CC→CW,2026-07-19,,20163.0,20163.0,290,Estudiante
2925,302378205,El Parque,Concepcion,20052.0,L2,V1,2026-07-19 11:42:28,2026-07-19 12:17:23,CW→CC,2026-07-19,,20052.0,20052.0,190,Estudiante
2926,302378476,El Arenal,Concepcion,20847.0,L1,V1,2026-07-19 19:38:03,2026-07-19 20:36:36,TH→HQ,2026-07-19,,20847.0,20847.0,180,Estudiante
2927,302378531,Pedro Medina,Hualqui,20847.0,L1,V1,2026-07-19 20:41:37,2026-07-19 21:02:51,TH→HQ,2026-07-19,,20847.0,20847.0,170,Estudiante
2928,302378582,Lomas Coloradas,Concepcion,20170.0,L2,V1,2026-07-19 20:37:16,2026-07-19 20:58:48,CW→CC,2026-07-19,,20170.0,20170.0,190,Estudiante
2929,302378619,Lomas Coloradas,Concepcion,20066.0,L2,V1,2026-07-19 15:07:16,2026-07-19 15:28:13,CW→CC,2026-07-19,,20066.0,20066.0,190,Estudiante
2930,302378619,Concepcion,Cdal. Raul Silva Henriquez,20161.0,L2,V1,2026-07-19 18:26:11,2026-07-19 18:53:03,CC→CW,2026-07-19,,20161.0,20161.0,190,Estudiante
2931,302388936,Concepcion,Los Canelos,20161.0,L2,V1,2026-07-19 18:21:40,2026-07-19 19:02:34,CC→CW,2026-07-19,,20161.0,20161.0,280,Estudiante
2932,302394284,Lomas Coloradas,Concepcion,20056.0,L2,V1,2026-07-19 12:01:56,2026-07-19 13:13:55,CW→CC,2026-07-19,,20056.0,20056.0,190,Estudiante
2933,302394284,Concepcion,Lomas Coloradas,20157.0,L2,V1,2026-07-19 17:26:42,2026-07-19 17:49:45,CC→CW,2026-07-19,,20157.0,20157.0,190,Estudiante
2934,302394290,Cdal. Raul Silva Henriquez,Lomas Coloradas,20156.0,L2,V1,2026-07-19 09:25:38,2026-07-19 09:38:07,CW→CC,2026-07-19,,20156.0,20156.0,140,Estudiante
2935,302394310,Laguna Quinenco,Costa Mar,20052.0,L2,V1,2026-07-19 11:14:51,2026-07-19 11:49:17,CW→CC,2026-07-19,,20052.0,20052.0,220,Estudiante
2936,302395183,Concepcion,Cristo Redentor,20059.0,L2,V1,2026-07-19 13:07:06,2026-07-19 13:57:28,CC→CW,2026-07-19,,20059.0,20059.0,280,Estudiante
2937,302395183,Cristo Redentor,Concepcion,20166.0,L2,V1,2026-07-19 18:29:25,2026-07-19 19:59:00,CW→CC,2026-07-19,,20166.0,20162.0,280,Estudiante
2938,302399921,Coronel,Costa Mar,20160.0,L2,V1,2026-07-19 17:41:24,2026-07-19 18:13:16,CW→CC,2026-07-19,,20160.0,20160.0,220,Estudiante
2939,302401766,Los Canelos,Lomas Coloradas,20062.0,L2,V1,2026-07-19 13:54:56,2026-07-19 14:13:59,CW→CC,2026-07-19,,20062.0,20062.0,200,Estudiante
2940,302401766,Lomas Coloradas,Los Canelos,20163.0,L2,V1,2026-07-19 19:18:06,2026-07-19 19:33:03,CC→CW,2026-07-19,,20163.0,20163.0,200,Estudiante
2941,302401812,Huinca,Concepcion,20068.0,L2,V1,2026-07-19 15:37:56,2026-07-19 16:17:10,CW→CC,2026-07-19,,20068.0,20068.0,280,Estudiante
2942,302401926,Cdal. Raul Silva Henriquez,Concepcion,20062.0,L2,V1,2026-07-19 13:58:02,2026-07-19 14:36:01,CW→CC,2026-07-19,,20062.0,20062.0,190,Estudiante
2943,302402055,Concepcion,Diagonal Bio Bio,20167.0,L2,V1,2026-07-19 19:52:43,2026-07-19 20:10:19,CC→CW,2026-07-19,,20167.0,20167.0,190,Estudiante
2944,312044413,Costa Mar,Huinca,20053.0,L2,V1,2026-07-19 12:13:49,2026-07-19 12:44:19,CC→CW,2026-07-19,,20053.0,20053.0,210,Estudiante
2945,312088495,Hito Galvarino,Cristo Redentor,20053.0,L2,V1,2026-07-19 12:37:11,2026-07-19 12:46:54,CC→CW,2026-07-19,,20053.0,20053.0,150,Estudiante
2946,312131933,Cristo Redentor,El Parque,20152.0,L2,V1,2026-07-19 08:28:57,2026-07-19 08:56:45,CW→CC,2026-07-19,,20152.0,20152.0,210,Estudiante
2947,312131933,El Parque,Cristo Redentor,20163.0,L2,V1,2026-07-19 19:12:51,2026-07-19 19:37:19,CC→CW,2026-07-19,,20163.0,20163.0,210,Estudiante
2948,312133463,Los Canelos,Concepcion,20066.0,L2,V1,2026-07-19 14:50:01,2026-07-19 15:29:40,CW→CC,2026-07-19,,20066.0,20066.0,280,Estudiante
2949,312152889,Concepcion,Huinca,20067.0,L2,V1,2026-07-19 15:23:09,2026-07-19 16:05:22,CC→CW,2026-07-19,,20067.0,20067.0,280,Estudiante
2950,312155127,Los Canelos,Concepcion,20162.0,L2,V1,2026-07-19 18:22:25,2026-07-19 18:58:52,CW→CC,2026-07-19,,20162.0,20162.0,280,Estudiante
2951,312171196,Laguna Quinenco,Concepcion,20166.0,L2,V1,2026-07-19 19:06:42,2026-07-19 19:58:47,CW→CC,2026-07-19,,20166.0,20166.0,290,Estudiante
2952,312195180,Hito Galvarino,Juan Pablo II,20156.0,L2,V1,2026-07-19 09:25:37,2026-07-19 09:50:45,CW→CC,2026-07-19,,20156.0,20156.0,220,Estudiante
2953,312195180,Juan Pablo II,Hito Galvarino,20171.0,L2,V1,2026-07-19 20:32:17,2026-07-19 21:28:53,CC→CW,2026-07-19,,20171.0,20171.0,220,Estudiante
2954,312204638,Cdal. Raul Silva Henriquez,Concepcion,20068.0,L2,V1,2026-07-19 15:50:54,2026-07-19 16:18:12,CW→CC,2026-07-19,,20068.0,20068.0,190,Estudiante
2955,312204638,Concepcion,Cdal. Raul Silva Henriquez,20167.0,L2,V1,2026-07-19 19:52:17,2026-07-19 20:22:54,CC→CW,2026-07-19,,20167.0,20167.0,190,Estudiante
2956,312204841,Coronel,Concepcion,20058.0,L2,V1,2026-07-19 12:25:38,2026-07-19 13:14:32,CW→CC,2026-07-19,,20058.0,20058.0,290,Estudiante
2957,312204841,Concepcion,Coronel,20167.0,L2,V1,2026-07-19 19:54:28,2026-07-19 20:44:08,CC→CW,2026-07-19,,20167.0,20167.0,290,Estudiante
2958,312242281,Lomas Coloradas,Diagonal Bio Bio,20162.0,L2,V1,2026-07-19 18:20:41,2026-07-19 18:48:10,CW→CC,2026-07-19,,20162.0,20162.0,170,Estudiante
2959,312242294,Lomas Coloradas,Concepcion,20170.0,L2,V1,2026-07-19 20:32:18,2026-07-19 20:58:26,CW→CC,2026-07-19,,20170.0,20170.0,190,Estudiante
2960,312242328,Concepcion,Cristo Redentor,20053.0,L2,V1,2026-07-19 11:58:40,2026-07-19 12:47:13,CC→CW,2026-07-19,,20053.0,20053.0,280,Estudiante
2961,312246094,Lomas Coloradas,Costa Mar,20062.0,L2,V1,2026-07-19 14:10:26,2026-07-19 14:19:11,CW→CC,2026-07-19,,20062.0,20062.0,140,Estudiante
2962,312265584,Concepcion,Coronel,20051.0,L2,V1,2026-07-19 11:39:14,2026-07-19 12:26:57,CC→CW,2026-07-19,,20051.0,,290,Estudiante
2963,312265584,Coronel,Concepcion,20166.0,L2,V1,2026-07-19 19:12:36,2026-07-19 19:58:19,CW→CC,2026-07-19,,20166.0,20166.0,290,Estudiante
2964,312275598,Coronel,Concepcion,20066.0,L2,V1,2026-07-19 14:28:13,2026-07-19 15:29:41,CW→CC,2026-07-19,,20066.0,20066.0,290,Estudiante
2965,312277227,Concepcion,Lomas Coloradas,20063.0,L2,V1,2026-07-19 14:31:07,2026-07-19 14:54:44,CC→CW,2026-07-19,,20063.0,20063.0,190,Estudiante
2966,312277227,Lomas Coloradas,Concepcion,20166.0,L2,V1,2026-07-19 19:07:51,2026-07-19 19:58:38,CW→CC,2026-07-19,,20166.0,20166.0,190,Estudiante
2967,312285637,Cristo Redentor,Huinca,20066.0,L2,V1,2026-07-19 14:49:42,2026-07-19 14:54:12,CW→CC,2026-07-19,,20066.0,20066.0,150,Estudiante
2968,312323422,Cristo Redentor,Concepcion,20166.0,L2,V1,2026-07-19 19:12:55,2026-07-19 19:58:38,CW→CC,2026-07-19,,20166.0,20166.0,280,Estudiante
2969,312323616,Laguna Quinenco,Concepcion,20166.0,L2,V1,2026-07-19 19:12:57,2026-07-19 19:58:23,CW→CC,2026-07-19,,20166.0,20166.0,290,Estudiante
2970,312349867,Diagonal Bio Bio,Lomas Coloradas,20163.0,L2,V1,2026-07-19 19:07:58,2026-07-19 19:19:01,CC→CW,2026-07-19,,20163.0,20163.0,170,Estudiante
2971,312357169,Cdal. Raul Silva Henriquez,Concepcion,20162.0,L2,V1,2026-07-19 18:22:27,2026-07-19 18:58:43,CW→CC,2026-07-19,,20162.0,20162.0,190,Estudiante
2972,312357272,Concepcion,Coronel,20167.0,L2,V1,2026-07-19 19:44:48,2026-07-19 20:43:24,CC→CW,2026-07-19,,20167.0,20167.0,290,Estudiante
2973,312367171,Concepcion,Cristo Redentor,20167.0,L2,V1,2026-07-19 19:40:32,2026-07-19 20:37:02,CC→CW,2026-07-19,,20167.0,20167.0,280,Estudiante
2974,312367393,Cristo Redentor,Lomas Coloradas,20052.0,L2,V1,2026-07-19 11:23:05,2026-07-19 11:43:06,CW→CC,2026-07-19,,20052.0,20052.0,210,Estudiante
2975,312367444,Concepcion,Los Canelos,20067.0,L2,V1,2026-07-19 15:06:31,2026-07-19 16:04:44,CC→CW,2026-07-19,,20067.0,20067.0,280,Estudiante
2976,312367444,Los Canelos,Concepcion,20170.0,L2,V1,2026-07-19 20:23:11,2026-07-19 20:59:03,CW→CC,2026-07-19,,20170.0,20170.0,280,Estudiante
2977,312371638,Cristo Redentor,Concepcion,20180.0,L2,V1,2026-07-19 16:44:33,2026-07-19 17:28:59,CW→CC,2026-07-19,,20180.0,20180.0,280,Estudiante
2978,312371638,Concepcion,Cristo Redentor,20167.0,L2,V1,2026-07-19 19:53:20,2026-07-19 20:38:13,CC→CW,2026-07-19,,20167.0,20167.0,280,Estudiante
2979,312379183,Costa Mar,Lomas Coloradas,20161.0,L2,V1,2026-07-19 18:42:09,2026-07-19 18:50:06,CC→CW,2026-07-19,,20161.0,20161.0,140,Estudiante
2980,312379183,Lomas Coloradas,Juan Pablo II,20166.0,L2,V1,2026-07-19 19:35:53,2026-07-19 19:51:35,CW→CC,2026-07-19,,20166.0,20166.0,170,Estudiante
2981,312382171,Cdal. Raul Silva Henriquez,Concepcion,20068.0,L2,V1,2026-07-19 15:43:55,2026-07-19 16:18:52,CW→CC,2026-07-19,,20068.0,20068.0,190,Estudiante
2982,312382442,Laguna Quinenco,Cristo Redentor,20170.0,L2,V1,2026-07-19 20:07:40,2026-07-19 20:21:26,CW→CC,2026-07-19,,20170.0,20170.0,150,Estudiante
2983,312405366,Cdal. Raul Silva Henriquez,Diagonal Bio Bio,20170.0,L2,V1,2026-07-19 20:33:41,2026-07-19 20:48:24,CW→CC,2026-07-19,,20170.0,20170.0,170,Estudiante
2984,312408140,Costa Mar,Concepcion,20180.0,L2,V1,2026-07-19 17:03:18,2026-07-19 17:29:49,CW→CC,2026-07-19,,20180.0,20180.0,190,Estudiante
2985,312410133,Laguna Quinenco,Huinca,20160.0,L2,V1,2026-07-19 17:14:56,2026-07-19 17:54:19,CW→CC,2026-07-19,,20160.0,20160.0,150,Estudiante
2986,312410190,Concepcion,Los Canelos,20171.0,L2,V1,2026-07-19 20:30:02,2026-07-19 21:32:31,CC→CW,2026-07-19,,20171.0,20171.0,280,Estudiante
2987,312417221,Alborada,Cdal. Raul Silva Henriquez,20063.0,L2,V1,2026-07-19 14:46:17,2026-07-19 14:56:58,CC→CW,2026-07-19,,20063.0,20063.0,170,Estudiante
2988,312420466,Juan Pablo II,Los Canelos,20071.0,L2,V1,2026-07-19 16:35:09,2026-07-19 17:12:19,CC→CW,2026-07-19,,20071.0,20071.0,220,Estudiante
2989,312420817,Concepcion,Coronel,20167.0,L2,V1,2026-07-19 19:34:58,2026-07-19 20:43:29,CC→CW,2026-07-19,,20167.0,20167.0,290,Estudiante
2990,312421031,Alborada,Concepcion,20170.0,L2,V1,2026-07-19 20:28:12,2026-07-19 20:58:41,CW→CC,2026-07-19,,20170.0,20170.0,190,Estudiante
2991,312421667,Hualqui,Concepcion,20850.0,L1,V1,2026-07-19 09:22:54,2026-07-19 10:18:32,HQ→TH,2026-07-19,combo_por_entrada,20850.0,20037.0,200,Estudiante
2992,312422351,Costa Mar,Concepcion,20058.0,L2,V1,2026-07-19 12:54:04,2026-07-19 13:14:47,CW→CC,2026-07-19,,20058.0,20058.0,190,Estudiante
2993,312422351,Concepcion,Costa Mar,20071.0,L2,V1,2026-07-19 16:23:53,2026-07-19 16:53:39,CC→CW,2026-07-19,,20071.0,20071.0,190,Estudiante
2994,312425634,Concepcion,Costa Mar,20063.0,L2,V1,2026-07-19 14:20:05,2026-07-19 14:49:24,CC→CW,2026-07-19,,20063.0,20063.0,190,Estudiante
2995,312425654,Concepcion,Hito Galvarino,20157.0,L2,V1,2026-07-19 17:24:11,2026-07-19 17:59:22,CC→CW,2026-07-19,,20157.0,20157.0,280,Estudiante
2996,312425772,Cristo Redentor,Concepcion,20056.0,L2,V1,2026-07-19 12:24:42,2026-07-19 13:13:12,CW→CC,2026-07-19,,20056.0,20056.0,280,Estudiante
2997,312426564,Concepcion,Concepcion,,,,2026-07-19 13:23:08,2026-07-19 13:24:37,,2026-07-19,no viajo,,,140,Estudiante
2998,312426575,Concepcion,Los Canelos,20067.0,L2,V1,2026-07-19 14:42:13,2026-07-19 16:04:19,CC→CW,2026-07-19,,20067.0,20063.0,280,Estudiante
2999,312429648,Lomas Coloradas,El Parque,20040.0,L2,V1,2026-07-19 10:00:38,2026-07-19 10:07:01,CW→CC,2026-07-19,,20040.0,20040.0,140,Estudiante
3000,312429648,El Parque,Lomas Coloradas,20167.0,L2,V1,2026-07-19 20:04:11,2026-07-19 20:20:23,CC→CW,2026-07-19,,20167.0,20167.0,140,Estudiante
3001,312436130,El Parque,Diagonal Bio Bio,20170.0,L2,V1,2026-07-19 20:21:29,2026-07-19 20:49:09,CW→CC,2026-07-19,,20170.0,20170.0,170,Estudiante
3002,312439416,Concepcion,Lomas Coloradas,20171.0,L2,V1,2026-07-19 20:17:11,2026-07-19 21:19:54,CC→CW,2026-07-19,,20171.0,20171.0,190,Estudiante
3003,312442905,Coronel,Concepcion,20062.0,L2,V1,2026-07-19 13:43:30,2026-07-19 14:33:24,CW→CC,2026-07-19,,20062.0,20062.0,290,Estudiante
3004,312442905,Concepcion,Coronel,20163.0,L2,V1,2026-07-19 18:50:56,2026-07-19 19:43:17,CC→CW,2026-07-19,,20163.0,20163.0,290,Estudiante
3005,312450236,Concepcion,Cdal. Raul Silva Henriquez,20063.0,L2,V1,2026-07-19 13:36:28,2026-07-19 14:57:36,CC→CW,2026-07-19,,20063.0,20063.0,190,Estudiante
3006,312450261,La Leonera,Concepcion,20850.0,L1,V1,2026-07-19 09:37:21,2026-07-19 09:59:35,HQ→TH,2026-07-19,,20850.0,20850.0,170,Estudiante
3007,312450261,Concepcion,La Leonera,20847.0,L1,V1,2026-07-19 20:29:57,2026-07-19 20:51:56,TH→HQ,2026-07-19,,20847.0,20847.0,170,Estudiante
3008,312460891,Costa Mar,Lomas Coloradas,20161.0,L2,V1,2026-07-19 18:40:22,2026-07-19 18:49:50,CC→CW,2026-07-19,,20161.0,20161.0,140,Estudiante
3009,312466668,Concepcion,Cristo Redentor,20161.0,L2,V1,2026-07-19 17:53:32,2026-07-19 19:07:11,CC→CW,2026-07-19,,20161.0,20161.0,280,Estudiante
3010,312466836,Los Canelos,Concepcion,20170.0,L2,V1,2026-07-19 20:21:43,2026-07-19 21:00:36,CW→CC,2026-07-19,,20170.0,20170.0,280,Estudiante
3011,312467170,Concepcion,Cdal. Raul Silva Henriquez,20171.0,L2,V1,2026-07-19 20:54:39,2026-07-19 21:23:14,CC→CW,2026-07-19,,20171.0,20171.0,190,Estudiante
3012,312477789,Concepcion,Cdal. Raul Silva Henriquez,20167.0,L2,V1,2026-07-19 19:21:25,2026-07-19 20:22:49,CC→CW,2026-07-19,,20167.0,20167.0,190,Estudiante
3013,312477871,Lomas Coloradas,Huinca,20063.0,L2,V1,2026-07-19 14:41:41,2026-07-19 15:10:13,CC→CW,2026-07-19,,20063.0,20063.0,210,Estudiante
3014,312479889,Laguna Quinenco,Concepcion,20062.0,L2,V1,2026-07-19 13:51:12,2026-07-19 14:32:33,CW→CC,2026-07-19,,20062.0,20062.0,290,Estudiante
3015,312479889,Concepcion,Laguna Quinenco,20171.0,L2,V1,2026-07-19 20:53:02,2026-07-19 21:39:04,CC→CW,2026-07-19,,20171.0,20171.0,290,Estudiante
3016,312485230,Cdal. Raul Silva Henriquez,Diagonal Bio Bio,20166.0,L2,V1,2026-07-19 19:24:38,2026-07-19 19:49:20,CW→CC,2026-07-19,,20166.0,20166.0,170,Estudiante
3017,312485230,Diagonal Bio Bio,Cdal. Raul Silva Henriquez,20171.0,L2,V1,2026-07-19 20:56:52,2026-07-19 21:23:29,CC→CW,2026-07-19,,20171.0,20171.0,170,Estudiante
3018,312485242,Hito Galvarino,Laguna Quinenco,20161.0,L2,V1,2026-07-19 18:57:02,2026-07-19 19:10:41,CC→CW,2026-07-19,,20161.0,20161.0,180,Estudiante
3019,312498039,Juan Pablo II,Cdal. Raul Silva Henriquez,20049.0,L2,V1,2026-07-19 11:35:11,2026-07-19 11:52:17,CC→CW,2026-07-19,,20049.0,20049.0,170,Estudiante
3020,312498039,Diagonal Bio Bio,Cdal. Raul Silva Henriquez,20161.0,L2,V1,2026-07-19 18:12:38,2026-07-19 18:54:02,CC→CW,2026-07-19,,20161.0,20161.0,170,Estudiante
3021,312498060,Concepcion,Lomas Coloradas,20167.0,L2,V1,2026-07-19 19:46:16,2026-07-19 20:19:43,CC→CW,2026-07-19,,20167.0,20167.0,190,Estudiante
3022,312499841,Cdal. Raul Silva Henriquez,Juan Pablo II,20160.0,L2,V1,2026-07-19 17:29:55,2026-07-19 18:20:36,CW→CC,2026-07-19,,20160.0,20160.0,170,Estudiante
3023,312504930,Coronel,Laguna Quinenco,20170.0,L2,V1,2026-07-19 20:09:13,2026-07-19 20:18:48,CW→CC,2026-07-19,,20170.0,20170.0,150,Estudiante
3024,312506130,Lomas Coloradas,Concepcion,20166.0,L2,V1,2026-07-19 19:23:29,2026-07-19 19:59:25,CW→CC,2026-07-19,,20166.0,20166.0,190,Estudiante
3025,312506170,Diagonal Bio Bio,Concepcion,20156.0,L2,V1,2026-07-19 09:41:01,2026-07-19 09:57:32,CW→CC,2026-07-19,,20156.0,20156.0,190,Estudiante
3026,312506291,Diagonal Bio Bio,Lomas Coloradas,20063.0,L2,V1,2026-07-19 14:42:24,2026-07-19 15:10:01,CC→CW,2026-07-19,,20063.0,20063.0,170,Estudiante
3027,312506291,Lomas Coloradas,Cdal. Raul Silva Henriquez,20161.0,L2,V1,2026-07-19 18:38:33,2026-07-19 18:54:21,CC→CW,2026-07-19,,20161.0,20161.0,140,Estudiante
3028,312506291,Cdal. Raul Silva Henriquez,Diagonal Bio Bio,20166.0,L2,V1,2026-07-19 19:08:16,2026-07-19 19:48:34,CW→CC,2026-07-19,,20166.0,20166.0,170,Estudiante
3029,312508017,Chiguayante,El Arenal,20844.0,L1,V1,2026-07-19 12:22:21,2026-07-19 13:20:35,HQ→TH,2026-07-19,,20844.0,20844.0,180,Estudiante
3030,312508098,Los Canelos,Concepcion,20180.0,L2,V1,2026-07-19 16:48:31,2026-07-19 17:29:36,CW→CC,2026-07-19,,20180.0,20180.0,280,Estudiante
3031,312508098,Concepcion,Los Canelos,20171.0,L2,V1,2026-07-19 20:21:08,2026-07-19 21:32:51,CC→CW,2026-07-19,,20171.0,20171.0,280,Estudiante
3032,312515392,Coronel,Concepcion,20068.0,L2,V1,2026-07-19 15:16:57,2026-07-19 16:17:30,CW→CC,2026-07-19,,20068.0,20068.0,290,Estudiante
3033,312515850,Los Canelos,Concepcion,20040.0,L2,V1,2026-07-19 09:46:19,2026-07-19 10:22:45,CW→CC,2026-07-19,,20040.0,20040.0,280,Estudiante
3034,312515850,Juan Pablo II,Los Canelos,20161.0,L2,V1,2026-07-19 18:34:04,2026-07-19 19:03:12,CC→CW,2026-07-19,,20161.0,20161.0,220,Estudiante
3035,312522581,Laguna Quinenco,Cristo Redentor,20040.0,L2,V1,2026-07-19 09:31:35,2026-07-19 09:46:19,CW→CC,2026-07-19,,20040.0,20040.0,150,Estudiante
3036,312522850,Concepcion,Los Canelos,20171.0,L2,V1,2026-07-19 20:08:03,2026-07-19 21:33:04,CC→CW,2026-07-19,,20171.0,20167.0,280,Estudiante
3037,312535114,Cristo Redentor,Diagonal Bio Bio,20058.0,L2,V1,2026-07-19 12:33:26,2026-07-19 13:03:27,CW→CC,2026-07-19,,20058.0,20058.0,230,Estudiante
3038,312535114,Concepcion,Cristo Redentor,20167.0,L2,V1,2026-07-19 19:26:08,2026-07-19 20:36:51,CC→CW,2026-07-19,,20167.0,20167.0,280,Estudiante
3039,312535211,Los Canelos,Concepcion,20044.0,L2,V1,2026-07-19 10:13:14,2026-07-19 10:47:58,CW→CC,2026-07-19,,20044.0,20044.0,280,Estudiante
3040,312537432,Hito Galvarino,Juan Pablo II,20152.0,L2,V1,2026-07-19 08:41:55,2026-07-19 09:06:12,CW→CC,2026-07-19,,20152.0,20152.0,220,Estudiante
3041,312537432,Juan Pablo II,Hito Galvarino,20051.0,L2,V1,2026-07-19 11:44:58,2026-07-19 12:13:03,CC→CW,2026-07-19,,20051.0,20051.0,220,Estudiante
3042,312538656,Hito Galvarino,Diagonal Bio Bio,20160.0,L2,V1,2026-07-19 17:45:41,2026-07-19 18:17:55,CW→CC,2026-07-19,,20160.0,20160.0,220,Estudiante
3043,312538656,Diagonal Bio Bio,Hito Galvarino,20167.0,L2,V1,2026-07-19 19:59:04,2026-07-19 20:29:36,CC→CW,2026-07-19,,20167.0,20167.0,220,Estudiante
3044,312540375,Concepcion,Hualqui,20847.0,L1,V1,2026-07-19 19:02:36,2026-07-19 21:02:52,TH→HQ,2026-07-19,combo_por_entrada,20847.0,20847.0,320,Estudiante
3045,312540393,Concepcion,Laguna Quinenco,20171.0,L2,V1,2026-07-19 20:47:55,2026-07-19 21:38:57,CC→CW,2026-07-19,,20171.0,20171.0,290,Estudiante
3046,312540457,Lomas Coloradas,Laguna Quinenco,20167.0,L2,V1,2026-07-19 20:17:27,2026-07-19 20:40:44,CC→CW,2026-07-19,,20167.0,20167.0,220,Estudiante
3047,312540619,Concepcion,Cdal. Raul Silva Henriquez,20063.0,L2,V1,2026-07-19 13:56:40,2026-07-19 14:57:09,CC→CW,2026-07-19,,20063.0,20063.0,190,Estudiante
3048,312540673,Concepcion,Huinca,20171.0,L2,V1,2026-07-19 20:38:08,2026-07-19 21:34:03,CC→CW,2026-07-19,,20171.0,20171.0,280,Estudiante
3049,312551962,Costa Mar,Cristo Redentor,20071.0,L2,V1,2026-07-19 16:18:14,2026-07-19 17:16:27,CC→CW,2026-07-19,,20071.0,20071.0,210,Estudiante
3050,312552175,Concepcion,Cdal. Raul Silva Henriquez,20163.0,L2,V1,2026-07-19 18:51:03,2026-07-19 19:21:51,CC→CW,2026-07-19,,20163.0,20163.0,190,Estudiante
3051,312555478,Huinca,Concepcion,20166.0,L2,V1,2026-07-19 19:11:17,2026-07-19 19:58:30,CW→CC,2026-07-19,,20166.0,20166.0,280,Estudiante
3052,312555795,Concepcion,Coronel,20059.0,L2,V1,2026-07-19 12:58:21,2026-07-19 14:02:11,CC→CW,2026-07-19,,20059.0,20059.0,290,Estudiante
3053,312559586,Concepcion,Concepcion,,,,2026-07-19 19:20:35,2026-07-19 19:24:58,,2026-07-19,no viajo,,,140,Estudiante
3054,312559670,Concepcion,Lomas Coloradas,20167.0,L2,V1,2026-07-19 19:53:58,2026-07-19 20:20:08,CC→CW,2026-07-19,,20167.0,20167.0,190,Estudiante
3055,312559753,Cdal. Raul Silva Henriquez,El Parque,20068.0,L2,V1,2026-07-19 15:52:35,2026-07-19 16:01:03,CW→CC,2026-07-19,,20068.0,20068.0,140,Estudiante
3056,312561174,Coronel,Concepcion,20180.0,L2,V1,2026-07-19 16:28:47,2026-07-19 17:29:01,CW→CC,2026-07-19,,20180.0,20180.0,290,Estudiante
3057,312561208,Costa Mar,Concepcion,20044.0,L2,V1,2026-07-19 10:22:09,2026-07-19 10:47:58,CW→CC,2026-07-19,,20044.0,20044.0,190,Estudiante
3058,312561258,El Parque,Lomas Coloradas,20163.0,L2,V1,2026-07-19 19:08:13,2026-07-19 19:18:50,CC→CW,2026-07-19,,20163.0,20163.0,140,Estudiante
3059,312561277,Lomas Coloradas,Concepcion,20160.0,L2,V1,2026-07-19 17:54:28,2026-07-19 18:29:13,CW→CC,2026-07-19,,20160.0,20160.0,190,Estudiante
3060,312561426,Laguna Quinenco,Diagonal Bio Bio,20166.0,L2,V1,2026-07-19 19:12:03,2026-07-19 19:48:44,CW→CC,2026-07-19,,20166.0,20166.0,260,Estudiante
3061,312561584,Hito Galvarino,Concepcion,20068.0,L2,V1,2026-07-19 15:37:03,2026-07-19 16:17:28,CW→CC,2026-07-19,,20068.0,20068.0,280,Estudiante
3062,312568361,Lomas Coloradas,Concepcion,20058.0,L2,V1,2026-07-19 12:49:30,2026-07-19 13:23:22,CW→CC,2026-07-19,,20058.0,20058.0,190,Estudiante
3063,312568423,Concepcion,Concepcion,,,,2026-07-19 15:21:47,2026-07-19 15:22:47,,2026-07-19,no viajo,,,140,Estudiante
3064,312568426,Laguna Quinenco,Costa Mar,20058.0,L2,V1,2026-07-19 12:30:39,2026-07-19 12:59:06,CW→CC,2026-07-19,,20058.0,20058.0,220,Estudiante
3065,312568460,Concepcion,Coronel,20161.0,L2,V1,2026-07-19 18:34:01,2026-07-19 19:43:06,CC→CW,2026-07-19,,20161.0,20161.0,290,Estudiante
3066,312568547,Huinca,Concepcion,20062.0,L2,V1,2026-07-19 13:55:15,2026-07-19 14:33:21,CW→CC,2026-07-19,,20062.0,20062.0,280,Estudiante
3067,312568547,Concepcion,Huinca,20163.0,L2,V1,2026-07-19 18:34:17,2026-07-19 19:34:27,CC→CW,2026-07-19,,20163.0,20161.0,280,Estudiante
3068,312568551,Concepcion,Cdal. Raul Silva Henriquez,20171.0,L2,V1,2026-07-19 20:46:41,2026-07-19 21:22:37,CC→CW,2026-07-19,,20171.0,20171.0,190,Estudiante
3069,312568739,Concepcion,Lomas Coloradas,20063.0,L2,V1,2026-07-19 14:25:34,2026-07-19 14:54:41,CC→CW,2026-07-19,,20063.0,20063.0,190,Estudiante
3070,312573941,Los Canelos,Hito Galvarino,20062.0,L2,V1,2026-07-19 13:55:36,2026-07-19 14:03:38,CW→CC,2026-07-19,,20062.0,20062.0,150,Estudiante
3071,312573941,Hito Galvarino,Huinca,20163.0,L2,V1,2026-07-19 19:24:38,2026-07-19 19:34:29,CC→CW,2026-07-19,,20163.0,20163.0,150,Estudiante
3072,312573984,Laguna Quinenco,Cristo Redentor,20180.0,L2,V1,2026-07-19 16:37:17,2026-07-19 16:51:39,CW→CC,2026-07-19,,20180.0,20180.0,150,Estudiante
3073,312573984,Cristo Redentor,Laguna Quinenco,20157.0,L2,V1,2026-07-19 17:51:24,2026-07-19 18:10:02,CC→CW,2026-07-19,,20157.0,20157.0,150,Estudiante
3074,312575264,Cdal. Raul Silva Henriquez,Concepcion,20180.0,L2,V1,2026-07-19 17:03:56,2026-07-19 17:28:44,CW→CC,2026-07-19,,20180.0,20180.0,190,Estudiante
3075,312575319,Hito Galvarino,El Parque,20040.0,L2,V1,2026-07-19 09:43:11,2026-07-19 10:07:01,CW→CC,2026-07-19,,20040.0,20040.0,200,Estudiante
3076,312575319,El Parque,Hito Galvarino,20167.0,L2,V1,2026-07-19 20:04:13,2026-07-19 20:30:02,CC→CW,2026-07-19,,20167.0,20167.0,200,Estudiante
3077,312575323,Cristo Redentor,Laguna Quinenco,20071.0,L2,V1,2026-07-19 17:11:59,2026-07-19 17:19:46,CC→CW,2026-07-19,,20071.0,20071.0,150,Estudiante
3078,312575323,Laguna Quinenco,Cristo Redentor,20166.0,L2,V1,2026-07-19 18:30:17,2026-07-19 19:22:20,CW→CC,2026-07-19,,20166.0,20166.0,150,Estudiante
3079,312575863,Cristo Redentor,Laguna Quinenco,20063.0,L2,V1,2026-07-19 15:03:30,2026-07-19 15:13:51,CC→CW,2026-07-19,,20063.0,20063.0,150,Estudiante
3080,312576021,Hito Galvarino,Concepcion,20160.0,L2,V1,2026-07-19 17:57:32,2026-07-19 18:28:24,CW→CC,2026-07-19,,20160.0,20160.0,280,Estudiante
3081,312579044,Costa Mar,Coronel,20167.0,L2,V1,2026-07-19 20:04:25,2026-07-19 20:44:24,CC→CW,2026-07-19,,20167.0,20167.0,220,Estudiante
3082,312586392,Los Canelos,Concepcion,20056.0,L2,V1,2026-07-19 12:22:14,2026-07-19 12:57:20,CW→CC,2026-07-19,,20056.0,20056.0,280,Estudiante
3083,312586392,Cdal. Raul Silva Henriquez,Los Canelos,20071.0,L2,V1,2026-07-19 16:58:35,2026-07-19 17:12:37,CC→CW,2026-07-19,,20071.0,20071.0,200,Estudiante
3084,312592633,Laguna Quinenco,Juan Pablo II,20040.0,L2,V1,2026-07-19 09:38:38,2026-07-19 10:15:54,CW→CC,2026-07-19,,20040.0,20040.0,260,Estudiante
3085,312592647,Cristo Redentor,Concepcion,20058.0,L2,V1,2026-07-19 12:28:49,2026-07-19 13:16:07,CW→CC,2026-07-19,,20058.0,20056.0,280,Estudiante
3086,312592647,Concepcion,Cristo Redentor,20161.0,L2,V1,2026-07-19 18:24:51,2026-07-19 19:07:30,CC→CW,2026-07-19,,20161.0,20161.0,280,Estudiante
3087,312592854,Concepcion,Cristo Redentor,20167.0,L2,V1,2026-07-19 19:52:35,2026-07-19 20:37:01,CC→CW,2026-07-19,,20167.0,20167.0,280,Estudiante
3088,312592902,Cristo Redentor,Cdal. Raul Silva Henriquez,20068.0,L2,V1,2026-07-19 15:23:56,2026-07-19 15:53:57,CW→CC,2026-07-19,,20068.0,20067.0,210,Estudiante
3089,312592902,Cdal. Raul Silva Henriquez,Cristo Redentor,20157.0,L2,V1,2026-07-19 17:51:41,2026-07-19 18:07:39,CC→CW,2026-07-19,,20157.0,20157.0,210,Estudiante
3090,312593077,Cdal. Raul Silva Henriquez,Concepcion,20068.0,L2,V1,2026-07-19 15:53:20,2026-07-19 16:18:02,CW→CC,2026-07-19,,20068.0,20068.0,190,Estudiante
3091,312593101,Coronel,Concepcion,20166.0,L2,V1,2026-07-19 18:58:42,2026-07-19 20:00:21,CW→CC,2026-07-19,,20166.0,20166.0,290,Estudiante
3092,312593309,Juan Pablo II,Cristo Redentor,20161.0,L2,V1,2026-07-19 18:09:11,2026-07-19 19:06:48,CC→CW,2026-07-19,,20161.0,20161.0,230,Estudiante
3093,312595598,Lomas Coloradas,Alborada,20068.0,L2,V1,2026-07-19 15:55:35,2026-07-19 16:05:57,CW→CC,2026-07-19,,20068.0,20068.0,170,Estudiante
3094,312595726,Chiguayante,Mercado,20844.0,L1,V1,2026-07-19 12:26:00,2026-07-19 13:23:47,HQ→TH,2026-07-19,,20844.0,20844.0,180,Estudiante
3095,312598873,Lomas Coloradas,Diagonal Bio Bio,20062.0,L2,V1,2026-07-19 13:57:59,2026-07-19 14:43:01,CW→CC,2026-07-19,,20062.0,20062.0,170,Estudiante
3096,312598882,Los Canelos,El Parque,20156.0,L2,V1,2026-07-19 09:22:40,2026-07-19 09:41:10,CW→CC,2026-07-19,,20156.0,20156.0,200,Estudiante
3097,312598882,El Parque,Los Canelos,20167.0,L2,V1,2026-07-19 20:12:14,2026-07-19 20:33:08,CC→CW,2026-07-19,,20167.0,20167.0,200,Estudiante
3098,312598964,Coronel,Concepcion,20068.0,L2,V1,2026-07-19 15:19:57,2026-07-19 16:17:28,CW→CC,2026-07-19,,20068.0,20068.0,290,Estudiante
3099,312598964,Concepcion,Coronel,20171.0,L2,V1,2026-07-19 20:58:43,2026-07-19 21:42:11,CC→CW,2026-07-19,,20171.0,20171.0,290,Estudiante
3100,312598988,Coronel,Concepcion,20056.0,L2,V1,2026-07-19 12:04:52,2026-07-19 12:58:37,CW→CC,2026-07-19,,20056.0,20056.0,290,Estudiante
3101,312598999,Laguna Quinenco,Concepcion,20058.0,L2,V1,2026-07-19 12:31:37,2026-07-19 13:14:18,CW→CC,2026-07-19,,20058.0,20058.0,290,Estudiante
3102,312599069,Cristo Redentor,Juan Pablo II,20166.0,L2,V1,2026-07-19 19:16:27,2026-07-19 19:51:32,CW→CC,2026-07-19,,20166.0,20166.0,230,Estudiante
3103,312599248,Huinca,Concepcion,20162.0,L2,V1,2026-07-19 18:13:25,2026-07-19 18:57:44,CW→CC,2026-07-19,,20162.0,20162.0,280,Estudiante
3104,312599276,Cdal. Raul Silva Henriquez,Concepcion,20056.0,L2,V1,2026-07-19 12:20:16,2026-07-19 12:58:06,CW→CC,2026-07-19,,20056.0,20056.0,190,Estudiante
3105,312601396,El Parque,Coronel,20167.0,L2,V1,2026-07-19 20:04:33,2026-07-19 20:43:32,CC→CW,2026-07-19,,20167.0,20167.0,220,Estudiante
3106,312601540,Diagonal Bio Bio,Laguna Quinenco,20063.0,L2,V1,2026-07-19 14:41:52,2026-07-19 15:14:39,CC→CW,2026-07-19,,20063.0,20063.0,260,Estudiante
3107,312601540,Laguna Quinenco,Diagonal Bio Bio,20068.0,L2,V1,2026-07-19 15:33:57,2026-07-19 16:08:36,CW→CC,2026-07-19,,20068.0,20068.0,260,Estudiante
3108,312601566,El Parque,Los Canelos,20163.0,L2,V1,2026-07-19 19:11:48,2026-07-19 19:32:08,CC→CW,2026-07-19,,20163.0,20163.0,200,Estudiante
3109,312601568,Laguna Quinenco,Concepcion,20056.0,L2,V1,2026-07-19 12:01:50,2026-07-19 12:57:32,CW→CC,2026-07-19,,20056.0,20056.0,290,Estudiante
3110,312602434,Cristo Redentor,Concepcion,20058.0,L2,V1,2026-07-19 12:33:18,2026-07-19 13:15:34,CW→CC,2026-07-19,,20058.0,20058.0,280,Estudiante
3111,312602434,Concepcion,Cristo Redentor,20171.0,L2,V1,2026-07-19 20:45:05,2026-07-19 21:36:54,CC→CW,2026-07-19,,20171.0,20171.0,280,Estudiante
3112,312602481,Hualqui,Manquimavida,20848.0,L1,V1,2026-07-19 20:29:24,2026-07-19 20:44:58,HQ→TH,2026-07-19,,20848.0,20848.0,170,Estudiante
3113,312602615,Concepcion,UTF Santa Maria,20848.0,L1,V1,2026-07-19 20:06:34,2026-07-19 21:11:15,HQ→TH,2026-07-19,combo_por_entrada,20848.0,,300,Estudiante
3114,312602833,Concepcion,Concepcion,,,,2026-07-19 08:46:56,2026-07-19 08:47:27,,2026-07-19,no viajo,,,140,Estudiante
3115,312602833,Concepcion,Concepcion,,,,2026-07-19 12:28:26,2026-07-19 12:29:00,,2026-07-19,no viajo,,,140,Estudiante
3116,312602833,Concepcion,Concepcion,,,,2026-07-19 13:27:45,2026-07-19 13:28:59,,2026-07-19,no viajo,,,140,Estudiante
3117,312602833,Concepcion,Concepcion,,,,2026-07-19 16:19:31,2026-07-19 16:20:05,,2026-07-19,no viajo,,,140,Estudiante
3118,312602833,Concepcion,Concepcion,,,,2026-07-19 17:40:06,2026-07-19 17:41:29,,2026-07-19,no viajo,,,140,Estudiante
3119,312609636,Hito Galvarino,Concepcion,20066.0,L2,V1,2026-07-19 14:51:45,2026-07-19 15:28:52,CW→CC,2026-07-19,,20066.0,20066.0,280,Estudiante
3120,312609645,Concepcion,Los Condores,20848.0,L1,V1,2026-07-19 20:10:36,2026-07-19 21:16:53,HQ→TH,2026-07-19,combo_por_entrada,20848.0,20170.0,300,Estudiante
3121,312610420,Cristo Redentor,Costa Mar,20180.0,L2,V1,2026-07-19 16:45:19,2026-07-19 17:13:57,CW→CC,2026-07-19,,20180.0,20180.0,210,Estudiante
3122,312610434,Concepcion,Laguna Quinenco,20161.0,L2,V1,2026-07-19 18:17:52,2026-07-19 19:15:54,CC→CW,2026-07-19,,20161.0,20161.0,290,Estudiante
3123,312610605,Concepcion,Cristo Redentor,20067.0,L2,V1,2026-07-19 15:21:43,2026-07-19 16:08:21,CC→CW,2026-07-19,,20067.0,20067.0,280,Estudiante
3124,312611593,Hito Galvarino,Cdal. Raul Silva Henriquez,20062.0,L2,V1,2026-07-19 13:54:45,2026-07-19 14:09:50,CW→CC,2026-07-19,,20062.0,20062.0,200,Estudiante
3125,312611593,Cdal. Raul Silva Henriquez,Hito Galvarino,20163.0,L2,V1,2026-07-19 19:18:18,2026-07-19 19:28:09,CC→CW,2026-07-19,,20163.0,20163.0,200,Estudiante
3126,312611604,Mercado,Concepcion,20847.0,L1,V1,2026-07-19 19:47:35,2026-07-19 20:26:50,TH→HQ,2026-07-19,,20847.0,20847.0,180,Estudiante
3127,312611852,Coronel,Concepcion,20052.0,L2,V1,2026-07-19 11:11:28,2026-07-19 12:10:24,CW→CC,2026-07-19,,20052.0,20052.0,290,Estudiante
3128,312611852,Concepcion,Coronel,20071.0,L2,V1,2026-07-19 16:28:43,2026-07-19 17:21:42,CC→CW,2026-07-19,,20071.0,20071.0,290,Estudiante
3129,312617790,Concepcion,Concepcion,,,,2026-07-19 17:39:00,2026-07-19 17:39:34,,2026-07-19,no viajo,,,140,Estudiante
3130,312617790,Concepcion,La Leonera,20847.0,L1,V1,2026-07-19 20:26:14,2026-07-19 20:51:53,TH→HQ,2026-07-19,,20847.0,20847.0,170,Estudiante
3131,312617816,Coronel,Concepcion,20062.0,L2,V1,2026-07-19 13:47:34,2026-07-19 14:38:19,CW→CC,2026-07-19,,20062.0,20062.0,290,Estudiante
3132,312617816,Concepcion,Coronel,20167.0,L2,V1,2026-07-19 19:47:47,2026-07-19 20:46:57,CC→CW,2026-07-19,,20167.0,20167.0,290,Estudiante
3133,312618523,Lomas Coloradas,Concepcion,20170.0,L2,V1,2026-07-19 20:33:43,2026-07-19 20:59:44,CW→CC,2026-07-19,,20170.0,20170.0,190,Estudiante
3134,312618535,Concepcion,Costa Mar,20161.0,L2,V1,2026-07-19 18:29:11,2026-07-19 18:44:37,CC→CW,2026-07-19,,20161.0,20161.0,190,Estudiante
3135,312618639,Los Canelos,Costa Mar,20050.0,L2,V1,2026-07-19 11:01:42,2026-07-19 11:28:44,CW→CC,2026-07-19,,20050.0,20050.0,200,Estudiante
3136,312618639,Costa Mar,Los Canelos,20171.0,L2,V1,2026-07-19 21:11:12,2026-07-19 21:32:48,CC→CW,2026-07-19,,20171.0,20171.0,200,Estudiante
3137,312622006,Los Canelos,Concepcion,20052.0,L2,V1,2026-07-19 11:29:12,2026-07-19 12:10:32,CW→CC,2026-07-19,,20052.0,20052.0,280,Estudiante
3138,312622072,Cristo Redentor,Concepcion,20056.0,L2,V1,2026-07-19 12:23:21,2026-07-19 13:13:26,CW→CC,2026-07-19,,20056.0,20056.0,280,Estudiante
3139,312622072,Concepcion,Cristo Redentor,20171.0,L2,V1,2026-07-19 20:17:10,2026-07-19 21:36:50,CC→CW,2026-07-19,,20171.0,20171.0,280,Estudiante
3140,312623533,Concepcion,Juan Pablo II,20067.0,L2,V1,2026-07-19 15:07:53,2026-07-19 15:37:57,CC→CW,2026-07-19,,20067.0,20067.0,190,Estudiante
3141,312623533,Juan Pablo II,Concepcion,20160.0,L2,V1,2026-07-19 18:09:35,2026-07-19 18:29:09,CW→CC,2026-07-19,,20160.0,20160.0,190,Estudiante
3142,312628583,Cdal. Raul Silva Henriquez,Concepcion,20062.0,L2,V1,2026-07-19 13:35:00,2026-07-19 14:33:20,CW→CC,2026-07-19,,20062.0,20062.0,190,Estudiante
3143,312629216,Huinca,Concepcion,20062.0,L2,V1,2026-07-19 13:55:53,2026-07-19 14:33:36,CW→CC,2026-07-19,,20062.0,20062.0,280,Estudiante
3144,312629216,Concepcion,Huinca,20161.0,L2,V1,2026-07-19 18:14:07,2026-07-19 19:05:29,CC→CW,2026-07-19,,20161.0,20161.0,280,Estudiante
3145,312629242,Hualqui,Lzo. Arenas,20844.0,L1,V1,2026-07-19 12:16:32,2026-07-19 13:03:10,HQ→TH,2026-07-19,,20844.0,20844.0,180,Estudiante
3146,312629314,Huinca,Laguna Quinenco,20053.0,L2,V1,2026-07-19 12:38:57,2026-07-19 12:49:21,CC→CW,2026-07-19,,20053.0,20053.0,150,Estudiante
3147,312629314,Laguna Quinenco,Huinca,20066.0,L2,V1,2026-07-19 14:45:20,2026-07-19 14:54:39,CW→CC,2026-07-19,,20066.0,20066.0,150,Estudiante
3148,312629314,Huinca,Concepcion,20162.0,L2,V1,2026-07-19 18:20:28,2026-07-19 19:01:07,CW→CC,2026-07-19,,20162.0,20162.0,280,Estudiante
3149,312636391,Los Canelos,Juan Pablo II,20068.0,L2,V1,2026-07-19 15:38:38,2026-07-19 16:10:39,CW→CC,2026-07-19,,20068.0,20068.0,220,Estudiante
3150,312636512,Los Canelos,Juan Pablo II,20044.0,L2,V1,2026-07-19 10:02:33,2026-07-19 10:41:24,CW→CC,2026-07-19,,20044.0,20044.0,220,Estudiante
3151,312636651,Coronel,Concepcion,20066.0,L2,V1,2026-07-19 14:40:45,2026-07-19 15:29:14,CW→CC,2026-07-19,,20066.0,20066.0,290,Estudiante
3152,312638030,Concepcion,Chiguayante,20859.0,L1,V1,2026-07-19 12:34:27,2026-07-19 13:11:15,TH→HQ,2026-07-19,match_por_salida_fallback,20859.0,20056.0,200,Estudiante
3153,312638125,Cdal. Raul Silva Henriquez,Concepcion,20058.0,L2,V1,2026-07-19 12:42:41,2026-07-19 13:13:56,CW→CC,2026-07-19,,20058.0,20056.0,190,Estudiante
3154,312638125,Concepcion,Cdal. Raul Silva Henriquez,20171.0,L2,V1,2026-07-19 20:10:23,2026-07-19 21:23:33,CC→CW,2026-07-19,,20171.0,20171.0,190,Estudiante
3155,312638281,Laguna Quinenco,Concepcion,20066.0,L2,V1,2026-07-19 14:40:25,2026-07-19 15:28:26,CW→CC,2026-07-19,,20066.0,20066.0,290,Estudiante
3156,312638292,Concepcion,Los Canelos,20163.0,L2,V1,2026-07-19 18:56:12,2026-07-19 19:32:21,CC→CW,2026-07-19,,20163.0,20163.0,280,Estudiante
3157,312639933,Mercado,Manquimavida,20859.0,L1,V1,2026-07-19 12:07:57,2026-07-19 13:16:06,TH→HQ,2026-07-19,,20859.0,20859.0,180,Estudiante
3158,312646768,Concepcion,Lomas Coloradas,20167.0,L2,V1,2026-07-19 19:21:27,2026-07-19 20:20:10,CC→CW,2026-07-19,,20167.0,20167.0,190,Estudiante
3159,312647401,Huinca,Concepcion,20058.0,L2,V1,2026-07-19 12:35:56,2026-07-19 13:13:36,CW→CC,2026-07-19,,20058.0,20058.0,280,Estudiante
3160,312647401,Concepcion,Huinca,20161.0,L2,V1,2026-07-19 18:08:52,2026-07-19 19:05:15,CC→CW,2026-07-19,,20161.0,20161.0,280,Estudiante
3161,312647544,Concepcion,Cdal. Raul Silva Henriquez,20037.0,L2,V1,2026-07-19 09:54:43,2026-07-19 10:28:07,CC→CW,2026-07-19,,20037.0,20037.0,190,Estudiante
3162,312648182,Coronel,Hito Galvarino,20056.0,L2,V1,2026-07-19 12:08:43,2026-07-19 12:28:36,CW→CC,2026-07-19,,20056.0,20056.0,180,Estudiante
3163,312658687,Laguna Quinenco,Concepcion,20058.0,L2,V1,2026-07-19 12:31:35,2026-07-19 13:13:13,CW→CC,2026-07-19,,20058.0,20058.0,290,Estudiante
3164,312658687,Concepcion,Laguna Quinenco,20063.0,L2,V1,2026-07-19 14:25:12,2026-07-19 15:13:55,CC→CW,2026-07-19,,20063.0,20063.0,290,Estudiante
3165,312658762,Laguna Quinenco,Concepcion,20068.0,L2,V1,2026-07-19 15:26:57,2026-07-19 16:17:40,CW→CC,2026-07-19,,20068.0,20068.0,290,Estudiante
3166,312658762,Concepcion,Los Canelos,20163.0,L2,V1,2026-07-19 18:44:41,2026-07-19 19:32:40,CC→CW,2026-07-19,,20163.0,20163.0,280,Estudiante
3167,312658851,Laguna Quinenco,Concepcion,20056.0,L2,V1,2026-07-19 12:13:00,2026-07-19 13:16:33,CW→CC,2026-07-19,match_por_salida_fallback,20056.0,20859.0,300,Estudiante
3168,312659431,Concepcion,Coronel,20149.0,L2,V1,2026-07-19 08:08:34,2026-07-19 09:12:21,CC→CW,2026-07-19,,20149.0,20149.0,290,Estudiante
3169,312659511,Costa Mar,Cdal. Raul Silva Henriquez,20051.0,L2,V1,2026-07-19 12:00:11,2026-07-19 12:33:53,CC→CW,2026-07-19,,20051.0,20051.0,140,Estudiante
3170,312659511,Cdal. Raul Silva Henriquez,Costa Mar,20166.0,L2,V1,2026-07-19 19:17:36,2026-07-19 19:45:46,CW→CC,2026-07-19,,20166.0,20166.0,140,Estudiante
3171,312659658,Concepcion,Costa Mar,20171.0,L2,V1,2026-07-19 20:06:24,2026-07-19 21:16:00,CC→CW,2026-07-19,combo_por_entrada,20171.0,20171.0,200,Estudiante
3172,312663575,El Parque,Coronel,20053.0,L2,V1,2026-07-19 12:13:05,2026-07-19 12:52:50,CC→CW,2026-07-19,,20053.0,20053.0,220,Estudiante
3173,312663766,Coronel,Concepcion,20066.0,L2,V1,2026-07-19 14:30:19,2026-07-19 15:28:30,CW→CC,2026-07-19,,20066.0,20066.0,290,Estudiante
3174,312668592,Juan Pablo II,Concepcion,20160.0,L2,V1,2026-07-19 18:14:32,2026-07-19 18:28:49,CW→CC,2026-07-19,,20160.0,20160.0,190,Estudiante
3175,312668622,Concepcion,Laguna Quinenco,20161.0,L2,V1,2026-07-19 18:17:51,2026-07-19 19:10:40,CC→CW,2026-07-19,,20161.0,20161.0,290,Estudiante
3176,312672060,Laguna Quinenco,El Parque,20062.0,L2,V1,2026-07-19 13:45:17,2026-07-19 14:16:17,CW→CC,2026-07-19,,20062.0,20062.0,220,Estudiante
3177,312672060,Huinca,Laguna Quinenco,20163.0,L2,V1,2026-07-19 19:23:36,2026-07-19 19:39:38,CC→CW,2026-07-19,,20163.0,20163.0,150,Estudiante
3178,312672117,Coronel,Costa Mar,20152.0,L2,V1,2026-07-19 08:25:37,2026-07-19 08:58:56,CW→CC,2026-07-19,,20152.0,20152.0,220,Estudiante
3179,312672117,Costa Mar,Hito Galvarino,20059.0,L2,V1,2026-07-19 13:23:07,2026-07-19 13:47:39,CC→CW,2026-07-19,,20059.0,20059.0,200,Estudiante
3180,312672117,Hito Galvarino,Costa Mar,20068.0,L2,V1,2026-07-19 15:42:21,2026-07-19 16:03:38,CW→CC,2026-07-19,,20068.0,20068.0,200,Estudiante
3181,312672117,Costa Mar,Coronel,20161.0,L2,V1,2026-07-19 18:38:08,2026-07-19 19:12:52,CC→CW,2026-07-19,,20161.0,20161.0,220,Estudiante
3182,312672311,Hualqui,Chiguayante,20850.0,L1,V1,2026-07-19 09:24:02,2026-07-19 09:49:01,HQ→TH,2026-07-19,,20850.0,20850.0,170,Estudiante
3183,312678374,Concepcion,Concepcion,,,,2026-07-19 17:37:07,2026-07-19 17:37:48,,2026-07-19,no viajo,,,140,Estudiante
3184,312678697,Lomas Coloradas,Juan Pablo II,20044.0,L2,V1,2026-07-19 10:25:01,2026-07-19 10:40:52,CW→CC,2026-07-19,,20044.0,20044.0,170,Estudiante
3185,312678697,Lomas Coloradas,Concepcion,20068.0,L2,V1,2026-07-19 15:55:21,2026-07-19 16:17:53,CW→CC,2026-07-19,,20068.0,20068.0,190,Estudiante
3186,312678737,El Parque,Concepcion,20170.0,L2,V1,2026-07-19 20:34:17,2026-07-19 21:01:05,CW→CC,2026-07-19,,20170.0,20170.0,190,Estudiante
3187,312678793,Juan Pablo II,Lomas Coloradas,20167.0,L2,V1,2026-07-19 19:29:55,2026-07-19 20:19:35,CC→CW,2026-07-19,,20167.0,20167.0,170,Estudiante
3188,312684206,Coronel,Costa Mar,20066.0,L2,V1,2026-07-19 14:41:25,2026-07-19 15:14:57,CW→CC,2026-07-19,,20066.0,20066.0,220,Estudiante
3189,312684206,Costa Mar,Los Canelos,20067.0,L2,V1,2026-07-19 15:40:43,2026-07-19 16:04:32,CC→CW,2026-07-19,,20067.0,20067.0,200,Estudiante
3190,312684867,Concepcion,Chiguayante,20859.0,L1,V1,2026-07-19 11:15:19,2026-07-19 13:10:39,TH→HQ,2026-07-19,match_por_salida_fallback,20859.0,20859.0,300,Estudiante
3191,312684867,Concepcion,Los Canelos,20161.0,L2,V1,2026-07-19 17:12:26,2026-07-19 19:02:40,CC→CW,2026-07-19,combo_relajado_pase1,20161.0,20161.0,300,Estudiante
3192,312684872,Concepcion,Cdal. Raul Silva Henriquez,20063.0,L2,V1,2026-07-19 14:33:51,2026-07-19 14:57:49,CC→CW,2026-07-19,,20063.0,20063.0,190,Estudiante
3193,312685092,Concepcion,Costa Mar,20149.0,L2,V1,2026-07-19 08:08:45,2026-07-19 08:43:12,CC→CW,2026-07-19,,20149.0,20149.0,190,Estudiante
3194,312685092,Costa Mar,Concepcion,20160.0,L2,V1,2026-07-19 17:40:10,2026-07-19 18:29:09,CW→CC,2026-07-19,,20160.0,20160.0,190,Estudiante
3195,312685228,Concepcion,Los Canelos,20167.0,L2,V1,2026-07-19 19:31:22,2026-07-19 20:34:11,CC→CW,2026-07-19,,20167.0,20167.0,280,Estudiante
3196,312685577,Hito Galvarino,Concepcion,20052.0,L2,V1,2026-07-19 11:25:30,2026-07-19 12:10:04,CW→CC,2026-07-19,,20052.0,20052.0,280,Estudiante
3197,312685626,Concepcion,Cdal. Raul Silva Henriquez,20161.0,L2,V1,2026-07-19 18:20:51,2026-07-19 18:53:17,CC→CW,2026-07-19,,20161.0,20161.0,190,Estudiante
3198,312685829,Laguna Quinenco,Costa Mar,20156.0,L2,V1,2026-07-19 09:17:17,2026-07-19 09:43:48,CW→CC,2026-07-19,,20156.0,20156.0,220,Estudiante
3199,312685829,Costa Mar,Alborada,20068.0,L2,V1,2026-07-19 15:57:27,2026-07-19 16:06:33,CW→CC,2026-07-19,,20068.0,20068.0,170,Estudiante
3200,312685829,Alborada,Laguna Quinenco,20171.0,L2,V1,2026-07-19 21:11:43,2026-07-19 21:38:53,CC→CW,2026-07-19,,20171.0,20171.0,260,Estudiante
3201,312685840,Cdal. Raul Silva Henriquez,Concepcion,20058.0,L2,V1,2026-07-19 12:47:23,2026-07-19 13:13:17,CW→CC,2026-07-19,,20058.0,20058.0,190,Estudiante
3202,312685840,Concepcion,Cdal. Raul Silva Henriquez,20167.0,L2,V1,2026-07-19 19:40:42,2026-07-19 20:22:56,CC→CW,2026-07-19,,20167.0,20167.0,190,Estudiante
3203,312688506,Laguna Quinenco,Concepcion,20170.0,L2,V1,2026-07-19 20:12:27,2026-07-19 20:58:19,CW→CC,2026-07-19,,20170.0,20170.0,290,Estudiante
3204,312688629,Los Canelos,Concepcion,20152.0,L2,V1,2026-07-19 08:31:48,2026-07-19 09:13:12,CW→CC,2026-07-19,,20152.0,20152.0,280,Estudiante
3205,312688629,Concepcion,Los Canelos,20171.0,L2,V1,2026-07-19 20:38:54,2026-07-19 21:32:35,CC→CW,2026-07-19,,20171.0,20171.0,280,Estudiante
3206,312688896,Lomas Coloradas,Concepcion,20066.0,L2,V1,2026-07-19 15:02:01,2026-07-19 15:30:35,CW→CC,2026-07-19,,20066.0,20066.0,190,Estudiante
3207,312688896,Concepcion,Lomas Coloradas,20167.0,L2,V1,2026-07-19 19:55:41,2026-07-19 20:20:06,CC→CW,2026-07-19,,20167.0,20167.0,190,Estudiante
3208,312688944,Juan Pablo II,Lomas Coloradas,20161.0,L2,V1,2026-07-19 18:26:25,2026-07-19 18:50:09,CC→CW,2026-07-19,,20161.0,20161.0,170,Estudiante
3209,312689064,Laguna Quinenco,Concepcion,20066.0,L2,V1,2026-07-19 14:42:09,2026-07-19 15:28:36,CW→CC,2026-07-19,,20066.0,20066.0,290,Estudiante
3210,312689064,Concepcion,Laguna Quinenco,20167.0,L2,V1,2026-07-19 19:40:00,2026-07-19 20:40:45,CC→CW,2026-07-19,,20167.0,20167.0,290,Estudiante
3211,312689113,Costa Mar,Laguna Quinenco,20053.0,L2,V1,2026-07-19 12:21:38,2026-07-19 12:49:32,CC→CW,2026-07-19,,20053.0,20053.0,220,Estudiante
3212,312689208,Los Canelos,Concepcion,20062.0,L2,V1,2026-07-19 13:46:38,2026-07-19 14:34:03,CW→CC,2026-07-19,,20062.0,20062.0,280,Estudiante
3213,312689219,Cristo Redentor,Concepcion,20152.0,L2,V1,2026-07-19 08:32:14,2026-07-19 09:13:22,CW→CC,2026-07-19,,20152.0,20152.0,280,Estudiante
3214,312689219,Concepcion,Cristo Redentor,20171.0,L2,V1,2026-07-19 20:45:36,2026-07-19 21:36:57,CC→CW,2026-07-19,,20171.0,20171.0,280,Estudiante
3215,312689260,Concepcion,Huinca,20167.0,L2,V1,2026-07-19 19:55:40,2026-07-19 20:34:44,CC→CW,2026-07-19,,20167.0,20167.0,280,Estudiante
3216,312692985,Laguna Quinenco,Concepcion,20162.0,L2,V1,2026-07-19 18:09:28,2026-07-19 18:57:38,CW→CC,2026-07-19,,20162.0,20162.0,290,Estudiante
3217,312693123,Coronel,Lomas Coloradas,20160.0,L2,V1,2026-07-19 17:43:47,2026-07-19 18:17:21,CW→CC,2026-07-19,,20160.0,20160.0,220,Estudiante
3218,312693303,Laguna Quinenco,Costa Mar,20160.0,L2,V1,2026-07-19 17:43:51,2026-07-19 18:13:44,CW→CC,2026-07-19,,20160.0,20160.0,220,Estudiante
3219,312693303,Costa Mar,Laguna Quinenco,20167.0,L2,V1,2026-07-19 20:01:37,2026-07-19 20:41:41,CC→CW,2026-07-19,,20167.0,20167.0,220,Estudiante
3220,312700117,Concepcion,Cdal. Raul Silva Henriquez,20171.0,L2,V1,2026-07-19 20:53:14,2026-07-19 21:23:28,CC→CW,2026-07-19,,20171.0,20171.0,190,Estudiante
3221,312700134,Los Canelos,Concepcion,20044.0,L2,V1,2026-07-19 10:13:23,2026-07-19 10:47:35,CW→CC,2026-07-19,,20044.0,20044.0,280,Estudiante
3222,312700194,Laguna Quinenco,Lomas Coloradas,20062.0,L2,V1,2026-07-19 13:51:03,2026-07-19 14:13:34,CW→CC,2026-07-19,,20062.0,20062.0,220,Estudiante
3223,312700194,Lomas Coloradas,Laguna Quinenco,20167.0,L2,V1,2026-07-19 20:18:32,2026-07-19 20:40:24,CC→CW,2026-07-19,,20167.0,20167.0,220,Estudiante
3224,312700263,Juan Pablo II,Huinca,20157.0,L2,V1,2026-07-19 17:35:11,2026-07-19 18:05:04,CC→CW,2026-07-19,,20157.0,20157.0,230,Estudiante
3225,312700355,Concepcion,Cristo Redentor,20059.0,L2,V1,2026-07-19 12:57:08,2026-07-19 13:55:00,CC→CW,2026-07-19,,20059.0,20059.0,280,Estudiante
3226,312700505,Laguna Quinenco,Concepcion,20170.0,L2,V1,2026-07-19 19:36:32,2026-07-19 20:59:16,CW→CC,2026-07-19,,20170.0,20170.0,290,Estudiante
3227,312700550,Juan Pablo II,Cdal. Raul Silva Henriquez,20171.0,L2,V1,2026-07-19 20:54:33,2026-07-19 21:23:33,CC→CW,2026-07-19,,20171.0,20171.0,170,Estudiante
3228,312700603,Coronel,Concepcion,20062.0,L2,V1,2026-07-19 13:44:35,2026-07-19 14:33:04,CW→CC,2026-07-19,,20062.0,20062.0,290,Estudiante
3229,312700655,Lomas Coloradas,Los Canelos,20051.0,L2,V1,2026-07-19 12:03:01,2026-07-19 12:17:18,CC→CW,2026-07-19,,20051.0,20051.0,200,Estudiante
3230,312700774,Concepcion,Costa Mar,20163.0,L2,V1,2026-07-19 18:40:57,2026-07-19 19:14:29,CC→CW,2026-07-19,,20163.0,20163.0,190,Estudiante
3231,312700774,Costa Mar,Concepcion,20170.0,L2,V1,2026-07-19 20:42:13,2026-07-19 21:00:27,CW→CC,2026-07-19,,20170.0,20170.0,190,Estudiante
3232,312720521,Cdal. Raul Silva Henriquez,Costa Mar,20050.0,L2,V1,2026-07-19 11:13:59,2026-07-19 11:29:08,CW→CC,2026-07-19,,20050.0,20050.0,140,Estudiante
3233,312720521,Costa Mar,Cdal. Raul Silva Henriquez,20059.0,L2,V1,2026-07-19 13:22:42,2026-07-19 13:41:50,CC→CW,2026-07-19,,20059.0,20059.0,140,Estudiante
3234,312720554,Concepcion,Cristo Redentor,20161.0,L2,V1,2026-07-19 18:16:35,2026-07-19 19:08:03,CC→CW,2026-07-19,,20161.0,20161.0,280,Estudiante
3235,312720612,Coronel,Concepcion,20058.0,L2,V1,2026-07-19 12:24:01,2026-07-19 13:13:32,CW→CC,2026-07-19,,20058.0,20058.0,290,Estudiante
3236,312721873,Concepcion,Los Canelos,20053.0,L2,V1,2026-07-19 12:05:37,2026-07-19 12:42:30,CC→CW,2026-07-19,,20053.0,20053.0,280,Estudiante
3237,312721942,Cdal. Raul Silva Henriquez,Laguna Quinenco,20161.0,L2,V1,2026-07-19 18:28:01,2026-07-19 19:10:08,CC→CW,2026-07-19,,20161.0,20161.0,220,Estudiante
3238,312721942,Laguna Quinenco,Cdal. Raul Silva Henriquez,20170.0,L2,V1,2026-07-19 20:08:46,2026-07-19 20:36:06,CW→CC,2026-07-19,,20170.0,20170.0,220,Estudiante
3239,312722072,Diagonal Bio Bio,Los Canelos,20167.0,L2,V1,2026-07-19 19:52:39,2026-07-19 20:33:20,CC→CW,2026-07-19,,20167.0,20167.0,220,Estudiante
3240,312723451,Cristo Redentor,Concepcion,20068.0,L2,V1,2026-07-19 15:31:47,2026-07-19 16:17:27,CW→CC,2026-07-19,,20068.0,20068.0,280,Estudiante
3241,312723497,Cdal. Raul Silva Henriquez,Concepcion,20052.0,L2,V1,2026-07-19 11:36:09,2026-07-19 12:10:17,CW→CC,2026-07-19,,20052.0,20052.0,190,Estudiante
3242,312724406,Concepcion,Coronel,20171.0,L2,V1,2026-07-19 20:52:01,2026-07-19 21:42:11,CC→CW,2026-07-19,,20171.0,20171.0,290,Estudiante
3243,312724522,Concepcion,Los Canelos,20167.0,L2,V1,2026-07-19 19:33:44,2026-07-19 20:34:07,CC→CW,2026-07-19,,20167.0,20167.0,280,Estudiante
3244,312724552,Concepcion,Cristo Redentor,20053.0,L2,V1,2026-07-19 12:07:09,2026-07-19 12:46:24,CC→CW,2026-07-19,,20053.0,20053.0,280,Estudiante
3245,312724722,Concepcion,Coronel,20071.0,L2,V1,2026-07-19 16:08:21,2026-07-19 17:21:45,CC→CW,2026-07-19,,20071.0,20071.0,290,Estudiante
3246,312724849,Concepcion,Cdal. Raul Silva Henriquez,20163.0,L2,V1,2026-07-19 18:50:27,2026-07-19 19:23:43,CC→CW,2026-07-19,,20163.0,20163.0,190,Estudiante
3247,312724852,Hito Galvarino,Laguna Quinenco,20037.0,L2,V1,2026-07-19 10:32:07,2026-07-19 10:44:31,CC→CW,2026-07-19,,20037.0,20037.0,180,Estudiante
3248,312737664,Diagonal Bio Bio,Costa Mar,20049.0,L2,V1,2026-07-19 11:39:00,2026-07-19 11:44:18,CC→CW,2026-07-19,,20049.0,20049.0,170,Estudiante
3249,312737696,Huinca,Juan Pablo II,20056.0,L2,V1,2026-07-19 12:18:37,2026-07-19 12:51:39,CW→CC,2026-07-19,,20056.0,20056.0,230,Estudiante
3250,312737696,Juan Pablo II,Los Canelos,20059.0,L2,V1,2026-07-19 13:08:34,2026-07-19 13:51:39,CC→CW,2026-07-19,,20059.0,20059.0,220,Estudiante
3251,312737766,Coronel,Concepcion,20170.0,L2,V1,2026-07-19 20:01:59,2026-07-19 21:00:01,CW→CC,2026-07-19,,20170.0,20170.0,290,Estudiante
3252,312743104,Coronel,Concepcion,20166.0,L2,V1,2026-07-19 19:06:17,2026-07-19 19:59:01,CW→CC,2026-07-19,,20166.0,20166.0,290,Estudiante
3253,312743277,Concepcion,Los Canelos,20171.0,L2,V1,2026-07-19 20:56:19,2026-07-19 21:32:07,CC→CW,2026-07-19,,20171.0,20171.0,280,Estudiante
3254,312743899,Lomas Coloradas,Cristo Redentor,20153.0,L2,V1,2026-07-19 09:33:18,2026-07-19 09:52:06,CC→CW,2026-07-19,,20153.0,20153.0,210,Estudiante
3255,312743899,Cristo Redentor,Lomas Coloradas,20170.0,L2,V1,2026-07-19 20:17:50,2026-07-19 20:38:13,CW→CC,2026-07-19,,20170.0,20170.0,210,Estudiante
3256,312743922,Coronel,El Parque,20044.0,L2,V1,2026-07-19 09:56:00,2026-07-19 10:31:59,CW→CC,2026-07-19,,20044.0,20044.0,220,Estudiante
3257,312743922,El Parque,Coronel,20167.0,L2,V1,2026-07-19 20:11:47,2026-07-19 20:43:35,CC→CW,2026-07-19,,20167.0,20167.0,220,Estudiante
3258,312743968,Concepcion,Costa Mar,20071.0,L2,V1,2026-07-19 15:48:50,2026-07-19 16:53:43,CC→CW,2026-07-19,combo_por_entrada,20071.0,20071.0,200,Estudiante
3259,312743976,Lomas Coloradas,El Parque,20152.0,L2,V1,2026-07-19 08:50:52,2026-07-19 08:56:52,CW→CC,2026-07-19,,20152.0,20152.0,140,Estudiante
3260,312743985,Cdal. Raul Silva Henriquez,Concepcion,20170.0,L2,V1,2026-07-19 20:28:47,2026-07-19 20:59:03,CW→CC,2026-07-19,,20170.0,20170.0,190,Estudiante
3261,312744180,Laguna Quinenco,Concepcion,20166.0,L2,V1,2026-07-19 19:15:32,2026-07-19 19:59:58,CW→CC,2026-07-19,,20166.0,20166.0,290,Estudiante
3262,312744278,Laguna Quinenco,Juan Pablo II,20066.0,L2,V1,2026-07-19 14:30:00,2026-07-19 15:24:30,CW→CC,2026-07-19,,20066.0,20066.0,260,Estudiante
3263,312744278,Concepcion,Los Canelos,20161.0,L2,V1,2026-07-19 18:15:04,2026-07-19 19:04:24,CC→CW,2026-07-19,,20161.0,20161.0,280,Estudiante
3264,312744288,Los Canelos,Juan Pablo II,20058.0,L2,V1,2026-07-19 12:33:25,2026-07-19 13:06:17,CW→CC,2026-07-19,,20058.0,20058.0,220,Estudiante
3265,312744288,Concepcion,Lomas Coloradas,20161.0,L2,V1,2026-07-19 18:27:02,2026-07-19 18:50:20,CC→CW,2026-07-19,,20161.0,20161.0,190,Estudiante
3266,312744289,Los Canelos,Concepcion,20170.0,L2,V1,2026-07-19 20:18:17,2026-07-19 20:59:07,CW→CC,2026-07-19,,20170.0,20170.0,280,Estudiante
3267,312744529,Juan Pablo II,Lomas Coloradas,20171.0,L2,V1,2026-07-19 20:33:23,2026-07-19 21:20:24,CC→CW,2026-07-19,,20171.0,20171.0,170,Estudiante
3268,312744553,Huinca,Concepcion,20068.0,L2,V1,2026-07-19 15:33:59,2026-07-19 16:16:59,CW→CC,2026-07-19,,20068.0,20068.0,280,Estudiante
3269,312744553,Concepcion,Cristo Redentor,20163.0,L2,V1,2026-07-19 18:54:12,2026-07-19 19:36:28,CC→CW,2026-07-19,,20163.0,20163.0,280,Estudiante
3270,312744572,Cdal. Raul Silva Henriquez,Costa Mar,20162.0,L2,V1,2026-07-19 18:32:51,2026-07-19 18:44:51,CW→CC,2026-07-19,,20162.0,20162.0,140,Estudiante
3271,312744572,Costa Mar,Cdal. Raul Silva Henriquez,20167.0,L2,V1,2026-07-19 20:13:32,2026-07-19 20:23:46,CC→CW,2026-07-19,,20167.0,20167.0,140,Estudiante
3272,312744616,Concepcion,Cdal. Raul Silva Henriquez,20037.0,L2,V1,2026-07-19 09:41:15,2026-07-19 10:26:41,CC→CW,2026-07-19,,20037.0,20037.0,190,Estudiante
3273,312744627,Coronel,Concepcion,20066.0,L2,V1,2026-07-19 14:32:02,2026-07-19 15:28:33,CW→CC,2026-07-19,,20066.0,20066.0,290,Estudiante
3274,312744705,Lomas Coloradas,Diagonal Bio Bio,20066.0,L2,V1,2026-07-19 15:06:30,2026-07-19 15:19:29,CW→CC,2026-07-19,,20066.0,20066.0,170,Estudiante
3275,312744784,Los Canelos,Concepcion,20162.0,L2,V1,2026-07-19 18:11:24,2026-07-19 18:57:43,CW→CC,2026-07-19,,20162.0,20162.0,280,Estudiante
3276,312744796,Concepcion,Cristo Redentor,20161.0,L2,V1,2026-07-19 18:30:02,2026-07-19 19:11:35,CC→CW,2026-07-19,,20161.0,20161.0,280,Estudiante
3277,312744797,Concepcion,Los Canelos,20157.0,L2,V1,2026-07-19 17:15:11,2026-07-19 18:02:21,CC→CW,2026-07-19,,20157.0,,280,Estudiante
3278,312747955,Concepcion,El Parque,20049.0,L2,V1,2026-07-19 11:28:24,2026-07-19 11:46:54,CC→CW,2026-07-19,,20049.0,20049.0,190,Estudiante
3279,312748048,Concepcion,Concepcion,,,,2026-07-19 16:25:59,2026-07-19 16:26:25,,2026-07-19,no viajo,,,140,Estudiante
3280,312748167,Lomas Coloradas,Concepcion,20166.0,L2,V1,2026-07-19 19:30:35,2026-07-19 19:57:33,CW→CC,2026-07-19,,20166.0,20166.0,190,Estudiante
3281,312748265,Huinca,Concepcion,20162.0,L2,V1,2026-07-19 18:15:30,2026-07-19 18:57:40,CW→CC,2026-07-19,,20162.0,20162.0,280,Estudiante
3282,312755413,Coronel,Concepcion,20170.0,L2,V1,2026-07-19 19:53:58,2026-07-19 20:58:59,CW→CC,2026-07-19,,20170.0,20170.0,290,Estudiante
3283,312755545,Concepcion,Coronel,20063.0,L2,V1,2026-07-19 13:32:39,2026-07-19 15:17:00,CC→CW,2026-07-19,,20063.0,20063.0,290,Estudiante
3284,312755639,Lomas Coloradas,Hito Galvarino,20153.0,L2,V1,2026-07-19 09:01:31,2026-07-19 09:42:53,CC→CW,2026-07-19,,20153.0,20153.0,200,Estudiante
3285,312755639,Hito Galvarino,Lomas Coloradas,20062.0,L2,V1,2026-07-19 14:00:39,2026-07-19 14:14:07,CW→CC,2026-07-19,,20062.0,20062.0,200,Estudiante
3286,312755691,Costa Mar,Los Canelos,20059.0,L2,V1,2026-07-19 13:09:59,2026-07-19 13:51:38,CC→CW,2026-07-19,,20059.0,20059.0,200,Estudiante
3287,312755849,Cdal. Raul Silva Henriquez,Concepcion,20052.0,L2,V1,2026-07-19 11:35:04,2026-07-19 12:10:11,CW→CC,2026-07-19,,20052.0,20052.0,190,Estudiante
3288,312755849,Concepcion,Cdal. Raul Silva Henriquez,20171.0,L2,V1,2026-07-19 20:11:41,2026-07-19 21:22:38,CC→CW,2026-07-19,,20171.0,20171.0,190,Estudiante
3289,312757434,UTF Santa Maria,Hualqui,20847.0,L1,V1,2026-07-19 20:12:20,2026-07-19 21:02:57,TH→HQ,2026-07-19,,20847.0,20847.0,190,Estudiante
3290,312757447,Cristo Redentor,Costa Mar,20160.0,L2,V1,2026-07-19 17:31:05,2026-07-19 18:14:38,CW→CC,2026-07-19,,20160.0,20160.0,210,Estudiante
3291,312757447,Diagonal Bio Bio,Cristo Redentor,20171.0,L2,V1,2026-07-19 20:49:52,2026-07-19 21:36:13,CC→CW,2026-07-19,,20171.0,20171.0,230,Estudiante
3292,312757462,Cristo Redentor,Concepcion,20068.0,L2,V1,2026-07-19 15:37:00,2026-07-19 16:18:14,CW→CC,2026-07-19,,20068.0,20068.0,280,Estudiante
3293,312757462,Concepcion,Los Canelos,20171.0,L2,V1,2026-07-19 20:19:03,2026-07-19 21:33:00,CC→CW,2026-07-19,,20171.0,20171.0,280,Estudiante
3294,312757611,Lomas Coloradas,Coronel,20059.0,L2,V1,2026-07-19 13:28:59,2026-07-19 14:00:58,CC→CW,2026-07-19,,20059.0,20059.0,220,Estudiante
3295,312757611,Coronel,Lomas Coloradas,20160.0,L2,V1,2026-07-19 17:39:21,2026-07-19 18:08:18,CW→CC,2026-07-19,,20160.0,20160.0,220,Estudiante
3296,312757800,Concepcion,Hualqui,20845.0,L1,V1,2026-07-19 16:24:48,2026-07-19 17:01:16,TH→HQ,2026-07-19,,20845.0,20845.0,180,Estudiante
3297,312757836,Coronel,Concepcion,20040.0,L2,V1,2026-07-19 09:23:05,2026-07-19 10:22:46,CW→CC,2026-07-19,,20040.0,20040.0,290,Estudiante
3298,312757836,Concepcion,Los Canelos,20171.0,L2,V1,2026-07-19 20:33:55,2026-07-19 21:31:50,CC→CW,2026-07-19,,20171.0,20171.0,280,Estudiante
3299,312757840,Los Canelos,Diagonal Bio Bio,20160.0,L2,V1,2026-07-19 17:51:28,2026-07-19 18:17:53,CW→CC,2026-07-19,,20160.0,20160.0,220,Estudiante
3300,312757874,Los Canelos,Cristo Redentor,20161.0,L2,V1,2026-07-19 19:00:56,2026-07-19 19:07:12,CC→CW,2026-07-19,,20161.0,20161.0,150,Estudiante
3301,312758123,Concepcion,Cdal. Raul Silva Henriquez,20171.0,L2,V1,2026-07-19 20:51:53,2026-07-19 21:22:33,CC→CW,2026-07-19,,20171.0,20171.0,190,Estudiante
3302,312758259,Concepcion,Cdal. Raul Silva Henriquez,20163.0,L2,V1,2026-07-19 18:42:52,2026-07-19 19:22:21,CC→CW,2026-07-19,,20163.0,20163.0,190,Estudiante
3303,312758353,Concepcion,Cristo Redentor,20163.0,L2,V1,2026-07-19 18:34:57,2026-07-19 19:37:14,CC→CW,2026-07-19,,20163.0,20161.0,280,Estudiante
3304,312758383,Diagonal Bio Bio,Los Canelos,20167.0,L2,V1,2026-07-19 19:51:57,2026-07-19 20:33:24,CC→CW,2026-07-19,,20167.0,20167.0,220,Estudiante
3305,312758418,Huinca,Concepcion,20066.0,L2,V1,2026-07-19 14:48:19,2026-07-19 15:28:41,CW→CC,2026-07-19,,20066.0,20066.0,280,Estudiante
3306,312758418,Concepcion,Huinca,20071.0,L2,V1,2026-07-19 16:31:28,2026-07-19 17:14:49,CC→CW,2026-07-19,,20071.0,20071.0,280,Estudiante
3307,312758424,Hito Galvarino,Laguna Quinenco,20167.0,L2,V1,2026-07-19 20:21:48,2026-07-19 20:41:14,CC→CW,2026-07-19,,20167.0,20167.0,180,Estudiante
3308,312758484,Costa Mar,Concepcion,20062.0,L2,V1,2026-07-19 14:11:39,2026-07-19 14:33:33,CW→CC,2026-07-19,,20062.0,20062.0,190,Estudiante
3309,312758484,Concepcion,Costa Mar,20167.0,L2,V1,2026-07-19 19:47:05,2026-07-19 20:14:03,CC→CW,2026-07-19,,20167.0,20167.0,190,Estudiante
3310,312758730,Concepcion,Costa Mar,20067.0,L2,V1,2026-07-19 15:16:57,2026-07-19 15:45:23,CC→CW,2026-07-19,,20067.0,20067.0,190,Estudiante
3311,312758805,Cdal. Raul Silva Henriquez,Concepcion,20162.0,L2,V1,2026-07-19 18:36:12,2026-07-19 20:00:40,CW→CC,2026-07-19,,20162.0,20162.0,190,Estudiante
3312,312758805,Concepcion,Cdal. Raul Silva Henriquez,20171.0,L2,V1,2026-07-19 20:40:24,2026-07-19 21:22:58,CC→CW,2026-07-19,,20171.0,20171.0,190,Estudiante
3313,312763893,Costa Mar,Huinca,20071.0,L2,V1,2026-07-19 16:48:40,2026-07-19 17:14:32,CC→CW,2026-07-19,,20071.0,20071.0,210,Estudiante
3314,312763905,Cristo Redentor,Juan Pablo II,20166.0,L2,V1,2026-07-19 19:11:45,2026-07-19 19:51:39,CW→CC,2026-07-19,,20166.0,20166.0,230,Estudiante
3315,312764212,Cristo Redentor,Concepcion,20056.0,L2,V1,2026-07-19 12:20:36,2026-07-19 13:00:30,CW→CC,2026-07-19,,20056.0,20056.0,280,Estudiante
3316,312764229,Laguna Quinenco,Cristo Redentor,20052.0,L2,V1,2026-07-19 11:21:06,2026-07-19 11:28:03,CW→CC,2026-07-19,,20052.0,20052.0,150,Estudiante
3317,312764229,Cristo Redentor,Laguna Quinenco,20053.0,L2,V1,2026-07-19 12:36:13,2026-07-19 12:54:17,CC→CW,2026-07-19,,20053.0,20053.0,150,Estudiante
3318,312773974,Costa Mar,Cdal. Raul Silva Henriquez,20153.0,L2,V1,2026-07-19 09:25:14,2026-07-19 09:37:50,CC→CW,2026-07-19,,20153.0,20153.0,140,Estudiante
3319,312773974,Juan Pablo II,Laguna Quinenco,20059.0,L2,V1,2026-07-19 13:23:25,2026-07-19 13:57:43,CC→CW,2026-07-19,,20059.0,20059.0,260,Estudiante
3320,312773974,Laguna Quinenco,Diagonal Bio Bio,20170.0,L2,V1,2026-07-19 20:09:26,2026-07-19 20:48:41,CW→CC,2026-07-19,,20170.0,20170.0,260,Estudiante
3321,312773986,Concepcion,Los Canelos,20059.0,L2,V1,2026-07-19 13:01:07,2026-07-19 13:51:27,CC→CW,2026-07-19,,20059.0,20059.0,280,Estudiante
3322,312774066,Concepcion,Laguna Quinenco,20071.0,L2,V1,2026-07-19 16:25:47,2026-07-19 17:19:00,CC→CW,2026-07-19,,20071.0,20071.0,290,Estudiante
3323,312774209,Coronel,Cristo Redentor,20062.0,L2,V1,2026-07-19 13:43:17,2026-07-19 13:57:07,CW→CC,2026-07-19,,20062.0,20062.0,150,Estudiante
3324,312774209,Cristo Redentor,Laguna Quinenco,20167.0,L2,V1,2026-07-19 20:03:43,2026-07-19 20:46:42,CC→CW,2026-07-19,,20167.0,20167.0,150,Estudiante
3325,312774237,Concepcion,Lomas Coloradas,20171.0,L2,V1,2026-07-19 20:57:31,2026-07-19 21:20:19,CC→CW,2026-07-19,,20171.0,20171.0,190,Estudiante
3326,312774250,El Parque,Huinca,20053.0,L2,V1,2026-07-19 12:25:32,2026-07-19 12:44:39,CC→CW,2026-07-19,,20053.0,20053.0,210,Estudiante
3327,312774439,Concepcion,Coronel,20051.0,L2,V1,2026-07-19 11:41:42,2026-07-19 12:26:24,CC→CW,2026-07-19,,20051.0,,290,Estudiante
3328,312774608,Concepcion,Cristo Redentor,20157.0,L2,V1,2026-07-19 17:27:22,2026-07-19 18:07:14,CC→CW,2026-07-19,,20157.0,20157.0,280,Estudiante
3329,312774745,Concepcion,Coronel,20167.0,L2,V1,2026-07-19 19:57:38,2026-07-19 20:44:10,CC→CW,2026-07-19,,20167.0,20167.0,290,Estudiante
3330,312774759,El Arenal,UTF Santa Maria,20845.0,L1,V1,2026-07-19 15:56:27,2026-07-19 16:15:21,TH→HQ,2026-07-19,,20845.0,,160,Estudiante
3331,312774830,Coronel,Concepcion,20152.0,L2,V1,2026-07-19 08:27:25,2026-07-19 09:14:21,CW→CC,2026-07-19,,20152.0,20152.0,290,Estudiante
3332,312774830,Concepcion,Coronel,20071.0,L2,V1,2026-07-19 16:24:10,2026-07-19 17:21:44,CC→CW,2026-07-19,,20071.0,20071.0,290,Estudiante
3333,312774847,Cristo Redentor,Hito Galvarino,20066.0,L2,V1,2026-07-19 14:42:37,2026-07-19 15:00:15,CW→CC,2026-07-19,,20066.0,20066.0,150,Estudiante
3334,312777861,Concepcion,Huinca,20161.0,L2,V1,2026-07-19 17:37:39,2026-07-19 19:05:13,CC→CW,2026-07-19,,20161.0,20157.0,280,Estudiante
3335,312778004,Cristo Redentor,Lomas Coloradas,20166.0,L2,V1,2026-07-19 19:09:55,2026-07-19 19:39:55,CW→CC,2026-07-19,,20166.0,20166.0,210,Estudiante
3336,312778045,Costa Mar,Concepcion,20050.0,L2,V1,2026-07-19 11:27:05,2026-07-19 11:42:03,CW→CC,2026-07-19,,20050.0,20050.0,190,Estudiante
3337,312778059,Concepcion,Huinca,20049.0,L2,V1,2026-07-19 11:32:38,2026-07-19 12:19:16,CC→CW,2026-07-19,,20049.0,20049.0,280,Estudiante
3338,312778091,Cdal. Raul Silva Henriquez,El Parque,20052.0,L2,V1,2026-07-19 11:27:38,2026-07-19 11:46:46,CW→CC,2026-07-19,,20052.0,20050.0,140,Estudiante
3339,312778098,Concepcion,Juan Pablo II,20161.0,L2,V1,2026-07-19 18:22:16,2026-07-19 18:37:43,CC→CW,2026-07-19,,20161.0,20161.0,190,Estudiante
3340,312778278,Concepcion,Hito Galvarino,20171.0,L2,V1,2026-07-19 20:35:42,2026-07-19 21:28:31,CC→CW,2026-07-19,,20171.0,20171.0,280,Estudiante
3341,312778985,Concepcion,Diagonal Bio Bio,20163.0,L2,V1,2026-07-19 18:55:36,2026-07-19 19:09:22,CC→CW,2026-07-19,,20163.0,20163.0,190,Estudiante
3342,312779091,Concepcion,Los Canelos,20161.0,L2,V1,2026-07-19 18:13:52,2026-07-19 19:02:28,CC→CW,2026-07-19,,20161.0,20161.0,280,Estudiante
3343,312779180,Concepcion,Lomas Coloradas,20049.0,L2,V1,2026-07-19 11:27:34,2026-07-19 11:50:02,CC→CW,2026-07-19,,20049.0,20049.0,190,Estudiante
3344,312779192,El Parque,Laguna Quinenco,20037.0,L2,V1,2026-07-19 10:19:15,2026-07-19 10:44:00,CC→CW,2026-07-19,,20037.0,20037.0,220,Estudiante
3345,312779192,Laguna Quinenco,El Parque,20170.0,L2,V1,2026-07-19 20:16:51,2026-07-19 20:41:00,CW→CC,2026-07-19,,20170.0,20170.0,220,Estudiante
3346,312779199,El Parque,Laguna Quinenco,20037.0,L2,V1,2026-07-19 10:19:14,2026-07-19 10:44:01,CC→CW,2026-07-19,,20037.0,20037.0,220,Estudiante
3347,312779199,Laguna Quinenco,El Parque,20170.0,L2,V1,2026-07-19 20:16:50,2026-07-19 20:40:57,CW→CC,2026-07-19,,20170.0,20170.0,220,Estudiante
3348,312779278,Concepcion,Cristo Redentor,20167.0,L2,V1,2026-07-19 19:22:11,2026-07-19 20:37:32,CC→CW,2026-07-19,,20167.0,20167.0,280,Estudiante
3349,312779291,Huinca,Cdal. Raul Silva Henriquez,20066.0,L2,V1,2026-07-19 14:51:14,2026-07-19 15:06:10,CW→CC,2026-07-19,,20066.0,20066.0,210,Estudiante
3350,312784921,Concepcion,Coronel,20067.0,L2,V1,2026-07-19 15:24:04,2026-07-19 16:14:40,CC→CW,2026-07-19,,20067.0,20067.0,290,Estudiante
3351,312784995,Lomas Coloradas,Coronel,20059.0,L2,V1,2026-07-19 13:36:42,2026-07-19 14:00:18,CC→CW,2026-07-19,,20059.0,20059.0,220,Estudiante
3352,312785058,Concepcion,Cristo Redentor,20071.0,L2,V1,2026-07-19 15:55:16,2026-07-19 17:16:43,CC→CW,2026-07-19,,20071.0,20071.0,280,Estudiante
3353,312785111,Lomas Coloradas,Diagonal Bio Bio,20062.0,L2,V1,2026-07-19 14:01:13,2026-07-19 14:23:41,CW→CC,2026-07-19,,20062.0,20062.0,170,Estudiante
3354,312785909,Concepcion,Laguna Quinenco,20171.0,L2,V1,2026-07-19 20:54:19,2026-07-19 21:39:09,CC→CW,2026-07-19,,20171.0,20171.0,290,Estudiante
3355,312785914,Cristo Redentor,Concepcion,20162.0,L2,V1,2026-07-19 18:19:46,2026-07-19 18:59:24,CW→CC,2026-07-19,,20162.0,20162.0,280,Estudiante
3356,312785914,Concepcion,Cristo Redentor,20171.0,L2,V1,2026-07-19 20:41:16,2026-07-19 21:36:41,CC→CW,2026-07-19,,20171.0,20171.0,280,Estudiante
3357,312785944,Lomas Coloradas,Concepcion,20056.0,L2,V1,2026-07-19 12:31:11,2026-07-19 12:57:53,CW→CC,2026-07-19,,20056.0,20056.0,190,Estudiante
3358,312785948,Lomas Coloradas,Concepcion,20056.0,L2,V1,2026-07-19 12:34:14,2026-07-19 12:58:02,CW→CC,2026-07-19,,20056.0,20056.0,190,Estudiante
3359,312785948,Concepcion,Lomas Coloradas,20067.0,L2,V1,2026-07-19 15:23:12,2026-07-19 15:50:13,CC→CW,2026-07-19,,20067.0,20067.0,190,Estudiante
3360,312785955,Alborada,Concepcion,20068.0,L2,V1,2026-07-19 16:04:12,2026-07-19 16:17:17,CW→CC,2026-07-19,,20068.0,20068.0,190,Estudiante
3361,312786258,Concepcion,Cdal. Raul Silva Henriquez,20071.0,L2,V1,2026-07-19 16:01:17,2026-07-19 17:02:21,CC→CW,2026-07-19,,20071.0,20071.0,190,Estudiante
3362,312786258,Cdal. Raul Silva Henriquez,Costa Mar,20162.0,L2,V1,2026-07-19 18:32:52,2026-07-19 18:44:50,CW→CC,2026-07-19,,20162.0,20162.0,140,Estudiante
3363,312786258,Costa Mar,Cdal. Raul Silva Henriquez,20167.0,L2,V1,2026-07-19 20:13:37,2026-07-19 20:23:42,CC→CW,2026-07-19,,20167.0,20167.0,140,Estudiante
3364,312787984,Hualqui,UTF Santa Maria,20850.0,L1,V1,2026-07-19 09:27:01,2026-07-19 10:09:00,HQ→TH,2026-07-19,,20850.0,20850.0,190,Estudiante
3365,312788062,Cristo Redentor,Concepcion,20062.0,L2,V1,2026-07-19 13:54:57,2026-07-19 14:32:54,CW→CC,2026-07-19,,20062.0,20062.0,280,Estudiante
3366,312788062,Concepcion,Cristo Redentor,20163.0,L2,V1,2026-07-19 18:56:57,2026-07-19 19:36:34,CC→CW,2026-07-19,,20163.0,20163.0,280,Estudiante
3367,312789590,Hito Galvarino,Concepcion,20068.0,L2,V1,2026-07-19 15:41:57,2026-07-19 16:17:23,CW→CC,2026-07-19,,20068.0,20068.0,280,Estudiante
3368,312800688,Cristo Redentor,Concepcion,20050.0,L2,V1,2026-07-19 10:46:38,2026-07-19 11:42:34,CW→CC,2026-07-19,,20050.0,20050.0,280,Estudiante
3369,312800688,Concepcion,Cristo Redentor,20171.0,L2,V1,2026-07-19 20:48:01,2026-07-19 21:37:16,CC→CW,2026-07-19,,20171.0,20171.0,280,Estudiante
3370,312800815,Lomas Coloradas,Juan Pablo II,20052.0,L2,V1,2026-07-19 11:41:57,2026-07-19 11:56:52,CW→CC,2026-07-19,,20052.0,20051.0,170,Estudiante
3371,312801405,Diagonal Bio Bio,Huinca,20059.0,L2,V1,2026-07-19 12:59:46,2026-07-19 13:53:16,CC→CW,2026-07-19,,20059.0,20059.0,230,Estudiante
3372,312801549,Los Canelos,Laguna Quinenco,20071.0,L2,V1,2026-07-19 17:11:19,2026-07-19 17:19:46,CC→CW,2026-07-19,,20071.0,20071.0,180,Estudiante
3373,312801549,Coronel,Los Canelos,20170.0,L2,V1,2026-07-19 20:10:59,2026-07-19 20:25:26,CW→CC,2026-07-19,,20170.0,20170.0,180,Estudiante
3374,312801671,Concepcion,Hito Galvarino,20059.0,L2,V1,2026-07-19 12:41:30,2026-07-19 13:49:10,CC→CW,2026-07-19,,20059.0,20059.0,280,Estudiante
3375,312801671,Hito Galvarino,Concepcion,20162.0,L2,V1,2026-07-19 18:25:37,2026-07-19 18:58:32,CW→CC,2026-07-19,,20162.0,20162.0,280,Estudiante
3376,312801917,Concepcion,Cdal. Raul Silva Henriquez,20171.0,L2,V1,2026-07-19 20:35:30,2026-07-19 21:22:34,CC→CW,2026-07-19,,20171.0,20171.0,190,Estudiante
3377,312802089,Concepcion,Lomas Coloradas,20163.0,L2,V1,2026-07-19 18:42:52,2026-07-19 19:19:56,CC→CW,2026-07-19,,20163.0,20163.0,190,Estudiante
3378,312802152,El Parque,Juan Pablo II,20056.0,L2,V1,2026-07-19 12:29:42,2026-07-19 12:51:13,CW→CC,2026-07-19,,20056.0,20056.0,170,Estudiante
3379,312802152,Juan Pablo II,El Parque,20157.0,L2,V1,2026-07-19 17:34:33,2026-07-19 17:46:38,CC→CW,2026-07-19,,20157.0,20157.0,170,Estudiante
3380,312802209,El Parque,Concepcion,20050.0,L2,V1,2026-07-19 11:17:34,2026-07-19 11:42:35,CW→CC,2026-07-19,,20050.0,20050.0,190,Estudiante
3381,312802309,Alborada,Huinca,20171.0,L2,V1,2026-07-19 20:59:13,2026-07-19 21:35:08,CC→CW,2026-07-19,,20171.0,20171.0,230,Estudiante
3382,312802314,Lomas Coloradas,Los Canelos,20163.0,L2,V1,2026-07-19 19:15:09,2026-07-19 19:31:59,CC→CW,2026-07-19,,20163.0,20163.0,200,Estudiante
3383,312805190,Concepcion,Lomas Coloradas,20163.0,L2,V1,2026-07-19 18:42:30,2026-07-19 19:19:19,CC→CW,2026-07-19,,20163.0,20163.0,190,Estudiante
3384,312805250,Concepcion,Lomas Coloradas,20049.0,L2,V1,2026-07-19 10:53:34,2026-07-19 11:49:45,CC→CW,2026-07-19,,20049.0,20049.0,190,Estudiante
3385,312805255,Cristo Redentor,Concepcion,20052.0,L2,V1,2026-07-19 11:16:48,2026-07-19 12:10:10,CW→CC,2026-07-19,,20052.0,20052.0,280,Estudiante
3386,312805255,Concepcion,Cristo Redentor,20059.0,L2,V1,2026-07-19 13:06:56,2026-07-19 13:55:24,CC→CW,2026-07-19,,20059.0,20059.0,280,Estudiante
3387,312808223,Juan Pablo II,Los Canelos,20049.0,L2,V1,2026-07-19 11:10:05,2026-07-19 12:02:26,CC→CW,2026-07-19,,20049.0,20049.0,220,Estudiante
3388,312808281,Cdal. Raul Silva Henriquez,Concepcion,20162.0,L2,V1,2026-07-19 18:22:32,2026-07-19 18:58:52,CW→CC,2026-07-19,,20162.0,20162.0,190,Estudiante
3389,312808685,Los Canelos,Concepcion,20156.0,L2,V1,2026-07-19 09:23:26,2026-07-19 10:01:33,CW→CC,2026-07-19,,20156.0,20156.0,280,Estudiante
3390,312808685,Concepcion,Los Canelos,20071.0,L2,V1,2026-07-19 16:04:27,2026-07-19 17:12:52,CC→CW,2026-07-19,,20071.0,20071.0,280,Estudiante
3391,312808691,Concepcion,Cristo Redentor,20067.0,L2,V1,2026-07-19 15:04:50,2026-07-19 16:07:57,CC→CW,2026-07-19,,20067.0,20067.0,280,Estudiante
3392,312808720,Juan Pablo II,Cristo Redentor,20157.0,L2,V1,2026-07-19 17:16:45,2026-07-19 18:07:01,CC→CW,2026-07-19,,20157.0,20157.0,230,Estudiante
3393,312808747,Concepcion,Cristo Redentor,20171.0,L2,V1,2026-07-19 19:55:32,2026-07-19 21:36:54,CC→CW,2026-07-19,combo_por_entrada,20171.0,20171.0,290,Estudiante
3394,312815680,El Parque,Concepcion,20170.0,L2,V1,2026-07-19 20:35:43,2026-07-19 20:59:32,CW→CC,2026-07-19,,20170.0,20170.0,190,Estudiante
3395,312815754,Hito Galvarino,Concepcion,20052.0,L2,V1,2026-07-19 11:29:40,2026-07-19 12:10:23,CW→CC,2026-07-19,,20052.0,20052.0,280,Estudiante
3396,312816367,Los Canelos,Concepcion,20056.0,L2,V1,2026-07-19 12:24:21,2026-07-19 12:57:51,CW→CC,2026-07-19,,20056.0,20056.0,280,Estudiante
3397,312816367,Concepcion,Los Canelos,20071.0,L2,V1,2026-07-19 16:37:02,2026-07-19 17:12:34,CC→CW,2026-07-19,,20071.0,20071.0,280,Estudiante
3398,312816581,Los Canelos,Concepcion,20156.0,L2,V1,2026-07-19 09:16:01,2026-07-19 09:57:40,CW→CC,2026-07-19,,20156.0,20156.0,280,Estudiante
3399,312816581,Concepcion,Los Canelos,20171.0,L2,V1,2026-07-19 20:13:49,2026-07-19 21:32:54,CC→CW,2026-07-19,,20171.0,20171.0,280,Estudiante
3400,312817617,Costa Mar,Lomas Coloradas,20163.0,L2,V1,2026-07-19 19:11:03,2026-07-19 19:18:50,CC→CW,2026-07-19,,20163.0,20163.0,140,Estudiante
3401,312817721,Diagonal Bio Bio,Cdal. Raul Silva Henriquez,20071.0,L2,V1,2026-07-19 16:34:24,2026-07-19 17:02:17,CC→CW,2026-07-19,,20071.0,20071.0,170,Estudiante
3402,312820304,Concepcion,Huinca,20059.0,L2,V1,2026-07-19 12:57:45,2026-07-19 13:53:35,CC→CW,2026-07-19,,20059.0,20059.0,280,Estudiante
3403,312821539,El Parque,Costa Mar,20170.0,L2,V1,2026-07-19 20:22:30,2026-07-19 20:44:15,CW→CC,2026-07-19,,20170.0,20170.0,140,Estudiante
3404,312821605,Los Canelos,Concepcion,20052.0,L2,V1,2026-07-19 11:23:44,2026-07-19 12:12:03,CW→CC,2026-07-19,,20052.0,20052.0,280,Estudiante
3405,312821605,Concepcion,Los Canelos,20163.0,L2,V1,2026-07-19 18:44:02,2026-07-19 19:32:00,CC→CW,2026-07-19,,20163.0,20163.0,280,Estudiante
3406,312821732,Concepcion,Lomas Coloradas,20167.0,L2,V1,2026-07-19 19:36:49,2026-07-19 20:19:41,CC→CW,2026-07-19,,20167.0,20167.0,190,Estudiante
3407,312821774,Concepcion,Hualqui,20845.0,L1,V1,2026-07-19 16:25:02,2026-07-19 17:02:34,TH→HQ,2026-07-19,,20845.0,20845.0,180,Estudiante
3408,312821851,Cdal. Raul Silva Henriquez,Concepcion,20058.0,L2,V1,2026-07-19 12:47:28,2026-07-19 13:14:33,CW→CC,2026-07-19,,20058.0,20058.0,190,Estudiante
3409,312821851,Concepcion,Cdal. Raul Silva Henriquez,20167.0,L2,V1,2026-07-19 19:57:25,2026-07-19 20:23:11,CC→CW,2026-07-19,,20167.0,20167.0,190,Estudiante
3410,312822768,Cdal. Raul Silva Henriquez,Laguna Quinenco,20053.0,L2,V1,2026-07-19 12:18:03,2026-07-19 12:49:17,CC→CW,2026-07-19,,20053.0,20053.0,220,Estudiante
3411,312824095,Lomas Coloradas,Concepcion,20058.0,L2,V1,2026-07-19 12:51:07,2026-07-19 13:13:24,CW→CC,2026-07-19,,20058.0,20058.0,190,Estudiante
3412,312827589,Lomas Coloradas,Coronel,20059.0,L2,V1,2026-07-19 13:36:44,2026-07-19 14:00:20,CC→CW,2026-07-19,,20059.0,20059.0,220,Estudiante
3413,312828941,Concepcion,Lomas Coloradas,20171.0,L2,V1,2026-07-19 20:42:02,2026-07-19 21:19:57,CC→CW,2026-07-19,,20171.0,20171.0,190,Estudiante
3414,312829118,El Parque,Laguna Quinenco,20167.0,L2,V1,2026-07-19 20:13:46,2026-07-19 20:40:41,CC→CW,2026-07-19,,20167.0,20167.0,220,Estudiante
3415,312829285,Costa Mar,Los Canelos,20053.0,L2,V1,2026-07-19 12:24:52,2026-07-19 12:43:06,CC→CW,2026-07-19,,20053.0,20053.0,200,Estudiante
3416,312829466,Alborada,Lomas Coloradas,20153.0,L2,V1,2026-07-19 09:17:43,2026-07-19 09:34:51,CC→CW,2026-07-19,,20153.0,20153.0,170,Estudiante
3417,312829489,Laguna Quinenco,Concepcion,20160.0,L2,V1,2026-07-19 17:45:58,2026-07-19 18:28:39,CW→CC,2026-07-19,,20160.0,20160.0,290,Estudiante
3418,312829542,Los Canelos,Concepcion,20040.0,L2,V1,2026-07-19 09:45:59,2026-07-19 10:22:44,CW→CC,2026-07-19,,20040.0,20040.0,280,Estudiante
3419,312829542,Concepcion,Los Canelos,20063.0,L2,V1,2026-07-19 14:09:32,2026-07-19 15:07:21,CC→CW,2026-07-19,,20063.0,20063.0,280,Estudiante
3420,312829579,Hualqui,Concepcion,20844.0,L1,V1,2026-07-19 12:07:36,2026-07-19 12:50:26,HQ→TH,2026-07-19,,20844.0,20844.0,180,Estudiante
3421,312829586,Concepcion,UTF Santa Maria,20846.0,L1,V1,2026-07-19 17:19:24,2026-07-19 17:45:02,HQ→TH,2026-07-19,,20846.0,20846.0,170,Estudiante
3422,312829673,Concepcion,Cdal. Raul Silva Henriquez,20167.0,L2,V1,2026-07-19 19:54:47,2026-07-19 20:23:14,CC→CW,2026-07-19,,20167.0,20167.0,190,Estudiante
3423,312830124,El Parque,Concepcion,20050.0,L2,V1,2026-07-19 11:17:33,2026-07-19 11:42:31,CW→CC,2026-07-19,,20050.0,20050.0,190,Estudiante
3424,312830168,Concepcion,El Parque,20153.0,L2,V1,2026-07-19 09:06:04,2026-07-19 09:31:37,CC→CW,2026-07-19,,20153.0,20153.0,190,Estudiante
3425,312830222,Laguna Quinenco,Concepcion,20056.0,L2,V1,2026-07-19 12:16:57,2026-07-19 12:59:10,CW→CC,2026-07-19,,20056.0,20056.0,290,Estudiante
3426,312830222,Concepcion,Laguna Quinenco,20067.0,L2,V1,2026-07-19 15:06:37,2026-07-19 16:10:57,CC→CW,2026-07-19,,20067.0,20067.0,290,Estudiante
3427,312830243,Los Canelos,Juan Pablo II,20156.0,L2,V1,2026-07-19 09:24:37,2026-07-19 10:11:16,CW→CC,2026-07-19,,20156.0,20156.0,220,Estudiante
3428,312830290,Costa Mar,Concepcion,20166.0,L2,V1,2026-07-19 19:32:35,2026-07-19 19:58:34,CW→CC,2026-07-19,,20166.0,20166.0,190,Estudiante
3429,312834605,Concepcion,Laguna Quinenco,20059.0,L2,V1,2026-07-19 12:22:52,2026-07-19 13:58:09,CC→CW,2026-07-19,combo_por_entrada,20059.0,20059.0,300,Estudiante
3430,312834605,Huinca,Concepcion,20170.0,L2,V1,2026-07-19 20:12:41,2026-07-19 20:59:36,CW→CC,2026-07-19,,20170.0,20170.0,280,Estudiante
3431,312834935,Concepcion,Diagonal Bio Bio,20167.0,L2,V1,2026-07-19 19:55:30,2026-07-19 20:08:45,CC→CW,2026-07-19,,20167.0,20167.0,190,Estudiante
3432,312834962,Cdal. Raul Silva Henriquez,El Parque,20066.0,L2,V1,2026-07-19 14:58:35,2026-07-19 15:12:44,CW→CC,2026-07-19,,20066.0,20066.0,140,Estudiante
3433,312834962,El Parque,Cdal. Raul Silva Henriquez,20167.0,L2,V1,2026-07-19 20:08:37,2026-07-19 20:23:08,CC→CW,2026-07-19,,20167.0,20167.0,140,Estudiante
3434,312834981,Los Canelos,Lomas Coloradas,20058.0,L2,V1,2026-07-19 12:38:05,2026-07-19 12:53:58,CW→CC,2026-07-19,,20058.0,20058.0,200,Estudiante
3435,312836397,Lomas Coloradas,Concepcion,20044.0,L2,V1,2026-07-19 10:24:58,2026-07-19 10:47:35,CW→CC,2026-07-19,,20044.0,20044.0,190,Estudiante
3436,312836422,Concepcion,Cdal. Raul Silva Henriquez,20171.0,L2,V1,2026-07-19 20:21:44,2026-07-19 21:23:16,CC→CW,2026-07-19,,20171.0,20171.0,190,Estudiante
3437,312836434,Costa Mar,Cdal. Raul Silva Henriquez,20167.0,L2,V1,2026-07-19 20:08:56,2026-07-19 20:22:47,CC→CW,2026-07-19,,20167.0,20167.0,140,Estudiante
3438,312836476,Concepcion,Coronel,20063.0,L2,V1,2026-07-19 14:21:38,2026-07-19 15:17:43,CC→CW,2026-07-19,,20063.0,20063.0,290,Estudiante
3439,312836476,Laguna Quinenco,Concepcion,20162.0,L2,V1,2026-07-19 18:05:16,2026-07-19 19:01:05,CW→CC,2026-07-19,,20162.0,20162.0,290,Estudiante
3440,312836557,Juan Pablo II,Lomas Coloradas,20063.0,L2,V1,2026-07-19 14:41:38,2026-07-19 14:55:26,CC→CW,2026-07-19,,20063.0,20063.0,170,Estudiante
3441,312836564,Cdal. Raul Silva Henriquez,Huinca,20053.0,L2,V1,2026-07-19 12:24:24,2026-07-19 12:44:27,CC→CW,2026-07-19,,20053.0,20053.0,210,Estudiante
3442,312836564,Huinca,Cdal. Raul Silva Henriquez,20180.0,L2,V1,2026-07-19 16:44:55,2026-07-19 17:05:33,CW→CC,2026-07-19,,20180.0,20180.0,210,Estudiante
3443,312836818,Diagonal Bio Bio,Cdal. Raul Silva Henriquez,20157.0,L2,V1,2026-07-19 17:35:06,2026-07-19 17:52:40,CC→CW,2026-07-19,,20157.0,20157.0,170,Estudiante
3444,312838611,Coronel,Laguna Quinenco,20050.0,L2,V1,2026-07-19 10:56:07,2026-07-19 11:04:25,CW→CC,2026-07-19,,20050.0,20050.0,150,Estudiante
3445,312838672,Cdal. Raul Silva Henriquez,Juan Pablo II,20160.0,L2,V1,2026-07-19 17:59:33,2026-07-19 18:20:51,CW→CC,2026-07-19,,20160.0,20160.0,170,Estudiante
3446,312838817,Coronel,Concepcion,20156.0,L2,V1,2026-07-19 09:07:07,2026-07-19 10:01:38,CW→CC,2026-07-19,,20156.0,20156.0,290,Estudiante
3447,312838817,Concepcion,Cristo Redentor,20071.0,L2,V1,2026-07-19 16:04:25,2026-07-19 17:17:13,CC→CW,2026-07-19,,20071.0,20071.0,280,Estudiante
3448,312841381,Costa Mar,Concepcion,20052.0,L2,V1,2026-07-19 11:44:19,2026-07-19 12:14:45,CW→CC,2026-07-19,,20052.0,20052.0,190,Estudiante
3449,312841443,Los Canelos,Costa Mar,20152.0,L2,V1,2026-07-19 08:38:32,2026-07-19 08:58:47,CW→CC,2026-07-19,,20152.0,20152.0,200,Estudiante
3450,312841443,Costa Mar,Los Canelos,20041.0,L2,V1,2026-07-19 10:42:21,2026-07-19 11:03:08,CC→CW,2026-07-19,,20041.0,20041.0,200,Estudiante
3451,312841623,Juan Pablo II,Los Canelos,20167.0,L2,V1,2026-07-19 19:34:29,2026-07-19 20:34:16,CC→CW,2026-07-19,,20167.0,20167.0,220,Estudiante
3452,312841662,Concepcion,Lomas Coloradas,20167.0,L2,V1,2026-07-19 20:02:23,2026-07-19 21:20:37,CC→CW,2026-07-19,,20167.0,20167.0,190,Estudiante
3453,312841673,Concepcion,Lomas Coloradas,20071.0,L2,V1,2026-07-19 16:37:56,2026-07-19 16:58:49,CC→CW,2026-07-19,,20071.0,20071.0,190,Estudiante
3454,312841701,Lomas Coloradas,Concepcion,20040.0,L2,V1,2026-07-19 09:53:28,2026-07-19 10:23:01,CW→CC,2026-07-19,,20040.0,20040.0,190,Estudiante
3455,312841765,Costa Mar,Laguna Quinenco,20167.0,L2,V1,2026-07-19 20:10:51,2026-07-19 20:40:49,CC→CW,2026-07-19,,20167.0,20167.0,220,Estudiante
3456,312849901,Lomas Coloradas,Laguna Quinenco,20153.0,L2,V1,2026-07-19 09:30:25,2026-07-19 09:54:35,CC→CW,2026-07-19,,20153.0,20153.0,220,Estudiante
3457,312849901,Laguna Quinenco,Lomas Coloradas,20170.0,L2,V1,2026-07-19 20:17:07,2026-07-19 20:38:15,CW→CC,2026-07-19,,20170.0,20170.0,220,Estudiante
3458,312849924,Concepcion,El Parque,20049.0,L2,V1,2026-07-19 11:29:37,2026-07-19 11:46:57,CC→CW,2026-07-19,,20049.0,20049.0,190,Estudiante
3459,312849924,El Parque,Concepcion,20170.0,L2,V1,2026-07-19 20:35:42,2026-07-19 20:59:31,CW→CC,2026-07-19,,20170.0,20170.0,190,Estudiante
3460,312849926,Los Canelos,Concepcion,20040.0,L2,V1,2026-07-19 09:48:00,2026-07-19 10:22:42,CW→CC,2026-07-19,,20040.0,20040.0,280,Estudiante
3461,312849980,Costa Mar,Hito Galvarino,20161.0,L2,V1,2026-07-19 18:41:22,2026-07-19 18:59:26,CC→CW,2026-07-19,,20161.0,20161.0,200,Estudiante
3462,312850013,Hito Galvarino,Concepcion,20180.0,L2,V1,2026-07-19 16:40:14,2026-07-19 17:28:50,CW→CC,2026-07-19,,20180.0,20180.0,280,Estudiante
3463,312850013,Concepcion,Hito Galvarino,20171.0,L2,V1,2026-07-19 20:44:47,2026-07-19 21:28:15,CC→CW,2026-07-19,,20171.0,20171.0,280,Estudiante
3464,312850167,Lomas Coloradas,Huinca,20167.0,L2,V1,2026-07-19 20:18:44,2026-07-19 20:35:17,CC→CW,2026-07-19,,20167.0,20167.0,210,Estudiante
3465,312850264,Diagonal Bio Bio,Laguna Quinenco,20149.0,L2,V1,2026-07-19 08:29:17,2026-07-19 09:09:34,CC→CW,2026-07-19,,20149.0,20149.0,260,Estudiante
3466,312852470,Los Canelos,El Parque,20058.0,L2,V1,2026-07-19 12:35:33,2026-07-19 12:56:41,CW→CC,2026-07-19,,20058.0,20058.0,200,Estudiante
3467,312852894,Concepcion,Cristo Redentor,20153.0,L2,V1,2026-07-19 08:24:55,2026-07-19 09:51:30,CC→CW,2026-07-19,combo_por_entrada,20153.0,20153.0,300,Estudiante
3468,312852894,Laguna Quinenco,Concepcion,20062.0,L2,V1,2026-07-19 13:49:14,2026-07-19 14:32:53,CW→CC,2026-07-19,,20062.0,20062.0,290,Estudiante
3469,312857871,Laguna Quinenco,Juan Pablo II,20056.0,L2,V1,2026-07-19 12:16:58,2026-07-19 12:51:04,CW→CC,2026-07-19,,20056.0,20056.0,260,Estudiante
3470,312857880,Costa Mar,Lomas Coloradas,20153.0,L2,V1,2026-07-19 09:14:25,2026-07-19 09:34:43,CC→CW,2026-07-19,,20153.0,20153.0,140,Estudiante
3471,312857880,Lomas Coloradas,Costa Mar,20162.0,L2,V1,2026-07-19 18:29:51,2026-07-19 18:43:48,CW→CC,2026-07-19,,20162.0,20162.0,140,Estudiante
3472,312857947,Cdal. Raul Silva Henriquez,El Parque,20156.0,L2,V1,2026-07-19 09:32:26,2026-07-19 09:41:54,CW→CC,2026-07-19,,20156.0,20156.0,140,Estudiante
3473,312857983,Cdal. Raul Silva Henriquez,Laguna Quinenco,20037.0,L2,V1,2026-07-19 10:13:45,2026-07-19 10:44:18,CC→CW,2026-07-19,,20037.0,20037.0,220,Estudiante
3474,312857983,Laguna Quinenco,Cdal. Raul Silva Henriquez,20166.0,L2,V1,2026-07-19 19:06:13,2026-07-19 19:35:28,CW→CC,2026-07-19,,20166.0,20166.0,220,Estudiante
3475,312858956,Los Canelos,Concepcion,20160.0,L2,V1,2026-07-19 17:53:20,2026-07-19 18:30:16,CW→CC,2026-07-19,,20160.0,20160.0,280,Estudiante
3476,312858956,Concepcion,Los Canelos,20171.0,L2,V1,2026-07-19 20:31:21,2026-07-19 21:32:39,CC→CW,2026-07-19,,20171.0,20171.0,280,Estudiante
3477,312859194,Concepcion,Los Canelos,20161.0,L2,V1,2026-07-19 17:48:42,2026-07-19 19:02:37,CC→CW,2026-07-19,,20161.0,20161.0,280,Estudiante
3478,312859245,Concepcion,Laguna Quinenco,20167.0,L2,V1,2026-07-19 19:48:08,2026-07-19 20:41:30,CC→CW,2026-07-19,,20167.0,20167.0,290,Estudiante
3479,312862723,Huinca,Concepcion,20166.0,L2,V1,2026-07-19 19:11:20,2026-07-19 19:59:43,CW→CC,2026-07-19,,20166.0,20166.0,280,Estudiante
3480,312862854,Los Canelos,Concepcion,20166.0,L2,V1,2026-07-19 19:12:06,2026-07-19 19:57:52,CW→CC,2026-07-19,,20166.0,20166.0,280,Estudiante
3481,312864726,Lomas Coloradas,Concepcion,20062.0,L2,V1,2026-07-19 14:08:25,2026-07-19 14:32:30,CW→CC,2026-07-19,,20062.0,20062.0,190,Estudiante
3482,312864743,Cristo Redentor,Concepcion,20152.0,L2,V1,2026-07-19 08:33:32,2026-07-19 09:13:31,CW→CC,2026-07-19,,20152.0,20152.0,280,Estudiante
3483,312864743,Concepcion,Cristo Redentor,20171.0,L2,V1,2026-07-19 20:41:17,2026-07-19 21:36:40,CC→CW,2026-07-19,,20171.0,20171.0,280,Estudiante
3484,312864781,Cristo Redentor,Costa Mar,20160.0,L2,V1,2026-07-19 17:50:26,2026-07-19 18:43:37,CW→CC,2026-07-19,,20160.0,20160.0,210,Estudiante
3485,312864790,Coronel,El Parque,20156.0,L2,V1,2026-07-19 09:11:50,2026-07-19 09:42:17,CW→CC,2026-07-19,,20156.0,20156.0,220,Estudiante
3486,312864790,El Parque,Coronel,20167.0,L2,V1,2026-07-19 20:04:23,2026-07-19 20:44:09,CC→CW,2026-07-19,,20167.0,20167.0,220,Estudiante
3487,2000000120,Cdal. Raul Silva Henriquez,Concepcion,20156.0,L2,V1,2026-07-19 09:17:49,2026-07-19 09:57:19,CW→CC,2026-07-19,,20156.0,20156.0,570,Monedero
3488,2000000120,Concepcion,Cdal. Raul Silva Henriquez,20163.0,L2,V1,2026-07-19 18:48:24,2026-07-19 19:22:37,CC→CW,2026-07-19,,20163.0,20163.0,570,Monedero
3489,2000000469,Coronel,Cdal. Raul Silva Henriquez,20050.0,L2,V1,2026-07-19 10:54:56,2026-07-19 11:20:26,CW→CC,2026-07-19,,20050.0,20050.0,650,Monedero
3490,2000000601,Laguna Quinenco,El Parque,20166.0,L2,V1,2026-07-19 19:02:39,2026-07-19 19:41:47,CW→CC,2026-07-19,,20166.0,20166.0,650,Monedero
3491,2000000714,Concepcion,Manquimavida,20845.0,L1,V1,2026-07-19 16:24:14,2026-07-19 16:46:44,TH→HQ,2026-07-19,,20845.0,20845.0,510,Monedero
3492,2000000714,Concepcion,Manquimavida,20845.0,L1,V1,2026-07-19 16:24:21,2026-07-19 16:46:38,TH→HQ,2026-07-19,,20845.0,20845.0,510,Monedero
3493,2000001293,Concepcion,Costa Mar,20163.0,L2,V1,2026-07-19 18:51:58,2026-07-19 19:14:36,CC→CW,2026-07-19,,20163.0,20163.0,570,Monedero
3494,2000001464,Concepcion,Lzo. Arenas,20848.0,L1,V1,2026-07-19 20:21:27,2026-07-19 21:09:30,HQ→TH,2026-07-19,combo_por_entrada,20848.0,20848.0,570,Monedero
3495,2000001464,Concepcion,Lzo. Arenas,20848.0,L1,V1,2026-07-19 20:21:36,2026-07-19 21:09:12,HQ→TH,2026-07-19,combo_por_entrada,20848.0,20170.0,570,Monedero
3496,2000002571,Concepcion,Coronel,20067.0,L2,V1,2026-07-19 15:21:30,2026-07-19 16:14:03,CC→CW,2026-07-19,,20067.0,20067.0,880,Monedero
3497,2000002571,Coronel,Concepcion,20160.0,L2,V1,2026-07-19 17:42:38,2026-07-19 18:28:28,CW→CC,2026-07-19,,20160.0,20160.0,880,Monedero
3498,2000002945,Cdal. Raul Silva Henriquez,Diagonal Bio Bio,20056.0,L2,V1,2026-07-19 12:26:00,2026-07-19 12:48:33,CW→CC,2026-07-19,,20056.0,20056.0,510,Monedero
3499,2000003064,Cristo Redentor,Lomas Coloradas,20166.0,L2,V1,2026-07-19 19:15:49,2026-07-19 19:38:25,CW→CC,2026-07-19,,20166.0,20166.0,630,Monedero
3500,2000003546,Lomas Coloradas,Diagonal Bio Bio,20062.0,L2,V1,2026-07-19 14:00:29,2026-07-19 14:23:53,CW→CC,2026-07-19,,20062.0,20062.0,510,Monedero
3501,2000003676,La Leonera,El Arenal,20850.0,L1,V1,2026-07-19 09:36:53,2026-07-19 10:20:23,HQ→TH,2026-07-19,,20850.0,20850.0,550,Monedero
3502,2000003974,Huinca,Concepcion,20066.0,L2,V1,2026-07-19 14:47:26,2026-07-19 15:30:54,CW→CC,2026-07-19,,20066.0,20066.0,850,Monedero
3503,2000003974,Concepcion,Huinca,20167.0,L2,V1,2026-07-19 19:48:26,2026-07-19 20:35:06,CC→CW,2026-07-19,,20167.0,20167.0,850,Monedero
3504,2000004258,Cristo Redentor,Laguna Quinenco,20157.0,L2,V1,2026-07-19 18:00:19,2026-07-19 18:09:54,CC→CW,2026-07-19,,20157.0,20157.0,450,Monedero
3505,2000004393,Lomas Coloradas,Concepcion,20062.0,L2,V1,2026-07-19 14:10:11,2026-07-19 14:33:01,CW→CC,2026-07-19,,20062.0,20062.0,570,Monedero
3506,2000004768,Costa Mar,Cristo Redentor,20059.0,L2,V1,2026-07-19 13:24:34,2026-07-19 13:56:39,CC→CW,2026-07-19,,20059.0,20059.0,630,Monedero
3507,2000004768,Huinca,Costa Mar,20162.0,L2,V1,2026-07-19 18:21:08,2026-07-19 18:43:31,CW→CC,2026-07-19,,20162.0,20162.0,630,Monedero
3508,2000005177,Cdal. Raul Silva Henriquez,Juan Pablo II,20066.0,L2,V1,2026-07-19 14:58:38,2026-07-19 15:22:09,CW→CC,2026-07-19,,20066.0,20066.0,510,Monedero
3509,2000005177,Juan Pablo II,Cdal. Raul Silva Henriquez,20161.0,L2,V1,2026-07-19 18:06:18,2026-07-19 18:54:13,CC→CW,2026-07-19,,20161.0,20161.0,510,Monedero
3510,2000005575,Coronel,Juan Pablo II,20056.0,L2,V1,2026-07-19 12:06:59,2026-07-19 12:51:23,CW→CC,2026-07-19,,20056.0,20056.0,790,Monedero
3511,2000005991,Los Canelos,Concepcion,20052.0,L2,V1,2026-07-19 11:23:56,2026-07-19 12:10:27,CW→CC,2026-07-19,,20052.0,20052.0,850,Monedero
3512,2000005991,Concepcion,Los Canelos,20059.0,L2,V1,2026-07-19 12:50:18,2026-07-19 13:51:48,CC→CW,2026-07-19,,20059.0,20059.0,850,Monedero
3513,2000006422,Diagonal Bio Bio,Concepcion,20066.0,L2,V1,2026-07-19 15:17:41,2026-07-19 15:29:27,CW→CC,2026-07-19,,20066.0,20066.0,0,Otros
3514,2000007031,Los Condores,Concepcion,20859.0,L1,V1,2026-07-19 12:10:50,2026-07-19 12:55:29,TH→HQ,2026-07-19,,20859.0,20859.0,500,Monedero
3515,2000007031,Los Condores,Concepcion,20859.0,L1,V1,2026-07-19 12:10:54,2026-07-19 12:55:25,TH→HQ,2026-07-19,,20859.0,20859.0,500,Monedero
3516,2000007123,Concepcion,Cristo Redentor,20071.0,L2,V1,2026-07-19 16:32:42,2026-07-19 17:17:59,CC→CW,2026-07-19,,20071.0,20071.0,850,Monedero
3517,2000007140,Concepcion,Lomas Coloradas,20051.0,L2,V1,2026-07-19 11:45:38,2026-07-19 12:31:11,CC→CW,2026-07-19,,20051.0,20051.0,570,Monedero
3518,2000007140,Lomas Coloradas,Concepcion,20162.0,L2,V1,2026-07-19 18:22:05,2026-07-19 18:58:36,CW→CC,2026-07-19,,20162.0,20162.0,570,Monedero
3519,2000008264,Coronel,Concepcion,20160.0,L2,V1,2026-07-19 17:29:50,2026-07-19 18:28:18,CW→CC,2026-07-19,,20160.0,20160.0,880,Monedero
3520,2000008326,Concepcion,Costa Mar,20167.0,L2,V1,2026-07-19 19:55:14,2026-07-19 20:13:35,CC→CW,2026-07-19,,20167.0,20167.0,570,Monedero
3521,2000008346,Alborada,Concepcion,20052.0,L2,V1,2026-07-19 11:39:51,2026-07-19 12:11:47,CW→CC,2026-07-19,,20052.0,20052.0,570,Monedero
3522,2000008346,Concepcion,Cdal. Raul Silva Henriquez,20063.0,L2,V1,2026-07-19 14:30:02,2026-07-19 14:57:33,CC→CW,2026-07-19,,20063.0,20063.0,570,Monedero
3523,2000008397,UTF Santa Maria,Manquimavida,20847.0,L1,V1,2026-07-19 20:07:11,2026-07-19 20:49:06,TH→HQ,2026-07-19,,20847.0,20847.0,540,Monedero
3524,2000008540,Los Condores,Manquimavida,20845.0,L1,V1,2026-07-19 16:10:24,2026-07-19 16:47:13,TH→HQ,2026-07-19,,20845.0,20845.0,540,Monedero
3525,2000008633,Cdal. Raul Silva Henriquez,Concepcion,20162.0,L2,V1,2026-07-19 18:23:22,2026-07-19 18:58:39,CW→CC,2026-07-19,,20162.0,20162.0,570,Monedero
3526,2000008747,Concepcion,Cdal. Raul Silva Henriquez,20067.0,L2,V1,2026-07-19 15:07:26,2026-07-19 15:53:37,CC→CW,2026-07-19,,20067.0,20067.0,570,Monedero
3527,2000008943,Lomas Coloradas,Concepcion,20180.0,L2,V1,2026-07-19 17:01:56,2026-07-19 17:29:35,CW→CC,2026-07-19,,20180.0,20180.0,570,Monedero
3528,2000009454,Concepcion,Hito Galvarino,20049.0,L2,V1,2026-07-19 11:33:17,2026-07-19 12:13:32,CC→CW,2026-07-19,,20049.0,20049.0,850,Monedero
3529,2000009632,Lomas Coloradas,Concepcion,20058.0,L2,V1,2026-07-19 12:51:29,2026-07-19 13:14:31,CW→CC,2026-07-19,,20058.0,20058.0,570,Monedero
3530,2000009632,Concepcion,Lomas Coloradas,20161.0,L2,V1,2026-07-19 18:13:33,2026-07-19 18:50:04,CC→CW,2026-07-19,,20161.0,20161.0,570,Monedero
3531,2000009717,Concepcion,El Parque,20067.0,L2,V1,2026-07-19 14:57:43,2026-07-19 15:48:34,CC→CW,2026-07-19,,20067.0,20067.0,570,Monedero
3532,2000009717,Concepcion,El Parque,20067.0,L2,V1,2026-07-19 14:57:49,2026-07-19 15:48:27,CC→CW,2026-07-19,,20067.0,20067.0,570,Monedero
3533,2000009809,Lomas Coloradas,Concepcion,20162.0,L2,V1,2026-07-19 18:25:06,2026-07-19 18:58:04,CW→CC,2026-07-19,,20162.0,20162.0,570,Monedero
3534,2000010335,Concepcion,El Parque,20071.0,L2,V1,2026-07-19 16:24:54,2026-07-19 16:57:50,CC→CW,2026-07-19,,20071.0,20071.0,570,Monedero
3535,2000010335,El Parque,Concepcion,20166.0,L2,V1,2026-07-19 19:15:28,2026-07-19 19:58:49,CW→CC,2026-07-19,,20166.0,20166.0,570,Monedero
3536,2000010655,Concepcion,Huinca,20059.0,L2,V1,2026-07-19 12:41:59,2026-07-19 13:53:35,CC→CW,2026-07-19,combo_por_entrada,20059.0,20059.0,880,Monedero
3537,2000010792,Concepcion,Los Canelos,20059.0,L2,V1,2026-07-19 12:00:41,2026-07-19 13:51:40,CC→CW,2026-07-19,combo_por_entrada,20059.0,20844.0,910,Monedero
3538,2000010792,Concepcion,Los Canelos,20059.0,L2,V1,2026-07-19 12:01:06,2026-07-19 13:51:32,CC→CW,2026-07-19,combo_por_entrada,20059.0,20844.0,910,Monedero
3539,2000011839,Juan Pablo II,Huinca,20149.0,L2,V1,2026-07-19 08:11:12,2026-07-19 09:05:25,CC→CW,2026-07-19,,20149.0,20149.0,680,Monedero
3540,2000012185,Cristo Redentor,Concepcion,20056.0,L2,V1,2026-07-19 12:04:28,2026-07-19 12:58:03,CW→CC,2026-07-19,,20056.0,20056.0,850,Monedero
3541,2000013402,Hualqui,Lzo. Arenas,20844.0,L1,V1,2026-07-19 12:15:00,2026-07-19 13:03:12,HQ→TH,2026-07-19,,20844.0,20844.0,550,Monedero
3542,2000013710,Costa Mar,Juan Pablo II,20050.0,L2,V1,2026-07-19 11:23:47,2026-07-19 11:35:53,CW→CC,2026-07-19,,20050.0,20050.0,510,Monedero
3543,2000013710,Juan Pablo II,Costa Mar,20063.0,L2,V1,2026-07-19 14:10:26,2026-07-19 14:49:36,CC→CW,2026-07-19,,20063.0,20063.0,510,Monedero
3544,2000014057,Lomas Coloradas,Los Canelos,20059.0,L2,V1,2026-07-19 13:36:49,2026-07-19 13:52:33,CC→CW,2026-07-19,,20059.0,20059.0,610,Monedero
3545,2000014675,Diagonal Bio Bio,Coronel,20149.0,L2,V1,2026-07-19 08:36:05,2026-07-19 09:12:00,CC→CW,2026-07-19,,20149.0,20149.0,790,Monedero
3546,2000015130,La Leonera,Concepcion,20850.0,L1,V1,2026-07-19 09:37:57,2026-07-19 09:58:52,HQ→TH,2026-07-19,,20850.0,20850.0,510,Monedero
3547,2000015213,Los Canelos,Diagonal Bio Bio,20156.0,L2,V1,2026-07-19 09:15:18,2026-07-19 09:48:18,CW→CC,2026-07-19,,20156.0,20156.0,650,Monedero
3548,2000015213,Concepcion,Los Canelos,20171.0,L2,V1,2026-07-19 20:20:15,2026-07-19 21:32:43,CC→CW,2026-07-19,,20171.0,20171.0,850,Monedero
3549,2000015413,Lomas Coloradas,Concepcion,20162.0,L2,V1,2026-07-19 18:23:26,2026-07-19 18:57:11,CW→CC,2026-07-19,,20162.0,20162.0,570,Monedero
3550,2000016138,Lomas Coloradas,Laguna Quinenco,20037.0,L2,V1,2026-07-19 10:12:40,2026-07-19 10:44:54,CC→CW,2026-07-19,,20037.0,20037.0,650,Monedero
3551,2000016138,Cristo Redentor,Lomas Coloradas,20062.0,L2,V1,2026-07-19 13:48:08,2026-07-19 14:14:04,CW→CC,2026-07-19,,20062.0,20062.0,630,Monedero
3552,2000016439,Lomas Coloradas,Concepcion,20044.0,L2,V1,2026-07-19 10:14:34,2026-07-19 10:48:27,CW→CC,2026-07-19,,20044.0,20044.0,570,Monedero
3553,2000017100,Cdal. Raul Silva Henriquez,Costa Mar,20062.0,L2,V1,2026-07-19 14:00:00,2026-07-19 14:19:18,CW→CC,2026-07-19,,20062.0,20062.0,430,Monedero
3554,2000017247,Juan Pablo II,Huinca,20163.0,L2,V1,2026-07-19 18:41:23,2026-07-19 19:35:28,CC→CW,2026-07-19,,20163.0,20161.0,680,Monedero
3555,2000017433,Concepcion,Cdal. Raul Silva Henriquez,20161.0,L2,V1,2026-07-19 18:16:00,2026-07-19 18:52:59,CC→CW,2026-07-19,,20161.0,20161.0,570,Monedero
3556,2000017692,Concepcion,Chiguayante,20859.0,L1,V1,2026-07-19 12:32:19,2026-07-19 13:10:29,TH→HQ,2026-07-19,match_por_salida_fallback,20859.0,20056.0,590,Monedero
3557,2000018229,Pedro Medina,Higueras,20848.0,L1,V1,2026-07-19 20:40:16,2026-07-19 21:20:04,HQ→TH,2026-07-19,,20848.0,20848.0,540,Monedero
3558,2000018566,Concepcion,Cdal. Raul Silva Henriquez,20071.0,L2,V1,2026-07-19 16:19:52,2026-07-19 17:05:31,CC→CW,2026-07-19,,20071.0,20071.0,570,Monedero
3559,2000018576,Concepcion,El Parque,20059.0,L2,V1,2026-07-19 13:10:09,2026-07-19 13:35:29,CC→CW,2026-07-19,,20059.0,20059.0,570,Monedero
3560,2000019071,Lomas Coloradas,Coronel,20041.0,L2,V1,2026-07-19 10:44:35,2026-07-19 11:12:49,CC→CW,2026-07-19,,20041.0,20041.0,650,Monedero
3561,2000019071,Coronel,Lomas Coloradas,20062.0,L2,V1,2026-07-19 13:38:40,2026-07-19 14:13:41,CW→CC,2026-07-19,,20062.0,20062.0,650,Monedero
3562,2000019187,Lomas Coloradas,Cristo Redentor,20037.0,L2,V1,2026-07-19 10:20:41,2026-07-19 10:41:22,CC→CW,2026-07-19,,20037.0,20037.0,630,Monedero
3563,2000019428,Coronel,Concepcion,20062.0,L2,V1,2026-07-19 13:37:05,2026-07-19 14:33:40,CW→CC,2026-07-19,,20062.0,20062.0,880,Monedero
3564,2000020568,Laguna Quinenco,Concepcion,20166.0,L2,V1,2026-07-19 18:43:43,2026-07-19 19:58:32,CW→CC,2026-07-19,,20166.0,20166.0,880,Monedero
3565,2000020930,Los Canelos,Lomas Coloradas,20162.0,L2,V1,2026-07-19 18:20:27,2026-07-19 18:38:12,CW→CC,2026-07-19,,20162.0,20162.0,610,Monedero
3566,2000021071,Los Condores,Lzo. Arenas,20845.0,L1,V1,2026-07-19 16:07:25,2026-07-19 16:19:25,TH→HQ,2026-07-19,,20845.0,20845.0,500,Monedero
3567,2000021088,Concepcion,Lomas Coloradas,20053.0,L2,V1,2026-07-19 12:09:30,2026-07-19 12:31:20,CC→CW,2026-07-19,,20053.0,20053.0,570,Monedero
3568,2000021189,Los Canelos,Costa Mar,20040.0,L2,V1,2026-07-19 09:48:41,2026-07-19 10:09:03,CW→CC,2026-07-19,,20040.0,20040.0,610,Monedero
3569,2000021189,Costa Mar,Los Canelos,20053.0,L2,V1,2026-07-19 12:22:09,2026-07-19 12:42:22,CC→CW,2026-07-19,,20053.0,20053.0,610,Monedero
3570,2000021189,Los Canelos,Lomas Coloradas,20068.0,L2,V1,2026-07-19 15:40:59,2026-07-19 15:59:26,CW→CC,2026-07-19,,20068.0,20068.0,610,Monedero
3571,2000022377,Cdal. Raul Silva Henriquez,Laguna Quinenco,20167.0,L2,V1,2026-07-19 20:12:43,2026-07-19 20:40:46,CC→CW,2026-07-19,,20167.0,20167.0,650,Monedero
3572,2000022726,Laguna Quinenco,Lomas Coloradas,20170.0,L2,V1,2026-07-19 20:12:53,2026-07-19 20:38:58,CW→CC,2026-07-19,,20170.0,20170.0,650,Monedero
3573,2000023494,Hito Galvarino,Cristo Redentor,20149.0,L2,V1,2026-07-19 08:32:22,2026-07-19 09:06:54,CC→CW,2026-07-19,,20149.0,20149.0,460,Monedero
3574,2000023494,Coronel,Cristo Redentor,20056.0,L2,V1,2026-07-19 11:48:06,2026-07-19 12:21:24,CW→CC,2026-07-19,,20056.0,20056.0,450,Monedero
3575,2000023552,Costa Mar,Hito Galvarino,20059.0,L2,V1,2026-07-19 13:24:20,2026-07-19 13:47:37,CC→CW,2026-07-19,,20059.0,20059.0,610,Monedero
3576,2000023552,Hito Galvarino,Costa Mar,20068.0,L2,V1,2026-07-19 15:42:21,2026-07-19 16:03:39,CW→CC,2026-07-19,,20068.0,20068.0,610,Monedero
3577,2000023644,Coronel,Cristo Redentor,20166.0,L2,V1,2026-07-19 18:44:42,2026-07-19 19:23:19,CW→CC,2026-07-19,,20166.0,20166.0,450,Monedero
3578,2000024419,Huinca,Coronel,20067.0,L2,V1,2026-07-19 15:55:12,2026-07-19 16:13:48,CC→CW,2026-07-19,,20067.0,20067.0,450,Monedero
3579,2000024646,Juan Pablo II,Costa Mar,20071.0,L2,V1,2026-07-19 16:24:40,2026-07-19 16:56:12,CC→CW,2026-07-19,,20071.0,20071.0,510,Monedero
3580,2000024874,Coronel,El Parque,20052.0,L2,V1,2026-07-19 11:18:39,2026-07-19 11:46:40,CW→CC,2026-07-19,,20052.0,20052.0,650,Monedero
3581,2000025424,El Parque,Coronel,20059.0,L2,V1,2026-07-19 13:29:19,2026-07-19 14:00:13,CC→CW,2026-07-19,,20059.0,20059.0,650,Monedero
3582,2000025854,Cdal. Raul Silva Henriquez,Costa Mar,20050.0,L2,V1,2026-07-19 11:03:04,2026-07-19 11:28:35,CW→CC,2026-07-19,,20050.0,20050.0,430,Monedero
3583,2000025854,Costa Mar,Cdal. Raul Silva Henriquez,20053.0,L2,V1,2026-07-19 12:10:18,2026-07-19 12:33:12,CC→CW,2026-07-19,,20053.0,20053.0,430,Monedero
3584,2000026456,Cristo Redentor,Cdal. Raul Silva Henriquez,20058.0,L2,V1,2026-07-19 12:27:45,2026-07-19 12:50:36,CW→CC,2026-07-19,,20058.0,20056.0,630,Monedero
3585,2000026611,Los Canelos,Concepcion,20058.0,L2,V1,2026-07-19 12:35:02,2026-07-19 13:17:59,CW→CC,2026-07-19,,20058.0,20058.0,850,Monedero
3586,2000026611,Los Canelos,Concepcion,20058.0,L2,V1,2026-07-19 12:35:05,2026-07-19 13:14:15,CW→CC,2026-07-19,,20058.0,20058.0,850,Monedero
3587,2000026611,Concepcion,Los Canelos,20157.0,L2,V1,2026-07-19 17:03:44,2026-07-19 18:02:21,CC→CW,2026-07-19,,20157.0,,850,Monedero
3588,2000026611,Concepcion,Los Canelos,20157.0,L2,V1,2026-07-19 17:03:47,2026-07-19 18:02:18,CC→CW,2026-07-19,,20157.0,,850,Monedero
3589,2000026748,Coronel,El Parque,20156.0,L2,V1,2026-07-19 09:09:58,2026-07-19 09:41:15,CW→CC,2026-07-19,,20156.0,20156.0,650,Monedero
3590,2000026748,El Parque,Coronel,20163.0,L2,V1,2026-07-19 19:09:15,2026-07-19 19:43:45,CC→CW,2026-07-19,,20163.0,20163.0,650,Monedero
3591,2000026755,Juan Pablo II,Lomas Coloradas,20171.0,L2,V1,2026-07-19 20:09:19,2026-07-19 21:20:22,CC→CW,2026-07-19,,20171.0,20167.0,510,Monedero
3592,2000027093,Juan Pablo II,Costa Mar,20063.0,L2,V1,2026-07-19 14:33:28,2026-07-19 14:50:02,CC→CW,2026-07-19,,20063.0,20063.0,510,Monedero
3593,2000027476,Mercado,La Leonera,20857.0,L1,V1,2026-07-19 08:25:51,2026-07-19 09:19:12,TH→HQ,2026-07-19,,20857.0,20857.0,550,Monedero
3594,2000027583,Concepcion,Laguna Quinenco,20163.0,L2,V1,2026-07-19 18:48:25,2026-07-19 19:41:20,CC→CW,2026-07-19,,20163.0,20163.0,880,Monedero
3595,2000028153,Cristo Redentor,Laguna Quinenco,20071.0,L2,V1,2026-07-19 16:11:49,2026-07-19 17:20:45,CC→CW,2026-07-19,,20071.0,20067.0,450,Monedero
3596,2000028483,Concepcion,Lomas Coloradas,20071.0,L2,V1,2026-07-19 16:06:54,2026-07-19 16:58:58,CC→CW,2026-07-19,,20071.0,20071.0,570,Monedero
3597,2000028786,Concepcion,Diagonal Bio Bio,20067.0,L2,V1,2026-07-19 15:25:36,2026-07-19 15:40:30,CC→CW,2026-07-19,,20067.0,20067.0,570,Monedero
3598,2000028786,Concepcion,Lomas Coloradas,20163.0,L2,V1,2026-07-19 18:53:41,2026-07-19 19:20:34,CC→CW,2026-07-19,,20163.0,20163.0,570,Monedero
3599,2000028829,Cdal. Raul Silva Henriquez,Concepcion,20166.0,L2,V1,2026-07-19 19:29:21,2026-07-19 20:01:05,CW→CC,2026-07-19,,20166.0,20166.0,570,Monedero
3600,2000029090,Concepcion,Cristo Redentor,20171.0,L2,V1,2026-07-19 20:40:34,2026-07-19 21:36:29,CC→CW,2026-07-19,,20171.0,20171.0,850,Monedero
3601,2000030609,Costa Mar,Coronel,20163.0,L2,V1,2026-07-19 19:01:01,2026-07-19 19:43:30,CC→CW,2026-07-19,,20163.0,20163.0,650,Monedero
3602,2000030840,Los Canelos,Concepcion,20166.0,L2,V1,2026-07-19 19:21:03,2026-07-19 20:07:14,CW→CC,2026-07-19,,20166.0,20166.0,850,Monedero
3603,2000030880,Diagonal Bio Bio,Cristo Redentor,20051.0,L2,V1,2026-07-19 11:48:13,2026-07-19 12:22:11,CC→CW,2026-07-19,,20051.0,20051.0,680,Monedero
3604,2000030880,Cristo Redentor,Diagonal Bio Bio,20162.0,L2,V1,2026-07-19 18:08:51,2026-07-19 18:48:40,CW→CC,2026-07-19,,20162.0,20162.0,680,Monedero
3605,2000031162,Los Condores,Hualqui,20859.0,L1,V1,2026-07-19 12:20:41,2026-07-19 13:29:11,TH→HQ,2026-07-19,,20859.0,20859.0,560,Monedero
3606,2000031813,El Parque,Laguna Quinenco,20053.0,L2,V1,2026-07-19 12:23:06,2026-07-19 12:49:20,CC→CW,2026-07-19,,20053.0,20053.0,650,Monedero
3607,2000031839,Diagonal Bio Bio,Los Canelos,20163.0,L2,V1,2026-07-19 19:05:45,2026-07-19 19:32:17,CC→CW,2026-07-19,,20163.0,20163.0,650,Monedero
3608,2000032605,Concepcion,Laguna Quinenco,20037.0,L2,V1,2026-07-19 09:55:30,2026-07-19 10:45:15,CC→CW,2026-07-19,,20037.0,20037.0,880,Monedero
3609,2000032605,Laguna Quinenco,Concepcion,20170.0,L2,V1,2026-07-19 20:10:15,2026-07-19 20:59:24,CW→CC,2026-07-19,,20170.0,20170.0,880,Monedero
3610,2000033602,Costa Mar,Huinca,20037.0,L2,V1,2026-07-19 09:59:21,2026-07-19 10:39:38,CC→CW,2026-07-19,,20037.0,20037.0,630,Monedero
3611,2000035436,Concepcion,Huinca,20051.0,L2,V1,2026-07-19 11:45:43,2026-07-19 12:44:47,CC→CW,2026-07-19,,20051.0,20051.0,850,Monedero
3612,2000035450,Laguna Quinenco,Concepcion,20166.0,L2,V1,2026-07-19 19:11:04,2026-07-19 19:59:25,CW→CC,2026-07-19,,20166.0,20166.0,880,Monedero
3613,2000035583,Concepcion,Huinca,20163.0,L2,V1,2026-07-19 18:52:12,2026-07-19 19:35:22,CC→CW,2026-07-19,,20163.0,20163.0,850,Monedero
3614,2000035804,Coronel,Concepcion,20162.0,L2,V1,2026-07-19 18:15:16,2026-07-19 19:04:06,CW→CC,2026-07-19,,20162.0,20162.0,880,Monedero
3615,2000036865,El Parque,Los Canelos,20063.0,L2,V1,2026-07-19 14:45:06,2026-07-19 15:07:26,CC→CW,2026-07-19,,20063.0,20063.0,610,Monedero
3616,2000037285,Coronel,Costa Mar,20056.0,L2,V1,2026-07-19 12:13:04,2026-07-19 13:32:22,CW→CC,2026-07-19,,20056.0,20056.0,650,Monedero
3617,2000037300,Concepcion,Lomas Coloradas,20171.0,L2,V1,2026-07-19 20:43:03,2026-07-19 21:19:34,CC→CW,2026-07-19,,20171.0,20171.0,570,Monedero
3618,2000037993,Lomas Coloradas,Laguna Quinenco,20059.0,L2,V1,2026-07-19 13:27:25,2026-07-19 13:58:26,CC→CW,2026-07-19,,20059.0,20059.0,650,Monedero
3619,2000037993,Laguna Quinenco,Lomas Coloradas,20166.0,L2,V1,2026-07-19 18:58:23,2026-07-19 19:38:55,CW→CC,2026-07-19,,20166.0,20166.0,650,Monedero
3620,2000038015,Concepcion,Coronel,20153.0,L2,V1,2026-07-19 09:10:42,2026-07-19 09:57:19,CC→CW,2026-07-19,,20153.0,20153.0,880,Monedero
3621,2000038015,Los Canelos,Concepcion,20162.0,L2,V1,2026-07-19 18:12:27,2026-07-19 18:58:43,CW→CC,2026-07-19,,20162.0,20162.0,850,Monedero
3622,2000039094,Costa Mar,El Parque,20163.0,L2,V1,2026-07-19 19:09:19,2026-07-19 19:16:46,CC→CW,2026-07-19,,20163.0,20163.0,430,Monedero
3623,2000039478,Alborada,Concepcion,20160.0,L2,V1,2026-07-19 18:10:10,2026-07-19 18:28:46,CW→CC,2026-07-19,,20160.0,20160.0,570,Monedero
3624,2000039610,Lomas Coloradas,Concepcion,20052.0,L2,V1,2026-07-19 11:37:46,2026-07-19 12:10:45,CW→CC,2026-07-19,,20052.0,20052.0,570,Monedero
3625,2000039610,Concepcion,Costa Mar,20059.0,L2,V1,2026-07-19 12:32:15,2026-07-19 13:32:11,CC→CW,2026-07-19,,20059.0,20059.0,570,Monedero
3626,2000040335,Coronel,Concepcion,20166.0,L2,V1,2026-07-19 18:57:21,2026-07-19 20:03:41,CW→CC,2026-07-19,,20166.0,20166.0,880,Monedero
3627,2000040363,Concepcion,Coronel,20051.0,L2,V1,2026-07-19 11:42:37,2026-07-19 12:27:34,CC→CW,2026-07-19,,20051.0,20051.0,880,Monedero
3628,2000041141,Concepcion,El Parque,20053.0,L2,V1,2026-07-19 12:08:56,2026-07-19 12:29:40,CC→CW,2026-07-19,,20053.0,20053.0,570,Monedero
3629,2000041750,El Parque,Cristo Redentor,20157.0,L2,V1,2026-07-19 17:24:14,2026-07-19 18:08:39,CC→CW,2026-07-19,,20157.0,20157.0,630,Monedero
3630,2000041890,Hito Galvarino,Concepcion,20166.0,L2,V1,2026-07-19 19:23:50,2026-07-19 19:58:12,CW→CC,2026-07-19,,20166.0,20166.0,850,Monedero
3631,2000042960,Lomas Coloradas,Huinca,20049.0,L2,V1,2026-07-19 11:49:03,2026-07-19 12:04:32,CC→CW,2026-07-19,,20049.0,20049.0,630,Monedero
3632,2000043110,Costa Mar,Cdal. Raul Silva Henriquez,20053.0,L2,V1,2026-07-19 12:24:46,2026-07-19 12:34:09,CC→CW,2026-07-19,,20053.0,20053.0,430,Monedero
3633,2000043275,Diagonal Bio Bio,Coronel,20157.0,L2,V1,2026-07-19 17:38:51,2026-07-19 18:13:16,CC→CW,2026-07-19,,20157.0,20157.0,790,Monedero
3634,2000044052,Costa Mar,Concepcion,20152.0,L2,V1,2026-07-19 08:59:13,2026-07-19 09:57:34,CW→CC,2026-07-19,,20152.0,20152.0,570,Monedero
3635,2000044052,Concepcion,Costa Mar,20063.0,L2,V1,2026-07-19 14:25:46,2026-07-19 14:49:19,CC→CW,2026-07-19,,20063.0,20063.0,570,Monedero
3636,2000044353,Coronel,Concepcion,20166.0,L2,V1,2026-07-19 19:11:35,2026-07-19 20:01:01,CW→CC,2026-07-19,,20166.0,20166.0,880,Monedero
3637,2000044753,Concepcion,Costa Mar,20149.0,L2,V1,2026-07-19 08:14:29,2026-07-19 08:43:16,CC→CW,2026-07-19,,20149.0,20149.0,570,Monedero
3638,2000044753,Costa Mar,Concepcion,20160.0,L2,V1,2026-07-19 18:02:04,2026-07-19 18:27:56,CW→CC,2026-07-19,,20160.0,20160.0,570,Monedero
3639,2000044851,Concepcion,Lomas Coloradas,20059.0,L2,V1,2026-07-19 12:59:36,2026-07-19 13:39:48,CC→CW,2026-07-19,,20059.0,20059.0,570,Monedero
3640,2000044851,Concepcion,Lomas Coloradas,20059.0,L2,V1,2026-07-19 12:59:45,2026-07-19 13:39:41,CC→CW,2026-07-19,,20059.0,20059.0,570,Monedero
3641,2000044851,Concepcion,Lomas Coloradas,20059.0,L2,V1,2026-07-19 12:59:51,2026-07-19 13:39:35,CC→CW,2026-07-19,,20059.0,20059.0,570,Monedero
3642,2000044875,Concepcion,Concepcion,,,,2026-07-19 16:03:47,2026-07-19 16:05:40,,2026-07-19,no viajo,,,420,Monedero
3643,2000044875,Concepcion,Costa Mar,20071.0,L2,V1,2026-07-19 16:35:27,2026-07-19 16:54:14,CC→CW,2026-07-19,,20071.0,20071.0,570,Monedero
3644,2000047663,Cristo Redentor,Juan Pablo II,20162.0,L2,V1,2026-07-19 18:15:32,2026-07-19 18:50:57,CW→CC,2026-07-19,,20162.0,20162.0,680,Monedero
3645,2000048186,Cristo Redentor,Diagonal Bio Bio,20156.0,L2,V1,2026-07-19 09:06:13,2026-07-19 09:48:27,CW→CC,2026-07-19,,20156.0,20156.0,680,Monedero
3646,2000048186,Diagonal Bio Bio,Cristo Redentor,20067.0,L2,V1,2026-07-19 15:11:25,2026-07-19 16:08:01,CC→CW,2026-07-19,,20067.0,20067.0,680,Monedero
3647,2000048232,Coronel,El Parque,20160.0,L2,V1,2026-07-19 16:52:40,2026-07-19 18:11:24,CW→CC,2026-07-19,,20160.0,20180.0,650,Monedero
3648,2000048232,Coronel,El Parque,20160.0,L2,V1,2026-07-19 16:52:45,2026-07-19 18:11:15,CW→CC,2026-07-19,,20160.0,20180.0,650,Monedero
3649,2000048321,Concepcion,Hito Galvarino,20153.0,L2,V1,2026-07-19 08:52:05,2026-07-19 09:43:24,CC→CW,2026-07-19,,20153.0,20153.0,850,Monedero
3650,2000048321,Costa Mar,Concepcion,20162.0,L2,V1,2026-07-19 18:27:15,2026-07-19 18:57:36,CW→CC,2026-07-19,,20162.0,20162.0,570,Monedero
3651,2000048339,Alborada,Hito Galvarino,20163.0,L2,V1,2026-07-19 19:07:48,2026-07-19 19:28:14,CC→CW,2026-07-19,,20163.0,20163.0,650,Monedero
3652,2000048932,Cdal. Raul Silva Henriquez,Costa Mar,20052.0,L2,V1,2026-07-19 11:25:16,2026-07-19 11:48:32,CW→CC,2026-07-19,,20052.0,20050.0,430,Monedero
3653,2000048932,Diagonal Bio Bio,Cdal. Raul Silva Henriquez,20157.0,L2,V1,2026-07-19 17:23:49,2026-07-19 17:52:25,CC→CW,2026-07-19,,20157.0,20157.0,510,Monedero
3654,2000049569,Cristo Redentor,Concepcion,20166.0,L2,V1,2026-07-19 19:09:54,2026-07-19 20:00:59,CW→CC,2026-07-19,,20166.0,20166.0,850,Monedero
3655,2000049569,Cristo Redentor,Concepcion,20166.0,L2,V1,2026-07-19 19:10:03,2026-07-19 20:00:55,CW→CC,2026-07-19,,20166.0,20166.0,850,Monedero
3656,2000049635,Cristo Redentor,Concepcion,20040.0,L2,V1,2026-07-19 09:41:06,2026-07-19 10:23:20,CW→CC,2026-07-19,,20040.0,20040.0,850,Monedero
3657,2000049635,Cristo Redentor,Concepcion,20040.0,L2,V1,2026-07-19 09:41:11,2026-07-19 10:23:15,CW→CC,2026-07-19,,20040.0,20040.0,850,Monedero
3658,2000050019,Manquimavida,Lzo. Arenas,20844.0,L1,V1,2026-07-19 12:29:53,2026-07-19 13:03:57,HQ→TH,2026-07-19,,20844.0,20844.0,510,Monedero
3659,2000050287,Cdal. Raul Silva Henriquez,Costa Mar,20062.0,L2,V1,2026-07-19 14:08:14,2026-07-19 14:21:09,CW→CC,2026-07-19,,20062.0,20062.0,430,Monedero
3660,2000050375,Laguna Quinenco,Los Canelos,20162.0,L2,V1,2026-07-19 18:18:01,2026-07-19 18:25:28,CW→CC,2026-07-19,,20162.0,20162.0,530,Monedero
3661,2000050509,Concepcion,Pedro Medina,20847.0,L1,V1,2026-07-19 20:11:54,2026-07-19 20:46:43,TH→HQ,2026-07-19,,20847.0,20847.0,510,Monedero
3662,2000050509,Concepcion,Pedro Medina,20847.0,L1,V1,2026-07-19 20:12:01,2026-07-19 20:46:37,TH→HQ,2026-07-19,,20847.0,20847.0,510,Monedero
3663,2000050864,Los Canelos,Concepcion,20058.0,L2,V1,2026-07-19 12:29:29,2026-07-19 13:14:55,CW→CC,2026-07-19,,20058.0,20056.0,850,Monedero
3664,2000051221,Lomas Coloradas,Concepcion,20180.0,L2,V1,2026-07-19 17:06:20,2026-07-19 17:30:11,CW→CC,2026-07-19,,20180.0,20180.0,570,Monedero
3665,2000051221,Lomas Coloradas,Concepcion,20180.0,L2,V1,2026-07-19 17:06:25,2026-07-19 17:30:05,CW→CC,2026-07-19,,20180.0,20180.0,570,Monedero
3666,2000051343,Concepcion,Coronel,20059.0,L2,V1,2026-07-19 12:58:32,2026-07-19 14:02:36,CC→CW,2026-07-19,,20059.0,20059.0,880,Monedero
3667,2000051343,Concepcion,Coronel,20059.0,L2,V1,2026-07-19 12:59:04,2026-07-19 14:02:22,CC→CW,2026-07-19,,20059.0,20059.0,880,Monedero
3668,2000051371,Los Canelos,Concepcion,20180.0,L2,V1,2026-07-19 16:50:27,2026-07-19 17:41:34,CW→CC,2026-07-19,combo_por_entrada,20180.0,20846.0,850,Monedero
3669,2000051374,Concepcion,El Parque,20161.0,L2,V1,2026-07-19 17:54:53,2026-07-19 18:48:58,CC→CW,2026-07-19,,20161.0,20161.0,570,Monedero
3670,2000051479,Concepcion,Mercado,20848.0,L1,V1,2026-07-19 20:14:59,2026-07-19 21:26:05,HQ→TH,2026-07-19,combo_por_entrada,20848.0,20848.0,900,Monedero
3671,2000051674,Coronel,Costa Mar,20152.0,L2,V1,2026-07-19 08:21:33,2026-07-19 08:58:51,CW→CC,2026-07-19,,20152.0,20152.0,650,Monedero
3672,2000051925,Hito Galvarino,Cristo Redentor,20153.0,L2,V1,2026-07-19 09:42:26,2026-07-19 09:51:40,CC→CW,2026-07-19,,20153.0,20153.0,460,Monedero
3673,2000051973,Costa Mar,Laguna Quinenco,20153.0,L2,V1,2026-07-19 09:25:12,2026-07-19 09:55:20,CC→CW,2026-07-19,,20153.0,20153.0,650,Monedero
3674,2000051973,Laguna Quinenco,Costa Mar,20170.0,L2,V1,2026-07-19 20:06:55,2026-07-19 20:43:47,CW→CC,2026-07-19,,20170.0,20170.0,650,Monedero
3675,2000053528,Los Canelos,Diagonal Bio Bio,20050.0,L2,V1,2026-07-19 10:53:17,2026-07-19 11:33:21,CW→CC,2026-07-19,,20050.0,20050.0,650,Monedero
3676,2000054010,Diagonal Bio Bio,Concepcion,20044.0,L2,V1,2026-07-19 10:26:57,2026-07-19 10:49:12,CW→CC,2026-07-19,,20044.0,20044.0,570,Monedero
3677,2000054101,Los Canelos,Concepcion,20066.0,L2,V1,2026-07-19 14:47:39,2026-07-19 15:29:00,CW→CC,2026-07-19,,20066.0,20066.0,850,Monedero
3678,2000054101,Concepcion,Los Canelos,20171.0,L2,V1,2026-07-19 20:19:07,2026-07-19 21:33:03,CC→CW,2026-07-19,,20171.0,20171.0,850,Monedero
3679,2000054283,Costa Mar,Concepcion,20152.0,L2,V1,2026-07-19 08:43:36,2026-07-19 09:13:07,CW→CC,2026-07-19,,20152.0,20152.0,570,Monedero
3680,2000054574,Costa Mar,Laguna Quinenco,20063.0,L2,V1,2026-07-19 13:59:23,2026-07-19 15:14:22,CC→CW,2026-07-19,,20063.0,20063.0,650,Monedero
3681,2000054599,Concepcion,Laguna Quinenco,20161.0,L2,V1,2026-07-19 16:33:01,2026-07-19 19:10:21,CC→CW,2026-07-19,combo_relajado_pase2,20161.0,20161.0,970,Monedero
3682,2000054599,Concepcion,Laguna Quinenco,20161.0,L2,V1,2026-07-19 16:33:06,2026-07-19 19:10:16,CC→CW,2026-07-19,combo_relajado_pase2,20161.0,20161.0,970,Monedero
3683,2000055062,Cristo Redentor,Concepcion,20180.0,L2,V1,2026-07-19 16:48:02,2026-07-19 17:29:05,CW→CC,2026-07-19,,20180.0,20180.0,850,Monedero
3684,2000055062,Concepcion,Cristo Redentor,20163.0,L2,V1,2026-07-19 18:38:39,2026-07-19 19:37:18,CC→CW,2026-07-19,,20163.0,20161.0,850,Monedero
3685,2000055877,Cristo Redentor,Lomas Coloradas,20044.0,L2,V1,2026-07-19 09:54:01,2026-07-19 10:30:00,CW→CC,2026-07-19,,20044.0,20040.0,630,Monedero
3686,2000055877,Lomas Coloradas,Cristo Redentor,20041.0,L2,V1,2026-07-19 10:33:16,2026-07-19 11:07:59,CC→CW,2026-07-19,,20041.0,20041.0,630,Monedero
3687,2000055908,Los Canelos,Concepcion,20152.0,L2,V1,2026-07-19 08:20:19,2026-07-19 09:14:07,CW→CC,2026-07-19,,20152.0,20152.0,850,Monedero
3688,2000056496,UTF Santa Maria,Hualqui,20859.0,L1,V1,2026-07-19 12:41:07,2026-07-19 13:29:14,TH→HQ,2026-07-19,,20859.0,20859.0,560,Monedero
3689,2000057068,Laguna Quinenco,El Parque,20180.0,L2,V1,2026-07-19 16:35:40,2026-07-19 17:11:49,CW→CC,2026-07-19,,20180.0,20180.0,650,Monedero
3690,2000057068,El Parque,Concepcion,20162.0,L2,V1,2026-07-19 18:34:55,2026-07-19 19:03:05,CW→CC,2026-07-19,,20162.0,20162.0,570,Monedero
3691,2000057241,Laguna Quinenco,Costa Mar,20166.0,L2,V1,2026-07-19 18:55:34,2026-07-19 19:44:18,CW→CC,2026-07-19,,20166.0,20166.0,650,Monedero
3692,2000057876,Lomas Coloradas,Concepcion,20170.0,L2,V1,2026-07-19 20:19:11,2026-07-19 20:58:01,CW→CC,2026-07-19,,20170.0,20170.0,570,Monedero
3693,2000058036,Cdal. Raul Silva Henriquez,Concepcion,20152.0,L2,V1,2026-07-19 08:36:26,2026-07-19 09:14:23,CW→CC,2026-07-19,,20152.0,20152.0,570,Monedero
3694,2000058257,Juan Pablo II,Los Canelos,20071.0,L2,V1,2026-07-19 16:35:26,2026-07-19 17:12:27,CC→CW,2026-07-19,,20071.0,20071.0,650,Monedero
3695,2000058316,Coronel,Concepcion,20044.0,L2,V1,2026-07-19 09:53:01,2026-07-19 10:50:24,CW→CC,2026-07-19,,20044.0,20044.0,880,Monedero
3696,2000058764,Huinca,Laguna Quinenco,20037.0,L2,V1,2026-07-19 10:38:06,2026-07-19 10:43:48,CC→CW,2026-07-19,,20037.0,20037.0,450,Monedero
3697,2000058764,Laguna Quinenco,Huinca,20170.0,L2,V1,2026-07-19 20:06:35,2026-07-19 20:23:33,CW→CC,2026-07-19,,20170.0,20170.0,450,Monedero
3698,2000059040,Cristo Redentor,Concepcion,20040.0,L2,V1,2026-07-19 09:40:15,2026-07-19 10:22:54,CW→CC,2026-07-19,,20040.0,20040.0,850,Monedero
3699,2000059040,Concepcion,Cristo Redentor,20059.0,L2,V1,2026-07-19 12:49:03,2026-07-19 13:55:29,CC→CW,2026-07-19,,20059.0,20059.0,850,Monedero
3700,2000059205,Cdal. Raul Silva Henriquez,Diagonal Bio Bio,20056.0,L2,V1,2026-07-19 12:34:01,2026-07-19 12:48:38,CW→CC,2026-07-19,,20056.0,20056.0,510,Monedero
3701,2000059954,Concepcion,Laguna Quinenco,20053.0,L2,V1,2026-07-19 12:03:03,2026-07-19 12:49:11,CC→CW,2026-07-19,,20053.0,20053.0,880,Monedero
3702,2000059954,Laguna Quinenco,Concepcion,20166.0,L2,V1,2026-07-19 19:00:08,2026-07-19 20:01:24,CW→CC,2026-07-19,,20166.0,20166.0,880,Monedero
3703,2000060513,Los Canelos,Laguna Quinenco,20053.0,L2,V1,2026-07-19 12:36:44,2026-07-19 12:50:20,CC→CW,2026-07-19,,20053.0,20053.0,530,Monedero
3704,2000060513,Los Canelos,Laguna Quinenco,20053.0,L2,V1,2026-07-19 12:36:54,2026-07-19 12:50:11,CC→CW,2026-07-19,,20053.0,20053.0,530,Monedero
3705,2000060716,Cdal. Raul Silva Henriquez,Cristo Redentor,20071.0,L2,V1,2026-07-19 16:47:39,2026-07-19 17:17:38,CC→CW,2026-07-19,,20071.0,20071.0,630,Monedero
3706,2000060716,Cristo Redentor,Cdal. Raul Silva Henriquez,20160.0,L2,V1,2026-07-19 17:46:53,2026-07-19 18:04:18,CW→CC,2026-07-19,,20160.0,20180.0,630,Monedero
3707,2000060760,Hito Galvarino,Laguna Quinenco,20153.0,L2,V1,2026-07-19 09:39:35,2026-07-19 09:55:05,CC→CW,2026-07-19,,20153.0,20153.0,530,Monedero
3708,2000060760,Laguna Quinenco,Hito Galvarino,20160.0,L2,V1,2026-07-19 17:26:39,2026-07-19 17:57:59,CW→CC,2026-07-19,,20160.0,20160.0,530,Monedero
3709,2000060919,Alborada,Cdal. Raul Silva Henriquez,20171.0,L2,V1,2026-07-19 20:50:14,2026-07-19 21:23:24,CC→CW,2026-07-19,,20171.0,20171.0,510,Monedero
3710,2000060938,Laguna Quinenco,Costa Mar,20062.0,L2,V1,2026-07-19 13:53:26,2026-07-19 14:19:23,CW→CC,2026-07-19,,20062.0,20062.0,650,Monedero
3711,2000061149,Laguna Quinenco,Cristo Redentor,20166.0,L2,V1,2026-07-19 19:02:35,2026-07-19 19:23:24,CW→CC,2026-07-19,,20166.0,20166.0,450,Monedero
3712,2000061392,Cdal. Raul Silva Henriquez,Alborada,20166.0,L2,V1,2026-07-19 19:30:36,2026-07-19 19:47:31,CW→CC,2026-07-19,,20166.0,20166.0,510,Monedero
3713,2000061496,Concepcion,Hito Galvarino,20067.0,L2,V1,2026-07-19 15:19:20,2026-07-19 16:01:27,CC→CW,2026-07-19,,20067.0,20067.0,850,Monedero
3714,2000061496,Hito Galvarino,Concepcion,20162.0,L2,V1,2026-07-19 18:26:28,2026-07-19 18:59:02,CW→CC,2026-07-19,,20162.0,20162.0,850,Monedero
3715,2000061692,Concepcion,Cristo Redentor,20157.0,L2,V1,2026-07-19 17:19:28,2026-07-19 18:07:16,CC→CW,2026-07-19,,20157.0,20157.0,850,Monedero
3716,2000061696,Laguna Quinenco,Cristo Redentor,20058.0,L2,V1,2026-07-19 12:30:00,2026-07-19 12:37:12,CW→CC,2026-07-19,,20058.0,20058.0,450,Monedero
3717,2000061696,Laguna Quinenco,Cristo Redentor,20058.0,L2,V1,2026-07-19 12:30:07,2026-07-19 12:37:06,CW→CC,2026-07-19,,20058.0,20058.0,450,Monedero
3718,2000062197,Los Canelos,Costa Mar,20066.0,L2,V1,2026-07-19 14:54:59,2026-07-19 15:17:35,CW→CC,2026-07-19,,20066.0,20066.0,610,Monedero
3719,2000062681,Concepcion,Coronel,20149.0,L2,V1,2026-07-19 08:21:12,2026-07-19 09:13:33,CC→CW,2026-07-19,,20149.0,20149.0,880,Monedero
3720,2000063646,Concepcion,Lomas Coloradas,20071.0,L2,V1,2026-07-19 16:30:48,2026-07-19 16:59:12,CC→CW,2026-07-19,,20071.0,20071.0,570,Monedero
3721,2000063721,Cdal. Raul Silva Henriquez,Concepcion,20166.0,L2,V1,2026-07-19 19:25:22,2026-07-19 19:58:08,CW→CC,2026-07-19,,20166.0,20166.0,570,Monedero
3722,2000063808,Concepcion,Hualqui,20845.0,L1,V1,2026-07-19 16:13:22,2026-07-19 17:01:35,TH→HQ,2026-07-19,,20845.0,20845.0,550,Monedero
3723,2000063827,Hualqui,UTF Santa Maria,20850.0,L1,V1,2026-07-19 09:21:01,2026-07-19 10:09:49,HQ→TH,2026-07-19,,20850.0,20850.0,560,Monedero
3724,2000063827,Hualqui,UTF Santa Maria,20850.0,L1,V1,2026-07-19 09:21:06,2026-07-19 10:09:45,HQ→TH,2026-07-19,,20850.0,20850.0,560,Monedero
3725,2000063827,Hualqui,UTF Santa Maria,20850.0,L1,V1,2026-07-19 09:21:11,2026-07-19 10:09:41,HQ→TH,2026-07-19,,20850.0,20850.0,560,Monedero
3726,2000064434,El Parque,Concepcion,20156.0,L2,V1,2026-07-19 09:19:38,2026-07-19 09:57:58,CW→CC,2026-07-19,,20156.0,20156.0,570,Monedero
3727,2000064434,Concepcion,Costa Mar,20063.0,L2,V1,2026-07-19 14:25:04,2026-07-19 14:50:10,CC→CW,2026-07-19,,20063.0,20063.0,570,Monedero
3728,2000064655,Costa Mar,Lomas Coloradas,20063.0,L2,V1,2026-07-19 14:45:15,2026-07-19 14:54:32,CC→CW,2026-07-19,,20063.0,20063.0,430,Monedero
3729,2000064895,Los Canelos,El Parque,20040.0,L2,V1,2026-07-19 09:44:19,2026-07-19 10:06:55,CW→CC,2026-07-19,,20040.0,20040.0,610,Monedero
3730,2000064970,Manquimavida,Concepcion,20844.0,L1,V1,2026-07-19 12:24:31,2026-07-19 12:50:44,HQ→TH,2026-07-19,,20844.0,20844.0,510,Monedero
3731,2000064970,Concepcion,Manquimavida,20847.0,L1,V1,2026-07-19 20:25:01,2026-07-19 20:48:26,TH→HQ,2026-07-19,,20847.0,20847.0,510,Monedero
3732,2000065286,Laguna Quinenco,Cdal. Raul Silva Henriquez,20180.0,L2,V1,2026-07-19 16:41:10,2026-07-19 17:06:23,CW→CC,2026-07-19,,20180.0,20180.0,650,Monedero
3733,2000065286,Lomas Coloradas,Laguna Quinenco,20161.0,L2,V1,2026-07-19 18:47:07,2026-07-19 19:10:12,CC→CW,2026-07-19,,20161.0,20161.0,650,Monedero
3734,2000065725,Diagonal Bio Bio,Concepcion,20152.0,L2,V1,2026-07-19 08:43:47,2026-07-19 09:13:40,CW→CC,2026-07-19,,20152.0,20152.0,570,Monedero
3735,2000066043,Costa Mar,Coronel,20149.0,L2,V1,2026-07-19 08:41:22,2026-07-19 09:12:06,CC→CW,2026-07-19,,20149.0,20149.0,650,Monedero
3736,2000066375,Concepcion,Laguna Quinenco,20067.0,L2,V1,2026-07-19 15:16:54,2026-07-19 16:11:40,CC→CW,2026-07-19,,20067.0,20067.0,880,Monedero
3737,2000066839,Costa Mar,Cristo Redentor,20161.0,L2,V1,2026-07-19 18:39:22,2026-07-19 19:06:57,CC→CW,2026-07-19,,20161.0,20161.0,630,Monedero
3738,2000067716,Hito Galvarino,Coronel,20049.0,L2,V1,2026-07-19 11:44:39,2026-07-19 12:12:07,CC→CW,2026-07-19,,20049.0,20049.0,530,Monedero
3739,2000067727,El Parque,Concepcion,20152.0,L2,V1,2026-07-19 08:49:04,2026-07-19 09:13:28,CW→CC,2026-07-19,,20152.0,20152.0,570,Monedero
3740,2000067727,Concepcion,El Parque,20167.0,L2,V1,2026-07-19 19:46:59,2026-07-19 20:16:33,CC→CW,2026-07-19,,20167.0,20167.0,570,Monedero
3741,2000068080,Los Canelos,Cdal. Raul Silva Henriquez,20068.0,L2,V1,2026-07-19 15:36:33,2026-07-19 15:53:56,CW→CC,2026-07-19,,20068.0,20067.0,610,Monedero
3742,2000068080,Cdal. Raul Silva Henriquez,Los Canelos,20157.0,L2,V1,2026-07-19 17:33:11,2026-07-19 18:02:11,CC→CW,2026-07-19,,20157.0,,610,Monedero
3743,2000068197,Concepcion,Costa Mar,20071.0,L2,V1,2026-07-19 15:54:35,2026-07-19 16:53:51,CC→CW,2026-07-19,combo_por_entrada,20071.0,20845.0,590,Monedero
3744,2000068428,Concepcion,Cdal. Raul Silva Henriquez,20059.0,L2,V1,2026-07-19 13:03:43,2026-07-19 13:41:29,CC→CW,2026-07-19,,20059.0,20059.0,570,Monedero
3745,2000068428,Cdal. Raul Silva Henriquez,Concepcion,20162.0,L2,V1,2026-07-19 18:33:04,2026-07-19 18:58:47,CW→CC,2026-07-19,,20162.0,20162.0,570,Monedero
3746,2000068963,Concepcion,Lomas Coloradas,20171.0,L2,V1,2026-07-19 20:52:16,2026-07-19 21:19:39,CC→CW,2026-07-19,,20171.0,20171.0,570,Monedero
3747,2000069037,El Parque,Cristo Redentor,20163.0,L2,V1,2026-07-19 19:00:01,2026-07-19 19:37:40,CC→CW,2026-07-19,,20163.0,20163.0,630,Monedero
3748,2000069799,Cdal. Raul Silva Henriquez,El Parque,20058.0,L2,V1,2026-07-19 12:43:57,2026-07-19 12:56:09,CW→CC,2026-07-19,,20058.0,20058.0,430,Monedero
3749,2000069799,El Parque,Cdal. Raul Silva Henriquez,20063.0,L2,V1,2026-07-19 14:44:22,2026-07-19 14:57:47,CC→CW,2026-07-19,,20063.0,20063.0,430,Monedero
3750,2000069800,Cdal. Raul Silva Henriquez,Concepcion,20162.0,L2,V1,2026-07-19 18:24:50,2026-07-19 18:59:17,CW→CC,2026-07-19,,20162.0,20162.0,570,Monedero
3751,2000069800,Cdal. Raul Silva Henriquez,Concepcion,20162.0,L2,V1,2026-07-19 18:25:01,2026-07-19 18:59:08,CW→CC,2026-07-19,,20162.0,20162.0,570,Monedero
3752,2000070021,Concepcion,El Parque,20049.0,L2,V1,2026-07-19 11:14:02,2026-07-19 11:48:36,CC→CW,2026-07-19,,20049.0,20049.0,570,Monedero
3753,2000070021,Concepcion,El Parque,20049.0,L2,V1,2026-07-19 11:14:09,2026-07-19 11:48:29,CC→CW,2026-07-19,,20049.0,20049.0,570,Monedero
3754,2000070021,El Parque,Concepcion,20066.0,L2,V1,2026-07-19 14:54:58,2026-07-19 15:30:51,CW→CC,2026-07-19,,20066.0,20066.0,570,Monedero
3755,2000070021,El Parque,Concepcion,20066.0,L2,V1,2026-07-19 14:55:04,2026-07-19 15:30:11,CW→CC,2026-07-19,,20066.0,20066.0,570,Monedero
3756,2000072573,Laguna Quinenco,Los Canelos,20170.0,L2,V1,2026-07-19 20:07:20,2026-07-19 20:25:46,CW→CC,2026-07-19,,20170.0,20170.0,530,Monedero
3757,2000072789,Concepcion,El Parque,20071.0,L2,V1,2026-07-19 16:25:00,2026-07-19 16:57:34,CC→CW,2026-07-19,,20071.0,20071.0,570,Monedero
3758,2000072789,El Parque,Concepcion,20166.0,L2,V1,2026-07-19 19:15:35,2026-07-19 19:58:42,CW→CC,2026-07-19,,20166.0,20166.0,570,Monedero
3759,2000072951,Concepcion,Coronel,20163.0,L2,V1,2026-07-19 18:52:43,2026-07-19 19:44:52,CC→CW,2026-07-19,,20163.0,20163.0,880,Monedero
3760,2000073476,El Parque,Cristo Redentor,20059.0,L2,V1,2026-07-19 13:23:07,2026-07-19 13:55:16,CC→CW,2026-07-19,,20059.0,20059.0,630,Monedero
3761,2000073476,Cristo Redentor,Concepcion,20162.0,L2,V1,2026-07-19 18:13:52,2026-07-19 18:58:18,CW→CC,2026-07-19,,20162.0,20162.0,850,Monedero
3762,2000073516,Concepcion,Cristo Redentor,20059.0,L2,V1,2026-07-19 12:37:26,2026-07-19 13:55:55,CC→CW,2026-07-19,combo_por_entrada,20059.0,20059.0,880,Monedero
3763,2000073516,Cristo Redentor,Concepcion,20166.0,L2,V1,2026-07-19 19:11:45,2026-07-19 20:01:21,CW→CC,2026-07-19,,20166.0,20166.0,850,Monedero
3764,2000073601,Laguna Quinenco,Cdal. Raul Silva Henriquez,20180.0,L2,V1,2026-07-19 16:33:03,2026-07-19 17:06:07,CW→CC,2026-07-19,,20180.0,20180.0,650,Monedero
3765,2000073735,Juan Pablo II,Cristo Redentor,20161.0,L2,V1,2026-07-19 18:37:32,2026-07-19 19:36:54,CC→CW,2026-07-19,,20161.0,20161.0,680,Monedero
3766,2000074519,Laguna Quinenco,Concepcion,20166.0,L2,V1,2026-07-19 19:16:44,2026-07-19 20:02:20,CW→CC,2026-07-19,,20166.0,20166.0,880,Monedero
3767,2000074762,Concepcion,Cdal. Raul Silva Henriquez,20171.0,L2,V1,2026-07-19 20:41:45,2026-07-19 21:24:08,CC→CW,2026-07-19,,20171.0,20171.0,570,Monedero
3768,2000075084,Concepcion,Cdal. Raul Silva Henriquez,20063.0,L2,V1,2026-07-19 14:20:54,2026-07-19 14:57:07,CC→CW,2026-07-19,,20063.0,20063.0,570,Monedero
3769,2000075113,Concepcion,El Parque,20067.0,L2,V1,2026-07-19 15:24:03,2026-07-19 15:48:03,CC→CW,2026-07-19,,20067.0,20067.0,570,Monedero
3770,2000075113,Concepcion,El Parque,20067.0,L2,V1,2026-07-19 15:24:08,2026-07-19 15:47:58,CC→CW,2026-07-19,,20067.0,20067.0,570,Monedero
3771,2000075270,Concepcion,Los Canelos,20037.0,L2,V1,2026-07-19 09:59:09,2026-07-19 10:38:24,CC→CW,2026-07-19,,20037.0,20037.0,850,Monedero
3772,2000075277,Cdal. Raul Silva Henriquez,Concepcion,20068.0,L2,V1,2026-07-19 15:51:00,2026-07-19 16:18:06,CW→CC,2026-07-19,,20068.0,20068.0,570,Monedero
3773,2000075746,Hualqui,Mercado,20850.0,L1,V1,2026-07-19 09:22:52,2026-07-19 10:24:15,HQ→TH,2026-07-19,,20850.0,20850.0,580,Monedero
3774,2000076160,Concepcion,Laguna Quinenco,20063.0,L2,V1,2026-07-19 13:47:35,2026-07-19 15:14:59,CC→CW,2026-07-19,,20063.0,20063.0,880,Monedero
3775,2000076160,Concepcion,Laguna Quinenco,20063.0,L2,V1,2026-07-19 13:47:43,2026-07-19 15:14:43,CC→CW,2026-07-19,,20063.0,20063.0,880,Monedero
3776,2000076197,Coronel,Concepcion,20162.0,L2,V1,2026-07-19 18:07:01,2026-07-19 18:58:30,CW→CC,2026-07-19,,20162.0,20162.0,880,Monedero
3777,2000076331,Los Canelos,Costa Mar,20062.0,L2,V1,2026-07-19 13:24:35,2026-07-19 14:19:07,CW→CC,2026-07-19,,20062.0,20062.0,610,Monedero
3778,2000076331,Costa Mar,Los Canelos,20161.0,L2,V1,2026-07-19 18:41:40,2026-07-19 19:03:04,CC→CW,2026-07-19,,20161.0,20161.0,610,Monedero
3779,2000076493,Diagonal Bio Bio,Lomas Coloradas,20063.0,L2,V1,2026-07-19 14:05:00,2026-07-19 14:54:31,CC→CW,2026-07-19,,20063.0,20063.0,510,Monedero
3780,2000076616,Concepcion,Costa Mar,20049.0,L2,V1,2026-07-19 11:25:25,2026-07-19 11:44:40,CC→CW,2026-07-19,,20049.0,20049.0,570,Monedero
3781,2000078461,Concepcion,Cristo Redentor,20059.0,L2,V1,2026-07-19 13:06:41,2026-07-19 13:57:02,CC→CW,2026-07-19,,20059.0,20059.0,850,Monedero
3782,2000078461,Cristo Redentor,Concepcion,20166.0,L2,V1,2026-07-19 18:29:22,2026-07-19 19:58:40,CW→CC,2026-07-19,,20166.0,20162.0,850,Monedero
3783,2000078503,Lomas Coloradas,Concepcion,20062.0,L2,V1,2026-07-19 13:21:32,2026-07-19 14:33:17,CW→CC,2026-07-19,,20062.0,20062.0,570,Monedero
3784,2000079146,Cdal. Raul Silva Henriquez,Concepcion,20052.0,L2,V1,2026-07-19 11:37:48,2026-07-19 12:10:38,CW→CC,2026-07-19,,20052.0,20052.0,570,Monedero
3785,2000080220,Lomas Coloradas,Concepcion,20044.0,L2,V1,2026-07-19 10:19:29,2026-07-19 10:47:40,CW→CC,2026-07-19,,20044.0,20044.0,570,Monedero
3786,2000080715,Diagonal Bio Bio,Costa Mar,20157.0,L2,V1,2026-07-19 17:27:45,2026-07-19 17:43:44,CC→CW,2026-07-19,,20157.0,20157.0,510,Monedero
3787,2000080737,Concepcion,Cdal. Raul Silva Henriquez,20161.0,L2,V1,2026-07-19 16:59:40,2026-07-19 18:54:09,CC→CW,2026-07-19,combo_relajado_pase1,20161.0,20846.0,590,Monedero
3788,2000080737,Cdal. Raul Silva Henriquez,Concepcion,20166.0,L2,V1,2026-07-19 19:05:58,2026-07-19 20:05:11,CW→CC,2026-07-19,,20166.0,20166.0,570,Monedero
3789,2000080800,Laguna Quinenco,El Parque,20152.0,L2,V1,2026-07-19 08:31:37,2026-07-19 08:56:48,CW→CC,2026-07-19,,20152.0,20152.0,650,Monedero
3790,2000080836,Diagonal Bio Bio,Costa Mar,20053.0,L2,V1,2026-07-19 12:17:46,2026-07-19 12:26:04,CC→CW,2026-07-19,,20053.0,20053.0,510,Monedero
3791,2000080836,Costa Mar,Diagonal Bio Bio,20056.0,L2,V1,2026-07-19 12:43:58,2026-07-19 13:03:40,CW→CC,2026-07-19,,20056.0,20056.0,510,Monedero
3792,2000080913,Concepcion,Hito Galvarino,20063.0,L2,V1,2026-07-19 14:36:32,2026-07-19 15:59:24,CC→CW,2026-07-19,,20063.0,20063.0,850,Monedero
3793,2000081301,Concepcion,Coronel,20163.0,L2,V1,2026-07-19 18:45:48,2026-07-19 19:43:35,CC→CW,2026-07-19,,20163.0,20163.0,880,Monedero
3794,2000081317,Cristo Redentor,Diagonal Bio Bio,20170.0,L2,V1,2026-07-19 20:11:02,2026-07-19 20:48:56,CW→CC,2026-07-19,,20170.0,20170.0,680,Monedero
3795,2000081568,Concepcion,Coronel,20163.0,L2,V1,2026-07-19 18:52:36,2026-07-19 19:43:50,CC→CW,2026-07-19,,20163.0,20163.0,880,Monedero
3796,2000081932,Concepcion,Coronel,20053.0,L2,V1,2026-07-19 12:01:05,2026-07-19 12:52:58,CC→CW,2026-07-19,,20053.0,20053.0,880,Monedero
3797,2000082454,Los Canelos,Cdal. Raul Silva Henriquez,20044.0,L2,V1,2026-07-19 10:07:16,2026-07-19 10:24:13,CW→CC,2026-07-19,,20044.0,,610,Monedero
3798,2000082454,Los Canelos,Cdal. Raul Silva Henriquez,20044.0,L2,V1,2026-07-19 10:07:21,2026-07-19 10:24:08,CW→CC,2026-07-19,,20044.0,,610,Monedero
3799,2000082692,Lomas Coloradas,Concepcion,20180.0,L2,V1,2026-07-19 17:05:42,2026-07-19 17:28:59,CW→CC,2026-07-19,,20180.0,20180.0,570,Monedero
3800,2000083782,Los Canelos,Concepcion,20180.0,L2,V1,2026-07-19 16:01:28,2026-07-19 18:13:46,CW→CC,2026-07-19,,20180.0,20180.0,850,Monedero
3801,2000083782,Los Canelos,Concepcion,20180.0,L2,V1,2026-07-19 16:01:33,2026-07-19 18:13:41,CW→CC,2026-07-19,,20180.0,20180.0,850,Monedero
3802,2000084082,Concepcion,Costa Mar,20059.0,L2,V1,2026-07-19 12:39:32,2026-07-19 13:32:29,CC→CW,2026-07-19,combo_por_entrada,20059.0,20059.0,590,Monedero
3803,2000084224,Concepcion,El Parque,20059.0,L2,V1,2026-07-19 12:33:13,2026-07-19 13:35:26,CC→CW,2026-07-19,combo_por_entrada,20059.0,20059.0,590,Monedero
3804,2000084224,El Parque,Concepcion,20062.0,L2,V1,2026-07-19 14:06:58,2026-07-19 14:34:06,CW→CC,2026-07-19,,20062.0,20062.0,570,Monedero
3805,2000084413,Lomas Coloradas,Cdal. Raul Silva Henriquez,20167.0,L2,V1,2026-07-19 20:13:44,2026-07-19 20:23:29,CC→CW,2026-07-19,,20167.0,20167.0,430,Monedero
3806,2000084634,Concepcion,Coronel,20163.0,L2,V1,2026-07-19 18:39:49,2026-07-19 19:42:24,CC→CW,2026-07-19,,20163.0,20163.0,880,Monedero
3807,2000085210,Laguna Quinenco,Los Canelos,20062.0,L2,V1,2026-07-19 13:48:43,2026-07-19 14:00:48,CW→CC,2026-07-19,,20062.0,20062.0,530,Monedero
3808,2000085282,Laguna Quinenco,Lomas Coloradas,20062.0,L2,V1,2026-07-19 13:41:09,2026-07-19 14:13:58,CW→CC,2026-07-19,,20062.0,20062.0,650,Monedero
3809,2000085823,Higueras,Manquimavida,20847.0,L1,V1,2026-07-19 20:07:44,2026-07-19 20:48:45,TH→HQ,2026-07-19,,20847.0,20847.0,540,Monedero
3810,2000085891,Huinca,Concepcion,20162.0,L2,V1,2026-07-19 18:20:19,2026-07-19 18:58:16,CW→CC,2026-07-19,,20162.0,20162.0,850,Monedero
3811,2000086082,Alborada,Concepcion,20058.0,L2,V1,2026-07-19 12:51:17,2026-07-19 13:14:45,CW→CC,2026-07-19,,20058.0,20056.0,570,Monedero
3812,2000086184,Huinca,Concepcion,20058.0,L2,V1,2026-07-19 12:29:54,2026-07-19 13:14:17,CW→CC,2026-07-19,,20058.0,20056.0,850,Monedero
3813,2000086184,Huinca,Concepcion,20058.0,L2,V1,2026-07-19 12:30:15,2026-07-19 13:14:02,CW→CC,2026-07-19,,20058.0,20056.0,850,Monedero
3814,2000086333,Concepcion,Laguna Quinenco,20037.0,L2,V1,2026-07-19 09:36:33,2026-07-19 10:44:18,CC→CW,2026-07-19,,20037.0,20037.0,880,Monedero
3815,2000087179,Coronel,Concepcion,20068.0,L2,V1,2026-07-19 15:30:44,2026-07-19 16:17:20,CW→CC,2026-07-19,,20068.0,20068.0,880,Monedero
3816,2000087463,Hito Galvarino,Juan Pablo II,20056.0,L2,V1,2026-07-19 12:19:29,2026-07-19 12:51:16,CW→CC,2026-07-19,,20056.0,20056.0,650,Monedero
3817,2000087878,Hito Galvarino,El Parque,20040.0,L2,V1,2026-07-19 09:51:30,2026-07-19 10:07:24,CW→CC,2026-07-19,,20040.0,20040.0,610,Monedero
3818,2000087878,El Parque,Hito Galvarino,20163.0,L2,V1,2026-07-19 19:14:38,2026-07-19 19:28:56,CC→CW,2026-07-19,,20163.0,20163.0,610,Monedero
3819,2000087999,Concepcion,Manquimavida,20859.0,L1,V1,2026-07-19 12:41:05,2026-07-19 13:16:47,TH→HQ,2026-07-19,match_por_salida_fallback,20859.0,20859.0,590,Monedero
3820,2000087999,Manquimavida,Concepcion,20846.0,L1,V1,2026-07-19 17:10:11,2026-07-19 17:35:18,HQ→TH,2026-07-19,,20846.0,20846.0,510,Monedero
3821,2000088044,Concepcion,Concepcion,,,,2026-07-19 15:23:44,2026-07-19 15:26:50,,2026-07-19,no viajo,,,420,Monedero
3822,2000088044,Concepcion,Concepcion,,,,2026-07-19 15:23:51,2026-07-19 15:26:45,,2026-07-19,no viajo,,,420,Monedero
3823,2000088044,Concepcion,Concepcion,,,,2026-07-19 18:19:36,2026-07-19 18:21:04,,2026-07-19,no viajo,,,420,Monedero
3824,2000088044,Concepcion,Concepcion,,,,2026-07-19 18:19:41,2026-07-19 18:20:59,,2026-07-19,no viajo,,,420,Monedero
3825,2000088136,Cristo Redentor,Concepcion,20152.0,L2,V1,2026-07-19 08:31:11,2026-07-19 09:14:21,CW→CC,2026-07-19,,20152.0,20152.0,850,Monedero
3826,2000088136,Concepcion,Cristo Redentor,20161.0,L2,V1,2026-07-19 17:10:36,2026-07-19 19:07:51,CC→CW,2026-07-19,combo_relajado_pase1,20161.0,20161.0,910,Monedero
3827,2000088494,Laguna Quinenco,Cdal. Raul Silva Henriquez,20058.0,L2,V1,2026-07-19 12:31:58,2026-07-19 12:49:47,CW→CC,2026-07-19,,20058.0,20058.0,650,Monedero
3828,2000088494,Cdal. Raul Silva Henriquez,Costa Mar,20166.0,L2,V1,2026-07-19 19:34:04,2026-07-19 19:47:22,CW→CC,2026-07-19,,20166.0,20166.0,430,Monedero
3829,2000089338,Juan Pablo II,Coronel,20161.0,L2,V1,2026-07-19 17:53:34,2026-07-19 19:13:55,CC→CW,2026-07-19,,20161.0,20161.0,790,Monedero
3830,2000089830,Concepcion,Mercado,20846.0,L1,V1,2026-07-19 17:25:08,2026-07-19 18:10:18,HQ→TH,2026-07-19,,20846.0,20846.0,540,Monedero
3831,2000089978,Concepcion,Laguna Quinenco,20067.0,L2,V1,2026-07-19 15:09:31,2026-07-19 16:11:00,CC→CW,2026-07-19,,20067.0,20067.0,880,Monedero
3832,2000090468,Cristo Redentor,Concepcion,20050.0,L2,V1,2026-07-19 11:00:03,2026-07-19 11:44:45,CW→CC,2026-07-19,,20050.0,20050.0,850,Monedero
3833,2000090468,Cristo Redentor,Concepcion,20050.0,L2,V1,2026-07-19 11:00:17,2026-07-19 11:44:38,CW→CC,2026-07-19,,20050.0,20050.0,850,Monedero
3834,2000090865,Concepcion,Lomas Coloradas,20167.0,L2,V1,2026-07-19 19:24:09,2026-07-19 20:19:52,CC→CW,2026-07-19,,20167.0,20167.0,570,Monedero
3835,2000090985,Huinca,Lomas Coloradas,20044.0,L2,V1,2026-07-19 10:10:43,2026-07-19 10:28:08,CW→CC,2026-07-19,,20044.0,20044.0,630,Monedero
3836,2000091169,Los Canelos,Laguna Quinenco,20067.0,L2,V1,2026-07-19 15:59:37,2026-07-19 16:10:49,CC→CW,2026-07-19,,20067.0,20067.0,530,Monedero
3837,2000091777,Juan Pablo II,Costa Mar,20071.0,L2,V1,2026-07-19 16:38:13,2026-07-19 16:56:50,CC→CW,2026-07-19,,20071.0,20071.0,510,Monedero
3838,2000091928,Cdal. Raul Silva Henriquez,Concepcion,20050.0,L2,V1,2026-07-19 11:08:21,2026-07-19 11:42:31,CW→CC,2026-07-19,,20050.0,20050.0,570,Monedero
3839,2000091928,Concepcion,Cdal. Raul Silva Henriquez,20071.0,L2,V1,2026-07-19 16:39:02,2026-07-19 17:02:08,CC→CW,2026-07-19,,20071.0,20071.0,570,Monedero
3840,2000092161,Juan Pablo II,Lomas Coloradas,20059.0,L2,V1,2026-07-19 13:18:11,2026-07-19 13:42:40,CC→CW,2026-07-19,,20059.0,20059.0,510,Monedero
3841,2000092161,Lomas Coloradas,Juan Pablo II,20170.0,L2,V1,2026-07-19 20:10:25,2026-07-19 20:50:46,CW→CC,2026-07-19,,20170.0,20167.0,510,Monedero
3842,2000092411,Cdal. Raul Silva Henriquez,Concepcion,20156.0,L2,V1,2026-07-19 09:30:15,2026-07-19 09:57:48,CW→CC,2026-07-19,,20156.0,20156.0,570,Monedero
3843,2000092411,Concepcion,Cdal. Raul Silva Henriquez,20171.0,L2,V1,2026-07-19 20:47:58,2026-07-19 21:22:49,CC→CW,2026-07-19,,20171.0,20171.0,570,Monedero
3844,2000094109,Costa Mar,Lomas Coloradas,20161.0,L2,V1,2026-07-19 18:41:58,2026-07-19 18:49:58,CC→CW,2026-07-19,,20161.0,20161.0,430,Monedero
3845,2000094303,Huinca,Concepcion,20156.0,L2,V1,2026-07-19 09:19:33,2026-07-19 09:57:20,CW→CC,2026-07-19,,20156.0,20156.0,850,Monedero
3846,2000094303,Concepcion,Huinca,20067.0,L2,V1,2026-07-19 15:21:37,2026-07-19 16:06:06,CC→CW,2026-07-19,,20067.0,20067.0,850,Monedero
3847,2000094463,Concepcion,Coronel,20063.0,L2,V1,2026-07-19 14:25:58,2026-07-19 15:17:08,CC→CW,2026-07-19,,20063.0,20063.0,880,Monedero
3848,2000094463,Coronel,Concepcion,20170.0,L2,V1,2026-07-19 20:09:38,2026-07-19 20:59:33,CW→CC,2026-07-19,,20170.0,20170.0,880,Monedero
3849,2000095049,Cdal. Raul Silva Henriquez,El Parque,20156.0,L2,V1,2026-07-19 09:31:00,2026-07-19 09:42:34,CW→CC,2026-07-19,,20156.0,20156.0,430,Monedero
3850,2000095443,Juan Pablo II,Lomas Coloradas,20167.0,L2,V1,2026-07-19 20:05:25,2026-07-19 20:20:16,CC→CW,2026-07-19,,20167.0,20167.0,510,Monedero
3851,2000095709,Costa Mar,Coronel,20037.0,L2,V1,2026-07-19 10:16:45,2026-07-19 10:48:36,CC→CW,2026-07-19,,20037.0,20037.0,650,Monedero
3852,2000095736,Concepcion,Cristo Redentor,20171.0,L2,V1,2026-07-19 20:44:04,2026-07-19 21:37:08,CC→CW,2026-07-19,,20171.0,20171.0,850,Monedero
3853,2000095778,Los Canelos,Cristo Redentor,20161.0,L2,V1,2026-07-19 18:55:50,2026-07-19 19:07:30,CC→CW,2026-07-19,,20161.0,20161.0,460,Monedero
3854,2000095819,Huinca,Costa Mar,20166.0,L2,V1,2026-07-19 19:17:32,2026-07-19 19:43:45,CW→CC,2026-07-19,,20166.0,20166.0,630,Monedero
3855,2000096210,Hito Galvarino,Concepcion,20062.0,L2,V1,2026-07-19 13:49:08,2026-07-19 14:35:15,CW→CC,2026-07-19,,20062.0,20062.0,850,Monedero
3856,2000096266,El Parque,Concepcion,20162.0,L2,V1,2026-07-19 18:34:59,2026-07-19 18:58:05,CW→CC,2026-07-19,,20162.0,20162.0,570,Monedero
3857,2000096574,Huinca,Concepcion,20166.0,L2,V1,2026-07-19 19:15:48,2026-07-19 20:00:01,CW→CC,2026-07-19,,20166.0,20166.0,850,Monedero
3858,2000096608,Huinca,Concepcion,20160.0,L2,V1,2026-07-19 17:38:58,2026-07-19 18:28:48,CW→CC,2026-07-19,,20160.0,20160.0,850,Monedero
3859,2000097168,Diagonal Bio Bio,Cdal. Raul Silva Henriquez,20149.0,L2,V1,2026-07-19 08:08:09,2026-07-19 08:51:54,CC→CW,2026-07-19,,20149.0,20149.0,510,Monedero
3860,2000097330,UTF Santa Maria,Concepcion,20847.0,L1,V1,2026-07-19 19:50:24,2026-07-19 20:31:19,TH→HQ,2026-07-19,,20847.0,20847.0,500,Monedero
3861,2000097375,Coronel,Concepcion,20062.0,L2,V1,2026-07-19 13:35:12,2026-07-19 14:33:59,CW→CC,2026-07-19,,20062.0,20062.0,880,Monedero
3862,2000097375,Concepcion,Concepcion,,,,2026-07-19 17:41:02,2026-07-19 17:42:57,,2026-07-19,no viajo,,,420,Monedero
3863,2000097375,Concepcion,Huinca,20161.0,L2,V1,2026-07-19 18:26:52,2026-07-19 19:05:25,CC→CW,2026-07-19,,20161.0,20161.0,850,Monedero
3864,2000098736,Huinca,Concepcion,20062.0,L2,V1,2026-07-19 13:53:52,2026-07-19 14:33:03,CW→CC,2026-07-19,,20062.0,20062.0,850,Monedero
3865,2000100431,Concepcion,Cristo Redentor,20157.0,L2,V1,2026-07-19 17:23:58,2026-07-19 18:08:33,CC→CW,2026-07-19,,20157.0,20157.0,850,Monedero
3866,2000100446,Los Canelos,Concepcion,20062.0,L2,V1,2026-07-19 13:35:47,2026-07-19 14:34:11,CW→CC,2026-07-19,,20062.0,20062.0,850,Monedero
3867,2000100446,Los Canelos,Concepcion,20062.0,L2,V1,2026-07-19 13:35:52,2026-07-19 14:34:06,CW→CC,2026-07-19,,20062.0,20062.0,850,Monedero
3868,2000100701,Cristo Redentor,El Parque,20170.0,L2,V1,2026-07-19 20:12:45,2026-07-19 20:42:17,CW→CC,2026-07-19,,20170.0,20170.0,630,Monedero
3869,2000100755,Concepcion,Concepcion,,,,2026-07-19 15:02:10,2026-07-19 15:09:16,,2026-07-19,no viajo,,,420,Monedero
3870,2000100918,Concepcion,Huinca,20171.0,L2,V1,2026-07-19 20:46:07,2026-07-19 21:34:13,CC→CW,2026-07-19,,20171.0,20171.0,850,Monedero
3871,2000101163,Concepcion,Laguna Quinenco,20163.0,L2,V1,2026-07-19 18:37:16,2026-07-19 19:39:20,CC→CW,2026-07-19,,20163.0,20161.0,880,Monedero
3872,2000101212,Los Canelos,Laguna Quinenco,20049.0,L2,V1,2026-07-19 11:59:54,2026-07-19 12:10:58,CC→CW,2026-07-19,,20049.0,20049.0,530,Monedero
3873,2000101362,Laguna Quinenco,Diagonal Bio Bio,20050.0,L2,V1,2026-07-19 10:32:20,2026-07-19 11:33:26,CW→CC,2026-07-19,,20050.0,20050.0,790,Monedero
3874,2000101362,Diagonal Bio Bio,Laguna Quinenco,20059.0,L2,V1,2026-07-19 13:08:02,2026-07-19 13:57:32,CC→CW,2026-07-19,,20059.0,20059.0,790,Monedero
3875,2000101444,Concepcion,Hito Galvarino,20049.0,L2,V1,2026-07-19 11:29:04,2026-07-19 12:00:06,CC→CW,2026-07-19,,20049.0,20049.0,850,Monedero
3876,2000101444,Concepcion,Hito Galvarino,20049.0,L2,V1,2026-07-19 11:29:08,2026-07-19 12:00:01,CC→CW,2026-07-19,,20049.0,20049.0,850,Monedero
3877,2000101708,Los Canelos,Coronel,20161.0,L2,V1,2026-07-19 18:57:47,2026-07-19 19:13:15,CC→CW,2026-07-19,,20161.0,20161.0,530,Monedero
3878,2000101962,La Leonera,UTF Santa Maria,20846.0,L1,V1,2026-07-19 17:04:26,2026-07-19 17:45:43,HQ→TH,2026-07-19,,20846.0,20846.0,540,Monedero
3879,2000102100,Laguna Quinenco,Concepcion,20166.0,L2,V1,2026-07-19 18:51:54,2026-07-19 20:01:51,CW→CC,2026-07-19,,20166.0,20166.0,880,Monedero
3880,2000103691,Concepcion,Cdal. Raul Silva Henriquez,20163.0,L2,V1,2026-07-19 18:43:46,2026-07-19 19:22:31,CC→CW,2026-07-19,,20163.0,20163.0,570,Monedero
3881,2000103691,Lomas Coloradas,Concepcion,20170.0,L2,V1,2026-07-19 20:17:32,2026-07-19 20:59:50,CW→CC,2026-07-19,,20170.0,20170.0,570,Monedero
3882,2000103857,Lomas Coloradas,Concepcion,20044.0,L2,V1,2026-07-19 10:23:47,2026-07-19 10:49:22,CW→CC,2026-07-19,,20044.0,20044.0,570,Monedero
3883,2000103857,Lomas Coloradas,Concepcion,20044.0,L2,V1,2026-07-19 10:23:53,2026-07-19 10:49:17,CW→CC,2026-07-19,,20044.0,20044.0,570,Monedero
3884,2000103857,Concepcion,Lomas Coloradas,20063.0,L2,V1,2026-07-19 14:25:04,2026-07-19 14:55:05,CC→CW,2026-07-19,,20063.0,20063.0,570,Monedero
3885,2000103857,Concepcion,Lomas Coloradas,20063.0,L2,V1,2026-07-19 14:25:08,2026-07-19 14:54:57,CC→CW,2026-07-19,,20063.0,20063.0,570,Monedero
3886,2000104340,Los Canelos,Concepcion,20044.0,L2,V1,2026-07-19 10:12:45,2026-07-19 10:55:09,CW→CC,2026-07-19,,20044.0,20044.0,850,Monedero
3887,2000104340,Concepcion,Los Canelos,20161.0,L2,V1,2026-07-19 17:55:17,2026-07-19 19:03:19,CC→CW,2026-07-19,,20161.0,20161.0,850,Monedero
3888,2000104795,Cdal. Raul Silva Henriquez,Juan Pablo II,20156.0,L2,V1,2026-07-19 09:30:44,2026-07-19 09:50:59,CW→CC,2026-07-19,,20156.0,20156.0,510,Monedero
3889,2000104817,Laguna Quinenco,Juan Pablo II,20152.0,L2,V1,2026-07-19 08:24:21,2026-07-19 09:06:28,CW→CC,2026-07-19,,20152.0,20152.0,790,Monedero
3890,2000104978,Concepcion,Cristo Redentor,20153.0,L2,V1,2026-07-19 09:09:22,2026-07-19 09:51:27,CC→CW,2026-07-19,,20153.0,20153.0,850,Monedero
3891,2000104978,Cristo Redentor,Concepcion,20068.0,L2,V1,2026-07-19 14:59:35,2026-07-19 16:17:38,CW→CC,2026-07-19,,20068.0,20066.0,850,Monedero
3892,2000105725,Hito Galvarino,Laguna Quinenco,20051.0,L2,V1,2026-07-19 12:10:52,2026-07-19 12:23:36,CC→CW,2026-07-19,,20051.0,20051.0,530,Monedero
3893,2000106686,Concepcion,Costa Mar,20157.0,L2,V1,2026-07-19 17:18:32,2026-07-19 17:43:42,CC→CW,2026-07-19,,20157.0,20157.0,570,Monedero
3894,2000106793,Costa Mar,Los Canelos,20171.0,L2,V1,2026-07-19 21:02:06,2026-07-19 21:31:56,CC→CW,2026-07-19,,20171.0,20171.0,610,Monedero
3895,2000107340,Cdal. Raul Silva Henriquez,Concepcion,20044.0,L2,V1,2026-07-19 10:23:47,2026-07-19 10:47:28,CW→CC,2026-07-19,,20044.0,20044.0,570,Monedero
3896,2000107362,Los Canelos,Concepcion,20044.0,L2,V1,2026-07-19 10:06:34,2026-07-19 10:57:18,CW→CC,2026-07-19,,20044.0,20044.0,850,Monedero
3897,2000107362,Concepcion,Los Canelos,20063.0,L2,V1,2026-07-19 13:56:40,2026-07-19 15:08:41,CC→CW,2026-07-19,,20063.0,20063.0,850,Monedero
3898,2000107556,Huinca,Concepcion,20040.0,L2,V1,2026-07-19 09:32:47,2026-07-19 10:23:30,CW→CC,2026-07-19,,20040.0,20156.0,850,Monedero
3899,2000107556,Concepcion,Los Canelos,20171.0,L2,V1,2026-07-19 20:54:29,2026-07-19 21:33:09,CC→CW,2026-07-19,,20171.0,20171.0,850,Monedero
3900,2000108264,Concepcion,Coronel,20041.0,L2,V1,2026-07-19 10:21:21,2026-07-19 11:13:26,CC→CW,2026-07-19,,20041.0,20041.0,880,Monedero
3901,2000108276,Los Canelos,Costa Mar,20058.0,L2,V1,2026-07-19 12:36:29,2026-07-19 12:59:27,CW→CC,2026-07-19,,20058.0,20058.0,610,Monedero
3902,2000108276,Costa Mar,Los Canelos,20067.0,L2,V1,2026-07-19 15:34:40,2026-07-19 16:05:20,CC→CW,2026-07-19,,20067.0,20067.0,610,Monedero
3903,2000108461,Concepcion,Huinca,20149.0,L2,V1,2026-07-19 08:20:36,2026-07-19 09:04:09,CC→CW,2026-07-19,,20149.0,20149.0,850,Monedero
3904,2000108461,Los Canelos,Diagonal Bio Bio,20166.0,L2,V1,2026-07-19 19:13:56,2026-07-19 19:48:48,CW→CC,2026-07-19,,20166.0,20166.0,650,Monedero
3905,2000108958,Concepcion,Cristo Redentor,20059.0,L2,V1,2026-07-19 13:00:18,2026-07-19 13:55:51,CC→CW,2026-07-19,,20059.0,20059.0,850,Monedero
3906,2000108958,Huinca,Concepcion,20166.0,L2,V1,2026-07-19 19:19:03,2026-07-19 19:58:08,CW→CC,2026-07-19,,20166.0,20166.0,850,Monedero
3907,2000109214,Cristo Redentor,Concepcion,20056.0,L2,V1,2026-07-19 12:06:17,2026-07-19 13:00:32,CW→CC,2026-07-19,,20056.0,20056.0,850,Monedero
3908,2000109214,Cristo Redentor,Concepcion,20056.0,L2,V1,2026-07-19 12:06:25,2026-07-19 13:00:27,CW→CC,2026-07-19,,20056.0,20056.0,850,Monedero
3909,2000109215,Los Canelos,Alborada,20062.0,L2,V1,2026-07-19 14:02:59,2026-07-19 15:17:31,CW→CC,2026-07-19,,20062.0,20062.0,650,Monedero
3910,2000110199,Huinca,Concepcion,20056.0,L2,V1,2026-07-19 12:14:16,2026-07-19 13:06:21,CW→CC,2026-07-19,,20056.0,20056.0,850,Monedero
3911,2000110199,Huinca,Concepcion,20056.0,L2,V1,2026-07-19 12:14:25,2026-07-19 13:06:10,CW→CC,2026-07-19,,20056.0,20056.0,850,Monedero
3912,2000110199,Concepcion,Laguna Quinenco,20157.0,L2,V1,2026-07-19 16:45:11,2026-07-19 18:11:03,CC→CW,2026-07-19,,20157.0,20071.0,880,Monedero
3913,2000110332,Concepcion,Lomas Coloradas,20063.0,L2,V1,2026-07-19 14:10:12,2026-07-19 14:54:28,CC→CW,2026-07-19,,20063.0,20063.0,570,Monedero
3914,2000110335,Concepcion,Lomas Coloradas,20037.0,L2,V1,2026-07-19 09:43:12,2026-07-19 10:23:40,CC→CW,2026-07-19,combo_por_entrada,20037.0,20850.0,590,Monedero
3915,2000110335,Concepcion,Pedro Medina,20845.0,L1,V1,2026-07-19 15:57:11,2026-07-19 16:43:08,TH→HQ,2026-07-19,combo_por_entrada,20845.0,20068.0,590,Monedero
3916,2000110594,Lomas Coloradas,Concepcion,20044.0,L2,V1,2026-07-19 10:19:41,2026-07-19 10:49:17,CW→CC,2026-07-19,,20044.0,20044.0,570,Monedero
3917,2000110820,Costa Mar,Coronel,20071.0,L2,V1,2026-07-19 16:51:08,2026-07-19 17:22:12,CC→CW,2026-07-19,,20071.0,20071.0,650,Monedero
3918,2000110944,Costa Mar,Cristo Redentor,20071.0,L2,V1,2026-07-19 16:36:59,2026-07-19 17:17:53,CC→CW,2026-07-19,,20071.0,20071.0,630,Monedero
3919,2000110944,Cristo Redentor,Concepcion,20162.0,L2,V1,2026-07-19 18:16:23,2026-07-19 18:59:09,CW→CC,2026-07-19,,20162.0,20162.0,850,Monedero
3920,2000110944,Cristo Redentor,Concepcion,20162.0,L2,V1,2026-07-19 18:16:31,2026-07-19 18:59:03,CW→CC,2026-07-19,,20162.0,20162.0,850,Monedero
3921,2000111060,Coronel,Concepcion,20180.0,L2,V1,2026-07-19 16:32:15,2026-07-19 17:29:35,CW→CC,2026-07-19,,20180.0,20180.0,880,Monedero
3922,2000111671,Concepcion,Cristo Redentor,20149.0,L2,V1,2026-07-19 08:32:13,2026-07-19 09:53:16,CC→CW,2026-07-19,,20149.0,20149.0,850,Monedero
3923,2000111928,Lomas Coloradas,Concepcion,20058.0,L2,V1,2026-07-19 12:51:54,2026-07-19 13:14:24,CW→CC,2026-07-19,,20058.0,20058.0,570,Monedero
3924,2000111965,Lomas Coloradas,Huinca,20041.0,L2,V1,2026-07-19 10:30:50,2026-07-19 11:05:03,CC→CW,2026-07-19,,20041.0,20037.0,630,Monedero
3925,2000112015,Concepcion,Huinca,20063.0,L2,V1,2026-07-19 14:20:05,2026-07-19 15:09:22,CC→CW,2026-07-19,,20063.0,20063.0,850,Monedero
3926,2000112518,UTF Santa Maria,La Leonera,20845.0,L1,V1,2026-07-19 16:07:26,2026-07-19 16:48:07,TH→HQ,2026-07-19,,20845.0,20845.0,540,Monedero
3927,2000112802,Laguna Quinenco,Concepcion,20066.0,L2,V1,2026-07-19 14:43:37,2026-07-19 15:29:11,CW→CC,2026-07-19,,20066.0,20066.0,880,Monedero
3928,2000112802,Concepcion,Laguna Quinenco,20157.0,L2,V1,2026-07-19 17:26:54,2026-07-19 18:12:45,CC→CW,2026-07-19,,20157.0,20157.0,880,Monedero
3929,2000113010,Huinca,Hito Galvarino,20180.0,L2,V1,2026-07-19 16:24:27,2026-07-19 16:58:56,CW→CC,2026-07-19,,20180.0,20180.0,460,Monedero
3930,2000113010,Huinca,Hito Galvarino,20180.0,L2,V1,2026-07-19 16:24:33,2026-07-19 16:58:52,CW→CC,2026-07-19,,20180.0,20180.0,460,Monedero
3931,2000113252,Diagonal Bio Bio,Cristo Redentor,20161.0,L2,V1,2026-07-19 18:25:03,2026-07-19 19:06:41,CC→CW,2026-07-19,,20161.0,20161.0,680,Monedero
3932,2000113340,Hualqui,Lzo. Arenas,20846.0,L1,V1,2026-07-19 16:55:54,2026-07-19 17:42:19,HQ→TH,2026-07-19,,20846.0,20846.0,550,Monedero
3933,2000113611,Alborada,Lomas Coloradas,20051.0,L2,V1,2026-07-19 11:51:17,2026-07-19 12:03:52,CC→CW,2026-07-19,,20051.0,20051.0,510,Monedero
3934,2000114428,Concepcion,Cristo Redentor,20059.0,L2,V1,2026-07-19 13:09:01,2026-07-19 13:55:45,CC→CW,2026-07-19,,20059.0,20059.0,850,Monedero
3935,2000114606,Coronel,Cristo Redentor,20162.0,L2,V1,2026-07-19 17:58:45,2026-07-19 18:21:50,CW→CC,2026-07-19,,20162.0,20162.0,450,Monedero
3936,2000114893,Huinca,Lomas Coloradas,20156.0,L2,V1,2026-07-19 09:20:57,2026-07-19 09:38:39,CW→CC,2026-07-19,,20156.0,20156.0,630,Monedero
3937,2000115090,Coronel,Costa Mar,20050.0,L2,V1,2026-07-19 10:47:02,2026-07-19 11:28:41,CW→CC,2026-07-19,,20050.0,20050.0,650,Monedero
3938,2000115475,Huinca,Laguna Quinenco,20167.0,L2,V1,2026-07-19 20:30:00,2026-07-19 20:40:59,CC→CW,2026-07-19,,20167.0,20167.0,450,Monedero
3939,2000115712,Cristo Redentor,Concepcion,20066.0,L2,V1,2026-07-19 14:38:20,2026-07-19 15:28:26,CW→CC,2026-07-19,,20066.0,20066.0,850,Monedero
3940,2000116048,Coronel,Diagonal Bio Bio,20170.0,L2,V1,2026-07-19 20:06:37,2026-07-19 20:48:30,CW→CC,2026-07-19,,20170.0,20170.0,790,Monedero
3941,2000116133,Diagonal Bio Bio,Lomas Coloradas,20037.0,L2,V1,2026-07-19 10:10:28,2026-07-19 10:23:05,CC→CW,2026-07-19,,20037.0,20037.0,510,Monedero
3942,2000116151,Cdal. Raul Silva Henriquez,Huinca,20063.0,L2,V1,2026-07-19 14:51:45,2026-07-19 15:09:52,CC→CW,2026-07-19,,20063.0,20063.0,630,Monedero
3943,2000116255,Costa Mar,Los Canelos,20167.0,L2,V1,2026-07-19 20:01:33,2026-07-19 20:33:03,CC→CW,2026-07-19,,20167.0,20167.0,610,Monedero
3944,2000116380,Laguna Quinenco,Hito Galvarino,20166.0,L2,V1,2026-07-19 19:04:26,2026-07-19 19:29:38,CW→CC,2026-07-19,,20166.0,20166.0,530,Monedero
3945,2000116735,Costa Mar,Concepcion,20062.0,L2,V1,2026-07-19 14:15:45,2026-07-19 14:33:00,CW→CC,2026-07-19,,20062.0,20062.0,570,Monedero
3946,2000116888,Cdal. Raul Silva Henriquez,Huinca,20067.0,L2,V1,2026-07-19 15:50:41,2026-07-19 16:05:49,CC→CW,2026-07-19,,20067.0,20067.0,630,Monedero
3947,2000117582,Laguna Quinenco,Concepcion,20062.0,L2,V1,2026-07-19 13:46:10,2026-07-19 14:33:58,CW→CC,2026-07-19,,20062.0,20062.0,880,Monedero
3948,2000118882,Alborada,Concepcion,20062.0,L2,V1,2026-07-19 14:16:28,2026-07-19 14:33:52,CW→CC,2026-07-19,,20062.0,20062.0,570,Monedero
3949,2000119448,Cdal. Raul Silva Henriquez,Concepcion,20066.0,L2,V1,2026-07-19 14:58:46,2026-07-19 15:28:37,CW→CC,2026-07-19,,20066.0,20066.0,570,Monedero
3950,2000119566,Cristo Redentor,Hito Galvarino,20066.0,L2,V1,2026-07-19 14:48:07,2026-07-19 14:59:43,CW→CC,2026-07-19,,20066.0,20066.0,460,Monedero
3951,2000119966,Cristo Redentor,Diagonal Bio Bio,20166.0,L2,V1,2026-07-19 19:12:30,2026-07-19 19:49:23,CW→CC,2026-07-19,,20166.0,20166.0,680,Monedero
3952,2000120875,Cristo Redentor,Concepcion,20066.0,L2,V1,2026-07-19 14:47:10,2026-07-19 15:29:19,CW→CC,2026-07-19,,20066.0,20066.0,850,Monedero
3953,2000120876,Lomas Coloradas,Juan Pablo II,20058.0,L2,V1,2026-07-19 12:45:01,2026-07-19 13:06:57,CW→CC,2026-07-19,,20058.0,20056.0,510,Monedero
3954,2000121399,Concepcion,Coronel,20059.0,L2,V1,2026-07-19 12:58:49,2026-07-19 14:02:52,CC→CW,2026-07-19,,20059.0,20059.0,880,Monedero
3955,2000121599,Alborada,El Parque,20053.0,L2,V1,2026-07-19 12:13:09,2026-07-19 12:28:18,CC→CW,2026-07-19,,20053.0,20053.0,510,Monedero
3956,2000121752,Los Canelos,Cristo Redentor,20041.0,L2,V1,2026-07-19 10:54:51,2026-07-19 11:08:01,CC→CW,2026-07-19,,20041.0,20041.0,460,Monedero
3957,2000121763,Cdal. Raul Silva Henriquez,Concepcion,20068.0,L2,V1,2026-07-19 15:53:23,2026-07-19 16:19:15,CW→CC,2026-07-19,,20068.0,20068.0,570,Monedero
3958,2000121974,Coronel,Concepcion,20056.0,L2,V1,2026-07-19 12:10:46,2026-07-19 12:57:43,CW→CC,2026-07-19,,20056.0,20056.0,880,Monedero
3959,2000122853,Cdal. Raul Silva Henriquez,Concepcion,20152.0,L2,V1,2026-07-19 08:39:43,2026-07-19 09:13:46,CW→CC,2026-07-19,,20152.0,20152.0,570,Monedero
3960,2000123073,Huinca,Juan Pablo II,20166.0,L2,V1,2026-07-19 18:37:29,2026-07-19 19:51:12,CW→CC,2026-07-19,,20166.0,20166.0,680,Monedero
3961,2000123767,Laguna Quinenco,El Parque,20180.0,L2,V1,2026-07-19 16:43:34,2026-07-19 17:11:54,CW→CC,2026-07-19,,20180.0,20180.0,650,Monedero
3962,2000123767,Laguna Quinenco,El Parque,20180.0,L2,V1,2026-07-19 16:43:42,2026-07-19 17:11:48,CW→CC,2026-07-19,,20180.0,20180.0,650,Monedero
3963,2000123767,El Parque,Laguna Quinenco,20161.0,L2,V1,2026-07-19 18:26:35,2026-07-19 19:10:22,CC→CW,2026-07-19,,20161.0,20161.0,650,Monedero
3964,2000123767,El Parque,Laguna Quinenco,20161.0,L2,V1,2026-07-19 18:26:41,2026-07-19 19:10:18,CC→CW,2026-07-19,,20161.0,20161.0,650,Monedero
3965,2000124192,Los Canelos,Concepcion,20050.0,L2,V1,2026-07-19 11:09:39,2026-07-19 11:43:08,CW→CC,2026-07-19,,20050.0,20050.0,850,Monedero
3966,2000124196,El Parque,Concepcion,20180.0,L2,V1,2026-07-19 16:44:03,2026-07-19 17:29:54,CW→CC,2026-07-19,,20180.0,20180.0,570,Monedero
3967,2000124196,Concepcion,Lomas Coloradas,20163.0,L2,V1,2026-07-19 18:41:40,2026-07-19 19:18:56,CC→CW,2026-07-19,,20163.0,20163.0,570,Monedero
3968,2000124285,Huinca,Juan Pablo II,20040.0,L2,V1,2026-07-19 09:49:44,2026-07-19 10:41:08,CW→CC,2026-07-19,,20040.0,20040.0,680,Monedero
3969,2000124956,Lomas Coloradas,Cdal. Raul Silva Henriquez,20163.0,L2,V1,2026-07-19 19:08:31,2026-07-19 19:22:23,CC→CW,2026-07-19,,20163.0,20163.0,430,Monedero
3970,2000125132,Concepcion,Coronel,20171.0,L2,V1,2026-07-19 20:07:12,2026-07-19 21:42:51,CC→CW,2026-07-19,combo_por_entrada,20171.0,20171.0,900,Monedero
3971,2000125826,Concepcion,Hualqui,20859.0,L1,V1,2026-07-19 12:55:37,2026-07-19 13:31:20,TH→HQ,2026-07-19,,20859.0,20859.0,550,Monedero
3972,2000125993,Concepcion,Coronel,20167.0,L2,V1,2026-07-19 19:47:37,2026-07-19 20:43:28,CC→CW,2026-07-19,,20167.0,20167.0,880,Monedero
3973,2000126145,Concepcion,Los Canelos,20059.0,L2,V1,2026-07-19 12:41:57,2026-07-19 13:51:34,CC→CW,2026-07-19,combo_por_entrada,20059.0,20059.0,870,Monedero
3974,2000126295,Concepcion,Diagonal Bio Bio,20161.0,L2,V1,2026-07-19 18:15:53,2026-07-19 18:39:52,CC→CW,2026-07-19,,20161.0,20161.0,570,Monedero
3975,2000126703,Los Canelos,Concepcion,20170.0,L2,V1,2026-07-19 20:12:08,2026-07-19 20:58:50,CW→CC,2026-07-19,,20170.0,20170.0,850,Monedero
3976,2000126865,Lomas Coloradas,Cdal. Raul Silva Henriquez,20049.0,L2,V1,2026-07-19 11:49:12,2026-07-19 11:54:47,CC→CW,2026-07-19,,20049.0,20049.0,430,Monedero
3977,2000127162,Hito Galvarino,Concepcion,20068.0,L2,V1,2026-07-19 15:45:44,2026-07-19 16:17:53,CW→CC,2026-07-19,,20068.0,20068.0,850,Monedero
3978,2000127162,Concepcion,Hito Galvarino,20157.0,L2,V1,2026-07-19 17:20:33,2026-07-19 17:59:28,CC→CW,2026-07-19,,20157.0,20157.0,850,Monedero
3979,2000127184,Juan Pablo II,Costa Mar,20167.0,L2,V1,2026-07-19 19:37:11,2026-07-19 20:15:10,CC→CW,2026-07-19,,20167.0,20167.0,510,Monedero
3980,2000127218,Huinca,Concepcion,20162.0,L2,V1,2026-07-19 18:18:40,2026-07-19 18:57:35,CW→CC,2026-07-19,,20162.0,20162.0,850,Monedero
3981,2000127446,Concepcion,Concepcion,,,,2026-07-19 08:54:46,2026-07-19 08:56:08,,2026-07-19,no viajo,,,420,Monedero
3982,2000127518,Costa Mar,Lomas Coloradas,20041.0,L2,V1,2026-07-19 10:35:58,2026-07-19 10:49:42,CC→CW,2026-07-19,,20041.0,20041.0,430,Monedero
3983,2000127518,Lomas Coloradas,Costa Mar,20162.0,L2,V1,2026-07-19 18:16:57,2026-07-19 18:43:23,CW→CC,2026-07-19,,20162.0,20162.0,430,Monedero
3984,2000127850,Cdal. Raul Silva Henriquez,Los Canelos,20161.0,L2,V1,2026-07-19 18:47:00,2026-07-19 19:02:30,CC→CW,2026-07-19,,20161.0,20161.0,610,Monedero
3985,2000127870,Laguna Quinenco,El Parque,20062.0,L2,V1,2026-07-19 13:39:24,2026-07-19 14:17:27,CW→CC,2026-07-19,,20062.0,20062.0,650,Monedero
3986,2000127870,El Parque,Laguna Quinenco,20157.0,L2,V1,2026-07-19 17:36:34,2026-07-19 18:10:41,CC→CW,2026-07-19,,20157.0,20157.0,650,Monedero
3987,2000127896,Hito Galvarino,Laguna Quinenco,20149.0,L2,V1,2026-07-19 08:40:16,2026-07-19 09:08:58,CC→CW,2026-07-19,,20149.0,20149.0,530,Monedero
3988,2000127896,Laguna Quinenco,Hito Galvarino,20160.0,L2,V1,2026-07-19 17:33:23,2026-07-19 17:57:43,CW→CC,2026-07-19,,20160.0,20160.0,530,Monedero
3989,2000128197,Cdal. Raul Silva Henriquez,Concepcion,20052.0,L2,V1,2026-07-19 11:30:49,2026-07-19 12:10:20,CW→CC,2026-07-19,,20052.0,20052.0,570,Monedero
3990,2000128197,Concepcion,Cdal. Raul Silva Henriquez,20063.0,L2,V1,2026-07-19 14:23:51,2026-07-19 14:57:37,CC→CW,2026-07-19,,20063.0,20063.0,570,Monedero
3991,2000128425,Concepcion,Los Canelos,20167.0,L2,V1,2026-07-19 20:01:11,2026-07-19 21:31:53,CC→CW,2026-07-19,,20167.0,20167.0,850,Monedero
3992,2000128768,Concepcion,Los Canelos,20059.0,L2,V1,2026-07-19 12:57:07,2026-07-19 13:54:31,CC→CW,2026-07-19,,20059.0,20059.0,850,Monedero
3993,2000129352,Los Canelos,Concepcion,20162.0,L2,V1,2026-07-19 18:18:11,2026-07-19 18:57:46,CW→CC,2026-07-19,,20162.0,20162.0,850,Monedero
3994,2000129746,Costa Mar,Laguna Quinenco,20051.0,L2,V1,2026-07-19 11:54:27,2026-07-19 12:24:46,CC→CW,2026-07-19,,20051.0,20051.0,650,Monedero
3995,2000129746,Costa Mar,Laguna Quinenco,20051.0,L2,V1,2026-07-19 11:54:34,2026-07-19 12:24:41,CC→CW,2026-07-19,,20051.0,20051.0,650,Monedero
3996,2000129746,Costa Mar,Laguna Quinenco,20051.0,L2,V1,2026-07-19 11:54:48,2026-07-19 12:24:33,CC→CW,2026-07-19,,20051.0,20051.0,650,Monedero
3997,2000129746,Laguna Quinenco,Costa Mar,20170.0,L2,V1,2026-07-19 20:05:41,2026-07-19 20:43:38,CW→CC,2026-07-19,,20170.0,20170.0,650,Monedero
3998,2000130499,Huinca,Concepcion,20052.0,L2,V1,2026-07-19 11:26:24,2026-07-19 12:09:50,CW→CC,2026-07-19,,20052.0,20052.0,850,Monedero
3999,2000130522,Mercado,Concepcion,20847.0,L1,V1,2026-07-19 19:46:19,2026-07-19 21:01:23,TH→HQ,2026-07-19,,20847.0,20847.0,540,Monedero
4000,2000130545,Concepcion,Costa Mar,20167.0,L2,V1,2026-07-19 19:49:17,2026-07-19 20:16:12,CC→CW,2026-07-19,,20167.0,20167.0,570,Monedero
4001,2000130545,Concepcion,Costa Mar,20167.0,L2,V1,2026-07-19 19:49:23,2026-07-19 20:16:07,CC→CW,2026-07-19,,20167.0,20167.0,570,Monedero
4002,2000130657,Laguna Quinenco,El Parque,20040.0,L2,V1,2026-07-19 09:39:46,2026-07-19 10:07:32,CW→CC,2026-07-19,,20040.0,20040.0,650,Monedero
4003,2000130657,El Parque,Laguna Quinenco,20167.0,L2,V1,2026-07-19 20:08:32,2026-07-19 20:40:34,CC→CW,2026-07-19,,20167.0,20167.0,650,Monedero
4004,2000130891,Concepcion,Lomas Coloradas,20163.0,L2,V1,2026-07-19 18:34:21,2026-07-19 19:19:53,CC→CW,2026-07-19,,20163.0,20161.0,570,Monedero
4005,2000130921,Laguna Quinenco,Concepcion,20056.0,L2,V1,2026-07-19 11:54:09,2026-07-19 12:58:11,CW→CC,2026-07-19,,20056.0,20056.0,880,Monedero
4006,2000130986,Coronel,Lomas Coloradas,20166.0,L2,V1,2026-07-19 19:05:31,2026-07-19 19:38:49,CW→CC,2026-07-19,,20166.0,20166.0,650,Monedero
4007,2000131567,Laguna Quinenco,Concepcion,20058.0,L2,V1,2026-07-19 12:22:56,2026-07-19 13:13:30,CW→CC,2026-07-19,,20058.0,20056.0,880,Monedero
4008,2000131940,Cdal. Raul Silva Henriquez,Concepcion,20180.0,L2,V1,2026-07-19 16:58:18,2026-07-19 17:30:15,CW→CC,2026-07-19,,20180.0,20180.0,570,Monedero
4009,2000131940,Concepcion,Cdal. Raul Silva Henriquez,20171.0,L2,V1,2026-07-19 20:46:17,2026-07-19 21:23:24,CC→CW,2026-07-19,,20171.0,20171.0,570,Monedero
4010,2000131952,Laguna Quinenco,Concepcion,20058.0,L2,V1,2026-07-19 12:27:43,2026-07-19 13:14:31,CW→CC,2026-07-19,,20058.0,20058.0,880,Monedero
4011,2000131952,Concepcion,Laguna Quinenco,20157.0,L2,V1,2026-07-19 17:17:21,2026-07-19 18:10:33,CC→CW,2026-07-19,,20157.0,20157.0,880,Monedero
4012,2000131957,Concepcion,Laguna Quinenco,20049.0,L2,V1,2026-07-19 11:15:09,2026-07-19 12:09:12,CC→CW,2026-07-19,,20049.0,20049.0,880,Monedero
4013,2000132331,Coronel,Los Canelos,20062.0,L2,V1,2026-07-19 13:47:27,2026-07-19 14:00:08,CW→CC,2026-07-19,,20062.0,20062.0,530,Monedero
4014,2000132349,Lomas Coloradas,Concepcion,20170.0,L2,V1,2026-07-19 20:07:14,2026-07-19 20:58:53,CW→CC,2026-07-19,,20170.0,20170.0,570,Monedero
4015,2000132511,El Arenal,Hualqui,20845.0,L1,V1,2026-07-19 15:54:21,2026-07-19 17:01:26,TH→HQ,2026-07-19,,20845.0,20845.0,580,Monedero
4016,2000132746,Lomas Coloradas,Cristo Redentor,20063.0,L2,V1,2026-07-19 14:34:02,2026-07-19 15:11:48,CC→CW,2026-07-19,,20063.0,20063.0,630,Monedero
4017,2000132787,Lomas Coloradas,Concepcion,20062.0,L2,V1,2026-07-19 13:48:57,2026-07-19 14:33:41,CW→CC,2026-07-19,,20062.0,20062.0,570,Monedero
4018,2000132787,Lomas Coloradas,Concepcion,20062.0,L2,V1,2026-07-19 13:49:04,2026-07-19 14:33:32,CW→CC,2026-07-19,,20062.0,20062.0,570,Monedero
4019,2000132787,Concepcion,Lomas Coloradas,20071.0,L2,V1,2026-07-19 16:27:54,2026-07-19 16:59:22,CC→CW,2026-07-19,,20071.0,20071.0,570,Monedero
4020,2000132787,Concepcion,Lomas Coloradas,20071.0,L2,V1,2026-07-19 16:27:58,2026-07-19 16:59:09,CC→CW,2026-07-19,,20071.0,20071.0,570,Monedero
4021,2000132850,Concepcion,Cdal. Raul Silva Henriquez,20161.0,L2,V1,2026-07-19 18:23:50,2026-07-19 18:54:26,CC→CW,2026-07-19,,20161.0,20161.0,570,Monedero
4022,2000133409,Lomas Coloradas,Los Canelos,20157.0,L2,V1,2026-07-19 17:42:22,2026-07-19 18:02:51,CC→CW,2026-07-19,,20157.0,20157.0,610,Monedero
4023,2000133410,Coronel,Concepcion,20056.0,L2,V1,2026-07-19 11:55:01,2026-07-19 12:58:20,CW→CC,2026-07-19,,20056.0,20056.0,880,Monedero
4024,2000133545,Concepcion,Los Canelos,20049.0,L2,V1,2026-07-19 11:06:03,2026-07-19 12:02:06,CC→CW,2026-07-19,,20049.0,20049.0,850,Monedero
4025,2000133582,Laguna Quinenco,Los Canelos,20152.0,L2,V1,2026-07-19 08:29:59,2026-07-19 08:47:36,CW→CC,2026-07-19,,20152.0,20152.0,530,Monedero
4026,2000133866,Huinca,Coronel,20157.0,L2,V1,2026-07-19 17:58:28,2026-07-19 18:13:07,CC→CW,2026-07-19,,20157.0,20157.0,450,Monedero
4027,2000133866,Coronel,Huinca,20170.0,L2,V1,2026-07-19 20:04:32,2026-07-19 20:23:39,CW→CC,2026-07-19,,20170.0,20170.0,450,Monedero
4028,2000134057,Laguna Quinenco,Concepcion,20156.0,L2,V1,2026-07-19 09:15:11,2026-07-19 09:57:09,CW→CC,2026-07-19,,20156.0,20156.0,880,Monedero
4029,2000134057,Concepcion,Laguna Quinenco,20161.0,L2,V1,2026-07-19 18:22:48,2026-07-19 19:09:37,CC→CW,2026-07-19,,20161.0,20161.0,880,Monedero
4030,2000134252,Laguna Quinenco,Los Canelos,20166.0,L2,V1,2026-07-19 18:49:45,2026-07-19 19:26:23,CW→CC,2026-07-19,,20166.0,20166.0,530,Monedero
4031,2000135181,Concepcion,Laguna Quinenco,20059.0,L2,V1,2026-07-19 12:56:49,2026-07-19 13:59:38,CC→CW,2026-07-19,,20059.0,20059.0,880,Monedero
4032,2000135181,Coronel,Concepcion,20160.0,L2,V1,2026-07-19 17:29:13,2026-07-19 18:28:54,CW→CC,2026-07-19,,20160.0,20160.0,880,Monedero
4033,2000135904,El Parque,Lomas Coloradas,20063.0,L2,V1,2026-07-19 14:48:02,2026-07-19 14:54:43,CC→CW,2026-07-19,,20063.0,20063.0,430,Monedero
4034,2000135950,Los Canelos,Concepcion,20062.0,L2,V1,2026-07-19 13:53:28,2026-07-19 14:32:56,CW→CC,2026-07-19,,20062.0,20062.0,850,Monedero
4035,2000136153,Huinca,Concepcion,20166.0,L2,V1,2026-07-19 18:51:35,2026-07-19 19:59:07,CW→CC,2026-07-19,,20166.0,20166.0,850,Monedero
4036,2000136516,Cristo Redentor,Lomas Coloradas,20162.0,L2,V1,2026-07-19 18:19:15,2026-07-19 18:38:37,CW→CC,2026-07-19,,20162.0,20162.0,630,Monedero
4037,2000137269,Los Canelos,Concepcion,20152.0,L2,V1,2026-07-19 08:20:24,2026-07-19 09:19:13,CW→CC,2026-07-19,,20152.0,20152.0,850,Monedero
4038,2000137401,Juan Pablo II,Coronel,20067.0,L2,V1,2026-07-19 15:09:08,2026-07-19 16:14:42,CC→CW,2026-07-19,,20067.0,20067.0,790,Monedero
4039,2000137488,Cristo Redentor,Concepcion,20156.0,L2,V1,2026-07-19 09:12:30,2026-07-19 09:58:06,CW→CC,2026-07-19,,20156.0,20156.0,850,Monedero
4040,2000137488,Concepcion,Cristo Redentor,20171.0,L2,V1,2026-07-19 20:24:51,2026-07-19 21:36:15,CC→CW,2026-07-19,,20171.0,20171.0,850,Monedero
4041,2000137693,Concepcion,Cristo Redentor,20037.0,L2,V1,2026-07-19 10:07:55,2026-07-19 11:07:36,CC→CW,2026-07-19,,20037.0,20037.0,850,Monedero
4042,2000137780,Los Canelos,Diagonal Bio Bio,20058.0,L2,V1,2026-07-19 12:39:09,2026-07-19 13:04:45,CW→CC,2026-07-19,,20058.0,20058.0,650,Monedero
4043,2000137804,Mercado,Manquimavida,20845.0,L1,V1,2026-07-19 15:48:17,2026-07-19 16:45:53,TH→HQ,2026-07-19,,20845.0,20845.0,550,Monedero
4044,2000137804,Mercado,Manquimavida,20845.0,L1,V1,2026-07-19 15:48:21,2026-07-19 16:45:48,TH→HQ,2026-07-19,,20845.0,20845.0,550,Monedero
4045,2000137804,Mercado,Manquimavida,20845.0,L1,V1,2026-07-19 15:48:25,2026-07-19 16:45:42,TH→HQ,2026-07-19,,20845.0,20845.0,550,Monedero
4046,2000138693,Los Canelos,Coronel,20059.0,L2,V1,2026-07-19 13:26:14,2026-07-19 14:01:52,CC→CW,2026-07-19,,20059.0,20059.0,530,Monedero
4047,2000138693,Laguna Quinenco,Los Canelos,20166.0,L2,V1,2026-07-19 18:41:39,2026-07-19 19:25:42,CW→CC,2026-07-19,,20166.0,20166.0,530,Monedero
4048,2000138788,Laguna Quinenco,Costa Mar,20068.0,L2,V1,2026-07-19 15:20:18,2026-07-19 16:03:36,CW→CC,2026-07-19,,20068.0,20068.0,650,Monedero
4049,2000138835,Concepcion,La Leonera,20847.0,L1,V1,2026-07-19 19:09:52,2026-07-19 20:51:48,TH→HQ,2026-07-19,combo_por_entrada,20847.0,20847.0,900,Monedero
4050,2000138995,Diagonal Bio Bio,Cristo Redentor,20163.0,L2,V1,2026-07-19 18:56:25,2026-07-19 19:37:19,CC→CW,2026-07-19,,20163.0,20163.0,680,Monedero
4051,2000139251,Los Canelos,Concepcion,20180.0,L2,V1,2026-07-19 16:46:13,2026-07-19 17:31:52,CW→CC,2026-07-19,,20180.0,20180.0,850,Monedero
4052,2000139635,Cdal. Raul Silva Henriquez,Cristo Redentor,20059.0,L2,V1,2026-07-19 13:35:15,2026-07-19 13:55:27,CC→CW,2026-07-19,,20059.0,20059.0,630,Monedero
4053,2000139635,Cristo Redentor,Cdal. Raul Silva Henriquez,20160.0,L2,V1,2026-07-19 17:41:15,2026-07-19 18:04:00,CW→CC,2026-07-19,,20160.0,20157.0,630,Monedero
4054,2000139799,Cdal. Raul Silva Henriquez,Huinca,20041.0,L2,V1,2026-07-19 10:43:29,2026-07-19 11:04:51,CC→CW,2026-07-19,,20041.0,20041.0,630,Monedero
4055,2000139799,Huinca,Cdal. Raul Silva Henriquez,20056.0,L2,V1,2026-07-19 12:17:07,2026-07-19 12:35:07,CW→CC,2026-07-19,,20056.0,20056.0,630,Monedero
4056,2000139966,El Parque,Concepcion,20180.0,L2,V1,2026-07-19 16:57:05,2026-07-19 17:28:55,CW→CC,2026-07-19,,20180.0,20180.0,570,Monedero
4057,2000140098,Juan Pablo II,Los Canelos,20157.0,L2,V1,2026-07-19 17:02:02,2026-07-19 18:02:39,CC→CW,2026-07-19,,20157.0,20157.0,650,Monedero
4058,2000140190,Hito Galvarino,Concepcion,20052.0,L2,V1,2026-07-19 11:29:16,2026-07-19 12:10:36,CW→CC,2026-07-19,,20052.0,20052.0,850,Monedero
4059,2000140190,Concepcion,Hito Galvarino,20161.0,L2,V1,2026-07-19 18:11:07,2026-07-19 18:59:25,CC→CW,2026-07-19,,20161.0,20161.0,850,Monedero
4060,2000140768,Hito Galvarino,Juan Pablo II,20052.0,L2,V1,2026-07-19 11:24:06,2026-07-19 11:56:27,CW→CC,2026-07-19,,20052.0,20050.0,650,Monedero
4061,2000140768,Concepcion,Concepcion,,,,2026-07-19 14:54:03,2026-07-19 14:59:03,,2026-07-19,no viajo,,,420,Monedero
4062,2000140768,Concepcion,Hito Galvarino,20067.0,L2,V1,2026-07-19 15:11:22,2026-07-19 15:59:51,CC→CW,2026-07-19,,20067.0,20067.0,850,Monedero
4063,2000140839,Higueras,Concepcion,20857.0,L1,V1,2026-07-19 08:37:03,2026-07-19 09:47:18,TH→HQ,2026-07-19,combo_por_entrada,20857.0,20153.0,870,Monedero
4064,2000140868,Los Canelos,Concepcion,20058.0,L2,V1,2026-07-19 12:31:12,2026-07-19 13:14:35,CW→CC,2026-07-19,,20058.0,20056.0,850,Monedero
4065,2000140877,Los Canelos,Concepcion,20056.0,L2,V1,2026-07-19 12:24:01,2026-07-19 12:58:31,CW→CC,2026-07-19,,20056.0,20056.0,850,Monedero
4066,2000141042,Costa Mar,Los Canelos,20063.0,L2,V1,2026-07-19 14:35:47,2026-07-19 15:07:43,CC→CW,2026-07-19,,20063.0,20063.0,610,Monedero
4067,2000141042,Los Canelos,Costa Mar,20170.0,L2,V1,2026-07-19 20:21:36,2026-07-19 20:43:42,CW→CC,2026-07-19,,20170.0,20170.0,610,Monedero
4068,2000141552,Costa Mar,Los Canelos,20149.0,L2,V1,2026-07-19 08:35:18,2026-07-19 09:02:23,CC→CW,2026-07-19,,20149.0,20149.0,610,Monedero
4069,2000141552,Los Canelos,Costa Mar,20170.0,L2,V1,2026-07-19 20:17:07,2026-07-19 20:43:57,CW→CC,2026-07-19,,20170.0,20170.0,610,Monedero
4070,2000141807,Los Canelos,El Parque,20052.0,L2,V1,2026-07-19 11:21:49,2026-07-19 11:46:48,CW→CC,2026-07-19,,20052.0,20052.0,610,Monedero
4071,2000141807,El Parque,Los Canelos,20053.0,L2,V1,2026-07-19 12:25:06,2026-07-19 12:42:24,CC→CW,2026-07-19,,20053.0,20053.0,610,Monedero
4072,2000141888,Chiguayante,Los Canelos,,,,2026-07-19 20:07:59,2026-07-19 21:32:36,,2026-07-19,sin_combo_factible_en_hub|sin_s1_factible_retro,,,900,Monedero
4073,2000141893,Cristo Redentor,Concepcion,20052.0,L2,V1,2026-07-19 11:16:37,2026-07-19 12:10:48,CW→CC,2026-07-19,,20052.0,20052.0,850,Monedero
4074,2000141893,Concepcion,Cristo Redentor,20171.0,L2,V1,2026-07-19 20:36:31,2026-07-19 21:36:29,CC→CW,2026-07-19,,20171.0,20171.0,850,Monedero
4075,2000142356,Concepcion,Cdal. Raul Silva Henriquez,20059.0,L2,V1,2026-07-19 12:13:02,2026-07-19 13:41:45,CC→CW,2026-07-19,combo_por_entrada,20059.0,20059.0,590,Monedero
4076,2000142356,Concepcion,Cdal. Raul Silva Henriquez,20059.0,L2,V1,2026-07-19 12:13:08,2026-07-19 13:41:40,CC→CW,2026-07-19,combo_por_entrada,20059.0,20059.0,590,Monedero
4077,2000142356,Cdal. Raul Silva Henriquez,Concepcion,20162.0,L2,V1,2026-07-19 18:18:54,2026-07-19 18:58:31,CW→CC,2026-07-19,,20162.0,20162.0,570,Monedero
4078,2000142356,Cdal. Raul Silva Henriquez,Concepcion,20162.0,L2,V1,2026-07-19 18:19:02,2026-07-19 18:58:27,CW→CC,2026-07-19,,20162.0,20162.0,570,Monedero
4079,2000142427,Los Canelos,Concepcion,20050.0,L2,V1,2026-07-19 11:00:19,2026-07-19 11:42:10,CW→CC,2026-07-19,,20050.0,20050.0,850,Monedero
4080,2000142831,Concepcion,Lomas Coloradas,20167.0,L2,V1,2026-07-19 19:53:52,2026-07-19 20:20:04,CC→CW,2026-07-19,,20167.0,20167.0,570,Monedero
4081,2000143132,Alborada,Cristo Redentor,20161.0,L2,V1,2026-07-19 18:23:18,2026-07-19 19:06:53,CC→CW,2026-07-19,,20161.0,20161.0,680,Monedero
4082,2000155532,Concepcion,Los Canelos,20157.0,L2,V1,2026-07-19 16:56:04,2026-07-19 18:02:07,CC→CW,2026-07-19,,20157.0,,850,Monedero
4083,2000155880,Costa Mar,Coronel,20149.0,L2,V1,2026-07-19 08:37:59,2026-07-19 09:16:08,CC→CW,2026-07-19,,20149.0,20149.0,650,Monedero
4084,2000155898,Concepcion,Coronel,20161.0,L2,V1,2026-07-19 18:24:59,2026-07-19 19:13:00,CC→CW,2026-07-19,,20161.0,20161.0,880,Monedero
4085,2000156039,Diagonal Bio Bio,Cristo Redentor,20153.0,L2,V1,2026-07-19 09:19:30,2026-07-19 09:52:22,CC→CW,2026-07-19,,20153.0,20153.0,680,Monedero
4086,2000156546,Los Canelos,Concepcion,20170.0,L2,V1,2026-07-19 20:20:49,2026-07-19 21:21:39,CW→CC,2026-07-19,combo_por_entrada,20170.0,20848.0,870,Monedero
4087,2000156620,Manquimavida,Concepcion,20844.0,L1,V1,2026-07-19 12:22:14,2026-07-19 12:50:22,HQ→TH,2026-07-19,,20844.0,20844.0,510,Monedero
4088,2000156802,Lomas Coloradas,Concepcion,20162.0,L2,V1,2026-07-19 18:22:59,2026-07-19 19:02:08,CW→CC,2026-07-19,,20162.0,20162.0,570,Monedero
4089,2000157278,Concepcion,El Arenal,20850.0,L1,V1,2026-07-19 09:53:36,2026-07-19 10:20:12,HQ→TH,2026-07-19,,20850.0,20850.0,540,Monedero
4090,2000157794,Cdal. Raul Silva Henriquez,Concepcion,20050.0,L2,V1,2026-07-19 11:16:52,2026-07-19 11:46:03,CW→CC,2026-07-19,,20050.0,20050.0,570,Monedero
4091,2000157794,Concepcion,Cdal. Raul Silva Henriquez,20063.0,L2,V1,2026-07-19 14:22:04,2026-07-19 14:57:08,CC→CW,2026-07-19,,20063.0,20063.0,570,Monedero
4092,2000158655,Los Canelos,El Parque,20050.0,L2,V1,2026-07-19 11:07:49,2026-07-19 11:27:11,CW→CC,2026-07-19,,20050.0,20050.0,610,Monedero
4093,2000158655,El Parque,Los Canelos,20059.0,L2,V1,2026-07-19 13:18:12,2026-07-19 13:51:23,CC→CW,2026-07-19,,20059.0,20059.0,610,Monedero
4094,2000158721,Lomas Coloradas,Diagonal Bio Bio,20044.0,L2,V1,2026-07-19 10:20:26,2026-07-19 10:38:58,CW→CC,2026-07-19,,20044.0,20044.0,510,Monedero
4095,2000158919,Concepcion,Chiguayante,20847.0,L1,V1,2026-07-19 20:25:01,2026-07-19 20:43:56,TH→HQ,2026-07-19,,20847.0,20847.0,510,Monedero
4096,2000159013,Los Canelos,Costa Mar,20068.0,L2,V1,2026-07-19 15:43:19,2026-07-19 16:04:24,CW→CC,2026-07-19,,20068.0,20068.0,610,Monedero
4097,2000159013,Costa Mar,Concepcion,20162.0,L2,V1,2026-07-19 18:30:21,2026-07-19 18:57:31,CW→CC,2026-07-19,,20162.0,20162.0,570,Monedero
4098,2000159410,Concepcion,Cristo Redentor,20167.0,L2,V1,2026-07-19 19:49:32,2026-07-19 20:37:33,CC→CW,2026-07-19,,20167.0,20167.0,850,Monedero
4099,2000159819,Juan Pablo II,Coronel,20149.0,L2,V1,2026-07-19 08:26:14,2026-07-19 09:15:36,CC→CW,2026-07-19,,20149.0,20149.0,790,Monedero
4100,2000159861,Diagonal Bio Bio,Coronel,20157.0,L2,V1,2026-07-19 17:27:59,2026-07-19 18:13:31,CC→CW,2026-07-19,,20157.0,20157.0,790,Monedero
4101,2000159895,Coronel,Concepcion,20166.0,L2,V1,2026-07-19 19:09:40,2026-07-19 20:00:20,CW→CC,2026-07-19,,20166.0,20166.0,880,Monedero
4102,2000160002,Concepcion,Cdal. Raul Silva Henriquez,20161.0,L2,V1,2026-07-19 17:37:31,2026-07-19 18:53:25,CC→CW,2026-07-19,,20161.0,20157.0,570,Monedero
4103,2000160002,Concepcion,Cdal. Raul Silva Henriquez,20161.0,L2,V1,2026-07-19 17:37:36,2026-07-19 18:53:21,CC→CW,2026-07-19,,20161.0,20157.0,570,Monedero
4104,2000160002,Concepcion,Cdal. Raul Silva Henriquez,20161.0,L2,V1,2026-07-19 17:37:59,2026-07-19 18:53:15,CC→CW,2026-07-19,,20161.0,20157.0,570,Monedero
4105,2000160163,Lomas Coloradas,Diagonal Bio Bio,20152.0,L2,V1,2026-07-19 08:43:50,2026-07-19 09:03:44,CW→CC,2026-07-19,,20152.0,20152.0,510,Monedero
4106,2000160163,Diagonal Bio Bio,Lomas Coloradas,20059.0,L2,V1,2026-07-19 13:15:37,2026-07-19 13:38:28,CC→CW,2026-07-19,,20059.0,20059.0,510,Monedero
4107,2000160163,Lomas Coloradas,El Parque,20068.0,L2,V1,2026-07-19 15:51:42,2026-07-19 16:01:26,CW→CC,2026-07-19,,20068.0,20068.0,430,Monedero
4108,2000160606,Coronel,Costa Mar,20062.0,L2,V1,2026-07-19 13:50:02,2026-07-19 14:19:06,CW→CC,2026-07-19,,20062.0,20062.0,650,Monedero
4109,2000160606,Coronel,Costa Mar,20062.0,L2,V1,2026-07-19 13:50:10,2026-07-19 14:18:57,CW→CC,2026-07-19,,20062.0,20062.0,650,Monedero
4110,2000161053,Lomas Coloradas,Cdal. Raul Silva Henriquez,20153.0,L2,V1,2026-07-19 09:26:52,2026-07-19 09:37:30,CC→CW,2026-07-19,,20153.0,20153.0,430,Monedero
4111,2000161202,Cdal. Raul Silva Henriquez,Concepcion,20166.0,L2,V1,2026-07-19 19:34:39,2026-07-19 19:58:37,CW→CC,2026-07-19,,20166.0,20166.0,570,Monedero
4112,2000161622,Los Canelos,Coronel,20063.0,L2,V1,2026-07-19 14:58:20,2026-07-19 15:17:18,CC→CW,2026-07-19,,20063.0,20063.0,530,Monedero
4113,2000161690,Lomas Coloradas,Hito Galvarino,20153.0,L2,V1,2026-07-19 09:28:33,2026-07-19 09:43:31,CC→CW,2026-07-19,,20153.0,20153.0,610,Monedero
4114,2000161780,Concepcion,La Leonera,20859.0,L1,V1,2026-07-19 12:31:00,2026-07-19 13:20:03,TH→HQ,2026-07-19,,20859.0,20859.0,510,Monedero
4115,2000161801,Concepcion,Hito Galvarino,20171.0,L2,V1,2026-07-19 20:33:58,2026-07-19 21:28:50,CC→CW,2026-07-19,,20171.0,20171.0,850,Monedero
4116,2000162682,Lomas Coloradas,Costa Mar,20050.0,L2,V1,2026-07-19 11:22:30,2026-07-19 11:30:03,CW→CC,2026-07-19,,20050.0,20050.0,430,Monedero
4117,2000162842,Cdal. Raul Silva Henriquez,Huinca,20059.0,L2,V1,2026-07-19 13:30:22,2026-07-19 13:53:35,CC→CW,2026-07-19,,20059.0,20059.0,630,Monedero
4118,2000162870,Los Canelos,Cdal. Raul Silva Henriquez,20180.0,L2,V1,2026-07-19 16:54:39,2026-07-19 17:06:56,CW→CC,2026-07-19,,20180.0,20180.0,610,Monedero
4119,2000162886,Cdal. Raul Silva Henriquez,Cristo Redentor,20153.0,L2,V1,2026-07-19 09:33:31,2026-07-19 09:52:25,CC→CW,2026-07-19,,20153.0,20153.0,630,Monedero
4120,2000163029,Diagonal Bio Bio,Concepcion,20068.0,L2,V1,2026-07-19 16:03:49,2026-07-19 16:18:28,CW→CC,2026-07-19,,20068.0,20068.0,570,Monedero
4121,2000163130,El Arenal,Concepcion,20847.0,L1,V1,2026-07-19 20:03:37,2026-07-19 20:29:42,TH→HQ,2026-07-19,,20847.0,20847.0,540,Monedero
4122,2000163161,Lomas Coloradas,Laguna Quinenco,20059.0,L2,V1,2026-07-19 13:29:47,2026-07-19 13:58:03,CC→CW,2026-07-19,,20059.0,20059.0,650,Monedero
4123,2000163161,Laguna Quinenco,Lomas Coloradas,20170.0,L2,V1,2026-07-19 19:51:17,2026-07-19 20:38:18,CW→CC,2026-07-19,,20170.0,20170.0,650,Monedero
4124,2000163186,Cdal. Raul Silva Henriquez,Concepcion,20160.0,L2,V1,2026-07-19 17:46:28,2026-07-19 18:29:55,CW→CC,2026-07-19,,20160.0,20160.0,570,Monedero
4125,2000163186,Cdal. Raul Silva Henriquez,Concepcion,20160.0,L2,V1,2026-07-19 17:46:40,2026-07-19 18:29:46,CW→CC,2026-07-19,,20160.0,20160.0,570,Monedero
4126,2000163957,Laguna Quinenco,Concepcion,20170.0,L2,V1,2026-07-19 20:15:06,2026-07-19 20:58:41,CW→CC,2026-07-19,,20170.0,20170.0,880,Monedero
4127,2000164041,Laguna Quinenco,Juan Pablo II,20180.0,L2,V1,2026-07-19 16:39:25,2026-07-19 17:23:11,CW→CC,2026-07-19,,20180.0,20180.0,790,Monedero
4128,2000164164,Costa Mar,Hito Galvarino,20161.0,L2,V1,2026-07-19 18:38:45,2026-07-19 18:59:21,CC→CW,2026-07-19,,20161.0,20161.0,610,Monedero
4129,2000164185,Cdal. Raul Silva Henriquez,Juan Pablo II,20068.0,L2,V1,2026-07-19 15:44:06,2026-07-19 16:10:55,CW→CC,2026-07-19,,20068.0,20068.0,510,Monedero
4130,2000165131,Concepcion,Cdal. Raul Silva Henriquez,20037.0,L2,V1,2026-07-19 09:48:14,2026-07-19 10:27:00,CC→CW,2026-07-19,,20037.0,20037.0,570,Monedero
4131,2000165131,Cdal. Raul Silva Henriquez,Concepcion,20056.0,L2,V1,2026-07-19 12:27:20,2026-07-19 12:57:54,CW→CC,2026-07-19,,20056.0,20056.0,570,Monedero
4132,2000165347,Concepcion,Costa Mar,20171.0,L2,V1,2026-07-19 20:39:12,2026-07-19 21:15:01,CC→CW,2026-07-19,,20171.0,20171.0,570,Monedero
4133,2000165456,Concepcion,Cdal. Raul Silva Henriquez,20063.0,L2,V1,2026-07-19 14:25:41,2026-07-19 14:57:16,CC→CW,2026-07-19,,20063.0,20063.0,570,Monedero
4134,2000165477,Concepcion,Costa Mar,20059.0,L2,V1,2026-07-19 12:26:09,2026-07-19 13:32:52,CC→CW,2026-07-19,combo_por_entrada,20059.0,20059.0,590,Monedero
4135,2000165477,Concepcion,Costa Mar,20059.0,L2,V1,2026-07-19 12:26:16,2026-07-19 13:32:47,CC→CW,2026-07-19,combo_por_entrada,20059.0,20059.0,590,Monedero
4136,2000165477,Costa Mar,Higueras,20846.0,L1,V2,2026-07-19 14:12:24,2026-07-19 17:52:17,,2026-07-19,sin_combo_factible_en_hub|sin_s1_factible_retro,,20846.0,590,Monedero
4137,2000165614,Concepcion,Juan Pablo II,20161.0,L2,V1,2026-07-19 18:22:34,2026-07-19 18:37:49,CC→CW,2026-07-19,,20161.0,20161.0,570,Monedero
4138,2000165661,Juan Pablo II,Lomas Coloradas,20059.0,L2,V1,2026-07-19 13:11:02,2026-07-19 13:38:59,CC→CW,2026-07-19,,20059.0,20059.0,510,Monedero
4139,2000166021,Lzo. Arenas,Hualqui,20857.0,L1,V1,2026-07-19 08:47:14,2026-07-19 09:32:33,TH→HQ,2026-07-19,,20857.0,20857.0,550,Monedero
4140,2000166401,Hito Galvarino,El Parque,20066.0,L2,V1,2026-07-19 14:53:50,2026-07-19 15:13:01,CW→CC,2026-07-19,,20066.0,20066.0,610,Monedero
4141,2000166689,Concepcion,Cristo Redentor,20049.0,L2,V1,2026-07-19 11:20:22,2026-07-19 12:06:27,CC→CW,2026-07-19,,20049.0,20049.0,850,Monedero
4142,2000166689,Concepcion,Cristo Redentor,20049.0,L2,V1,2026-07-19 11:20:28,2026-07-19 12:06:23,CC→CW,2026-07-19,,20049.0,20049.0,850,Monedero
4143,2000166689,Cristo Redentor,Concepcion,20166.0,L2,V1,2026-07-19 19:11:11,2026-07-19 19:59:00,CW→CC,2026-07-19,,20166.0,20166.0,850,Monedero
4144,2000166689,Cristo Redentor,Concepcion,20166.0,L2,V1,2026-07-19 19:11:17,2026-07-19 19:58:55,CW→CC,2026-07-19,,20166.0,20166.0,850,Monedero
4145,2000166689,Cristo Redentor,Concepcion,20166.0,L2,V1,2026-07-19 19:11:22,2026-07-19 19:58:49,CW→CC,2026-07-19,,20166.0,20166.0,850,Monedero
4146,2000166696,Costa Mar,Cristo Redentor,20171.0,L2,V1,2026-07-19 21:12:58,2026-07-19 21:36:12,CC→CW,2026-07-19,,20171.0,20171.0,630,Monedero
4147,2000167069,Cdal. Raul Silva Henriquez,Concepcion,20040.0,L2,V1,2026-07-19 09:46:52,2026-07-19 10:25:56,CW→CC,2026-07-19,,20040.0,20040.0,570,Monedero
4148,2000167069,Concepcion,Cdal. Raul Silva Henriquez,20063.0,L2,V1,2026-07-19 14:04:59,2026-07-19 14:57:28,CC→CW,2026-07-19,,20063.0,20063.0,570,Monedero
4149,2000167299,Cristo Redentor,Hito Galvarino,20066.0,L2,V1,2026-07-19 14:44:44,2026-07-19 15:00:06,CW→CC,2026-07-19,,20066.0,20066.0,460,Monedero
4150,2000168012,Lomas Coloradas,Laguna Quinenco,20037.0,L2,V1,2026-07-19 10:12:37,2026-07-19 10:44:55,CC→CW,2026-07-19,,20037.0,20037.0,650,Monedero
4151,2000168012,Cristo Redentor,Lomas Coloradas,20062.0,L2,V1,2026-07-19 13:48:14,2026-07-19 14:14:06,CW→CC,2026-07-19,,20062.0,20062.0,630,Monedero
4152,2000169016,Concepcion,Los Canelos,20157.0,L2,V1,2026-07-19 17:25:21,2026-07-19 18:03:41,CC→CW,2026-07-19,,20157.0,20157.0,850,Monedero
4153,2000169396,Cdal. Raul Silva Henriquez,El Parque,20066.0,L2,V1,2026-07-19 14:53:10,2026-07-19 15:12:55,CW→CC,2026-07-19,,20066.0,20066.0,430,Monedero
4154,2000169396,El Parque,Cdal. Raul Silva Henriquez,20067.0,L2,V1,2026-07-19 15:41:57,2026-07-19 15:53:34,CC→CW,2026-07-19,,20067.0,20067.0,430,Monedero
4155,2000169404,Cristo Redentor,Concepcion,20170.0,L2,V1,2026-07-19 19:59:10,2026-07-19 21:01:50,CW→CC,2026-07-19,,20170.0,20170.0,850,Monedero
4156,2000169872,Concepcion,Juan Pablo II,20059.0,L2,V1,2026-07-19 11:39:22,2026-07-19 13:24:34,CC→CW,2026-07-19,combo_por_entrada,20059.0,20059.0,600,Monedero
4157,2000169872,Alborada,Concepcion,20166.0,L2,V1,2026-07-19 19:30:31,2026-07-19 21:02:55,CW→CC,2026-07-19,combo_por_entrada,20166.0,20847.0,600,Monedero
4158,2000171010,Lomas Coloradas,Concepcion,20050.0,L2,V1,2026-07-19 11:19:06,2026-07-19 11:42:19,CW→CC,2026-07-19,,20050.0,20050.0,570,Monedero
4159,2000171010,Lomas Coloradas,Concepcion,20050.0,L2,V1,2026-07-19 11:19:13,2026-07-19 11:42:13,CW→CC,2026-07-19,,20050.0,20050.0,570,Monedero
4160,2000171149,Costa Mar,Concepcion,20044.0,L2,V1,2026-07-19 10:32:31,2026-07-19 10:50:19,CW→CC,2026-07-19,,20044.0,20044.0,570,Monedero
4161,2000171149,Concepcion,Costa Mar,20161.0,L2,V1,2026-07-19 18:28:30,2026-07-19 18:44:28,CC→CW,2026-07-19,,20161.0,20161.0,570,Monedero
4162,2000171475,Los Canelos,Cdal. Raul Silva Henriquez,20058.0,L2,V1,2026-07-19 12:35:50,2026-07-19 12:49:32,CW→CC,2026-07-19,,20058.0,20058.0,610,Monedero
4163,2000171599,Concepcion,Huinca,20067.0,L2,V1,2026-07-19 15:26:06,2026-07-19 16:06:29,CC→CW,2026-07-19,,20067.0,20067.0,850,Monedero
4164,2000172400,Costa Mar,Cdal. Raul Silva Henriquez,20051.0,L2,V1,2026-07-19 11:59:37,2026-07-19 12:33:54,CC→CW,2026-07-19,,20051.0,20051.0,430,Monedero
4165,2000172400,Cdal. Raul Silva Henriquez,Costa Mar,20166.0,L2,V1,2026-07-19 19:17:39,2026-07-19 19:45:47,CW→CC,2026-07-19,,20166.0,20166.0,430,Monedero
4166,2000172556,Concepcion,Lomas Coloradas,20157.0,L2,V1,2026-07-19 17:19:13,2026-07-19 17:49:11,CC→CW,2026-07-19,,20157.0,,570,Monedero
4167,2000172699,Laguna Quinenco,Concepcion,20162.0,L2,V1,2026-07-19 17:55:06,2026-07-19 18:58:28,CW→CC,2026-07-19,,20162.0,20160.0,880,Monedero
4168,2000172838,Los Condores,Concepcion,20845.0,L1,V1,2026-07-19 16:03:35,2026-07-19 16:31:30,TH→HQ,2026-07-19,,20845.0,20845.0,500,Monedero
4169,2000172838,Concepcion,Los Condores,20846.0,L1,V1,2026-07-19 17:19:45,2026-07-19 17:48:59,HQ→TH,2026-07-19,,20846.0,20846.0,500,Monedero
4170,2000173301,Coronel,Lomas Coloradas,20040.0,L2,V1,2026-07-19 09:23:52,2026-07-19 10:03:09,CW→CC,2026-07-19,,20040.0,20040.0,650,Monedero
4171,2000173729,Lomas Coloradas,Juan Pablo II,20056.0,L2,V1,2026-07-19 12:36:33,2026-07-19 12:52:12,CW→CC,2026-07-19,,20056.0,20056.0,510,Monedero
4172,2000173977,Cdal. Raul Silva Henriquez,Concepcion,20066.0,L2,V1,2026-07-19 14:56:37,2026-07-19 15:28:24,CW→CC,2026-07-19,,20066.0,20066.0,570,Monedero
4173,2000174073,Concepcion,Laguna Quinenco,20163.0,L2,V1,2026-07-19 18:54:05,2026-07-19 19:39:33,CC→CW,2026-07-19,,20163.0,20163.0,880,Monedero
4174,2000174146,Laguna Quinenco,Hito Galvarino,20066.0,L2,V1,2026-07-19 14:42:56,2026-07-19 15:00:00,CW→CC,2026-07-19,,20066.0,20066.0,530,Monedero
4175,2000174206,Los Canelos,Concepcion,20160.0,L2,V1,2026-07-19 17:41:55,2026-07-19 18:29:50,CW→CC,2026-07-19,,20160.0,20160.0,850,Monedero
4176,2000174206,Los Canelos,Concepcion,20160.0,L2,V1,2026-07-19 17:42:08,2026-07-19 18:29:46,CW→CC,2026-07-19,,20160.0,20160.0,850,Monedero
4177,2000174242,Lomas Coloradas,Concepcion,20068.0,L2,V1,2026-07-19 15:38:06,2026-07-19 16:18:24,CW→CC,2026-07-19,,20068.0,20068.0,570,Monedero
4178,2000174524,Laguna Quinenco,Los Canelos,20170.0,L2,V1,2026-07-19 20:06:59,2026-07-19 20:25:31,CW→CC,2026-07-19,,20170.0,20170.0,530,Monedero
4179,2000174524,Laguna Quinenco,Los Canelos,20170.0,L2,V1,2026-07-19 20:07:06,2026-07-19 20:25:29,CW→CC,2026-07-19,,20170.0,20170.0,530,Monedero
4180,2000174673,Costa Mar,Laguna Quinenco,20153.0,L2,V1,2026-07-19 09:26:17,2026-07-19 09:54:56,CC→CW,2026-07-19,,20153.0,20153.0,650,Monedero
4181,2000174673,Costa Mar,Laguna Quinenco,20153.0,L2,V1,2026-07-19 09:26:23,2026-07-19 09:54:51,CC→CW,2026-07-19,,20153.0,20153.0,650,Monedero
4182,2000174922,Concepcion,Lomas Coloradas,20163.0,L2,V1,2026-07-19 18:35:14,2026-07-19 19:19:39,CC→CW,2026-07-19,,20163.0,20161.0,570,Monedero
4183,2000175139,Concepcion,Laguna Quinenco,20161.0,L2,V1,2026-07-19 18:17:19,2026-07-19 19:10:09,CC→CW,2026-07-19,,20161.0,20161.0,880,Monedero
4184,2000176252,Laguna Quinenco,Juan Pablo II,20040.0,L2,V1,2026-07-19 09:40:06,2026-07-19 10:15:56,CW→CC,2026-07-19,,20040.0,20040.0,790,Monedero
4185,2000176345,Laguna Quinenco,El Parque,20180.0,L2,V1,2026-07-19 16:42:21,2026-07-19 17:11:59,CW→CC,2026-07-19,,20180.0,20180.0,650,Monedero
4186,2000176345,Laguna Quinenco,El Parque,20180.0,L2,V1,2026-07-19 16:42:33,2026-07-19 17:11:55,CW→CC,2026-07-19,,20180.0,20180.0,650,Monedero
4187,2000176345,El Parque,Laguna Quinenco,20161.0,L2,V1,2026-07-19 18:38:20,2026-07-19 19:10:54,CC→CW,2026-07-19,,20161.0,20161.0,650,Monedero
4188,2000176345,El Parque,Laguna Quinenco,20161.0,L2,V1,2026-07-19 18:38:27,2026-07-19 19:10:48,CC→CW,2026-07-19,,20161.0,20161.0,650,Monedero
4189,2000176567,Cdal. Raul Silva Henriquez,Costa Mar,20166.0,L2,V1,2026-07-19 19:27:02,2026-07-19 19:44:24,CW→CC,2026-07-19,,20166.0,20166.0,430,Monedero
4190,2000178205,Concepcion,El Parque,20067.0,L2,V1,2026-07-19 14:45:06,2026-07-19 15:48:09,CC→CW,2026-07-19,,20067.0,20067.0,570,Monedero
4191,2000178290,Huinca,Juan Pablo II,20058.0,L2,V1,2026-07-19 12:36:22,2026-07-19 13:06:08,CW→CC,2026-07-19,,20058.0,20058.0,680,Monedero
4192,2000178290,Juan Pablo II,Huinca,20167.0,L2,V1,2026-07-19 19:50:05,2026-07-19 20:35:26,CC→CW,2026-07-19,,20167.0,20167.0,680,Monedero
4193,2000178295,Concepcion,Coronel,20049.0,L2,V1,2026-07-19 11:21:19,2026-07-19 12:12:09,CC→CW,2026-07-19,,20049.0,20049.0,880,Monedero
4194,2000178295,Coronel,Concepcion,20170.0,L2,V1,2026-07-19 20:11:50,2026-07-19 20:58:27,CW→CC,2026-07-19,,20170.0,20170.0,880,Monedero
4195,2000178473,Pedro Medina,La Leonera,20857.0,L1,V1,2026-07-19 08:59:54,2026-07-19 09:19:18,TH→HQ,2026-07-19,,20857.0,20857.0,420,Monedero
4196,2000178560,Cdal. Raul Silva Henriquez,Los Canelos,20167.0,L2,V1,2026-07-19 20:15:58,2026-07-19 20:33:04,CC→CW,2026-07-19,,20167.0,20167.0,610,Monedero
4197,2000179306,Huinca,Alborada,20056.0,L2,V1,2026-07-19 12:11:04,2026-07-19 12:46:16,CW→CC,2026-07-19,,20056.0,20056.0,680,Monedero
4198,2000179306,Alborada,Huinca,20157.0,L2,V1,2026-07-19 17:32:40,2026-07-19 18:05:47,CC→CW,2026-07-19,,20157.0,20157.0,680,Monedero
4199,2000180561,Lomas Coloradas,Concepcion,20056.0,L2,V1,2026-07-19 12:16:21,2026-07-19 13:19:22,CW→CC,2026-07-19,match_por_salida_fallback,20056.0,20859.0,590,Monedero
4200,2000180561,Concepcion,La Leonera,20859.0,L1,V1,2026-07-19 12:16:28,2026-07-19 13:19:14,TH→HQ,2026-07-19,match_por_salida_fallback,20859.0,20859.0,590,Monedero
4201,2000180616,Los Canelos,Concepcion,20162.0,L2,V1,2026-07-19 18:21:01,2026-07-19 18:57:25,CW→CC,2026-07-19,,20162.0,20162.0,850,Monedero
4202,2000180897,Cdal. Raul Silva Henriquez,Concepcion,20062.0,L2,V1,2026-07-19 13:57:39,2026-07-19 14:36:08,CW→CC,2026-07-19,,20062.0,20062.0,570,Monedero
4203,2000180897,Cdal. Raul Silva Henriquez,Concepcion,20062.0,L2,V1,2026-07-19 13:57:43,2026-07-19 14:36:03,CW→CC,2026-07-19,,20062.0,20062.0,570,Monedero
4204,2000180897,Cdal. Raul Silva Henriquez,Concepcion,20062.0,L2,V1,2026-07-19 13:57:48,2026-07-19 14:35:58,CW→CC,2026-07-19,,20062.0,20062.0,570,Monedero
4205,2000180999,Costa Mar,El Parque,20037.0,L2,V1,2026-07-19 10:14:54,2026-07-19 10:20:27,CC→CW,2026-07-19,,20037.0,20037.0,430,Monedero
4206,2000181309,Laguna Quinenco,Concepcion,20062.0,L2,V1,2026-07-19 13:52:28,2026-07-19 14:37:00,CW→CC,2026-07-19,,20062.0,20062.0,880,Monedero
4207,2000181309,Concepcion,Laguna Quinenco,20167.0,L2,V1,2026-07-19 19:34:19,2026-07-19 20:41:03,CC→CW,2026-07-19,,20167.0,20167.0,880,Monedero
4208,2000181366,Concepcion,La Leonera,20847.0,L1,V1,2026-07-19 20:08:42,2026-07-19 20:51:43,TH→HQ,2026-07-19,,20847.0,20847.0,510,Monedero
4209,2000181756,Huinca,Cdal. Raul Silva Henriquez,20152.0,L2,V1,2026-07-19 08:30:37,2026-07-19 08:49:49,CW→CC,2026-07-19,,20152.0,20152.0,630,Monedero
4210,2000181756,Cdal. Raul Silva Henriquez,Huinca,20171.0,L2,V1,2026-07-19 21:13:49,2026-07-19 21:33:46,CC→CW,2026-07-19,,20171.0,20171.0,630,Monedero
4211,2000182353,Concepcion,Laguna Quinenco,20157.0,L2,V1,2026-07-19 17:15:14,2026-07-19 18:10:11,CC→CW,2026-07-19,,20157.0,20157.0,880,Monedero
4212,2000182393,Laguna Quinenco,Lomas Coloradas,20160.0,L2,V1,2026-07-19 17:39:31,2026-07-19 18:08:56,CW→CC,2026-07-19,,20160.0,20160.0,650,Monedero
4213,2000182393,Lomas Coloradas,Coronel,20163.0,L2,V1,2026-07-19 19:01:02,2026-07-19 19:43:13,CC→CW,2026-07-19,,20163.0,20163.0,650,Monedero
4214,2000182431,Concepcion,Cdal. Raul Silva Henriquez,20163.0,L2,V1,2026-07-19 18:39:03,2026-07-19 19:22:05,CC→CW,2026-07-19,,20163.0,20161.0,570,Monedero
4215,2000182495,Concepcion,Lomas Coloradas,20171.0,L2,V1,2026-07-19 20:39:40,2026-07-19 21:20:43,CC→CW,2026-07-19,,20171.0,20171.0,570,Monedero
4216,2000182713,Laguna Quinenco,Juan Pablo II,20156.0,L2,V1,2026-07-19 08:58:59,2026-07-19 09:50:45,CW→CC,2026-07-19,,20156.0,20156.0,790,Monedero
4217,2000182831,Concepcion,Cdal. Raul Silva Henriquez,20171.0,L2,V1,2026-07-19 20:50:45,2026-07-19 21:22:22,CC→CW,2026-07-19,,20171.0,20171.0,570,Monedero
4218,2000183227,El Parque,Hito Galvarino,20063.0,L2,V1,2026-07-19 14:41:01,2026-07-19 15:04:09,CC→CW,2026-07-19,,20063.0,20063.0,610,Monedero
4219,2000183243,Lomas Coloradas,Cdal. Raul Silva Henriquez,20153.0,L2,V1,2026-07-19 09:11:38,2026-07-19 09:37:25,CC→CW,2026-07-19,,20153.0,20153.0,430,Monedero
4220,2000183243,Cdal. Raul Silva Henriquez,Lomas Coloradas,20166.0,L2,V1,2026-07-19 18:56:50,2026-07-19 19:38:11,CW→CC,2026-07-19,,20166.0,20166.0,430,Monedero
4221,2000183265,Diagonal Bio Bio,Coronel,20053.0,L2,V1,2026-07-19 12:14:40,2026-07-19 16:42:58,CC→CW,2026-07-19,,20053.0,20053.0,790,Monedero
4222,2000183265,Coronel,Diagonal Bio Bio,20180.0,L2,V1,2026-07-19 16:43:05,2026-07-19 17:19:24,CW→CC,2026-07-19,,20180.0,20180.0,790,Monedero
4223,2000183549,Diagonal Bio Bio,Laguna Quinenco,20067.0,L2,V1,2026-07-19 15:21:50,2026-07-19 16:11:24,CC→CW,2026-07-19,,20067.0,20067.0,790,Monedero
4224,2000183667,Alborada,Concepcion,20152.0,L2,V1,2026-07-19 08:54:58,2026-07-19 09:13:44,CW→CC,2026-07-19,,20152.0,20152.0,570,Monedero
4225,2000184040,Laguna Quinenco,Concepcion,20152.0,L2,V1,2026-07-19 08:30:41,2026-07-19 09:13:33,CW→CC,2026-07-19,,20152.0,20152.0,880,Monedero
4226,2000184077,Costa Mar,Laguna Quinenco,20053.0,L2,V1,2026-07-19 12:21:02,2026-07-19 12:49:29,CC→CW,2026-07-19,,20053.0,20053.0,650,Monedero
4227,2000184183,Higueras,Chiguayante,20859.0,L1,V1,2026-07-19 12:21:44,2026-07-19 13:10:36,TH→HQ,2026-07-19,,20859.0,20859.0,540,Monedero
4228,2000184183,Chiguayante,Higueras,20846.0,L1,V1,2026-07-19 17:17:45,2026-07-19 17:52:23,HQ→TH,2026-07-19,,20846.0,20846.0,540,Monedero
4229,2000184346,Lomas Coloradas,Concepcion,20062.0,L2,V1,2026-07-19 14:07:07,2026-07-19 14:34:24,CW→CC,2026-07-19,,20062.0,20062.0,570,Monedero
4230,2000184689,Cdal. Raul Silva Henriquez,Costa Mar,20056.0,L2,V1,2026-07-19 12:24:34,2026-07-19 12:48:40,CW→CC,2026-07-19,,20056.0,20056.0,430,Monedero
4231,2000184874,Laguna Quinenco,Costa Mar,20162.0,L2,V1,2026-07-19 18:17:34,2026-07-19 18:46:42,CW→CC,2026-07-19,,20162.0,20162.0,650,Monedero
4232,2000185746,Costa Mar,Laguna Quinenco,20037.0,L2,V1,2026-07-19 10:16:50,2026-07-19 10:44:13,CC→CW,2026-07-19,,20037.0,20037.0,650,Monedero
4233,2000185770,Hualqui,Costa Mar,,,,2026-07-19 20:11:51,2026-07-19 21:16:01,,2026-07-19,sin_combo_factible_en_hub|sin_s1_factible_retro,,,600,Monedero
4234,2000186125,El Parque,Concepcion,20166.0,L2,V1,2026-07-19 19:36:27,2026-07-19 20:01:15,CW→CC,2026-07-19,,20166.0,20166.0,570,Monedero
4235,2000186125,El Parque,Concepcion,20166.0,L2,V1,2026-07-19 19:36:31,2026-07-19 20:01:10,CW→CC,2026-07-19,,20166.0,20166.0,570,Monedero
4236,2000186218,Lomas Coloradas,Coronel,20059.0,L2,V1,2026-07-19 13:21:43,2026-07-19 14:00:57,CC→CW,2026-07-19,,20059.0,20059.0,650,Monedero
4237,2000186622,Concepcion,Los Canelos,20167.0,L2,V1,2026-07-19 19:56:05,2026-07-19 20:32:59,CC→CW,2026-07-19,,20167.0,20167.0,850,Monedero
4238,2000187153,Concepcion,Hito Galvarino,20171.0,L2,V1,2026-07-19 20:38:40,2026-07-19 21:28:23,CC→CW,2026-07-19,,20171.0,20171.0,850,Monedero
4239,2000187346,Laguna Quinenco,Concepcion,20068.0,L2,V1,2026-07-19 15:28:22,2026-07-19 16:18:14,CW→CC,2026-07-19,,20068.0,20068.0,880,Monedero
4240,2000187346,Concepcion,Los Canelos,20161.0,L2,V1,2026-07-19 18:19:01,2026-07-19 19:03:37,CC→CW,2026-07-19,,20161.0,20161.0,850,Monedero
4241,2000187346,Concepcion,Los Canelos,20161.0,L2,V1,2026-07-19 18:19:10,2026-07-19 19:03:31,CC→CW,2026-07-19,,20161.0,20161.0,850,Monedero
4242,2000187522,Laguna Quinenco,El Parque,20050.0,L2,V1,2026-07-19 11:01:48,2026-07-19 11:26:51,CW→CC,2026-07-19,,20050.0,20050.0,650,Monedero
4243,2000187522,El Parque,Laguna Quinenco,20167.0,L2,V1,2026-07-19 20:10:09,2026-07-19 20:40:26,CC→CW,2026-07-19,,20167.0,20167.0,650,Monedero
4244,2000188287,Diagonal Bio Bio,Cristo Redentor,20167.0,L2,V1,2026-07-19 20:03:18,2026-07-19 20:38:02,CC→CW,2026-07-19,,20167.0,20167.0,680,Monedero
4245,2000188610,Concepcion,Lomas Coloradas,20167.0,L2,V1,2026-07-19 19:59:55,2026-07-19 21:20:19,CC→CW,2026-07-19,,20167.0,20167.0,570,Monedero
4246,2000188745,Cdal. Raul Silva Henriquez,Concepcion,20068.0,L2,V1,2026-07-19 15:45:43,2026-07-19 16:17:47,CW→CC,2026-07-19,,20068.0,20068.0,570,Monedero
4247,2000188888,Lomas Coloradas,El Parque,20152.0,L2,V1,2026-07-19 08:47:37,2026-07-19 08:57:10,CW→CC,2026-07-19,,20152.0,20152.0,430,Monedero
4248,2000189074,Alborada,El Parque,20149.0,L2,V1,2026-07-19 08:37:00,2026-07-19 08:45:35,CC→CW,2026-07-19,,20149.0,20149.0,510,Monedero
4249,2000189313,Concepcion,Cdal. Raul Silva Henriquez,20037.0,L2,V1,2026-07-19 09:12:28,2026-07-19 10:26:52,CC→CW,2026-07-19,combo_por_entrada,20037.0,20037.0,590,Monedero
4250,2000189490,Manquimavida,Concepcion,20850.0,L1,V1,2026-07-19 09:37:29,2026-07-19 09:59:29,HQ→TH,2026-07-19,,20850.0,20850.0,510,Monedero
4251,2000189598,Juan Pablo II,Cristo Redentor,20161.0,L2,V1,2026-07-19 18:39:12,2026-07-19 19:37:35,CC→CW,2026-07-19,,20161.0,20161.0,680,Monedero
4252,2000189771,Laguna Quinenco,Concepcion,20050.0,L2,V1,2026-07-19 10:21:26,2026-07-19 11:42:51,CW→CC,2026-07-19,,20050.0,20050.0,880,Monedero
4253,2000190220,Coronel,Concepcion,20044.0,L2,V1,2026-07-19 10:00:37,2026-07-19 10:49:31,CW→CC,2026-07-19,,20044.0,20044.0,880,Monedero
4254,2000190220,Concepcion,Cristo Redentor,20051.0,L2,V1,2026-07-19 11:35:27,2026-07-19 12:47:01,CC→CW,2026-07-19,,20051.0,20049.0,850,Monedero
4255,2000190379,Hito Galvarino,Diagonal Bio Bio,20040.0,L2,V1,2026-07-19 09:43:24,2026-07-19 10:14:12,CW→CC,2026-07-19,,20040.0,20040.0,650,Monedero
4256,2000190429,Lomas Coloradas,Los Canelos,20037.0,L2,V1,2026-07-19 10:20:27,2026-07-19 10:36:54,CC→CW,2026-07-19,,20037.0,20037.0,610,Monedero
4257,2000190867,Laguna Quinenco,Juan Pablo II,20066.0,L2,V1,2026-07-19 14:30:26,2026-07-19 15:26:00,CW→CC,2026-07-19,,20066.0,20066.0,790,Monedero
4258,2000190867,Laguna Quinenco,Juan Pablo II,20066.0,L2,V1,2026-07-19 14:33:47,2026-07-19 15:25:55,CW→CC,2026-07-19,,20066.0,20066.0,790,Monedero
4259,2000191047,Costa Mar,Los Canelos,20049.0,L2,V1,2026-07-19 11:24:35,2026-07-19 12:02:09,CC→CW,2026-07-19,,20049.0,20049.0,610,Monedero
4260,2000191140,Los Canelos,Costa Mar,20068.0,L2,V1,2026-07-19 15:15:43,2026-07-19 16:03:23,CW→CC,2026-07-19,,20068.0,20068.0,610,Monedero
4261,2000191733,Alborada,Coronel,20041.0,L2,V1,2026-07-19 10:38:17,2026-07-19 11:12:52,CC→CW,2026-07-19,,20041.0,20041.0,790,Monedero
4262,2000191733,Coronel,Diagonal Bio Bio,20170.0,L2,V1,2026-07-19 19:57:33,2026-07-19 20:48:31,CW→CC,2026-07-19,,20170.0,20170.0,790,Monedero
4263,2000191872,Concepcion,Cristo Redentor,20157.0,L2,V1,2026-07-19 17:15:59,2026-07-19 18:07:34,CC→CW,2026-07-19,,20157.0,20157.0,850,Monedero
4264,2000191961,Juan Pablo II,Cdal. Raul Silva Henriquez,20049.0,L2,V1,2026-07-19 11:21:04,2026-07-19 11:52:44,CC→CW,2026-07-19,,20049.0,20049.0,510,Monedero
4265,2000192098,Cristo Redentor,Hito Galvarino,20162.0,L2,V1,2026-07-19 18:09:23,2026-07-19 18:29:33,CW→CC,2026-07-19,,20162.0,20162.0,460,Monedero
4266,2000192285,Los Canelos,Cdal. Raul Silva Henriquez,20162.0,L2,V1,2026-07-19 18:04:35,2026-07-19 18:36:32,CW→CC,2026-07-19,,20162.0,20162.0,610,Monedero
4267,2000192290,Concepcion,Laguna Quinenco,20067.0,L2,V1,2026-07-19 15:12:44,2026-07-19 16:11:30,CC→CW,2026-07-19,,20067.0,20067.0,880,Monedero
4268,2000192290,Concepcion,Laguna Quinenco,20067.0,L2,V1,2026-07-19 15:12:52,2026-07-19 16:11:19,CC→CW,2026-07-19,,20067.0,20067.0,880,Monedero
4269,2000192661,Coronel,Costa Mar,20160.0,L2,V1,2026-07-19 17:34:23,2026-07-19 18:13:10,CW→CC,2026-07-19,,20160.0,20160.0,650,Monedero
4270,2000192693,Costa Mar,Concepcion,20152.0,L2,V1,2026-07-19 08:51:39,2026-07-19 09:13:36,CW→CC,2026-07-19,,20152.0,20152.0,570,Monedero
4271,2000192693,Costa Mar,Concepcion,20152.0,L2,V1,2026-07-19 08:51:45,2026-07-19 09:13:33,CW→CC,2026-07-19,,20152.0,20152.0,570,Monedero
4272,2000193166,Los Canelos,Juan Pablo II,20166.0,L2,V1,2026-07-19 19:01:20,2026-07-19 19:51:49,CW→CC,2026-07-19,,20166.0,20166.0,650,Monedero
4273,2000193327,Hito Galvarino,Concepcion,20166.0,L2,V1,2026-07-19 18:40:59,2026-07-19 19:59:06,CW→CC,2026-07-19,,20166.0,20166.0,850,Monedero
4274,2000193536,Concepcion,Los Canelos,20163.0,L2,V1,2026-07-19 18:52:23,2026-07-19 19:31:58,CC→CW,2026-07-19,,20163.0,20163.0,850,Monedero
4275,2000193695,El Parque,Coronel,20163.0,L2,V1,2026-07-19 19:02:43,2026-07-19 19:43:09,CC→CW,2026-07-19,,20163.0,20163.0,650,Monedero
4276,2000193849,Alborada,Los Canelos,20037.0,L2,V1,2026-07-19 09:42:53,2026-07-19 10:37:26,CC→CW,2026-07-19,,20037.0,20037.0,650,Monedero
4277,2000193994,Hito Galvarino,Concepcion,20040.0,L2,V1,2026-07-19 09:49:47,2026-07-19 10:24:48,CW→CC,2026-07-19,,20040.0,20040.0,850,Monedero
4278,2000193994,Diagonal Bio Bio,Hito Galvarino,20167.0,L2,V1,2026-07-19 20:02:39,2026-07-19 20:28:53,CC→CW,2026-07-19,,20167.0,20167.0,650,Monedero
4279,2000194064,Laguna Quinenco,Cristo Redentor,20052.0,L2,V1,2026-07-19 11:21:21,2026-07-19 11:28:13,CW→CC,2026-07-19,,20052.0,20052.0,450,Monedero
4280,2000194064,Cristo Redentor,Laguna Quinenco,20053.0,L2,V1,2026-07-19 12:36:03,2026-07-19 12:54:28,CC→CW,2026-07-19,,20053.0,20053.0,450,Monedero
4281,2000194254,Concepcion,Laguna Quinenco,20059.0,L2,V1,2026-07-19 12:29:13,2026-07-19 13:59:16,CC→CW,2026-07-19,combo_por_entrada,20059.0,20059.0,910,Monedero
4282,2000194254,Laguna Quinenco,Concepcion,20160.0,L2,V1,2026-07-19 17:39:51,2026-07-19 18:28:51,CW→CC,2026-07-19,,20160.0,20160.0,880,Monedero
4283,2000194315,Los Canelos,Concepcion,20050.0,L2,V1,2026-07-19 10:50:31,2026-07-19 11:42:36,CW→CC,2026-07-19,,20050.0,20050.0,850,Monedero
4284,2000194315,Concepcion,Los Canelos,20063.0,L2,V1,2026-07-19 14:18:09,2026-07-19 15:07:29,CC→CW,2026-07-19,,20063.0,20063.0,850,Monedero
4285,2000194399,Concepcion,El Parque,20171.0,L2,V1,2026-07-19 20:12:44,2026-07-19 21:18:22,CC→CW,2026-07-19,,20171.0,20171.0,570,Monedero
4286,2000194399,Concepcion,El Parque,20171.0,L2,V1,2026-07-19 20:12:50,2026-07-19 21:18:15,CC→CW,2026-07-19,,20171.0,20171.0,570,Monedero
4287,2000194399,Concepcion,El Parque,20171.0,L2,V1,2026-07-19 20:13:06,2026-07-19 21:18:07,CC→CW,2026-07-19,,20171.0,20171.0,570,Monedero
4288,2000194404,Laguna Quinenco,Concepcion,20068.0,L2,V1,2026-07-19 15:13:02,2026-07-19 16:17:50,CW→CC,2026-07-19,,20068.0,20068.0,880,Monedero
4289,2000194406,Laguna Quinenco,Huinca,20170.0,L2,V1,2026-07-19 19:59:15,2026-07-19 20:23:49,CW→CC,2026-07-19,,20170.0,20170.0,450,Monedero
4290,2000194792,Los Canelos,Concepcion,20056.0,L2,V1,2026-07-19 12:09:04,2026-07-19 13:00:21,CW→CC,2026-07-19,,20056.0,20056.0,850,Monedero
4291,2000194792,Concepcion,Los Canelos,20063.0,L2,V1,2026-07-19 14:18:57,2026-07-19 15:07:25,CC→CW,2026-07-19,,20063.0,20063.0,850,Monedero
4292,2000194909,Concepcion,El Parque,20153.0,L2,V1,2026-07-19 08:59:38,2026-07-19 09:31:41,CC→CW,2026-07-19,,20153.0,20153.0,570,Monedero
4293,2000194935,Cristo Redentor,Concepcion,20162.0,L2,V1,2026-07-19 18:17:24,2026-07-19 19:02:39,CW→CC,2026-07-19,,20162.0,20162.0,850,Monedero
4294,2000195210,Cdal. Raul Silva Henriquez,Concepcion,20166.0,L2,V1,2026-07-19 19:18:02,2026-07-19 19:58:59,CW→CC,2026-07-19,,20166.0,20166.0,570,Monedero
4295,2000195303,Cdal. Raul Silva Henriquez,Concepcion,20066.0,L2,V1,2026-07-19 14:58:45,2026-07-19 15:29:11,CW→CC,2026-07-19,,20066.0,20066.0,570,Monedero
4296,2000195600,Concepcion,Laguna Quinenco,20049.0,L2,V1,2026-07-19 11:27:07,2026-07-19 12:09:05,CC→CW,2026-07-19,,20049.0,20049.0,880,Monedero
4297,2000195600,Concepcion,Laguna Quinenco,20049.0,L2,V1,2026-07-19 11:27:13,2026-07-19 12:08:59,CC→CW,2026-07-19,,20049.0,20049.0,880,Monedero
4298,2000195907,Los Canelos,Concepcion,20058.0,L2,V1,2026-07-19 12:29:57,2026-07-19 13:14:41,CW→CC,2026-07-19,,20058.0,20056.0,850,Monedero
4299,2000195907,Concepcion,Los Canelos,20171.0,L2,V1,2026-07-19 20:41:13,2026-07-19 21:32:26,CC→CW,2026-07-19,,20171.0,20171.0,850,Monedero
4300,2000196046,Costa Mar,Concepcion,20162.0,L2,V1,2026-07-19 18:31:57,2026-07-19 18:58:34,CW→CC,2026-07-19,,20162.0,20162.0,570,Monedero
4301,2000196061,Huinca,Concepcion,20160.0,L2,V1,2026-07-19 17:44:00,2026-07-19 18:29:23,CW→CC,2026-07-19,,20160.0,20160.0,850,Monedero
4302,2000196061,Concepcion,Huinca,20171.0,L2,V1,2026-07-19 20:32:19,2026-07-19 21:34:46,CC→CW,2026-07-19,,20171.0,20171.0,850,Monedero
4303,2000196236,Concepcion,Hito Galvarino,20063.0,L2,V1,2026-07-19 14:17:45,2026-07-19 15:03:57,CC→CW,2026-07-19,,20063.0,20063.0,850,Monedero
4304,2000196252,Alborada,Laguna Quinenco,20071.0,L2,V1,2026-07-19 16:46:14,2026-07-19 17:22:47,CC→CW,2026-07-19,,20071.0,20071.0,790,Monedero
4305,2000196252,Laguna Quinenco,Alborada,20160.0,L2,V1,2026-07-19 17:39:50,2026-07-19 18:19:44,CW→CC,2026-07-19,,20160.0,20160.0,790,Monedero
4306,2000196397,Lomas Coloradas,Concepcion,20066.0,L2,V1,2026-07-19 15:05:50,2026-07-19 15:29:23,CW→CC,2026-07-19,,20066.0,20066.0,570,Monedero
4307,2000196426,Concepcion,Costa Mar,20059.0,L2,V1,2026-07-19 12:21:52,2026-07-19 14:08:36,CC→CW,2026-07-19,combo_por_entrada,20059.0,20859.0,590,Monedero
4308,2000196426,Concepcion,Costa Mar,20059.0,L2,V1,2026-07-19 12:21:57,2026-07-19 13:33:13,CC→CW,2026-07-19,combo_por_entrada,20059.0,20859.0,590,Monedero
4309,2000196426,Costa Mar,Concepcion,20062.0,L2,V1,2026-07-19 14:08:41,2026-07-19 14:32:52,CW→CC,2026-07-19,,20062.0,20062.0,570,Monedero
4310,2000196426,Costa Mar,Concepcion,20062.0,L2,V1,2026-07-19 14:08:48,2026-07-19 14:32:47,CW→CC,2026-07-19,,20062.0,20062.0,570,Monedero
4311,2000196700,Juan Pablo II,Cdal. Raul Silva Henriquez,20167.0,L2,V1,2026-07-19 19:39:28,2026-07-19 20:25:01,CC→CW,2026-07-19,,20167.0,20167.0,510,Monedero
4312,2000196799,Cristo Redentor,Concepcion,20166.0,L2,V1,2026-07-19 18:57:47,2026-07-19 20:01:53,CW→CC,2026-07-19,,20166.0,20166.0,850,Monedero
4313,2000196885,Los Canelos,Concepcion,20160.0,L2,V1,2026-07-19 17:44:26,2026-07-19 18:28:24,CW→CC,2026-07-19,,20160.0,20160.0,850,Monedero
4314,2000197132,Cristo Redentor,Concepcion,20058.0,L2,V1,2026-07-19 12:31:07,2026-07-19 13:18:46,CW→CC,2026-07-19,,20058.0,20058.0,850,Monedero
4315,2000197132,Concepcion,Cristo Redentor,20157.0,L2,V1,2026-07-19 17:28:56,2026-07-19 18:07:36,CC→CW,2026-07-19,,20157.0,20157.0,850,Monedero
4316,2000197408,Laguna Quinenco,Concepcion,20062.0,L2,V1,2026-07-19 13:36:42,2026-07-19 14:33:22,CW→CC,2026-07-19,,20062.0,20062.0,880,Monedero
4317,2000197609,Lomas Coloradas,Diagonal Bio Bio,20162.0,L2,V1,2026-07-19 18:33:17,2026-07-19 18:48:06,CW→CC,2026-07-19,,20162.0,20162.0,510,Monedero
4318,2000197850,Los Canelos,Laguna Quinenco,20049.0,L2,V1,2026-07-19 12:01:10,2026-07-19 12:08:44,CC→CW,2026-07-19,,20049.0,20049.0,530,Monedero
4319,2000197850,Laguna Quinenco,Los Canelos,20062.0,L2,V1,2026-07-19 13:49:06,2026-07-19 14:00:45,CW→CC,2026-07-19,,20062.0,20062.0,530,Monedero
4320,2000198106,Costa Mar,Los Canelos,20071.0,L2,V1,2026-07-19 16:46:52,2026-07-19 17:12:18,CC→CW,2026-07-19,,20071.0,20071.0,610,Monedero
4321,2000198106,Los Canelos,Costa Mar,20166.0,L2,V1,2026-07-19 19:22:29,2026-07-19 19:46:05,CW→CC,2026-07-19,,20166.0,20166.0,610,Monedero
4322,2000198383,Costa Mar,Laguna Quinenco,20051.0,L2,V1,2026-07-19 11:57:37,2026-07-19 12:23:41,CC→CW,2026-07-19,,20051.0,20051.0,650,Monedero
4323,2000198561,Concepcion,Coronel,20149.0,L2,V1,2026-07-19 08:22:52,2026-07-19 09:12:25,CC→CW,2026-07-19,,20149.0,20149.0,880,Monedero
4324,2000198643,Coronel,Concepcion,20056.0,L2,V1,2026-07-19 12:17:19,2026-07-19 13:16:07,CW→CC,2026-07-19,,20056.0,20056.0,880,Monedero
4325,2000198662,Concepcion,Coronel,20161.0,L2,V1,2026-07-19 18:22:22,2026-07-19 19:12:56,CC→CW,2026-07-19,,20161.0,20161.0,880,Monedero
4326,2000198807,Concepcion,Cristo Redentor,20171.0,L2,V1,2026-07-19 20:10:53,2026-07-19 21:36:44,CC→CW,2026-07-19,,20171.0,20171.0,850,Monedero
4327,2000198905,Concepcion,Coronel,20157.0,L2,V1,2026-07-19 17:21:22,2026-07-19 18:13:01,CC→CW,2026-07-19,,20157.0,20157.0,880,Monedero
4328,2000198905,Concepcion,Coronel,20157.0,L2,V1,2026-07-19 17:21:26,2026-07-19 18:12:56,CC→CW,2026-07-19,,20157.0,20157.0,880,Monedero
4329,2000198913,Coronel,Lomas Coloradas,20068.0,L2,V1,2026-07-19 15:13:10,2026-07-19 15:58:22,CW→CC,2026-07-19,,20068.0,20068.0,650,Monedero
4330,2000198913,Lomas Coloradas,Coronel,20171.0,L2,V1,2026-07-19 21:09:20,2026-07-19 21:41:54,CC→CW,2026-07-19,,20171.0,20171.0,650,Monedero
4331,2000198979,Coronel,Concepcion,20170.0,L2,V1,2026-07-19 20:12:12,2026-07-19 21:01:51,CW→CC,2026-07-19,,20170.0,20170.0,880,Monedero
4332,2000199071,Cristo Redentor,Concepcion,20166.0,L2,V1,2026-07-19 19:14:38,2026-07-19 19:58:28,CW→CC,2026-07-19,,20166.0,20166.0,850,Monedero
4333,2000199260,Concepcion,Coronel,20163.0,L2,V1,2026-07-19 18:39:30,2026-07-19 19:42:24,CC→CW,2026-07-19,,20163.0,20163.0,880,Monedero
4334,2000199430,Concepcion,Huinca,20071.0,L2,V1,2026-07-19 16:18:38,2026-07-19 17:16:34,CC→CW,2026-07-19,,20071.0,20071.0,850,Monedero
4335,2000199436,Manquimavida,Concepcion,20844.0,L1,V1,2026-07-19 12:22:21,2026-07-19 12:50:22,HQ→TH,2026-07-19,,20844.0,20844.0,510,Monedero
4336,2000199449,Diagonal Bio Bio,Cdal. Raul Silva Henriquez,20067.0,L2,V1,2026-07-19 15:37:03,2026-07-19 15:54:16,CC→CW,2026-07-19,,20067.0,20067.0,510,Monedero
4337,2000199523,Laguna Quinenco,El Parque,20052.0,L2,V1,2026-07-19 11:16:00,2026-07-19 11:46:50,CW→CC,2026-07-19,,20052.0,20052.0,650,Monedero
4338,2000199583,Concepcion,Cristo Redentor,20063.0,L2,V1,2026-07-19 14:28:28,2026-07-19 15:11:53,CC→CW,2026-07-19,,20063.0,20063.0,850,Monedero
4339,2000199648,Cdal. Raul Silva Henriquez,Concepcion,20152.0,L2,V1,2026-07-19 08:44:21,2026-07-19 09:14:16,CW→CC,2026-07-19,,20152.0,20152.0,570,Monedero
4340,2000199773,Coronel,Cdal. Raul Silva Henriquez,20040.0,L2,V1,2026-07-19 09:28:14,2026-07-19 10:00:17,CW→CC,2026-07-19,,20040.0,20040.0,650,Monedero
4341,2000199883,Laguna Quinenco,Juan Pablo II,20062.0,L2,V1,2026-07-19 13:39:29,2026-07-19 14:26:40,CW→CC,2026-07-19,,20062.0,20062.0,790,Monedero
4342,2000199883,Laguna Quinenco,Juan Pablo II,20062.0,L2,V1,2026-07-19 13:39:35,2026-07-19 14:26:36,CW→CC,2026-07-19,,20062.0,20062.0,790,Monedero
4343,2000199883,Concepcion,Laguna Quinenco,20161.0,L2,V1,2026-07-19 18:34:01,2026-07-19 19:39:31,CC→CW,2026-07-19,,20161.0,20161.0,880,Monedero
4344,2000200290,Concepcion,Cdal. Raul Silva Henriquez,20059.0,L2,V1,2026-07-19 13:01:53,2026-07-19 13:41:35,CC→CW,2026-07-19,,20059.0,20059.0,570,Monedero
4345,2000200542,Los Canelos,Hito Galvarino,20166.0,L2,V1,2026-07-19 19:17:26,2026-07-19 19:30:19,CW→CC,2026-07-19,,20166.0,20166.0,440,Monedero
4346,2000200564,Costa Mar,Diagonal Bio Bio,20050.0,L2,V1,2026-07-19 11:27:30,2026-07-19 11:33:14,CW→CC,2026-07-19,,20050.0,20050.0,510,Monedero
4347,2000200664,Laguna Quinenco,Juan Pablo II,20156.0,L2,V1,2026-07-19 08:55:24,2026-07-19 09:50:55,CW→CC,2026-07-19,,20156.0,20156.0,790,Monedero
4348,2000200898,Los Canelos,El Parque,20050.0,L2,V1,2026-07-19 10:48:38,2026-07-19 11:27:01,CW→CC,2026-07-19,,20050.0,20050.0,610,Monedero
4349,2000200898,El Parque,Concepcion,20056.0,L2,V1,2026-07-19 12:24:16,2026-07-19 12:58:14,CW→CC,2026-07-19,,20056.0,20056.0,570,Monedero
4350,2000200898,Concepcion,Los Canelos,20063.0,L2,V1,2026-07-19 14:17:54,2026-07-19 15:07:25,CC→CW,2026-07-19,,20063.0,20063.0,850,Monedero
4351,2000201087,Lomas Coloradas,Diagonal Bio Bio,20056.0,L2,V1,2026-07-19 11:59:06,2026-07-19 12:49:18,CW→CC,2026-07-19,,20056.0,20056.0,510,Monedero
4352,2000201087,Lomas Coloradas,Diagonal Bio Bio,20056.0,L2,V1,2026-07-19 11:59:11,2026-07-19 12:49:13,CW→CC,2026-07-19,,20056.0,20056.0,510,Monedero
4353,2000201087,Lomas Coloradas,Diagonal Bio Bio,20056.0,L2,V1,2026-07-19 11:59:16,2026-07-19 12:49:06,CW→CC,2026-07-19,,20056.0,20056.0,510,Monedero
4354,2000201103,Lomas Coloradas,Coronel,20059.0,L2,V1,2026-07-19 13:29:28,2026-07-19 14:01:02,CC→CW,2026-07-19,,20059.0,20059.0,650,Monedero
4355,2000201103,Coronel,Lomas Coloradas,20160.0,L2,V1,2026-07-19 17:39:25,2026-07-19 18:08:39,CW→CC,2026-07-19,,20160.0,20160.0,650,Monedero
4356,2000201255,Concepcion,Cristo Redentor,20167.0,L2,V1,2026-07-19 19:51:17,2026-07-19 20:36:50,CC→CW,2026-07-19,,20167.0,20167.0,850,Monedero
4357,2000201847,Cristo Redentor,Concepcion,20062.0,L2,V1,2026-07-19 13:37:45,2026-07-19 14:37:40,CW→CC,2026-07-19,,20062.0,20062.0,850,Monedero
4358,2000201847,Cristo Redentor,Concepcion,20062.0,L2,V1,2026-07-19 13:37:51,2026-07-19 14:37:35,CW→CC,2026-07-19,,20062.0,20062.0,850,Monedero
4359,2000201847,Concepcion,Cristo Redentor,20161.0,L2,V1,2026-07-19 17:46:47,2026-07-19 19:09:00,CC→CW,2026-07-19,,20161.0,20161.0,850,Monedero
4360,2000201907,Concepcion,Lomas Coloradas,20157.0,L2,V1,2026-07-19 17:01:58,2026-07-19 17:49:28,CC→CW,2026-07-19,,20157.0,20157.0,570,Monedero
4361,2000201907,Lomas Coloradas,Costa Mar,20160.0,L2,V1,2026-07-19 18:01:58,2026-07-19 18:14:01,CW→CC,2026-07-19,,20160.0,20160.0,430,Monedero
4362,2000201982,Concepcion,Costa Mar,20167.0,L2,V1,2026-07-19 19:44:39,2026-07-19 20:14:24,CC→CW,2026-07-19,,20167.0,20167.0,570,Monedero
4363,2000202066,Concepcion,Coronel,20153.0,L2,V1,2026-07-19 08:56:34,2026-07-19 09:57:30,CC→CW,2026-07-19,,20153.0,20153.0,880,Monedero
4364,2000202081,Cristo Redentor,Laguna Quinenco,20059.0,L2,V1,2026-07-19 13:41:10,2026-07-19 13:58:46,CC→CW,2026-07-19,,20059.0,20059.0,450,Monedero
4365,2000202081,Laguna Quinenco,Cristo Redentor,20068.0,L2,V1,2026-07-19 15:28:55,2026-07-19 15:41:50,CW→CC,2026-07-19,,20068.0,20068.0,450,Monedero
4366,2000202103,Hito Galvarino,Concepcion,20180.0,L2,V1,2026-07-19 16:36:51,2026-07-19 17:36:12,CW→CC,2026-07-19,,20180.0,20180.0,850,Monedero
4367,2000202103,Hito Galvarino,Concepcion,20180.0,L2,V1,2026-07-19 16:36:55,2026-07-19 17:35:59,CW→CC,2026-07-19,,20180.0,20180.0,850,Monedero
4368,2000202309,Los Canelos,Coronel,20161.0,L2,V1,2026-07-19 18:56:59,2026-07-19 19:12:46,CC→CW,2026-07-19,,20161.0,20161.0,530,Monedero
4369,2000202396,Coronel,Concepcion,20062.0,L2,V1,2026-07-19 13:48:23,2026-07-19 14:33:47,CW→CC,2026-07-19,,20062.0,20062.0,880,Monedero
4370,2000202603,Laguna Quinenco,Concepcion,20066.0,L2,V1,2026-07-19 14:28:28,2026-07-19 15:30:58,CW→CC,2026-07-19,,20066.0,20066.0,880,Monedero
4371,2000202999,UTF Santa Maria,Hualqui,20859.0,L1,V1,2026-07-19 12:41:23,2026-07-19 13:29:06,TH→HQ,2026-07-19,,20859.0,20859.0,560,Monedero
4372,2000203072,Lomas Coloradas,Cristo Redentor,20163.0,L2,V1,2026-07-19 19:14:40,2026-07-19 19:37:02,CC→CW,2026-07-19,,20163.0,20163.0,630,Monedero
4373,2000203084,Coronel,Cdal. Raul Silva Henriquez,20062.0,L2,V1,2026-07-19 13:41:19,2026-07-19 14:09:42,CW→CC,2026-07-19,,20062.0,20062.0,650,Monedero
4374,2000203084,Cdal. Raul Silva Henriquez,Coronel,20163.0,L2,V1,2026-07-19 19:20:16,2026-07-19 19:42:31,CC→CW,2026-07-19,,20163.0,20163.0,650,Monedero
4375,2000203187,Laguna Quinenco,El Parque,20156.0,L2,V1,2026-07-19 09:14:27,2026-07-19 09:40:59,CW→CC,2026-07-19,,20156.0,20156.0,650,Monedero
4376,2000203187,El Parque,Laguna Quinenco,20167.0,L2,V1,2026-07-19 20:09:52,2026-07-19 20:40:12,CC→CW,2026-07-19,,20167.0,20167.0,650,Monedero
4377,2000204032,Lomas Coloradas,Hito Galvarino,20163.0,L2,V1,2026-07-19 19:13:23,2026-07-19 19:28:51,CC→CW,2026-07-19,,20163.0,20163.0,610,Monedero
4378,2000204089,Juan Pablo II,Costa Mar,20167.0,L2,V1,2026-07-19 19:37:11,2026-07-19 20:15:12,CC→CW,2026-07-19,,20167.0,20167.0,510,Monedero
4379,2000204121,Concepcion,Cristo Redentor,20041.0,L2,V1,2026-07-19 10:21:43,2026-07-19 11:07:42,CC→CW,2026-07-19,,20041.0,20041.0,850,Monedero
4380,2000204121,Concepcion,UTF Santa Maria,20848.0,L1,V1,2026-07-19 20:19:47,2026-07-19 21:11:19,HQ→TH,2026-07-19,combo_por_entrada,20848.0,,880,Monedero
4381,2000204368,Concepcion,Hito Galvarino,20157.0,L2,V1,2026-07-19 17:23:48,2026-07-19 17:59:18,CC→CW,2026-07-19,,20157.0,20157.0,850,Monedero
4382,2000204427,Los Canelos,Concepcion,20160.0,L2,V1,2026-07-19 17:45:09,2026-07-19 18:28:25,CW→CC,2026-07-19,,20160.0,20160.0,850,Monedero
4383,2000204661,Lomas Coloradas,Costa Mar,20056.0,L2,V1,2026-07-19 12:37:34,2026-07-19 12:43:46,CW→CC,2026-07-19,,20056.0,20056.0,430,Monedero
4384,2000204731,Los Canelos,Juan Pablo II,20066.0,L2,V1,2026-07-19 14:52:25,2026-07-19 15:22:26,CW→CC,2026-07-19,,20066.0,20066.0,650,Monedero
4385,2000205125,Diagonal Bio Bio,Los Canelos,20059.0,L2,V1,2026-07-19 13:07:03,2026-07-19 13:51:53,CC→CW,2026-07-19,,20059.0,20059.0,650,Monedero
4386,2000205215,Concepcion,Los Canelos,20171.0,L2,V1,2026-07-19 20:20:13,2026-07-19 21:32:39,CC→CW,2026-07-19,,20171.0,20171.0,850,Monedero
4387,2000205505,Laguna Quinenco,Concepcion,20062.0,L2,V1,2026-07-19 13:47:39,2026-07-19 14:33:45,CW→CC,2026-07-19,,20062.0,20062.0,880,Monedero
4388,2000205505,Laguna Quinenco,Concepcion,20062.0,L2,V1,2026-07-19 13:47:42,2026-07-19 14:33:41,CW→CC,2026-07-19,,20062.0,20062.0,880,Monedero
4389,2000205652,Cristo Redentor,Concepcion,20040.0,L2,V1,2026-07-19 09:44:47,2026-07-19 10:22:51,CW→CC,2026-07-19,,20040.0,20040.0,850,Monedero
4390,2000205652,Concepcion,Cristo Redentor,20071.0,L2,V1,2026-07-19 16:43:32,2026-07-19 18:07:46,CC→CW,2026-07-19,,20071.0,20071.0,850,Monedero
4391,2000205740,Concepcion,Hito Galvarino,20067.0,L2,V1,2026-07-19 15:14:12,2026-07-19 16:00:16,CC→CW,2026-07-19,,20067.0,20067.0,850,Monedero
4392,2000205740,Concepcion,Hito Galvarino,20067.0,L2,V1,2026-07-19 15:14:16,2026-07-19 16:00:09,CC→CW,2026-07-19,,20067.0,20067.0,850,Monedero
4393,2000205925,Cristo Redentor,Laguna Quinenco,20161.0,L2,V1,2026-07-19 18:58:34,2026-07-19 19:10:05,CC→CW,2026-07-19,,20161.0,20161.0,450,Monedero
4394,2000205925,Cristo Redentor,Laguna Quinenco,20161.0,L2,V1,2026-07-19 18:58:40,2026-07-19 19:09:58,CC→CW,2026-07-19,,20161.0,20161.0,450,Monedero
4395,2000205925,Laguna Quinenco,Cristo Redentor,20170.0,L2,V1,2026-07-19 20:10:09,2026-07-19 20:21:56,CW→CC,2026-07-19,,20170.0,20170.0,450,Monedero
4396,2000205925,Laguna Quinenco,Cristo Redentor,20170.0,L2,V1,2026-07-19 20:10:16,2026-07-19 20:21:50,CW→CC,2026-07-19,,20170.0,20170.0,450,Monedero
4397,2000206065,Cristo Redentor,Concepcion,20040.0,L2,V1,2026-07-19 09:43:59,2026-07-19 10:25:21,CW→CC,2026-07-19,,20040.0,20040.0,850,Monedero
4398,2000206065,Concepcion,Cristo Redentor,20167.0,L2,V1,2026-07-19 19:51:20,2026-07-19 20:37:18,CC→CW,2026-07-19,,20167.0,20167.0,850,Monedero
4399,2000206280,Diagonal Bio Bio,Costa Mar,20171.0,L2,V1,2026-07-19 20:41:30,2026-07-19 21:15:17,CC→CW,2026-07-19,,20171.0,20171.0,510,Monedero
4400,2000206338,Juan Pablo II,Laguna Quinenco,20067.0,L2,V1,2026-07-19 15:30:26,2026-07-19 16:11:17,CC→CW,2026-07-19,,20067.0,20067.0,790,Monedero
4401,2000206426,Los Condores,Pedro Medina,20847.0,L1,V1,2026-07-19 20:05:58,2026-07-19 20:46:53,TH→HQ,2026-07-19,,20847.0,20847.0,540,Monedero
4402,2000206426,Los Condores,Pedro Medina,20847.0,L1,V1,2026-07-19 20:06:08,2026-07-19 20:46:49,TH→HQ,2026-07-19,,20847.0,20847.0,540,Monedero
4403,2000206426,Los Condores,Pedro Medina,20847.0,L1,V1,2026-07-19 20:06:20,2026-07-19 20:46:43,TH→HQ,2026-07-19,,20847.0,20847.0,540,Monedero
4404,2000207080,Costa Mar,Concepcion,20162.0,L2,V1,2026-07-19 18:18:28,2026-07-19 18:58:23,CW→CC,2026-07-19,,20162.0,20160.0,570,Monedero
4405,2000207271,Laguna Quinenco,Concepcion,20166.0,L2,V1,2026-07-19 19:09:08,2026-07-19 20:00:12,CW→CC,2026-07-19,,20166.0,20166.0,880,Monedero
4406,2000207640,Concepcion,Lomas Coloradas,20161.0,L2,V1,2026-07-19 17:43:35,2026-07-19 18:50:15,CC→CW,2026-07-19,,20161.0,20161.0,570,Monedero
4407,2000207824,Concepcion,Alborada,20059.0,L2,V1,2026-07-19 12:25:11,2026-07-19 13:30:46,CC→CW,2026-07-19,combo_por_entrada,20059.0,20059.0,590,Monedero
4408,2000208000,Concepcion,Lomas Coloradas,20167.0,L2,V1,2026-07-19 19:43:00,2026-07-19 20:19:57,CC→CW,2026-07-19,,20167.0,20167.0,570,Monedero
4409,2000208003,Concepcion,Pedro Medina,20845.0,L1,V1,2026-07-19 16:01:31,2026-07-19 16:42:33,TH→HQ,2026-07-19,combo_por_entrada,20845.0,20068.0,590,Monedero
4410,2000208085,Higueras,Pedro Medina,20845.0,L1,V1,2026-07-19 16:06:20,2026-07-19 16:42:47,TH→HQ,2026-07-19,,20845.0,20845.0,540,Monedero
4411,2000208191,Hualqui,Pedro Medina,20850.0,L1,V1,2026-07-19 09:24:54,2026-07-19 09:46:59,HQ→TH,2026-07-19,,20850.0,20850.0,500,Monedero
4412,2000208223,Concepcion,Hito Galvarino,20067.0,L2,V1,2026-07-19 15:26:23,2026-07-19 15:59:49,CC→CW,2026-07-19,,20067.0,20067.0,850,Monedero
4413,2000208223,Hito Galvarino,Concepcion,20166.0,L2,V1,2026-07-19 19:23:32,2026-07-19 19:59:49,CW→CC,2026-07-19,,20166.0,20166.0,850,Monedero
4414,2000208285,Lomas Coloradas,Concepcion,20040.0,L2,V1,2026-07-19 10:01:34,2026-07-19 10:22:31,CW→CC,2026-07-19,,20040.0,20040.0,570,Monedero
4415,2000208285,Concepcion,Lomas Coloradas,20171.0,L2,V1,2026-07-19 20:36:17,2026-07-19 21:19:36,CC→CW,2026-07-19,,20171.0,20171.0,570,Monedero
4416,2000208425,Los Canelos,Concepcion,20040.0,L2,V1,2026-07-19 09:41:44,2026-07-19 10:23:02,CW→CC,2026-07-19,,20040.0,20040.0,850,Monedero
4417,2000208425,Concepcion,Los Canelos,20161.0,L2,V1,2026-07-19 18:28:36,2026-07-19 19:02:34,CC→CW,2026-07-19,,20161.0,20161.0,850,Monedero
4418,2000208607,Lomas Coloradas,Concepcion,20170.0,L2,V1,2026-07-19 19:54:13,2026-07-19 21:00:11,CW→CC,2026-07-19,,20170.0,20170.0,570,Monedero
4419,2000208766,Concepcion,Cristo Redentor,20161.0,L2,V1,2026-07-19 18:16:28,2026-07-19 19:07:46,CC→CW,2026-07-19,,20161.0,20161.0,850,Monedero
4420,2000209031,Cristo Redentor,Concepcion,20160.0,L2,V1,2026-07-19 17:34:09,2026-07-19 18:28:01,CW→CC,2026-07-19,,20160.0,20160.0,850,Monedero
4421,2000209384,Cristo Redentor,Concepcion,20050.0,L2,V1,2026-07-19 10:32:08,2026-07-19 11:42:41,CW→CC,2026-07-19,,20050.0,20050.0,850,Monedero
4422,2000209384,Concepcion,Cristo Redentor,20059.0,L2,V1,2026-07-19 12:48:26,2026-07-19 13:56:48,CC→CW,2026-07-19,,20059.0,20059.0,850,Monedero
4423,2000209512,Concepcion,Coronel,20063.0,L2,V1,2026-07-19 13:37:19,2026-07-19 17:25:21,CC→CW,2026-07-19,,20063.0,20063.0,880,Monedero
4424,2000209609,Juan Pablo II,Huinca,20167.0,L2,V1,2026-07-19 19:42:34,2026-07-19 20:35:14,CC→CW,2026-07-19,,20167.0,20167.0,680,Monedero
4425,2000209769,Hito Galvarino,Concepcion,20166.0,L2,V1,2026-07-19 19:04:38,2026-07-19 19:59:21,CW→CC,2026-07-19,,20166.0,20166.0,850,Monedero
4426,2000209953,Concepcion,Los Canelos,20161.0,L2,V1,2026-07-19 18:18:18,2026-07-19 19:02:35,CC→CW,2026-07-19,,20161.0,20161.0,850,Monedero
4427,2000210060,Concepcion,Los Canelos,20167.0,L2,V1,2026-07-19 19:51:54,2026-07-19 20:33:31,CC→CW,2026-07-19,,20167.0,20167.0,850,Monedero
4428,2000210067,Concepcion,Los Canelos,20167.0,L2,V1,2026-07-19 19:47:52,2026-07-19 20:33:48,CC→CW,2026-07-19,,20167.0,20167.0,850,Monedero
4429,2000210136,Concepcion,Coronel,20157.0,L2,V1,2026-07-19 17:12:27,2026-07-19 18:13:41,CC→CW,2026-07-19,,20157.0,20157.0,880,Monedero
4430,2000210168,El Parque,Coronel,20163.0,L2,V1,2026-07-19 19:02:29,2026-07-19 19:42:50,CC→CW,2026-07-19,,20163.0,20163.0,650,Monedero
4431,2000210495,Laguna Quinenco,Diagonal Bio Bio,20166.0,L2,V1,2026-07-19 19:01:58,2026-07-19 19:49:17,CW→CC,2026-07-19,,20166.0,20166.0,790,Monedero
4432,2000210657,Huinca,Diagonal Bio Bio,20162.0,L2,V1,2026-07-19 18:09:01,2026-07-19 18:48:00,CW→CC,2026-07-19,,20162.0,20162.0,680,Monedero
4433,2000211080,Concepcion,Los Condores,20846.0,L1,V1,2026-07-19 16:51:26,2026-07-19 17:50:03,HQ→TH,2026-07-19,combo_por_entrada,20846.0,20846.0,870,Monedero
4434,2000211369,Laguna Quinenco,Concepcion,20066.0,L2,V1,2026-07-19 14:40:31,2026-07-19 15:28:45,CW→CC,2026-07-19,,20066.0,20066.0,880,Monedero
4435,2000211445,Juan Pablo II,Huinca,20049.0,L2,V1,2026-07-19 11:19:01,2026-07-19 12:05:13,CC→CW,2026-07-19,,20049.0,20049.0,680,Monedero
4436,2000211529,Cdal. Raul Silva Henriquez,Costa Mar,20180.0,L2,V1,2026-07-19 17:02:07,2026-07-19 17:14:49,CW→CC,2026-07-19,,20180.0,20180.0,430,Monedero
4437,2000211529,Cdal. Raul Silva Henriquez,Costa Mar,20180.0,L2,V1,2026-07-19 17:02:12,2026-07-19 17:14:44,CW→CC,2026-07-19,,20180.0,20180.0,430,Monedero
4438,2000211883,Laguna Quinenco,Concepcion,20156.0,L2,V1,2026-07-19 08:55:58,2026-07-19 09:57:09,CW→CC,2026-07-19,,20156.0,20156.0,880,Monedero
4439,2000211949,Costa Mar,Concepcion,20166.0,L2,V1,2026-07-19 19:40:05,2026-07-19 20:00:16,CW→CC,2026-07-19,,20166.0,20166.0,570,Monedero
4440,2000211968,Lomas Coloradas,Cdal. Raul Silva Henriquez,20167.0,L2,V1,2026-07-19 20:13:55,2026-07-19 20:23:26,CC→CW,2026-07-19,,20167.0,20167.0,430,Monedero
4441,2000212335,Laguna Quinenco,Concepcion,20160.0,L2,V1,2026-07-19 17:37:23,2026-07-19 18:29:10,CW→CC,2026-07-19,,20160.0,20160.0,880,Monedero
4442,2000212381,Laguna Quinenco,Concepcion,20056.0,L2,V1,2026-07-19 11:59:34,2026-07-19 12:58:18,CW→CC,2026-07-19,,20056.0,20056.0,880,Monedero
4443,2000212381,Concepcion,Laguna Quinenco,20161.0,L2,V1,2026-07-19 18:30:14,2026-07-19 19:11:40,CC→CW,2026-07-19,,20161.0,20161.0,880,Monedero
4444,2000212381,Concepcion,Laguna Quinenco,20161.0,L2,V1,2026-07-19 18:30:18,2026-07-19 19:11:32,CC→CW,2026-07-19,,20161.0,20161.0,880,Monedero
4445,2000212654,Concepcion,Cdal. Raul Silva Henriquez,20149.0,L2,V1,2026-07-19 08:20:09,2026-07-19 08:52:23,CC→CW,2026-07-19,,20149.0,20149.0,570,Monedero
4446,2000212680,Concepcion,Costa Mar,20171.0,L2,V1,2026-07-19 19:48:33,2026-07-19 21:15:08,CC→CW,2026-07-19,combo_por_entrada,20171.0,20171.0,590,Monedero
4447,2000212902,Cdal. Raul Silva Henriquez,Concepcion,20066.0,L2,V1,2026-07-19 14:49:34,2026-07-19 15:29:23,CW→CC,2026-07-19,,20066.0,20066.0,570,Monedero
4448,2000212906,Concepcion,Laguna Quinenco,20053.0,L2,V1,2026-07-19 11:56:10,2026-07-19 12:49:06,CC→CW,2026-07-19,,20053.0,20053.0,880,Monedero
4449,2000212906,Laguna Quinenco,Concepcion,20162.0,L2,V1,2026-07-19 18:09:39,2026-07-19 18:57:57,CW→CC,2026-07-19,,20162.0,20162.0,880,Monedero
4450,2000213147,Coronel,Concepcion,20160.0,L2,V1,2026-07-19 17:46:10,2026-07-19 18:58:09,CW→CC,2026-07-19,,20160.0,20160.0,880,Monedero
4451,2000213552,Cdal. Raul Silva Henriquez,Concepcion,20166.0,L2,V1,2026-07-19 19:13:47,2026-07-19 19:59:22,CW→CC,2026-07-19,,20166.0,20166.0,570,Monedero
4452,2000213815,Lzo. Arenas,Concepcion,20845.0,L1,V1,2026-07-19 16:18:25,2026-07-19 16:49:12,TH→HQ,2026-07-19,combo_por_entrada,20845.0,20845.0,570,Monedero
4453,2000213815,Diagonal Bio Bio,Concepcion,20170.0,L2,V1,2026-07-19 20:42:37,2026-07-19 21:23:02,CW→CC,2026-07-19,combo_por_entrada,20170.0,20848.0,560,Monedero
4454,2000213830,Concepcion,Concepcion,,,,2026-07-19 10:54:46,2026-07-19 10:55:14,,2026-07-19,no viajo,,,420,Monedero
4455,2000213955,Cdal. Raul Silva Henriquez,Laguna Quinenco,20037.0,L2,V1,2026-07-19 10:25:38,2026-07-19 10:44:23,CC→CW,2026-07-19,,20037.0,20037.0,650,Monedero
4456,2000213955,Laguna Quinenco,Cdal. Raul Silva Henriquez,20170.0,L2,V1,2026-07-19 20:06:51,2026-07-19 20:35:51,CW→CC,2026-07-19,,20170.0,20170.0,650,Monedero
4457,2000214035,Laguna Quinenco,Lomas Coloradas,20166.0,L2,V1,2026-07-19 18:49:37,2026-07-19 19:38:42,CW→CC,2026-07-19,,20166.0,20166.0,650,Monedero
4458,2000214046,Concepcion,Lomas Coloradas,20059.0,L2,V1,2026-07-19 13:10:44,2026-07-19 13:38:38,CC→CW,2026-07-19,,20059.0,20059.0,570,Monedero
4459,2000214048,Concepcion,Hito Galvarino,20067.0,L2,V1,2026-07-19 15:15:42,2026-07-19 15:59:46,CC→CW,2026-07-19,,20067.0,20067.0,850,Monedero
4460,2000214214,Concepcion,El Arenal,20844.0,L1,V1,2026-07-19 12:02:26,2026-07-19 13:20:25,HQ→TH,2026-07-19,combo_relajado_pase1,20844.0,20844.0,590,Monedero
4461,2000214230,Concepcion,Lomas Coloradas,20063.0,L2,V1,2026-07-19 14:26:06,2026-07-19 14:54:09,CC→CW,2026-07-19,,20063.0,20063.0,570,Monedero
4462,2000214230,Lomas Coloradas,Concepcion,20166.0,L2,V1,2026-07-19 19:26:53,2026-07-19 20:00:35,CW→CC,2026-07-19,,20166.0,20166.0,570,Monedero
4463,2000214278,Juan Pablo II,Cdal. Raul Silva Henriquez,20071.0,L2,V1,2026-07-19 16:39:14,2026-07-19 17:02:06,CC→CW,2026-07-19,,20071.0,20071.0,510,Monedero
4464,2000214380,Concepcion,Costa Mar,20059.0,L2,V1,2026-07-19 13:03:51,2026-07-19 13:33:14,CC→CW,2026-07-19,,20059.0,20059.0,570,Monedero
4465,2000214561,Huinca,Concepcion,20062.0,L2,V1,2026-07-19 13:54:22,2026-07-19 19:52:27,CW→CC,2026-07-19,,20062.0,20062.0,850,Monedero
4466,2000214887,Concepcion,Cdal. Raul Silva Henriquez,20161.0,L2,V1,2026-07-19 18:04:18,2026-07-19 18:53:51,CC→CW,2026-07-19,,20161.0,20161.0,570,Monedero
4467,2000215049,El Arenal,Concepcion,20847.0,L1,V1,2026-07-19 20:01:48,2026-07-19 20:26:55,TH→HQ,2026-07-19,,20847.0,20847.0,540,Monedero
4468,2000215428,El Parque,Diagonal Bio Bio,20058.0,L2,V1,2026-07-19 12:52:32,2026-07-19 13:03:49,CW→CC,2026-07-19,,20058.0,20058.0,510,Monedero
4469,2000215428,Diagonal Bio Bio,El Parque,20161.0,L2,V1,2026-07-19 18:34:26,2026-07-19 18:48:27,CC→CW,2026-07-19,,20161.0,20161.0,510,Monedero
4470,2000215609,Cdal. Raul Silva Henriquez,Concepcion,20156.0,L2,V1,2026-07-19 09:30:58,2026-07-19 09:57:13,CW→CC,2026-07-19,,20156.0,20156.0,570,Monedero
4471,2000215609,Concepcion,Cdal. Raul Silva Henriquez,20171.0,L2,V1,2026-07-19 20:44:59,2026-07-19 21:22:58,CC→CW,2026-07-19,,20171.0,20171.0,570,Monedero
4472,2000215643,Lomas Coloradas,Concepcion,20180.0,L2,V1,2026-07-19 16:55:10,2026-07-19 17:29:20,CW→CC,2026-07-19,,20180.0,20180.0,570,Monedero
4473,2000215710,Cdal. Raul Silva Henriquez,Los Canelos,20171.0,L2,V1,2026-07-19 21:04:52,2026-07-19 21:32:10,CC→CW,2026-07-19,,20171.0,20171.0,610,Monedero
4474,2000215938,Cristo Redentor,Concepcion,20062.0,L2,V1,2026-07-19 13:53:07,2026-07-19 14:40:39,CW→CC,2026-07-19,,20062.0,20062.0,850,Monedero
4475,2000215938,Cristo Redentor,Concepcion,20062.0,L2,V1,2026-07-19 13:53:20,2026-07-19 14:40:29,CW→CC,2026-07-19,,20062.0,20062.0,850,Monedero
4476,2000216084,Cristo Redentor,Costa Mar,20180.0,L2,V1,2026-07-19 16:47:28,2026-07-19 17:14:40,CW→CC,2026-07-19,,20180.0,20180.0,630,Monedero
4477,2000216105,Concepcion,Coronel,20063.0,L2,V1,2026-07-19 14:18:33,2026-07-19 15:16:55,CC→CW,2026-07-19,,20063.0,20063.0,880,Monedero
4478,2000216136,El Parque,Cdal. Raul Silva Henriquez,20167.0,L2,V1,2026-07-19 20:11:24,2026-07-19 20:22:53,CC→CW,2026-07-19,,20167.0,20167.0,430,Monedero
4479,2000216258,El Parque,Los Canelos,20167.0,L2,V1,2026-07-19 19:56:01,2026-07-19 20:32:50,CC→CW,2026-07-19,,20167.0,20167.0,610,Monedero
4480,2000216268,Juan Pablo II,Costa Mar,20171.0,L2,V1,2026-07-19 20:40:21,2026-07-19 21:15:23,CC→CW,2026-07-19,,20171.0,20171.0,510,Monedero
4481,2000216362,Concepcion,Laguna Quinenco,20051.0,L2,V1,2026-07-19 11:39:08,2026-07-19 12:24:52,CC→CW,2026-07-19,,20051.0,20051.0,880,Monedero
4482,2000216362,Laguna Quinenco,Concepcion,20170.0,L2,V1,2026-07-19 20:09:06,2026-07-19 20:59:44,CW→CC,2026-07-19,,20170.0,20170.0,880,Monedero
4483,2000216529,Concepcion,Concepcion,,,,2026-07-19 12:44:24,2026-07-19 12:44:52,,2026-07-19,no viajo,,,420,Monedero
4484,2000216530,Concepcion,Cdal. Raul Silva Henriquez,20149.0,L2,V1,2026-07-19 08:08:27,2026-07-19 08:51:57,CC→CW,2026-07-19,,20149.0,20149.0,570,Monedero
4485,2000216709,Juan Pablo II,Concepcion,20066.0,L2,V1,2026-07-19 15:13:18,2026-07-19 15:32:20,CW→CC,2026-07-19,,20066.0,20066.0,570,Monedero
4486,2000216709,Concepcion,Costa Mar,20167.0,L2,V1,2026-07-19 19:29:39,2026-07-19 20:14:36,CC→CW,2026-07-19,,20167.0,20167.0,570,Monedero
4487,2000216826,Cdal. Raul Silva Henriquez,Laguna Quinenco,20161.0,L2,V1,2026-07-19 18:27:52,2026-07-19 19:10:10,CC→CW,2026-07-19,,20161.0,20161.0,650,Monedero
4488,2000216826,Laguna Quinenco,Cdal. Raul Silva Henriquez,20170.0,L2,V1,2026-07-19 20:08:50,2026-07-19 20:36:11,CW→CC,2026-07-19,,20170.0,20170.0,650,Monedero
4489,2000217065,Los Canelos,Concepcion,20062.0,L2,V1,2026-07-19 13:42:52,2026-07-19 14:33:29,CW→CC,2026-07-19,,20062.0,20062.0,850,Monedero
4490,2000217115,Costa Mar,Coronel,20051.0,L2,V1,2026-07-19 11:56:20,2026-07-19 12:27:03,CC→CW,2026-07-19,,20051.0,20051.0,650,Monedero
4491,2000217115,Coronel,Costa Mar,20068.0,L2,V1,2026-07-19 15:31:51,2026-07-19 16:03:42,CW→CC,2026-07-19,,20068.0,20068.0,650,Monedero
4492,2000217155,Concepcion,Coronel,20161.0,L2,V1,2026-07-19 18:33:39,2026-07-19 19:43:13,CC→CW,2026-07-19,,20161.0,20161.0,880,Monedero
4493,2000217420,Coronel,Concepcion,20052.0,L2,V1,2026-07-19 11:11:19,2026-07-19 12:10:02,CW→CC,2026-07-19,,20052.0,20052.0,880,Monedero
4494,2000217420,Concepcion,Coronel,20059.0,L2,V1,2026-07-19 12:49:46,2026-07-19 14:00:08,CC→CW,2026-07-19,,20059.0,20059.0,880,Monedero
4495,2000217579,Lomas Coloradas,Concepcion,20152.0,L2,V1,2026-07-19 08:46:31,2026-07-19 09:13:54,CW→CC,2026-07-19,,20152.0,20152.0,570,Monedero
4496,2000217579,Concepcion,Lomas Coloradas,20167.0,L2,V1,2026-07-19 19:23:12,2026-07-19 20:19:51,CC→CW,2026-07-19,,20167.0,20167.0,570,Monedero
4497,2000217597,El Parque,Lomas Coloradas,20161.0,L2,V1,2026-07-19 18:39:38,2026-07-19 18:49:40,CC→CW,2026-07-19,,20161.0,20161.0,430,Monedero
4498,2000217630,Lomas Coloradas,Concepcion,20058.0,L2,V1,2026-07-19 12:48:04,2026-07-19 13:14:01,CW→CC,2026-07-19,,20058.0,20058.0,570,Monedero
4499,2000217630,Concepcion,Lomas Coloradas,20163.0,L2,V1,2026-07-19 18:35:44,2026-07-19 19:19:59,CC→CW,2026-07-19,,20163.0,20161.0,570,Monedero
4500,2000217656,Cristo Redentor,Concepcion,20160.0,L2,V1,2026-07-19 17:47:04,2026-07-19 18:29:30,CW→CC,2026-07-19,,20160.0,20160.0,850,Monedero
4501,2000217656,Concepcion,Laguna Quinenco,20171.0,L2,V1,2026-07-19 20:44:14,2026-07-19 21:39:44,CC→CW,2026-07-19,,20171.0,20171.0,880,Monedero
4502,2000217756,Costa Mar,Concepcion,20162.0,L2,V1,2026-07-19 18:39:39,2026-07-19 18:57:23,CW→CC,2026-07-19,,20162.0,20162.0,570,Monedero
4503,2000217823,Costa Mar,Hito Galvarino,20167.0,L2,V1,2026-07-19 19:57:25,2026-07-19 20:30:44,CC→CW,2026-07-19,,20167.0,20167.0,610,Monedero
4504,2000217971,Laguna Quinenco,Costa Mar,20160.0,L2,V1,2026-07-19 17:43:31,2026-07-19 18:13:23,CW→CC,2026-07-19,,20160.0,20160.0,650,Monedero
4505,2000218039,Diagonal Bio Bio,Los Canelos,20059.0,L2,V1,2026-07-19 13:15:34,2026-07-19 13:52:28,CC→CW,2026-07-19,,20059.0,20059.0,650,Monedero
4506,2000218094,Concepcion,Los Canelos,20067.0,L2,V1,2026-07-19 14:51:35,2026-07-19 16:03:39,CC→CW,2026-07-19,,20067.0,20067.0,850,Monedero
4507,2000218188,Los Canelos,Concepcion,20162.0,L2,V1,2026-07-19 18:15:31,2026-07-19 19:01:29,CW→CC,2026-07-19,,20162.0,20162.0,850,Monedero
4508,2000218327,Concepcion,Cdal. Raul Silva Henriquez,20157.0,L2,V1,2026-07-19 17:29:41,2026-07-19 17:52:18,CC→CW,2026-07-19,,20157.0,20157.0,570,Monedero
4509,2000218431,Los Canelos,Lomas Coloradas,20180.0,L2,V1,2026-07-19 15:50:34,2026-07-19 17:09:03,CW→CC,2026-07-19,,20180.0,20068.0,610,Monedero
4510,2000218483,Concepcion,Laguna Quinenco,20167.0,L2,V1,2026-07-19 19:22:57,2026-07-19 20:40:15,CC→CW,2026-07-19,,20167.0,20167.0,880,Monedero
4511,2000219020,Concepcion,Coronel,20037.0,L2,V1,2026-07-19 09:42:48,2026-07-19 10:47:43,CC→CW,2026-07-19,,20037.0,20037.0,880,Monedero
4512,2000219020,Coronel,Concepcion,20180.0,L2,V1,2026-07-19 16:39:55,2026-07-19 17:29:02,CW→CC,2026-07-19,,20180.0,20180.0,880,Monedero
4513,2000219118,Concepcion,El Arenal,20846.0,L1,V1,2026-07-19 17:17:47,2026-07-19 17:56:52,HQ→TH,2026-07-19,,20846.0,20846.0,540,Monedero
4514,2000219187,Concepcion,Concepcion,,,,2026-07-19 14:10:10,2026-07-19 20:00:04,,2026-07-19,no viajo,,,420,Monedero
4515,2000219187,Concepcion,Concepcion,,,,2026-07-19 14:10:20,2026-07-19 19:59:56,,2026-07-19,no viajo,,,420,Monedero
4516,2000219187,Concepcion,Cristo Redentor,20063.0,L2,V1,2026-07-19 14:10:25,2026-07-19 19:13:39,CC→CW,2026-07-19,,20063.0,20063.0,850,Monedero
4517,2000219366,Costa Mar,Concepcion,20056.0,L2,V1,2026-07-19 12:37:55,2026-07-19 12:57:14,CW→CC,2026-07-19,,20056.0,20056.0,570,Monedero
4518,2000219390,Juan Pablo II,Costa Mar,20067.0,L2,V1,2026-07-19 15:31:14,2026-07-19 15:44:33,CC→CW,2026-07-19,,20067.0,20067.0,510,Monedero
4519,2000219429,Concepcion,Hito Galvarino,20157.0,L2,V1,2026-07-19 17:24:24,2026-07-19 17:59:32,CC→CW,2026-07-19,,20157.0,20157.0,850,Monedero
4520,2000219470,Coronel,Concepcion,20062.0,L2,V1,2026-07-19 13:43:31,2026-07-19 14:33:24,CW→CC,2026-07-19,,20062.0,20062.0,880,Monedero
4521,2000219470,Concepcion,Coronel,20163.0,L2,V1,2026-07-19 18:51:00,2026-07-19 19:43:11,CC→CW,2026-07-19,,20163.0,20163.0,880,Monedero
4522,2000219654,Mercado,Concepcion,20859.0,L1,V1,2026-07-19 12:27:24,2026-07-19 12:54:26,TH→HQ,2026-07-19,,20859.0,20859.0,540,Monedero
4523,2000219681,Diagonal Bio Bio,Los Canelos,20059.0,L2,V1,2026-07-19 13:07:02,2026-07-19 13:51:48,CC→CW,2026-07-19,,20059.0,20059.0,650,Monedero
4524,2000219896,Los Canelos,Lomas Coloradas,20166.0,L2,V1,2026-07-19 19:07:08,2026-07-19 19:38:50,CW→CC,2026-07-19,,20166.0,20166.0,610,Monedero
4525,2000219963,Lomas Coloradas,Concepcion,20066.0,L2,V1,2026-07-19 15:05:43,2026-07-19 15:29:18,CW→CC,2026-07-19,,20066.0,20066.0,570,Monedero
4526,2000220007,Concepcion,Laguna Quinenco,20037.0,L2,V1,2026-07-19 09:53:10,2026-07-19 10:45:02,CC→CW,2026-07-19,,20037.0,20037.0,880,Monedero
4527,2000220111,Concepcion,Cdal. Raul Silva Henriquez,20051.0,L2,V1,2026-07-19 11:35:52,2026-07-19 12:07:20,CC→CW,2026-07-19,,20051.0,20049.0,570,Monedero
4528,2000220111,Cdal. Raul Silva Henriquez,Concepcion,20162.0,L2,V1,2026-07-19 18:33:00,2026-07-19 18:59:17,CW→CC,2026-07-19,,20162.0,20162.0,570,Monedero
4529,2000220125,Lomas Coloradas,Hito Galvarino,20059.0,L2,V1,2026-07-19 13:26:23,2026-07-19 13:47:28,CC→CW,2026-07-19,,20059.0,20059.0,610,Monedero
4530,2000220163,Los Canelos,Concepcion,20066.0,L2,V1,2026-07-19 14:46:19,2026-07-19 15:29:29,CW→CC,2026-07-19,,20066.0,20066.0,850,Monedero
4531,2000220163,Concepcion,Concepcion,,,,2026-07-19 19:00:06,2026-07-19 19:01:06,,2026-07-19,no viajo,,,420,Monedero
4532,2000220163,Concepcion,Los Canelos,20167.0,L2,V1,2026-07-19 19:48:49,2026-07-19 20:33:35,CC→CW,2026-07-19,,20167.0,20167.0,850,Monedero
4533,2000220184,Los Canelos,Concepcion,20170.0,L2,V1,2026-07-19 20:09:05,2026-07-19 20:59:09,CW→CC,2026-07-19,,20170.0,20170.0,850,Monedero
4534,2000220395,Los Canelos,Concepcion,20156.0,L2,V1,2026-07-19 09:23:59,2026-07-19 09:59:11,CW→CC,2026-07-19,,20156.0,20156.0,850,Monedero
4535,2000220395,Concepcion,Los Canelos,20171.0,L2,V1,2026-07-19 20:42:26,2026-07-19 21:32:35,CC→CW,2026-07-19,,20171.0,20171.0,850,Monedero
4536,2000220603,Costa Mar,Coronel,20059.0,L2,V1,2026-07-19 12:51:25,2026-07-19 14:00:41,CC→CW,2026-07-19,,20059.0,20059.0,650,Monedero
4537,2000220603,Coronel,Diagonal Bio Bio,20170.0,L2,V1,2026-07-19 20:05:33,2026-07-19 20:48:26,CW→CC,2026-07-19,,20170.0,20170.0,790,Monedero
4538,2000220655,Diagonal Bio Bio,Costa Mar,20167.0,L2,V1,2026-07-19 20:03:55,2026-07-19 20:13:29,CC→CW,2026-07-19,,20167.0,20167.0,510,Monedero
4539,2000221093,Cristo Redentor,Juan Pablo II,20152.0,L2,V1,2026-07-19 08:16:35,2026-07-19 09:06:05,CW→CC,2026-07-19,,20152.0,20152.0,680,Monedero
4540,2000221093,Juan Pablo II,Cristo Redentor,20167.0,L2,V1,2026-07-19 19:47:05,2026-07-19 20:37:31,CC→CW,2026-07-19,,20167.0,20167.0,680,Monedero
4541,2000221274,Los Canelos,Alborada,20062.0,L2,V1,2026-07-19 14:03:13,2026-07-19 15:17:24,CW→CC,2026-07-19,,20062.0,20062.0,650,Monedero
4542,2000221464,Cristo Redentor,Los Canelos,20162.0,L2,V1,2026-07-19 18:14:28,2026-07-19 18:26:10,CW→CC,2026-07-19,,20162.0,20162.0,460,Monedero
4543,2000221671,Lomas Coloradas,Concepcion,20044.0,L2,V1,2026-07-19 10:27:06,2026-07-19 10:47:21,CW→CC,2026-07-19,,20044.0,20044.0,570,Monedero
4544,2000221671,Concepcion,Lomas Coloradas,20051.0,L2,V1,2026-07-19 11:46:06,2026-07-19 12:30:44,CC→CW,2026-07-19,,20051.0,20051.0,570,Monedero
4545,2000221724,Concepcion,Chiguayante,20859.0,L1,V1,2026-07-19 12:53:35,2026-07-19 13:11:08,TH→HQ,2026-07-19,,20859.0,20859.0,510,Monedero
4546,2000221724,Concepcion,Chiguayante,20847.0,L1,V1,2026-07-19 20:24:28,2026-07-19 20:43:19,TH→HQ,2026-07-19,,20847.0,20847.0,510,Monedero
4547,2000221724,Concepcion,Chiguayante,20847.0,L1,V1,2026-07-19 20:24:31,2026-07-19 20:43:06,TH→HQ,2026-07-19,,20847.0,20847.0,510,Monedero
4548,2000221835,Concepcion,Huinca,20157.0,L2,V1,2026-07-19 17:14:53,2026-07-19 18:05:57,CC→CW,2026-07-19,,20157.0,20157.0,850,Monedero
4549,2000221864,Huinca,Concepcion,20044.0,L2,V1,2026-07-19 10:09:22,2026-07-19 10:47:23,CW→CC,2026-07-19,,20044.0,20044.0,850,Monedero
4550,2000221867,Concepcion,Juan Pablo II,20059.0,L2,V1,2026-07-19 13:05:18,2026-07-19 13:24:37,CC→CW,2026-07-19,,20059.0,20059.0,570,Monedero
4551,2000221971,Lomas Coloradas,Los Canelos,20049.0,L2,V1,2026-07-19 11:39:32,2026-07-19 12:01:49,CC→CW,2026-07-19,,20049.0,20049.0,610,Monedero
4552,2000222134,Concepcion,El Parque,20063.0,L2,V1,2026-07-19 13:44:31,2026-07-19 14:52:01,CC→CW,2026-07-19,,20063.0,20063.0,570,Monedero
4553,2000222134,Concepcion,El Parque,20063.0,L2,V1,2026-07-19 13:44:35,2026-07-19 14:51:56,CC→CW,2026-07-19,,20063.0,20063.0,570,Monedero
4554,2000222134,El Parque,Concepcion,20180.0,L2,V1,2026-07-19 16:11:53,2026-07-19 17:31:22,CW→CC,2026-07-19,,20180.0,20180.0,570,Monedero
4555,2000222134,El Parque,Concepcion,20180.0,L2,V1,2026-07-19 16:12:07,2026-07-19 17:31:12,CW→CC,2026-07-19,,20180.0,20180.0,570,Monedero
4556,2000222279,Lomas Coloradas,Laguna Quinenco,20153.0,L2,V1,2026-07-19 09:16:55,2026-07-19 09:54:21,CC→CW,2026-07-19,,20153.0,20153.0,650,Monedero
4557,2000222332,Lomas Coloradas,Costa Mar,20062.0,L2,V1,2026-07-19 13:56:44,2026-07-19 14:18:47,CW→CC,2026-07-19,,20062.0,20062.0,430,Monedero
4558,2000222332,Costa Mar,Lomas Coloradas,20063.0,L2,V1,2026-07-19 14:41:13,2026-07-19 14:54:05,CC→CW,2026-07-19,,20063.0,20063.0,430,Monedero
4559,2000222333,Lomas Coloradas,Costa Mar,20050.0,L2,V1,2026-07-19 11:11:19,2026-07-19 11:28:22,CW→CC,2026-07-19,,20050.0,20050.0,430,Monedero
4560,2000222333,Costa Mar,Lomas Coloradas,20053.0,L2,V1,2026-07-19 12:09:07,2026-07-19 12:30:29,CC→CW,2026-07-19,,20053.0,20053.0,430,Monedero
4561,2000222344,Lomas Coloradas,Concepcion,20058.0,L2,V1,2026-07-19 12:49:33,2026-07-19 13:23:24,CW→CC,2026-07-19,,20058.0,20058.0,570,Monedero
4562,2000222344,Lomas Coloradas,Concepcion,20058.0,L2,V1,2026-07-19 12:49:39,2026-07-19 13:23:19,CW→CC,2026-07-19,,20058.0,20058.0,570,Monedero
4563,2000222357,Cristo Redentor,Concepcion,20166.0,L2,V1,2026-07-19 19:19:36,2026-07-19 20:03:02,CW→CC,2026-07-19,,20166.0,20166.0,850,Monedero
4564,2000222357,Cristo Redentor,Concepcion,20166.0,L2,V1,2026-07-19 19:19:41,2026-07-19 20:02:56,CW→CC,2026-07-19,,20166.0,20166.0,850,Monedero
4565,2000222627,Concepcion,Lomas Coloradas,20163.0,L2,V1,2026-07-19 18:42:57,2026-07-19 19:19:50,CC→CW,2026-07-19,,20163.0,20163.0,570,Monedero
4566,2000222712,Laguna Quinenco,Concepcion,20166.0,L2,V1,2026-07-19 19:06:39,2026-07-19 20:00:26,CW→CC,2026-07-19,,20166.0,20166.0,880,Monedero
4567,2000222743,Cdal. Raul Silva Henriquez,Concepcion,20180.0,L2,V1,2026-07-19 16:43:04,2026-07-19 17:29:44,CW→CC,2026-07-19,,20180.0,20180.0,570,Monedero
4568,2000222761,Hito Galvarino,Laguna Quinenco,20051.0,L2,V1,2026-07-19 12:05:33,2026-07-19 12:24:30,CC→CW,2026-07-19,,20051.0,20049.0,530,Monedero
4569,2000222761,Hito Galvarino,Laguna Quinenco,20051.0,L2,V1,2026-07-19 12:05:36,2026-07-19 12:24:27,CC→CW,2026-07-19,,20051.0,20049.0,530,Monedero
4570,2000222761,Laguna Quinenco,Hito Galvarino,20062.0,L2,V1,2026-07-19 13:37:58,2026-07-19 14:03:44,CW→CC,2026-07-19,,20062.0,20062.0,530,Monedero
4571,2000222761,Laguna Quinenco,Hito Galvarino,20062.0,L2,V1,2026-07-19 13:38:00,2026-07-19 14:03:37,CW→CC,2026-07-19,,20062.0,20062.0,530,Monedero
4572,2000222830,Los Canelos,Cristo Redentor,20051.0,L2,V1,2026-07-19 12:09:02,2026-07-19 12:22:00,CC→CW,2026-07-19,,20051.0,20049.0,460,Monedero
4573,2000222855,Los Condores,Chiguayante,20847.0,L1,V1,2026-07-19 20:01:38,2026-07-19 20:44:00,TH→HQ,2026-07-19,,20847.0,20847.0,540,Monedero
4574,2000222886,Concepcion,Huinca,20053.0,L2,V1,2026-07-19 11:58:01,2026-07-19 12:44:47,CC→CW,2026-07-19,,20053.0,20053.0,850,Monedero
4575,2000222886,Huinca,Concepcion,20166.0,L2,V1,2026-07-19 19:02:58,2026-07-19 19:58:49,CW→CC,2026-07-19,,20166.0,20166.0,850,Monedero
4576,2000223008,Cdal. Raul Silva Henriquez,Lomas Coloradas,20180.0,L2,V1,2026-07-19 16:54:45,2026-07-19 17:08:42,CW→CC,2026-07-19,,20180.0,20180.0,430,Monedero
4577,2000223008,Lomas Coloradas,Cdal. Raul Silva Henriquez,20157.0,L2,V1,2026-07-19 17:15:59,2026-07-19 17:52:55,CC→CW,2026-07-19,,20157.0,20157.0,430,Monedero
4578,2000223017,Cdal. Raul Silva Henriquez,Juan Pablo II,20180.0,L2,V1,2026-07-19 16:57:02,2026-07-19 17:22:38,CW→CC,2026-07-19,,20180.0,20180.0,510,Monedero
4579,2000223069,Concepcion,Cdal. Raul Silva Henriquez,20171.0,L2,V1,2026-07-19 20:08:01,2026-07-19 21:22:27,CC→CW,2026-07-19,combo_por_entrada,20171.0,20847.0,590,Monedero
4580,2000223076,Laguna Quinenco,El Parque,20044.0,L2,V1,2026-07-19 10:05:36,2026-07-19 10:32:32,CW→CC,2026-07-19,,20044.0,20044.0,650,Monedero
4581,2000223320,Hito Galvarino,Concepcion,20056.0,L2,V1,2026-07-19 12:22:47,2026-07-19 13:02:57,CW→CC,2026-07-19,,20056.0,20056.0,850,Monedero
4582,2000223320,Concepcion,Hito Galvarino,20063.0,L2,V1,2026-07-19 14:21:00,2026-07-19 15:04:03,CC→CW,2026-07-19,,20063.0,20063.0,850,Monedero
4583,2000223507,Concepcion,Concepcion,,,,2026-07-19 08:41:26,2026-07-19 10:54:00,,2026-07-19,no viajo,,,420,Monedero
4584,2000223657,Hito Galvarino,Concepcion,20152.0,L2,V1,2026-07-19 08:34:13,2026-07-19 09:13:22,CW→CC,2026-07-19,,20152.0,20152.0,850,Monedero
4585,2000223761,Concepcion,Concepcion,,,,2026-07-19 19:09:37,2026-07-19 19:10:11,,2026-07-19,no viajo,,,420,Monedero
4586,2000223761,Concepcion,La Leonera,20847.0,L1,V1,2026-07-19 20:26:07,2026-07-19 20:52:03,TH→HQ,2026-07-19,,20847.0,20847.0,510,Monedero
4587,2000223763,Manquimavida,UTF Santa Maria,20848.0,L1,V1,2026-07-19 20:34:36,2026-07-19 21:13:02,HQ→TH,2026-07-19,,20848.0,20848.0,540,Monedero
4588,2000223773,Cdal. Raul Silva Henriquez,Coronel,20149.0,L2,V1,2026-07-19 08:42:40,2026-07-19 09:12:33,CC→CW,2026-07-19,,20149.0,20149.0,650,Monedero
4589,2000223773,Coronel,Cdal. Raul Silva Henriquez,20040.0,L2,V1,2026-07-19 09:42:21,2026-07-19 10:26:21,CW→CC,2026-07-19,,20040.0,20040.0,650,Monedero
4590,2000223773,Cdal. Raul Silva Henriquez,Coronel,20071.0,L2,V1,2026-07-19 16:45:04,2026-07-19 17:22:47,CC→CW,2026-07-19,,20071.0,20071.0,650,Monedero
4591,2000223773,Coronel,Cdal. Raul Silva Henriquez,20166.0,L2,V1,2026-07-19 19:08:22,2026-07-19 19:36:07,CW→CC,2026-07-19,,20166.0,20166.0,650,Monedero
4592,2000223835,Lomas Coloradas,Diagonal Bio Bio,20066.0,L2,V1,2026-07-19 14:41:56,2026-07-19 15:19:26,CW→CC,2026-07-19,,20066.0,20066.0,510,Monedero
4593,2000224119,Hito Galvarino,Concepcion,20152.0,L2,V1,2026-07-19 08:26:39,2026-07-19 09:13:29,CW→CC,2026-07-19,,20152.0,20152.0,850,Monedero
4594,2000224119,Juan Pablo II,Hito Galvarino,20163.0,L2,V1,2026-07-19 19:08:41,2026-07-19 20:29:56,CC→CW,2026-07-19,,20163.0,20163.0,650,Monedero
4595,2000224281,Concepcion,Cdal. Raul Silva Henriquez,20067.0,L2,V1,2026-07-19 14:39:32,2026-07-19 15:53:17,CC→CW,2026-07-19,,20067.0,20063.0,570,Monedero
4596,2000224302,Coronel,Concepcion,20180.0,L2,V1,2026-07-19 16:37:26,2026-07-19 17:29:56,CW→CC,2026-07-19,,20180.0,20180.0,880,Monedero
4597,2000224374,Hualqui,Alborada,,,,2026-07-19 20:19:41,2026-07-19 21:13:33,,2026-07-19,sin_combo_factible_en_hub|sin_s1_factible_retro,,,600,Monedero
4598,2000224374,Hualqui,Alborada,,,,2026-07-19 20:19:47,2026-07-19 21:13:28,,2026-07-19,sin_combo_factible_en_hub|sin_s1_factible_retro,,,600,Monedero
4599,2000224435,Cristo Redentor,Concepcion,20044.0,L2,V1,2026-07-19 09:51:13,2026-07-19 10:54:28,CW→CC,2026-07-19,,20044.0,20040.0,850,Monedero
4600,2000224435,Concepcion,Cristo Redentor,20053.0,L2,V1,2026-07-19 12:04:20,2026-07-19 12:46:37,CC→CW,2026-07-19,,20053.0,20053.0,850,Monedero
4601,2000224576,Coronel,Concepcion,20162.0,L2,V1,2026-07-19 18:04:15,2026-07-19 18:57:59,CW→CC,2026-07-19,,20162.0,20162.0,880,Monedero
4602,2000224701,Los Canelos,Concepcion,20050.0,L2,V1,2026-07-19 10:42:45,2026-07-19 11:47:27,CW→CC,2026-07-19,,20050.0,20050.0,850,Monedero
4603,2000224701,Los Canelos,Concepcion,20050.0,L2,V1,2026-07-19 10:42:50,2026-07-19 11:47:04,CW→CC,2026-07-19,,20050.0,20050.0,850,Monedero
4604,2000224701,Los Canelos,Concepcion,20050.0,L2,V1,2026-07-19 10:42:56,2026-07-19 11:46:57,CW→CC,2026-07-19,,20050.0,20050.0,850,Monedero
4605,2000224701,Los Canelos,Concepcion,20050.0,L2,V1,2026-07-19 10:43:02,2026-07-19 11:46:36,CW→CC,2026-07-19,,20050.0,20050.0,850,Monedero
4606,2000224701,Los Canelos,Concepcion,20050.0,L2,V1,2026-07-19 10:43:07,2026-07-19 11:46:28,CW→CC,2026-07-19,,20050.0,20050.0,850,Monedero
4607,2000224735,Alborada,Diagonal Bio Bio,20160.0,L2,V1,2026-07-19 18:01:50,2026-07-19 18:18:04,CW→CC,2026-07-19,,20160.0,20160.0,440,Monedero
4608,2000224735,Diagonal Bio Bio,Alborada,20161.0,L2,V1,2026-07-19 18:31:00,2026-07-19 18:42:41,CC→CW,2026-07-19,,20161.0,20161.0,440,Monedero
4609,2000224744,Concepcion,Concepcion,,,,2026-07-19 13:02:36,2026-07-19 13:03:06,,2026-07-19,no viajo,,,420,Monedero
4610,2000224825,El Parque,Laguna Quinenco,20059.0,L2,V1,2026-07-19 13:22:13,2026-07-19 13:57:39,CC→CW,2026-07-19,,20059.0,20059.0,650,Monedero
4611,2000224825,El Parque,Laguna Quinenco,20059.0,L2,V1,2026-07-19 13:22:16,2026-07-19 13:57:38,CC→CW,2026-07-19,,20059.0,20059.0,650,Monedero
4612,2000224857,Laguna Quinenco,Concepcion,20156.0,L2,V1,2026-07-19 09:14:18,2026-07-19 10:00:02,CW→CC,2026-07-19,,20156.0,20156.0,880,Monedero
4613,2000224857,Concepcion,Laguna Quinenco,20167.0,L2,V1,2026-07-19 19:48:40,2026-07-19 20:40:38,CC→CW,2026-07-19,,20167.0,20167.0,880,Monedero
4614,2000225056,Cristo Redentor,Concepcion,20062.0,L2,V1,2026-07-19 13:46:40,2026-07-19 14:33:42,CW→CC,2026-07-19,,20062.0,20062.0,850,Monedero
4615,2000225056,Diagonal Bio Bio,Cristo Redentor,20161.0,L2,V1,2026-07-19 18:34:09,2026-07-19 19:08:26,CC→CW,2026-07-19,,20161.0,20161.0,680,Monedero
4616,2000225061,Juan Pablo II,Huinca,20041.0,L2,V1,2026-07-19 10:29:39,2026-07-19 11:05:34,CC→CW,2026-07-19,,20041.0,20041.0,680,Monedero
4617,2000225078,Los Canelos,Concepcion,20052.0,L2,V1,2026-07-19 11:27:50,2026-07-19 12:10:29,CW→CC,2026-07-19,,20052.0,20052.0,850,Monedero
4618,2000225146,El Parque,Los Canelos,20149.0,L2,V1,2026-07-19 08:43:46,2026-07-19 09:02:07,CC→CW,2026-07-19,,20149.0,20149.0,610,Monedero
4619,2000225146,Los Canelos,Costa Mar,20044.0,L2,V1,2026-07-19 10:11:41,2026-07-19 10:34:39,CW→CC,2026-07-19,,20044.0,20044.0,610,Monedero
4620,2000225156,Juan Pablo II,Los Canelos,20053.0,L2,V1,2026-07-19 11:57:35,2026-07-19 12:42:20,CC→CW,2026-07-19,,20053.0,20051.0,650,Monedero
4621,2000225166,Cristo Redentor,El Parque,20156.0,L2,V1,2026-07-19 09:18:10,2026-07-19 09:41:15,CW→CC,2026-07-19,,20156.0,20156.0,630,Monedero
4622,2000225206,Cristo Redentor,Lomas Coloradas,20170.0,L2,V1,2026-07-19 20:02:49,2026-07-19 20:39:16,CW→CC,2026-07-19,,20170.0,20170.0,630,Monedero
4623,2000225427,Costa Mar,Concepcion,20162.0,L2,V1,2026-07-19 18:28:03,2026-07-19 18:59:14,CW→CC,2026-07-19,,20162.0,20162.0,570,Monedero
4624,2000225445,Costa Mar,Los Canelos,20059.0,L2,V1,2026-07-19 13:15:08,2026-07-19 13:50:56,CC→CW,2026-07-19,,20059.0,20059.0,610,Monedero
4625,2000225445,Los Canelos,Laguna Quinenco,20063.0,L2,V1,2026-07-19 14:25:07,2026-07-19 15:14:29,CC→CW,2026-07-19,,20063.0,20063.0,530,Monedero
4626,2000225476,Costa Mar,Hito Galvarino,20037.0,L2,V1,2026-07-19 10:05:13,2026-07-19 10:33:12,CC→CW,2026-07-19,,20037.0,20037.0,610,Monedero
4627,2000225476,Hito Galvarino,Costa Mar,20062.0,L2,V1,2026-07-19 13:39:23,2026-07-19 14:19:22,CW→CC,2026-07-19,,20062.0,20062.0,610,Monedero
4628,2000225491,Costa Mar,Lomas Coloradas,20059.0,L2,V1,2026-07-19 13:12:28,2026-07-19 13:38:03,CC→CW,2026-07-19,,20059.0,20059.0,430,Monedero
4629,2000225642,Concepcion,Los Canelos,20163.0,L2,V1,2026-07-19 18:47:48,2026-07-19 19:31:53,CC→CW,2026-07-19,,20163.0,,850,Monedero
4630,2000225642,Los Canelos,Concepcion,20170.0,L2,V1,2026-07-19 19:43:39,2026-07-19 20:59:11,CW→CC,2026-07-19,,20170.0,20170.0,850,Monedero
4631,2000225762,Coronel,Concepcion,20052.0,L2,V1,2026-07-19 11:08:28,2026-07-19 12:14:05,CW→CC,2026-07-19,,20052.0,20050.0,880,Monedero
4632,2000225780,Cdal. Raul Silva Henriquez,Concepcion,20170.0,L2,V1,2026-07-19 20:25:46,2026-07-19 20:58:19,CW→CC,2026-07-19,,20170.0,20170.0,570,Monedero
4633,2000225859,Cdal. Raul Silva Henriquez,Juan Pablo II,20162.0,L2,V1,2026-07-19 18:13:10,2026-07-19 18:51:39,CW→CC,2026-07-19,,20162.0,20160.0,510,Monedero
4634,2000225859,Cdal. Raul Silva Henriquez,Juan Pablo II,20162.0,L2,V1,2026-07-19 18:13:15,2026-07-19 18:51:34,CW→CC,2026-07-19,,20162.0,20160.0,510,Monedero
4635,2000225945,Manquimavida,Concepcion,20846.0,L1,V1,2026-07-19 17:09:26,2026-07-19 17:46:57,HQ→TH,2026-07-19,,20846.0,20846.0,510,Monedero
4636,2000226002,Costa Mar,Concepcion,20040.0,L2,V1,2026-07-19 10:04:37,2026-07-19 10:22:49,CW→CC,2026-07-19,,20040.0,20040.0,570,Monedero
4637,2000226002,Concepcion,Costa Mar,20049.0,L2,V1,2026-07-19 11:22:22,2026-07-19 11:44:24,CC→CW,2026-07-19,,20049.0,20049.0,570,Monedero
4638,2000226033,Concepcion,Hualqui,20847.0,L1,V1,2026-07-19 19:35:59,2026-07-19 21:02:38,TH→HQ,2026-07-19,,20847.0,20847.0,550,Monedero
4639,2000226272,Coronel,Concepcion,20156.0,L2,V1,2026-07-19 09:10:17,2026-07-19 09:58:05,CW→CC,2026-07-19,,20156.0,20156.0,880,Monedero
4640,2000226272,Concepcion,Coronel,20171.0,L2,V1,2026-07-19 20:47:27,2026-07-19 21:42:07,CC→CW,2026-07-19,,20171.0,20171.0,880,Monedero
4641,2000226272,Concepcion,Coronel,20171.0,L2,V1,2026-07-19 20:47:31,2026-07-19 21:42:03,CC→CW,2026-07-19,,20171.0,20171.0,880,Monedero
4642,2000226306,Los Condores,Manquimavida,20859.0,L1,V1,2026-07-19 12:41:00,2026-07-19 13:16:18,TH→HQ,2026-07-19,,20859.0,20859.0,540,Monedero
4643,2000226306,Manquimavida,Los Condores,20848.0,L1,V1,2026-07-19 20:40:57,2026-07-19 21:17:31,HQ→TH,2026-07-19,,20848.0,20848.0,540,Monedero
4644,2000226392,Concepcion,Hualqui,20845.0,L1,V1,2026-07-19 16:07:08,2026-07-19 17:01:45,TH→HQ,2026-07-19,combo_por_entrada,20845.0,20845.0,600,Monedero
4645,2000226740,El Parque,Cdal. Raul Silva Henriquez,20067.0,L2,V1,2026-07-19 15:42:14,2026-07-19 15:53:24,CC→CW,2026-07-19,,20067.0,20067.0,430,Monedero
4646,2000226789,Hito Galvarino,Concepcion,20062.0,L2,V1,2026-07-19 13:49:10,2026-07-19 14:35:13,CW→CC,2026-07-19,,20062.0,20062.0,850,Monedero
4647,2000226831,Concepcion,Coronel,20149.0,L2,V1,2026-07-19 08:18:49,2026-07-19 09:14:00,CC→CW,2026-07-19,,20149.0,20149.0,880,Monedero
4648,2000226831,Coronel,Concepcion,20162.0,L2,V1,2026-07-19 18:08:34,2026-07-19 18:57:53,CW→CC,2026-07-19,,20162.0,20162.0,880,Monedero
4649,2000226837,Coronel,Concepcion,20058.0,L2,V1,2026-07-19 12:26:53,2026-07-19 13:19:36,CW→CC,2026-07-19,,20058.0,20058.0,880,Monedero
4650,2000226837,Concepcion,Coronel,20171.0,L2,V1,2026-07-19 20:55:39,2026-07-19 21:41:59,CC→CW,2026-07-19,,20171.0,20171.0,880,Monedero
4651,2000226852,Laguna Quinenco,Huinca,20062.0,L2,V1,2026-07-19 13:38:35,2026-07-19 13:58:49,CW→CC,2026-07-19,,20062.0,20062.0,450,Monedero
4652,2000226994,Cristo Redentor,Concepcion,20156.0,L2,V1,2026-07-19 08:59:05,2026-07-19 09:58:38,CW→CC,2026-07-19,,20156.0,20156.0,850,Monedero
4653,2000226998,Los Canelos,Concepcion,20062.0,L2,V1,2026-07-19 13:55:22,2026-07-19 14:33:19,CW→CC,2026-07-19,,20062.0,20062.0,850,Monedero
4654,2000227073,Laguna Quinenco,Hito Galvarino,20050.0,L2,V1,2026-07-19 10:49:43,2026-07-19 11:14:00,CW→CC,2026-07-19,,20050.0,20050.0,530,Monedero
4655,2000227130,Laguna Quinenco,Costa Mar,20160.0,L2,V1,2026-07-19 17:43:53,2026-07-19 18:13:43,CW→CC,2026-07-19,,20160.0,20160.0,650,Monedero
4656,2000227130,Costa Mar,Laguna Quinenco,20167.0,L2,V1,2026-07-19 20:01:38,2026-07-19 20:41:54,CC→CW,2026-07-19,,20167.0,20167.0,650,Monedero
4657,2000227224,Laguna Quinenco,Cdal. Raul Silva Henriquez,20040.0,L2,V1,2026-07-19 09:29:36,2026-07-19 09:59:47,CW→CC,2026-07-19,,20040.0,20040.0,650,Monedero
4658,2000227228,Cdal. Raul Silva Henriquez,Concepcion,20062.0,L2,V1,2026-07-19 14:04:09,2026-07-19 14:35:45,CW→CC,2026-07-19,,20062.0,20062.0,570,Monedero
4659,2000227232,Chiguayante,Concepcion,20844.0,L1,V1,2026-07-19 12:15:50,2026-07-19 12:52:04,HQ→TH,2026-07-19,,20844.0,20844.0,510,Monedero
4660,2000227232,Chiguayante,Concepcion,20844.0,L1,V1,2026-07-19 12:16:05,2026-07-19 12:51:54,HQ→TH,2026-07-19,,20844.0,20844.0,510,Monedero
4661,2000227346,Cristo Redentor,Los Canelos,20152.0,L2,V1,2026-07-19 08:29:05,2026-07-19 08:40:59,CW→CC,2026-07-19,,20152.0,20152.0,460,Monedero
4662,2000227448,Concepcion,Huinca,20041.0,L2,V1,2026-07-19 10:26:28,2026-07-19 11:05:11,CC→CW,2026-07-19,,20041.0,20041.0,850,Monedero
4663,2000227448,Huinca,Concepcion,20160.0,L2,V1,2026-07-19 17:39:20,2026-07-19 18:28:32,CW→CC,2026-07-19,,20160.0,20160.0,850,Monedero
4664,2000227516,Hualqui,UTF Santa Maria,20844.0,L1,V1,2026-07-19 12:13:39,2026-07-19 13:06:49,HQ→TH,2026-07-19,,20844.0,20844.0,560,Monedero
4665,2000227763,Concepcion,Juan Pablo II,20059.0,L2,V1,2026-07-19 13:05:17,2026-07-19 13:24:39,CC→CW,2026-07-19,,20059.0,20059.0,570,Monedero
4666,2000227854,Concepcion,Costa Mar,20063.0,L2,V1,2026-07-19 14:20:45,2026-07-19 14:49:44,CC→CW,2026-07-19,,20063.0,20063.0,570,Monedero
4667,2000227855,Costa Mar,Lomas Coloradas,20067.0,L2,V1,2026-07-19 15:32:32,2026-07-19 15:50:44,CC→CW,2026-07-19,,20067.0,20067.0,430,Monedero
4668,2000227855,Lomas Coloradas,Costa Mar,20160.0,L2,V1,2026-07-19 17:27:43,2026-07-19 18:13:52,CW→CC,2026-07-19,,20160.0,20160.0,430,Monedero
4669,2000227856,Costa Mar,Lomas Coloradas,20067.0,L2,V1,2026-07-19 15:32:30,2026-07-19 15:50:45,CC→CW,2026-07-19,,20067.0,20067.0,430,Monedero
4670,2000227856,Lomas Coloradas,Costa Mar,20160.0,L2,V1,2026-07-19 17:27:44,2026-07-19 18:13:52,CW→CC,2026-07-19,,20160.0,20160.0,430,Monedero
4671,2000227872,Cdal. Raul Silva Henriquez,Concepcion,20170.0,L2,V1,2026-07-19 20:28:09,2026-07-19 20:59:47,CW→CC,2026-07-19,,20170.0,20170.0,570,Monedero
4672,2000228104,Laguna Quinenco,Costa Mar,20170.0,L2,V1,2026-07-19 20:15:48,2026-07-19 20:44:06,CW→CC,2026-07-19,,20170.0,20170.0,650,Monedero
4673,2000228196,Lomas Coloradas,Concepcion,20040.0,L2,V1,2026-07-19 09:43:05,2026-07-19 10:23:03,CW→CC,2026-07-19,,20040.0,20156.0,570,Monedero
4674,2000228196,Concepcion,Lomas Coloradas,20163.0,L2,V1,2026-07-19 18:41:01,2026-07-19 19:19:55,CC→CW,2026-07-19,,20163.0,20163.0,570,Monedero
4675,2000228204,Laguna Quinenco,Lomas Coloradas,20166.0,L2,V1,2026-07-19 18:49:37,2026-07-19 19:38:40,CW→CC,2026-07-19,,20166.0,20166.0,650,Monedero
4676,2000228278,Concepcion,Cdal. Raul Silva Henriquez,20063.0,L2,V1,2026-07-19 14:27:42,2026-07-19 14:58:05,CC→CW,2026-07-19,,20063.0,20063.0,570,Monedero
4677,2000228312,Laguna Quinenco,Los Canelos,20170.0,L2,V1,2026-07-19 20:10:21,2026-07-19 20:25:20,CW→CC,2026-07-19,,20170.0,20170.0,530,Monedero
4678,2000228396,Alborada,Costa Mar,20071.0,L2,V1,2026-07-19 16:50:13,2026-07-19 19:10:04,CC→CW,2026-07-19,,20071.0,20071.0,510,Monedero
4679,2000228396,Costa Mar,Huinca,20163.0,L2,V1,2026-07-19 19:10:10,2026-07-19 19:35:11,CC→CW,2026-07-19,,20163.0,20163.0,630,Monedero
4680,2000228541,Cristo Redentor,Los Canelos,20040.0,L2,V1,2026-07-19 09:34:12,2026-07-19 09:50:43,CW→CC,2026-07-19,,20040.0,20040.0,460,Monedero
4681,2000228541,Concepcion,Lzo. Arenas,20846.0,L1,V1,2026-07-19 16:50:41,2026-07-19 17:42:06,HQ→TH,2026-07-19,combo_por_entrada,20846.0,20846.0,570,Monedero
4682,2000228622,Lzo. Arenas,Concepcion,20859.0,L1,V1,2026-07-19 12:43:45,2026-07-19 12:54:38,TH→HQ,2026-07-19,,20859.0,20859.0,420,Monedero
4683,2000228985,Lomas Coloradas,Alborada,20040.0,L2,V1,2026-07-19 10:01:00,2026-07-19 10:11:39,CW→CC,2026-07-19,,20040.0,20040.0,510,Monedero
4684,2000228985,Alborada,Diagonal Bio Bio,20052.0,L2,V1,2026-07-19 11:48:13,2026-07-19 11:53:03,CW→CC,2026-07-19,,20052.0,20052.0,440,Monedero
4685,2000229021,Lomas Coloradas,Coronel,20163.0,L2,V1,2026-07-19 19:16:39,2026-07-19 19:42:43,CC→CW,2026-07-19,,20163.0,20163.0,650,Monedero
4686,2000229028,Coronel,Laguna Quinenco,20058.0,L2,V1,2026-07-19 12:30:00,2026-07-19 12:34:04,CW→CC,2026-07-19,,20058.0,20058.0,440,Monedero
4687,2000229028,Hito Galvarino,Coronel,20071.0,L2,V1,2026-07-19 16:32:57,2026-07-19 17:21:54,CC→CW,2026-07-19,,20071.0,20071.0,530,Monedero
4688,2000229211,Concepcion,Costa Mar,20041.0,L2,V1,2026-07-19 10:16:15,2026-07-19 11:19:01,CC→CW,2026-07-19,,20041.0,20041.0,570,Monedero
4689,2000229254,Los Canelos,Lomas Coloradas,20166.0,L2,V1,2026-07-19 19:18:43,2026-07-19 19:38:29,CW→CC,2026-07-19,,20166.0,20166.0,610,Monedero
4690,2000229290,Hito Galvarino,Los Canelos,20149.0,L2,V1,2026-07-19 08:57:03,2026-07-19 09:03:25,CC→CW,2026-07-19,,20149.0,20149.0,440,Monedero
4691,2000229290,Los Canelos,Hito Galvarino,20166.0,L2,V1,2026-07-19 19:19:19,2026-07-19 19:29:45,CW→CC,2026-07-19,,20166.0,20166.0,440,Monedero
4692,2000229405,Concepcion,Los Canelos,20059.0,L2,V1,2026-07-19 13:07:18,2026-07-19 13:53:15,CC→CW,2026-07-19,,20059.0,20059.0,850,Monedero
4693,2000229449,Concepcion,Laguna Quinenco,20167.0,L2,V1,2026-07-19 19:25:03,2026-07-19 20:40:45,CC→CW,2026-07-19,,20167.0,20167.0,880,Monedero
4694,2000229466,Laguna Quinenco,Juan Pablo II,20162.0,L2,V1,2026-07-19 18:02:53,2026-07-19 18:50:53,CW→CC,2026-07-19,,20162.0,20162.0,790,Monedero
4695,2000229494,Hito Galvarino,Laguna Quinenco,20037.0,L2,V1,2026-07-19 10:32:04,2026-07-19 10:44:42,CC→CW,2026-07-19,,20037.0,20037.0,530,Monedero
4696,2000229494,Laguna Quinenco,Juan Pablo II,20062.0,L2,V1,2026-07-19 13:45:42,2026-07-19 14:26:33,CW→CC,2026-07-19,,20062.0,20062.0,790,Monedero
4697,2000230215,Concepcion,Los Canelos,20071.0,L2,V1,2026-07-19 15:40:41,2026-07-19 17:12:28,CC→CW,2026-07-19,combo_por_entrada,20071.0,20071.0,880,Monedero
4698,2000230226,Huinca,Laguna Quinenco,20037.0,L2,V1,2026-07-19 10:36:33,2026-07-19 10:43:53,CC→CW,2026-07-19,,20037.0,20037.0,450,Monedero
4699,2000230299,Huinca,Concepcion,20170.0,L2,V1,2026-07-19 20:21:41,2026-07-19 21:00:49,CW→CC,2026-07-19,,20170.0,20170.0,850,Monedero
4700,2000230316,Los Canelos,Hito Galvarino,20066.0,L2,V1,2026-07-19 14:52:46,2026-07-19 15:00:26,CW→CC,2026-07-19,,20066.0,20066.0,440,Monedero
4701,2000230362,Los Canelos,Concepcion,20050.0,L2,V1,2026-07-19 10:48:11,2026-07-19 11:42:18,CW→CC,2026-07-19,,20050.0,20050.0,850,Monedero
4702,2000230362,Concepcion,Hito Galvarino,20067.0,L2,V1,2026-07-19 15:21:08,2026-07-19 16:00:20,CC→CW,2026-07-19,,20067.0,20067.0,850,Monedero
4703,2000230549,Hito Galvarino,Juan Pablo II,20166.0,L2,V1,2026-07-19 19:16:26,2026-07-19 19:51:12,CW→CC,2026-07-19,,20166.0,20166.0,650,Monedero
4704,2000230580,Alborada,Hito Galvarino,20161.0,L2,V1,2026-07-19 18:12:06,2026-07-19 18:58:51,CC→CW,2026-07-19,,20161.0,20161.0,650,Monedero
4705,2000230581,Diagonal Bio Bio,El Parque,20153.0,L2,V1,2026-07-19 09:20:14,2026-07-19 09:31:57,CC→CW,2026-07-19,,20153.0,20153.0,510,Monedero
4706,2000230784,Lomas Coloradas,Huinca,20037.0,L2,V1,2026-07-19 10:20:46,2026-07-19 10:40:21,CC→CW,2026-07-19,,20037.0,20037.0,630,Monedero
4707,2000230805,Los Canelos,Costa Mar,20170.0,L2,V1,2026-07-19 20:19:29,2026-07-19 20:44:49,CW→CC,2026-07-19,,20170.0,20170.0,610,Monedero
4708,2000230807,Coronel,Alborada,20050.0,L2,V1,2026-07-19 10:48:33,2026-07-19 11:30:41,CW→CC,2026-07-19,,20050.0,20050.0,790,Monedero
4709,2000230807,Alborada,Coronel,20053.0,L2,V1,2026-07-19 12:09:55,2026-07-19 12:52:31,CC→CW,2026-07-19,,20053.0,20053.0,790,Monedero
4710,2000231098,Diagonal Bio Bio,Cristo Redentor,20161.0,L2,V1,2026-07-19 18:23:23,2026-07-19 19:08:00,CC→CW,2026-07-19,,20161.0,20161.0,680,Monedero
4711,2000231127,Laguna Quinenco,Concepcion,20040.0,L2,V1,2026-07-19 09:41:01,2026-07-19 10:23:01,CW→CC,2026-07-19,,20040.0,20040.0,880,Monedero
4712,2000231127,Concepcion,Laguna Quinenco,20063.0,L2,V1,2026-07-19 14:15:22,2026-07-19 15:14:47,CC→CW,2026-07-19,,20063.0,20063.0,880,Monedero
4713,2000231207,Los Canelos,Lomas Coloradas,20162.0,L2,V1,2026-07-19 18:15:16,2026-07-19 18:39:32,CW→CC,2026-07-19,,20162.0,20162.0,610,Monedero
4714,2000231207,Lomas Coloradas,Los Canelos,20171.0,L2,V1,2026-07-19 21:11:45,2026-07-19 21:32:56,CC→CW,2026-07-19,,20171.0,20171.0,610,Monedero
4715,2000231261,Costa Mar,Concepcion,20062.0,L2,V1,2026-07-19 14:11:34,2026-07-19 14:32:41,CW→CC,2026-07-19,,20062.0,20062.0,570,Monedero
4716,2000231261,Concepcion,Costa Mar,20067.0,L2,V1,2026-07-19 15:27:53,2026-07-19 15:44:31,CC→CW,2026-07-19,,20067.0,20067.0,570,Monedero
4717,2000231400,Juan Pablo II,Cristo Redentor,20063.0,L2,V1,2026-07-19 14:39:15,2026-07-19 15:12:00,CC→CW,2026-07-19,,20063.0,20063.0,680,Monedero
4718,2000231417,Concepcion,Concepcion,,,,2026-07-19 11:00:55,2026-07-19 11:01:50,,2026-07-19,no viajo,,,420,Monedero
4719,2000231503,Concepcion,Mercado,20844.0,L1,V1,2026-07-19 11:18:54,2026-07-19 13:23:11,HQ→TH,2026-07-19,,20844.0,20844.0,540,Monedero
4720,2000231700,Huinca,Concepcion,20162.0,L2,V1,2026-07-19 18:17:49,2026-07-19 18:58:20,CW→CC,2026-07-19,,20162.0,20162.0,850,Monedero
4721,2000231705,Concepcion,Huinca,20167.0,L2,V1,2026-07-19 19:54:46,2026-07-19 20:37:47,CC→CW,2026-07-19,,20167.0,20167.0,850,Monedero
4722,2000231705,Concepcion,Huinca,20167.0,L2,V1,2026-07-19 19:54:55,2026-07-19 20:37:40,CC→CW,2026-07-19,,20167.0,20167.0,850,Monedero
4723,2000231857,Hito Galvarino,Laguna Quinenco,20037.0,L2,V1,2026-07-19 10:24:17,2026-07-19 10:44:16,CC→CW,2026-07-19,,20037.0,20037.0,530,Monedero
4724,2000231857,Laguna Quinenco,Hito Galvarino,20170.0,L2,V1,2026-07-19 20:09:21,2026-07-19 20:28:45,CW→CC,2026-07-19,,20170.0,20170.0,530,Monedero
4725,2000231907,El Parque,Costa Mar,20166.0,L2,V1,2026-07-19 19:24:53,2026-07-19 19:44:23,CW→CC,2026-07-19,,20166.0,20166.0,430,Monedero
4726,2000231946,Alborada,Concepcion,20160.0,L2,V1,2026-07-19 18:07:01,2026-07-19 18:28:34,CW→CC,2026-07-19,,20160.0,20160.0,570,Monedero
4727,2000231975,Huinca,Concepcion,20152.0,L2,V1,2026-07-19 08:09:31,2026-07-19 09:13:58,CW→CC,2026-07-19,,20152.0,20152.0,850,Monedero
4728,2000231982,Lomas Coloradas,Huinca,20071.0,L2,V1,2026-07-19 16:48:33,2026-07-19 17:14:37,CC→CW,2026-07-19,,20071.0,20071.0,630,Monedero
4729,2000232160,Coronel,Concepcion,20050.0,L2,V1,2026-07-19 10:50:20,2026-07-19 11:43:48,CW→CC,2026-07-19,,20050.0,20050.0,880,Monedero
4730,2000232275,El Parque,Concepcion,20180.0,L2,V1,2026-07-19 16:44:00,2026-07-19 17:29:59,CW→CC,2026-07-19,,20180.0,20180.0,570,Monedero
4731,2000232275,Concepcion,Lomas Coloradas,20163.0,L2,V1,2026-07-19 18:41:45,2026-07-19 19:18:52,CC→CW,2026-07-19,,20163.0,20163.0,570,Monedero
4732,2000232311,Los Canelos,Alborada,20166.0,L2,V1,2026-07-19 19:18:06,2026-07-19 19:46:45,CW→CC,2026-07-19,,20166.0,20166.0,650,Monedero
4733,2000232348,Alborada,Cdal. Raul Silva Henriquez,20067.0,L2,V1,2026-07-19 15:31:00,2026-07-19 15:53:38,CC→CW,2026-07-19,,20067.0,20067.0,510,Monedero
4734,2000232352,Concepcion,Hito Galvarino,20067.0,L2,V1,2026-07-19 14:41:14,2026-07-19 15:59:52,CC→CW,2026-07-19,,20067.0,20063.0,850,Monedero
4735,2000232399,Lomas Coloradas,Concepcion,20040.0,L2,V1,2026-07-19 10:00:14,2026-07-19 10:22:56,CW→CC,2026-07-19,,20040.0,20040.0,570,Monedero
4736,2000232399,Concepcion,Lomas Coloradas,20063.0,L2,V1,2026-07-19 13:40:02,2026-07-19 14:54:11,CC→CW,2026-07-19,,20063.0,20063.0,570,Monedero
4737,2000232399,Lomas Coloradas,Concepcion,20068.0,L2,V1,2026-07-19 15:51:51,2026-07-19 16:18:09,CW→CC,2026-07-19,,20068.0,20068.0,570,Monedero
4738,2000232399,Concepcion,Lomas Coloradas,20157.0,L2,V1,2026-07-19 17:23:47,2026-07-19 17:49:26,CC→CW,2026-07-19,,20157.0,20157.0,570,Monedero
4739,2000232490,Concepcion,Cdal. Raul Silva Henriquez,20041.0,L2,V1,2026-07-19 10:23:32,2026-07-19 10:54:36,CC→CW,2026-07-19,,20041.0,20041.0,570,Monedero
4740,2000232490,Cdal. Raul Silva Henriquez,Concepcion,20056.0,L2,V1,2026-07-19 12:16:34,2026-07-19 12:57:57,CW→CC,2026-07-19,,20056.0,20056.0,570,Monedero
4741,2000232527,Costa Mar,Diagonal Bio Bio,20050.0,L2,V1,2026-07-19 11:27:44,2026-07-19 11:32:56,CW→CC,2026-07-19,,20050.0,20050.0,510,Monedero
4742,2000232527,Diagonal Bio Bio,Costa Mar,20051.0,L2,V1,2026-07-19 11:53:01,2026-07-19 11:58:12,CC→CW,2026-07-19,,20051.0,20051.0,510,Monedero
4743,2000232699,Costa Mar,El Parque,20157.0,L2,V1,2026-07-19 17:33:22,2026-07-19 17:47:21,CC→CW,2026-07-19,,20157.0,20157.0,430,Monedero
4744,2000232699,El Parque,Costa Mar,20162.0,L2,V1,2026-07-19 18:27:12,2026-07-19 18:44:14,CW→CC,2026-07-19,,20162.0,20162.0,430,Monedero
4745,2000232706,Huinca,Concepcion,20166.0,L2,V1,2026-07-19 19:19:44,2026-07-19 19:58:23,CW→CC,2026-07-19,,20166.0,20166.0,850,Monedero
4746,2000232719,Huinca,Laguna Quinenco,20063.0,L2,V1,2026-07-19 15:04:47,2026-07-19 15:14:15,CC→CW,2026-07-19,,20063.0,20063.0,450,Monedero
4747,2000232749,Concepcion,Huinca,20067.0,L2,V1,2026-07-19 15:22:22,2026-07-19 16:06:04,CC→CW,2026-07-19,,20067.0,20067.0,850,Monedero
4748,2000232753,Diagonal Bio Bio,Los Canelos,20153.0,L2,V1,2026-07-19 09:06:08,2026-07-19 09:47:31,CC→CW,2026-07-19,,20153.0,20153.0,650,Monedero
4749,2000232780,Hito Galvarino,Laguna Quinenco,20163.0,L2,V1,2026-07-19 19:22:22,2026-07-19 19:39:56,CC→CW,2026-07-19,,20163.0,20163.0,530,Monedero
4750,2000232811,Cristo Redentor,Diagonal Bio Bio,20166.0,L2,V1,2026-07-19 18:55:26,2026-07-19 19:48:41,CW→CC,2026-07-19,,20166.0,20166.0,680,Monedero
4751,2000232866,Cdal. Raul Silva Henriquez,Cristo Redentor,20067.0,L2,V1,2026-07-19 15:49:12,2026-07-19 16:08:26,CC→CW,2026-07-19,,20067.0,20067.0,630,Monedero
4752,2000232883,Cdal. Raul Silva Henriquez,Laguna Quinenco,20171.0,L2,V1,2026-07-19 21:21:31,2026-07-19 21:38:58,CC→CW,2026-07-19,,20171.0,20171.0,650,Monedero
4753,2000232989,Costa Mar,Lomas Coloradas,20161.0,L2,V1,2026-07-19 18:40:23,2026-07-19 18:49:54,CC→CW,2026-07-19,,20161.0,20161.0,430,Monedero
4754,2000232992,Cristo Redentor,Lomas Coloradas,20180.0,L2,V1,2026-07-19 16:40:05,2026-07-19 17:07:54,CW→CC,2026-07-19,,20180.0,20180.0,630,Monedero
4755,2000233033,Laguna Quinenco,Concepcion,20160.0,L2,V1,2026-07-19 17:25:14,2026-07-19 18:29:27,CW→CC,2026-07-19,,20160.0,20160.0,880,Monedero
4756,2000233033,Laguna Quinenco,Concepcion,20160.0,L2,V1,2026-07-19 17:25:34,2026-07-19 18:29:11,CW→CC,2026-07-19,,20160.0,20160.0,880,Monedero
4757,2000233033,Laguna Quinenco,Concepcion,20160.0,L2,V1,2026-07-19 17:25:44,2026-07-19 18:29:00,CW→CC,2026-07-19,,20160.0,20160.0,880,Monedero
4758,2000233264,Coronel,El Parque,20152.0,L2,V1,2026-07-19 08:23:33,2026-07-19 08:56:59,CW→CC,2026-07-19,,20152.0,20152.0,650,Monedero
4759,2000233346,Concepcion,Concepcion,,,,2026-07-19 17:44:20,2026-07-19 17:44:56,,2026-07-19,no viajo,,,420,Monedero
4760,2000233388,Coronel,Los Canelos,20160.0,L2,V1,2026-07-19 17:36:09,2026-07-19 17:56:30,CW→CC,2026-07-19,,20160.0,20160.0,530,Monedero
4761,2000233388,Coronel,Los Canelos,20160.0,L2,V1,2026-07-19 17:36:15,2026-07-19 17:56:22,CW→CC,2026-07-19,,20160.0,20160.0,530,Monedero
4762,2000233434,Cristo Redentor,Coronel,20163.0,L2,V1,2026-07-19 19:34:59,2026-07-19 19:43:59,CC→CW,2026-07-19,,20163.0,20163.0,450,Monedero
4763,2000233651,Concepcion,Los Canelos,20149.0,L2,V1,2026-07-19 08:06:01,2026-07-19 09:02:41,CC→CW,2026-07-19,,20149.0,20149.0,850,Monedero
4764,2000233703,Concepcion,Lomas Coloradas,20171.0,L2,V1,2026-07-19 20:06:35,2026-07-19 21:19:58,CC→CW,2026-07-19,,20171.0,20167.0,570,Monedero
4765,2000233829,Alborada,Concepcion,20166.0,L2,V1,2026-07-19 19:39:47,2026-07-19 20:00:59,CW→CC,2026-07-19,,20166.0,20166.0,570,Monedero
4766,2000233911,Hualqui,Chiguayante,20846.0,L1,V1,2026-07-19 16:46:26,2026-07-19 17:24:33,HQ→TH,2026-07-19,,20846.0,20846.0,500,Monedero
4767,2000233911,Hualqui,Chiguayante,20846.0,L1,V1,2026-07-19 16:46:42,2026-07-19 17:24:14,HQ→TH,2026-07-19,,20846.0,20846.0,500,Monedero
4768,2000233911,Chiguayante,Hualqui,20847.0,L1,V1,2026-07-19 20:40:48,2026-07-19 21:03:46,TH→HQ,2026-07-19,,20847.0,20847.0,500,Monedero
4769,2000233911,Chiguayante,Hualqui,20847.0,L1,V1,2026-07-19 20:40:55,2026-07-19 21:03:32,TH→HQ,2026-07-19,,20847.0,20847.0,500,Monedero
4770,2000234007,Concepcion,Hito Galvarino,20063.0,L2,V1,2026-07-19 14:31:57,2026-07-19 15:04:47,CC→CW,2026-07-19,,20063.0,20063.0,850,Monedero
4771,2000234007,Hito Galvarino,Concepcion,20180.0,L2,V1,2026-07-19 16:45:59,2026-07-19 17:30:01,CW→CC,2026-07-19,,20180.0,20180.0,850,Monedero
4772,2000234029,Concepcion,Coronel,20167.0,L2,V1,2026-07-19 19:34:11,2026-07-19 20:43:54,CC→CW,2026-07-19,,20167.0,20167.0,880,Monedero
4773,2000234057,Juan Pablo II,Coronel,20167.0,L2,V1,2026-07-19 19:54:29,2026-07-19 20:43:39,CC→CW,2026-07-19,,20167.0,20167.0,790,Monedero
4774,2000234179,Concepcion,Costa Mar,20171.0,L2,V1,2026-07-19 20:47:26,2026-07-19 21:14:55,CC→CW,2026-07-19,,20171.0,20171.0,570,Monedero
4775,2000234243,Concepcion,Costa Mar,20171.0,L2,V1,2026-07-19 20:43:28,2026-07-19 21:15:38,CC→CW,2026-07-19,,20171.0,20171.0,570,Monedero
4776,2000234259,Concepcion,Huinca,20171.0,L2,V1,2026-07-19 20:51:33,2026-07-19 21:34:46,CC→CW,2026-07-19,,20171.0,20171.0,850,Monedero
4777,2000234360,Lomas Coloradas,Cdal. Raul Silva Henriquez,20053.0,L2,V1,2026-07-19 12:21:01,2026-07-19 12:33:56,CC→CW,2026-07-19,,20053.0,20053.0,430,Monedero
4778,2000234361,Cdal. Raul Silva Henriquez,Costa Mar,20058.0,L2,V1,2026-07-19 12:47:03,2026-07-19 12:59:11,CW→CC,2026-07-19,,20058.0,20058.0,430,Monedero
4779,2000234371,Los Canelos,Cdal. Raul Silva Henriquez,20062.0,L2,V1,2026-07-19 13:12:24,2026-07-19 14:09:33,CW→CC,2026-07-19,,20062.0,20059.0,610,Monedero
4780,2000234414,Concepcion,Lomas Coloradas,20167.0,L2,V1,2026-07-19 19:11:17,2026-07-19 20:19:38,CC→CW,2026-07-19,,20167.0,20167.0,570,Monedero
4781,2000234642,La Leonera,Pedro Medina,20844.0,L1,V1,2026-07-19 12:26:11,2026-07-19 12:36:53,HQ→TH,2026-07-19,,20844.0,20844.0,420,Monedero
4782,2000234680,Concepcion,Pedro Medina,20859.0,L1,V1,2026-07-19 11:27:01,2026-07-19 13:13:56,TH→HQ,2026-07-19,match_por_salida_fallback,20859.0,20859.0,910,Monedero
4783,2000234710,Coronel,Concepcion,20166.0,L2,V1,2026-07-19 18:58:08,2026-07-19 20:03:02,CW→CC,2026-07-19,,20166.0,20166.0,880,Monedero
4784,2000234869,Coronel,Concepcion,20162.0,L2,V1,2026-07-19 17:54:25,2026-07-19 18:57:35,CW→CC,2026-07-19,,20162.0,20162.0,880,Monedero
4785,2000234913,Concepcion,Laguna Quinenco,20153.0,L2,V1,2026-07-19 08:40:51,2026-07-19 09:55:01,CC→CW,2026-07-19,,20153.0,20153.0,880,Monedero
4786,2000234913,Laguna Quinenco,Concepcion,20162.0,L2,V1,2026-07-19 18:12:10,2026-07-19 18:58:54,CW→CC,2026-07-19,,20162.0,20162.0,880,Monedero
4787,2000234958,Lomas Coloradas,Concepcion,20058.0,L2,V1,2026-07-19 12:51:30,2026-07-19 13:14:07,CW→CC,2026-07-19,,20058.0,20058.0,570,Monedero
4788,2000235534,Los Canelos,Juan Pablo II,20050.0,L2,V1,2026-07-19 11:04:57,2026-07-19 11:36:15,CW→CC,2026-07-19,,20050.0,20050.0,650,Monedero
4789,2000235534,Concepcion,Los Canelos,20161.0,L2,V1,2026-07-19 17:38:15,2026-07-19 19:03:14,CC→CW,2026-07-19,,20161.0,20157.0,850,Monedero
4790,2000235556,Juan Pablo II,Los Canelos,20167.0,L2,V1,2026-07-19 19:15:58,2026-07-19 20:33:00,CC→CW,2026-07-19,,20167.0,20167.0,650,Monedero
4791,2000235574,Costa Mar,Laguna Quinenco,20059.0,L2,V1,2026-07-19 13:23:30,2026-07-19 13:58:55,CC→CW,2026-07-19,,20059.0,20059.0,650,Monedero
4792,2000235574,Laguna Quinenco,Costa Mar,20166.0,L2,V1,2026-07-19 19:11:11,2026-07-19 19:44:38,CW→CC,2026-07-19,,20166.0,20166.0,650,Monedero
4793,2000235672,Concepcion,Los Canelos,20157.0,L2,V1,2026-07-19 17:14:33,2026-07-19 18:03:21,CC→CW,2026-07-19,,20157.0,20157.0,850,Monedero
4794,2000235672,Concepcion,Los Canelos,20157.0,L2,V1,2026-07-19 17:14:48,2026-07-19 18:03:15,CC→CW,2026-07-19,,20157.0,20157.0,850,Monedero
4795,2000235685,Los Canelos,Concepcion,20058.0,L2,V1,2026-07-19 12:37:55,2026-07-19 13:13:38,CW→CC,2026-07-19,,20058.0,20058.0,850,Monedero
4796,2000235685,Concepcion,Los Canelos,20167.0,L2,V1,2026-07-19 19:40:44,2026-07-19 20:33:30,CC→CW,2026-07-19,,20167.0,20167.0,850,Monedero
4797,2000235768,Cristo Redentor,Laguna Quinenco,20059.0,L2,V1,2026-07-19 13:41:16,2026-07-19 13:58:51,CC→CW,2026-07-19,,20059.0,20059.0,450,Monedero
4798,2000235768,Laguna Quinenco,Cristo Redentor,20068.0,L2,V1,2026-07-19 15:29:00,2026-07-19 15:41:47,CW→CC,2026-07-19,,20068.0,20068.0,450,Monedero
4799,2000235783,Concepcion,Cristo Redentor,20167.0,L2,V1,2026-07-19 19:46:09,2026-07-19 20:37:48,CC→CW,2026-07-19,,20167.0,20167.0,850,Monedero
4800,2000235850,Coronel,Concepcion,20162.0,L2,V1,2026-07-19 17:58:21,2026-07-19 18:57:48,CW→CC,2026-07-19,,20162.0,20162.0,880,Monedero
4801,2000235887,Los Canelos,Lomas Coloradas,20156.0,L2,V1,2026-07-19 09:23:52,2026-07-19 09:38:55,CW→CC,2026-07-19,,20156.0,20156.0,610,Monedero
4802,2000235953,Laguna Quinenco,Lomas Coloradas,20160.0,L2,V1,2026-07-19 17:44:19,2026-07-19 18:08:38,CW→CC,2026-07-19,,20160.0,20160.0,650,Monedero
4803,2000236000,Cdal. Raul Silva Henriquez,Juan Pablo II,20180.0,L2,V1,2026-07-19 17:02:59,2026-07-19 21:00:28,CW→CC,2026-07-19,,20180.0,20180.0,510,Monedero
4804,2000236000,Juan Pablo II,Cdal. Raul Silva Henriquez,20171.0,L2,V1,2026-07-19 21:00:34,2026-07-19 21:23:38,CC→CW,2026-07-19,,20171.0,20171.0,510,Monedero
4805,2000236132,Laguna Quinenco,Coronel,20071.0,L2,V1,2026-07-19 16:33:55,2026-07-19 17:22:02,CC→CW,2026-07-19,,20071.0,20071.0,440,Monedero
4806,2000236139,Concepcion,Los Canelos,20059.0,L2,V1,2026-07-19 12:44:33,2026-07-19 13:52:18,CC→CW,2026-07-19,,20059.0,20059.0,850,Monedero
4807,2000236172,Coronel,Huinca,20160.0,L2,V1,2026-07-19 17:42:15,2026-07-19 17:52:45,CW→CC,2026-07-19,,20160.0,20160.0,450,Monedero
4808,2000236172,Huinca,Coronel,20167.0,L2,V1,2026-07-19 20:33:43,2026-07-19 20:44:01,CC→CW,2026-07-19,,20167.0,20167.0,450,Monedero
4809,2000236221,Costa Mar,Concepcion,20166.0,L2,V1,2026-07-19 19:39:48,2026-07-19 20:00:10,CW→CC,2026-07-19,,20166.0,20166.0,570,Monedero
4810,2000236290,Cdal. Raul Silva Henriquez,Diagonal Bio Bio,20166.0,L2,V1,2026-07-19 19:25:20,2026-07-19 19:49:14,CW→CC,2026-07-19,,20166.0,20166.0,510,Monedero
4811,2000236290,Diagonal Bio Bio,Cdal. Raul Silva Henriquez,20171.0,L2,V1,2026-07-19 20:56:59,2026-07-19 21:23:32,CC→CW,2026-07-19,,20171.0,20171.0,510,Monedero
4812,2000236301,Laguna Quinenco,Concepcion,20050.0,L2,V1,2026-07-19 10:49:54,2026-07-19 11:44:43,CW→CC,2026-07-19,,20050.0,20050.0,880,Monedero
4813,2000236326,Concepcion,Lomas Coloradas,20049.0,L2,V1,2026-07-19 11:18:33,2026-07-19 11:50:25,CC→CW,2026-07-19,,20049.0,20049.0,570,Monedero
4814,2000236542,Coronel,Concepcion,20166.0,L2,V1,2026-07-19 19:03:56,2026-07-19 19:59:05,CW→CC,2026-07-19,,20166.0,20166.0,880,Monedero
4815,2000236587,Laguna Quinenco,Los Canelos,20170.0,L2,V1,2026-07-19 20:14:43,2026-07-19 20:25:21,CW→CC,2026-07-19,,20170.0,20170.0,530,Monedero
4816,2000236662,Coronel,Cdal. Raul Silva Henriquez,20052.0,L2,V1,2026-07-19 11:08:38,2026-07-19 11:40:30,CW→CC,2026-07-19,,20052.0,20050.0,650,Monedero
4817,2000236800,Huinca,Laguna Quinenco,20053.0,L2,V1,2026-07-19 12:39:26,2026-07-19 12:49:36,CC→CW,2026-07-19,,20053.0,20053.0,450,Monedero
4818,2000236800,Laguna Quinenco,Huinca,20162.0,L2,V1,2026-07-19 18:12:31,2026-07-19 18:24:57,CW→CC,2026-07-19,,20162.0,20162.0,450,Monedero
4819,2000236883,Juan Pablo II,Concepcion,20058.0,L2,V1,2026-07-19 12:56:22,2026-07-19 13:15:03,CW→CC,2026-07-19,,20058.0,20056.0,570,Monedero
4820,2000236883,Juan Pablo II,Concepcion,20058.0,L2,V1,2026-07-19 12:56:29,2026-07-19 13:14:57,CW→CC,2026-07-19,,20058.0,20056.0,570,Monedero
4821,2000236948,Diagonal Bio Bio,Concepcion,20156.0,L2,V1,2026-07-19 09:47:01,2026-07-19 09:58:47,CW→CC,2026-07-19,,20156.0,20156.0,570,Monedero
4822,2000237002,Cristo Redentor,Lomas Coloradas,20180.0,L2,V1,2026-07-19 16:42:01,2026-07-19 17:10:07,CW→CC,2026-07-19,,20180.0,20180.0,630,Monedero
4823,2000237017,Cristo Redentor,Concepcion,20166.0,L2,V1,2026-07-19 19:09:49,2026-07-19 20:00:36,CW→CC,2026-07-19,,20166.0,20166.0,850,Monedero
4824,2000237047,Concepcion,Los Canelos,20063.0,L2,V1,2026-07-19 14:19:32,2026-07-19 15:08:13,CC→CW,2026-07-19,,20063.0,20063.0,850,Monedero
4825,2000237135,Diagonal Bio Bio,Concepcion,20180.0,L2,V1,2026-07-19 17:07:37,2026-07-19 17:29:09,CW→CC,2026-07-19,,20180.0,20180.0,570,Monedero
4826,2000237159,Laguna Quinenco,Cdal. Raul Silva Henriquez,20160.0,L2,V1,2026-07-19 17:23:00,2026-07-19 18:04:34,CW→CC,2026-07-19,,20160.0,20157.0,650,Monedero
4827,2000237176,Cdal. Raul Silva Henriquez,Concepcion,20152.0,L2,V1,2026-07-19 08:36:40,2026-07-19 09:13:34,CW→CC,2026-07-19,,20152.0,20152.0,570,Monedero
4828,2000237206,Costa Mar,Hito Galvarino,20161.0,L2,V1,2026-07-19 18:25:17,2026-07-19 18:59:39,CC→CW,2026-07-19,,20161.0,20161.0,610,Monedero
4829,2000237206,Costa Mar,Hito Galvarino,20161.0,L2,V1,2026-07-19 18:25:23,2026-07-19 18:59:33,CC→CW,2026-07-19,,20161.0,20161.0,610,Monedero
4830,2000237220,Los Canelos,Concepcion,20050.0,L2,V1,2026-07-19 11:04:37,2026-07-19 11:42:22,CW→CC,2026-07-19,,20050.0,20050.0,850,Monedero
4831,2000237239,Costa Mar,Hito Galvarino,20163.0,L2,V1,2026-07-19 19:11:30,2026-07-19 19:28:48,CC→CW,2026-07-19,,20163.0,20163.0,610,Monedero
4832,2000237263,Concepcion,Manquimavida,20859.0,L1,V1,2026-07-19 12:19:39,2026-07-19 13:16:40,TH→HQ,2026-07-19,match_por_salida_fallback,20859.0,20859.0,910,Monedero
4833,2000237263,Concepcion,Huinca,20163.0,L2,V1,2026-07-19 18:50:08,2026-07-19 19:35:01,CC→CW,2026-07-19,,20163.0,20163.0,850,Monedero
4834,2000237295,Cristo Redentor,Costa Mar,20062.0,L2,V1,2026-07-19 13:51:45,2026-07-19 14:21:33,CW→CC,2026-07-19,,20062.0,20062.0,630,Monedero
4835,2000237295,Alborada,Cristo Redentor,20161.0,L2,V1,2026-07-19 18:34:12,2026-07-19 19:08:28,CC→CW,2026-07-19,,20161.0,20161.0,680,Monedero
4836,2000237324,Costa Mar,Coronel,20167.0,L2,V1,2026-07-19 20:09:09,2026-07-19 20:44:04,CC→CW,2026-07-19,,20167.0,20167.0,650,Monedero
4837,2000237426,Concepcion,Costa Mar,20059.0,L2,V1,2026-07-19 13:13:43,2026-07-19 13:32:09,CC→CW,2026-07-19,,20059.0,20059.0,570,Monedero
4838,2000237444,Coronel,Concepcion,20156.0,L2,V1,2026-07-19 08:57:04,2026-07-19 09:58:13,CW→CC,2026-07-19,,20156.0,20156.0,880,Monedero
4839,2000237454,Costa Mar,Los Canelos,20071.0,L2,V1,2026-07-19 16:51:48,2026-07-19 17:13:29,CC→CW,2026-07-19,,20071.0,20071.0,610,Monedero
4840,2000237454,Laguna Quinenco,Costa Mar,20170.0,L2,V1,2026-07-19 19:32:07,2026-07-19 20:44:10,CW→CC,2026-07-19,,20170.0,20170.0,650,Monedero
4841,2000237457,Costa Mar,Hito Galvarino,20063.0,L2,V1,2026-07-19 14:45:48,2026-07-19 15:03:51,CC→CW,2026-07-19,,20063.0,20063.0,610,Monedero
4842,2000237501,Cristo Redentor,Coronel,20163.0,L2,V1,2026-07-19 19:32:09,2026-07-19 19:43:57,CC→CW,2026-07-19,,20163.0,20163.0,450,Monedero
4843,2000237501,Cristo Redentor,Coronel,20163.0,L2,V1,2026-07-19 19:32:15,2026-07-19 19:43:50,CC→CW,2026-07-19,,20163.0,20163.0,450,Monedero
4844,2000237520,Concepcion,Los Canelos,20167.0,L2,V1,2026-07-19 19:46:54,2026-07-19 20:33:00,CC→CW,2026-07-19,,20167.0,20167.0,850,Monedero
4845,2000237532,Lomas Coloradas,Concepcion,20162.0,L2,V1,2026-07-19 18:20:22,2026-07-19 18:58:22,CW→CC,2026-07-19,,20162.0,20162.0,570,Monedero
4846,2000237549,Hito Galvarino,Laguna Quinenco,20037.0,L2,V1,2026-07-19 10:27:20,2026-07-19 10:44:20,CC→CW,2026-07-19,,20037.0,20037.0,530,Monedero
4847,2000237585,Laguna Quinenco,Concepcion,20058.0,L2,V1,2026-07-19 12:31:41,2026-07-19 13:14:58,CW→CC,2026-07-19,,20058.0,20058.0,880,Monedero
4848,2000237585,Concepcion,Laguna Quinenco,20171.0,L2,V1,2026-07-19 20:55:13,2026-07-19 21:39:54,CC→CW,2026-07-19,,20171.0,20171.0,880,Monedero
4849,2000237652,Concepcion,Los Canelos,20049.0,L2,V1,2026-07-19 11:31:39,2026-07-19 12:17:49,CC→CW,2026-07-19,,20049.0,20049.0,850,Monedero
4850,2000237652,Laguna Quinenco,Concepcion,20068.0,L2,V1,2026-07-19 15:27:07,2026-07-19 16:17:43,CW→CC,2026-07-19,,20068.0,20068.0,880,Monedero
4851,2000237652,Concepcion,Los Canelos,20163.0,L2,V1,2026-07-19 18:44:45,2026-07-19 19:32:41,CC→CW,2026-07-19,,20163.0,20163.0,850,Monedero
4852,2000237652,Los Canelos,Concepcion,20170.0,L2,V1,2026-07-19 19:38:46,2026-07-19 20:59:22,CW→CC,2026-07-19,,20170.0,20170.0,850,Monedero
4853,2000237659,Lomas Coloradas,Costa Mar,20160.0,L2,V1,2026-07-19 17:56:46,2026-07-19 18:13:31,CW→CC,2026-07-19,,20160.0,20160.0,430,Monedero
4854,2000237659,Lomas Coloradas,Costa Mar,20160.0,L2,V1,2026-07-19 17:56:52,2026-07-19 18:13:26,CW→CC,2026-07-19,,20160.0,20160.0,430,Monedero
4855,2000237659,Costa Mar,Concepcion,20162.0,L2,V1,2026-07-19 18:38:57,2026-07-19 18:57:15,CW→CC,2026-07-19,,20162.0,20162.0,570,Monedero
4856,2000237681,Concepcion,Cdal. Raul Silva Henriquez,20059.0,L2,V1,2026-07-19 12:18:15,2026-07-19 13:41:25,CC→CW,2026-07-19,combo_por_entrada,20059.0,20059.0,590,Monedero
4857,2000237681,Cdal. Raul Silva Henriquez,Concepcion,20166.0,L2,V1,2026-07-19 19:34:40,2026-07-19 19:58:45,CW→CC,2026-07-19,,20166.0,20166.0,570,Monedero
4858,2000237718,Concepcion,Huinca,20171.0,L2,V1,2026-07-19 21:00:00,2026-07-19 21:34:39,CC→CW,2026-07-19,,20171.0,20171.0,850,Monedero
4859,2000238021,El Parque,Cristo Redentor,20071.0,L2,V1,2026-07-19 16:53:22,2026-07-19 17:17:07,CC→CW,2026-07-19,,20071.0,20071.0,630,Monedero
4860,2000238035,Concepcion,Coronel,20071.0,L2,V1,2026-07-19 16:36:05,2026-07-19 17:24:35,CC→CW,2026-07-19,,20071.0,20071.0,880,Monedero
4861,2000238048,Coronel,Lomas Coloradas,20052.0,L2,V1,2026-07-19 11:18:18,2026-07-19 11:43:03,CW→CC,2026-07-19,,20052.0,20052.0,650,Monedero
4862,2000238127,Concepcion,Cristo Redentor,20167.0,L2,V1,2026-07-19 19:17:46,2026-07-19 20:37:30,CC→CW,2026-07-19,,20167.0,20167.0,850,Monedero
4863,2000238144,Coronel,Concepcion,20180.0,L2,V1,2026-07-19 16:43:12,2026-07-19 17:30:30,CW→CC,2026-07-19,,20180.0,20180.0,880,Monedero
4864,2000238144,Coronel,Concepcion,20180.0,L2,V1,2026-07-19 16:43:20,2026-07-19 17:30:19,CW→CC,2026-07-19,,20180.0,20180.0,880,Monedero
4865,2000238144,Concepcion,Coronel,20171.0,L2,V1,2026-07-19 20:40:55,2026-07-19 21:42:25,CC→CW,2026-07-19,,20171.0,20171.0,880,Monedero
4866,2000238144,Concepcion,Coronel,20171.0,L2,V1,2026-07-19 20:41:01,2026-07-19 21:42:22,CC→CW,2026-07-19,,20171.0,20171.0,880,Monedero
4867,2000238222,Laguna Quinenco,Concepcion,20162.0,L2,V1,2026-07-19 18:05:16,2026-07-19 19:00:53,CW→CC,2026-07-19,,20162.0,20162.0,880,Monedero
4868,2000238222,Concepcion,Coronel,20171.0,L2,V1,2026-07-19 20:41:27,2026-07-19 21:42:03,CC→CW,2026-07-19,,20171.0,20171.0,880,Monedero
4869,2000238231,Concepcion,Concepcion,,,,2026-07-19 14:37:50,2026-07-19 14:38:23,,2026-07-19,no viajo,,,420,Monedero
4870,2000238233,Juan Pablo II,Coronel,20059.0,L2,V1,2026-07-19 13:26:24,2026-07-19 15:17:46,CC→CW,2026-07-19,,20059.0,20059.0,790,Monedero
4871,2000238315,Coronel,Concepcion,20068.0,L2,V1,2026-07-19 15:13:57,2026-07-19 16:18:43,CW→CC,2026-07-19,,20068.0,20068.0,880,Monedero
4872,2000238315,Concepcion,Coronel,20167.0,L2,V1,2026-07-19 19:37:22,2026-07-19 20:43:44,CC→CW,2026-07-19,,20167.0,20167.0,880,Monedero
4873,2000238363,Coronel,Los Canelos,20068.0,L2,V1,2026-07-19 15:34:44,2026-07-19 15:44:45,CW→CC,2026-07-19,,20068.0,20068.0,530,Monedero
4874,2000238377,Coronel,Diagonal Bio Bio,20166.0,L2,V1,2026-07-19 18:34:00,2026-07-19 19:49:17,CW→CC,2026-07-19,,20166.0,20166.0,790,Monedero
4875,2000238382,Cdal. Raul Silva Henriquez,Coronel,20037.0,L2,V1,2026-07-19 10:25:43,2026-07-19 10:49:17,CC→CW,2026-07-19,,20037.0,20037.0,650,Monedero
4876,2000238390,Coronel,Laguna Quinenco,20050.0,L2,V1,2026-07-19 10:35:46,2026-07-19 12:50:08,CW→CC,2026-07-19,,20050.0,20050.0,440,Monedero
4877,2000238390,Coronel,Laguna Quinenco,20050.0,L2,V1,2026-07-19 10:36:07,2026-07-19 12:49:57,CW→CC,2026-07-19,,20050.0,20050.0,440,Monedero
4878,2000238507,Lomas Coloradas,Hito Galvarino,20167.0,L2,V1,2026-07-19 20:12:22,2026-07-19 20:29:32,CC→CW,2026-07-19,,20167.0,20167.0,610,Monedero
4879,2000238628,Concepcion,Huinca,20171.0,L2,V1,2026-07-19 20:48:49,2026-07-19 21:34:35,CC→CW,2026-07-19,,20171.0,20171.0,850,Monedero
4880,2000238655,Laguna Quinenco,Concepcion,20040.0,L2,V1,2026-07-19 09:43:44,2026-07-19 10:48:04,CW→CC,2026-07-19,,20040.0,20040.0,880,Monedero
4881,2000238657,Coronel,Alborada,20056.0,L2,V1,2026-07-19 12:08:10,2026-07-19 12:46:11,CW→CC,2026-07-19,,20056.0,20056.0,790,Monedero
4882,2000238657,Diagonal Bio Bio,Laguna Quinenco,20163.0,L2,V1,2026-07-19 18:56:36,2026-07-19 19:40:13,CC→CW,2026-07-19,,20163.0,20163.0,790,Monedero
4883,2000238710,Concepcion,Cdal. Raul Silva Henriquez,20171.0,L2,V1,2026-07-19 20:41:36,2026-07-19 21:24:06,CC→CW,2026-07-19,,20171.0,20171.0,570,Monedero
4884,2000238777,Concepcion,Diagonal Bio Bio,20063.0,L2,V1,2026-07-19 14:18:40,2026-07-19 14:45:36,CC→CW,2026-07-19,,20063.0,20063.0,570,Monedero
4885,2000238790,Laguna Quinenco,Concepcion,20162.0,L2,V1,2026-07-19 18:13:07,2026-07-19 18:58:18,CW→CC,2026-07-19,,20162.0,20162.0,880,Monedero
4886,2000238814,Huinca,Laguna Quinenco,20071.0,L2,V1,2026-07-19 16:52:08,2026-07-19 17:20:57,CC→CW,2026-07-19,,20071.0,20071.0,450,Monedero
4887,2000238814,Huinca,Laguna Quinenco,20071.0,L2,V1,2026-07-19 16:52:19,2026-07-19 17:20:51,CC→CW,2026-07-19,,20071.0,20071.0,450,Monedero
4888,2000238829,Costa Mar,Laguna Quinenco,20037.0,L2,V1,2026-07-19 10:12:05,2026-07-19 10:43:56,CC→CW,2026-07-19,,20037.0,20037.0,650,Monedero
4889,2000238854,Los Canelos,Concepcion,20062.0,L2,V1,2026-07-19 13:42:11,2026-07-19 14:33:41,CW→CC,2026-07-19,,20062.0,20062.0,850,Monedero
4890,2000238884,Diagonal Bio Bio,Los Canelos,20149.0,L2,V1,2026-07-19 08:31:34,2026-07-19 09:02:43,CC→CW,2026-07-19,,20149.0,20149.0,650,Monedero
4891,2000238897,Concepcion,Los Canelos,20167.0,L2,V1,2026-07-19 19:31:27,2026-07-19 20:34:16,CC→CW,2026-07-19,,20167.0,20167.0,850,Monedero
4892,2000238991,Los Canelos,Concepcion,20052.0,L2,V1,2026-07-19 11:27:23,2026-07-19 12:10:55,CW→CC,2026-07-19,,20052.0,20052.0,850,Monedero
4893,2000238991,Concepcion,Los Canelos,20167.0,L2,V1,2026-07-19 19:08:00,2026-07-19 20:33:00,CC→CW,2026-07-19,,20167.0,20163.0,850,Monedero
4894,2000239025,Cdal. Raul Silva Henriquez,Coronel,20053.0,L2,V1,2026-07-19 12:32:34,2026-07-19 12:52:33,CC→CW,2026-07-19,,20053.0,20053.0,650,Monedero
4895,2000239025,Coronel,Cdal. Raul Silva Henriquez,20180.0,L2,V1,2026-07-19 16:14:09,2026-07-19 17:05:36,CW→CC,2026-07-19,,20180.0,20180.0,650,Monedero
4896,2000239069,Costa Mar,Concepcion,20062.0,L2,V1,2026-07-19 14:04:21,2026-07-19 19:29:20,CW→CC,2026-07-19,,20062.0,20062.0,570,Monedero
4897,2000239069,Concepcion,Costa Mar,20167.0,L2,V1,2026-07-19 19:29:24,2026-07-19 20:14:36,CC→CW,2026-07-19,,20167.0,20167.0,570,Monedero
4898,2000239105,Costa Mar,Los Canelos,20051.0,L2,V1,2026-07-19 11:51:43,2026-07-19 12:16:34,CC→CW,2026-07-19,,20051.0,20051.0,610,Monedero
4899,2000239166,Concepcion,Costa Mar,20163.0,L2,V1,2026-07-19 18:56:13,2026-07-19 19:15:13,CC→CW,2026-07-19,,20163.0,20163.0,570,Monedero
4900,2000239339,Concepcion,Cristo Redentor,20059.0,L2,V1,2026-07-19 13:01:37,2026-07-19 13:55:32,CC→CW,2026-07-19,,20059.0,20059.0,850,Monedero
4901,2000239429,Concepcion,Huinca,20067.0,L2,V1,2026-07-19 15:12:52,2026-07-19 16:05:57,CC→CW,2026-07-19,,20067.0,20067.0,850,Monedero
4902,2000239441,Coronel,Cristo Redentor,20160.0,L2,V1,2026-07-19 17:34:26,2026-07-19 17:50:54,CW→CC,2026-07-19,,20160.0,20160.0,450,Monedero
4903,2000240526,Concepcion,Concepcion,,,,2026-07-19 20:01:43,2026-07-19 20:04:32,,2026-07-19,no viajo,,,420,Monedero
4904,2000240609,Cdal. Raul Silva Henriquez,Concepcion,20052.0,L2,V1,2026-07-19 11:37:33,2026-07-19 12:10:31,CW→CC,2026-07-19,,20052.0,20052.0,570,Monedero
4905,2000240609,Concepcion,Cdal. Raul Silva Henriquez,20167.0,L2,V1,2026-07-19 19:32:35,2026-07-19 20:22:44,CC→CW,2026-07-19,,20167.0,20167.0,570,Monedero
4906,2000240622,Concepcion,Lomas Coloradas,20071.0,L2,V1,2026-07-19 16:29:46,2026-07-19 16:58:41,CC→CW,2026-07-19,,20071.0,20071.0,570,Monedero
4907,2000240658,Lomas Coloradas,Concepcion,20056.0,L2,V1,2026-07-19 12:37:11,2026-07-19 12:59:48,CW→CC,2026-07-19,,20056.0,20056.0,570,Monedero
4908,2000240706,Lomas Coloradas,Diagonal Bio Bio,20180.0,L2,V1,2026-07-19 17:05:48,2026-07-19 17:19:28,CW→CC,2026-07-19,,20180.0,20180.0,510,Monedero
4909,2000240711,Los Canelos,Concepcion,20066.0,L2,V1,2026-07-19 14:36:50,2026-07-19 15:30:02,CW→CC,2026-07-19,,20066.0,20066.0,850,Monedero
4910,2000240761,El Parque,Concepcion,20152.0,L2,V1,2026-07-19 08:41:37,2026-07-19 09:13:57,CW→CC,2026-07-19,,20152.0,20152.0,570,Monedero
4911,2000240761,Concepcion,El Parque,20167.0,L2,V1,2026-07-19 19:49:18,2026-07-19 20:17:30,CC→CW,2026-07-19,,20167.0,20167.0,570,Monedero
4912,2000240777,Diagonal Bio Bio,Costa Mar,20167.0,L2,V1,2026-07-19 20:03:37,2026-07-19 20:13:45,CC→CW,2026-07-19,,20167.0,20167.0,510,Monedero
4913,2000240835,Concepcion,Chiguayante,20859.0,L1,V1,2026-07-19 12:36:46,2026-07-19 13:12:32,TH→HQ,2026-07-19,,20859.0,20859.0,510,Monedero
4914,2000241019,Hito Galvarino,Diagonal Bio Bio,20152.0,L2,V1,2026-07-19 08:37:23,2026-07-19 09:03:48,CW→CC,2026-07-19,,20152.0,20152.0,650,Monedero
4915,2000241019,Diagonal Bio Bio,Hito Galvarino,20049.0,L2,V1,2026-07-19 11:31:17,2026-07-19 11:57:52,CC→CW,2026-07-19,,20049.0,20049.0,650,Monedero
4916,2000241064,Concepcion,Cristo Redentor,20059.0,L2,V1,2026-07-19 13:06:53,2026-07-19 13:57:19,CC→CW,2026-07-19,,20059.0,20059.0,850,Monedero
4917,2000241064,Cristo Redentor,Concepcion,20166.0,L2,V1,2026-07-19 18:29:30,2026-07-19 20:00:24,CW→CC,2026-07-19,,20166.0,20162.0,850,Monedero
4918,2000241070,Coronel,Cristo Redentor,20166.0,L2,V1,2026-07-19 19:05:45,2026-07-19 20:37:51,CW→CC,2026-07-19,,20166.0,20166.0,450,Monedero
4919,2000241753,Concepcion,Concepcion,,,,2026-07-19 18:34:10,2026-07-19 18:34:41,,2026-07-19,no viajo,,,420,Monedero
4920,2000243560,Los Canelos,El Parque,20156.0,L2,V1,2026-07-19 09:21:02,2026-07-19 09:41:11,CW→CC,2026-07-19,,20156.0,20156.0,610,Monedero
4921,2000243791,Laguna Quinenco,Concepcion,20050.0,L2,V1,2026-07-19 10:45:46,2026-07-19 11:44:26,CW→CC,2026-07-19,,20050.0,20050.0,880,Monedero
4922,2000243793,Laguna Quinenco,El Parque,20066.0,L2,V1,2026-07-19 14:33:57,2026-07-19 15:12:44,CW→CC,2026-07-19,,20066.0,20066.0,650,Monedero
4923,2000243793,Alborada,Cristo Redentor,20157.0,L2,V1,2026-07-19 17:37:22,2026-07-19 18:08:36,CC→CW,2026-07-19,,20157.0,20157.0,680,Monedero
4924,2000243925,Concepcion,Cdal. Raul Silva Henriquez,20163.0,L2,V1,2026-07-19 18:39:01,2026-07-19 19:22:03,CC→CW,2026-07-19,,20163.0,20161.0,570,Monedero
4925,2000243939,Cdal. Raul Silva Henriquez,El Parque,20068.0,L2,V1,2026-07-19 15:52:25,2026-07-19 16:01:57,CW→CC,2026-07-19,,20068.0,20068.0,430,Monedero
4926,2000243939,Cdal. Raul Silva Henriquez,El Parque,20068.0,L2,V1,2026-07-19 15:52:33,2026-07-19 16:01:48,CW→CC,2026-07-19,,20068.0,20068.0,430,Monedero
4927,2000243939,Costa Mar,Cdal. Raul Silva Henriquez,20157.0,L2,V1,2026-07-19 17:37:36,2026-07-19 17:52:43,CC→CW,2026-07-19,,20157.0,20157.0,430,Monedero
4928,2000243939,Costa Mar,Cdal. Raul Silva Henriquez,20157.0,L2,V1,2026-07-19 17:37:46,2026-07-19 17:52:37,CC→CW,2026-07-19,,20157.0,20157.0,430,Monedero
4929,2000243955,Los Canelos,Concepcion,20040.0,L2,V1,2026-07-19 09:48:39,2026-07-19 10:22:43,CW→CC,2026-07-19,,20040.0,20040.0,850,Monedero
4930,2000243974,Lomas Coloradas,Juan Pablo II,20050.0,L2,V1,2026-07-19 11:12:51,2026-07-19 11:35:44,CW→CC,2026-07-19,,20050.0,20050.0,510,Monedero
4931,2000244055,Coronel,Concepcion,20044.0,L2,V1,2026-07-19 10:03:03,2026-07-19 10:49:34,CW→CC,2026-07-19,,20044.0,20044.0,880,Monedero
4932,2000244083,Coronel,Lomas Coloradas,20180.0,L2,V1,2026-07-19 16:28:17,2026-07-19 17:08:25,CW→CC,2026-07-19,,20180.0,20180.0,650,Monedero
4933,2000244083,Coronel,Lomas Coloradas,20180.0,L2,V1,2026-07-19 16:28:23,2026-07-19 17:08:20,CW→CC,2026-07-19,,20180.0,20180.0,650,Monedero
4934,2000244214,Concepcion,Laguna Quinenco,20149.0,L2,V1,2026-07-19 08:25:23,2026-07-19 09:54:14,CC→CW,2026-07-19,,20149.0,20149.0,880,Monedero
4935,2000244266,Coronel,Concepcion,20058.0,L2,V1,2026-07-19 12:23:27,2026-07-19 18:21:26,CW→CC,2026-07-19,,20058.0,20058.0,880,Monedero
4936,2000244347,Concepcion,Diagonal Bio Bio,20161.0,L2,V1,2026-07-19 18:15:56,2026-07-19 18:40:01,CC→CW,2026-07-19,,20161.0,20161.0,570,Monedero
4937,2000244430,Concepcion,Laguna Quinenco,20149.0,L2,V1,2026-07-19 08:06:04,2026-07-19 09:09:49,CC→CW,2026-07-19,,20149.0,20149.0,880,Monedero
4938,2000244430,Laguna Quinenco,Concepcion,20068.0,L2,V1,2026-07-19 15:34:50,2026-07-19 16:18:24,CW→CC,2026-07-19,,20068.0,20068.0,880,Monedero
4939,2000244470,Hito Galvarino,El Parque,20062.0,L2,V1,2026-07-19 13:59:11,2026-07-19 14:17:48,CW→CC,2026-07-19,,20062.0,20062.0,610,Monedero
4940,2000244470,El Parque,Los Canelos,20071.0,L2,V1,2026-07-19 16:32:19,2026-07-19 17:12:45,CC→CW,2026-07-19,,20071.0,20071.0,610,Monedero
4941,2000244737,Concepcion,Coronel,20037.0,L2,V1,2026-07-19 09:42:52,2026-07-19 10:47:41,CC→CW,2026-07-19,,20037.0,20037.0,880,Monedero
4942,2000244737,Coronel,Concepcion,20180.0,L2,V1,2026-07-19 16:39:52,2026-07-19 17:29:05,CW→CC,2026-07-19,,20180.0,20180.0,880,Monedero
4943,2000244868,Concepcion,Lomas Coloradas,20163.0,L2,V1,2026-07-19 18:53:46,2026-07-19 19:20:46,CC→CW,2026-07-19,,20163.0,20163.0,570,Monedero
4944,2000244868,Lomas Coloradas,Concepcion,20166.0,L2,V1,2026-07-19 19:37:32,2026-07-19 19:59:14,CW→CC,2026-07-19,,20166.0,20166.0,570,Monedero
4945,2000244978,El Parque,Concepcion,20170.0,L2,V1,2026-07-19 20:40:20,2026-07-19 21:01:45,CW→CC,2026-07-19,,20170.0,20170.0,570,Monedero
4946,2000245006,Cristo Redentor,Concepcion,20166.0,L2,V1,2026-07-19 19:09:58,2026-07-19 19:57:44,CW→CC,2026-07-19,,20166.0,20166.0,850,Monedero
4947,2000245303,Los Canelos,Laguna Quinenco,20161.0,L2,V1,2026-07-19 18:50:53,2026-07-19 19:10:02,CC→CW,2026-07-19,,20161.0,20161.0,530,Monedero
4948,2000245303,Los Canelos,Laguna Quinenco,20161.0,L2,V1,2026-07-19 18:51:00,2026-07-19 19:09:57,CC→CW,2026-07-19,,20161.0,20161.0,530,Monedero
4949,2000245463,Cristo Redentor,Concepcion,20152.0,L2,V1,2026-07-19 08:24:17,2026-07-19 09:13:56,CW→CC,2026-07-19,,20152.0,20152.0,850,Monedero
4950,2000245463,Concepcion,Cristo Redentor,20167.0,L2,V1,2026-07-19 19:49:15,2026-07-19 20:36:48,CC→CW,2026-07-19,,20167.0,20167.0,850,Monedero
4951,2000245573,Costa Mar,Lomas Coloradas,20059.0,L2,V1,2026-07-19 13:08:49,2026-07-19 13:38:06,CC→CW,2026-07-19,,20059.0,20059.0,430,Monedero
4952,2000245598,Costa Mar,Concepcion,20180.0,L2,V1,2026-07-19 17:04:03,2026-07-19 17:28:32,CW→CC,2026-07-19,,20180.0,20180.0,570,Monedero
4953,2000245645,Concepcion,Hito Galvarino,20171.0,L2,V1,2026-07-19 20:32:55,2026-07-19 21:28:51,CC→CW,2026-07-19,,20171.0,20171.0,850,Monedero
4954,2000245840,Concepcion,Huinca,20067.0,L2,V1,2026-07-19 15:00:34,2026-07-19 16:05:27,CC→CW,2026-07-19,,20067.0,20067.0,850,Monedero
4955,2000246007,Los Canelos,Lomas Coloradas,20180.0,L2,V1,2026-07-19 16:51:29,2026-07-19 17:08:06,CW→CC,2026-07-19,,20180.0,20180.0,610,Monedero
4956,2000246022,Alborada,Cristo Redentor,20071.0,L2,V1,2026-07-19 16:35:26,2026-07-19 17:17:01,CC→CW,2026-07-19,,20071.0,20071.0,680,Monedero
4957,2000246022,Cristo Redentor,Diagonal Bio Bio,20166.0,L2,V1,2026-07-19 18:59:59,2026-07-19 19:50:23,CW→CC,2026-07-19,,20166.0,20166.0,680,Monedero
4958,2000246199,Laguna Quinenco,Concepcion,20166.0,L2,V1,2026-07-19 19:11:09,2026-07-19 19:59:10,CW→CC,2026-07-19,,20166.0,20166.0,880,Monedero
4959,2000246464,Los Condores,La Leonera,20847.0,L1,V1,2026-07-19 20:10:15,2026-07-19 20:52:16,TH→HQ,2026-07-19,,20847.0,20847.0,540,Monedero
4960,2000246673,Costa Mar,Coronel,20071.0,L2,V1,2026-07-19 16:48:00,2026-07-19 17:21:40,CC→CW,2026-07-19,,20071.0,20071.0,650,Monedero
4961,2000246759,Concepcion,Cristo Redentor,20067.0,L2,V1,2026-07-19 15:08:10,2026-07-19 16:07:53,CC→CW,2026-07-19,,20067.0,20067.0,850,Monedero
4962,2000246759,Cristo Redentor,Concepcion,20166.0,L2,V1,2026-07-19 19:17:00,2026-07-19 19:59:13,CW→CC,2026-07-19,,20166.0,20166.0,850,Monedero
4963,2000246854,Cdal. Raul Silva Henriquez,Juan Pablo II,20066.0,L2,V1,2026-07-19 14:58:31,2026-07-19 15:22:04,CW→CC,2026-07-19,,20066.0,20066.0,510,Monedero
4964,2000246854,Juan Pablo II,Cdal. Raul Silva Henriquez,20161.0,L2,V1,2026-07-19 18:06:23,2026-07-19 18:54:18,CC→CW,2026-07-19,,20161.0,20161.0,510,Monedero
4965,2000247093,Los Canelos,Huinca,20041.0,L2,V1,2026-07-19 10:58:51,2026-07-19 11:05:11,CC→CW,2026-07-19,,20041.0,20041.0,460,Monedero
4966,2000247124,Huinca,Concepcion,20152.0,L2,V1,2026-07-19 08:31:04,2026-07-19 09:13:09,CW→CC,2026-07-19,,20152.0,20152.0,850,Monedero
4967,2000247433,Concepcion,UTF Santa Maria,20850.0,L1,V1,2026-07-19 09:24:27,2026-07-19 10:08:27,HQ→TH,2026-07-19,combo_por_entrada,20850.0,20156.0,590,Monedero
4968,2000247433,Concepcion,Lomas Coloradas,20063.0,L2,V1,2026-07-19 13:40:26,2026-07-19 14:54:51,CC→CW,2026-07-19,,20063.0,20063.0,570,Monedero
4969,2000247504,Coronel,El Parque,20160.0,L2,V1,2026-07-19 17:44:07,2026-07-19 18:11:43,CW→CC,2026-07-19,,20160.0,20160.0,650,Monedero
4970,2000247504,El Parque,Coronel,20171.0,L2,V1,2026-07-19 21:14:07,2026-07-19 21:43:12,CC→CW,2026-07-19,,20171.0,20171.0,650,Monedero
4971,2000247582,Concepcion,Coronel,20157.0,L2,V1,2026-07-19 16:59:11,2026-07-19 18:15:40,CC→CW,2026-07-19,,20157.0,20157.0,880,Monedero
4972,2000247698,Concepcion,Pedro Medina,20847.0,L1,V1,2026-07-19 19:05:45,2026-07-19 20:46:37,TH→HQ,2026-07-19,combo_por_entrada,20847.0,20847.0,910,Monedero
4973,2000248056,Costa Mar,Cdal. Raul Silva Henriquez,20063.0,L2,V1,2026-07-19 14:44:09,2026-07-19 14:58:02,CC→CW,2026-07-19,,20063.0,20063.0,430,Monedero
4974,2000248056,Cdal. Raul Silva Henriquez,Costa Mar,20166.0,L2,V1,2026-07-19 19:06:55,2026-07-19 19:44:08,CW→CC,2026-07-19,,20166.0,20166.0,430,Monedero
4975,2000248479,Concepcion,Coronel,20071.0,L2,V1,2026-07-19 16:02:13,2026-07-19 17:22:48,CC→CW,2026-07-19,,20071.0,20071.0,880,Monedero
4976,2000248491,Concepcion,El Parque,20153.0,L2,V1,2026-07-19 09:07:05,2026-07-19 09:31:59,CC→CW,2026-07-19,,20153.0,20153.0,570,Monedero
4977,2020001373,Lomas Coloradas,Costa Mar,20156.0,L2,V1,2026-07-19 09:37:24,2026-07-19 09:43:30,CW→CC,2026-07-19,,20156.0,20156.0,430,Monedero
4978,2040088180,Hito Galvarino,Concepcion,20170.0,L2,V1,2026-07-19 20:07:56,2026-07-19 20:58:46,CW→CC,2026-07-19,,20170.0,20170.0,850,Monedero
4979,2040088394,Alborada,Concepcion,20040.0,L2,V1,2026-07-19 10:05:23,2026-07-19 10:22:58,CW→CC,2026-07-19,,20040.0,20040.0,570,Monedero
4980,2040088394,Lomas Coloradas,Cristo Redentor,20171.0,L2,V1,2026-07-19 20:49:42,2026-07-19 21:36:50,CC→CW,2026-07-19,,20171.0,20171.0,630,Monedero
4981,2040089407,Laguna Quinenco,Cristo Redentor,20166.0,L2,V1,2026-07-19 18:58:18,2026-07-19 19:22:52,CW→CC,2026-07-19,,20166.0,20166.0,450,Monedero
4982,2040089407,Laguna Quinenco,Cristo Redentor,20166.0,L2,V1,2026-07-19 18:58:24,2026-07-19 19:22:46,CW→CC,2026-07-19,,20166.0,20166.0,450,Monedero
4983,2040089580,Cdal. Raul Silva Henriquez,Juan Pablo II,20162.0,L2,V1,2026-07-19 18:22:58,2026-07-19 18:51:34,CW→CC,2026-07-19,,20162.0,20162.0,510,Monedero
4984,2040089932,Lomas Coloradas,Concepcion,20056.0,L2,V1,2026-07-19 12:26:43,2026-07-19 12:57:46,CW→CC,2026-07-19,,20056.0,20056.0,570,Monedero
4985,2040089932,Concepcion,Lomas Coloradas,20161.0,L2,V1,2026-07-19 18:29:34,2026-07-19 18:50:01,CC→CW,2026-07-19,,20161.0,20161.0,570,Monedero
4986,2040092313,Laguna Quinenco,Hito Galvarino,20170.0,L2,V1,2026-07-19 20:09:53,2026-07-19 20:29:40,CW→CC,2026-07-19,,20170.0,20170.0,530,Monedero
4987,2040092830,Los Canelos,Costa Mar,20160.0,L2,V1,2026-07-19 17:47:47,2026-07-19 18:16:03,CW→CC,2026-07-19,,20160.0,20160.0,610,Monedero
4988,2040092830,Costa Mar,Los Canelos,20161.0,L2,V1,2026-07-19 18:23:51,2026-07-19 19:03:27,CC→CW,2026-07-19,,20161.0,20161.0,610,Monedero
4989,2040092921,Coronel,El Parque,20180.0,L2,V1,2026-07-19 16:34:22,2026-07-19 17:11:56,CW→CC,2026-07-19,,20180.0,20180.0,650,Monedero
4990,2040092921,El Parque,Coronel,20171.0,L2,V1,2026-07-19 21:15:58,2026-07-19 21:42:45,CC→CW,2026-07-19,,20171.0,20171.0,650,Monedero
4991,2040093580,Costa Mar,Diagonal Bio Bio,20180.0,L2,V1,2026-07-19 17:05:35,2026-07-19 17:19:02,CW→CC,2026-07-19,,20180.0,20180.0,510,Monedero
4992,2040093580,Diagonal Bio Bio,Costa Mar,20167.0,L2,V1,2026-07-19 19:59:13,2026-07-19 20:13:31,CC→CW,2026-07-19,,20167.0,20167.0,510,Monedero
4993,2040093623,Cristo Redentor,Concepcion,20040.0,L2,V1,2026-07-19 09:41:05,2026-07-19 10:23:17,CW→CC,2026-07-19,,20040.0,20040.0,850,Monedero
4994,2040102450,Concepcion,Lomas Coloradas,20071.0,L2,V1,2026-07-19 16:35:32,2026-07-19 16:59:42,CC→CW,2026-07-19,,20071.0,20071.0,570,Monedero
4995,2040102506,El Parque,Coronel,20149.0,L2,V1,2026-07-19 08:32:33,2026-07-19 09:12:52,CC→CW,2026-07-19,,20149.0,20149.0,650,Monedero
4996,2040102600,Concepcion,Los Condores,20848.0,L1,V1,2026-07-19 20:34:09,2026-07-19 21:16:57,HQ→TH,2026-07-19,combo_por_entrada,20848.0,20848.0,590,Monedero
4997,2040102750,Los Canelos,Costa Mar,20156.0,L2,V1,2026-07-19 09:18:28,2026-07-19 09:44:53,CW→CC,2026-07-19,,20156.0,20156.0,610,Monedero
4998,2040102750,Los Canelos,Costa Mar,20156.0,L2,V1,2026-07-19 09:18:35,2026-07-19 09:44:48,CW→CC,2026-07-19,,20156.0,20156.0,610,Monedero
4999,2040102750,Costa Mar,Los Canelos,20053.0,L2,V1,2026-07-19 12:04:36,2026-07-19 12:43:16,CC→CW,2026-07-19,,20053.0,20051.0,610,Monedero
5000,2040102750,Costa Mar,Los Canelos,20053.0,L2,V1,2026-07-19 12:04:42,2026-07-19 12:43:11,CC→CW,2026-07-19,,20053.0,20051.0,610,Monedero
5001,2040102916,Concepcion,Los Canelos,20171.0,L2,V1,2026-07-19 20:42:36,2026-07-19 21:32:40,CC→CW,2026-07-19,,20171.0,20171.0,850,Monedero
5002,2040103196,Lomas Coloradas,Concepcion,20162.0,L2,V1,2026-07-19 18:16:46,2026-07-19 18:57:59,CW→CC,2026-07-19,,20162.0,20162.0,570,Monedero
5003,2040103591,Los Canelos,Concepcion,20050.0,L2,V1,2026-07-19 11:02:03,2026-07-19 11:46:56,CW→CC,2026-07-19,,20050.0,20050.0,850,Monedero
5004,2040103591,Los Canelos,Concepcion,20050.0,L2,V1,2026-07-19 11:02:49,2026-07-19 11:46:42,CW→CC,2026-07-19,,20050.0,20050.0,850,Monedero
5005,2040103938,Cdal. Raul Silva Henriquez,Concepcion,20180.0,L2,V1,2026-07-19 16:58:02,2026-07-19 17:30:25,CW→CC,2026-07-19,,20180.0,20180.0,570,Monedero
5006,2040103938,Concepcion,Cdal. Raul Silva Henriquez,20171.0,L2,V1,2026-07-19 20:46:12,2026-07-19 21:23:22,CC→CW,2026-07-19,,20171.0,20171.0,570,Monedero
5007,2040103985,Cdal. Raul Silva Henriquez,El Parque,20162.0,L2,V1,2026-07-19 18:26:38,2026-07-19 18:41:59,CW→CC,2026-07-19,,20162.0,20162.0,430,Monedero
5008,2040136060,Concepcion,Coronel,20149.0,L2,V1,2026-07-19 08:22:05,2026-07-19 09:12:50,CC→CW,2026-07-19,,20149.0,20149.0,880,Monedero
5009,2040136516,Laguna Quinenco,Concepcion,20152.0,L2,V1,2026-07-19 08:33:25,2026-07-19 09:14:37,CW→CC,2026-07-19,,20152.0,20152.0,880,Monedero
5010,2040136516,Concepcion,Laguna Quinenco,20063.0,L2,V1,2026-07-19 14:08:01,2026-07-19 15:13:56,CC→CW,2026-07-19,,20063.0,20063.0,880,Monedero
5011,2040137390,Concepcion,Laguna Quinenco,20163.0,L2,V1,2026-07-19 18:50:27,2026-07-19 19:39:25,CC→CW,2026-07-19,,20163.0,20163.0,880,Monedero
5012,2040137443,Laguna Quinenco,Hito Galvarino,20170.0,L2,V1,2026-07-19 20:08:32,2026-07-19 20:29:49,CW→CC,2026-07-19,,20170.0,20170.0,530,Monedero
5013,2040137464,Coronel,Cdal. Raul Silva Henriquez,20166.0,L2,V1,2026-07-19 18:56:12,2026-07-19 19:36:01,CW→CC,2026-07-19,,20166.0,20166.0,650,Monedero
5014,2040140498,Cristo Redentor,Costa Mar,20162.0,L2,V1,2026-07-19 18:10:52,2026-07-19 18:44:05,CW→CC,2026-07-19,,20162.0,20162.0,630,Monedero
5015,2040140925,Coronel,Concepcion,20056.0,L2,V1,2026-07-19 12:03:33,2026-07-19 13:04:04,CW→CC,2026-07-19,,20056.0,20056.0,880,Monedero
5016,2040140925,Coronel,Concepcion,20056.0,L2,V1,2026-07-19 12:03:38,2026-07-19 13:03:56,CW→CC,2026-07-19,,20056.0,20056.0,880,Monedero
5017,2040140925,Concepcion,Coronel,20163.0,L2,V1,2026-07-19 18:49:34,2026-07-19 19:42:56,CC→CW,2026-07-19,,20163.0,20163.0,880,Monedero
5018,2040140978,Concepcion,Higueras,20850.0,L1,V1,2026-07-19 09:21:31,2026-07-19 10:17:22,HQ→TH,2026-07-19,combo_por_entrada,20850.0,20850.0,560,Monedero
5019,2040141073,Costa Mar,Los Canelos,20167.0,L2,V1,2026-07-19 19:45:43,2026-07-19 20:33:53,CC→CW,2026-07-19,,20167.0,20167.0,610,Monedero
5020,2040141212,Mercado,Concepcion,20847.0,L1,V1,2026-07-19 19:50:31,2026-07-19 20:26:40,TH→HQ,2026-07-19,,20847.0,20847.0,540,Monedero
5021,2040141254,Cristo Redentor,Juan Pablo II,20062.0,L2,V1,2026-07-19 13:45:15,2026-07-19 14:26:36,CW→CC,2026-07-19,,20062.0,20062.0,680,Monedero
5022,2040141332,Laguna Quinenco,Concepcion,20160.0,L2,V1,2026-07-19 17:42:01,2026-07-19 18:29:02,CW→CC,2026-07-19,,20160.0,20160.0,880,Monedero
5023,2040141340,Coronel,Laguna Quinenco,20058.0,L2,V1,2026-07-19 12:27:39,2026-07-19 12:33:26,CW→CC,2026-07-19,,20058.0,20058.0,440,Monedero
5024,2040141429,Los Canelos,Lomas Coloradas,20166.0,L2,V1,2026-07-19 19:19:13,2026-07-19 19:39:28,CW→CC,2026-07-19,,20166.0,20166.0,610,Monedero
5025,2040146018,Lomas Coloradas,El Parque,20050.0,L2,V1,2026-07-19 11:11:15,2026-07-19 11:26:55,CW→CC,2026-07-19,,20050.0,20050.0,430,Monedero
5026,2040146018,Lomas Coloradas,El Parque,20050.0,L2,V1,2026-07-19 11:11:20,2026-07-19 11:26:51,CW→CC,2026-07-19,,20050.0,20050.0,430,Monedero
5027,2040146018,El Parque,Lomas Coloradas,20059.0,L2,V1,2026-07-19 13:20:08,2026-07-19 13:38:40,CC→CW,2026-07-19,,20059.0,20059.0,430,Monedero
5028,2040146018,El Parque,Lomas Coloradas,20059.0,L2,V1,2026-07-19 13:20:16,2026-07-19 13:38:36,CC→CW,2026-07-19,,20059.0,20059.0,430,Monedero
5029,2040146717,Concepcion,Laguna Quinenco,20157.0,L2,V1,2026-07-19 16:49:34,2026-07-19 18:11:12,CC→CW,2026-07-19,,20157.0,20157.0,880,Monedero
5030,2040146717,Concepcion,Laguna Quinenco,20157.0,L2,V1,2026-07-19 16:49:42,2026-07-19 18:10:58,CC→CW,2026-07-19,,20157.0,20157.0,880,Monedero
5031,2040146944,Concepcion,Concepcion,,,,2026-07-19 14:45:02,2026-07-19 14:46:41,,2026-07-19,no viajo,,,420,Monedero
5032,2040147035,Concepcion,Laguna Quinenco,20063.0,L2,V1,2026-07-19 14:17:25,2026-07-19 15:14:54,CC→CW,2026-07-19,,20063.0,20063.0,880,Monedero
5033,2040147129,Cristo Redentor,Lomas Coloradas,20152.0,L2,V1,2026-07-19 08:32:03,2026-07-19 08:53:56,CW→CC,2026-07-19,,20152.0,20152.0,630,Monedero
5034,2040147387,Juan Pablo II,Cdal. Raul Silva Henriquez,20163.0,L2,V1,2026-07-19 19:01:16,2026-07-19 19:22:16,CC→CW,2026-07-19,,20163.0,20163.0,510,Monedero
5035,2040147506,Coronel,Diagonal Bio Bio,20162.0,L2,V1,2026-07-19 18:01:09,2026-07-19 18:48:12,CW→CC,2026-07-19,,20162.0,20162.0,790,Monedero
5036,2040147628,Diagonal Bio Bio,Coronel,20067.0,L2,V1,2026-07-19 15:38:17,2026-07-19 16:14:04,CC→CW,2026-07-19,,20067.0,20067.0,790,Monedero
5037,2040147671,Costa Mar,Huinca,20063.0,L2,V1,2026-07-19 14:40:35,2026-07-19 15:09:41,CC→CW,2026-07-19,,20063.0,20063.0,630,Monedero
5038,2040147826,Huinca,Concepcion,20166.0,L2,V1,2026-07-19 19:17:15,2026-07-19 20:04:05,CW→CC,2026-07-19,,20166.0,20166.0,850,Monedero
5039,2040147859,Concepcion,Laguna Quinenco,20167.0,L2,V1,2026-07-19 19:28:52,2026-07-19 20:41:05,CC→CW,2026-07-19,,20167.0,20167.0,880,Monedero
5040,2040147959,Cdal. Raul Silva Henriquez,Concepcion,20040.0,L2,V1,2026-07-19 09:56:10,2026-07-19 10:22:32,CW→CC,2026-07-19,,20040.0,20040.0,570,Monedero
5041,2040147959,Cdal. Raul Silva Henriquez,Concepcion,20040.0,L2,V1,2026-07-19 09:56:23,2026-07-19 10:22:30,CW→CC,2026-07-19,,20040.0,20040.0,570,Monedero
5042,2040147959,Concepcion,Cdal. Raul Silva Henriquez,20049.0,L2,V1,2026-07-19 11:16:51,2026-07-19 11:52:29,CC→CW,2026-07-19,,20049.0,20049.0,570,Monedero
5043,2040147959,Concepcion,Cdal. Raul Silva Henriquez,20049.0,L2,V1,2026-07-19 11:16:53,2026-07-19 11:52:27,CC→CW,2026-07-19,,20049.0,20049.0,570,Monedero
5044,2040179190,Concepcion,Hualqui,20859.0,L1,V1,2026-07-19 12:51:52,2026-07-19 13:29:18,TH→HQ,2026-07-19,,20859.0,20859.0,550,Monedero
5045,2040200792,Los Condores,Manquimavida,20859.0,L1,V1,2026-07-19 12:40:57,2026-07-19 13:16:19,TH→HQ,2026-07-19,,20859.0,20859.0,540,Monedero
5046,2040200792,Manquimavida,Los Condores,20848.0,L1,V1,2026-07-19 20:40:56,2026-07-19 21:17:27,HQ→TH,2026-07-19,,20848.0,20848.0,540,Monedero
5047,2040212135,Concepcion,Cristo Redentor,20167.0,L2,V1,2026-07-19 19:50:36,2026-07-19 20:36:52,CC→CW,2026-07-19,,20167.0,20167.0,850,Monedero
5048,2040226976,Cristo Redentor,Concepcion,20170.0,L2,V1,2026-07-19 19:50:35,2026-07-19 20:58:44,CW→CC,2026-07-19,,20170.0,20170.0,850,Monedero
5049,2040261050,Lomas Coloradas,Concepcion,20056.0,L2,V1,2026-07-19 12:36:55,2026-07-19 12:57:38,CW→CC,2026-07-19,,20056.0,20056.0,570,Monedero
5050,2040261050,Concepcion,Los Canelos,20067.0,L2,V1,2026-07-19 15:24:51,2026-07-19 16:04:12,CC→CW,2026-07-19,,20067.0,20067.0,850,Monedero
5051,2040318638,Los Canelos,Concepcion,20056.0,L2,V1,2026-07-19 11:15:36,2026-07-19 13:10:58,CW→CC,2026-07-19,match_por_salida_fallback,20056.0,20052.0,900,Monedero
5052,2040318638,Los Canelos,Concepcion,20056.0,L2,V1,2026-07-19 11:15:45,2026-07-19 13:10:41,CW→CC,2026-07-19,match_por_salida_fallback,20056.0,20859.0,900,Monedero
5053,2040318638,Concepcion,Los Canelos,20161.0,L2,V1,2026-07-19 17:12:31,2026-07-19 19:02:47,CC→CW,2026-07-19,combo_relajado_pase1,20161.0,20161.0,900,Monedero
5054,2040318638,Concepcion,Los Canelos,20161.0,L2,V1,2026-07-19 17:12:39,2026-07-19 19:02:44,CC→CW,2026-07-19,combo_relajado_pase1,20161.0,20161.0,900,Monedero
5055,2100000772,Laguna Quinenco,El Parque,20040.0,L2,V1,2026-07-19 09:41:16,2026-07-19 10:07:26,CW→CC,2026-07-19,,20040.0,20040.0,330,Adulto Mayor
5056,2100000772,El Parque,Laguna Quinenco,20167.0,L2,V1,2026-07-19 20:14:44,2026-07-19 20:40:26,CC→CW,2026-07-19,,20167.0,20167.0,330,Adulto Mayor
5057,2100000784,Huinca,Concepcion,20062.0,L2,V1,2026-07-19 13:51:12,2026-07-19 14:34:03,CW→CC,2026-07-19,,20062.0,20062.0,430,Adulto Mayor
5058,2100000784,Concepcion,Los Canelos,20167.0,L2,V1,2026-07-19 19:25:39,2026-07-19 20:33:59,CC→CW,2026-07-19,,20167.0,20167.0,430,Adulto Mayor
5059,2100000892,Juan Pablo II,Laguna Quinenco,20071.0,L2,V1,2026-07-19 16:11:52,2026-07-19 17:19:21,CC→CW,2026-07-19,,20071.0,20071.0,400,Adulto Mayor
5060,2100001359,Cdal. Raul Silva Henriquez,Diagonal Bio Bio,20166.0,L2,V1,2026-07-19 19:33:31,2026-07-19 19:49:04,CW→CC,2026-07-19,,20166.0,20166.0,260,Adulto Mayor
5061,2100001547,Coronel,Concepcion,20062.0,L2,V1,2026-07-19 13:17:12,2026-07-19 14:32:38,CW→CC,2026-07-19,,20062.0,20062.0,0,Otros
5062,2100002284,Concepcion,Coronel,20049.0,L2,V1,2026-07-19 11:24:20,2026-07-19 12:12:49,CC→CW,2026-07-19,,20049.0,20049.0,440,Adulto Mayor
5063,2100002285,Concepcion,Coronel,20049.0,L2,V1,2026-07-19 11:24:23,2026-07-19 12:13:00,CC→CW,2026-07-19,,20049.0,20049.0,440,Adulto Mayor
5064,2100002470,Laguna Quinenco,Cdal. Raul Silva Henriquez,20152.0,L2,V1,2026-07-19 08:22:53,2026-07-19 08:51:06,CW→CC,2026-07-19,,20152.0,20152.0,330,Adulto Mayor
5065,2100002662,Hualqui,Lzo. Arenas,20844.0,L1,V1,2026-07-19 12:14:53,2026-07-19 13:03:14,HQ→TH,2026-07-19,,20844.0,20844.0,0,Discapacitado
5066,2100002772,Hualqui,UTF Santa Maria,20848.0,L1,V1,2026-07-19 20:26:03,2026-07-19 21:11:47,HQ→TH,2026-07-19,,20848.0,,560,Monedero
5067,2100003042,Los Canelos,Laguna Quinenco,20037.0,L2,V1,2026-07-19 10:34:12,2026-07-19 10:44:05,CC→CW,2026-07-19,,20037.0,20037.0,270,Adulto Mayor
5068,2100003042,Laguna Quinenco,Los Canelos,20052.0,L2,V1,2026-07-19 11:17:50,2026-07-19 11:30:17,CW→CC,2026-07-19,,20052.0,20052.0,270,Adulto Mayor
5069,2100003105,Laguna Quinenco,Coronel,20049.0,L2,V1,2026-07-19 11:58:52,2026-07-19 12:12:09,CC→CW,2026-07-19,,20049.0,20049.0,220,Adulto Mayor
5070,2100003187,Los Canelos,Diagonal Bio Bio,20170.0,L2,V1,2026-07-19 20:10:35,2026-07-19 20:49:00,CW→CC,2026-07-19,,20170.0,20170.0,650,Monedero
5071,2100003309,Laguna Quinenco,Cristo Redentor,20180.0,L2,V1,2026-07-19 16:33:20,2026-07-19 16:51:44,CW→CC,2026-07-19,,20180.0,20180.0,230,Adulto Mayor
5072,2100003346,Laguna Quinenco,Concepcion,20152.0,L2,V1,2026-07-19 08:14:21,2026-07-19 09:13:40,CW→CC,2026-07-19,,20152.0,20152.0,440,Adulto Mayor
5073,2100003346,Concepcion,Laguna Quinenco,20167.0,L2,V1,2026-07-19 19:18:12,2026-07-19 20:39:59,CC→CW,2026-07-19,,20167.0,20167.0,440,Adulto Mayor
5074,2100004347,Laguna Quinenco,Cdal. Raul Silva Henriquez,20166.0,L2,V1,2026-07-19 19:10:25,2026-07-19 19:35:36,CW→CC,2026-07-19,,20166.0,20166.0,330,Adulto Mayor
5075,2100004660,Coronel,Laguna Quinenco,20044.0,L2,V1,2026-07-19 09:56:32,2026-07-19 10:08:32,CW→CC,2026-07-19,,20044.0,20044.0,220,Adulto Mayor
5076,2100004762,Los Canelos,El Parque,20152.0,L2,V1,2026-07-19 08:34:12,2026-07-19 08:57:02,CW→CC,2026-07-19,,20152.0,20152.0,310,Adulto Mayor
5077,2100004762,El Parque,Los Canelos,20171.0,L2,V1,2026-07-19 21:02:47,2026-07-19 21:32:46,CC→CW,2026-07-19,,20171.0,20171.0,310,Adulto Mayor
5078,2100004984,Cristo Redentor,Diagonal Bio Bio,20180.0,L2,V1,2026-07-19 16:40:31,2026-07-19 17:20:03,CW→CC,2026-07-19,,20180.0,20180.0,340,Adulto Mayor
5079,2100004984,Cristo Redentor,Diagonal Bio Bio,20180.0,L2,V1,2026-07-19 16:40:38,2026-07-19 17:20:14,CW→CC,2026-07-19,,20180.0,20180.0,680,Monedero
5080,2100005291,Hualqui,Los Condores,20850.0,L1,V1,2026-07-19 09:25:32,2026-07-19 10:12:30,HQ→TH,2026-07-19,,20850.0,20850.0,280,Adulto Mayor
5081,2100005874,Cdal. Raul Silva Henriquez,Concepcion,20050.0,L2,V1,2026-07-19 11:16:43,2026-07-19 11:43:00,CW→CC,2026-07-19,,20050.0,20050.0,290,Adulto Mayor
5082,2100005874,Concepcion,Cdal. Raul Silva Henriquez,20161.0,L2,V1,2026-07-19 18:15:48,2026-07-19 18:53:45,CC→CW,2026-07-19,,20161.0,20161.0,290,Adulto Mayor
5083,2100006110,Coronel,Concepcion,20152.0,L2,V1,2026-07-19 08:19:40,2026-07-19 09:14:26,CW→CC,2026-07-19,,20152.0,20152.0,0,Discapacitado
5084,2100006110,Concepcion,Coronel,20059.0,L2,V1,2026-07-19 12:26:07,2026-07-19 14:00:57,CC→CW,2026-07-19,,20059.0,20059.0,0,Discapacitado
5085,2100006250,Laguna Quinenco,Diagonal Bio Bio,20058.0,L2,V1,2026-07-19 12:29:29,2026-07-19 13:03:24,CW→CC,2026-07-19,,20058.0,20058.0,400,Adulto Mayor
5086,2100006342,Cdal. Raul Silva Henriquez,Coronel,20041.0,L2,V1,2026-07-19 10:42:19,2026-07-19 11:12:49,CC→CW,2026-07-19,,20041.0,20041.0,330,Adulto Mayor
5087,2100006342,Laguna Quinenco,Cdal. Raul Silva Henriquez,20170.0,L2,V1,2026-07-19 19:42:18,2026-07-19 20:35:48,CW→CC,2026-07-19,,20170.0,20170.0,330,Adulto Mayor
5088,2100006354,Laguna Quinenco,Concepcion,20166.0,L2,V1,2026-07-19 19:08:18,2026-07-19 20:00:00,CW→CC,2026-07-19,,20166.0,20166.0,440,Adulto Mayor
5089,2100006496,Laguna Quinenco,Concepcion,20052.0,L2,V1,2026-07-19 11:20:20,2026-07-19 12:10:33,CW→CC,2026-07-19,,20052.0,20052.0,440,Adulto Mayor
5090,2100006496,Concepcion,Laguna Quinenco,20059.0,L2,V1,2026-07-19 13:07:49,2026-07-19 13:58:00,CC→CW,2026-07-19,,20059.0,20059.0,440,Adulto Mayor
5091,2100007095,Concepcion,Lomas Coloradas,20049.0,L2,V1,2026-07-19 11:18:37,2026-07-19 11:49:40,CC→CW,2026-07-19,,20049.0,20049.0,570,Monedero
5092,2100007944,Lomas Coloradas,Los Canelos,20157.0,L2,V1,2026-07-19 17:26:01,2026-07-19 18:02:00,CC→CW,2026-07-19,,20157.0,,310,Adulto Mayor
5093,2100008536,Lomas Coloradas,Concepcion,20044.0,L2,V1,2026-07-19 10:25:48,2026-07-19 10:47:37,CW→CC,2026-07-19,,20044.0,20044.0,0,Otros
5094,2100008536,Concepcion,Lomas Coloradas,20071.0,L2,V1,2026-07-19 16:17:12,2026-07-19 16:59:08,CC→CW,2026-07-19,,20071.0,20071.0,0,Otros
5095,2100008734,Laguna Quinenco,Concepcion,20166.0,L2,V1,2026-07-19 19:09:24,2026-07-19 20:00:32,CW→CC,2026-07-19,,20166.0,20166.0,0,Discapacitado
5096,2100008856,Cristo Redentor,El Parque,20152.0,L2,V1,2026-07-19 08:24:53,2026-07-19 08:56:50,CW→CC,2026-07-19,,20152.0,20152.0,320,Adulto Mayor
5097,2100008856,El Parque,Concepcion,20166.0,L2,V1,2026-07-19 19:36:32,2026-07-19 19:58:13,CW→CC,2026-07-19,,20166.0,20166.0,290,Adulto Mayor
5098,2100008898,Los Canelos,Diagonal Bio Bio,20160.0,L2,V1,2026-07-19 17:50:07,2026-07-19 18:18:18,CW→CC,2026-07-19,,20160.0,20160.0,330,Adulto Mayor
5099,2100009088,Laguna Quinenco,Cristo Redentor,20068.0,L2,V1,2026-07-19 15:34:55,2026-07-19 15:41:30,CW→CC,2026-07-19,,20068.0,20068.0,0,Discapacitado
5100,2100009088,Cristo Redentor,Laguna Quinenco,20071.0,L2,V1,2026-07-19 16:50:08,2026-07-19 17:20:33,CC→CW,2026-07-19,,20071.0,20071.0,0,Discapacitado
5101,2100009145,Cristo Redentor,El Parque,20162.0,L2,V1,2026-07-19 18:08:17,2026-07-19 18:42:02,CW→CC,2026-07-19,,20162.0,20162.0,0,Discapacitado
5102,2100009145,El Parque,Cristo Redentor,20167.0,L2,V1,2026-07-19 20:10:40,2026-07-19 20:38:22,CC→CW,2026-07-19,,20167.0,20167.0,0,Discapacitado
5103,2100009156,Cristo Redentor,Alborada,20152.0,L2,V1,2026-07-19 08:26:43,2026-07-19 09:01:22,CW→CC,2026-07-19,,20152.0,20152.0,340,Adulto Mayor
5104,2100009156,Alborada,Cristo Redentor,20161.0,L2,V1,2026-07-19 18:23:16,2026-07-19 19:08:23,CC→CW,2026-07-19,,20161.0,20161.0,340,Adulto Mayor
5105,2100009418,Lomas Coloradas,Laguna Quinenco,20051.0,L2,V1,2026-07-19 11:57:01,2026-07-19 12:23:46,CC→CW,2026-07-19,,20051.0,20051.0,330,Adulto Mayor
5106,2100009498,Cdal. Raul Silva Henriquez,Cristo Redentor,20059.0,L2,V1,2026-07-19 13:32:55,2026-07-19 13:55:30,CC→CW,2026-07-19,,20059.0,20059.0,320,Adulto Mayor
5107,2100009498,Cristo Redentor,Cdal. Raul Silva Henriquez,20162.0,L2,V1,2026-07-19 18:17:31,2026-07-19 18:36:18,CW→CC,2026-07-19,,20162.0,20162.0,320,Adulto Mayor
5108,2100010000,Lomas Coloradas,Concepcion,20044.0,L2,V1,2026-07-19 10:27:19,2026-07-19 10:47:22,CW→CC,2026-07-19,,20044.0,20044.0,290,Adulto Mayor
5109,2100010000,Concepcion,Lomas Coloradas,20049.0,L2,V1,2026-07-19 11:22:10,2026-07-19 11:49:37,CC→CW,2026-07-19,,20049.0,20049.0,290,Adulto Mayor
5110,2102002415,Los Canelos,El Parque,20152.0,L2,V1,2026-07-19 08:31:29,2026-07-19 08:56:54,CW→CC,2026-07-19,,20152.0,20152.0,610,Monedero
5111,2102002569,Lomas Coloradas,Cristo Redentor,20049.0,L2,V1,2026-07-19 11:41:22,2026-07-19 12:06:02,CC→CW,2026-07-19,,20049.0,20049.0,630,Monedero
5112,2102002782,Los Canelos,Concepcion,20156.0,L2,V1,2026-07-19 09:24:01,2026-07-19 09:57:20,CW→CC,2026-07-19,,20156.0,20156.0,850,Monedero
5113,2102004470,Costa Mar,Concepcion,20056.0,L2,V1,2026-07-19 12:46:21,2026-07-19 13:13:18,CW→CC,2026-07-19,,20056.0,20056.0,570,Monedero
5114,2102005338,Los Canelos,Concepcion,20056.0,L2,V1,2026-07-19 11:58:37,2026-07-19 12:58:41,CW→CC,2026-07-19,,20056.0,20056.0,850,Monedero
5115,2102005338,Concepcion,Los Canelos,20171.0,L2,V1,2026-07-19 20:20:33,2026-07-19 21:32:50,CC→CW,2026-07-19,,20171.0,20171.0,850,Monedero
5116,2102006316,Coronel,Concepcion,20162.0,L2,V1,2026-07-19 18:12:41,2026-07-19 18:57:51,CW→CC,2026-07-19,,20162.0,20162.0,880,Monedero
5117,2102006316,Concepcion,Coronel,20167.0,L2,V1,2026-07-19 19:36:49,2026-07-19 20:44:58,CC→CW,2026-07-19,,20167.0,20167.0,880,Monedero
5118,2102007522,Coronel,Concepcion,20160.0,L2,V1,2026-07-19 17:38:35,2026-07-19 18:28:15,CW→CC,2026-07-19,,20160.0,20160.0,880,Monedero
5119,2102007522,Concepcion,Coronel,20171.0,L2,V1,2026-07-19 20:53:02,2026-07-19 21:42:41,CC→CW,2026-07-19,,20171.0,20171.0,880,Monedero
5120,2103000022,Concepcion,Hualqui,20847.0,L1,V1,2026-07-19 20:15:42,2026-07-19 21:02:59,TH→HQ,2026-07-19,,20847.0,20847.0,280,Adulto Mayor
5121,2103000146,El Parque,Costa Mar,20180.0,L2,V1,2026-07-19 17:01:59,2026-07-19 17:14:37,CW→CC,2026-07-19,,20180.0,20180.0,220,Adulto Mayor
5122,2103000206,Manquimavida,Lzo. Arenas,20850.0,L1,V1,2026-07-19 09:41:25,2026-07-19 10:05:09,HQ→TH,2026-07-19,,20850.0,20850.0,260,Adulto Mayor
5123,2103001095,Los Condores,Concepcion,20859.0,L1,V1,2026-07-19 12:35:53,2026-07-19 13:58:15,TH→HQ,2026-07-19,combo_por_entrada,20859.0,20059.0,450,Adulto Mayor
5124,2103001095,Concepcion,Los Condores,20848.0,L1,V1,2026-07-19 19:56:53,2026-07-19 21:16:37,HQ→TH,2026-07-19,combo_por_entrada,20848.0,20848.0,450,Adulto Mayor
5125,2103001145,Laguna Quinenco,Juan Pablo II,20062.0,L2,V1,2026-07-19 13:45:01,2026-07-19 14:26:50,CW→CC,2026-07-19,,20062.0,20062.0,400,Adulto Mayor
5126,2103001145,Juan Pablo II,Laguna Quinenco,20167.0,L2,V1,2026-07-19 19:22:28,2026-07-19 20:40:59,CC→CW,2026-07-19,,20167.0,20167.0,400,Adulto Mayor
5127,2103001148,Huinca,Coronel,20067.0,L2,V1,2026-07-19 15:59:40,2026-07-19 16:14:13,CC→CW,2026-07-19,,20067.0,20067.0,230,Adulto Mayor
5128,2103001174,Huinca,Laguna Quinenco,20053.0,L2,V1,2026-07-19 12:43:23,2026-07-19 12:49:17,CC→CW,2026-07-19,,20053.0,20053.0,230,Adulto Mayor
5129,2103001174,Laguna Quinenco,Huinca,20066.0,L2,V1,2026-07-19 14:43:04,2026-07-19 14:54:24,CW→CC,2026-07-19,,20066.0,20066.0,230,Adulto Mayor
5130,2103001174,Huinca,Laguna Quinenco,20071.0,L2,V1,2026-07-19 17:13:57,2026-07-19 17:19:39,CC→CW,2026-07-19,,20071.0,20071.0,230,Adulto Mayor
5131,2103001180,Concepcion,Los Canelos,20153.0,L2,V1,2026-07-19 08:52:54,2026-07-19 09:46:44,CC→CW,2026-07-19,,20153.0,20153.0,430,Adulto Mayor
5132,2103001396,Los Canelos,Concepcion,20040.0,L2,V1,2026-07-19 09:46:51,2026-07-19 10:22:44,CW→CC,2026-07-19,,20040.0,20040.0,430,Adulto Mayor
5133,2103001402,Cdal. Raul Silva Henriquez,Los Canelos,20049.0,L2,V1,2026-07-19 11:37:37,2026-07-19 12:02:51,CC→CW,2026-07-19,,20049.0,20049.0,310,Adulto Mayor
5134,2103001402,Los Canelos,Laguna Quinenco,20063.0,L2,V1,2026-07-19 14:32:51,2026-07-19 15:14:17,CC→CW,2026-07-19,,20063.0,20063.0,270,Adulto Mayor
5135,2103001402,Laguna Quinenco,Los Canelos,20068.0,L2,V1,2026-07-19 15:33:27,2026-07-19 15:44:48,CW→CC,2026-07-19,,20068.0,20068.0,270,Adulto Mayor
5136,2103001402,Los Canelos,Cdal. Raul Silva Henriquez,20162.0,L2,V1,2026-07-19 18:15:03,2026-07-19 18:35:05,CW→CC,2026-07-19,,20162.0,20162.0,310,Adulto Mayor
5137,2103002086,Diagonal Bio Bio,El Parque,20153.0,L2,V1,2026-07-19 09:18:59,2026-07-19 09:32:06,CC→CW,2026-07-19,,20153.0,20153.0,260,Adulto Mayor
5138,2103002086,El Parque,Diagonal Bio Bio,20166.0,L2,V1,2026-07-19 19:34:37,2026-07-19 19:48:54,CW→CC,2026-07-19,,20166.0,20166.0,260,Adulto Mayor
5139,2103002168,Diagonal Bio Bio,Laguna Quinenco,20153.0,L2,V1,2026-07-19 09:11:38,2026-07-19 09:55:41,CC→CW,2026-07-19,,20153.0,20153.0,400,Adulto Mayor
5140,2103002168,Huinca,Diagonal Bio Bio,20166.0,L2,V1,2026-07-19 19:17:20,2026-07-19 19:48:44,CW→CC,2026-07-19,,20166.0,20166.0,340,Adulto Mayor
5141,2103002448,Concepcion,Cristo Redentor,20167.0,L2,V1,2026-07-19 19:26:38,2026-07-19 20:37:18,CC→CW,2026-07-19,,20167.0,20167.0,430,Adulto Mayor
5142,2103002553,Huinca,Juan Pablo II,20152.0,L2,V1,2026-07-19 08:29:03,2026-07-19 09:06:10,CW→CC,2026-07-19,,20152.0,20152.0,340,Adulto Mayor
5143,2103002553,Juan Pablo II,Huinca,20063.0,L2,V1,2026-07-19 14:40:07,2026-07-19 15:09:09,CC→CW,2026-07-19,,20063.0,20063.0,340,Adulto Mayor
5144,2103002634,Cristo Redentor,Juan Pablo II,20152.0,L2,V1,2026-07-19 08:21:26,2026-07-19 09:06:52,CW→CC,2026-07-19,,20152.0,20152.0,340,Adulto Mayor
5145,2103002724,Laguna Quinenco,Los Canelos,20062.0,L2,V1,2026-07-19 13:34:22,2026-07-19 14:00:39,CW→CC,2026-07-19,,20062.0,20062.0,270,Adulto Mayor
5146,2103002728,Huinca,Lomas Coloradas,20162.0,L2,V1,2026-07-19 18:16:33,2026-07-19 18:38:32,CW→CC,2026-07-19,,20162.0,20162.0,320,Adulto Mayor
5147,2103002790,Concepcion,Cristo Redentor,20063.0,L2,V1,2026-07-19 14:30:27,2026-07-19 15:12:24,CC→CW,2026-07-19,,20063.0,20063.0,430,Adulto Mayor
5148,2103002790,Cristo Redentor,Concepcion,20170.0,L2,V1,2026-07-19 20:20:48,2026-07-19 21:00:18,CW→CC,2026-07-19,,20170.0,20170.0,430,Adulto Mayor
5149,2103002797,Los Canelos,El Parque,20050.0,L2,V1,2026-07-19 11:07:55,2026-07-19 11:27:26,CW→CC,2026-07-19,,20050.0,20050.0,310,Adulto Mayor
5150,2103002797,El Parque,Los Canelos,20059.0,L2,V1,2026-07-19 13:18:07,2026-07-19 13:51:24,CC→CW,2026-07-19,,20059.0,20059.0,310,Adulto Mayor
5151,2103002815,Los Canelos,Coronel,20161.0,L2,V1,2026-07-19 18:49:44,2026-07-19 19:13:04,CC→CW,2026-07-19,,20161.0,20161.0,270,Adulto Mayor
5152,2103002815,Los Canelos,Coronel,20161.0,L2,V1,2026-07-19 18:49:51,2026-07-19 19:13:10,CC→CW,2026-07-19,,20161.0,20161.0,530,Monedero
5153,2103002824,Los Canelos,El Parque,20152.0,L2,V1,2026-07-19 08:36:43,2026-07-19 08:57:05,CW→CC,2026-07-19,,20152.0,20152.0,310,Adulto Mayor
5154,2103002824,El Parque,Los Canelos,20153.0,L2,V1,2026-07-19 09:23:04,2026-07-19 09:46:54,CC→CW,2026-07-19,,20153.0,20153.0,310,Adulto Mayor
5155,2103002886,Cristo Redentor,Juan Pablo II,20162.0,L2,V1,2026-07-19 18:07:19,2026-07-19 18:51:00,CW→CC,2026-07-19,,20162.0,20162.0,340,Adulto Mayor
5156,2103003043,Los Canelos,Concepcion,20050.0,L2,V1,2026-07-19 11:09:30,2026-07-19 11:56:00,CW→CC,2026-07-19,,20050.0,20050.0,430,Adulto Mayor
5157,2103003043,Concepcion,Los Canelos,20063.0,L2,V1,2026-07-19 14:31:49,2026-07-19 15:10:27,CC→CW,2026-07-19,,20063.0,20063.0,430,Adulto Mayor
5158,2103003125,Huinca,Lomas Coloradas,20056.0,L2,V1,2026-07-19 11:59:03,2026-07-19 12:39:16,CW→CC,2026-07-19,,20056.0,20056.0,320,Adulto Mayor
5159,2103003192,Laguna Quinenco,Lomas Coloradas,20166.0,L2,V1,2026-07-19 19:07:24,2026-07-19 19:39:12,CW→CC,2026-07-19,,20166.0,20166.0,330,Adulto Mayor
5160,2103003261,Coronel,Diagonal Bio Bio,20056.0,L2,V1,2026-07-19 12:17:24,2026-07-19 13:03:13,CW→CC,2026-07-19,,20056.0,20056.0,400,Adulto Mayor
5161,2103003291,Laguna Quinenco,Concepcion,20052.0,L2,V1,2026-07-19 11:21:30,2026-07-19 12:10:19,CW→CC,2026-07-19,,20052.0,20052.0,440,Adulto Mayor
5162,2103003291,Concepcion,Laguna Quinenco,20163.0,L2,V1,2026-07-19 18:43:43,2026-07-19 19:39:34,CC→CW,2026-07-19,,20163.0,20163.0,440,Adulto Mayor
5163,2103003354,Huinca,Coronel,20053.0,L2,V1,2026-07-19 12:36:26,2026-07-19 12:52:44,CC→CW,2026-07-19,,20053.0,20053.0,230,Adulto Mayor
5164,2103003354,Coronel,Huinca,20066.0,L2,V1,2026-07-19 14:23:33,2026-07-19 14:54:28,CW→CC,2026-07-19,,20066.0,20066.0,230,Adulto Mayor
5165,2103003401,Coronel,Concepcion,20160.0,L2,V1,2026-07-19 17:41:12,2026-07-19 18:30:21,CW→CC,2026-07-19,,20160.0,20160.0,440,Adulto Mayor
5166,2103003542,Hualqui,Mercado,20846.0,L1,V1,2026-07-19 16:26:44,2026-07-19 17:59:05,HQ→TH,2026-07-19,,20846.0,20846.0,290,Adulto Mayor
5167,2103003542,Hualqui,Mercado,20846.0,L1,V1,2026-07-19 16:26:51,2026-07-19 17:59:11,HQ→TH,2026-07-19,,20846.0,20846.0,580,Monedero
5168,2103003594,Cdal. Raul Silva Henriquez,Laguna Quinenco,20071.0,L2,V1,2026-07-19 16:54:41,2026-07-19 17:19:32,CC→CW,2026-07-19,,20071.0,20071.0,330,Adulto Mayor
5169,2103003594,Laguna Quinenco,Cdal. Raul Silva Henriquez,20170.0,L2,V1,2026-07-19 20:01:48,2026-07-19 20:36:06,CW→CC,2026-07-19,,20170.0,20170.0,330,Adulto Mayor
5170,2103003736,Concepcion,Hito Galvarino,20063.0,L2,V1,2026-07-19 14:17:54,2026-07-19 15:04:15,CC→CW,2026-07-19,,20063.0,20063.0,430,Adulto Mayor
5171,2103003747,Cdal. Raul Silva Henriquez,Coronel,20049.0,L2,V1,2026-07-19 11:40:51,2026-07-19 12:12:25,CC→CW,2026-07-19,,20049.0,20049.0,330,Adulto Mayor
5172,2103003747,Coronel,Cdal. Raul Silva Henriquez,20160.0,L2,V1,2026-07-19 17:34:46,2026-07-19 18:04:27,CW→CC,2026-07-19,,20160.0,20180.0,330,Adulto Mayor
5173,2103010174,Huinca,Laguna Quinenco,20041.0,L2,V1,2026-07-19 11:02:53,2026-07-19 11:09:39,CC→CW,2026-07-19,,20041.0,20041.0,230,Adulto Mayor
5174,2103010175,Cristo Redentor,Concepcion,20062.0,L2,V1,2026-07-19 13:46:57,2026-07-19 14:33:28,CW→CC,2026-07-19,,20062.0,20062.0,430,Adulto Mayor
5175,2103010175,Concepcion,Los Canelos,20167.0,L2,V1,2026-07-19 19:46:11,2026-07-19 20:32:52,CC→CW,2026-07-19,,20167.0,20167.0,430,Adulto Mayor
5176,2103010302,Juan Pablo II,Alborada,20067.0,L2,V1,2026-07-19 15:09:00,2026-07-19 15:42:22,CC→CW,2026-07-19,,20067.0,20067.0,220,Adulto Mayor
5177,2103010305,Concepcion,Los Canelos,20071.0,L2,V1,2026-07-19 16:35:41,2026-07-19 17:12:06,CC→CW,2026-07-19,,20071.0,20071.0,430,Adulto Mayor
5178,2103010314,Concepcion,Lomas Coloradas,20167.0,L2,V1,2026-07-19 19:09:26,2026-07-19 20:20:24,CC→CW,2026-07-19,,20167.0,20167.0,290,Adulto Mayor
5179,2103010471,Lomas Coloradas,Concepcion,20040.0,L2,V1,2026-07-19 09:58:11,2026-07-19 10:22:54,CW→CC,2026-07-19,,20040.0,20040.0,290,Adulto Mayor
5180,2103010484,El Parque,Juan Pablo II,20056.0,L2,V1,2026-07-19 12:29:50,2026-07-19 12:51:13,CW→CC,2026-07-19,,20056.0,20056.0,260,Adulto Mayor
5181,2103010484,Juan Pablo II,El Parque,20157.0,L2,V1,2026-07-19 17:34:26,2026-07-19 17:46:41,CC→CW,2026-07-19,,20157.0,20157.0,260,Adulto Mayor
5182,2103010489,El Parque,Lomas Coloradas,20167.0,L2,V1,2026-07-19 20:13:15,2026-07-19 20:19:26,CC→CW,2026-07-19,,20167.0,20167.0,220,Adulto Mayor
5183,2104003080,Concepcion,Lomas Coloradas,20163.0,L2,V1,2026-07-19 18:56:11,2026-07-19 19:20:07,CC→CW,2026-07-19,,20163.0,20163.0,0,Otros
5184,2104003098,Concepcion,Higueras,20846.0,L1,V1,2026-07-19 17:01:57,2026-07-19 17:52:32,HQ→TH,2026-07-19,combo_por_entrada,20846.0,20846.0,0,Otros
5185,2104003515,Concepcion,Hito Galvarino,20171.0,L2,V1,2026-07-19 20:49:17,2026-07-19 21:28:49,CC→CW,2026-07-19,,20171.0,20171.0,0,Otros
5186,2104004035,UTF Santa Maria,Concepcion,20845.0,L1,V1,2026-07-19 16:11:53,2026-07-19 16:25:33,TH→HQ,2026-07-19,,20845.0,20845.0,0,Otros
5187,2104004328,Concepcion,El Parque,20063.0,L2,V1,2026-07-19 14:21:17,2026-07-19 14:52:13,CC→CW,2026-07-19,,20063.0,20063.0,0,Otros
5188,2104004328,El Parque,Concepcion,20068.0,L2,V1,2026-07-19 15:53:14,2026-07-19 16:18:31,CW→CC,2026-07-19,,20068.0,20068.0,0,Otros
5189,2104004350,Concepcion,Higueras,20846.0,L1,V1,2026-07-19 17:01:48,2026-07-19 17:52:43,HQ→TH,2026-07-19,combo_por_entrada,20846.0,20846.0,0,Otros
5190,2106000133,Lomas Coloradas,Concepcion,20044.0,L2,V1,2026-07-19 10:23:59,2026-07-19 10:49:28,CW→CC,2026-07-19,,20044.0,20044.0,0,Discapacitado
5191,2106000133,Concepcion,Lomas Coloradas,20063.0,L2,V1,2026-07-19 14:24:54,2026-07-19 14:55:11,CC→CW,2026-07-19,,20063.0,20063.0,0,Discapacitado
5192,2106000255,Cdal. Raul Silva Henriquez,Lomas Coloradas,20056.0,L2,V1,2026-07-19 12:29:25,2026-07-19 12:37:54,CW→CC,2026-07-19,,20056.0,20056.0,0,Discapacitado
5193,2106000255,Lomas Coloradas,Cdal. Raul Silva Henriquez,20059.0,L2,V1,2026-07-19 13:17:55,2026-07-19 13:41:26,CC→CW,2026-07-19,,20059.0,20059.0,0,Discapacitado
5194,2106000259,Costa Mar,Concepcion,20156.0,L2,V1,2026-07-19 09:39:54,2026-07-19 10:08:20,CW→CC,2026-07-19,combo_por_entrada,20156.0,,0,Discapacitado
5195,2106000453,Cristo Redentor,Hito Galvarino,20152.0,L2,V1,2026-07-19 08:27:02,2026-07-19 08:43:57,CW→CC,2026-07-19,,20152.0,20152.0,460,Monedero
5196,2106000624,Coronel,Diagonal Bio Bio,20162.0,L2,V1,2026-07-19 18:12:17,2026-07-19 18:48:17,CW→CC,2026-07-19,,20162.0,20162.0,0,Discapacitado
5197,2106000930,Coronel,Huinca,20044.0,L2,V1,2026-07-19 09:53:09,2026-07-19 10:12:32,CW→CC,2026-07-19,,20044.0,20044.0,0,Discapacitado
5198,2106000930,Huinca,Coronel,20037.0,L2,V1,2026-07-19 10:24:04,2026-07-19 10:46:29,CC→CW,2026-07-19,,20037.0,20037.0,0,Discapacitado
5199,2106000989,Concepcion,Hito Galvarino,20167.0,L2,V1,2026-07-19 19:46:52,2026-07-19 20:29:56,CC→CW,2026-07-19,,20167.0,20167.0,0,Otros
5200,2106001038,Concepcion,UTF Santa Maria,20848.0,L1,V1,2026-07-19 20:57:37,2026-07-19 21:11:54,HQ→TH,2026-07-19,,20848.0,,0,Discapacitado
5201,2106001218,Coronel,Cdal. Raul Silva Henriquez,20068.0,L2,V1,2026-07-19 15:15:14,2026-07-19 15:53:55,CW→CC,2026-07-19,,20068.0,20067.0,0,Discapacitado
5202,2106001332,Concepcion,Manquimavida,20859.0,L1,V1,2026-07-19 12:24:56,2026-07-19 13:15:58,TH→HQ,2026-07-19,,20859.0,20859.0,0,Discapacitado
5203,2106001377,Juan Pablo II,Costa Mar,20167.0,L2,V1,2026-07-19 19:59:12,2026-07-19 20:13:28,CC→CW,2026-07-19,,20167.0,20167.0,0,Discapacitado
5204,2106001429,Cdal. Raul Silva Henriquez,Diagonal Bio Bio,20180.0,L2,V1,2026-07-19 17:00:45,2026-07-19 17:19:23,CW→CC,2026-07-19,,20180.0,20180.0,0,Otros
5205,2106001507,Los Canelos,Concepcion,20044.0,L2,V1,2026-07-19 10:06:39,2026-07-19 10:57:26,CW→CC,2026-07-19,,20044.0,20044.0,0,Discapacitado
5206,2106001507,Concepcion,Los Canelos,20063.0,L2,V1,2026-07-19 13:56:28,2026-07-19 15:08:36,CC→CW,2026-07-19,,20063.0,20063.0,0,Discapacitado
5207,2106001516,Coronel,Costa Mar,20152.0,L2,V1,2026-07-19 08:21:11,2026-07-19 08:59:48,CW→CC,2026-07-19,,20152.0,20152.0,0,Discapacitado
5208,2106001623,Laguna Quinenco,Concepcion,20166.0,L2,V1,2026-07-19 19:00:09,2026-07-19 20:01:31,CW→CC,2026-07-19,,20166.0,20166.0,0,Discapacitado
5209,2106001623,Concepcion,Laguna Quinenco,20171.0,L2,V1,2026-07-19 20:47:06,2026-07-19 21:39:00,CC→CW,2026-07-19,,20171.0,20171.0,0,Discapacitado
5210,2106001655,Juan Pablo II,Laguna Quinenco,20071.0,L2,V1,2026-07-19 16:10:54,2026-07-19 17:19:41,CC→CW,2026-07-19,,20071.0,20071.0,0,Discapacitado
5211,2106001668,Concepcion,Los Canelos,20149.0,L2,V1,2026-07-19 08:17:51,2026-07-19 09:02:53,CC→CW,2026-07-19,,20149.0,20149.0,0,Discapacitado
5212,2106001683,Huinca,Concepcion,20170.0,L2,V1,2026-07-19 20:07:11,2026-07-19 21:23:54,CW→CC,2026-07-19,combo_por_entrada,20170.0,20170.0,0,Discapacitado
5213,2106001722,Hito Galvarino,Concepcion,20062.0,L2,V1,2026-07-19 13:52:46,2026-07-19 14:33:01,CW→CC,2026-07-19,,20062.0,20062.0,0,Discapacitado
5214,2106001722,Concepcion,Hito Galvarino,20171.0,L2,V1,2026-07-19 20:36:50,2026-07-19 21:29:01,CC→CW,2026-07-19,,20171.0,20171.0,0,Discapacitado
5215,2106001814,Coronel,Juan Pablo II,20162.0,L2,V1,2026-07-19 18:10:35,2026-07-19 18:50:56,CW→CC,2026-07-19,,20162.0,20162.0,0,Otros
5216,2106001878,Cdal. Raul Silva Henriquez,Laguna Quinenco,20071.0,L2,V1,2026-07-19 16:49:03,2026-07-19 17:19:04,CC→CW,2026-07-19,,20071.0,20071.0,0,Discapacitado
5217,2106001897,Laguna Quinenco,Cristo Redentor,20170.0,L2,V1,2026-07-19 20:11:50,2026-07-19 20:22:08,CW→CC,2026-07-19,,20170.0,20170.0,0,Discapacitado
5218,2106001947,Costa Mar,Concepcion,20152.0,L2,V1,2026-07-19 08:42:26,2026-07-19 09:13:48,CW→CC,2026-07-19,,20152.0,20152.0,0,Discapacitado
5219,2106001983,Concepcion,Lomas Coloradas,20063.0,L2,V1,2026-07-19 14:18:39,2026-07-19 14:54:26,CC→CW,2026-07-19,,20063.0,20063.0,0,Discapacitado
5220,2106001983,Lomas Coloradas,Huinca,20163.0,L2,V1,2026-07-19 19:00:55,2026-07-19 19:35:06,CC→CW,2026-07-19,,20163.0,20163.0,0,Discapacitado
5221,2106003313,Concepcion,Concepcion,,,,2026-07-19 10:02:02,2026-07-19 10:02:40,,2026-07-19,no viajo,,,0,Otros
5222,2106003313,Concepcion,Hito Galvarino,20171.0,L2,V1,2026-07-19 20:34:34,2026-07-19 21:28:36,CC→CW,2026-07-19,,20171.0,20171.0,0,Otros
5223,2106003348,Coronel,Costa Mar,20156.0,L2,V1,2026-07-19 08:56:55,2026-07-19 09:43:30,CW→CC,2026-07-19,,20156.0,20156.0,0,Discapacitado
5224,2106003348,Costa Mar,Coronel,20049.0,L2,V1,2026-07-19 11:40:38,2026-07-19 12:12:17,CC→CW,2026-07-19,,20049.0,20049.0,0,Discapacitado
5225,2106003405,Los Canelos,El Parque,20062.0,L2,V1,2026-07-19 13:55:55,2026-07-19 14:17:22,CW→CC,2026-07-19,,20062.0,20062.0,0,Otros
5226,2106003405,El Parque,Laguna Quinenco,20071.0,L2,V1,2026-07-19 16:42:39,2026-07-19 17:19:42,CC→CW,2026-07-19,,20071.0,20071.0,0,Otros
5227,2106003407,Hito Galvarino,Huinca,20049.0,L2,V1,2026-07-19 11:56:53,2026-07-19 12:03:58,CC→CW,2026-07-19,,20049.0,20049.0,0,Otros
5228,2106003407,Huinca,Laguna Quinenco,20051.0,L2,V1,2026-07-19 12:18:14,2026-07-19 12:24:42,CC→CW,2026-07-19,,20051.0,20051.0,0,Otros
5229,2106003421,Coronel,Costa Mar,20156.0,L2,V1,2026-07-19 09:02:56,2026-07-19 10:18:43,CW→CC,2026-07-19,,20156.0,20156.0,0,Otros
5230,2106003433,Diagonal Bio Bio,Concepcion,20066.0,L2,V1,2026-07-19 15:17:44,2026-07-19 15:29:23,CW→CC,2026-07-19,,20066.0,20066.0,0,Otros
5231,2106003483,Concepcion,Los Canelos,20067.0,L2,V1,2026-07-19 15:24:31,2026-07-19 16:04:35,CC→CW,2026-07-19,,20067.0,20067.0,0,Discapacitado
5232,2106003560,Coronel,Hito Galvarino,20162.0,L2,V1,2026-07-19 18:03:50,2026-07-19 18:28:33,CW→CC,2026-07-19,,20162.0,20162.0,0,Discapacitado
5233,2106003643,Coronel,Los Canelos,20152.0,L2,V1,2026-07-19 08:30:11,2026-07-19 08:40:35,CW→CC,2026-07-19,,20152.0,20152.0,0,Discapacitado
5234,2106003663,Concepcion,Laguna Quinenco,20157.0,L2,V1,2026-07-19 17:20:01,2026-07-19 18:10:12,CC→CW,2026-07-19,,20157.0,20157.0,0,Discapacitado
5235,2106003694,Huinca,Lomas Coloradas,20062.0,L2,V1,2026-07-19 13:50:16,2026-07-19 14:13:34,CW→CC,2026-07-19,,20062.0,20062.0,0,Discapacitado
5236,2106003694,Lomas Coloradas,Huinca,20167.0,L2,V1,2026-07-19 19:46:00,2026-07-19 20:35:13,CC→CW,2026-07-19,,20167.0,20167.0,0,Discapacitado
5237,2106003722,Concepcion,Cristo Redentor,20063.0,L2,V1,2026-07-19 14:28:47,2026-07-19 15:12:20,CC→CW,2026-07-19,,20063.0,20063.0,0,Discapacitado
5238,2106003724,Cristo Redentor,Lomas Coloradas,20166.0,L2,V1,2026-07-19 19:20:36,2026-07-19 19:38:28,CW→CC,2026-07-19,,20166.0,20166.0,0,Discapacitado
5239,2106003733,Cdal. Raul Silva Henriquez,Diagonal Bio Bio,20180.0,L2,V1,2026-07-19 17:00:50,2026-07-19 17:19:20,CW→CC,2026-07-19,,20180.0,20180.0,0,Otros
5240,2106003759,Costa Mar,Diagonal Bio Bio,20052.0,L2,V1,2026-07-19 11:38:46,2026-07-19 11:53:21,CW→CC,2026-07-19,,20052.0,20052.0,0,Discapacitado
5241,2106003780,Concepcion,Costa Mar,20059.0,L2,V1,2026-07-19 11:49:58,2026-07-19 13:33:10,CC→CW,2026-07-19,combo_por_entrada,20059.0,20059.0,0,Discapacitado
5242,2106003787,Los Canelos,El Parque,20062.0,L2,V1,2026-07-19 13:55:58,2026-07-19 14:17:21,CW→CC,2026-07-19,,20062.0,20062.0,0,Otros
5243,2106003787,El Parque,Laguna Quinenco,20071.0,L2,V1,2026-07-19 16:42:38,2026-07-19 17:19:36,CC→CW,2026-07-19,,20071.0,20071.0,0,Otros
5244,2106003811,Hualqui,Manquimavida,20846.0,L1,V1,2026-07-19 16:45:27,2026-07-19 17:18:35,HQ→TH,2026-07-19,,20846.0,20846.0,0,Discapacitado
5245,2106003904,Diagonal Bio Bio,Juan Pablo II,20040.0,L2,V1,2026-07-19 10:04:37,2026-07-19 10:16:17,CW→CC,2026-07-19,,20040.0,20040.0,0,Discapacitado
5246,2106003904,Juan Pablo II,Diagonal Bio Bio,20059.0,L2,V1,2026-07-19 12:46:21,2026-07-19 13:27:36,CC→CW,2026-07-19,,20059.0,20059.0,0,Discapacitado
5247,2106003908,Diagonal Bio Bio,Costa Mar,20157.0,L2,V1,2026-07-19 17:29:48,2026-07-19 17:44:56,CC→CW,2026-07-19,,20157.0,20157.0,0,Discapacitado
5248,2106003908,Costa Mar,Diagonal Bio Bio,20160.0,L2,V1,2026-07-19 18:09:21,2026-07-19 18:19:37,CW→CC,2026-07-19,,20160.0,20160.0,0,Discapacitado
5249,2106003928,Huinca,Concepcion,20058.0,L2,V1,2026-07-19 12:28:54,2026-07-19 13:17:31,CW→CC,2026-07-19,,20058.0,20056.0,0,Discapacitado
5250,2106003928,Concepcion,Huinca,20059.0,L2,V1,2026-07-19 13:19:44,2026-07-19 15:09:35,CC→CW,2026-07-19,,20059.0,20059.0,0,Discapacitado
5251,2106003944,Laguna Quinenco,Diagonal Bio Bio,20166.0,L2,V1,2026-07-19 18:59:13,2026-07-19 19:48:49,CW→CC,2026-07-19,,20166.0,20166.0,0,Discapacitado
5252,2106003984,Concepcion,Lomas Coloradas,20059.0,L2,V1,2026-07-19 12:26:28,2026-07-19 13:38:58,CC→CW,2026-07-19,combo_por_entrada,20059.0,20059.0,0,Discapacitado
5253,2106006574,Concepcion,Huinca,20071.0,L2,V1,2026-07-19 15:41:41,2026-07-19 17:14:32,CC→CW,2026-07-19,,20071.0,20071.0,0,Discapacitado
5254,2106006579,Cristo Redentor,Laguna Quinenco,20071.0,L2,V1,2026-07-19 16:11:16,2026-07-19 17:20:58,CC→CW,2026-07-19,,20071.0,20067.0,0,Discapacitado
5255,2106006579,Laguna Quinenco,Cristo Redentor,20162.0,L2,V1,2026-07-19 18:10:32,2026-07-19 18:25:19,CW→CC,2026-07-19,,20162.0,20162.0,0,Discapacitado
5256,2106006584,Cristo Redentor,Laguna Quinenco,20037.0,L2,V1,2026-07-19 10:40:26,2026-07-19 10:44:02,CC→CW,2026-07-19,,20037.0,20037.0,0,Discapacitado
5257,2106006590,Concepcion,Cristo Redentor,20157.0,L2,V1,2026-07-19 17:03:22,2026-07-19 18:07:54,CC→CW,2026-07-19,,20157.0,20157.0,0,Discapacitado
5258,2106006662,Los Canelos,Laguna Quinenco,20049.0,L2,V1,2026-07-19 11:59:52,2026-07-19 12:08:55,CC→CW,2026-07-19,,20049.0,20049.0,0,Otros
5259,2106006662,Laguna Quinenco,Los Canelos,20062.0,L2,V1,2026-07-19 13:40:35,2026-07-19 14:00:46,CW→CC,2026-07-19,,20062.0,20062.0,0,Otros
5260,2106006685,Concepcion,Coronel,20053.0,L2,V1,2026-07-19 11:57:35,2026-07-19 12:52:45,CC→CW,2026-07-19,,20053.0,20053.0,0,Discapacitado
5261,2106006715,Lomas Coloradas,Alborada,20050.0,L2,V1,2026-07-19 11:04:04,2026-07-19 11:30:45,CW→CC,2026-07-19,,20050.0,20050.0,0,Discapacitado
5262,2106006723,Hito Galvarino,El Parque,20052.0,L2,V1,2026-07-19 11:31:55,2026-07-19 11:47:50,CW→CC,2026-07-19,,20052.0,20052.0,0,Discapacitado
5263,2106006723,Juan Pablo II,Hito Galvarino,20059.0,L2,V1,2026-07-19 13:05:07,2026-07-19 13:50:33,CC→CW,2026-07-19,,20059.0,20059.0,0,Discapacitado
5264,2106006751,Concepcion,Coronel,20059.0,L2,V1,2026-07-19 12:51:50,2026-07-19 14:00:47,CC→CW,2026-07-19,,20059.0,20059.0,0,Discapacitado
5265,2106006787,Lomas Coloradas,Concepcion,20068.0,L2,V1,2026-07-19 15:39:37,2026-07-19 16:18:22,CW→CC,2026-07-19,,20068.0,20068.0,0,Discapacitado
5266,2106006787,Concepcion,Lomas Coloradas,20167.0,L2,V1,2026-07-19 19:30:53,2026-07-19 20:19:51,CC→CW,2026-07-19,,20167.0,20167.0,0,Discapacitado
5267,2106006820,Los Canelos,Concepcion,20162.0,L2,V1,2026-07-19 18:22:23,2026-07-19 18:58:52,CW→CC,2026-07-19,,20162.0,20162.0,0,Discapacitado
5268,2106006897,Cristo Redentor,Concepcion,20058.0,L2,V1,2026-07-19 12:26:09,2026-07-19 13:14:31,CW→CC,2026-07-19,,20058.0,20056.0,0,Discapacitado
5269,2106006897,Concepcion,Cristo Redentor,20157.0,L2,V1,2026-07-19 17:17:04,2026-07-19 18:08:04,CC→CW,2026-07-19,,20157.0,20157.0,0,Discapacitado
5270,2106006980,Laguna Quinenco,Costa Mar,20170.0,L2,V1,2026-07-19 20:10:37,2026-07-19 20:44:15,CW→CC,2026-07-19,,20170.0,20170.0,0,Discapacitado
5271,2106007017,El Parque,Lomas Coloradas,20063.0,L2,V1,2026-07-19 14:48:18,2026-07-19 14:54:43,CC→CW,2026-07-19,,20063.0,20063.0,0,Discapacitado
5272,2106007063,Hito Galvarino,Concepcion,20052.0,L2,V1,2026-07-19 11:23:34,2026-07-19 12:10:40,CW→CC,2026-07-19,,20052.0,20052.0,0,Discapacitado
5273,2106007096,Cristo Redentor,Laguna Quinenco,20041.0,L2,V1,2026-07-19 10:59:57,2026-07-19 11:09:34,CC→CW,2026-07-19,,20041.0,20041.0,0,Discapacitado
5274,2106007096,Laguna Quinenco,Cristo Redentor,20180.0,L2,V1,2026-07-19 16:38:54,2026-07-19 16:51:30,CW→CC,2026-07-19,,20180.0,20180.0,0,Discapacitado
5275,2106007098,Concepcion,Costa Mar,20167.0,L2,V1,2026-07-19 19:58:30,2026-07-19 20:13:24,CC→CW,2026-07-19,,20167.0,20167.0,0,Discapacitado
5276,2106007187,Coronel,Concepcion,20056.0,L2,V1,2026-07-19 12:15:17,2026-07-19 13:13:22,CW→CC,2026-07-19,,20056.0,20056.0,0,Discapacitado
5277,2106007201,Cristo Redentor,Concepcion,20056.0,L2,V1,2026-07-19 12:16:41,2026-07-19 13:02:41,CW→CC,2026-07-19,,20056.0,20056.0,0,Discapacitado
5278,2106007201,Concepcion,Cristo Redentor,20071.0,L2,V1,2026-07-19 16:30:47,2026-07-19 17:16:36,CC→CW,2026-07-19,,20071.0,20071.0,0,Discapacitado
5279,2106007265,Los Canelos,Concepcion,20152.0,L2,V1,2026-07-19 08:35:38,2026-07-19 09:13:27,CW→CC,2026-07-19,,20152.0,20152.0,0,Discapacitado
5280,2106007265,Concepcion,Los Canelos,20161.0,L2,V1,2026-07-19 18:10:10,2026-07-19 19:02:31,CC→CW,2026-07-19,,20161.0,20161.0,0,Discapacitado
5281,2106007319,Concepcion,Cristo Redentor,20161.0,L2,V1,2026-07-19 18:21:02,2026-07-19 19:11:30,CC→CW,2026-07-19,,20161.0,20161.0,0,Discapacitado
5282,2106007354,Cristo Redentor,Concepcion,20050.0,L2,V1,2026-07-19 10:55:34,2026-07-19 11:45:30,CW→CC,2026-07-19,,20050.0,20050.0,0,Discapacitado
5283,2106007354,Cristo Redentor,Concepcion,20050.0,L2,V1,2026-07-19 10:55:39,2026-07-19 15:18:32,CW→CC,2026-07-19,,20050.0,20050.0,850,Monedero
5284,2106007479,Costa Mar,Coronel,20041.0,L2,V1,2026-07-19 10:40:39,2026-07-19 11:12:38,CC→CW,2026-07-19,,20041.0,20041.0,0,Discapacitado
5285,2106007538,Laguna Quinenco,Cristo Redentor,20170.0,L2,V1,2026-07-19 19:46:36,2026-07-19 20:22:39,CW→CC,2026-07-19,,20170.0,20170.0,0,Discapacitado
5286,2106007569,Concepcion,Lomas Coloradas,20059.0,L2,V1,2026-07-19 13:05:28,2026-07-19 13:38:23,CC→CW,2026-07-19,,20059.0,20059.0,0,Discapacitado
5287,2106007569,Lomas Coloradas,Concepcion,20166.0,L2,V1,2026-07-19 19:34:15,2026-07-19 20:00:08,CW→CC,2026-07-19,,20166.0,20166.0,0,Discapacitado
5288,2106007585,Concepcion,Mercado,20850.0,L1,V1,2026-07-19 09:36:23,2026-07-19 10:23:17,HQ→TH,2026-07-19,combo_por_entrada,20850.0,20850.0,0,Discapacitado
5289,2106007585,Concepcion,Lomas Coloradas,20059.0,L2,V1,2026-07-19 12:27:50,2026-07-19 13:38:19,CC→CW,2026-07-19,combo_por_entrada,20059.0,20059.0,0,Discapacitado
5290,2106007614,Costa Mar,Cristo Redentor,20059.0,L2,V1,2026-07-19 13:20:33,2026-07-19 13:55:01,CC→CW,2026-07-19,,20059.0,20059.0,0,Discapacitado
5291,2106007614,Cristo Redentor,Costa Mar,20180.0,L2,V1,2026-07-19 16:45:54,2026-07-19 17:13:56,CW→CC,2026-07-19,,20180.0,20180.0,0,Discapacitado
5292,2106007700,Huinca,Los Canelos,20162.0,L2,V1,2026-07-19 18:18:50,2026-07-19 18:25:57,CW→CC,2026-07-19,,20162.0,20162.0,0,Discapacitado
5293,2106007719,Juan Pablo II,Cristo Redentor,20063.0,L2,V1,2026-07-19 13:29:36,2026-07-19 15:12:02,CC→CW,2026-07-19,,20063.0,20059.0,0,Discapacitado
5294,2106007750,Coronel,Concepcion,20056.0,L2,V1,2026-07-19 12:09:10,2026-07-19 12:57:51,CW→CC,2026-07-19,,20056.0,20056.0,0,Discapacitado
5295,2106007750,Concepcion,Coronel,20071.0,L2,V1,2026-07-19 16:31:44,2026-07-19 17:22:47,CC→CW,2026-07-19,,20071.0,20071.0,0,Discapacitado
5296,2106007762,Laguna Quinenco,Concepcion,20156.0,L2,V1,2026-07-19 08:53:36,2026-07-19 09:57:24,CW→CC,2026-07-19,,20156.0,20156.0,0,Discapacitado
5297,2106007762,Concepcion,Laguna Quinenco,20163.0,L2,V1,2026-07-19 18:57:34,2026-07-19 19:40:19,CC→CW,2026-07-19,,20163.0,20163.0,0,Discapacitado
5298,2106007829,Cdal. Raul Silva Henriquez,Concepcion,20162.0,L2,V1,2026-07-19 18:36:20,2026-07-19 20:00:55,CW→CC,2026-07-19,,20162.0,20162.0,0,Discapacitado
5299,2106007829,Concepcion,Cdal. Raul Silva Henriquez,20171.0,L2,V1,2026-07-19 20:40:33,2026-07-19 21:23:15,CC→CW,2026-07-19,,20171.0,20171.0,0,Discapacitado
5300,2106007901,Concepcion,Costa Mar,20153.0,L2,V1,2026-07-19 09:09:58,2026-07-19 09:29:01,CC→CW,2026-07-19,,20153.0,20153.0,0,Discapacitado
5301,2106007901,Costa Mar,Concepcion,20062.0,L2,V1,2026-07-19 13:43:41,2026-07-19 14:36:11,CW→CC,2026-07-19,,20062.0,20062.0,0,Discapacitado
5302,2106007901,Concepcion,UTF Santa Maria,20846.0,L1,V1,2026-07-19 16:52:01,2026-07-19 17:45:04,HQ→TH,2026-07-19,,20846.0,20846.0,0,Discapacitado
5303,2106007924,Alborada,Los Canelos,20149.0,L2,V1,2026-07-19 08:26:51,2026-07-19 09:02:19,CC→CW,2026-07-19,,20149.0,20149.0,0,Discapacitado
5304,2106007924,Los Canelos,Costa Mar,20166.0,L2,V1,2026-07-19 19:22:56,2026-07-19 19:44:43,CW→CC,2026-07-19,,20166.0,20166.0,0,Discapacitado
5305,2106007925,Costa Mar,Cristo Redentor,20059.0,L2,V1,2026-07-19 13:25:11,2026-07-19 13:55:45,CC→CW,2026-07-19,,20059.0,20059.0,0,Discapacitado
5306,2106007925,Huinca,Costa Mar,20170.0,L2,V1,2026-07-19 20:15:47,2026-07-19 20:43:56,CW→CC,2026-07-19,,20170.0,20170.0,0,Discapacitado
5307,2106007960,Cdal. Raul Silva Henriquez,Coronel,20149.0,L2,V1,2026-07-19 08:48:39,2026-07-19 09:11:55,CC→CW,2026-07-19,,20149.0,,0,Discapacitado
5308,2106007960,Coronel,Cdal. Raul Silva Henriquez,20160.0,L2,V1,2026-07-19 17:43:17,2026-07-19 18:04:10,CW→CC,2026-07-19,,20160.0,20157.0,0,Discapacitado
5309,2106008068,Los Canelos,Cristo Redentor,20049.0,L2,V1,2026-07-19 11:55:20,2026-07-19 12:06:27,CC→CW,2026-07-19,,20049.0,20049.0,0,Discapacitado
5310,2106008068,Cristo Redentor,Los Canelos,20162.0,L2,V1,2026-07-19 18:17:00,2026-07-19 18:26:00,CW→CC,2026-07-19,,20162.0,20162.0,0,Discapacitado
5311,2106008105,Laguna Quinenco,El Parque,20056.0,L2,V1,2026-07-19 11:57:59,2026-07-19 12:42:05,CW→CC,2026-07-19,,20056.0,20056.0,0,Discapacitado
5312,2106008184,Lomas Coloradas,Concepcion,20062.0,L2,V1,2026-07-19 13:55:20,2026-07-19 14:33:35,CW→CC,2026-07-19,,20062.0,20062.0,0,Otros
5313,2106008184,Concepcion,Lomas Coloradas,20167.0,L2,V1,2026-07-19 19:45:06,2026-07-19 20:19:42,CC→CW,2026-07-19,,20167.0,20167.0,0,Otros
5314,2106008496,Pedro Medina,Concepcion,20846.0,L1,V1,2026-07-19 16:48:21,2026-07-19 19:12:53,HQ→TH,2026-07-19,combo_relajado_pase2,20846.0,20846.0,0,Discapacitado
