viaje_idx,tarjeta_id,origen,destino,servicio_final,linea,version_que_gana,t_entrada_viaje,t_salida_viaje,direccion,dia_proceso,etiqueta,servicio_tramo_v1,servicio_tramo_v2
0,174583,Cristo Redentor,Concepcion,20166,L2,V1,2025-12-28 13:44:14,2025-12-28 14:35:05,CW→CC,2025-12-28,,20166,20166
1,174583,Concepcion,Lomas Coloradas,20183,L2,V1,2025-12-28 19:46:21,2025-12-28 20:23:49,CC→CW,2025-12-28,,20183,20183
2,176411,Huinca,Costa Mar,20160,L2,V1,2025-12-28 11:28:43,2025-12-28 11:58:55,CW→CC,2025-12-28,,20160,20160
3,177221,Concepcion,Diagonal Bio Bio,20177,L2,V1,2025-12-28 18:18:45,2025-12-28 18:41:03,CC→CW,2025-12-28,,20177,20177
4,177714,Diagonal Bio Bio,Cdal. Raul Silva Henriquez,20177,L2,V1,2025-12-28 18:37:34,2025-12-28 18:54:05,CC→CW,2025-12-28,,20177,20177
5,178095,Cdal. Raul Silva Henriquez,Coronel,20155,L2,V1,2025-12-28 10:46:45,2025-12-28 11:20:35,CC→CW,2025-12-28,,20155,20155
6,179355,Manquimavida,Concepcion,20844,L1,V1,2025-12-28 12:26:07,2025-12-28 13:04:51,HQ→TH,2025-12-28,,20844,20844
7,179355,Concepcion,Manquimavida,20847,L1,V1,2025-12-28 20:12:57,2025-12-28 20:46:06,TH→HQ,2025-12-28,,20847,20847
8,180387,Cdal. Raul Silva Henriquez,Costa Mar,20160,L2,V1,2025-12-28 11:44:30,2025-12-28 11:58:37,CW→CC,2025-12-28,,20160,20160
9,180387,Costa Mar,Cdal. Raul Silva Henriquez,20165,L2,V1,2025-12-28 13:10:45,2025-12-28 13:38:09,CC→CW,2025-12-28,,20165,20165
10,184426,Concepcion,Cristo Redentor,20179,L2,V1,2025-12-28 18:53:17,2025-12-28 19:40:23,CC→CW,2025-12-28,,20179,20179
11,188537,Concepcion,Concepcion,,,N/A,2025-12-28 12:47:29,2025-12-28 12:49:13,,2025-12-28,no viajo,,
12,189227,Concepcion,Lomas Coloradas,20187,L2,V1,2025-12-28 20:45:23,2025-12-28 21:29:02,CC→CW,2025-12-28,match_por_salida_fallback,20187,20187
13,189874,Manquimavida,Mercado,20850,L1,V1,2025-12-28 09:35:40,2025-12-28 10:31:47,HQ→TH,2025-12-28,,20850,20850
14,190586,Manquimavida,Lzo. Arenas,20848,L1,V1,2025-12-28 20:44:11,2025-12-28 21:15:09,HQ→TH,2025-12-28,,20848,20848
15,191185,Costa Mar,Cristo Redentor,20165,L2,V1,2025-12-28 13:21:36,2025-12-28 13:53:54,CC→CW,2025-12-28,,20165,20165
16,191233,Cristo Redentor,Laguna Quinenco,20179,L2,V1,2025-12-28 19:38:12,2025-12-28 19:42:21,CC→CW,2025-12-28,,20179,20179
17,191233,Laguna Quinenco,Cristo Redentor,20186,L2,V1,2025-12-28 20:16:45,2025-12-28 20:21:56,CW→CC,2025-12-28,,20186,20186
18,191395,Huinca,Concepcion,20160,L2,V1,2025-12-28 11:33:59,2025-12-28 12:12:06,CW→CC,2025-12-28,,20160,20160
19,192469,Manquimavida,Lzo. Arenas,20848,L1,V1,2025-12-28 20:44:22,2025-12-28 21:15:04,HQ→TH,2025-12-28,,20848,20848
20,193279,Lomas Coloradas,Concepcion,20186,L2,V1,2025-12-28 20:35:26,2025-12-28 20:59:44,CW→CC,2025-12-28,,20186,20186
21,194080,El Parque,Lomas Coloradas,20183,L2,V1,2025-12-28 20:07:47,2025-12-28 20:23:57,CC→CW,2025-12-28,,20183,20183
22,194110,Huinca,Diagonal Bio Bio,20162,L2,V1,2025-12-28 12:21:08,2025-12-28 12:50:04,CW→CC,2025-12-28,,20162,20162
23,195643,Concepcion,Diagonal Bio Bio,20173,L2,V1,2025-12-28 17:17:14,2025-12-28 17:40:29,CC→CW,2025-12-28,,20173,20173
24,201305,Concepcion,Lomas Coloradas,20155,L2,V1,2025-12-28 10:22:51,2025-12-28 10:58:20,CC→CW,2025-12-28,,20155,20155
25,201305,Lomas Coloradas,Concepcion,20182,L2,V1,2025-12-28 19:28:32,2025-12-28 20:01:24,CW→CC,2025-12-28,,20182,20182
26,209754,Concepcion,Pedro Medina,20847,L1,V1,2025-12-28 20:27:30,2025-12-28 20:42:48,TH→HQ,2025-12-28,,20847,20847
27,214982,Costa Mar,Concepcion,20168,L2,V1,2025-12-28 15:06:30,2025-12-28 15:27:59,CW→CC,2025-12-28,,20168,20168
28,225569,La Leonera,Concepcion,20844,L1,V1,2025-12-28 12:25:06,2025-12-28 13:02:07,HQ→TH,2025-12-28,,20844,20844
29,232764,Laguna Quinenco,Lomas Coloradas,20156,L2,V1,2025-12-28 10:33:13,2025-12-28 10:57:22,CW→CC,2025-12-28,,20156,20156
30,243237,Coronel,Concepcion,20186,L2,V1,2025-12-28 19:54:26,2025-12-28 21:01:16,CW→CC,2025-12-28,,20186,20186
31,268848,Laguna Quinenco,Concepcion,20160,L2,V1,2025-12-28 11:31:52,2025-12-28 12:13:02,CW→CC,2025-12-28,,20160,20160
32,279262,Concepcion,Concepcion,,,N/A,2025-12-28 08:49:21,2025-12-28 08:57:12,,2025-12-28,no viajo,,
33,286757,Coronel,Concepcion,20170,L2,V1,2025-12-28 15:35:06,2025-12-28 16:23:07,CW→CC,2025-12-28,,20170,20170
34,286757,Concepcion,Coronel,20187,L2,V1,2025-12-28 20:58:31,2025-12-28 21:51:53,CC→CW,2025-12-28,,20187,20187
35,303096,Costa Mar,Concepcion,20176,L2,V1,2025-12-28 17:32:00,2025-12-28 18:59:54,CW→CC,2025-12-28,,20176,20176
36,309629,Coronel,Huinca,20162,L2,V1,2025-12-28 12:13:13,2025-12-28 12:25:30,CW→CC,2025-12-28,,20162,20162
37,310192,Concepcion,Cristo Redentor,20167,L2,V1,2025-12-28 14:22:25,2025-12-28 15:15:31,CC→CW,2025-12-28,,20167,20167
38,325559,Manquimavida,Concepcion,20844,L1,V1,2025-12-28 12:26:12,2025-12-28 13:04:56,HQ→TH,2025-12-28,,20844,20844
39,325559,Concepcion,Manquimavida,20847,L1,V1,2025-12-28 20:13:02,2025-12-28 20:46:11,TH→HQ,2025-12-28,,20847,20847
40,326857,Lzo. Arenas,UTF Santa Maria,20848,L1,V1,2025-12-28 21:05:00,2025-12-28 21:18:07,HQ→TH,2025-12-28,,20848,20848
41,331831,Los Canelos,Concepcion,20166,L2,V1,2025-12-28 13:43:38,2025-12-28 14:32:56,CW→CC,2025-12-28,,20166,20166
42,331831,Concepcion,Los Canelos,20171,L2,V1,2025-12-28 16:35:45,2025-12-28 17:14:17,CC→CW,2025-12-28,,20171,20171
43,338101,Concepcion,Coronel,20187,L2,V1,2025-12-28 20:54:57,2025-12-28 21:50:14,CC→CW,2025-12-28,,20187,20187
44,342011,Lomas Coloradas,Cristo Redentor,20161,L2,V1,2025-12-28 12:31:19,2025-12-28 12:54:25,CC→CW,2025-12-28,,20161,20161
45,342011,Coronel,Lomas Coloradas,20170,L2,V1,2025-12-28 15:38:10,2025-12-28 16:02:41,CW→CC,2025-12-28,,20170,20170
46,343848,Concepcion,Cristo Redentor,20169,L2,V1,2025-12-28 15:22:21,2025-12-28 16:09:02,CC→CW,2025-12-28,,20169,20169
47,345952,El Parque,Concepcion,20186,L2,V1,2025-12-28 20:36:30,2025-12-28 20:59:55,CW→CC,2025-12-28,,20186,20186
48,347732,Costa Mar,Lomas Coloradas,20157,L2,V1,2025-12-28 11:34:48,2025-12-28 11:50:21,CC→CW,2025-12-28,,20157,20157
49,351537,Lomas Coloradas,Costa Mar,20186,L2,V1,2025-12-28 20:16:26,2025-12-28 20:43:50,CW→CC,2025-12-28,,20186,20186
50,351555,Hito Galvarino,Cristo Redentor,20157,L2,V1,2025-12-28 11:58:38,2025-12-28 12:08:56,CC→CW,2025-12-28,,20157,20157
51,352820,Huinca,Concepcion,20176,L2,V1,2025-12-28 17:51:36,2025-12-28 18:27:34,CW→CC,2025-12-28,,20176,20176
52,362812,Cdal. Raul Silva Henriquez,Concepcion,20186,L2,V1,2025-12-28 20:33:26,2025-12-28 20:59:45,CW→CC,2025-12-28,,20186,20186
53,362867,Concepcion,Lomas Coloradas,20183,L2,V1,2025-12-28 20:00:24,2025-12-28 20:22:50,CC→CW,2025-12-28,,20183,20183
54,366126,Hualqui,Mercado,20848,L1,V1,2025-12-28 20:10:18,2025-12-28 21:32:58,HQ→TH,2025-12-28,,20848,20848
55,369028,Coronel,Concepcion,20182,L2,V1,2025-12-28 19:14:23,2025-12-28 20:02:00,CW→CC,2025-12-28,,20182,20182
56,369104,Laguna Quinenco,Costa Mar,20186,L2,V1,2025-12-28 20:12:54,2025-12-28 20:44:23,CW→CC,2025-12-28,,20186,20186
57,369768,Los Canelos,Diagonal Bio Bio,20166,L2,V1,2025-12-28 13:52:53,2025-12-28 14:24:44,CW→CC,2025-12-28,,20166,20166
58,369768,Alborada,Los Canelos,20187,L2,V1,2025-12-28 21:10:00,2025-12-28 21:40:19,CC→CW,2025-12-28,,20187,20187
59,369928,Los Canelos,Concepcion,20154,L2,V1,2025-12-28 09:49:57,2025-12-28 10:32:37,CW→CC,2025-12-28,,20154,20154
60,369928,Concepcion,Los Canelos,20173,L2,V1,2025-12-28 16:50:52,2025-12-28 18:03:42,CC→CW,2025-12-28,,20173,20173
61,370141,El Arenal,UTF Santa Maria,20859,L1,V1,2025-12-28 12:28:31,2025-12-28 12:46:12,TH→HQ,2025-12-28,,20859,20859
62,373781,Concepcion,Hito Galvarino,20187,L2,V1,2025-12-28 20:34:04,2025-12-28 21:37:38,CC→CW,2025-12-28,,20187,20187
63,375248,Concepcion,Huinca,20161,L2,V1,2025-12-28 11:55:00,2025-12-28 12:51:18,CC→CW,2025-12-28,,20161,20161
64,380300,El Parque,Los Canelos,20183,L2,V1,2025-12-28 20:11:49,2025-12-28 20:36:48,CC→CW,2025-12-28,,20183,20183
65,380646,Cristo Redentor,Concepcion,20166,L2,V1,2025-12-28 13:43:55,2025-12-28 14:34:26,CW→CC,2025-12-28,,20166,20166
66,380646,Concepcion,Cristo Redentor,20183,L2,V1,2025-12-28 20:03:54,2025-12-28 21:44:24,CC→CW,2025-12-28,,20183,20183
67,382787,Costa Mar,Concepcion,20178,L2,V1,2025-12-28 18:37:04,2025-12-28 19:00:06,CW→CC,2025-12-28,,20178,20178
68,383572,Coronel,Concepcion,20150,L2,V1,2025-12-28 08:42:31,2025-12-28 09:30:25,CW→CC,2025-12-28,,20150,20150
69,383572,Concepcion,Coronel,20179,L2,V1,2025-12-28 18:54:44,2025-12-28 19:45:34,CC→CW,2025-12-28,,20179,20179
70,383774,El Parque,Costa Mar,20178,L2,V1,2025-12-28 18:31:53,2025-12-28 18:43:37,CW→CC,2025-12-28,,20178,20178
71,387141,Cristo Redentor,Laguna Quinenco,20167,L2,V1,2025-12-28 15:07:35,2025-12-28 15:16:20,CC→CW,2025-12-28,,20167,20167
72,387180,Concepcion,Laguna Quinenco,20177,L2,V1,2025-12-28 18:22:49,2025-12-28 19:12:36,CC→CW,2025-12-28,,20177,20177
73,389393,Mercado,La Leonera,20857,L1,V1,2025-12-28 08:19:21,2025-12-28 09:22:10,TH→HQ,2025-12-28,,20857,20857
74,390178,Concepcion,La Leonera,20859,L1,V1,2025-12-28 12:50:51,2025-12-28 13:19:01,TH→HQ,2025-12-28,,20859,20859
75,394115,Costa Mar,Concepcion,20162,L2,V1,2025-12-28 12:42:35,2025-12-28 12:59:38,CW→CC,2025-12-28,,20162,20162
76,397164,Coronel,Concepcion,20168,L2,V1,2025-12-28 14:37:49,2025-12-28 15:29:13,CW→CC,2025-12-28,,20168,20168
77,397164,Concepcion,Concepcion,,,N/A,2025-12-28 16:25:09,2025-12-28 16:25:44,,2025-12-28,no viajo,,
78,397164,Concepcion,Coronel,20177,L2,V1,2025-12-28 18:20:35,2025-12-28 19:15:38,CC→CW,2025-12-28,,20177,20177
79,404912,Lomas Coloradas,Concepcion,20182,L2,V1,2025-12-28 19:16:56,2025-12-28 20:01:15,CW→CC,2025-12-28,,20182,20182
80,404912,Pedro Medina,Manquimavida,20847,L1,V1,2025-12-28 20:33:47,2025-12-28 20:46:57,TH→HQ,2025-12-28,,20847,20847
81,405990,Los Canelos,Lomas Coloradas,20170,L2,V1,2025-12-28 15:47:42,2025-12-28 16:03:30,CW→CC,2025-12-28,,20170,20170
82,406052,Cdal. Raul Silva Henriquez,Concepcion,20154,L2,V1,2025-12-28 10:07:20,2025-12-28 10:32:31,CW→CC,2025-12-28,,20154,20154
83,409010,Concepcion,La Leonera,20847,L1,V1,2025-12-28 20:13:12,2025-12-28 20:49:47,TH→HQ,2025-12-28,,20847,20847
84,412406,Los Canelos,Diagonal Bio Bio,20186,L2,V1,2025-12-28 20:17:13,2025-12-28 20:49:13,CW→CC,2025-12-28,,20186,20186
85,412455,Laguna Quinenco,Concepcion,20186,L2,V1,2025-12-28 20:12:04,2025-12-28 21:01:58,CW→CC,2025-12-28,,20186,20186
86,413840,El Arenal,Concepcion,20857,L1,V1,2025-12-28 08:26:45,2025-12-28 08:56:29,TH→HQ,2025-12-28,,20857,20857
87,413840,Concepcion,El Arenal,20846,L1,V1,2025-12-28 17:23:39,2025-12-28 17:57:17,HQ→TH,2025-12-28,,20846,20846
88,414756,Concepcion,Concepcion,,,N/A,2025-12-28 17:15:36,2025-12-28 17:16:48,,2025-12-28,no viajo,,
89,414957,Hualqui,El Arenal,20844,L1,V1,2025-12-28 12:13:17,2025-12-28 13:23:34,HQ→TH,2025-12-28,,20844,20844
90,415145,Huinca,Laguna Quinenco,20177,L2,V1,2025-12-28 19:00:11,2025-12-28 19:13:11,CC→CW,2025-12-28,,20177,20177
91,419075,Lomas Coloradas,Concepcion,20176,L2,V1,2025-12-28 17:52:17,2025-12-28 18:35:31,CW→CC,2025-12-28,,20176,20176
92,419384,Los Canelos,El Parque,20156,L2,V1,2025-12-28 10:39:27,2025-12-28 10:59:52,CW→CC,2025-12-28,,20156,20156
93,423822,Lomas Coloradas,Diagonal Bio Bio,20178,L2,V1,2025-12-28 18:24:20,2025-12-28 18:49:07,CW→CC,2025-12-28,,20178,20178
94,425137,Alborada,Coronel,20157,L2,V1,2025-12-28 11:42:33,2025-12-28 12:16:04,CC→CW,2025-12-28,,20157,20157
95,425137,Coronel,Alborada,20166,L2,V1,2025-12-28 13:31:16,2025-12-28 14:20:48,CW→CC,2025-12-28,,20166,20166
96,425331,Cdal. Raul Silva Henriquez,Concepcion,20178,L2,V1,2025-12-28 18:27:24,2025-12-28 18:58:45,CW→CC,2025-12-28,,20178,20178
97,426415,Cristo Redentor,Concepcion,20154,L2,V1,2025-12-28 09:42:50,2025-12-28 10:33:33,CW→CC,2025-12-28,,20154,20154
98,428235,Lomas Coloradas,Laguna Quinenco,20151,L2,V1,2025-12-28 09:44:44,2025-12-28 10:13:46,CC→CW,2025-12-28,,20151,20151
99,428235,Laguna Quinenco,Lomas Coloradas,20186,L2,V1,2025-12-28 20:12:57,2025-12-28 20:38:44,CW→CC,2025-12-28,,20186,20186
100,434369,Costa Mar,El Parque,20171,L2,V1,2025-12-28 16:47:30,2025-12-28 16:58:19,CC→CW,2025-12-28,,20171,20171
101,435440,Laguna Quinenco,Concepcion,20176,L2,V1,2025-12-28 17:41:01,2025-12-28 18:26:40,CW→CC,2025-12-28,,20176,20176
102,436365,Los Canelos,Concepcion,20186,L2,V1,2025-12-28 20:17:29,2025-12-28 21:01:15,CW→CC,2025-12-28,,20186,20186
103,441151,Cdal. Raul Silva Henriquez,Cristo Redentor,20151,L2,V1,2025-12-28 09:49:50,2025-12-28 10:11:27,CC→CW,2025-12-28,,20151,20151
104,441151,Concepcion,Cdal. Raul Silva Henriquez,20179,L2,V1,2025-12-28 18:58:37,2025-12-28 19:25:21,CC→CW,2025-12-28,,20179,20179
105,441292,Hito Galvarino,Concepcion,20154,L2,V1,2025-12-28 09:56:44,2025-12-28 10:32:51,CW→CC,2025-12-28,,20154,20154
106,441292,Concepcion,Hito Galvarino,20177,L2,V1,2025-12-28 18:21:27,2025-12-28 19:00:50,CC→CW,2025-12-28,,20177,20177
107,444893,Laguna Quinenco,Cristo Redentor,20172,L2,V1,2025-12-28 16:37:53,2025-12-28 16:51:55,CW→CC,2025-12-28,,20172,20172
108,447749,Lomas Coloradas,Huinca,20157,L2,V1,2025-12-28 11:46:41,2025-12-28 12:06:17,CC→CW,2025-12-28,,20157,20157
109,447749,Los Canelos,Hito Galvarino,20166,L2,V1,2025-12-28 13:58:25,2025-12-28 14:04:12,CW→CC,2025-12-28,,20166,20166
110,447749,Cristo Redentor,Lomas Coloradas,20176,L2,V1,2025-12-28 17:46:23,2025-12-28 18:06:48,CW→CC,2025-12-28,,20176,20176
111,448135,Hito Galvarino,Concepcion,20168,L2,V1,2025-12-28 14:58:04,2025-12-28 15:28:45,CW→CC,2025-12-28,,20168,20168
112,450948,Cristo Redentor,Lomas Coloradas,20166,L2,V1,2025-12-28 13:46:20,2025-12-28 14:12:33,CW→CC,2025-12-28,,20166,20166
113,451105,Concepcion,Lomas Coloradas,20165,L2,V1,2025-12-28 13:13:10,2025-12-28 13:35:27,CC→CW,2025-12-28,,20165,20165
114,451216,Laguna Quinenco,Concepcion,20154,L2,V1,2025-12-28 09:53:30,2025-12-28 11:18:34,CW→CC,2025-12-28,,20154,20154
115,451216,Concepcion,Laguna Quinenco,20187,L2,V1,2025-12-28 20:24:20,2025-12-28 21:46:47,CC→CW,2025-12-28,,20187,20187
116,455365,Cdal. Raul Silva Henriquez,Cristo Redentor,20169,L2,V1,2025-12-28 15:52:39,2025-12-28 16:09:10,CC→CW,2025-12-28,,20169,20169
117,455420,Concepcion,Coronel,20179,L2,V1,2025-12-28 18:55:49,2025-12-28 19:45:18,CC→CW,2025-12-28,,20179,20179
118,455474,Concepcion,Cdal. Raul Silva Henriquez,20173,L2,V1,2025-12-28 17:16:03,2025-12-28 17:53:15,CC→CW,2025-12-28,,20173,20173
119,458297,Los Canelos,Laguna Quinenco,20151,L2,V1,2025-12-28 10:02:42,2025-12-28 10:13:57,CC→CW,2025-12-28,,20151,20151
120,458297,Laguna Quinenco,Los Canelos,20186,L2,V1,2025-12-28 20:10:58,2025-12-28 20:26:31,CW→CC,2025-12-28,,20186,20186
121,458400,Huinca,Concepcion,20162,L2,V1,2025-12-28 12:01:28,2025-12-28 13:00:02,CW→CC,2025-12-28,,20162,20162
122,458400,Concepcion,Huinca,20177,L2,V1,2025-12-28 18:02:34,2025-12-28 19:07:27,CC→CW,2025-12-28,,20177,20177
123,458530,Juan Pablo II,Laguna Quinenco,20171,L2,V1,2025-12-28 16:33:56,2025-12-28 17:20:49,CC→CW,2025-12-28,,20171,20171
124,461222,Hito Galvarino,Concepcion,20156,L2,V1,2025-12-28 10:43:07,2025-12-28 11:18:28,CW→CC,2025-12-28,,20156,20156
125,461222,Concepcion,Cristo Redentor,20173,L2,V1,2025-12-28 17:21:20,2025-12-28 18:08:16,CC→CW,2025-12-28,,20173,20173
126,462931,Costa Mar,Concepcion,20182,L2,V1,2025-12-28 19:03:02,2025-12-28 20:05:47,CW→CC,2025-12-28,,20182,20182
127,463153,Los Canelos,Concepcion,20170,L2,V1,2025-12-28 15:49:15,2025-12-28 16:22:49,CW→CC,2025-12-28,,20170,20170
128,466619,Coronel,El Parque,20156,L2,V1,2025-12-28 10:26:39,2025-12-28 10:59:58,CW→CC,2025-12-28,,20156,20156
129,469960,Huinca,Lomas Coloradas,20176,L2,V1,2025-12-28 17:45:10,2025-12-28 18:07:24,CW→CC,2025-12-28,,20176,20176
130,469960,Lomas Coloradas,Huinca,20187,L2,V1,2025-12-28 21:13:41,2025-12-28 21:42:59,CC→CW,2025-12-28,,20187,20187
131,475796,Concepcion,Chiguayante,20847,L1,V1,2025-12-28 20:24:58,2025-12-28 20:41:22,TH→HQ,2025-12-28,,20847,20847
132,477403,Concepcion,Coronel,20183,L2,V1,2025-12-28 19:45:32,2025-12-28 20:47:46,CC→CW,2025-12-28,,20183,20183
133,477839,Juan Pablo II,Cdal. Raul Silva Henriquez,20169,L2,V1,2025-12-28 15:28:43,2025-12-28 15:53:35,CC→CW,2025-12-28,,20169,20169
134,479051,Concepcion,Cristo Redentor,20155,L2,V1,2025-12-28 10:19:58,2025-12-28 11:15:41,CC→CW,2025-12-28,,20155,20155
135,480178,La Leonera,Higueras,20850,L1,V1,2025-12-28 09:35:42,2025-12-28 10:24:06,HQ→TH,2025-12-28,,20850,20850
136,481134,Concepcion,Lomas Coloradas,20161,L2,V1,2025-12-28 11:40:55,2025-12-28 12:36:56,CC→CW,2025-12-28,,20161,20161
137,482078,Higueras,Concepcion,20847,L1,V1,2025-12-28 20:07:42,2025-12-28 20:25:52,TH→HQ,2025-12-28,,20847,20847
138,484544,Hito Galvarino,Laguna Quinenco,20173,L2,V1,2025-12-28 17:34:08,2025-12-28 18:12:19,CC→CW,2025-12-28,,20173,20173
139,484616,Chiguayante,Hualqui,20845,L1,V1,2025-12-28 16:32:54,2025-12-28 17:03:18,TH→HQ,2025-12-28,,20845,20845
140,484622,Concepcion,Lomas Coloradas,20177,L2,V1,2025-12-28 18:24:20,2025-12-28 18:51:17,CC→CW,2025-12-28,,20177,20177
141,490669,Concepcion,Cristo Redentor,20187,L2,V1,2025-12-28 20:10:55,2025-12-28 21:44:53,CC→CW,2025-12-28,combo_por_entrada,20187,20187
142,490874,Cdal. Raul Silva Henriquez,El Parque,20156,L2,V1,2025-12-28 10:45:42,2025-12-28 10:59:46,CW→CC,2025-12-28,,20156,20156
143,490877,Concepcion,El Arenal,20846,L1,V1,2025-12-28 16:35:08,2025-12-28 17:56:53,HQ→TH,2025-12-28,combo_por_entrada,20846,20846
144,492422,Higueras,Concepcion,20845,L1,V1,2025-12-28 15:57:52,2025-12-28 16:26:10,TH→HQ,2025-12-28,,20845,20845
145,496460,Huinca,Concepcion,20150,L2,V1,2025-12-28 08:48:44,2025-12-28 09:30:31,CW→CC,2025-12-28,,20150,20150
146,499811,Higueras,Mercado,20850,L1,V1,2025-12-28 10:12:15,2025-12-28 10:30:50,HQ→TH,2025-12-28,,20850,20850
147,499943,Diagonal Bio Bio,Coronel,20187,L2,V1,2025-12-28 21:03:12,2025-12-28 21:49:59,CC→CW,2025-12-28,,20187,20187
148,502818,Costa Mar,Laguna Quinenco,20171,L2,V1,2025-12-28 16:33:28,2025-12-28 17:21:03,CC→CW,2025-12-28,,20171,20171
149,502919,Cristo Redentor,Concepcion,20176,L2,V1,2025-12-28 17:46:38,2025-12-28 18:27:51,CW→CC,2025-12-28,,20176,20176
150,505257,El Parque,Concepcion,20168,L2,V1,2025-12-28 15:00:32,2025-12-28 15:28:31,CW→CC,2025-12-28,,20168,20168
151,507774,Huinca,Concepcion,20168,L2,V1,2025-12-28 14:37:02,2025-12-28 15:28:09,CW→CC,2025-12-28,,20168,20168
152,507953,Cdal. Raul Silva Henriquez,Juan Pablo II,20160,L2,V1,2025-12-28 11:47:25,2025-12-28 12:06:20,CW→CC,2025-12-28,,20160,20160
153,507953,Juan Pablo II,Cdal. Raul Silva Henriquez,20177,L2,V1,2025-12-28 18:16:31,2025-12-28 18:54:28,CC→CW,2025-12-28,,20177,20177
154,510229,Juan Pablo II,Lomas Coloradas,20187,L2,V1,2025-12-28 20:39:11,2025-12-28 21:30:30,CC→CW,2025-12-28,,20187,20187
155,510232,Juan Pablo II,Lomas Coloradas,20187,L2,V1,2025-12-28 20:39:34,2025-12-28 21:30:50,CC→CW,2025-12-28,,20187,20187
156,510924,Concepcion,Hualqui,20847,L1,V1,2025-12-28 19:17:39,2025-12-28 21:01:53,TH→HQ,2025-12-28,combo_por_entrada,20847,20847
157,511032,Huinca,Lomas Coloradas,20176,L2,V1,2025-12-28 17:45:25,2025-12-28 18:07:20,CW→CC,2025-12-28,,20176,20176
158,511032,Lomas Coloradas,Laguna Quinenco,20179,L2,V1,2025-12-28 19:21:44,2025-12-28 19:43:49,CC→CW,2025-12-28,,20179,20179
159,514097,Hualqui,Concepcion,20844,L1,V2,2025-12-28 12:20:28,2025-12-28 13:03:15,,2025-12-28,sin_combo_factible_en_hub|sin_s1_factible_retro,,20844
160,514100,Lomas Coloradas,Diagonal Bio Bio,20162,L2,V1,2025-12-28 12:32:30,2025-12-28 12:50:19,CW→CC,2025-12-28,,20162,20162
161,516780,Concepcion,Cdal. Raul Silva Henriquez,20183,L2,V1,2025-12-28 19:46:11,2025-12-28 20:26:20,CC→CW,2025-12-28,,20183,20183
162,516853,Costa Mar,Los Canelos,20165,L2,V1,2025-12-28 13:23:13,2025-12-28 13:49:18,CC→CW,2025-12-28,,20165,20165
163,516853,Coronel,El Parque,20182,L2,V1,2025-12-28 19:09:40,2025-12-28 19:45:28,CW→CC,2025-12-28,,20182,20182
164,516956,Cristo Redentor,Costa Mar,20172,L2,V1,2025-12-28 16:42:38,2025-12-28 17:14:58,CW→CC,2025-12-28,,20172,20172
165,518801,La Leonera,UTF Santa Maria,20844,L1,V1,2025-12-28 12:22:34,2025-12-28 13:13:56,HQ→TH,2025-12-28,,20844,20844
166,519979,Concepcion,Los Canelos,20161,L2,V1,2025-12-28 11:59:23,2025-12-28 12:48:52,CC→CW,2025-12-28,,20161,20161
167,519981,Hito Galvarino,Lomas Coloradas,20176,L2,V1,2025-12-28 17:56:57,2025-12-28 18:06:46,CW→CC,2025-12-28,,20176,20176
168,519981,Lomas Coloradas,Hito Galvarino,20183,L2,V1,2025-12-28 20:21:40,2025-12-28 20:32:24,CC→CW,2025-12-28,,20183,20183
169,520016,Lomas Coloradas,Concepcion,20168,L2,V1,2025-12-28 14:57:09,2025-12-28 15:27:56,CW→CC,2025-12-28,,20168,20168
170,522698,Concepcion,Cdal. Raul Silva Henriquez,20183,L2,V1,2025-12-28 19:55:41,2025-12-28 20:26:21,CC→CW,2025-12-28,,20183,20183
171,522802,Juan Pablo II,Costa Mar,20179,L2,V1,2025-12-28 18:54:05,2025-12-28 19:18:04,CC→CW,2025-12-28,,20179,20179
172,522805,Concepcion,Huinca,20177,L2,V1,2025-12-28 18:09:38,2025-12-28 19:07:37,CC→CW,2025-12-28,,20177,20177
173,527987,Lomas Coloradas,Juan Pablo II,20170,L2,V1,2025-12-28 16:01:52,2025-12-28 16:16:22,CW→CC,2025-12-28,,20170,20170
174,530645,Concepcion,Huinca,20177,L2,V1,2025-12-28 18:10:08,2025-12-28 19:06:51,CC→CW,2025-12-28,,20177,20177
175,530664,Laguna Quinenco,Lomas Coloradas,20182,L2,V1,2025-12-28 19:06:53,2025-12-28 19:41:27,CW→CC,2025-12-28,,20182,20182
176,530944,Concepcion,Cdal. Raul Silva Henriquez,20187,L2,V1,2025-12-28 20:52:41,2025-12-28 21:32:49,CC→CW,2025-12-28,,20187,20187
177,533628,Concepcion,Concepcion,,,N/A,2025-12-28 17:52:07,2025-12-28 18:12:22,,2025-12-28,no viajo,,
178,535691,Concepcion,Los Canelos,20151,L2,V1,2025-12-28 09:03:48,2025-12-28 10:07:07,CC→CW,2025-12-28,,20151,20151
179,536369,Los Canelos,Concepcion,20186,L2,V1,2025-12-28 20:18:13,2025-12-28 21:22:06,CW→CC,2025-12-28,combo_por_entrada,20186,20186
180,537883,Hualqui,Concepcion,20844,L1,V1,2025-12-28 12:18:21,2025-12-28 13:05:21,HQ→TH,2025-12-28,,20844,20844
181,537883,Concepcion,Concepcion,,,N/A,2025-12-28 17:30:47,2025-12-28 17:31:23,,2025-12-28,no viajo,,
182,537883,Concepcion,Hualqui,20847,L1,V1,2025-12-28 19:28:07,2025-12-28 21:00:33,TH→HQ,2025-12-28,,20847,20847
183,539375,Lomas Coloradas,Concepcion,20166,L2,V1,2025-12-28 14:06:02,2025-12-28 14:36:44,CW→CC,2025-12-28,,20166,20166
184,539504,Cristo Redentor,Cdal. Raul Silva Henriquez,20156,L2,V1,2025-12-28 10:38:16,2025-12-28 10:54:35,CW→CC,2025-12-28,,20156,20156
185,539504,Cdal. Raul Silva Henriquez,Juan Pablo II,20160,L2,V1,2025-12-28 11:47:20,2025-12-28 12:06:42,CW→CC,2025-12-28,,20160,20160
186,539504,Juan Pablo II,Cdal. Raul Silva Henriquez,20177,L2,V1,2025-12-28 18:16:29,2025-12-28 18:54:27,CC→CW,2025-12-28,,20177,20177
187,542032,Coronel,Diagonal Bio Bio,20178,L2,V1,2025-12-28 18:10:39,2025-12-28 18:49:00,CW→CC,2025-12-28,,20178,20178
188,542032,Diagonal Bio Bio,Cristo Redentor,20183,L2,V1,2025-12-28 19:49:19,2025-12-28 20:40:42,CC→CW,2025-12-28,,20183,20183
189,542041,Lomas Coloradas,Laguna Quinenco,20171,L2,V1,2025-12-28 16:08:09,2025-12-28 17:20:44,CC→CW,2025-12-28,,20171,20171
190,542041,Laguna Quinenco,Lomas Coloradas,20186,L2,V1,2025-12-28 20:18:20,2025-12-28 20:39:03,CW→CC,2025-12-28,,20186,20186
191,542056,Concepcion,Los Condores,20846,L1,V1,2025-12-28 16:15:36,2025-12-28 17:49:49,HQ→TH,2025-12-28,combo_por_entrada,20846,20846
192,542268,Lomas Coloradas,Concepcion,20166,L2,V1,2025-12-28 14:06:53,2025-12-28 14:32:16,CW→CC,2025-12-28,,20166,20166
193,547276,Concepcion,Concepcion,,,N/A,2025-12-28 18:55:44,2025-12-28 19:14:11,,2025-12-28,no viajo,,
194,547283,Concepcion,El Parque,20173,L2,V1,2025-12-28 17:18:01,2025-12-28 17:48:35,CC→CW,2025-12-28,,20173,20173
195,551660,Concepcion,Cdal. Raul Silva Henriquez,20165,L2,V1,2025-12-28 12:46:10,2025-12-28 13:38:13,CC→CW,2025-12-28,,20165,20165
196,551908,Concepcion,UTF Santa Maria,20850,L1,V2,2025-12-28 10:02:45,2025-12-28 10:17:29,,2025-12-28,sin_combo_factible_en_hub|sin_s1_factible_retro,,20850
197,555233,Concepcion,Los Canelos,20183,L2,V1,2025-12-28 19:48:02,2025-12-28 20:38:02,CC→CW,2025-12-28,,20183,20183
198,555496,UTF Santa Maria,Hualqui,20847,L1,V1,2025-12-28 19:35:23,2025-12-28 21:01:47,TH→HQ,2025-12-28,,20847,20847
199,557406,Concepcion,Cdal. Raul Silva Henriquez,20173,L2,V1,2025-12-28 17:14:34,2025-12-28 17:54:41,CC→CW,2025-12-28,,20173,20173
200,558095,Laguna Quinenco,Costa Mar,20172,L2,V1,2025-12-28 16:40:12,2025-12-28 17:15:24,CW→CC,2025-12-28,,20172,20172
201,561540,Concepcion,Coronel,20155,L2,V1,2025-12-28 10:35:05,2025-12-28 11:20:59,CC→CW,2025-12-28,,20155,20155
202,561786,Concepcion,El Arenal,20846,L1,V1,2025-12-28 16:34:56,2025-12-28 17:56:49,HQ→TH,2025-12-28,combo_por_entrada,20846,20846
203,565705,Cristo Redentor,Concepcion,20160,L2,V1,2025-12-28 11:29:04,2025-12-28 12:13:30,CW→CC,2025-12-28,,20160,20160
204,565705,Concepcion,Cristo Redentor,20171,L2,V1,2025-12-28 16:37:04,2025-12-28 17:21:15,CC→CW,2025-12-28,,20171,20171
205,566607,Coronel,Concepcion,20162,L2,V1,2025-12-28 12:03:01,2025-12-28 12:59:42,CW→CC,2025-12-28,,20162,20162
206,566705,El Parque,Cdal. Raul Silva Henriquez,20183,L2,V1,2025-12-28 20:18:11,2025-12-28 20:26:08,CC→CW,2025-12-28,,20183,20183
207,566718,Lomas Coloradas,Concepcion,20170,L2,V1,2025-12-28 15:56:28,2025-12-28 16:22:35,CW→CC,2025-12-28,,20170,20170
208,566886,Concepcion,Laguna Quinenco,20183,L2,V1,2025-12-28 19:12:04,2025-12-28 20:44:18,CC→CW,2025-12-28,,20183,20183
209,566957,Huinca,Concepcion,20176,L2,V1,2025-12-28 17:42:25,2025-12-28 18:27:04,CW→CC,2025-12-28,,20176,20176
210,567102,Costa Mar,Concepcion,20176,L2,V1,2025-12-28 18:07:05,2025-12-28 18:28:11,CW→CC,2025-12-28,,20176,20176
211,569286,Laguna Quinenco,Cristo Redentor,20160,L2,V1,2025-12-28 11:34:13,2025-12-28 11:38:15,CW→CC,2025-12-28,,20160,20160
212,569286,Cristo Redentor,Laguna Quinenco,20173,L2,V1,2025-12-28 18:06:56,2025-12-28 18:10:54,CC→CW,2025-12-28,,20173,20173
213,575879,Laguna Quinenco,Cristo Redentor,20170,L2,V1,2025-12-28 15:33:55,2025-12-28 15:46:41,CW→CC,2025-12-28,,20170,20170
214,575911,Concepcion,Laguna Quinenco,20169,L2,V1,2025-12-28 14:55:30,2025-12-28 16:13:40,CC→CW,2025-12-28,,20169,20169
215,578237,Cristo Redentor,Concepcion,20168,L2,V1,2025-12-28 14:36:39,2025-12-28 15:29:22,CW→CC,2025-12-28,,20168,20168
216,581652,Diagonal Bio Bio,Cdal. Raul Silva Henriquez,20171,L2,V1,2025-12-28 16:46:22,2025-12-28 17:04:21,CC→CW,2025-12-28,,20171,20171
217,582958,Concepcion,Coronel,20183,L2,V1,2025-12-28 19:58:06,2025-12-28 20:46:44,CC→CW,2025-12-28,,20183,20183
218,587966,Los Canelos,Concepcion,20186,L2,V1,2025-12-28 20:17:30,2025-12-28 21:01:17,CW→CC,2025-12-28,,20186,20186
219,589194,Los Canelos,Lomas Coloradas,20172,L2,V1,2025-12-28 16:49:58,2025-12-28 17:09:43,CW→CC,2025-12-28,,20172,20172
220,594896,Coronel,Los Canelos,20172,L2,V1,2025-12-28 16:31:45,2025-12-28 16:57:32,CW→CC,2025-12-28,,20172,20172
221,605648,Los Canelos,Concepcion,20168,L2,V1,2025-12-28 14:40:02,2025-12-28 15:29:12,CW→CC,2025-12-28,,20168,20168
222,605648,Concepcion,Los Canelos,20179,L2,V1,2025-12-28 18:58:10,2025-12-28 19:36:11,CC→CW,2025-12-28,,20179,20179
223,610235,Pedro Medina,Concepcion,20844,L1,V1,2025-12-28 12:25:29,2025-12-28 13:04:34,HQ→TH,2025-12-28,,20844,20844
224,610235,Concepcion,Chiguayante,20847,L1,V1,2025-12-28 20:23:06,2025-12-28 20:40:50,TH→HQ,2025-12-28,,20847,20847
225,610635,Los Canelos,Alborada,20166,L2,V1,2025-12-28 13:49:44,2025-12-28 14:20:40,CW→CC,2025-12-28,,20166,20166
226,613303,Concepcion,Laguna Quinenco,20187,L2,V1,2025-12-28 20:44:25,2025-12-28 21:46:59,CC→CW,2025-12-28,,20187,20187
227,615094,Concepcion,Huinca,20187,L2,V1,2025-12-28 20:52:32,2025-12-28 21:43:41,CC→CW,2025-12-28,,20187,20187
228,617649,Concepcion,Lomas Coloradas,20187,L2,V1,2025-12-28 20:21:40,2025-12-28 21:31:03,CC→CW,2025-12-28,,20187,20187
229,617723,La Leonera,El Arenal,20848,L1,V1,2025-12-28 20:33:51,2025-12-28 21:28:56,HQ→TH,2025-12-28,,20848,20848
230,620843,Hualqui,Concepcion,20850,L1,V1,2025-12-28 09:22:37,2025-12-28 11:14:03,HQ→TH,2025-12-28,combo_por_entrada,20850,20850
231,623372,Concepcion,Costa Mar,20183,L2,V1,2025-12-28 19:56:24,2025-12-28 20:16:29,CC→CW,2025-12-28,,20183,20183
232,628029,Cdal. Raul Silva Henriquez,Los Canelos,20165,L2,V1,2025-12-28 13:31:48,2025-12-28 13:48:03,CC→CW,2025-12-28,,20165,20165
233,628029,Los Canelos,Cdal. Raul Silva Henriquez,20176,L2,V1,2025-12-28 17:46:39,2025-12-28 18:04:57,CW→CC,2025-12-28,,20176,20176
234,634079,Concepcion,El Parque,20187,L2,V1,2025-12-28 20:46:21,2025-12-28 21:27:25,CC→CW,2025-12-28,,20187,20187
235,634234,Costa Mar,Diagonal Bio Bio,20150,L2,V1,2025-12-28 09:13:43,2025-12-28 09:20:53,CW→CC,2025-12-28,,20150,20150
236,637446,La Leonera,Concepcion,20844,L1,V1,2025-12-28 12:28:29,2025-12-28 13:01:59,HQ→TH,2025-12-28,,20844,20844
237,643018,Cristo Redentor,Laguna Quinenco,20165,L2,V1,2025-12-28 13:46:43,2025-12-28 13:58:02,CC→CW,2025-12-28,,20165,20165
238,643221,Lomas Coloradas,Concepcion,20178,L2,V1,2025-12-28 18:34:03,2025-12-28 18:59:32,CW→CC,2025-12-28,,20178,20178
239,646006,Concepcion,El Parque,20187,L2,V1,2025-12-28 20:38:07,2025-12-28 21:26:23,CC→CW,2025-12-28,,20187,20187
240,646264,Pedro Medina,Los Condores,20844,L1,V1,2025-12-28 12:26:47,2025-12-28 13:16:50,HQ→TH,2025-12-28,,20844,20844
241,646264,Los Condores,Pedro Medina,20847,L1,V1,2025-12-28 19:59:35,2025-12-28 20:42:43,TH→HQ,2025-12-28,,20847,20847
242,649329,Los Canelos,Concepcion,20172,L2,V1,2025-12-28 16:42:58,2025-12-28 17:29:11,CW→CC,2025-12-28,,20172,20172
243,651825,Concepcion,Laguna Quinenco,20155,L2,V1,2025-12-28 10:13:44,2025-12-28 11:20:02,CC→CW,2025-12-28,,20155,20155
244,652042,Costa Mar,Concepcion,20150,L2,V1,2025-12-28 09:12:43,2025-12-28 09:29:56,CW→CC,2025-12-28,,20150,20150
245,652078,Huinca,Concepcion,20172,L2,V1,2025-12-28 16:46:24,2025-12-28 17:28:36,CW→CC,2025-12-28,,20172,20172
246,652078,Concepcion,Huinca,20183,L2,V1,2025-12-28 19:48:24,2025-12-28 20:39:06,CC→CW,2025-12-28,,20183,20183
247,653706,Huinca,Concepcion,20150,L2,V1,2025-12-28 08:49:44,2025-12-28 09:31:35,CW→CC,2025-12-28,,20150,20150
248,654201,Costa Mar,Laguna Quinenco,20151,L2,V1,2025-12-28 09:43:32,2025-12-28 10:24:57,CC→CW,2025-12-28,,20151,20151
249,654201,Laguna Quinenco,Costa Mar,20166,L2,V1,2025-12-28 13:47:19,2025-12-28 14:20:28,CW→CC,2025-12-28,,20166,20166
250,654897,Concepcion,Los Canelos,20183,L2,V1,2025-12-28 19:42:27,2025-12-28 20:36:59,CC→CW,2025-12-28,,20183,20183
251,656181,Juan Pablo II,Lomas Coloradas,20183,L2,V1,2025-12-28 19:53:12,2025-12-28 20:23:11,CC→CW,2025-12-28,,20183,20183
252,657619,Los Canelos,Concepcion,20170,L2,V1,2025-12-28 15:43:56,2025-12-28 16:23:24,CW→CC,2025-12-28,,20170,20170
253,659846,Concepcion,Costa Mar,20165,L2,V1,2025-12-28 13:13:54,2025-12-28 13:29:32,CC→CW,2025-12-28,,20165,20165
254,659846,Juan Pablo II,Costa Mar,20179,L2,V1,2025-12-28 18:54:03,2025-12-28 19:18:01,CC→CW,2025-12-28,,20179,20179
255,661384,Costa Mar,Huinca,20187,L2,V1,2025-12-28 21:12:28,2025-12-28 21:42:10,CC→CW,2025-12-28,,20187,20187
256,661750,Lomas Coloradas,Concepcion,20176,L2,V1,2025-12-28 18:05:06,2025-12-28 18:26:26,CW→CC,2025-12-28,,20176,20176
257,662507,Cristo Redentor,Laguna Quinenco,20173,L2,V1,2025-12-28 17:51:36,2025-12-28 18:10:24,CC→CW,2025-12-28,,20173,20173
258,665596,Concepcion,Cdal. Raul Silva Henriquez,20187,L2,V1,2025-12-28 20:57:19,2025-12-28 21:31:49,CC→CW,2025-12-28,,20187,20187
259,665603,Concepcion,Hualqui,20847,L1,V1,2025-12-28 20:21:05,2025-12-28 21:01:32,TH→HQ,2025-12-28,,20847,20847
260,668032,Higueras,Hualqui,20845,L1,V1,2025-12-28 16:00:17,2025-12-28 17:02:05,TH→HQ,2025-12-28,,20845,20845
261,668098,Concepcion,El Parque,20151,L2,V1,2025-12-28 09:13:09,2025-12-28 09:51:12,CC→CW,2025-12-28,,20151,20151
262,668098,El Parque,Concepcion,20156,L2,V1,2025-12-28 10:43:29,2025-12-28 11:18:33,CW→CC,2025-12-28,,20156,20156
263,670952,Los Canelos,Lomas Coloradas,20172,L2,V1,2025-12-28 16:55:51,2025-12-28 17:10:42,CW→CC,2025-12-28,,20172,20172
264,673681,Los Canelos,Costa Mar,20176,L2,V1,2025-12-28 17:53:08,2025-12-28 18:12:07,CW→CC,2025-12-28,,20176,20176
265,674009,Lzo. Arenas,Higueras,20850,L1,V1,2025-12-28 10:05:15,2025-12-28 10:24:22,HQ→TH,2025-12-28,,20850,20850
266,674085,Concepcion,Coronel,20165,L2,V1,2025-12-28 13:07:39,2025-12-28 13:59:36,CC→CW,2025-12-28,,20165,20165
267,675479,Concepcion,El Parque,20173,L2,V1,2025-12-28 16:49:13,2025-12-28 17:48:38,CC→CW,2025-12-28,,20173,20173
268,675479,El Parque,Concepcion,20182,L2,V1,2025-12-28 19:06:07,2025-12-28 20:01:10,CW→CC,2025-12-28,,20182,20182
269,676281,Concepcion,Hualqui,20859,L1,V1,2025-12-28 12:57:05,2025-12-28 13:30:32,TH→HQ,2025-12-28,,20859,20859
270,676462,Costa Mar,Concepcion,20182,L2,V1,2025-12-28 19:02:59,2025-12-28 20:05:52,CW→CC,2025-12-28,,20182,20182
271,676755,Los Canelos,Concepcion,20178,L2,V1,2025-12-28 18:22:44,2025-12-28 18:59:46,CW→CC,2025-12-28,,20178,20178
272,679280,Concepcion,Mercado,20844,L1,V1,2025-12-28 12:38:07,2025-12-28 13:28:02,HQ→TH,2025-12-28,combo_relajado_pase1,20844,20844
273,679280,Mercado,Manquimavida,20845,L1,V1,2025-12-28 15:45:36,2025-12-28 16:46:50,TH→HQ,2025-12-28,,20845,20845
274,679463,Cristo Redentor,Concepcion,20172,L2,V1,2025-12-28 16:44:20,2025-12-28 17:29:20,CW→CC,2025-12-28,,20172,20172
275,679463,Concepcion,Cristo Redentor,20187,L2,V1,2025-12-28 20:55:45,2025-12-28 21:45:09,CC→CW,2025-12-28,,20187,20187
276,682304,Lomas Coloradas,Los Canelos,20183,L2,V1,2025-12-28 20:21:44,2025-12-28 20:37:51,CC→CW,2025-12-28,,20183,20183
277,682489,Laguna Quinenco,Concepcion,20150,L2,V1,2025-12-28 08:48:25,2025-12-28 09:30:49,CW→CC,2025-12-28,,20150,20150
278,682530,Concepcion,Huinca,20177,L2,V1,2025-12-28 18:25:37,2025-12-28 19:07:55,CC→CW,2025-12-28,,20177,20177
279,687442,Cristo Redentor,Concepcion,20156,L2,V1,2025-12-28 10:35:13,2025-12-28 11:18:26,CW→CC,2025-12-28,,20156,20156
280,687454,Costa Mar,Concepcion,20170,L2,V1,2025-12-28 16:06:49,2025-12-28 16:22:46,CW→CC,2025-12-28,,20170,20170
281,687614,Laguna Quinenco,Concepcion,20186,L2,V1,2025-12-28 20:16:27,2025-12-28 20:59:17,CW→CC,2025-12-28,,20186,20186
282,692534,Lomas Coloradas,Concepcion,20166,L2,V1,2025-12-28 13:56:51,2025-12-28 14:34:50,CW→CC,2025-12-28,,20166,20166
283,692809,Cdal. Raul Silva Henriquez,Concepcion,20166,L2,V1,2025-12-28 13:45:51,2025-12-28 14:33:16,CW→CC,2025-12-28,,20166,20166
284,692809,Concepcion,Cdal. Raul Silva Henriquez,20183,L2,V1,2025-12-28 19:45:42,2025-12-28 20:27:09,CC→CW,2025-12-28,,20183,20183
285,695053,Concepcion,Lomas Coloradas,20187,L2,V1,2025-12-28 20:29:29,2025-12-28 21:30:18,CC→CW,2025-12-28,,20187,20187
286,695078,Concepcion,Huinca,20157,L2,V1,2025-12-28 11:19:33,2025-12-28 12:07:41,CC→CW,2025-12-28,,20157,20157
287,696845,Concepcion,Laguna Quinenco,20183,L2,V1,2025-12-28 19:56:50,2025-12-28 20:44:00,CC→CW,2025-12-28,,20183,20183
288,699287,Lomas Coloradas,Diagonal Bio Bio,20176,L2,V1,2025-12-28 18:01:59,2025-12-28 18:17:40,CW→CC,2025-12-28,,20176,20176
289,699287,Diagonal Bio Bio,Lomas Coloradas,20187,L2,V1,2025-12-28 20:40:11,2025-12-28 21:29:37,CC→CW,2025-12-28,,20187,20187
290,703965,Hualqui,Concepcion,20844,L1,V1,2025-12-28 12:19:55,2025-12-28 13:03:14,HQ→TH,2025-12-28,,20844,20844
291,703993,Concepcion,Lomas Coloradas,20171,L2,V1,2025-12-28 16:25:49,2025-12-28 17:01:08,CC→CW,2025-12-28,,20171,20171
292,704033,Concepcion,Lomas Coloradas,20167,L2,V1,2025-12-28 14:11:22,2025-12-28 14:57:21,CC→CW,2025-12-28,,20167,20167
293,706368,Lzo. Arenas,El Arenal,20846,L1,V1,2025-12-28 17:35:45,2025-12-28 17:56:28,HQ→TH,2025-12-28,,20846,20846
294,706505,Lomas Coloradas,Concepcion,20166,L2,V1,2025-12-28 14:06:04,2025-12-28 14:36:20,CW→CC,2025-12-28,,20166,20166
295,709021,Hito Galvarino,El Parque,20170,L2,V1,2025-12-28 15:49:39,2025-12-28 16:06:56,CW→CC,2025-12-28,,20170,20170
296,709021,El Parque,Hito Galvarino,20177,L2,V1,2025-12-28 18:32:34,2025-12-28 19:00:35,CC→CW,2025-12-28,,20177,20177
297,709168,Los Canelos,Concepcion,20154,L2,V1,2025-12-28 09:55:01,2025-12-28 10:41:23,CW→CC,2025-12-28,,20154,20154
298,709255,Concepcion,Laguna Quinenco,20157,L2,V1,2025-12-28 11:16:03,2025-12-28 12:12:06,CC→CW,2025-12-28,,20157,20157
299,711788,Los Canelos,Concepcion,20154,L2,V1,2025-12-28 09:58:51,2025-12-28 10:33:06,CW→CC,2025-12-28,,20154,20154
300,713633,Cdal. Raul Silva Henriquez,Laguna Quinenco,20151,L2,V1,2025-12-28 09:53:35,2025-12-28 10:13:49,CC→CW,2025-12-28,,20151,20151
301,713633,Coronel,Cdal. Raul Silva Henriquez,20172,L2,V1,2025-12-28 16:21:29,2025-12-28 17:07:20,CW→CC,2025-12-28,,20172,20172
302,721317,Concepcion,Lomas Coloradas,20179,L2,V1,2025-12-28 18:39:53,2025-12-28 19:22:10,CC→CW,2025-12-28,,20179,20179
303,723845,Chiguayante,Los Condores,20846,L1,V1,2025-12-28 17:11:39,2025-12-28 17:49:11,HQ→TH,2025-12-28,,20846,20846
304,723960,Concepcion,Cristo Redentor,20173,L2,V1,2025-12-28 16:50:13,2025-12-28 18:08:03,CC→CW,2025-12-28,,20173,20173
305,726673,Concepcion,Laguna Quinenco,20171,L2,V1,2025-12-28 16:35:15,2025-12-28 17:20:18,CC→CW,2025-12-28,,20171,20171
306,726673,Laguna Quinenco,Concepcion,20182,L2,V1,2025-12-28 19:09:42,2025-12-28 20:02:27,CW→CC,2025-12-28,,20182,20182
307,733642,Concepcion,Cristo Redentor,20177,L2,V1,2025-12-28 18:27:17,2025-12-28 19:09:24,CC→CW,2025-12-28,,20177,20177
308,733825,Diagonal Bio Bio,Cdal. Raul Silva Henriquez,20179,L2,V1,2025-12-28 19:02:05,2025-12-28 19:26:01,CC→CW,2025-12-28,,20179,20179
309,733894,Concepcion,Lomas Coloradas,20165,L2,V1,2025-12-28 12:47:15,2025-12-28 13:35:37,CC→CW,2025-12-28,,20165,20165
310,734017,Costa Mar,Los Canelos,20161,L2,V1,2025-12-28 12:27:49,2025-12-28 12:49:50,CC→CW,2025-12-28,,20161,20161
311,736174,Lomas Coloradas,Coronel,20155,L2,V1,2025-12-28 10:46:15,2025-12-28 11:19:32,CC→CW,2025-12-28,,20155,20155
312,736174,Laguna Quinenco,Costa Mar,20170,L2,V1,2025-12-28 15:39:20,2025-12-28 16:08:44,CW→CC,2025-12-28,,20170,20170
313,739904,Lomas Coloradas,Concepcion,20182,L2,V1,2025-12-28 19:34:00,2025-12-28 20:00:53,CW→CC,2025-12-28,,20182,20182
314,740028,Coronel,Concepcion,20172,L2,V1,2025-12-28 16:36:47,2025-12-28 17:30:49,CW→CC,2025-12-28,,20172,20172
315,740028,Concepcion,Coronel,20187,L2,V1,2025-12-28 20:08:28,2025-12-28 21:50:27,CC→CW,2025-12-28,,20187,20183
316,740301,Los Canelos,Concepcion,20186,L2,V1,2025-12-28 20:19:55,2025-12-28 21:00:32,CW→CC,2025-12-28,,20186,20186
317,740700,Diagonal Bio Bio,Cdal. Raul Silva Henriquez,20183,L2,V1,2025-12-28 20:01:18,2025-12-28 20:27:54,CC→CW,2025-12-28,,20183,20183
318,740917,Lomas Coloradas,Concepcion,20172,L2,V1,2025-12-28 16:54:32,2025-12-28 17:31:44,CW→CC,2025-12-28,,20172,20172
319,745838,Concepcion,El Parque,20177,L2,V1,2025-12-28 18:18:39,2025-12-28 18:49:33,CC→CW,2025-12-28,,20177,20177
320,745838,El Parque,Cristo Redentor,20183,L2,V1,2025-12-28 19:56:24,2025-12-28 20:41:23,CC→CW,2025-12-28,,20183,20183
321,746076,Concepcion,Lomas Coloradas,20173,L2,V1,2025-12-28 17:24:14,2025-12-28 17:50:22,CC→CW,2025-12-28,,20173,20173
322,746187,Cdal. Raul Silva Henriquez,Concepcion,20150,L2,V1,2025-12-28 09:04:03,2025-12-28 09:30:21,CW→CC,2025-12-28,,20150,20150
323,746599,Huinca,Concepcion,20156,L2,V1,2025-12-28 10:20:36,2025-12-28 11:18:44,CW→CC,2025-12-28,,20156,20156
324,746599,Concepcion,Cristo Redentor,20169,L2,V1,2025-12-28 15:25:31,2025-12-28 16:08:56,CC→CW,2025-12-28,,20169,20169
325,750059,Hualqui,Concepcion,20846,L1,V1,2025-12-28 16:51:56,2025-12-28 17:37:16,HQ→TH,2025-12-28,,20846,20846
326,751904,Coronel,Concepcion,20176,L2,V1,2025-12-28 17:35:41,2025-12-28 18:28:39,CW→CC,2025-12-28,,20176,20176
327,752125,Costa Mar,Concepcion,20172,L2,V1,2025-12-28 17:06:22,2025-12-28 17:29:05,CW→CC,2025-12-28,,20172,20172
328,752253,Lomas Coloradas,Cristo Redentor,20177,L2,V1,2025-12-28 18:41:11,2025-12-28 19:09:55,CC→CW,2025-12-28,,20177,20177
329,756087,Lomas Coloradas,Concepcion,20150,L2,V1,2025-12-28 08:55:02,2025-12-28 09:31:20,CW→CC,2025-12-28,,20150,20150
330,756087,Concepcion,Lomas Coloradas,20157,L2,V1,2025-12-28 11:19:29,2025-12-28 12:40:02,CC→CW,2025-12-28,,20157,20157
331,758595,Cristo Redentor,Concepcion,20156,L2,V1,2025-12-28 10:31:52,2025-12-28 11:19:17,CW→CC,2025-12-28,,20156,20156
332,759935,Los Canelos,Laguna Quinenco,20179,L2,V1,2025-12-28 19:20:48,2025-12-28 19:42:52,CC→CW,2025-12-28,,20179,20179
333,764195,Coronel,Concepcion,20162,L2,V1,2025-12-28 12:05:19,2025-12-28 13:00:03,CW→CC,2025-12-28,,20162,20162
334,764249,Diagonal Bio Bio,El Parque,20187,L2,V1,2025-12-28 21:01:59,2025-12-28 21:27:03,CC→CW,2025-12-28,,20187,20187
335,768418,Concepcion,Concepcion,,,N/A,2025-12-28 13:48:45,2025-12-28 13:50:50,,2025-12-28,no viajo,,
336,768691,Lomas Coloradas,Juan Pablo II,20162,L2,V1,2025-12-28 12:24:35,2025-12-28 12:52:44,CW→CC,2025-12-28,,20162,20162
337,768691,Juan Pablo II,Lomas Coloradas,20179,L2,V1,2025-12-28 18:58:18,2025-12-28 19:22:27,CC→CW,2025-12-28,,20179,20179
338,773113,Coronel,Concepcion,20176,L2,V1,2025-12-28 17:34:40,2025-12-28 18:27:27,CW→CC,2025-12-28,,20176,20176
339,775514,Concepcion,Coronel,20157,L2,V1,2025-12-28 11:20:45,2025-12-28 12:14:56,CC→CW,2025-12-28,,20157,20157
340,775514,Coronel,Concepcion,20176,L2,V1,2025-12-28 17:39:23,2025-12-28 18:27:09,CW→CC,2025-12-28,,20176,20176
341,775636,UTF Santa Maria,Chiguayante,20859,L1,V1,2025-12-28 12:41:55,2025-12-28 13:10:29,TH→HQ,2025-12-28,,20859,20859
342,782995,Cdal. Raul Silva Henriquez,Cristo Redentor,20183,L2,V1,2025-12-28 20:24:32,2025-12-28 20:40:37,CC→CW,2025-12-28,,20183,20183
343,783452,Concepcion,Hualqui,20857,L1,V1,2025-12-28 08:48:13,2025-12-28 09:34:13,TH→HQ,2025-12-28,,20857,20857
344,784757,Laguna Quinenco,Cristo Redentor,20178,L2,V1,2025-12-28 18:07:18,2025-12-28 18:23:07,CW→CC,2025-12-28,,20178,20178
345,787453,Lomas Coloradas,Concepcion,20170,L2,V1,2025-12-28 16:00:04,2025-12-28 16:23:15,CW→CC,2025-12-28,,20170,20170
346,787483,Chiguayante,Hualqui,20857,L1,V1,2025-12-28 08:45:17,2025-12-28 09:32:10,TH→HQ,2025-12-28,,20857,20857
347,791832,Concepcion,Concepcion,,,N/A,2025-12-28 16:33:25,2025-12-28 16:34:07,,2025-12-28,no viajo,,
348,796937,Concepcion,La Leonera,20847,L1,V1,2025-12-28 20:03:52,2025-12-28 20:51:18,TH→HQ,2025-12-28,,20847,20847
349,797023,Cdal. Raul Silva Henriquez,Concepcion,20162,L2,V1,2025-12-28 12:33:46,2025-12-28 13:05:39,CW→CC,2025-12-28,,20162,20162
350,797041,Hito Galvarino,Cristo Redentor,20173,L2,V1,2025-12-28 17:34:15,2025-12-28 18:09:06,CC→CW,2025-12-28,,20173,20173
351,797077,Diagonal Bio Bio,Laguna Quinenco,20165,L2,V1,2025-12-28 13:21:22,2025-12-28 13:57:11,CC→CW,2025-12-28,,20165,20165
352,797135,Concepcion,Laguna Quinenco,20165,L2,V1,2025-12-28 12:47:38,2025-12-28 13:56:56,CC→CW,2025-12-28,,20165,20165
353,799725,Laguna Quinenco,Concepcion,20168,L2,V1,2025-12-28 14:23:47,2025-12-28 15:31:20,CW→CC,2025-12-28,,20168,20168
354,802334,Coronel,Concepcion,20176,L2,V1,2025-12-28 17:39:27,2025-12-28 18:28:11,CW→CC,2025-12-28,,20176,20176
355,802452,Concepcion,El Parque,20169,L2,V1,2025-12-28 15:23:54,2025-12-28 15:48:46,CC→CW,2025-12-28,,20169,20169
356,802481,Huinca,Concepcion,20186,L2,V1,2025-12-28 20:19:01,2025-12-28 21:00:06,CW→CC,2025-12-28,,20186,20186
357,802492,Concepcion,Coronel,20165,L2,V1,2025-12-28 12:19:41,2025-12-28 14:00:14,CC→CW,2025-12-28,combo_por_entrada,20165,20165
358,804198,Concepcion,Los Canelos,20165,L2,V1,2025-12-28 12:47:40,2025-12-28 13:52:14,CC→CW,2025-12-28,combo_relajado_pase1,20165,20165
359,805097,Lomas Coloradas,Concepcion,20170,L2,V1,2025-12-28 15:58:35,2025-12-28 16:22:23,CW→CC,2025-12-28,,20170,20170
360,805415,Costa Mar,Los Canelos,20151,L2,V1,2025-12-28 09:41:14,2025-12-28 10:06:39,CC→CW,2025-12-28,,20151,20151
361,806559,Cdal. Raul Silva Henriquez,Los Canelos,20187,L2,V1,2025-12-28 21:16:13,2025-12-28 21:40:31,CC→CW,2025-12-28,,20187,20187
362,812403,Los Canelos,Concepcion,20162,L2,V1,2025-12-28 12:15:49,2025-12-28 13:00:11,CW→CC,2025-12-28,,20162,20162
363,812618,Cdal. Raul Silva Henriquez,Diagonal Bio Bio,20186,L2,V1,2025-12-28 20:28:53,2025-12-28 20:48:54,CW→CC,2025-12-28,,20186,20186
364,816912,Concepcion,Huinca,20171,L2,V1,2025-12-28 16:38:03,2025-12-28 17:16:17,CC→CW,2025-12-28,,20171,20171
365,817251,Concepcion,Los Condores,20848,L1,V1,2025-12-28 20:43:20,2025-12-28 21:23:19,HQ→TH,2025-12-28,combo_por_entrada,20848,20848
366,824100,Cristo Redentor,Lomas Coloradas,20162,L2,V1,2025-12-28 11:58:04,2025-12-28 12:39:37,CW→CC,2025-12-28,,20162,20162
367,824100,Cristo Redentor,Concepcion,20186,L2,V1,2025-12-28 20:04:26,2025-12-28 21:01:22,CW→CC,2025-12-28,,20186,20186
368,824498,Los Canelos,Diagonal Bio Bio,20154,L2,V1,2025-12-28 09:59:12,2025-12-28 10:23:14,CW→CC,2025-12-28,,20154,20154
369,824499,Lzo. Arenas,Higueras,20850,L1,V1,2025-12-28 10:05:12,2025-12-28 10:24:11,HQ→TH,2025-12-28,,20850,20850
370,824533,Cdal. Raul Silva Henriquez,Coronel,20161,L2,V1,2025-12-28 12:35:52,2025-12-28 13:00:35,CC→CW,2025-12-28,,20161,20161
371,824534,Cristo Redentor,Juan Pablo II,20156,L2,V1,2025-12-28 10:31:24,2025-12-28 11:11:08,CW→CC,2025-12-28,,20156,20156
372,824534,Juan Pablo II,Cristo Redentor,20161,L2,V1,2025-12-28 11:56:15,2025-12-28 12:54:37,CC→CW,2025-12-28,,20161,20161
373,824538,Cdal. Raul Silva Henriquez,Coronel,20161,L2,V1,2025-12-28 12:35:58,2025-12-28 13:00:29,CC→CW,2025-12-28,,20161,20161
374,829145,Lzo. Arenas,Higueras,20848,L1,V1,2025-12-28 21:03:06,2025-12-28 21:24:53,HQ→TH,2025-12-28,,20848,20848
375,829152,Lomas Coloradas,Concepcion,20176,L2,V1,2025-12-28 17:47:24,2025-12-28 18:27:11,CW→CC,2025-12-28,,20176,20176
376,833068,Laguna Quinenco,Hito Galvarino,20178,L2,V1,2025-12-28 18:13:22,2025-12-28 18:30:22,CW→CC,2025-12-28,,20178,20178
377,833156,Lomas Coloradas,Concepcion,20170,L2,V1,2025-12-28 15:50:10,2025-12-28 16:23:38,CW→CC,2025-12-28,,20170,20170
378,833156,Concepcion,Lomas Coloradas,20177,L2,V1,2025-12-28 18:15:08,2025-12-28 18:51:04,CC→CW,2025-12-28,,20177,20177
379,834961,Concepcion,Laguna Quinenco,20167,L2,V1,2025-12-28 14:34:24,2025-12-28 15:22:46,CC→CW,2025-12-28,,20167,20167
380,837906,Concepcion,Los Canelos,20179,L2,V1,2025-12-28 18:54:24,2025-12-28 19:35:23,CC→CW,2025-12-28,,20179,20179
381,837958,Coronel,Juan Pablo II,20156,L2,V1,2025-12-28 10:24:55,2025-12-28 11:11:55,CW→CC,2025-12-28,,20156,20156
382,837958,Concepcion,Coronel,20173,L2,V1,2025-12-28 16:48:31,2025-12-28 18:13:03,CC→CW,2025-12-28,,20173,20173
383,840933,Costa Mar,Diagonal Bio Bio,20150,L2,V1,2025-12-28 09:13:39,2025-12-28 09:20:54,CW→CC,2025-12-28,,20150,20150
384,843992,Cdal. Raul Silva Henriquez,Los Canelos,20179,L2,V1,2025-12-28 19:06:31,2025-12-28 19:35:24,CC→CW,2025-12-28,,20179,20179
385,844159,Coronel,Costa Mar,20160,L2,V1,2025-12-28 11:25:55,2025-12-28 11:58:46,CW→CC,2025-12-28,,20160,20160
386,844159,Costa Mar,Coronel,20167,L2,V1,2025-12-28 14:43:19,2025-12-28 15:20:11,CC→CW,2025-12-28,,20167,20167
387,844179,Concepcion,Los Canelos,20183,L2,V1,2025-12-28 20:03:45,2025-12-28 21:41:26,CC→CW,2025-12-28,,20183,20183
388,848475,Laguna Quinenco,Lomas Coloradas,20162,L2,V1,2025-12-28 12:14:09,2025-12-28 12:38:55,CW→CC,2025-12-28,,20162,20162
389,848475,Lomas Coloradas,Laguna Quinenco,20171,L2,V1,2025-12-28 16:58:54,2025-12-28 17:21:00,CC→CW,2025-12-28,,20171,20171
390,854393,Costa Mar,Concepcion,20172,L2,V1,2025-12-28 17:07:50,2025-12-28 17:29:20,CW→CC,2025-12-28,,20172,20172
391,854455,Los Canelos,Juan Pablo II,20170,L2,V1,2025-12-28 15:48:51,2025-12-28 16:16:21,CW→CC,2025-12-28,,20170,20170
392,854455,Juan Pablo II,Los Canelos,20187,L2,V1,2025-12-28 20:51:05,2025-12-28 21:41:46,CC→CW,2025-12-28,,20187,20187
393,856611,Hualqui,UTF Santa Maria,20848,L1,V1,2025-12-28 20:10:37,2025-12-28 21:17:52,HQ→TH,2025-12-28,,20848,20848
394,856696,Coronel,Los Canelos,20176,L2,V1,2025-12-28 17:35:53,2025-12-28 17:55:02,CW→CC,2025-12-28,,20176,20176
395,858943,Lomas Coloradas,Concepcion,20176,L2,V1,2025-12-28 17:54:49,2025-12-28 18:27:54,CW→CC,2025-12-28,,20176,20176
396,859173,Laguna Quinenco,Juan Pablo II,20186,L2,V1,2025-12-28 20:18:12,2025-12-28 20:52:19,CW→CC,2025-12-28,,20186,20186
397,859231,Concepcion,Lomas Coloradas,20187,L2,V1,2025-12-28 20:43:03,2025-12-28 21:29:35,CC→CW,2025-12-28,,20187,20187
398,860153,Lzo. Arenas,La Leonera,20847,L1,V1,2025-12-28 20:19:28,2025-12-28 20:48:35,TH→HQ,2025-12-28,,20847,20847
399,861038,Los Canelos,Costa Mar,20186,L2,V1,2025-12-28 20:25:05,2025-12-28 20:45:25,CW→CC,2025-12-28,,20186,20186
400,861863,Concepcion,Huinca,20169,L2,V1,2025-12-28 15:23:03,2025-12-28 16:05:35,CC→CW,2025-12-28,,20169,20169
401,861880,Concepcion,Coronel,20187,L2,V1,2025-12-28 21:28:08,2025-12-28 21:50:09,CC→CW,2025-12-28,combo_relajado_pase3,20187,20187
402,862083,Concepcion,Lomas Coloradas,20169,L2,V1,2025-12-28 14:47:30,2025-12-28 15:51:13,CC→CW,2025-12-28,,20169,20169
403,862083,Lomas Coloradas,Concepcion,20178,L2,V1,2025-12-28 18:23:22,2025-12-28 19:00:34,CW→CC,2025-12-28,,20178,20178
404,864240,Lomas Coloradas,Concepcion,20154,L2,V1,2025-12-28 10:03:47,2025-12-28 10:33:12,CW→CC,2025-12-28,,20154,20154
405,864240,Concepcion,Lomas Coloradas,20165,L2,V1,2025-12-28 13:06:40,2025-12-28 13:36:41,CC→CW,2025-12-28,,20165,20165
406,865857,Costa Mar,Lomas Coloradas,20151,L2,V1,2025-12-28 09:22:08,2025-12-28 09:53:35,CC→CW,2025-12-28,,20151,20151
407,865857,Lomas Coloradas,Costa Mar,20154,L2,V1,2025-12-28 09:55:33,2025-12-28 10:18:40,CW→CC,2025-12-28,,20154,20154
408,866903,Huinca,El Parque,20170,L2,V1,2025-12-28 15:42:15,2025-12-28 16:06:20,CW→CC,2025-12-28,,20170,20170
409,869775,Cdal. Raul Silva Henriquez,Lomas Coloradas,20160,L2,V1,2025-12-28 11:46:53,2025-12-28 11:53:25,CW→CC,2025-12-28,,20160,20160
410,869861,Concepcion,Los Canelos,20183,L2,V1,2025-12-28 19:52:01,2025-12-28 20:37:16,CC→CW,2025-12-28,,20183,20183
411,872647,Concepcion,Higueras,20848,L1,V1,2025-12-28 20:09:23,2025-12-28 21:24:10,HQ→TH,2025-12-28,combo_por_entrada,20848,20848
412,872841,Cdal. Raul Silva Henriquez,Concepcion,20170,L2,V1,2025-12-28 15:57:01,2025-12-28 16:22:41,CW→CC,2025-12-28,,20170,20170
413,874188,Concepcion,Hito Galvarino,20161,L2,V1,2025-12-28 11:50:43,2025-12-28 12:46:26,CC→CW,2025-12-28,,20161,20161
414,875048,Concepcion,Hito Galvarino,20171,L2,V1,2025-12-28 16:27:04,2025-12-28 17:10:13,CC→CW,2025-12-28,,20171,20171
415,875051,Lzo. Arenas,Higueras,20850,L1,V1,2025-12-28 10:05:21,2025-12-28 10:24:04,HQ→TH,2025-12-28,,20850,20850
416,875196,El Parque,Costa Mar,20182,L2,V1,2025-12-28 19:36:36,2025-12-28 19:46:34,CW→CC,2025-12-28,,20182,20182
417,878426,Coronel,Cristo Redentor,20166,L2,V1,2025-12-28 13:48:29,2025-12-28 13:57:27,CW→CC,2025-12-28,,20166,20166
418,879571,Laguna Quinenco,Cdal. Raul Silva Henriquez,20170,L2,V1,2025-12-28 15:24:49,2025-12-28 16:00:36,CW→CC,2025-12-28,,20170,20170
419,881984,Concepcion,Cristo Redentor,20169,L2,V1,2025-12-28 15:25:59,2025-12-28 16:08:57,CC→CW,2025-12-28,,20169,20169
420,883800,Cdal. Raul Silva Henriquez,Concepcion,20160,L2,V1,2025-12-28 11:40:27,2025-12-28 12:13:16,CW→CC,2025-12-28,,20160,20160
421,883800,Concepcion,Cdal. Raul Silva Henriquez,20171,L2,V1,2025-12-28 16:16:55,2025-12-28 17:04:33,CC→CW,2025-12-28,,20171,20171
422,884890,Costa Mar,Coronel,20179,L2,V1,2025-12-28 19:11:07,2025-12-28 19:45:27,CC→CW,2025-12-28,,20179,20179
423,885790,Higueras,Mercado,20844,L1,V1,2025-12-28 13:05:40,2025-12-28 13:27:52,HQ→TH,2025-12-28,,20844,20844
424,885998,El Parque,Diagonal Bio Bio,20186,L2,V1,2025-12-28 20:38:18,2025-12-28 20:50:21,CW→CC,2025-12-28,,20186,20186
425,886000,Cristo Redentor,Laguna Quinenco,20165,L2,V1,2025-12-28 13:50:14,2025-12-28 13:56:24,CC→CW,2025-12-28,,20165,20165
426,886007,Coronel,Diagonal Bio Bio,20178,L2,V1,2025-12-28 18:13:29,2025-12-28 18:49:27,CW→CC,2025-12-28,,20178,20178
427,886071,Costa Mar,Cristo Redentor,20171,L2,V1,2025-12-28 16:54:18,2025-12-28 17:17:27,CC→CW,2025-12-28,,20171,20171
428,891240,Concepcion,Lomas Coloradas,20179,L2,V1,2025-12-28 18:34:48,2025-12-28 19:22:47,CC→CW,2025-12-28,,20179,20177
429,893163,Juan Pablo II,Coronel,20177,L2,V1,2025-12-28 18:17:58,2025-12-28 19:17:14,CC→CW,2025-12-28,,20177,20177
430,893187,Lomas Coloradas,Concepcion,20150,L2,V1,2025-12-28 09:05:35,2025-12-28 09:31:31,CW→CC,2025-12-28,,20150,20150
431,893187,Concepcion,Lomas Coloradas,20173,L2,V1,2025-12-28 17:17:36,2025-12-28 17:50:31,CC→CW,2025-12-28,,20173,20173
432,893373,Los Canelos,Lomas Coloradas,20156,L2,V1,2025-12-28 10:41:17,2025-12-28 11:17:12,CW→CC,2025-12-28,,20156,20156
433,895702,Huinca,Diagonal Bio Bio,20186,L2,V1,2025-12-28 20:20:24,2025-12-28 20:49:18,CW→CC,2025-12-28,,20186,20186
434,896864,Concepcion,Cristo Redentor,20169,L2,V1,2025-12-28 15:21:16,2025-12-28 16:09:37,CC→CW,2025-12-28,,20169,20169
435,902120,El Parque,Concepcion,20186,L2,V1,2025-12-28 20:33:33,2025-12-28 20:59:28,CW→CC,2025-12-28,,20186,20186
436,903886,Cristo Redentor,Concepcion,20186,L2,V1,2025-12-28 20:17:00,2025-12-28 21:00:13,CW→CC,2025-12-28,,20186,20186
437,903917,Cristo Redentor,Concepcion,20178,L2,V1,2025-12-28 18:20:12,2025-12-28 19:00:35,CW→CC,2025-12-28,,20178,20178
438,903954,Costa Mar,Concepcion,20150,L2,V1,2025-12-28 09:15:06,2025-12-28 09:30:28,CW→CC,2025-12-28,,20150,20150
439,903965,Diagonal Bio Bio,Laguna Quinenco,20171,L2,V1,2025-12-28 16:41:49,2025-12-28 17:20:43,CC→CW,2025-12-28,,20171,20171
440,905994,Alborada,Concepcion,20178,L2,V1,2025-12-28 18:43:20,2025-12-28 18:59:09,CW→CC,2025-12-28,,20178,20178
441,908015,Lomas Coloradas,Concepcion,20154,L2,V1,2025-12-28 10:03:48,2025-12-28 10:33:15,CW→CC,2025-12-28,,20154,20154
442,908015,Concepcion,Lomas Coloradas,20167,L2,V1,2025-12-28 14:22:11,2025-12-28 14:56:34,CC→CW,2025-12-28,,20167,20167
443,908274,Concepcion,Higueras,20848,L1,V1,2025-12-28 20:30:07,2025-12-28 21:24:06,HQ→TH,2025-12-28,combo_por_entrada,20848,20848
444,908313,Hito Galvarino,Costa Mar,20170,L2,V1,2025-12-28 15:53:06,2025-12-28 16:08:16,CW→CC,2025-12-28,,20170,20170
445,910587,Concepcion,Los Canelos,20173,L2,V1,2025-12-28 17:21:04,2025-12-28 18:04:14,CC→CW,2025-12-28,,20173,20173
446,912471,Concepcion,Costa Mar,20171,L2,V1,2025-12-28 16:33:12,2025-12-28 16:55:19,CC→CW,2025-12-28,,20171,20171
447,912589,Concepcion,Los Canelos,20187,L2,V1,2025-12-28 20:36:41,2025-12-28 21:41:03,CC→CW,2025-12-28,,20187,20187
448,912631,Concepcion,Cristo Redentor,20167,L2,V1,2025-12-28 14:24:27,2025-12-28 15:14:58,CC→CW,2025-12-28,,20167,20167
449,915202,Los Canelos,Juan Pablo II,20168,L2,V1,2025-12-28 14:46:04,2025-12-28 15:21:39,CW→CC,2025-12-28,,20168,20168
450,915202,Concepcion,Los Canelos,20179,L2,V1,2025-12-28 19:01:38,2025-12-28 19:35:45,CC→CW,2025-12-28,,20179,20179
451,918053,Concepcion,Huinca,20187,L2,V1,2025-12-28 20:54:09,2025-12-28 21:42:46,CC→CW,2025-12-28,,20187,20187
452,922265,Diagonal Bio Bio,Concepcion,20160,L2,V1,2025-12-28 12:01:31,2025-12-28 12:13:38,CW→CC,2025-12-28,,20160,20160
453,922367,Concepcion,Lomas Coloradas,20171,L2,V1,2025-12-28 16:18:42,2025-12-28 17:00:55,CC→CW,2025-12-28,,20171,20171
454,922520,UTF Santa Maria,La Leonera,20847,L1,V1,2025-12-28 20:11:14,2025-12-28 20:48:27,TH→HQ,2025-12-28,,20847,20847
455,924001,La Leonera,UTF Santa Maria,20850,L1,V1,2025-12-28 09:32:59,2025-12-28 10:17:18,HQ→TH,2025-12-28,,20850,20850
456,924001,Concepcion,Manquimavida,20847,L1,V1,2025-12-28 20:22:03,2025-12-28 20:46:21,TH→HQ,2025-12-28,,20847,20847
457,924444,Cristo Redentor,Concepcion,20150,L2,V1,2025-12-28 08:48:51,2025-12-28 09:30:04,CW→CC,2025-12-28,,20150,20150
458,925008,Concepcion,Alborada,20179,L2,V1,2025-12-28 18:50:31,2025-12-28 19:14:59,CC→CW,2025-12-28,,20179,20179
459,930421,Costa Mar,Concepcion,20162,L2,V1,2025-12-28 12:40:20,2025-12-28 12:58:51,CW→CC,2025-12-28,,20162,20162
460,930542,Huinca,Cdal. Raul Silva Henriquez,20162,L2,V1,2025-12-28 12:14:18,2025-12-28 12:36:13,CW→CC,2025-12-28,,20162,20162
461,930542,Cdal. Raul Silva Henriquez,Huinca,20177,L2,V1,2025-12-28 18:50:26,2025-12-28 19:07:39,CC→CW,2025-12-28,,20177,20177
462,933040,Cdal. Raul Silva Henriquez,Lomas Coloradas,20176,L2,V1,2025-12-28 18:00:09,2025-12-28 18:07:20,CW→CC,2025-12-28,,20176,20176
463,933040,Lomas Coloradas,Cdal. Raul Silva Henriquez,20177,L2,V1,2025-12-28 18:35:16,2025-12-28 18:54:33,CC→CW,2025-12-28,,20177,20177
464,933558,Cdal. Raul Silva Henriquez,Concepcion,20166,L2,V1,2025-12-28 13:45:58,2025-12-28 14:33:16,CW→CC,2025-12-28,,20166,20166
465,933577,Concepcion,Chiguayante,20847,L1,V1,2025-12-28 20:20:44,2025-12-28 20:40:26,TH→HQ,2025-12-28,,20847,20847
466,933610,Lomas Coloradas,Cdal. Raul Silva Henriquez,20171,L2,V1,2025-12-28 16:57:13,2025-12-28 17:04:21,CC→CW,2025-12-28,,20171,20171
467,935629,El Parque,Cristo Redentor,20183,L2,V1,2025-12-28 20:07:37,2025-12-28 20:41:31,CC→CW,2025-12-28,,20183,20183
468,935807,Costa Mar,Laguna Quinenco,20151,L2,V1,2025-12-28 09:33:37,2025-12-28 10:13:58,CC→CW,2025-12-28,,20151,20151
469,935807,Laguna Quinenco,Costa Mar,20162,L2,V1,2025-12-28 12:13:30,2025-12-28 14:18:43,CW→CC,2025-12-28,,20162,20162
470,935902,Concepcion,Chiguayante,20859,L1,V1,2025-12-28 12:37:35,2025-12-28 13:10:57,TH→HQ,2025-12-28,combo_relajado_pase3,20859,20859
471,935902,Concepcion,Lomas Coloradas,20187,L2,V1,2025-12-28 20:06:03,2025-12-28 21:29:07,CC→CW,2025-12-28,,20187,20183
472,939753,El Parque,Concepcion,20168,L2,V1,2025-12-28 15:02:02,2025-12-28 15:28:18,CW→CC,2025-12-28,,20168,20168
473,939753,Concepcion,El Parque,20177,L2,V1,2025-12-28 18:19:19,2025-12-28 18:48:35,CC→CW,2025-12-28,,20177,20177
474,939976,Los Canelos,Concepcion,20172,L2,V1,2025-12-28 16:48:50,2025-12-28 17:28:57,CW→CC,2025-12-28,,20172,20172
475,939976,Concepcion,Los Canelos,20183,L2,V1,2025-12-28 19:53:50,2025-12-28 20:38:16,CC→CW,2025-12-28,,20183,20183
476,942352,Cristo Redentor,Lomas Coloradas,20186,L2,V1,2025-12-28 20:20:18,2025-12-28 20:38:24,CW→CC,2025-12-28,,20186,20186
477,942403,Laguna Quinenco,Concepcion,20170,L2,V1,2025-12-28 15:40:36,2025-12-28 16:49:53,CW→CC,2025-12-28,,20170,20170
478,942403,Concepcion,Concepcion,,,N/A,2025-12-28 19:24:31,2025-12-28 19:27:26,,2025-12-28,no viajo,,
479,942403,Concepcion,Laguna Quinenco,20183,L2,V1,2025-12-28 19:32:12,2025-12-28 20:44:26,CC→CW,2025-12-28,,20183,20183
480,942415,Laguna Quinenco,Costa Mar,20170,L2,V1,2025-12-28 15:34:44,2025-12-28 16:08:48,CW→CC,2025-12-28,,20170,20170
481,944097,Cdal. Raul Silva Henriquez,Los Canelos,20169,L2,V1,2025-12-28 15:50:49,2025-12-28 16:02:52,CC→CW,2025-12-28,,20169,20169
482,945826,Concepcion,Hito Galvarino,20177,L2,V1,2025-12-28 18:24:00,2025-12-28 19:01:30,CC→CW,2025-12-28,,20177,20177
483,945826,Hito Galvarino,Juan Pablo II,20182,L2,V1,2025-12-28 19:24:53,2025-12-28 19:53:54,CW→CC,2025-12-28,,20182,20182
484,945986,Laguna Quinenco,Cdal. Raul Silva Henriquez,20186,L2,V1,2025-12-28 20:13:06,2025-12-28 20:36:31,CW→CC,2025-12-28,,20186,20186
485,945991,Concepcion,Concepcion,,,N/A,2025-12-28 15:42:55,2025-12-28 15:48:26,,2025-12-28,no viajo,,
486,945991,Concepcion,Concepcion,,,N/A,2025-12-28 19:41:51,2025-12-28 19:42:35,,2025-12-28,no viajo,,
487,946168,Cdal. Raul Silva Henriquez,Concepcion,20154,L2,V1,2025-12-28 09:54:31,2025-12-28 10:36:05,CW→CC,2025-12-28,,20154,20154
488,946168,Concepcion,Cdal. Raul Silva Henriquez,20183,L2,V1,2025-12-28 19:42:38,2025-12-28 20:34:17,CC→CW,2025-12-28,,20183,20183
489,947475,Concepcion,Mercado,20844,L1,V1,2025-12-28 12:38:21,2025-12-28 13:28:04,HQ→TH,2025-12-28,combo_relajado_pase1,20844,20844
490,947475,Mercado,Manquimavida,20845,L1,V1,2025-12-28 15:46:29,2025-12-28 16:47:38,TH→HQ,2025-12-28,,20845,20845
491,948184,Alborada,Lomas Coloradas,20173,L2,V1,2025-12-28 17:35:15,2025-12-28 17:50:25,CC→CW,2025-12-28,,20173,20173
492,948239,Concepcion,Cdal. Raul Silva Henriquez,20187,L2,V1,2025-12-28 19:50:38,2025-12-28 21:31:45,CC→CW,2025-12-28,combo_por_entrada,20187,20187
493,948254,Concepcion,Concepcion,,,N/A,2025-12-28 16:47:53,2025-12-28 16:48:35,,2025-12-28,no viajo,,
494,950185,Hualqui,Mercado,20850,L1,V1,2025-12-28 09:24:31,2025-12-28 10:31:10,HQ→TH,2025-12-28,,20850,20850
495,953483,Concepcion,Coronel,20177,L2,V1,2025-12-28 17:33:40,2025-12-28 19:15:45,CC→CW,2025-12-28,,20177,20173
496,953513,Concepcion,Lomas Coloradas,20177,L2,V1,2025-12-28 18:05:05,2025-12-28 18:52:02,CC→CW,2025-12-28,,20177,20177
497,953640,Costa Mar,Laguna Quinenco,20187,L2,V1,2025-12-28 21:16:38,2025-12-28 21:46:57,CC→CW,2025-12-28,,20187,20187
498,957243,Concepcion,Los Condores,20848,L1,V1,2025-12-28 20:33:04,2025-12-28 21:22:10,HQ→TH,2025-12-28,,20848,20848
499,958982,Concepcion,Los Canelos,20177,L2,V1,2025-12-28 18:24:56,2025-12-28 19:06:09,CC→CW,2025-12-28,,20177,20177
500,959005,Lomas Coloradas,Juan Pablo II,20154,L2,V1,2025-12-28 10:07:49,2025-12-28 10:27:23,CW→CC,2025-12-28,,20154,20154
501,961257,Lomas Coloradas,Los Canelos,20183,L2,V1,2025-12-28 20:21:51,2025-12-28 20:38:23,CC→CW,2025-12-28,,20183,20183
502,961354,Concepcion,Laguna Quinenco,20179,L2,V1,2025-12-28 18:47:19,2025-12-28 19:42:45,CC→CW,2025-12-28,,20179,20179
503,964903,Costa Mar,Los Canelos,20165,L2,V1,2025-12-28 13:28:45,2025-12-28 13:49:07,CC→CW,2025-12-28,,20165,20165
504,965292,Coronel,Costa Mar,20168,L2,V1,2025-12-28 14:34:05,2025-12-28 15:14:26,CW→CC,2025-12-28,,20168,20168
505,966985,Huinca,Concepcion,20166,L2,V1,2025-12-28 13:24:58,2025-12-28 14:33:44,CW→CC,2025-12-28,,20166,20166
506,966985,Concepcion,Huinca,20173,L2,V1,2025-12-28 17:08:10,2025-12-28 18:06:25,CC→CW,2025-12-28,,20173,20173
507,966988,Lomas Coloradas,Concepcion,20154,L2,V1,2025-12-28 10:11:19,2025-12-28 10:33:46,CW→CC,2025-12-28,,20154,20154
508,966988,Concepcion,Lomas Coloradas,20167,L2,V1,2025-12-28 14:31:00,2025-12-28 14:56:27,CC→CW,2025-12-28,,20167,20167
509,968848,Cristo Redentor,Concepcion,20166,L2,V1,2025-12-28 13:51:29,2025-12-28 14:33:49,CW→CC,2025-12-28,,20166,20166
510,968848,Concepcion,Coronel,20177,L2,V1,2025-12-28 18:20:52,2025-12-28 19:15:24,CC→CW,2025-12-28,,20177,20177
511,969075,Cristo Redentor,Costa Mar,20172,L2,V1,2025-12-28 16:46:41,2025-12-28 17:14:52,CW→CC,2025-12-28,,20172,20172
512,969171,Lzo. Arenas,Los Condores,20848,L1,V1,2025-12-28 21:05:18,2025-12-28 21:21:36,HQ→TH,2025-12-28,,20848,20848
513,971258,Concepcion,Higueras,20846,L1,V1,2025-12-28 16:36:53,2025-12-28 17:53:25,HQ→TH,2025-12-28,combo_por_entrada,20846,20846
514,973171,Coronel,Concepcion,20168,L2,V1,2025-12-28 14:40:12,2025-12-28 15:28:13,CW→CC,2025-12-28,,20168,20168
515,973363,El Parque,Cdal. Raul Silva Henriquez,20167,L2,V1,2025-12-28 14:33:02,2025-12-28 14:59:48,CC→CW,2025-12-28,,20167,20167
516,975230,Concepcion,Costa Mar,20167,L2,V1,2025-12-28 13:42:43,2025-12-28 14:51:52,CC→CW,2025-12-28,,20167,20167
517,975230,Costa Mar,Concepcion,20176,L2,V1,2025-12-28 17:57:16,2025-12-28 18:27:10,CW→CC,2025-12-28,,20176,20176
518,975346,Cristo Redentor,Concepcion,20166,L2,V1,2025-12-28 13:47:46,2025-12-28 14:33:26,CW→CC,2025-12-28,,20166,20166
519,975346,Concepcion,Cristo Redentor,20187,L2,V1,2025-12-28 20:54:01,2025-12-28 21:44:56,CC→CW,2025-12-28,,20187,20187
520,977294,El Parque,Costa Mar,20170,L2,V1,2025-12-28 15:57:32,2025-12-28 16:09:06,CW→CC,2025-12-28,,20170,20170
521,977394,Concepcion,Concepcion,,,N/A,2025-12-28 13:31:43,2025-12-28 13:32:25,,2025-12-28,no viajo,,
522,980729,Concepcion,El Parque,20167,L2,V1,2025-12-28 14:21:40,2025-12-28 14:54:01,CC→CW,2025-12-28,,20167,20167
523,980729,El Parque,Laguna Quinenco,20169,L2,V1,2025-12-28 15:40:43,2025-12-28 16:13:29,CC→CW,2025-12-28,,20169,20169
524,980729,Laguna Quinenco,Concepcion,20176,L2,V1,2025-12-28 17:36:02,2025-12-28 18:27:47,CW→CC,2025-12-28,,20176,20176
525,981709,Concepcion,Coronel,20161,L2,V1,2025-12-28 11:44:36,2025-12-28 13:00:56,CC→CW,2025-12-28,,20161,20161
526,981709,Coronel,Concepcion,20172,L2,V1,2025-12-28 16:18:55,2025-12-28 17:31:46,CW→CC,2025-12-28,,20172,20172
527,982500,Laguna Quinenco,Los Canelos,20178,L2,V1,2025-12-28 18:13:38,2025-12-28 18:26:31,CW→CC,2025-12-28,,20178,20178
528,982524,Lomas Coloradas,Concepcion,20186,L2,V1,2025-12-28 20:26:16,2025-12-28 20:59:39,CW→CC,2025-12-28,,20186,20186
529,985682,Lomas Coloradas,Laguna Quinenco,20173,L2,V1,2025-12-28 17:41:48,2025-12-28 18:11:52,CC→CW,2025-12-28,,20173,20173
530,985827,Concepcion,Coronel,20187,L2,V1,2025-12-28 20:39:13,2025-12-28 21:50:30,CC→CW,2025-12-28,,20187,20187
531,986561,Lomas Coloradas,Laguna Quinenco,20183,L2,V1,2025-12-28 19:57:55,2025-12-28 20:43:46,CC→CW,2025-12-28,,20183,20183
532,987467,Concepcion,Cristo Redentor,20171,L2,V1,2025-12-28 16:23:59,2025-12-28 17:17:42,CC→CW,2025-12-28,,20171,20171
533,988893,Cdal. Raul Silva Henriquez,Coronel,20151,L2,V1,2025-12-28 09:42:51,2025-12-28 10:17:54,CC→CW,2025-12-28,,20151,20151
534,989332,Laguna Quinenco,Cristo Redentor,20176,L2,V1,2025-12-28 17:33:50,2025-12-28 17:51:01,CW→CC,2025-12-28,,20176,20176
535,989424,Costa Mar,Huinca,20169,L2,V1,2025-12-28 15:20:33,2025-12-28 16:08:42,CC→CW,2025-12-28,,20169,20169
536,991495,Los Canelos,Concepcion,20168,L2,V1,2025-12-28 14:48:43,2025-12-28 15:28:42,CW→CC,2025-12-28,,20168,20168
537,991495,Concepcion,Los Canelos,20179,L2,V1,2025-12-28 18:41:27,2025-12-28 19:36:18,CC→CW,2025-12-28,,20179,20179
538,991504,Concepcion,Costa Mar,20183,L2,V1,2025-12-28 19:55:41,2025-12-28 20:16:39,CC→CW,2025-12-28,,20183,20183
539,991504,Costa Mar,Concepcion,20186,L2,V1,2025-12-28 20:42:30,2025-12-28 20:59:25,CW→CC,2025-12-28,,20186,20186
540,993312,Juan Pablo II,Coronel,20183,L2,V1,2025-12-28 19:54:53,2025-12-28 20:46:33,CC→CW,2025-12-28,,20183,20183
541,996007,Lomas Coloradas,Laguna Quinenco,20169,L2,V1,2025-12-28 15:42:16,2025-12-28 16:13:48,CC→CW,2025-12-28,,20169,20169
542,996007,Laguna Quinenco,Lomas Coloradas,20186,L2,V1,2025-12-28 20:18:00,2025-12-28 20:39:57,CW→CC,2025-12-28,,20186,20186
543,999657,Laguna Quinenco,Los Canelos,20162,L2,V1,2025-12-28 12:15:49,2025-12-28 12:27:06,CW→CC,2025-12-28,,20162,20162
544,1001886,Concepcion,Los Canelos,20179,L2,V1,2025-12-28 18:54:21,2025-12-28 19:35:18,CC→CW,2025-12-28,,20179,20179
545,1002259,Concepcion,Cdal. Raul Silva Henriquez,20173,L2,V1,2025-12-28 16:55:04,2025-12-28 17:53:30,CC→CW,2025-12-28,,20173,20173
546,1002271,Huinca,Concepcion,20150,L2,V1,2025-12-28 08:50:13,2025-12-28 09:31:18,CW→CC,2025-12-28,,20150,20150
547,1002271,Concepcion,Cristo Redentor,20187,L2,V1,2025-12-28 20:51:38,2025-12-28 21:45:25,CC→CW,2025-12-28,,20187,20187
548,1003933,Concepcion,Diagonal Bio Bio,20173,L2,V1,2025-12-28 17:17:19,2025-12-28 17:40:13,CC→CW,2025-12-28,,20173,20173
549,1004521,Cdal. Raul Silva Henriquez,Concepcion,20156,L2,V1,2025-12-28 10:42:56,2025-12-28 11:18:32,CW→CC,2025-12-28,,20156,20156
550,1004563,Huinca,Juan Pablo II,20156,L2,V1,2025-12-28 10:28:46,2025-12-28 11:12:00,CW→CC,2025-12-28,,20156,20156
551,1004563,Concepcion,Huinca,20173,L2,V1,2025-12-28 16:48:27,2025-12-28 18:05:49,CC→CW,2025-12-28,,20173,20173
552,1004572,Los Canelos,Concepcion,20172,L2,V1,2025-12-28 16:42:32,2025-12-28 17:29:49,CW→CC,2025-12-28,,20172,20172
553,1004598,Los Canelos,Concepcion,20172,L2,V1,2025-12-28 16:41:48,2025-12-28 17:33:27,CW→CC,2025-12-28,,20172,20172
554,1004753,Cdal. Raul Silva Henriquez,Concepcion,20172,L2,V1,2025-12-28 16:56:53,2025-12-28 17:30:24,CW→CC,2025-12-28,,20172,20172
555,1004772,Diagonal Bio Bio,Costa Mar,20169,L2,V1,2025-12-28 15:34:14,2025-12-28 15:45:21,CC→CW,2025-12-28,,20169,20169
556,1005131,Cdal. Raul Silva Henriquez,Concepcion,20168,L2,V1,2025-12-28 14:54:10,2025-12-28 15:29:17,CW→CC,2025-12-28,,20168,20168
557,1006663,Cristo Redentor,Concepcion,20150,L2,V1,2025-12-28 08:47:31,2025-12-28 09:30:49,CW→CC,2025-12-28,,20150,20150
558,1006855,Lzo. Arenas,Hualqui,20847,L1,V1,2025-12-28 20:18:10,2025-12-28 21:01:38,TH→HQ,2025-12-28,,20847,20847
559,1008820,Laguna Quinenco,Concepcion,20160,L2,V1,2025-12-28 11:19:27,2025-12-28 12:13:18,CW→CC,2025-12-28,,20160,20160
560,1010426,Concepcion,Alborada,20165,L2,V1,2025-12-28 12:05:41,2025-12-28 13:31:17,CC→CW,2025-12-28,combo_por_entrada,20165,20165
561,1011127,Lomas Coloradas,Concepcion,20162,L2,V1,2025-12-28 12:30:42,2025-12-28 13:00:32,CW→CC,2025-12-28,,20162,20162
562,1011127,Concepcion,Lomas Coloradas,20187,L2,V1,2025-12-28 20:25:11,2025-12-28 21:30:30,CC→CW,2025-12-28,,20187,20187
563,1011182,Higueras,Hualqui,20847,L1,V1,2025-12-28 19:58:40,2025-12-28 21:01:22,TH→HQ,2025-12-28,,20847,20847
564,1011188,Concepcion,El Parque,20177,L2,V1,2025-12-28 18:17:22,2025-12-28 18:49:17,CC→CW,2025-12-28,,20177,20177
565,1011188,Concepcion,Lzo. Arenas,20848,L1,V1,2025-12-28 20:34:09,2025-12-28 21:15:19,HQ→TH,2025-12-28,combo_por_entrada,20848,20848
566,1011215,Concepcion,Huinca,20169,L2,V1,2025-12-28 15:22:58,2025-12-28 16:05:24,CC→CW,2025-12-28,,20169,20169
567,1013302,Coronel,Hito Galvarino,20182,L2,V1,2025-12-28 19:13:08,2025-12-28 19:31:40,CW→CC,2025-12-28,,20182,20182
568,1013477,Concepcion,Huinca,20177,L2,V1,2025-12-28 18:05:57,2025-12-28 19:07:20,CC→CW,2025-12-28,,20177,20177
569,1015039,Pedro Medina,Concepcion,20850,L1,V1,2025-12-28 09:39:44,2025-12-28 10:09:15,HQ→TH,2025-12-28,,20850,20850
570,1015688,Laguna Quinenco,Hito Galvarino,20166,L2,V1,2025-12-28 13:41:27,2025-12-28 14:05:04,CW→CC,2025-12-28,,20166,20166
571,1015833,Coronel,Laguna Quinenco,20160,L2,V1,2025-12-28 11:16:04,2025-12-28 11:35:39,CW→CC,2025-12-28,,20160,20160
572,1019267,Concepcion,Coronel,20171,L2,V1,2025-12-28 16:02:37,2025-12-28 17:23:55,CC→CW,2025-12-28,,20171,20171
573,1019422,Concepcion,Diagonal Bio Bio,20177,L2,V1,2025-12-28 18:17:53,2025-12-28 18:40:09,CC→CW,2025-12-28,,20177,20177
574,1021396,Concepcion,Coronel,20155,L2,V1,2025-12-28 09:59:16,2025-12-28 11:19:41,CC→CW,2025-12-28,,20155,20155
575,1021396,Coronel,Concepcion,20178,L2,V1,2025-12-28 18:11:37,2025-12-28 18:59:40,CW→CC,2025-12-28,,20178,20178
576,1021472,Concepcion,Higueras,20848,L1,V1,2025-12-28 20:30:16,2025-12-28 21:24:13,HQ→TH,2025-12-28,combo_por_entrada,20848,20848
577,1023091,Concepcion,Hualqui,20845,L1,V1,2025-12-28 16:25:58,2025-12-28 17:01:31,TH→HQ,2025-12-28,,20845,20845
578,1023440,Cdal. Raul Silva Henriquez,Concepcion,20172,L2,V1,2025-12-28 16:53:36,2025-12-28 17:29:13,CW→CC,2025-12-28,,20172,20172
579,1023440,Concepcion,Cdal. Raul Silva Henriquez,20187,L2,V1,2025-12-28 20:45:15,2025-12-28 21:32:30,CC→CW,2025-12-28,,20187,20187
580,1023520,Cristo Redentor,Concepcion,20168,L2,V1,2025-12-28 14:28:27,2025-12-28 15:29:31,CW→CC,2025-12-28,,20168,20168
581,1024598,Concepcion,Lomas Coloradas,20183,L2,V1,2025-12-28 19:24:07,2025-12-28 20:23:03,CC→CW,2025-12-28,,20183,20183
582,1027387,Concepcion,El Parque,20177,L2,V1,2025-12-28 18:19:04,2025-12-28 18:49:53,CC→CW,2025-12-28,,20177,20177
583,1027387,El Parque,Cristo Redentor,20183,L2,V1,2025-12-28 19:56:29,2025-12-28 20:41:30,CC→CW,2025-12-28,,20183,20183
584,1027566,Lomas Coloradas,Laguna Quinenco,20169,L2,V1,2025-12-28 15:42:04,2025-12-28 16:13:40,CC→CW,2025-12-28,,20169,20169
585,1027566,Laguna Quinenco,Lomas Coloradas,20186,L2,V1,2025-12-28 20:17:53,2025-12-28 20:40:22,CW→CC,2025-12-28,,20186,20186
586,1027636,Cristo Redentor,Concepcion,20166,L2,V1,2025-12-28 13:38:12,2025-12-28 14:33:29,CW→CC,2025-12-28,,20166,20166
587,1027636,Concepcion,Huinca,20187,L2,V1,2025-12-28 20:13:02,2025-12-28 21:43:10,CC→CW,2025-12-28,,20187,20187
588,1029345,Los Canelos,Alborada,20160,L2,V1,2025-12-28 11:19:36,2025-12-28 12:01:04,CW→CC,2025-12-28,,20160,20160
589,1031229,Lomas Coloradas,Juan Pablo II,20178,L2,V1,2025-12-28 18:19:29,2025-12-28 18:53:05,CW→CC,2025-12-28,,20178,20178
590,1031344,Cristo Redentor,Concepcion,20166,L2,V1,2025-12-28 13:54:47,2025-12-28 14:33:46,CW→CC,2025-12-28,,20166,20166
591,1031344,Concepcion,Diagonal Bio Bio,20169,L2,V1,2025-12-28 15:07:03,2025-12-28 15:39:52,CC→CW,2025-12-28,,20169,20169
592,1031344,Diagonal Bio Bio,Cristo Redentor,20187,L2,V1,2025-12-28 21:12:08,2025-12-28 21:44:17,CC→CW,2025-12-28,,20187,20187
593,1035317,Concepcion,Coronel,20165,L2,V1,2025-12-28 13:10:29,2025-12-28 13:59:34,CC→CW,2025-12-28,,20165,20165
594,1035317,Coronel,Concepcion,20170,L2,V1,2025-12-28 15:27:20,2025-12-28 16:22:18,CW→CC,2025-12-28,,20170,20170
595,1035320,Concepcion,Cdal. Raul Silva Henriquez,20157,L2,V1,2025-12-28 11:32:07,2025-12-28 12:40:13,CC→CW,2025-12-28,,20157,20157
596,1035320,Cdal. Raul Silva Henriquez,Concepcion,20186,L2,V1,2025-12-28 20:27:11,2025-12-28 20:59:52,CW→CC,2025-12-28,,20186,20186
597,1036531,Pedro Medina,Concepcion,20850,L1,V1,2025-12-28 09:39:40,2025-12-28 10:09:22,HQ→TH,2025-12-28,,20850,20850
598,1037039,Cristo Redentor,Concepcion,20172,L2,V1,2025-12-28 16:44:06,2025-12-28 17:28:50,CW→CC,2025-12-28,,20172,20172
599,1037039,Concepcion,Cristo Redentor,20179,L2,V1,2025-12-28 18:48:49,2025-12-28 19:40:33,CC→CW,2025-12-28,,20179,20179
600,1037081,Hualqui,Mercado,20850,L1,V1,2025-12-28 09:26:12,2025-12-28 10:30:33,HQ→TH,2025-12-28,,20850,20850
601,1039300,Concepcion,Los Canelos,20183,L2,V1,2025-12-28 19:38:10,2025-12-28 20:38:26,CC→CW,2025-12-28,,20183,20183
602,1039367,Concepcion,Laguna Quinenco,20187,L2,V1,2025-12-28 20:35:41,2025-12-28 21:47:35,CC→CW,2025-12-28,,20187,20187
603,1041607,Concepcion,Lomas Coloradas,20177,L2,V1,2025-12-28 18:24:09,2025-12-28 18:50:58,CC→CW,2025-12-28,,20177,20177
604,1043811,El Parque,Los Canelos,20183,L2,V1,2025-12-28 19:33:46,2025-12-28 20:37:18,CC→CW,2025-12-28,,20183,20183
605,1043833,Cristo Redentor,Lomas Coloradas,20182,L2,V1,2025-12-28 19:09:56,2025-12-28 19:41:09,CW→CC,2025-12-28,,20182,20182
606,1043975,Lomas Coloradas,Concepcion,20160,L2,V1,2025-12-28 11:49:45,2025-12-28 12:13:23,CW→CC,2025-12-28,,20160,20160
607,1045587,Huinca,Cdal. Raul Silva Henriquez,20166,L2,V1,2025-12-28 13:20:52,2025-12-28 14:10:53,CW→CC,2025-12-28,,20166,20166
608,1045587,Cdal. Raul Silva Henriquez,Huinca,20167,L2,V1,2025-12-28 14:26:25,2025-12-28 15:11:46,CC→CW,2025-12-28,,20167,20167
609,1046242,Costa Mar,Hito Galvarino,20173,L2,V1,2025-12-28 17:37:11,2025-12-28 18:00:33,CC→CW,2025-12-28,,20173,20173
610,1046242,Hito Galvarino,Concepcion,20186,L2,V1,2025-12-28 20:28:14,2025-12-28 20:59:20,CW→CC,2025-12-28,,20186,20186
611,1046323,Hualqui,Concepcion,20844,L1,V1,2025-12-28 12:03:23,2025-12-28 13:03:03,HQ→TH,2025-12-28,,20844,20844
612,1048589,UTF Santa Maria,Hualqui,20859,L1,V1,2025-12-28 12:43:18,2025-12-28 13:30:33,TH→HQ,2025-12-28,,20859,20859
613,1048910,Lomas Coloradas,Laguna Quinenco,20169,L2,V1,2025-12-28 15:42:13,2025-12-28 16:14:10,CC→CW,2025-12-28,,20169,20169
614,1048910,Laguna Quinenco,Lomas Coloradas,20186,L2,V1,2025-12-28 20:18:01,2025-12-28 20:40:05,CW→CC,2025-12-28,,20186,20186
615,1051055,Concepcion,Higueras,20844,L1,V1,2025-12-28 12:29:59,2025-12-28 13:20:35,HQ→TH,2025-12-28,,20844,20844
616,1051063,Lomas Coloradas,Concepcion,20176,L2,V1,2025-12-28 17:54:56,2025-12-28 18:27:40,CW→CC,2025-12-28,,20176,20176
617,1051126,Chiguayante,Concepcion,20850,L1,V1,2025-12-28 09:45:07,2025-12-28 10:10:14,HQ→TH,2025-12-28,,20850,20850
618,1053271,Concepcion,Cdal. Raul Silva Henriquez,20155,L2,V1,2025-12-28 09:05:31,2025-12-28 10:59:39,CC→CW,2025-12-28,combo_por_entrada,20155,20155
619,1053271,Cdal. Raul Silva Henriquez,Concepcion,20186,L2,V1,2025-12-28 19:48:03,2025-12-28 21:02:19,CW→CC,2025-12-28,,20186,20186
620,1055405,Los Canelos,Concepcion,20166,L2,V1,2025-12-28 13:43:40,2025-12-28 14:33:07,CW→CC,2025-12-28,,20166,20166
621,1055405,Concepcion,Los Canelos,20171,L2,V1,2025-12-28 16:35:49,2025-12-28 17:14:18,CC→CW,2025-12-28,,20171,20171
622,1055480,Huinca,Concepcion,20156,L2,V1,2025-12-28 10:25:41,2025-12-28 11:18:40,CW→CC,2025-12-28,,20156,20156
623,1055480,Concepcion,Huinca,20187,L2,V1,2025-12-28 20:25:29,2025-12-28 21:43:18,CC→CW,2025-12-28,,20187,20187
624,1055521,Los Condores,Chiguayante,20847,L1,V1,2025-12-28 20:11:55,2025-12-28 20:41:05,TH→HQ,2025-12-28,,20847,20847
625,1056858,Concepcion,Lomas Coloradas,20155,L2,V1,2025-12-28 09:20:40,2025-12-28 10:58:04,CC→CW,2025-12-28,combo_por_entrada,20155,20155
626,1057451,Cdal. Raul Silva Henriquez,Los Canelos,20155,L2,V1,2025-12-28 10:49:11,2025-12-28 11:09:14,CC→CW,2025-12-28,,20155,20155
627,1059605,Hito Galvarino,Concepcion,20162,L2,V1,2025-12-28 12:18:59,2025-12-28 12:59:20,CW→CC,2025-12-28,,20162,20162
628,1062083,Chiguayante,Los Condores,20848,L1,V1,2025-12-28 20:36:27,2025-12-28 21:21:30,HQ→TH,2025-12-28,,20848,20848
629,1062192,Laguna Quinenco,Diagonal Bio Bio,20154,L2,V1,2025-12-28 09:52:26,2025-12-28 10:23:17,CW→CC,2025-12-28,,20154,20154
630,1062192,Concepcion,Laguna Quinenco,20187,L2,V1,2025-12-28 20:44:59,2025-12-28 21:46:50,CC→CW,2025-12-28,,20187,20187
631,1062217,Huinca,Juan Pablo II,20154,L2,V1,2025-12-28 09:49:23,2025-12-28 10:26:57,CW→CC,2025-12-28,,20154,20154
632,1062217,Juan Pablo II,Huinca,20179,L2,V1,2025-12-28 19:07:02,2025-12-28 19:39:05,CC→CW,2025-12-28,,20179,20179
633,1064316,Laguna Quinenco,El Parque,20156,L2,V1,2025-12-28 10:32:43,2025-12-28 10:59:53,CW→CC,2025-12-28,,20156,20156
634,1064316,El Parque,Laguna Quinenco,20157,L2,V1,2025-12-28 11:41:25,2025-12-28 12:11:37,CC→CW,2025-12-28,,20157,20157
635,1064625,UTF Santa Maria,Hualqui,20859,L1,V1,2025-12-28 12:43:45,2025-12-28 13:30:40,TH→HQ,2025-12-28,,20859,20859
636,1066359,Concepcion,Coronel,20167,L2,V1,2025-12-28 14:14:59,2025-12-28 15:20:51,CC→CW,2025-12-28,,20167,20167
637,1070480,Concepcion,Costa Mar,20161,L2,V1,2025-12-28 12:07:34,2025-12-28 12:31:05,CC→CW,2025-12-28,,20161,20161
638,1070499,Cristo Redentor,Concepcion,20172,L2,V1,2025-12-28 16:42:28,2025-12-28 17:29:17,CW→CC,2025-12-28,,20172,20172
639,1070499,Concepcion,Cristo Redentor,20187,L2,V1,2025-12-28 20:37:12,2025-12-28 21:44:39,CC→CW,2025-12-28,,20187,20187
640,1070506,Concepcion,Los Canelos,20155,L2,V1,2025-12-28 10:18:43,2025-12-28 11:10:10,CC→CW,2025-12-28,,20155,20155
641,1070625,Concepcion,Coronel,20165,L2,V1,2025-12-28 12:38:37,2025-12-28 13:59:53,CC→CW,2025-12-28,,20165,20165
642,1071729,Mercado,La Leonera,20847,L1,V1,2025-12-28 19:42:38,2025-12-28 20:48:17,TH→HQ,2025-12-28,,20847,20847
643,1072268,Costa Mar,Coronel,20177,L2,V1,2025-12-28 18:36:57,2025-12-28 19:15:27,CC→CW,2025-12-28,,20177,20177
644,1074868,Juan Pablo II,Huinca,20161,L2,V1,2025-12-28 12:16:49,2025-12-28 12:51:43,CC→CW,2025-12-28,,20161,20161
645,1075077,Concepcion,Concepcion,,,N/A,2025-12-28 10:44:51,2025-12-28 10:45:22,,2025-12-28,no viajo,,
646,1075077,Concepcion,Hualqui,20847,L1,V1,2025-12-28 20:06:14,2025-12-28 21:00:39,TH→HQ,2025-12-28,,20847,20847
647,1077134,Costa Mar,Concepcion,20178,L2,V1,2025-12-28 18:43:18,2025-12-28 18:58:58,CW→CC,2025-12-28,,20178,20178
648,1077187,Laguna Quinenco,Concepcion,20168,L2,V1,2025-12-28 14:46:03,2025-12-28 15:28:00,CW→CC,2025-12-28,,20168,20168
649,1077187,Concepcion,Coronel,20173,L2,V1,2025-12-28 17:08:40,2025-12-28 18:13:20,CC→CW,2025-12-28,,20173,20173
650,1078887,Concepcion,Concepcion,,,N/A,2025-12-28 14:57:30,2025-12-28 14:59:39,,2025-12-28,no viajo,,
651,1078887,Concepcion,Concepcion,,,N/A,2025-12-28 16:27:10,2025-12-28 19:01:06,,2025-12-28,no viajo,,
652,1081765,Hito Galvarino,Concepcion,20156,L2,V1,2025-12-28 10:44:35,2025-12-28 11:17:54,CW→CC,2025-12-28,,20156,20156
653,1081765,Concepcion,Hito Galvarino,20171,L2,V1,2025-12-28 16:03:06,2025-12-28 17:10:15,CC→CW,2025-12-28,combo_por_entrada,20171,20171
654,1084231,Concepcion,Concepcion,,,N/A,2025-12-28 15:22:48,2025-12-28 15:28:50,,2025-12-28,no viajo,,
655,1086533,Diagonal Bio Bio,Coronel,20161,L2,V1,2025-12-28 12:29:38,2025-12-28 14:00:15,CC→CW,2025-12-28,,20161,20161
656,1086533,Coronel,Diagonal Bio Bio,20186,L2,V1,2025-12-28 19:58:13,2025-12-28 20:49:19,CW→CC,2025-12-28,,20186,20186
657,1086693,Cristo Redentor,Costa Mar,20170,L2,V1,2025-12-28 15:14:01,2025-12-28 16:08:40,CW→CC,2025-12-28,,20170,20170
658,1086693,Costa Mar,Cristo Redentor,20187,L2,V1,2025-12-28 20:54:01,2025-12-28 21:44:19,CC→CW,2025-12-28,,20187,20187
659,1086797,Laguna Quinenco,Huinca,20182,L2,V1,2025-12-28 19:06:31,2025-12-28 19:27:22,CW→CC,2025-12-28,,20182,20182
660,1086825,Hito Galvarino,Concepcion,20182,L2,V1,2025-12-28 19:05:08,2025-12-28 20:01:16,CW→CC,2025-12-28,,20182,20182
661,1088821,Concepcion,Concepcion,,,N/A,2025-12-28 18:34:58,2025-12-28 20:01:15,,2025-12-28,no viajo,,
662,1089008,Lomas Coloradas,Costa Mar,20170,L2,V1,2025-12-28 15:56:14,2025-12-28 16:08:37,CW→CC,2025-12-28,,20170,20170
663,1089008,Costa Mar,Lomas Coloradas,20171,L2,V1,2025-12-28 16:40:40,2025-12-28 17:00:14,CC→CW,2025-12-28,,20171,20171
664,1089238,Lomas Coloradas,Cristo Redentor,20173,L2,V1,2025-12-28 17:28:01,2025-12-28 18:08:54,CC→CW,2025-12-28,,20173,20173
665,1089240,Laguna Quinenco,Cristo Redentor,20154,L2,V1,2025-12-28 09:46:39,2025-12-28 09:57:04,CW→CC,2025-12-28,,20154,20154
666,1095337,Concepcion,Cristo Redentor,20167,L2,V1,2025-12-28 14:22:13,2025-12-28 15:13:55,CC→CW,2025-12-28,,20167,20167
667,1095337,Cristo Redentor,Concepcion,20182,L2,V1,2025-12-28 19:11:53,2025-12-28 20:02:55,CW→CC,2025-12-28,,20182,20182
668,1095470,Los Canelos,Costa Mar,20168,L2,V1,2025-12-28 14:40:48,2025-12-28 15:15:29,CW→CC,2025-12-28,,20168,20168
669,1095807,Concepcion,Los Canelos,20171,L2,V1,2025-12-28 16:27:06,2025-12-28 17:13:21,CC→CW,2025-12-28,,20171,20171
670,1095914,Huinca,Concepcion,20186,L2,V1,2025-12-28 20:21:00,2025-12-28 21:00:03,CW→CC,2025-12-28,,20186,20186
671,1095942,Hito Galvarino,Costa Mar,20172,L2,V1,2025-12-28 16:14:47,2025-12-28 17:14:42,CW→CC,2025-12-28,,20172,20172
672,1097554,Coronel,Concepcion,20168,L2,V1,2025-12-28 14:32:21,2025-12-28 15:29:09,CW→CC,2025-12-28,,20168,20168
673,1097621,Concepcion,Concepcion,,,N/A,2025-12-28 10:29:59,2025-12-28 10:30:32,,2025-12-28,no viajo,,
674,1097621,Concepcion,Concepcion,,,N/A,2025-12-28 14:42:33,2025-12-28 14:43:05,,2025-12-28,no viajo,,
675,1097690,Concepcion,El Parque,20171,L2,V1,2025-12-28 16:36:21,2025-12-28 16:59:01,CC→CW,2025-12-28,,20171,20171
676,1097699,Diagonal Bio Bio,Concepcion,20150,L2,V1,2025-12-28 09:20:05,2025-12-28 09:31:40,CW→CC,2025-12-28,,20150,20150
677,1099479,Coronel,Cristo Redentor,20172,L2,V1,2025-12-28 16:31:57,2025-12-28 16:51:38,CW→CC,2025-12-28,,20172,20172
678,1103575,El Parque,Concepcion,20168,L2,V1,2025-12-28 15:01:49,2025-12-28 15:29:19,CW→CC,2025-12-28,,20168,20168
679,1103575,Concepcion,El Parque,20183,L2,V1,2025-12-28 19:49:22,2025-12-28 20:20:19,CC→CW,2025-12-28,,20183,20183
680,1103580,Concepcion,El Parque,20173,L2,V1,2025-12-28 17:30:50,2025-12-28 17:48:24,CC→CW,2025-12-28,,20173,20173
681,1103681,Coronel,Costa Mar,20162,L2,V1,2025-12-28 11:51:30,2025-12-28 12:45:13,CW→CC,2025-12-28,,20162,20162
682,1106022,Cristo Redentor,Alborada,20182,L2,V1,2025-12-28 19:21:33,2025-12-28 19:48:34,CW→CC,2025-12-28,,20182,20182
683,1108011,Cdal. Raul Silva Henriquez,Concepcion,20162,L2,V1,2025-12-28 12:22:42,2025-12-28 12:59:59,CW→CC,2025-12-28,,20162,20162
684,1108068,Costa Mar,Cristo Redentor,20187,L2,V1,2025-12-28 21:11:46,2025-12-28 21:45:14,CC→CW,2025-12-28,,20187,20187
685,1109850,Concepcion,Coronel,20157,L2,V1,2025-12-28 11:17:05,2025-12-28 12:14:28,CC→CW,2025-12-28,,20157,20157
686,1109850,Coronel,Concepcion,20186,L2,V1,2025-12-28 20:06:05,2025-12-28 21:24:24,CW→CC,2025-12-28,combo_por_entrada,20186,20186
687,1109980,Concepcion,Cristo Redentor,20155,L2,V1,2025-12-28 10:12:17,2025-12-28 11:14:57,CC→CW,2025-12-28,,20155,20155
688,1112012,Concepcion,Costa Mar,20171,L2,V1,2025-12-28 16:38:10,2025-12-28 16:55:59,CC→CW,2025-12-28,,20171,20171
689,1116114,Los Canelos,Concepcion,20168,L2,V1,2025-12-28 14:48:38,2025-12-28 15:28:36,CW→CC,2025-12-28,,20168,20168
690,1116114,Concepcion,Los Canelos,20179,L2,V1,2025-12-28 18:41:19,2025-12-28 19:36:05,CC→CW,2025-12-28,,20179,20179
691,1116137,Costa Mar,Huinca,20183,L2,V1,2025-12-28 20:08:11,2025-12-28 20:38:32,CC→CW,2025-12-28,,20183,20183
692,1118360,Lomas Coloradas,Concepcion,20168,L2,V1,2025-12-28 15:06:28,2025-12-28 15:28:13,CW→CC,2025-12-28,,20168,20168
693,1118360,Concepcion,Lomas Coloradas,20183,L2,V1,2025-12-28 19:53:41,2025-12-28 20:23:22,CC→CW,2025-12-28,,20183,20183
694,1118387,Lomas Coloradas,Juan Pablo II,20150,L2,V1,2025-12-28 09:07:08,2025-12-28 09:24:32,CW→CC,2025-12-28,,20150,20150
695,1118389,Lomas Coloradas,Juan Pablo II,20150,L2,V1,2025-12-28 09:07:06,2025-12-28 09:24:32,CW→CC,2025-12-28,,20150,20150
696,1118465,Lomas Coloradas,Concepcion,20162,L2,V1,2025-12-28 12:28:11,2025-12-28 12:59:33,CW→CC,2025-12-28,,20162,20162
697,1118465,Concepcion,Lomas Coloradas,20173,L2,V1,2025-12-28 17:19:55,2025-12-28 17:52:18,CC→CW,2025-12-28,,20173,20173
698,1118515,Concepcion,Cristo Redentor,20161,L2,V1,2025-12-28 12:09:14,2025-12-28 12:55:02,CC→CW,2025-12-28,,20161,20161
699,1118663,Costa Mar,Huinca,20183,L2,V1,2025-12-28 20:08:19,2025-12-28 20:38:32,CC→CW,2025-12-28,,20183,20183
700,1119914,Hualqui,UTF Santa Maria,20848,L1,V1,2025-12-28 20:20:48,2025-12-28 21:17:31,HQ→TH,2025-12-28,,20848,20848
701,1120832,Lzo. Arenas,Concepcion,20847,L1,V1,2025-12-28 20:14:40,2025-12-28 20:28:41,TH→HQ,2025-12-28,,20847,20847
702,1120836,Costa Mar,Laguna Quinenco,20161,L2,V1,2025-12-28 12:29:07,2025-12-28 12:56:54,CC→CW,2025-12-28,,20161,20161
703,1120836,Laguna Quinenco,Costa Mar,20170,L2,V1,2025-12-28 15:23:45,2025-12-28 16:08:31,CW→CC,2025-12-28,,20170,20170
704,1120836,Alborada,Concepcion,20178,L2,V1,2025-12-28 18:33:07,2025-12-28 18:59:40,CW→CC,2025-12-28,,20178,20178
705,1120836,Concepcion,Alborada,20187,L2,V1,2025-12-28 20:12:49,2025-12-28 21:22:07,CC→CW,2025-12-28,,20187,20187
706,1121003,Laguna Quinenco,Costa Mar,20160,L2,V1,2025-12-28 11:28:36,2025-12-28 11:59:06,CW→CC,2025-12-28,,20160,20160
707,1121003,Costa Mar,Laguna Quinenco,20167,L2,V1,2025-12-28 14:47:09,2025-12-28 15:16:27,CC→CW,2025-12-28,,20167,20167
708,1123062,Cristo Redentor,Lomas Coloradas,20162,L2,V1,2025-12-28 12:18:38,2025-12-28 12:38:42,CW→CC,2025-12-28,,20162,20162
709,1123096,Concepcion,Coronel,20151,L2,V1,2025-12-28 08:53:44,2025-12-28 10:16:51,CC→CW,2025-12-28,,20151,20151
710,1123168,Concepcion,Cristo Redentor,20151,L2,V1,2025-12-28 09:21:57,2025-12-28 10:10:42,CC→CW,2025-12-28,,20151,20151
711,1123200,Laguna Quinenco,Concepcion,20186,L2,V1,2025-12-28 19:48:31,2025-12-28 20:59:59,CW→CC,2025-12-28,,20186,20186
712,1123278,Concepcion,Los Canelos,20183,L2,V1,2025-12-28 19:38:11,2025-12-28 20:38:23,CC→CW,2025-12-28,,20183,20183
713,1125685,Juan Pablo II,Cristo Redentor,20187,L2,V1,2025-12-28 20:58:57,2025-12-28 21:44:53,CC→CW,2025-12-28,,20187,20187
714,1125746,Coronel,Concepcion,20178,L2,V1,2025-12-28 18:12:06,2025-12-28 19:00:26,CW→CC,2025-12-28,,20178,20178
715,1127886,Laguna Quinenco,Cristo Redentor,20176,L2,V1,2025-12-28 17:33:54,2025-12-28 17:51:03,CW→CC,2025-12-28,,20176,20176
716,1127888,Huinca,Concepcion,20156,L2,V1,2025-12-28 10:30:55,2025-12-28 11:20:22,CW→CC,2025-12-28,,20156,20156
717,1127923,Laguna Quinenco,Concepcion,20182,L2,V1,2025-12-28 19:12:19,2025-12-28 20:02:16,CW→CC,2025-12-28,,20182,20182
718,1127971,Juan Pablo II,Lomas Coloradas,20171,L2,V1,2025-12-28 16:37:29,2025-12-28 17:00:29,CC→CW,2025-12-28,,20171,20171
719,1128069,Laguna Quinenco,Concepcion,20186,L2,V1,2025-12-28 20:16:53,2025-12-28 21:00:17,CW→CC,2025-12-28,,20186,20186
720,1129743,Juan Pablo II,Lomas Coloradas,20167,L2,V1,2025-12-28 14:27:43,2025-12-28 14:57:09,CC→CW,2025-12-28,,20167,20167
721,1130584,Huinca,Concepcion,20186,L2,V1,2025-12-28 20:19:24,2025-12-28 20:59:58,CW→CC,2025-12-28,,20186,20186
722,1130949,Coronel,Laguna Quinenco,20182,L2,V1,2025-12-28 19:11:43,2025-12-28 19:21:13,CW→CC,2025-12-28,,20182,20182
723,1130950,Costa Mar,Laguna Quinenco,20151,L2,V1,2025-12-28 09:41:01,2025-12-28 10:14:21,CC→CW,2025-12-28,,20151,20151
724,1130950,Laguna Quinenco,Costa Mar,20160,L2,V1,2025-12-28 11:16:05,2025-12-28 11:59:14,CW→CC,2025-12-28,,20160,20160
725,1130950,Costa Mar,Los Canelos,20169,L2,V1,2025-12-28 15:40:32,2025-12-28 16:03:00,CC→CW,2025-12-28,,20169,20169
726,1133011,Diagonal Bio Bio,Concepcion,20166,L2,V1,2025-12-28 14:19:20,2025-12-28 14:32:42,CW→CC,2025-12-28,,20166,20166
727,1133011,Concepcion,Concepcion,,,N/A,2025-12-28 14:57:00,2025-12-28 14:57:39,,2025-12-28,no viajo,,
728,1133097,Costa Mar,Concepcion,20182,L2,V1,2025-12-28 19:37:25,2025-12-28 20:00:41,CW→CC,2025-12-28,,20182,20182
729,1133125,Concepcion,Coronel,20183,L2,V1,2025-12-28 19:52:26,2025-12-28 20:46:45,CC→CW,2025-12-28,,20183,20183
730,1133225,Cristo Redentor,El Parque,20176,L2,V1,2025-12-28 17:45:16,2025-12-28 18:10:19,CW→CC,2025-12-28,,20176,20176
731,1133231,Concepcion,Lomas Coloradas,20167,L2,V1,2025-12-28 14:27:32,2025-12-28 14:56:49,CC→CW,2025-12-28,,20167,20167
732,1135199,Higueras,Pedro Medina,20845,L1,V1,2025-12-28 16:07:09,2025-12-28 16:44:07,TH→HQ,2025-12-28,,20845,20845
733,1137382,Los Canelos,Diagonal Bio Bio,20156,L2,V1,2025-12-28 10:31:55,2025-12-28 11:08:02,CW→CC,2025-12-28,,20156,20156
734,1137382,Diagonal Bio Bio,Los Canelos,20157,L2,V1,2025-12-28 11:34:52,2025-12-28 12:04:17,CC→CW,2025-12-28,,20157,20157
735,1137417,Costa Mar,Lomas Coloradas,20179,L2,V1,2025-12-28 19:13:19,2025-12-28 19:22:05,CC→CW,2025-12-28,,20179,20179
736,1139391,Los Canelos,Costa Mar,20176,L2,V1,2025-12-28 17:50:19,2025-12-28 18:12:55,CW→CC,2025-12-28,,20176,20176
737,1139391,Costa Mar,Los Canelos,20177,L2,V1,2025-12-28 18:35:43,2025-12-28 19:05:32,CC→CW,2025-12-28,,20177,20177
738,1139423,Concepcion,El Parque,20167,L2,V1,2025-12-28 13:33:23,2025-12-28 14:54:28,CC→CW,2025-12-28,,20167,20167
739,1141027,Los Condores,Lzo. Arenas,20845,L1,V1,2025-12-28 16:06:27,2025-12-28 16:21:05,TH→HQ,2025-12-28,,20845,20845
740,1141152,El Parque,Concepcion,20168,L2,V1,2025-12-28 14:26:33,2025-12-28 15:29:42,CW→CC,2025-12-28,,20168,20168
741,1141337,Concepcion,Cdal. Raul Silva Henriquez,20187,L2,V1,2025-12-28 20:15:09,2025-12-28 21:34:15,CC→CW,2025-12-28,,20187,20187
742,1143725,La Leonera,UTF Santa Maria,20850,L1,V1,2025-12-28 09:32:53,2025-12-28 10:16:24,HQ→TH,2025-12-28,,20850,20850
743,1145393,Costa Mar,Coronel,20157,L2,V1,2025-12-28 11:29:01,2025-12-28 12:14:33,CC→CW,2025-12-28,,20157,20157
744,1145393,Coronel,Costa Mar,20170,L2,V1,2025-12-28 15:31:37,2025-12-28 16:08:27,CW→CC,2025-12-28,,20170,20170
745,1145543,Cdal. Raul Silva Henriquez,Cristo Redentor,20155,L2,V1,2025-12-28 10:51:27,2025-12-28 11:14:52,CC→CW,2025-12-28,,20155,20155
746,1145604,Coronel,Concepcion,20168,L2,V1,2025-12-28 13:56:57,2025-12-28 15:31:04,CW→CC,2025-12-28,,20168,20166
747,1145604,El Parque,Coronel,20177,L2,V1,2025-12-28 18:27:02,2025-12-28 19:16:46,CC→CW,2025-12-28,,20177,20177
748,1145816,Hito Galvarino,Lomas Coloradas,20176,L2,V1,2025-12-28 17:57:03,2025-12-28 18:06:44,CW→CC,2025-12-28,,20176,20176
749,1145816,Lomas Coloradas,Hito Galvarino,20183,L2,V1,2025-12-28 20:21:40,2025-12-28 20:32:21,CC→CW,2025-12-28,,20183,20183
750,1147230,Concepcion,La Leonera,20847,L1,V1,2025-12-28 19:10:48,2025-12-28 20:50:38,TH→HQ,2025-12-28,combo_por_entrada,20847,20847
751,1147740,Concepcion,Los Condores,20844,L1,V1,2025-12-28 12:16:24,2025-12-28 13:16:43,HQ→TH,2025-12-28,,20844,20844
752,1149769,Coronel,Cristo Redentor,20172,L2,V1,2025-12-28 16:21:26,2025-12-28 16:52:29,CW→CC,2025-12-28,,20172,20172
753,1149935,Coronel,Cristo Redentor,20172,L2,V1,2025-12-28 16:21:31,2025-12-28 16:52:29,CW→CC,2025-12-28,,20172,20172
754,1151732,Alborada,Cdal. Raul Silva Henriquez,20179,L2,V1,2025-12-28 18:54:53,2025-12-28 19:25:40,CC→CW,2025-12-28,,20179,20179
755,1151885,Costa Mar,Cristo Redentor,20171,L2,V1,2025-12-28 16:40:27,2025-12-28 17:17:56,CC→CW,2025-12-28,,20171,20171
756,1152056,Laguna Quinenco,Concepcion,20154,L2,V1,2025-12-28 09:45:36,2025-12-28 10:32:56,CW→CC,2025-12-28,,20154,20154
757,1152166,La Leonera,Concepcion,20846,L1,V2,2025-12-28 17:17:12,2025-12-28 17:36:59,,2025-12-28,sin_combo_factible_en_hub|sin_s1_factible_retro,,20846
758,1153500,Los Canelos,Concepcion,20172,L2,V1,2025-12-28 16:48:35,2025-12-28 17:29:09,CW→CC,2025-12-28,,20172,20172
759,1154710,Coronel,Lomas Coloradas,20176,L2,V1,2025-12-28 17:37:49,2025-12-28 18:06:53,CW→CC,2025-12-28,,20176,20176
760,1154710,Lomas Coloradas,Juan Pablo II,20178,L2,V1,2025-12-28 18:35:06,2025-12-28 18:52:43,CW→CC,2025-12-28,,20178,20178
761,1157059,Concepcion,Laguna Quinenco,20177,L2,V1,2025-12-28 18:09:48,2025-12-28 19:13:36,CC→CW,2025-12-28,,20177,20177
762,1157217,Concepcion,Huinca,20177,L2,V1,2025-12-28 18:32:48,2025-12-28 19:39:08,CC→CW,2025-12-28,,20177,20177
763,1159599,Laguna Quinenco,Lomas Coloradas,20166,L2,V1,2025-12-28 13:26:44,2025-12-28 14:13:44,CW→CC,2025-12-28,,20166,20166
764,1159777,Coronel,Concepcion,20176,L2,V1,2025-12-28 17:35:35,2025-12-28 18:28:51,CW→CC,2025-12-28,,20176,20176
765,1161826,Concepcion,Lomas Coloradas,20171,L2,V1,2025-12-28 15:53:39,2025-12-28 17:00:53,CC→CW,2025-12-28,combo_por_entrada,20171,20171
766,1164288,Pedro Medina,Higueras,20844,L1,V1,2025-12-28 12:27:11,2025-12-28 13:21:31,HQ→TH,2025-12-28,,20844,20844
767,1164290,Concepcion,Los Canelos,20183,L2,V1,2025-12-28 19:51:39,2025-12-28 20:36:40,CC→CW,2025-12-28,,20183,20183
768,1164633,Laguna Quinenco,Concepcion,20162,L2,V1,2025-12-28 12:14:25,2025-12-28 12:59:00,CW→CC,2025-12-28,,20162,20162
769,1164633,Concepcion,Cristo Redentor,20169,L2,V1,2025-12-28 14:59:05,2025-12-28 16:09:16,CC→CW,2025-12-28,,20169,20169
770,1164972,Huinca,Concepcion,20172,L2,V1,2025-12-28 16:36:03,2025-12-28 17:28:59,CW→CC,2025-12-28,,20172,20172
771,1165198,Cristo Redentor,El Parque,20172,L2,V1,2025-12-28 16:47:01,2025-12-28 17:13:21,CW→CC,2025-12-28,,20172,20172
772,1168154,Coronel,Concepcion,20168,L2,V1,2025-12-28 14:36:02,2025-12-28 15:29:17,CW→CC,2025-12-28,,20168,20168
773,1168736,Cristo Redentor,Alborada,20160,L2,V1,2025-12-28 11:32:28,2025-12-28 12:01:32,CW→CC,2025-12-28,,20160,20160
774,1168736,Costa Mar,Cristo Redentor,20177,L2,V1,2025-12-28 18:12:40,2025-12-28 19:09:36,CC→CW,2025-12-28,,20177,20177
775,1170239,El Parque,Cdal. Raul Silva Henriquez,20183,L2,V1,2025-12-28 20:18:10,2025-12-28 20:26:09,CC→CW,2025-12-28,,20183,20183
776,1170376,Concepcion,Coronel,20171,L2,V1,2025-12-28 16:34:19,2025-12-28 17:23:59,CC→CW,2025-12-28,,20171,20171
777,1170997,Concepcion,El Parque,20161,L2,V1,2025-12-28 11:57:13,2025-12-28 13:33:13,CC→CW,2025-12-28,,20161,20161
778,1170997,El Parque,Concepcion,20168,L2,V1,2025-12-28 15:08:06,2025-12-28 15:24:09,CW→CC,2025-12-28,,20168,20168
779,1171332,Concepcion,Los Canelos,20151,L2,V1,2025-12-28 09:18:20,2025-12-28 10:06:10,CC→CW,2025-12-28,,20151,20151
780,1171332,Los Canelos,Concepcion,20186,L2,V1,2025-12-28 20:16:48,2025-12-28 21:00:26,CW→CC,2025-12-28,,20186,20186
781,1171437,Cdal. Raul Silva Henriquez,Concepcion,20172,L2,V1,2025-12-28 16:50:58,2025-12-28 17:28:32,CW→CC,2025-12-28,,20172,20172
782,1171441,Cdal. Raul Silva Henriquez,Concepcion,20172,L2,V1,2025-12-28 16:51:07,2025-12-28 17:28:33,CW→CC,2025-12-28,,20172,20172
783,1173771,Cdal. Raul Silva Henriquez,Concepcion,20182,L2,V1,2025-12-28 19:16:46,2025-12-28 20:01:23,CW→CC,2025-12-28,,20182,20182
784,1173893,Concepcion,Diagonal Bio Bio,20169,L2,V1,2025-12-28 15:26:41,2025-12-28 15:40:14,CC→CW,2025-12-28,,20169,20169
785,1174222,Juan Pablo II,Coronel,20173,L2,V1,2025-12-28 17:23:39,2025-12-28 18:14:13,CC→CW,2025-12-28,,20173,20173
786,1174222,Coronel,Costa Mar,20182,L2,V1,2025-12-28 19:15:07,2025-12-28 19:46:39,CW→CC,2025-12-28,,20182,20182
787,1174704,Cdal. Raul Silva Henriquez,Lomas Coloradas,20162,L2,V1,2025-12-28 12:19:19,2025-12-28 12:39:17,CW→CC,2025-12-28,,20162,20162
788,1174704,Lomas Coloradas,Cdal. Raul Silva Henriquez,20167,L2,V1,2025-12-28 14:30:01,2025-12-28 15:00:10,CC→CW,2025-12-28,,20167,20167
789,1174744,Concepcion,Concepcion,,,N/A,2025-12-28 15:44:55,2025-12-28 15:47:17,,2025-12-28,no viajo,,
790,1175433,Lomas Coloradas,Laguna Quinenco,20169,L2,V1,2025-12-28 15:34:42,2025-12-28 16:13:28,CC→CW,2025-12-28,,20169,20169
791,1176165,Concepcion,Cristo Redentor,20177,L2,V1,2025-12-28 18:12:04,2025-12-28 19:11:15,CC→CW,2025-12-28,,20177,20177
792,1179679,Concepcion,Los Canelos,20155,L2,V1,2025-12-28 09:51:45,2025-12-28 11:11:58,CC→CW,2025-12-28,,20155,20155
793,1179740,El Parque,Concepcion,20160,L2,V1,2025-12-28 11:53:01,2025-12-28 12:13:31,CW→CC,2025-12-28,,20160,20160
794,1181732,Lomas Coloradas,Concepcion,20176,L2,V1,2025-12-28 18:04:20,2025-12-28 18:27:20,CW→CC,2025-12-28,,20176,20176
795,1183695,Concepcion,Costa Mar,20177,L2,V1,2025-12-28 18:24:39,2025-12-28 18:45:25,CC→CW,2025-12-28,,20177,20177
796,1184628,Cristo Redentor,El Parque,20170,L2,V1,2025-12-28 15:33:48,2025-12-28 16:06:42,CW→CC,2025-12-28,,20170,20170
797,1184628,El Parque,Cristo Redentor,20179,L2,V1,2025-12-28 19:10:46,2025-12-28 19:40:46,CC→CW,2025-12-28,,20179,20179
798,1189442,El Parque,Concepcion,20156,L2,V1,2025-12-28 10:57:58,2025-12-28 11:17:49,CW→CC,2025-12-28,,20156,20156
799,1189442,Concepcion,Concepcion,,,N/A,2025-12-28 14:06:23,2025-12-28 14:07:37,,2025-12-28,no viajo,,
800,1189442,Concepcion,Los Canelos,20167,L2,V1,2025-12-28 14:31:19,2025-12-28 15:08:35,CC→CW,2025-12-28,,20167,20167
801,1189449,Hualqui,Concepcion,20848,L1,V1,2025-12-28 20:29:30,2025-12-28 21:11:57,HQ→TH,2025-12-28,,20848,20848
802,1189572,Cristo Redentor,Coronel,20183,L2,V1,2025-12-28 19:47:23,2025-12-28 20:47:02,CC→CW,2025-12-28,,20183,20183
803,1190691,Los Canelos,El Parque,20176,L2,V1,2025-12-28 17:44:01,2025-12-28 18:09:58,CW→CC,2025-12-28,,20176,20176
804,1190691,El Parque,Laguna Quinenco,20179,L2,V1,2025-12-28 19:11:23,2025-12-28 19:42:53,CC→CW,2025-12-28,,20179,20179
805,1191041,El Arenal,Manquimavida,20859,L1,V1,2025-12-28 12:22:13,2025-12-28 13:15:34,TH→HQ,2025-12-28,,20859,20859
806,1192202,Concepcion,Cdal. Raul Silva Henriquez,20187,L2,V1,2025-12-28 19:50:08,2025-12-28 21:33:06,CC→CW,2025-12-28,combo_por_entrada,20187,20187
807,1192869,Lomas Coloradas,Hito Galvarino,20155,L2,V1,2025-12-28 10:50:42,2025-12-28 11:05:42,CC→CW,2025-12-28,,20155,20155
808,1192869,Hito Galvarino,Lomas Coloradas,20178,L2,V1,2025-12-28 18:28:20,2025-12-28 18:38:24,CW→CC,2025-12-28,,20178,20178
809,1194255,Costa Mar,Coronel,20173,L2,V1,2025-12-28 17:41:27,2025-12-28 18:13:08,CC→CW,2025-12-28,,20173,20173
810,1196930,Lomas Coloradas,Concepcion,20178,L2,V1,2025-12-28 18:34:10,2025-12-28 18:59:39,CW→CC,2025-12-28,,20178,20178
811,1197121,Juan Pablo II,Coronel,20157,L2,V1,2025-12-28 11:29:00,2025-12-28 12:15:45,CC→CW,2025-12-28,,20157,20157
812,1197353,Lomas Coloradas,Concepcion,20156,L2,V1,2025-12-28 10:55:35,2025-12-28 11:17:58,CW→CC,2025-12-28,,20156,20156
813,1197353,Concepcion,Lomas Coloradas,20171,L2,V1,2025-12-28 16:27:55,2025-12-28 17:00:14,CC→CW,2025-12-28,,20171,20171
814,1198881,Coronel,Cdal. Raul Silva Henriquez,20160,L2,V1,2025-12-28 11:14:55,2025-12-28 11:50:40,CW→CC,2025-12-28,,20160,20160
815,1199454,Hito Galvarino,Alborada,20172,L2,V1,2025-12-28 16:49:57,2025-12-28 17:16:46,CW→CC,2025-12-28,,20172,20172
816,1199454,Alborada,Hito Galvarino,20187,L2,V1,2025-12-28 21:07:58,2025-12-28 21:37:47,CC→CW,2025-12-28,,20187,20187
817,1199782,Los Condores,Concepcion,20857,L1,V1,2025-12-28 08:38:16,2025-12-28 08:56:04,TH→HQ,2025-12-28,,20857,20857
818,1199782,Concepcion,Los Condores,20846,L1,V1,2025-12-28 17:03:07,2025-12-28 17:50:19,HQ→TH,2025-12-28,,20846,20846
819,1200190,Diagonal Bio Bio,Cdal. Raul Silva Henriquez,20187,L2,V1,2025-12-28 20:57:16,2025-12-28 21:33:03,CC→CW,2025-12-28,,20187,20187
820,1200621,Laguna Quinenco,Huinca,20172,L2,V1,2025-12-28 16:43:36,2025-12-28 16:55:24,CW→CC,2025-12-28,,20172,20172
821,1202359,Coronel,Juan Pablo II,20162,L2,V1,2025-12-28 12:15:18,2025-12-28 12:52:23,CW→CC,2025-12-28,,20162,20162
822,1202359,Concepcion,Los Canelos,20171,L2,V1,2025-12-28 16:01:43,2025-12-28 17:13:20,CC→CW,2025-12-28,,20171,20171
823,1204184,Diagonal Bio Bio,Lomas Coloradas,20183,L2,V1,2025-12-28 20:00:47,2025-12-28 20:23:13,CC→CW,2025-12-28,,20183,20183
824,1204192,Cristo Redentor,Diagonal Bio Bio,20186,L2,V1,2025-12-28 20:01:11,2025-12-28 20:49:13,CW→CC,2025-12-28,,20186,20186
825,1204309,Coronel,Diagonal Bio Bio,20172,L2,V1,2025-12-28 16:39:57,2025-12-28 17:20:01,CW→CC,2025-12-28,,20172,20172
826,1204681,Cdal. Raul Silva Henriquez,Concepcion,20170,L2,V1,2025-12-28 15:40:49,2025-12-28 16:23:05,CW→CC,2025-12-28,,20170,20170
827,1204769,Concepcion,Laguna Quinenco,20155,L2,V1,2025-12-28 10:28:11,2025-12-28 11:17:14,CC→CW,2025-12-28,,20155,20155
828,1204883,Huinca,Concepcion,20160,L2,V1,2025-12-28 11:33:56,2025-12-28 12:13:21,CW→CC,2025-12-28,,20160,20160
829,1205624,Costa Mar,Cristo Redentor,20167,L2,V1,2025-12-28 14:45:50,2025-12-28 15:13:20,CC→CW,2025-12-28,,20167,20167
830,1206336,Concepcion,Hualqui,20847,L1,V1,2025-12-28 20:22:28,2025-12-28 21:02:08,TH→HQ,2025-12-28,,20847,20847
831,1206411,Los Canelos,Concepcion,20150,L2,V1,2025-12-28 08:46:21,2025-12-28 09:30:49,CW→CC,2025-12-28,,20150,20150
832,1206411,Concepcion,Huinca,20187,L2,V1,2025-12-28 20:51:16,2025-12-28 21:42:46,CC→CW,2025-12-28,,20187,20187
833,1206461,Cdal. Raul Silva Henriquez,Concepcion,20176,L2,V1,2025-12-28 17:23:48,2025-12-28 18:27:21,CW→CC,2025-12-28,,20176,20176
834,1206535,Concepcion,Laguna Quinenco,20165,L2,V1,2025-12-28 12:50:37,2025-12-28 13:57:02,CC→CW,2025-12-28,,20165,20165
835,1206769,Cristo Redentor,Diagonal Bio Bio,20168,L2,V1,2025-12-28 14:41:15,2025-12-28 15:18:52,CW→CC,2025-12-28,,20168,20168
836,1206769,Juan Pablo II,Cristo Redentor,20173,L2,V1,2025-12-28 17:15:43,2025-12-28 18:09:28,CC→CW,2025-12-28,,20173,20173
837,1208356,Costa Mar,Concepcion,20150,L2,V1,2025-12-28 09:14:05,2025-12-28 09:31:21,CW→CC,2025-12-28,,20150,20150
838,1208356,Costa Mar,Juan Pablo II,20172,L2,V1,2025-12-28 17:10:38,2025-12-28 17:22:47,CW→CC,2025-12-28,,20172,20172
839,1208356,Juan Pablo II,Costa Mar,20187,L2,V1,2025-12-28 21:05:45,2025-12-28 21:24:37,CC→CW,2025-12-28,,20187,20187
840,1211337,Cdal. Raul Silva Henriquez,Concepcion,20154,L2,V1,2025-12-28 09:53:06,2025-12-28 10:32:50,CW→CC,2025-12-28,,20154,20154
841,1211730,Lomas Coloradas,Coronel,20177,L2,V1,2025-12-28 18:11:08,2025-12-28 19:16:00,CC→CW,2025-12-28,,20177,20177
842,1211947,Cdal. Raul Silva Henriquez,Cristo Redentor,20165,L2,V1,2025-12-28 13:33:08,2025-12-28 13:54:17,CC→CW,2025-12-28,,20165,20165
843,1211947,Laguna Quinenco,Cdal. Raul Silva Henriquez,20172,L2,V1,2025-12-28 16:44:28,2025-12-28 17:07:25,CW→CC,2025-12-28,,20172,20172
844,1212358,Chiguayante,Mercado,20844,L1,V1,2025-12-28 12:27:08,2025-12-28 13:30:00,HQ→TH,2025-12-28,,20844,20844
845,1212358,Mercado,Chiguayante,20845,L1,V1,2025-12-28 15:49:01,2025-12-28 16:41:34,TH→HQ,2025-12-28,,20845,20845
846,1212608,Hualqui,UTF Santa Maria,20848,L1,V1,2025-12-28 20:23:08,2025-12-28 21:18:49,HQ→TH,2025-12-28,,20848,20848
847,1212833,Hito Galvarino,Concepcion,20166,L2,V1,2025-12-28 14:00:20,2025-12-28 14:34:26,CW→CC,2025-12-28,,20166,20166
848,1213327,Cdal. Raul Silva Henriquez,Coronel,20155,L2,V1,2025-12-28 10:35:27,2025-12-28 11:22:24,CC→CW,2025-12-28,,20155,20155
849,1213759,Concepcion,Concepcion,,,N/A,2025-12-28 13:14:20,2025-12-28 13:14:54,,2025-12-28,no viajo,,
850,1213759,Concepcion,Concepcion,,,N/A,2025-12-28 14:39:43,2025-12-28 14:40:16,,2025-12-28,no viajo,,
851,1215215,Hualqui,Concepcion,20850,L1,V1,2025-12-28 09:26:24,2025-12-28 10:08:31,HQ→TH,2025-12-28,,20850,20850
852,1215215,Concepcion,Hualqui,20847,L1,V1,2025-12-28 20:20:59,2025-12-28 21:01:27,TH→HQ,2025-12-28,,20847,20847
853,1218001,Concepcion,Cdal. Raul Silva Henriquez,20171,L2,V1,2025-12-28 16:30:30,2025-12-28 17:04:07,CC→CW,2025-12-28,,20171,20171
854,1218014,Cdal. Raul Silva Henriquez,Los Canelos,20167,L2,V1,2025-12-28 14:40:12,2025-12-28 15:09:57,CC→CW,2025-12-28,,20167,20167
855,1218014,Los Canelos,Cdal. Raul Silva Henriquez,20176,L2,V1,2025-12-28 17:26:25,2025-12-28 18:05:56,CW→CC,2025-12-28,,20176,20176
856,1218189,Lomas Coloradas,Laguna Quinenco,20165,L2,V1,2025-12-28 13:20:41,2025-12-28 13:56:09,CC→CW,2025-12-28,,20165,20165
857,1218374,Concepcion,Huinca,20177,L2,V1,2025-12-28 18:13:21,2025-12-28 19:07:48,CC→CW,2025-12-28,,20177,20177
858,1218766,Cristo Redentor,Concepcion,20150,L2,V1,2025-12-28 08:35:03,2025-12-28 09:30:33,CW→CC,2025-12-28,,20150,20150
859,1219217,Concepcion,Higueras,20850,L1,V1,2025-12-28 09:51:57,2025-12-28 10:24:16,HQ→TH,2025-12-28,,20850,20850
860,1220262,Concepcion,Cristo Redentor,20165,L2,V1,2025-12-28 12:23:43,2025-12-28 13:53:57,CC→CW,2025-12-28,combo_por_entrada,20165,20165
861,1221336,Concepcion,Higueras,20850,L1,V1,2025-12-28 09:52:00,2025-12-28 10:24:16,HQ→TH,2025-12-28,,20850,20850
862,1221607,Huinca,Concepcion,20162,L2,V1,2025-12-28 12:06:15,2025-12-28 12:59:01,CW→CC,2025-12-28,,20162,20162
863,1222315,Cristo Redentor,Concepcion,20166,L2,V1,2025-12-28 13:15:09,2025-12-28 14:38:37,CW→CC,2025-12-28,,20166,20166
864,1222315,Concepcion,Cristo Redentor,20183,L2,V1,2025-12-28 19:51:05,2025-12-28 20:42:04,CC→CW,2025-12-28,,20183,20183
865,1222836,Costa Mar,Lomas Coloradas,20177,L2,V1,2025-12-28 18:40:41,2025-12-28 18:51:23,CC→CW,2025-12-28,,20177,20177
866,1222907,Lomas Coloradas,Concepcion,20178,L2,V1,2025-12-28 18:21:51,2025-12-28 19:03:13,CW→CC,2025-12-28,,20178,20178
867,1223534,Laguna Quinenco,Juan Pablo II,20176,L2,V1,2025-12-28 17:42:18,2025-12-28 18:19:59,CW→CC,2025-12-28,,20176,20176
868,1223631,Lomas Coloradas,Concepcion,20162,L2,V1,2025-12-28 12:35:52,2025-12-28 12:58:42,CW→CC,2025-12-28,,20162,20162
869,1223631,Concepcion,Lomas Coloradas,20177,L2,V1,2025-12-28 18:12:28,2025-12-28 18:51:54,CC→CW,2025-12-28,,20177,20177
870,1223862,Concepcion,Los Canelos,20151,L2,V1,2025-12-28 08:36:12,2025-12-28 10:06:14,CC→CW,2025-12-28,combo_por_entrada,20151,20151
871,1225289,Concepcion,Coronel,20157,L2,V1,2025-12-28 11:13:50,2025-12-28 12:15:25,CC→CW,2025-12-28,,20157,20157
872,1225862,Concepcion,Hualqui,20859,L1,V1,2025-12-28 11:38:13,2025-12-28 13:29:56,TH→HQ,2025-12-28,combo_relajado_pase1,20859,20859
873,1228292,Lomas Coloradas,Huinca,20165,L2,V1,2025-12-28 13:29:14,2025-12-28 13:50:02,CC→CW,2025-12-28,,20165,20165
874,1228796,Huinca,Diagonal Bio Bio,20178,L2,V1,2025-12-28 17:54:55,2025-12-28 18:49:10,CW→CC,2025-12-28,,20178,20176
875,1229097,Concepcion,Lomas Coloradas,20187,L2,V1,2025-12-28 20:43:23,2025-12-28 21:28:55,CC→CW,2025-12-28,match_por_salida_fallback,20187,20848
876,1231541,Coronel,Concepcion,20168,L2,V1,2025-12-28 14:32:24,2025-12-28 15:28:59,CW→CC,2025-12-28,,20168,20168
877,1231557,El Parque,Los Canelos,20183,L2,V1,2025-12-28 19:33:57,2025-12-28 20:37:23,CC→CW,2025-12-28,,20183,20183
878,1231967,Juan Pablo II,Concepcion,20150,L2,V1,2025-12-28 09:19:29,2025-12-28 09:30:31,CW→CC,2025-12-28,,20150,20150
879,1232071,Lomas Coloradas,Costa Mar,20162,L2,V1,2025-12-28 12:35:16,2025-12-28 12:44:51,CW→CC,2025-12-28,,20162,20162
880,1234925,Manquimavida,Mercado,20850,L1,V1,2025-12-28 09:35:20,2025-12-28 10:32:10,HQ→TH,2025-12-28,,20850,20850
881,1234926,Concepcion,Mercado,20850,L1,V1,2025-12-28 09:02:35,2025-12-28 10:30:56,HQ→TH,2025-12-28,combo_por_entrada,20850,20850
882,1235300,Huinca,Concepcion,20182,L2,V1,2025-12-28 19:09:08,2025-12-28 20:01:35,CW→CC,2025-12-28,,20182,20182
883,1236060,Lomas Coloradas,Diagonal Bio Bio,20172,L2,V1,2025-12-28 16:56:05,2025-12-28 17:19:31,CW→CC,2025-12-28,,20172,20172
884,1236874,Lomas Coloradas,Concepcion,20150,L2,V1,2025-12-28 09:08:14,2025-12-28 09:30:20,CW→CC,2025-12-28,,20150,20150
885,1237627,Los Condores,Manquimavida,20845,L1,V1,2025-12-28 15:46:56,2025-12-28 16:47:06,TH→HQ,2025-12-28,,20845,20845
886,1237627,Manquimavida,Los Condores,20848,L1,V1,2025-12-28 20:37:32,2025-12-28 21:22:08,HQ→TH,2025-12-28,,20848,20848
887,1237754,Laguna Quinenco,Concepcion,20150,L2,V1,2025-12-28 08:48:24,2025-12-28 09:30:42,CW→CC,2025-12-28,,20150,20150
888,1238184,Concepcion,Hualqui,20847,L1,V1,2025-12-28 20:17:59,2025-12-28 21:01:17,TH→HQ,2025-12-28,,20847,20847
889,1238282,Concepcion,El Parque,20151,L2,V1,2025-12-28 09:18:38,2025-12-28 09:50:20,CC→CW,2025-12-28,,20151,20151
890,1238282,El Parque,Concepcion,20186,L2,V1,2025-12-28 20:40:23,2025-12-28 21:00:01,CW→CC,2025-12-28,,20186,20186
891,1238586,Laguna Quinenco,Diagonal Bio Bio,20162,L2,V1,2025-12-28 12:09:04,2025-12-28 12:50:38,CW→CC,2025-12-28,,20162,20162
892,1239845,Costa Mar,Concepcion,20170,L2,V1,2025-12-28 16:06:56,2025-12-28 16:22:44,CW→CC,2025-12-28,,20170,20170
893,1241455,El Parque,Concepcion,20176,L2,V1,2025-12-28 17:42:48,2025-12-28 18:28:18,CW→CC,2025-12-28,,20176,20176
894,1243257,Concepcion,Cdal. Raul Silva Henriquez,20165,L2,V1,2025-12-28 13:04:10,2025-12-28 13:38:24,CC→CW,2025-12-28,,20165,20165
895,1243257,Cdal. Raul Silva Henriquez,Concepcion,20176,L2,V1,2025-12-28 18:01:09,2025-12-28 18:27:45,CW→CC,2025-12-28,,20176,20176
896,1243832,Concepcion,Cristo Redentor,20167,L2,V1,2025-12-28 14:33:26,2025-12-28 15:14:49,CC→CW,2025-12-28,,20167,20167
897,1243832,Los Canelos,Concepcion,20182,L2,V1,2025-12-28 19:10:31,2025-12-28 20:02:23,CW→CC,2025-12-28,,20182,20182
898,1245150,Concepcion,Chiguayante,20847,L1,V1,2025-12-28 19:51:25,2025-12-28 20:40:56,TH→HQ,2025-12-28,combo_por_entrada,20847,20847
899,1245351,Concepcion,Costa Mar,20179,L2,V1,2025-12-28 18:34:17,2025-12-28 19:16:56,CC→CW,2025-12-28,,20179,20177
900,1245351,Costa Mar,Concepcion,20182,L2,V1,2025-12-28 19:39:26,2025-12-28 20:01:06,CW→CC,2025-12-28,,20182,20182
901,1245484,Cristo Redentor,Concepcion,20168,L2,V1,2025-12-28 14:32:15,2025-12-28 15:29:53,CW→CC,2025-12-28,,20168,20168
902,1245484,Concepcion,Cristo Redentor,20173,L2,V1,2025-12-28 17:12:05,2025-12-28 18:08:27,CC→CW,2025-12-28,,20173,20173
903,1246505,Los Canelos,Concepcion,20182,L2,V1,2025-12-28 19:06:15,2025-12-28 20:00:58,CW→CC,2025-12-28,,20182,20182
904,1247461,Concepcion,Chiguayante,20845,L1,V1,2025-12-28 16:18:37,2025-12-28 16:41:20,TH→HQ,2025-12-28,,20845,20845
905,1247942,Concepcion,Los Canelos,20177,L2,V1,2025-12-28 18:25:59,2025-12-28 19:05:34,CC→CW,2025-12-28,,20177,20177
906,1248365,Concepcion,Huinca,20183,L2,V1,2025-12-28 19:42:27,2025-12-28 20:39:10,CC→CW,2025-12-28,,20183,20183
907,1248778,Cristo Redentor,Costa Mar,20170,L2,V1,2025-12-28 15:16:50,2025-12-28 16:08:51,CW→CC,2025-12-28,,20170,20170
908,1248778,Costa Mar,Cristo Redentor,20187,L2,V1,2025-12-28 21:05:17,2025-12-28 21:45:23,CC→CW,2025-12-28,,20187,20187
909,1249584,Cristo Redentor,Laguna Quinenco,20177,L2,V1,2025-12-28 19:01:32,2025-12-28 19:12:10,CC→CW,2025-12-28,,20177,20177
910,1250264,Laguna Quinenco,Huinca,20182,L2,V1,2025-12-28 19:14:10,2025-12-28 19:25:51,CW→CC,2025-12-28,,20182,20182
911,1250415,Juan Pablo II,Alborada,20171,L2,V1,2025-12-28 16:46:59,2025-12-28 16:53:12,CC→CW,2025-12-28,,20171,20171
912,1250673,Cdal. Raul Silva Henriquez,Diagonal Bio Bio,20160,L2,V1,2025-12-28 11:46:24,2025-12-28 12:04:59,CW→CC,2025-12-28,,20160,20160
913,1250673,Diagonal Bio Bio,Cdal. Raul Silva Henriquez,20165,L2,V1,2025-12-28 13:21:43,2025-12-28 13:38:55,CC→CW,2025-12-28,,20165,20165
914,1251038,Coronel,Lomas Coloradas,20182,L2,V1,2025-12-28 19:09:11,2025-12-28 19:40:53,CW→CC,2025-12-28,,20182,20182
915,1251440,Juan Pablo II,Los Canelos,20183,L2,V1,2025-12-28 19:44:31,2025-12-28 20:36:30,CC→CW,2025-12-28,,20183,20183
916,1252096,Concepcion,Coronel,20167,L2,V1,2025-12-28 14:15:00,2025-12-28 15:20:57,CC→CW,2025-12-28,,20167,20167
917,1252368,Cdal. Raul Silva Henriquez,Concepcion,20166,L2,V1,2025-12-28 14:06:45,2025-12-28 14:32:51,CW→CC,2025-12-28,,20166,20166
918,1252368,Concepcion,Cdal. Raul Silva Henriquez,20177,L2,V1,2025-12-28 17:47:46,2025-12-28 18:55:06,CC→CW,2025-12-28,,20177,20177
919,1252484,Lomas Coloradas,Costa Mar,20170,L2,V1,2025-12-28 15:38:01,2025-12-28 16:08:39,CW→CC,2025-12-28,,20170,20170
920,1252484,Costa Mar,Lomas Coloradas,20173,L2,V1,2025-12-28 17:38:30,2025-12-28 17:50:34,CC→CW,2025-12-28,,20173,20173
921,1252842,Laguna Quinenco,Costa Mar,20160,L2,V1,2025-12-28 11:31:06,2025-12-28 11:58:39,CW→CC,2025-12-28,,20160,20160
922,1253453,Concepcion,Concepcion,,,N/A,2025-12-28 17:23:32,2025-12-28 17:24:02,,2025-12-28,no viajo,,
923,1253642,Concepcion,Diagonal Bio Bio,20177,L2,V1,2025-12-28 18:32:59,2025-12-28 19:13:08,CC→CW,2025-12-28,,20177,20177
924,1254847,Los Canelos,Laguna Quinenco,20169,L2,V1,2025-12-28 15:25:53,2025-12-28 16:12:02,CC→CW,2025-12-28,,20169,20169
925,1254847,Laguna Quinenco,Huinca,20172,L2,V1,2025-12-28 16:36:32,2025-12-28 16:54:48,CW→CC,2025-12-28,,20172,20172
926,1255348,Concepcion,Juan Pablo II,20155,L2,V1,2025-12-28 10:11:56,2025-12-28 10:44:32,CC→CW,2025-12-28,,20155,20155
927,1255484,El Parque,Concepcion,20172,L2,V1,2025-12-28 16:37:34,2025-12-28 17:31:14,CW→CC,2025-12-28,,20172,20172
928,1255752,El Parque,Lomas Coloradas,20183,L2,V1,2025-12-28 20:11:15,2025-12-28 20:22:39,CC→CW,2025-12-28,,20183,20183
929,1255949,Chiguayante,Concepcion,20846,L1,V1,2025-12-28 17:17:44,2025-12-28 17:36:56,HQ→TH,2025-12-28,,20846,20846
930,1257351,Diagonal Bio Bio,Hito Galvarino,20187,L2,V1,2025-12-28 20:57:25,2025-12-28 21:37:42,CC→CW,2025-12-28,,20187,20187
931,1258106,Costa Mar,Coronel,20173,L2,V1,2025-12-28 17:43:50,2025-12-28 18:13:29,CC→CW,2025-12-28,,20173,20173
932,1259794,Concepcion,El Parque,20165,L2,V1,2025-12-28 13:07:11,2025-12-28 13:32:58,CC→CW,2025-12-28,,20165,20165
933,1259794,El Parque,Costa Mar,20170,L2,V1,2025-12-28 15:55:17,2025-12-28 16:08:44,CW→CC,2025-12-28,,20170,20170
934,1259929,Huinca,Concepcion,20168,L2,V1,2025-12-28 14:48:53,2025-12-28 15:36:50,CW→CC,2025-12-28,,20168,20168
935,1259929,Concepcion,Huinca,20177,L2,V1,2025-12-28 18:07:17,2025-12-28 19:07:48,CC→CW,2025-12-28,,20177,20177
936,1260758,Lzo. Arenas,Hualqui,20859,L1,V1,2025-12-28 12:33:18,2025-12-28 13:29:17,TH→HQ,2025-12-28,,20859,20859
937,1260877,El Parque,Concepcion,20186,L2,V1,2025-12-28 20:05:44,2025-12-28 21:24:54,CW→CC,2025-12-28,combo_por_entrada,20186,20186
938,1261177,Concepcion,Coronel,20187,L2,V1,2025-12-28 20:29:39,2025-12-28 21:49:44,CC→CW,2025-12-28,,20187,20187
939,1261267,Laguna Quinenco,Concepcion,20170,L2,V1,2025-12-28 15:39:26,2025-12-28 16:24:49,CW→CC,2025-12-28,,20170,20170
940,1263273,Juan Pablo II,Huinca,20183,L2,V1,2025-12-28 20:05:47,2025-12-28 20:39:15,CC→CW,2025-12-28,,20183,20183
941,1264046,Huinca,El Parque,20150,L2,V1,2025-12-28 08:46:34,2025-12-28 09:13:59,CW→CC,2025-12-28,,20150,20150
942,1264046,El Parque,Huinca,20183,L2,V1,2025-12-28 20:18:00,2025-12-28 20:39:18,CC→CW,2025-12-28,,20183,20183
943,1264532,Diagonal Bio Bio,Alborada,20157,L2,V1,2025-12-28 11:24:36,2025-12-28 11:43:46,CC→CW,2025-12-28,,20157,20157
944,1265521,Concepcion,Hualqui,20847,L1,V1,2025-12-28 20:26:02,2025-12-28 21:00:40,TH→HQ,2025-12-28,,20847,20847
945,1265539,Concepcion,Los Canelos,20187,L2,V1,2025-12-28 20:17:58,2025-12-28 21:41:07,CC→CW,2025-12-28,,20187,20187
946,1265849,Lomas Coloradas,Concepcion,20162,L2,V1,2025-12-28 12:19:03,2025-12-28 12:59:02,CW→CC,2025-12-28,,20162,20162
947,1265849,Concepcion,Concepcion,,,N/A,2025-12-28 16:23:51,2025-12-28 16:24:28,,2025-12-28,no viajo,,
948,1266846,Hito Galvarino,Costa Mar,20160,L2,V1,2025-12-28 11:09:27,2025-12-28 11:59:25,CW→CC,2025-12-28,,20160,20160
949,1266846,Costa Mar,Hito Galvarino,20173,L2,V1,2025-12-28 17:33:28,2025-12-28 18:00:27,CC→CW,2025-12-28,,20173,20173
950,1267038,Concepcion,Laguna Quinenco,20171,L2,V1,2025-12-28 16:11:10,2025-12-28 17:20:58,CC→CW,2025-12-28,combo_por_entrada,20171,20171
951,1267563,Concepcion,Hito Galvarino,20183,L2,V1,2025-12-28 19:38:34,2025-12-28 20:32:53,CC→CW,2025-12-28,,20183,20183
952,1267854,Laguna Quinenco,Juan Pablo II,20176,L2,V1,2025-12-28 17:39:57,2025-12-28 18:19:58,CW→CC,2025-12-28,,20176,20176
953,1267983,Concepcion,Alborada,20187,L2,V1,2025-12-28 20:34:58,2025-12-28 21:22:38,CC→CW,2025-12-28,,20187,20187
954,1271284,Diagonal Bio Bio,Cristo Redentor,20167,L2,V1,2025-12-28 14:36:28,2025-12-28 15:13:49,CC→CW,2025-12-28,,20167,20167
955,1271284,Cristo Redentor,Diagonal Bio Bio,20178,L2,V1,2025-12-28 18:20:06,2025-12-28 18:49:05,CW→CC,2025-12-28,,20178,20178
956,1271438,Concepcion,Lomas Coloradas,20179,L2,V1,2025-12-28 18:33:25,2025-12-28 19:22:51,CC→CW,2025-12-28,,20179,20177
957,1271751,Lomas Coloradas,Juan Pablo II,20182,L2,V1,2025-12-28 19:29:58,2025-12-28 19:53:53,CW→CC,2025-12-28,,20182,20182
958,1272022,Hito Galvarino,Laguna Quinenco,20177,L2,V1,2025-12-28 18:58:26,2025-12-28 19:12:56,CC→CW,2025-12-28,,20177,20177
959,1273329,Concepcion,Huinca,20165,L2,V1,2025-12-28 13:01:15,2025-12-28 13:59:08,CC→CW,2025-12-28,,20165,20165
960,1273456,El Parque,Los Canelos,20169,L2,V1,2025-12-28 15:34:10,2025-12-28 16:02:26,CC→CW,2025-12-28,,20169,20169
961,1273838,Huinca,Concepcion,20162,L2,V1,2025-12-28 12:21:54,2025-12-28 13:00:57,CW→CC,2025-12-28,,20162,20162
962,1273838,Concepcion,Huinca,20187,L2,V1,2025-12-28 20:48:44,2025-12-28 21:42:02,CC→CW,2025-12-28,,20187,20187
963,1274297,Concepcion,Cristo Redentor,20183,L2,V1,2025-12-28 19:42:24,2025-12-28 20:41:17,CC→CW,2025-12-28,,20183,20183
964,1274302,Coronel,Concepcion,20182,L2,V1,2025-12-28 18:28:25,2025-12-28 20:03:05,CW→CC,2025-12-28,,20182,20182
965,1274733,Concepcion,Cristo Redentor,20177,L2,V1,2025-12-28 18:19:04,2025-12-28 19:10:07,CC→CW,2025-12-28,,20177,20177
966,1275358,Concepcion,Costa Mar,20165,L2,V1,2025-12-28 12:23:17,2025-12-28 13:29:48,CC→CW,2025-12-28,combo_por_entrada,20165,20165
967,1275881,El Parque,Hito Galvarino,20151,L2,V1,2025-12-28 09:40:04,2025-12-28 10:03:15,CC→CW,2025-12-28,,20151,20151
968,1276410,Cdal. Raul Silva Henriquez,Coronel,20151,L2,V1,2025-12-28 09:49:25,2025-12-28 10:17:33,CC→CW,2025-12-28,,20151,20151
969,1276948,Concepcion,Huinca,20169,L2,V1,2025-12-28 14:55:24,2025-12-28 16:05:15,CC→CW,2025-12-28,,20169,20169
970,1277194,Lomas Coloradas,Concepcion,20172,L2,V1,2025-12-28 17:03:39,2025-12-28 17:29:17,CW→CC,2025-12-28,,20172,20172
971,1277197,Concepcion,Cristo Redentor,20155,L2,V1,2025-12-28 10:14:05,2025-12-28 11:14:47,CC→CW,2025-12-28,,20155,20155
972,1277197,Cristo Redentor,Concepcion,20182,L2,V1,2025-12-28 19:00:30,2025-12-28 20:00:05,CW→CC,2025-12-28,,20182,20182
973,1277421,Alborada,Costa Mar,20165,L2,V1,2025-12-28 13:25:54,2025-12-28 13:30:27,CC→CW,2025-12-28,,20165,20165
974,1278323,Cdal. Raul Silva Henriquez,Concepcion,20166,L2,V1,2025-12-28 13:47:42,2025-12-28 14:33:55,CW→CC,2025-12-28,,20166,20166
975,1279209,Concepcion,El Arenal,20844,L1,V1,2025-12-28 11:45:07,2025-12-28 13:23:59,HQ→TH,2025-12-28,combo_por_entrada,20844,20844
976,1280184,Diagonal Bio Bio,El Parque,20171,L2,V1,2025-12-28 16:45:37,2025-12-28 16:58:51,CC→CW,2025-12-28,,20171,20171
977,1280704,Hualqui,Higueras,20850,L1,V1,2025-12-28 09:27:36,2025-12-28 10:24:01,HQ→TH,2025-12-28,,20850,20850
978,1281377,Concepcion,Concepcion,,,N/A,2025-12-28 17:47:47,2025-12-28 17:48:25,,2025-12-28,no viajo,,
979,1281377,Concepcion,Coronel,20177,L2,V1,2025-12-28 18:05:50,2025-12-28 19:16:37,CC→CW,2025-12-28,,20177,20177
980,1282300,Concepcion,Los Canelos,20179,L2,V1,2025-12-28 18:41:36,2025-12-28 19:36:12,CC→CW,2025-12-28,,20179,20179
981,1282994,Concepcion,El Parque,20165,L2,V1,2025-12-28 12:33:34,2025-12-28 13:32:59,CC→CW,2025-12-28,combo_por_entrada,20165,20165
982,1283223,Laguna Quinenco,Concepcion,20156,L2,V1,2025-12-28 10:29:17,2025-12-28 11:19:46,CW→CC,2025-12-28,,20156,20156
983,1283223,Concepcion,Laguna Quinenco,20173,L2,V1,2025-12-28 17:04:11,2025-12-28 18:11:52,CC→CW,2025-12-28,,20173,20173
984,1283827,Cdal. Raul Silva Henriquez,Los Canelos,20155,L2,V1,2025-12-28 10:47:13,2025-12-28 11:09:40,CC→CW,2025-12-28,,20155,20155
985,1283827,Los Canelos,Costa Mar,20166,L2,V1,2025-12-28 13:52:56,2025-12-28 14:18:21,CW→CC,2025-12-28,,20166,20166
986,1284523,Lomas Coloradas,Hito Galvarino,20155,L2,V1,2025-12-28 10:49:27,2025-12-28 11:06:18,CC→CW,2025-12-28,,20155,20155
987,1285126,Concepcion,Los Canelos,20173,L2,V1,2025-12-28 17:18:57,2025-12-28 18:03:35,CC→CW,2025-12-28,,20173,20173
988,1286290,Cdal. Raul Silva Henriquez,Laguna Quinenco,20167,L2,V1,2025-12-28 14:51:00,2025-12-28 15:16:48,CC→CW,2025-12-28,,20167,20167
989,1286290,Laguna Quinenco,Cdal. Raul Silva Henriquez,20172,L2,V1,2025-12-28 16:18:45,2025-12-28 17:07:31,CW→CC,2025-12-28,,20172,20172
990,1286313,Costa Mar,Lomas Coloradas,20177,L2,V1,2025-12-28 18:40:29,2025-12-28 18:51:21,CC→CW,2025-12-28,,20177,20177
991,1286803,Concepcion,Coronel,20177,L2,V1,2025-12-28 17:57:07,2025-12-28 19:15:56,CC→CW,2025-12-28,,20177,20177
992,1287090,Concepcion,Laguna Quinenco,20161,L2,V1,2025-12-28 11:54:54,2025-12-28 12:58:19,CC→CW,2025-12-28,,20161,20161
993,1287224,Coronel,Concepcion,20186,L2,V1,2025-12-28 19:54:59,2025-12-28 21:00:32,CW→CC,2025-12-28,,20186,20186
994,1287663,Coronel,Concepcion,20154,L2,V1,2025-12-28 09:46:24,2025-12-28 10:32:35,CW→CC,2025-12-28,,20154,20154
995,1287663,Concepcion,Coronel,20187,L2,V1,2025-12-28 20:34:10,2025-12-28 21:50:35,CC→CW,2025-12-28,,20187,20187
996,1288403,Costa Mar,Los Canelos,20169,L2,V1,2025-12-28 15:44:01,2025-12-28 16:03:28,CC→CW,2025-12-28,,20169,20169
997,1288889,Concepcion,Coronel,20161,L2,V1,2025-12-28 12:00:38,2025-12-28 13:01:40,CC→CW,2025-12-28,,20161,20161
998,1288889,Coronel,Concepcion,20186,L2,V1,2025-12-28 20:02:12,2025-12-28 21:00:44,CW→CC,2025-12-28,,20186,20186
999,1289078,El Parque,Coronel,20167,L2,V1,2025-12-28 14:50:46,2025-12-28 15:21:20,CC→CW,2025-12-28,,20167,20167
1000,1289436,Costa Mar,Concepcion,20178,L2,V1,2025-12-28 18:37:38,2025-12-28 18:58:57,CW→CC,2025-12-28,,20178,20178
1001,1289439,Cristo Redentor,Concepcion,20186,L2,V1,2025-12-28 20:12:39,2025-12-28 20:59:30,CW→CC,2025-12-28,,20186,20186
1002,1290427,Los Canelos,Concepcion,20162,L2,V1,2025-12-28 12:16:15,2025-12-28 13:01:39,CW→CC,2025-12-28,,20162,20162
1003,1290427,Concepcion,Concepcion,,,N/A,2025-12-28 13:36:29,2025-12-28 13:37:32,,2025-12-28,no viajo,,
1004,1291243,Concepcion,Concepcion,,,N/A,2025-12-28 14:57:35,2025-12-28 14:59:44,,2025-12-28,no viajo,,
1005,1291243,Concepcion,Concepcion,,,N/A,2025-12-28 16:27:15,2025-12-28 19:01:09,,2025-12-28,no viajo,,
1006,1291612,Huinca,Concepcion,20182,L2,V1,2025-12-28 19:21:34,2025-12-28 20:01:11,CW→CC,2025-12-28,,20182,20182
1007,1291750,Concepcion,El Parque,20155,L2,V1,2025-12-28 09:26:30,2025-12-28 10:54:07,CC→CW,2025-12-28,combo_por_entrada,20155,20155
1008,1291750,El Parque,Concepcion,20186,L2,V1,2025-12-28 20:29:56,2025-12-28 20:59:21,CW→CC,2025-12-28,,20186,20186
1009,1291968,Cdal. Raul Silva Henriquez,Laguna Quinenco,20171,L2,V1,2025-12-28 16:48:24,2025-12-28 17:20:32,CC→CW,2025-12-28,,20171,20171
1010,1292111,Cristo Redentor,Concepcion,20166,L2,V1,2025-12-28 13:43:43,2025-12-28 14:32:57,CW→CC,2025-12-28,,20166,20166
1011,1292510,Huinca,Los Canelos,20156,L2,V1,2025-12-28 10:35:00,2025-12-28 12:03:34,CW→CC,2025-12-28,,20156,20156
1012,1292815,Concepcion,Los Canelos,20161,L2,V1,2025-12-28 12:07:33,2025-12-28 12:48:45,CC→CW,2025-12-28,,20161,20161
1013,1294187,Concepcion,Concepcion,,,N/A,2025-12-28 17:54:01,2025-12-28 17:54:30,,2025-12-28,no viajo,,
1014,1294464,Lomas Coloradas,Hito Galvarino,20167,L2,V1,2025-12-28 14:51:27,2025-12-28 15:05:09,CC→CW,2025-12-28,,20167,20167
1015,1294464,Hito Galvarino,Lomas Coloradas,20178,L2,V1,2025-12-28 18:13:00,2025-12-28 18:38:31,CW→CC,2025-12-28,,20178,20178
1016,1294474,Laguna Quinenco,Concepcion,20160,L2,V1,2025-12-28 11:24:41,2025-12-28 12:13:01,CW→CC,2025-12-28,,20160,20160
1017,1294563,Concepcion,Chiguayante,20845,L1,V1,2025-12-28 15:49:43,2025-12-28 16:40:50,TH→HQ,2025-12-28,combo_por_entrada,20845,20845
1018,1294727,Hito Galvarino,El Parque,20186,L2,V1,2025-12-28 19:57:45,2025-12-28 20:41:55,CW→CC,2025-12-28,,20186,20186
1019,1294996,Concepcion,Los Canelos,20177,L2,V1,2025-12-28 17:55:42,2025-12-28 19:04:45,CC→CW,2025-12-28,,20177,20177
1020,1295737,Concepcion,Costa Mar,20169,L2,V1,2025-12-28 14:56:56,2025-12-28 15:45:51,CC→CW,2025-12-28,,20169,20169
1021,1295746,Concepcion,Costa Mar,20169,L2,V1,2025-12-28 14:56:58,2025-12-28 15:45:43,CC→CW,2025-12-28,,20169,20169
1022,1296089,Laguna Quinenco,Diagonal Bio Bio,20176,L2,V1,2025-12-28 17:45:36,2025-12-28 18:18:01,CW→CC,2025-12-28,,20176,20176
1023,1296765,Concepcion,Laguna Quinenco,20173,L2,V1,2025-12-28 17:18:58,2025-12-28 18:11:37,CC→CW,2025-12-28,,20173,20173
1024,1296773,Huinca,El Parque,20154,L2,V1,2025-12-28 09:51:25,2025-12-28 10:16:05,CW→CC,2025-12-28,,20154,20154
1025,1296773,El Parque,Concepcion,20156,L2,V1,2025-12-28 10:47:53,2025-12-28 11:18:27,CW→CC,2025-12-28,,20156,20156
1026,1296773,Concepcion,Huinca,20169,L2,V1,2025-12-28 14:54:10,2025-12-28 16:05:39,CC→CW,2025-12-28,,20169,20169
1027,1298279,Concepcion,Los Canelos,20165,L2,V1,2025-12-28 12:31:04,2025-12-28 13:48:07,CC→CW,2025-12-28,,20165,20165
1028,1298279,Los Canelos,Concepcion,20182,L2,V1,2025-12-28 19:16:30,2025-12-28 20:02:37,CW→CC,2025-12-28,,20182,20182
1029,1298283,Los Canelos,Concepcion,20160,L2,V1,2025-12-28 11:37:05,2025-12-28 12:12:46,CW→CC,2025-12-28,,20160,20160
1030,1298283,Concepcion,Los Canelos,20167,L2,V1,2025-12-28 14:16:50,2025-12-28 15:09:13,CC→CW,2025-12-28,,20167,20167
1031,1298551,Costa Mar,Coronel,20165,L2,V1,2025-12-28 13:26:02,2025-12-28 14:00:09,CC→CW,2025-12-28,,20165,20165
1032,1298551,Coronel,El Parque,20186,L2,V1,2025-12-28 19:42:47,2025-12-28 20:42:21,CW→CC,2025-12-28,,20186,20186
1033,1298659,Huinca,Diagonal Bio Bio,20176,L2,V1,2025-12-28 17:36:58,2025-12-28 18:17:05,CW→CC,2025-12-28,,20176,20176
1034,1298664,Laguna Quinenco,Costa Mar,20186,L2,V1,2025-12-28 20:15:57,2025-12-28 20:44:34,CW→CC,2025-12-28,,20186,20186
1035,1298996,Alborada,El Parque,20173,L2,V1,2025-12-28 17:37:53,2025-12-28 17:47:42,CC→CW,2025-12-28,,20173,20173
1036,1298996,El Parque,Alborada,20182,L2,V1,2025-12-28 19:33:48,2025-12-28 19:48:10,CW→CC,2025-12-28,,20182,20182
1037,1298997,Concepcion,Los Canelos,20167,L2,V1,2025-12-28 14:22:31,2025-12-28 15:13:14,CC→CW,2025-12-28,,20167,20167
1038,1299208,El Parque,Concepcion,,,N/A,2025-12-28 11:53:04,2025-12-28 11:58:11,,2025-12-28,sin_combo_factible_en_hub|sin_s1_factible_retro,,
1039,1299895,Los Canelos,Laguna Quinenco,20187,L2,V1,2025-12-28 21:33:20,2025-12-28 21:47:13,CC→CW,2025-12-28,,20187,20187
1040,1300830,Laguna Quinenco,Concepcion,20168,L2,V1,2025-12-28 14:46:27,2025-12-28 15:28:02,CW→CC,2025-12-28,,20168,20168
1041,1300886,Cdal. Raul Silva Henriquez,Costa Mar,20156,L2,V1,2025-12-28 10:50:37,2025-12-28 11:04:26,CW→CC,2025-12-28,,20156,20156
1042,1300892,Concepcion,Huinca,20169,L2,V1,2025-12-28 15:24:07,2025-12-28 16:05:45,CC→CW,2025-12-28,,20169,20169
1043,1301064,Juan Pablo II,Concepcion,20176,L2,V1,2025-12-28 18:05:59,2025-12-28 18:28:57,CW→CC,2025-12-28,,20176,20176
1044,1301064,Concepcion,Pedro Medina,20847,L1,V1,2025-12-28 19:44:11,2025-12-28 20:43:18,TH→HQ,2025-12-28,,20847,20847
1045,1301194,Concepcion,Hualqui,20859,L1,V1,2025-12-28 11:38:23,2025-12-28 13:29:12,TH→HQ,2025-12-28,combo_relajado_pase1,20859,20859
1046,1301200,Lomas Coloradas,Los Canelos,20179,L2,V1,2025-12-28 19:21:46,2025-12-28 19:37:12,CC→CW,2025-12-28,,20179,20179
1047,1301854,Lomas Coloradas,Alborada,20176,L2,V1,2025-12-28 18:00:43,2025-12-28 18:14:38,CW→CC,2025-12-28,,20176,20176
1048,1301854,Alborada,Hito Galvarino,20183,L2,V1,2025-12-28 19:47:33,2025-12-28 20:32:57,CC→CW,2025-12-28,,20183,20183
1049,1301976,Los Canelos,Concepcion,20150,L2,V1,2025-12-28 08:55:31,2025-12-28 09:31:02,CW→CC,2025-12-28,,20150,20150
1050,1301976,Concepcion,El Parque,20167,L2,V1,2025-12-28 14:14:36,2025-12-28 14:54:08,CC→CW,2025-12-28,,20167,20167
1051,1301976,El Parque,Los Canelos,20173,L2,V1,2025-12-28 17:42:29,2025-12-28 18:04:07,CC→CW,2025-12-28,,20173,20173
1052,1301976,Los Canelos,Juan Pablo II,20186,L2,V1,2025-12-28 19:55:23,2025-12-28 20:52:35,CW→CC,2025-12-28,,20186,20186
1053,1302097,Hito Galvarino,Concepcion,20150,L2,V1,2025-12-28 08:46:04,2025-12-28 09:31:36,CW→CC,2025-12-28,,20150,20150
1054,1302100,Juan Pablo II,Coronel,20155,L2,V1,2025-12-28 10:08:43,2025-12-28 11:20:06,CC→CW,2025-12-28,,20155,20155
1055,1302270,Los Canelos,Concepcion,20182,L2,V1,2025-12-28 19:16:01,2025-12-28 20:15:12,CW→CC,2025-12-28,,20182,20182
1056,1303216,Lomas Coloradas,Los Canelos,20169,L2,V1,2025-12-28 15:24:45,2025-12-28 16:03:06,CC→CW,2025-12-28,,20169,20169
1057,1303652,Mercado,Concepcion,20857,L1,V1,2025-12-28 08:25:18,2025-12-28 08:57:35,TH→HQ,2025-12-28,,20857,20857
1058,1303684,Huinca,Lomas Coloradas,20176,L2,V1,2025-12-28 17:51:20,2025-12-28 18:06:28,CW→CC,2025-12-28,,20176,20176
1059,1303957,Los Canelos,Concepcion,20166,L2,V1,2025-12-28 13:39:04,2025-12-28 14:33:14,CW→CC,2025-12-28,,20166,20166
1060,1304771,Concepcion,Laguna Quinenco,20161,L2,V1,2025-12-28 11:56:26,2025-12-28 13:00:01,CC→CW,2025-12-28,,20161,20161
1061,1305322,Lomas Coloradas,Juan Pablo II,20150,L2,V1,2025-12-28 09:07:08,2025-12-28 09:24:34,CW→CC,2025-12-28,,20150,20150
1062,1305624,Cristo Redentor,Concepcion,20186,L2,V1,2025-12-28 20:16:29,2025-12-28 20:59:56,CW→CC,2025-12-28,,20186,20186
1063,1305799,Juan Pablo II,Lomas Coloradas,20151,L2,V1,2025-12-28 09:15:28,2025-12-28 09:54:01,CC→CW,2025-12-28,,20151,20151
1064,1307193,Costa Mar,Lomas Coloradas,20187,L2,V1,2025-12-28 21:07:56,2025-12-28 21:29:10,CC→CW,2025-12-28,,20187,20187
1065,1307307,Concepcion,Los Canelos,20165,L2,V1,2025-12-28 12:56:13,2025-12-28 13:49:14,CC→CW,2025-12-28,,20165,20165
1066,1308081,Cristo Redentor,Concepcion,20176,L2,V1,2025-12-28 17:31:30,2025-12-28 18:28:14,CW→CC,2025-12-28,,20176,20176
1067,1308081,Concepcion,Cristo Redentor,20183,L2,V1,2025-12-28 19:37:41,2025-12-28 20:42:08,CC→CW,2025-12-28,,20183,20183
1068,1308257,Concepcion,Hualqui,20859,L1,V1,2025-12-28 11:38:53,2025-12-28 13:29:28,TH→HQ,2025-12-28,combo_relajado_pase1,20859,20859
1069,1308589,Cdal. Raul Silva Henriquez,Lomas Coloradas,20162,L2,V1,2025-12-28 12:19:26,2025-12-28 12:38:56,CW→CC,2025-12-28,,20162,20162
1070,1308589,Lomas Coloradas,Cdal. Raul Silva Henriquez,20167,L2,V1,2025-12-28 14:30:22,2025-12-28 15:00:26,CC→CW,2025-12-28,,20167,20167
1071,1308958,Hito Galvarino,Concepcion,20168,L2,V1,2025-12-28 14:59:02,2025-12-28 15:28:33,CW→CC,2025-12-28,,20168,20168
1072,1308958,Concepcion,Hito Galvarino,20183,L2,V1,2025-12-28 19:55:56,2025-12-28 20:33:22,CC→CW,2025-12-28,,20183,20183
1073,1308974,Cristo Redentor,Concepcion,20178,L2,V1,2025-12-28 18:11:57,2025-12-28 18:59:24,CW→CC,2025-12-28,,20178,20178
1074,1309289,Los Canelos,Concepcion,20166,L2,V1,2025-12-28 13:45:39,2025-12-28 14:33:23,CW→CC,2025-12-28,,20166,20166
1075,1309300,Concepcion,Pedro Medina,20859,L1,V1,2025-12-28 11:56:02,2025-12-28 13:13:01,TH→HQ,2025-12-28,combo_relajado_pase1,20859,20160
1076,1309300,Concepcion,Diagonal Bio Bio,20187,L2,V1,2025-12-28 20:43:51,2025-12-28 21:19:19,CC→CW,2025-12-28,match_por_salida_fallback,20187,20187
1077,1309306,Concepcion,Laguna Quinenco,20183,L2,V1,2025-12-28 19:53:15,2025-12-28 20:45:03,CC→CW,2025-12-28,,20183,20183
1078,1309440,Laguna Quinenco,Concepcion,20168,L2,V1,2025-12-28 14:40:26,2025-12-28 15:28:54,CW→CC,2025-12-28,,20168,20168
1079,1309786,Concepcion,Coronel,20179,L2,V1,2025-12-28 18:53:47,2025-12-28 19:45:22,CC→CW,2025-12-28,,20179,20179
1080,1309866,Concepcion,Concepcion,,,N/A,2025-12-28 09:28:16,2025-12-28 09:28:51,,2025-12-28,no viajo,,
1081,1310279,Cdal. Raul Silva Henriquez,Concepcion,20162,L2,V1,2025-12-28 12:30:11,2025-12-28 12:59:44,CW→CC,2025-12-28,,20162,20162
1082,1310459,Huinca,Concepcion,20172,L2,V1,2025-12-28 16:39:39,2025-12-28 17:29:10,CW→CC,2025-12-28,,20172,20172
1083,1310635,Laguna Quinenco,Concepcion,20170,L2,V1,2025-12-28 15:06:21,2025-12-28 16:23:11,CW→CC,2025-12-28,,20170,20170
1084,1310649,Concepcion,Los Canelos,20167,L2,V1,2025-12-28 14:12:34,2025-12-28 15:09:09,CC→CW,2025-12-28,,20167,20167
1085,1310653,Laguna Quinenco,Concepcion,20156,L2,V1,2025-12-28 10:01:57,2025-12-28 11:19:27,CW→CC,2025-12-28,,20156,20156
1086,1310774,Juan Pablo II,Coronel,20173,L2,V1,2025-12-28 17:24:18,2025-12-28 18:14:18,CC→CW,2025-12-28,,20173,20173
1087,1310823,Costa Mar,Hito Galvarino,20179,L2,V1,2025-12-28 19:10:43,2025-12-28 19:33:28,CC→CW,2025-12-28,,20179,20179
1088,1311303,Concepcion,Coronel,20183,L2,V1,2025-12-28 19:47:20,2025-12-28 20:47:02,CC→CW,2025-12-28,,20183,20183
1089,1311340,Hualqui,Mercado,20844,L1,V1,2025-12-28 12:15:56,2025-12-28 13:27:40,HQ→TH,2025-12-28,,20844,20844
1090,1311488,Coronel,Concepcion,20168,L2,V1,2025-12-28 14:25:44,2025-12-28 15:28:00,CW→CC,2025-12-28,,20168,20168
1091,1311539,Cristo Redentor,Concepcion,20172,L2,V1,2025-12-28 16:47:03,2025-12-28 17:32:56,CW→CC,2025-12-28,,20172,20172
1092,1311542,Diagonal Bio Bio,Los Canelos,20177,L2,V1,2025-12-28 18:34:12,2025-12-28 19:04:59,CC→CW,2025-12-28,,20177,20177
1093,1311647,Concepcion,Cdal. Raul Silva Henriquez,20183,L2,V1,2025-12-28 20:02:25,2025-12-28 21:32:44,CC→CW,2025-12-28,,20183,20183
1094,1311660,Coronel,Concepcion,20150,L2,V1,2025-12-28 08:30:59,2025-12-28 09:34:48,CW→CC,2025-12-28,,20150,20150
1095,1311660,Concepcion,Coronel,20187,L2,V1,2025-12-28 20:41:35,2025-12-28 21:50:12,CC→CW,2025-12-28,,20187,20187
1096,1311665,Costa Mar,Cristo Redentor,20151,L2,V1,2025-12-28 09:36:08,2025-12-28 10:11:41,CC→CW,2025-12-28,,20151,20151
1097,1311728,Concepcion,Cristo Redentor,20165,L2,V1,2025-12-28 12:49:12,2025-12-28 13:54:02,CC→CW,2025-12-28,,20165,20165
1098,1312016,Coronel,Concepcion,20150,L2,V1,2025-12-28 08:30:54,2025-12-28 09:35:03,CW→CC,2025-12-28,,20150,20150
1099,1312016,Concepcion,Coronel,20187,L2,V1,2025-12-28 20:41:48,2025-12-28 21:50:10,CC→CW,2025-12-28,,20187,20187
1100,1312017,Concepcion,Mercado,20850,L1,V1,2025-12-28 08:41:13,2025-12-28 10:32:21,HQ→TH,2025-12-28,combo_por_entrada,20850,20150
1101,1312018,El Arenal,La Leonera,20857,L1,V1,2025-12-28 08:33:38,2025-12-28 09:19:00,TH→HQ,2025-12-28,,20857,20857
1102,1312019,Los Condores,Concepcion,20857,L1,V1,2025-12-28 08:38:04,2025-12-28 08:56:53,TH→HQ,2025-12-28,,20857,20857
1103,1312019,Concepcion,Los Condores,20844,L1,V1,2025-12-28 12:39:57,2025-12-28 13:17:29,HQ→TH,2025-12-28,,20844,20844
1104,1312020,Lzo. Arenas,Pedro Medina,20857,L1,V1,2025-12-28 08:43:50,2025-12-28 09:13:10,TH→HQ,2025-12-28,,20857,20857
1105,1312021,Laguna Quinenco,Concepcion,20150,L2,V1,2025-12-28 08:47:34,2025-12-28 09:31:35,CW→CC,2025-12-28,,20150,20150
1106,1312022,Lomas Coloradas,Concepcion,20150,L2,V1,2025-12-28 08:54:56,2025-12-28 09:31:21,CW→CC,2025-12-28,,20150,20150
1107,1312022,Concepcion,Lomas Coloradas,20157,L2,V1,2025-12-28 11:04:05,2025-12-28 12:39:55,CC→CW,2025-12-28,,20157,20157
1108,1312040,La Leonera,Higueras,20850,L1,V1,2025-12-28 09:36:29,2025-12-28 10:24:00,HQ→TH,2025-12-28,,20850,20850
1109,1312052,Concepcion,Coronel,20151,L2,V1,2025-12-28 09:17:25,2025-12-28 10:17:45,CC→CW,2025-12-28,,20151,20151
1110,1312053,Concepcion,Lomas Coloradas,20155,L2,V1,2025-12-28 09:25:16,2025-12-28 10:56:59,CC→CW,2025-12-28,combo_por_entrada,20155,20850
1111,1312054,Concepcion,El Parque,20151,L2,V1,2025-12-28 09:24:48,2025-12-28 09:50:51,CC→CW,2025-12-28,,20151,20151
1112,1312055,Diagonal Bio Bio,Coronel,20151,L2,V1,2025-12-28 09:41:17,2025-12-28 10:16:45,CC→CW,2025-12-28,,20151,20151
1113,1312055,Coronel,Diagonal Bio Bio,20178,L2,V1,2025-12-28 18:13:32,2025-12-28 18:49:22,CW→CC,2025-12-28,,20178,20178
1114,1312056,Costa Mar,Coronel,20151,L2,V1,2025-12-28 09:45:39,2025-12-28 10:16:55,CC→CW,2025-12-28,,20151,20151
1115,1312117,Laguna Quinenco,El Parque,20154,L2,V1,2025-12-28 09:51:57,2025-12-28 10:17:59,CW→CC,2025-12-28,,20154,20154
1116,1312118,Lomas Coloradas,Coronel,20151,L2,V1,2025-12-28 09:49:42,2025-12-28 10:17:03,CC→CW,2025-12-28,,20151,20151
1117,1312119,Concepcion,Huinca,20155,L2,V1,2025-12-28 10:07:04,2025-12-28 11:13:04,CC→CW,2025-12-28,,20155,20155
1118,1312120,Concepcion,Coronel,20155,L2,V1,2025-12-28 10:09:19,2025-12-28 11:22:03,CC→CW,2025-12-28,,20155,20155
1119,1312121,Cdal. Raul Silva Henriquez,Concepcion,20154,L2,V1,2025-12-28 10:08:24,2025-12-28 10:33:03,CW→CC,2025-12-28,,20154,20154
1120,1312122,Concepcion,Juan Pablo II,20155,L2,V1,2025-12-28 10:12:07,2025-12-28 10:44:35,CC→CW,2025-12-28,,20155,20155
1121,1312123,Concepcion,Cristo Redentor,20155,L2,V1,2025-12-28 10:16:47,2025-12-28 11:15:26,CC→CW,2025-12-28,,20155,20155
1122,1312123,Los Canelos,Concepcion,20176,L2,V1,2025-12-28 17:45:29,2025-12-28 18:28:19,CW→CC,2025-12-28,,20176,20176
1123,1312125,Concepcion,Cristo Redentor,20155,L2,V1,2025-12-28 10:17:03,2025-12-28 11:15:53,CC→CW,2025-12-28,,20155,20155
1124,1312126,Concepcion,Laguna Quinenco,20155,L2,V1,2025-12-28 10:15:23,2025-12-28 12:14:59,CC→CW,2025-12-28,,20155,20155
1125,1312127,Concepcion,Coronel,20155,L2,V1,2025-12-28 10:18:32,2025-12-28 11:21:59,CC→CW,2025-12-28,,20155,20155
1126,1312127,Coronel,Concepcion,20186,L2,V1,2025-12-28 20:13:50,2025-12-28 21:03:29,CW→CC,2025-12-28,,20186,20186
1127,1312128,Concepcion,Coronel,20155,L2,V1,2025-12-28 10:19:37,2025-12-28 11:21:34,CC→CW,2025-12-28,,20155,20155
1128,1312128,Coronel,Concepcion,20186,L2,V1,2025-12-28 20:13:35,2025-12-28 21:03:23,CW→CC,2025-12-28,,20186,20186
1129,1312129,Concepcion,Cristo Redentor,20155,L2,V1,2025-12-28 10:24:01,2025-12-28 11:16:08,CC→CW,2025-12-28,,20155,20155
1130,1312130,Concepcion,Coronel,20155,L2,V1,2025-12-28 10:21:09,2025-12-28 11:22:13,CC→CW,2025-12-28,,20155,20155
1131,1312130,Concepcion,UTF Santa Maria,20848,L1,V1,2025-12-28 20:14:09,2025-12-28 21:18:51,HQ→TH,2025-12-28,combo_por_entrada,20848,20848
1132,1312131,Concepcion,Cristo Redentor,20155,L2,V1,2025-12-28 10:26:40,2025-12-28 11:16:16,CC→CW,2025-12-28,,20155,20155
1133,1312131,Cristo Redentor,Concepcion,20160,L2,V1,2025-12-28 11:33:18,2025-12-28 12:14:53,CW→CC,2025-12-28,,20160,20160
1134,1312132,Concepcion,Huinca,20155,L2,V1,2025-12-28 10:31:07,2025-12-28 11:12:30,CC→CW,2025-12-28,,20155,20155
1135,1312133,Los Canelos,Juan Pablo II,20156,L2,V1,2025-12-28 10:42:28,2025-12-28 11:10:51,CW→CC,2025-12-28,,20156,20156
1136,1312134,Los Canelos,Concepcion,20156,L2,V1,2025-12-28 10:43:06,2025-12-28 11:17:57,CW→CC,2025-12-28,,20156,20156
1137,1312135,Concepcion,Coronel,20157,L2,V1,2025-12-28 10:46:53,2025-12-28 12:15:23,CC→CW,2025-12-28,,20157,20157
1138,1312136,Concepcion,Coronel,20157,L2,V1,2025-12-28 10:46:51,2025-12-28 12:15:18,CC→CW,2025-12-28,,20157,20157
1139,1312137,Cdal. Raul Silva Henriquez,Concepcion,20156,L2,V1,2025-12-28 10:47:10,2025-12-28 11:20:31,CW→CC,2025-12-28,,20156,20156
1140,1312195,Concepcion,Coronel,20157,L2,V1,2025-12-28 11:05:20,2025-12-28 12:14:52,CC→CW,2025-12-28,,20157,20157
1141,1312195,Coronel,Concepcion,20182,L2,V1,2025-12-28 18:39:43,2025-12-28 20:01:45,CW→CC,2025-12-28,,20182,20182
1142,1312230,Lomas Coloradas,Costa Mar,20156,L2,V1,2025-12-28 10:55:31,2025-12-28 11:03:57,CW→CC,2025-12-28,,20156,20156
1143,1312231,Coronel,El Parque,20160,L2,V1,2025-12-28 11:13:56,2025-12-28 11:56:15,CW→CC,2025-12-28,,20160,20160
1144,1312232,Juan Pablo II,Los Canelos,20157,L2,V1,2025-12-28 11:03:33,2025-12-28 12:03:13,CC→CW,2025-12-28,,20157,20157
1145,1312232,Los Canelos,El Parque,20168,L2,V1,2025-12-28 14:53:49,2025-12-28 15:12:58,CW→CC,2025-12-28,,20168,20168
1146,1312232,El Parque,Juan Pablo II,20172,L2,V1,2025-12-28 16:23:18,2025-12-28 17:22:33,CW→CC,2025-12-28,,20172,20172
1147,1312233,Concepcion,Mercado,20844,L1,V1,2025-12-28 11:14:27,2025-12-28 13:27:06,HQ→TH,2025-12-28,combo_por_entrada,20844,20844
1148,1312233,Concepcion,Coronel,20171,L2,V1,2025-12-28 16:13:38,2025-12-28 17:26:00,CC→CW,2025-12-28,,20171,20171
1149,1312234,Concepcion,Los Canelos,20177,L2,V1,2025-12-28 18:17:38,2025-12-28 19:05:26,CC→CW,2025-12-28,,20177,20177
1150,1312235,Coronel,Concepcion,20160,L2,V1,2025-12-28 11:14:47,2025-12-28 12:14:42,CW→CC,2025-12-28,,20160,20160
1151,1312237,Concepcion,Coronel,20157,L2,V1,2025-12-28 11:26:08,2025-12-28 12:15:47,CC→CW,2025-12-28,,20157,20157
1152,1312238,Cristo Redentor,Concepcion,20160,L2,V1,2025-12-28 11:22:36,2025-12-28 12:13:27,CW→CC,2025-12-28,,20160,20160
1153,1312239,Concepcion,Coronel,20157,L2,V1,2025-12-28 11:28:35,2025-12-28 12:15:29,CC→CW,2025-12-28,,20157,20157
1154,1312240,Los Canelos,Concepcion,20160,L2,V1,2025-12-28 11:36:59,2025-12-28 12:12:41,CW→CC,2025-12-28,,20160,20160
1155,1312240,Concepcion,Los Canelos,20167,L2,V1,2025-12-28 14:17:01,2025-12-28 15:09:20,CC→CW,2025-12-28,,20167,20167
1156,1312241,Concepcion,Coronel,20157,L2,V1,2025-12-28 11:10:38,2025-12-28 12:15:37,CC→CW,2025-12-28,,20157,20157
1157,1312243,Lomas Coloradas,Cristo Redentor,20157,L2,V1,2025-12-28 11:29:43,2025-12-28 12:09:37,CC→CW,2025-12-28,,20157,20157
1158,1312244,Costa Mar,Concepcion,20160,L2,V1,2025-12-28 11:40:08,2025-12-28 12:12:42,CW→CC,2025-12-28,,20160,20160
1159,1312244,Concepcion,Costa Mar,20165,L2,V1,2025-12-28 12:57:17,2025-12-28 13:29:39,CC→CW,2025-12-28,,20165,20165
1160,1312245,Laguna Quinenco,Concepcion,20160,L2,V1,2025-12-28 11:32:30,2025-12-28 12:12:38,CW→CC,2025-12-28,,20160,20160
1161,1312245,Concepcion,Laguna Quinenco,20165,L2,V1,2025-12-28 13:07:25,2025-12-28 13:57:02,CC→CW,2025-12-28,,20165,20165
1162,1312246,Lomas Coloradas,Concepcion,20160,L2,V1,2025-12-28 11:48:33,2025-12-28 12:15:51,CW→CC,2025-12-28,,20160,20160
1163,1312246,Concepcion,Lomas Coloradas,20167,L2,V1,2025-12-28 14:18:12,2025-12-28 14:58:01,CC→CW,2025-12-28,,20167,20167
1164,1312247,Lomas Coloradas,Concepcion,20160,L2,V1,2025-12-28 11:45:51,2025-12-28 12:13:00,CW→CC,2025-12-28,,20160,20160
1165,1312248,El Parque,Concepcion,20160,L2,V1,2025-12-28 11:51:14,2025-12-28 12:13:18,CW→CC,2025-12-28,,20160,20160
1166,1312249,El Parque,Concepcion,20160,L2,V1,2025-12-28 11:51:34,2025-12-28 12:13:23,CW→CC,2025-12-28,,20160,20160
1167,1312302,Concepcion,Laguna Quinenco,20161,L2,V1,2025-12-28 12:09:25,2025-12-28 12:57:31,CC→CW,2025-12-28,,20161,20161
1168,1312335,Cristo Redentor,Concepcion,20182,L2,V1,2025-12-28 18:35:21,2025-12-28 20:04:29,CW→CC,2025-12-28,,20182,20182
1169,1312336,Concepcion,Cristo Redentor,20161,L2,V1,2025-12-28 11:56:00,2025-12-28 12:55:23,CC→CW,2025-12-28,,20161,20161
1170,1312337,Hualqui,Mercado,20844,L1,V1,2025-12-28 12:05:33,2025-12-28 13:27:16,HQ→TH,2025-12-28,,20844,20844
1171,1312338,Huinca,Concepcion,20162,L2,V1,2025-12-28 12:01:18,2025-12-28 12:59:55,CW→CC,2025-12-28,,20162,20162
1172,1312339,Concepcion,Cristo Redentor,20161,L2,V1,2025-12-28 12:04:40,2025-12-28 12:54:38,CC→CW,2025-12-28,,20161,20161
1173,1312340,Concepcion,Coronel,20161,L2,V1,2025-12-28 12:16:50,2025-12-28 13:00:34,CC→CW,2025-12-28,,20161,20161
1174,1312341,Concepcion,El Parque,20165,L2,V1,2025-12-28 12:14:50,2025-12-28 13:33:24,CC→CW,2025-12-28,combo_por_entrada,20165,20165
1175,1312342,Hualqui,Concepcion,20844,L1,V1,2025-12-28 12:08:12,2025-12-28 13:21:50,HQ→TH,2025-12-28,combo_por_entrada,20844,20165
1176,1312342,Juan Pablo II,Concepcion,20178,L2,V1,2025-12-28 18:41:43,2025-12-28 18:59:12,CW→CC,2025-12-28,,20178,20178
1177,1312344,Mercado,Concepcion,20859,L1,V1,2025-12-28 12:17:24,2025-12-28 12:57:07,TH→HQ,2025-12-28,,20859,20859
1178,1312345,Cristo Redentor,Concepcion,20162,L2,V1,2025-12-28 12:18:29,2025-12-28 13:00:31,CW→CC,2025-12-28,,20162,20162
1179,1312345,Concepcion,Cristo Redentor,20173,L2,V1,2025-12-28 17:13:49,2025-12-28 18:08:44,CC→CW,2025-12-28,,20173,20173
1180,1312346,Hualqui,El Arenal,20844,L1,V1,2025-12-28 12:16:03,2025-12-28 13:23:56,HQ→TH,2025-12-28,,20844,20844
1181,1312348,Concepcion,El Parque,20165,L2,V1,2025-12-28 12:22:42,2025-12-28 13:33:53,CC→CW,2025-12-28,combo_por_entrada,20165,20844
1182,1312349,Diagonal Bio Bio,Cristo Redentor,20161,L2,V1,2025-12-28 12:24:24,2025-12-28 12:53:54,CC→CW,2025-12-28,,20161,20161
1183,1312350,Los Canelos,Concepcion,20162,L2,V1,2025-12-28 12:22:42,2025-12-28 13:01:07,CW→CC,2025-12-28,,20162,20162
1184,1312351,Concepcion,Coronel,20165,L2,V1,2025-12-28 12:35:14,2025-12-28 14:01:13,CC→CW,2025-12-28,,20165,20165
1185,1312352,Lzo. Arenas,Hualqui,20859,L1,V1,2025-12-28 12:30:46,2025-12-28 13:29:43,TH→HQ,2025-12-28,,20859,20859
1186,1312353,Concepcion,Coronel,20165,L2,V1,2025-12-28 12:35:34,2025-12-28 14:01:06,CC→CW,2025-12-28,,20165,20165
1187,1312354,Concepcion,Coronel,20165,L2,V1,2025-12-28 12:35:17,2025-12-28 14:01:06,CC→CW,2025-12-28,,20165,20165
1188,1312355,Lomas Coloradas,Cristo Redentor,20161,L2,V1,2025-12-28 12:33:06,2025-12-28 12:54:19,CC→CW,2025-12-28,,20161,20161
1189,1312356,Concepcion,Coronel,20165,L2,V1,2025-12-28 12:35:04,2025-12-28 14:01:25,CC→CW,2025-12-28,,20165,20165
1190,1312356,Coronel,Concepcion,20172,L2,V1,2025-12-28 16:21:13,2025-12-28 17:29:50,CW→CC,2025-12-28,,20172,20172
1191,1312357,Concepcion,Coronel,20165,L2,V1,2025-12-28 12:35:29,2025-12-28 14:00:59,CC→CW,2025-12-28,,20165,20165
1192,1312357,Coronel,Concepcion,20172,L2,V1,2025-12-28 16:20:22,2025-12-28 17:29:40,CW→CC,2025-12-28,,20172,20172
1193,1312358,Concepcion,Higueras,20844,L1,V1,2025-12-28 12:36:25,2025-12-28 13:20:47,HQ→TH,2025-12-28,,20844,20844
1194,1312359,Concepcion,Coronel,20165,L2,V1,2025-12-28 12:35:39,2025-12-28 14:01:22,CC→CW,2025-12-28,,20165,20165
1195,1312359,Coronel,Concepcion,20172,L2,V1,2025-12-28 16:20:29,2025-12-28 17:29:33,CW→CC,2025-12-28,,20172,20172
1196,1312361,Lomas Coloradas,Concepcion,20162,L2,V1,2025-12-28 12:35:04,2025-12-28 12:59:22,CW→CC,2025-12-28,,20162,20162
1197,1312362,Concepcion,Juan Pablo II,20165,L2,V1,2025-12-28 12:41:26,2025-12-28 13:21:48,CC→CW,2025-12-28,combo_relajado_pase1,20165,20165
1198,1312362,Juan Pablo II,Concepcion,20178,L2,V1,2025-12-28 18:41:29,2025-12-28 18:59:03,CW→CC,2025-12-28,,20178,20178
1199,1312363,Coronel,Concepcion,20172,L2,V1,2025-12-28 16:21:23,2025-12-28 17:29:52,CW→CC,2025-12-28,,20172,20172
1200,1312364,Concepcion,Cdal. Raul Silva Henriquez,20165,L2,V1,2025-12-28 12:51:05,2025-12-28 13:39:03,CC→CW,2025-12-28,,20165,20165
1201,1312365,Concepcion,Cdal. Raul Silva Henriquez,20165,L2,V1,2025-12-28 12:50:17,2025-12-28 13:38:33,CC→CW,2025-12-28,,20165,20165
1202,1312366,Lzo. Arenas,Los Condores,20844,L1,V1,2025-12-28 12:51:18,2025-12-28 13:18:22,HQ→TH,2025-12-28,,20844,20844
1203,1312499,Concepcion,Diagonal Bio Bio,20165,L2,V1,2025-12-28 12:56:12,2025-12-28 13:26:43,CC→CW,2025-12-28,,20165,20165
1204,1312500,Concepcion,Lomas Coloradas,20165,L2,V1,2025-12-28 12:54:42,2025-12-28 13:35:59,CC→CW,2025-12-28,,20165,20165
1205,1312501,Concepcion,Lomas Coloradas,20165,L2,V1,2025-12-28 12:53:49,2025-12-28 13:36:01,CC→CW,2025-12-28,,20165,20165
1206,1312502,Concepcion,Lomas Coloradas,20165,L2,V1,2025-12-28 12:53:17,2025-12-28 13:35:57,CC→CW,2025-12-28,,20165,20165
1207,1312503,Concepcion,Lomas Coloradas,20165,L2,V1,2025-12-28 12:53:38,2025-12-28 13:35:45,CC→CW,2025-12-28,,20165,20165
1208,1312504,Lzo. Arenas,Los Condores,20844,L1,V1,2025-12-28 12:51:25,2025-12-28 13:18:29,HQ→TH,2025-12-28,,20844,20844
1209,1312505,Concepcion,Lomas Coloradas,20165,L2,V1,2025-12-28 12:55:17,2025-12-28 13:35:33,CC→CW,2025-12-28,,20165,20165
1210,1312507,Concepcion,El Parque,20165,L2,V1,2025-12-28 13:06:03,2025-12-28 13:33:53,CC→CW,2025-12-28,,20165,20165
1211,1312507,El Parque,Concepcion,20170,L2,V1,2025-12-28 15:47:46,2025-12-28 16:23:32,CW→CC,2025-12-28,,20170,20170
1212,1312508,Concepcion,Lomas Coloradas,20165,L2,V1,2025-12-28 13:00:00,2025-12-28 13:35:44,CC→CW,2025-12-28,,20165,20165
1213,1312509,Concepcion,Coronel,20165,L2,V1,2025-12-28 13:06:29,2025-12-28 14:00:55,CC→CW,2025-12-28,,20165,20165
1214,1312509,Coronel,Concepcion,20176,L2,V1,2025-12-28 17:39:56,2025-12-28 18:28:06,CW→CC,2025-12-28,,20176,20176
1215,1312510,El Parque,Concepcion,20170,L2,V1,2025-12-28 15:47:29,2025-12-28 16:23:30,CW→CC,2025-12-28,,20170,20170
1216,1312511,Costa Mar,Lomas Coloradas,20165,L2,V1,2025-12-28 13:08:47,2025-12-28 13:35:27,CC→CW,2025-12-28,,20165,20165
1217,1312512,Concepcion,Laguna Quinenco,20165,L2,V1,2025-12-28 13:11:29,2025-12-28 13:57:08,CC→CW,2025-12-28,,20165,20165
1218,1312513,Juan Pablo II,Lomas Coloradas,20165,L2,V1,2025-12-28 13:09:38,2025-12-28 13:35:36,CC→CW,2025-12-28,,20165,20165
1219,1312515,Cristo Redentor,Costa Mar,20166,L2,V1,2025-12-28 13:25:43,2025-12-28 14:18:06,CW→CC,2025-12-28,,20166,20166
1220,1312516,El Parque,Coronel,20165,L2,V1,2025-12-28 13:25:59,2025-12-28 13:59:55,CC→CW,2025-12-28,,20165,20165
1221,1312517,Lomas Coloradas,Laguna Quinenco,20165,L2,V1,2025-12-28 13:32:58,2025-12-28 13:57:30,CC→CW,2025-12-28,,20165,20165
1222,1312517,Laguna Quinenco,Concepcion,20170,L2,V1,2025-12-28 15:27:09,2025-12-28 16:23:29,CW→CC,2025-12-28,,20170,20170
1223,1312517,Concepcion,Lomas Coloradas,20179,L2,V1,2025-12-28 18:51:26,2025-12-28 19:23:27,CC→CW,2025-12-28,,20179,20179
1224,1312519,Lomas Coloradas,Coronel,20165,L2,V1,2025-12-28 13:33:35,2025-12-28 13:59:47,CC→CW,2025-12-28,,20165,20165
1225,1312520,Los Canelos,Laguna Quinenco,20165,L2,V1,2025-12-28 13:44:15,2025-12-28 13:57:10,CC→CW,2025-12-28,,20165,20165
1226,1312522,Laguna Quinenco,Concepcion,20166,L2,V1,2025-12-28 13:41:54,2025-12-28 14:33:29,CW→CC,2025-12-28,,20166,20166
1227,1312523,Cdal. Raul Silva Henriquez,El Parque,20176,L2,V1,2025-12-28 17:18:49,2025-12-28 18:10:41,CW→CC,2025-12-28,,20176,20176
1228,1312523,El Parque,Cdal. Raul Silva Henriquez,20183,L2,V1,2025-12-28 20:15:24,2025-12-28 20:26:55,CC→CW,2025-12-28,,20183,20183
1229,1312637,Concepcion,Coronel,20167,L2,V1,2025-12-28 13:52:58,2025-12-28 15:20:22,CC→CW,2025-12-28,,20167,20167
1230,1312639,Coronel,Concepcion,20166,L2,V1,2025-12-28 13:51:06,2025-12-28 15:29:26,CW→CC,2025-12-28,,20166,20166
1231,1312640,Concepcion,Coronel,20167,L2,V1,2025-12-28 14:07:24,2025-12-28 15:20:32,CC→CW,2025-12-28,,20167,20167
1232,1312643,Coronel,Concepcion,20172,L2,V1,2025-12-28 16:21:08,2025-12-28 17:29:36,CW→CC,2025-12-28,,20172,20172
1233,1312645,Lomas Coloradas,Juan Pablo II,20166,L2,V1,2025-12-28 14:03:33,2025-12-28 14:26:02,CW→CC,2025-12-28,,20166,20166
1234,1312648,Diagonal Bio Bio,Concepcion,20166,L2,V1,2025-12-28 14:19:10,2025-12-28 14:32:36,CW→CC,2025-12-28,,20166,20166
1235,1312648,Concepcion,Concepcion,,,N/A,2025-12-28 14:56:48,2025-12-28 14:57:49,,2025-12-28,no viajo,,
1236,1312649,Coronel,Concepcion,20168,L2,V1,2025-12-28 14:14:09,2025-12-28 15:28:24,CW→CC,2025-12-28,,20168,20168
1237,1312650,Concepcion,Coronel,20167,L2,V1,2025-12-28 14:24:20,2025-12-28 15:22:18,CC→CW,2025-12-28,,20167,20167
1238,1312651,Concepcion,Costa Mar,20167,L2,V1,2025-12-28 14:31:52,2025-12-28 14:51:27,CC→CW,2025-12-28,,20167,20167
1239,1312652,Los Canelos,Concepcion,20168,L2,V1,2025-12-28 14:34:18,2025-12-28 15:29:51,CW→CC,2025-12-28,,20168,20168
1240,1312653,Juan Pablo II,Los Canelos,20167,L2,V1,2025-12-28 14:36:51,2025-12-28 15:09:30,CC→CW,2025-12-28,,20167,20167
1241,1312654,Concepcion,Costa Mar,20167,L2,V1,2025-12-28 14:31:55,2025-12-28 14:51:13,CC→CW,2025-12-28,,20167,20167
1242,1312655,Concepcion,Concepcion,,,N/A,2025-12-28 14:41:26,2025-12-28 14:42:49,,2025-12-28,no viajo,,
1243,1312656,Diagonal Bio Bio,Cristo Redentor,20167,L2,V1,2025-12-28 14:37:14,2025-12-28 15:13:54,CC→CW,2025-12-28,,20167,20167
1244,1312656,Cristo Redentor,Diagonal Bio Bio,20178,L2,V1,2025-12-28 18:20:04,2025-12-28 18:49:04,CW→CC,2025-12-28,,20178,20178
1245,1312657,Laguna Quinenco,Concepcion,20168,L2,V1,2025-12-28 14:40:44,2025-12-28 15:28:51,CW→CC,2025-12-28,,20168,20168
1246,1312658,Concepcion,Lomas Coloradas,20169,L2,V1,2025-12-28 14:47:53,2025-12-28 15:51:30,CC→CW,2025-12-28,,20169,20169
1247,1312658,Lomas Coloradas,Concepcion,20178,L2,V1,2025-12-28 18:23:19,2025-12-28 19:00:23,CW→CC,2025-12-28,,20178,20178
1248,1312659,Los Canelos,Cdal. Raul Silva Henriquez,20168,L2,V1,2025-12-28 14:49:43,2025-12-28 15:07:49,CW→CC,2025-12-28,,20168,20168
1249,1312660,Cdal. Raul Silva Henriquez,Laguna Quinenco,20167,L2,V1,2025-12-28 14:51:06,2025-12-28 15:16:43,CC→CW,2025-12-28,,20167,20167
1250,1312660,Laguna Quinenco,Cdal. Raul Silva Henriquez,20172,L2,V1,2025-12-28 16:18:52,2025-12-28 17:07:35,CW→CC,2025-12-28,,20172,20172
1251,1312764,El Parque,Concepcion,20172,L2,V1,2025-12-28 16:59:22,2025-12-28 17:29:13,CW→CC,2025-12-28,,20172,20172
1252,1312784,Juan Pablo II,Los Canelos,20169,L2,V1,2025-12-28 14:47:32,2025-12-28 16:03:40,CC→CW,2025-12-28,,20169,20167
1253,1312785,Hito Galvarino,Concepcion,20168,L2,V1,2025-12-28 14:50:57,2025-12-28 15:29:23,CW→CC,2025-12-28,,20168,20168
1254,1312786,Concepcion,Concepcion,,,N/A,2025-12-28 15:16:57,2025-12-28 17:30:13,,2025-12-28,no viajo,,
1255,1312787,Concepcion,Los Canelos,20169,L2,V1,2025-12-28 15:21:37,2025-12-28 16:03:59,CC→CW,2025-12-28,,20169,20169
1256,1312788,Concepcion,Costa Mar,20169,L2,V1,2025-12-28 15:17:24,2025-12-28 15:45:11,CC→CW,2025-12-28,,20169,20169
1257,1312789,Concepcion,El Parque,20169,L2,V1,2025-12-28 15:22:08,2025-12-28 15:48:35,CC→CW,2025-12-28,,20169,20169
1258,1312790,Concepcion,Huinca,20169,L2,V1,2025-12-28 15:23:08,2025-12-28 16:05:29,CC→CW,2025-12-28,,20169,20169
1259,1312793,Concepcion,Concepcion,,,N/A,2025-12-28 15:27:13,2025-12-28 15:29:49,,2025-12-28,no viajo,,
1260,1312795,Higueras,Hualqui,20845,L1,V1,2025-12-28 15:33:26,2025-12-28 17:02:36,TH→HQ,2025-12-28,,20845,20845
1261,1312796,Higueras,Hualqui,20845,L1,V1,2025-12-28 15:33:53,2025-12-28 17:02:54,TH→HQ,2025-12-28,,20845,20845
1262,1312797,Concepcion,Concepcion,,,N/A,2025-12-28 15:34:54,2025-12-28 15:35:49,,2025-12-28,no viajo,,
1263,1312798,Higueras,Hualqui,20845,L1,V1,2025-12-28 15:45:20,2025-12-28 17:02:54,TH→HQ,2025-12-28,,20845,20845
1264,1312799,Concepcion,El Parque,20171,L2,V1,2025-12-28 15:39:42,2025-12-28 16:59:34,CC→CW,2025-12-28,,20171,20171
1265,1312799,El Parque,Concepcion,20182,L2,V1,2025-12-28 19:06:54,2025-12-28 20:01:37,CW→CC,2025-12-28,,20182,20182
1266,1312801,El Parque,Concepcion,20170,L2,V1,2025-12-28 15:47:38,2025-12-28 16:23:55,CW→CC,2025-12-28,,20170,20170
1267,1312802,El Parque,Coronel,20169,L2,V1,2025-12-28 15:43:21,2025-12-28 16:16:09,CC→CW,2025-12-28,,20169,20169
1268,1312803,Concepcion,Lomas Coloradas,20171,L2,V1,2025-12-28 15:46:36,2025-12-28 17:01:33,CC→CW,2025-12-28,combo_por_entrada,20171,20171
1269,1312803,Lomas Coloradas,Concepcion,20186,L2,V1,2025-12-28 20:24:17,2025-12-28 21:00:48,CW→CC,2025-12-28,,20186,20186
1270,1312804,Coronel,Concepcion,20170,L2,V1,2025-12-28 15:39:20,2025-12-28 16:22:48,CW→CC,2025-12-28,,20170,20170
1271,1312805,Cristo Redentor,Concepcion,20170,L2,V1,2025-12-28 15:38:21,2025-12-28 16:23:47,CW→CC,2025-12-28,,20170,20170
1272,1312806,El Parque,Laguna Quinenco,20169,L2,V1,2025-12-28 15:41:07,2025-12-28 16:12:48,CC→CW,2025-12-28,,20169,20169
1273,1312806,Laguna Quinenco,Concepcion,20176,L2,V1,2025-12-28 17:36:11,2025-12-28 18:28:16,CW→CC,2025-12-28,,20176,20176
1274,1312907,Concepcion,Juan Pablo II,20171,L2,V1,2025-12-28 16:36:10,2025-12-28 16:47:26,CC→CW,2025-12-28,,20171,20171
1275,1312929,Concepcion,Cdal. Raul Silva Henriquez,20171,L2,V1,2025-12-28 15:59:35,2025-12-28 17:05:57,CC→CW,2025-12-28,combo_por_entrada,20171,20845
1276,1312930,El Parque,Concepcion,20170,L2,V1,2025-12-28 15:54:00,2025-12-28 16:23:56,CW→CC,2025-12-28,,20170,20170
1277,1312931,El Parque,Concepcion,20170,L2,V1,2025-12-28 16:00:55,2025-12-28 16:41:02,CW→CC,2025-12-28,,20170,20170
1278,1312934,Los Condores,Lzo. Arenas,20845,L1,V1,2025-12-28 16:07:30,2025-12-28 16:20:49,TH→HQ,2025-12-28,,20845,20845
1279,1312936,Coronel,Concepcion,20172,L2,V1,2025-12-28 16:21:20,2025-12-28 17:29:32,CW→CC,2025-12-28,,20172,20172
1280,1312937,Concepcion,Cdal. Raul Silva Henriquez,20171,L2,V1,2025-12-28 16:23:28,2025-12-28 17:04:37,CC→CW,2025-12-28,,20171,20171
1281,1312938,Laguna Quinenco,Costa Mar,20172,L2,V1,2025-12-28 16:27:43,2025-12-28 17:15:12,CW→CC,2025-12-28,,20172,20172
1282,1312939,Costa Mar,Los Canelos,20171,L2,V1,2025-12-28 16:25:00,2025-12-28 17:13:51,CC→CW,2025-12-28,,20171,20171
1283,1312940,Concepcion,Mercado,20846,L1,V1,2025-12-28 16:26:46,2025-12-28 18:00:39,HQ→TH,2025-12-28,,20846,20846
1284,1312941,Manquimavida,Hualqui,20845,L1,V1,2025-12-28 16:31:02,2025-12-28 17:03:38,TH→HQ,2025-12-28,,20845,20845
1285,1312942,Concepcion,UTF Santa Maria,20846,L1,V1,2025-12-28 16:40:46,2025-12-28 17:45:36,HQ→TH,2025-12-28,combo_por_entrada,20846,20172
1286,1312943,Los Canelos,Concepcion,20172,L2,V1,2025-12-28 16:45:25,2025-12-28 17:29:16,CW→CC,2025-12-28,,20172,20172
1287,1312945,Cristo Redentor,Concepcion,20172,L2,V1,2025-12-28 16:47:04,2025-12-28 17:32:57,CW→CC,2025-12-28,,20172,20172
1288,1312946,Laguna Quinenco,Costa Mar,20172,L2,V1,2025-12-28 16:41:34,2025-12-28 17:15:27,CW→CC,2025-12-28,,20172,20172
1289,1312948,Laguna Quinenco,Huinca,20172,L2,V1,2025-12-28 16:44:00,2025-12-28 16:55:27,CW→CC,2025-12-28,,20172,20172
1290,1312950,Los Canelos,Concepcion,20172,L2,V1,2025-12-28 16:48:34,2025-12-28 17:29:04,CW→CC,2025-12-28,,20172,20172
1291,1313059,La Leonera,Los Condores,20846,L1,V1,2025-12-28 16:54:27,2025-12-28 17:49:57,HQ→TH,2025-12-28,,20846,20846
1292,1313059,Los Condores,Lzo. Arenas,20847,L1,V1,2025-12-28 19:50:54,2025-12-28 20:20:47,TH→HQ,2025-12-28,,20847,20847
1293,1313061,Concepcion,Costa Mar,20177,L2,V1,2025-12-28 17:04:34,2025-12-28 18:46:05,CC→CW,2025-12-28,combo_relajado_pase1,20177,20177
1294,1313062,Cdal. Raul Silva Henriquez,Juan Pablo II,20172,L2,V1,2025-12-28 16:58:54,2025-12-28 17:22:16,CW→CC,2025-12-28,,20172,20172
1295,1313063,Manquimavida,Los Condores,20846,L1,V1,2025-12-28 17:07:44,2025-12-28 17:50:44,HQ→TH,2025-12-28,,20846,20846
1296,1313065,Costa Mar,Concepcion,20172,L2,V1,2025-12-28 17:12:49,2025-12-28 17:30:19,CW→CC,2025-12-28,,20172,20172
1297,1313066,Concepcion,Costa Mar,20173,L2,V1,2025-12-28 17:21:05,2025-12-28 17:45:10,CC→CW,2025-12-28,,20173,20173
1298,1313067,Concepcion,Hito Galvarino,20173,L2,V1,2025-12-28 17:11:03,2025-12-28 18:00:33,CC→CW,2025-12-28,,20173,20173
1299,1313069,Concepcion,Cristo Redentor,20173,L2,V1,2025-12-28 17:21:01,2025-12-28 18:08:39,CC→CW,2025-12-28,,20173,20173
1300,1313070,Chiguayante,Concepcion,20846,L1,V1,2025-12-28 17:17:24,2025-12-28 17:36:56,HQ→TH,2025-12-28,,20846,20846
1301,1313071,Concepcion,Mercado,20846,L1,V1,2025-12-28 17:24:38,2025-12-28 17:59:43,HQ→TH,2025-12-28,,20846,20846
1302,1313072,Concepcion,Costa Mar,20173,L2,V1,2025-12-28 17:24:27,2025-12-28 17:45:03,CC→CW,2025-12-28,,20173,20173
1303,1313073,Concepcion,Mercado,20846,L1,V1,2025-12-28 17:24:17,2025-12-28 17:59:29,HQ→TH,2025-12-28,,20846,20846
1304,1313074,Coronel,Alborada,20176,L2,V1,2025-12-28 17:34:26,2025-12-28 18:15:13,CW→CC,2025-12-28,,20176,20176
1305,1313075,Juan Pablo II,Concepcion,20176,L2,V1,2025-12-28 17:32:58,2025-12-28 19:00:43,CW→CC,2025-12-28,,20176,20176
1306,1313076,Coronel,Concepcion,20176,L2,V1,2025-12-28 17:35:07,2025-12-28 18:27:18,CW→CC,2025-12-28,,20176,20176
1307,1313077,Costa Mar,Cristo Redentor,20173,L2,V1,2025-12-28 17:31:41,2025-12-28 18:08:23,CC→CW,2025-12-28,,20173,20173
1308,1313080,Concepcion,Hito Galvarino,20173,L2,V1,2025-12-28 17:20:47,2025-12-28 19:00:28,CC→CW,2025-12-28,,20173,20173
1309,1313082,Los Canelos,Concepcion,20176,L2,V1,2025-12-28 17:44:48,2025-12-28 18:28:31,CW→CC,2025-12-28,,20176,20176
1310,1313146,Cristo Redentor,Concepcion,20178,L2,V1,2025-12-28 18:13:10,2025-12-28 19:00:08,CW→CC,2025-12-28,,20178,20178
1311,1313157,Concepcion,Lomas Coloradas,20177,L2,V1,2025-12-28 18:31:25,2025-12-28 19:23:50,CC→CW,2025-12-28,,20177,20177
1312,1313181,Cdal. Raul Silva Henriquez,Concepcion,20176,L2,V1,2025-12-28 17:56:32,2025-12-28 18:30:47,CW→CC,2025-12-28,,20176,20176
1313,1313182,El Parque,Concepcion,20176,L2,V1,2025-12-28 18:03:24,2025-12-28 18:28:04,CW→CC,2025-12-28,,20176,20176
1314,1313182,Concepcion,El Parque,20187,L2,V1,2025-12-28 20:46:30,2025-12-28 21:27:34,CC→CW,2025-12-28,,20187,20187
1315,1313183,Coronel,Concepcion,20178,L2,V1,2025-12-28 18:01:06,2025-12-28 19:01:43,CW→CC,2025-12-28,,20178,20178
1316,1313184,Concepcion,Concepcion,,,N/A,2025-12-28 18:05:12,2025-12-28 18:06:01,,2025-12-28,no viajo,,
1317,1313185,Laguna Quinenco,Lomas Coloradas,20178,L2,V1,2025-12-28 18:08:54,2025-12-28 18:38:45,CW→CC,2025-12-28,,20178,20178
1318,1313186,Costa Mar,Concepcion,20176,L2,V1,2025-12-28 18:03:32,2025-12-28 18:27:17,CW→CC,2025-12-28,,20176,20176
1319,1313186,Concepcion,Costa Mar,20179,L2,V1,2025-12-28 18:43:54,2025-12-28 19:17:24,CC→CW,2025-12-28,,20179,20179
1320,1313187,Concepcion,Los Canelos,20177,L2,V1,2025-12-28 18:16:43,2025-12-28 19:04:51,CC→CW,2025-12-28,,20177,20177
1321,1313188,Concepcion,Lomas Coloradas,20177,L2,V1,2025-12-28 18:22:57,2025-12-28 18:50:59,CC→CW,2025-12-28,,20177,20177
1322,1313190,Diagonal Bio Bio,Concepcion,20178,L2,V1,2025-12-28 18:28:52,2025-12-28 19:00:57,CW→CC,2025-12-28,,20178,20178
1323,1313191,Concepcion,Laguna Quinenco,20177,L2,V1,2025-12-28 18:28:51,2025-12-28 19:16:21,CC→CW,2025-12-28,,20177,20177
1324,1313192,Diagonal Bio Bio,Concepcion,20178,L2,V1,2025-12-28 18:28:35,2025-12-28 19:00:50,CW→CC,2025-12-28,,20178,20178
1325,1313193,El Parque,Coronel,20177,L2,V1,2025-12-28 18:32:20,2025-12-28 19:16:22,CC→CW,2025-12-28,,20177,20177
1326,1313194,Diagonal Bio Bio,Concepcion,20178,L2,V1,2025-12-28 18:29:17,2025-12-28 19:00:37,CW→CC,2025-12-28,,20178,20178
1327,1313196,Diagonal Bio Bio,Concepcion,20178,L2,V1,2025-12-28 18:29:13,2025-12-28 19:00:44,CW→CC,2025-12-28,,20178,20178
1328,1313197,Concepcion,El Parque,20177,L2,V1,2025-12-28 18:32:33,2025-12-28 19:20:27,CC→CW,2025-12-28,,20177,20177
1329,1313198,Costa Mar,Lomas Coloradas,20177,L2,V1,2025-12-28 18:40:35,2025-12-28 18:51:26,CC→CW,2025-12-28,,20177,20177
1330,1313199,Concepcion,Lomas Coloradas,20179,L2,V1,2025-12-28 18:35:00,2025-12-28 19:22:35,CC→CW,2025-12-28,,20179,20177
1331,1313295,Coronel,Diagonal Bio Bio,20182,L2,V1,2025-12-28 18:52:26,2025-12-28 19:51:16,CW→CC,2025-12-28,,20182,20182
1332,1313298,Coronel,Concepcion,20182,L2,V1,2025-12-28 18:57:32,2025-12-28 20:01:36,CW→CC,2025-12-28,,20182,20182
1333,1313299,Los Canelos,Concepcion,20182,L2,V1,2025-12-28 19:01:00,2025-12-28 20:02:23,CW→CC,2025-12-28,,20182,20182
1334,1313300,Concepcion,Costa Mar,20179,L2,V1,2025-12-28 18:55:55,2025-12-28 19:17:29,CC→CW,2025-12-28,,20179,20179
1335,1313301,Los Canelos,Concepcion,20182,L2,V1,2025-12-28 19:01:45,2025-12-28 20:01:47,CW→CC,2025-12-28,,20182,20182
1336,1313302,Los Canelos,Concepcion,20182,L2,V1,2025-12-28 19:00:31,2025-12-28 20:01:59,CW→CC,2025-12-28,,20182,20182
1337,1313303,Los Canelos,Concepcion,20182,L2,V1,2025-12-28 19:01:55,2025-12-28 20:01:51,CW→CC,2025-12-28,,20182,20182
1338,1313305,Concepcion,Concepcion,,,N/A,2025-12-28 19:11:36,2025-12-28 19:12:21,,2025-12-28,no viajo,,
1339,1313306,Juan Pablo II,Concepcion,20182,L2,V1,2025-12-28 19:09:26,2025-12-28 20:01:01,CW→CC,2025-12-28,,20182,20182
1340,1313307,Huinca,Cdal. Raul Silva Henriquez,20182,L2,V1,2025-12-28 19:08:25,2025-12-28 19:38:48,CW→CC,2025-12-28,,20182,20182
1341,1313308,Concepcion,Laguna Quinenco,20183,L2,V1,2025-12-28 19:12:29,2025-12-28 20:44:44,CC→CW,2025-12-28,,20183,20183
1342,1313309,Cdal. Raul Silva Henriquez,Concepcion,20182,L2,V1,2025-12-28 19:17:27,2025-12-28 21:01:26,CW→CC,2025-12-28,combo_por_entrada,20182,20847
1343,1313310,Cristo Redentor,Alborada,20182,L2,V1,2025-12-28 19:14:26,2025-12-28 19:50:34,CW→CC,2025-12-28,,20182,20182
1344,1313311,El Parque,Concepcion,20182,L2,V1,2025-12-28 19:29:30,2025-12-28 20:01:31,CW→CC,2025-12-28,,20182,20182
1345,1313312,Lomas Coloradas,Concepcion,20182,L2,V1,2025-12-28 19:23:50,2025-12-28 20:04:35,CW→CC,2025-12-28,,20182,20182
1346,1313314,El Parque,Concepcion,20182,L2,V1,2025-12-28 19:28:34,2025-12-28 20:01:40,CW→CC,2025-12-28,,20182,20182
1347,1313315,Juan Pablo II,Concepcion,20182,L2,V1,2025-12-28 19:28:59,2025-12-28 20:01:04,CW→CC,2025-12-28,,20182,20182
1348,1313316,Costa Mar,Concepcion,20182,L2,V1,2025-12-28 19:37:42,2025-12-28 20:00:42,CW→CC,2025-12-28,,20182,20182
1349,1313317,Cdal. Raul Silva Henriquez,Concepcion,20182,L2,V1,2025-12-28 19:35:01,2025-12-28 20:01:23,CW→CC,2025-12-28,,20182,20182
1350,1313318,Concepcion,Los Canelos,20183,L2,V1,2025-12-28 19:43:43,2025-12-28 20:40:31,CC→CW,2025-12-28,,20183,20183
1351,1313319,Coronel,Concepcion,20186,L2,V1,2025-12-28 19:48:43,2025-12-28 21:00:18,CW→CC,2025-12-28,,20186,20186
1352,1313320,Juan Pablo II,Cristo Redentor,20183,L2,V1,2025-12-28 19:51:15,2025-12-28 20:42:04,CC→CW,2025-12-28,,20183,20183
1353,1313321,Coronel,Concepcion,20186,L2,V1,2025-12-28 19:48:16,2025-12-28 20:59:23,CW→CC,2025-12-28,,20186,20186
1354,1313380,Hualqui,Los Condores,20848,L1,V1,2025-12-28 20:18:03,2025-12-28 21:23:38,HQ→TH,2025-12-28,,20848,20848
1355,1313382,Lzo. Arenas,La Leonera,20847,L1,V1,2025-12-28 20:19:52,2025-12-28 20:48:44,TH→HQ,2025-12-28,,20847,20847
1356,1313404,Concepcion,Cristo Redentor,20183,L2,V1,2025-12-28 19:52:31,2025-12-28 20:41:40,CC→CW,2025-12-28,,20183,20183
1357,1313405,Coronel,Concepcion,20186,L2,V1,2025-12-28 19:53:47,2025-12-28 21:00:38,CW→CC,2025-12-28,,20186,20186
1358,1313406,Concepcion,Cdal. Raul Silva Henriquez,20183,L2,V1,2025-12-28 19:57:48,2025-12-28 20:28:50,CC→CW,2025-12-28,,20183,20183
1359,1313406,Cdal. Raul Silva Henriquez,Concepcion,20186,L2,V1,2025-12-28 20:29:15,2025-12-28 21:00:26,CW→CC,2025-12-28,,20186,20186
1360,1313407,Concepcion,Chiguayante,20847,L1,V1,2025-12-28 19:53:20,2025-12-28 20:41:00,TH→HQ,2025-12-28,combo_por_entrada,20847,20847
1361,1313410,El Arenal,Hualqui,20847,L1,V1,2025-12-28 20:02:50,2025-12-28 21:00:45,TH→HQ,2025-12-28,,20847,20847
1362,1313411,Concepcion,Chiguayante,20847,L1,V1,2025-12-28 19:53:12,2025-12-28 20:41:04,TH→HQ,2025-12-28,combo_por_entrada,20847,20847
1363,1313412,El Parque,Concepcion,20186,L2,V1,2025-12-28 20:05:47,2025-12-28 21:00:07,CW→CC,2025-12-28,,20186,20186
1364,1313413,Hualqui,UTF Santa Maria,20848,L1,V1,2025-12-28 20:10:29,2025-12-28 21:18:08,HQ→TH,2025-12-28,,20848,20848
1365,1313414,Juan Pablo II,Costa Mar,20183,L2,V1,2025-12-28 20:05:47,2025-12-28 20:16:43,CC→CW,2025-12-28,,20183,20183
1366,1313415,Hualqui,UTF Santa Maria,20848,L1,V1,2025-12-28 20:10:05,2025-12-28 21:18:21,HQ→TH,2025-12-28,,20848,20848
1367,1313417,Hualqui,Los Condores,20848,L1,V1,2025-12-28 20:16:33,2025-12-28 21:23:08,HQ→TH,2025-12-28,,20848,20848
1368,1313418,Hualqui,Los Condores,20848,L1,V1,2025-12-28 20:16:25,2025-12-28 21:23:01,HQ→TH,2025-12-28,,20848,20848
1369,1313419,Concepcion,Manquimavida,20847,L1,V1,2025-12-28 20:13:14,2025-12-28 20:46:01,TH→HQ,2025-12-28,,20847,20847
1370,1313421,Concepcion,Cdal. Raul Silva Henriquez,20187,L2,V1,2025-12-28 20:10:37,2025-12-28 21:32:01,CC→CW,2025-12-28,,20187,20187
1371,1313422,Concepcion,Manquimavida,20847,L1,V1,2025-12-28 20:15:12,2025-12-28 20:46:07,TH→HQ,2025-12-28,,20847,20847
1372,1313423,Hualqui,Los Condores,20848,L1,V1,2025-12-28 20:17:15,2025-12-28 21:23:16,HQ→TH,2025-12-28,,20848,20848
1373,1313424,Hualqui,Mercado,20848,L1,V1,2025-12-28 20:18:28,2025-12-28 21:32:45,HQ→TH,2025-12-28,,20848,20848
1374,1313425,Laguna Quinenco,Concepcion,20186,L2,V1,2025-12-28 20:18:06,2025-12-28 21:00:18,CW→CC,2025-12-28,,20186,20186
1375,1313426,Lomas Coloradas,Concepcion,20186,L2,V1,2025-12-28 20:26:10,2025-12-28 20:59:35,CW→CC,2025-12-28,,20186,20186
1376,1313427,Concepcion,Alborada,20187,L2,V1,2025-12-28 20:26:33,2025-12-28 21:22:44,CC→CW,2025-12-28,,20187,20187
1377,1313428,Concepcion,La Leonera,20847,L1,V1,2025-12-28 20:28:20,2025-12-28 20:48:53,TH→HQ,2025-12-28,,20847,20847
1378,1313429,Chiguayante,Los Condores,20848,L1,V1,2025-12-28 20:30:14,2025-12-28 21:21:07,HQ→TH,2025-12-28,,20848,20848
1379,1313430,Los Canelos,Cristo Redentor,20183,L2,V1,2025-12-28 20:30:51,2025-12-28 20:41:46,CC→CW,2025-12-28,,20183,20183
1380,1313431,Los Canelos,Cristo Redentor,20183,L2,V1,2025-12-28 20:31:04,2025-12-28 20:42:19,CC→CW,2025-12-28,,20183,20183
1381,1313432,Concepcion,Cristo Redentor,20187,L2,V1,2025-12-28 20:30:29,2025-12-28 21:45:40,CC→CW,2025-12-28,,20187,20187
1382,1313433,Lomas Coloradas,Los Canelos,20187,L2,V1,2025-12-28 20:37:18,2025-12-28 21:41:59,CC→CW,2025-12-28,,20187,20187
1383,1313434,Concepcion,Costa Mar,20187,L2,V1,2025-12-28 20:44:52,2025-12-28 21:26:23,CC→CW,2025-12-28,,20187,20187
1384,1313435,Manquimavida,Mercado,20848,L1,V1,2025-12-28 20:42:44,2025-12-28 21:32:04,HQ→TH,2025-12-28,,20848,20848
1385,1313511,Concepcion,Alborada,20187,L2,V1,2025-12-28 20:59:23,2025-12-28 21:22:20,CC→CW,2025-12-28,,20187,20187
1386,1313512,Costa Mar,Los Canelos,20187,L2,V1,2025-12-28 21:00:35,2025-12-28 21:40:53,CC→CW,2025-12-28,,20187,20187
1387,53033604,Hito Galvarino,Concepcion,20166,L2,V1,2025-12-28 13:57:57,2025-12-28 14:34:58,CW→CC,2025-12-28,,20166,20166
1388,53033604,Concepcion,Hito Galvarino,20173,L2,V1,2025-12-28 17:14:32,2025-12-28 18:00:20,CC→CW,2025-12-28,,20173,20173
1389,53033929,Cdal. Raul Silva Henriquez,Laguna Quinenco,20151,L2,V1,2025-12-28 09:52:43,2025-12-28 10:13:51,CC→CW,2025-12-28,,20151,20151
1390,53033929,Coronel,Cdal. Raul Silva Henriquez,20172,L2,V1,2025-12-28 16:21:19,2025-12-28 17:07:09,CW→CC,2025-12-28,,20172,20172
1391,53033929,Cdal. Raul Silva Henriquez,Concepcion,20178,L2,V1,2025-12-28 18:16:23,2025-12-28 18:58:58,CW→CC,2025-12-28,,20178,20178
1392,53034010,Concepcion,Hito Galvarino,20179,L2,V1,2025-12-28 18:51:26,2025-12-28 19:31:59,CC→CW,2025-12-28,,20179,20179
1393,53034132,Los Canelos,Cdal. Raul Silva Henriquez,20156,L2,V1,2025-12-28 10:36:34,2025-12-28 10:54:35,CW→CC,2025-12-28,,20156,20156
1394,53034430,Los Canelos,Cristo Redentor,20177,L2,V1,2025-12-28 18:53:27,2025-12-28 19:09:15,CC→CW,2025-12-28,,20177,20177
1395,53034524,Concepcion,Los Canelos,20157,L2,V1,2025-12-28 10:59:10,2025-12-28 12:04:52,CC→CW,2025-12-28,,20157,20157
1396,53034573,Hito Galvarino,Laguna Quinenco,20167,L2,V1,2025-12-28 15:07:33,2025-12-28 16:12:00,CC→CW,2025-12-28,,20167,20167
1397,53034733,Cdal. Raul Silva Henriquez,Juan Pablo II,20170,L2,V1,2025-12-28 15:52:47,2025-12-28 16:15:53,CW→CC,2025-12-28,,20170,20170
1398,53034733,Juan Pablo II,Cdal. Raul Silva Henriquez,20171,L2,V1,2025-12-28 16:39:48,2025-12-28 17:03:49,CC→CW,2025-12-28,,20171,20171
1399,53034757,Coronel,Juan Pablo II,20170,L2,V1,2025-12-28 15:31:28,2025-12-28 17:28:34,CW→CC,2025-12-28,,20170,20170
1400,53034757,Juan Pablo II,Laguna Quinenco,20173,L2,V1,2025-12-28 17:28:41,2025-12-28 18:11:46,CC→CW,2025-12-28,,20173,20173
1401,53034823,Los Canelos,Coronel,20155,L2,V1,2025-12-28 10:57:20,2025-12-28 11:20:26,CC→CW,2025-12-28,,20155,20155
1402,53034829,Cristo Redentor,Laguna Quinenco,20161,L2,V1,2025-12-28 12:49:43,2025-12-28 12:56:48,CC→CW,2025-12-28,,20161,20161
1403,53034829,Laguna Quinenco,Cristo Redentor,20166,L2,V1,2025-12-28 13:41:26,2025-12-28 13:57:08,CW→CC,2025-12-28,,20166,20166
1404,53035021,Juan Pablo II,Coronel,20173,L2,V1,2025-12-28 17:22:35,2025-12-28 18:13:16,CC→CW,2025-12-28,,20173,20173
1405,53035140,Concepcion,Laguna Quinenco,20187,L2,V1,2025-12-28 20:29:25,2025-12-28 21:46:59,CC→CW,2025-12-28,,20187,20187
1406,53035195,Los Canelos,El Parque,20170,L2,V1,2025-12-28 15:40:23,2025-12-28 16:06:16,CW→CC,2025-12-28,,20170,20170
1407,53035195,El Parque,Los Canelos,20173,L2,V1,2025-12-28 17:28:21,2025-12-28 18:03:56,CC→CW,2025-12-28,,20173,20173
1408,53035439,El Arenal,Lzo. Arenas,20847,L1,V1,2025-12-28 19:54:46,2025-12-28 20:21:06,TH→HQ,2025-12-28,,20847,20847
1409,53035548,Lomas Coloradas,Cristo Redentor,20157,L2,V1,2025-12-28 11:40:44,2025-12-28 12:08:53,CC→CW,2025-12-28,,20157,20157
1410,53035548,Cristo Redentor,Lomas Coloradas,20186,L2,V1,2025-12-28 20:12:28,2025-12-28 20:38:46,CW→CC,2025-12-28,,20186,20186
1411,53035640,Cristo Redentor,Los Canelos,20168,L2,V1,2025-12-28 14:44:32,2025-12-28 14:57:39,CW→CC,2025-12-28,,20168,20168
1412,53035958,Juan Pablo II,Cristo Redentor,20161,L2,V1,2025-12-28 12:02:38,2025-12-28 12:55:15,CC→CW,2025-12-28,,20161,20161
1413,53036001,Concepcion,Concepcion,,,N/A,2025-12-28 18:02:36,2025-12-28 18:03:56,,2025-12-28,no viajo,,
1414,53036001,Concepcion,Concepcion,,,N/A,2025-12-28 18:49:07,2025-12-28 18:50:22,,2025-12-28,no viajo,,
1415,53036634,Concepcion,Los Canelos,20151,L2,V1,2025-12-28 09:17:04,2025-12-28 10:06:44,CC→CW,2025-12-28,,20151,20151
1416,53036783,Laguna Quinenco,Hito Galvarino,20166,L2,V1,2025-12-28 13:16:29,2025-12-28 14:04:44,CW→CC,2025-12-28,,20166,20166
1417,53036783,Hito Galvarino,Laguna Quinenco,20183,L2,V1,2025-12-28 19:36:07,2025-12-28 20:44:23,CC→CW,2025-12-28,,20183,20179
1418,53036900,Costa Mar,Coronel,20151,L2,V1,2025-12-28 09:44:59,2025-12-28 10:16:57,CC→CW,2025-12-28,,20151,20151
1419,53036900,Coronel,Costa Mar,20162,L2,V1,2025-12-28 12:00:52,2025-12-28 12:45:26,CW→CC,2025-12-28,,20162,20162
1420,53037066,Los Canelos,Coronel,20157,L2,V1,2025-12-28 12:01:26,2025-12-28 12:15:25,CC→CW,2025-12-28,,20157,20157
1421,53037097,Huinca,Laguna Quinenco,20161,L2,V1,2025-12-28 12:50:27,2025-12-28 12:57:11,CC→CW,2025-12-28,,20161,20161
1422,53037097,Laguna Quinenco,Huinca,20182,L2,V1,2025-12-28 19:09:23,2025-12-28 19:26:23,CW→CC,2025-12-28,,20182,20182
1423,53037104,Laguna Quinenco,Cristo Redentor,20162,L2,V1,2025-12-28 12:14:36,2025-12-28 12:23:05,CW→CC,2025-12-28,,20162,20162
1424,53037104,Cristo Redentor,Laguna Quinenco,20173,L2,V1,2025-12-28 18:06:00,2025-12-28 18:11:32,CC→CW,2025-12-28,,20173,20173
1425,53037254,Costa Mar,Laguna Quinenco,20161,L2,V1,2025-12-28 12:26:11,2025-12-28 12:59:25,CC→CW,2025-12-28,,20161,20161
1426,53037519,Concepcion,Coronel,20177,L2,V1,2025-12-28 18:26:12,2025-12-28 19:16:28,CC→CW,2025-12-28,,20177,20177
1427,53037645,Concepcion,El Arenal,20846,L1,V1,2025-12-28 16:16:29,2025-12-28 17:56:40,HQ→TH,2025-12-28,combo_por_entrada,20846,20846
1428,53037682,Concepcion,Laguna Quinenco,20187,L2,V1,2025-12-28 20:35:51,2025-12-28 21:47:39,CC→CW,2025-12-28,,20187,20187
1429,53037736,Huinca,Alborada,20154,L2,V1,2025-12-28 09:48:13,2025-12-28 10:21:09,CW→CC,2025-12-28,,20154,20154
1430,53037736,Costa Mar,Huinca,20187,L2,V1,2025-12-28 20:25:32,2025-12-28 21:42:37,CC→CW,2025-12-28,,20187,20187
1431,53037751,Los Canelos,Concepcion,20168,L2,V1,2025-12-28 14:40:32,2025-12-28 15:29:54,CW→CC,2025-12-28,,20168,20168
1432,53037751,Concepcion,Los Canelos,20179,L2,V1,2025-12-28 18:38:49,2025-12-28 19:35:48,CC→CW,2025-12-28,,20179,20179
1433,53037832,Diagonal Bio Bio,Cristo Redentor,20177,L2,V1,2025-12-28 18:22:53,2025-12-28 19:09:25,CC→CW,2025-12-28,,20177,20177
1434,53038832,Concepcion,Higueras,20846,L1,V1,2025-12-28 16:49:03,2025-12-28 17:53:18,HQ→TH,2025-12-28,combo_por_entrada,20846,20846
1435,53039858,Concepcion,Costa Mar,20183,L2,V1,2025-12-28 19:41:50,2025-12-28 20:16:59,CC→CW,2025-12-28,,20183,20183
1436,53039874,El Parque,Juan Pablo II,20178,L2,V1,2025-12-28 18:26:26,2025-12-28 18:52:36,CW→CC,2025-12-28,,20178,20178
1437,53040508,Cristo Redentor,Costa Mar,20154,L2,V1,2025-12-28 09:25:27,2025-12-28 10:18:37,CW→CC,2025-12-28,,20154,20154
1438,53040508,Costa Mar,Cristo Redentor,20173,L2,V1,2025-12-28 17:18:56,2025-12-28 18:08:27,CC→CW,2025-12-28,,20173,20173
1439,53040570,Hualqui,Concepcion,20850,L1,V1,2025-12-28 09:25:48,2025-12-28 11:00:43,HQ→TH,2025-12-28,combo_por_entrada,20850,20155
1440,53040747,Lomas Coloradas,Hito Galvarino,20179,L2,V1,2025-12-28 19:20:21,2025-12-28 19:32:04,CC→CW,2025-12-28,,20179,20179
1441,53040814,Laguna Quinenco,Lomas Coloradas,20160,L2,V1,2025-12-28 11:30:38,2025-12-28 11:54:11,CW→CC,2025-12-28,,20160,20160
1442,53040814,Lomas Coloradas,Laguna Quinenco,20171,L2,V1,2025-12-28 16:31:06,2025-12-28 17:21:42,CC→CW,2025-12-28,,20171,20171
1443,53040965,Laguna Quinenco,Los Canelos,20178,L2,V1,2025-12-28 18:18:22,2025-12-28 18:27:26,CW→CC,2025-12-28,,20178,20178
1444,53040980,Los Canelos,El Parque,20160,L2,V1,2025-12-28 11:20:28,2025-12-28 11:56:56,CW→CC,2025-12-28,,20160,20160
1445,53040996,Hito Galvarino,Laguna Quinenco,20169,L2,V1,2025-12-28 15:39:11,2025-12-28 16:12:34,CC→CW,2025-12-28,,20169,20169
1446,53041379,Concepcion,Lomas Coloradas,20187,L2,V1,2025-12-28 20:22:22,2025-12-28 21:28:59,CC→CW,2025-12-28,,20187,20187
1447,53041827,Laguna Quinenco,Concepcion,20178,L2,V1,2025-12-28 17:55:40,2025-12-28 18:59:02,CW→CC,2025-12-28,,20178,20178
1448,53042082,Laguna Quinenco,Huinca,20166,L2,V1,2025-12-28 13:26:47,2025-12-28 13:59:26,CW→CC,2025-12-28,,20166,20166
1449,53042806,Concepcion,Cdal. Raul Silva Henriquez,20173,L2,V1,2025-12-28 17:10:38,2025-12-28 17:53:42,CC→CW,2025-12-28,,20173,20173
1450,53042847,Lomas Coloradas,Laguna Quinenco,20169,L2,V1,2025-12-28 15:40:49,2025-12-28 16:12:37,CC→CW,2025-12-28,,20169,20169
1451,53042847,Laguna Quinenco,Lomas Coloradas,20182,L2,V1,2025-12-28 18:40:54,2025-12-28 19:41:16,CW→CC,2025-12-28,,20182,20182
1452,53042930,Juan Pablo II,Costa Mar,20151,L2,V1,2025-12-28 09:15:07,2025-12-28 09:48:04,CC→CW,2025-12-28,,20151,20151
1453,53043022,Diagonal Bio Bio,Cristo Redentor,20173,L2,V1,2025-12-28 17:25:16,2025-12-28 18:08:21,CC→CW,2025-12-28,,20173,20173
1454,53043050,Laguna Quinenco,Cristo Redentor,20172,L2,V1,2025-12-28 16:38:33,2025-12-28 16:52:58,CW→CC,2025-12-28,,20172,20172
1455,53043057,Cristo Redentor,Concepcion,20172,L2,V1,2025-12-28 16:44:07,2025-12-28 17:29:41,CW→CC,2025-12-28,,20172,20172
1456,53043057,Concepcion,Cristo Redentor,20179,L2,V1,2025-12-28 18:55:37,2025-12-28 19:40:24,CC→CW,2025-12-28,,20179,20179
1457,53043146,Coronel,Concepcion,20150,L2,V1,2025-12-28 08:36:56,2025-12-28 09:31:14,CW→CC,2025-12-28,,20150,20150
1458,53043170,Lomas Coloradas,Coronel,20169,L2,V1,2025-12-28 15:21:27,2025-12-28 16:15:58,CC→CW,2025-12-28,,20169,20169
1459,53043176,Huinca,Costa Mar,20178,L2,V1,2025-12-28 18:22:59,2025-12-28 18:43:50,CW→CC,2025-12-28,,20178,20178
1460,53043222,Los Canelos,El Parque,20168,L2,V1,2025-12-28 14:37:47,2025-12-28 15:12:45,CW→CC,2025-12-28,,20168,20168
1461,53043264,Lomas Coloradas,Concepcion,20168,L2,V1,2025-12-28 14:58:58,2025-12-28 15:28:12,CW→CC,2025-12-28,,20168,20168
1462,53043264,Concepcion,Lomas Coloradas,20173,L2,V1,2025-12-28 17:05:05,2025-12-28 17:50:23,CC→CW,2025-12-28,,20173,20173
1463,53043265,Lomas Coloradas,Concepcion,20168,L2,V1,2025-12-28 14:59:05,2025-12-28 15:28:18,CW→CC,2025-12-28,,20168,20168
1464,53043265,Concepcion,Lomas Coloradas,20173,L2,V1,2025-12-28 17:05:04,2025-12-28 17:50:18,CC→CW,2025-12-28,,20173,20173
1465,53043372,Los Condores,Higueras,20850,L1,V1,2025-12-28 10:07:25,2025-12-28 10:23:50,HQ→TH,2025-12-28,,20850,20850
1466,53043563,Los Canelos,El Parque,20150,L2,V1,2025-12-28 08:37:23,2025-12-28 09:17:54,CW→CC,2025-12-28,,20150,20150
1467,53043563,El Parque,Los Canelos,20155,L2,V1,2025-12-28 10:31:36,2025-12-28 11:09:37,CC→CW,2025-12-28,,20155,20155
1468,53043643,Concepcion,El Arenal,20846,L1,V1,2025-12-28 16:16:39,2025-12-28 17:56:51,HQ→TH,2025-12-28,combo_por_entrada,20846,20846
1469,53043693,Cristo Redentor,Laguna Quinenco,20169,L2,V1,2025-12-28 16:00:58,2025-12-28 16:12:27,CC→CW,2025-12-28,,20169,20169
1470,53043693,Laguna Quinenco,Cristo Redentor,20178,L2,V1,2025-12-28 18:02:29,2025-12-28 18:22:45,CW→CC,2025-12-28,,20178,20178
1471,53043738,Lomas Coloradas,Concepcion,20154,L2,V1,2025-12-28 10:04:59,2025-12-28 10:32:23,CW→CC,2025-12-28,,20154,20154
1472,53043738,Concepcion,Cdal. Raul Silva Henriquez,20187,L2,V1,2025-12-28 20:55:31,2025-12-28 21:31:57,CC→CW,2025-12-28,,20187,20187
1473,53043739,Chiguayante,Concepcion,20848,L1,V1,2025-12-28 20:45:56,2025-12-28 21:08:16,HQ→TH,2025-12-28,,20848,20848
1474,53043754,Lzo. Arenas,UTF Santa Maria,20844,L1,V1,2025-12-28 12:39:52,2025-12-28 13:13:00,HQ→TH,2025-12-28,,20844,20844
1475,53043768,Los Canelos,Coronel,20161,L2,V1,2025-12-28 12:47:09,2025-12-28 12:59:29,CC→CW,2025-12-28,,20161,20161
1476,53043769,Cdal. Raul Silva Henriquez,Juan Pablo II,20178,L2,V1,2025-12-28 18:25:37,2025-12-28 18:52:02,CW→CC,2025-12-28,,20178,20178
1477,53043956,Costa Mar,Concepcion,20162,L2,V1,2025-12-28 12:40:09,2025-12-28 13:00:25,CW→CC,2025-12-28,,20162,20162
1478,53043956,Diagonal Bio Bio,Costa Mar,20183,L2,V1,2025-12-28 19:45:39,2025-12-28 20:17:12,CC→CW,2025-12-28,,20183,20183
1479,53044328,Los Condores,Hualqui,20845,L1,V1,2025-12-28 16:02:21,2025-12-28 17:01:24,TH→HQ,2025-12-28,,20845,20845
1480,53044328,Hualqui,Los Condores,20848,L1,V1,2025-12-28 20:08:38,2025-12-28 21:22:18,HQ→TH,2025-12-28,,20848,20848
1481,53044674,Concepcion,Laguna Quinenco,20177,L2,V1,2025-12-28 18:18:01,2025-12-28 19:12:39,CC→CW,2025-12-28,,20177,20177
1482,53044675,Los Canelos,Laguna Quinenco,20161,L2,V1,2025-12-28 12:37:23,2025-12-28 12:57:23,CC→CW,2025-12-28,,20161,20161
1483,53044776,Concepcion,Cristo Redentor,20169,L2,V1,2025-12-28 15:20:13,2025-12-28 16:08:17,CC→CW,2025-12-28,,20169,20169
1484,53044788,Juan Pablo II,Cristo Redentor,20177,L2,V1,2025-12-28 18:29:12,2025-12-28 19:10:16,CC→CW,2025-12-28,,20177,20177
1485,53044808,Costa Mar,Cristo Redentor,20187,L2,V1,2025-12-28 21:16:05,2025-12-28 21:45:03,CC→CW,2025-12-28,,20187,20187
1486,53044852,Los Canelos,Concepcion,20162,L2,V1,2025-12-28 12:21:48,2025-12-28 12:59:22,CW→CC,2025-12-28,,20162,20162
1487,53044852,Concepcion,Los Canelos,20177,L2,V1,2025-12-28 18:28:08,2025-12-28 19:04:52,CC→CW,2025-12-28,,20177,20177
1488,53044908,Huinca,Cdal. Raul Silva Henriquez,20166,L2,V1,2025-12-28 13:51:39,2025-12-28 14:11:21,CW→CC,2025-12-28,,20166,20166
1489,53044918,Cristo Redentor,Laguna Quinenco,20167,L2,V1,2025-12-28 14:30:09,2025-12-28 15:17:30,CC→CW,2025-12-28,,20167,20167
1490,53045292,Concepcion,Laguna Quinenco,20169,L2,V1,2025-12-28 15:15:43,2025-12-28 16:11:56,CC→CW,2025-12-28,,20169,20169
1491,53045399,Cdal. Raul Silva Henriquez,Cristo Redentor,20161,L2,V1,2025-12-28 12:26:33,2025-12-28 12:54:45,CC→CW,2025-12-28,,20161,20161
1492,53045399,Cristo Redentor,Cdal. Raul Silva Henriquez,20166,L2,V1,2025-12-28 13:47:57,2025-12-28 14:10:38,CW→CC,2025-12-28,,20166,20166
1493,53045465,Cdal. Raul Silva Henriquez,Concepcion,20166,L2,V1,2025-12-28 14:00:48,2025-12-28 14:33:04,CW→CC,2025-12-28,,20166,20166
1494,53045534,Coronel,Concepcion,20162,L2,V1,2025-12-28 12:07:23,2025-12-28 13:03:47,CW→CC,2025-12-28,,20162,20162
1495,53046070,Concepcion,Coronel,20165,L2,V1,2025-12-28 12:52:17,2025-12-28 14:00:39,CC→CW,2025-12-28,,20165,20165
1496,53046163,Los Canelos,El Parque,20162,L2,V1,2025-12-28 12:04:13,2025-12-28 12:42:25,CW→CC,2025-12-28,,20162,20162
1497,53046163,El Parque,Los Canelos,20167,L2,V1,2025-12-28 14:48:39,2025-12-28 15:08:57,CC→CW,2025-12-28,,20167,20167
1498,53046201,Hito Galvarino,Juan Pablo II,20172,L2,V1,2025-12-28 16:23:09,2025-12-28 17:21:49,CW→CC,2025-12-28,,20172,20172
1499,53046574,Hito Galvarino,Concepcion,20156,L2,V1,2025-12-28 10:44:39,2025-12-28 11:17:58,CW→CC,2025-12-28,,20156,20156
1500,53046574,Concepcion,Hito Galvarino,20171,L2,V1,2025-12-28 16:21:38,2025-12-28 17:09:57,CC→CW,2025-12-28,,20171,20171
1501,53046669,Laguna Quinenco,Huinca,20186,L2,V1,2025-12-28 20:00:42,2025-12-28 20:24:31,CW→CC,2025-12-28,,20186,20186
1502,53046682,Concepcion,Los Canelos,20173,L2,V1,2025-12-28 16:58:42,2025-12-28 18:03:35,CC→CW,2025-12-28,,20173,20173
1503,53046705,Huinca,Lomas Coloradas,20168,L2,V1,2025-12-28 14:38:58,2025-12-28 15:09:25,CW→CC,2025-12-28,,20168,20168
1504,53046770,Concepcion,El Parque,20161,L2,V1,2025-12-28 12:10:08,2025-12-28 12:35:45,CC→CW,2025-12-28,,20161,20161
1505,53046770,El Parque,Concepcion,20168,L2,V1,2025-12-28 14:32:53,2025-12-28 15:29:50,CW→CC,2025-12-28,,20168,20168
1506,53046771,Concepcion,El Parque,20161,L2,V1,2025-12-28 12:09:45,2025-12-28 12:36:09,CC→CW,2025-12-28,,20161,20161
1507,53046771,El Parque,Concepcion,20168,L2,V1,2025-12-28 14:32:58,2025-12-28 15:29:55,CW→CC,2025-12-28,,20168,20168
1508,53046872,Concepcion,Hito Galvarino,20173,L2,V1,2025-12-28 17:20:53,2025-12-28 18:01:05,CC→CW,2025-12-28,,20173,20173
1509,53046920,Pedro Medina,Mercado,20846,L1,V1,2025-12-28 17:06:24,2025-12-28 18:01:40,HQ→TH,2025-12-28,,20846,20846
1510,53046920,Mercado,Pedro Medina,20847,L1,V1,2025-12-28 19:29:17,2025-12-28 20:43:42,TH→HQ,2025-12-28,,20847,20847
1511,53046994,Cdal. Raul Silva Henriquez,Alborada,20156,L2,V1,2025-12-28 10:42:59,2025-12-28 11:04:32,CW→CC,2025-12-28,,20156,20156
1512,53047047,Huinca,Laguna Quinenco,20171,L2,V1,2025-12-28 17:06:51,2025-12-28 17:20:36,CC→CW,2025-12-28,,20171,20171
1513,53047047,Laguna Quinenco,Huinca,20182,L2,V1,2025-12-28 19:07:25,2025-12-28 19:25:55,CW→CC,2025-12-28,,20182,20182
1514,53047205,Cristo Redentor,Los Canelos,20178,L2,V1,2025-12-28 18:18:24,2025-12-28 18:27:08,CW→CC,2025-12-28,,20178,20178
1515,53047318,Diagonal Bio Bio,Los Canelos,20169,L2,V1,2025-12-28 15:32:37,2025-12-28 16:03:10,CC→CW,2025-12-28,,20169,20169
1516,53047458,Coronel,Costa Mar,20160,L2,V1,2025-12-28 11:24:27,2025-12-28 11:58:45,CW→CC,2025-12-28,,20160,20160
1517,53047458,Costa Mar,Coronel,20167,L2,V1,2025-12-28 14:43:22,2025-12-28 15:20:11,CC→CW,2025-12-28,,20167,20167
1518,53047495,Coronel,El Parque,20162,L2,V1,2025-12-28 11:49:11,2025-12-28 12:44:43,CW→CC,2025-12-28,,20162,20162
1519,53047495,El Parque,Coronel,20171,L2,V1,2025-12-28 16:17:20,2025-12-28 17:24:26,CC→CW,2025-12-28,,20171,20171
1520,53047508,Costa Mar,Huinca,20151,L2,V1,2025-12-28 09:25:18,2025-12-28 10:09:09,CC→CW,2025-12-28,,20151,20151
1521,53047541,Los Canelos,Coronel,20183,L2,V1,2025-12-28 20:27:19,2025-12-28 20:46:25,CC→CW,2025-12-28,,20183,20183
1522,53047564,Diagonal Bio Bio,Coronel,20165,L2,V1,2025-12-28 12:42:01,2025-12-28 14:00:26,CC→CW,2025-12-28,,20165,20165
1523,53047564,Cristo Redentor,Diagonal Bio Bio,20176,L2,V1,2025-12-28 17:45:35,2025-12-28 18:17:44,CW→CC,2025-12-28,,20176,20176
1524,53047651,Cristo Redentor,Coronel,20151,L2,V1,2025-12-28 09:52:47,2025-12-28 10:16:45,CC→CW,2025-12-28,,20151,20151
1525,53047651,Coronel,Los Canelos,20178,L2,V1,2025-12-28 18:01:16,2025-12-28 18:26:42,CW→CC,2025-12-28,,20178,20178
1526,53047651,Los Canelos,Coronel,20177,L2,V1,2025-12-28 18:41:55,2025-12-28 19:17:02,CC→CW,2025-12-28,,20177,20177
1527,53047652,Huinca,Hito Galvarino,20170,L2,V1,2025-12-28 15:37:49,2025-12-28 15:54:02,CW→CC,2025-12-28,,20170,20170
1528,53047652,Hito Galvarino,Huinca,20173,L2,V1,2025-12-28 17:48:28,2025-12-28 18:05:58,CC→CW,2025-12-28,,20173,20173
1529,53047804,Juan Pablo II,Huinca,20151,L2,V1,2025-12-28 09:33:17,2025-12-28 10:08:54,CC→CW,2025-12-28,,20151,20151
1530,53047804,Cristo Redentor,Juan Pablo II,20160,L2,V1,2025-12-28 11:27:47,2025-12-28 12:06:01,CW→CC,2025-12-28,,20160,20160
1531,53047915,La Leonera,Los Condores,20846,L1,V1,2025-12-28 17:05:41,2025-12-28 17:50:42,HQ→TH,2025-12-28,,20846,20846
1532,53047991,El Parque,Laguna Quinenco,20161,L2,V1,2025-12-28 12:32:29,2025-12-28 12:58:31,CC→CW,2025-12-28,,20161,20161
1533,53048190,Concepcion,Laguna Quinenco,20155,L2,V1,2025-12-28 10:12:10,2025-12-28 11:17:48,CC→CW,2025-12-28,,20155,20155
1534,53048234,Hito Galvarino,Juan Pablo II,20176,L2,V1,2025-12-28 17:56:57,2025-12-28 18:30:49,CW→CC,2025-12-28,,20176,20176
1535,53048314,Costa Mar,Cristo Redentor,20187,L2,V1,2025-12-28 21:11:14,2025-12-28 21:45:44,CC→CW,2025-12-28,,20187,20187
1536,53048390,Concepcion,Cristo Redentor,20183,L2,V1,2025-12-28 19:56:19,2025-12-28 20:41:38,CC→CW,2025-12-28,,20183,20183
1537,53048401,Huinca,Costa Mar,20162,L2,V1,2025-12-28 12:11:42,2025-12-28 12:44:28,CW→CC,2025-12-28,,20162,20162
1538,53048401,Costa Mar,Los Canelos,20169,L2,V1,2025-12-28 15:34:26,2025-12-28 16:02:51,CC→CW,2025-12-28,,20169,20169
1539,53048523,Juan Pablo II,Huinca,20187,L2,V1,2025-12-28 20:42:38,2025-12-28 21:42:30,CC→CW,2025-12-28,,20187,20187
1540,53048564,Concepcion,Lomas Coloradas,20183,L2,V1,2025-12-28 19:56:31,2025-12-28 20:22:39,CC→CW,2025-12-28,,20183,20183
1541,53048591,Concepcion,El Parque,20151,L2,V1,2025-12-28 09:21:03,2025-12-28 09:50:22,CC→CW,2025-12-28,,20151,20151
1542,53048591,Concepcion,Chiguayante,20847,L1,V1,2025-12-28 19:35:49,2025-12-28 20:41:21,TH→HQ,2025-12-28,combo_por_entrada,20847,20847
1543,53048592,Lzo. Arenas,Manquimavida,20847,L1,V1,2025-12-28 20:08:03,2025-12-28 20:45:22,TH→HQ,2025-12-28,,20847,20847
1544,53048715,La Leonera,Lzo. Arenas,20844,L1,V1,2025-12-28 11:48:57,2025-12-28 13:09:06,HQ→TH,2025-12-28,,20844,20844
1545,53048715,Lzo. Arenas,La Leonera,20845,L1,V1,2025-12-28 15:55:41,2025-12-28 16:48:58,TH→HQ,2025-12-28,,20845,20845
1546,53048772,Diagonal Bio Bio,El Parque,20177,L2,V1,2025-12-28 18:32:22,2025-12-28 18:49:33,CC→CW,2025-12-28,,20177,20177
1547,53048772,El Parque,Diagonal Bio Bio,20186,L2,V1,2025-12-28 20:03:35,2025-12-28 20:50:09,CW→CC,2025-12-28,,20186,20186
1548,53048780,Los Canelos,Concepcion,20156,,V2,2025-12-28 10:39:40,2025-12-28 11:07:44,,2025-12-28,sin_combo_factible_en_hub|sin_s1_factible_retro,,20156
1549,53048780,Concepcion,Huinca,20165,L2,V1,2025-12-28 13:01:01,2025-12-28 13:59:18,CC→CW,2025-12-28,,20165,20165
1550,53049093,Los Canelos,Concepcion,20166,L2,V1,2025-12-28 13:16:37,2025-12-28 14:33:06,CW→CC,2025-12-28,,20166,20166
1551,53049093,Diagonal Bio Bio,Los Canelos,20177,L2,V1,2025-12-28 18:12:27,2025-12-28 19:04:39,CC→CW,2025-12-28,,20177,20177
1552,53049113,Los Canelos,Concepcion,20166,L2,V1,2025-12-28 13:45:31,2025-12-28 14:32:29,CW→CC,2025-12-28,,20166,20166
1553,53049148,Costa Mar,Coronel,20157,L2,V1,2025-12-28 11:37:30,2025-12-28 12:14:54,CC→CW,2025-12-28,,20157,20157
1554,53049148,Coronel,Costa Mar,20182,L2,V1,2025-12-28 18:47:45,2025-12-28 19:46:16,CW→CC,2025-12-28,,20182,20182
1555,53049196,El Parque,Hito Galvarino,20157,L2,V1,2025-12-28 11:30:28,2025-12-28 12:00:56,CC→CW,2025-12-28,,20157,20157
1556,53049364,Concepcion,Cristo Redentor,20171,L2,V1,2025-12-28 16:34:54,2025-12-28 17:18:10,CC→CW,2025-12-28,,20171,20171
1557,53049396,El Parque,Coronel,20151,L2,V1,2025-12-28 09:30:23,2025-12-28 10:17:45,CC→CW,2025-12-28,,20151,20151
1558,53049678,Cristo Redentor,Concepcion,20150,L2,V1,2025-12-28 08:51:06,2025-12-28 09:30:30,CW→CC,2025-12-28,,20150,20150
1559,53049678,Cdal. Raul Silva Henriquez,Cristo Redentor,20177,L2,V1,2025-12-28 18:52:11,2025-12-28 19:09:49,CC→CW,2025-12-28,,20177,20177
1560,53049694,Concepcion,Mercado,20844,L1,V1,2025-12-28 12:42:50,2025-12-28 13:27:45,HQ→TH,2025-12-28,,20844,20844
1561,53049742,Hito Galvarino,Concepcion,20166,L2,V1,2025-12-28 13:57:52,2025-12-28 14:33:30,CW→CC,2025-12-28,,20166,20166
1562,53049742,Concepcion,Hito Galvarino,20173,L2,V1,2025-12-28 17:18:59,2025-12-28 18:00:19,CC→CW,2025-12-28,,20173,20173
1563,53049749,Costa Mar,Diagonal Bio Bio,20156,L2,V1,2025-12-28 10:22:18,2025-12-28 11:08:01,CW→CC,2025-12-28,,20156,20154
1564,53049749,Diagonal Bio Bio,Costa Mar,20177,L2,V1,2025-12-28 18:35:20,2025-12-28 18:46:00,CC→CW,2025-12-28,,20177,20177
1565,53049771,Concepcion,Mercado,20846,L1,V1,2025-12-28 17:09:30,2025-12-28 18:00:05,HQ→TH,2025-12-28,,20846,20846
1566,53049775,Los Canelos,Concepcion,20168,L2,V1,2025-12-28 14:37:58,2025-12-28 15:29:17,CW→CC,2025-12-28,,20168,20168
1567,53049775,Concepcion,Los Canelos,20187,L2,V1,2025-12-28 20:35:52,2025-12-28 21:41:20,CC→CW,2025-12-28,,20187,20187
1568,53049800,Costa Mar,Concepcion,20150,L2,V1,2025-12-28 09:08:20,2025-12-28 09:31:46,CW→CC,2025-12-28,,20150,20150
1569,53049800,Concepcion,Costa Mar,20167,L2,V1,2025-12-28 14:31:22,2025-12-28 14:51:58,CC→CW,2025-12-28,,20167,20167
1570,53049857,Cristo Redentor,Coronel,20157,L2,V1,2025-12-28 12:02:22,2025-12-28 12:14:35,CC→CW,2025-12-28,,20157,20157
1571,53049876,Los Canelos,El Parque,20150,L2,V1,2025-12-28 08:37:39,2025-12-28 09:18:05,CW→CC,2025-12-28,,20150,20150
1572,53049876,El Parque,Los Canelos,20155,L2,V1,2025-12-28 10:31:50,2025-12-28 11:09:59,CC→CW,2025-12-28,,20155,20155
1573,53049876,Los Canelos,Cristo Redentor,20165,L2,V1,2025-12-28 13:31:45,2025-12-28 13:53:04,CC→CW,2025-12-28,,20165,20165
1574,53049876,Cristo Redentor,Los Canelos,20172,L2,V1,2025-12-28 16:37:55,2025-12-28 16:58:13,CW→CC,2025-12-28,,20172,20172
1575,53049897,Concepcion,Huinca,20169,L2,V1,2025-12-28 15:15:37,2025-12-28 16:05:45,CC→CW,2025-12-28,,20169,20169
1576,53049940,Coronel,Juan Pablo II,20182,L2,V1,2025-12-28 19:06:17,2025-12-28 19:54:12,CW→CC,2025-12-28,,20182,20182
1577,53049947,El Parque,Laguna Quinenco,20167,L2,V1,2025-12-28 14:42:54,2025-12-28 15:16:49,CC→CW,2025-12-28,,20167,20167
1578,53049952,El Arenal,Concepcion,20857,L1,V1,2025-12-28 08:22:14,2025-12-28 10:14:33,TH→HQ,2025-12-28,combo_por_entrada,20857,20151
1579,53049952,Concepcion,El Arenal,20846,L1,V1,2025-12-28 16:46:19,2025-12-28 17:56:19,HQ→TH,2025-12-28,combo_por_entrada,20846,20846
1580,53049952,Concepcion,Laguna Quinenco,20187,L2,V1,2025-12-28 20:57:02,2025-12-28 21:46:51,CC→CW,2025-12-28,,20187,20187
1581,53049954,Cristo Redentor,Concepcion,20162,L2,V1,2025-12-28 12:18:19,2025-12-28 13:00:05,CW→CC,2025-12-28,,20162,20162
1582,53049981,Hualqui,Los Condores,20844,L1,V1,2025-12-28 12:09:12,2025-12-28 13:16:38,HQ→TH,2025-12-28,,20844,20844
1583,53050257,Juan Pablo II,Cristo Redentor,20173,L2,V1,2025-12-28 16:56:09,2025-12-28 18:08:44,CC→CW,2025-12-28,,20173,20173
1584,53050276,Cdal. Raul Silva Henriquez,Lomas Coloradas,20178,L2,V1,2025-12-28 18:31:28,2025-12-28 18:42:02,CW→CC,2025-12-28,,20178,20178
1585,53050276,Lomas Coloradas,Cdal. Raul Silva Henriquez,20183,L2,V1,2025-12-28 19:35:32,2025-12-28 20:28:10,CC→CW,2025-12-28,,20183,20183
1586,53050280,Coronel,Diagonal Bio Bio,20178,L2,V1,2025-12-28 18:11:06,2025-12-28 18:49:24,CW→CC,2025-12-28,,20178,20178
1587,53050333,Concepcion,Hualqui,20845,L1,V1,2025-12-28 16:20:20,2025-12-28 17:01:14,TH→HQ,2025-12-28,,20845,20845
1588,53050351,Lomas Coloradas,Concepcion,20170,L2,V1,2025-12-28 15:45:59,2025-12-28 16:22:28,CW→CC,2025-12-28,,20170,20170
1589,53050400,Lomas Coloradas,Huinca,20171,L2,V1,2025-12-28 16:53:22,2025-12-28 17:15:41,CC→CW,2025-12-28,,20171,20171
1590,53050400,Los Canelos,Lomas Coloradas,20182,L2,V1,2025-12-28 19:14:56,2025-12-28 19:41:21,CW→CC,2025-12-28,,20182,20182
1591,53050434,Coronel,Concepcion,20182,L2,V1,2025-12-28 19:02:32,2025-12-28 20:01:03,CW→CC,2025-12-28,,20182,20182
1592,53050491,Concepcion,El Parque,20161,L2,V1,2025-12-28 12:06:32,2025-12-28 12:34:45,CC→CW,2025-12-28,,20161,20161
1593,53050491,El Parque,Concepcion,20166,L2,V1,2025-12-28 14:09:01,2025-12-28 14:33:53,CW→CC,2025-12-28,,20166,20166
1594,53050525,Huinca,Costa Mar,20178,L2,V1,2025-12-28 17:59:38,2025-12-28 18:44:16,CW→CC,2025-12-28,,20178,20178
1595,53050558,Los Canelos,Laguna Quinenco,20169,L2,V1,2025-12-28 15:50:40,2025-12-28 16:12:25,CC→CW,2025-12-28,,20169,20169
1596,53050644,Cristo Redentor,Los Canelos,20150,L2,V1,2025-12-28 08:51:28,2025-12-28 08:58:18,CW→CC,2025-12-28,,20150,20150
1597,53050644,Los Canelos,Cristo Redentor,20151,L2,V1,2025-12-28 10:02:57,2025-12-28 10:11:30,CC→CW,2025-12-28,,20151,20151
1598,53050662,Cristo Redentor,Concepcion,20160,L2,V1,2025-12-28 11:23:11,2025-12-28 12:12:11,CW→CC,2025-12-28,,20160,20160
1599,53050736,Cristo Redentor,Cdal. Raul Silva Henriquez,20162,L2,V1,2025-12-28 12:11:19,2025-12-28 12:36:17,CW→CC,2025-12-28,,20162,20162
1600,53050736,Cdal. Raul Silva Henriquez,Cristo Redentor,20177,L2,V1,2025-12-28 18:50:22,2025-12-28 19:10:33,CC→CW,2025-12-28,,20177,20177
1601,53050775,Costa Mar,Laguna Quinenco,20151,L2,V1,2025-12-28 09:40:53,2025-12-28 10:14:06,CC→CW,2025-12-28,,20151,20151
1602,53050775,Laguna Quinenco,Costa Mar,20178,L2,V1,2025-12-28 18:14:46,2025-12-28 18:44:03,CW→CC,2025-12-28,,20178,20178
1603,53050827,Los Canelos,Laguna Quinenco,20165,L2,V1,2025-12-28 13:44:23,2025-12-28 13:57:16,CC→CW,2025-12-28,,20165,20165
1604,53050827,Laguna Quinenco,Los Canelos,20172,L2,V1,2025-12-28 16:41:30,2025-12-28 16:56:48,CW→CC,2025-12-28,,20172,20172
1605,53050832,Costa Mar,Los Canelos,20183,L2,V1,2025-12-28 19:57:48,2025-12-28 20:36:16,CC→CW,2025-12-28,,20183,20183
1606,53050859,Alborada,Coronel,20179,L2,V1,2025-12-28 18:46:42,2025-12-28 19:45:53,CC→CW,2025-12-28,,20179,20177
1607,53050925,Huinca,Laguna Quinenco,20165,L2,V1,2025-12-28 13:45:23,2025-12-28 14:01:02,CC→CW,2025-12-28,,20165,20165
1608,53050935,Los Canelos,Diagonal Bio Bio,20178,L2,V1,2025-12-28 18:24:21,2025-12-28 18:49:34,CW→CC,2025-12-28,,20178,20178
1609,53050950,Los Canelos,Lomas Coloradas,20150,L2,V1,2025-12-28 08:52:38,2025-12-28 09:10:47,CW→CC,2025-12-28,,20150,20150
1610,53051017,Hito Galvarino,Concepcion,20166,L2,V1,2025-12-28 13:54:16,2025-12-28 14:33:50,CW→CC,2025-12-28,,20166,20166
1611,53051017,Concepcion,Hito Galvarino,20173,L2,V1,2025-12-28 17:15:56,2025-12-28 18:00:39,CC→CW,2025-12-28,,20173,20173
1612,53051065,Concepcion,Coronel,20157,L2,V1,2025-12-28 11:16:57,2025-12-28 12:14:45,CC→CW,2025-12-28,,20157,20157
1613,53051120,Cdal. Raul Silva Henriquez,Lomas Coloradas,20160,L2,V1,2025-12-28 11:46:29,2025-12-28 11:53:56,CW→CC,2025-12-28,,20160,20160
1614,53051120,Lomas Coloradas,Cdal. Raul Silva Henriquez,20161,L2,V1,2025-12-28 12:24:23,2025-12-28 12:39:54,CC→CW,2025-12-28,,20161,20161
1615,53051184,Hito Galvarino,Juan Pablo II,20154,L2,V1,2025-12-28 09:55:19,2025-12-28 10:29:53,CW→CC,2025-12-28,,20154,20154
1616,53051219,Costa Mar,Concepcion,20176,L2,V1,2025-12-28 18:06:57,2025-12-28 18:28:01,CW→CC,2025-12-28,,20176,20176
1617,53051252,Hito Galvarino,Costa Mar,20156,L2,V1,2025-12-28 10:46:55,2025-12-28 11:03:53,CW→CC,2025-12-28,,20156,20156
1618,53051252,Costa Mar,Laguna Quinenco,20157,L2,V1,2025-12-28 11:44:23,2025-12-28 12:13:57,CC→CW,2025-12-28,,20157,20157
1619,53051267,Huinca,Alborada,20178,L2,V1,2025-12-28 18:10:20,2025-12-28 18:46:19,CW→CC,2025-12-28,,20178,20178
1620,53051368,Costa Mar,Cristo Redentor,20173,L2,V1,2025-12-28 17:45:36,2025-12-28 19:10:17,CC→CW,2025-12-28,,20173,20173
1621,53051386,Concepcion,Chiguayante,20859,L1,V1,2025-12-28 11:32:06,2025-12-28 13:10:23,TH→HQ,2025-12-28,combo_relajado_pase1,20859,20859
1622,53051438,Los Canelos,Concepcion,20166,L2,V1,2025-12-28 13:42:48,2025-12-28 14:33:43,CW→CC,2025-12-28,,20166,20166
1623,53051438,Concepcion,El Parque,20169,L2,V1,2025-12-28 15:13:55,2025-12-28 15:48:24,CC→CW,2025-12-28,,20169,20169
1624,53051438,El Parque,Laguna Quinenco,20171,L2,V1,2025-12-28 16:24:32,2025-12-28 17:20:27,CC→CW,2025-12-28,,20171,20171
1625,53051438,Laguna Quinenco,Los Canelos,20178,L2,V1,2025-12-28 17:56:33,2025-12-28 18:27:13,CW→CC,2025-12-28,,20178,20178
1626,53051512,Cdal. Raul Silva Henriquez,Concepcion,20162,L2,V1,2025-12-28 12:19:30,2025-12-28 12:59:20,CW→CC,2025-12-28,,20162,20162
1627,53051613,Costa Mar,Coronel,20155,L2,V1,2025-12-28 10:36:37,2025-12-28 11:20:30,CC→CW,2025-12-28,,20155,20155
1628,53051673,Concepcion,Los Canelos,20161,L2,V1,2025-12-28 11:59:22,2025-12-28 12:50:29,CC→CW,2025-12-28,,20161,20161
1629,53051700,Concepcion,Los Canelos,20151,L2,V1,2025-12-28 09:28:35,2025-12-28 10:07:55,CC→CW,2025-12-28,,20151,20151
1630,53051736,Los Canelos,Cristo Redentor,20155,L2,V1,2025-12-28 11:03:30,2025-12-28 11:14:07,CC→CW,2025-12-28,,20155,20155
1631,53051736,Cristo Redentor,Los Canelos,20160,L2,V1,2025-12-28 11:31:30,2025-12-28 11:42:06,CW→CC,2025-12-28,,20160,20160
1632,53051763,Concepcion,Laguna Quinenco,20165,L2,V1,2025-12-28 13:10:03,2025-12-28 13:57:14,CC→CW,2025-12-28,,20165,20165
1633,53051789,El Parque,Laguna Quinenco,20167,L2,V1,2025-12-28 14:45:08,2025-12-28 15:17:33,CC→CW,2025-12-28,,20167,20167
1634,53051789,Laguna Quinenco,El Parque,20186,L2,V1,2025-12-28 20:17:05,2025-12-28 20:42:06,CW→CC,2025-12-28,,20186,20186
1635,53051833,Huinca,Concepcion,20172,L2,V1,2025-12-28 16:48:11,2025-12-28 17:28:53,CW→CC,2025-12-28,,20172,20172
1636,53051930,Laguna Quinenco,Concepcion,20168,L2,V1,2025-12-28 14:42:22,2025-12-28 15:28:55,CW→CC,2025-12-28,,20168,20168
1637,53051930,Concepcion,Laguna Quinenco,20183,L2,V1,2025-12-28 19:53:24,2025-12-28 20:44:30,CC→CW,2025-12-28,,20183,20183
1638,53051979,Cristo Redentor,Huinca,20166,L2,V1,2025-12-28 13:43:19,2025-12-28 14:54:49,CW→CC,2025-12-28,,20166,20166
1639,53052008,Los Canelos,Laguna Quinenco,20167,L2,V1,2025-12-28 14:51:23,2025-12-28 15:17:24,CC→CW,2025-12-28,,20167,20167
1640,53052008,Laguna Quinenco,Los Canelos,20172,L2,V1,2025-12-28 16:25:14,2025-12-28 16:57:48,CW→CC,2025-12-28,,20172,20172
1641,53052009,Huinca,Laguna Quinenco,20187,L2,V1,2025-12-28 21:33:24,2025-12-28 21:47:31,CC→CW,2025-12-28,,20187,20187
1642,53052024,Los Canelos,Hito Galvarino,20182,L2,V1,2025-12-28 19:16:49,2025-12-28 19:32:57,CW→CC,2025-12-28,,20182,20182
1643,53052056,Laguna Quinenco,Alborada,20150,L2,V1,2025-12-28 08:44:08,2025-12-28 09:18:57,CW→CC,2025-12-28,,20150,20150
1644,53052056,Costa Mar,Laguna Quinenco,20183,L2,V1,2025-12-28 20:14:15,2025-12-28 20:44:24,CC→CW,2025-12-28,,20183,20183
1645,53052068,Cdal. Raul Silva Henriquez,Los Canelos,20171,L2,V1,2025-12-28 16:59:47,2025-12-28 17:13:25,CC→CW,2025-12-28,,20171,20171
1646,53052068,Los Canelos,Cdal. Raul Silva Henriquez,20176,L2,V1,2025-12-28 17:52:58,2025-12-28 18:04:32,CW→CC,2025-12-28,,20176,20176
1647,53052077,Costa Mar,Laguna Quinenco,20171,L2,V1,2025-12-28 16:44:09,2025-12-28 17:20:13,CC→CW,2025-12-28,,20171,20171
1648,53052106,Huinca,Diagonal Bio Bio,20166,L2,V1,2025-12-28 13:50:14,2025-12-28 14:23:56,CW→CC,2025-12-28,,20166,20166
1649,53052106,Los Canelos,Huinca,20183,L2,V1,2025-12-28 20:34:53,2025-12-28 20:39:29,CC→CW,2025-12-28,,20183,20183
1650,53052111,Concepcion,Higueras,20844,L1,V1,2025-12-28 11:55:04,2025-12-28 13:20:09,HQ→TH,2025-12-28,combo_relajado_pase1,20844,20844
1651,53052158,Concepcion,Coronel,20173,L2,V1,2025-12-28 17:04:39,2025-12-28 18:13:37,CC→CW,2025-12-28,,20173,20173
1652,53052158,Coronel,Concepcion,20178,L2,V1,2025-12-28 18:13:59,2025-12-28 19:02:59,CW→CC,2025-12-28,,20178,20178
1653,53052227,Los Canelos,Concepcion,20168,L2,V1,2025-12-28 14:41:34,2025-12-28 15:29:12,CW→CC,2025-12-28,,20168,20168
1654,53052227,Concepcion,Los Canelos,20171,L2,V1,2025-12-28 16:32:01,2025-12-28 17:13:19,CC→CW,2025-12-28,,20171,20171
1655,53052229,Coronel,Concepcion,20150,L2,V1,2025-12-28 08:22:21,2025-12-28 09:38:33,CW→CC,2025-12-28,,20150,20150
1656,53052229,Concepcion,Coronel,20177,L2,V1,2025-12-28 16:39:33,2025-12-28 19:17:48,CC→CW,2025-12-28,combo_relajado_pase2,20177,20177
1657,53052240,Huinca,Coronel,20179,L2,V1,2025-12-28 19:28:31,2025-12-28 19:45:47,CC→CW,2025-12-28,,20179,20179
1658,53052292,Alborada,Cristo Redentor,20155,L2,V1,2025-12-28 10:32:19,2025-12-28 11:14:48,CC→CW,2025-12-28,,20155,20155
1659,53052292,Cristo Redentor,Alborada,20178,L2,V1,2025-12-28 18:18:43,2025-12-28 18:46:47,CW→CC,2025-12-28,,20178,20178
1660,53052313,Laguna Quinenco,Concepcion,,,N/A,2025-12-28 13:50:57,2025-12-28 14:18:25,,2025-12-28,sin_combo_factible_en_hub|sin_s1_factible_retro,,
1661,53052313,Concepcion,Laguna Quinenco,20177,L2,V1,2025-12-28 18:15:00,2025-12-28 19:12:47,CC→CW,2025-12-28,,20177,20177
1662,53052339,Laguna Quinenco,Juan Pablo II,20178,L2,V1,2025-12-28 17:53:40,2025-12-28 18:52:52,CW→CC,2025-12-28,,20178,20176
1663,53052372,Concepcion,Cristo Redentor,20187,L2,V1,2025-12-28 20:36:25,2025-12-28 21:44:39,CC→CW,2025-12-28,,20187,20187
1664,53052376,Concepcion,Laguna Quinenco,20157,L2,V1,2025-12-28 11:19:59,2025-12-28 12:12:40,CC→CW,2025-12-28,,20157,20157
1665,53052376,Laguna Quinenco,Concepcion,20166,L2,V1,2025-12-28 13:49:22,2025-12-28 14:39:40,CW→CC,2025-12-28,,20166,20166
1666,53052376,Concepcion,Laguna Quinenco,20177,L2,V1,2025-12-28 18:11:03,2025-12-28 19:12:58,CC→CW,2025-12-28,,20177,20177
1667,53052376,Laguna Quinenco,Concepcion,20186,L2,V1,2025-12-28 20:09:27,2025-12-28 20:59:48,CW→CC,2025-12-28,,20186,20186
1668,53052407,Concepcion,Laguna Quinenco,20167,L2,V1,2025-12-28 14:32:39,2025-12-28 15:22:49,CC→CW,2025-12-28,,20167,20167
1669,53052407,Laguna Quinenco,Concepcion,20186,L2,V1,2025-12-28 20:16:40,2025-12-28 21:01:00,CW→CC,2025-12-28,,20186,20186
1670,53052557,Concepcion,La Leonera,20847,L1,V1,2025-12-28 19:37:22,2025-12-28 20:49:46,TH→HQ,2025-12-28,combo_por_entrada,20847,20847
1671,53052564,Concepcion,Cdal. Raul Silva Henriquez,20173,L2,V1,2025-12-28 17:11:06,2025-12-28 17:53:54,CC→CW,2025-12-28,,20173,20173
1672,53052602,Costa Mar,Cristo Redentor,20169,L2,V1,2025-12-28 15:38:35,2025-12-28 16:08:50,CC→CW,2025-12-28,,20169,20169
1673,53054932,Costa Mar,Concepcion,20168,L2,V1,2025-12-28 15:10:59,2025-12-28 15:29:43,CW→CC,2025-12-28,,20168,20168
1674,53055093,Concepcion,Mercado,20850,L1,V1,2025-12-28 08:46:00,2025-12-28 10:31:57,HQ→TH,2025-12-28,combo_por_entrada,20850,20850
1675,53055241,Los Canelos,Juan Pablo II,20186,L2,V1,2025-12-28 20:18:30,2025-12-28 20:52:19,CW→CC,2025-12-28,,20186,20186
1676,53055255,Cdal. Raul Silva Henriquez,Concepcion,20172,L2,V1,2025-12-28 16:54:11,2025-12-28 17:28:44,CW→CC,2025-12-28,,20172,20172
1677,53055390,Hito Galvarino,Coronel,20183,L2,V1,2025-12-28 20:23:41,2025-12-28 20:46:28,CC→CW,2025-12-28,,20183,20183
1678,53055438,Huinca,Coronel,20157,L2,V1,2025-12-28 12:05:55,2025-12-28 12:14:32,CC→CW,2025-12-28,,20157,20157
1679,53055468,Concepcion,Lzo. Arenas,20844,L1,V1,2025-12-28 12:03:54,2025-12-28 13:16:38,HQ→TH,2025-12-28,combo_relajado_pase2,20844,20844
1680,53055468,Concepcion,Laguna Quinenco,20171,L2,V1,2025-12-28 16:08:33,2025-12-28 17:21:27,CC→CW,2025-12-28,,20171,20171
1681,53055522,El Parque,Cristo Redentor,20157,L2,V1,2025-12-28 11:32:48,2025-12-28 12:09:32,CC→CW,2025-12-28,,20157,20157
1682,53055544,Coronel,El Parque,20176,L2,V1,2025-12-28 17:40:52,2025-12-28 18:09:53,CW→CC,2025-12-28,,20176,20176
1683,53055608,Cristo Redentor,Concepcion,20160,L2,V1,2025-12-28 11:17:42,2025-12-28 12:12:31,CW→CC,2025-12-28,,20160,20160
1684,53055608,Concepcion,Cristo Redentor,20171,L2,V1,2025-12-28 15:59:14,2025-12-28 17:17:37,CC→CW,2025-12-28,,20171,20171
1685,53055616,Laguna Quinenco,Cristo Redentor,20176,L2,V1,2025-12-28 17:41:45,2025-12-28 17:51:34,CW→CC,2025-12-28,,20176,20176
1686,53055766,Los Canelos,Concepcion,20156,L2,V1,2025-12-28 10:29:18,2025-12-28 11:18:54,CW→CC,2025-12-28,,20156,20156
1687,53056135,Los Canelos,Concepcion,20154,L2,V1,2025-12-28 09:51:35,2025-12-28 10:32:50,CW→CC,2025-12-28,,20154,20154
1688,53056221,Cristo Redentor,Concepcion,20176,L2,V1,2025-12-28 17:44:21,2025-12-28 18:27:57,CW→CC,2025-12-28,,20176,20176
1689,53056345,Los Canelos,El Parque,20172,L2,V1,2025-12-28 16:45:44,2025-12-28 17:12:56,CW→CC,2025-12-28,,20172,20172
1690,53056345,El Parque,Los Canelos,20177,L2,V1,2025-12-28 18:36:28,2025-12-28 19:04:51,CC→CW,2025-12-28,,20177,20177
1691,53056374,Coronel,Lomas Coloradas,20182,L2,V1,2025-12-28 19:13:50,2025-12-28 19:40:46,CW→CC,2025-12-28,,20182,20182
1692,53056590,Cdal. Raul Silva Henriquez,Lomas Coloradas,20176,L2,V1,2025-12-28 17:58:33,2025-12-28 18:07:22,CW→CC,2025-12-28,,20176,20176
1693,53056590,Lomas Coloradas,Cdal. Raul Silva Henriquez,20183,L2,V1,2025-12-28 20:20:54,2025-12-28 20:27:01,CC→CW,2025-12-28,,20183,20183
1694,53056720,Lomas Coloradas,Cdal. Raul Silva Henriquez,20183,L2,V1,2025-12-28 20:15:20,2025-12-28 20:26:47,CC→CW,2025-12-28,,20183,20183
1695,54225948,Concepcion,Alborada,20179,L2,V1,2025-12-28 18:56:23,2025-12-28 19:14:54,CC→CW,2025-12-28,,20179,20179
1696,54226715,Hito Galvarino,Concepcion,20182,L2,V1,2025-12-28 19:22:18,2025-12-28 20:01:34,CW→CC,2025-12-28,,20182,20182
1697,54228166,Cristo Redentor,Laguna Quinenco,20161,L2,V1,2025-12-28 12:45:53,2025-12-28 12:57:57,CC→CW,2025-12-28,,20161,20161
1698,54228166,Laguna Quinenco,Cristo Redentor,20166,L2,V1,2025-12-28 13:44:14,2025-12-28 13:57:55,CW→CC,2025-12-28,,20166,20166
1699,54229279,Cdal. Raul Silva Henriquez,Concepcion,20162,L2,V1,2025-12-28 12:19:45,2025-12-28 13:00:58,CW→CC,2025-12-28,,20162,20162
1700,54229527,Cristo Redentor,Concepcion,20182,L2,V1,2025-12-28 19:06:59,2025-12-28 20:01:23,CW→CC,2025-12-28,,20182,20182
1701,54230072,Laguna Quinenco,Cristo Redentor,20182,L2,V1,2025-12-28 19:07:19,2025-12-28 19:23:35,CW→CC,2025-12-28,,20182,20182
1702,54230530,Laguna Quinenco,Concepcion,20154,L2,V1,2025-12-28 09:26:59,2025-12-28 10:37:47,CW→CC,2025-12-28,,20154,20154
1703,54230530,Concepcion,Huinca,20167,L2,V1,2025-12-28 14:28:53,2025-12-28 15:12:02,CC→CW,2025-12-28,,20167,20167
1704,54231019,Los Canelos,Lomas Coloradas,20150,L2,V1,2025-12-28 08:51:17,2025-12-28 09:10:55,CW→CC,2025-12-28,,20150,20150
1705,54231098,Laguna Quinenco,Concepcion,20160,L2,V1,2025-12-28 11:09:08,2025-12-28 12:12:59,CW→CC,2025-12-28,,20160,20160
1706,54231113,Coronel,Concepcion,20160,L2,V1,2025-12-28 11:27:17,2025-12-28 12:12:48,CW→CC,2025-12-28,,20160,20160
1707,54231113,Concepcion,Coronel,20179,L2,V1,2025-12-28 18:43:50,2025-12-28 19:45:58,CC→CW,2025-12-28,,20179,20179
1708,54231313,Cristo Redentor,Concepcion,20162,L2,V1,2025-12-28 12:11:43,2025-12-28 12:59:07,CW→CC,2025-12-28,,20162,20162
1709,54231313,Concepcion,Cristo Redentor,20177,L2,V1,2025-12-28 18:05:58,2025-12-28 19:10:02,CC→CW,2025-12-28,,20177,20177
1710,54235226,Los Canelos,Concepcion,20170,L2,V1,2025-12-28 15:48:10,2025-12-28 16:22:42,CW→CC,2025-12-28,,20170,20170
1711,54235319,Lomas Coloradas,Laguna Quinenco,20157,L2,V1,2025-12-28 11:40:43,2025-12-28 12:12:11,CC→CW,2025-12-28,,20157,20157
1712,54235319,Laguna Quinenco,Concepcion,20166,L2,V1,2025-12-28 13:41:29,2025-12-28 14:33:15,CW→CC,2025-12-28,,20166,20166
1713,54236340,Cdal. Raul Silva Henriquez,Concepcion,20160,L2,V1,2025-12-28 11:45:02,2025-12-28 12:12:35,CW→CC,2025-12-28,,20160,20160
1714,54236403,Cdal. Raul Silva Henriquez,El Parque,20150,L2,V1,2025-12-28 08:50:32,2025-12-28 09:14:22,CW→CC,2025-12-28,,20150,20150
1715,54237637,Concepcion,Los Canelos,20179,L2,V1,2025-12-28 18:58:45,2025-12-28 19:36:30,CC→CW,2025-12-28,,20179,20179
1716,54238169,Los Canelos,Concepcion,20170,L2,V1,2025-12-28 15:25:05,2025-12-28 16:23:11,CW→CC,2025-12-28,,20170,20170
1717,54239530,Cristo Redentor,Los Canelos,20168,L2,V1,2025-12-28 14:50:40,2025-12-28 14:57:29,CW→CC,2025-12-28,,20168,20168
1718,54239916,Laguna Quinenco,Costa Mar,20150,L2,V1,2025-12-28 08:47:33,2025-12-28 09:16:58,CW→CC,2025-12-28,,20150,20150
1719,54240104,Los Canelos,Cdal. Raul Silva Henriquez,20170,L2,V1,2025-12-28 15:41:22,2025-12-28 16:00:28,CW→CC,2025-12-28,,20170,20170
1720,54240104,Cdal. Raul Silva Henriquez,Los Canelos,20183,L2,V1,2025-12-28 20:21:58,2025-12-28 20:36:25,CC→CW,2025-12-28,,20183,20183
1721,54240302,Cristo Redentor,Concepcion,20154,L2,V1,2025-12-28 09:47:54,2025-12-28 10:32:44,CW→CC,2025-12-28,,20154,20154
1722,54241180,Cdal. Raul Silva Henriquez,Los Canelos,20165,L2,V1,2025-12-28 13:29:40,2025-12-28 13:48:04,CC→CW,2025-12-28,,20165,20165
1723,54241205,Los Canelos,Concepcion,20172,L2,V1,2025-12-28 16:34:39,2025-12-28 17:29:55,CW→CC,2025-12-28,,20172,20172
1724,54242144,Costa Mar,Concepcion,20160,L2,V1,2025-12-28 11:56:38,2025-12-28 12:12:42,CW→CC,2025-12-28,,20160,20160
1725,54242602,Lomas Coloradas,Laguna Quinenco,20167,L2,V1,2025-12-28 14:52:26,2025-12-28 15:19:47,CC→CW,2025-12-28,,20167,20167
1726,54243150,Lomas Coloradas,Cristo Redentor,20155,L2,V1,2025-12-28 10:54:06,2025-12-28 11:15:28,CC→CW,2025-12-28,,20155,20155
1727,54243766,Laguna Quinenco,Concepcion,20170,L2,V1,2025-12-28 15:38:57,2025-12-28 16:49:02,CW→CC,2025-12-28,combo_por_entrada,20170,20845
1728,54245344,Los Canelos,Lomas Coloradas,20160,L2,V1,2025-12-28 11:33:33,2025-12-28 11:53:34,CW→CC,2025-12-28,,20160,20160
1729,54245594,Concepcion,Coronel,20187,L2,V1,2025-12-28 20:57:48,2025-12-28 21:50:18,CC→CW,2025-12-28,,20187,20187
1730,54246958,Coronel,Concepcion,20162,L2,V1,2025-12-28 12:02:33,2025-12-28 12:59:42,CW→CC,2025-12-28,,20162,20162
1731,54247081,Cdal. Raul Silva Henriquez,Juan Pablo II,20168,L2,V1,2025-12-28 14:55:11,2025-12-28 15:21:56,CW→CC,2025-12-28,,20168,20168
1732,54247604,Los Canelos,Concepcion,20150,L2,V1,2025-12-28 08:43:15,2025-12-28 09:30:42,CW→CC,2025-12-28,,20150,20150
1733,54248104,El Parque,Cristo Redentor,20183,L2,V1,2025-12-28 20:07:00,2025-12-28 20:41:54,CC→CW,2025-12-28,,20183,20183
1734,54249391,El Parque,Coronel,20155,L2,V1,2025-12-28 10:50:23,2025-12-28 11:19:35,CC→CW,2025-12-28,,20155,20155
1735,54249619,Laguna Quinenco,Concepcion,20168,L2,V1,2025-12-28 14:23:59,2025-12-28 15:36:03,CW→CC,2025-12-28,,20168,20168
1736,54251001,Cristo Redentor,Coronel,20157,L2,V1,2025-12-28 12:00:42,2025-12-28 12:14:50,CC→CW,2025-12-28,,20157,20157
1737,54251001,Coronel,Costa Mar,20166,L2,V1,2025-12-28 13:48:22,2025-12-28 14:18:02,CW→CC,2025-12-28,,20166,20166
1738,54251300,Lomas Coloradas,Concepcion,20178,L2,V1,2025-12-28 18:31:01,2025-12-28 19:00:11,CW→CC,2025-12-28,,20178,20178
1739,54251300,Concepcion,Lomas Coloradas,20187,L2,V1,2025-12-28 20:39:59,2025-12-28 21:30:26,CC→CW,2025-12-28,,20187,20187
1740,54251505,Los Canelos,Concepcion,,,N/A,2025-12-28 13:50:28,2025-12-28 14:20:06,,2025-12-28,sin_combo_factible_en_hub|sin_s1_factible_retro,,
1741,54252378,Cristo Redentor,Concepcion,20168,L2,V1,2025-12-28 14:31:25,2025-12-28 15:27:52,CW→CC,2025-12-28,,20168,20168
1742,54252378,Concepcion,Cristo Redentor,20179,L2,V1,2025-12-28 18:51:45,2025-12-28 19:40:22,CC→CW,2025-12-28,,20179,20179
1743,54252828,Cristo Redentor,Concepcion,20150,L2,V1,2025-12-28 08:46:40,2025-12-28 09:30:40,CW→CC,2025-12-28,,20150,20150
1744,54252947,Cristo Redentor,Concepcion,20178,L2,V1,2025-12-28 18:19:41,2025-12-28 19:03:34,CW→CC,2025-12-28,,20178,20178
1745,54253762,Cristo Redentor,Juan Pablo II,20150,L2,V1,2025-12-28 08:23:47,2025-12-28 09:23:29,CW→CC,2025-12-28,,20150,20150
1746,54253765,Coronel,Laguna Quinenco,20154,L2,V1,2025-12-28 09:39:07,2025-12-28 12:12:26,CW→CC,2025-12-28,,20154,20154
1747,54256101,El Parque,Concepcion,20166,L2,V1,2025-12-28 13:57:08,2025-12-28 14:32:54,CW→CC,2025-12-28,,20166,20166
1748,54256850,Lomas Coloradas,Concepcion,20166,L2,V1,2025-12-28 14:11:46,2025-12-28 14:34:05,CW→CC,2025-12-28,,20166,20166
1749,54256850,Concepcion,Lomas Coloradas,20187,L2,V1,2025-12-28 20:39:43,2025-12-28 21:28:50,CC→CW,2025-12-28,match_por_salida_fallback,20187,20187
1750,54257115,Los Canelos,Juan Pablo II,20178,L2,V1,2025-12-28 18:21:35,2025-12-28 18:52:10,CW→CC,2025-12-28,,20178,20178
1751,54257674,Cristo Redentor,Diagonal Bio Bio,20150,L2,V1,2025-12-28 08:44:24,2025-12-28 09:21:00,CW→CC,2025-12-28,,20150,20150
1752,54257674,Diagonal Bio Bio,Cristo Redentor,20171,L2,V1,2025-12-28 16:06:57,2025-12-28 17:18:10,CC→CW,2025-12-28,,20171,20171
1753,54258459,Hito Galvarino,Laguna Quinenco,20151,L2,V1,2025-12-28 09:58:09,2025-12-28 10:13:42,CC→CW,2025-12-28,,20151,20151
1754,54259315,Concepcion,Costa Mar,20183,L2,V1,2025-12-28 19:40:54,2025-12-28 20:16:32,CC→CW,2025-12-28,,20183,20183
1755,54259507,Cristo Redentor,Concepcion,20160,L2,V1,2025-12-28 11:24:11,2025-12-28 12:14:10,CW→CC,2025-12-28,,20160,20160
1756,54259507,Concepcion,Cristo Redentor,20177,L2,V1,2025-12-28 17:50:39,2025-12-28 19:09:19,CC→CW,2025-12-28,,20177,20177
1757,54260412,Huinca,Concepcion,20166,L2,V1,2025-12-28 13:39:24,2025-12-28 14:32:25,CW→CC,2025-12-28,,20166,20166
1758,54261282,Cristo Redentor,Juan Pablo II,20172,L2,V1,2025-12-28 16:45:23,2025-12-28 17:21:50,CW→CC,2025-12-28,,20172,20172
1759,54261900,Cristo Redentor,Juan Pablo II,20186,L2,V1,2025-12-28 20:17:29,2025-12-28 20:53:07,CW→CC,2025-12-28,,20186,20186
1760,54263618,Cristo Redentor,Laguna Quinenco,20169,L2,V1,2025-12-28 15:58:44,2025-12-28 16:12:50,CC→CW,2025-12-28,,20169,20169
1761,54263618,Laguna Quinenco,Cristo Redentor,20176,L2,V1,2025-12-28 17:24:21,2025-12-28 17:51:07,CW→CC,2025-12-28,,20176,20176
1762,54266524,Lomas Coloradas,Juan Pablo II,20160,L2,V1,2025-12-28 11:46:40,2025-12-28 12:06:30,CW→CC,2025-12-28,,20160,20160
1763,54266810,Concepcion,Laguna Quinenco,20183,L2,V1,2025-12-28 19:51:54,2025-12-28 20:46:20,CC→CW,2025-12-28,,20183,20183
1764,54268861,Diagonal Bio Bio,Huinca,20161,L2,V1,2025-12-28 12:12:51,2025-12-28 12:51:49,CC→CW,2025-12-28,,20161,20161
1765,54277818,Los Canelos,Diagonal Bio Bio,20166,L2,V1,2025-12-28 13:55:51,2025-12-28 14:23:24,CW→CC,2025-12-28,,20166,20166
1766,54278507,Juan Pablo II,Cdal. Raul Silva Henriquez,20155,L2,V1,2025-12-28 10:37:44,2025-12-28 11:01:14,CC→CW,2025-12-28,,20155,20155
1767,54279921,Huinca,Concepcion,20154,L2,V1,2025-12-28 09:50:32,2025-12-28 10:37:00,CW→CC,2025-12-28,,20154,20154
1768,54284102,Diagonal Bio Bio,Costa Mar,20173,L2,V1,2025-12-28 17:06:12,2025-12-28 17:45:35,CC→CW,2025-12-28,,20173,20173
1769,54287740,Coronel,Diagonal Bio Bio,20172,L2,V1,2025-12-28 16:39:33,2025-12-28 17:19:51,CW→CC,2025-12-28,,20172,20172
1770,54289879,Cristo Redentor,El Parque,20154,L2,V1,2025-12-28 09:45:33,2025-12-28 10:16:04,CW→CC,2025-12-28,,20154,20154
1771,54289879,El Parque,Cristo Redentor,20183,L2,V1,2025-12-28 20:05:44,2025-12-28 20:41:58,CC→CW,2025-12-28,,20183,20183
1772,54290017,Juan Pablo II,Los Canelos,20171,L2,V1,2025-12-28 15:40:07,2025-12-28 17:14:40,CC→CW,2025-12-28,,20171,20169
1773,54291580,Laguna Quinenco,Concepcion,20168,L2,V1,2025-12-28 14:39:58,2025-12-28 15:28:40,CW→CC,2025-12-28,,20168,20168
1774,54291580,Concepcion,Laguna Quinenco,20183,L2,V1,2025-12-28 19:53:45,2025-12-28 20:43:59,CC→CW,2025-12-28,,20183,20183
1775,54296022,Laguna Quinenco,Huinca,20156,L2,V1,2025-12-28 10:20:04,2025-12-28 10:42:56,CW→CC,2025-12-28,,20156,20156
1776,54298532,Laguna Quinenco,Concepcion,20166,L2,V1,2025-12-28 13:41:21,2025-12-28 14:41:37,CW→CC,2025-12-28,,20166,20166
1777,54298532,Concepcion,Laguna Quinenco,20177,L2,V1,2025-12-28 17:53:49,2025-12-28 19:12:47,CC→CW,2025-12-28,,20177,20177
1778,54298820,Coronel,Concepcion,20162,L2,V1,2025-12-28 12:07:25,2025-12-28 13:03:55,CW→CC,2025-12-28,,20162,20162
1779,54300437,Huinca,Lomas Coloradas,20176,L2,V1,2025-12-28 17:50:40,2025-12-28 18:07:28,CW→CC,2025-12-28,,20176,20176
1780,54304050,La Leonera,Mercado,20850,L1,V1,2025-12-28 09:30:41,2025-12-28 10:31:43,HQ→TH,2025-12-28,,20850,20850
1781,54304492,Coronel,Concepcion,20186,L2,V1,2025-12-28 20:05:08,2025-12-28 21:01:05,CW→CC,2025-12-28,,20186,20186
1782,54308318,Cdal. Raul Silva Henriquez,Lomas Coloradas,20154,L2,V1,2025-12-28 10:05:17,2025-12-28 10:12:10,CW→CC,2025-12-28,,20154,20154
1783,54311351,Cdal. Raul Silva Henriquez,Huinca,20151,L2,V1,2025-12-28 09:47:47,2025-12-28 10:08:42,CC→CW,2025-12-28,,20151,20151
1784,54311351,Huinca,Laguna Quinenco,20165,L2,V1,2025-12-28 13:41:04,2025-12-28 13:56:40,CC→CW,2025-12-28,,20165,20165
1785,54311351,Laguna Quinenco,Huinca,20168,L2,V1,2025-12-28 14:41:19,2025-12-28 14:55:12,CW→CC,2025-12-28,,20168,20168
1786,54311351,Huinca,Cdal. Raul Silva Henriquez,20172,L2,V1,2025-12-28 16:49:18,2025-12-28 17:07:20,CW→CC,2025-12-28,,20172,20172
1787,54313577,Los Canelos,Juan Pablo II,20172,L2,V1,2025-12-28 16:52:03,2025-12-28 17:23:50,CW→CC,2025-12-28,,20172,20172
1788,54313914,Laguna Quinenco,El Parque,20156,L2,V1,2025-12-28 10:25:51,2025-12-28 11:57:27,CW→CC,2025-12-28,,20156,20156
1789,54313914,El Parque,Laguna Quinenco,20169,L2,V1,2025-12-28 15:41:30,2025-12-28 16:12:39,CC→CW,2025-12-28,,20169,20169
1790,54315498,Concepcion,Concepcion,,,N/A,2025-12-28 13:36:58,2025-12-28 13:37:33,,2025-12-28,no viajo,,
1791,54318860,Los Canelos,Concepcion,20166,L2,V1,2025-12-28 14:56:21,2025-12-28 15:11:25,CW→CC,2025-12-28,combo_relajado_pase3,20166,20168
1792,54319979,Lomas Coloradas,Concepcion,20172,L2,V1,2025-12-28 17:04:11,2025-12-28 17:28:38,CW→CC,2025-12-28,,20172,20172
1793,54319979,Concepcion,Lomas Coloradas,20179,L2,V1,2025-12-28 18:52:00,2025-12-28 19:24:17,CC→CW,2025-12-28,,20179,20179
1794,54320473,Diagonal Bio Bio,Hito Galvarino,20157,L2,V1,2025-12-28 11:39:09,2025-12-28 11:59:28,CC→CW,2025-12-28,,20157,20157
1795,54322504,Mercado,El Arenal,20857,L1,V1,2025-12-28 08:09:14,2025-12-28 13:26:22,TH→HQ,2025-12-28,,20857,20857
1796,54322621,Los Canelos,Concepcion,20150,L2,V1,2025-12-28 08:45:44,2025-12-28 09:31:55,CW→CC,2025-12-28,,20150,20150
1797,54322621,Concepcion,Los Canelos,20161,L2,V1,2025-12-28 12:06:32,2025-12-28 12:50:17,CC→CW,2025-12-28,,20161,20161
1798,54322718,Juan Pablo II,Coronel,20177,L2,V1,2025-12-28 18:26:21,2025-12-28 19:15:16,CC→CW,2025-12-28,,20177,20177
1799,54322793,Concepcion,Huinca,20187,L2,V1,2025-12-28 20:51:16,2025-12-28 21:42:39,CC→CW,2025-12-28,,20187,20187
1800,54323259,Huinca,Laguna Quinenco,20171,L2,V1,2025-12-28 17:11:04,2025-12-28 17:20:47,CC→CW,2025-12-28,,20171,20171
1801,54325359,Alborada,Coronel,20157,L2,V1,2025-12-28 11:37:22,2025-12-28 12:15:47,CC→CW,2025-12-28,,20157,20157
1802,54325359,Huinca,Alborada,20182,L2,V1,2025-12-28 19:24:53,2025-12-28 19:48:14,CW→CC,2025-12-28,,20182,20182
1803,54327792,Hualqui,Mercado,20846,L1,V1,2025-12-28 16:57:33,2025-12-28 17:59:55,HQ→TH,2025-12-28,,20846,20846
1804,54331742,Diagonal Bio Bio,Los Canelos,20183,L2,V1,2025-12-28 20:00:50,2025-12-28 20:36:30,CC→CW,2025-12-28,,20183,20183
1805,54332806,Concepcion,Los Canelos,20187,L2,V1,2025-12-28 20:51:22,2025-12-28 21:40:44,CC→CW,2025-12-28,,20187,20187
1806,54335323,Los Canelos,Concepcion,20170,L2,V1,2025-12-28 15:48:13,2025-12-28 16:22:44,CW→CC,2025-12-28,,20170,20170
1807,54340903,Lomas Coloradas,Concepcion,20178,L2,V1,2025-12-28 18:34:17,2025-12-28 18:58:51,CW→CC,2025-12-28,,20178,20178
1808,54342638,Diagonal Bio Bio,Cristo Redentor,20171,L2,V1,2025-12-28 16:41:07,2025-12-28 17:17:33,CC→CW,2025-12-28,,20171,20171
1809,54343973,Huinca,Cdal. Raul Silva Henriquez,20150,L2,V1,2025-12-28 08:51:52,2025-12-28 09:08:54,CW→CC,2025-12-28,,20150,20150
1810,54345053,Concepcion,Costa Mar,20173,L2,V1,2025-12-28 17:27:04,2025-12-28 17:46:20,CC→CW,2025-12-28,,20173,20173
1811,54400575,Concepcion,UTF Santa Maria,20846,L1,V1,2025-12-28 16:32:17,2025-12-28 17:47:05,HQ→TH,2025-12-28,combo_por_entrada,20846,20846
1812,54400938,Cristo Redentor,Concepcion,20154,L2,V1,2025-12-28 09:52:06,2025-12-28 10:33:14,CW→CC,2025-12-28,,20154,20154
1813,54400938,Concepcion,Cristo Redentor,20187,L2,V1,2025-12-28 20:57:41,2025-12-28 21:45:01,CC→CW,2025-12-28,,20187,20187
1814,54402355,Concepcion,Los Canelos,20183,L2,V1,2025-12-28 19:39:01,2025-12-28 20:36:21,CC→CW,2025-12-28,,20183,20183
1815,54403077,Hualqui,El Arenal,20848,L1,V1,2025-12-28 20:00:09,2025-12-28 21:28:34,HQ→TH,2025-12-28,,20848,20848
1816,54403608,Huinca,Concepcion,20156,L2,V1,2025-12-28 10:35:58,2025-12-28 11:18:47,CW→CC,2025-12-28,,20156,20156
1817,54403608,Concepcion,Huinca,20167,L2,V1,2025-12-28 14:11:07,2025-12-28 15:11:36,CC→CW,2025-12-28,,20167,20167
1818,54404139,Cristo Redentor,Concepcion,20160,L2,V1,2025-12-28 11:30:19,2025-12-28 12:12:51,CW→CC,2025-12-28,,20160,20160
1819,54404642,Concepcion,Laguna Quinenco,20165,L2,V1,2025-12-28 12:53:03,2025-12-28 13:56:52,CC→CW,2025-12-28,,20165,20165
1820,54404642,Laguna Quinenco,Concepcion,20186,L2,V1,2025-12-28 19:49:27,2025-12-28 20:58:59,CW→CC,2025-12-28,,20186,20186
1821,54404804,Juan Pablo II,Lomas Coloradas,20177,L2,V1,2025-12-28 18:09:12,2025-12-28 18:51:32,CC→CW,2025-12-28,,20177,20177
1822,54404894,Concepcion,Lomas Coloradas,20151,L2,V1,2025-12-28 09:04:03,2025-12-28 09:53:39,CC→CW,2025-12-28,,20151,20151
1823,54404894,Lomas Coloradas,Concepcion,20166,L2,V1,2025-12-28 14:09:52,2025-12-28 14:41:45,CW→CC,2025-12-28,,20166,20166
1824,54405215,Diagonal Bio Bio,Alborada,20157,L2,V1,2025-12-28 11:24:30,2025-12-28 11:43:42,CC→CW,2025-12-28,,20157,20157
1825,54405465,Concepcion,Laguna Quinenco,20171,L2,V1,2025-12-28 16:14:42,2025-12-28 17:20:52,CC→CW,2025-12-28,,20171,20171
1826,54407519,Los Canelos,Concepcion,20154,L2,V1,2025-12-28 09:02:16,2025-12-28 10:38:13,CW→CC,2025-12-28,,20154,20150
1827,54407682,Lomas Coloradas,Juan Pablo II,20168,L2,V1,2025-12-28 15:05:12,2025-12-28 15:22:18,CW→CC,2025-12-28,,20168,20168
1828,54409044,Cdal. Raul Silva Henriquez,Laguna Quinenco,20169,L2,V1,2025-12-28 15:47:30,2025-12-28 16:12:34,CC→CW,2025-12-28,,20169,20169
1829,54409044,Laguna Quinenco,Cdal. Raul Silva Henriquez,20178,L2,V1,2025-12-28 18:12:31,2025-12-28 18:36:04,CW→CC,2025-12-28,,20178,20178
1830,54411563,Laguna Quinenco,Concepcion,20154,L2,V1,2025-12-28 09:48:50,2025-12-28 10:32:21,CW→CC,2025-12-28,,20154,20154
1831,54411563,Concepcion,Laguna Quinenco,20187,L2,V1,2025-12-28 20:56:27,2025-12-28 21:47:09,CC→CW,2025-12-28,,20187,20187
1832,54413758,Concepcion,El Parque,20173,L2,V1,2025-12-28 17:13:05,2025-12-28 17:49:53,CC→CW,2025-12-28,,20173,20173
1833,54413758,El Parque,Cristo Redentor,20177,L2,V1,2025-12-28 18:46:55,2025-12-28 19:10:49,CC→CW,2025-12-28,,20177,20177
1834,54414461,Coronel,Concepcion,,,N/A,2025-12-28 09:42:20,2025-12-28 10:18:12,,2025-12-28,sin_combo_factible_en_hub|sin_s1_factible_retro,,
1835,54414461,Concepcion,Coronel,20183,L2,V1,2025-12-28 19:42:51,2025-12-28 20:47:05,CC→CW,2025-12-28,,20183,20183
1836,54414614,Laguna Quinenco,Concepcion,20170,L2,V1,2025-12-28 15:38:15,2025-12-28 16:23:08,CW→CC,2025-12-28,,20170,20170
1837,54417803,Laguna Quinenco,Concepcion,20154,L2,V1,2025-12-28 09:44:59,2025-12-28 10:39:22,CW→CC,2025-12-28,,20154,20154
1838,54418185,Cristo Redentor,Concepcion,20150,L2,V1,2025-12-28 08:48:01,2025-12-28 09:40:40,CW→CC,2025-12-28,,20150,20150
1839,54418185,Concepcion,Cristo Redentor,20177,L2,V1,2025-12-28 18:06:54,2025-12-28 19:10:34,CC→CW,2025-12-28,,20177,20177
1840,54418218,Laguna Quinenco,Concepcion,20166,L2,V1,2025-12-28 13:27:33,2025-12-28 14:35:36,CW→CC,2025-12-28,,20166,20166
1841,54418988,Cdal. Raul Silva Henriquez,Concepcion,20170,L2,V1,2025-12-28 15:50:42,2025-12-28 16:24:02,CW→CC,2025-12-28,,20170,20170
1842,54420165,Concepcion,Cristo Redentor,20179,L2,V1,2025-12-28 18:51:38,2025-12-28 19:42:32,CC→CW,2025-12-28,,20179,20179
1843,54421155,Cdal. Raul Silva Henriquez,Costa Mar,20178,L2,V1,2025-12-28 18:10:07,2025-12-28 18:43:26,CW→CC,2025-12-28,,20178,20176
1844,54421537,Lomas Coloradas,Concepcion,20166,L2,V1,2025-12-28 14:09:58,2025-12-28 14:36:48,CW→CC,2025-12-28,,20166,20166
1845,54421537,Concepcion,Lomas Coloradas,20183,L2,V1,2025-12-28 20:00:51,2025-12-28 20:26:54,CC→CW,2025-12-28,,20183,20183
1846,54422175,Concepcion,Los Canelos,20171,L2,V1,2025-12-28 16:27:00,2025-12-28 17:14:17,CC→CW,2025-12-28,,20171,20171
1847,54422175,Concepcion,Los Condores,20848,L1,V1,2025-12-28 20:22:19,2025-12-28 21:22:18,HQ→TH,2025-12-28,combo_por_entrada,20848,20848
1848,54422898,Concepcion,Lomas Coloradas,20169,L2,V1,2025-12-28 15:20:31,2025-12-28 15:50:23,CC→CW,2025-12-28,,20169,20169
1849,54423542,La Leonera,Los Condores,20846,L1,V1,2025-12-28 17:04:31,2025-12-28 17:49:32,HQ→TH,2025-12-28,,20846,20846
1850,54425093,Concepcion,Concepcion,,,N/A,2025-12-28 09:06:11,2025-12-28 09:10:22,,2025-12-28,no viajo,,
1851,54425093,Concepcion,Concepcion,,,N/A,2025-12-28 09:26:54,2025-12-28 09:27:26,,2025-12-28,no viajo,,
1852,54425421,El Parque,Huinca,20183,L2,V1,2025-12-28 20:08:00,2025-12-28 20:39:10,CC→CW,2025-12-28,,20183,20183
1853,54425458,Concepcion,Cdal. Raul Silva Henriquez,20179,L2,V1,2025-12-28 18:36:43,2025-12-28 19:27:39,CC→CW,2025-12-28,,20179,20177
1854,54426095,Concepcion,Chiguayante,20847,L1,V1,2025-12-28 20:20:54,2025-12-28 20:41:20,TH→HQ,2025-12-28,,20847,20847
1855,54426155,Concepcion,Hito Galvarino,20187,L2,V1,2025-12-28 20:29:25,2025-12-28 21:37:43,CC→CW,2025-12-28,,20187,20187
1856,54426919,Cdal. Raul Silva Henriquez,Cristo Redentor,20155,L2,V1,2025-12-28 10:50:41,2025-12-28 11:13:56,CC→CW,2025-12-28,,20155,20155
1857,54427183,Laguna Quinenco,Juan Pablo II,20176,L2,V1,2025-12-28 17:39:44,2025-12-28 18:20:56,CW→CC,2025-12-28,,20176,20176
1858,54427231,Hito Galvarino,Coronel,20151,L2,V1,2025-12-28 10:00:22,2025-12-28 10:16:39,CC→CW,2025-12-28,,20151,20151
1859,54428371,Hito Galvarino,Concepcion,20182,L2,V1,2025-12-28 19:19:50,2025-12-28 20:02:23,CW→CC,2025-12-28,,20182,20182
1860,54429417,Concepcion,Hualqui,20847,L1,V1,2025-12-28 20:19:16,2025-12-28 21:00:44,TH→HQ,2025-12-28,,20847,20847
1861,54429532,Los Canelos,El Parque,20150,L2,V1,2025-12-28 08:48:26,2025-12-28 09:14:16,CW→CC,2025-12-28,,20150,20150
1862,54429532,El Parque,Los Canelos,20183,L2,V1,2025-12-28 20:06:42,2025-12-28 20:37:04,CC→CW,2025-12-28,,20183,20183
1863,54429689,Cristo Redentor,Juan Pablo II,20162,L2,V1,2025-12-28 12:12:00,2025-12-28 12:52:37,CW→CC,2025-12-28,,20162,20162
1864,54430674,Los Canelos,Cristo Redentor,20151,L2,V1,2025-12-28 09:24:35,2025-12-28 10:11:24,CC→CW,2025-12-28,,20151,20151
1865,54432263,Concepcion,Cristo Redentor,20187,L2,V1,2025-12-28 19:59:07,2025-12-28 21:45:14,CC→CW,2025-12-28,match_por_salida_fallback,20187,20187
1866,54432296,Coronel,Concepcion,20150,L2,V1,2025-12-28 08:34:58,2025-12-28 09:30:11,CW→CC,2025-12-28,,20150,20150
1867,54432885,Cdal. Raul Silva Henriquez,Concepcion,20168,L2,V1,2025-12-28 14:56:47,2025-12-28 15:28:10,CW→CC,2025-12-28,,20168,20168
1868,54432885,Concepcion,Cdal. Raul Silva Henriquez,20173,L2,V1,2025-12-28 17:21:34,2025-12-28 17:53:23,CC→CW,2025-12-28,,20173,20173
1869,54433512,Laguna Quinenco,Cdal. Raul Silva Henriquez,20186,L2,V1,2025-12-28 20:00:57,2025-12-28 20:36:03,CW→CC,2025-12-28,,20186,20186
1870,54434628,Costa Mar,Coronel,20171,L2,V1,2025-12-28 16:30:25,2025-12-28 17:24:23,CC→CW,2025-12-28,,20171,20171
1871,54435067,Hito Galvarino,Concepcion,20156,L2,V1,2025-12-28 10:41:18,2025-12-28 11:17:47,CW→CC,2025-12-28,,20156,20156
1872,54435161,Cristo Redentor,Concepcion,20182,L2,V1,2025-12-28 19:14:14,2025-12-28 20:00:57,CW→CC,2025-12-28,,20182,20182
1873,54436256,Los Canelos,Diagonal Bio Bio,20160,L2,V1,2025-12-28 11:23:47,2025-12-28 12:04:25,CW→CC,2025-12-28,,20160,20160
1874,54436256,Diagonal Bio Bio,Los Canelos,20171,L2,V1,2025-12-28 16:45:37,2025-12-28 17:13:41,CC→CW,2025-12-28,,20171,20171
1875,54436256,Los Canelos,Diagonal Bio Bio,20182,L2,V1,2025-12-28 19:18:15,2025-12-28 19:51:31,CW→CC,2025-12-28,,20182,20182
1876,54438272,Diagonal Bio Bio,Coronel,20183,L2,V1,2025-12-28 20:00:49,2025-12-28 20:47:35,CC→CW,2025-12-28,,20183,20183
1877,54438970,Concepcion,Los Canelos,20183,L2,V1,2025-12-28 19:48:26,2025-12-28 20:37:02,CC→CW,2025-12-28,,20183,20183
1878,54441107,Juan Pablo II,Lomas Coloradas,20151,L2,V1,2025-12-28 09:28:19,2025-12-28 09:53:16,CC→CW,2025-12-28,,20151,20151
1879,54441140,Costa Mar,Concepcion,20178,L2,V1,2025-12-28 18:35:02,2025-12-28 18:58:59,CW→CC,2025-12-28,,20178,20178
1880,54441485,Concepcion,Concepcion,,,N/A,2025-12-28 10:54:55,2025-12-28 10:55:53,,2025-12-28,no viajo,,
1881,54441485,Concepcion,Concepcion,,,N/A,2025-12-28 15:03:54,2025-12-28 15:04:36,,2025-12-28,no viajo,,
1882,54441962,Costa Mar,Laguna Quinenco,20173,L2,V1,2025-12-28 17:43:26,2025-12-28 18:10:29,CC→CW,2025-12-28,,20173,20173
1883,54442482,Huinca,El Parque,20168,L2,V1,2025-12-28 14:31:30,2025-12-28 15:13:19,CW→CC,2025-12-28,,20168,20168
1884,54442482,El Parque,Los Canelos,20171,L2,V1,2025-12-28 16:39:12,2025-12-28 17:14:34,CC→CW,2025-12-28,,20171,20171
1885,54442715,Cristo Redentor,Concepcion,20162,L2,V1,2025-12-28 12:06:43,2025-12-28 12:59:13,CW→CC,2025-12-28,,20162,20162
1886,54442715,Concepcion,Cristo Redentor,20173,L2,V1,2025-12-28 17:18:45,2025-12-28 18:08:35,CC→CW,2025-12-28,,20173,20173
1887,54443921,Alborada,Concepcion,20150,L2,V1,2025-12-28 09:03:48,2025-12-28 09:41:59,CW→CC,2025-12-28,,20150,20150
1888,54443921,Concepcion,Alborada,20165,L2,V1,2025-12-28 11:43:34,2025-12-28 21:22:16,CC→CW,2025-12-28,combo_por_entrada,20165,20165
1889,54444612,Lomas Coloradas,Concepcion,20168,L2,V1,2025-12-28 14:56:01,2025-12-28 15:27:54,CW→CC,2025-12-28,,20168,20168
1890,54444896,Cdal. Raul Silva Henriquez,Los Canelos,20173,L2,V1,2025-12-28 17:48:57,2025-12-28 18:03:21,CC→CW,2025-12-28,,20173,20173
1891,54445242,Cdal. Raul Silva Henriquez,Diagonal Bio Bio,20182,L2,V1,2025-12-28 19:14:29,2025-12-28 19:54:24,CW→CC,2025-12-28,,20182,20182
1892,54446679,Lomas Coloradas,Alborada,20156,L2,V1,2025-12-28 10:48:12,2025-12-28 11:05:17,CW→CC,2025-12-28,,20156,20156
1893,54447744,Coronel,El Parque,20160,L2,V1,2025-12-28 11:22:24,2025-12-28 12:20:58,CW→CC,2025-12-28,,20160,20160
1894,54447744,El Parque,Coronel,20161,L2,V1,2025-12-28 12:27:25,2025-12-28 13:00:33,CC→CW,2025-12-28,,20161,20161
1895,54448010,Costa Mar,Diagonal Bio Bio,20150,L2,V1,2025-12-28 09:13:44,2025-12-28 09:20:54,CW→CC,2025-12-28,,20150,20150
1896,54448170,Lomas Coloradas,Concepcion,20156,L2,V1,2025-12-28 10:52:57,2025-12-28 11:17:45,CW→CC,2025-12-28,,20156,20156
1897,54448954,Cristo Redentor,Concepcion,20160,L2,V1,2025-12-28 11:28:59,2025-12-28 12:13:00,CW→CC,2025-12-28,,20160,20160
1898,54449087,Huinca,Concepcion,20172,L2,V1,2025-12-28 16:46:21,2025-12-28 17:28:33,CW→CC,2025-12-28,,20172,20172
1899,54449087,Concepcion,Huinca,20183,L2,V1,2025-12-28 19:48:21,2025-12-28 20:39:04,CC→CW,2025-12-28,,20183,20183
1900,54449227,Laguna Quinenco,Alborada,20182,L2,V1,2025-12-28 19:13:54,2025-12-28 19:48:07,CW→CC,2025-12-28,,20182,20182
1901,54449360,Cristo Redentor,El Parque,20166,L2,V1,2025-12-28 13:39:10,2025-12-28 14:16:08,CW→CC,2025-12-28,,20166,20166
1902,54449360,El Parque,Laguna Quinenco,20171,L2,V1,2025-12-28 16:36:40,2025-12-28 17:20:50,CC→CW,2025-12-28,,20171,20171
1903,54449389,Laguna Quinenco,Cristo Redentor,20186,L2,V1,2025-12-28 20:11:04,2025-12-28 20:22:22,CW→CC,2025-12-28,,20186,20186
1904,54449948,Los Canelos,Concepcion,20166,L2,V1,2025-12-28 13:47:26,2025-12-28 14:33:18,CW→CC,2025-12-28,,20166,20166
1905,54449948,Concepcion,El Parque,20169,L2,V1,2025-12-28 15:05:06,2025-12-28 15:47:54,CC→CW,2025-12-28,,20169,20169
1906,54449948,El Parque,Los Canelos,20171,L2,V1,2025-12-28 16:25:47,2025-12-28 17:13:36,CC→CW,2025-12-28,,20171,20171
1907,54452197,Lomas Coloradas,Concepcion,20172,L2,V1,2025-12-28 16:58:08,2025-12-28 17:30:37,CW→CC,2025-12-28,,20172,20172
1908,54452986,Concepcion,Lomas Coloradas,20171,L2,V1,2025-12-28 16:26:59,2025-12-28 17:00:41,CC→CW,2025-12-28,,20171,20171
1909,54453706,Coronel,Concepcion,20162,L2,V1,2025-12-28 11:45:18,2025-12-28 13:00:30,CW→CC,2025-12-28,,20162,20162
1910,54453706,Concepcion,Coronel,20183,L2,V1,2025-12-28 19:27:38,2025-12-28 20:46:44,CC→CW,2025-12-28,,20183,20183
1911,54454584,Huinca,El Parque,20156,L2,V1,2025-12-28 10:28:25,2025-12-28 11:01:06,CW→CC,2025-12-28,,20156,20156
1912,54454584,El Parque,Huinca,20157,L2,V1,2025-12-28 11:40:30,2025-12-28 12:07:22,CC→CW,2025-12-28,,20157,20157
1913,54454716,Cristo Redentor,Juan Pablo II,20166,L2,V1,2025-12-28 13:41:46,2025-12-28 14:25:40,CW→CC,2025-12-28,,20166,20166
1914,54454716,Juan Pablo II,Lomas Coloradas,20177,L2,V1,2025-12-28 18:07:28,2025-12-28 18:51:48,CC→CW,2025-12-28,,20177,20177
1915,54454717,Cristo Redentor,Juan Pablo II,20182,L2,V1,2025-12-28 18:37:18,2025-12-28 19:54:06,CW→CC,2025-12-28,,20182,20182
1916,54454945,Coronel,Concepcion,20176,L2,V1,2025-12-28 17:25:43,2025-12-28 18:29:25,CW→CC,2025-12-28,,20176,20176
1917,54455064,Hito Galvarino,Diagonal Bio Bio,20186,L2,V1,2025-12-28 20:17:06,2025-12-28 20:49:03,CW→CC,2025-12-28,,20186,20186
1918,54455546,Coronel,Concepcion,20182,L2,V1,2025-12-28 19:03:31,2025-12-28 20:01:27,CW→CC,2025-12-28,,20182,20182
1919,54455589,El Parque,Lomas Coloradas,20169,L2,V1,2025-12-28 15:35:41,2025-12-28 15:50:34,CC→CW,2025-12-28,,20169,20169
1920,54455772,Cdal. Raul Silva Henriquez,Diagonal Bio Bio,20178,L2,V1,2025-12-28 18:25:29,2025-12-28 18:49:32,CW→CC,2025-12-28,,20178,20178
1921,54456034,Lomas Coloradas,Los Canelos,20171,L2,V1,2025-12-28 16:46:22,2025-12-28 17:14:05,CC→CW,2025-12-28,,20171,20171
1922,54456034,Los Canelos,Lomas Coloradas,20186,L2,V1,2025-12-28 20:18:02,2025-12-28 20:39:41,CW→CC,2025-12-28,,20186,20186
1923,54458243,Huinca,Costa Mar,20168,L2,V1,2025-12-28 14:41:04,2025-12-28 15:16:05,CW→CC,2025-12-28,,20168,20168
1924,54458754,Hito Galvarino,Costa Mar,20150,L2,V1,2025-12-28 08:56:10,2025-12-28 09:16:30,CW→CC,2025-12-28,,20150,20150
1925,54458754,Costa Mar,Hito Galvarino,20157,L2,V1,2025-12-28 11:32:05,2025-12-28 11:59:23,CC→CW,2025-12-28,,20157,20157
1926,54459392,Concepcion,Cdal. Raul Silva Henriquez,20171,L2,V1,2025-12-28 16:30:27,2025-12-28 17:05:34,CC→CW,2025-12-28,,20171,20171
1927,54459864,Coronel,Concepcion,20150,L2,V1,2025-12-28 08:30:54,2025-12-28 09:30:32,CW→CC,2025-12-28,,20150,20150
1928,54459924,Laguna Quinenco,Concepcion,20172,L2,V1,2025-12-28 16:39:56,2025-12-28 17:29:02,CW→CC,2025-12-28,,20172,20172
1929,54460101,Concepcion,Costa Mar,20177,L2,V1,2025-12-28 18:23:58,2025-12-28 18:45:12,CC→CW,2025-12-28,,20177,20177
1930,54460450,Concepcion,Cdal. Raul Silva Henriquez,20173,L2,V1,2025-12-28 17:08:17,2025-12-28 17:53:07,CC→CW,2025-12-28,,20173,20173
1931,54461472,El Arenal,Concepcion,20857,L1,V1,2025-12-28 08:23:00,2025-12-28 08:55:06,TH→HQ,2025-12-28,,20857,20857
1932,54461472,Concepcion,El Arenal,20848,L1,V1,2025-12-28 20:52:30,2025-12-28 21:28:26,HQ→TH,2025-12-28,,20848,20848
1933,54461570,Juan Pablo II,Hito Galvarino,20179,L2,V1,2025-12-28 19:00:58,2025-12-28 19:32:04,CC→CW,2025-12-28,,20179,20179
1934,54462769,Costa Mar,Cristo Redentor,20183,L2,V1,2025-12-28 20:06:25,2025-12-28 20:41:29,CC→CW,2025-12-28,,20183,20183
1935,54462812,Laguna Quinenco,Juan Pablo II,20166,L2,V1,2025-12-28 13:44:21,2025-12-28 14:25:36,CW→CC,2025-12-28,,20166,20166
1936,54462812,Juan Pablo II,Laguna Quinenco,20177,L2,V1,2025-12-28 18:07:25,2025-12-28 19:12:13,CC→CW,2025-12-28,,20177,20177
1937,54462993,Concepcion,Los Condores,20848,L1,V1,2025-12-28 20:20:30,2025-12-28 21:21:15,HQ→TH,2025-12-28,combo_por_entrada,20848,20848
1938,54464939,Cdal. Raul Silva Henriquez,Diagonal Bio Bio,20166,L2,V1,2025-12-28 13:59:09,2025-12-28 14:24:00,CW→CC,2025-12-28,,20166,20166
1939,54465003,Juan Pablo II,Hito Galvarino,20167,L2,V1,2025-12-28 14:42:44,2025-12-28 15:05:39,CC→CW,2025-12-28,,20167,20167
1940,54465158,Concepcion,Coronel,20169,L2,V1,2025-12-28 15:23:43,2025-12-28 16:15:48,CC→CW,2025-12-28,,20169,20169
1941,54466014,El Parque,Diagonal Bio Bio,20172,L2,V1,2025-12-28 16:52:01,2025-12-28 17:19:21,CW→CC,2025-12-28,,20172,20172
1942,54466900,Los Canelos,Concepcion,20160,L2,V1,2025-12-28 11:31:03,2025-12-28 12:13:32,CW→CC,2025-12-28,,20160,20160
1943,54467159,El Parque,Laguna Quinenco,20171,L2,V1,2025-12-28 16:46:06,2025-12-28 17:20:36,CC→CW,2025-12-28,,20171,20171
1944,54467526,Cdal. Raul Silva Henriquez,Juan Pablo II,20150,L2,V1,2025-12-28 09:06:54,2025-12-28 09:23:26,CW→CC,2025-12-28,,20150,20150
1945,54467526,Juan Pablo II,Cdal. Raul Silva Henriquez,20173,L2,V1,2025-12-28 17:30:20,2025-12-28 17:53:09,CC→CW,2025-12-28,,20173,20173
1946,54468307,Cristo Redentor,Diagonal Bio Bio,20160,L2,V1,2025-12-28 11:27:37,2025-12-28 12:03:53,CW→CC,2025-12-28,,20160,20160
1947,54469328,Cristo Redentor,Lomas Coloradas,20182,L2,V1,2025-12-28 19:16:16,2025-12-28 19:40:33,CW→CC,2025-12-28,,20182,20182
1948,54469661,Diagonal Bio Bio,Huinca,20169,L2,V1,2025-12-28 15:28:46,2025-12-28 16:05:47,CC→CW,2025-12-28,,20169,20169
1949,54471697,Diagonal Bio Bio,Coronel,20165,L2,V1,2025-12-28 13:06:08,2025-12-28 13:59:41,CC→CW,2025-12-28,,20165,20165
1950,54471697,Coronel,Costa Mar,20176,L2,V1,2025-12-28 17:40:22,2025-12-28 18:13:53,CW→CC,2025-12-28,,20176,20176
1951,54471982,Concepcion,Coronel,20155,L2,V1,2025-12-28 10:10:53,2025-12-28 11:19:55,CC→CW,2025-12-28,,20155,20155
1952,54471982,Coronel,Costa Mar,20186,L2,V1,2025-12-28 20:03:39,2025-12-28 20:44:16,CW→CC,2025-12-28,,20186,20186
1953,54472594,Alborada,Juan Pablo II,20168,L2,V1,2025-12-28 15:11:56,2025-12-28 15:21:49,CW→CC,2025-12-28,,20168,20168
1954,54473496,Cristo Redentor,Alborada,20182,L2,V1,2025-12-28 18:56:14,2025-12-28 19:48:05,CW→CC,2025-12-28,,20182,20182
1955,54473817,La Leonera,UTF Santa Maria,20848,L1,V1,2025-12-28 20:39:11,2025-12-28 21:18:31,HQ→TH,2025-12-28,,20848,20848
1956,54473883,Coronel,Concepcion,20178,L2,V1,2025-12-28 18:12:07,2025-12-28 19:00:36,CW→CC,2025-12-28,,20178,20178
1957,54474176,Diagonal Bio Bio,Lomas Coloradas,20169,L2,V1,2025-12-28 15:36:18,2025-12-28 15:50:08,CC→CW,2025-12-28,,20169,20169
1958,54474416,Concepcion,Los Canelos,20179,L2,V1,2025-12-28 18:33:19,2025-12-28 19:35:34,CC→CW,2025-12-28,,20179,20177
1959,54474432,Laguna Quinenco,Concepcion,20166,L2,V1,2025-12-28 13:46:27,2025-12-28 14:33:16,CW→CC,2025-12-28,,20166,20166
1960,54474432,Concepcion,Laguna Quinenco,20177,L2,V1,2025-12-28 18:15:26,2025-12-28 19:13:10,CC→CW,2025-12-28,,20177,20177
1961,54474460,Huinca,Cdal. Raul Silva Henriquez,20166,L2,V1,2025-12-28 13:51:38,2025-12-28 14:11:30,CW→CC,2025-12-28,,20166,20166
1962,54474830,Cristo Redentor,Concepcion,20168,L2,V1,2025-12-28 14:48:43,2025-12-28 15:28:18,CW→CC,2025-12-28,,20168,20168
1963,54476131,Laguna Quinenco,Hito Galvarino,20168,L2,V1,2025-12-28 14:12:14,2025-12-28 15:01:00,CW→CC,2025-12-28,,20168,20168
1964,54476234,Cristo Redentor,Lomas Coloradas,20154,L2,V1,2025-12-28 09:19:13,2025-12-28 10:12:49,CW→CC,2025-12-28,,20154,20154
1965,54477055,Laguna Quinenco,El Parque,20172,L2,V1,2025-12-28 16:34:48,2025-12-28 17:12:39,CW→CC,2025-12-28,,20172,20172
1966,54478057,Hito Galvarino,Concepcion,20182,L2,V1,2025-12-28 19:05:49,2025-12-28 20:01:31,CW→CC,2025-12-28,,20182,20182
1967,54478064,Laguna Quinenco,Concepcion,20166,L2,V1,2025-12-28 13:46:16,2025-12-28 14:33:26,CW→CC,2025-12-28,,20166,20166
1968,54478064,Concepcion,Laguna Quinenco,20177,L2,V1,2025-12-28 18:15:32,2025-12-28 19:13:11,CC→CW,2025-12-28,,20177,20177
1969,54478211,Concepcion,Los Canelos,20187,L2,V1,2025-12-28 20:54:26,2025-12-28 21:45:26,CC→CW,2025-12-28,,20187,20187
1970,54478933,Concepcion,Cristo Redentor,20169,L2,V1,2025-12-28 15:19:50,2025-12-28 16:08:13,CC→CW,2025-12-28,,20169,20169
1971,54479307,Los Canelos,Juan Pablo II,20182,L2,V1,2025-12-28 19:24:55,2025-12-28 19:53:28,CW→CC,2025-12-28,,20182,20182
1972,54479717,La Leonera,Higueras,20850,L1,V1,2025-12-28 09:35:38,2025-12-28 10:23:43,HQ→TH,2025-12-28,,20850,20850
1973,54479911,Concepcion,El Parque,20151,L2,V1,2025-12-28 09:18:20,2025-12-28 09:50:17,CC→CW,2025-12-28,,20151,20151
1974,54479911,El Parque,Concepcion,20186,L2,V1,2025-12-28 20:40:09,2025-12-28 20:59:57,CW→CC,2025-12-28,,20186,20186
1975,54479962,Concepcion,Los Canelos,20161,L2,V1,2025-12-28 12:13:45,2025-12-28 12:48:52,CC→CW,2025-12-28,,20161,20161
1976,54480918,Costa Mar,Hito Galvarino,20161,L2,V1,2025-12-28 12:05:04,2025-12-28 12:44:46,CC→CW,2025-12-28,,20161,20161
1977,54482484,Chiguayante,Concepcion,20850,L1,V1,2025-12-28 09:42:31,2025-12-28 10:08:19,HQ→TH,2025-12-28,,20850,20850
1978,54483799,Huinca,Cdal. Raul Silva Henriquez,20154,L2,V1,2025-12-28 09:15:16,2025-12-28 10:08:59,CW→CC,2025-12-28,,20154,20154
1979,54483799,Cdal. Raul Silva Henriquez,Cristo Redentor,20155,L2,V1,2025-12-28 10:44:38,2025-12-28 11:17:19,CC→CW,2025-12-28,,20155,20155
1980,54483833,Concepcion,Lomas Coloradas,20165,L2,V1,2025-12-28 12:55:41,2025-12-28 13:35:04,CC→CW,2025-12-28,,20165,20165
1981,54483833,Lomas Coloradas,Concepcion,20186,L2,V1,2025-12-28 20:32:58,2025-12-28 20:59:11,CW→CC,2025-12-28,,20186,20186
1982,54484040,Concepcion,Mercado,20844,L1,V1,2025-12-28 12:22:17,2025-12-28 13:29:20,HQ→TH,2025-12-28,combo_relajado_pase1,20844,20160
1983,54484443,Huinca,Concepcion,20168,L2,V1,2025-12-28 14:51:15,2025-12-28 15:30:42,CW→CC,2025-12-28,,20168,20168
1984,54484665,Los Canelos,Concepcion,20166,L2,V1,2025-12-28 13:45:24,2025-12-28 14:34:56,CW→CC,2025-12-28,,20166,20166
1985,54485833,Hito Galvarino,Concepcion,20178,L2,V1,2025-12-28 18:18:16,2025-12-28 18:58:43,CW→CC,2025-12-28,,20178,20178
1986,54486179,Laguna Quinenco,El Parque,20182,L2,V1,2025-12-28 19:06:29,2025-12-28 19:44:00,CW→CC,2025-12-28,,20182,20182
1987,54486443,Concepcion,Huinca,20165,L2,V1,2025-12-28 13:09:19,2025-12-28 13:51:23,CC→CW,2025-12-28,,20165,20165
1988,54486457,Huinca,Concepcion,20178,L2,V1,2025-12-28 18:21:55,2025-12-28 18:59:08,CW→CC,2025-12-28,,20178,20178
1989,54486722,Cdal. Raul Silva Henriquez,Laguna Quinenco,20151,L2,V1,2025-12-28 09:42:19,2025-12-28 10:14:17,CC→CW,2025-12-28,,20151,20151
1990,54486722,Laguna Quinenco,Cdal. Raul Silva Henriquez,20186,L2,V1,2025-12-28 20:02:36,2025-12-28 20:35:54,CW→CC,2025-12-28,,20186,20186
1991,54486816,Concepcion,Cdal. Raul Silva Henriquez,20173,L2,V1,2025-12-28 17:18:54,2025-12-28 17:55:28,CC→CW,2025-12-28,,20173,20173
1992,54487754,Cristo Redentor,Juan Pablo II,20162,L2,V1,2025-12-28 12:11:22,2025-12-28 12:52:11,CW→CC,2025-12-28,,20162,20162
1993,54488511,Concepcion,Los Canelos,20151,L2,V1,2025-12-28 08:51:42,2025-12-28 10:06:57,CC→CW,2025-12-28,,20151,20151
1994,54489283,Cdal. Raul Silva Henriquez,Concepcion,20162,L2,V1,2025-12-28 12:07:20,2025-12-28 13:00:19,CW→CC,2025-12-28,,20162,20162
1995,54490451,Concepcion,Los Condores,20846,L1,V1,2025-12-28 16:52:15,2025-12-28 17:49:16,HQ→TH,2025-12-28,combo_por_entrada,20846,20172
1996,54490602,Lomas Coloradas,Los Canelos,20165,L2,V1,2025-12-28 12:55:26,2025-12-28 13:48:46,CC→CW,2025-12-28,,20165,20165
1997,54490602,Los Canelos,Cdal. Raul Silva Henriquez,20172,L2,V1,2025-12-28 16:29:07,2025-12-28 17:07:29,CW→CC,2025-12-28,,20172,20172
1998,54490618,Diagonal Bio Bio,El Parque,20161,L2,V1,2025-12-28 12:21:09,2025-12-28 12:33:34,CC→CW,2025-12-28,,20161,20161
1999,54490618,El Parque,Diagonal Bio Bio,20186,L2,V1,2025-12-28 20:36:17,2025-12-28 20:49:05,CW→CC,2025-12-28,,20186,20186
2000,54490879,Costa Mar,Concepcion,20182,L2,V1,2025-12-28 19:35:01,2025-12-28 20:01:10,CW→CC,2025-12-28,,20182,20182
2001,54491032,Lomas Coloradas,Juan Pablo II,20172,L2,V1,2025-12-28 16:57:58,2025-12-28 17:22:22,CW→CC,2025-12-28,,20172,20172
2002,54491032,Juan Pablo II,Lomas Coloradas,20187,L2,V1,2025-12-28 20:59:37,2025-12-28 21:29:18,CC→CW,2025-12-28,,20187,20187
2003,54491288,Laguna Quinenco,Concepcion,20170,L2,V1,2025-12-28 15:35:04,2025-12-28 16:23:17,CW→CC,2025-12-28,,20170,20170
2004,54491288,Concepcion,Laguna Quinenco,20179,L2,V1,2025-12-28 18:42:21,2025-12-28 19:43:30,CC→CW,2025-12-28,,20179,20179
2005,54491965,Diagonal Bio Bio,Costa Mar,20183,L2,V1,2025-12-28 19:42:39,2025-12-28 20:16:40,CC→CW,2025-12-28,,20183,20183
2006,54492238,Lomas Coloradas,Cristo Redentor,20155,L2,V1,2025-12-28 10:49:58,2025-12-28 11:18:34,CC→CW,2025-12-28,,20155,20155
2007,54492388,Diagonal Bio Bio,Costa Mar,20151,L2,V1,2025-12-28 09:33:38,2025-12-28 09:47:47,CC→CW,2025-12-28,,20151,20151
2008,54494146,Cdal. Raul Silva Henriquez,Concepcion,20170,L2,V1,2025-12-28 15:40:45,2025-12-28 16:22:59,CW→CC,2025-12-28,,20170,20170
2009,54495341,Cristo Redentor,Concepcion,20176,L2,V1,2025-12-28 17:38:26,2025-12-28 18:26:39,CW→CC,2025-12-28,,20176,20176
2010,54495449,Coronel,Laguna Quinenco,20168,L2,V1,2025-12-28 14:41:58,2025-12-28 17:21:17,CW→CC,2025-12-28,,20168,20168
2011,54495661,Concepcion,Lomas Coloradas,20187,L2,V1,2025-12-28 20:29:34,2025-12-28 21:29:54,CC→CW,2025-12-28,,20187,20187
2012,54495793,Pedro Medina,Concepcion,20846,L1,V1,2025-12-28 17:09:31,2025-12-28 17:37:22,HQ→TH,2025-12-28,,20846,20846
2013,54495872,Concepcion,El Parque,20165,L2,V1,2025-12-28 13:02:34,2025-12-28 13:32:34,CC→CW,2025-12-28,,20165,20165
2014,54495872,Concepcion,La Leonera,20845,L1,V1,2025-12-28 15:46:19,2025-12-28 16:49:08,TH→HQ,2025-12-28,combo_por_entrada,20845,20845
2015,54495965,Concepcion,Lomas Coloradas,20187,L2,V1,2025-12-28 20:41:58,2025-12-28 21:30:44,CC→CW,2025-12-28,,20187,20187
2016,54496117,Laguna Quinenco,Concepcion,20170,L2,V1,2025-12-28 15:41:49,2025-12-28 16:23:14,CW→CC,2025-12-28,,20170,20170
2017,54496774,Coronel,Concepcion,20182,L2,V1,2025-12-28 18:52:34,2025-12-28 20:00:07,CW→CC,2025-12-28,,20182,20182
2018,54497458,Hito Galvarino,Costa Mar,20168,L2,V1,2025-12-28 14:47:34,2025-12-28 15:14:39,CW→CC,2025-12-28,,20168,20168
2019,54497693,Laguna Quinenco,Concepcion,20166,L2,V1,2025-12-28 13:50:21,2025-12-28 14:34:36,CW→CC,2025-12-28,,20166,20166
2020,54497895,Manquimavida,Concepcion,20844,L1,V1,2025-12-28 12:26:18,2025-12-28 13:03:26,HQ→TH,2025-12-28,,20844,20844
2021,54497895,Concepcion,Manquimavida,20847,L1,V1,2025-12-28 20:13:27,2025-12-28 20:45:55,TH→HQ,2025-12-28,,20847,20847
2022,54498476,Concepcion,Huinca,20183,L2,V1,2025-12-28 19:56:37,2025-12-28 20:38:57,CC→CW,2025-12-28,,20183,20183
2023,54498596,Cdal. Raul Silva Henriquez,Costa Mar,20176,L2,V1,2025-12-28 17:54:25,2025-12-28 18:12:10,CW→CC,2025-12-28,,20176,20176
2024,54498596,Costa Mar,Cdal. Raul Silva Henriquez,20183,L2,V1,2025-12-28 19:55:48,2025-12-28 20:27:16,CC→CW,2025-12-28,,20183,20183
2025,54498910,Diagonal Bio Bio,Lomas Coloradas,20167,L2,V1,2025-12-28 14:40:42,2025-12-28 14:57:34,CC→CW,2025-12-28,,20167,20167
2026,54499883,Laguna Quinenco,Concepcion,20168,L2,V1,2025-12-28 14:38:06,2025-12-28 15:28:53,CW→CC,2025-12-28,,20168,20168
2027,54499883,Concepcion,Laguna Quinenco,20183,L2,V1,2025-12-28 19:53:22,2025-12-28 20:44:39,CC→CW,2025-12-28,,20183,20183
2028,54499899,Los Canelos,Diagonal Bio Bio,20176,L2,V1,2025-12-28 17:32:36,2025-12-28 18:17:22,CW→CC,2025-12-28,,20176,20176
2029,54500346,Cdal. Raul Silva Henriquez,Concepcion,20150,L2,V1,2025-12-28 08:43:53,2025-12-28 09:30:10,CW→CC,2025-12-28,,20150,20150
2030,54500658,Concepcion,El Parque,20167,L2,V1,2025-12-28 14:08:54,2025-12-28 14:56:34,CC→CW,2025-12-28,,20167,20167
2031,54500658,El Parque,Concepcion,20178,L2,V1,2025-12-28 18:26:34,2025-12-28 18:59:46,CW→CC,2025-12-28,,20178,20178
2032,54501066,Concepcion,Lzo. Arenas,20846,L1,V1,2025-12-28 17:13:05,2025-12-28 17:42:00,HQ→TH,2025-12-28,combo_por_entrada,20846,20846
2033,54501337,Laguna Quinenco,Cdal. Raul Silva Henriquez,20182,L2,V1,2025-12-28 18:57:37,2025-12-28 19:38:28,CW→CC,2025-12-28,,20182,20182
2034,54501403,Concepcion,El Arenal,20846,L1,V2,2025-12-28 17:35:14,2025-12-28 17:56:37,,2025-12-28,sin_combo_factible_en_hub|sin_s1_factible_retro,,20846
2035,54502256,Concepcion,Laguna Quinenco,20157,L2,V1,2025-12-28 10:47:06,2025-12-28 12:14:17,CC→CW,2025-12-28,,20157,20157
2036,54502256,Laguna Quinenco,Concepcion,20166,L2,V1,2025-12-28 13:44:42,2025-12-28 14:32:59,CW→CC,2025-12-28,,20166,20166
2037,54502306,Huinca,Costa Mar,20150,L2,V1,2025-12-28 08:41:52,2025-12-28 09:16:06,CW→CC,2025-12-28,,20150,20150
2038,54502306,Concepcion,Huinca,20179,L2,V1,2025-12-28 18:58:46,2025-12-28 19:37:34,CC→CW,2025-12-28,,20179,20179
2039,54502624,Los Condores,Lzo. Arenas,20845,L1,V1,2025-12-28 16:00:29,2025-12-28 16:20:45,TH→HQ,2025-12-28,,20845,20845
2040,54502747,Concepcion,Lomas Coloradas,20183,L2,V1,2025-12-28 19:44:32,2025-12-28 20:22:53,CC→CW,2025-12-28,,20183,20183
2041,54502898,Los Condores,Concepcion,20845,L1,V1,2025-12-28 16:09:52,2025-12-28 16:26:23,TH→HQ,2025-12-28,,20845,20845
2042,54503211,Concepcion,Laguna Quinenco,20187,L2,V1,2025-12-28 20:58:16,2025-12-28 21:47:39,CC→CW,2025-12-28,,20187,20187
2043,54503559,Cdal. Raul Silva Henriquez,Los Canelos,20161,L2,V1,2025-12-28 12:26:24,2025-12-28 12:48:58,CC→CW,2025-12-28,,20161,20161
2044,54503577,Concepcion,Hito Galvarino,20167,L2,V1,2025-12-28 14:14:51,2025-12-28 15:05:43,CC→CW,2025-12-28,,20167,20167
2045,54504988,Hito Galvarino,El Parque,20170,L2,V1,2025-12-28 15:53:01,2025-12-28 16:11:47,CW→CC,2025-12-28,,20170,20170
2046,54504988,El Parque,Hito Galvarino,20177,L2,V1,2025-12-28 18:27:24,2025-12-28 19:02:04,CC→CW,2025-12-28,,20177,20177
2047,54505138,Concepcion,El Parque,20165,L2,V1,2025-12-28 12:09:23,2025-12-28 13:33:10,CC→CW,2025-12-28,combo_por_entrada,20165,20165
2048,54506342,Coronel,Concepcion,20172,L2,V1,2025-12-28 16:18:27,2025-12-28 17:28:38,CW→CC,2025-12-28,,20172,20172
2049,54507675,Lomas Coloradas,Coronel,20161,L2,V1,2025-12-28 12:12:16,2025-12-28 13:03:13,CC→CW,2025-12-28,,20161,20161
2050,54508167,Costa Mar,Cristo Redentor,20169,L2,V1,2025-12-28 15:38:36,2025-12-28 16:08:55,CC→CW,2025-12-28,,20169,20169
2051,54508649,Laguna Quinenco,Huinca,20186,L2,V1,2025-12-28 20:01:56,2025-12-28 20:24:40,CW→CC,2025-12-28,,20186,20186
2052,54508815,Concepcion,Costa Mar,20183,L2,V1,2025-12-28 19:57:36,2025-12-28 20:16:44,CC→CW,2025-12-28,,20183,20183
2053,54510112,Concepcion,Hito Galvarino,20171,L2,V1,2025-12-28 16:21:30,2025-12-28 17:10:36,CC→CW,2025-12-28,,20171,20171
2054,54510135,Laguna Quinenco,Diagonal Bio Bio,20182,L2,V1,2025-12-28 19:14:43,2025-12-28 19:51:38,CW→CC,2025-12-28,,20182,20182
2055,54510683,Lomas Coloradas,Coronel,20167,L2,V1,2025-12-28 14:54:41,2025-12-28 15:19:47,CC→CW,2025-12-28,,20167,20167
2056,54511083,Hualqui,Chiguayante,20846,L1,V1,2025-12-28 16:53:58,2025-12-28 17:25:40,HQ→TH,2025-12-28,,20846,20846
2057,54511392,Cristo Redentor,Juan Pablo II,20156,L2,V1,2025-12-28 10:22:39,2025-12-28 11:10:53,CW→CC,2025-12-28,,20156,20156
2058,54511723,Coronel,El Parque,20154,L2,V1,2025-12-28 09:48:01,2025-12-28 10:16:41,CW→CC,2025-12-28,,20154,20154
2059,54511723,El Parque,Coronel,20161,L2,V1,2025-12-28 12:27:47,2025-12-28 13:00:39,CC→CW,2025-12-28,,20161,20161
2060,54511869,Diagonal Bio Bio,El Parque,20151,L2,V1,2025-12-28 09:33:59,2025-12-28 09:50:37,CC→CW,2025-12-28,,20151,20151
2061,54511889,El Parque,Cristo Redentor,20157,L2,V1,2025-12-28 11:40:55,2025-12-28 12:10:10,CC→CW,2025-12-28,,20157,20157
2062,54511912,Costa Mar,Concepcion,20178,L2,V1,2025-12-28 18:35:55,2025-12-28 18:59:14,CW→CC,2025-12-28,,20178,20178
2063,54512952,Juan Pablo II,Cristo Redentor,20173,L2,V1,2025-12-28 17:21:31,2025-12-28 18:08:54,CC→CW,2025-12-28,,20173,20173
2064,54513205,Lomas Coloradas,Concepcion,20150,L2,V1,2025-12-28 08:59:50,2025-12-28 09:30:59,CW→CC,2025-12-28,,20150,20150
2065,54513205,Concepcion,Lomas Coloradas,20177,L2,V1,2025-12-28 18:18:53,2025-12-28 18:51:24,CC→CW,2025-12-28,,20177,20177
2066,54513357,La Leonera,Lzo. Arenas,20844,L1,V1,2025-12-28 12:12:49,2025-12-28 13:09:24,HQ→TH,2025-12-28,,20844,20844
2067,54513358,La Leonera,Lzo. Arenas,20844,L1,V1,2025-12-28 12:12:58,2025-12-28 13:09:18,HQ→TH,2025-12-28,,20844,20844
2068,54513468,Cdal. Raul Silva Henriquez,Cristo Redentor,20171,L2,V1,2025-12-28 16:59:21,2025-12-28 17:18:30,CC→CW,2025-12-28,,20171,20171
2069,54513534,Laguna Quinenco,El Parque,20182,L2,V1,2025-12-28 19:10:49,2025-12-28 19:43:15,CW→CC,2025-12-28,,20182,20182
2070,54513745,Concepcion,Hualqui,20859,L1,V1,2025-12-28 12:44:51,2025-12-28 13:29:15,TH→HQ,2025-12-28,,20859,20859
2071,54514009,Concepcion,Concepcion,,,N/A,2025-12-28 13:37:40,2025-12-28 13:38:13,,2025-12-28,no viajo,,
2072,54514009,Concepcion,Concepcion,,,N/A,2025-12-28 15:06:22,2025-12-28 15:07:04,,2025-12-28,no viajo,,
2073,54514131,Concepcion,Mercado,20850,L1,V1,2025-12-28 08:47:22,2025-12-28 10:32:42,HQ→TH,2025-12-28,combo_por_entrada,20850,20850
2074,54514500,Huinca,Diagonal Bio Bio,20182,L2,V1,2025-12-28 19:21:46,2025-12-28 19:51:01,CW→CC,2025-12-28,,20182,20182
2075,54515244,Hualqui,Mercado,20850,L1,V1,2025-12-28 09:23:47,2025-12-28 10:34:35,HQ→TH,2025-12-28,,20850,20850
2076,54515488,Juan Pablo II,Los Canelos,20183,L2,V1,2025-12-28 20:05:16,2025-12-28 20:36:49,CC→CW,2025-12-28,,20183,20183
2077,54515601,Lomas Coloradas,Costa Mar,20170,L2,V1,2025-12-28 15:38:08,2025-12-28 16:08:37,CW→CC,2025-12-28,,20170,20170
2078,54515601,Costa Mar,Lomas Coloradas,20173,L2,V1,2025-12-28 17:38:23,2025-12-28 17:50:30,CC→CW,2025-12-28,,20173,20173
2079,54516794,Los Canelos,Diagonal Bio Bio,20160,L2,V1,2025-12-28 11:18:32,2025-12-28 12:04:29,CW→CC,2025-12-28,,20160,20160
2080,54517297,Cristo Redentor,Laguna Quinenco,20161,L2,V1,2025-12-28 12:42:59,2025-12-28 12:58:05,CC→CW,2025-12-28,,20161,20161
2081,54517685,Costa Mar,Cdal. Raul Silva Henriquez,20151,L2,V1,2025-12-28 09:44:40,2025-12-28 09:56:47,CC→CW,2025-12-28,,20151,20151
2082,54517685,Cdal. Raul Silva Henriquez,Costa Mar,20162,L2,V1,2025-12-28 12:14:54,2025-12-28 12:45:28,CW→CC,2025-12-28,,20162,20162
2083,54517685,Costa Mar,El Parque,20177,L2,V1,2025-12-28 18:41:24,2025-12-28 18:49:02,CC→CW,2025-12-28,,20177,20177
2084,54518143,Huinca,Lomas Coloradas,20166,L2,V1,2025-12-28 13:53:52,2025-12-28 14:14:01,CW→CC,2025-12-28,,20166,20166
2085,54518340,Cristo Redentor,Concepcion,20186,L2,V1,2025-12-28 20:02:25,2025-12-28 21:01:06,CW→CC,2025-12-28,,20186,20186
2086,54518755,Laguna Quinenco,Lomas Coloradas,20168,L2,V1,2025-12-28 14:40:59,2025-12-28 15:09:46,CW→CC,2025-12-28,,20168,20168
2087,54519331,Concepcion,Hito Galvarino,20169,L2,V1,2025-12-28 15:18:57,2025-12-28 15:59:27,CC→CW,2025-12-28,,20169,20169
2088,54520093,Concepcion,Laguna Quinenco,20177,L2,V1,2025-12-28 18:24:57,2025-12-28 19:12:19,CC→CW,2025-12-28,,20177,20177
2089,54520342,Concepcion,Laguna Quinenco,20171,L2,V1,2025-12-28 16:34:23,2025-12-28 17:23:27,CC→CW,2025-12-28,,20171,20171
2090,54520342,Laguna Quinenco,Concepcion,20178,L2,V1,2025-12-28 18:10:08,2025-12-28 19:03:46,CW→CC,2025-12-28,,20178,20178
2091,54520565,El Parque,Lomas Coloradas,20183,L2,V1,2025-12-28 20:17:19,2025-12-28 20:23:00,CC→CW,2025-12-28,,20183,20183
2092,54520911,Los Canelos,El Parque,20170,L2,V1,2025-12-28 15:42:30,2025-12-28 16:06:41,CW→CC,2025-12-28,,20170,20170
2093,54520911,El Parque,Laguna Quinenco,20173,L2,V1,2025-12-28 17:35:47,2025-12-28 18:11:06,CC→CW,2025-12-28,,20173,20173
2094,54520911,Laguna Quinenco,Los Canelos,20186,L2,V1,2025-12-28 20:08:51,2025-12-28 20:26:52,CW→CC,2025-12-28,,20186,20186
2095,54521098,Concepcion,Laguna Quinenco,20187,L2,V1,2025-12-28 20:52:28,2025-12-28 21:47:29,CC→CW,2025-12-28,,20187,20187
2096,54521102,Costa Mar,Cdal. Raul Silva Henriquez,20169,L2,V1,2025-12-28 15:05:44,2025-12-28 15:53:58,CC→CW,2025-12-28,,20169,20169
2097,54521199,Costa Mar,Concepcion,20178,L2,V1,2025-12-28 18:36:15,2025-12-28 18:58:56,CW→CC,2025-12-28,,20178,20178
2098,54521234,Manquimavida,Los Condores,20848,L1,V1,2025-12-28 20:37:08,2025-12-28 21:20:54,HQ→TH,2025-12-28,,20848,20848
2099,54521789,Costa Mar,Laguna Quinenco,20151,L2,V1,2025-12-28 09:40:04,2025-12-28 10:14:55,CC→CW,2025-12-28,,20151,20151
2100,54521789,Laguna Quinenco,Costa Mar,20156,L2,V1,2025-12-28 10:22:00,2025-12-28 11:04:06,CW→CC,2025-12-28,,20156,20156
2101,54521851,Cristo Redentor,Concepcion,20150,L2,V1,2025-12-28 08:35:03,2025-12-28 09:30:45,CW→CC,2025-12-28,,20150,20150
2102,54521851,Concepcion,Cristo Redentor,20169,L2,V1,2025-12-28 15:25:12,2025-12-28 16:09:04,CC→CW,2025-12-28,,20169,20169
2103,54522502,Lomas Coloradas,El Parque,20170,L2,V1,2025-12-28 15:58:14,2025-12-28 16:08:05,CW→CC,2025-12-28,,20170,20170
2104,54522502,El Parque,Lomas Coloradas,20173,L2,V1,2025-12-28 17:29:44,2025-12-28 17:50:45,CC→CW,2025-12-28,,20173,20173
2105,54523915,Hito Galvarino,Concepcion,20150,L2,V1,2025-12-28 08:47:15,2025-12-28 09:30:00,CW→CC,2025-12-28,,20150,20150
2106,54523915,Concepcion,Hito Galvarino,20167,L2,V1,2025-12-28 14:25:34,2025-12-28 15:05:38,CC→CW,2025-12-28,,20167,20167
2107,54524828,Cristo Redentor,Concepcion,20168,L2,V1,2025-12-28 14:49:42,2025-12-28 15:33:14,CW→CC,2025-12-28,,20168,20168
2108,54524828,Concepcion,Cristo Redentor,20187,L2,V1,2025-12-28 20:11:29,2025-12-28 21:45:31,CC→CW,2025-12-28,,20187,20187
2109,54524853,Laguna Quinenco,Juan Pablo II,20156,L2,V1,2025-12-28 09:55:51,2025-12-28 11:11:40,CW→CC,2025-12-28,,20156,20154
2110,54524853,Concepcion,Laguna Quinenco,20165,L2,V1,2025-12-28 12:51:58,2025-12-28 13:57:38,CC→CW,2025-12-28,,20165,20165
2111,54524870,Laguna Quinenco,Diagonal Bio Bio,20150,L2,V1,2025-12-28 08:35:28,2025-12-28 09:20:49,CW→CC,2025-12-28,,20150,20150
2112,54526647,Cdal. Raul Silva Henriquez,Huinca,20151,L2,V1,2025-12-28 09:42:03,2025-12-28 10:09:13,CC→CW,2025-12-28,,20151,20151
2113,54526647,Huinca,Cdal. Raul Silva Henriquez,20186,L2,V1,2025-12-28 19:49:47,2025-12-28 20:36:27,CW→CC,2025-12-28,,20186,20186
2114,54527668,Cristo Redentor,Lomas Coloradas,20186,L2,V1,2025-12-28 20:11:16,2025-12-28 20:38:33,CW→CC,2025-12-28,,20186,20186
2115,54528024,Coronel,Hito Galvarino,20162,L2,V1,2025-12-28 12:10:00,2025-12-28 12:30:03,CW→CC,2025-12-28,,20162,20162
2116,54528174,Laguna Quinenco,Alborada,20176,L2,V1,2025-12-28 17:43:34,2025-12-28 18:15:26,CW→CC,2025-12-28,,20176,20176
2117,54528258,El Parque,Concepcion,20182,L2,V1,2025-12-28 19:39:20,2025-12-28 20:01:04,CW→CC,2025-12-28,,20182,20182
2118,54528648,Cristo Redentor,Concepcion,20166,L2,V1,2025-12-28 13:52:26,2025-12-28 14:36:45,CW→CC,2025-12-28,,20166,20166
2119,54528648,Concepcion,Cristo Redentor,20179,L2,V1,2025-12-28 18:44:28,2025-12-28 19:40:55,CC→CW,2025-12-28,,20179,20179
2120,54528718,Costa Mar,Juan Pablo II,20154,L2,V1,2025-12-28 10:07:25,2025-12-28 10:27:05,CW→CC,2025-12-28,,20154,20154
2121,54528718,Juan Pablo II,Costa Mar,20157,L2,V1,2025-12-28 11:08:24,2025-12-28 11:45:31,CC→CW,2025-12-28,,20157,20157
2122,54528898,Laguna Quinenco,Costa Mar,20178,L2,V1,2025-12-28 18:13:28,2025-12-28 18:44:40,CW→CC,2025-12-28,,20178,20178
2123,54528898,Costa Mar,Coronel,20183,L2,V1,2025-12-28 20:09:29,2025-12-28 20:47:12,CC→CW,2025-12-28,,20183,20183
2124,54529041,Cristo Redentor,Concepcion,20182,L2,V1,2025-12-28 19:15:58,2025-12-28 20:01:31,CW→CC,2025-12-28,,20182,20182
2125,54529098,Chiguayante,Concepcion,20848,L1,V1,2025-12-28 20:52:26,2025-12-28 21:29:12,HQ→TH,2025-12-28,combo_relajado_pase1,20848,20848
2126,54529446,El Arenal,Concepcion,20845,L1,V1,2025-12-28 15:56:43,2025-12-28 17:23:34,TH→HQ,2025-12-28,combo_por_entrada,20845,20171
2127,54529540,Huinca,Concepcion,20162,L2,V1,2025-12-28 12:17:22,2025-12-28 13:00:12,CW→CC,2025-12-28,,20162,20162
2128,54529903,Cristo Redentor,Los Canelos,20182,L2,V1,2025-12-28 19:22:32,2025-12-28 19:28:49,CW→CC,2025-12-28,,20182,20182
2129,54530064,Cdal. Raul Silva Henriquez,Juan Pablo II,20178,L2,V1,2025-12-28 18:24:34,2025-12-28 18:52:04,CW→CC,2025-12-28,,20178,20178
2130,54530856,Cdal. Raul Silva Henriquez,El Parque,20170,L2,V1,2025-12-28 15:51:58,2025-12-28 16:07:15,CW→CC,2025-12-28,,20170,20170
2131,54531303,Laguna Quinenco,Hito Galvarino,20156,L2,V1,2025-12-28 10:31:29,2025-12-28 10:47:29,CW→CC,2025-12-28,,20156,20156
2132,54532312,Cristo Redentor,Costa Mar,20150,L2,V1,2025-12-28 08:45:35,2025-12-28 09:16:33,CW→CC,2025-12-28,,20150,20150
2133,54532312,Costa Mar,Laguna Quinenco,20179,L2,V1,2025-12-28 19:16:02,2025-12-28 19:43:50,CC→CW,2025-12-28,,20179,20179
2134,54532536,Coronel,Concepcion,20160,L2,V1,2025-12-28 11:26:50,2025-12-28 12:23:34,CW→CC,2025-12-28,,20160,20160
2135,54532834,Los Canelos,Cristo Redentor,20183,L2,V1,2025-12-28 20:31:06,2025-12-28 20:41:44,CC→CW,2025-12-28,,20183,20183
2136,54533102,Concepcion,Concepcion,,,N/A,2025-12-28 09:41:48,2025-12-28 09:42:25,,2025-12-28,no viajo,,
2137,54533247,Cdal. Raul Silva Henriquez,Huinca,20151,L2,V1,2025-12-28 09:41:42,2025-12-28 10:09:25,CC→CW,2025-12-28,,20151,20151
2138,54533247,Huinca,Cdal. Raul Silva Henriquez,20186,L2,V1,2025-12-28 19:49:57,2025-12-28 20:36:26,CW→CC,2025-12-28,,20186,20186
2139,54534068,Manquimavida,Concepcion,20850,L1,V1,2025-12-28 09:39:25,2025-12-28 10:08:05,HQ→TH,2025-12-28,,20850,20850
2140,54534199,Concepcion,Alborada,20173,L2,V1,2025-12-28 17:15:56,2025-12-28 17:44:13,CC→CW,2025-12-28,,20173,20173
2141,54534219,Huinca,Concepcion,20186,L2,V1,2025-12-28 20:08:27,2025-12-28 21:02:58,CW→CC,2025-12-28,,20186,20186
2142,54534487,Concepcion,Coronel,20167,L2,V1,2025-12-28 13:19:44,2025-12-28 15:23:24,CC→CW,2025-12-28,,20167,20165
2143,54534487,Coronel,Juan Pablo II,20182,L2,V1,2025-12-28 19:08:07,2025-12-28 19:53:25,CW→CC,2025-12-28,,20182,20182
2144,54535432,Concepcion,Huinca,20165,L2,V1,2025-12-28 12:32:06,2025-12-28 13:50:58,CC→CW,2025-12-28,combo_por_entrada,20165,20165
2145,54535469,Concepcion,Laguna Quinenco,20183,L2,V1,2025-12-28 19:56:50,2025-12-28 20:43:45,CC→CW,2025-12-28,,20183,20183
2146,54535477,Hualqui,Lzo. Arenas,20850,L1,V1,2025-12-28 09:23:07,2025-12-28 10:13:45,HQ→TH,2025-12-28,,20850,20850
2147,54535841,Concepcion,Cristo Redentor,20171,L2,V1,2025-12-28 15:55:39,2025-12-28 17:18:18,CC→CW,2025-12-28,,20171,20171
2148,54536463,Manquimavida,Concepcion,20846,L1,V1,2025-12-28 17:01:29,2025-12-28 17:47:21,HQ→TH,2025-12-28,,20846,20846
2149,54536683,Cristo Redentor,Concepcion,20172,L2,V1,2025-12-28 16:44:57,2025-12-28 17:28:30,CW→CC,2025-12-28,,20172,20172
2150,54536683,Concepcion,Cristo Redentor,20183,L2,V1,2025-12-28 19:51:43,2025-12-28 20:40:48,CC→CW,2025-12-28,,20183,20183
2151,54536688,Coronel,Concepcion,20160,L2,V1,2025-12-28 11:20:14,2025-12-28 12:13:42,CW→CC,2025-12-28,,20160,20160
2152,54536688,Concepcion,Coronel,20187,L2,V1,2025-12-28 20:38:46,2025-12-28 21:50:21,CC→CW,2025-12-28,,20187,20187
2153,54536835,Concepcion,Laguna Quinenco,20167,L2,V1,2025-12-28 14:29:59,2025-12-28 15:16:27,CC→CW,2025-12-28,,20167,20167
2154,54536840,Lomas Coloradas,Concepcion,20150,L2,V1,2025-12-28 08:58:49,2025-12-28 09:31:34,CW→CC,2025-12-28,,20150,20150
2155,54537645,Coronel,Concepcion,20154,L2,V1,2025-12-28 09:45:09,2025-12-28 10:32:27,CW→CC,2025-12-28,,20154,20154
2156,54537770,Lomas Coloradas,Concepcion,20166,L2,V1,2025-12-28 14:08:37,2025-12-28 14:32:51,CW→CC,2025-12-28,,20166,20166
2157,54537770,Concepcion,Lomas Coloradas,20177,L2,V1,2025-12-28 18:27:03,2025-12-28 18:51:03,CC→CW,2025-12-28,,20177,20177
2158,54537938,Huinca,Concepcion,20154,L2,V1,2025-12-28 09:39:38,2025-12-28 10:32:25,CW→CC,2025-12-28,,20154,20154
2159,54538135,Concepcion,Cdal. Raul Silva Henriquez,20171,L2,V1,2025-12-28 16:39:24,2025-12-28 17:03:28,CC→CW,2025-12-28,,20171,20171
2160,54538364,Concepcion,Huinca,20177,L2,V1,2025-12-28 17:47:24,2025-12-28 19:07:13,CC→CW,2025-12-28,,20177,20177
2161,54538479,Concepcion,Coronel,20155,L2,V1,2025-12-28 10:32:10,2025-12-28 11:20:37,CC→CW,2025-12-28,,20155,20155
2162,54538719,Diagonal Bio Bio,Concepcion,20154,L2,V1,2025-12-28 10:19:09,2025-12-28 10:33:08,CW→CC,2025-12-28,,20154,20154
2163,54538861,Laguna Quinenco,Huinca,20186,L2,V1,2025-12-28 20:15:46,2025-12-28 20:25:59,CW→CC,2025-12-28,,20186,20186
2164,54539980,Cdal. Raul Silva Henriquez,Laguna Quinenco,20173,L2,V1,2025-12-28 17:48:22,2025-12-28 18:10:35,CC→CW,2025-12-28,,20173,20173
2165,54540083,Concepcion,Huinca,20169,L2,V1,2025-12-28 14:55:55,2025-12-28 16:07:22,CC→CW,2025-12-28,,20169,20169
2166,54540439,Alborada,Juan Pablo II,20160,L2,V1,2025-12-28 11:57:23,2025-12-28 12:06:13,CW→CC,2025-12-28,,20160,20160
2167,54541053,Los Canelos,El Parque,20154,L2,V1,2025-12-28 09:50:01,2025-12-28 10:16:04,CW→CC,2025-12-28,,20154,20154
2168,54541053,El Parque,Los Canelos,20161,L2,V1,2025-12-28 12:20:30,2025-12-28 12:49:11,CC→CW,2025-12-28,,20161,20161
2169,54541058,Coronel,El Parque,20162,L2,V1,2025-12-28 11:51:57,2025-12-28 12:44:14,CW→CC,2025-12-28,,20162,20162
2170,54541058,El Parque,Huinca,20165,L2,V1,2025-12-28 13:30:20,2025-12-28 13:50:53,CC→CW,2025-12-28,,20165,20165
2171,54542906,Huinca,Coronel,20161,L2,V1,2025-12-28 12:41:02,2025-12-28 12:59:34,CC→CW,2025-12-28,,20161,20161
2172,54543006,Diagonal Bio Bio,Costa Mar,20165,L2,V1,2025-12-28 13:21:16,2025-12-28 13:29:26,CC→CW,2025-12-28,,20165,20165
2173,54543105,Hualqui,Mercado,20850,L1,V1,2025-12-28 09:23:22,2025-12-28 10:31:40,HQ→TH,2025-12-28,,20850,20850
2174,54543105,Mercado,Hualqui,20845,L1,V1,2025-12-28 15:55:17,2025-12-28 17:03:13,TH→HQ,2025-12-28,,20845,20845
2175,54543221,Costa Mar,Concepcion,20160,L2,V1,2025-12-28 11:33:39,2025-12-28 12:12:51,CW→CC,2025-12-28,,20160,20160
2176,54543221,Concepcion,Costa Mar,20169,L2,V1,2025-12-28 15:16:00,2025-12-28 16:16:03,CC→CW,2025-12-28,,20169,20169
2177,54543290,Los Canelos,Lomas Coloradas,20186,L2,V1,2025-12-28 20:21:23,2025-12-28 20:38:47,CW→CC,2025-12-28,,20186,20186
2178,54543318,Concepcion,Costa Mar,20179,L2,V1,2025-12-28 18:54:00,2025-12-28 19:17:18,CC→CW,2025-12-28,,20179,20179
2179,54543369,Concepcion,Lomas Coloradas,20155,L2,V1,2025-12-28 09:20:09,2025-12-28 10:57:28,CC→CW,2025-12-28,combo_por_entrada,20155,20155
2180,54543396,Concepcion,Los Canelos,20161,L2,V1,2025-12-28 12:01:03,2025-12-28 12:49:22,CC→CW,2025-12-28,,20161,20161
2181,54543431,Higueras,Manquimavida,20845,L1,V1,2025-12-28 16:07:34,2025-12-28 16:46:43,TH→HQ,2025-12-28,,20845,20845
2182,54544623,Coronel,Diagonal Bio Bio,20182,L2,V1,2025-12-28 18:58:29,2025-12-28 19:51:25,CW→CC,2025-12-28,,20182,20182
2183,54544805,Concepcion,Los Canelos,20171,L2,V1,2025-12-28 16:13:17,2025-12-28 17:13:34,CC→CW,2025-12-28,,20171,20171
2184,54545431,Concepcion,Los Condores,20846,L1,V1,2025-12-28 16:49:47,2025-12-28 17:50:22,HQ→TH,2025-12-28,combo_por_entrada,20846,20846
2185,54545535,Hito Galvarino,Juan Pablo II,20182,L2,V1,2025-12-28 19:11:08,2025-12-28 19:53:23,CW→CC,2025-12-28,,20182,20182
2186,54545547,Concepcion,Cristo Redentor,20183,L2,V1,2025-12-28 19:50:01,2025-12-28 20:41:33,CC→CW,2025-12-28,,20183,20183
2187,54545824,Concepcion,Cdal. Raul Silva Henriquez,20169,L2,V1,2025-12-28 15:14:55,2025-12-28 15:53:21,CC→CW,2025-12-28,,20169,20169
2188,54545824,Cdal. Raul Silva Henriquez,Concepcion,20172,L2,V1,2025-12-28 17:02:18,2025-12-28 17:29:15,CW→CC,2025-12-28,,20172,20172
2189,54545966,Diagonal Bio Bio,Laguna Quinenco,20187,L2,V1,2025-12-28 21:05:03,2025-12-28 21:47:05,CC→CW,2025-12-28,,20187,20187
2190,54546038,Lomas Coloradas,Concepcion,20160,L2,V1,2025-12-28 11:47:42,2025-12-28 12:15:32,CW→CC,2025-12-28,,20160,20160
2191,54546038,Concepcion,Lomas Coloradas,20167,L2,V1,2025-12-28 14:17:57,2025-12-28 14:58:23,CC→CW,2025-12-28,,20167,20167
2192,54546384,Los Canelos,Cristo Redentor,20151,L2,V1,2025-12-28 09:55:50,2025-12-28 10:10:43,CC→CW,2025-12-28,,20151,20151
2193,54546856,Concepcion,Concepcion,,,N/A,2025-12-28 19:04:35,2025-12-28 19:05:09,,2025-12-28,no viajo,,
2194,54547098,Hualqui,Concepcion,20848,L1,V1,2025-12-28 20:22:31,2025-12-28 21:09:39,HQ→TH,2025-12-28,,20848,20848
2195,54547110,Concepcion,Laguna Quinenco,20151,L2,V1,2025-12-28 09:15:02,2025-12-28 10:15:26,CC→CW,2025-12-28,,20151,20151
2196,54547110,Laguna Quinenco,Concepcion,20166,L2,V1,2025-12-28 13:29:58,2025-12-28 14:33:37,CW→CC,2025-12-28,,20166,20166
2197,54547178,Hito Galvarino,Concepcion,20178,L2,V1,2025-12-28 18:06:57,2025-12-28 18:59:00,CW→CC,2025-12-28,,20178,20178
2198,54547744,El Parque,Laguna Quinenco,20177,L2,V1,2025-12-28 18:40:42,2025-12-28 19:12:46,CC→CW,2025-12-28,,20177,20177
2199,54547954,Manquimavida,Concepcion,20850,L1,V1,2025-12-28 09:37:57,2025-12-28 10:08:31,HQ→TH,2025-12-28,,20850,20850
2200,54548514,Concepcion,El Parque,20179,L2,V1,2025-12-28 18:38:40,2025-12-28 19:19:47,CC→CW,2025-12-28,,20179,20179
2201,54549328,Lomas Coloradas,Concepcion,20172,L2,V1,2025-12-28 17:02:10,2025-12-28 17:29:29,CW→CC,2025-12-28,,20172,20172
2202,54549839,Cristo Redentor,Laguna Quinenco,20169,L2,V1,2025-12-28 15:43:37,2025-12-28 16:13:42,CC→CW,2025-12-28,,20169,20169
2203,54549839,Laguna Quinenco,Huinca,20186,L2,V1,2025-12-28 20:13:33,2025-12-28 20:24:21,CW→CC,2025-12-28,,20186,20186
2204,54550095,Laguna Quinenco,Concepcion,20150,L2,V1,2025-12-28 08:40:35,2025-12-28 18:42:28,CW→CC,2025-12-28,,20150,20150
2205,54550095,Concepcion,Los Canelos,20179,L2,V1,2025-12-28 18:42:36,2025-12-28 19:35:47,CC→CW,2025-12-28,,20179,20179
2206,54551383,Concepcion,Hualqui,20845,L1,V1,2025-12-28 16:18:43,2025-12-28 17:01:09,TH→HQ,2025-12-28,,20845,20845
2207,54551770,Hito Galvarino,Juan Pablo II,20156,L2,V1,2025-12-28 10:46:19,2025-12-28 11:12:10,CW→CC,2025-12-28,,20156,20156
2208,54551942,Hito Galvarino,Costa Mar,20166,L2,V1,2025-12-28 13:43:11,2025-12-28 14:18:14,CW→CC,2025-12-28,,20166,20166
2209,54552768,Los Canelos,Concepcion,20170,L2,V1,2025-12-28 15:37:29,2025-12-28 16:22:36,CW→CC,2025-12-28,,20170,20170
2210,54553256,Coronel,Concepcion,20156,L2,V1,2025-12-28 10:32:07,2025-12-28 11:18:56,CW→CC,2025-12-28,,20156,20156
2211,54553298,Cristo Redentor,Coronel,20171,L2,V1,2025-12-28 16:47:00,2025-12-28 17:23:48,CC→CW,2025-12-28,,20171,20171
2212,54556927,Cristo Redentor,Diagonal Bio Bio,20162,L2,V1,2025-12-28 12:20:40,2025-12-28 12:49:51,CW→CC,2025-12-28,,20162,20162
2213,54556927,Diagonal Bio Bio,Cristo Redentor,20183,L2,V1,2025-12-28 20:01:34,2025-12-28 20:41:27,CC→CW,2025-12-28,,20183,20183
2214,54556975,Cristo Redentor,El Parque,20168,L2,V1,2025-12-28 14:35:29,2025-12-28 15:14:09,CW→CC,2025-12-28,,20168,20168
2215,54556975,El Parque,Cristo Redentor,20177,L2,V1,2025-12-28 18:38:20,2025-12-28 19:10:53,CC→CW,2025-12-28,,20177,20177
2216,54557236,Lomas Coloradas,Concepcion,20154,L2,V1,2025-12-28 09:57:37,2025-12-28 10:32:22,CW→CC,2025-12-28,,20154,20154
2217,54558012,El Parque,Laguna Quinenco,20183,L2,V1,2025-12-28 20:09:23,2025-12-28 20:43:50,CC→CW,2025-12-28,,20183,20183
2218,54558047,El Parque,Huinca,20187,L2,V1,2025-12-28 20:53:00,2025-12-28 21:43:23,CC→CW,2025-12-28,,20187,20187
2219,54558482,Los Canelos,Concepcion,20172,L2,V1,2025-12-28 16:46:16,2025-12-28 17:28:37,CW→CC,2025-12-28,,20172,20172
2220,54558482,Concepcion,Los Canelos,20183,L2,V1,2025-12-28 19:55:02,2025-12-28 20:36:18,CC→CW,2025-12-28,,20183,20183
2221,54558721,Cdal. Raul Silva Henriquez,Concepcion,20154,L2,V1,2025-12-28 10:05:43,2025-12-28 10:34:42,CW→CC,2025-12-28,,20154,20154
2222,54558721,Concepcion,Cdal. Raul Silva Henriquez,20171,L2,V1,2025-12-28 16:24:58,2025-12-28 17:04:51,CC→CW,2025-12-28,,20171,20171
2223,54559410,Lomas Coloradas,Coronel,20169,L2,V1,2025-12-28 15:43:21,2025-12-28 16:15:24,CC→CW,2025-12-28,,20169,20169
2224,54560012,Lomas Coloradas,Costa Mar,20168,L2,V1,2025-12-28 15:06:41,2025-12-28 15:14:32,CW→CC,2025-12-28,,20168,20168
2225,54560012,Costa Mar,Lomas Coloradas,20171,L2,V1,2025-12-28 16:40:06,2025-12-28 17:00:43,CC→CW,2025-12-28,,20171,20171
2226,54561089,Juan Pablo II,Lomas Coloradas,20167,L2,V1,2025-12-28 14:25:46,2025-12-28 14:56:55,CC→CW,2025-12-28,,20167,20167
2227,54561767,Huinca,Juan Pablo II,20154,L2,V1,2025-12-28 09:06:36,2025-12-28 10:27:12,CW→CC,2025-12-28,,20154,20154
2228,54561767,Juan Pablo II,Huinca,20177,L2,V1,2025-12-28 18:19:07,2025-12-28 19:07:45,CC→CW,2025-12-28,,20177,20177
2229,54561912,Lomas Coloradas,Concepcion,20182,L2,V1,2025-12-28 19:34:49,2025-12-28 20:00:02,CW→CC,2025-12-28,,20182,20182
2230,54562005,Coronel,Costa Mar,20154,L2,V1,2025-12-28 09:47:04,2025-12-28 10:18:30,CW→CC,2025-12-28,,20154,20154
2231,54562005,Costa Mar,Coronel,20183,L2,V1,2025-12-28 19:25:07,2025-12-28 20:46:46,CC→CW,2025-12-28,,20183,20183
2232,54562243,Los Canelos,El Parque,20172,L2,V1,2025-12-28 16:49:00,2025-12-28 17:12:53,CW→CC,2025-12-28,,20172,20172
2233,54562243,El Parque,Cdal. Raul Silva Henriquez,20179,L2,V1,2025-12-28 19:14:46,2025-12-28 19:25:36,CC→CW,2025-12-28,,20179,20179
2234,54562243,Lomas Coloradas,Los Canelos,20187,L2,V1,2025-12-28 21:15:41,2025-12-28 21:40:59,CC→CW,2025-12-28,,20187,20187
2235,54562331,Cdal. Raul Silva Henriquez,Juan Pablo II,20178,L2,V1,2025-12-28 18:25:48,2025-12-28 18:52:08,CW→CC,2025-12-28,,20178,20178
2236,54562790,Huinca,Lomas Coloradas,20178,L2,V1,2025-12-28 18:19:13,2025-12-28 18:38:19,CW→CC,2025-12-28,,20178,20178
2237,54562826,Costa Mar,Concepcion,20172,L2,V1,2025-12-28 16:53:49,2025-12-28 17:30:57,CW→CC,2025-12-28,,20172,20172
2238,54562826,Concepcion,Concepcion,,,N/A,2025-12-28 20:08:25,2025-12-28 20:09:30,,2025-12-28,no viajo,,
2239,54563466,Hualqui,Lzo. Arenas,20846,L1,V1,2025-12-28 16:42:00,2025-12-28 17:46:15,HQ→TH,2025-12-28,,20846,20846
2240,54563612,Diagonal Bio Bio,Los Canelos,20169,L2,V1,2025-12-28 15:21:15,2025-12-28 16:03:15,CC→CW,2025-12-28,,20169,20169
2241,54563721,Costa Mar,Coronel,20157,L2,V1,2025-12-28 11:34:21,2025-12-28 12:14:39,CC→CW,2025-12-28,,20157,20157
2242,54563721,Coronel,Diagonal Bio Bio,20182,L2,V1,2025-12-28 19:16:34,2025-12-28 19:51:05,CW→CC,2025-12-28,,20182,20182
2243,54563753,Concepcion,Cristo Redentor,20183,L2,V1,2025-12-28 19:25:52,2025-12-28 20:41:23,CC→CW,2025-12-28,,20183,20183
2244,54563804,Lomas Coloradas,Concepcion,20168,L2,V1,2025-12-28 14:56:14,2025-12-28 15:29:25,CW→CC,2025-12-28,,20168,20168
2245,54563804,Concepcion,Lomas Coloradas,20183,L2,V1,2025-12-28 19:58:34,2025-12-28 20:23:51,CC→CW,2025-12-28,,20183,20183
2246,54563944,Cristo Redentor,Alborada,20162,L2,V1,2025-12-28 12:16:45,2025-12-28 12:47:37,CW→CC,2025-12-28,,20162,20162
2247,54564449,Coronel,Concepcion,20160,L2,V1,2025-12-28 11:13:53,2025-12-28 12:12:51,CW→CC,2025-12-28,,20160,20160
2248,54564625,Concepcion,Cdal. Raul Silva Henriquez,20165,L2,V1,2025-12-28 12:15:18,2025-12-28 13:39:16,CC→CW,2025-12-28,combo_por_entrada,20165,20165
2249,54565230,Diagonal Bio Bio,Lomas Coloradas,20167,L2,V1,2025-12-28 14:45:37,2025-12-28 14:56:48,CC→CW,2025-12-28,,20167,20167
2250,54565238,Costa Mar,Cdal. Raul Silva Henriquez,20151,L2,V1,2025-12-28 09:44:37,2025-12-28 10:10:17,CC→CW,2025-12-28,,20151,20151
2251,54565521,El Parque,Concepcion,20176,L2,V1,2025-12-28 17:32:50,2025-12-28 18:26:48,CW→CC,2025-12-28,,20176,20176
2252,54565708,Coronel,Concepcion,20162,L2,V1,2025-12-28 12:02:54,2025-12-28 12:59:51,CW→CC,2025-12-28,,20162,20162
2253,54566082,Hito Galvarino,Coronel,20173,L2,V1,2025-12-28 17:42:10,2025-12-28 18:13:07,CC→CW,2025-12-28,,20173,20173
2254,54566402,Costa Mar,Concepcion,20172,L2,V1,2025-12-28 17:03:35,2025-12-28 17:56:25,CW→CC,2025-12-28,combo_por_entrada,20172,20172
2255,54567151,Hualqui,Concepcion,,,N/A,2025-12-28 09:36:29,2025-12-28 10:08:19,,2025-12-28,sin_combo_factible_en_hub|sin_s1_factible_retro,,
2256,54567331,Cdal. Raul Silva Henriquez,Concepcion,20170,L2,V1,2025-12-28 15:50:11,2025-12-28 16:24:11,CW→CC,2025-12-28,,20170,20170
2257,54567331,Concepcion,Cdal. Raul Silva Henriquez,20187,L2,V1,2025-12-28 20:38:08,2025-12-28 21:33:22,CC→CW,2025-12-28,,20187,20187
2258,54567528,Concepcion,Lomas Coloradas,20179,L2,V1,2025-12-28 18:56:41,2025-12-28 19:25:09,CC→CW,2025-12-28,,20179,20179
2259,54567960,El Parque,Hito Galvarino,20171,L2,V1,2025-12-28 16:25:53,2025-12-28 17:11:28,CC→CW,2025-12-28,,20171,20171
2260,54568101,El Parque,Diagonal Bio Bio,20162,L2,V1,2025-12-28 12:30:19,2025-12-28 12:49:49,CW→CC,2025-12-28,,20162,20162
2261,54568650,Hito Galvarino,Concepcion,20168,L2,V1,2025-12-28 14:59:01,2025-12-28 15:27:52,CW→CC,2025-12-28,,20168,20168
2262,54569392,Huinca,Concepcion,20178,L2,V1,2025-12-28 18:21:05,2025-12-28 19:02:37,CW→CC,2025-12-28,,20178,20178
2263,54570652,Lomas Coloradas,Laguna Quinenco,20155,L2,V1,2025-12-28 10:50:33,2025-12-28 11:17:29,CC→CW,2025-12-28,,20155,20155
2264,54570652,Laguna Quinenco,Lomas Coloradas,20162,L2,V1,2025-12-28 12:06:49,2025-12-28 12:39:09,CW→CC,2025-12-28,,20162,20162
2265,54570706,Los Canelos,Coronel,20171,L2,V1,2025-12-28 17:11:10,2025-12-28 17:23:37,CC→CW,2025-12-28,,20171,20171
2266,54571203,Cdal. Raul Silva Henriquez,Hito Galvarino,20157,L2,V1,2025-12-28 11:48:09,2025-12-28 12:00:15,CC→CW,2025-12-28,,20157,20157
2267,54571560,Cdal. Raul Silva Henriquez,Concepcion,20172,L2,V1,2025-12-28 16:53:43,2025-12-28 17:28:58,CW→CC,2025-12-28,,20172,20172
2268,54571560,Concepcion,Cdal. Raul Silva Henriquez,20179,L2,V1,2025-12-28 18:40:00,2025-12-28 19:25:55,CC→CW,2025-12-28,,20179,20179
2269,54571561,Concepcion,Laguna Quinenco,20155,L2,V1,2025-12-28 10:29:23,2025-12-28 11:17:30,CC→CW,2025-12-28,,20155,20155
2270,54572004,Concepcion,Coronel,20179,L2,V1,2025-12-28 18:40:22,2025-12-28 19:46:08,CC→CW,2025-12-28,,20179,20179
2271,54572317,Lomas Coloradas,Huinca,20183,L2,V1,2025-12-28 20:21:43,2025-12-28 20:39:03,CC→CW,2025-12-28,,20183,20183
2272,54572642,Laguna Quinenco,Concepcion,20172,L2,V1,2025-12-28 16:35:40,2025-12-28 17:49:20,CW→CC,2025-12-28,combo_por_entrada,20172,20846
2273,54573068,Laguna Quinenco,Concepcion,20182,L2,V1,2025-12-28 19:16:16,2025-12-28 20:01:38,CW→CC,2025-12-28,,20182,20182
2274,54573376,Los Canelos,Lomas Coloradas,20154,L2,V1,2025-12-28 09:54:37,2025-12-28 10:13:37,CW→CC,2025-12-28,,20154,20154
2275,54573376,Lomas Coloradas,Los Canelos,20167,L2,V1,2025-12-28 14:50:04,2025-12-28 15:09:50,CC→CW,2025-12-28,,20167,20167
2276,54573777,Concepcion,Cdal. Raul Silva Henriquez,20179,L2,V1,2025-12-28 18:48:48,2025-12-28 19:25:45,CC→CW,2025-12-28,,20179,20179
2277,54574227,Los Canelos,Coronel,20167,L2,V1,2025-12-28 15:07:20,2025-12-28 15:21:01,CC→CW,2025-12-28,,20167,20167
2278,54574244,Los Canelos,Diagonal Bio Bio,20162,L2,V1,2025-12-28 12:19:06,2025-12-28 12:50:04,CW→CC,2025-12-28,,20162,20162
2279,54574244,Concepcion,Los Canelos,20187,L2,V1,2025-12-28 20:47:22,2025-12-28 21:41:30,CC→CW,2025-12-28,,20187,20187
2280,54574273,Huinca,Cristo Redentor,20151,L2,V1,2025-12-28 09:57:44,2025-12-28 10:10:51,CC→CW,2025-12-28,,20151,20151
2281,54574637,Lomas Coloradas,Los Canelos,20173,L2,V1,2025-12-28 17:49:13,2025-12-28 18:05:47,CC→CW,2025-12-28,,20173,20173
2282,54574880,Concepcion,El Parque,20151,L2,V1,2025-12-28 09:19:53,2025-12-28 09:51:16,CC→CW,2025-12-28,,20151,20151
2283,54574880,El Parque,Concepcion,20156,L2,V1,2025-12-28 10:51:27,2025-12-28 11:18:13,CW→CC,2025-12-28,,20156,20156
2284,54575845,Concepcion,Coronel,20157,L2,V1,2025-12-28 11:06:37,2025-12-28 12:14:46,CC→CW,2025-12-28,,20157,20157
2285,54575845,Coronel,Concepcion,20182,L2,V1,2025-12-28 18:39:52,2025-12-28 20:02:16,CW→CC,2025-12-28,,20182,20182
2286,54576162,Los Canelos,El Parque,20170,L2,V1,2025-12-28 15:47:38,2025-12-28 16:07:21,CW→CC,2025-12-28,,20170,20170
2287,54576162,El Parque,Los Canelos,20187,L2,V1,2025-12-28 21:19:53,2025-12-28 21:42:09,CC→CW,2025-12-28,,20187,20187
2288,54576174,Juan Pablo II,Lomas Coloradas,20167,L2,V1,2025-12-28 14:42:49,2025-12-28 14:58:58,CC→CW,2025-12-28,,20167,20167
2289,54576284,Cdal. Raul Silva Henriquez,El Parque,20160,L2,V1,2025-12-28 11:38:36,2025-12-28 11:56:39,CW→CC,2025-12-28,,20160,20160
2290,54577248,Los Canelos,Diagonal Bio Bio,20160,L2,V1,2025-12-28 11:40:24,2025-12-28 12:04:30,CW→CC,2025-12-28,,20160,20160
2291,54577663,Cristo Redentor,Alborada,20176,L2,V1,2025-12-28 17:30:09,2025-12-28 18:14:41,CW→CC,2025-12-28,,20176,20176
2292,54578145,Laguna Quinenco,Concepcion,20162,L2,V1,2025-12-28 12:14:45,2025-12-28 13:02:20,CW→CC,2025-12-28,,20162,20162
2293,54578542,Concepcion,Lomas Coloradas,20161,L2,V1,2025-12-28 11:48:13,2025-12-28 12:36:31,CC→CW,2025-12-28,,20161,20161
2294,54578542,Lomas Coloradas,Concepcion,20182,L2,V1,2025-12-28 19:34:52,2025-12-28 20:00:07,CW→CC,2025-12-28,,20182,20182
2295,54580274,Concepcion,Los Canelos,20167,L2,V1,2025-12-28 14:34:09,2025-12-28 15:09:01,CC→CW,2025-12-28,,20167,20167
2296,54580601,Concepcion,Lzo. Arenas,20846,L1,V1,2025-12-28 17:00:20,2025-12-28 17:42:58,HQ→TH,2025-12-28,combo_por_entrada,20846,20846
2297,54580732,Los Canelos,El Parque,20150,L2,V1,2025-12-28 08:52:33,2025-12-28 09:14:07,CW→CC,2025-12-28,,20150,20150
2298,54580732,El Parque,Los Canelos,20183,L2,V1,2025-12-28 20:15:06,2025-12-28 20:36:11,CC→CW,2025-12-28,,20183,20183
2299,54580749,Juan Pablo II,Coronel,20173,L2,V1,2025-12-28 17:35:31,2025-12-28 18:12:58,CC→CW,2025-12-28,,20173,20173
2300,54580784,Lomas Coloradas,Concepcion,20150,L2,V1,2025-12-28 08:57:45,2025-12-28 09:31:09,CW→CC,2025-12-28,,20150,20150
2301,54580784,Concepcion,Lomas Coloradas,20167,L2,V1,2025-12-28 14:11:31,2025-12-28 14:57:37,CC→CW,2025-12-28,,20167,20167
2302,54580910,Cristo Redentor,Concepcion,20150,L2,V1,2025-12-28 08:33:14,2025-12-28 09:31:03,CW→CC,2025-12-28,,20150,20150
2303,54581015,El Parque,Cristo Redentor,20165,L2,V1,2025-12-28 13:30:26,2025-12-28 13:53:02,CC→CW,2025-12-28,,20165,20165
2304,54581015,Laguna Quinenco,El Parque,20186,L2,V1,2025-12-28 19:58:11,2025-12-28 20:42:02,CW→CC,2025-12-28,,20186,20186
2305,54581048,El Parque,Hito Galvarino,20165,L2,V1,2025-12-28 13:22:27,2025-12-28 13:44:37,CC→CW,2025-12-28,,20165,20165
2306,54581106,Concepcion,Cristo Redentor,20187,L2,V1,2025-12-28 20:54:29,2025-12-28 21:45:13,CC→CW,2025-12-28,,20187,20187
2307,54581137,Hualqui,El Arenal,20848,L1,V1,2025-12-28 20:15:31,2025-12-28 21:28:52,HQ→TH,2025-12-28,,20848,20848
2308,54581285,Huinca,Concepcion,20168,L2,V1,2025-12-28 14:37:07,2025-12-28 15:28:47,CW→CC,2025-12-28,,20168,20168
2309,54581403,Diagonal Bio Bio,Laguna Quinenco,20169,L2,V1,2025-12-28 15:26:54,2025-12-28 16:12:48,CC→CW,2025-12-28,,20169,20169
2310,54581403,Laguna Quinenco,Juan Pablo II,20176,L2,V1,2025-12-28 17:22:34,2025-12-28 18:20:23,CW→CC,2025-12-28,,20176,20176
2311,54581725,Costa Mar,Hito Galvarino,20169,L2,V1,2025-12-28 15:34:21,2025-12-28 15:59:26,CC→CW,2025-12-28,,20169,20169
2312,54581762,Lomas Coloradas,Concepcion,20168,L2,V1,2025-12-28 15:01:36,2025-12-28 15:28:06,CW→CC,2025-12-28,,20168,20168
2313,54582171,Lomas Coloradas,Concepcion,20154,L2,V1,2025-12-28 09:57:37,2025-12-28 10:32:24,CW→CC,2025-12-28,,20154,20154
2314,54582186,La Leonera,Concepcion,20846,L1,V1,2025-12-28 16:58:39,2025-12-28 17:37:04,HQ→TH,2025-12-28,,20846,20846
2315,54582362,Concepcion,Los Canelos,20161,L2,V1,2025-12-28 11:47:51,2025-12-28 12:49:28,CC→CW,2025-12-28,,20161,20161
2316,54582637,Cdal. Raul Silva Henriquez,Los Canelos,20165,L2,V1,2025-12-28 13:37:42,2025-12-28 13:47:58,CC→CW,2025-12-28,,20165,20165
2317,54582905,Coronel,Concepcion,20162,L2,V1,2025-12-28 12:07:10,2025-12-28 12:59:31,CW→CC,2025-12-28,,20162,20162
2318,54583436,Cdal. Raul Silva Henriquez,Huinca,20151,L2,V1,2025-12-28 09:43:52,2025-12-28 10:09:45,CC→CW,2025-12-28,,20151,20151
2319,54583436,Huinca,Cdal. Raul Silva Henriquez,20176,L2,V1,2025-12-28 17:45:29,2025-12-28 18:04:28,CW→CC,2025-12-28,,20176,20176
2320,54583447,Coronel,Concepcion,20178,L2,V1,2025-12-28 17:59:00,2025-12-28 18:59:26,CW→CC,2025-12-28,,20178,20178
2321,54583670,Laguna Quinenco,Concepcion,,,N/A,2025-12-28 17:55:59,2025-12-28 18:46:12,,2025-12-28,sin_combo_factible_en_hub|sin_s1_factible_retro,,
2322,54584043,Costa Mar,Concepcion,20186,L2,V1,2025-12-28 20:29:22,2025-12-28 21:00:08,CW→CC,2025-12-28,,20186,20186
2323,54584111,Lomas Coloradas,Concepcion,20150,L2,V1,2025-12-28 09:08:23,2025-12-28 10:30:55,CW→CC,2025-12-28,combo_por_entrada,20150,20150
2324,54584111,Concepcion,Lomas Coloradas,20165,L2,V1,2025-12-28 12:28:45,2025-12-28 13:35:07,CC→CW,2025-12-28,combo_por_entrada,20165,20165
2325,54584782,Juan Pablo II,El Parque,20161,L2,V1,2025-12-28 12:15:25,2025-12-28 12:34:23,CC→CW,2025-12-28,,20161,20161
2326,54584782,El Parque,Diagonal Bio Bio,20166,L2,V1,2025-12-28 14:05:02,2025-12-28 14:23:50,CW→CC,2025-12-28,,20166,20166
2327,54584863,El Parque,Lomas Coloradas,20183,L2,V1,2025-12-28 20:05:23,2025-12-28 20:22:35,CC→CW,2025-12-28,,20183,20183
2328,54584941,Coronel,El Parque,20154,L2,V1,2025-12-28 09:39:07,2025-12-28 10:17:09,CW→CC,2025-12-28,,20154,20154
2329,54584941,El Parque,Coronel,20157,L2,V1,2025-12-28 11:31:13,2025-12-28 12:15:37,CC→CW,2025-12-28,,20157,20157
2330,54584961,Coronel,Juan Pablo II,20150,L2,V1,2025-12-28 08:32:53,2025-12-28 09:23:40,CW→CC,2025-12-28,,20150,20150
2331,54584967,Coronel,Cdal. Raul Silva Henriquez,20182,L2,V1,2025-12-28 19:09:13,2025-12-28 19:38:39,CW→CC,2025-12-28,,20182,20182
2332,54585476,Concepcion,Juan Pablo II,20171,L2,V1,2025-12-28 16:31:11,2025-12-28 16:47:22,CC→CW,2025-12-28,,20171,20171
2333,54585481,Cdal. Raul Silva Henriquez,Concepcion,20162,L2,V1,2025-12-28 12:26:17,2025-12-28 13:00:25,CW→CC,2025-12-28,,20162,20162
2334,54586230,Costa Mar,Concepcion,20150,L2,V1,2025-12-28 09:12:09,2025-12-28 09:30:19,CW→CC,2025-12-28,,20150,20150
2335,54586230,Concepcion,Costa Mar,20165,L2,V1,2025-12-28 12:55:16,2025-12-28 13:29:31,CC→CW,2025-12-28,,20165,20165
2336,54586641,Hualqui,Concepcion,20846,L1,V1,2025-12-28 16:56:22,2025-12-28 17:36:28,HQ→TH,2025-12-28,,20846,20846
2337,54587605,Juan Pablo II,Coronel,20179,L2,V1,2025-12-28 18:48:57,2025-12-28 19:45:40,CC→CW,2025-12-28,,20179,20179
2338,54587654,Concepcion,Coronel,20155,L2,V1,2025-12-28 09:41:03,2025-12-28 11:19:28,CC→CW,2025-12-28,,20155,20155
2339,54587709,Laguna Quinenco,El Parque,20166,L2,V1,2025-12-28 13:42:48,2025-12-28 14:15:49,CW→CC,2025-12-28,,20166,20166
2340,54587709,El Parque,Laguna Quinenco,20171,L2,V1,2025-12-28 16:57:38,2025-12-28 18:10:29,CC→CW,2025-12-28,,20171,20171
2341,54587758,Concepcion,Hualqui,20847,L1,V1,2025-12-28 20:17:52,2025-12-28 21:01:18,TH→HQ,2025-12-28,,20847,20847
2342,54587767,Cristo Redentor,Concepcion,20154,L2,V1,2025-12-28 09:28:19,2025-12-28 10:33:33,CW→CC,2025-12-28,,20154,20154
2343,54588195,Coronel,Diagonal Bio Bio,20162,L2,V1,2025-12-28 12:02:17,2025-12-28 12:49:57,CW→CC,2025-12-28,,20162,20162
2344,54588195,Juan Pablo II,Coronel,20183,L2,V1,2025-12-28 19:56:56,2025-12-28 20:47:34,CC→CW,2025-12-28,,20183,20183
2345,54588316,Lomas Coloradas,Concepcion,20166,L2,V1,2025-12-28 14:09:49,2025-12-28 14:32:57,CW→CC,2025-12-28,,20166,20166
2346,54588440,Cristo Redentor,Concepcion,20168,L2,V1,2025-12-28 14:34:58,2025-12-28 15:27:59,CW→CC,2025-12-28,,20168,20168
2347,54588476,Concepcion,Chiguayante,20845,L1,V1,2025-12-28 15:45:24,2025-12-28 16:40:07,TH→HQ,2025-12-28,,20845,20845
2348,54588497,UTF Santa Maria,Hualqui,20847,L1,V1,2025-12-28 20:08:46,2025-12-28 21:01:24,TH→HQ,2025-12-28,,20847,20847
2349,54588844,Los Canelos,Concepcion,20156,L2,V1,2025-12-28 10:37:04,2025-12-28 11:17:51,CW→CC,2025-12-28,,20156,20156
2350,54588844,Concepcion,Los Canelos,20165,L2,V1,2025-12-28 12:49:42,2025-12-28 13:48:08,CC→CW,2025-12-28,,20165,20165
2351,54588844,Los Canelos,Concepcion,20170,L2,V1,2025-12-28 15:41:58,2025-12-28 16:26:24,CW→CC,2025-12-28,,20170,20170
2352,54588844,Concepcion,Los Canelos,20177,L2,V1,2025-12-28 18:21:15,2025-12-28 19:04:25,CC→CW,2025-12-28,,20177,20177
2353,54588859,Concepcion,Los Condores,20846,L1,V1,2025-12-28 17:01:32,2025-12-28 17:50:24,HQ→TH,2025-12-28,combo_por_entrada,20846,20846
2354,54588982,Cristo Redentor,Alborada,20176,L2,V1,2025-12-28 17:29:47,2025-12-28 18:14:35,CW→CC,2025-12-28,,20176,20176
2355,54589237,Alborada,Lomas Coloradas,20187,L2,V1,2025-12-28 21:04:40,2025-12-28 21:28:46,CC→CW,2025-12-28,,20187,20187
2356,54589675,Hito Galvarino,Concepcion,20162,L2,V1,2025-12-28 12:17:14,2025-12-28 13:00:17,CW→CC,2025-12-28,,20162,20162
2357,54590574,Cristo Redentor,Concepcion,20182,L2,V1,2025-12-28 18:58:13,2025-12-28 20:01:06,CW→CC,2025-12-28,,20182,20182
2358,54590675,Cristo Redentor,Concepcion,20156,L2,V1,2025-12-28 10:29:18,2025-12-28 11:18:18,CW→CC,2025-12-28,,20156,20156
2359,54591239,Concepcion,Costa Mar,20187,L2,V1,2025-12-28 20:25:13,2025-12-28 21:24:07,CC→CW,2025-12-28,,20187,20187
2360,54591509,El Parque,Laguna Quinenco,20169,L2,V1,2025-12-28 15:44:42,2025-12-28 16:12:06,CC→CW,2025-12-28,,20169,20169
2361,54591684,Concepcion,Laguna Quinenco,20179,L2,V1,2025-12-28 18:36:58,2025-12-28 19:43:17,CC→CW,2025-12-28,,20179,20177
2362,54591715,Cdal. Raul Silva Henriquez,El Parque,20160,L2,V1,2025-12-28 11:44:22,2025-12-28 11:56:49,CW→CC,2025-12-28,,20160,20160
2363,54591715,El Parque,Cdal. Raul Silva Henriquez,20161,L2,V1,2025-12-28 12:21:31,2025-12-28 12:39:22,CC→CW,2025-12-28,,20161,20161
2364,54592213,Cristo Redentor,Concepcion,20166,L2,V1,2025-12-28 13:44:03,2025-12-28 14:34:38,CW→CC,2025-12-28,,20166,20166
2365,54592213,Concepcion,Lomas Coloradas,20183,L2,V1,2025-12-28 19:45:56,2025-12-28 20:23:29,CC→CW,2025-12-28,,20183,20183
2366,54592368,Coronel,Laguna Quinenco,20182,L2,V1,2025-12-28 19:15:54,2025-12-28 19:21:22,CW→CC,2025-12-28,,20182,20182
2367,54592391,Concepcion,UTF Santa Maria,20848,L1,V2,2025-12-28 19:15:02,2025-12-28 21:17:32,,2025-12-28,sin_combo_factible_en_hub|sin_s1_factible_retro,,20848
2368,54592537,Los Condores,Chiguayante,20857,L1,V1,2025-12-28 08:35:28,2025-12-28 09:09:47,TH→HQ,2025-12-28,,20857,20857
2369,54592537,Chiguayante,Los Condores,20848,L1,V1,2025-12-28 20:30:15,2025-12-28 21:21:04,HQ→TH,2025-12-28,,20848,20848
2370,54592622,Huinca,Lomas Coloradas,20186,L2,V1,2025-12-28 20:14:44,2025-12-28 20:39:03,CW→CC,2025-12-28,,20186,20186
2371,54592635,Los Canelos,Coronel,20151,L2,V1,2025-12-28 10:00:50,2025-12-28 10:17:17,CC→CW,2025-12-28,,20151,20151
2372,54592872,Alborada,Concepcion,20166,L2,V1,2025-12-28 14:06:35,2025-12-28 14:32:59,CW→CC,2025-12-28,,20166,20166
2373,54592872,Concepcion,Alborada,20169,L2,V1,2025-12-28 14:58:55,2025-12-28 15:42:29,CC→CW,2025-12-28,,20169,20169
2374,54594528,Cristo Redentor,Juan Pablo II,20172,L2,V1,2025-12-28 16:39:02,2025-12-28 17:22:02,CW→CC,2025-12-28,,20172,20172
2375,54594804,Lomas Coloradas,Concepcion,20150,L2,V1,2025-12-28 08:55:14,2025-12-28 10:19:54,CW→CC,2025-12-28,,20150,20150
2376,54595096,Cristo Redentor,Concepcion,20166,L2,V1,2025-12-28 13:53:48,2025-12-28 14:32:48,CW→CC,2025-12-28,,20166,20166
2377,54595330,Concepcion,Huinca,20179,L2,V1,2025-12-28 18:36:01,2025-12-28 19:38:18,CC→CW,2025-12-28,,20179,20177
2378,54595941,El Parque,Huinca,20173,L2,V1,2025-12-28 17:37:30,2025-12-28 18:06:27,CC→CW,2025-12-28,,20173,20173
2379,54596137,Los Canelos,El Parque,20156,L2,V1,2025-12-28 10:39:25,2025-12-28 10:59:48,CW→CC,2025-12-28,,20156,20156
2380,54596137,El Parque,Los Canelos,20165,L2,V1,2025-12-28 13:19:31,2025-12-28 13:48:09,CC→CW,2025-12-28,,20165,20165
2381,54596343,Costa Mar,Laguna Quinenco,20167,L2,V1,2025-12-28 14:46:05,2025-12-28 15:17:23,CC→CW,2025-12-28,,20167,20167
2382,54596483,Hito Galvarino,Laguna Quinenco,20157,L2,V1,2025-12-28 11:28:48,2025-12-28 12:12:13,CC→CW,2025-12-28,,20157,20157
2383,54596590,Huinca,Concepcion,20154,L2,V1,2025-12-28 09:24:12,2025-12-28 10:33:43,CW→CC,2025-12-28,,20154,20154
2384,54596604,Hualqui,Lzo. Arenas,20844,L1,V1,2025-12-28 12:13:13,2025-12-28 13:09:19,HQ→TH,2025-12-28,,20844,20844
2385,54597042,Concepcion,Cdal. Raul Silva Henriquez,20177,L2,V1,2025-12-28 18:22:46,2025-12-28 18:55:40,CC→CW,2025-12-28,,20177,20177
2386,54597104,Concepcion,El Parque,20169,L2,V1,2025-12-28 15:24:23,2025-12-28 15:48:08,CC→CW,2025-12-28,,20169,20169
2387,54597104,El Parque,Concepcion,20172,L2,V1,2025-12-28 16:56:54,2025-12-28 17:31:43,CW→CC,2025-12-28,,20172,20172
2388,54597535,Juan Pablo II,Cdal. Raul Silva Henriquez,20187,L2,V1,2025-12-28 21:11:36,2025-12-28 21:33:43,CC→CW,2025-12-28,,20187,20187
2389,54597572,Concepcion,Lzo. Arenas,20844,L1,V1,2025-12-28 12:32:42,2025-12-28 13:09:26,HQ→TH,2025-12-28,combo_relajado_pase1,20844,20844
2390,54597803,Laguna Quinenco,Coronel,20171,L2,V1,2025-12-28 16:45:34,2025-12-28 17:24:11,CC→CW,2025-12-28,,20171,20171
2391,54597876,Mercado,Hualqui,20859,L1,V1,2025-12-28 12:12:44,2025-12-28 13:30:10,TH→HQ,2025-12-28,,20859,20859
2392,54598418,El Parque,Alborada,20162,L2,V1,2025-12-28 12:30:43,2025-12-28 12:47:08,CW→CC,2025-12-28,,20162,20162
2393,54598700,Los Canelos,Concepcion,20166,L2,V1,2025-12-28 13:53:30,2025-12-28 14:39:03,CW→CC,2025-12-28,,20166,20166
2394,54598700,Concepcion,Los Canelos,20171,L2,V1,2025-12-28 16:30:58,2025-12-28 17:13:46,CC→CW,2025-12-28,,20171,20171
2395,54598936,Los Canelos,Laguna Quinenco,20183,L2,V1,2025-12-28 20:17:46,2025-12-28 20:44:04,CC→CW,2025-12-28,,20183,20183
2396,54599183,Laguna Quinenco,Concepcion,20178,L2,V1,2025-12-28 18:16:31,2025-12-28 19:04:28,CW→CC,2025-12-28,,20178,20178
2397,54599273,Laguna Quinenco,Concepcion,20162,L2,V1,2025-12-28 12:04:12,2025-12-28 13:03:50,CW→CC,2025-12-28,,20162,20162
2398,54599374,Concepcion,Los Canelos,20177,L2,V1,2025-12-28 17:59:28,2025-12-28 19:05:02,CC→CW,2025-12-28,,20177,20177
2399,54599467,Diagonal Bio Bio,Lomas Coloradas,20169,L2,V1,2025-12-28 15:38:32,2025-12-28 15:50:22,CC→CW,2025-12-28,,20169,20169
2400,54599467,Lomas Coloradas,Diagonal Bio Bio,20172,L2,V1,2025-12-28 16:45:03,2025-12-28 17:19:12,CW→CC,2025-12-28,,20172,20172
2401,54599950,Cristo Redentor,Hito Galvarino,20166,L2,V1,2025-12-28 13:46:18,2025-12-28 14:04:16,CW→CC,2025-12-28,,20166,20166
2402,54600229,Diagonal Bio Bio,Hito Galvarino,20179,L2,V1,2025-12-28 19:06:10,2025-12-28 19:32:08,CC→CW,2025-12-28,,20179,20179
2403,54600601,Costa Mar,Huinca,20157,L2,V1,2025-12-28 11:38:47,2025-12-28 12:08:50,CC→CW,2025-12-28,,20157,20157
2404,54600687,Huinca,Concepcion,20160,L2,V1,2025-12-28 11:24:09,2025-12-28 12:12:18,CW→CC,2025-12-28,,20160,20160
2405,54600687,Concepcion,Concepcion,,,N/A,2025-12-28 13:21:17,2025-12-28 13:22:20,,2025-12-28,no viajo,,
2406,54600687,Huinca,Lomas Coloradas,20178,L2,V1,2025-12-28 18:19:24,2025-12-28 18:38:28,CW→CC,2025-12-28,,20178,20178
2407,54600926,Coronel,Lomas Coloradas,20182,L2,V1,2025-12-28 19:07:04,2025-12-28 19:41:16,CW→CC,2025-12-28,,20182,20182
2408,54601387,Laguna Quinenco,Huinca,20186,L2,V1,2025-12-28 20:06:16,2025-12-28 20:24:52,CW→CC,2025-12-28,,20186,20186
2409,54601434,La Leonera,Mercado,20844,L1,V1,2025-12-28 12:24:50,2025-12-28 13:28:31,HQ→TH,2025-12-28,,20844,20844
2410,54601468,Concepcion,Costa Mar,20151,L2,V1,2025-12-28 09:21:09,2025-12-28 09:47:34,CC→CW,2025-12-28,,20151,20151
2411,54601637,Huinca,Concepcion,20166,L2,V1,2025-12-28 13:53:42,2025-12-28 14:33:38,CW→CC,2025-12-28,,20166,20166
2412,54601637,Concepcion,Huinca,20183,L2,V1,2025-12-28 19:18:31,2025-12-28 20:39:15,CC→CW,2025-12-28,,20183,20183
2413,54601750,Huinca,Juan Pablo II,20162,L2,V1,2025-12-28 12:14:16,2025-12-28 12:55:14,CW→CC,2025-12-28,,20162,20162
2414,54601828,Concepcion,Hualqui,20845,L1,V1,2025-12-28 16:05:37,2025-12-28 17:01:19,TH→HQ,2025-12-28,,20845,20845
2415,54601893,Lomas Coloradas,Concepcion,20172,L2,V1,2025-12-28 17:03:55,2025-12-28 17:28:36,CW→CC,2025-12-28,,20172,20172
2416,54601893,Concepcion,Lomas Coloradas,20179,L2,V1,2025-12-28 18:51:51,2025-12-28 19:24:07,CC→CW,2025-12-28,,20179,20179
2417,54601991,Coronel,Laguna Quinenco,20170,L2,V1,2025-12-28 15:35:26,2025-12-28 15:43:22,CW→CC,2025-12-28,,20170,20170
2418,54601991,Laguna Quinenco,Coronel,20169,L2,V1,2025-12-28 15:59:42,2025-12-28 16:15:12,CC→CW,2025-12-28,,20169,20169
2419,54601991,Coronel,Laguna Quinenco,20182,L2,V1,2025-12-28 19:14:48,2025-12-28 19:21:14,CW→CC,2025-12-28,,20182,20182
2420,54602206,Concepcion,Los Condores,20848,L1,V1,2025-12-28 20:46:31,2025-12-28 21:21:20,HQ→TH,2025-12-28,,20848,20848
2421,54602409,Concepcion,Alborada,20171,L2,V1,2025-12-28 15:59:12,2025-12-28 16:54:41,CC→CW,2025-12-28,,20171,20171
2422,54602409,Alborada,Costa Mar,20173,L2,V1,2025-12-28 17:36:40,2025-12-28 17:45:41,CC→CW,2025-12-28,,20173,20173
2423,54602409,Costa Mar,Concepcion,20178,L2,V1,2025-12-28 18:32:46,2025-12-28 18:59:11,CW→CC,2025-12-28,,20178,20178
2424,54602580,Concepcion,Cdal. Raul Silva Henriquez,20167,L2,V1,2025-12-28 14:32:09,2025-12-28 15:00:22,CC→CW,2025-12-28,,20167,20167
2425,54602580,Cdal. Raul Silva Henriquez,Concepcion,20186,L2,V1,2025-12-28 20:27:33,2025-12-28 20:59:53,CW→CC,2025-12-28,,20186,20186
2426,54603033,Huinca,Concepcion,20166,L2,V1,2025-12-28 13:53:39,2025-12-28 14:33:48,CW→CC,2025-12-28,,20166,20166
2427,54603103,Cdal. Raul Silva Henriquez,Juan Pablo II,20168,L2,V1,2025-12-28 14:59:03,2025-12-28 15:21:44,CW→CC,2025-12-28,,20168,20168
2428,54603103,Concepcion,Cdal. Raul Silva Henriquez,20183,L2,V1,2025-12-28 19:47:45,2025-12-28 20:27:01,CC→CW,2025-12-28,,20183,20183
2429,54603505,Costa Mar,Cristo Redentor,20177,L2,V1,2025-12-28 18:37:21,2025-12-28 19:09:06,CC→CW,2025-12-28,,20177,20177
2430,54604342,Lomas Coloradas,Laguna Quinenco,20169,L2,V1,2025-12-28 15:47:42,2025-12-28 16:12:40,CC→CW,2025-12-28,,20169,20169
2431,54604503,Concepcion,Lomas Coloradas,20177,L2,V1,2025-12-28 17:56:44,2025-12-28 18:53:04,CC→CW,2025-12-28,,20177,20177
2432,54605179,Cristo Redentor,Concepcion,20154,L2,V1,2025-12-28 09:47:59,2025-12-28 10:32:45,CW→CC,2025-12-28,,20154,20154
2433,54605186,Lomas Coloradas,Concepcion,20154,L2,V1,2025-12-28 10:03:13,2025-12-28 10:32:54,CW→CC,2025-12-28,,20154,20154
2434,54605236,Laguna Quinenco,Concepcion,20176,L2,V1,2025-12-28 17:33:43,2025-12-28 18:33:47,CW→CC,2025-12-28,,20176,20176
2435,54605236,Concepcion,Laguna Quinenco,20187,L2,V1,2025-12-28 20:12:32,2025-12-28 21:47:17,CC→CW,2025-12-28,,20187,20187
2436,54605275,Concepcion,Concepcion,,,N/A,2025-12-28 15:55:08,2025-12-28 15:57:01,,2025-12-28,no viajo,,
2437,54605282,Hito Galvarino,Huinca,20173,L2,V1,2025-12-28 17:54:44,2025-12-28 18:08:21,CC→CW,2025-12-28,,20173,20173
2438,54605286,Concepcion,Cdal. Raul Silva Henriquez,20183,L2,V1,2025-12-28 19:49:47,2025-12-28 20:28:37,CC→CW,2025-12-28,,20183,20183
2439,54605334,Cdal. Raul Silva Henriquez,Concepcion,20156,L2,V1,2025-12-28 10:47:33,2025-12-28 11:18:14,CW→CC,2025-12-28,,20156,20156
2440,54605334,Concepcion,Cdal. Raul Silva Henriquez,20187,L2,V1,2025-12-28 20:52:16,2025-12-28 21:32:05,CC→CW,2025-12-28,,20187,20187
2441,54605428,Cdal. Raul Silva Henriquez,Juan Pablo II,20168,L2,V1,2025-12-28 14:59:04,2025-12-28 15:21:36,CW→CC,2025-12-28,,20168,20168
2442,54605428,Concepcion,Cdal. Raul Silva Henriquez,20183,L2,V1,2025-12-28 19:47:40,2025-12-28 20:27:00,CC→CW,2025-12-28,,20183,20183
2443,54605632,Concepcion,Manquimavida,20847,L1,V1,2025-12-28 20:07:50,2025-12-28 20:46:56,TH→HQ,2025-12-28,,20847,20847
2444,54605817,Concepcion,Hito Galvarino,20177,L2,V1,2025-12-28 18:16:26,2025-12-28 19:01:03,CC→CW,2025-12-28,,20177,20177
2445,54605912,Concepcion,Cdal. Raul Silva Henriquez,20173,L2,V1,2025-12-28 17:17:04,2025-12-28 17:53:25,CC→CW,2025-12-28,,20173,20173
2446,54606002,Lzo. Arenas,Manquimavida,20847,L1,V1,2025-12-28 20:08:15,2025-12-28 20:46:28,TH→HQ,2025-12-28,,20847,20847
2447,54606068,Los Condores,Concepcion,20845,L1,V1,2025-12-28 16:02:02,2025-12-28 16:25:14,TH→HQ,2025-12-28,,20845,20845
2448,54606600,Concepcion,Los Condores,20846,L1,V1,2025-12-28 16:35:33,2025-12-28 17:49:47,HQ→TH,2025-12-28,combo_por_entrada,20846,20846
2449,54606634,Hito Galvarino,Concepcion,20160,L2,V1,2025-12-28 11:41:37,2025-12-28 12:14:48,CW→CC,2025-12-28,,20160,20160
2450,54606634,Concepcion,Hito Galvarino,20177,L2,V1,2025-12-28 18:32:29,2025-12-28 19:32:04,CC→CW,2025-12-28,,20177,20177
2451,54607517,Lomas Coloradas,Diagonal Bio Bio,20170,L2,V1,2025-12-28 15:52:57,2025-12-28 16:12:52,CW→CC,2025-12-28,,20170,20170
2452,54607517,Diagonal Bio Bio,Lomas Coloradas,20179,L2,V1,2025-12-28 19:11:17,2025-12-28 19:22:09,CC→CW,2025-12-28,,20179,20179
2453,56010076,Laguna Quinenco,Lomas Coloradas,20154,L2,V1,2025-12-28 09:47:02,2025-12-28 10:12:17,CW→CC,2025-12-28,,20154,20154
2454,56010076,Lomas Coloradas,Laguna Quinenco,20183,L2,V1,2025-12-28 20:16:20,2025-12-28 20:44:12,CC→CW,2025-12-28,,20183,20183
2455,56010801,Concepcion,Huinca,20151,L2,V1,2025-12-28 09:15:51,2025-12-28 10:09:05,CC→CW,2025-12-28,,20151,20151
2456,56011347,Concepcion,Huinca,20165,L2,V1,2025-12-28 13:09:14,2025-12-28 13:53:13,CC→CW,2025-12-28,,20165,20165
2457,56012729,Concepcion,Hito Galvarino,20165,L2,V1,2025-12-28 13:03:20,2025-12-28 13:45:00,CC→CW,2025-12-28,,20165,20165
2458,56012729,Hito Galvarino,Concepcion,20170,L2,V1,2025-12-28 15:53:08,2025-12-28 16:29:30,CW→CC,2025-12-28,,20170,20170
2459,56014945,Juan Pablo II,Los Canelos,20161,L2,V1,2025-12-28 11:49:46,2025-12-28 12:48:41,CC→CW,2025-12-28,,20161,20161
2460,56015624,Los Canelos,Juan Pablo II,20182,L2,V1,2025-12-28 19:22:25,2025-12-28 19:53:29,CW→CC,2025-12-28,,20182,20182
2461,56017571,Los Canelos,Concepcion,20162,L2,V1,2025-12-28 12:24:03,2025-12-28 13:04:04,CW→CC,2025-12-28,,20162,20162
2462,56018779,Costa Mar,Juan Pablo II,20166,L2,V1,2025-12-28 14:14:23,2025-12-28 14:26:43,CW→CC,2025-12-28,,20166,20166
2463,56021390,Concepcion,Cdal. Raul Silva Henriquez,20155,L2,V1,2025-12-28 10:27:53,2025-12-28 10:59:31,CC→CW,2025-12-28,,20155,20155
2464,56021390,Laguna Quinenco,Cdal. Raul Silva Henriquez,20166,L2,V1,2025-12-28 13:45:46,2025-12-28 14:10:30,CW→CC,2025-12-28,,20166,20166
2465,56021536,Cdal. Raul Silva Henriquez,Concepcion,20172,L2,V1,2025-12-28 16:49:53,2025-12-28 17:29:33,CW→CC,2025-12-28,,20172,20172
2466,56021755,Hito Galvarino,El Parque,20170,L2,V1,2025-12-28 15:52:55,2025-12-28 16:11:58,CW→CC,2025-12-28,,20170,20170
2467,56022441,Cdal. Raul Silva Henriquez,Concepcion,20168,L2,V1,2025-12-28 14:58:03,2025-12-28 15:28:12,CW→CC,2025-12-28,,20168,20168
2468,56022994,Laguna Quinenco,Concepcion,20150,L2,V1,2025-12-28 08:44:51,2025-12-28 09:30:24,CW→CC,2025-12-28,,20150,20150
2469,56026598,Cdal. Raul Silva Henriquez,Juan Pablo II,20150,L2,V1,2025-12-28 09:02:26,2025-12-28 09:23:58,CW→CC,2025-12-28,,20150,20150
2470,56026598,Juan Pablo II,Cdal. Raul Silva Henriquez,20157,L2,V1,2025-12-28 11:19:01,2025-12-28 11:53:34,CC→CW,2025-12-28,,20157,20157
2471,56029704,Diagonal Bio Bio,Concepcion,20172,L2,V1,2025-12-28 17:14:33,2025-12-28 17:28:38,CW→CC,2025-12-28,,20172,20172
2472,56030018,Cdal. Raul Silva Henriquez,Los Canelos,20183,L2,V1,2025-12-28 20:20:12,2025-12-28 20:36:47,CC→CW,2025-12-28,,20183,20183
2473,56031487,Concepcion,Laguna Quinenco,20161,L2,V1,2025-12-28 12:05:56,2025-12-28 12:57:29,CC→CW,2025-12-28,,20161,20161
2474,56032498,Los Canelos,Concepcion,20170,L2,V1,2025-12-28 15:49:49,2025-12-28 16:23:05,CW→CC,2025-12-28,,20170,20170
2475,56032498,Concepcion,Los Canelos,20187,L2,V1,2025-12-28 20:58:41,2025-12-28 21:42:02,CC→CW,2025-12-28,,20187,20187
2476,56033188,Juan Pablo II,Cdal. Raul Silva Henriquez,20187,L2,V1,2025-12-28 21:10:27,2025-12-28 21:32:04,CC→CW,2025-12-28,,20187,20187
2477,56033219,Manquimavida,Lzo. Arenas,20844,L1,V1,2025-12-28 12:29:41,2025-12-28 13:09:37,HQ→TH,2025-12-28,,20844,20844
2478,56033928,Laguna Quinenco,Costa Mar,20176,L2,V1,2025-12-28 17:02:49,2025-12-28 18:59:35,CW→CC,2025-12-28,,20176,20176
2479,56033928,Costa Mar,Laguna Quinenco,20179,L2,V1,2025-12-28 18:59:44,2025-12-28 19:43:32,CC→CW,2025-12-28,,20179,20179
2480,56039825,Los Canelos,Juan Pablo II,20154,L2,V1,2025-12-28 09:54:39,2025-12-28 10:26:29,CW→CC,2025-12-28,,20154,20154
2481,56040593,Costa Mar,Concepcion,20160,L2,V1,2025-12-28 11:56:24,2025-12-28 12:12:45,CW→CC,2025-12-28,,20160,20160
2482,56041668,Laguna Quinenco,Concepcion,20150,L2,V1,2025-12-28 08:44:48,2025-12-28 09:30:51,CW→CC,2025-12-28,,20150,20150
2483,56041668,Concepcion,Laguna Quinenco,20183,L2,V1,2025-12-28 19:49:48,2025-12-28 20:43:36,CC→CW,2025-12-28,,20183,20183
2484,56041762,Hito Galvarino,Concepcion,20182,L2,V1,2025-12-28 19:15:51,2025-12-28 20:00:52,CW→CC,2025-12-28,,20182,20182
2485,56042639,Concepcion,Costa Mar,20177,L2,V1,2025-12-28 18:25:50,2025-12-28 18:47:12,CC→CW,2025-12-28,,20177,20177
2486,56043720,Los Canelos,Concepcion,20160,L2,V1,2025-12-28 11:37:42,2025-12-28 12:12:57,CW→CC,2025-12-28,,20160,20160
2487,56043720,Concepcion,Los Canelos,20177,L2,V1,2025-12-28 18:24:14,2025-12-28 19:04:59,CC→CW,2025-12-28,,20177,20177
2488,56044018,Coronel,Juan Pablo II,20154,L2,V1,2025-12-28 09:30:50,2025-12-28 10:29:35,CW→CC,2025-12-28,,20154,20154
2489,56044018,Concepcion,Coronel,20169,L2,V1,2025-12-28 15:30:21,2025-12-28 17:33:31,CC→CW,2025-12-28,,20169,20169
2490,56045253,Concepcion,Huinca,20173,L2,V1,2025-12-28 17:27:33,2025-12-28 18:08:24,CC→CW,2025-12-28,,20173,20173
2491,56045316,Cdal. Raul Silva Henriquez,Concepcion,20166,L2,V1,2025-12-28 14:06:21,2025-12-28 14:36:02,CW→CC,2025-12-28,,20166,20166
2492,56045316,Concepcion,Cdal. Raul Silva Henriquez,20179,L2,V1,2025-12-28 18:36:53,2025-12-28 19:25:43,CC→CW,2025-12-28,,20179,20177
2493,56045625,Concepcion,Huinca,20187,L2,V1,2025-12-28 20:51:23,2025-12-28 21:42:51,CC→CW,2025-12-28,,20187,20187
2494,56045653,Concepcion,Concepcion,,,N/A,2025-12-28 18:32:33,2025-12-28 18:33:18,,2025-12-28,no viajo,,
2495,56045711,Hito Galvarino,Concepcion,20160,L2,V1,2025-12-28 11:19:31,2025-12-28 12:12:29,CW→CC,2025-12-28,,20160,20160
2496,56045711,Concepcion,Coronel,20173,L2,V1,2025-12-28 17:26:58,2025-12-28 18:13:19,CC→CW,2025-12-28,,20173,20173
2497,56045840,Huinca,Juan Pablo II,20168,L2,V1,2025-12-28 14:46:07,2025-12-28 15:22:07,CW→CC,2025-12-28,,20168,20168
2498,56046848,Higueras,Concepcion,20845,L1,V1,2025-12-28 16:04:41,2025-12-28 16:24:57,TH→HQ,2025-12-28,,20845,20845
2499,56047212,Concepcion,Lomas Coloradas,20183,L2,V1,2025-12-28 19:32:52,2025-12-28 20:23:12,CC→CW,2025-12-28,,20183,20183
2500,56049033,Costa Mar,Laguna Quinenco,20165,L2,V1,2025-12-28 13:14:50,2025-12-28 13:59:37,CC→CW,2025-12-28,,20165,20165
2501,56049033,Coronel,Costa Mar,20186,L2,V1,2025-12-28 19:47:21,2025-12-28 20:44:10,CW→CC,2025-12-28,,20186,20186
2502,56049298,Concepcion,Chiguayante,20859,L1,V1,2025-12-28 12:33:06,2025-12-28 12:52:15,TH→HQ,2025-12-28,combo_relajado_pase3,20859,20844
2503,56049866,Concepcion,Concepcion,,,N/A,2025-12-28 19:12:09,2025-12-28 19:16:56,,2025-12-28,no viajo,,
2504,56050006,Laguna Quinenco,Concepcion,20160,L2,V1,2025-12-28 11:22:34,2025-12-28 12:13:42,CW→CC,2025-12-28,,20160,20160
2505,56050006,Concepcion,Laguna Quinenco,20177,L2,V1,2025-12-28 18:18:32,2025-12-28 19:12:26,CC→CW,2025-12-28,,20177,20177
2506,56050529,Concepcion,Los Canelos,20167,L2,V1,2025-12-28 14:05:41,2025-12-28 15:11:57,CC→CW,2025-12-28,,20167,20167
2507,56050935,Laguna Quinenco,Concepcion,,,N/A,2025-12-28 09:36:31,2025-12-28 10:22:24,,2025-12-28,sin_combo_factible_en_hub|sin_s1_factible_retro,,
2508,56050935,Concepcion,Laguna Quinenco,20167,L2,V1,2025-12-28 14:28:53,2025-12-28 15:16:31,CC→CW,2025-12-28,,20167,20167
2509,56051630,Juan Pablo II,Costa Mar,20183,L2,V1,2025-12-28 20:07:27,2025-12-28 20:17:18,CC→CW,2025-12-28,,20183,20183
2510,56051653,Huinca,Concepcion,20168,L2,V1,2025-12-28 14:33:57,2025-12-28 15:38:07,CW→CC,2025-12-28,,20168,20168
2511,56051653,Concepcion,Huinca,20187,L2,V1,2025-12-28 20:17:40,2025-12-28 21:43:05,CC→CW,2025-12-28,,20187,20187
2512,56052002,Concepcion,Concepcion,,,N/A,2025-12-28 16:16:00,2025-12-28 16:18:06,,2025-12-28,no viajo,,
2513,56052002,Concepcion,Los Condores,20848,L1,V1,2025-12-28 20:36:02,2025-12-28 21:21:48,HQ→TH,2025-12-28,,20848,20848
2514,56053412,Laguna Quinenco,Cristo Redentor,20172,L2,V1,2025-12-28 16:38:34,2025-12-28 16:52:52,CW→CC,2025-12-28,,20172,20172
2515,56053853,Concepcion,Concepcion,,,N/A,2025-12-28 14:01:14,2025-12-28 14:01:44,,2025-12-28,no viajo,,
2516,56053853,Concepcion,Huinca,20167,L2,V1,2025-12-28 14:01:50,2025-12-28 15:11:52,CC→CW,2025-12-28,,20167,20167
2517,56054205,Cristo Redentor,Costa Mar,20166,L2,V1,2025-12-28 13:25:52,2025-12-28 14:17:58,CW→CC,2025-12-28,,20166,20166
2518,56054205,Costa Mar,Cristo Redentor,20177,L2,V1,2025-12-28 18:41:47,2025-12-28 19:10:09,CC→CW,2025-12-28,,20177,20177
2519,56055512,Los Canelos,Concepcion,20154,L2,V1,2025-12-28 09:49:57,2025-12-28 10:32:43,CW→CC,2025-12-28,,20154,20154
2520,56055512,Concepcion,Los Canelos,20169,L2,V1,2025-12-28 15:06:43,2025-12-28 16:02:42,CC→CW,2025-12-28,,20169,20169
2521,56056201,Concepcion,Chiguayante,20859,L1,V1,2025-12-28 12:32:57,2025-12-28 12:52:06,TH→HQ,2025-12-28,combo_relajado_pase3,20859,20844
2522,56056353,Lomas Coloradas,Concepcion,20162,L2,V1,2025-12-28 12:33:32,2025-12-28 12:59:52,CW→CC,2025-12-28,,20162,20162
2523,56057256,Concepcion,Cdal. Raul Silva Henriquez,20173,L2,V1,2025-12-28 17:08:04,2025-12-28 17:53:21,CC→CW,2025-12-28,,20173,20173
2524,56058526,Concepcion,Higueras,20846,L1,V1,2025-12-28 16:37:01,2025-12-28 17:53:36,HQ→TH,2025-12-28,combo_por_entrada,20846,20846
2525,56058699,Los Canelos,Concepcion,20186,L2,V1,2025-12-28 20:19:53,2025-12-28 21:00:12,CW→CC,2025-12-28,,20186,20186
2526,56058869,Costa Mar,Lomas Coloradas,20173,L2,V1,2025-12-28 17:32:33,2025-12-28 17:50:22,CC→CW,2025-12-28,,20173,20173
2527,56058895,Diagonal Bio Bio,Laguna Quinenco,20171,L2,V1,2025-12-28 16:37:47,2025-12-28 17:21:07,CC→CW,2025-12-28,,20171,20171
2528,56058896,Lomas Coloradas,Concepcion,20176,L2,V1,2025-12-28 18:02:22,2025-12-28 18:32:41,CW→CC,2025-12-28,,20176,20176
2529,56059193,Laguna Quinenco,Concepcion,20168,L2,V1,2025-12-28 14:27:12,2025-12-28 15:28:47,CW→CC,2025-12-28,,20168,20168
2530,56059323,Coronel,Concepcion,20168,L2,V1,2025-12-28 14:32:02,2025-12-28 15:30:41,CW→CC,2025-12-28,,20168,20168
2531,56059376,Huinca,Hito Galvarino,20182,L2,V1,2025-12-28 19:11:53,2025-12-28 19:31:56,CW→CC,2025-12-28,,20182,20182
2532,56059470,Huinca,Concepcion,20186,L2,V1,2025-12-28 20:19:00,2025-12-28 21:00:08,CW→CC,2025-12-28,,20186,20186
2533,56059508,Concepcion,Lomas Coloradas,20167,L2,V1,2025-12-28 14:09:22,2025-12-28 14:58:49,CC→CW,2025-12-28,,20167,20167
2534,56060288,Costa Mar,Laguna Quinenco,20151,L2,V1,2025-12-28 09:40:58,2025-12-28 10:14:11,CC→CW,2025-12-28,,20151,20151
2535,56060349,Hito Galvarino,Concepcion,20182,L2,V1,2025-12-28 19:24:30,2025-12-28 20:02:06,CW→CC,2025-12-28,,20182,20182
2536,56060377,Hito Galvarino,Concepcion,20162,L2,V1,2025-12-28 12:13:03,2025-12-28 13:00:23,CW→CC,2025-12-28,,20162,20162
2537,56060377,Concepcion,Hito Galvarino,20183,L2,V1,2025-12-28 20:02:01,2025-12-28 20:32:23,CC→CW,2025-12-28,,20183,20183
2538,56060404,Diagonal Bio Bio,Huinca,20183,L2,V1,2025-12-28 19:19:39,2025-12-28 20:39:31,CC→CW,2025-12-28,,20183,20179
2539,56060459,Concepcion,Cdal. Raul Silva Henriquez,20165,L2,V1,2025-12-28 12:20:58,2025-12-28 13:40:17,CC→CW,2025-12-28,combo_por_entrada,20165,20165
2540,56060459,Cdal. Raul Silva Henriquez,El Parque,20176,L2,V1,2025-12-28 17:18:53,2025-12-28 18:10:28,CW→CC,2025-12-28,,20176,20176
2541,56060459,El Parque,Cdal. Raul Silva Henriquez,20183,L2,V1,2025-12-28 20:15:30,2025-12-28 20:26:22,CC→CW,2025-12-28,,20183,20183
2542,56061656,Concepcion,Hito Galvarino,20173,L2,V1,2025-12-28 17:07:15,2025-12-28 18:00:50,CC→CW,2025-12-28,,20173,20173
2543,56061871,Concepcion,Costa Mar,20165,L2,V1,2025-12-28 13:11:49,2025-12-28 13:30:59,CC→CW,2025-12-28,,20165,20165
2544,56062871,El Parque,Concepcion,20170,L2,V1,2025-12-28 15:45:45,2025-12-28 16:22:50,CW→CC,2025-12-28,,20170,20170
2545,56062871,Concepcion,El Parque,20177,L2,V1,2025-12-28 17:53:56,2025-12-28 18:48:56,CC→CW,2025-12-28,,20177,20177
2546,56064039,Cdal. Raul Silva Henriquez,Juan Pablo II,20162,L2,V1,2025-12-28 12:25:29,2025-12-28 12:52:52,CW→CC,2025-12-28,,20162,20162
2547,56064039,Juan Pablo II,Cristo Redentor,20165,L2,V1,2025-12-28 13:13:25,2025-12-28 13:54:16,CC→CW,2025-12-28,,20165,20165
2548,56064362,Coronel,Cristo Redentor,20154,L2,V1,2025-12-28 09:50:00,2025-12-28 09:57:14,CW→CC,2025-12-28,,20154,20154
2549,56064615,Concepcion,Cdal. Raul Silva Henriquez,20167,L2,V1,2025-12-28 14:31:17,2025-12-28 15:00:41,CC→CW,2025-12-28,,20167,20167
2550,56064639,Diagonal Bio Bio,Laguna Quinenco,20173,L2,V1,2025-12-28 17:36:47,2025-12-28 18:10:35,CC→CW,2025-12-28,,20173,20173
2551,56064721,Concepcion,Costa Mar,20155,L2,V1,2025-12-28 10:26:24,2025-12-28 10:51:12,CC→CW,2025-12-28,,20155,20155
2552,56064721,Costa Mar,Concepcion,20172,L2,V1,2025-12-28 17:08:06,2025-12-28 17:30:08,CW→CC,2025-12-28,,20172,20172
2553,56064747,Coronel,Concepcion,20172,L2,V1,2025-12-28 16:38:17,2025-12-28 17:34:35,CW→CC,2025-12-28,,20172,20172
2554,56064747,Concepcion,Cristo Redentor,20183,L2,V1,2025-12-28 19:54:54,2025-12-28 20:41:41,CC→CW,2025-12-28,,20183,20183
2555,56065180,Alborada,Coronel,20165,L2,V1,2025-12-28 13:22:15,2025-12-28 14:00:42,CC→CW,2025-12-28,,20165,20165
2556,56065256,Huinca,El Parque,20154,L2,V1,2025-12-28 09:43:57,2025-12-28 10:15:16,CW→CC,2025-12-28,,20154,20154
2557,56065256,El Parque,Los Canelos,20155,L2,V1,2025-12-28 10:41:36,2025-12-28 11:09:54,CC→CW,2025-12-28,,20155,20155
2558,56065956,Coronel,Alborada,20178,L2,V1,2025-12-28 18:01:25,2025-12-28 18:46:46,CW→CC,2025-12-28,,20178,20178
2559,56066069,Lomas Coloradas,Juan Pablo II,20166,L2,V1,2025-12-28 14:08:02,2025-12-28 14:25:51,CW→CC,2025-12-28,,20166,20166
2560,56066076,Costa Mar,Concepcion,20166,L2,V1,2025-12-28 14:15:23,2025-12-28 14:35:29,CW→CC,2025-12-28,,20166,20166
2561,56066924,Laguna Quinenco,Lomas Coloradas,20186,L2,V1,2025-12-28 20:11:55,2025-12-28 20:38:34,CW→CC,2025-12-28,,20186,20186
2562,56067888,Chiguayante,Concepcion,20846,L1,V1,2025-12-28 17:08:23,2025-12-28 17:37:02,HQ→TH,2025-12-28,,20846,20846
2563,56068067,Lomas Coloradas,Concepcion,20162,L2,V1,2025-12-28 12:36:05,2025-12-28 12:58:56,CW→CC,2025-12-28,,20162,20162
2564,56068401,Coronel,Concepcion,20186,L2,V1,2025-12-28 20:12:34,2025-12-28 21:01:17,CW→CC,2025-12-28,,20186,20186
2565,56068757,Hualqui,Mercado,20850,L1,V1,2025-12-28 09:25:20,2025-12-28 10:31:29,HQ→TH,2025-12-28,,20850,20850
2566,56069104,Diagonal Bio Bio,Cdal. Raul Silva Henriquez,20157,L2,V1,2025-12-28 11:27:00,2025-12-28 11:53:32,CC→CW,2025-12-28,,20157,20157
2567,56069480,Concepcion,Lomas Coloradas,20167,L2,V1,2025-12-28 14:25:36,2025-12-28 14:56:32,CC→CW,2025-12-28,,20167,20167
2568,56069854,Concepcion,Lomas Coloradas,20151,L2,V1,2025-12-28 09:15:31,2025-12-28 09:52:55,CC→CW,2025-12-28,,20151,20151
2569,56071027,Concepcion,Coronel,20173,L2,V1,2025-12-28 16:59:02,2025-12-28 18:13:10,CC→CW,2025-12-28,,20173,20173
2570,56071049,Laguna Quinenco,Huinca,20172,L2,V1,2025-12-28 16:46:30,2025-12-28 16:55:00,CW→CC,2025-12-28,,20172,20172
2571,56071049,Huinca,Laguna Quinenco,20183,L2,V1,2025-12-28 20:23:24,2025-12-28 20:44:33,CC→CW,2025-12-28,,20183,20183
2572,56071091,La Leonera,Mercado,20844,L1,V1,2025-12-28 12:23:31,2025-12-28 13:27:22,HQ→TH,2025-12-28,,20844,20844
2573,56071118,Lomas Coloradas,Diagonal Bio Bio,20176,L2,V1,2025-12-28 18:02:13,2025-12-28 18:18:50,CW→CC,2025-12-28,,20176,20176
2574,56071118,Diagonal Bio Bio,Lomas Coloradas,20187,L2,V1,2025-12-28 20:35:42,2025-12-28 21:29:41,CC→CW,2025-12-28,,20187,20187
2575,56071148,Cristo Redentor,Laguna Quinenco,20167,L2,V1,2025-12-28 14:58:07,2025-12-28 15:17:28,CC→CW,2025-12-28,,20167,20167
2576,56071148,Laguna Quinenco,Cristo Redentor,20172,L2,V1,2025-12-28 16:31:54,2025-12-28 16:52:15,CW→CC,2025-12-28,,20172,20172
2577,56071244,Manquimavida,UTF Santa Maria,20844,L1,V1,2025-12-28 12:26:05,2025-12-28 13:12:40,HQ→TH,2025-12-28,,20844,20844
2578,56071255,Concepcion,Cristo Redentor,20173,L2,V1,2025-12-28 17:04:51,2025-12-28 18:07:47,CC→CW,2025-12-28,,20173,20173
2579,56071268,Laguna Quinenco,Concepcion,20156,L2,V1,2025-12-28 10:20:28,2025-12-28 11:20:12,CW→CC,2025-12-28,,20156,20156
2580,56071296,Juan Pablo II,Laguna Quinenco,20179,L2,V1,2025-12-28 19:02:36,2025-12-28 19:42:39,CC→CW,2025-12-28,,20179,20179
2581,56071359,Costa Mar,Juan Pablo II,20156,L2,V1,2025-12-28 10:57:26,2025-12-28 11:10:47,CW→CC,2025-12-28,,20156,20156
2582,56071383,Lomas Coloradas,Diagonal Bio Bio,20176,L2,V1,2025-12-28 18:02:14,2025-12-28 18:18:43,CW→CC,2025-12-28,,20176,20176
2583,56071451,Los Canelos,Concepcion,20154,L2,V1,2025-12-28 09:50:09,2025-12-28 10:32:35,CW→CC,2025-12-28,,20154,20154
2584,56071451,Concepcion,Los Canelos,20173,L2,V1,2025-12-28 17:06:12,2025-12-28 18:03:35,CC→CW,2025-12-28,,20173,20173
2585,56071489,Diagonal Bio Bio,Cristo Redentor,20155,L2,V1,2025-12-28 10:24:08,2025-12-28 11:16:18,CC→CW,2025-12-28,,20155,20155
2586,56071489,Cristo Redentor,Diagonal Bio Bio,20182,L2,V1,2025-12-28 19:13:40,2025-12-28 19:51:19,CW→CC,2025-12-28,,20182,20182
2587,56071501,Cdal. Raul Silva Henriquez,Concepcion,20168,L2,V1,2025-12-28 14:55:09,2025-12-28 15:28:20,CW→CC,2025-12-28,,20168,20168
2588,56071542,Cristo Redentor,Concepcion,20178,L2,V1,2025-12-28 18:20:46,2025-12-28 19:00:52,CW→CC,2025-12-28,,20178,20178
2589,56071542,Concepcion,Diagonal Bio Bio,20183,L2,V1,2025-12-28 19:50:27,2025-12-28 20:12:47,CC→CW,2025-12-28,,20183,20183
2590,56071573,Concepcion,Cdal. Raul Silva Henriquez,20177,L2,V1,2025-12-28 18:13:39,2025-12-28 18:54:47,CC→CW,2025-12-28,,20177,20177
2591,56071591,Diagonal Bio Bio,Los Canelos,20169,L2,V1,2025-12-28 15:32:52,2025-12-28 16:03:47,CC→CW,2025-12-28,,20169,20169
2592,56071603,Lomas Coloradas,Costa Mar,20160,L2,V1,2025-12-28 11:51:34,2025-12-28 11:58:34,CW→CC,2025-12-28,,20160,20160
2593,56071603,Costa Mar,Lomas Coloradas,20165,L2,V1,2025-12-28 13:06:14,2025-12-28 13:34:56,CC→CW,2025-12-28,,20165,20165
2594,56071631,Laguna Quinenco,Huinca,20176,L2,V1,2025-12-28 17:46:11,2025-12-28 17:53:07,CW→CC,2025-12-28,,20176,20176
2595,56071655,Los Canelos,El Parque,20154,L2,V1,2025-12-28 09:57:12,2025-12-28 10:17:28,CW→CC,2025-12-28,,20154,20154
2596,56071670,Laguna Quinenco,Hito Galvarino,20186,L2,V1,2025-12-28 20:17:52,2025-12-28 20:29:30,CW→CC,2025-12-28,,20186,20186
2597,56071735,Lomas Coloradas,Concepcion,20172,L2,V1,2025-12-28 16:34:50,2025-12-28 17:30:00,CW→CC,2025-12-28,,20172,20172
2598,56071855,Cristo Redentor,Concepcion,20172,L2,V1,2025-12-28 16:44:07,2025-12-28 17:29:47,CW→CC,2025-12-28,,20172,20172
2599,56071855,Concepcion,Cristo Redentor,20179,L2,V1,2025-12-28 18:55:45,2025-12-28 19:40:25,CC→CW,2025-12-28,,20179,20179
2600,56074519,El Parque,Los Canelos,20183,L2,V1,2025-12-28 20:06:45,2025-12-28 20:36:41,CC→CW,2025-12-28,,20183,20183
2601,56074547,Lomas Coloradas,Cristo Redentor,20165,L2,V1,2025-12-28 12:41:44,2025-12-28 13:53:41,CC→CW,2025-12-28,,20165,20161
2602,56074547,Coronel,Lomas Coloradas,20172,L2,V1,2025-12-28 16:39:20,2025-12-28 17:09:44,CW→CC,2025-12-28,,20172,20172
2603,56074553,Coronel,Diagonal Bio Bio,20150,L2,V1,2025-12-28 08:31:18,2025-12-28 09:21:11,CW→CC,2025-12-28,,20150,20150
2604,56074593,Los Canelos,Huinca,20161,L2,V1,2025-12-28 12:13:56,2025-12-28 13:50:53,CC→CW,2025-12-28,,20161,20161
2605,56074644,Cristo Redentor,Los Canelos,20162,L2,V1,2025-12-28 12:00:00,2025-12-28 12:26:59,CW→CC,2025-12-28,,20162,20162
2606,56074660,Los Canelos,Concepcion,20166,L2,V1,2025-12-28 13:55:05,2025-12-28 14:33:28,CW→CC,2025-12-28,,20166,20166
2607,56074664,Hito Galvarino,Juan Pablo II,20154,L2,V1,2025-12-28 09:55:17,2025-12-28 10:29:56,CW→CC,2025-12-28,,20154,20154
2608,56074695,Concepcion,Cristo Redentor,20167,L2,V1,2025-12-28 14:25:56,2025-12-28 15:13:33,CC→CW,2025-12-28,,20167,20167
2609,56074716,Cristo Redentor,Laguna Quinenco,20169,L2,V1,2025-12-28 15:43:55,2025-12-28 16:13:30,CC→CW,2025-12-28,,20169,20169
2610,56074731,Laguna Quinenco,Concepcion,20154,L2,V1,2025-12-28 09:40:02,2025-12-28 10:33:17,CW→CC,2025-12-28,,20154,20154
2611,56074768,Chiguayante,Concepcion,20844,L1,V1,2025-12-28 12:49:52,2025-12-28 13:09:15,HQ→TH,2025-12-28,combo_relajado_pase1,20844,20844
2612,56074825,Los Canelos,Concepcion,20156,L2,V1,2025-12-28 10:33:33,2025-12-28 11:18:46,CW→CC,2025-12-28,,20156,20156
2613,56074825,Concepcion,Los Canelos,20179,L2,V1,2025-12-28 18:54:31,2025-12-28 19:35:07,CC→CW,2025-12-28,,20179,20179
2614,56074852,Concepcion,Cdal. Raul Silva Henriquez,20167,L2,V1,2025-12-28 14:19:02,2025-12-28 15:00:29,CC→CW,2025-12-28,,20167,20167
2615,56074858,Concepcion,Cristo Redentor,20187,L2,V1,2025-12-28 20:56:58,2025-12-28 21:46:11,CC→CW,2025-12-28,,20187,20187
2616,56075053,Cristo Redentor,El Parque,20160,L2,V1,2025-12-28 11:33:59,2025-12-28 11:56:43,CW→CC,2025-12-28,,20160,20160
2617,56075137,Cristo Redentor,Concepcion,20178,L2,V1,2025-12-28 18:16:28,2025-12-28 18:59:13,CW→CC,2025-12-28,,20178,20178
2618,56075244,Concepcion,Higueras,20846,L1,V1,2025-12-28 16:25:10,2025-12-28 17:52:53,HQ→TH,2025-12-28,combo_por_entrada,20846,20846
2619,56075365,Coronel,Concepcion,20178,L2,V1,2025-12-28 18:00:49,2025-12-28 19:01:50,CW→CC,2025-12-28,,20178,20178
2620,56075394,Huinca,Los Canelos,20154,L2,V1,2025-12-28 09:22:22,2025-12-28 10:00:29,CW→CC,2025-12-28,,20154,20154
2621,56075410,Hito Galvarino,Cristo Redentor,20173,L2,V1,2025-12-28 17:55:43,2025-12-28 18:08:15,CC→CW,2025-12-28,,20173,20173
2622,56075422,Laguna Quinenco,Huinca,20182,L2,V1,2025-12-28 19:14:48,2025-12-28 19:26:59,CW→CC,2025-12-28,,20182,20182
2623,56075440,Juan Pablo II,Los Canelos,20171,L2,V1,2025-12-28 16:37:21,2025-12-28 17:13:25,CC→CW,2025-12-28,,20171,20171
2624,56075459,Cdal. Raul Silva Henriquez,Concepcion,20160,L2,V1,2025-12-28 11:36:31,2025-12-28 12:12:55,CW→CC,2025-12-28,,20160,20160
2625,56075459,Concepcion,Cdal. Raul Silva Henriquez,20187,L2,V1,2025-12-28 21:00:23,2025-12-28 21:32:34,CC→CW,2025-12-28,,20187,20187
2626,56081561,Cristo Redentor,Los Canelos,20168,L2,V1,2025-12-28 14:50:34,2025-12-28 14:57:26,CW→CC,2025-12-28,,20168,20168
2627,56081596,Lomas Coloradas,Concepcion,20150,L2,V1,2025-12-28 08:59:22,2025-12-28 09:30:30,CW→CC,2025-12-28,,20150,20150
2628,56081596,Concepcion,Lomas Coloradas,20167,L2,V1,2025-12-28 14:22:46,2025-12-28 14:56:21,CC→CW,2025-12-28,,20167,20167
2629,56081615,Coronel,Costa Mar,20166,L2,V1,2025-12-28 13:40:36,2025-12-28 14:18:10,CW→CC,2025-12-28,,20166,20166
2630,56081615,Diagonal Bio Bio,Coronel,20187,L2,V1,2025-12-28 20:34:05,2025-12-28 21:50:01,CC→CW,2025-12-28,,20187,20187
2631,56081678,Hito Galvarino,Huinca,20165,L2,V1,2025-12-28 13:43:06,2025-12-28 13:50:48,CC→CW,2025-12-28,,20165,20165
2632,56081744,Lomas Coloradas,Laguna Quinenco,20187,L2,V1,2025-12-28 21:12:15,2025-12-28 21:47:40,CC→CW,2025-12-28,,20187,20187
2633,58006095,Los Canelos,Concepcion,20176,L2,V1,2025-12-28 16:57:21,2025-12-28 18:28:27,CW→CC,2025-12-28,,20176,20172
2634,58006097,Los Canelos,Concepcion,20176,L2,V1,2025-12-28 16:57:44,2025-12-28 18:29:12,CW→CC,2025-12-28,,20176,20172
2635,58006751,Cristo Redentor,Los Canelos,20176,L2,V1,2025-12-28 17:35:53,2025-12-28 17:55:27,CW→CC,2025-12-28,,20176,20176
2636,58006883,Laguna Quinenco,El Parque,20168,L2,V1,2025-12-28 14:23:03,2025-12-28 15:12:53,CW→CC,2025-12-28,,20168,20168
2637,58007037,Laguna Quinenco,Lomas Coloradas,20168,L2,V1,2025-12-28 14:29:26,2025-12-28 15:09:44,CW→CC,2025-12-28,,20168,20168
2638,58007066,Laguna Quinenco,Concepcion,20172,L2,V1,2025-12-28 16:32:12,2025-12-28 17:28:40,CW→CC,2025-12-28,,20172,20172
2639,58007067,Concepcion,Lzo. Arenas,20844,L1,V1,2025-12-28 12:03:48,2025-12-28 13:16:44,HQ→TH,2025-12-28,combo_relajado_pase2,20844,20844
2640,58007067,Concepcion,Laguna Quinenco,20171,L2,V1,2025-12-28 16:08:12,2025-12-28 17:21:32,CC→CW,2025-12-28,,20171,20171
2641,58007098,Concepcion,Huinca,20173,L2,V1,2025-12-28 17:15:53,2025-12-28 18:06:33,CC→CW,2025-12-28,,20173,20173
2642,58007694,Cristo Redentor,Juan Pablo II,20176,L2,V1,2025-12-28 17:34:11,2025-12-28 18:20:20,CW→CC,2025-12-28,,20176,20176
2643,58007813,Laguna Quinenco,Hito Galvarino,20166,L2,V1,2025-12-28 13:41:19,2025-12-28 14:04:56,CW→CC,2025-12-28,,20166,20166
2644,58007952,Lomas Coloradas,Concepcion,20154,L2,V1,2025-12-28 09:19:53,2025-12-28 10:32:59,CW→CC,2025-12-28,,20154,20154
2645,58008989,Laguna Quinenco,Concepcion,20160,L2,V1,2025-12-28 11:23:25,2025-12-28 12:13:28,CW→CC,2025-12-28,,20160,20160
2646,58008989,Concepcion,Laguna Quinenco,20179,L2,V1,2025-12-28 18:50:52,2025-12-28 19:43:21,CC→CW,2025-12-28,,20179,20179
2647,58009694,Los Canelos,Cristo Redentor,20177,L2,V1,2025-12-28 19:03:06,2025-12-28 19:10:38,CC→CW,2025-12-28,,20177,20177
2648,58009731,Diagonal Bio Bio,El Parque,20177,L2,V1,2025-12-28 18:32:35,2025-12-28 18:49:42,CC→CW,2025-12-28,,20177,20177
2649,58009731,El Parque,Diagonal Bio Bio,20186,L2,V1,2025-12-28 20:03:57,2025-12-28 20:50:01,CW→CC,2025-12-28,,20186,20186
2650,58010028,Huinca,Cristo Redentor,20183,L2,V1,2025-12-28 20:26:53,2025-12-28 20:41:00,CC→CW,2025-12-28,,20183,20183
2651,58010285,Cristo Redentor,Concepcion,20178,L2,V1,2025-12-28 18:13:56,2025-12-28 19:00:29,CW→CC,2025-12-28,,20178,20178
2652,58010553,Los Canelos,Cristo Redentor,20157,L2,V1,2025-12-28 11:50:44,2025-12-28 12:09:29,CC→CW,2025-12-28,,20157,20157
2653,58010553,Cristo Redentor,Los Canelos,20182,L2,V1,2025-12-28 19:14:37,2025-12-28 19:28:26,CW→CC,2025-12-28,,20182,20182
2654,58010613,Concepcion,Cristo Redentor,20183,L2,V1,2025-12-28 19:45:20,2025-12-28 20:41:18,CC→CW,2025-12-28,,20183,20183
2655,58010727,Los Canelos,Cristo Redentor,20161,L2,V1,2025-12-28 12:45:20,2025-12-28 12:53:37,CC→CW,2025-12-28,,20161,20161
2656,58011359,Cdal. Raul Silva Henriquez,Cristo Redentor,20151,L2,V1,2025-12-28 09:52:14,2025-12-28 10:11:09,CC→CW,2025-12-28,,20151,20151
2657,58012196,Concepcion,Mercado,20844,L1,V1,2025-12-28 12:42:49,2025-12-28 13:27:56,HQ→TH,2025-12-28,,20844,20844
2658,58014728,Huinca,Concepcion,20150,L2,V1,2025-12-28 08:46:55,2025-12-28 09:30:40,CW→CC,2025-12-28,,20150,20150
2659,58015480,Coronel,Concepcion,20178,L2,V1,2025-12-28 18:02:04,2025-12-28 19:06:07,CW→CC,2025-12-28,,20178,20178
2660,58016582,Cristo Redentor,El Parque,20170,L2,V1,2025-12-28 15:33:46,2025-12-28 16:07:01,CW→CC,2025-12-28,,20170,20170
2661,58016582,El Parque,Cristo Redentor,20179,L2,V1,2025-12-28 19:10:54,2025-12-28 19:40:49,CC→CW,2025-12-28,,20179,20179
2662,58016722,Laguna Quinenco,El Parque,20150,L2,V1,2025-12-28 08:36:24,2025-12-28 09:14:23,CW→CC,2025-12-28,,20150,20150
2663,58017184,Coronel,El Parque,20162,L2,V1,2025-12-28 12:08:14,2025-12-28 12:42:37,CW→CC,2025-12-28,,20162,20162
2664,58017184,El Parque,Coronel,20167,L2,V1,2025-12-28 13:53:09,2025-12-28 15:19:55,CC→CW,2025-12-28,,20167,20167
2665,58017299,Cdal. Raul Silva Henriquez,Concepcion,20154,L2,V1,2025-12-28 09:43:23,2025-12-28 10:32:58,CW→CC,2025-12-28,,20154,20154
2666,58017299,Concepcion,Cdal. Raul Silva Henriquez,20161,L2,V1,2025-12-28 11:46:04,2025-12-28 12:40:21,CC→CW,2025-12-28,,20161,20161
2667,58017952,Diagonal Bio Bio,Juan Pablo II,20172,L2,V1,2025-12-28 17:08:38,2025-12-28 17:22:46,CW→CC,2025-12-28,,20172,20172
2668,58018297,Concepcion,Laguna Quinenco,20161,L2,V1,2025-12-28 11:55:52,2025-12-28 12:57:11,CC→CW,2025-12-28,,20161,20161
2669,58018305,Huinca,El Parque,20168,L2,V1,2025-12-28 14:31:55,2025-12-28 15:13:12,CW→CC,2025-12-28,,20168,20168
2670,58018305,El Parque,Los Canelos,20171,L2,V1,2025-12-28 16:39:18,2025-12-28 17:14:29,CC→CW,2025-12-28,,20171,20171
2671,58018431,Lomas Coloradas,Cristo Redentor,20183,L2,V1,2025-12-28 20:14:27,2025-12-28 20:40:47,CC→CW,2025-12-28,,20183,20183
2672,58018828,Laguna Quinenco,Concepcion,20160,L2,V1,2025-12-28 11:27:16,2025-12-28 12:14:41,CW→CC,2025-12-28,,20160,20160
2673,58018828,Concepcion,Pedro Medina,20859,L1,V1,2025-12-28 12:50:38,2025-12-28 13:13:41,TH→HQ,2025-12-28,,20859,20859
2674,58018828,Concepcion,Laguna Quinenco,20177,L2,V1,2025-12-28 18:24:40,2025-12-28 19:13:24,CC→CW,2025-12-28,,20177,20177
2675,58018989,Lomas Coloradas,Diagonal Bio Bio,20156,L2,V1,2025-12-28 10:43:23,2025-12-28 11:08:11,CW→CC,2025-12-28,,20156,20156
2676,58019009,Coronel,Concepcion,20176,L2,V1,2025-12-28 17:23:56,2025-12-28 18:28:54,CW→CC,2025-12-28,,20176,20176
2677,58019168,Cdal. Raul Silva Henriquez,Lomas Coloradas,20150,L2,V1,2025-12-28 09:02:01,2025-12-28 09:10:59,CW→CC,2025-12-28,,20150,20150
2678,58019168,Lomas Coloradas,Cdal. Raul Silva Henriquez,20157,L2,V1,2025-12-28 11:40:08,2025-12-28 11:53:53,CC→CW,2025-12-28,,20157,20157
2679,58019168,Lomas Coloradas,Cdal. Raul Silva Henriquez,20187,L2,V1,2025-12-28 21:17:41,2025-12-28 21:32:01,CC→CW,2025-12-28,,20187,20187
2680,58019319,Lomas Coloradas,Laguna Quinenco,20171,L2,V1,2025-12-28 16:49:48,2025-12-28 17:20:50,CC→CW,2025-12-28,,20171,20171
2681,58019356,Juan Pablo II,Huinca,20157,L2,V1,2025-12-28 11:25:37,2025-12-28 12:06:04,CC→CW,2025-12-28,,20157,20157
2682,58019832,Cristo Redentor,Concepcion,20162,L2,V1,2025-12-28 12:15:57,2025-12-28 13:00:00,CW→CC,2025-12-28,,20162,20162
2683,58019832,Concepcion,Lomas Coloradas,20171,L2,V1,2025-12-28 15:49:05,2025-12-28 17:00:59,CC→CW,2025-12-28,,20171,20171
2684,58019832,Lomas Coloradas,Cristo Redentor,20183,L2,V1,2025-12-28 20:20:57,2025-12-28 20:41:19,CC→CW,2025-12-28,,20183,20183
2685,58020522,Concepcion,Cristo Redentor,20157,L2,V1,2025-12-28 11:23:03,2025-12-28 12:13:14,CC→CW,2025-12-28,,20157,20157
2686,58020522,Cristo Redentor,Concepcion,20170,L2,V1,2025-12-28 15:37:26,2025-12-28 16:23:50,CW→CC,2025-12-28,,20170,20170
2687,58020920,Los Canelos,Lomas Coloradas,20160,L2,V1,2025-12-28 11:33:38,2025-12-28 11:53:39,CW→CC,2025-12-28,,20160,20160
2688,58020920,Lomas Coloradas,Los Canelos,20187,L2,V1,2025-12-28 21:11:15,2025-12-28 21:41:32,CC→CW,2025-12-28,,20187,20187
2689,58021119,Higueras,Hualqui,20845,L1,V1,2025-12-28 16:08:04,2025-12-28 17:02:06,TH→HQ,2025-12-28,,20845,20845
2690,58021386,Juan Pablo II,Cdal. Raul Silva Henriquez,20171,L2,V1,2025-12-28 16:27:19,2025-12-28 17:04:14,CC→CW,2025-12-28,,20171,20171
2691,58021405,Diagonal Bio Bio,Concepcion,20156,L2,V1,2025-12-28 11:06:21,2025-12-28 11:17:47,CW→CC,2025-12-28,,20156,20156
2692,58021405,Concepcion,Diagonal Bio Bio,20167,L2,V1,2025-12-28 14:25:40,2025-12-28 14:51:14,CC→CW,2025-12-28,,20167,20167
2693,58021406,Concepcion,Laguna Quinenco,20169,L2,V1,2025-12-28 15:32:29,2025-12-28 17:22:00,CC→CW,2025-12-28,,20169,20169
2694,58021406,Laguna Quinenco,Concepcion,20182,L2,V1,2025-12-28 19:05:30,2025-12-28 20:02:09,CW→CC,2025-12-28,,20182,20182
2695,58021873,Lomas Coloradas,Diagonal Bio Bio,20186,L2,V1,2025-12-28 20:21:33,2025-12-28 20:49:54,CW→CC,2025-12-28,,20186,20186
2696,58021882,Lomas Coloradas,Concepcion,20160,L2,V1,2025-12-28 11:42:21,2025-12-28 12:19:15,CW→CC,2025-12-28,,20160,20160
2697,58021883,Los Canelos,Concepcion,20178,L2,V1,2025-12-28 18:23:33,2025-12-28 19:02:37,CW→CC,2025-12-28,,20178,20178
2698,58021912,Los Canelos,Laguna Quinenco,20165,L2,V1,2025-12-28 13:47:04,2025-12-28 13:56:03,CC→CW,2025-12-28,,20165,20165
2699,58021912,Laguna Quinenco,Los Canelos,20168,L2,V1,2025-12-28 14:44:50,2025-12-28 14:57:02,CW→CC,2025-12-28,,20168,20168
2700,58022221,Cristo Redentor,Lomas Coloradas,20156,L2,V1,2025-12-28 10:23:33,2025-12-28 10:57:21,CW→CC,2025-12-28,,20156,20156
2701,58022223,Cristo Redentor,Hito Galvarino,20168,L2,V1,2025-12-28 14:50:29,2025-12-28 15:00:47,CW→CC,2025-12-28,,20168,20168
2702,58022248,Cristo Redentor,Cdal. Raul Silva Henriquez,20160,L2,V1,2025-12-28 11:20:14,2025-12-28 11:51:06,CW→CC,2025-12-28,,20160,20160
2703,58022248,Cdal. Raul Silva Henriquez,Cristo Redentor,20183,L2,V1,2025-12-28 20:16:30,2025-12-28 20:41:13,CC→CW,2025-12-28,,20183,20183
2704,58022656,Los Canelos,Diagonal Bio Bio,20166,L2,V1,2025-12-28 13:57:10,2025-12-28 14:24:01,CW→CC,2025-12-28,,20166,20166
2705,58023080,Concepcion,Concepcion,,,N/A,2025-12-28 16:45:02,2025-12-28 16:46:33,,2025-12-28,no viajo,,
2706,58023629,Cristo Redentor,El Parque,20168,L2,V1,2025-12-28 14:33:57,2025-12-28 15:13:01,CW→CC,2025-12-28,,20168,20168
2707,58023629,El Parque,Los Canelos,20171,L2,V1,2025-12-28 16:42:38,2025-12-28 17:14:06,CC→CW,2025-12-28,,20171,20171
2708,58023995,Laguna Quinenco,Lomas Coloradas,20182,L2,V1,2025-12-28 19:14:02,2025-12-28 19:40:49,CW→CC,2025-12-28,,20182,20182
2709,58024105,Coronel,Juan Pablo II,20170,L2,V1,2025-12-28 15:31:17,2025-12-28 17:28:05,CW→CC,2025-12-28,,20170,20170
2710,58024105,Juan Pablo II,Laguna Quinenco,20173,L2,V1,2025-12-28 17:28:16,2025-12-28 18:11:35,CC→CW,2025-12-28,,20173,20173
2711,58024281,Laguna Quinenco,El Parque,20170,L2,V1,2025-12-28 15:12:21,2025-12-28 16:07:09,CW→CC,2025-12-28,,20170,20170
2712,58024281,El Parque,Laguna Quinenco,20179,L2,V1,2025-12-28 19:11:03,2025-12-28 19:43:08,CC→CW,2025-12-28,,20179,20179
2713,58024327,Concepcion,Laguna Quinenco,20151,L2,V1,2025-12-28 09:15:12,2025-12-28 10:15:34,CC→CW,2025-12-28,,20151,20151
2714,58024327,Laguna Quinenco,Concepcion,20166,L2,V1,2025-12-28 13:30:06,2025-12-28 14:33:43,CW→CC,2025-12-28,,20166,20166
2715,58024697,Los Canelos,Concepcion,20166,L2,V1,2025-12-28 13:50:13,2025-12-28 14:35:16,CW→CC,2025-12-28,,20166,20166
2716,58026268,Concepcion,Manquimavida,20859,L1,V1,2025-12-28 12:48:10,2025-12-28 13:16:21,TH→HQ,2025-12-28,combo_relajado_pase2,20859,20859
2717,58028872,Laguna Quinenco,Concepcion,20162,L2,V1,2025-12-28 12:16:49,2025-12-28 18:53:29,CW→CC,2025-12-28,,20162,20162
2718,58028872,Concepcion,Laguna Quinenco,20179,L2,V1,2025-12-28 18:53:36,2025-12-28 19:43:48,CC→CW,2025-12-28,,20179,20179
2719,58029611,Alborada,Los Canelos,20183,L2,V1,2025-12-28 19:59:27,2025-12-28 20:38:03,CC→CW,2025-12-28,,20183,20183
2720,58029716,Hito Galvarino,Concepcion,20154,L2,V1,2025-12-28 09:48:27,2025-12-28 10:33:20,CW→CC,2025-12-28,,20154,20154
2721,58029716,Concepcion,Hito Galvarino,20167,L2,V1,2025-12-28 14:21:03,2025-12-28 15:06:13,CC→CW,2025-12-28,,20167,20167
2722,58031322,Concepcion,Concepcion,,,N/A,2025-12-28 13:39:28,2025-12-28 13:39:59,,2025-12-28,no viajo,,
2723,58031772,Laguna Quinenco,El Parque,20156,L2,V1,2025-12-28 10:29:00,2025-12-28 11:00:45,CW→CC,2025-12-28,,20156,20156
2724,58031772,El Parque,Laguna Quinenco,20161,L2,V1,2025-12-28 12:24:34,2025-12-28 12:57:02,CC→CW,2025-12-28,,20161,20161
2725,58032368,Cdal. Raul Silva Henriquez,Concepcion,20150,L2,V1,2025-12-28 08:48:29,2025-12-28 09:30:37,CW→CC,2025-12-28,,20150,20150
2726,58032368,Juan Pablo II,Cdal. Raul Silva Henriquez,20157,L2,V1,2025-12-28 11:20:08,2025-12-28 11:53:43,CC→CW,2025-12-28,,20157,20157
2727,58032556,Laguna Quinenco,Huinca,20186,L2,V1,2025-12-28 20:11:44,2025-12-28 20:25:06,CW→CC,2025-12-28,,20186,20186
2728,72786231,Cristo Redentor,Concepcion,20160,L2,V1,2025-12-28 11:34:34,2025-12-28 12:12:47,CW→CC,2025-12-28,,20160,20160
2729,72786231,Concepcion,Cristo Redentor,20187,L2,V1,2025-12-28 20:44:55,2025-12-28 21:44:14,CC→CW,2025-12-28,,20187,20187
2730,83901810,Concepcion,Coronel,20157,L2,V1,2025-12-28 11:16:09,2025-12-28 12:15:02,CC→CW,2025-12-28,,20157,20157
2731,83951036,Cdal. Raul Silva Henriquez,Concepcion,20172,L2,V1,2025-12-28 16:48:20,2025-12-28 17:28:51,CW→CC,2025-12-28,,20172,20172
2732,84224508,Costa Mar,Lomas Coloradas,20169,L2,V1,2025-12-28 15:41:15,2025-12-28 15:50:36,CC→CW,2025-12-28,,20169,20169
2733,84259098,Concepcion,Juan Pablo II,20173,L2,V1,2025-12-28 17:26:57,2025-12-28 17:37:39,CC→CW,2025-12-28,,20173,20173
2734,84259818,Juan Pablo II,Coronel,20151,L2,V1,2025-12-28 09:18:03,2025-12-28 10:17:10,CC→CW,2025-12-28,,20151,20151
2735,84312778,La Leonera,Concepcion,20844,L1,V1,2025-12-28 12:24:20,2025-12-28 13:03:12,HQ→TH,2025-12-28,,20844,20844
2736,84322269,Coronel,Concepcion,20170,L2,V1,2025-12-28 15:34:39,2025-12-28 16:22:37,CW→CC,2025-12-28,,20170,20170
2737,84322269,Concepcion,Coronel,20187,L2,V1,2025-12-28 20:55:28,2025-12-28 21:51:13,CC→CW,2025-12-28,,20187,20187
2738,84323096,Concepcion,Concepcion,,,N/A,2025-12-28 21:02:48,2025-12-28 21:05:48,,2025-12-28,no viajo,,
2739,84332783,Coronel,Concepcion,20186,L2,V1,2025-12-28 20:10:26,2025-12-28 20:59:52,CW→CC,2025-12-28,,20186,20186
2740,84333095,Coronel,Concepcion,20172,L2,V1,2025-12-28 16:37:04,2025-12-28 17:28:53,CW→CC,2025-12-28,,20172,20172
2741,84334139,Concepcion,Cdal. Raul Silva Henriquez,20165,L2,V1,2025-12-28 12:49:10,2025-12-28 13:38:21,CC→CW,2025-12-28,,20165,20165
2742,84334962,Lomas Coloradas,Los Canelos,20171,L2,V1,2025-12-28 16:49:37,2025-12-28 17:13:30,CC→CW,2025-12-28,,20171,20171
2743,84336610,Concepcion,La Leonera,20859,L1,V1,2025-12-28 12:14:03,2025-12-28 13:19:05,TH→HQ,2025-12-28,combo_relajado_pase1,20859,20859
2744,84337585,Concepcion,Cristo Redentor,20171,L2,V1,2025-12-28 16:36:56,2025-12-28 17:17:27,CC→CW,2025-12-28,,20171,20171
2745,84367631,Los Canelos,Juan Pablo II,20172,L2,V1,2025-12-28 16:51:48,2025-12-28 17:22:23,CW→CC,2025-12-28,,20172,20172
2746,85883173,Costa Mar,Huinca,20161,L2,V1,2025-12-28 12:28:48,2025-12-28 12:51:02,CC→CW,2025-12-28,,20161,20161
2747,85883173,Huinca,Costa Mar,20172,L2,V1,2025-12-28 16:46:31,2025-12-28 17:14:24,CW→CC,2025-12-28,,20172,20172
2748,85914465,Concepcion,Costa Mar,20169,L2,V1,2025-12-28 15:21:28,2025-12-28 15:45:07,CC→CW,2025-12-28,,20169,20169
2749,85968438,Alborada,Laguna Quinenco,20179,L2,V1,2025-12-28 19:13:55,2025-12-28 19:42:26,CC→CW,2025-12-28,,20179,20179
2750,96582732,Concepcion,Coronel,20179,L2,V1,2025-12-28 18:39:02,2025-12-28 19:48:06,CC→CW,2025-12-28,,20179,20179
2751,96593831,Concepcion,Los Condores,20848,L1,V1,2025-12-28 20:40:34,2025-12-28 21:20:48,HQ→TH,2025-12-28,combo_por_entrada,20848,20186
2752,96611887,Concepcion,Cristo Redentor,20183,L2,V1,2025-12-28 20:00:09,2025-12-28 20:41:36,CC→CW,2025-12-28,,20183,20183
2753,96636247,Laguna Quinenco,Costa Mar,20182,L2,V1,2025-12-28 19:07:48,2025-12-28 19:46:30,CW→CC,2025-12-28,,20182,20182
2754,100000196,Los Canelos,Laguna Quinenco,20183,L2,V1,2025-12-28 20:17:50,2025-12-28 20:44:34,CC→CW,2025-12-28,,20183,20183
2755,222209037,Coronel,Huinca,20182,L2,V1,2025-12-28 19:13:52,2025-12-28 19:25:45,CW→CC,2025-12-28,,20182,20182
2756,222414656,Lomas Coloradas,Hito Galvarino,20169,L2,V1,2025-12-28 15:08:44,2025-12-28 15:58:48,CC→CW,2025-12-28,,20169,20169
2757,222428842,Cristo Redentor,Concepcion,20150,L2,V1,2025-12-28 08:35:09,2025-12-28 09:30:55,CW→CC,2025-12-28,,20150,20150
2758,222428842,Concepcion,Cristo Redentor,20157,L2,V1,2025-12-28 11:09:53,2025-12-28 12:09:01,CC→CW,2025-12-28,,20157,20157
2759,232089256,Cristo Redentor,Concepcion,20160,L2,V1,2025-12-28 11:32:17,2025-12-28 12:12:58,CW→CC,2025-12-28,,20160,20160
2760,232089256,Concepcion,Cristo Redentor,20167,L2,V1,2025-12-28 14:26:37,2025-12-28 15:14:09,CC→CW,2025-12-28,,20167,20167
2761,232159241,Concepcion,El Parque,20171,L2,V1,2025-12-28 16:36:14,2025-12-28 16:58:46,CC→CW,2025-12-28,,20171,20171
2762,232178784,Lzo. Arenas,Hualqui,20847,L1,V1,2025-12-28 20:18:03,2025-12-28 21:01:42,TH→HQ,2025-12-28,,20847,20847
2763,232187895,Lomas Coloradas,Concepcion,20166,L2,V1,2025-12-28 13:57:05,2025-12-28 14:34:42,CW→CC,2025-12-28,,20166,20166
2764,232208525,Laguna Quinenco,Concepcion,20162,L2,V1,2025-12-28 12:14:02,2025-12-28 12:59:41,CW→CC,2025-12-28,,20162,20162
2765,232208525,Concepcion,Laguna Quinenco,20169,L2,V1,2025-12-28 14:52:21,2025-12-28 16:11:53,CC→CW,2025-12-28,,20169,20169
2766,232208587,Los Canelos,Concepcion,20166,L2,V1,2025-12-28 13:57:52,2025-12-28 14:33:39,CW→CC,2025-12-28,,20166,20166
2767,232208587,Concepcion,Los Canelos,20183,L2,V1,2025-12-28 19:52:15,2025-12-28 20:37:12,CC→CW,2025-12-28,,20183,20183
2768,232227843,Los Canelos,Concepcion,20154,L2,V1,2025-12-28 09:56:53,2025-12-28 10:33:14,CW→CC,2025-12-28,,20154,20154
2769,232227843,Concepcion,Los Canelos,20187,L2,V1,2025-12-28 20:52:21,2025-12-28 21:40:50,CC→CW,2025-12-28,,20187,20187
2770,232232520,Huinca,Concepcion,20156,L2,V1,2025-12-28 10:33:49,2025-12-28 11:17:57,CW→CC,2025-12-28,,20156,20156
2771,232232520,Concepcion,Concepcion,,,N/A,2025-12-28 13:21:06,2025-12-28 13:21:31,,2025-12-28,no viajo,,
2772,232232520,Concepcion,Huinca,20167,L2,V1,2025-12-28 14:22:04,2025-12-28 15:12:24,CC→CW,2025-12-28,,20167,20167
2773,232247065,Concepcion,Hualqui,20859,L1,V1,2025-12-28 11:38:12,2025-12-28 13:30:02,TH→HQ,2025-12-28,combo_relajado_pase1,20859,20859
2774,232248228,Coronel,El Parque,20170,L2,V1,2025-12-28 15:19:23,2025-12-28 16:07:33,CW→CC,2025-12-28,,20170,20170
2775,232248484,Cristo Redentor,Costa Mar,20156,L2,V1,2025-12-28 10:07:17,2025-12-28 11:03:58,CW→CC,2025-12-28,,20156,20156
2776,232248484,Costa Mar,Cristo Redentor,20157,L2,V1,2025-12-28 11:28:57,2025-12-28 12:09:42,CC→CW,2025-12-28,,20157,20157
2777,232256069,Lomas Coloradas,Laguna Quinenco,20165,L2,V1,2025-12-28 13:22:25,2025-12-28 13:56:25,CC→CW,2025-12-28,,20165,20165
2778,232256069,Laguna Quinenco,Lomas Coloradas,20186,L2,V1,2025-12-28 19:40:01,2025-12-28 20:39:18,CW→CC,2025-12-28,,20186,20186
2779,232256843,Cristo Redentor,Costa Mar,20154,L2,V1,2025-12-28 09:39:53,2025-12-28 10:18:08,CW→CC,2025-12-28,,20154,20154
2780,232256843,Costa Mar,Cristo Redentor,20155,L2,V1,2025-12-28 10:34:31,2025-12-28 11:16:11,CC→CW,2025-12-28,,20155,20155
2781,232337709,Los Canelos,Lomas Coloradas,20160,L2,V1,2025-12-28 11:39:38,2025-12-28 11:53:36,CW→CC,2025-12-28,,20160,20160
2782,232337709,Lomas Coloradas,Los Canelos,20183,L2,V1,2025-12-28 20:21:44,2025-12-28 20:36:56,CC→CW,2025-12-28,,20183,20183
2783,232338348,Concepcion,Diagonal Bio Bio,20155,L2,V1,2025-12-28 09:51:37,2025-12-28 10:45:56,CC→CW,2025-12-28,,20155,20155
2784,232367011,Laguna Quinenco,Concepcion,20156,L2,V1,2025-12-28 10:32:27,2025-12-28 11:17:53,CW→CC,2025-12-28,,20156,20156
2785,232367011,Concepcion,Laguna Quinenco,20169,L2,V1,2025-12-28 15:24:50,2025-12-28 16:12:10,CC→CW,2025-12-28,,20169,20169
2786,232367031,Cristo Redentor,Concepcion,20154,L2,V1,2025-12-28 09:53:23,2025-12-28 10:39:17,CW→CC,2025-12-28,,20154,20154
2787,232372982,Diagonal Bio Bio,Costa Mar,20173,L2,V1,2025-12-28 17:05:57,2025-12-28 17:45:24,CC→CW,2025-12-28,,20173,20173
2788,232373066,Huinca,Concepcion,20156,L2,V1,2025-12-28 10:33:50,2025-12-28 11:17:57,CW→CC,2025-12-28,,20156,20156
2789,232373066,Concepcion,Concepcion,,,N/A,2025-12-28 13:21:05,2025-12-28 13:21:38,,2025-12-28,no viajo,,
2790,232373066,Concepcion,Huinca,20167,L2,V1,2025-12-28 14:21:46,2025-12-28 15:12:03,CC→CW,2025-12-28,,20167,20167
2791,232383688,Concepcion,El Parque,20187,L2,V1,2025-12-28 20:48:58,2025-12-28 21:26:46,CC→CW,2025-12-28,combo_relajado_pase1,20187,20187
2792,232385260,Cristo Redentor,Huinca,20170,L2,V1,2025-12-28 15:38:01,2025-12-28 15:49:27,CW→CC,2025-12-28,,20170,20170
2793,232385260,Huinca,Cristo Redentor,20171,L2,V1,2025-12-28 17:11:31,2025-12-28 17:22:49,CC→CW,2025-12-28,,20171,20171
2794,232391093,Alborada,Cdal. Raul Silva Henriquez,20169,L2,V1,2025-12-28 15:39:03,2025-12-28 15:53:18,CC→CW,2025-12-28,,20169,20169
2795,232391093,Cdal. Raul Silva Henriquez,Alborada,20172,L2,V1,2025-12-28 16:51:01,2025-12-28 17:16:54,CW→CC,2025-12-28,,20172,20172
2796,232391582,Concepcion,Los Canelos,20187,L2,V1,2025-12-28 20:36:11,2025-12-28 21:41:20,CC→CW,2025-12-28,,20187,20187
2797,232394864,Concepcion,Cdal. Raul Silva Henriquez,20187,L2,V1,2025-12-28 20:38:28,2025-12-28 21:33:09,CC→CW,2025-12-28,,20187,20187
2798,232409327,Cdal. Raul Silva Henriquez,Juan Pablo II,20168,L2,V1,2025-12-28 14:58:50,2025-12-28 15:21:34,CW→CC,2025-12-28,,20168,20168
2799,232409327,Concepcion,Cdal. Raul Silva Henriquez,20183,L2,V1,2025-12-28 19:47:31,2025-12-28 20:26:55,CC→CW,2025-12-28,,20183,20183
2800,232409351,Cdal. Raul Silva Henriquez,Huinca,20151,L2,V1,2025-12-28 09:41:36,2025-12-28 10:09:15,CC→CW,2025-12-28,,20151,20151
2801,232409351,Huinca,Cdal. Raul Silva Henriquez,20186,L2,V1,2025-12-28 19:49:41,2025-12-28 20:36:18,CW→CC,2025-12-28,,20186,20186
2802,232411116,Lomas Coloradas,Los Canelos,20183,L2,V1,2025-12-28 20:14:23,2025-12-28 20:36:33,CC→CW,2025-12-28,,20183,20183
2803,232412980,Diagonal Bio Bio,Los Canelos,20165,L2,V1,2025-12-28 12:59:01,2025-12-28 13:48:35,CC→CW,2025-12-28,,20165,20165
2804,232412980,Los Canelos,Alborada,20166,L2,V1,2025-12-28 13:49:45,2025-12-28 14:20:39,CW→CC,2025-12-28,,20166,20166
2805,232412981,Concepcion,Cristo Redentor,20177,L2,V1,2025-12-28 18:19:43,2025-12-28 19:10:29,CC→CW,2025-12-28,,20177,20177
2806,232413623,Los Canelos,El Parque,20170,L2,V1,2025-12-28 15:40:12,2025-12-28 16:06:15,CW→CC,2025-12-28,,20170,20170
2807,232413623,El Parque,Los Canelos,20173,L2,V1,2025-12-28 17:28:10,2025-12-28 18:03:52,CC→CW,2025-12-28,,20173,20173
2808,232413626,Cristo Redentor,Concepcion,20162,L2,V1,2025-12-28 12:07:31,2025-12-28 12:59:29,CW→CC,2025-12-28,,20162,20162
2809,232413626,Concepcion,Cristo Redentor,20183,L2,V1,2025-12-28 19:57:19,2025-12-28 20:40:57,CC→CW,2025-12-28,,20183,20183
2810,232414543,Cdal. Raul Silva Henriquez,Cristo Redentor,20161,L2,V1,2025-12-28 12:38:10,2025-12-28 12:54:23,CC→CW,2025-12-28,,20161,20161
2811,232414543,Cristo Redentor,Cdal. Raul Silva Henriquez,20186,L2,V1,2025-12-28 20:19:39,2025-12-28 20:35:53,CW→CC,2025-12-28,,20186,20186
2812,232435034,Concepcion,Lomas Coloradas,20169,L2,V1,2025-12-28 15:15:01,2025-12-28 15:50:10,CC→CW,2025-12-28,,20169,20169
2813,232435034,Cdal. Raul Silva Henriquez,Concepcion,20186,L2,V1,2025-12-28 20:22:14,2025-12-28 21:00:11,CW→CC,2025-12-28,,20186,20186
2814,232447866,Lomas Coloradas,Cristo Redentor,20171,L2,V1,2025-12-28 16:46:33,2025-12-28 17:18:08,CC→CW,2025-12-28,,20171,20171
2815,232448920,Cristo Redentor,Concepcion,20168,L2,V1,2025-12-28 14:37:46,2025-12-28 15:29:10,CW→CC,2025-12-28,,20168,20168
2816,232455257,Coronel,Los Canelos,20162,L2,V1,2025-12-28 12:14:54,2025-12-28 12:26:51,CW→CC,2025-12-28,,20162,20162
2817,232466206,Huinca,Costa Mar,20156,L2,V1,2025-12-28 10:10:11,2025-12-28 11:03:47,CW→CC,2025-12-28,,20156,20156
2818,232471328,El Parque,Concepcion,20150,L2,V1,2025-12-28 09:03:28,2025-12-28 09:31:49,CW→CC,2025-12-28,,20150,20150
2819,232471328,Concepcion,El Parque,20161,L2,V1,2025-12-28 12:11:47,2025-12-28 12:33:42,CC→CW,2025-12-28,,20161,20161
2820,232471328,El Parque,Concepcion,20176,L2,V1,2025-12-28 18:05:42,2025-12-28 18:31:43,CW→CC,2025-12-28,,20176,20176
2821,232471365,Los Canelos,Laguna Quinenco,20183,L2,V1,2025-12-28 20:18:20,2025-12-28 20:43:57,CC→CW,2025-12-28,,20183,20183
2822,232490790,Laguna Quinenco,Concepcion,20154,L2,V1,2025-12-28 09:45:03,2025-12-28 10:39:19,CW→CC,2025-12-28,,20154,20154
2823,232491007,Cdal. Raul Silva Henriquez,Juan Pablo II,20170,L2,V1,2025-12-28 15:52:55,2025-12-28 16:15:50,CW→CC,2025-12-28,,20170,20170
2824,232491007,Juan Pablo II,Cdal. Raul Silva Henriquez,20171,L2,V1,2025-12-28 16:39:29,2025-12-28 17:03:46,CC→CW,2025-12-28,,20171,20171
2825,232498984,Costa Mar,Coronel,20171,L2,V1,2025-12-28 16:46:12,2025-12-28 17:23:24,CC→CW,2025-12-28,,20171,20171
2826,232508925,Diagonal Bio Bio,Cdal. Raul Silva Henriquez,20173,L2,V1,2025-12-28 17:31:34,2025-12-28 17:53:38,CC→CW,2025-12-28,,20173,20173
2827,232572816,Diagonal Bio Bio,Concepcion,20154,L2,V1,2025-12-28 10:21:56,2025-12-28 10:32:46,CW→CC,2025-12-28,,20154,20154
2828,232572816,Concepcion,Diagonal Bio Bio,20157,L2,V1,2025-12-28 11:22:42,2025-12-28 11:40:11,CC→CW,2025-12-28,,20157,20157
2829,232573624,Concepcion,Cristo Redentor,20167,L2,V1,2025-12-28 14:26:10,2025-12-28 15:13:44,CC→CW,2025-12-28,,20167,20167
2830,232573828,Lomas Coloradas,Concepcion,20178,L2,V1,2025-12-28 18:36:40,2025-12-28 18:58:42,CW→CC,2025-12-28,,20178,20178
2831,232575320,Coronel,El Parque,20150,L2,V1,2025-12-28 08:37:19,2025-12-28 09:14:03,CW→CC,2025-12-28,,20150,20150
2832,232575320,El Parque,Laguna Quinenco,20183,L2,V1,2025-12-28 20:08:44,2025-12-28 20:43:57,CC→CW,2025-12-28,,20183,20183
2833,232575489,Laguna Quinenco,Cristo Redentor,20176,L2,V1,2025-12-28 17:38:27,2025-12-28 17:50:10,CW→CC,2025-12-28,,20176,20176
2834,232575767,Los Canelos,Concepcion,20162,L2,V1,2025-12-28 12:20:17,2025-12-28 12:59:38,CW→CC,2025-12-28,,20162,20162
2835,232575767,Concepcion,Los Canelos,20173,L2,V1,2025-12-28 17:24:46,2025-12-28 18:04:19,CC→CW,2025-12-28,,20173,20173
2836,232575767,Los Canelos,Cristo Redentor,20177,L2,V1,2025-12-28 18:52:46,2025-12-28 19:10:00,CC→CW,2025-12-28,,20177,20177
2837,232575915,Huinca,Concepcion,20156,L2,V1,2025-12-28 10:30:49,2025-12-28 11:20:12,CW→CC,2025-12-28,,20156,20156
2838,232575993,Concepcion,Los Canelos,20173,L2,V1,2025-12-28 17:20:03,2025-12-28 18:08:24,CC→CW,2025-12-28,,20173,20173
2839,232575993,Coronel,Concepcion,20182,L2,V1,2025-12-28 18:58:15,2025-12-28 20:01:01,CW→CC,2025-12-28,,20182,20182
2840,232577557,Huinca,El Parque,20176,L2,V1,2025-12-28 17:38:25,2025-12-28 18:09:46,CW→CC,2025-12-28,,20176,20176
2841,232577557,El Parque,Cristo Redentor,20177,L2,V1,2025-12-28 18:45:12,2025-12-28 19:09:39,CC→CW,2025-12-28,,20177,20177
2842,232578786,Concepcion,Huinca,20177,L2,V1,2025-12-28 18:23:04,2025-12-28 19:07:51,CC→CW,2025-12-28,,20177,20177
2843,232580823,Laguna Quinenco,Concepcion,20150,L2,V1,2025-12-28 08:47:18,2025-12-28 09:30:15,CW→CC,2025-12-28,,20150,20150
2844,232580823,Concepcion,Laguna Quinenco,20177,L2,V1,2025-12-28 17:59:15,2025-12-28 19:12:16,CC→CW,2025-12-28,,20177,20177
2845,232580844,Los Canelos,Juan Pablo II,20166,L2,V1,2025-12-28 13:16:12,2025-12-28 14:26:28,CW→CC,2025-12-28,,20166,20166
2846,232580844,Diagonal Bio Bio,Los Canelos,20187,L2,V1,2025-12-28 21:10:38,2025-12-28 21:40:17,CC→CW,2025-12-28,,20187,20187
2847,232581234,Cristo Redentor,Laguna Quinenco,20169,L2,V1,2025-12-28 16:00:58,2025-12-28 16:12:23,CC→CW,2025-12-28,,20169,20169
2848,232581234,Laguna Quinenco,Cristo Redentor,20178,L2,V1,2025-12-28 18:02:35,2025-12-28 18:22:43,CW→CC,2025-12-28,,20178,20178
2849,232581236,Los Canelos,Laguna Quinenco,20161,L2,V1,2025-12-28 12:37:15,2025-12-28 12:57:31,CC→CW,2025-12-28,,20161,20161
2850,232581561,Costa Mar,Cdal. Raul Silva Henriquez,20151,L2,V1,2025-12-28 09:44:32,2025-12-28 09:56:48,CC→CW,2025-12-28,,20151,20151
2851,232581561,Cdal. Raul Silva Henriquez,Costa Mar,20162,L2,V1,2025-12-28 12:14:56,2025-12-28 12:45:27,CW→CC,2025-12-28,,20162,20162
2852,232630303,Lomas Coloradas,Concepcion,20166,L2,V1,2025-12-28 13:57:02,2025-12-28 14:34:47,CW→CC,2025-12-28,,20166,20166
2853,232630314,Lomas Coloradas,Concepcion,20166,L2,V1,2025-12-28 13:57:01,2025-12-28 14:34:44,CW→CC,2025-12-28,,20166,20166
2854,232654881,Concepcion,Lomas Coloradas,20161,L2,V1,2025-12-28 11:45:24,2025-12-28 12:36:39,CC→CW,2025-12-28,,20161,20161
2855,232654966,Cdal. Raul Silva Henriquez,Concepcion,20150,L2,V1,2025-12-28 09:01:08,2025-12-28 09:31:00,CW→CC,2025-12-28,,20150,20150
2856,232655080,Concepcion,Concepcion,,,N/A,2025-12-28 17:33:43,2025-12-28 17:34:14,,2025-12-28,no viajo,,
2857,232655080,Concepcion,Cdal. Raul Silva Henriquez,20179,L2,V1,2025-12-28 18:54:14,2025-12-28 19:25:24,CC→CW,2025-12-28,,20179,20179
2858,232655213,Coronel,Cristo Redentor,20178,L2,V1,2025-12-28 18:01:50,2025-12-28 18:22:49,CW→CC,2025-12-28,,20178,20178
2859,232655213,Huinca,Cdal. Raul Silva Henriquez,20186,L2,V1,2025-12-28 20:13:56,2025-12-28 20:36:23,CW→CC,2025-12-28,,20186,20186
2860,232655632,Laguna Quinenco,Huinca,20172,L2,V1,2025-12-28 16:43:33,2025-12-28 16:55:29,CW→CC,2025-12-28,,20172,20172
2861,232655644,Hito Galvarino,Concepcion,20168,L2,V1,2025-12-28 14:58:48,2025-12-28 15:28:39,CW→CC,2025-12-28,,20168,20168
2862,232655644,Concepcion,Hito Galvarino,20183,L2,V1,2025-12-28 19:55:54,2025-12-28 20:33:12,CC→CW,2025-12-28,,20183,20183
2863,232659159,Cristo Redentor,Lomas Coloradas,20156,L2,V1,2025-12-28 10:17:58,2025-12-28 10:58:11,CW→CC,2025-12-28,,20156,20156
2864,232660902,Diagonal Bio Bio,Laguna Quinenco,20171,L2,V1,2025-12-28 16:49:50,2025-12-28 17:21:47,CC→CW,2025-12-28,,20171,20171
2865,232660902,Laguna Quinenco,Concepcion,20178,L2,V1,2025-12-28 18:14:26,2025-12-28 19:00:47,CW→CC,2025-12-28,,20178,20178
2866,232662502,Costa Mar,Huinca,20187,L2,V1,2025-12-28 21:13:46,2025-12-28 21:42:52,CC→CW,2025-12-28,,20187,20187
2867,232663093,Lomas Coloradas,Juan Pablo II,20166,L2,V1,2025-12-28 14:10:00,2025-12-28 14:25:58,CW→CC,2025-12-28,,20166,20166
2868,232663559,Concepcion,Costa Mar,20173,L2,V1,2025-12-28 17:27:02,2025-12-28 17:46:10,CC→CW,2025-12-28,,20173,20173
2869,242163565,Laguna Quinenco,Hito Galvarino,20186,L2,V1,2025-12-28 19:55:08,2025-12-28 20:29:44,CW→CC,2025-12-28,,20186,20186
2870,242164225,Lomas Coloradas,Los Canelos,20167,L2,V1,2025-12-28 14:53:25,2025-12-28 15:08:59,CC→CW,2025-12-28,,20167,20167
2871,242165447,Concepcion,Cristo Redentor,20161,L2,V1,2025-12-28 12:09:31,2025-12-28 12:54:01,CC→CW,2025-12-28,,20161,20161
2872,242166283,Diagonal Bio Bio,Lomas Coloradas,20183,L2,V1,2025-12-28 20:06:47,2025-12-28 20:22:45,CC→CW,2025-12-28,,20183,20183
2873,242166593,Huinca,Costa Mar,20154,L2,V1,2025-12-28 09:20:48,2025-12-28 10:18:09,CW→CC,2025-12-28,,20154,20154
2874,242178308,Concepcion,UTF Santa Maria,20848,L1,V1,2025-12-28 20:43:22,2025-12-28 21:17:23,HQ→TH,2025-12-28,,20848,20848
2875,242194522,Hito Galvarino,Lomas Coloradas,20154,L2,V1,2025-12-28 09:58:33,2025-12-28 10:12:27,CW→CC,2025-12-28,,20154,20154
2876,242194522,Lomas Coloradas,Hito Galvarino,20155,L2,V1,2025-12-28 10:49:03,2025-12-28 11:06:23,CC→CW,2025-12-28,,20155,20155
2877,242221806,Juan Pablo II,Cdal. Raul Silva Henriquez,20155,L2,V1,2025-12-28 10:37:38,2025-12-28 10:59:55,CC→CW,2025-12-28,,20155,20155
2878,242227498,Cdal. Raul Silva Henriquez,Los Canelos,20167,L2,V1,2025-12-28 14:57:05,2025-12-28 15:08:53,CC→CW,2025-12-28,,20167,20167
2879,242228738,Diagonal Bio Bio,Lomas Coloradas,20187,L2,V1,2025-12-28 21:02:28,2025-12-28 21:28:51,CC→CW,2025-12-28,,20187,20187
2880,242236500,Diagonal Bio Bio,Concepcion,20156,L2,V1,2025-12-28 10:45:52,2025-12-28 11:19:23,CW→CC,2025-12-28,,20156,20156
2881,242236500,Diagonal Bio Bio,Alborada,20179,L2,V1,2025-12-28 19:08:11,2025-12-28 19:15:03,CC→CW,2025-12-28,,20179,20179
2882,242240775,Lomas Coloradas,Juan Pablo II,20154,L2,V1,2025-12-28 10:05:50,2025-12-28 10:26:54,CW→CC,2025-12-28,,20154,20154
2883,242240775,Juan Pablo II,Lomas Coloradas,20187,L2,V1,2025-12-28 20:40:30,2025-12-28 21:29:12,CC→CW,2025-12-28,,20187,20187
2884,242249475,Diagonal Bio Bio,Laguna Quinenco,20169,L2,V1,2025-12-28 15:34:08,2025-12-28 16:11:57,CC→CW,2025-12-28,,20169,20169
2885,242285290,Cristo Redentor,Concepcion,20154,L2,V1,2025-12-28 09:53:20,2025-12-28 10:39:14,CW→CC,2025-12-28,,20154,20154
2886,242285998,Concepcion,Laguna Quinenco,20157,L2,V1,2025-12-28 11:16:08,2025-12-28 12:12:05,CC→CW,2025-12-28,,20157,20157
2887,242286371,Lomas Coloradas,Concepcion,20156,L2,V1,2025-12-28 10:57:18,2025-12-28 12:12:42,CW→CC,2025-12-28,,20156,20156
2888,242286371,Concepcion,Lomas Coloradas,20173,L2,V1,2025-12-28 17:16:26,2025-12-28 17:50:35,CC→CW,2025-12-28,,20173,20173
2889,242289153,Lomas Coloradas,Juan Pablo II,20178,L2,V1,2025-12-28 18:27:25,2025-12-28 18:52:21,CW→CC,2025-12-28,,20178,20178
2890,242291399,Lomas Coloradas,Costa Mar,20172,L2,V1,2025-12-28 16:59:44,2025-12-28 17:14:32,CW→CC,2025-12-28,,20172,20172
2891,242303780,Costa Mar,Coronel,20171,L2,V1,2025-12-28 16:46:13,2025-12-28 17:23:31,CC→CW,2025-12-28,,20171,20171
2892,242340757,Laguna Quinenco,Huinca,20170,L2,V1,2025-12-28 15:38:32,2025-12-28 15:49:13,CW→CC,2025-12-28,,20170,20170
2893,242359333,Huinca,Lomas Coloradas,20170,L2,V1,2025-12-28 15:44:59,2025-12-28 16:03:25,CW→CC,2025-12-28,,20170,20170
2894,242359333,Lomas Coloradas,Huinca,20171,L2,V1,2025-12-28 16:26:54,2025-12-28 17:15:55,CC→CW,2025-12-28,,20171,20171
2895,242367074,Costa Mar,Concepcion,20168,L2,V1,2025-12-28 15:08:33,2025-12-28 15:28:21,CW→CC,2025-12-28,,20168,20168
2896,242367074,Concepcion,Costa Mar,20177,L2,V1,2025-12-28 18:19:30,2025-12-28 18:45:37,CC→CW,2025-12-28,,20177,20177
2897,242376996,Laguna Quinenco,Cristo Redentor,20178,L2,V1,2025-12-28 18:03:49,2025-12-28 18:22:31,CW→CC,2025-12-28,,20178,20178
2898,242376996,Cristo Redentor,Laguna Quinenco,20177,L2,V1,2025-12-28 19:04:05,2025-12-28 19:12:36,CC→CW,2025-12-28,,20177,20177
2899,242383652,El Parque,Concepcion,20168,L2,V1,2025-12-28 15:10:06,2025-12-28 15:28:12,CW→CC,2025-12-28,,20168,20168
2900,242383652,Concepcion,El Parque,20177,L2,V1,2025-12-28 18:19:06,2025-12-28 18:48:34,CC→CW,2025-12-28,,20177,20177
2901,242397263,Huinca,Concepcion,20150,L2,V1,2025-12-28 08:45:32,2025-12-28 09:30:26,CW→CC,2025-12-28,,20150,20150
2902,242397263,Concepcion,Huinca,20161,L2,V1,2025-12-28 11:57:44,2025-12-28 12:51:11,CC→CW,2025-12-28,,20161,20161
2903,242406313,Coronel,El Parque,20176,L2,V1,2025-12-28 17:37:25,2025-12-28 18:10:08,CW→CC,2025-12-28,,20176,20176
2904,242406313,El Parque,Coronel,20183,L2,V1,2025-12-28 19:53:26,2025-12-28 20:47:24,CC→CW,2025-12-28,,20183,20183
2905,242408370,Cdal. Raul Silva Henriquez,Laguna Quinenco,20167,L2,V1,2025-12-28 14:57:10,2025-12-28 15:16:43,CC→CW,2025-12-28,,20167,20167
2906,242408370,Laguna Quinenco,Los Canelos,20176,L2,V1,2025-12-28 17:37:37,2025-12-28 17:54:21,CW→CC,2025-12-28,,20176,20176
2907,242411214,Coronel,Concepcion,20154,L2,V1,2025-12-28 09:48:30,2025-12-28 10:33:10,CW→CC,2025-12-28,,20154,20154
2908,242414779,Coronel,Hito Galvarino,20168,L2,V1,2025-12-28 14:41:29,2025-12-28 15:01:51,CW→CC,2025-12-28,,20168,20168
2909,242414779,Hito Galvarino,Coronel,20177,L2,V1,2025-12-28 18:02:56,2025-12-28 19:15:29,CC→CW,2025-12-28,,20177,20173
2910,242420425,Lomas Coloradas,Concepcion,20170,L2,V1,2025-12-28 16:00:53,2025-12-28 16:24:42,CW→CC,2025-12-28,,20170,20170
2911,242420425,Concepcion,Lomas Coloradas,20183,L2,V1,2025-12-28 19:59:40,2025-12-28 20:22:54,CC→CW,2025-12-28,,20183,20183
2912,242420986,Huinca,Lomas Coloradas,20170,L2,V1,2025-12-28 15:41:10,2025-12-28 16:02:48,CW→CC,2025-12-28,,20170,20170
2913,242420986,Lomas Coloradas,Cristo Redentor,20177,L2,V1,2025-12-28 18:42:22,2025-12-28 19:10:08,CC→CW,2025-12-28,,20177,20177
2914,242427838,Hito Galvarino,Laguna Quinenco,20171,L2,V1,2025-12-28 16:42:52,2025-12-28 17:22:22,CC→CW,2025-12-28,,20171,20171
2915,242443591,Lomas Coloradas,Diagonal Bio Bio,20168,L2,V1,2025-12-28 15:05:49,2025-12-28 15:18:49,CW→CC,2025-12-28,,20168,20168
2916,242443591,Diagonal Bio Bio,Lomas Coloradas,20177,L2,V1,2025-12-28 18:36:08,2025-12-28 18:50:49,CC→CW,2025-12-28,,20177,20177
2917,242444332,Costa Mar,Cristo Redentor,20167,L2,V1,2025-12-28 14:46:18,2025-12-28 15:13:33,CC→CW,2025-12-28,,20167,20167
2918,242445193,Lomas Coloradas,Coronel,20165,L2,V1,2025-12-28 13:32:45,2025-12-28 13:59:39,CC→CW,2025-12-28,,20165,20165
2919,242445193,Lomas Coloradas,Diagonal Bio Bio,20186,L2,V1,2025-12-28 20:36:52,2025-12-28 20:49:20,CW→CC,2025-12-28,,20186,20186
2920,242455765,Costa Mar,Concepcion,20170,L2,V1,2025-12-28 16:07:08,2025-12-28 16:22:07,CW→CC,2025-12-28,,20170,20170
2921,242455765,Concepcion,Costa Mar,20183,L2,V1,2025-12-28 19:25:51,2025-12-28 20:16:52,CC→CW,2025-12-28,,20183,20183
2922,242456294,Costa Mar,Concepcion,20160,L2,V1,2025-12-28 11:29:33,2025-12-28 12:12:44,CW→CC,2025-12-28,,20160,20160
2923,242456503,Diagonal Bio Bio,Cdal. Raul Silva Henriquez,20187,L2,V1,2025-12-28 21:00:13,2025-12-28 21:31:44,CC→CW,2025-12-28,,20187,20187
2924,242457038,Coronel,Concepcion,20182,L2,V1,2025-12-28 19:03:37,2025-12-28 20:01:18,CW→CC,2025-12-28,,20182,20182
2925,242457561,Juan Pablo II,Los Canelos,20157,L2,V1,2025-12-28 11:02:46,2025-12-28 12:03:02,CC→CW,2025-12-28,,20157,20157
2926,242457561,Los Canelos,El Parque,20168,L2,V1,2025-12-28 14:53:42,2025-12-28 15:12:49,CW→CC,2025-12-28,,20168,20168
2927,242457561,El Parque,Juan Pablo II,20172,L2,V1,2025-12-28 16:23:11,2025-12-28 17:22:40,CW→CC,2025-12-28,,20172,20172
2928,242458796,Cristo Redentor,Concepcion,20166,L2,V1,2025-12-28 13:46:45,2025-12-28 14:33:36,CW→CC,2025-12-28,,20166,20166
2929,242458796,Concepcion,Cristo Redentor,20173,L2,V1,2025-12-28 17:16:22,2025-12-28 18:08:12,CC→CW,2025-12-28,,20173,20173
2930,242460030,Lomas Coloradas,Cdal. Raul Silva Henriquez,20165,L2,V1,2025-12-28 13:24:42,2025-12-28 13:38:25,CC→CW,2025-12-28,,20165,20165
2931,242460130,Cdal. Raul Silva Henriquez,Concepcion,20162,L2,V1,2025-12-28 12:29:10,2025-12-28 12:58:47,CW→CC,2025-12-28,,20162,20162
2932,242461608,Los Canelos,Cristo Redentor,20171,L2,V1,2025-12-28 17:08:34,2025-12-28 17:18:51,CC→CW,2025-12-28,,20171,20171
2933,242461661,Lomas Coloradas,Costa Mar,20186,L2,V1,2025-12-28 20:20:59,2025-12-28 20:44:21,CW→CC,2025-12-28,,20186,20186
2934,242477302,Hito Galvarino,Concepcion,20166,L2,V1,2025-12-28 13:59:37,2025-12-28 14:32:42,CW→CC,2025-12-28,,20166,20166
2935,242477302,Concepcion,Hito Galvarino,20173,L2,V1,2025-12-28 17:23:42,2025-12-28 18:00:10,CC→CW,2025-12-28,,20173,20173
2936,242489770,Lomas Coloradas,Concepcion,20172,L2,V1,2025-12-28 17:07:57,2025-12-28 17:29:09,CW→CC,2025-12-28,,20172,20172
2937,242496066,Costa Mar,Lomas Coloradas,20167,L2,V1,2025-12-28 14:16:26,2025-12-28 14:56:53,CC→CW,2025-12-28,,20167,20167
2938,242496066,Lomas Coloradas,Alborada,20172,L2,V1,2025-12-28 16:22:38,2025-12-28 17:16:55,CW→CC,2025-12-28,,20172,20172
2939,242499999,Cdal. Raul Silva Henriquez,Costa Mar,20154,L2,V1,2025-12-28 09:54:53,2025-12-28 10:18:55,CW→CC,2025-12-28,,20154,20154
2940,242499999,Costa Mar,Cdal. Raul Silva Henriquez,20187,L2,V1,2025-12-28 21:16:04,2025-12-28 21:32:51,CC→CW,2025-12-28,,20187,20187
2941,242507691,Lomas Coloradas,Concepcion,20166,L2,V1,2025-12-28 13:59:34,2025-12-28 14:32:15,CW→CC,2025-12-28,,20166,20166
2942,242507691,Concepcion,Lomas Coloradas,20173,L2,V1,2025-12-28 17:23:37,2025-12-28 17:50:05,CC→CW,2025-12-28,,20173,20173
2943,242507728,Alborada,Coronel,20167,L2,V1,2025-12-28 14:47:18,2025-12-28 15:20:55,CC→CW,2025-12-28,,20167,20167
2944,242507741,Concepcion,Huinca,20177,L2,V1,2025-12-28 18:22:28,2025-12-28 19:07:17,CC→CW,2025-12-28,,20177,20177
2945,242507762,Cristo Redentor,Costa Mar,20166,L2,V1,2025-12-28 13:52:27,2025-12-28 14:18:03,CW→CC,2025-12-28,,20166,20166
2946,242507762,Costa Mar,Huinca,20177,L2,V1,2025-12-28 18:41:41,2025-12-28 19:07:26,CC→CW,2025-12-28,,20177,20177
2947,242507776,Cristo Redentor,Hito Galvarino,20182,L2,V1,2025-12-28 19:17:03,2025-12-28 19:32:13,CW→CC,2025-12-28,,20182,20182
2948,242556620,Los Canelos,Concepcion,20166,L2,V1,2025-12-28 13:46:16,2025-12-28 14:33:33,CW→CC,2025-12-28,,20166,20166
2949,242556620,Concepcion,Los Canelos,20173,L2,V1,2025-12-28 17:16:17,2025-12-28 18:04:11,CC→CW,2025-12-28,,20173,20173
2950,242564672,Concepcion,Costa Mar,20167,L2,V1,2025-12-28 14:31:51,2025-12-28 14:51:22,CC→CW,2025-12-28,,20167,20167
2951,242564672,Costa Mar,Cdal. Raul Silva Henriquez,20187,L2,V1,2025-12-28 20:46:00,2025-12-28 21:32:23,CC→CW,2025-12-28,,20187,20187
2952,242565189,Concepcion,Huinca,20167,L2,V1,2025-12-28 14:14:50,2025-12-28 15:11:47,CC→CW,2025-12-28,,20167,20167
2953,242565366,Huinca,Los Canelos,20156,L2,V1,2025-12-28 10:34:54,2025-12-28 12:03:27,CW→CC,2025-12-28,,20156,20156
2954,242574752,Lomas Coloradas,Diagonal Bio Bio,20186,L2,V1,2025-12-28 20:35:38,2025-12-28 20:49:24,CW→CC,2025-12-28,,20186,20186
2955,242575623,Cdal. Raul Silva Henriquez,Cristo Redentor,20165,L2,V1,2025-12-28 13:26:19,2025-12-28 13:53:36,CC→CW,2025-12-28,,20165,20165
2956,242575623,Cristo Redentor,Cdal. Raul Silva Henriquez,20186,L2,V1,2025-12-28 20:05:20,2025-12-28 20:37:16,CW→CC,2025-12-28,,20186,20186
2957,242578407,Lomas Coloradas,Diagonal Bio Bio,20168,L2,V1,2025-12-28 15:01:31,2025-12-28 15:18:39,CW→CC,2025-12-28,,20168,20168
2958,242578407,Diagonal Bio Bio,Lomas Coloradas,20177,L2,V1,2025-12-28 18:36:03,2025-12-28 18:50:47,CC→CW,2025-12-28,,20177,20177
2959,242624256,Concepcion,Cdal. Raul Silva Henriquez,20179,L2,V1,2025-12-28 18:36:59,2025-12-28 19:25:38,CC→CW,2025-12-28,,20179,20177
2960,242624674,Cdal. Raul Silva Henriquez,Concepcion,20160,L2,V1,2025-12-28 11:40:13,2025-12-28 12:12:26,CW→CC,2025-12-28,,20160,20160
2961,242624715,Hito Galvarino,Concepcion,20168,L2,V1,2025-12-28 14:56:38,2025-12-28 15:28:25,CW→CC,2025-12-28,,20168,20168
2962,242624715,Concepcion,Hito Galvarino,20183,L2,V1,2025-12-28 19:55:55,2025-12-28 20:33:02,CC→CW,2025-12-28,,20183,20183
2963,242625870,Cdal. Raul Silva Henriquez,Concepcion,20168,L2,V1,2025-12-28 14:51:47,2025-12-28 15:29:01,CW→CC,2025-12-28,,20168,20168
2964,242625985,El Parque,Diagonal Bio Bio,20176,L2,V1,2025-12-28 17:36:25,2025-12-28 18:18:02,CW→CC,2025-12-28,,20176,20176
2965,242626020,Lomas Coloradas,Costa Mar,20156,L2,V1,2025-12-28 10:45:38,2025-12-28 11:03:55,CW→CC,2025-12-28,,20156,20156
2966,242626692,Mercado,Hualqui,20857,L1,V1,2025-12-28 08:26:09,2025-12-28 09:37:30,TH→HQ,2025-12-28,,20857,20857
2967,242628945,Hito Galvarino,Laguna Quinenco,20157,L2,V1,2025-12-28 11:46:43,2025-12-28 12:12:35,CC→CW,2025-12-28,,20157,20157
2968,242628945,Laguna Quinenco,Hito Galvarino,20178,L2,V1,2025-12-28 18:13:24,2025-12-28 18:30:21,CW→CC,2025-12-28,,20178,20178
2969,242628950,Huinca,Concepcion,20168,L2,V1,2025-12-28 14:46:54,2025-12-28 15:29:01,CW→CC,2025-12-28,,20168,20168
2970,242629040,Concepcion,Mercado,20844,L1,V1,2025-12-28 11:15:08,2025-12-28 13:26:53,HQ→TH,2025-12-28,combo_por_entrada,20844,20844
2971,242629040,Concepcion,Coronel,20171,L2,V1,2025-12-28 16:14:30,2025-12-28 17:24:48,CC→CW,2025-12-28,,20171,20171
2972,242629157,Coronel,Diagonal Bio Bio,20178,L2,V1,2025-12-28 18:10:22,2025-12-28 18:48:59,CW→CC,2025-12-28,,20178,20178
2973,242629248,Cristo Redentor,Concepcion,20166,L2,V1,2025-12-28 13:52:27,2025-12-28 14:33:39,CW→CC,2025-12-28,,20166,20166
2974,242632213,Cristo Redentor,Concepcion,20172,L2,V1,2025-12-28 16:44:01,2025-12-28 17:28:47,CW→CC,2025-12-28,,20172,20172
2975,242632213,Concepcion,Cristo Redentor,20179,L2,V1,2025-12-28 18:48:39,2025-12-28 19:40:29,CC→CW,2025-12-28,,20179,20179
2976,242632222,Concepcion,Los Canelos,20177,L2,V1,2025-12-28 17:51:54,2025-12-28 19:05:29,CC→CW,2025-12-28,,20177,20177
2977,242632229,Concepcion,Los Canelos,20177,L2,V1,2025-12-28 17:51:53,2025-12-28 19:05:32,CC→CW,2025-12-28,,20177,20177
2978,242632240,Los Canelos,Alborada,20150,L2,V1,2025-12-28 08:43:26,2025-12-28 09:18:36,CW→CC,2025-12-28,,20150,20150
2979,242632240,Alborada,Los Canelos,20179,L2,V1,2025-12-28 18:55:24,2025-12-28 19:35:18,CC→CW,2025-12-28,,20179,20179
2980,242633837,Los Canelos,Cristo Redentor,20167,L2,V1,2025-12-28 15:04:42,2025-12-28 15:14:20,CC→CW,2025-12-28,,20167,20167
2981,242633837,Los Canelos,Hito Galvarino,20182,L2,V1,2025-12-28 19:25:44,2025-12-28 19:34:57,CW→CC,2025-12-28,,20182,20182
2982,242633837,Hito Galvarino,Los Canelos,20187,L2,V1,2025-12-28 21:25:36,2025-12-28 21:40:45,CC→CW,2025-12-28,,20187,20187
2983,242634522,Cristo Redentor,Laguna Quinenco,20167,L2,V1,2025-12-28 14:54:11,2025-12-28 15:17:50,CC→CW,2025-12-28,,20167,20167
2984,242636472,Costa Mar,Lomas Coloradas,20167,L2,V1,2025-12-28 14:06:24,2025-12-28 14:56:50,CC→CW,2025-12-28,,20167,20167
2985,242636472,Lomas Coloradas,Alborada,20172,L2,V1,2025-12-28 16:22:22,2025-12-28 17:16:49,CW→CC,2025-12-28,,20172,20172
2986,242636942,Cristo Redentor,Hito Galvarino,20178,L2,V1,2025-12-28 18:09:36,2025-12-28 18:29:33,CW→CC,2025-12-28,,20178,20178
2987,242637144,Hito Galvarino,Concepcion,20162,L2,V1,2025-12-28 12:18:47,2025-12-28 12:59:21,CW→CC,2025-12-28,,20162,20162
2988,242637144,Concepcion,Hito Galvarino,20173,L2,V1,2025-12-28 17:08:49,2025-12-28 18:00:31,CC→CW,2025-12-28,,20173,20173
2989,242637217,Laguna Quinenco,Concepcion,20160,L2,V1,2025-12-28 10:58:53,2025-12-28 12:13:15,CW→CC,2025-12-28,,20160,20160
2990,242669969,Lomas Coloradas,Juan Pablo II,20166,L2,V1,2025-12-28 14:09:40,2025-12-28 14:26:21,CW→CC,2025-12-28,,20166,20166
2991,242669969,Juan Pablo II,Lomas Coloradas,20187,L2,V1,2025-12-28 21:04:05,2025-12-28 21:30:10,CC→CW,2025-12-28,,20187,20187
2992,242670428,Los Canelos,El Parque,20150,L2,V1,2025-12-28 08:56:46,2025-12-28 09:18:38,CW→CC,2025-12-28,,20150,20150
2993,242670428,El Parque,Hito Galvarino,20157,L2,V1,2025-12-28 11:34:25,2025-12-28 12:00:06,CC→CW,2025-12-28,,20157,20157
2994,242672712,Coronel,Juan Pablo II,20150,L2,V1,2025-12-28 08:32:48,2025-12-28 09:23:44,CW→CC,2025-12-28,,20150,20150
2995,242672712,Juan Pablo II,Coronel,20169,L2,V1,2025-12-28 14:47:39,2025-12-28 16:16:01,CC→CW,2025-12-28,,20169,20167
2996,242686051,Alborada,Huinca,20157,L2,V1,2025-12-28 11:41:23,2025-12-28 12:06:21,CC→CW,2025-12-28,,20157,20157
2997,242686443,Alborada,Costa Mar,20165,L2,V1,2025-12-28 13:25:53,2025-12-28 13:30:27,CC→CW,2025-12-28,,20165,20165
2998,242686570,Concepcion,Coronel,20171,L2,V1,2025-12-28 16:01:14,2025-12-28 17:23:26,CC→CW,2025-12-28,combo_por_entrada,20171,20171
2999,242687049,El Parque,Laguna Quinenco,20177,L2,V1,2025-12-28 18:37:44,2025-12-28 19:12:43,CC→CW,2025-12-28,,20177,20177
3000,242687099,Huinca,Concepcion,20176,L2,V1,2025-12-28 17:47:25,2025-12-28 18:26:43,CW→CC,2025-12-28,,20176,20176
3001,242687148,Concepcion,Huinca,20169,L2,V1,2025-12-28 15:17:28,2025-12-28 16:05:51,CC→CW,2025-12-28,,20169,20169
3002,242687543,Cdal. Raul Silva Henriquez,Concepcion,20162,L2,V1,2025-12-28 12:35:32,2025-12-28 14:33:32,CW→CC,2025-12-28,,20162,20162
3003,242697060,Los Canelos,Concepcion,20186,L2,V1,2025-12-28 20:17:28,2025-12-28 21:01:05,CW→CC,2025-12-28,,20186,20186
3004,242697518,Los Canelos,Concepcion,20150,L2,V1,2025-12-28 08:26:35,2025-12-28 09:30:20,CW→CC,2025-12-28,,20150,20150
3005,242697518,Concepcion,Los Canelos,20179,L2,V1,2025-12-28 18:41:23,2025-12-28 19:35:32,CC→CW,2025-12-28,,20179,20179
3006,242697663,Cristo Redentor,Los Canelos,20182,L2,V1,2025-12-28 19:04:11,2025-12-28 19:28:33,CW→CC,2025-12-28,,20182,20182
3007,242704587,Mercado,Hualqui,20857,L1,V1,2025-12-28 08:26:04,2025-12-28 09:36:49,TH→HQ,2025-12-28,,20857,20857
3008,242707758,Costa Mar,Hito Galvarino,20173,L2,V1,2025-12-28 17:37:04,2025-12-28 18:00:20,CC→CW,2025-12-28,,20173,20173
3009,242707758,Hito Galvarino,Concepcion,20186,L2,V1,2025-12-28 20:28:15,2025-12-28 20:59:11,CW→CC,2025-12-28,,20186,20186
3010,242707814,Cdal. Raul Silva Henriquez,Concepcion,20172,L2,V1,2025-12-28 16:45:31,2025-12-28 17:30:18,CW→CC,2025-12-28,,20172,20172
3011,242707815,Concepcion,Lomas Coloradas,20187,L2,V1,2025-12-28 20:21:29,2025-12-28 21:29:01,CC→CW,2025-12-28,,20187,20187
3012,242708054,Huinca,Laguna Quinenco,20167,L2,V1,2025-12-28 15:10:29,2025-12-28 15:17:02,CC→CW,2025-12-28,,20167,20167
3013,242708054,Laguna Quinenco,Huinca,20170,L2,V1,2025-12-28 15:38:40,2025-12-28 15:49:17,CW→CC,2025-12-28,,20170,20170
3014,242708154,Cdal. Raul Silva Henriquez,Alborada,20160,L2,V1,2025-12-28 11:45:00,2025-12-28 12:01:13,CW→CC,2025-12-28,,20160,20160
3015,242708336,Los Canelos,Cristo Redentor,20167,L2,V1,2025-12-28 15:04:28,2025-12-28 15:14:19,CC→CW,2025-12-28,,20167,20167
3016,242708336,Los Canelos,Hito Galvarino,20182,L2,V1,2025-12-28 19:25:45,2025-12-28 19:34:49,CW→CC,2025-12-28,,20182,20182
3017,242708421,Hito Galvarino,Laguna Quinenco,20167,L2,V1,2025-12-28 14:52:39,2025-12-28 15:16:49,CC→CW,2025-12-28,,20167,20167
3018,242708421,Laguna Quinenco,Los Canelos,20176,L2,V1,2025-12-28 17:37:34,2025-12-28 17:54:14,CW→CC,2025-12-28,,20176,20176
3019,242708541,Concepcion,Lomas Coloradas,20169,L2,V1,2025-12-28 15:25:56,2025-12-28 15:50:50,CC→CW,2025-12-28,,20169,20169
3020,242708578,Huinca,Concepcion,20168,L2,V1,2025-12-28 14:51:11,2025-12-28 15:27:45,CW→CC,2025-12-28,,20168,20168
3021,242708578,Concepcion,Huinca,20171,L2,V1,2025-12-28 16:17:31,2025-12-28 17:15:32,CC→CW,2025-12-28,,20171,20171
3022,242710511,Cdal. Raul Silva Henriquez,Concepcion,20150,L2,V1,2025-12-28 08:56:07,2025-12-28 09:31:18,CW→CC,2025-12-28,,20150,20150
3023,242710511,Concepcion,Cdal. Raul Silva Henriquez,20187,L2,V1,2025-12-28 19:55:42,2025-12-28 21:32:59,CC→CW,2025-12-28,combo_por_entrada,20187,20187
3024,242711009,Cristo Redentor,Concepcion,20154,L2,V1,2025-12-28 09:45:36,2025-12-28 10:33:02,CW→CC,2025-12-28,,20154,20154
3025,242711009,Concepcion,Cristo Redentor,20169,L2,V1,2025-12-28 15:23:40,2025-12-28 16:08:58,CC→CW,2025-12-28,,20169,20169
3026,242712586,Cdal. Raul Silva Henriquez,Coronel,20171,L2,V1,2025-12-28 16:57:46,2025-12-28 17:23:35,CC→CW,2025-12-28,,20171,20171
3027,242717130,Lomas Coloradas,Juan Pablo II,20150,L2,V1,2025-12-28 09:03:01,2025-12-28 09:23:33,CW→CC,2025-12-28,,20150,20150
3028,242717130,Juan Pablo II,Lomas Coloradas,20183,L2,V1,2025-12-28 20:03:22,2025-12-28 20:22:41,CC→CW,2025-12-28,,20183,20183
3029,242723731,Coronel,Concepcion,20166,L2,V1,2025-12-28 13:48:13,2025-12-28 14:38:26,CW→CC,2025-12-28,,20166,20166
3030,242723731,Concepcion,Laguna Quinenco,20169,L2,V1,2025-12-28 15:27:44,2025-12-28 16:12:46,CC→CW,2025-12-28,,20169,20169
3031,242724148,Concepcion,Los Canelos,20173,L2,V1,2025-12-28 17:18:35,2025-12-28 18:03:28,CC→CW,2025-12-28,,20173,20173
3032,242725562,Concepcion,Mercado,20844,L1,V1,2025-12-28 11:15:12,2025-12-28 13:27:04,HQ→TH,2025-12-28,combo_por_entrada,20844,20844
3033,242725562,Concepcion,Coronel,20171,L2,V1,2025-12-28 15:59:21,2025-12-28 17:25:56,CC→CW,2025-12-28,,20171,20171
3034,242726407,Los Canelos,Concepcion,20170,L2,V1,2025-12-28 15:48:37,2025-12-28 16:23:06,CW→CC,2025-12-28,,20170,20170
3035,242726407,Concepcion,Los Canelos,20179,L2,V1,2025-12-28 19:00:09,2025-12-28 19:35:22,CC→CW,2025-12-28,,20179,20179
3036,242727705,Los Canelos,Cristo Redentor,20165,L2,V1,2025-12-28 13:46:30,2025-12-28 13:53:51,CC→CW,2025-12-28,,20165,20165
3037,242727705,Cristo Redentor,Los Canelos,20186,L2,V1,2025-12-28 20:05:18,2025-12-28 20:26:48,CW→CC,2025-12-28,,20186,20186
3038,242727753,Juan Pablo II,Lomas Coloradas,20187,L2,V1,2025-12-28 21:07:59,2025-12-28 21:29:20,CC→CW,2025-12-28,,20187,20187
3039,252019243,Cdal. Raul Silva Henriquez,Concepcion,20160,L2,V1,2025-12-28 11:44:18,2025-12-28 12:12:27,CW→CC,2025-12-28,,20160,20160
3040,252019243,Concepcion,Cdal. Raul Silva Henriquez,20171,L2,V1,2025-12-28 15:57:06,2025-12-28 17:03:33,CC→CW,2025-12-28,combo_por_entrada,20171,20845
3041,252027671,Coronel,Concepcion,20186,L2,V1,2025-12-28 19:58:02,2025-12-28 20:59:42,CW→CC,2025-12-28,,20186,20186
3042,252036544,Lomas Coloradas,Coronel,20165,L2,V1,2025-12-28 13:31:55,2025-12-28 14:00:04,CC→CW,2025-12-28,,20165,20165
3043,252036544,Coronel,Lomas Coloradas,20186,L2,V1,2025-12-28 19:52:23,2025-12-28 20:39:57,CW→CC,2025-12-28,,20186,20186
3044,252037134,Concepcion,Cdal. Raul Silva Henriquez,20183,L2,V1,2025-12-28 20:00:29,2025-12-28 20:27:08,CC→CW,2025-12-28,,20183,20183
3045,252037336,Huinca,Concepcion,20154,L2,V1,2025-12-28 09:51:38,2025-12-28 10:33:28,CW→CC,2025-12-28,,20154,20154
3046,252037336,Concepcion,Huinca,20167,L2,V1,2025-12-28 14:28:08,2025-12-28 15:12:40,CC→CW,2025-12-28,,20167,20167
3047,252037420,Laguna Quinenco,Los Canelos,20182,L2,V1,2025-12-28 19:15:50,2025-12-28 19:27:55,CW→CC,2025-12-28,,20182,20182
3048,252037461,Cristo Redentor,Concepcion,20162,L2,V1,2025-12-28 12:19:31,2025-12-28 12:58:51,CW→CC,2025-12-28,,20162,20162
3049,252037461,Concepcion,Cristo Redentor,20173,L2,V1,2025-12-28 17:28:01,2025-12-28 18:08:27,CC→CW,2025-12-28,,20173,20173
3050,252043454,Cristo Redentor,Concepcion,20172,L2,V1,2025-12-28 16:49:43,2025-12-28 17:29:25,CW→CC,2025-12-28,,20172,20172
3051,252043454,Concepcion,Cristo Redentor,20183,L2,V1,2025-12-28 19:47:44,2025-12-28 20:41:55,CC→CW,2025-12-28,,20183,20183
3052,252043993,Juan Pablo II,Lomas Coloradas,20187,L2,V1,2025-12-28 21:10:37,2025-12-28 21:30:10,CC→CW,2025-12-28,,20187,20187
3053,252044085,Concepcion,Lomas Coloradas,20187,L2,V1,2025-12-28 20:53:52,2025-12-28 21:29:25,CC→CW,2025-12-28,,20187,20187
3054,252044175,Coronel,Concepcion,20150,L2,V1,2025-12-28 08:42:02,2025-12-28 09:30:48,CW→CC,2025-12-28,,20150,20150
3055,252044570,Huinca,Concepcion,20162,L2,V1,2025-12-28 12:11:51,2025-12-28 12:59:31,CW→CC,2025-12-28,,20162,20162
3056,252045168,Costa Mar,Los Canelos,20177,L2,V1,2025-12-28 18:12:57,2025-12-28 19:04:14,CC→CW,2025-12-28,,20177,20177
3057,252045934,Concepcion,Coronel,20151,L2,V1,2025-12-28 08:51:47,2025-12-28 10:17:00,CC→CW,2025-12-28,,20151,20151
3058,252045934,Coronel,Concepcion,20186,L2,V1,2025-12-28 19:57:59,2025-12-28 20:59:47,CW→CC,2025-12-28,,20186,20186
3059,252050038,Laguna Quinenco,Concepcion,20178,L2,V1,2025-12-28 18:06:26,2025-12-28 18:59:20,CW→CC,2025-12-28,,20178,20178
3060,252066251,Concepcion,Juan Pablo II,20171,L2,V1,2025-12-28 16:35:58,2025-12-28 16:47:07,CC→CW,2025-12-28,,20171,20171
3061,252072628,Cristo Redentor,Concepcion,20168,L2,V1,2025-12-28 14:41:51,2025-12-28 15:28:31,CW→CC,2025-12-28,,20168,20168
3062,252072694,Concepcion,Juan Pablo II,20155,L2,V1,2025-12-28 09:48:18,2025-12-28 10:44:22,CC→CW,2025-12-28,,20155,20155
3063,252072694,Juan Pablo II,Concepcion,20176,L2,V1,2025-12-28 18:19:30,2025-12-28 18:32:13,CW→CC,2025-12-28,,20176,20176
3064,252077101,Concepcion,Costa Mar,20187,L2,V1,2025-12-28 20:58:37,2025-12-28 21:24:26,CC→CW,2025-12-28,,20187,20187
3065,252077424,Laguna Quinenco,Los Canelos,20176,L2,V1,2025-12-28 17:38:41,2025-12-28 17:54:57,CW→CC,2025-12-28,,20176,20176
3066,252077443,El Parque,Cdal. Raul Silva Henriquez,20155,L2,V1,2025-12-28 10:33:24,2025-12-28 11:00:13,CC→CW,2025-12-28,,20155,20155
3067,252081743,Cdal. Raul Silva Henriquez,Juan Pablo II,20160,L2,V1,2025-12-28 11:45:03,2025-12-28 12:06:26,CW→CC,2025-12-28,,20160,20160
3068,252081743,Juan Pablo II,Cdal. Raul Silva Henriquez,20173,L2,V1,2025-12-28 17:28:22,2025-12-28 17:53:15,CC→CW,2025-12-28,,20173,20173
3069,252085611,Lomas Coloradas,Costa Mar,20168,L2,V1,2025-12-28 14:54:08,2025-12-28 15:14:57,CW→CC,2025-12-28,,20168,20168
3070,252087866,Huinca,Laguna Quinenco,20165,L2,V1,2025-12-28 13:37:12,2025-12-28 13:56:30,CC→CW,2025-12-28,,20165,20165
3071,252089149,Juan Pablo II,Cdal. Raul Silva Henriquez,20187,L2,V1,2025-12-28 21:11:16,2025-12-28 21:32:13,CC→CW,2025-12-28,,20187,20187
3072,252096345,Concepcion,Laguna Quinenco,20161,L2,V1,2025-12-28 11:52:06,2025-12-28 12:57:27,CC→CW,2025-12-28,,20161,20161
3073,252096363,Cristo Redentor,Concepcion,20172,L2,V1,2025-12-28 16:46:48,2025-12-28 17:29:29,CW→CC,2025-12-28,,20172,20172
3074,252096363,Concepcion,Laguna Quinenco,20183,L2,V1,2025-12-28 19:47:39,2025-12-28 20:47:10,CC→CW,2025-12-28,,20183,20183
3075,252102580,Lomas Coloradas,Coronel,20155,L2,V1,2025-12-28 10:39:46,2025-12-28 11:19:44,CC→CW,2025-12-28,,20155,20155
3076,252102580,Coronel,Costa Mar,20178,L2,V1,2025-12-28 18:12:21,2025-12-28 18:43:30,CW→CC,2025-12-28,,20178,20178
3077,252102831,Los Canelos,Coronel,20171,L2,V1,2025-12-28 17:11:10,2025-12-28 17:23:44,CC→CW,2025-12-28,,20171,20171
3078,252103931,Cdal. Raul Silva Henriquez,Concepcion,20162,L2,V1,2025-12-28 12:31:04,2025-12-28 12:58:46,CW→CC,2025-12-28,,20162,20162
3079,252103931,Concepcion,Cdal. Raul Silva Henriquez,20169,L2,V1,2025-12-28 15:14:39,2025-12-28 15:53:09,CC→CW,2025-12-28,,20169,20169
3080,252111925,Hito Galvarino,Concepcion,20168,L2,V1,2025-12-28 14:57:02,2025-12-28 15:28:02,CW→CC,2025-12-28,,20168,20168
3081,252115388,Huinca,Concepcion,20168,L2,V1,2025-12-28 14:49:54,2025-12-28 15:28:30,CW→CC,2025-12-28,,20168,20168
3082,252121633,Huinca,Diagonal Bio Bio,20156,L2,V1,2025-12-28 10:39:29,2025-12-28 11:07:56,CW→CC,2025-12-28,,20156,20156
3083,252123784,Cdal. Raul Silva Henriquez,Costa Mar,20156,L2,V1,2025-12-28 10:49:20,2025-12-28 11:03:49,CW→CC,2025-12-28,,20156,20156
3084,252125193,Concepcion,Lomas Coloradas,20179,L2,V1,2025-12-28 18:41:03,2025-12-28 19:22:39,CC→CW,2025-12-28,,20179,20179
3085,252125310,Concepcion,Coronel,20187,L2,V1,2025-12-28 20:45:40,2025-12-28 21:49:56,CC→CW,2025-12-28,,20187,20187
3086,252125600,Laguna Quinenco,Concepcion,20182,L2,V1,2025-12-28 19:16:54,2025-12-28 20:06:56,CW→CC,2025-12-28,,20182,20182
3087,252126568,Concepcion,Cdal. Raul Silva Henriquez,20173,L2,V1,2025-12-28 17:08:20,2025-12-28 17:53:14,CC→CW,2025-12-28,,20173,20173
3088,252126798,Cristo Redentor,El Parque,20160,L2,V1,2025-12-28 11:34:30,2025-12-28 11:56:48,CW→CC,2025-12-28,,20160,20160
3089,252126798,El Parque,Huinca,20187,L2,V1,2025-12-28 20:34:10,2025-12-28 21:42:27,CC→CW,2025-12-28,,20187,20187
3090,252126896,Cdal. Raul Silva Henriquez,Concepcion,20156,L2,V1,2025-12-28 10:50:04,2025-12-28 11:18:08,CW→CC,2025-12-28,,20156,20156
3091,252126967,Cristo Redentor,Concepcion,20154,L2,V1,2025-12-28 09:05:49,2025-12-28 10:32:44,CW→CC,2025-12-28,,20154,20154
3092,252126967,Concepcion,Cristo Redentor,20183,L2,V1,2025-12-28 19:40:09,2025-12-28 21:46:57,CC→CW,2025-12-28,,20183,20183
3093,252128048,Cristo Redentor,Concepcion,20162,L2,V1,2025-12-28 12:13:09,2025-12-28 12:59:42,CW→CC,2025-12-28,,20162,20162
3094,252128817,Cristo Redentor,Costa Mar,20166,L2,V1,2025-12-28 13:30:30,2025-12-28 14:18:37,CW→CC,2025-12-28,,20166,20166
3095,252148386,Concepcion,Costa Mar,20183,L2,V1,2025-12-28 20:00:16,2025-12-28 20:17:22,CC→CW,2025-12-28,,20183,20183
3096,252148490,Hito Galvarino,Costa Mar,20166,L2,V1,2025-12-28 14:02:32,2025-12-28 14:18:07,CW→CC,2025-12-28,,20166,20166
3097,252148490,Costa Mar,Hito Galvarino,20171,L2,V1,2025-12-28 16:27:12,2025-12-28 17:10:09,CC→CW,2025-12-28,,20171,20171
3098,252148490,Hito Galvarino,Concepcion,20186,L2,V1,2025-12-28 20:18:49,2025-12-28 21:01:10,CW→CC,2025-12-28,,20186,20186
3099,252148582,Costa Mar,Concepcion,20182,L2,V1,2025-12-28 19:32:09,2025-12-28 20:00:42,CW→CC,2025-12-28,,20182,20182
3100,252148643,Concepcion,Coronel,20187,L2,V1,2025-12-28 20:48:01,2025-12-28 21:49:44,CC→CW,2025-12-28,,20187,20187
3101,252148693,Cdal. Raul Silva Henriquez,Juan Pablo II,20162,L2,V1,2025-12-28 12:30:42,2025-12-28 12:52:20,CW→CC,2025-12-28,,20162,20162
3102,252148693,Concepcion,Cdal. Raul Silva Henriquez,20177,L2,V1,2025-12-28 17:58:08,2025-12-28 18:54:25,CC→CW,2025-12-28,,20177,20177
3103,252149035,Coronel,Concepcion,20168,L2,V1,2025-12-28 14:37:14,2025-12-28 15:28:24,CW→CC,2025-12-28,,20168,20168
3104,252149533,Hito Galvarino,Juan Pablo II,20172,L2,V1,2025-12-28 16:46:48,2025-12-28 17:22:06,CW→CC,2025-12-28,,20172,20172
3105,252149533,Juan Pablo II,Hito Galvarino,20187,L2,V1,2025-12-28 21:07:33,2025-12-28 21:37:36,CC→CW,2025-12-28,,20187,20187
3106,252149766,Lomas Coloradas,Concepcion,20150,L2,V1,2025-12-28 09:03:33,2025-12-28 09:30:36,CW→CC,2025-12-28,,20150,20150
3107,252149766,Concepcion,Lomas Coloradas,20161,L2,V1,2025-12-28 11:43:00,2025-12-28 12:36:32,CC→CW,2025-12-28,,20161,20161
3108,252150225,Laguna Quinenco,Concepcion,20176,L2,V1,2025-12-28 17:44:49,2025-12-28 18:27:30,CW→CC,2025-12-28,,20176,20176
3109,252150472,Juan Pablo II,El Parque,20183,L2,V1,2025-12-28 20:00:32,2025-12-28 20:20:20,CC→CW,2025-12-28,,20183,20183
3110,252151121,Los Canelos,Concepcion,20154,L2,V1,2025-12-28 09:58:54,2025-12-28 10:33:03,CW→CC,2025-12-28,,20154,20154
3111,252151121,Concepcion,Concepcion,,,N/A,2025-12-28 13:03:45,2025-12-28 13:04:58,,2025-12-28,no viajo,,
3112,252151209,La Leonera,Concepcion,20844,L1,V1,2025-12-28 12:24:18,2025-12-28 13:03:15,HQ→TH,2025-12-28,,20844,20844
3113,252163826,Concepcion,Los Canelos,20155,L2,V1,2025-12-28 10:05:27,2025-12-28 11:09:11,CC→CW,2025-12-28,,20155,20155
3114,252163934,Costa Mar,Concepcion,20170,L2,V1,2025-12-28 16:06:55,2025-12-28 16:22:22,CW→CC,2025-12-28,,20170,20170
3115,252163934,Concepcion,Costa Mar,20183,L2,V1,2025-12-28 19:57:35,2025-12-28 20:16:38,CC→CW,2025-12-28,,20183,20183
3116,252163971,Concepcion,Concepcion,,,N/A,2025-12-28 17:11:45,2025-12-28 17:12:24,,2025-12-28,no viajo,,
3117,252163971,Concepcion,Los Canelos,20177,L2,V1,2025-12-28 18:09:44,2025-12-28 19:05:17,CC→CW,2025-12-28,,20177,20177
3118,252164312,Coronel,Concepcion,20182,L2,V1,2025-12-28 18:52:24,2025-12-28 20:03:54,CW→CC,2025-12-28,,20182,20182
3119,252169345,Coronel,Concepcion,20150,L2,V1,2025-12-28 08:40:11,2025-12-28 09:30:54,CW→CC,2025-12-28,,20150,20150
3120,252169747,Cdal. Raul Silva Henriquez,Juan Pablo II,20156,L2,V1,2025-12-28 10:52:25,2025-12-28 11:11:02,CW→CC,2025-12-28,,20156,20156
3121,252169747,Concepcion,Cdal. Raul Silva Henriquez,20173,L2,V1,2025-12-28 17:16:36,2025-12-28 17:53:29,CC→CW,2025-12-28,,20173,20173
3122,252170380,Cdal. Raul Silva Henriquez,Los Canelos,20177,L2,V1,2025-12-28 18:46:05,2025-12-28 19:04:45,CC→CW,2025-12-28,,20177,20177
3123,252170763,El Parque,Los Canelos,20183,L2,V1,2025-12-28 20:03:37,2025-12-28 20:36:53,CC→CW,2025-12-28,,20183,20183
3124,252170837,Cristo Redentor,Concepcion,20178,L2,V1,2025-12-28 18:19:39,2025-12-28 19:00:07,CW→CC,2025-12-28,,20178,20178
3125,252198663,Lomas Coloradas,Los Canelos,20177,L2,V1,2025-12-28 18:42:32,2025-12-28 19:04:31,CC→CW,2025-12-28,,20177,20177
3126,252203583,Higueras,Concepcion,20859,L1,V1,2025-12-28 12:33:59,2025-12-28 12:55:24,TH→HQ,2025-12-28,,20859,20859
3127,252203642,Juan Pablo II,Cristo Redentor,20183,L2,V1,2025-12-28 19:51:14,2025-12-28 20:41:59,CC→CW,2025-12-28,,20183,20183
3128,252205374,Los Canelos,Concepcion,20172,L2,V1,2025-12-28 16:49:03,2025-12-28 17:28:41,CW→CC,2025-12-28,,20172,20172
3129,252213006,Laguna Quinenco,Concepcion,20150,L2,V1,2025-12-28 08:44:04,2025-12-28 09:30:58,CW→CC,2025-12-28,,20150,20150
3130,252219646,Cdal. Raul Silva Henriquez,Hito Galvarino,20171,L2,V1,2025-12-28 17:02:21,2025-12-28 17:10:03,CC→CW,2025-12-28,,20171,20171
3131,252222262,Concepcion,Cristo Redentor,20183,L2,V1,2025-12-28 19:50:03,2025-12-28 20:41:36,CC→CW,2025-12-28,,20183,20183
3132,252223158,Coronel,Lomas Coloradas,20186,L2,V1,2025-12-28 20:12:45,2025-12-28 20:38:36,CW→CC,2025-12-28,,20186,20186
3133,252225872,Laguna Quinenco,Diagonal Bio Bio,20156,L2,V1,2025-12-28 10:24:26,2025-12-28 11:07:33,CW→CC,2025-12-28,,20156,20156
3134,252227475,Lomas Coloradas,Los Canelos,20157,L2,V1,2025-12-28 11:25:01,2025-12-28 12:03:21,CC→CW,2025-12-28,,20157,20157
3135,252227475,Los Canelos,Lomas Coloradas,20186,L2,V1,2025-12-28 20:06:12,2025-12-28 20:38:53,CW→CC,2025-12-28,,20186,20186
3136,252233924,Laguna Quinenco,Concepcion,20166,L2,V1,2025-12-28 13:51:24,2025-12-28 14:34:22,CW→CC,2025-12-28,,20166,20166
3137,252235499,Los Canelos,Concepcion,20166,L2,V1,2025-12-28 13:55:09,2025-12-28 14:33:34,CW→CC,2025-12-28,,20166,20166
3138,252235499,Concepcion,Los Canelos,20187,L2,V1,2025-12-28 20:12:35,2025-12-28 21:40:08,CC→CW,2025-12-28,,20187,20187
3139,252235936,Concepcion,Coronel,20179,L2,V1,2025-12-28 18:58:50,2025-12-28 19:46:00,CC→CW,2025-12-28,,20179,20179
3140,252249610,Concepcion,Cdal. Raul Silva Henriquez,20187,L2,V1,2025-12-28 20:37:16,2025-12-28 21:31:47,CC→CW,2025-12-28,,20187,20187
3141,252249648,Laguna Quinenco,Concepcion,20176,L2,V1,2025-12-28 17:35:57,2025-12-28 18:27:13,CW→CC,2025-12-28,,20176,20176
3142,252249648,Concepcion,Huinca,20187,L2,V1,2025-12-28 20:50:28,2025-12-28 21:43:18,CC→CW,2025-12-28,,20187,20187
3143,252249983,Huinca,Concepcion,20156,L2,V1,2025-12-28 10:38:04,2025-12-28 11:18:29,CW→CC,2025-12-28,,20156,20156
3144,252249983,Concepcion,Huinca,20169,L2,V1,2025-12-28 14:55:26,2025-12-28 16:05:12,CC→CW,2025-12-28,,20169,20169
3145,252251447,El Parque,Cristo Redentor,20177,L2,V1,2025-12-28 18:01:40,2025-12-28 19:10:12,CC→CW,2025-12-28,,20177,20177
3146,252264600,Los Canelos,Concepcion,20160,L2,V1,2025-12-28 11:32:50,2025-12-28 12:13:20,CW→CC,2025-12-28,,20160,20160
3147,252264600,Concepcion,Los Canelos,20183,L2,V1,2025-12-28 19:58:52,2025-12-28 20:36:55,CC→CW,2025-12-28,,20183,20183
3148,252264728,Laguna Quinenco,Hito Galvarino,20172,L2,V1,2025-12-28 16:31:23,2025-12-28 17:00:52,CW→CC,2025-12-28,,20172,20172
3149,252264990,Huinca,Cristo Redentor,20173,L2,V1,2025-12-28 18:00:28,2025-12-28 18:08:17,CC→CW,2025-12-28,,20173,20173
3150,252264999,El Parque,Laguna Quinenco,20183,L2,V1,2025-12-28 20:17:31,2025-12-28 20:43:50,CC→CW,2025-12-28,,20183,20183
3151,252265393,Juan Pablo II,Cristo Redentor,20183,L2,V1,2025-12-28 20:05:50,2025-12-28 20:40:43,CC→CW,2025-12-28,,20183,20183
3152,252265559,Cristo Redentor,Laguna Quinenco,20173,L2,V1,2025-12-28 18:06:08,2025-12-28 18:10:19,CC→CW,2025-12-28,,20173,20173
3153,252265594,Pedro Medina,Concepcion,20846,L1,V1,2025-12-28 16:41:57,2025-12-28 17:42:07,HQ→TH,2025-12-28,,20846,20846
3154,252265655,Concepcion,Laguna Quinenco,20179,L2,V1,2025-12-28 18:55:16,2025-12-28 19:43:37,CC→CW,2025-12-28,,20179,20179
3155,252265656,Huinca,Diagonal Bio Bio,20156,L2,V1,2025-12-28 10:39:24,2025-12-28 11:08:11,CW→CC,2025-12-28,,20156,20156
3156,252265656,Diagonal Bio Bio,Huinca,20183,L2,V1,2025-12-28 20:03:26,2025-12-28 20:39:19,CC→CW,2025-12-28,,20183,20183
3157,252266078,Los Canelos,Concepcion,20168,L2,V1,2025-12-28 14:50:20,2025-12-28 15:29:10,CW→CC,2025-12-28,,20168,20168
3158,252266078,Concepcion,Los Canelos,20179,L2,V1,2025-12-28 18:58:03,2025-12-28 19:35:48,CC→CW,2025-12-28,,20179,20179
3159,252266284,Cdal. Raul Silva Henriquez,Los Canelos,20177,L2,V1,2025-12-28 18:48:31,2025-12-28 19:04:43,CC→CW,2025-12-28,,20177,20177
3160,252266332,Cristo Redentor,Laguna Quinenco,20161,L2,V1,2025-12-28 12:29:49,2025-12-28 12:57:10,CC→CW,2025-12-28,,20161,20161
3161,252266332,Laguna Quinenco,Cristo Redentor,20186,L2,V1,2025-12-28 19:42:44,2025-12-28 20:22:21,CW→CC,2025-12-28,,20186,20186
3162,252266376,Concepcion,El Parque,20165,L2,V1,2025-12-28 13:07:15,2025-12-28 13:32:52,CC→CW,2025-12-28,,20165,20165
3163,252266376,El Parque,Concepcion,20168,L2,V1,2025-12-28 14:24:55,2025-12-28 15:29:33,CW→CC,2025-12-28,,20168,20168
3164,252266404,Pedro Medina,Concepcion,20850,L1,V1,2025-12-28 09:38:58,2025-12-28 10:54:26,HQ→TH,2025-12-28,combo_por_entrada,20850,20850
3165,252266404,El Parque,Concepcion,20160,L2,V1,2025-12-28 11:54:33,2025-12-28 12:13:10,CW→CC,2025-12-28,,20160,20160
3166,252266416,Los Canelos,Concepcion,20154,L2,V1,2025-12-28 09:55:57,2025-12-28 10:32:54,CW→CC,2025-12-28,,20154,20154
3167,252266416,Concepcion,Los Canelos,20177,L2,V1,2025-12-28 18:21:27,2025-12-28 19:05:10,CC→CW,2025-12-28,,20177,20177
3168,252266641,Laguna Quinenco,Costa Mar,20160,L2,V1,2025-12-28 11:26:39,2025-12-28 11:58:59,CW→CC,2025-12-28,,20160,20160
3169,252266641,Costa Mar,Cristo Redentor,20173,L2,V1,2025-12-28 17:34:59,2025-12-28 18:07:56,CC→CW,2025-12-28,,20173,20173
3170,252266758,Concepcion,Alborada,20169,L2,V1,2025-12-28 15:18:47,2025-12-28 15:43:19,CC→CW,2025-12-28,,20169,20169
3171,252271138,Costa Mar,Cdal. Raul Silva Henriquez,20169,L2,V1,2025-12-28 15:43:22,2025-12-28 15:53:08,CC→CW,2025-12-28,,20169,20169
3172,252271321,Concepcion,El Parque,20155,L2,V1,2025-12-28 09:38:55,2025-12-28 10:54:35,CC→CW,2025-12-28,combo_por_entrada,20155,20155
3173,252271321,El Parque,Concepcion,20160,L2,V1,2025-12-28 11:54:33,2025-12-28 12:13:13,CW→CC,2025-12-28,,20160,20160
3174,252271321,Pedro Medina,La Leonera,20845,L1,V1,2025-12-28 16:37:38,2025-12-28 16:49:16,TH→HQ,2025-12-28,,20845,20845
3175,252275397,Coronel,Huinca,20176,L2,V1,2025-12-28 17:25:02,2025-12-28 17:52:10,CW→CC,2025-12-28,,20176,20176
3176,252277138,Juan Pablo II,Coronel,20171,L2,V1,2025-12-28 16:28:18,2025-12-28 17:24:02,CC→CW,2025-12-28,,20171,20171
3177,252286395,Laguna Quinenco,Concepcion,20170,L2,V1,2025-12-28 15:42:08,2025-12-28 16:23:01,CW→CC,2025-12-28,,20170,20170
3178,252287372,Los Canelos,Laguna Quinenco,20157,L2,V1,2025-12-28 11:20:55,2025-12-28 12:56:44,CC→CW,2025-12-28,,20157,20157
3179,252287423,Huinca,Concepcion,20154,L2,V1,2025-12-28 09:53:01,2025-12-28 10:33:24,CW→CC,2025-12-28,,20154,20154
3180,252287423,Concepcion,Huinca,20167,L2,V1,2025-12-28 14:28:07,2025-12-28 15:12:37,CC→CW,2025-12-28,,20167,20167
3181,252287872,Concepcion,Laguna Quinenco,20167,L2,V1,2025-12-28 14:29:25,2025-12-28 15:16:40,CC→CW,2025-12-28,,20167,20167
3182,252287928,Los Canelos,Concepcion,20168,L2,V1,2025-12-28 14:49:07,2025-12-28 15:35:30,CW→CC,2025-12-28,,20168,20168
3183,252288286,Lomas Coloradas,Cristo Redentor,20161,L2,V1,2025-12-28 12:31:27,2025-12-28 12:54:16,CC→CW,2025-12-28,,20161,20161
3184,252288286,Coronel,Lomas Coloradas,20170,L2,V1,2025-12-28 15:38:05,2025-12-28 16:02:34,CW→CC,2025-12-28,,20170,20170
3185,252299023,Cdal. Raul Silva Henriquez,Concepcion,20150,L2,V1,2025-12-28 09:03:52,2025-12-28 09:31:07,CW→CC,2025-12-28,,20150,20150
3186,252299023,Concepcion,Cdal. Raul Silva Henriquez,20173,L2,V1,2025-12-28 17:30:00,2025-12-28 17:56:02,CC→CW,2025-12-28,,20173,20173
3187,252299166,Coronel,Concepcion,20154,L2,V1,2025-12-28 09:47:38,2025-12-28 10:33:27,CW→CC,2025-12-28,,20154,20154
3188,252299166,Concepcion,Cristo Redentor,20167,L2,V1,2025-12-28 14:32:00,2025-12-28 15:13:32,CC→CW,2025-12-28,,20167,20167
3189,252299273,Cristo Redentor,Concepcion,20154,L2,V1,2025-12-28 09:49:22,2025-12-28 10:32:36,CW→CC,2025-12-28,,20154,20154
3190,252299273,Concepcion,Cristo Redentor,20171,L2,V1,2025-12-28 15:42:36,2025-12-28 17:18:11,CC→CW,2025-12-28,,20171,20171
3191,252310599,Laguna Quinenco,Concepcion,20160,L2,V1,2025-12-28 11:21:39,2025-12-28 12:13:14,CW→CC,2025-12-28,,20160,20160
3192,252310599,Concepcion,Laguna Quinenco,20169,L2,V1,2025-12-28 15:00:14,2025-12-28 16:13:38,CC→CW,2025-12-28,,20169,20169
3193,252310669,Laguna Quinenco,Concepcion,20162,L2,V1,2025-12-28 12:12:02,2025-12-28 18:50:02,CW→CC,2025-12-28,,20162,20162
3194,252310669,Concepcion,Laguna Quinenco,20179,L2,V1,2025-12-28 18:50:07,2025-12-28 19:43:46,CC→CW,2025-12-28,,20179,20179
3195,252314521,Cristo Redentor,Concepcion,20166,L2,V1,2025-12-28 13:46:20,2025-12-28 14:33:19,CW→CC,2025-12-28,,20166,20166
3196,252314521,Concepcion,Cristo Redentor,20183,L2,V1,2025-12-28 19:45:12,2025-12-28 20:41:17,CC→CW,2025-12-28,,20183,20183
3197,252322883,Cdal. Raul Silva Henriquez,Diagonal Bio Bio,20186,L2,V1,2025-12-28 20:32:08,2025-12-28 20:49:26,CW→CC,2025-12-28,,20186,20186
3198,252322903,Cdal. Raul Silva Henriquez,El Parque,20172,L2,V1,2025-12-28 16:59:20,2025-12-28 17:12:31,CW→CC,2025-12-28,,20172,20172
3199,252322903,El Parque,Cdal. Raul Silva Henriquez,20177,L2,V1,2025-12-28 18:32:49,2025-12-28 18:54:06,CC→CW,2025-12-28,,20177,20177
3200,252322903,Cdal. Raul Silva Henriquez,Huinca,20187,L2,V1,2025-12-28 21:20:52,2025-12-28 21:42:45,CC→CW,2025-12-28,,20187,20187
3201,252323020,Los Canelos,Concepcion,20162,L2,V1,2025-12-28 12:23:23,2025-12-28 12:59:47,CW→CC,2025-12-28,,20162,20162
3202,252323544,Cdal. Raul Silva Henriquez,Coronel,20151,L2,V1,2025-12-28 09:44:58,2025-12-28 10:17:05,CC→CW,2025-12-28,,20151,20151
3203,252323544,Coronel,Cdal. Raul Silva Henriquez,20182,L2,V1,2025-12-28 19:05:47,2025-12-28 19:38:21,CW→CC,2025-12-28,,20182,20182
3204,252323616,Concepcion,Cristo Redentor,20171,L2,V1,2025-12-28 16:26:29,2025-12-28 17:18:52,CC→CW,2025-12-28,,20171,20171
3205,252323681,Costa Mar,Cristo Redentor,20151,L2,V1,2025-12-28 09:40:08,2025-12-28 10:11:37,CC→CW,2025-12-28,,20151,20151
3206,252323803,Cristo Redentor,Costa Mar,20170,L2,V1,2025-12-28 15:38:44,2025-12-28 16:08:28,CW→CC,2025-12-28,,20170,20170
3207,252323803,Costa Mar,Cristo Redentor,20171,L2,V1,2025-12-28 16:36:21,2025-12-28 17:18:06,CC→CW,2025-12-28,,20171,20171
3208,252323871,Los Canelos,Costa Mar,20150,L2,V1,2025-12-28 08:44:18,2025-12-28 09:16:08,CW→CC,2025-12-28,,20150,20150
3209,252323871,Costa Mar,Los Canelos,20183,L2,V1,2025-12-28 20:06:26,2025-12-28 20:36:21,CC→CW,2025-12-28,,20183,20183
3210,252327553,Concepcion,Laguna Quinenco,20161,L2,V1,2025-12-28 11:56:26,2025-12-28 13:00:16,CC→CW,2025-12-28,,20161,20161
3211,252327888,Cdal. Raul Silva Henriquez,Laguna Quinenco,20155,L2,V1,2025-12-28 10:49:00,2025-12-28 11:16:51,CC→CW,2025-12-28,,20155,20155
3212,252328478,Concepcion,Laguna Quinenco,20171,L2,V1,2025-12-28 16:37:27,2025-12-28 17:20:32,CC→CW,2025-12-28,,20171,20171
3213,252332374,Concepcion,Coronel,20173,L2,V1,2025-12-28 17:17:32,2025-12-28 18:13:45,CC→CW,2025-12-28,,20173,20173
3214,252332509,Concepcion,Cdal. Raul Silva Henriquez,20171,L2,V1,2025-12-28 16:20:45,2025-12-28 17:04:00,CC→CW,2025-12-28,,20171,20171
3215,252335246,Lomas Coloradas,Concepcion,20156,L2,V1,2025-12-28 10:55:23,2025-12-28 12:12:46,CW→CC,2025-12-28,,20156,20156
3216,252335246,Concepcion,Lomas Coloradas,20173,L2,V1,2025-12-28 17:16:28,2025-12-28 17:50:40,CC→CW,2025-12-28,,20173,20173
3217,252335292,Concepcion,Laguna Quinenco,20173,L2,V1,2025-12-28 17:27:19,2025-12-28 18:10:33,CC→CW,2025-12-28,,20173,20173
3218,252337203,Concepcion,El Parque,20165,L2,V1,2025-12-28 13:02:14,2025-12-28 13:32:34,CC→CW,2025-12-28,,20165,20165
3219,252337203,Concepcion,La Leonera,20845,L1,V1,2025-12-28 15:46:08,2025-12-28 16:49:03,TH→HQ,2025-12-28,combo_por_entrada,20845,20845
3220,252340094,Lomas Coloradas,Costa Mar,20168,L2,V1,2025-12-28 14:54:07,2025-12-28 15:15:03,CW→CC,2025-12-28,,20168,20168
3221,252343364,Cristo Redentor,Juan Pablo II,20176,L2,V1,2025-12-28 17:45:02,2025-12-28 18:21:06,CW→CC,2025-12-28,,20176,20176
3222,252344752,Hito Galvarino,Laguna Quinenco,20167,L2,V1,2025-12-28 14:54:15,2025-12-28 15:17:34,CC→CW,2025-12-28,,20167,20167
3223,252344752,Laguna Quinenco,Hito Galvarino,20186,L2,V1,2025-12-28 19:51:44,2025-12-28 20:30:01,CW→CC,2025-12-28,,20186,20186
3224,252346085,Concepcion,Lomas Coloradas,20179,L2,V1,2025-12-28 18:44:09,2025-12-28 19:24:01,CC→CW,2025-12-28,,20179,20179
3225,252350098,Lomas Coloradas,Diagonal Bio Bio,20156,L2,V1,2025-12-28 10:54:02,2025-12-28 11:07:29,CW→CC,2025-12-28,,20156,20156
3226,252350098,Diagonal Bio Bio,Lomas Coloradas,20187,L2,V1,2025-12-28 20:28:36,2025-12-28 21:29:05,CC→CW,2025-12-28,,20187,20187
3227,252367080,Coronel,Huinca,20176,L2,V1,2025-12-28 17:25:04,2025-12-28 17:52:11,CW→CC,2025-12-28,,20176,20176
3228,252367200,Lomas Coloradas,Juan Pablo II,20156,L2,V1,2025-12-28 10:55:58,2025-12-28 11:11:23,CW→CC,2025-12-28,,20156,20156
3229,252367200,Diagonal Bio Bio,Lomas Coloradas,20183,L2,V1,2025-12-28 20:03:48,2025-12-28 20:23:00,CC→CW,2025-12-28,,20183,20183
3230,252367266,Los Canelos,Concepcion,20156,L2,V1,2025-12-28 10:31:12,2025-12-28 11:18:49,CW→CC,2025-12-28,,20156,20156
3231,252367266,Concepcion,Lomas Coloradas,20169,L2,V1,2025-12-28 14:41:16,2025-12-28 15:50:48,CC→CW,2025-12-28,,20169,20167
3232,252367266,Lomas Coloradas,Los Canelos,20187,L2,V1,2025-12-28 20:44:51,2025-12-28 21:40:43,CC→CW,2025-12-28,,20187,20187
3233,252367273,Coronel,Concepcion,20172,L2,V1,2025-12-28 16:22:52,2025-12-28 17:28:15,CW→CC,2025-12-28,,20172,20172
3234,252367887,Diagonal Bio Bio,Hito Galvarino,20187,L2,V1,2025-12-28 21:07:58,2025-12-28 21:37:33,CC→CW,2025-12-28,,20187,20187
3235,252368401,Concepcion,Cristo Redentor,20179,L2,V1,2025-12-28 18:49:14,2025-12-28 19:42:09,CC→CW,2025-12-28,,20179,20179
3236,252368738,Cdal. Raul Silva Henriquez,Concepcion,20170,L2,V1,2025-12-28 15:55:26,2025-12-28 16:22:13,CW→CC,2025-12-28,,20170,20170
3237,252368825,Diagonal Bio Bio,Hito Galvarino,20183,L2,V1,2025-12-28 19:54:53,2025-12-28 20:32:21,CC→CW,2025-12-28,,20183,20183
3238,252369003,Cristo Redentor,Costa Mar,20172,L2,V1,2025-12-28 16:48:11,2025-12-28 17:14:46,CW→CC,2025-12-28,,20172,20172
3239,252369234,Cristo Redentor,Concepcion,20172,L2,V1,2025-12-28 16:48:10,2025-12-28 17:29:06,CW→CC,2025-12-28,,20172,20172
3240,252371031,El Parque,Concepcion,20166,L2,V1,2025-12-28 13:43:15,2025-12-28 14:33:29,CW→CC,2025-12-28,,20166,20166
3241,252371244,Los Canelos,Laguna Quinenco,20161,L2,V1,2025-12-28 12:37:12,2025-12-28 12:57:24,CC→CW,2025-12-28,,20161,20161
3242,252371258,Concepcion,Coronel,20171,L2,V1,2025-12-28 16:30:22,2025-12-28 17:23:22,CC→CW,2025-12-28,,20171,20171
3243,252371290,Los Canelos,Concepcion,20154,L2,V1,2025-12-28 09:44:57,2025-12-28 10:33:11,CW→CC,2025-12-28,,20154,20154
3244,252371290,Concepcion,Los Canelos,20171,L2,V1,2025-12-28 16:33:49,2025-12-28 17:13:36,CC→CW,2025-12-28,,20171,20171
3245,252371762,Cdal. Raul Silva Henriquez,Diagonal Bio Bio,20160,L2,V1,2025-12-28 11:45:48,2025-12-28 12:03:49,CW→CC,2025-12-28,,20160,20160
3246,252372036,Laguna Quinenco,Concepcion,20162,L2,V1,2025-12-28 12:04:43,2025-12-28 12:59:50,CW→CC,2025-12-28,,20162,20162
3247,252372036,Concepcion,Laguna Quinenco,20171,L2,V1,2025-12-28 16:29:40,2025-12-28 17:20:19,CC→CW,2025-12-28,,20171,20171
3248,252372093,Hito Galvarino,Lomas Coloradas,20172,L2,V1,2025-12-28 16:56:14,2025-12-28 17:09:31,CW→CC,2025-12-28,,20172,20172
3249,252372111,Coronel,Concepcion,20176,L2,V1,2025-12-28 17:30:12,2025-12-28 18:26:58,CW→CC,2025-12-28,,20176,20176
3250,252372112,Concepcion,Cdal. Raul Silva Henriquez,20187,L2,V1,2025-12-28 20:44:43,2025-12-28 21:32:11,CC→CW,2025-12-28,,20187,20187
3251,252372353,Concepcion,Cristo Redentor,20177,L2,V1,2025-12-28 17:49:05,2025-12-28 19:10:05,CC→CW,2025-12-28,,20177,20177
3252,252372625,Concepcion,Laguna Quinenco,20179,L2,V1,2025-12-28 19:01:21,2025-12-28 19:44:47,CC→CW,2025-12-28,,20179,20179
3253,252372795,Cristo Redentor,Laguna Quinenco,20167,L2,V1,2025-12-28 15:04:40,2025-12-28 15:16:58,CC→CW,2025-12-28,,20167,20167
3254,252372795,Laguna Quinenco,Cristo Redentor,20186,L2,V1,2025-12-28 19:58:53,2025-12-28 20:22:00,CW→CC,2025-12-28,,20186,20186
3255,252372803,Cristo Redentor,Laguna Quinenco,20167,L2,V1,2025-12-28 15:04:40,2025-12-28 15:17:02,CC→CW,2025-12-28,,20167,20167
3256,252372803,Laguna Quinenco,Cristo Redentor,20186,L2,V1,2025-12-28 19:58:53,2025-12-28 20:21:59,CW→CC,2025-12-28,,20186,20186
3257,252373129,Cristo Redentor,Lomas Coloradas,20168,L2,V1,2025-12-28 14:35:04,2025-12-28 15:09:38,CW→CC,2025-12-28,,20168,20168
3258,252373129,Cdal. Raul Silva Henriquez,Cristo Redentor,20183,L2,V1,2025-12-28 20:21:54,2025-12-28 20:42:02,CC→CW,2025-12-28,,20183,20183
3259,252373169,Diagonal Bio Bio,Laguna Quinenco,20165,L2,V1,2025-12-28 13:21:17,2025-12-28 13:57:08,CC→CW,2025-12-28,,20165,20165
3260,252373260,Los Canelos,Diagonal Bio Bio,20154,L2,V1,2025-12-28 09:55:17,2025-12-28 10:23:46,CW→CC,2025-12-28,,20154,20154
3261,252373343,Laguna Quinenco,Hito Galvarino,20172,L2,V1,2025-12-28 16:39:42,2025-12-28 17:00:48,CW→CC,2025-12-28,,20172,20172
3262,252373349,Cristo Redentor,Juan Pablo II,20156,L2,V1,2025-12-28 10:34:24,2025-12-28 11:11:28,CW→CC,2025-12-28,,20156,20156
3263,252373349,Diagonal Bio Bio,Cristo Redentor,20183,L2,V1,2025-12-28 20:03:47,2025-12-28 20:41:10,CC→CW,2025-12-28,,20183,20183
3264,252373773,Lomas Coloradas,Costa Mar,20160,L2,V1,2025-12-28 11:45:53,2025-12-28 11:58:39,CW→CC,2025-12-28,,20160,20160
3265,252373929,Diagonal Bio Bio,Laguna Quinenco,20171,L2,V1,2025-12-28 16:49:40,2025-12-28 17:21:54,CC→CW,2025-12-28,,20171,20171
3266,252373929,Laguna Quinenco,Concepcion,20178,L2,V1,2025-12-28 18:14:34,2025-12-28 19:00:54,CW→CC,2025-12-28,,20178,20178
3267,252374757,Concepcion,Coronel,20165,L2,V1,2025-12-28 12:59:02,2025-12-28 13:59:33,CC→CW,2025-12-28,,20165,20165
3268,252374830,Juan Pablo II,Huinca,20165,L2,V1,2025-12-28 13:05:38,2025-12-28 13:50:37,CC→CW,2025-12-28,,20165,20165
3269,252375050,Concepcion,Concepcion,,,N/A,2025-12-28 17:49:18,2025-12-28 17:50:41,,2025-12-28,no viajo,,
3270,252375876,Hito Galvarino,Los Canelos,20169,L2,V1,2025-12-28 15:25:07,2025-12-28 16:03:18,CC→CW,2025-12-28,,20169,20169
3271,252375876,Huinca,Costa Mar,20176,L2,V1,2025-12-28 17:40:42,2025-12-28 18:11:56,CW→CC,2025-12-28,,20176,20176
3272,252375885,Coronel,Concepcion,20162,L2,V1,2025-12-28 12:04:47,2025-12-28 12:58:55,CW→CC,2025-12-28,,20162,20162
3273,252375885,Concepcion,Coronel,20179,L2,V1,2025-12-28 18:55:11,2025-12-28 19:45:43,CC→CW,2025-12-28,,20179,20179
3274,252386050,Cdal. Raul Silva Henriquez,Costa Mar,20156,L2,V1,2025-12-28 10:50:36,2025-12-28 11:04:23,CW→CC,2025-12-28,,20156,20156
3275,252386162,Coronel,Concepcion,20156,L2,V1,2025-12-28 10:14:02,2025-12-28 11:17:50,CW→CC,2025-12-28,,20156,20156
3276,252386162,Concepcion,Los Canelos,20161,L2,V1,2025-12-28 12:09:24,2025-12-28 12:48:55,CC→CW,2025-12-28,,20161,20161
3277,252389069,Cristo Redentor,Los Canelos,20170,L2,V1,2025-12-28 15:35:06,2025-12-28 15:51:00,CW→CC,2025-12-28,,20170,20170
3278,252389343,Concepcion,Lomas Coloradas,20183,L2,V1,2025-12-28 19:45:47,2025-12-28 20:23:08,CC→CW,2025-12-28,,20183,20183
3279,252389600,Laguna Quinenco,Costa Mar,20176,L2,V1,2025-12-28 17:46:17,2025-12-28 18:12:01,CW→CC,2025-12-28,,20176,20176
3280,252391171,Hito Galvarino,Laguna Quinenco,20169,L2,V1,2025-12-28 15:53:29,2025-12-28 16:12:43,CC→CW,2025-12-28,,20169,20169
3281,252391584,Hito Galvarino,Concepcion,20162,L2,V1,2025-12-28 12:20:48,2025-12-28 12:59:45,CW→CC,2025-12-28,,20162,20162
3282,252391633,Cristo Redentor,Lomas Coloradas,20162,L2,V1,2025-12-28 11:43:28,2025-12-28 12:39:11,CW→CC,2025-12-28,,20162,20162
3283,252391693,Lomas Coloradas,Laguna Quinenco,20167,L2,V1,2025-12-28 14:35:17,2025-12-28 15:16:26,CC→CW,2025-12-28,,20167,20167
3284,252391693,Laguna Quinenco,Los Canelos,20170,L2,V1,2025-12-28 15:39:36,2025-12-28 15:50:07,CW→CC,2025-12-28,,20170,20170
3285,252392063,Hualqui,El Arenal,20846,L1,V1,2025-12-28 16:52:25,2025-12-28 17:56:15,HQ→TH,2025-12-28,,20846,20846
3286,252392082,Coronel,Concepcion,20170,L2,V1,2025-12-28 15:36:59,2025-12-28 16:21:57,CW→CC,2025-12-28,,20170,20170
3287,252392136,Concepcion,Cdal. Raul Silva Henriquez,20183,L2,V1,2025-12-28 19:55:06,2025-12-28 20:26:37,CC→CW,2025-12-28,,20183,20183
3288,252392148,El Parque,Concepcion,20166,L2,V1,2025-12-28 14:09:23,2025-12-28 14:32:44,CW→CC,2025-12-28,,20166,20166
3289,252392148,Concepcion,El Parque,20183,L2,V1,2025-12-28 19:39:38,2025-12-28 20:20:09,CC→CW,2025-12-28,,20183,20183
3290,252392290,Cdal. Raul Silva Henriquez,Cristo Redentor,20151,L2,V1,2025-12-28 09:49:29,2025-12-28 10:10:38,CC→CW,2025-12-28,,20151,20151
3291,252405152,Laguna Quinenco,Diagonal Bio Bio,20186,L2,V1,2025-12-28 20:16:29,2025-12-28 20:49:31,CW→CC,2025-12-28,,20186,20186
3292,252405313,Cristo Redentor,Los Canelos,20170,L2,V1,2025-12-28 15:39:08,2025-12-28 15:51:27,CW→CC,2025-12-28,,20170,20170
3293,252405841,Cdal. Raul Silva Henriquez,Concepcion,20150,L2,V1,2025-12-28 08:59:33,2025-12-28 09:30:56,CW→CC,2025-12-28,,20150,20150
3294,252405841,Concepcion,El Parque,20167,L2,V1,2025-12-28 14:14:25,2025-12-28 14:54:07,CC→CW,2025-12-28,,20167,20167
3295,252405841,El Parque,Cdal. Raul Silva Henriquez,20173,L2,V1,2025-12-28 17:42:29,2025-12-28 17:53:28,CC→CW,2025-12-28,,20173,20173
3296,252405841,Cdal. Raul Silva Henriquez,Juan Pablo II,20186,L2,V1,2025-12-28 19:56:47,2025-12-28 20:52:34,CW→CC,2025-12-28,,20186,20186
3297,252406506,Los Canelos,Cristo Redentor,20161,L2,V1,2025-12-28 12:45:22,2025-12-28 12:53:49,CC→CW,2025-12-28,,20161,20161
3298,252406802,Concepcion,Cristo Redentor,20173,L2,V1,2025-12-28 17:25:32,2025-12-28 18:07:35,CC→CW,2025-12-28,,20173,20173
3299,252414886,Cdal. Raul Silva Henriquez,Concepcion,20172,L2,V1,2025-12-28 16:53:40,2025-12-28 17:29:08,CW→CC,2025-12-28,,20172,20172
3300,252414886,Concepcion,Cdal. Raul Silva Henriquez,20187,L2,V1,2025-12-28 20:45:15,2025-12-28 21:32:34,CC→CW,2025-12-28,,20187,20187
3301,252414977,Concepcion,Hito Galvarino,20151,L2,V1,2025-12-28 09:28:37,2025-12-28 10:03:14,CC→CW,2025-12-28,,20151,20151
3302,252415006,Concepcion,Coronel,20179,L2,V1,2025-12-28 18:36:45,2025-12-28 19:45:47,CC→CW,2025-12-28,,20179,20177
3303,252419261,Chiguayante,Manquimavida,20859,L1,V1,2025-12-28 13:03:52,2025-12-28 13:15:47,TH→HQ,2025-12-28,,20859,20859
3304,252419361,Los Canelos,Concepcion,20178,L2,V1,2025-12-28 18:22:59,2025-12-28 18:59:58,CW→CC,2025-12-28,,20178,20178
3305,252420063,Concepcion,Huinca,20161,L2,V1,2025-12-28 11:59:21,2025-12-28 12:51:40,CC→CW,2025-12-28,,20161,20161
3306,252420098,Coronel,Concepcion,20172,L2,V1,2025-12-28 16:40:53,2025-12-28 17:29:01,CW→CC,2025-12-28,,20172,20172
3307,252420270,Diagonal Bio Bio,Costa Mar,20177,L2,V1,2025-12-28 18:34:40,2025-12-28 18:45:55,CC→CW,2025-12-28,,20177,20177
3308,252420321,Los Canelos,Coronel,20179,L2,V1,2025-12-28 19:33:17,2025-12-28 19:45:20,CC→CW,2025-12-28,,20179,20179
3309,252423434,Cristo Redentor,Los Canelos,20182,L2,V1,2025-12-28 19:22:17,2025-12-28 19:28:31,CW→CC,2025-12-28,,20182,20182
3310,252427210,Juan Pablo II,Cristo Redentor,20187,L2,V1,2025-12-28 21:03:49,2025-12-28 21:45:03,CC→CW,2025-12-28,,20187,20187
3311,252427248,Los Canelos,Cristo Redentor,20171,L2,V1,2025-12-28 17:11:10,2025-12-28 17:18:30,CC→CW,2025-12-28,,20171,20171
3312,252427248,Cristo Redentor,Los Canelos,20176,L2,V1,2025-12-28 17:35:30,2025-12-28 17:54:52,CW→CC,2025-12-28,,20176,20176
3313,252427933,Concepcion,Laguna Quinenco,20151,L2,V1,2025-12-28 09:29:25,2025-12-28 10:14:13,CC→CW,2025-12-28,,20151,20151
3314,252428297,Cristo Redentor,Lomas Coloradas,20172,L2,V1,2025-12-28 16:44:26,2025-12-28 17:09:27,CW→CC,2025-12-28,,20172,20172
3315,252432224,Huinca,Costa Mar,20176,L2,V1,2025-12-28 17:40:38,2025-12-28 18:11:58,CW→CC,2025-12-28,,20176,20176
3316,252435962,Hito Galvarino,Concepcion,20162,L2,V1,2025-12-28 11:55:16,2025-12-28 12:59:32,CW→CC,2025-12-28,,20162,20162
3317,252436483,Concepcion,Cristo Redentor,20157,L2,V1,2025-12-28 11:13:52,2025-12-28 12:10:11,CC→CW,2025-12-28,,20157,20157
3318,252438513,Concepcion,Coronel,20173,L2,V1,2025-12-28 17:25:52,2025-12-28 18:15:06,CC→CW,2025-12-28,,20173,20173
3319,252438518,Laguna Quinenco,Concepcion,20172,L2,V1,2025-12-28 16:39:29,2025-12-28 17:33:10,CW→CC,2025-12-28,,20172,20172
3320,252438518,Concepcion,Laguna Quinenco,20187,L2,V1,2025-12-28 20:29:12,2025-12-28 21:48:32,CC→CW,2025-12-28,match_por_salida_fallback,20187,20187
3321,252438597,Concepcion,Laguna Quinenco,20169,L2,V1,2025-12-28 15:28:41,2025-12-28 16:11:55,CC→CW,2025-12-28,,20169,20169
3322,252440370,Concepcion,Cdal. Raul Silva Henriquez,20183,L2,V1,2025-12-28 19:45:58,2025-12-28 20:26:24,CC→CW,2025-12-28,,20183,20183
3323,252441389,Cristo Redentor,Diagonal Bio Bio,20176,L2,V1,2025-12-28 17:35:57,2025-12-28 18:16:47,CW→CC,2025-12-28,,20176,20176
3324,252444245,Concepcion,Cristo Redentor,20167,L2,V1,2025-12-28 14:26:00,2025-12-28 15:14:26,CC→CW,2025-12-28,,20167,20167
3325,252444245,Cristo Redentor,Concepcion,20186,L2,V1,2025-12-28 20:20:13,2025-12-28 20:59:18,CW→CC,2025-12-28,,20186,20186
3326,252444270,Coronel,Concepcion,20154,L2,V1,2025-12-28 09:36:57,2025-12-28 10:33:04,CW→CC,2025-12-28,,20154,20154
3327,252444270,Concepcion,Los Canelos,20165,L2,V1,2025-12-28 13:03:49,2025-12-28 13:48:15,CC→CW,2025-12-28,,20165,20165
3328,252444270,Los Canelos,Coronel,20187,L2,V1,2025-12-28 21:22:38,2025-12-28 21:50:09,CC→CW,2025-12-28,,20187,20187
3329,252448290,Costa Mar,Concepcion,20162,L2,V1,2025-12-28 12:28:33,2025-12-28 12:58:59,CW→CC,2025-12-28,,20162,20162
3330,252448290,Concepcion,Costa Mar,20165,L2,V1,2025-12-28 13:13:55,2025-12-28 13:29:44,CC→CW,2025-12-28,,20165,20165
3331,252449287,Concepcion,Lomas Coloradas,20167,L2,V1,2025-12-28 14:27:55,2025-12-28 14:57:03,CC→CW,2025-12-28,,20167,20167
3332,252451087,Costa Mar,Cdal. Raul Silva Henriquez,20151,L2,V1,2025-12-28 09:43:25,2025-12-28 09:56:15,CC→CW,2025-12-28,,20151,20151
3333,252451087,Cdal. Raul Silva Henriquez,Costa Mar,20182,L2,V1,2025-12-28 19:28:30,2025-12-28 19:45:54,CW→CC,2025-12-28,,20182,20182
3334,252452363,Cdal. Raul Silva Henriquez,Costa Mar,20166,L2,V1,2025-12-28 14:06:15,2025-12-28 14:18:32,CW→CC,2025-12-28,,20166,20166
3335,252452687,Huinca,Diagonal Bio Bio,20172,L2,V1,2025-12-28 16:48:35,2025-12-28 17:19:40,CW→CC,2025-12-28,,20172,20172
3336,252452687,Diagonal Bio Bio,Los Canelos,20187,L2,V1,2025-12-28 20:59:27,2025-12-28 21:41:04,CC→CW,2025-12-28,,20187,20187
3337,252453757,Huinca,Hito Galvarino,20172,L2,V1,2025-12-28 16:46:27,2025-12-28 17:00:57,CW→CC,2025-12-28,,20172,20172
3338,252454230,Hualqui,Concepcion,20846,L1,V1,2025-12-28 16:57:01,2025-12-28 17:36:54,HQ→TH,2025-12-28,,20846,20846
3339,252455045,Concepcion,Coronel,20183,L2,V1,2025-12-28 19:23:35,2025-12-28 20:47:31,CC→CW,2025-12-28,,20183,20183
3340,252459281,Lomas Coloradas,Hito Galvarino,20167,L2,V1,2025-12-28 14:51:46,2025-12-28 15:05:04,CC→CW,2025-12-28,,20167,20167
3341,252459281,Hito Galvarino,Lomas Coloradas,20186,L2,V1,2025-12-28 20:28:39,2025-12-28 20:38:20,CW→CC,2025-12-28,,20186,20186
3342,252459347,Laguna Quinenco,Los Canelos,20168,L2,V1,2025-12-28 14:37:46,2025-12-28 14:56:55,CW→CC,2025-12-28,,20168,20168
3343,252459380,Concepcion,Lomas Coloradas,20187,L2,V1,2025-12-28 20:23:34,2025-12-28 21:30:13,CC→CW,2025-12-28,,20187,20187
3344,252459630,Concepcion,Lomas Coloradas,20173,L2,V1,2025-12-28 17:05:25,2025-12-28 17:50:29,CC→CW,2025-12-28,,20173,20173
3345,252459630,Lomas Coloradas,Concepcion,20178,L2,V1,2025-12-28 18:36:26,2025-12-28 18:58:27,CW→CC,2025-12-28,,20178,20178
3346,252460384,Concepcion,Coronel,20171,L2,V1,2025-12-28 16:03:28,2025-12-28 17:23:31,CC→CW,2025-12-28,,20171,20171
3347,252460473,Cdal. Raul Silva Henriquez,Coronel,20171,L2,V1,2025-12-28 16:57:43,2025-12-28 17:23:39,CC→CW,2025-12-28,,20171,20171
3348,252460561,Lomas Coloradas,Juan Pablo II,20156,L2,V1,2025-12-28 10:56:09,2025-12-28 11:11:25,CW→CC,2025-12-28,,20156,20156
3349,252460561,Diagonal Bio Bio,Lomas Coloradas,20173,L2,V1,2025-12-28 16:57:16,2025-12-28 17:50:34,CC→CW,2025-12-28,,20173,20171
3350,252460669,Lomas Coloradas,Concepcion,20168,L2,V1,2025-12-28 14:57:15,2025-12-28 15:27:56,CW→CC,2025-12-28,,20168,20168
3351,252460677,Coronel,Concepcion,20156,L2,V1,2025-12-28 10:23:22,2025-12-28 11:18:11,CW→CC,2025-12-28,,20156,20156
3352,252460677,Concepcion,Laguna Quinenco,20171,L2,V1,2025-12-28 16:30:30,2025-12-28 17:20:09,CC→CW,2025-12-28,,20171,20171
3353,252460951,Concepcion,Cristo Redentor,20173,L2,V1,2025-12-28 16:43:44,2025-12-28 18:09:18,CC→CW,2025-12-28,,20173,20171
3354,252460985,Cdal. Raul Silva Henriquez,Los Canelos,20177,L2,V1,2025-12-28 18:53:09,2025-12-28 19:04:26,CC→CW,2025-12-28,,20177,20177
3355,252461021,Los Condores,Concepcion,20859,L1,V1,2025-12-28 12:36:37,2025-12-28 12:55:13,TH→HQ,2025-12-28,,20859,20859
3356,252461084,Concepcion,Concepcion,,,N/A,2025-12-28 10:35:35,2025-12-28 10:36:11,,2025-12-28,no viajo,,
3357,252461436,Los Canelos,Concepcion,20156,L2,V1,2025-12-28 10:38:36,2025-12-28 11:54:13,CW→CC,2025-12-28,,20156,20156
3358,252461436,Concepcion,Los Canelos,20183,L2,V1,2025-12-28 19:56:23,2025-12-28 20:37:41,CC→CW,2025-12-28,,20183,20183
3359,252461465,Cristo Redentor,Los Canelos,20168,L2,V1,2025-12-28 14:34:05,2025-12-28 14:57:25,CW→CC,2025-12-28,,20168,20168
3360,252461465,Los Canelos,Laguna Quinenco,20167,L2,V1,2025-12-28 15:02:12,2025-12-28 15:16:25,CC→CW,2025-12-28,,20167,20167
3361,252461824,Cristo Redentor,Costa Mar,20160,L2,V1,2025-12-28 11:26:16,2025-12-28 11:59:03,CW→CC,2025-12-28,,20160,20160
3362,252461824,Costa Mar,Cristo Redentor,20173,L2,V1,2025-12-28 17:34:58,2025-12-28 18:07:54,CC→CW,2025-12-28,,20173,20173
3363,252461925,Costa Mar,Concepcion,20166,L2,V1,2025-12-28 14:10:06,2025-12-28 14:33:45,CW→CC,2025-12-28,,20166,20166
3364,252461925,Concepcion,Concepcion,,,N/A,2025-12-28 17:05:41,2025-12-28 17:06:20,,2025-12-28,no viajo,,
3365,252461925,Concepcion,Costa Mar,20177,L2,V1,2025-12-28 18:05:04,2025-12-28 18:45:23,CC→CW,2025-12-28,,20177,20177
3366,252462039,Concepcion,Costa Mar,20187,L2,V1,2025-12-28 20:23:34,2025-12-28 21:24:26,CC→CW,2025-12-28,,20187,20187
3367,252471544,Diagonal Bio Bio,Costa Mar,20177,L2,V1,2025-12-28 18:39:07,2025-12-28 18:45:04,CC→CW,2025-12-28,,20177,20177
3368,252471982,Cristo Redentor,Hito Galvarino,20172,L2,V1,2025-12-28 16:00:18,2025-12-28 17:01:31,CW→CC,2025-12-28,,20172,20172
3369,252471982,Hito Galvarino,Cristo Redentor,20179,L2,V1,2025-12-28 19:28:39,2025-12-28 19:39:53,CC→CW,2025-12-28,,20179,20179
3370,252472209,Los Canelos,Concepcion,20172,L2,V1,2025-12-28 16:49:47,2025-12-28 17:29:17,CW→CC,2025-12-28,,20172,20172
3371,252472209,Concepcion,Los Canelos,20187,L2,V1,2025-12-28 20:38:09,2025-12-28 21:40:39,CC→CW,2025-12-28,,20187,20187
3372,252472266,Concepcion,Laguna Quinenco,20169,L2,V1,2025-12-28 14:41:15,2025-12-28 16:13:15,CC→CW,2025-12-28,,20169,20167
3373,252472268,Cdal. Raul Silva Henriquez,Hito Galvarino,20165,L2,V1,2025-12-28 13:37:14,2025-12-28 13:45:07,CC→CW,2025-12-28,,20165,20165
3374,252472268,Hito Galvarino,Cdal. Raul Silva Henriquez,20182,L2,V1,2025-12-28 19:24:41,2025-12-28 19:38:16,CW→CC,2025-12-28,,20182,20182
3375,252472287,Lomas Coloradas,Diagonal Bio Bio,20166,L2,V1,2025-12-28 14:00:04,2025-12-28 14:23:20,CW→CC,2025-12-28,,20166,20166
3376,252472565,Laguna Quinenco,Concepcion,20156,L2,V1,2025-12-28 10:32:56,2025-12-28 11:18:03,CW→CC,2025-12-28,,20156,20156
3377,252472565,Concepcion,Laguna Quinenco,20169,L2,V1,2025-12-28 15:12:26,2025-12-28 16:12:45,CC→CW,2025-12-28,,20169,20169
3378,252472657,Concepcion,El Parque,20173,L2,V1,2025-12-28 17:17:43,2025-12-28 17:48:41,CC→CW,2025-12-28,,20173,20173
3379,252472657,El Parque,Huinca,20177,L2,V1,2025-12-28 18:42:33,2025-12-28 19:07:10,CC→CW,2025-12-28,,20177,20177
3380,252473370,Cdal. Raul Silva Henriquez,Concepcion,20172,L2,V1,2025-12-28 16:56:56,2025-12-28 17:30:28,CW→CC,2025-12-28,,20172,20172
3381,252473546,Los Canelos,Alborada,20172,L2,V1,2025-12-28 16:46:44,2025-12-28 17:16:45,CW→CC,2025-12-28,,20172,20172
3382,252473546,Alborada,Los Canelos,20187,L2,V1,2025-12-28 21:07:58,2025-12-28 21:40:34,CC→CW,2025-12-28,,20187,20187
3383,252473783,Los Canelos,Concepcion,20154,L2,V1,2025-12-28 09:58:38,2025-12-28 10:32:54,CW→CC,2025-12-28,,20154,20154
3384,252473783,Concepcion,Los Canelos,20169,L2,V1,2025-12-28 15:23:41,2025-12-28 16:04:25,CC→CW,2025-12-28,,20169,20169
3385,252473783,Los Canelos,Laguna Quinenco,20187,L2,V1,2025-12-28 21:33:19,2025-12-28 21:47:12,CC→CW,2025-12-28,,20187,20187
3386,252474114,Lomas Coloradas,Costa Mar,20182,L2,V1,2025-12-28 19:37:48,2025-12-28 19:46:07,CW→CC,2025-12-28,,20182,20182
3387,252474198,Los Canelos,Concepcion,20166,L2,V1,2025-12-28 13:56:23,2025-12-28 14:33:16,CW→CC,2025-12-28,,20166,20166
3388,252474265,Los Canelos,Concepcion,20160,L2,V1,2025-12-28 11:15:25,2025-12-28 12:12:22,CW→CC,2025-12-28,,20160,20160
3389,252474265,Concepcion,Los Canelos,20177,L2,V1,2025-12-28 18:24:49,2025-12-28 19:04:22,CC→CW,2025-12-28,,20177,20177
3390,252474630,Costa Mar,Coronel,20167,L2,V1,2025-12-28 14:11:42,2025-12-28 15:20:11,CC→CW,2025-12-28,,20167,20167
3391,252474772,Lomas Coloradas,Cdal. Raul Silva Henriquez,20157,L2,V1,2025-12-28 11:45:49,2025-12-28 11:53:27,CC→CW,2025-12-28,,20157,20157
3392,252474772,Cdal. Raul Silva Henriquez,Huinca,20161,L2,V1,2025-12-28 12:34:51,2025-12-28 12:51:10,CC→CW,2025-12-28,,20161,20161
3393,252474772,Huinca,Lomas Coloradas,20186,L2,V1,2025-12-28 19:49:52,2025-12-28 20:38:50,CW→CC,2025-12-28,,20186,20186
3394,252474848,Lomas Coloradas,Alborada,20162,L2,V1,2025-12-28 12:03:40,2025-12-28 12:47:27,CW→CC,2025-12-28,,20162,20162
3395,252474848,Alborada,Lomas Coloradas,20171,L2,V1,2025-12-28 16:52:21,2025-12-28 17:02:32,CC→CW,2025-12-28,,20171,20171
3396,252491359,Laguna Quinenco,Los Canelos,20186,L2,V1,2025-12-28 20:08:45,2025-12-28 20:26:07,CW→CC,2025-12-28,,20186,20186
3397,252491532,Hito Galvarino,Concepcion,20168,L2,V1,2025-12-28 14:49:41,2025-12-28 15:29:16,CW→CC,2025-12-28,,20168,20168
3398,252491937,Lomas Coloradas,Concepcion,20150,L2,V1,2025-12-28 08:59:22,2025-12-28 09:30:36,CW→CC,2025-12-28,,20150,20150
3399,252492000,Cdal. Raul Silva Henriquez,Concepcion,20162,L2,V1,2025-12-28 12:28:55,2025-12-28 12:58:43,CW→CC,2025-12-28,,20162,20162
3400,252492000,Cdal. Raul Silva Henriquez,Lomas Coloradas,20186,L2,V1,2025-12-28 20:34:04,2025-12-28 20:39:06,CW→CC,2025-12-28,,20186,20186
3401,252492069,Concepcion,El Parque,20173,L2,V1,2025-12-28 17:17:42,2025-12-28 17:48:36,CC→CW,2025-12-28,,20173,20173
3402,252492069,El Parque,Cristo Redentor,20177,L2,V1,2025-12-28 18:42:30,2025-12-28 19:10:19,CC→CW,2025-12-28,,20177,20177
3403,252492448,Coronel,Concepcion,20182,L2,V1,2025-12-28 19:09:23,2025-12-28 20:01:19,CW→CC,2025-12-28,,20182,20182
3404,252492465,Huinca,El Parque,20154,L2,V1,2025-12-28 09:52:35,2025-12-28 10:15:57,CW→CC,2025-12-28,,20154,20154
3405,252492465,El Parque,Huinca,20187,L2,V1,2025-12-28 20:48:44,2025-12-28 21:42:57,CC→CW,2025-12-28,,20187,20187
3406,252492866,Cristo Redentor,Huinca,20172,L2,V1,2025-12-28 16:41:25,2025-12-28 16:54:23,CW→CC,2025-12-28,,20172,20172
3407,252493166,Concepcion,Los Canelos,20171,L2,V1,2025-12-28 15:54:42,2025-12-28 17:14:22,CC→CW,2025-12-28,,20171,20171
3408,252493166,Huinca,Concepcion,20186,L2,V1,2025-12-28 20:21:53,2025-12-28 20:59:07,CW→CC,2025-12-28,,20186,20186
3409,252493823,Cristo Redentor,Laguna Quinenco,20187,L2,V1,2025-12-28 21:39:46,2025-12-28 21:47:41,CC→CW,2025-12-28,,20187,20187
3410,252504083,Concepcion,Lomas Coloradas,20179,L2,V1,2025-12-28 18:35:00,2025-12-28 19:22:53,CC→CW,2025-12-28,,20179,20177
3411,252504092,Hito Galvarino,El Parque,20170,L2,V1,2025-12-28 15:52:39,2025-12-28 16:11:50,CW→CC,2025-12-28,,20170,20170
3412,252504092,El Parque,Hito Galvarino,20177,L2,V1,2025-12-28 18:26:54,2025-12-28 19:01:38,CC→CW,2025-12-28,,20177,20177
3413,252504414,Concepcion,Coronel,20157,L2,V1,2025-12-28 11:25:13,2025-12-28 12:15:00,CC→CW,2025-12-28,,20157,20157
3414,252504723,Costa Mar,Diagonal Bio Bio,20162,L2,V1,2025-12-28 12:38:42,2025-12-28 12:49:49,CW→CC,2025-12-28,,20162,20162
3415,252504723,Diagonal Bio Bio,Costa Mar,20177,L2,V1,2025-12-28 18:35:19,2025-12-28 18:45:56,CC→CW,2025-12-28,,20177,20177
3416,252505022,Concepcion,Cristo Redentor,20151,L2,V1,2025-12-28 09:11:38,2025-12-28 10:11:34,CC→CW,2025-12-28,,20151,20151
3417,252505059,Concepcion,Cdal. Raul Silva Henriquez,20179,L2,V1,2025-12-28 18:47:51,2025-12-28 19:25:15,CC→CW,2025-12-28,,20179,20179
3418,252507095,Cristo Redentor,Concepcion,20172,L2,V1,2025-12-28 16:44:40,2025-12-28 17:28:42,CW→CC,2025-12-28,,20172,20172
3419,252508313,Costa Mar,El Parque,20169,L2,V1,2025-12-28 15:39:11,2025-12-28 15:48:05,CC→CW,2025-12-28,,20169,20169
3420,252508442,Diagonal Bio Bio,Lomas Coloradas,20165,L2,V1,2025-12-28 13:22:26,2025-12-28 13:35:31,CC→CW,2025-12-28,,20165,20165
3421,252508442,Costa Mar,Lomas Coloradas,20171,L2,V1,2025-12-28 16:38:21,2025-12-28 17:01:15,CC→CW,2025-12-28,,20171,20171
3422,252508824,Huinca,Lomas Coloradas,20170,L2,V1,2025-12-28 14:57:01,2025-12-28 16:03:26,CW→CC,2025-12-28,,20170,20168
3423,252510930,Alborada,Costa Mar,20157,L2,V1,2025-12-28 11:42:26,2025-12-28 11:45:34,CC→CW,2025-12-28,,20157,20157
3424,252510991,Concepcion,Coronel,20167,L2,V1,2025-12-28 14:27:11,2025-12-28 15:20:59,CC→CW,2025-12-28,,20167,20167
3425,252510991,Coronel,Concepcion,20170,L2,V1,2025-12-28 15:23:04,2025-12-28 16:24:42,CW→CC,2025-12-28,,20170,20170
3426,252512956,Concepcion,Costa Mar,20187,L2,V1,2025-12-28 20:44:46,2025-12-28 21:23:45,CC→CW,2025-12-28,,20187,20187
3427,252512974,Cdal. Raul Silva Henriquez,Concepcion,20162,L2,V1,2025-12-28 12:33:00,2025-12-28 12:58:41,CW→CC,2025-12-28,,20162,20162
3428,252512974,Concepcion,Cdal. Raul Silva Henriquez,20179,L2,V1,2025-12-28 18:34:18,2025-12-28 19:37:30,CC→CW,2025-12-28,,20179,20177
3429,252513080,Concepcion,Lomas Coloradas,20157,L2,V1,2025-12-28 11:05:49,2025-12-28 11:50:27,CC→CW,2025-12-28,,20157,20157
3430,252513080,Lomas Coloradas,Concepcion,20182,L2,V1,2025-12-28 19:33:58,2025-12-28 20:00:45,CW→CC,2025-12-28,,20182,20182
3431,252515650,Concepcion,Higueras,20848,L1,V1,2025-12-28 20:40:50,2025-12-28 21:23:53,HQ→TH,2025-12-28,combo_por_entrada,20848,20848
3432,252515682,Costa Mar,Concepcion,20172,L2,V1,2025-12-28 17:10:32,2025-12-28 17:28:14,CW→CC,2025-12-28,,20172,20172
3433,252515682,Concepcion,Laguna Quinenco,20177,L2,V1,2025-12-28 17:46:10,2025-12-28 19:43:24,CC→CW,2025-12-28,,20177,20177
3434,252516222,Cdal. Raul Silva Henriquez,Diagonal Bio Bio,20166,L2,V1,2025-12-28 14:05:49,2025-12-28 14:23:21,CW→CC,2025-12-28,,20166,20166
3435,252516235,Concepcion,El Parque,20173,L2,V1,2025-12-28 17:17:47,2025-12-28 17:48:41,CC→CW,2025-12-28,,20173,20173
3436,252516235,El Parque,Laguna Quinenco,20177,L2,V1,2025-12-28 18:42:32,2025-12-28 19:12:28,CC→CW,2025-12-28,,20177,20177
3437,252516267,Cdal. Raul Silva Henriquez,Concepcion,20154,L2,V1,2025-12-28 10:05:05,2025-12-28 10:32:19,CW→CC,2025-12-28,,20154,20154
3438,252516371,Concepcion,Diagonal Bio Bio,20187,L2,V1,2025-12-28 21:01:53,2025-12-28 21:19:25,CC→CW,2025-12-28,,20187,20187
3439,252516488,Concepcion,Alborada,20187,L2,V1,2025-12-28 20:59:27,2025-12-28 21:22:29,CC→CW,2025-12-28,,20187,20187
3440,252528959,Hito Galvarino,Laguna Quinenco,20179,L2,V1,2025-12-28 19:26:06,2025-12-28 19:42:30,CC→CW,2025-12-28,,20179,20179
3441,252529275,Cristo Redentor,Huinca,20160,L2,V1,2025-12-28 11:27:41,2025-12-28 11:39:36,CW→CC,2025-12-28,,20160,20160
3442,252529298,Concepcion,Coronel,20157,L2,V1,2025-12-28 11:26:58,2025-12-28 12:15:33,CC→CW,2025-12-28,,20157,20157
3443,252529298,Laguna Quinenco,Concepcion,20178,L2,V1,2025-12-28 18:06:25,2025-12-28 18:59:09,CW→CC,2025-12-28,,20178,20178
3444,252529666,Los Canelos,Diagonal Bio Bio,20160,L2,V1,2025-12-28 11:30:39,2025-12-28 12:03:49,CW→CC,2025-12-28,,20160,20160
3445,252529671,Cristo Redentor,Concepcion,20162,L2,V1,2025-12-28 12:18:34,2025-12-28 13:00:34,CW→CC,2025-12-28,,20162,20162
3446,252529671,Concepcion,Cristo Redentor,20173,L2,V1,2025-12-28 17:29:06,2025-12-28 18:08:49,CC→CW,2025-12-28,,20173,20173
3447,252529819,Diagonal Bio Bio,Concepcion,20150,L2,V1,2025-12-28 09:17:06,2025-12-28 09:30:18,CW→CC,2025-12-28,,20150,20150
3448,252529819,Concepcion,Diagonal Bio Bio,20161,L2,V1,2025-12-28 12:06:22,2025-12-28 12:26:04,CC→CW,2025-12-28,,20161,20161
3449,252529992,Cristo Redentor,Laguna Quinenco,20173,L2,V1,2025-12-28 18:06:03,2025-12-28 18:10:21,CC→CW,2025-12-28,,20173,20173
3450,252530199,Cdal. Raul Silva Henriquez,Los Canelos,20155,L2,V1,2025-12-28 10:52:06,2025-12-28 11:09:21,CC→CW,2025-12-28,,20155,20155
3451,252530199,Los Canelos,Cdal. Raul Silva Henriquez,20168,L2,V1,2025-12-28 14:42:28,2025-12-28 15:07:04,CW→CC,2025-12-28,,20168,20168
3452,252530367,Cristo Redentor,Hito Galvarino,20150,L2,V1,2025-12-28 08:48:59,2025-12-28 09:02:00,CW→CC,2025-12-28,,20150,20150
3453,252530367,Hito Galvarino,Laguna Quinenco,20179,L2,V1,2025-12-28 19:26:08,2025-12-28 19:42:35,CC→CW,2025-12-28,,20179,20179
3454,252530395,Laguna Quinenco,Concepcion,20156,L2,V1,2025-12-28 10:33:03,2025-12-28 11:18:07,CW→CC,2025-12-28,,20156,20156
3455,252530395,Concepcion,Laguna Quinenco,20169,L2,V1,2025-12-28 15:12:27,2025-12-28 16:12:41,CC→CW,2025-12-28,,20169,20169
3456,252530396,Cdal. Raul Silva Henriquez,Concepcion,20172,L2,V1,2025-12-28 16:45:33,2025-12-28 17:30:18,CW→CC,2025-12-28,,20172,20172
3457,252530406,Concepcion,Coronel,20165,L2,V1,2025-12-28 12:37:54,2025-12-28 13:59:47,CC→CW,2025-12-28,,20165,20165
3458,252530673,Huinca,Hito Galvarino,20168,L2,V1,2025-12-28 14:43:36,2025-12-28 15:00:57,CW→CC,2025-12-28,,20168,20168
3459,252530766,Concepcion,Mercado,20846,L1,V1,2025-12-28 16:54:52,2025-12-28 17:59:56,HQ→TH,2025-12-28,combo_por_entrada,20846,20846
3460,252531486,Huinca,El Parque,20162,L2,V1,2025-12-28 12:14:09,2025-12-28 12:42:21,CW→CC,2025-12-28,,20162,20162
3461,252531662,Costa Mar,Laguna Quinenco,20165,L2,V1,2025-12-28 13:14:48,2025-12-28 13:59:45,CC→CW,2025-12-28,,20165,20165
3462,252531662,Coronel,Costa Mar,20186,L2,V1,2025-12-28 19:47:30,2025-12-28 20:44:11,CW→CC,2025-12-28,,20186,20186
3463,252537733,Laguna Quinenco,Costa Mar,20168,L2,V1,2025-12-28 14:44:55,2025-12-28 15:14:18,CW→CC,2025-12-28,,20168,20168
3464,252539927,Huinca,Lomas Coloradas,20172,L2,V1,2025-12-28 16:43:35,2025-12-28 17:09:29,CW→CC,2025-12-28,,20172,20172
3465,252539927,Lomas Coloradas,Huinca,20187,L2,V1,2025-12-28 21:11:07,2025-12-28 21:42:33,CC→CW,2025-12-28,,20187,20187
3466,252539991,Cdal. Raul Silva Henriquez,Concepcion,20150,L2,V1,2025-12-28 08:48:24,2025-12-28 09:30:45,CW→CC,2025-12-28,,20150,20150
3467,252539991,Concepcion,Cdal. Raul Silva Henriquez,20183,L2,V1,2025-12-28 19:55:08,2025-12-28 20:26:13,CC→CW,2025-12-28,,20183,20183
3468,252542442,Hualqui,Concepcion,20848,L1,V1,2025-12-28 20:09:10,2025-12-28 21:09:59,HQ→TH,2025-12-28,,20848,20848
3469,252542591,Laguna Quinenco,Hito Galvarino,20170,L2,V1,2025-12-28 15:39:16,2025-12-28 15:53:39,CW→CC,2025-12-28,,20170,20170
3470,252544545,Hito Galvarino,Coronel,20155,L2,V1,2025-12-28 10:59:57,2025-12-28 11:19:23,CC→CW,2025-12-28,,20155,20155
3471,252544672,Cristo Redentor,Concepcion,20168,L2,V1,2025-12-28 14:43:19,2025-12-28 15:28:27,CW→CC,2025-12-28,,20168,20168
3472,252547190,El Parque,Concepcion,,,N/A,2025-12-28 11:46:55,2025-12-28 12:02:14,,2025-12-28,sin_combo_factible_en_hub|sin_s1_factible_retro,,
3473,252547238,Los Canelos,Lomas Coloradas,20170,L2,V1,2025-12-28 15:48:47,2025-12-28 16:03:34,CW→CC,2025-12-28,,20170,20170
3474,252547238,Cdal. Raul Silva Henriquez,Los Canelos,20173,L2,V1,2025-12-28 17:23:22,2025-12-28 18:03:45,CC→CW,2025-12-28,,20173,20173
3475,252547242,Laguna Quinenco,Cristo Redentor,20160,L2,V1,2025-12-28 11:16:04,2025-12-28 11:37:52,CW→CC,2025-12-28,,20160,20160
3476,252547242,Cristo Redentor,Coronel,20183,L2,V1,2025-12-28 20:33:55,2025-12-28 20:46:34,CC→CW,2025-12-28,,20183,20183
3477,252547372,Hito Galvarino,Concepcion,20170,L2,V1,2025-12-28 15:47:10,2025-12-28 16:25:23,CW→CC,2025-12-28,,20170,20170
3478,252547403,Costa Mar,Coronel,20165,L2,V1,2025-12-28 12:50:33,2025-12-28 14:00:18,CC→CW,2025-12-28,,20165,20165
3479,252547403,Coronel,Costa Mar,20182,L2,V1,2025-12-28 19:13:35,2025-12-28 19:45:56,CW→CC,2025-12-28,,20182,20182
3480,252547527,Concepcion,Cdal. Raul Silva Henriquez,20165,L2,V1,2025-12-28 12:55:20,2025-12-28 13:38:00,CC→CW,2025-12-28,,20165,20165
3481,252547530,Laguna Quinenco,Concepcion,20160,L2,V1,2025-12-28 11:23:31,2025-12-28 12:13:33,CW→CC,2025-12-28,,20160,20160
3482,252547530,Concepcion,Laguna Quinenco,20179,L2,V1,2025-12-28 18:50:58,2025-12-28 19:43:27,CC→CW,2025-12-28,,20179,20179
3483,252550129,Concepcion,Cdal. Raul Silva Henriquez,20173,L2,V1,2025-12-28 17:25:22,2025-12-28 17:53:09,CC→CW,2025-12-28,,20173,20173
3484,252550226,Concepcion,Concepcion,,,N/A,2025-12-28 14:58:58,2025-12-28 14:59:32,,2025-12-28,no viajo,,
3485,252550268,Concepcion,Lomas Coloradas,20179,L2,V1,2025-12-28 19:01:40,2025-12-28 19:21:57,CC→CW,2025-12-28,,20179,20179
3486,252550387,Cristo Redentor,Concepcion,20150,L2,V1,2025-12-28 08:35:07,2025-12-28 09:30:50,CW→CC,2025-12-28,,20150,20150
3487,252550387,Concepcion,Cristo Redentor,20157,L2,V1,2025-12-28 11:09:47,2025-12-28 12:09:00,CC→CW,2025-12-28,,20157,20157
3488,252550414,Juan Pablo II,Laguna Quinenco,20187,L2,V1,2025-12-28 20:35:35,2025-12-28 21:46:52,CC→CW,2025-12-28,,20187,20187
3489,252550586,Concepcion,Huinca,20187,L2,V1,2025-12-28 20:50:18,2025-12-28 21:43:35,CC→CW,2025-12-28,,20187,20187
3490,252551787,Cdal. Raul Silva Henriquez,Hito Galvarino,20171,L2,V1,2025-12-28 16:46:38,2025-12-28 17:10:19,CC→CW,2025-12-28,,20171,20171
3491,252551787,Hito Galvarino,Cdal. Raul Silva Henriquez,20178,L2,V1,2025-12-28 18:24:46,2025-12-28 18:37:40,CW→CC,2025-12-28,,20178,20178
3492,252551904,Concepcion,Laguna Quinenco,20187,L2,V1,2025-12-28 20:44:11,2025-12-28 21:46:55,CC→CW,2025-12-28,,20187,20187
3493,252553166,Concepcion,Los Canelos,20177,L2,V1,2025-12-28 18:16:01,2025-12-28 19:05:07,CC→CW,2025-12-28,,20177,20177
3494,252553255,Lomas Coloradas,Laguna Quinenco,20167,L2,V1,2025-12-28 14:51:13,2025-12-28 15:16:53,CC→CW,2025-12-28,,20167,20167
3495,252556071,Los Canelos,Concepcion,20166,L2,V1,2025-12-28 13:54:47,2025-12-28 14:36:12,CW→CC,2025-12-28,,20166,20166
3496,252556071,Concepcion,Los Canelos,20187,L2,V1,2025-12-28 20:34:48,2025-12-28 21:41:11,CC→CW,2025-12-28,,20187,20187
3497,252558615,Costa Mar,Concepcion,20182,L2,V1,2025-12-28 19:41:23,2025-12-28 20:00:09,CW→CC,2025-12-28,,20182,20182
3498,252558620,Coronel,Concepcion,20172,L2,V1,2025-12-28 16:39:52,2025-12-28 17:28:21,CW→CC,2025-12-28,,20172,20172
3499,252560705,Cristo Redentor,Lomas Coloradas,20172,L2,V1,2025-12-28 16:41:17,2025-12-28 17:09:26,CW→CC,2025-12-28,,20172,20172
3500,252560978,Concepcion,Concepcion,,,N/A,2025-12-28 11:43:12,2025-12-28 11:43:38,,2025-12-28,no viajo,,
3501,252560992,Lomas Coloradas,Concepcion,20168,L2,V1,2025-12-28 15:06:30,2025-12-28 15:28:05,CW→CC,2025-12-28,,20168,20168
3502,252560992,Concepcion,Lomas Coloradas,20183,L2,V1,2025-12-28 19:53:30,2025-12-28 20:23:22,CC→CW,2025-12-28,,20183,20183
3503,252561384,Hito Galvarino,Costa Mar,20182,L2,V1,2025-12-28 19:21:38,2025-12-28 19:46:27,CW→CC,2025-12-28,,20182,20182
3504,252561384,Costa Mar,Hito Galvarino,20187,L2,V1,2025-12-28 20:51:49,2025-12-28 21:37:32,CC→CW,2025-12-28,,20187,20187
3505,252562572,Lomas Coloradas,Concepcion,20156,L2,V1,2025-12-28 10:18:53,2025-12-28 11:20:21,CW→CC,2025-12-28,,20156,20154
3506,252563027,Hito Galvarino,Costa Mar,20182,L2,V1,2025-12-28 19:21:36,2025-12-28 19:46:19,CW→CC,2025-12-28,,20182,20182
3507,252563850,Hualqui,Concepcion,20846,L1,V1,2025-12-28 16:46:52,2025-12-28 19:15:32,HQ→TH,2025-12-28,combo_relajado_pase1,20846,20177
3508,252564666,Cdal. Raul Silva Henriquez,Costa Mar,20154,L2,V1,2025-12-28 10:07:27,2025-12-28 10:18:39,CW→CC,2025-12-28,,20154,20154
3509,252564666,Costa Mar,Cdal. Raul Silva Henriquez,20161,L2,V1,2025-12-28 12:29:47,2025-12-28 12:40:36,CC→CW,2025-12-28,,20161,20161
3510,252565036,Laguna Quinenco,Concepcion,20178,L2,V1,2025-12-28 18:17:26,2025-12-28 19:03:55,CW→CC,2025-12-28,,20178,20178
3511,272052708,Los Canelos,Concepcion,20172,L2,V1,2025-12-28 16:48:36,2025-12-28 17:30:54,CW→CC,2025-12-28,,20172,20172
3512,272052708,Concepcion,Concepcion,,,N/A,2025-12-28 18:36:41,2025-12-28 18:41:11,,2025-12-28,no viajo,,
3513,272053206,Concepcion,Costa Mar,20169,L2,V1,2025-12-28 15:16:41,2025-12-28 15:45:23,CC→CW,2025-12-28,,20169,20169
3514,282039913,Lomas Coloradas,Costa Mar,20160,L2,V1,2025-12-28 11:46:19,2025-12-28 11:58:55,CW→CC,2025-12-28,,20160,20160
3515,282056879,Concepcion,Coronel,20177,L2,V1,2025-12-28 18:12:25,2025-12-28 19:16:03,CC→CW,2025-12-28,,20177,20177
3516,282063567,Coronel,Concepcion,20160,L2,V1,2025-12-28 11:13:07,2025-12-28 12:13:30,CW→CC,2025-12-28,,20160,20160
3517,282067397,Concepcion,Laguna Quinenco,20173,L2,V1,2025-12-28 17:26:03,2025-12-28 18:10:49,CC→CW,2025-12-28,,20173,20173
3518,282068633,Coronel,Lomas Coloradas,20186,L2,V1,2025-12-28 19:53:32,2025-12-28 20:38:55,CW→CC,2025-12-28,,20186,20186
3519,282074146,Concepcion,Lomas Coloradas,20151,L2,V1,2025-12-28 09:20:00,2025-12-28 09:53:12,CC→CW,2025-12-28,,20151,20151
3520,282074146,Lomas Coloradas,Concepcion,20172,L2,V1,2025-12-28 17:04:02,2025-12-28 17:29:37,CW→CC,2025-12-28,,20172,20172
3521,282102607,Costa Mar,Concepcion,20178,L2,V1,2025-12-28 18:20:25,2025-12-28 18:59:29,CW→CC,2025-12-28,,20178,20178
3522,282137976,Cristo Redentor,Diagonal Bio Bio,20160,L2,V1,2025-12-28 10:51:50,2025-12-28 12:03:28,CW→CC,2025-12-28,,20160,20160
3523,282137976,Diagonal Bio Bio,Huinca,20177,L2,V1,2025-12-28 18:33:27,2025-12-28 19:07:24,CC→CW,2025-12-28,,20177,20177
3524,282138002,Chiguayante,Manquimavida,20859,L1,V1,2025-12-28 13:03:07,2025-12-28 13:15:53,TH→HQ,2025-12-28,,20859,20859
3525,282139306,Concepcion,Cdal. Raul Silva Henriquez,20187,L2,V1,2025-12-28 20:26:22,2025-12-28 21:32:15,CC→CW,2025-12-28,,20187,20187
3526,282145464,Diagonal Bio Bio,Costa Mar,20177,L2,V1,2025-12-28 18:39:27,2025-12-28 18:45:04,CC→CW,2025-12-28,,20177,20177
3527,282145465,Lomas Coloradas,Concepcion,20168,L2,V1,2025-12-28 15:03:54,2025-12-28 15:28:54,CW→CC,2025-12-28,,20168,20168
3528,282145465,Concepcion,Lomas Coloradas,20173,L2,V1,2025-12-28 17:28:32,2025-12-28 17:50:16,CC→CW,2025-12-28,,20173,20173
3529,282150600,Concepcion,Lomas Coloradas,20179,L2,V1,2025-12-28 18:58:53,2025-12-28 19:23:00,CC→CW,2025-12-28,,20179,20179
3530,282152802,Concepcion,Cristo Redentor,20173,L2,V1,2025-12-28 16:45:57,2025-12-28 18:08:32,CC→CW,2025-12-28,,20173,20171
3531,282157583,Costa Mar,Huinca,20165,L2,V1,2025-12-28 13:04:45,2025-12-28 13:50:49,CC→CW,2025-12-28,,20165,20165
3532,282160956,Cristo Redentor,Los Canelos,20168,L2,V1,2025-12-28 14:40:14,2025-12-28 14:57:40,CW→CC,2025-12-28,,20168,20168
3533,282160983,El Parque,Hito Galvarino,20179,L2,V1,2025-12-28 19:18:22,2025-12-28 19:32:10,CC→CW,2025-12-28,,20179,20179
3534,282164012,Coronel,Concepcion,20186,L2,V1,2025-12-28 20:07:32,2025-12-28 20:59:51,CW→CC,2025-12-28,,20186,20186
3535,282164032,Laguna Quinenco,Concepcion,20186,L2,V1,2025-12-28 20:08:28,2025-12-28 20:59:16,CW→CC,2025-12-28,,20186,20186
3536,282164570,Costa Mar,Concepcion,20176,L2,V1,2025-12-28 17:24:29,2025-12-28 18:27:53,CW→CC,2025-12-28,,20176,20176
3537,282168176,Concepcion,Cristo Redentor,20187,L2,V1,2025-12-28 20:53:18,2025-12-28 21:44:35,CC→CW,2025-12-28,,20187,20187
3538,282170008,Concepcion,Chiguayante,20847,L1,V1,2025-12-28 20:25:07,2025-12-28 20:41:16,TH→HQ,2025-12-28,,20847,20847
3539,282173206,Cristo Redentor,Concepcion,20182,L2,V1,2025-12-28 19:15:54,2025-12-28 20:01:22,CW→CC,2025-12-28,,20182,20182
3540,282175228,Diagonal Bio Bio,Lomas Coloradas,20161,L2,V1,2025-12-28 12:14:32,2025-12-28 12:36:32,CC→CW,2025-12-28,,20161,20161
3541,282181518,Concepcion,Cristo Redentor,20171,L2,V1,2025-12-28 15:36:25,2025-12-28 17:17:42,CC→CW,2025-12-28,,20171,20169
3542,292049864,Hito Galvarino,Concepcion,20166,L2,V1,2025-12-28 13:57:53,2025-12-28 14:33:32,CW→CC,2025-12-28,,20166,20166
3543,292049864,Concepcion,Hito Galvarino,20173,L2,V1,2025-12-28 17:14:15,2025-12-28 18:00:12,CC→CW,2025-12-28,,20173,20173
3544,292106325,Cdal. Raul Silva Henriquez,Laguna Quinenco,20173,L2,V1,2025-12-28 17:40:05,2025-12-28 18:10:51,CC→CW,2025-12-28,,20173,20173
3545,292133032,Cdal. Raul Silva Henriquez,Concepcion,20166,L2,V1,2025-12-28 14:00:56,2025-12-28 14:33:02,CW→CC,2025-12-28,,20166,20166
3546,292133179,Costa Mar,Hito Galvarino,20179,L2,V1,2025-12-28 19:10:46,2025-12-28 19:32:16,CC→CW,2025-12-28,,20179,20179
3547,292133299,Costa Mar,Coronel,20169,L2,V1,2025-12-28 15:32:46,2025-12-28 16:16:06,CC→CW,2025-12-28,,20169,20169
3548,292133339,Concepcion,Los Canelos,20173,L2,V1,2025-12-28 17:27:21,2025-12-28 18:03:36,CC→CW,2025-12-28,,20173,20173
3549,292133463,Concepcion,El Parque,20169,L2,V1,2025-12-28 15:24:34,2025-12-28 15:48:03,CC→CW,2025-12-28,,20169,20169
3550,292133463,El Parque,Concepcion,20172,L2,V1,2025-12-28 16:56:47,2025-12-28 17:31:33,CW→CC,2025-12-28,,20172,20172
3551,292153684,Concepcion,El Parque,20187,L2,V1,2025-12-28 20:49:01,2025-12-28 21:26:56,CC→CW,2025-12-28,combo_relajado_pase1,20187,20187
3552,302085263,Laguna Quinenco,Concepcion,20178,L2,V1,2025-12-28 18:18:12,2025-12-28 18:59:18,CW→CC,2025-12-28,,20178,20178
3553,302096694,Concepcion,Lomas Coloradas,20177,L2,V1,2025-12-28 18:19:48,2025-12-28 18:51:28,CC→CW,2025-12-28,,20177,20177
3554,302150243,Cdal. Raul Silva Henriquez,Laguna Quinenco,20167,L2,V1,2025-12-28 14:50:52,2025-12-28 15:16:46,CC→CW,2025-12-28,,20167,20167
3555,302150243,Laguna Quinenco,Los Canelos,20176,L2,V1,2025-12-28 17:37:33,2025-12-28 17:54:12,CW→CC,2025-12-28,,20176,20176
3556,302150664,Concepcion,Laguna Quinenco,20151,L2,V1,2025-12-28 09:30:22,2025-12-28 10:14:42,CC→CW,2025-12-28,,20151,20151
3557,302159931,Laguna Quinenco,Costa Mar,20172,L2,V1,2025-12-28 16:41:36,2025-12-28 17:15:07,CW→CC,2025-12-28,,20172,20172
3558,302159931,Costa Mar,Laguna Quinenco,20183,L2,V1,2025-12-28 19:56:16,2025-12-28 20:44:16,CC→CW,2025-12-28,,20183,20183
3559,302163300,Concepcion,Concepcion,,,N/A,2025-12-28 19:50:34,2025-12-28 19:53:51,,2025-12-28,no viajo,,
3560,302175645,Lomas Coloradas,Cristo Redentor,20151,L2,V1,2025-12-28 09:46:28,2025-12-28 10:11:25,CC→CW,2025-12-28,,20151,20151
3561,302175645,Cristo Redentor,Lomas Coloradas,20176,L2,V1,2025-12-28 17:43:52,2025-12-28 18:06:57,CW→CC,2025-12-28,,20176,20176
3562,302184768,Hito Galvarino,Lomas Coloradas,20166,L2,V1,2025-12-28 14:01:00,2025-12-28 14:12:50,CW→CC,2025-12-28,,20166,20166
3563,302184768,Cdal. Raul Silva Henriquez,Hito Galvarino,20167,L2,V1,2025-12-28 14:44:39,2025-12-28 15:06:00,CC→CW,2025-12-28,,20167,20167
3564,302184824,Pedro Medina,Hualqui,20847,L1,V1,2025-12-28 20:38:21,2025-12-28 21:00:52,TH→HQ,2025-12-28,,20847,20847
3565,302195516,Costa Mar,Los Canelos,20169,L2,V1,2025-12-28 15:42:53,2025-12-28 16:03:15,CC→CW,2025-12-28,,20169,20169
3566,302206743,El Parque,Concepcion,20166,L2,V1,2025-12-28 14:13:36,2025-12-28 14:33:21,CW→CC,2025-12-28,,20166,20166
3567,302212633,Cdal. Raul Silva Henriquez,Concepcion,20166,L2,V1,2025-12-28 14:07:30,2025-12-28 14:42:23,CW→CC,2025-12-28,,20166,20166
3568,302212633,Concepcion,Cdal. Raul Silva Henriquez,20173,L2,V1,2025-12-28 17:22:51,2025-12-28 17:53:12,CC→CW,2025-12-28,,20173,20173
3569,302230282,Lomas Coloradas,Concepcion,20156,L2,V1,2025-12-28 10:52:42,2025-12-28 11:18:34,CW→CC,2025-12-28,,20156,20156
3570,302230282,Concepcion,Lomas Coloradas,20179,L2,V1,2025-12-28 18:50:26,2025-12-28 19:22:12,CC→CW,2025-12-28,,20179,20179
3571,302230442,Los Canelos,Costa Mar,20182,L2,V1,2025-12-28 19:24:13,2025-12-28 19:45:52,CW→CC,2025-12-28,,20182,20182
3572,302230513,Hualqui,Concepcion,20844,L1,V1,2025-12-28 12:17:10,2025-12-28 13:02:20,HQ→TH,2025-12-28,,20844,20844
3573,302230513,Concepcion,Concepcion,,,N/A,2025-12-28 17:30:51,2025-12-28 17:31:24,,2025-12-28,no viajo,,
3574,302230513,Concepcion,Hualqui,20847,L1,V1,2025-12-28 19:27:32,2025-12-28 21:00:30,TH→HQ,2025-12-28,,20847,20847
3575,302234049,Concepcion,El Parque,20173,L2,V1,2025-12-28 16:47:49,2025-12-28 17:48:43,CC→CW,2025-12-28,,20173,20171
3576,302234049,El Parque,Concepcion,20182,L2,V1,2025-12-28 19:06:11,2025-12-28 20:01:28,CW→CC,2025-12-28,,20182,20182
3577,302234091,Costa Mar,Concepcion,20166,L2,V1,2025-12-28 14:11:05,2025-12-28 14:33:13,CW→CC,2025-12-28,,20166,20166
3578,302239722,Concepcion,Cristo Redentor,20151,L2,V1,2025-12-28 09:29:46,2025-12-28 10:10:55,CC→CW,2025-12-28,,20151,20151
3579,302239887,Costa Mar,Laguna Quinenco,20165,L2,V1,2025-12-28 13:20:49,2025-12-28 13:56:57,CC→CW,2025-12-28,,20165,20165
3580,302240095,Laguna Quinenco,Concepcion,20160,L2,V1,2025-12-28 10:58:57,2025-12-28 12:13:20,CW→CC,2025-12-28,,20160,20160
3581,302243332,Laguna Quinenco,El Parque,20176,L2,V1,2025-12-28 17:33:03,2025-12-28 18:10:42,CW→CC,2025-12-28,,20176,20176
3582,302243332,El Parque,Cristo Redentor,20179,L2,V1,2025-12-28 19:14:30,2025-12-28 19:40:44,CC→CW,2025-12-28,,20179,20179
3583,302243408,Alborada,Diagonal Bio Bio,20160,L2,V1,2025-12-28 11:55:26,2025-12-28 12:04:46,CW→CC,2025-12-28,,20160,20160
3584,302243408,Diagonal Bio Bio,Alborada,20179,L2,V1,2025-12-28 19:00:08,2025-12-28 19:15:36,CC→CW,2025-12-28,,20179,20179
3585,302247847,Huinca,Coronel,20165,L2,V1,2025-12-28 13:45:01,2025-12-28 13:59:38,CC→CW,2025-12-28,,20165,20165
3586,302247847,Cdal. Raul Silva Henriquez,Diagonal Bio Bio,20186,L2,V1,2025-12-28 20:24:42,2025-12-28 20:49:24,CW→CC,2025-12-28,,20186,20186
3587,302247954,Concepcion,Concepcion,,,N/A,2025-12-28 17:38:53,2025-12-28 17:39:29,,2025-12-28,no viajo,,
3588,302247954,Concepcion,Cristo Redentor,20177,L2,V1,2025-12-28 18:05:38,2025-12-28 19:09:29,CC→CW,2025-12-28,,20177,20177
3589,302247980,Concepcion,El Parque,20173,L2,V1,2025-12-28 16:47:45,2025-12-28 17:49:07,CC→CW,2025-12-28,,20173,20171
3590,302247980,El Parque,Concepcion,20182,L2,V1,2025-12-28 19:05:59,2025-12-28 20:00:47,CW→CC,2025-12-28,,20182,20182
3591,302250579,El Parque,Diagonal Bio Bio,20182,L2,V1,2025-12-28 19:34:51,2025-12-28 19:51:02,CW→CC,2025-12-28,,20182,20182
3592,302252746,Cdal. Raul Silva Henriquez,Cristo Redentor,20171,L2,V1,2025-12-28 16:53:58,2025-12-28 17:18:20,CC→CW,2025-12-28,,20171,20171
3593,302252746,Cristo Redentor,Cdal. Raul Silva Henriquez,20182,L2,V1,2025-12-28 19:09:42,2025-12-28 19:40:58,CW→CC,2025-12-28,,20182,20182
3594,302252747,Concepcion,Lomas Coloradas,20171,L2,V1,2025-12-28 16:13:04,2025-12-28 17:00:20,CC→CW,2025-12-28,,20171,20171
3595,302252792,Cdal. Raul Silva Henriquez,El Parque,20160,L2,V1,2025-12-28 11:40:26,2025-12-28 11:56:38,CW→CC,2025-12-28,,20160,20160
3596,302253464,Concepcion,Diagonal Bio Bio,20169,L2,V1,2025-12-28 15:26:03,2025-12-28 15:40:12,CC→CW,2025-12-28,,20169,20169
3597,302253464,Diagonal Bio Bio,Costa Mar,20183,L2,V1,2025-12-28 20:08:12,2025-12-28 20:17:19,CC→CW,2025-12-28,,20183,20183
3598,302253464,Costa Mar,Lomas Coloradas,20187,L2,V1,2025-12-28 21:03:10,2025-12-28 21:30:14,CC→CW,2025-12-28,,20187,20187
3599,302253528,Hito Galvarino,Cristo Redentor,20157,L2,V1,2025-12-28 11:55:10,2025-12-28 12:09:38,CC→CW,2025-12-28,,20157,20157
3600,302253528,Huinca,Laguna Quinenco,20179,L2,V1,2025-12-28 19:36:31,2025-12-28 19:43:26,CC→CW,2025-12-28,,20179,20179
3601,302257355,Concepcion,Cdal. Raul Silva Henriquez,20177,L2,V1,2025-12-28 17:58:27,2025-12-28 18:54:14,CC→CW,2025-12-28,,20177,20177
3602,302263149,Costa Mar,Cdal. Raul Silva Henriquez,20155,L2,V1,2025-12-28 10:49:51,2025-12-28 11:00:02,CC→CW,2025-12-28,,20155,20155
3603,302263149,Cdal. Raul Silva Henriquez,Costa Mar,20168,L2,V1,2025-12-28 15:05:58,2025-12-28 15:15:08,CW→CC,2025-12-28,,20168,20168
3604,302263303,Concepcion,El Parque,20169,L2,V1,2025-12-28 15:24:30,2025-12-28 15:48:15,CC→CW,2025-12-28,,20169,20169
3605,302263303,El Parque,Concepcion,20172,L2,V1,2025-12-28 16:56:50,2025-12-28 17:31:40,CW→CC,2025-12-28,,20172,20172
3606,302263318,Concepcion,Costa Mar,20169,L2,V1,2025-12-28 15:28:10,2025-12-28 15:45:12,CC→CW,2025-12-28,,20169,20169
3607,302263533,Diagonal Bio Bio,Concepcion,20160,L2,V1,2025-12-28 11:59:09,2025-12-28 12:12:04,CW→CC,2025-12-28,,20160,20160
3608,302263545,Lomas Coloradas,Alborada,20176,L2,V1,2025-12-28 17:33:51,2025-12-28 18:14:37,CW→CC,2025-12-28,,20176,20176
3609,302270572,Diagonal Bio Bio,Los Canelos,20179,L2,V1,2025-12-28 19:06:13,2025-12-28 19:35:26,CC→CW,2025-12-28,,20179,20179
3610,302271214,Los Canelos,Costa Mar,20182,L2,V1,2025-12-28 19:24:39,2025-12-28 19:45:39,CW→CC,2025-12-28,,20182,20182
3611,302271270,Concepcion,Lomas Coloradas,20187,L2,V1,2025-12-28 20:21:28,2025-12-28 21:29:03,CC→CW,2025-12-28,,20187,20187
3612,302271346,Costa Mar,Concepcion,20176,L2,V1,2025-12-28 18:04:39,2025-12-28 18:26:54,CW→CC,2025-12-28,,20176,20176
3613,302271414,Concepcion,Cdal. Raul Silva Henriquez,20179,L2,V1,2025-12-28 18:54:48,2025-12-28 19:25:17,CC→CW,2025-12-28,,20179,20179
3614,302280762,Coronel,Concepcion,20182,L2,V1,2025-12-28 19:03:36,2025-12-28 20:01:14,CW→CC,2025-12-28,,20182,20182
3615,302280783,Lomas Coloradas,Costa Mar,20154,L2,V1,2025-12-28 10:11:04,2025-12-28 10:18:23,CW→CC,2025-12-28,,20154,20154
3616,302290732,Diagonal Bio Bio,El Parque,20171,L2,V1,2025-12-28 16:45:13,2025-12-28 16:58:41,CC→CW,2025-12-28,,20171,20171
3617,302290765,Los Canelos,Juan Pablo II,20182,L2,V1,2025-12-28 19:24:16,2025-12-28 19:53:35,CW→CC,2025-12-28,,20182,20182
3618,302290803,Cdal. Raul Silva Henriquez,Juan Pablo II,20156,L2,V1,2025-12-28 10:34:12,2025-12-28 11:11:30,CW→CC,2025-12-28,,20156,20156
3619,302290803,Juan Pablo II,Cdal. Raul Silva Henriquez,20167,L2,V1,2025-12-28 14:40:42,2025-12-28 15:00:02,CC→CW,2025-12-28,,20167,20167
3620,302290909,Concepcion,Cristo Redentor,20165,L2,V1,2025-12-28 12:24:14,2025-12-28 13:53:47,CC→CW,2025-12-28,combo_por_entrada,20165,20165
3621,302290960,Concepcion,Lomas Coloradas,20187,L2,V1,2025-12-28 20:43:19,2025-12-28 21:29:16,CC→CW,2025-12-28,,20187,20187
3622,302291132,El Parque,Lomas Coloradas,20165,L2,V1,2025-12-28 13:23:32,2025-12-28 13:36:10,CC→CW,2025-12-28,,20165,20165
3623,302291138,Concepcion,Los Canelos,20187,L2,V1,2025-12-28 20:30:10,2025-12-28 21:40:09,CC→CW,2025-12-28,,20187,20187
3624,302296971,Concepcion,Huinca,20183,L2,V1,2025-12-28 19:56:07,2025-12-28 20:38:23,CC→CW,2025-12-28,,20183,20183
3625,302297006,Juan Pablo II,El Parque,20177,L2,V1,2025-12-28 18:00:19,2025-12-28 18:48:22,CC→CW,2025-12-28,,20177,20177
3626,302297109,Concepcion,Juan Pablo II,20183,L2,V1,2025-12-28 19:32:24,2025-12-28 20:09:09,CC→CW,2025-12-28,,20183,20183
3627,302298008,La Leonera,Concepcion,20844,L1,V1,2025-12-28 12:28:55,2025-12-28 13:02:20,HQ→TH,2025-12-28,,20844,20844
3628,302298092,Cristo Redentor,Lomas Coloradas,20176,L2,V1,2025-12-28 17:43:48,2025-12-28 18:07:01,CW→CC,2025-12-28,,20176,20176
3629,302298109,Cristo Redentor,Concepcion,20162,L2,V1,2025-12-28 12:19:57,2025-12-28 12:59:23,CW→CC,2025-12-28,,20162,20162
3630,302298109,Concepcion,Cristo Redentor,20183,L2,V1,2025-12-28 19:24:19,2025-12-28 20:40:43,CC→CW,2025-12-28,,20183,20183
3631,302298117,Concepcion,Lomas Coloradas,20177,L2,V1,2025-12-28 18:19:49,2025-12-28 18:51:35,CC→CW,2025-12-28,,20177,20177
3632,302298482,Concepcion,Cdal. Raul Silva Henriquez,20167,L2,V1,2025-12-28 14:13:53,2025-12-28 14:59:29,CC→CW,2025-12-28,,20167,20167
3633,302304329,Concepcion,Los Canelos,20187,L2,V1,2025-12-28 20:36:11,2025-12-28 21:41:19,CC→CW,2025-12-28,,20187,20187
3634,302304371,Los Canelos,Concepcion,20166,L2,V1,2025-12-28 13:42:21,2025-12-28 14:32:56,CW→CC,2025-12-28,,20166,20166
3635,302304371,Concepcion,Los Canelos,20173,L2,V1,2025-12-28 17:22:39,2025-12-28 18:03:33,CC→CW,2025-12-28,,20173,20173
3636,302304495,Juan Pablo II,Costa Mar,20187,L2,V1,2025-12-28 21:07:26,2025-12-28 21:31:28,CC→CW,2025-12-28,,20187,20187
3637,302315937,Lomas Coloradas,Concepcion,20172,L2,V1,2025-12-28 16:45:15,2025-12-28 17:28:50,CW→CC,2025-12-28,,20172,20172
3638,302315937,Concepcion,Lomas Coloradas,20173,L2,V1,2025-12-28 17:29:52,2025-12-28 17:50:07,CC→CW,2025-12-28,,20173,20173
3639,302316124,Los Canelos,Concepcion,20186,L2,V1,2025-12-28 20:19:39,2025-12-28 21:00:33,CW→CC,2025-12-28,,20186,20186
3640,302322176,Alborada,Diagonal Bio Bio,20154,L2,V1,2025-12-28 10:04:35,2025-12-28 10:47:16,CW→CC,2025-12-28,,20154,20154
3641,302322176,Diagonal Bio Bio,El Parque,20165,L2,V1,2025-12-28 13:02:33,2025-12-28 13:32:29,CC→CW,2025-12-28,,20165,20165
3642,302322215,Lomas Coloradas,Concepcion,20156,L2,V1,2025-12-28 10:55:27,2025-12-28 11:17:51,CW→CC,2025-12-28,,20156,20156
3643,302322215,Concepcion,Lomas Coloradas,20171,L2,V1,2025-12-28 16:27:56,2025-12-28 17:00:22,CC→CW,2025-12-28,,20171,20171
3644,302322340,Cristo Redentor,Cdal. Raul Silva Henriquez,20176,L2,V1,2025-12-28 17:43:29,2025-12-28 18:04:18,CW→CC,2025-12-28,,20176,20176
3645,302322387,Chiguayante,Concepcion,20850,L1,V1,2025-12-28 09:40:49,2025-12-28 10:50:07,HQ→TH,2025-12-28,combo_por_entrada,20850,20155
3646,302322635,El Parque,Concepcion,20154,L2,V1,2025-12-28 10:13:23,2025-12-28 10:32:31,CW→CC,2025-12-28,,20154,20154
3647,302329348,Cdal. Raul Silva Henriquez,Lomas Coloradas,20186,L2,V1,2025-12-28 20:32:48,2025-12-28 20:39:08,CW→CC,2025-12-28,,20186,20186
3648,302329368,Cristo Redentor,El Parque,20176,L2,V1,2025-12-28 17:45:16,2025-12-28 18:10:24,CW→CC,2025-12-28,,20176,20176
3649,302329368,El Parque,Cristo Redentor,20179,L2,V1,2025-12-28 19:07:44,2025-12-28 19:40:34,CC→CW,2025-12-28,,20179,20179
3650,302329462,Concepcion,Lomas Coloradas,20169,L2,V1,2025-12-28 14:58:20,2025-12-28 15:50:32,CC→CW,2025-12-28,,20169,20169
3651,302329501,Concepcion,Concepcion,,,N/A,2025-12-28 13:57:56,2025-12-28 13:58:28,,2025-12-28,no viajo,,
3652,302329501,Concepcion,Costa Mar,20169,L2,V1,2025-12-28 15:03:30,2025-12-28 15:45:16,CC→CW,2025-12-28,,20169,20169
3653,302329513,Costa Mar,Cdal. Raul Silva Henriquez,20169,L2,V1,2025-12-28 15:40:36,2025-12-28 15:53:12,CC→CW,2025-12-28,,20169,20169
3654,302329513,Cdal. Raul Silva Henriquez,Costa Mar,20182,L2,V1,2025-12-28 19:32:10,2025-12-28 19:46:06,CW→CC,2025-12-28,,20182,20182
3655,302329521,Cdal. Raul Silva Henriquez,Concepcion,20172,L2,V1,2025-12-28 16:53:36,2025-12-28 17:29:05,CW→CC,2025-12-28,,20172,20172
3656,302329521,Concepcion,Cdal. Raul Silva Henriquez,20187,L2,V1,2025-12-28 20:45:20,2025-12-28 21:32:26,CC→CW,2025-12-28,,20187,20187
3657,302329562,El Parque,Laguna Quinenco,20171,L2,V1,2025-12-28 16:28:01,2025-12-28 17:20:46,CC→CW,2025-12-28,,20171,20171
3658,302329584,Concepcion,Lomas Coloradas,20187,L2,V1,2025-12-28 20:21:22,2025-12-28 21:29:00,CC→CW,2025-12-28,,20187,20187
3659,302332985,Concepcion,Los Condores,20850,L1,V1,2025-12-28 08:49:41,2025-12-28 10:20:46,HQ→TH,2025-12-28,combo_por_entrada,20850,20850
3660,302332985,Concepcion,Cristo Redentor,20161,L2,V1,2025-12-28 12:02:46,2025-12-28 12:54:58,CC→CW,2025-12-28,,20161,20161
3661,302332985,Cristo Redentor,Concepcion,20166,L2,V1,2025-12-28 13:54:45,2025-12-28 14:42:23,CW→CC,2025-12-28,,20166,20166
3662,302332985,Concepcion,Cristo Redentor,20173,L2,V1,2025-12-28 17:23:00,2025-12-28 18:07:35,CC→CW,2025-12-28,,20173,20173
3663,302333095,Costa Mar,Diagonal Bio Bio,20172,L2,V1,2025-12-28 17:07:48,2025-12-28 17:19:08,CW→CC,2025-12-28,,20172,20172
3664,302333095,Concepcion,Costa Mar,20187,L2,V1,2025-12-28 21:18:06,2025-12-28 21:23:43,CC→CW,2025-12-28,combo_relajado_pase1,20187,20187
3665,302333114,Huinca,Laguna Quinenco,20161,L2,V1,2025-12-28 12:42:48,2025-12-28 12:57:29,CC→CW,2025-12-28,,20161,20161
3666,312009464,Huinca,Concepcion,20168,L2,V1,2025-12-28 14:50:24,2025-12-28 15:36:46,CW→CC,2025-12-28,,20168,20168
3667,312009464,Concepcion,Huinca,20177,L2,V1,2025-12-28 18:07:15,2025-12-28 19:07:43,CC→CW,2025-12-28,,20177,20177
3668,312037020,Diagonal Bio Bio,Los Canelos,20187,L2,V1,2025-12-28 21:09:06,2025-12-28 21:40:35,CC→CW,2025-12-28,,20187,20187
3669,312043101,Concepcion,Hito Galvarino,20157,L2,V1,2025-12-28 10:50:30,2025-12-28 12:00:59,CC→CW,2025-12-28,,20157,20157
3670,312043101,Hito Galvarino,Concepcion,20170,L2,V1,2025-12-28 15:54:07,2025-12-28 16:23:00,CW→CC,2025-12-28,,20170,20170
3671,312054423,Laguna Quinenco,Costa Mar,20176,L2,V1,2025-12-28 17:39:33,2025-12-28 18:12:11,CW→CC,2025-12-28,,20176,20176
3672,312054449,Cristo Redentor,Concepcion,20166,L2,V1,2025-12-28 13:51:24,2025-12-28 14:32:52,CW→CC,2025-12-28,,20166,20166
3673,312078795,El Parque,Diagonal Bio Bio,20162,L2,V1,2025-12-28 12:30:18,2025-12-28 12:49:41,CW→CC,2025-12-28,,20162,20162
3674,312078868,UTF Santa Maria,Concepcion,20847,L1,V1,2025-12-28 20:15:26,2025-12-28 20:25:53,TH→HQ,2025-12-28,,20847,20847
3675,312088495,Hito Galvarino,Concepcion,20166,L2,V1,2025-12-28 14:03:00,2025-12-28 14:32:56,CW→CC,2025-12-28,,20166,20166
3676,312088495,Lomas Coloradas,Hito Galvarino,20179,L2,V1,2025-12-28 19:18:31,2025-12-28 19:33:34,CC→CW,2025-12-28,,20179,20179
3677,312094861,Huinca,Lomas Coloradas,20162,L2,V1,2025-12-28 12:22:02,2025-12-28 12:38:30,CW→CC,2025-12-28,,20162,20162
3678,312094861,Lomas Coloradas,Los Canelos,20167,L2,V1,2025-12-28 14:54:48,2025-12-28 15:09:18,CC→CW,2025-12-28,,20167,20167
3679,312121415,Los Canelos,Diagonal Bio Bio,20166,L2,V1,2025-12-28 13:54:14,2025-12-28 14:24:00,CW→CC,2025-12-28,,20166,20166
3680,312121415,Diagonal Bio Bio,Los Canelos,20177,L2,V1,2025-12-28 18:28:09,2025-12-28 19:04:53,CC→CW,2025-12-28,,20177,20177
3681,312130927,Juan Pablo II,Huinca,20183,L2,V1,2025-12-28 19:34:15,2025-12-28 20:39:03,CC→CW,2025-12-28,,20183,20183
3682,312131587,Concepcion,El Parque,20169,L2,V1,2025-12-28 15:24:38,2025-12-28 15:48:18,CC→CW,2025-12-28,,20169,20169
3683,312131587,El Parque,Concepcion,20172,L2,V1,2025-12-28 16:56:43,2025-12-28 17:31:36,CW→CC,2025-12-28,,20172,20172
3684,312131933,El Parque,Cristo Redentor,20179,L2,V1,2025-12-28 19:04:20,2025-12-28 19:40:41,CC→CW,2025-12-28,,20179,20179
3685,312133153,Laguna Quinenco,Juan Pablo II,20176,L2,V1,2025-12-28 17:45:12,2025-12-28 18:19:56,CW→CC,2025-12-28,,20176,20176
3686,312136716,Juan Pablo II,Laguna Quinenco,20169,L2,V1,2025-12-28 15:28:27,2025-12-28 16:11:59,CC→CW,2025-12-28,,20169,20169
3687,312152889,Concepcion,Los Canelos,20169,L2,V1,2025-12-28 15:23:14,2025-12-28 16:02:49,CC→CW,2025-12-28,,20169,20169
3688,312153231,La Leonera,Concepcion,20844,L1,V1,2025-12-28 12:22:10,2025-12-28 13:03:10,HQ→TH,2025-12-28,,20844,20844
3689,312155127,Huinca,Laguna Quinenco,20169,L2,V1,2025-12-28 15:46:04,2025-12-28 16:12:36,CC→CW,2025-12-28,,20169,20169
3690,312155304,Costa Mar,Concepcion,20182,L2,V1,2025-12-28 19:41:59,2025-12-28 20:00:13,CW→CC,2025-12-28,,20182,20182
3691,312155796,Concepcion,Diagonal Bio Bio,20169,L2,V1,2025-12-28 15:07:02,2025-12-28 15:39:48,CC→CW,2025-12-28,,20169,20169
3692,312157219,Hito Galvarino,Concepcion,20150,L2,V1,2025-12-28 08:51:49,2025-12-28 09:30:43,CW→CC,2025-12-28,,20150,20150
3693,312157219,Concepcion,Hito Galvarino,20187,L2,V1,2025-12-28 20:48:23,2025-12-28 21:37:00,CC→CW,2025-12-28,,20187,20187
3694,312167132,Costa Mar,Concepcion,20156,L2,V1,2025-12-28 11:00:45,2025-12-28 11:23:04,CW→CC,2025-12-28,,20156,20156
3695,312171306,Lomas Coloradas,Concepcion,20160,L2,V1,2025-12-28 11:51:10,2025-12-28 12:19:13,CW→CC,2025-12-28,,20160,20160
3696,312176526,Concepcion,Huinca,20161,L2,V1,2025-12-28 12:10:55,2025-12-28 12:51:08,CC→CW,2025-12-28,,20161,20161
3697,312176829,Concepcion,Los Canelos,20177,L2,V1,2025-12-28 18:27:58,2025-12-28 19:04:58,CC→CW,2025-12-28,,20177,20177
3698,312184792,Hito Galvarino,Concepcion,20154,L2,V1,2025-12-28 09:48:19,2025-12-28 10:33:13,CW→CC,2025-12-28,,20154,20154
3699,312184792,Concepcion,Hito Galvarino,20167,L2,V1,2025-12-28 14:21:00,2025-12-28 15:06:08,CC→CW,2025-12-28,,20167,20167
3700,312186793,Concepcion,Coronel,20165,L2,V1,2025-12-28 13:08:19,2025-12-28 14:00:04,CC→CW,2025-12-28,,20165,20165
3701,312191295,Concepcion,El Parque,20151,L2,V1,2025-12-28 09:24:25,2025-12-28 09:50:33,CC→CW,2025-12-28,,20151,20151
3702,312191295,El Parque,Concepcion,20186,L2,V1,2025-12-28 20:16:11,2025-12-28 21:00:01,CW→CC,2025-12-28,,20186,20186
3703,312194903,Concepcion,Hualqui,20847,L1,V1,2025-12-28 20:20:20,2025-12-28 21:01:36,TH→HQ,2025-12-28,,20847,20847
3704,312195180,Hito Galvarino,Juan Pablo II,20150,L2,V1,2025-12-28 08:57:10,2025-12-28 09:23:56,CW→CC,2025-12-28,,20150,20150
3705,312195180,Juan Pablo II,Hito Galvarino,20187,L2,V1,2025-12-28 20:29:59,2025-12-28 21:37:52,CC→CW,2025-12-28,,20187,20187
3706,312195187,Concepcion,Laguna Quinenco,20165,L2,V1,2025-12-28 12:38:48,2025-12-28 13:57:11,CC→CW,2025-12-28,combo_por_entrada,20165,20165
3707,312197954,Lomas Coloradas,El Parque,20172,L2,V1,2025-12-28 17:02:19,2025-12-28 17:13:09,CW→CC,2025-12-28,,20172,20172
3708,312197954,El Parque,Lomas Coloradas,20177,L2,V1,2025-12-28 18:42:45,2025-12-28 18:51:10,CC→CW,2025-12-28,,20177,20177
3709,312204772,Concepcion,Alborada,20187,L2,V1,2025-12-28 20:59:13,2025-12-28 21:22:25,CC→CW,2025-12-28,,20187,20187
3710,312211407,Cristo Redentor,Costa Mar,20176,L2,V1,2025-12-28 17:46:09,2025-12-28 18:12:38,CW→CC,2025-12-28,,20176,20176
3711,312211815,Hito Galvarino,Concepcion,20162,L2,V1,2025-12-28 12:28:37,2025-12-28 12:59:54,CW→CC,2025-12-28,,20162,20162
3712,312211815,Concepcion,Hito Galvarino,20183,L2,V1,2025-12-28 19:49:42,2025-12-28 20:32:45,CC→CW,2025-12-28,,20183,20183
3713,312212513,El Parque,Concepcion,20156,L2,V1,2025-12-28 10:53:09,2025-12-28 11:17:48,CW→CC,2025-12-28,,20156,20156
3714,312212513,Juan Pablo II,Diagonal Bio Bio,20177,L2,V1,2025-12-28 18:27:04,2025-12-28 18:40:40,CC→CW,2025-12-28,,20177,20177
3715,312212513,Diagonal Bio Bio,El Parque,20187,L2,V1,2025-12-28 21:01:56,2025-12-28 21:26:55,CC→CW,2025-12-28,,20187,20187
3716,312212979,Los Canelos,Concepcion,20166,L2,V1,2025-12-28 13:40:13,2025-12-28 14:32:14,CW→CC,2025-12-28,,20166,20166
3717,312217081,Concepcion,Chiguayante,20845,L1,V1,2025-12-28 16:14:10,2025-12-28 16:40:01,TH→HQ,2025-12-28,,20845,20845
3718,312222845,Huinca,Concepcion,20168,L2,V1,2025-12-28 14:44:55,2025-12-28 15:31:10,CW→CC,2025-12-28,,20168,20168
3719,312222845,Concepcion,Laguna Quinenco,20173,L2,V1,2025-12-28 17:24:06,2025-12-28 18:11:13,CC→CW,2025-12-28,,20173,20173
3720,312229103,Coronel,Concepcion,20160,L2,V1,2025-12-28 11:13:55,2025-12-28 12:13:27,CW→CC,2025-12-28,,20160,20160
3721,312242002,Cristo Redentor,Concepcion,20160,L2,V1,2025-12-28 11:19:40,2025-12-28 12:12:12,CW→CC,2025-12-28,,20160,20160
3722,312242002,Concepcion,Cristo Redentor,20183,L2,V1,2025-12-28 19:38:52,2025-12-28 20:40:42,CC→CW,2025-12-28,,20183,20183
3723,312244424,Concepcion,El Parque,20151,L2,V1,2025-12-28 09:12:18,2025-12-28 09:50:53,CC→CW,2025-12-28,,20151,20151
3724,312244549,Los Canelos,Concepcion,20168,L2,V2,2025-12-28 14:56:21,2025-12-28 15:28:12,,2025-12-28,sin_combo_factible_en_hub|sin_s1_factible_retro,,20168
3725,312244652,Costa Mar,Los Canelos,20169,L2,V1,2025-12-28 15:42:00,2025-12-28 16:03:21,CC→CW,2025-12-28,,20169,20169
3726,312246059,Concepcion,Costa Mar,20177,L2,V1,2025-12-28 18:09:13,2025-12-28 18:44:55,CC→CW,2025-12-28,,20177,20177
3727,312246094,Lomas Coloradas,Costa Mar,20160,L2,V1,2025-12-28 11:50:27,2025-12-28 11:58:45,CW→CC,2025-12-28,,20160,20160
3728,312246265,Concepcion,Cristo Redentor,20183,L2,V1,2025-12-28 19:50:12,2025-12-28 20:41:34,CC→CW,2025-12-28,,20183,20183
3729,312246307,Coronel,Los Canelos,20170,L2,V1,2025-12-28 15:33:05,2025-12-28 15:50:36,CW→CC,2025-12-28,,20170,20170
3730,312255935,Concepcion,Concepcion,,,N/A,2025-12-28 18:13:00,2025-12-28 18:14:36,,2025-12-28,no viajo,,
3731,312256102,El Parque,Concepcion,20186,L2,V1,2025-12-28 20:36:20,2025-12-28 20:59:51,CW→CC,2025-12-28,,20186,20186
3732,312269082,El Parque,Laguna Quinenco,20165,L2,V1,2025-12-28 13:25:43,2025-12-28 13:56:07,CC→CW,2025-12-28,,20165,20165
3733,312270082,Concepcion,Coronel,20173,L2,V1,2025-12-28 17:22:00,2025-12-28 18:13:12,CC→CW,2025-12-28,,20173,20173
3734,312270247,Concepcion,Laguna Quinenco,20161,L2,V1,2025-12-28 12:07:48,2025-12-28 12:57:23,CC→CW,2025-12-28,,20161,20161
3735,312282877,Huinca,Concepcion,,,N/A,2025-12-28 13:56:01,2025-12-28 14:18:29,,2025-12-28,sin_combo_factible_en_hub|sin_s1_factible_retro,,
3736,312292751,Cristo Redentor,Concepcion,20162,L2,V1,2025-12-28 12:09:10,2025-12-28 12:59:25,CW→CC,2025-12-28,,20162,20162
3737,312292751,Concepcion,Cristo Redentor,20187,L2,V1,2025-12-28 20:43:11,2025-12-28 21:44:44,CC→CW,2025-12-28,,20187,20187
3738,312300716,Coronel,El Parque,20154,L2,V1,2025-12-28 09:47:19,2025-12-28 10:15:52,CW→CC,2025-12-28,,20154,20154
3739,312300716,El Parque,Coronel,20177,L2,V1,2025-12-28 18:13:44,2025-12-28 19:15:29,CC→CW,2025-12-28,,20177,20177
3740,312302378,Los Canelos,Coronel,20167,L2,V1,2025-12-28 15:07:21,2025-12-28 15:20:37,CC→CW,2025-12-28,,20167,20167
3741,312302378,Coronel,Los Canelos,20172,L2,V1,2025-12-28 16:31:40,2025-12-28 16:57:27,CW→CC,2025-12-28,,20172,20172
3742,312305464,Cristo Redentor,Concepcion,20154,L2,V1,2025-12-28 09:54:11,2025-12-28 10:32:38,CW→CC,2025-12-28,,20154,20154
3743,312305580,Laguna Quinenco,Concepcion,20160,L2,V1,2025-12-28 11:30:12,2025-12-28 12:12:55,CW→CC,2025-12-28,,20160,20160
3744,312305580,Concepcion,Los Canelos,20177,L2,V1,2025-12-28 18:24:19,2025-12-28 19:05:00,CC→CW,2025-12-28,,20177,20177
3745,312307487,Concepcion,Concepcion,,,N/A,2025-12-28 10:55:20,2025-12-28 10:55:45,,2025-12-28,no viajo,,
3746,312323636,Concepcion,Los Canelos,20155,L2,V1,2025-12-28 09:44:08,2025-12-28 11:10:32,CC→CW,2025-12-28,,20155,20155
3747,312323636,Los Canelos,Concepcion,20178,L2,V1,2025-12-28 18:15:09,2025-12-28 18:59:48,CW→CC,2025-12-28,,20178,20178
3748,312335021,Huinca,Concepcion,20172,L2,V1,2025-12-28 16:40:19,2025-12-28 17:29:21,CW→CC,2025-12-28,,20172,20172
3749,312335021,Concepcion,Huinca,20187,L2,V1,2025-12-28 20:38:09,2025-12-28 21:43:08,CC→CW,2025-12-28,,20187,20187
3750,312349811,El Parque,Juan Pablo II,20172,L2,V1,2025-12-28 17:04:11,2025-12-28 17:21:49,CW→CC,2025-12-28,,20172,20172
3751,312353384,Coronel,Concepcion,20176,L2,V1,2025-12-28 17:34:35,2025-12-28 18:27:20,CW→CC,2025-12-28,,20176,20176
3752,312353428,Concepcion,Coronel,20177,L2,V1,2025-12-28 18:08:46,2025-12-28 19:15:27,CC→CW,2025-12-28,,20177,20177
3753,312357249,Concepcion,Higueras,20844,L1,V1,2025-12-28 12:42:18,2025-12-28 13:20:15,HQ→TH,2025-12-28,combo_relajado_pase1,20844,20844
3754,312367393,Cristo Redentor,Lomas Coloradas,20160,L2,V1,2025-12-28 11:25:47,2025-12-28 11:53:51,CW→CC,2025-12-28,,20160,20160
3755,312371535,Coronel,Juan Pablo II,20154,L2,V1,2025-12-28 09:46:20,2025-12-28 10:28:23,CW→CC,2025-12-28,,20154,20154
3756,312371743,Concepcion,Laguna Quinenco,20169,L2,V1,2025-12-28 14:48:48,2025-12-28 16:12:12,CC→CW,2025-12-28,,20169,20169
3757,312373310,Concepcion,El Parque,20177,L2,V1,2025-12-28 18:32:17,2025-12-28 19:20:22,CC→CW,2025-12-28,,20177,20177
3758,312373310,El Parque,Alborada,20182,L2,V1,2025-12-28 19:39:23,2025-12-28 19:48:42,CW→CC,2025-12-28,,20182,20182
3759,312381905,Cristo Redentor,Juan Pablo II,20162,L2,V1,2025-12-28 11:58:19,2025-12-28 12:52:40,CW→CC,2025-12-28,,20162,20162
3760,312389582,Laguna Quinenco,Concepcion,20150,L2,V1,2025-12-28 08:47:08,2025-12-28 09:36:42,CW→CC,2025-12-28,,20150,20150
3761,312389862,Concepcion,Manquimavida,20847,L1,V1,2025-12-28 19:13:33,2025-12-28 20:45:18,TH→HQ,2025-12-28,combo_por_entrada,20847,20847
3762,312391510,Hito Galvarino,Juan Pablo II,20182,L2,V1,2025-12-28 19:24:58,2025-12-28 19:53:34,CW→CC,2025-12-28,,20182,20182
3763,312405150,Concepcion,Cdal. Raul Silva Henriquez,20183,L2,V1,2025-12-28 19:43:06,2025-12-28 20:26:40,CC→CW,2025-12-28,,20183,20183
3764,312405228,Concepcion,Concepcion,,,N/A,2025-12-28 11:30:26,2025-12-28 11:31:01,,2025-12-28,no viajo,,
3765,312405366,Diagonal Bio Bio,Cdal. Raul Silva Henriquez,20167,L2,V1,2025-12-28 14:40:04,2025-12-28 14:59:36,CC→CW,2025-12-28,,20167,20167
3766,312408330,Concepcion,Cristo Redentor,20165,L2,V1,2025-12-28 12:47:35,2025-12-28 13:53:07,CC→CW,2025-12-28,,20165,20165
3767,312410190,Concepcion,Los Canelos,20173,L2,V1,2025-12-28 16:53:10,2025-12-28 18:03:47,CC→CW,2025-12-28,,20173,20173
3768,312417304,Concepcion,UTF Santa Maria,20846,L1,V1,2025-12-28 17:18:55,2025-12-28 17:45:46,HQ→TH,2025-12-28,,20846,20846
3769,312420369,Huinca,Concepcion,20162,L2,V1,2025-12-28 12:18:25,2025-12-28 12:59:29,CW→CC,2025-12-28,,20162,20162
3770,312420607,Concepcion,Cristo Redentor,20177,L2,V1,2025-12-28 18:23:44,2025-12-28 19:09:34,CC→CW,2025-12-28,,20177,20177
3771,312421043,Coronel,Concepcion,,,N/A,2025-12-28 11:26:52,2025-12-28 12:01:56,,2025-12-28,sin_combo_factible_en_hub|sin_s1_factible_retro,,
3772,312421671,Cdal. Raul Silva Henriquez,Concepcion,20176,L2,V1,2025-12-28 17:53:47,2025-12-28 18:27:51,CW→CC,2025-12-28,,20176,20176
3773,312421671,Concepcion,Cdal. Raul Silva Henriquez,20187,L2,V1,2025-12-28 20:53:24,2025-12-28 21:32:22,CC→CW,2025-12-28,,20187,20187
3774,312421710,Lomas Coloradas,Los Canelos,20161,L2,V1,2025-12-28 12:34:05,2025-12-28 12:48:40,CC→CW,2025-12-28,,20161,20161
3775,312422153,Cristo Redentor,Concepcion,20182,L2,V1,2025-12-28 19:20:16,2025-12-28 21:00:29,CW→CC,2025-12-28,combo_por_entrada,20182,20182
3776,312422158,Diagonal Bio Bio,Laguna Quinenco,20157,L2,V1,2025-12-28 11:18:13,2025-12-28 12:12:44,CC→CW,2025-12-28,,20157,20157
3777,312422158,Cristo Redentor,Diagonal Bio Bio,20182,L2,V1,2025-12-28 19:21:57,2025-12-28 19:51:20,CW→CC,2025-12-28,,20182,20182
3778,312424406,Laguna Quinenco,Concepcion,20170,L2,V1,2025-12-28 15:41:56,2025-12-28 16:22:16,CW→CC,2025-12-28,,20170,20170
3779,312425406,Hito Galvarino,Los Canelos,20183,L2,V1,2025-12-28 20:27:12,2025-12-28 20:37:55,CC→CW,2025-12-28,,20183,20183
3780,312425437,Laguna Quinenco,Concepcion,20178,L2,V1,2025-12-28 18:14:03,2025-12-28 19:04:55,CW→CC,2025-12-28,,20178,20178
3781,312426542,Costa Mar,Hito Galvarino,20167,L2,V1,2025-12-28 14:44:52,2025-12-28 15:05:03,CC→CW,2025-12-28,,20167,20167
3782,312426947,Laguna Quinenco,Concepcion,20150,,V2,2025-12-28 08:47:07,2025-12-28 09:21:12,,2025-12-28,sin_combo_factible_en_hub|sin_s1_factible_retro,,20150
3783,312426964,Cristo Redentor,Concepcion,20178,L2,V1,2025-12-28 18:19:32,2025-12-28 19:00:09,CW→CC,2025-12-28,,20178,20178
3784,312431589,Concepcion,Concepcion,,,N/A,2025-12-28 19:21:55,2025-12-28 19:38:53,,2025-12-28,no viajo,,
3785,312431589,Concepcion,Cristo Redentor,20183,L2,V1,2025-12-28 20:00:12,2025-12-28 20:41:34,CC→CW,2025-12-28,,20183,20183
3786,312433411,Cdal. Raul Silva Henriquez,Juan Pablo II,20150,L2,V1,2025-12-28 09:00:20,2025-12-28 09:23:43,CW→CC,2025-12-28,,20150,20150
3787,312433556,Hito Galvarino,Concepcion,20172,L2,V2,2025-12-28 17:00:08,2025-12-28 17:28:59,,2025-12-28,sin_combo_factible_en_hub|sin_s1_factible_retro,,20172
3788,312435905,Concepcion,Los Canelos,20155,L2,V1,2025-12-28 10:31:24,2025-12-28 11:10:15,CC→CW,2025-12-28,,20155,20155
3789,312435948,Los Canelos,Concepcion,20160,L2,V1,2025-12-28 11:38:47,2025-12-28 12:12:45,CW→CC,2025-12-28,,20160,20160
3790,312436072,Los Canelos,Concepcion,20168,L2,V1,2025-12-28 14:49:05,2025-12-28 15:35:32,CW→CC,2025-12-28,,20168,20168
3791,312436115,Lzo. Arenas,Manquimavida,20845,L1,V1,2025-12-28 16:17:48,2025-12-28 16:46:22,TH→HQ,2025-12-28,,20845,20845
3792,312436143,El Parque,Cristo Redentor,20183,L2,V1,2025-12-28 20:16:58,2025-12-28 20:41:17,CC→CW,2025-12-28,,20183,20183
3793,312439416,Lomas Coloradas,Diagonal Bio Bio,20168,L2,V1,2025-12-28 14:58:21,2025-12-28 15:19:20,CW→CC,2025-12-28,,20168,20168
3794,312439416,Juan Pablo II,Lomas Coloradas,20177,L2,V1,2025-12-28 18:12:01,2025-12-28 18:51:23,CC→CW,2025-12-28,,20177,20177
3795,312450236,Cdal. Raul Silva Henriquez,Concepcion,20178,L2,V1,2025-12-28 18:33:17,2025-12-28 18:59:13,CW→CC,2025-12-28,,20178,20178
3796,312450253,Mercado,Concepcion,20857,L1,V1,2025-12-28 08:25:33,2025-12-28 08:56:24,TH→HQ,2025-12-28,,20857,20857
3797,312450253,Concepcion,El Arenal,20846,L1,V1,2025-12-28 17:23:13,2025-12-28 17:57:06,HQ→TH,2025-12-28,,20846,20846
3798,312450265,El Parque,Juan Pablo II,20160,L2,V1,2025-12-28 11:54:02,2025-12-28 12:06:02,CW→CC,2025-12-28,,20160,20160
3799,312460882,Cdal. Raul Silva Henriquez,Concepcion,20178,L2,V1,2025-12-28 18:19:45,2025-12-28 18:58:50,CW→CC,2025-12-28,,20178,20178
3800,312460995,Concepcion,Laguna Quinenco,20157,L2,V1,2025-12-28 11:19:55,2025-12-28 12:12:36,CC→CW,2025-12-28,,20157,20157
3801,312460995,Laguna Quinenco,Concepcion,20166,L2,V1,2025-12-28 13:49:08,2025-12-28 14:39:14,CW→CC,2025-12-28,,20166,20166
3802,312460995,Concepcion,Laguna Quinenco,20177,L2,V1,2025-12-28 18:11:05,2025-12-28 19:12:43,CC→CW,2025-12-28,,20177,20177
3803,312460995,Laguna Quinenco,Concepcion,20186,L2,V1,2025-12-28 20:09:18,2025-12-28 20:59:50,CW→CC,2025-12-28,,20186,20186
3804,312461013,Hito Galvarino,Juan Pablo II,20168,L2,V1,2025-12-28 14:54:37,2025-12-28 15:21:24,CW→CC,2025-12-28,,20168,20168
3805,312461013,Juan Pablo II,Hito Galvarino,20177,L2,V1,2025-12-28 18:06:38,2025-12-28 19:01:07,CC→CW,2025-12-28,,20177,20177
3806,312461065,Concepcion,Los Canelos,20161,L2,V1,2025-12-28 11:45:52,2025-12-28 12:48:42,CC→CW,2025-12-28,,20161,20161
3807,312461277,Lomas Coloradas,Concepcion,20172,L2,V1,2025-12-28 17:04:04,2025-12-28 17:29:46,CW→CC,2025-12-28,,20172,20172
3808,312461325,Concepcion,Concepcion,,,N/A,2025-12-28 15:09:42,2025-12-28 15:10:46,,2025-12-28,no viajo,,
3809,312461331,Diagonal Bio Bio,Hito Galvarino,20187,L2,V1,2025-12-28 21:07:59,2025-12-28 21:37:38,CC→CW,2025-12-28,,20187,20187
3810,312466349,Cristo Redentor,Concepcion,20166,L2,V1,2025-12-28 13:51:22,2025-12-28 14:32:58,CW→CC,2025-12-28,,20166,20166
3811,312466723,Coronel,Los Canelos,20170,L2,V1,2025-12-28 15:35:08,2025-12-28 15:50:05,CW→CC,2025-12-28,,20170,20170
3812,312466836,Concepcion,Lomas Coloradas,20169,L2,V1,2025-12-28 15:23:55,2025-12-28 15:50:41,CC→CW,2025-12-28,,20169,20169
3813,312466836,Lomas Coloradas,Los Canelos,20177,L2,V1,2025-12-28 18:49:10,2025-12-28 19:05:15,CC→CW,2025-12-28,,20177,20177
3814,312467159,Costa Mar,Huinca,20183,L2,V1,2025-12-28 20:12:05,2025-12-28 20:38:29,CC→CW,2025-12-28,,20183,20183
3815,312467182,Concepcion,Laguna Quinenco,20151,L2,V1,2025-12-28 09:30:29,2025-12-28 10:14:47,CC→CW,2025-12-28,,20151,20151
3816,312467208,Cristo Redentor,Los Canelos,20170,L2,V1,2025-12-28 15:35:06,2025-12-28 15:50:59,CW→CC,2025-12-28,,20170,20170
3817,312472619,Concepcion,El Parque,20151,L2,V1,2025-12-28 09:26:03,2025-12-28 09:50:08,CC→CW,2025-12-28,,20151,20151
3818,312477763,Hito Galvarino,Costa Mar,20150,L2,V1,2025-12-28 08:56:11,2025-12-28 09:16:27,CW→CC,2025-12-28,,20150,20150
3819,312477763,Costa Mar,Hito Galvarino,20157,L2,V1,2025-12-28 11:32:04,2025-12-28 11:59:22,CC→CW,2025-12-28,,20157,20157
3820,312477804,Los Canelos,Juan Pablo II,20154,L2,V1,2025-12-28 09:54:26,2025-12-28 10:27:08,CW→CC,2025-12-28,,20154,20154
3821,312477804,Lomas Coloradas,Los Canelos,20167,L2,V1,2025-12-28 14:53:14,2025-12-28 15:09:43,CC→CW,2025-12-28,,20167,20167
3822,312485202,Lomas Coloradas,Huinca,20161,L2,V1,2025-12-28 12:33:42,2025-12-28 12:51:06,CC→CW,2025-12-28,,20161,20161
3823,312485215,Los Canelos,Concepcion,20168,L2,V1,2025-12-28 14:39:31,2025-12-28 15:28:30,CW→CC,2025-12-28,,20168,20168
3824,312485215,Concepcion,Concepcion,,,N/A,2025-12-28 15:42:38,2025-12-28 15:43:10,,2025-12-28,no viajo,,
3825,312485215,Concepcion,Concepcion,,,N/A,2025-12-28 17:11:45,2025-12-28 17:12:22,,2025-12-28,no viajo,,
3826,312485215,Concepcion,Los Canelos,20177,L2,V1,2025-12-28 18:10:20,2025-12-28 19:05:19,CC→CW,2025-12-28,,20177,20177
3827,312485342,Cristo Redentor,El Parque,20150,L2,V1,2025-12-28 08:49:21,2025-12-28 09:14:03,CW→CC,2025-12-28,,20150,20150
3828,312485342,El Parque,Cristo Redentor,20183,L2,V1,2025-12-28 20:16:54,2025-12-28 20:41:02,CC→CW,2025-12-28,,20183,20183
3829,312485440,UTF Santa Maria,Chiguayante,20857,L1,V1,2025-12-28 08:24:58,2025-12-28 09:09:58,TH→HQ,2025-12-28,,20857,20857
3830,312497454,Concepcion,Laguna Quinenco,20173,L2,V1,2025-12-28 17:08:03,2025-12-28 18:11:28,CC→CW,2025-12-28,,20173,20173
3831,312497701,Lomas Coloradas,Los Canelos,20179,L2,V1,2025-12-28 19:21:29,2025-12-28 19:36:26,CC→CW,2025-12-28,,20179,20179
3832,312497759,Diagonal Bio Bio,Costa Mar,20161,L2,V1,2025-12-28 12:14:13,2025-12-28 12:31:22,CC→CW,2025-12-28,,20161,20161
3833,312497830,Huinca,Juan Pablo II,20178,L2,V1,2025-12-28 18:18:18,2025-12-28 18:52:28,CW→CC,2025-12-28,,20178,20178
3834,312498039,Cdal. Raul Silva Henriquez,Diagonal Bio Bio,20172,L2,V1,2025-12-28 17:00:05,2025-12-28 17:19:27,CW→CC,2025-12-28,,20172,20172
3835,312504789,Juan Pablo II,Cdal. Raul Silva Henriquez,20183,L2,V1,2025-12-28 20:03:08,2025-12-28 20:26:02,CC→CW,2025-12-28,,20183,20183
3836,312504880,Concepcion,Los Canelos,20183,L2,V1,2025-12-28 19:54:58,2025-12-28 20:37:32,CC→CW,2025-12-28,,20183,20183
3837,312504959,Concepcion,Coronel,20151,L2,V1,2025-12-28 09:33:46,2025-12-28 11:20:10,CC→CW,2025-12-28,,20151,20151
3838,312505032,Concepcion,Laguna Quinenco,20173,L2,V1,2025-12-28 17:24:09,2025-12-28 18:10:35,CC→CW,2025-12-28,,20173,20173
3839,312505044,Huinca,Concepcion,20154,L2,V1,2025-12-28 09:56:25,2025-12-28 10:33:17,CW→CC,2025-12-28,,20154,20154
3840,312505044,Concepcion,Huinca,20167,L2,V1,2025-12-28 13:54:30,2025-12-28 15:11:05,CC→CW,2025-12-28,,20167,20167
3841,312505076,Los Canelos,El Parque,20156,L2,V1,2025-12-28 10:42:15,2025-12-28 11:00:31,CW→CC,2025-12-28,,20156,20156
3842,312505076,El Parque,Concepcion,20160,L2,V1,2025-12-28 11:47:03,2025-12-28 12:17:33,CW→CC,2025-12-28,,20160,20160
3843,312505076,Concepcion,Laguna Quinenco,20171,L2,V1,2025-12-28 16:32:49,2025-12-28 17:21:00,CC→CW,2025-12-28,,20171,20171
3844,312505086,Pedro Medina,Concepcion,20848,L1,V1,2025-12-28 20:47:37,2025-12-28 21:09:35,HQ→TH,2025-12-28,,20848,20848
3845,312505139,Huinca,Concepcion,20160,L2,V1,2025-12-28 11:29:48,2025-12-28 12:13:00,CW→CC,2025-12-28,,20160,20160
3846,312505143,Huinca,Concepcion,20156,L2,V1,2025-12-28 10:29:20,2025-12-28 11:18:04,CW→CC,2025-12-28,,20156,20156
3847,312505143,Concepcion,Huinca,20183,L2,V1,2025-12-28 20:01:51,2025-12-28 20:38:59,CC→CW,2025-12-28,,20183,20183
3848,312505148,Cdal. Raul Silva Henriquez,Concepcion,20156,L2,V1,2025-12-28 10:50:03,2025-12-28 11:18:04,CW→CC,2025-12-28,,20156,20156
3849,312505148,Los Condores,Concepcion,20859,L1,V1,2025-12-28 12:40:49,2025-12-28 12:55:45,TH→HQ,2025-12-28,,20859,20859
3850,312506135,Concepcion,Concepcion,,,N/A,2025-12-28 15:38:42,2025-12-28 15:39:11,,2025-12-28,no viajo,,
3851,312506135,Concepcion,Concepcion,,,N/A,2025-12-28 16:56:36,2025-12-28 16:57:28,,2025-12-28,no viajo,,
3852,312507989,Laguna Quinenco,Huinca,20186,L2,V1,2025-12-28 20:06:49,2025-12-28 20:24:11,CW→CC,2025-12-28,,20186,20186
3853,312508143,Concepcion,El Parque,20151,L2,V1,2025-12-28 09:21:40,2025-12-28 09:50:13,CC→CW,2025-12-28,,20151,20151
3854,312508191,Cdal. Raul Silva Henriquez,Concepcion,20178,L2,V1,2025-12-28 18:34:53,2025-12-28 18:59:26,CW→CC,2025-12-28,,20178,20178
3855,312515387,Concepcion,Concepcion,,,N/A,2025-12-28 18:54:48,2025-12-28 18:56:39,,2025-12-28,no viajo,,
3856,312515455,Lomas Coloradas,Concepcion,20186,L2,V1,2025-12-28 20:35:48,2025-12-28 20:59:09,CW→CC,2025-12-28,,20186,20186
3857,312515507,Concepcion,Cristo Redentor,20183,L2,V1,2025-12-28 19:49:53,2025-12-28 20:40:46,CC→CW,2025-12-28,,20183,20183
3858,312515814,Laguna Quinenco,El Parque,20178,L2,V1,2025-12-28 18:11:53,2025-12-28 18:41:28,CW→CC,2025-12-28,,20178,20178
3859,312515814,El Parque,Hito Galvarino,20183,L2,V1,2025-12-28 19:58:27,2025-12-28 20:32:48,CC→CW,2025-12-28,,20183,20183
3860,312522492,Los Canelos,Concepcion,20160,L2,V1,2025-12-28 11:17:32,2025-12-28 12:12:17,CW→CC,2025-12-28,,20160,20160
3861,312522742,Concepcion,Concepcion,,,N/A,2025-12-28 09:04:48,2025-12-28 09:06:26,,2025-12-28,no viajo,,
3862,312522742,Concepcion,Concepcion,,,N/A,2025-12-28 09:09:58,2025-12-28 09:10:33,,2025-12-28,no viajo,,
3863,312522821,Los Canelos,Cdal. Raul Silva Henriquez,20168,L2,V1,2025-12-28 14:49:17,2025-12-28 15:07:46,CW→CC,2025-12-28,,20168,20168
3864,312524404,Concepcion,Cristo Redentor,20187,L2,V1,2025-12-28 20:51:47,2025-12-28 21:44:08,CC→CW,2025-12-28,,20187,20187
3865,312524641,Juan Pablo II,Huinca,20179,L2,V1,2025-12-28 19:04:46,2025-12-28 19:37:37,CC→CW,2025-12-28,,20179,20179
3866,312524679,Concepcion,Cristo Redentor,20155,L2,V1,2025-12-28 09:43:04,2025-12-28 11:14:53,CC→CW,2025-12-28,,20155,20155
3867,312524703,Lomas Coloradas,Concepcion,20170,L2,V1,2025-12-28 15:59:59,2025-12-28 16:23:14,CW→CC,2025-12-28,,20170,20170
3868,312524771,Concepcion,Coronel,20151,L2,V1,2025-12-28 08:23:43,2025-12-28 10:17:30,CC→CW,2025-12-28,combo_por_entrada,20151,20151
3869,312524856,Los Canelos,Concepcion,20182,L2,V1,2025-12-28 19:10:42,2025-12-28 20:05:17,CW→CC,2025-12-28,,20182,20182
3870,312527727,Huinca,Concepcion,20168,L2,V1,2025-12-28 14:40:30,2025-12-28 15:28:40,CW→CC,2025-12-28,,20168,20168
3871,312527727,Concepcion,Cristo Redentor,20173,L2,V1,2025-12-28 17:24:59,2025-12-28 18:08:31,CC→CW,2025-12-28,,20173,20173
3872,312534997,Concepcion,Costa Mar,20155,L2,V1,2025-12-28 10:18:50,2025-12-28 10:51:06,CC→CW,2025-12-28,,20155,20155
3873,312534997,Costa Mar,Concepcion,20176,L2,V1,2025-12-28 18:07:19,2025-12-28 18:26:57,CW→CC,2025-12-28,,20176,20176
3874,312535041,Costa Mar,Hito Galvarino,20179,L2,V1,2025-12-28 19:15:37,2025-12-28 19:32:06,CC→CW,2025-12-28,,20179,20179
3875,312535048,Concepcion,Concepcion,,,N/A,2025-12-28 11:46:45,2025-12-28 11:47:08,,2025-12-28,no viajo,,
3876,312535211,Los Canelos,Concepcion,20150,L2,V1,2025-12-28 08:49:47,2025-12-28 09:37:04,CW→CC,2025-12-28,,20150,20150
3877,312535218,Concepcion,Coronel,20173,L2,V1,2025-12-28 16:51:13,2025-12-28 18:13:50,CC→CW,2025-12-28,,20173,20173
3878,312535225,Huinca,Lomas Coloradas,20168,L2,V1,2025-12-28 14:44:54,2025-12-28 15:10:32,CW→CC,2025-12-28,,20168,20168
3879,312535273,Concepcion,Hito Galvarino,20179,L2,V1,2025-12-28 18:48:03,2025-12-28 19:32:12,CC→CW,2025-12-28,,20179,20179
3880,312537586,Cdal. Raul Silva Henriquez,Costa Mar,20162,L2,V1,2025-12-28 12:33:26,2025-12-28 12:45:37,CW→CC,2025-12-28,,20162,20162
3881,312537586,Costa Mar,Cdal. Raul Silva Henriquez,20165,L2,V1,2025-12-28 13:01:06,2025-12-28 13:38:42,CC→CW,2025-12-28,,20165,20165
3882,312537828,Hito Galvarino,Diagonal Bio Bio,20156,L2,V1,2025-12-28 10:46:42,2025-12-28 11:07:36,CW→CC,2025-12-28,,20156,20156
3883,312538179,Concepcion,Concepcion,,,N/A,2025-12-28 17:39:07,2025-12-28 17:41:19,,2025-12-28,no viajo,,
3884,312538407,Concepcion,Cristo Redentor,20187,L2,V1,2025-12-28 20:45:10,2025-12-28 21:44:24,CC→CW,2025-12-28,,20187,20187
3885,312538440,Hito Galvarino,Costa Mar,20176,L2,V1,2025-12-28 17:56:29,2025-12-28 18:12:28,CW→CC,2025-12-28,,20176,20176
3886,312538703,Laguna Quinenco,El Parque,20166,L2,V1,2025-12-28 13:51:42,2025-12-28 14:15:41,CW→CC,2025-12-28,,20166,20166
3887,312538703,El Parque,Laguna Quinenco,20183,L2,V1,2025-12-28 20:16:54,2025-12-28 20:44:05,CC→CW,2025-12-28,,20183,20183
3888,312538723,Coronel,Concepcion,20150,L2,V1,2025-12-28 08:40:11,2025-12-28 09:30:53,CW→CC,2025-12-28,,20150,20150
3889,312538843,Concepcion,Cristo Redentor,20177,L2,V1,2025-12-28 18:17:33,2025-12-28 19:10:02,CC→CW,2025-12-28,,20177,20177
3890,312540415,Huinca,Concepcion,20186,L2,V1,2025-12-28 20:18:51,2025-12-28 21:00:04,CW→CC,2025-12-28,,20186,20186
3891,312540552,Los Canelos,Concepcion,20168,L2,V1,2025-12-28 14:40:01,2025-12-28 15:29:05,CW→CC,2025-12-28,,20168,20168
3892,312540552,Concepcion,Los Canelos,20179,L2,V1,2025-12-28 18:57:59,2025-12-28 19:36:07,CC→CW,2025-12-28,,20179,20179
3893,312540556,Los Canelos,Concepcion,20166,L2,V1,2025-12-28 13:35:44,2025-12-28 14:33:17,CW→CC,2025-12-28,,20166,20166
3894,312540556,Concepcion,Los Canelos,20187,L2,V1,2025-12-28 20:57:18,2025-12-28 21:40:11,CC→CW,2025-12-28,,20187,20187
3895,312540605,Concepcion,Coronel,20169,L2,V1,2025-12-28 15:16:51,2025-12-28 16:15:13,CC→CW,2025-12-28,,20169,20169
3896,312540637,Concepcion,Laguna Quinenco,20183,L2,V1,2025-12-28 19:55:28,2025-12-28 20:49:58,CC→CW,2025-12-28,,20183,20183
3897,312540673,Concepcion,Los Canelos,20187,L2,V1,2025-12-28 20:41:23,2025-12-28 21:41:16,CC→CW,2025-12-28,,20187,20187
3898,312540709,Cdal. Raul Silva Henriquez,Juan Pablo II,20172,L2,V1,2025-12-28 16:59:45,2025-12-28 17:22:48,CW→CC,2025-12-28,,20172,20172
3899,312540709,Juan Pablo II,Cdal. Raul Silva Henriquez,20187,L2,V1,2025-12-28 21:05:45,2025-12-28 21:31:54,CC→CW,2025-12-28,,20187,20187
3900,312540806,Cristo Redentor,Concepcion,20172,L2,V1,2025-12-28 16:44:14,2025-12-28 17:28:29,CW→CC,2025-12-28,,20172,20172
3901,312551922,Concepcion,Concepcion,,,N/A,2025-12-28 14:06:19,2025-12-28 14:06:46,,2025-12-28,no viajo,,
3902,312552148,Hito Galvarino,Concepcion,20166,L2,V1,2025-12-28 13:57:54,2025-12-28 14:33:26,CW→CC,2025-12-28,,20166,20166
3903,312552148,Concepcion,Hito Galvarino,20173,L2,V1,2025-12-28 17:18:58,2025-12-28 18:00:14,CC→CW,2025-12-28,,20173,20173
3904,312552175,Cdal. Raul Silva Henriquez,Concepcion,20162,L2,V1,2025-12-28 12:26:11,2025-12-28 12:58:38,CW→CC,2025-12-28,,20162,20162
3905,312552175,Concepcion,Cdal. Raul Silva Henriquez,20171,L2,V1,2025-12-28 16:29:00,2025-12-28 17:03:33,CC→CW,2025-12-28,,20171,20171
3906,312555465,Huinca,El Parque,20150,L2,V1,2025-12-28 08:49:26,2025-12-28 09:14:12,CW→CC,2025-12-28,,20150,20150
3907,312555465,El Parque,Huinca,20183,L2,V1,2025-12-28 20:13:20,2025-12-28 20:39:32,CC→CW,2025-12-28,,20183,20183
3908,312555877,Huinca,Coronel,20157,L2,V1,2025-12-28 12:04:46,2025-12-28 12:15:43,CC→CW,2025-12-28,,20157,20157
3909,312555909,Hito Galvarino,Laguna Quinenco,20167,L2,V1,2025-12-28 14:54:16,2025-12-28 15:17:39,CC→CW,2025-12-28,,20167,20167
3910,312555909,Laguna Quinenco,Concepcion,20186,L2,V1,2025-12-28 19:51:45,2025-12-28 20:59:15,CW→CC,2025-12-28,,20186,20186
3911,312556138,Pedro Medina,Concepcion,20846,L1,V1,2025-12-28 16:42:11,2025-12-28 17:42:09,HQ→TH,2025-12-28,,20846,20846
3912,312556215,Costa Mar,Lomas Coloradas,20155,L2,V1,2025-12-28 10:35:59,2025-12-28 10:57:21,CC→CW,2025-12-28,,20155,20155
3913,312559455,Laguna Quinenco,Los Canelos,20168,L2,V1,2025-12-28 14:30:30,2025-12-28 14:56:52,CW→CC,2025-12-28,,20168,20168
3914,312559663,Cdal. Raul Silva Henriquez,Concepcion,20160,L2,V1,2025-12-28 11:40:45,2025-12-28 12:13:11,CW→CC,2025-12-28,,20160,20160
3915,312559663,Concepcion,Cdal. Raul Silva Henriquez,20183,L2,V1,2025-12-28 19:09:03,2025-12-28 20:26:47,CC→CW,2025-12-28,,20183,20179
3916,312560997,Diagonal Bio Bio,Cristo Redentor,20161,L2,V1,2025-12-28 12:22:47,2025-12-28 12:54:25,CC→CW,2025-12-28,,20161,20161
3917,312560997,Cristo Redentor,Diagonal Bio Bio,20176,L2,V1,2025-12-28 17:44:48,2025-12-28 18:16:56,CW→CC,2025-12-28,,20176,20176
3918,312561252,Los Canelos,Concepcion,20178,L2,V1,2025-12-28 18:22:21,2025-12-28 18:58:47,CW→CC,2025-12-28,,20178,20178
3919,312561258,Concepcion,Lomas Coloradas,20169,L2,V1,2025-12-28 15:29:39,2025-12-28 15:50:46,CC→CW,2025-12-28,,20169,20169
3920,312561258,Lomas Coloradas,Huinca,20173,L2,V1,2025-12-28 17:48:44,2025-12-28 18:06:00,CC→CW,2025-12-28,,20173,20173
3921,312561258,Huinca,Juan Pablo II,20186,L2,V1,2025-12-28 20:20:12,2025-12-28 20:52:24,CW→CC,2025-12-28,,20186,20186
3922,312561294,Hualqui,Manquimavida,20846,L1,V1,2025-12-28 16:53:50,2025-12-28 17:20:34,HQ→TH,2025-12-28,,20846,20846
3923,312561371,Huinca,Diagonal Bio Bio,20150,L2,V1,2025-12-28 08:49:40,2025-12-28 09:21:10,CW→CC,2025-12-28,,20150,20150
3924,312568447,Concepcion,Diagonal Bio Bio,20161,L2,V1,2025-12-28 11:53:30,2025-12-28 12:27:58,CC→CW,2025-12-28,,20161,20161
3925,312568532,Cdal. Raul Silva Henriquez,Cristo Redentor,20165,L2,V1,2025-12-28 13:26:16,2025-12-28 13:53:40,CC→CW,2025-12-28,,20165,20165
3926,312568532,Cristo Redentor,Cdal. Raul Silva Henriquez,20186,L2,V1,2025-12-28 20:05:19,2025-12-28 20:37:13,CW→CC,2025-12-28,,20186,20186
3927,312568547,Huinca,Concepcion,20160,L2,V1,2025-12-28 11:19:22,2025-12-28 12:12:03,CW→CC,2025-12-28,,20160,20160
3928,312568547,Concepcion,Huinca,20165,L2,V1,2025-12-28 12:43:11,2025-12-28 13:49:53,CC→CW,2025-12-28,,20165,20165
3929,312568547,Huinca,Concepcion,20168,L2,V1,2025-12-28 14:49:28,2025-12-28 15:27:48,CW→CC,2025-12-28,,20168,20168
3930,312568547,Concepcion,Huinca,20177,L2,V1,2025-12-28 18:31:14,2025-12-28 19:37:52,CC→CW,2025-12-28,,20177,20177
3931,312568558,Concepcion,Los Canelos,20169,L2,V1,2025-12-28 15:23:35,2025-12-28 16:02:40,CC→CW,2025-12-28,,20169,20169
3932,312568558,Los Canelos,Laguna Quinenco,20173,L2,V1,2025-12-28 18:00:09,2025-12-28 18:10:40,CC→CW,2025-12-28,,20173,20173
3933,312568558,Laguna Quinenco,Los Canelos,20186,L2,V1,2025-12-28 20:09:48,2025-12-28 20:26:11,CW→CC,2025-12-28,,20186,20186
3934,312568638,Coronel,Juan Pablo II,20162,L2,V1,2025-12-28 12:04:21,2025-12-28 12:52:43,CW→CC,2025-12-28,,20162,20162
3935,312568792,Concepcion,Huinca,20169,L2,V1,2025-12-28 15:22:46,2025-12-28 16:05:27,CC→CW,2025-12-28,,20169,20169
3936,312568802,Lomas Coloradas,Huinca,20161,L2,V1,2025-12-28 12:34:20,2025-12-28 12:50:58,CC→CW,2025-12-28,,20161,20161
3937,312568802,Huinca,Lomas Coloradas,20182,L2,V1,2025-12-28 19:23:05,2025-12-28 19:40:35,CW→CC,2025-12-28,,20182,20182
3938,312570777,Costa Mar,Cdal. Raul Silva Henriquez,20169,L2,V1,2025-12-28 15:43:18,2025-12-28 15:53:02,CC→CW,2025-12-28,,20169,20169
3939,312573939,Concepcion,Laguna Quinenco,20177,L2,V1,2025-12-28 18:07:19,2025-12-28 19:12:31,CC→CW,2025-12-28,,20177,20177
3940,312573972,Concepcion,Hito Galvarino,20187,L2,V1,2025-12-28 20:26:54,2025-12-28 21:37:33,CC→CW,2025-12-28,,20187,20187
3941,312574574,Juan Pablo II,Concepcion,20182,L2,V1,2025-12-28 19:30:54,2025-12-28 20:00:13,CW→CC,2025-12-28,,20182,20182
3942,312575319,El Parque,Hito Galvarino,20183,L2,V1,2025-12-28 20:07:32,2025-12-28 20:33:30,CC→CW,2025-12-28,,20183,20183
3943,312575331,Lomas Coloradas,Concepcion,20186,L2,V1,2025-12-28 20:26:19,2025-12-28 21:00:39,CW→CC,2025-12-28,,20186,20186
3944,312575863,Cristo Redentor,Juan Pablo II,20166,L2,V1,2025-12-28 13:50:49,2025-12-28 14:25:57,CW→CC,2025-12-28,,20166,20166
3945,312575863,Juan Pablo II,Cristo Redentor,20177,L2,V1,2025-12-28 18:33:27,2025-12-28 19:09:08,CC→CW,2025-12-28,,20177,20177
3946,312578911,Los Canelos,Concepcion,20172,L2,V1,2025-12-28 16:44:39,2025-12-28 17:28:21,CW→CC,2025-12-28,,20172,20172
3947,312578931,Cristo Redentor,Diagonal Bio Bio,20160,L2,V1,2025-12-28 11:29:14,2025-12-28 12:03:52,CW→CC,2025-12-28,,20160,20160
3948,312578931,Concepcion,Cristo Redentor,20179,L2,V1,2025-12-28 18:58:33,2025-12-28 19:40:37,CC→CW,2025-12-28,,20179,20179
3949,312579072,Los Canelos,Cdal. Raul Silva Henriquez,20176,L2,V1,2025-12-28 17:49:20,2025-12-28 18:05:20,CW→CC,2025-12-28,,20176,20176
3950,312579099,Concepcion,Cdal. Raul Silva Henriquez,20165,L2,V1,2025-12-28 13:08:20,2025-12-28 13:38:50,CC→CW,2025-12-28,,20165,20165
3951,312579099,Cdal. Raul Silva Henriquez,Concepcion,20186,L2,V1,2025-12-28 20:32:04,2025-12-28 20:59:27,CW→CC,2025-12-28,,20186,20186
3952,312579134,Diagonal Bio Bio,Costa Mar,20161,L2,V1,2025-12-28 12:23:23,2025-12-28 12:30:57,CC→CW,2025-12-28,,20161,20161
3953,312579319,Concepcion,Laguna Quinenco,20171,L2,V1,2025-12-28 16:19:23,2025-12-28 17:21:27,CC→CW,2025-12-28,,20171,20171
3954,312586448,Lzo. Arenas,Manquimavida,20847,L1,V1,2025-12-28 20:12:10,2025-12-28 20:45:28,TH→HQ,2025-12-28,,20847,20847
3955,312586529,Cdal. Raul Silva Henriquez,Diagonal Bio Bio,20162,L2,V1,2025-12-28 12:30:03,2025-12-28 12:49:47,CW→CC,2025-12-28,,20162,20162
3956,312586529,Diagonal Bio Bio,Lomas Coloradas,20167,L2,V1,2025-12-28 14:24:27,2025-12-28 14:56:20,CC→CW,2025-12-28,,20167,20167
3957,312586593,El Parque,Cdal. Raul Silva Henriquez,20155,L2,V1,2025-12-28 10:33:28,2025-12-28 11:00:14,CC→CW,2025-12-28,,20155,20155
3958,312586593,Cdal. Raul Silva Henriquez,Lomas Coloradas,20186,L2,V1,2025-12-28 20:34:24,2025-12-28 20:38:24,CW→CC,2025-12-28,,20186,20186
3959,312586742,Lomas Coloradas,El Parque,20156,L2,V1,2025-12-28 10:55:57,2025-12-28 11:00:35,CW→CC,2025-12-28,,20156,20156
3960,312586742,El Parque,Lomas Coloradas,20183,L2,V1,2025-12-28 20:05:49,2025-12-28 20:22:35,CC→CW,2025-12-28,,20183,20183
3961,312586749,Los Canelos,Concepcion,20154,L2,V1,2025-12-28 09:58:41,2025-12-28 10:32:49,CW→CC,2025-12-28,,20154,20154
3962,312586749,Concepcion,Los Canelos,20183,L2,V1,2025-12-28 19:59:05,2025-12-28 20:37:23,CC→CW,2025-12-28,,20183,20183
3963,312592488,Lomas Coloradas,Concepcion,20150,L2,V1,2025-12-28 09:06:12,2025-12-28 09:31:04,CW→CC,2025-12-28,,20150,20150
3964,312592488,Concepcion,Lomas Coloradas,20187,L2,V1,2025-12-28 20:30:08,2025-12-28 21:29:31,CC→CW,2025-12-28,,20187,20187
3965,312592553,Cdal. Raul Silva Henriquez,Los Canelos,20177,L2,V1,2025-12-28 18:46:04,2025-12-28 19:04:48,CC→CW,2025-12-28,,20177,20177
3966,312592553,Los Canelos,Cdal. Raul Silva Henriquez,20182,L2,V1,2025-12-28 19:26:54,2025-12-28 19:38:14,CW→CC,2025-12-28,,20182,20182
3967,312592761,Los Canelos,Concepcion,20154,L2,V1,2025-12-28 09:50:03,2025-12-28 10:32:49,CW→CC,2025-12-28,,20154,20154
3968,312592761,Concepcion,Los Canelos,20187,L2,V1,2025-12-28 20:54:11,2025-12-28 21:42:34,CC→CW,2025-12-28,,20187,20187
3969,312592854,Cdal. Raul Silva Henriquez,Cristo Redentor,20173,L2,V1,2025-12-28 17:51:35,2025-12-28 18:08:24,CC→CW,2025-12-28,,20173,20173
3970,312592998,Lomas Coloradas,Concepcion,20156,L2,V1,2025-12-28 10:38:16,2025-12-28 11:18:11,CW→CC,2025-12-28,,20156,20156
3971,312593000,Hito Galvarino,Concepcion,20168,L2,V1,2025-12-28 14:47:42,2025-12-28 15:31:50,CW→CC,2025-12-28,,20168,20168
3972,312593000,Concepcion,Hito Galvarino,20179,L2,V1,2025-12-28 18:41:13,2025-12-28 19:32:00,CC→CW,2025-12-28,,20179,20179
3973,312593034,Coronel,Lomas Coloradas,20182,L2,V1,2025-12-28 19:10:57,2025-12-28 19:40:39,CW→CC,2025-12-28,,20182,20182
3974,312593077,Concepcion,Cdal. Raul Silva Henriquez,20169,L2,V1,2025-12-28 15:27:02,2025-12-28 15:55:43,CC→CW,2025-12-28,,20169,20169
3975,312593091,Lomas Coloradas,Huinca,20173,L2,V1,2025-12-28 17:47:13,2025-12-28 18:05:19,CC→CW,2025-12-28,,20173,20173
3976,312593160,Alborada,Diagonal Bio Bio,20178,L2,V1,2025-12-28 18:25:14,2025-12-28 18:48:55,CW→CC,2025-12-28,,20178,20178
3977,312593289,Concepcion,Lomas Coloradas,20155,L2,V1,2025-12-28 09:39:38,2025-12-28 10:56:50,CC→CW,2025-12-28,combo_por_entrada,20155,20155
3978,312593289,Hito Galvarino,Concepcion,,,N/A,2025-12-28 19:23:05,2025-12-28 19:45:44,,2025-12-28,sin_combo_factible_en_hub|sin_s1_factible_retro,,
3979,312593309,Cristo Redentor,Concepcion,20160,L2,V1,2025-12-28 11:28:36,2025-12-28 12:13:20,CW→CC,2025-12-28,,20160,20160
3980,312593339,Laguna Quinenco,Coronel,20169,L2,V1,2025-12-28 16:08:26,2025-12-28 16:15:28,CC→CW,2025-12-28,,20169,20169
3981,312594896,Concepcion,Coronel,20177,L2,V1,2025-12-28 17:57:05,2025-12-28 19:16:14,CC→CW,2025-12-28,,20177,20177
3982,312595781,Juan Pablo II,Cdal. Raul Silva Henriquez,20177,L2,V1,2025-12-28 18:34:41,2025-12-28 18:54:15,CC→CW,2025-12-28,,20177,20177
3983,312598882,El Parque,Los Canelos,20179,L2,V1,2025-12-28 19:11:29,2025-12-28 19:35:26,CC→CW,2025-12-28,,20179,20179
3984,312598999,Laguna Quinenco,Concepcion,20172,L2,V1,2025-12-28 16:39:40,2025-12-28 17:33:02,CW→CC,2025-12-28,,20172,20172
3985,312598999,Concepcion,Laguna Quinenco,20187,L2,V1,2025-12-28 20:29:03,2025-12-28 21:48:06,CC→CW,2025-12-28,match_por_salida_fallback,20187,20187
3986,312599079,Coronel,Los Canelos,20182,L2,V1,2025-12-28 19:03:43,2025-12-28 19:27:55,CW→CC,2025-12-28,,20182,20182
3987,312599101,Coronel,Concepcion,20166,L2,V1,2025-12-28 13:43:28,2025-12-28 14:33:07,CW→CC,2025-12-28,,20166,20166
3988,312599101,Concepcion,Laguna Quinenco,20171,L2,V1,2025-12-28 16:32:39,2025-12-28 17:21:57,CC→CW,2025-12-28,,20171,20171
3989,312599125,Pedro Medina,Concepcion,20850,L1,V1,2025-12-28 09:39:35,2025-12-28 10:09:04,HQ→TH,2025-12-28,,20850,20850
3990,312599173,Concepcion,Concepcion,,,N/A,2025-12-28 12:10:48,2025-12-28 12:11:57,,2025-12-28,no viajo,,
3991,312599217,Cristo Redentor,Los Canelos,20160,L2,V1,2025-12-28 11:31:58,2025-12-28 11:41:41,CW→CC,2025-12-28,,20160,20160
3992,312601566,Los Canelos,El Parque,20150,L2,V1,2025-12-28 08:54:14,2025-12-28 09:14:10,CW→CC,2025-12-28,,20150,20150
3993,312601566,El Parque,Los Canelos,20183,L2,V1,2025-12-28 20:08:50,2025-12-28 20:37:38,CC→CW,2025-12-28,,20183,20183
3994,312601717,Coronel,Concepcion,20182,L2,V1,2025-12-28 19:01:53,2025-12-28 20:02:14,CW→CC,2025-12-28,,20182,20182
3995,312601772,Cdal. Raul Silva Henriquez,Concepcion,20166,L2,V1,2025-12-28 13:38:33,2025-12-28 14:34:31,CW→CC,2025-12-28,,20166,20166
3996,312601772,Juan Pablo II,Cdal. Raul Silva Henriquez,20187,L2,V1,2025-12-28 20:52:34,2025-12-28 21:31:56,CC→CW,2025-12-28,,20187,20187
3997,312602434,Cristo Redentor,Laguna Quinenco,20179,L2,V1,2025-12-28 19:38:28,2025-12-28 19:43:11,CC→CW,2025-12-28,,20179,20179
3998,312602493,El Parque,Cdal. Raul Silva Henriquez,20183,L2,V1,2025-12-28 20:07:17,2025-12-28 20:26:25,CC→CW,2025-12-28,,20183,20183
3999,312602510,Laguna Quinenco,Cristo Redentor,20172,L2,V1,2025-12-28 16:37:48,2025-12-28 16:51:55,CW→CC,2025-12-28,,20172,20172
4000,312602564,Cdal. Raul Silva Henriquez,Concepcion,20150,L2,V1,2025-12-28 08:54:59,2025-12-28 09:30:14,CW→CC,2025-12-28,,20150,20150
4001,312602666,Cdal. Raul Silva Henriquez,Juan Pablo II,20150,L2,V1,2025-12-28 09:06:34,2025-12-28 09:23:29,CW→CC,2025-12-28,,20150,20150
4002,312602716,Concepcion,El Parque,20167,L2,V1,2025-12-28 13:33:16,2025-12-28 14:54:27,CC→CW,2025-12-28,,20167,20167
4003,312602833,Concepcion,Concepcion,,,N/A,2025-12-28 10:43:37,2025-12-28 10:45:32,,2025-12-28,no viajo,,
4004,312602833,Concepcion,Concepcion,,,N/A,2025-12-28 12:36:29,2025-12-28 12:38:12,,2025-12-28,no viajo,,
4005,312602833,Concepcion,Concepcion,,,N/A,2025-12-28 13:45:10,2025-12-28 13:46:39,,2025-12-28,no viajo,,
4006,312602833,Concepcion,Concepcion,,,N/A,2025-12-28 17:14:25,2025-12-28 17:15:02,,2025-12-28,no viajo,,
4007,312602833,Concepcion,Concepcion,,,N/A,2025-12-28 17:40:47,2025-12-28 17:42:10,,2025-12-28,no viajo,,
4008,312609379,Concepcion,Cdal. Raul Silva Henriquez,20171,L2,V1,2025-12-28 16:20:43,2025-12-28 17:03:55,CC→CW,2025-12-28,,20171,20171
4009,312609522,Cristo Redentor,Cdal. Raul Silva Henriquez,20162,L2,V1,2025-12-28 12:11:18,2025-12-28 12:36:18,CW→CC,2025-12-28,,20162,20162
4010,312609522,Cdal. Raul Silva Henriquez,Cristo Redentor,20177,L2,V1,2025-12-28 18:50:20,2025-12-28 19:10:29,CC→CW,2025-12-28,,20177,20177
4011,312609636,Los Canelos,Concepcion,20186,L2,V1,2025-12-28 20:17:51,2025-12-28 21:01:17,CW→CC,2025-12-28,,20186,20186
4012,312609678,Cristo Redentor,Concepcion,20182,L2,V1,2025-12-28 19:15:57,2025-12-28 20:03:01,CW→CC,2025-12-28,,20182,20182
4013,312609809,Concepcion,Cristo Redentor,20187,L2,V1,2025-12-28 20:58:50,2025-12-28 21:44:58,CC→CW,2025-12-28,,20187,20187
4014,312610428,Concepcion,Diagonal Bio Bio,20179,L2,V1,2025-12-28 18:35:29,2025-12-28 19:12:17,CC→CW,2025-12-28,,20179,20177
4015,312610511,Juan Pablo II,Laguna Quinenco,20157,L2,V1,2025-12-28 11:06:14,2025-12-28 12:11:32,CC→CW,2025-12-28,,20157,20157
4016,312610625,Concepcion,Cdal. Raul Silva Henriquez,20171,L2,V1,2025-12-28 16:34:04,2025-12-28 17:03:39,CC→CW,2025-12-28,,20171,20171
4017,312610787,Concepcion,Los Canelos,20183,L2,V1,2025-12-28 19:16:17,2025-12-28 20:36:27,CC→CW,2025-12-28,,20183,20183
4018,312611593,Coronel,Hito Galvarino,20168,L2,V1,2025-12-28 14:42:03,2025-12-28 15:00:59,CW→CC,2025-12-28,,20168,20168
4019,312611712,Diagonal Bio Bio,Coronel,20167,L2,V1,2025-12-28 14:38:58,2025-12-28 15:21:23,CC→CW,2025-12-28,,20167,20167
4020,312611734,Cristo Redentor,Alborada,20154,L2,V1,2025-12-28 09:52:20,2025-12-28 10:21:00,CW→CC,2025-12-28,,20154,20154
4021,312611734,Alborada,Cristo Redentor,20167,L2,V1,2025-12-28 14:43:20,2025-12-28 15:14:58,CC→CW,2025-12-28,,20167,20167
4022,312611814,Alborada,Los Canelos,20165,L2,V1,2025-12-28 13:14:41,2025-12-28 13:48:26,CC→CW,2025-12-28,,20165,20165
4023,312617477,Concepcion,Concepcion,,,N/A,2025-12-28 18:13:48,2025-12-28 18:14:20,,2025-12-28,no viajo,,
4024,312617547,Concepcion,Lomas Coloradas,20177,L2,V1,2025-12-28 18:02:23,2025-12-28 18:50:50,CC→CW,2025-12-28,,20177,20177
4025,312617603,Concepcion,Los Canelos,20187,L2,V1,2025-12-28 20:41:12,2025-12-28 21:40:21,CC→CW,2025-12-28,,20187,20187
4026,312617672,Concepcion,Cdal. Raul Silva Henriquez,20173,L2,V1,2025-12-28 17:26:48,2025-12-28 17:53:42,CC→CW,2025-12-28,,20173,20173
4027,312617718,Los Canelos,Concepcion,20154,L2,V1,2025-12-28 09:44:51,2025-12-28 10:33:14,CW→CC,2025-12-28,,20154,20154
4028,312617718,Concepcion,Los Canelos,20171,L2,V1,2025-12-28 16:33:46,2025-12-28 17:13:39,CC→CW,2025-12-28,,20171,20171
4029,312617739,Los Canelos,Concepcion,20154,L2,V1,2025-12-28 09:59:19,2025-12-28 10:32:16,CW→CC,2025-12-28,,20154,20154
4030,312617739,Concepcion,Los Canelos,20183,L2,V1,2025-12-28 19:46:12,2025-12-28 20:37:10,CC→CW,2025-12-28,,20183,20183
4031,312618507,Cdal. Raul Silva Henriquez,Concepcion,20172,L2,V1,2025-12-28 16:44:51,2025-12-28 17:29:24,CW→CC,2025-12-28,,20172,20172
4032,312618696,Cristo Redentor,Lomas Coloradas,20154,L2,V1,2025-12-28 09:26:57,2025-12-28 10:12:35,CW→CC,2025-12-28,,20154,20154
4033,312618780,Concepcion,Lomas Coloradas,20187,L2,V1,2025-12-28 19:46:14,2025-12-28 21:29:46,CC→CW,2025-12-28,combo_por_entrada,20187,20187
4034,312621971,Concepcion,Concepcion,,,N/A,2025-12-28 16:36:09,2025-12-28 17:29:22,,2025-12-28,no viajo,,
4035,312621996,Cristo Redentor,Coronel,20169,L2,V1,2025-12-28 15:48:29,2025-12-28 16:15:31,CC→CW,2025-12-28,,20169,20169
4036,312622003,Laguna Quinenco,Concepcion,20170,L2,V1,2025-12-28 15:35:12,2025-12-28 16:23:23,CW→CC,2025-12-28,,20170,20170
4037,312622003,Concepcion,Laguna Quinenco,20179,L2,V1,2025-12-28 18:42:28,2025-12-28 19:43:35,CC→CW,2025-12-28,,20179,20179
4038,312622013,Los Canelos,Lomas Coloradas,20160,L2,V1,2025-12-28 11:35:40,2025-12-28 11:53:51,CW→CC,2025-12-28,,20160,20160
4039,312622020,Concepcion,Cdal. Raul Silva Henriquez,20155,L2,V1,2025-12-28 10:31:53,2025-12-28 10:59:38,CC→CW,2025-12-28,,20155,20155
4040,312622250,Cdal. Raul Silva Henriquez,Juan Pablo II,20160,L2,V1,2025-12-28 11:46:44,2025-12-28 12:06:31,CW→CC,2025-12-28,,20160,20160
4041,312622250,Juan Pablo II,Cdal. Raul Silva Henriquez,20171,L2,V1,2025-12-28 16:37:26,2025-12-28 17:05:08,CC→CW,2025-12-28,,20171,20171
4042,312622303,Huinca,El Parque,20176,L2,V1,2025-12-28 17:38:28,2025-12-28 18:09:45,CW→CC,2025-12-28,,20176,20176
4043,312622303,El Parque,Cristo Redentor,20177,L2,V1,2025-12-28 18:45:17,2025-12-28 19:09:45,CC→CW,2025-12-28,,20177,20177
4044,312628363,Juan Pablo II,Coronel,20179,L2,V1,2025-12-28 19:05:48,2025-12-28 19:45:18,CC→CW,2025-12-28,,20179,20179
4045,312628422,Lzo. Arenas,La Leonera,20845,L1,V1,2025-12-28 16:18:54,2025-12-28 16:49:21,TH→HQ,2025-12-28,,20845,20845
4046,312628548,Concepcion,Cristo Redentor,20173,L2,V1,2025-12-28 17:14:22,2025-12-28 18:08:21,CC→CW,2025-12-28,,20173,20173
4047,312628563,Cristo Redentor,Juan Pablo II,20154,L2,V1,2025-12-28 09:48:25,2025-12-28 10:26:28,CW→CC,2025-12-28,,20154,20154
4048,312628705,Concepcion,Concepcion,,,N/A,2025-12-28 14:13:43,2025-12-28 14:16:15,,2025-12-28,no viajo,,
4049,312628879,Concepcion,Los Canelos,20187,L2,V1,2025-12-28 20:14:06,2025-12-28 21:40:22,CC→CW,2025-12-28,,20187,20187
4050,312629166,Cristo Redentor,Concepcion,20178,L2,V1,2025-12-28 18:20:50,2025-12-28 19:00:34,CW→CC,2025-12-28,,20178,20178
4051,312629199,Cristo Redentor,Juan Pablo II,20186,L2,V1,2025-12-28 20:16:36,2025-12-28 20:52:27,CW→CC,2025-12-28,,20186,20186
4052,312629226,Concepcion,Coronel,20173,L2,V1,2025-12-28 17:21:39,2025-12-28 18:13:15,CC→CW,2025-12-28,,20173,20173
4053,312629330,Concepcion,Concepcion,,,N/A,2025-12-28 15:49:32,2025-12-28 15:50:02,,2025-12-28,no viajo,,
4054,312629330,Concepcion,Concepcion,,,N/A,2025-12-28 19:49:01,2025-12-28 19:58:41,,2025-12-28,no viajo,,
4055,312636425,Laguna Quinenco,Concepcion,20162,L2,V1,2025-12-28 12:16:40,2025-12-28 13:03:48,CW→CC,2025-12-28,,20162,20162
4056,312636425,Concepcion,Laguna Quinenco,20179,L2,V1,2025-12-28 18:50:10,2025-12-28 19:43:51,CC→CW,2025-12-28,,20179,20179
4057,312636430,Coronel,Concepcion,20160,L2,V1,2025-12-28 11:14:22,2025-12-28 12:13:35,CW→CC,2025-12-28,,20160,20160
4058,312636523,Concepcion,Concepcion,,,N/A,2025-12-28 11:47:10,2025-12-28 11:48:22,,2025-12-28,no viajo,,
4059,312636564,El Arenal,Concepcion,20859,L1,V1,2025-12-28 12:33:00,2025-12-28 12:54:18,TH→HQ,2025-12-28,,20859,20859
4060,312636605,Los Canelos,Juan Pablo II,20150,L2,V1,2025-12-28 08:52:45,2025-12-28 09:23:27,CW→CC,2025-12-28,,20150,20150
4061,312636605,Concepcion,Los Canelos,20187,L2,V1,2025-12-28 20:42:29,2025-12-28 21:41:20,CC→CW,2025-12-28,,20187,20187
4062,312636645,Costa Mar,Diagonal Bio Bio,20168,L2,V1,2025-12-28 15:10:28,2025-12-28 15:19:21,CW→CC,2025-12-28,,20168,20168
4063,312637873,Huinca,Hito Galvarino,20150,L2,V1,2025-12-28 08:47:42,2025-12-28 09:01:52,CW→CC,2025-12-28,,20150,20150
4064,312637958,Laguna Quinenco,Concepcion,20178,L2,V1,2025-12-28 18:17:46,2025-12-28 18:59:16,CW→CC,2025-12-28,,20178,20178
4065,312638016,Laguna Quinenco,Concepcion,20176,L2,V1,2025-12-28 17:14:30,2025-12-28 18:27:45,CW→CC,2025-12-28,,20176,20176
4066,312638249,El Parque,Concepcion,20166,L2,V1,2025-12-28 14:05:06,2025-12-28 14:32:44,CW→CC,2025-12-28,,20166,20166
4067,312638249,Concepcion,El Parque,20183,L2,V1,2025-12-28 19:39:37,2025-12-28 20:20:08,CC→CW,2025-12-28,,20183,20183
4068,312638277,Concepcion,Los Canelos,20173,L2,V1,2025-12-28 17:21:02,2025-12-28 18:03:48,CC→CW,2025-12-28,,20173,20173
4069,312638292,Concepcion,Los Canelos,20183,L2,V1,2025-12-28 19:37:06,2025-12-28 20:36:46,CC→CW,2025-12-28,,20183,20183
4070,312638338,Costa Mar,Concepcion,20150,L2,V1,2025-12-28 09:12:13,2025-12-28 09:31:03,CW→CC,2025-12-28,,20150,20150
4071,312638338,Concepcion,Costa Mar,20161,L2,V1,2025-12-28 11:50:10,2025-12-28 12:31:00,CC→CW,2025-12-28,,20161,20161
4072,312639871,Diagonal Bio Bio,Huinca,20169,L2,V1,2025-12-28 15:26:50,2025-12-28 16:06:10,CC→CW,2025-12-28,,20169,20169
4073,312639920,Los Canelos,Juan Pablo II,20168,L2,V1,2025-12-28 14:45:54,2025-12-28 15:21:41,CW→CC,2025-12-28,,20168,20168
4074,312639920,Concepcion,Los Canelos,20179,L2,V1,2025-12-28 19:01:35,2025-12-28 19:35:38,CC→CW,2025-12-28,,20179,20179
4075,312639968,Los Canelos,Concepcion,20154,L2,V1,2025-12-28 09:53:32,2025-12-28 10:32:42,CW→CC,2025-12-28,,20154,20154
4076,312639968,Concepcion,Los Canelos,20183,L2,V1,2025-12-28 19:57:59,2025-12-28 20:36:34,CC→CW,2025-12-28,,20183,20183
4077,312639975,Los Canelos,Concepcion,20150,L2,V1,2025-12-28 08:48:33,2025-12-28 09:30:37,CW→CC,2025-12-28,,20150,20150
4078,312639975,Concepcion,Los Canelos,20169,L2,V1,2025-12-28 15:11:25,2025-12-28 16:03:14,CC→CW,2025-12-28,,20169,20169
4079,312639978,Hito Galvarino,Concepcion,20160,L2,V1,2025-12-28 11:28:53,2025-12-28 12:12:19,CW→CC,2025-12-28,,20160,20160
4080,312639978,Concepcion,Hito Galvarino,20171,L2,V1,2025-12-28 16:26:47,2025-12-28 17:10:21,CC→CW,2025-12-28,,20171,20171
4081,312640170,Hito Galvarino,Juan Pablo II,20166,L2,V1,2025-12-28 13:57:12,2025-12-28 14:26:39,CW→CC,2025-12-28,,20166,20166
4082,312640331,Laguna Quinenco,Cdal. Raul Silva Henriquez,20178,L2,V1,2025-12-28 18:18:11,2025-12-28 18:36:02,CW→CC,2025-12-28,,20178,20178
4083,312646421,Concepcion,Lomas Coloradas,20165,L2,V1,2025-12-28 12:40:13,2025-12-28 13:36:05,CC→CW,2025-12-28,combo_por_entrada,20165,20165
4084,312646489,Concepcion,Laguna Quinenco,20161,L2,V1,2025-12-28 12:08:27,2025-12-28 12:57:02,CC→CW,2025-12-28,,20161,20161
4085,312647449,Hito Galvarino,Costa Mar,20166,L2,V1,2025-12-28 14:02:30,2025-12-28 14:18:04,CW→CC,2025-12-28,,20166,20166
4086,312647449,Costa Mar,Hito Galvarino,20171,L2,V1,2025-12-28 16:27:12,2025-12-28 17:10:11,CC→CW,2025-12-28,,20171,20171
4087,312647449,Hito Galvarino,Concepcion,20186,L2,V1,2025-12-28 20:18:40,2025-12-28 21:01:07,CW→CC,2025-12-28,,20186,20186
4088,312647468,Cristo Redentor,Concepcion,20182,L2,V1,2025-12-28 19:19:33,2025-12-28 20:00:05,CW→CC,2025-12-28,,20182,20182
4089,312647762,Concepcion,Cdal. Raul Silva Henriquez,20173,L2,V1,2025-12-28 17:26:45,2025-12-28 17:53:35,CC→CW,2025-12-28,,20173,20173
4090,312647791,Laguna Quinenco,Cdal. Raul Silva Henriquez,20172,L2,V1,2025-12-28 16:44:10,2025-12-28 17:07:11,CW→CC,2025-12-28,,20172,20172
4091,312647832,Coronel,Los Canelos,20186,L2,V1,2025-12-28 19:45:26,2025-12-28 20:26:40,CW→CC,2025-12-28,,20186,20186
4092,312648075,Cristo Redentor,Concepcion,20168,L2,V1,2025-12-28 14:41:49,2025-12-28 15:28:27,CW→CC,2025-12-28,,20168,20168
4093,312648170,Huinca,Diagonal Bio Bio,20150,L2,V1,2025-12-28 08:49:15,2025-12-28 09:20:58,CW→CC,2025-12-28,,20150,20150
4094,312648170,Diagonal Bio Bio,Huinca,20179,L2,V1,2025-12-28 18:54:15,2025-12-28 19:37:42,CC→CW,2025-12-28,,20179,20179
4095,312648182,Coronel,Hito Galvarino,20162,L2,V1,2025-12-28 11:58:01,2025-12-28 12:29:54,CW→CC,2025-12-28,,20162,20162
4096,312658467,Alborada,Cristo Redentor,20151,L2,V1,2025-12-28 09:38:57,2025-12-28 10:10:42,CC→CW,2025-12-28,,20151,20151
4097,312658506,Concepcion,Concepcion,,,N/A,2025-12-28 16:36:28,2025-12-28 16:37:21,,2025-12-28,no viajo,,
4098,312658506,Concepcion,Concepcion,,,N/A,2025-12-28 17:36:21,2025-12-28 17:38:24,,2025-12-28,no viajo,,
4099,312658506,Concepcion,Concepcion,,,N/A,2025-12-28 18:08:47,2025-12-28 18:10:46,,2025-12-28,no viajo,,
4100,312658535,Cristo Redentor,Concepcion,20150,L2,V1,2025-12-28 08:32:38,2025-12-28 09:30:52,CW→CC,2025-12-28,,20150,20150
4101,312658535,Concepcion,Cristo Redentor,20167,L2,V1,2025-12-28 14:19:41,2025-12-28 15:14:07,CC→CW,2025-12-28,,20167,20167
4102,312658594,Cristo Redentor,Concepcion,20186,L2,V1,2025-12-28 20:12:46,2025-12-28 21:02:59,CW→CC,2025-12-28,,20186,20186
4103,312658687,Concepcion,Laguna Quinenco,20169,L2,V1,2025-12-28 15:15:26,2025-12-28 16:11:45,CC→CW,2025-12-28,,20169,20169
4104,312658687,Laguna Quinenco,Juan Pablo II,20172,L2,V1,2025-12-28 16:42:39,2025-12-28 17:22:24,CW→CC,2025-12-28,,20172,20172
4105,312659370,Cristo Redentor,Concepcion,20156,L2,V1,2025-12-28 10:27:47,2025-12-28 11:18:06,CW→CC,2025-12-28,,20156,20156
4106,312659370,Concepcion,Cristo Redentor,20165,L2,V1,2025-12-28 12:56:06,2025-12-28 13:53:11,CC→CW,2025-12-28,,20165,20165
4107,312659391,Laguna Quinenco,Coronel,20173,L2,V1,2025-12-28 17:40:39,2025-12-28 18:13:49,CC→CW,2025-12-28,,20173,20173
4108,312659398,Concepcion,Costa Mar,20177,L2,V1,2025-12-28 17:58:55,2025-12-28 18:45:28,CC→CW,2025-12-28,,20177,20177
4109,312659486,Juan Pablo II,Los Canelos,20183,L2,V1,2025-12-28 20:02:39,2025-12-28 20:36:19,CC→CW,2025-12-28,,20183,20183
4110,312659511,Concepcion,Costa Mar,20187,L2,V1,2025-12-28 20:58:26,2025-12-28 21:24:22,CC→CW,2025-12-28,,20187,20187
4111,312659779,Lomas Coloradas,Los Canelos,20157,L2,V1,2025-12-28 11:46:05,2025-12-28 12:03:17,CC→CW,2025-12-28,,20157,20157
4112,312659842,Costa Mar,Laguna Quinenco,20173,L2,V1,2025-12-28 17:41:46,2025-12-28 18:10:30,CC→CW,2025-12-28,,20173,20173
4113,312663546,Cristo Redentor,Costa Mar,20150,L2,V1,2025-12-28 08:43:47,2025-12-28 09:16:05,CW→CC,2025-12-28,,20150,20150
4114,312663546,Costa Mar,Cristo Redentor,20161,L2,V1,2025-12-28 12:19:20,2025-12-28 12:54:28,CC→CW,2025-12-28,,20161,20161
4115,312663571,El Parque,Los Canelos,20183,L2,V1,2025-12-28 20:17:48,2025-12-28 20:36:49,CC→CW,2025-12-28,,20183,20183
4116,312663581,Cdal. Raul Silva Henriquez,Laguna Quinenco,20167,L2,V1,2025-12-28 14:50:59,2025-12-28 15:16:35,CC→CW,2025-12-28,,20167,20167
4117,312663581,Laguna Quinenco,Cdal. Raul Silva Henriquez,20172,L2,V1,2025-12-28 16:18:40,2025-12-28 17:07:27,CW→CC,2025-12-28,,20172,20172
4118,312663638,Concepcion,Concepcion,,,N/A,2025-12-28 10:14:43,2025-12-28 10:15:19,,2025-12-28,no viajo,,
4119,312663646,Cristo Redentor,Concepcion,20154,L2,V1,2025-12-28 09:53:51,2025-12-28 10:32:30,CW→CC,2025-12-28,,20154,20154
4120,312663646,Concepcion,Cristo Redentor,20171,L2,V1,2025-12-28 16:30:45,2025-12-28 17:17:38,CC→CW,2025-12-28,,20171,20171
4121,312663651,Juan Pablo II,Los Canelos,20171,L2,V1,2025-12-28 16:34:52,2025-12-28 17:13:31,CC→CW,2025-12-28,,20171,20171
4122,312663769,Concepcion,Cristo Redentor,20187,L2,V1,2025-12-28 20:44:03,2025-12-28 21:45:00,CC→CW,2025-12-28,,20187,20187
4123,312668366,Lomas Coloradas,El Parque,20172,L2,V1,2025-12-28 17:02:22,2025-12-28 17:13:05,CW→CC,2025-12-28,,20172,20172
4124,312668366,El Parque,Lomas Coloradas,20177,L2,V1,2025-12-28 18:42:38,2025-12-28 18:51:10,CC→CW,2025-12-28,,20177,20177
4125,312668444,Laguna Quinenco,Hito Galvarino,20186,L2,V1,2025-12-28 19:54:52,2025-12-28 20:29:49,CW→CC,2025-12-28,,20186,20186
4126,312668499,Cristo Redentor,Cdal. Raul Silva Henriquez,20154,L2,V1,2025-12-28 09:39:08,2025-12-28 10:10:15,CW→CC,2025-12-28,,20154,20154
4127,312668499,Costa Mar,Cristo Redentor,20187,L2,V1,2025-12-28 20:55:42,2025-12-28 21:44:22,CC→CW,2025-12-28,,20187,20187
4128,312668523,Lomas Coloradas,Concepcion,20182,L2,V1,2025-12-28 19:37:36,2025-12-28 20:00:45,CW→CC,2025-12-28,,20182,20182
4129,312668576,Laguna Quinenco,Huinca,20186,L2,V1,2025-12-28 20:11:35,2025-12-28 20:24:13,CW→CC,2025-12-28,,20186,20186
4130,312668622,Laguna Quinenco,Concepcion,20178,L2,V1,2025-12-28 18:01:46,2025-12-28 18:58:58,CW→CC,2025-12-28,,20178,20178
4131,312672016,Hito Galvarino,Concepcion,20160,L2,V1,2025-12-28 11:27:57,2025-12-28 12:12:57,CW→CC,2025-12-28,,20160,20160
4132,312672016,Concepcion,Los Canelos,20177,L2,V1,2025-12-28 18:25:31,2025-12-28 19:05:10,CC→CW,2025-12-28,,20177,20177
4133,312672074,Concepcion,Cristo Redentor,20173,L2,V1,2025-12-28 16:50:06,2025-12-28 18:08:00,CC→CW,2025-12-28,,20173,20173
4134,312672110,Cdal. Raul Silva Henriquez,Concepcion,20166,L2,V1,2025-12-28 13:54:16,2025-12-28 14:33:32,CW→CC,2025-12-28,,20166,20166
4135,312672110,Concepcion,Cdal. Raul Silva Henriquez,20179,L2,V1,2025-12-28 18:36:45,2025-12-28 19:26:08,CC→CW,2025-12-28,,20179,20177
4136,312672117,Concepcion,Concepcion,,,N/A,2025-12-28 16:33:29,2025-12-28 16:34:08,,2025-12-28,no viajo,,
4137,312672187,Laguna Quinenco,Costa Mar,20166,L2,V1,2025-12-28 13:51:24,2025-12-28 14:17:59,CW→CC,2025-12-28,,20166,20166
4138,312672243,Concepcion,Higueras,20848,L1,V1,2025-12-28 20:20:35,2025-12-28 21:24:08,HQ→TH,2025-12-28,combo_por_entrada,20848,20848
4139,312678515,Cristo Redentor,Concepcion,20150,L2,V1,2025-12-28 08:44:17,2025-12-28 09:30:59,CW→CC,2025-12-28,,20150,20150
4140,312678515,Concepcion,Cristo Redentor,20179,L2,V1,2025-12-28 19:01:17,2025-12-28 19:39:39,CC→CW,2025-12-28,,20179,20179
4141,312678640,Cristo Redentor,Concepcion,20154,L2,V1,2025-12-28 09:50:18,2025-12-28 10:37:17,CW→CC,2025-12-28,,20154,20154
4142,312678640,Concepcion,Cristo Redentor,20177,L2,V1,2025-12-28 18:16:33,2025-12-28 19:09:33,CC→CW,2025-12-28,,20177,20177
4143,312678742,Alborada,Lomas Coloradas,20177,L2,V1,2025-12-28 18:26:04,2025-12-28 18:50:58,CC→CW,2025-12-28,,20177,20177
4144,312678794,Concepcion,Laguna Quinenco,20173,L2,V1,2025-12-28 17:19:46,2025-12-28 18:10:38,CC→CW,2025-12-28,,20173,20173
4145,312683905,Concepcion,Concepcion,,,N/A,2025-12-28 20:05:07,2025-12-28 20:06:50,,2025-12-28,no viajo,,
4146,312683905,Concepcion,Cristo Redentor,20187,L2,V1,2025-12-28 20:21:42,2025-12-28 21:45:20,CC→CW,2025-12-28,,20187,20187
4147,312684067,Lomas Coloradas,Concepcion,20150,L2,V1,2025-12-28 09:05:02,2025-12-28 09:30:22,CW→CC,2025-12-28,,20150,20150
4148,312684067,Concepcion,Lomas Coloradas,20183,L2,V1,2025-12-28 19:52:28,2025-12-28 20:22:45,CC→CW,2025-12-28,,20183,20183
4149,312684075,Cristo Redentor,Concepcion,20186,L2,V1,2025-12-28 20:15:08,2025-12-28 20:59:31,CW→CC,2025-12-28,,20186,20186
4150,312684096,Concepcion,Cdal. Raul Silva Henriquez,20157,L2,V1,2025-12-28 11:03:03,2025-12-28 11:54:05,CC→CW,2025-12-28,,20157,20157
4151,312684099,Lomas Coloradas,Concepcion,20172,L2,V1,2025-12-28 17:05:24,2025-12-28 17:31:08,CW→CC,2025-12-28,,20172,20172
4152,312684099,Concepcion,Lomas Coloradas,20177,L2,V1,2025-12-28 18:24:27,2025-12-28 18:51:19,CC→CW,2025-12-28,,20177,20177
4153,312684140,El Parque,Los Canelos,20183,L2,V1,2025-12-28 20:18:58,2025-12-28 20:36:37,CC→CW,2025-12-28,,20183,20183
4154,312684206,Cristo Redentor,Laguna Quinenco,20179,L2,V1,2025-12-28 19:26:04,2025-12-28 19:43:13,CC→CW,2025-12-28,,20179,20179
4155,312685002,Concepcion,Los Canelos,20177,L2,V1,2025-12-28 18:24:24,2025-12-28 19:05:03,CC→CW,2025-12-28,,20177,20177
4156,312685115,Concepcion,Los Canelos,20151,L2,V1,2025-12-28 09:22:19,2025-12-28 10:06:18,CC→CW,2025-12-28,,20151,20151
4157,312685115,Los Canelos,Concepcion,20186,L2,V1,2025-12-28 20:18:10,2025-12-28 20:59:17,CW→CC,2025-12-28,,20186,20186
4158,312685156,Concepcion,Huinca,20157,L2,V1,2025-12-28 11:20:56,2025-12-28 12:05:57,CC→CW,2025-12-28,,20157,20157
4159,312685188,Huinca,Laguna Quinenco,20169,L2,V1,2025-12-28 15:46:14,2025-12-28 16:12:38,CC→CW,2025-12-28,,20169,20169
4160,312685340,Cdal. Raul Silva Henriquez,Huinca,20161,L2,V1,2025-12-28 12:34:51,2025-12-28 12:51:09,CC→CW,2025-12-28,,20161,20161
4161,312685340,Huinca,Cdal. Raul Silva Henriquez,20186,L2,V1,2025-12-28 19:49:57,2025-12-28 20:36:18,CW→CC,2025-12-28,,20186,20186
4162,312685384,Cdal. Raul Silva Henriquez,Concepcion,20186,L2,V1,2025-12-28 20:14:10,2025-12-28 20:59:35,CW→CC,2025-12-28,,20186,20186
4163,312685769,Coronel,Concepcion,20182,L2,V1,2025-12-28 19:01:51,2025-12-28 20:02:09,CW→CC,2025-12-28,,20182,20182
4164,312688461,Coronel,Concepcion,20162,L2,V1,2025-12-28 11:56:34,2025-12-28 13:00:12,CW→CC,2025-12-28,,20162,20162
4165,312688461,Diagonal Bio Bio,Laguna Quinenco,20183,L2,V1,2025-12-28 19:17:51,2025-12-28 20:44:06,CC→CW,2025-12-28,,20183,20179
4166,312688470,Concepcion,Coronel,20151,L2,V1,2025-12-28 09:01:11,2025-12-28 10:17:47,CC→CW,2025-12-28,,20151,20151
4167,312688613,Higueras,Concepcion,20845,L1,V1,2025-12-28 16:05:53,2025-12-28 16:24:52,TH→HQ,2025-12-28,,20845,20845
4168,312688803,Cristo Redentor,Costa Mar,20186,L2,V1,2025-12-28 20:21:07,2025-12-28 20:44:07,CW→CC,2025-12-28,,20186,20186
4169,312688864,Laguna Quinenco,Huinca,20176,L2,V1,2025-12-28 17:43:50,2025-12-28 17:52:05,CW→CC,2025-12-28,,20176,20176
4170,312688896,Los Canelos,Cristo Redentor,20171,L2,V1,2025-12-28 17:11:16,2025-12-28 17:18:27,CC→CW,2025-12-28,,20171,20171
4171,312688896,Cristo Redentor,Los Canelos,20176,L2,V1,2025-12-28 17:35:31,2025-12-28 17:54:53,CW→CC,2025-12-28,,20176,20176
4172,312689009,Concepcion,Alborada,20187,L2,V1,2025-12-28 20:59:11,2025-12-28 21:22:24,CC→CW,2025-12-28,,20187,20187
4173,312689064,Laguna Quinenco,Diagonal Bio Bio,20156,L2,V1,2025-12-28 10:30:16,2025-12-28 11:07:47,CW→CC,2025-12-28,,20156,20156
4174,312689064,Diagonal Bio Bio,Laguna Quinenco,20187,L2,V1,2025-12-28 21:03:26,2025-12-28 21:46:56,CC→CW,2025-12-28,,20187,20187
4175,312689261,Cristo Redentor,Concepcion,20172,L2,V1,2025-12-28 16:44:37,2025-12-28 17:29:05,CW→CC,2025-12-28,,20172,20172
4176,312689261,Concepcion,Cristo Redentor,20187,L2,V1,2025-12-28 20:55:47,2025-12-28 21:45:06,CC→CW,2025-12-28,,20187,20187
4177,312689308,Lomas Coloradas,Concepcion,20182,L2,V1,2025-12-28 19:38:32,2025-12-28 20:02:35,CW→CC,2025-12-28,,20182,20182
4178,312692878,Cdal. Raul Silva Henriquez,Concepcion,20150,L2,V1,2025-12-28 08:58:31,2025-12-28 09:30:27,CW→CC,2025-12-28,,20150,20150
4179,312692878,Concepcion,Cdal. Raul Silva Henriquez,20183,L2,V1,2025-12-28 19:45:59,2025-12-28 20:27:15,CC→CW,2025-12-28,,20183,20183
4180,312693048,Coronel,Costa Mar,20170,L2,V1,2025-12-28 15:31:44,2025-12-28 16:08:29,CW→CC,2025-12-28,,20170,20170
4181,312693125,Cdal. Raul Silva Henriquez,Lomas Coloradas,20186,L2,V1,2025-12-28 20:21:52,2025-12-28 20:39:19,CW→CC,2025-12-28,,20186,20186
4182,312693242,Huinca,Concepcion,20166,L2,V1,2025-12-28 13:49:50,2025-12-28 14:38:20,CW→CC,2025-12-28,,20166,20166
4183,312699913,Hito Galvarino,Concepcion,20182,L2,V1,2025-12-28 19:27:45,2025-12-28 20:03:27,CW→CC,2025-12-28,,20182,20182
4184,312700210,Concepcion,Coronel,20187,L2,V1,2025-12-28 20:55:32,2025-12-28 21:50:42,CC→CW,2025-12-28,,20187,20187
4185,312700355,Juan Pablo II,Laguna Quinenco,20177,L2,V1,2025-12-28 18:24:05,2025-12-28 19:13:32,CC→CW,2025-12-28,,20177,20177
4186,312700365,Lomas Coloradas,Costa Mar,20166,L2,V1,2025-12-28 14:10:05,2025-12-28 14:17:39,CW→CC,2025-12-28,,20166,20166
4187,312700368,Hito Galvarino,Laguna Quinenco,20157,L2,V1,2025-12-28 11:49:59,2025-12-28 12:12:33,CC→CW,2025-12-28,,20157,20157
4188,312700368,Laguna Quinenco,Hito Galvarino,20178,L2,V1,2025-12-28 18:13:13,2025-12-28 18:30:23,CW→CC,2025-12-28,,20178,20178
4189,312700693,Concepcion,Los Condores,20848,L1,V1,2025-12-28 20:10:08,2025-12-28 21:21:41,HQ→TH,2025-12-28,combo_por_entrada,20848,20848
4190,312700703,Cdal. Raul Silva Henriquez,El Parque,20150,L2,V1,2025-12-28 09:03:31,2025-12-28 09:14:06,CW→CC,2025-12-28,,20150,20150
4191,312700703,El Parque,Cdal. Raul Silva Henriquez,20183,L2,V1,2025-12-28 20:18:05,2025-12-28 20:26:08,CC→CW,2025-12-28,,20183,20183
4192,312720370,Los Canelos,El Parque,20182,L2,V1,2025-12-28 19:21:34,2025-12-28 19:43:18,CW→CC,2025-12-28,,20182,20182
4193,312720448,Cristo Redentor,Lomas Coloradas,20182,L2,V1,2025-12-28 19:18:54,2025-12-28 19:41:30,CW→CC,2025-12-28,,20182,20182
4194,312720471,Concepcion,Costa Mar,20179,L2,V1,2025-12-28 18:36:19,2025-12-28 19:17:18,CC→CW,2025-12-28,,20179,20177
4195,312720522,El Arenal,Concepcion,20845,L1,V1,2025-12-28 15:59:47,2025-12-28 16:25:18,TH→HQ,2025-12-28,,20845,20845
4196,312720567,Lomas Coloradas,Cristo Redentor,20167,L2,V1,2025-12-28 14:29:36,2025-12-28 15:14:24,CC→CW,2025-12-28,,20167,20167
4197,312720567,Cristo Redentor,Lomas Coloradas,20186,L2,V1,2025-12-28 20:17:02,2025-12-28 20:38:39,CW→CC,2025-12-28,,20186,20186
4198,312720750,Lomas Coloradas,Cdal. Raul Silva Henriquez,20165,L2,V1,2025-12-28 13:28:04,2025-12-28 13:37:57,CC→CW,2025-12-28,,20165,20165
4199,312720777,Los Canelos,Coronel,20183,L2,V1,2025-12-28 20:32:21,2025-12-28 20:46:35,CC→CW,2025-12-28,,20183,20183
4200,312720840,Diagonal Bio Bio,Concepcion,20160,L2,V1,2025-12-28 11:59:27,2025-12-28 12:12:21,CW→CC,2025-12-28,,20160,20160
4201,312720840,Concepcion,Alborada,20165,L2,V1,2025-12-28 13:13:17,2025-12-28 13:29:53,CC→CW,2025-12-28,,20165,20165
4202,312720845,Laguna Quinenco,Concepcion,20160,L2,V1,2025-12-28 11:22:24,2025-12-28 12:13:38,CW→CC,2025-12-28,,20160,20160
4203,312720845,Concepcion,Laguna Quinenco,20177,L2,V1,2025-12-28 18:18:36,2025-12-28 19:12:28,CC→CW,2025-12-28,,20177,20177
4204,312721884,Concepcion,Laguna Quinenco,20165,L2,V1,2025-12-28 13:12:40,2025-12-28 13:56:27,CC→CW,2025-12-28,,20165,20165
4205,312721908,Diagonal Bio Bio,Concepcion,20154,L2,V1,2025-12-28 09:30:11,2025-12-28 10:34:51,CW→CC,2025-12-28,,20154,20154
4206,312721985,Concepcion,Lomas Coloradas,20165,L2,V1,2025-12-28 13:11:54,2025-12-28 13:35:29,CC→CW,2025-12-28,,20165,20165
4207,312721985,Lomas Coloradas,Concepcion,20182,L2,V1,2025-12-28 19:33:04,2025-12-28 20:01:39,CW→CC,2025-12-28,,20182,20182
4208,312722168,Lomas Coloradas,Juan Pablo II,20156,L2,V1,2025-12-28 10:55:08,2025-12-28 11:11:27,CW→CC,2025-12-28,,20156,20156
4209,312722178,Hito Galvarino,Concepcion,20166,L2,V1,2025-12-28 13:52:24,2025-12-28 14:33:42,CW→CC,2025-12-28,,20166,20166
4210,312723400,Hito Galvarino,El Parque,20154,L2,V1,2025-12-28 10:02:14,2025-12-28 10:15:15,CW→CC,2025-12-28,,20154,20154
4211,312723550,Juan Pablo II,Huinca,20183,L2,V1,2025-12-28 20:07:21,2025-12-28 20:39:22,CC→CW,2025-12-28,,20183,20183
4212,312723632,Concepcion,El Parque,20173,L2,V1,2025-12-28 17:20:40,2025-12-28 17:47:59,CC→CW,2025-12-28,,20173,20173
4213,312723632,Costa Mar,Lomas Coloradas,20179,L2,V1,2025-12-28 19:15:51,2025-12-28 19:22:23,CC→CW,2025-12-28,,20179,20179
4214,312723694,Concepcion,Lomas Coloradas,20155,L2,V1,2025-12-28 09:58:41,2025-12-28 10:56:44,CC→CW,2025-12-28,,20155,20155
4215,312723765,Laguna Quinenco,Concepcion,20156,L2,V1,2025-12-28 10:33:43,2025-12-28 11:18:03,CW→CC,2025-12-28,,20156,20156
4216,312723765,Concepcion,Laguna Quinenco,20169,L2,V1,2025-12-28 15:24:54,2025-12-28 16:12:10,CC→CW,2025-12-28,,20169,20169
4217,312723833,Concepcion,Los Canelos,20171,L2,V1,2025-12-28 16:03:55,2025-12-28 17:13:14,CC→CW,2025-12-28,,20171,20171
4218,312724675,Alborada,Coronel,20161,L2,V1,2025-12-28 12:28:07,2025-12-28 13:00:24,CC→CW,2025-12-28,,20161,20161
4219,312724722,Concepcion,Coronel,20183,L2,V1,2025-12-28 20:01:45,2025-12-28 20:47:06,CC→CW,2025-12-28,,20183,20183
4220,312724754,Concepcion,Hito Galvarino,20171,L2,V1,2025-12-28 16:26:54,2025-12-28 17:10:06,CC→CW,2025-12-28,,20171,20171
4221,312724841,Coronel,Lomas Coloradas,20166,L2,V1,2025-12-28 13:46:25,2025-12-28 14:12:46,CW→CC,2025-12-28,,20166,20166
4222,312724841,Lomas Coloradas,Coronel,20171,L2,V1,2025-12-28 16:23:25,2025-12-28 17:24:16,CC→CW,2025-12-28,,20171,20171
4223,312724852,Hito Galvarino,Juan Pablo II,20160,L2,V1,2025-12-28 11:44:23,2025-12-28 12:06:51,CW→CC,2025-12-28,,20160,20160
4224,312727042,Concepcion,Hito Galvarino,20151,L2,V1,2025-12-28 09:26:13,2025-12-28 10:03:41,CC→CW,2025-12-28,,20151,20151
4225,312727079,Concepcion,Los Canelos,20187,L2,V1,2025-12-28 20:57:15,2025-12-28 21:40:55,CC→CW,2025-12-28,,20187,20187
4226,312727092,Laguna Quinenco,Concepcion,20186,L2,V1,2025-12-28 20:16:32,2025-12-28 21:00:22,CW→CC,2025-12-28,,20186,20186
4227,312727283,Laguna Quinenco,Cdal. Raul Silva Henriquez,20150,L2,V1,2025-12-28 08:44:19,2025-12-28 09:08:33,CW→CC,2025-12-28,,20150,20150
4228,312737468,Huinca,Lomas Coloradas,20182,L2,V1,2025-12-28 19:18:51,2025-12-28 19:41:20,CW→CC,2025-12-28,,20182,20182
4229,312737492,Concepcion,Los Canelos,20161,L2,V1,2025-12-28 12:01:26,2025-12-28 12:48:57,CC→CW,2025-12-28,,20161,20161
4230,312737660,Concepcion,Cristo Redentor,20187,L2,V1,2025-12-28 20:50:23,2025-12-28 21:44:22,CC→CW,2025-12-28,,20187,20187
4231,312737696,Huinca,Concepcion,20186,L2,V1,2025-12-28 20:19:22,2025-12-28 20:59:59,CW→CC,2025-12-28,,20186,20186
4232,312737766,Concepcion,Hito Galvarino,20165,L2,V1,2025-12-28 12:40:56,2025-12-28 13:44:51,CC→CW,2025-12-28,,20165,20165
4233,312737823,Lomas Coloradas,Concepcion,20150,L2,V1,2025-12-28 08:58:50,2025-12-28 09:31:39,CW→CC,2025-12-28,,20150,20150
4234,312737823,Concepcion,Lomas Coloradas,20187,L2,V1,2025-12-28 20:48:51,2025-12-28 21:29:51,CC→CW,2025-12-28,,20187,20187
4235,312742968,Concepcion,El Parque,20173,L2,V1,2025-12-28 17:23:53,2025-12-28 17:47:44,CC→CW,2025-12-28,,20173,20173
4236,312742974,Concepcion,Mercado,20848,L1,V1,2025-12-28 20:36:03,2025-12-28 21:32:45,HQ→TH,2025-12-28,combo_por_entrada,20848,20848
4237,312743038,Los Canelos,Concepcion,20162,L2,V1,2025-12-28 12:21:48,2025-12-28 13:00:17,CW→CC,2025-12-28,,20162,20162
4238,312743038,Concepcion,Los Canelos,20177,L2,V1,2025-12-28 18:01:34,2025-12-28 19:04:42,CC→CW,2025-12-28,,20177,20177
4239,312743193,Laguna Quinenco,Juan Pablo II,20166,L2,V1,2025-12-28 13:46:07,2025-12-28 14:25:45,CW→CC,2025-12-28,,20166,20166
4240,312743193,Concepcion,Laguna Quinenco,20171,L2,V1,2025-12-28 16:20:40,2025-12-28 17:20:12,CC→CW,2025-12-28,,20171,20171
4241,312743299,Manquimavida,Concepcion,20850,L1,V1,2025-12-28 09:35:56,2025-12-28 10:07:45,HQ→TH,2025-12-28,,20850,20850
4242,312744797,Concepcion,Los Canelos,20187,L2,V1,2025-12-28 20:49:37,2025-12-28 21:40:28,CC→CW,2025-12-28,,20187,20187
4243,312744816,Lomas Coloradas,Coronel,20151,L2,V1,2025-12-28 09:48:28,2025-12-28 10:17:41,CC→CW,2025-12-28,,20151,20151
4244,2000000696,Manquimavida,Concepcion,20850,L1,V2,2025-12-28 09:43:58,2025-12-28 10:08:11,,2025-12-28,sin_combo_factible_en_hub|sin_s1_factible_retro,,20850
4245,2000000696,Concepcion,Manquimavida,20847,L1,V1,2025-12-28 20:26:01,2025-12-28 20:45:40,TH→HQ,2025-12-28,,20847,20847
4246,2000000824,Lomas Coloradas,Concepcion,20154,L2,V1,2025-12-28 10:08:34,2025-12-28 10:32:34,CW→CC,2025-12-28,,20154,20154
4247,2000001047,Concepcion,Huinca,20179,L2,V1,2025-12-28 18:51:01,2025-12-28 19:40:52,CC→CW,2025-12-28,,20179,20179
4248,2000001421,Lomas Coloradas,Concepcion,20176,L2,V1,2025-12-28 17:59:20,2025-12-28 18:29:10,CW→CC,2025-12-28,,20176,20176
4249,2000001421,Concepcion,Lomas Coloradas,20183,L2,V1,2025-12-28 19:50:18,2025-12-28 20:23:13,CC→CW,2025-12-28,,20183,20183
4250,2000002105,La Leonera,Mercado,20846,L1,V1,2025-12-28 17:04:43,2025-12-28 17:59:42,HQ→TH,2025-12-28,,20846,20846
4251,2000002144,Cdal. Raul Silva Henriquez,Cristo Redentor,20155,L2,V1,2025-12-28 10:56:49,2025-12-28 11:15:02,CC→CW,2025-12-28,,20155,20155
4252,2000002144,Cristo Redentor,Cdal. Raul Silva Henriquez,20162,L2,V1,2025-12-28 12:13:30,2025-12-28 12:36:30,CW→CC,2025-12-28,,20162,20162
4253,2000002307,Cdal. Raul Silva Henriquez,Diagonal Bio Bio,20182,L2,V1,2025-12-28 19:15:39,2025-12-28 19:54:19,CW→CC,2025-12-28,,20182,20182
4254,2000003064,Coronel,Lomas Coloradas,20182,L2,V1,2025-12-28 19:12:31,2025-12-28 19:40:55,CW→CC,2025-12-28,,20182,20182
4255,2000003208,Los Canelos,Laguna Quinenco,20165,L2,V1,2025-12-28 13:46:31,2025-12-28 13:59:06,CC→CW,2025-12-28,,20165,20165
4256,2000003208,Laguna Quinenco,Los Canelos,20168,L2,V1,2025-12-28 14:42:23,2025-12-28 14:57:31,CW→CC,2025-12-28,,20168,20168
4257,2000003216,Lomas Coloradas,Coronel,20187,L2,V1,2025-12-28 21:18:18,2025-12-28 21:49:39,CC→CW,2025-12-28,,20187,20187
4258,2000003348,Los Canelos,Laguna Quinenco,20155,L2,V1,2025-12-28 10:52:30,2025-12-28 11:16:59,CC→CW,2025-12-28,,20155,20155
4259,2000003348,Laguna Quinenco,Los Canelos,20162,L2,V1,2025-12-28 12:11:15,2025-12-28 12:27:08,CW→CC,2025-12-28,,20162,20162
4260,2000003546,Diagonal Bio Bio,Lomas Coloradas,20179,L2,V1,2025-12-28 19:09:40,2025-12-28 19:22:19,CC→CW,2025-12-28,,20179,20179
4261,2000003754,Cdal. Raul Silva Henriquez,Huinca,20151,L2,V1,2025-12-28 09:45:23,2025-12-28 10:08:40,CC→CW,2025-12-28,,20151,20151
4262,2000003754,Huinca,Cdal. Raul Silva Henriquez,20166,L2,V1,2025-12-28 13:50:29,2025-12-28 14:10:30,CW→CC,2025-12-28,,20166,20166
4263,2000003959,Concepcion,Los Canelos,20187,L2,V1,2025-12-28 20:20:23,2025-12-28 21:41:10,CC→CW,2025-12-28,,20187,20187
4264,2000004151,Lomas Coloradas,Concepcion,20172,L2,V1,2025-12-28 17:08:29,2025-12-28 17:28:38,CW→CC,2025-12-28,,20172,20172
4265,2000004154,Concepcion,Lomas Coloradas,20183,L2,V1,2025-12-28 19:50:29,2025-12-28 20:22:44,CC→CW,2025-12-28,,20183,20183
4266,2000004393,Lomas Coloradas,Diagonal Bio Bio,20176,L2,V1,2025-12-28 18:04:15,2025-12-28 18:17:50,CW→CC,2025-12-28,,20176,20176
4267,2000004492,Laguna Quinenco,Juan Pablo II,20176,L2,V1,2025-12-28 17:42:10,2025-12-28 18:19:46,CW→CC,2025-12-28,,20176,20176
4268,2000005195,Cdal. Raul Silva Henriquez,Laguna Quinenco,20173,L2,V1,2025-12-28 17:50:24,2025-12-28 18:10:44,CC→CW,2025-12-28,,20173,20173
4269,2000005779,Concepcion,Cristo Redentor,20187,L2,V1,2025-12-28 20:57:23,2025-12-28 21:45:18,CC→CW,2025-12-28,,20187,20187
4270,2000006324,Laguna Quinenco,El Parque,20176,L2,V1,2025-12-28 17:33:05,2025-12-28 18:10:46,CW→CC,2025-12-28,,20176,20176
4271,2000006324,El Parque,Cristo Redentor,20179,L2,V1,2025-12-28 19:14:32,2025-12-28 19:40:47,CC→CW,2025-12-28,,20179,20179
4272,2000006463,Concepcion,Cdal. Raul Silva Henriquez,20151,L2,V1,2025-12-28 09:31:57,2025-12-28 10:59:42,CC→CW,2025-12-28,,20151,20151
4273,2000006505,Lomas Coloradas,Concepcion,20156,L2,V1,2025-12-28 10:45:35,2025-12-28 11:24:57,CW→CC,2025-12-28,,20156,20156
4274,2000006909,El Parque,Coronel,20171,L2,V1,2025-12-28 16:45:18,2025-12-28 17:26:40,CC→CW,2025-12-28,,20171,20171
4275,2000007259,Cdal. Raul Silva Henriquez,Los Canelos,20183,L2,V1,2025-12-28 20:20:12,2025-12-28 20:36:50,CC→CW,2025-12-28,,20183,20183
4276,2000007262,Lomas Coloradas,Cristo Redentor,20177,L2,V1,2025-12-28 18:36:11,2025-12-28 20:19:03,CC→CW,2025-12-28,,20177,20177
4277,2000007262,Cristo Redentor,Lomas Coloradas,20186,L2,V1,2025-12-28 20:19:08,2025-12-28 20:39:08,CW→CC,2025-12-28,,20186,20186
4278,2000007454,Concepcion,Coronel,20151,L2,V1,2025-12-28 08:34:46,2025-12-28 10:16:47,CC→CW,2025-12-28,combo_por_entrada,20151,20151
4279,2000007480,Laguna Quinenco,Concepcion,20170,L2,V1,2025-12-28 15:08:45,2025-12-28 16:31:56,CW→CC,2025-12-28,,20170,20170
4280,2000007480,Concepcion,Los Canelos,20173,L2,V1,2025-12-28 16:50:25,2025-12-28 18:03:44,CC→CW,2025-12-28,,20173,20173
4281,2000007499,Concepcion,Diagonal Bio Bio,20183,L2,V1,2025-12-28 19:47:56,2025-12-28 20:11:28,CC→CW,2025-12-28,,20183,20183
4282,2000007730,Hualqui,UTF Santa Maria,20850,L1,V1,2025-12-28 09:26:01,2025-12-28 10:16:50,HQ→TH,2025-12-28,,20850,20850
4283,2000007730,UTF Santa Maria,Hualqui,20859,L1,V1,2025-12-28 12:37:55,2025-12-28 13:29:27,TH→HQ,2025-12-28,,20859,20859
4284,2000007797,Lzo. Arenas,Hualqui,20847,L1,V1,2025-12-28 19:45:18,2025-12-28 21:00:54,TH→HQ,2025-12-28,,20847,20847
4285,2000008068,Concepcion,Cdal. Raul Silva Henriquez,20187,L2,V1,2025-12-28 20:21:25,2025-12-28 21:32:44,CC→CW,2025-12-28,,20187,20187
4286,2000008189,Laguna Quinenco,Los Canelos,20176,L2,V1,2025-12-28 17:40:00,2025-12-28 17:54:37,CW→CC,2025-12-28,,20176,20176
4287,2000008346,Alborada,Concepcion,20176,L2,V1,2025-12-28 18:09:36,2025-12-28 18:28:57,CW→CC,2025-12-28,,20176,20176
4288,2000008540,Los Condores,Manquimavida,20859,L1,V1,2025-12-28 12:37:54,2025-12-28 13:17:41,TH→HQ,2025-12-28,,20859,20859
4289,2000008688,Laguna Quinenco,Cdal. Raul Silva Henriquez,20178,L2,V1,2025-12-28 18:03:42,2025-12-28 18:36:06,CW→CC,2025-12-28,,20178,20178
4290,2000008704,Cdal. Raul Silva Henriquez,Concepcion,20160,L2,V1,2025-12-28 11:40:26,2025-12-28 12:12:29,CW→CC,2025-12-28,,20160,20160
4291,2000009080,Concepcion,Coronel,20179,L2,V1,2025-12-28 19:01:50,2025-12-28 19:45:16,CC→CW,2025-12-28,,20179,20179
4292,2000010098,Cdal. Raul Silva Henriquez,Hito Galvarino,20171,L2,V1,2025-12-28 16:46:40,2025-12-28 17:10:13,CC→CW,2025-12-28,,20171,20171
4293,2000010098,Hito Galvarino,Cdal. Raul Silva Henriquez,20178,L2,V1,2025-12-28 18:24:40,2025-12-28 18:37:40,CW→CC,2025-12-28,,20178,20178
4294,2000010165,Diagonal Bio Bio,Concepcion,20156,L2,V1,2025-12-28 10:45:54,2025-12-28 11:19:22,CW→CC,2025-12-28,,20156,20156
4295,2000010560,Concepcion,Hito Galvarino,20161,L2,V1,2025-12-28 11:53:04,2025-12-28 12:45:07,CC→CW,2025-12-28,,20161,20161
4296,2000010560,Coronel,Concepcion,20168,L2,V1,2025-12-28 14:41:56,2025-12-28 15:32:18,CW→CC,2025-12-28,,20168,20168
4297,2000010655,Los Condores,Concepcion,20859,L1,V1,2025-12-28 12:32:09,2025-12-28 13:50:58,TH→HQ,2025-12-28,combo_por_entrada,20859,20165
4298,2000010693,Huinca,Juan Pablo II,20178,L2,V1,2025-12-28 17:58:35,2025-12-28 18:52:22,CW→CC,2025-12-28,,20178,20176
4299,2000011041,Cristo Redentor,Coronel,20169,L2,V1,2025-12-28 16:03:33,2025-12-28 16:15:25,CC→CW,2025-12-28,,20169,20169
4300,2000011041,Coronel,Diagonal Bio Bio,20172,L2,V1,2025-12-28 16:40:07,2025-12-28 17:19:25,CW→CC,2025-12-28,,20172,20172
4301,2000011987,Laguna Quinenco,Concepcion,20160,L2,V1,2025-12-28 11:18:53,2025-12-28 12:12:41,CW→CC,2025-12-28,,20160,20160
4302,2000012494,Concepcion,Concepcion,,,N/A,2025-12-28 14:19:42,2025-12-28 14:33:49,,2025-12-28,no viajo,,
4303,2000012494,Concepcion,Concepcion,,,N/A,2025-12-28 17:05:34,2025-12-28 17:06:20,,2025-12-28,no viajo,,
4304,2000012494,Concepcion,Costa Mar,20177,L2,V1,2025-12-28 18:05:12,2025-12-28 18:45:28,CC→CW,2025-12-28,,20177,20177
4305,2000012559,Hualqui,Pedro Medina,20850,L1,V1,2025-12-28 09:22:00,2025-12-28 09:53:41,HQ→TH,2025-12-28,,20850,20850
4306,2000012559,Pedro Medina,Hualqui,20847,L1,V1,2025-12-28 20:27:21,2025-12-28 21:01:32,TH→HQ,2025-12-28,,20847,20847
4307,2000013113,Diagonal Bio Bio,Cdal. Raul Silva Henriquez,20169,L2,V1,2025-12-28 15:37:30,2025-12-28 15:53:27,CC→CW,2025-12-28,,20169,20169
4308,2000013200,Lomas Coloradas,Juan Pablo II,20160,L2,V1,2025-12-28 11:23:12,2025-12-28 12:06:10,CW→CC,2025-12-28,,20160,20160
4309,2000013454,Concepcion,Higueras,20846,L1,V1,2025-12-28 17:21:39,2025-12-28 17:53:08,HQ→TH,2025-12-28,,20846,20846
4310,2000013519,Higueras,Chiguayante,20859,L1,V1,2025-12-28 12:24:39,2025-12-28 13:10:27,TH→HQ,2025-12-28,,20859,20859
4311,2000013832,Los Canelos,Concepcion,20162,L2,V1,2025-12-28 12:15:54,2025-12-28 12:59:52,CW→CC,2025-12-28,,20162,20162
4312,2000013832,Concepcion,Los Canelos,20177,L2,V1,2025-12-28 18:17:42,2025-12-28 19:05:24,CC→CW,2025-12-28,,20177,20177
4313,2000013835,Cdal. Raul Silva Henriquez,Concepcion,,,N/A,2025-12-28 17:03:06,2025-12-28 17:15:22,,2025-12-28,sin_combo_factible_en_hub|sin_s1_factible_retro,,
4314,2000013859,Los Canelos,Concepcion,20160,L2,V1,2025-12-28 11:04:48,2025-12-28 12:13:01,CW→CC,2025-12-28,,20160,20160
4315,2000014319,El Parque,Costa Mar,20162,L2,V1,2025-12-28 12:33:36,2025-12-28 12:44:24,CW→CC,2025-12-28,,20162,20162
4316,2000014914,Concepcion,Cdal. Raul Silva Henriquez,20155,L2,V1,2025-12-28 09:28:26,2025-12-28 11:00:47,CC→CW,2025-12-28,combo_por_entrada,20155,20155
4317,2000015139,Concepcion,La Leonera,20847,L1,V1,2025-12-28 20:07:50,2025-12-28 20:48:50,TH→HQ,2025-12-28,,20847,20847
4318,2000015507,Costa Mar,Diagonal Bio Bio,20166,L2,V1,2025-12-28 14:16:43,2025-12-28 14:24:17,CW→CC,2025-12-28,,20166,20166
4319,2000015641,Costa Mar,Hito Galvarino,20165,L2,V1,2025-12-28 13:24:23,2025-12-28 13:44:49,CC→CW,2025-12-28,,20165,20165
4320,2000015715,Hito Galvarino,Concepcion,20154,L2,V1,2025-12-28 09:53:57,2025-12-28 10:41:28,CW→CC,2025-12-28,,20154,20154
4321,2000015877,Lomas Coloradas,Concepcion,20162,L2,V1,2025-12-28 12:16:02,2025-12-28 12:59:35,CW→CC,2025-12-28,,20162,20162
4322,2000016185,El Parque,Los Canelos,20173,L2,V1,2025-12-28 17:45:21,2025-12-28 18:10:41,CC→CW,2025-12-28,,20173,20173
4323,2000016925,Hito Galvarino,Costa Mar,20182,L2,V1,2025-12-28 19:30:25,2025-12-28 19:45:48,CW→CC,2025-12-28,,20182,20182
4324,2000017288,Los Canelos,Concepcion,20186,L2,V1,2025-12-28 19:55:33,2025-12-28 20:59:35,CW→CC,2025-12-28,,20186,20186
4325,2000017628,Cdal. Raul Silva Henriquez,Costa Mar,20160,L2,V1,2025-12-28 11:19:22,2025-12-28 12:01:44,CW→CC,2025-12-28,,20160,20160
4326,2000017628,Costa Mar,Cdal. Raul Silva Henriquez,20169,L2,V1,2025-12-28 15:09:17,2025-12-28 15:53:38,CC→CW,2025-12-28,,20169,20169
4327,2000018035,Lzo. Arenas,Chiguayante,20859,L1,V1,2025-12-28 12:48:39,2025-12-28 13:11:30,TH→HQ,2025-12-28,,20859,20859
4328,2000018035,Concepcion,Lzo. Arenas,20848,L1,V1,2025-12-28 20:54:43,2025-12-28 21:14:32,HQ→TH,2025-12-28,combo_relajado_pase1,20848,20848
4329,2000018288,Concepcion,El Parque,20165,L2,V1,2025-12-28 12:37:19,2025-12-28 13:34:01,CC→CW,2025-12-28,,20165,20165
4330,2000018288,El Parque,Concepcion,20168,L2,V1,2025-12-28 15:05:40,2025-12-28 15:29:59,CW→CC,2025-12-28,,20168,20168
4331,2000018289,Concepcion,El Parque,20165,L2,V1,2025-12-28 12:37:10,2025-12-28 13:33:42,CC→CW,2025-12-28,,20165,20165
4332,2000018289,El Parque,Concepcion,20168,L2,V1,2025-12-28 15:05:37,2025-12-28 15:29:55,CW→CC,2025-12-28,,20168,20168
4333,2000018289,Concepcion,Concepcion,,,N/A,2025-12-28 19:22:36,2025-12-28 19:24:14,,2025-12-28,no viajo,,
4334,2000018306,Concepcion,Chiguayante,20847,L1,V1,2025-12-28 20:23:43,2025-12-28 20:40:33,TH→HQ,2025-12-28,,20847,20847
4335,2000018576,Concepcion,El Parque,20165,L2,V1,2025-12-28 13:08:26,2025-12-28 13:32:35,CC→CW,2025-12-28,,20165,20165
4336,2000018576,El Parque,Concepcion,20186,L2,V1,2025-12-28 20:34:23,2025-12-28 20:59:28,CW→CC,2025-12-28,,20186,20186
4337,2000018614,Cdal. Raul Silva Henriquez,Concepcion,20178,L2,V1,2025-12-28 18:34:26,2025-12-28 18:59:52,CW→CC,2025-12-28,,20178,20178
4338,2000018840,Cristo Redentor,Laguna Quinenco,20155,L2,V1,2025-12-28 11:07:10,2025-12-28 11:17:48,CC→CW,2025-12-28,,20155,20155
4339,2000018840,Laguna Quinenco,Cristo Redentor,20162,L2,V1,2025-12-28 12:05:29,2025-12-28 12:23:19,CW→CC,2025-12-28,,20162,20162
4340,2000018900,Lomas Coloradas,Concepcion,20156,L2,V1,2025-12-28 10:55:00,2025-12-28 11:17:24,CW→CC,2025-12-28,,20156,20156
4341,2000018900,Concepcion,Lomas Coloradas,20165,L2,V1,2025-12-28 13:05:09,2025-12-28 13:35:19,CC→CW,2025-12-28,,20165,20165
4342,2000018967,Cristo Redentor,Concepcion,20182,L2,V1,2025-12-28 19:07:10,2025-12-28 20:02:28,CW→CC,2025-12-28,,20182,20182
4343,2000018985,Huinca,Concepcion,20170,L2,V1,2025-12-28 15:39:45,2025-12-28 16:26:05,CW→CC,2025-12-28,,20170,20170
4344,2000019081,Laguna Quinenco,Lomas Coloradas,20176,L2,V1,2025-12-28 17:33:20,2025-12-28 18:07:15,CW→CC,2025-12-28,,20176,20176
4345,2000019135,Lomas Coloradas,Concepcion,20176,L2,V1,2025-12-28 17:54:15,2025-12-28 18:27:26,CW→CC,2025-12-28,,20176,20176
4346,2000019135,Concepcion,Lomas Coloradas,20187,L2,V1,2025-12-28 20:53:34,2025-12-28 21:29:13,CC→CW,2025-12-28,,20187,20187
4347,2000019551,Laguna Quinenco,Concepcion,20178,L2,V1,2025-12-28 18:17:48,2025-12-28 18:58:57,CW→CC,2025-12-28,,20178,20178
4348,2000020115,Higueras,Mercado,20850,L1,V1,2025-12-28 10:12:07,2025-12-28 10:30:58,HQ→TH,2025-12-28,,20850,20850
4349,2000020185,Alborada,Hito Galvarino,20165,L2,V1,2025-12-28 13:12:35,2025-12-28 13:44:55,CC→CW,2025-12-28,,20165,20165
4350,2000020185,Hito Galvarino,Alborada,20178,L2,V1,2025-12-28 18:20:42,2025-12-28 18:46:33,CW→CC,2025-12-28,,20178,20178
4351,2000020242,Lomas Coloradas,El Parque,20170,L2,V1,2025-12-28 15:59:55,2025-12-28 16:07:10,CW→CC,2025-12-28,,20170,20170
4352,2000020242,El Parque,Lomas Coloradas,20171,L2,V1,2025-12-28 16:52:36,2025-12-28 17:03:21,CC→CW,2025-12-28,,20171,20171
4353,2000020522,Cdal. Raul Silva Henriquez,Coronel,20177,L2,V1,2025-12-28 18:53:24,2025-12-28 19:16:17,CC→CW,2025-12-28,,20177,20177
4354,2000020930,Los Canelos,Lomas Coloradas,20182,L2,V1,2025-12-28 19:01:07,2025-12-28 19:41:14,CW→CC,2025-12-28,,20182,20182
4355,2000021238,Lomas Coloradas,Concepcion,20162,L2,V1,2025-12-28 12:32:46,2025-12-28 12:59:34,CW→CC,2025-12-28,,20162,20162
4356,2000021758,Lomas Coloradas,Concepcion,20156,L2,V1,2025-12-28 10:55:41,2025-12-28 11:18:34,CW→CC,2025-12-28,,20156,20156
4357,2000021758,Concepcion,Lomas Coloradas,20179,L2,V1,2025-12-28 18:53:09,2025-12-28 19:22:21,CC→CW,2025-12-28,,20179,20179
4358,2000022151,La Leonera,El Arenal,20848,L1,V1,2025-12-28 20:32:25,2025-12-28 21:29:26,HQ→TH,2025-12-28,,20848,20848
4359,2000022261,Cdal. Raul Silva Henriquez,Concepcion,20176,L2,V1,2025-12-28 17:44:38,2025-12-28 18:26:41,CW→CC,2025-12-28,,20176,20176
4360,2000022265,Hualqui,Mercado,20850,L1,V1,2025-12-28 09:17:20,2025-12-28 10:34:36,HQ→TH,2025-12-28,,20850,20850
4361,2000022265,Mercado,Hualqui,20845,L1,V1,2025-12-28 15:48:58,2025-12-28 17:01:42,TH→HQ,2025-12-28,,20845,20845
4362,2000022698,Laguna Quinenco,El Parque,20156,L2,V1,2025-12-28 10:31:18,2025-12-28 10:59:58,CW→CC,2025-12-28,,20156,20156
4363,2000022698,El Parque,Laguna Quinenco,20157,L2,V1,2025-12-28 11:45:22,2025-12-28 12:11:40,CC→CW,2025-12-28,,20157,20157
4364,2000022742,Cdal. Raul Silva Henriquez,Lomas Coloradas,20182,L2,V1,2025-12-28 19:18:10,2025-12-28 19:40:48,CW→CC,2025-12-28,,20182,20182
4365,2000023079,Laguna Quinenco,Huinca,20182,L2,V1,2025-12-28 19:17:33,2025-12-28 19:26:47,CW→CC,2025-12-28,,20182,20182
4366,2000023185,Concepcion,Costa Mar,20179,L2,V1,2025-12-28 18:34:04,2025-12-28 19:17:12,CC→CW,2025-12-28,,20179,20177
4367,2000023494,Cristo Redentor,Hito Galvarino,20168,L2,V1,2025-12-28 14:34:36,2025-12-28 15:00:48,CW→CC,2025-12-28,,20168,20168
4368,2000023518,Concepcion,Coronel,20151,L2,V1,2025-12-28 08:51:39,2025-12-28 10:17:09,CC→CW,2025-12-28,,20151,20151
4369,2000023688,Coronel,Concepcion,20160,L2,V1,2025-12-28 11:20:07,2025-12-28 12:13:36,CW→CC,2025-12-28,,20160,20160
4370,2000023688,Concepcion,Coronel,20187,L2,V1,2025-12-28 20:38:40,2025-12-28 21:50:26,CC→CW,2025-12-28,,20187,20187
4371,2000023935,Concepcion,Los Canelos,20187,L2,V1,2025-12-28 20:07:01,2025-12-28 21:41:39,CC→CW,2025-12-28,combo_por_entrada,20187,20187
4372,2000024039,Los Canelos,El Parque,20166,L2,V1,2025-12-28 13:43:48,2025-12-28 14:16:47,CW→CC,2025-12-28,,20166,20166
4373,2000024039,Concepcion,Los Canelos,20173,L2,V1,2025-12-28 17:25:09,2025-12-28 18:04:47,CC→CW,2025-12-28,,20173,20173
4374,2000024202,Concepcion,Coronel,20167,L2,V1,2025-12-28 13:30:10,2025-12-28 15:20:16,CC→CW,2025-12-28,,20167,20167
4375,2000024208,Concepcion,Cristo Redentor,20167,L2,V1,2025-12-28 13:55:53,2025-12-28 15:13:25,CC→CW,2025-12-28,,20167,20167
4376,2000024450,Los Canelos,Concepcion,20182,L2,V1,2025-12-28 19:16:53,2025-12-28 20:01:40,CW→CC,2025-12-28,,20182,20182
4377,2000024641,Concepcion,Laguna Quinenco,20155,L2,V1,2025-12-28 10:00:06,2025-12-28 11:19:44,CC→CW,2025-12-28,,20155,20155
4378,2000024641,Laguna Quinenco,Diagonal Bio Bio,20160,L2,V1,2025-12-28 11:19:49,2025-12-28 12:04:36,CW→CC,2025-12-28,,20160,20160
4379,2000024641,Diagonal Bio Bio,Concepcion,20172,L2,V1,2025-12-28 17:17:50,2025-12-28 17:29:02,CW→CC,2025-12-28,,20172,20172
4380,2000024646,Juan Pablo II,Costa Mar,20169,L2,V1,2025-12-28 15:30:38,2025-12-28 15:45:46,CC→CW,2025-12-28,,20169,20169
4381,2000024799,Hualqui,Los Condores,20848,L1,V1,2025-12-28 20:12:51,2025-12-28 21:22:53,HQ→TH,2025-12-28,,20848,20848
4382,2000025479,Coronel,Concepcion,20156,L2,V1,2025-12-28 10:23:21,2025-12-28 11:18:48,CW→CC,2025-12-28,,20156,20156
4383,2000025479,Concepcion,Laguna Quinenco,20171,L2,V1,2025-12-28 16:29:48,2025-12-28 17:20:09,CC→CW,2025-12-28,,20171,20171
4384,2000025599,Los Canelos,Hito Galvarino,20176,L2,V1,2025-12-28 17:46:00,2025-12-28 17:58:52,CW→CC,2025-12-28,,20176,20176
4385,2000025859,Concepcion,Cdal. Raul Silva Henriquez,20151,L2,V1,2025-12-28 08:48:16,2025-12-28 09:56:14,CC→CW,2025-12-28,,20151,20151
4386,2000025986,Concepcion,Cdal. Raul Silva Henriquez,20173,L2,V1,2025-12-28 17:18:55,2025-12-28 17:55:27,CC→CW,2025-12-28,,20173,20173
4387,2000026335,Concepcion,Huinca,20173,L2,V1,2025-12-28 17:07:43,2025-12-28 18:05:21,CC→CW,2025-12-28,,20173,20173
4388,2000026449,Juan Pablo II,Cdal. Raul Silva Henriquez,20157,L2,V1,2025-12-28 10:54:07,2025-12-28 11:54:13,CC→CW,2025-12-28,,20157,20157
4389,2000026491,Cdal. Raul Silva Henriquez,Juan Pablo II,20150,L2,V1,2025-12-28 09:04:01,2025-12-28 09:23:34,CW→CC,2025-12-28,,20150,20150
4390,2000026601,Coronel,Concepcion,20162,L2,V1,2025-12-28 12:07:57,2025-12-28 12:59:21,CW→CC,2025-12-28,,20162,20162
4391,2000026601,Concepcion,Coronel,20171,L2,V1,2025-12-28 16:38:50,2025-12-28 17:24:01,CC→CW,2025-12-28,,20171,20171
4392,2000026660,Laguna Quinenco,Huinca,20182,L2,V1,2025-12-28 19:14:54,2025-12-28 19:27:11,CW→CC,2025-12-28,,20182,20182
4393,2000026931,Cristo Redentor,Hito Galvarino,20178,L2,V1,2025-12-28 18:11:14,2025-12-28 18:30:07,CW→CC,2025-12-28,,20178,20178
4394,2000026956,Cristo Redentor,Concepcion,20186,L2,V1,2025-12-28 20:12:11,2025-12-28 21:00:32,CW→CC,2025-12-28,,20186,20186
4395,2000026981,Hito Galvarino,El Parque,20170,L2,V1,2025-12-28 15:42:57,2025-12-28 16:06:37,CW→CC,2025-12-28,,20170,20170
4396,2000026981,El Parque,Hito Galvarino,20177,L2,V1,2025-12-28 18:32:21,2025-12-28 19:00:33,CC→CW,2025-12-28,,20177,20177
4397,2000027227,Cristo Redentor,El Parque,20162,L2,V1,2025-12-28 12:03:50,2025-12-28 12:42:29,CW→CC,2025-12-28,,20162,20162
4398,2000027227,El Parque,Cristo Redentor,20165,L2,V1,2025-12-28 13:08:47,2025-12-28 13:54:07,CC→CW,2025-12-28,,20165,20165
4399,2000027369,Costa Mar,Diagonal Bio Bio,20168,L2,V1,2025-12-28 15:08:17,2025-12-28 15:18:51,CW→CC,2025-12-28,,20168,20168
4400,2000027369,Diagonal Bio Bio,Costa Mar,20179,L2,V1,2025-12-28 19:08:41,2025-12-28 19:17:02,CC→CW,2025-12-28,,20179,20179
4401,2000027476,Mercado,La Leonera,20857,L1,V1,2025-12-28 08:24:34,2025-12-28 09:17:44,TH→HQ,2025-12-28,,20857,20857
4402,2000027552,Higueras,Concepcion,20847,L1,V1,2025-12-28 20:03:10,2025-12-28 20:25:41,TH→HQ,2025-12-28,,20847,20847
4403,2000027557,Hito Galvarino,Concepcion,20154,L2,V1,2025-12-28 09:56:44,2025-12-28 10:32:28,CW→CC,2025-12-28,,20154,20154
4404,2000027730,Coronel,Concepcion,20170,L2,V1,2025-12-28 15:26:39,2025-12-28 16:22:28,CW→CC,2025-12-28,,20170,20170
4405,2000027825,Cdal. Raul Silva Henriquez,Concepcion,20156,L2,V1,2025-12-28 10:52:29,2025-12-28 11:19:20,CW→CC,2025-12-28,,20156,20156
4406,2000027825,Concepcion,Cdal. Raul Silva Henriquez,20169,L2,V1,2025-12-28 15:23:58,2025-12-28 15:53:12,CC→CW,2025-12-28,,20169,20169
4407,2000028061,Huinca,Concepcion,20168,L2,V1,2025-12-28 14:40:28,2025-12-28 15:28:55,CW→CC,2025-12-28,,20168,20168
4408,2000028061,Concepcion,Huinca,20173,L2,V1,2025-12-28 17:25:05,2025-12-28 18:06:27,CC→CW,2025-12-28,,20173,20173
4409,2000028250,Lomas Coloradas,Concepcion,20162,L2,V1,2025-12-28 12:25:18,2025-12-28 13:03:52,CW→CC,2025-12-28,,20162,20162
4410,2000028315,Concepcion,Los Canelos,20187,L2,V1,2025-12-28 20:45:01,2025-12-28 21:41:28,CC→CW,2025-12-28,,20187,20187
4411,2000028483,Huinca,Lomas Coloradas,20182,L2,V1,2025-12-28 19:12:39,2025-12-28 19:41:24,CW→CC,2025-12-28,,20182,20182
4412,2000028712,Lomas Coloradas,Costa Mar,20182,L2,V1,2025-12-28 19:26:02,2025-12-28 19:45:49,CW→CC,2025-12-28,,20182,20182
4413,2000028873,Coronel,Concepcion,20150,L2,V1,2025-12-28 08:45:33,2025-12-28 09:32:23,CW→CC,2025-12-28,,20150,20150
4414,2000029036,Los Canelos,Concepcion,20178,L2,V1,2025-12-28 18:19:38,2025-12-28 18:59:53,CW→CC,2025-12-28,,20178,20178
4415,2000029274,Concepcion,Lomas Coloradas,20155,L2,V1,2025-12-28 10:14:32,2025-12-28 10:56:40,CC→CW,2025-12-28,,20155,20155
4416,2000029274,Lomas Coloradas,Concepcion,20160,L2,V1,2025-12-28 11:45:36,2025-12-28 12:12:03,CW→CC,2025-12-28,,20160,20160
4417,2000029349,Concepcion,Lomas Coloradas,20173,L2,V1,2025-12-28 17:27:19,2025-12-28 17:50:17,CC→CW,2025-12-28,,20173,20173
4418,2000029586,El Parque,Lomas Coloradas,20183,L2,V1,2025-12-28 20:06:18,2025-12-28 20:23:18,CC→CW,2025-12-28,,20183,20183
4419,2000029592,Concepcion,Laguna Quinenco,20169,L2,V1,2025-12-28 15:16:11,2025-12-28 16:12:06,CC→CW,2025-12-28,,20169,20169
4420,2000029990,Concepcion,Mercado,20846,L1,V1,2025-12-28 17:09:38,2025-12-28 18:00:12,HQ→TH,2025-12-28,,20846,20846
4421,2000030046,Diagonal Bio Bio,Los Canelos,20161,L2,V1,2025-12-28 12:11:55,2025-12-28 12:49:12,CC→CW,2025-12-28,,20161,20161
4422,2000030188,El Parque,Concepcion,20166,L2,V1,2025-12-28 14:12:50,2025-12-28 14:33:30,CW→CC,2025-12-28,,20166,20166
4423,2000030188,Concepcion,El Parque,20171,L2,V1,2025-12-28 16:32:25,2025-12-28 16:58:08,CC→CW,2025-12-28,,20171,20171
4424,2000030591,Concepcion,Laguna Quinenco,20171,L2,V1,2025-12-28 16:26:40,2025-12-28 17:22:02,CC→CW,2025-12-28,,20171,20171
4425,2000031103,Costa Mar,Cristo Redentor,20177,L2,V1,2025-12-28 18:41:52,2025-12-28 19:10:07,CC→CW,2025-12-28,,20177,20177
4426,2000031362,Concepcion,Pedro Medina,20845,L1,V1,2025-12-28 15:43:39,2025-12-28 16:43:04,TH→HQ,2025-12-28,combo_por_entrada,20845,20845
4427,2000031362,Concepcion,Cdal. Raul Silva Henriquez,20187,L2,V1,2025-12-28 20:54:03,2025-12-28 21:31:51,CC→CW,2025-12-28,combo_relajado_pase1,20187,20187
4428,2000031380,Concepcion,Concepcion,,,N/A,2025-12-28 15:28:34,2025-12-28 15:29:01,,2025-12-28,no viajo,,
4429,2000031380,Concepcion,Cdal. Raul Silva Henriquez,20169,L2,V1,2025-12-28 15:29:09,2025-12-28 15:55:22,CC→CW,2025-12-28,,20169,20169
4430,2000031459,Concepcion,Cdal. Raul Silva Henriquez,20183,L2,V1,2025-12-28 19:32:59,2025-12-28 20:27:35,CC→CW,2025-12-28,,20183,20183
4431,2000031574,Concepcion,Cristo Redentor,20171,L2,V1,2025-12-28 15:49:09,2025-12-28 17:17:30,CC→CW,2025-12-28,,20171,20171
4432,2000031839,Los Canelos,Concepcion,20178,L2,V1,2025-12-28 18:23:41,2025-12-28 18:59:19,CW→CC,2025-12-28,,20178,20178
4433,2000033237,Concepcion,Los Canelos,20179,L2,V1,2025-12-28 18:58:04,2025-12-28 19:35:25,CC→CW,2025-12-28,,20179,20179
4434,2000033602,Costa Mar,Huinca,20177,L2,V1,2025-12-28 18:39:41,2025-12-28 19:07:58,CC→CW,2025-12-28,,20177,20177
4435,2000033602,Huinca,Concepcion,20182,L2,V1,2025-12-28 19:21:33,2025-12-28 20:03:49,CW→CC,2025-12-28,,20182,20182
4436,2000033602,Concepcion,Costa Mar,20187,L2,V1,2025-12-28 20:33:32,2025-12-28 21:23:58,CC→CW,2025-12-28,,20187,20187
4437,2000033841,Pedro Medina,Mercado,20846,L1,V1,2025-12-28 17:05:55,2025-12-28 18:01:54,HQ→TH,2025-12-28,,20846,20846
4438,2000033841,Mercado,Pedro Medina,20847,L1,V1,2025-12-28 19:29:25,2025-12-28 20:43:48,TH→HQ,2025-12-28,,20847,20847
4439,2000034158,Los Canelos,Concepcion,20170,L2,V1,2025-12-28 15:49:30,2025-12-28 16:21:53,CW→CC,2025-12-28,,20170,20170
4440,2000034158,Concepcion,Los Canelos,20183,L2,V1,2025-12-28 19:32:43,2025-12-28 20:39:01,CC→CW,2025-12-28,,20183,20183
4441,2000034794,Huinca,Concepcion,20150,L2,V1,2025-12-28 08:43:40,2025-12-28 09:31:06,CW→CC,2025-12-28,,20150,20150
4442,2000034794,Concepcion,Huinca,20161,L2,V1,2025-12-28 11:52:40,2025-12-28 12:51:55,CC→CW,2025-12-28,,20161,20161
4443,2000035256,Los Canelos,Concepcion,20166,L2,V1,2025-12-28 13:57:55,2025-12-28 14:33:45,CW→CC,2025-12-28,,20166,20166
4444,2000035256,Concepcion,Los Canelos,20183,L2,V1,2025-12-28 19:52:19,2025-12-28 20:37:21,CC→CW,2025-12-28,,20183,20183
4445,2000035436,Concepcion,Huinca,20161,L2,V1,2025-12-28 12:10:39,2025-12-28 12:54:39,CC→CW,2025-12-28,,20161,20161
4446,2000035614,Lomas Coloradas,Concepcion,20170,L2,V1,2025-12-28 15:58:39,2025-12-28 16:22:10,CW→CC,2025-12-28,,20170,20170
4447,2000035755,Concepcion,Hualqui,20845,L1,V1,2025-12-28 15:40:32,2025-12-28 17:00:14,TH→HQ,2025-12-28,combo_por_entrada,20845,20170
4448,2000035880,Concepcion,Los Canelos,20187,L2,V1,2025-12-28 20:46:36,2025-12-28 21:41:15,CC→CW,2025-12-28,,20187,20187
4449,2000036373,Los Canelos,Concepcion,20150,L2,V1,2025-12-28 08:51:42,2025-12-28 09:30:30,CW→CC,2025-12-28,,20150,20150
4450,2000036373,Concepcion,Los Canelos,20183,L2,V1,2025-12-28 19:50:21,2025-12-28 20:36:38,CC→CW,2025-12-28,,20183,20183
4451,2000036660,Concepcion,Lomas Coloradas,20167,L2,V1,2025-12-28 14:24:36,2025-12-28 14:58:04,CC→CW,2025-12-28,,20167,20167
4452,2000036711,UTF Santa Maria,Hualqui,20859,L1,V1,2025-12-28 12:14:52,2025-12-28 13:29:10,TH→HQ,2025-12-28,,20859,20859
4453,2000036910,Lomas Coloradas,Diagonal Bio Bio,20176,L2,V1,2025-12-28 18:08:34,2025-12-28 18:48:56,CW→CC,2025-12-28,,20176,20176
4454,2000037148,El Arenal,Pedro Medina,20859,L1,V1,2025-12-28 12:32:51,2025-12-28 13:12:35,TH→HQ,2025-12-28,,20859,20859
4455,2000037148,Pedro Medina,El Arenal,20848,L1,V1,2025-12-28 20:40:44,2025-12-28 21:28:27,HQ→TH,2025-12-28,,20848,20848
4456,2000037285,Coronel,Costa Mar,20172,L2,V1,2025-12-28 16:25:53,2025-12-28 17:14:57,CW→CC,2025-12-28,,20172,20172
4457,2000037463,Cdal. Raul Silva Henriquez,El Parque,20156,L2,V1,2025-12-28 10:45:54,2025-12-28 11:00:55,CW→CC,2025-12-28,,20156,20156
4458,2000037463,El Parque,Alborada,20160,L2,V1,2025-12-28 11:46:26,2025-12-28 12:02:38,CW→CC,2025-12-28,,20160,20160
4459,2000037463,Costa Mar,Cdal. Raul Silva Henriquez,20165,L2,V1,2025-12-28 13:17:54,2025-12-28 13:39:30,CC→CW,2025-12-28,,20165,20165
4460,2000037523,Concepcion,Cdal. Raul Silva Henriquez,20161,L2,V1,2025-12-28 12:02:14,2025-12-28 12:40:26,CC→CW,2025-12-28,,20161,20161
4461,2000037523,Cdal. Raul Silva Henriquez,Costa Mar,20166,L2,V1,2025-12-28 14:06:18,2025-12-28 14:18:35,CW→CC,2025-12-28,,20166,20166
4462,2000037640,Diagonal Bio Bio,Juan Pablo II,20172,L2,V1,2025-12-28 17:08:38,2025-12-28 17:22:47,CW→CC,2025-12-28,,20172,20172
4463,2000037856,Los Canelos,Diagonal Bio Bio,20170,L2,V1,2025-12-28 15:29:22,2025-12-28 16:13:21,CW→CC,2025-12-28,,20170,20170
4464,2000037856,Diagonal Bio Bio,Los Canelos,20187,L2,V1,2025-12-28 20:48:40,2025-12-28 21:41:35,CC→CW,2025-12-28,,20187,20187
4465,2000037993,Lomas Coloradas,Huinca,20155,L2,V1,2025-12-28 10:51:49,2025-12-28 11:11:48,CC→CW,2025-12-28,,20155,20155
4466,2000037993,Huinca,Lomas Coloradas,20186,L2,V1,2025-12-28 20:14:52,2025-12-28 20:38:55,CW→CC,2025-12-28,,20186,20186
4467,2000038151,Lomas Coloradas,Concepcion,20150,L2,V1,2025-12-28 08:53:01,2025-12-28 09:30:19,CW→CC,2025-12-28,,20150,20150
4468,2000038151,Concepcion,Lomas Coloradas,20187,L2,V1,2025-12-28 20:48:23,2025-12-28 21:31:21,CC→CW,2025-12-28,,20187,20187
4469,2000038727,Concepcion,Huinca,20161,L2,V1,2025-12-28 12:10:46,2025-12-28 12:54:54,CC→CW,2025-12-28,,20161,20161
4470,2000039004,Diagonal Bio Bio,Costa Mar,20171,L2,V1,2025-12-28 16:37:09,2025-12-28 16:55:11,CC→CW,2025-12-28,,20171,20171
4471,2000039183,Hito Galvarino,Laguna Quinenco,20171,L2,V1,2025-12-28 16:43:13,2025-12-28 17:22:01,CC→CW,2025-12-28,,20171,20171
4472,2000039282,Concepcion,Hito Galvarino,20161,L2,V1,2025-12-28 11:54:44,2025-12-28 12:46:41,CC→CW,2025-12-28,,20161,20161
4473,2000039365,Los Canelos,Concepcion,20154,L2,V1,2025-12-28 08:59:43,2025-12-28 10:35:21,CW→CC,2025-12-28,,20154,20150
4474,2000039423,Diagonal Bio Bio,Costa Mar,20165,L2,V1,2025-12-28 13:24:04,2025-12-28 13:29:47,CC→CW,2025-12-28,,20165,20165
4475,2000039423,Costa Mar,Diagonal Bio Bio,20168,L2,V1,2025-12-28 15:09:26,2025-12-28 15:19:10,CW→CC,2025-12-28,,20168,20168
4476,2000039430,Costa Mar,Juan Pablo II,20156,L2,V1,2025-12-28 10:51:44,2025-12-28 11:11:22,CW→CC,2025-12-28,,20156,20156
4477,2000039583,El Parque,Concepcion,20186,L2,V1,2025-12-28 20:18:57,2025-12-28 21:00:12,CW→CC,2025-12-28,,20186,20186
4478,2000039610,Lomas Coloradas,Concepcion,20170,L2,V1,2025-12-28 15:50:35,2025-12-28 16:23:30,CW→CC,2025-12-28,,20170,20170
4479,2000039610,Concepcion,Lomas Coloradas,20177,L2,V1,2025-12-28 18:15:27,2025-12-28 18:51:08,CC→CW,2025-12-28,,20177,20177
4480,2000039659,Lomas Coloradas,Concepcion,20156,L2,V1,2025-12-28 10:32:17,2025-12-28 11:17:50,CW→CC,2025-12-28,,20156,20156
4481,2000039659,Concepcion,Lomas Coloradas,20187,L2,V1,2025-12-28 20:48:30,2025-12-28 21:31:19,CC→CW,2025-12-28,,20187,20187
4482,2000040069,Los Condores,Concepcion,20845,L1,V1,2025-12-28 16:04:52,2025-12-28 16:25:59,TH→HQ,2025-12-28,,20845,20845
4483,2000040460,Juan Pablo II,Cdal. Raul Silva Henriquez,20179,L2,V1,2025-12-28 19:09:23,2025-12-28 20:26:40,CC→CW,2025-12-28,,20179,20179
4484,2000040552,Concepcion,Lomas Coloradas,20187,L2,V1,2025-12-28 20:53:27,2025-12-28 21:30:00,CC→CW,2025-12-28,,20187,20187
4485,2000040883,Hito Galvarino,Costa Mar,20182,L2,V1,2025-12-28 19:25:01,2025-12-28 19:46:33,CW→CC,2025-12-28,,20182,20182
4486,2000040967,Coronel,Concepcion,20168,L2,V1,2025-12-28 14:25:39,2025-12-28 15:28:06,CW→CC,2025-12-28,,20168,20168
4487,2000041014,Cristo Redentor,Diagonal Bio Bio,20168,L2,V1,2025-12-28 14:48:41,2025-12-28 15:19:17,CW→CC,2025-12-28,,20168,20168
4488,2000041599,Concepcion,Coronel,20183,L2,V1,2025-12-28 19:32:39,2025-12-28 20:47:00,CC→CW,2025-12-28,,20183,20183
4489,2000041750,Cristo Redentor,El Parque,20168,L2,V1,2025-12-28 14:37:01,2025-12-28 15:14:30,CW→CC,2025-12-28,,20168,20168
4490,2000041750,El Parque,Cristo Redentor,20177,L2,V1,2025-12-28 18:38:28,2025-12-28 19:10:45,CC→CW,2025-12-28,,20177,20177
4491,2000042065,Los Canelos,Diagonal Bio Bio,20160,L2,V1,2025-12-28 11:15:35,2025-12-28 12:04:17,CW→CC,2025-12-28,,20160,20160
4492,2000043089,Los Canelos,Concepcion,20150,L2,V1,2025-12-28 08:52:48,2025-12-28 09:47:45,CW→CC,2025-12-28,,20150,20150
4493,2000043089,Concepcion,Los Canelos,20187,L2,V1,2025-12-28 20:36:50,2025-12-28 21:40:43,CC→CW,2025-12-28,,20187,20187
4494,2000043176,Cdal. Raul Silva Henriquez,Concepcion,20154,L2,V1,2025-12-28 10:05:24,2025-12-28 10:32:09,CW→CC,2025-12-28,,20154,20154
4495,2000043176,Concepcion,Cdal. Raul Silva Henriquez,20187,L2,V1,2025-12-28 20:58:08,2025-12-28 21:31:38,CC→CW,2025-12-28,,20187,20187
4496,2000043322,Concepcion,Coronel,20157,L2,V1,2025-12-28 11:27:53,2025-12-28 20:02:04,CC→CW,2025-12-28,,20157,20157
4497,2000043491,Costa Mar,Laguna Quinenco,20151,L2,V1,2025-12-28 09:40:22,2025-12-28 10:16:19,CC→CW,2025-12-28,,20151,20151
4498,2000044245,Concepcion,Lomas Coloradas,20179,L2,V1,2025-12-28 18:55:10,2025-12-28 19:22:15,CC→CW,2025-12-28,,20179,20179
4499,2000044427,Concepcion,Chiguayante,20847,L1,V1,2025-12-28 19:32:13,2025-12-28 20:41:14,TH→HQ,2025-12-28,combo_por_entrada,20847,20847
4500,2000044750,Cristo Redentor,Laguna Quinenco,20179,L2,V1,2025-12-28 19:38:44,2025-12-28 19:43:16,CC→CW,2025-12-28,,20179,20179
4501,2000045242,Laguna Quinenco,Concepcion,20166,L2,V1,2025-12-28 13:16:36,2025-12-28 14:33:28,CW→CC,2025-12-28,,20166,20166
4502,2000045677,Los Canelos,Juan Pablo II,20178,L2,V1,2025-12-28 18:19:53,2025-12-28 18:52:50,CW→CC,2025-12-28,,20178,20178
4503,2000045702,Hito Galvarino,Coronel,20179,L2,V1,2025-12-28 19:26:11,2025-12-28 19:45:24,CC→CW,2025-12-28,,20179,20179
4504,2000045833,Concepcion,Diagonal Bio Bio,20183,L2,V1,2025-12-28 19:43:09,2025-12-28 20:12:27,CC→CW,2025-12-28,,20183,20183
4505,2000046442,Concepcion,Los Canelos,20161,L2,V1,2025-12-28 11:48:30,2025-12-28 12:49:38,CC→CW,2025-12-28,,20161,20161
4506,2000046454,Alborada,Los Canelos,20167,L2,V1,2025-12-28 14:22:32,2025-12-28 15:08:31,CC→CW,2025-12-28,,20167,20167
4507,2000046834,Costa Mar,Concepcion,20186,L2,V1,2025-12-28 20:17:55,2025-12-28 21:01:58,CW→CC,2025-12-28,,20186,20186
4508,2000046977,Diagonal Bio Bio,Los Canelos,20171,L2,V1,2025-12-28 16:06:47,2025-12-28 17:14:00,CC→CW,2025-12-28,,20171,20171
4509,2000047197,Concepcion,Laguna Quinenco,20183,L2,V1,2025-12-28 19:59:23,2025-12-28 20:44:12,CC→CW,2025-12-28,,20183,20183
4510,2000047417,Cdal. Raul Silva Henriquez,Concepcion,20150,L2,V1,2025-12-28 08:48:06,2025-12-28 09:31:25,CW→CC,2025-12-28,,20150,20150
4511,2000047434,Huinca,Concepcion,20168,L2,V1,2025-12-28 14:46:57,2025-12-28 15:29:06,CW→CC,2025-12-28,,20168,20168
4512,2000047453,Los Canelos,Costa Mar,20168,L2,V1,2025-12-28 14:50:40,2025-12-28 15:17:42,CW→CC,2025-12-28,,20168,20168
4513,2000047548,Laguna Quinenco,Concepcion,20162,L2,V1,2025-12-28 11:52:33,2025-12-28 12:59:26,CW→CC,2025-12-28,,20162,20162
4514,2000047548,Concepcion,Laguna Quinenco,20183,L2,V1,2025-12-28 19:33:29,2025-12-28 20:44:16,CC→CW,2025-12-28,,20183,20183
4515,2000047884,Lomas Coloradas,Diagonal Bio Bio,20176,L2,V1,2025-12-28 18:03:10,2025-12-28 18:17:02,CW→CC,2025-12-28,,20176,20176
4516,2000048163,Costa Mar,Laguna Quinenco,20169,L2,V1,2025-12-28 15:36:19,2025-12-28 16:15:00,CC→CW,2025-12-28,,20169,20169
4517,2000048303,Hito Galvarino,Juan Pablo II,20166,L2,V1,2025-12-28 13:57:19,2025-12-28 14:26:40,CW→CC,2025-12-28,,20166,20166
4518,2000048503,Coronel,El Parque,20162,L2,V1,2025-12-28 12:04:37,2025-12-28 12:42:41,CW→CC,2025-12-28,,20162,20162
4519,2000048526,Cdal. Raul Silva Henriquez,Huinca,20167,L2,V1,2025-12-28 14:26:24,2025-12-28 15:11:49,CC→CW,2025-12-28,,20167,20167
4520,2000048600,Diagonal Bio Bio,Lomas Coloradas,20165,L2,V1,2025-12-28 13:23:38,2025-12-28 13:35:19,CC→CW,2025-12-28,,20165,20165
4521,2000048719,Concepcion,El Parque,20173,L2,V1,2025-12-28 17:19:59,2025-12-28 17:48:10,CC→CW,2025-12-28,,20173,20173
4522,2000048837,Concepcion,Cdal. Raul Silva Henriquez,20155,L2,V1,2025-12-28 10:28:25,2025-12-28 11:00:04,CC→CW,2025-12-28,,20155,20155
4523,2000048837,Cdal. Raul Silva Henriquez,Concepcion,20178,L2,V1,2025-12-28 18:33:23,2025-12-28 18:58:50,CW→CC,2025-12-28,,20178,20178
4524,2000048924,Costa Mar,Cdal. Raul Silva Henriquez,20187,L2,V1,2025-12-28 21:15:47,2025-12-28 21:31:42,CC→CW,2025-12-28,,20187,20187
4525,2000049065,Cristo Redentor,Laguna Quinenco,20169,L2,V1,2025-12-28 16:00:46,2025-12-28 16:12:53,CC→CW,2025-12-28,,20169,20169
4526,2000049466,Lomas Coloradas,Concepcion,20186,L2,V1,2025-12-28 20:33:30,2025-12-28 21:00:04,CW→CC,2025-12-28,,20186,20186
4527,2000049725,Lzo. Arenas,Hualqui,20857,L1,V1,2025-12-28 08:42:19,2025-12-28 09:32:07,TH→HQ,2025-12-28,,20857,20857
4528,2000049890,Costa Mar,Concepcion,20166,L2,V1,2025-12-28 14:12:53,2025-12-28 14:37:23,CW→CC,2025-12-28,,20166,20166
4529,2000049890,Concepcion,Costa Mar,20179,L2,V1,2025-12-28 18:45:55,2025-12-28 19:18:00,CC→CW,2025-12-28,,20179,20179
4530,2000050116,Cristo Redentor,Concepcion,20172,L2,V1,2025-12-28 16:27:35,2025-12-28 17:28:41,CW→CC,2025-12-28,,20172,20172
4531,2000050116,Concepcion,Cristo Redentor,20177,L2,V1,2025-12-28 18:23:22,2025-12-28 19:10:25,CC→CW,2025-12-28,,20177,20177
4532,2000050746,Laguna Quinenco,Cristo Redentor,20162,L2,V1,2025-12-28 12:08:25,2025-12-28 12:22:36,CW→CC,2025-12-28,,20162,20162
4533,2000051113,Lomas Coloradas,Concepcion,20166,L2,V1,2025-12-28 13:57:01,2025-12-28 14:34:41,CW→CC,2025-12-28,,20166,20166
4534,2000051962,Concepcion,UTF Santa Maria,20846,L1,V1,2025-12-28 17:22:24,2025-12-28 17:45:22,HQ→TH,2025-12-28,,20846,20846
4535,2000051973,Costa Mar,Laguna Quinenco,20151,L2,V1,2025-12-28 09:43:30,2025-12-28 10:14:16,CC→CW,2025-12-28,,20151,20151
4536,2000051973,Laguna Quinenco,Costa Mar,20186,L2,V1,2025-12-28 20:06:44,2025-12-28 20:44:23,CW→CC,2025-12-28,,20186,20186
4537,2000052556,Los Condores,Chiguayante,20845,L1,V1,2025-12-28 16:06:43,2025-12-28 16:42:22,TH→HQ,2025-12-28,,20845,20845
4538,2000052622,Concepcion,Concepcion,,,N/A,2025-12-28 14:21:46,2025-12-28 14:33:01,,2025-12-28,no viajo,,
4539,2000053375,Concepcion,Laguna Quinenco,20161,L2,V1,2025-12-28 11:58:26,2025-12-28 12:56:58,CC→CW,2025-12-28,,20161,20161
4540,2000053375,Coronel,Concepcion,20186,L2,V1,2025-12-28 20:08:11,2025-12-28 21:00:19,CW→CC,2025-12-28,,20186,20186
4541,2000053413,Diagonal Bio Bio,Los Canelos,20155,L2,V1,2025-12-28 10:43:31,2025-12-28 11:11:01,CC→CW,2025-12-28,,20155,20155
4542,2000053528,Los Canelos,Diagonal Bio Bio,20176,L2,V1,2025-12-28 17:48:22,2025-12-28 18:17:46,CW→CC,2025-12-28,,20176,20176
4543,2000053757,Hito Galvarino,Diagonal Bio Bio,20176,L2,V1,2025-12-28 17:54:50,2025-12-28 18:16:46,CW→CC,2025-12-28,,20176,20176
4544,2000053814,Coronel,Concepcion,20172,L2,V1,2025-12-28 16:33:42,2025-12-28 17:30:07,CW→CC,2025-12-28,,20172,20172
4545,2000054574,Costa Mar,Laguna Quinenco,20165,L2,V1,2025-12-28 13:32:28,2025-12-28 15:18:55,CC→CW,2025-12-28,,20165,20165
4546,2000055187,Concepcion,Mercado,20844,L1,V1,2025-12-28 11:29:18,2025-12-28 13:26:28,HQ→TH,2025-12-28,combo_por_entrada,20844,20844
4547,2000055211,Costa Mar,Cristo Redentor,20171,L2,V1,2025-12-28 16:44:07,2025-12-28 17:18:00,CC→CW,2025-12-28,,20171,20171
4548,2000055214,Los Canelos,Juan Pablo II,20160,L2,V1,2025-12-28 11:30:54,2025-12-28 12:07:03,CW→CC,2025-12-28,,20160,20160
4549,2000055467,El Parque,Costa Mar,20172,L2,V1,2025-12-28 16:53:32,2025-12-28 17:15:15,CW→CC,2025-12-28,,20172,20172
4550,2000055508,Laguna Quinenco,Concepcion,20172,L2,V1,2025-12-28 16:10:15,2025-12-28 17:28:55,CW→CC,2025-12-28,,20172,20172
4551,2000055762,Coronel,El Parque,20168,L2,V1,2025-12-28 14:36:44,2025-12-28 15:12:45,CW→CC,2025-12-28,,20168,20168
4552,2000055762,El Parque,Coronel,20171,L2,V1,2025-12-28 16:45:58,2025-12-28 17:23:49,CC→CW,2025-12-28,,20171,20171
4553,2000056015,Diagonal Bio Bio,El Parque,20169,L2,V1,2025-12-28 15:36:31,2025-12-28 15:47:45,CC→CW,2025-12-28,,20169,20169
4554,2000056015,El Parque,Juan Pablo II,20172,L2,V1,2025-12-28 16:52:33,2025-12-28 17:22:52,CW→CC,2025-12-28,,20172,20172
4555,2000056367,Juan Pablo II,Costa Mar,20183,L2,V1,2025-12-28 20:07:53,2025-12-28 20:16:59,CC→CW,2025-12-28,,20183,20183
4556,2000056376,Costa Mar,Diagonal Bio Bio,20160,L2,V1,2025-12-28 11:48:19,2025-12-28 12:05:06,CW→CC,2025-12-28,,20160,20160
4557,2000056376,Diagonal Bio Bio,Costa Mar,20165,L2,V1,2025-12-28 13:09:51,2025-12-28 13:29:54,CC→CW,2025-12-28,,20165,20165
4558,2000056601,Los Canelos,El Parque,20160,L2,V1,2025-12-28 11:36:21,2025-12-28 11:56:51,CW→CC,2025-12-28,,20160,20160
4559,2000056807,Juan Pablo II,Coronel,20187,L2,V1,2025-12-28 20:46:57,2025-12-28 21:50:38,CC→CW,2025-12-28,,20187,20187
4560,2000057095,Cdal. Raul Silva Henriquez,Cristo Redentor,20167,L2,V1,2025-12-28 14:57:03,2025-12-28 15:14:00,CC→CW,2025-12-28,,20167,20167
4561,2000057165,Coronel,Concepcion,20186,L2,V1,2025-12-28 19:50:48,2025-12-28 21:00:18,CW→CC,2025-12-28,,20186,20186
4562,2000057177,Cristo Redentor,Concepcion,20166,L2,V1,2025-12-28 13:37:49,2025-12-28 14:35:44,CW→CC,2025-12-28,,20166,20166
4563,2000057180,Concepcion,Huinca,20157,L2,V1,2025-12-28 11:23:14,2025-12-28 12:08:32,CC→CW,2025-12-28,,20157,20157
4564,2000057180,Concepcion,UTF Santa Maria,20846,L1,V1,2025-12-28 16:42:53,2025-12-28 17:45:49,HQ→TH,2025-12-28,combo_por_entrada,20846,20846
4565,2000057241,Cristo Redentor,Costa Mar,20178,L2,V1,2025-12-28 18:06:27,2025-12-28 18:43:32,CW→CC,2025-12-28,,20178,20178
4566,2000057606,Alborada,Cristo Redentor,20165,L2,V1,2025-12-28 12:33:24,2025-12-28 13:54:08,CC→CW,2025-12-28,,20165,20161
4567,2000057606,Laguna Quinenco,Alborada,20172,L2,V1,2025-12-28 16:04:48,2025-12-28 17:17:10,CW→CC,2025-12-28,,20172,20172
4568,2000058274,Costa Mar,Laguna Quinenco,20151,L2,V1,2025-12-28 09:44:02,2025-12-28 10:25:13,CC→CW,2025-12-28,,20151,20151
4569,2000058288,Concepcion,Chiguayante,20847,L1,V1,2025-12-28 20:23:33,2025-12-28 20:41:32,TH→HQ,2025-12-28,,20847,20847
4570,2000058582,Concepcion,Lomas Coloradas,20167,L2,V1,2025-12-28 14:15:21,2025-12-28 14:56:55,CC→CW,2025-12-28,,20167,20167
4571,2000058604,Cdal. Raul Silva Henriquez,Concepcion,20162,L2,V1,2025-12-28 12:16:10,2025-12-28 12:59:48,CW→CC,2025-12-28,,20162,20162
4572,2000058604,Concepcion,Cdal. Raul Silva Henriquez,20183,L2,V1,2025-12-28 19:17:25,2025-12-28 20:27:03,CC→CW,2025-12-28,,20183,20183
4573,2000058682,Concepcion,Cdal. Raul Silva Henriquez,20161,L2,V1,2025-12-28 12:00:02,2025-12-28 12:41:19,CC→CW,2025-12-28,,20161,20161
4574,2000058682,Cdal. Raul Silva Henriquez,Concepcion,20176,L2,V1,2025-12-28 17:17:54,2025-12-28 18:27:46,CW→CC,2025-12-28,,20176,20176
4575,2000058692,Laguna Quinenco,Hito Galvarino,20186,L2,V1,2025-12-28 20:10:46,2025-12-28 20:32:03,CW→CC,2025-12-28,,20186,20186
4576,2000058886,Coronel,Concepcion,20166,L2,V1,2025-12-28 13:40:19,2025-12-28 14:33:35,CW→CC,2025-12-28,,20166,20166
4577,2000059205,Concepcion,Diagonal Bio Bio,20165,L2,V1,2025-12-28 13:04:15,2025-12-28 13:25:22,CC→CW,2025-12-28,,20165,20165
4578,2000059205,Concepcion,Cdal. Raul Silva Henriquez,20173,L2,V1,2025-12-28 17:25:52,2025-12-28 17:53:16,CC→CW,2025-12-28,,20173,20173
4579,2000059338,Cristo Redentor,Concepcion,20150,L2,V1,2025-12-28 08:47:15,2025-12-28 09:30:35,CW→CC,2025-12-28,,20150,20150
4580,2000059338,Concepcion,Cristo Redentor,20183,L2,V1,2025-12-28 20:01:19,2025-12-28 20:40:42,CC→CW,2025-12-28,,20183,20183
4581,2000059380,Concepcion,Lomas Coloradas,20171,L2,V1,2025-12-28 16:24:20,2025-12-28 17:00:38,CC→CW,2025-12-28,,20171,20171
4582,2000059855,El Arenal,Hualqui,20845,L1,V1,2025-12-28 15:46:58,2025-12-28 17:01:49,TH→HQ,2025-12-28,,20845,20845
4583,2000059933,Cdal. Raul Silva Henriquez,Juan Pablo II,20182,L2,V1,2025-12-28 19:20:33,2025-12-28 19:53:48,CW→CC,2025-12-28,,20182,20182
4584,2000060560,Concepcion,Lomas Coloradas,20187,L2,V1,2025-12-28 20:50:27,2025-12-28 21:29:20,CC→CW,2025-12-28,,20187,20187
4585,2000060584,Huinca,Diagonal Bio Bio,20186,L2,V1,2025-12-28 19:50:37,2025-12-28 20:50:09,CW→CC,2025-12-28,,20186,20186
4586,2000060654,Concepcion,Hualqui,20857,L1,V1,2025-12-28 08:48:51,2025-12-28 09:34:32,TH→HQ,2025-12-28,,20857,20857
4587,2000060654,Hualqui,Concepcion,20846,L1,V1,2025-12-28 16:46:19,2025-12-28 17:38:28,HQ→TH,2025-12-28,,20846,20846
4588,2000060942,Los Canelos,Concepcion,20150,L2,V1,2025-12-28 08:52:17,2025-12-28 09:30:27,CW→CC,2025-12-28,,20150,20150
4589,2000060972,Laguna Quinenco,Concepcion,20166,L2,V1,2025-12-28 13:46:13,2025-12-28 14:33:21,CW→CC,2025-12-28,,20166,20166
4590,2000060972,Concepcion,Laguna Quinenco,20177,L2,V1,2025-12-28 18:15:28,2025-12-28 19:13:07,CC→CW,2025-12-28,,20177,20177
4591,2000061307,El Parque,Huinca,20173,L2,V1,2025-12-28 17:39:43,2025-12-28 18:06:07,CC→CW,2025-12-28,,20173,20173
4592,2000061316,Lomas Coloradas,Concepcion,20160,L2,V1,2025-12-28 11:51:29,2025-12-28 12:18:34,CW→CC,2025-12-28,,20160,20160
4593,2000061447,Costa Mar,Lomas Coloradas,20157,L2,V1,2025-12-28 11:44:14,2025-12-28 11:51:17,CC→CW,2025-12-28,,20157,20157
4594,2000061447,Lomas Coloradas,Costa Mar,20172,L2,V1,2025-12-28 16:46:30,2025-12-28 17:14:21,CW→CC,2025-12-28,,20172,20172
4595,2000061524,Concepcion,Lomas Coloradas,20151,L2,V1,2025-12-28 09:14:58,2025-12-28 09:53:25,CC→CW,2025-12-28,,20151,20151
4596,2000061670,Concepcion,Concepcion,,,N/A,2025-12-28 15:03:38,2025-12-28 15:04:54,,2025-12-28,no viajo,,
4597,2000061686,Los Canelos,Cristo Redentor,20165,L2,V1,2025-12-28 13:40:46,2025-12-28 13:53:31,CC→CW,2025-12-28,,20165,20165
4598,2000062013,La Leonera,Higueras,20850,L1,V1,2025-12-28 09:36:36,2025-12-28 10:24:09,HQ→TH,2025-12-28,,20850,20850
4599,2000062240,UTF Santa Maria,Chiguayante,20845,L1,V1,2025-12-28 15:59:04,2025-12-28 16:40:35,TH→HQ,2025-12-28,,20845,20845
4600,2000062240,Concepcion,UTF Santa Maria,20848,L1,V1,2025-12-28 20:54:56,2025-12-28 21:17:49,HQ→TH,2025-12-28,combo_relajado_pase1,20848,20848
4601,2000062434,El Parque,Laguna Quinenco,20177,L2,V1,2025-12-28 18:46:12,2025-12-28 19:13:16,CC→CW,2025-12-28,,20177,20177
4602,2000062504,Diagonal Bio Bio,Cristo Redentor,20187,L2,V1,2025-12-28 21:07:05,2025-12-28 21:44:39,CC→CW,2025-12-28,,20187,20187
4603,2000063088,Cristo Redentor,Laguna Quinenco,20155,L2,V1,2025-12-28 11:07:12,2025-12-28 11:17:44,CC→CW,2025-12-28,,20155,20155
4604,2000063088,Laguna Quinenco,Cristo Redentor,20162,L2,V1,2025-12-28 12:05:23,2025-12-28 12:23:16,CW→CC,2025-12-28,,20162,20162
4605,2000063104,El Parque,Laguna Quinenco,20171,L2,V1,2025-12-28 16:28:10,2025-12-28 17:20:40,CC→CW,2025-12-28,,20171,20171
4606,2000063242,Costa Mar,Lomas Coloradas,20151,L2,V1,2025-12-28 09:25:39,2025-12-28 09:53:09,CC→CW,2025-12-28,,20151,20151
4607,2000063607,Lomas Coloradas,Laguna Quinenco,20169,L2,V1,2025-12-28 15:40:55,2025-12-28 16:12:32,CC→CW,2025-12-28,,20169,20169
4608,2000063607,Laguna Quinenco,Lomas Coloradas,20182,L2,V1,2025-12-28 18:41:00,2025-12-28 19:41:02,CW→CC,2025-12-28,,20182,20182
4609,2000064443,El Parque,Diagonal Bio Bio,20176,L2,V1,2025-12-28 17:40:42,2025-12-28 18:18:04,CW→CC,2025-12-28,,20176,20176
4610,2000065019,Concepcion,Laguna Quinenco,20157,L2,V1,2025-12-28 10:40:37,2025-12-28 12:14:07,CC→CW,2025-12-28,,20157,20155
4611,2000065019,Coronel,Concepcion,20178,L2,V1,2025-12-28 17:57:41,2025-12-28 19:03:21,CW→CC,2025-12-28,,20178,20178
4612,2000065181,Concepcion,Huinca,20151,L2,V1,2025-12-28 08:40:53,2025-12-28 10:09:38,CC→CW,2025-12-28,,20151,20151
4613,2000065554,Los Canelos,Laguna Quinenco,20177,L2,V1,2025-12-28 18:58:51,2025-12-28 19:12:33,CC→CW,2025-12-28,,20177,20177
4614,2000065554,Laguna Quinenco,Los Canelos,20186,L2,V1,2025-12-28 20:15:23,2025-12-28 20:26:31,CW→CC,2025-12-28,,20186,20186
4615,2000065630,Diagonal Bio Bio,El Parque,20151,L2,V1,2025-12-28 09:34:47,2025-12-28 09:50:41,CC→CW,2025-12-28,,20151,20151
4616,2000065898,Los Canelos,Concepcion,20162,L2,V1,2025-12-28 12:00:48,2025-12-28 12:59:12,CW→CC,2025-12-28,,20162,20162
4617,2000065898,Concepcion,Los Canelos,20183,L2,V1,2025-12-28 19:52:03,2025-12-28 20:36:42,CC→CW,2025-12-28,,20183,20183
4618,2000065919,Diagonal Bio Bio,Concepcion,20160,L2,V1,2025-12-28 11:48:37,2025-12-28 12:13:24,CW→CC,2025-12-28,,20160,20160
4619,2000065919,Concepcion,Diagonal Bio Bio,20165,L2,V1,2025-12-28 13:12:37,2025-12-28 13:24:45,CC→CW,2025-12-28,,20165,20165
4620,2000066130,Juan Pablo II,Concepcion,20162,L2,V1,2025-12-28 12:51:19,2025-12-28 13:00:12,CW→CC,2025-12-28,,20162,20162
4621,2000066943,Cristo Redentor,Concepcion,20160,L2,V1,2025-12-28 10:56:09,2025-12-28 12:13:54,CW→CC,2025-12-28,,20160,20160
4622,2000066943,Concepcion,Cristo Redentor,20173,L2,V1,2025-12-28 17:26:50,2025-12-28 18:08:58,CC→CW,2025-12-28,,20173,20173
4623,2000067060,Costa Mar,Lomas Coloradas,20171,L2,V1,2025-12-28 16:50:33,2025-12-28 17:00:08,CC→CW,2025-12-28,,20171,20171
4624,2000067367,Coronel,Concepcion,20150,L2,V1,2025-12-28 08:36:12,2025-12-28 09:31:46,CW→CC,2025-12-28,,20150,20150
4625,2000067367,Concepcion,Coronel,20157,L2,V1,2025-12-28 11:17:37,2025-12-28 12:18:38,CC→CW,2025-12-28,,20157,20157
4626,2000067555,Hito Galvarino,Costa Mar,20176,L2,V1,2025-12-28 17:56:30,2025-12-28 18:12:33,CW→CC,2025-12-28,,20176,20176
4627,2000068046,Hito Galvarino,Concepcion,20166,L2,V1,2025-12-28 13:54:31,2025-12-28 14:32:49,CW→CC,2025-12-28,,20166,20166
4628,2000068235,Lomas Coloradas,El Parque,20154,L2,V1,2025-12-28 10:10:18,2025-12-28 10:16:33,CW→CC,2025-12-28,,20154,20154
4629,2000068235,El Parque,Lomas Coloradas,20177,L2,V1,2025-12-28 18:47:11,2025-12-28 18:52:03,CC→CW,2025-12-28,,20177,20177
4630,2000068282,Cristo Redentor,Costa Mar,20176,L2,V1,2025-12-28 17:15:21,2025-12-28 18:11:53,CW→CC,2025-12-28,,20176,20176
4631,2000068325,Huinca,Costa Mar,20162,L2,V1,2025-12-28 12:17:13,2025-12-28 12:44:58,CW→CC,2025-12-28,,20162,20162
4632,2000069259,Lomas Coloradas,Concepcion,20172,L2,V1,2025-12-28 16:59:30,2025-12-28 17:29:43,CW→CC,2025-12-28,,20172,20172
4633,2000069259,Concepcion,Lomas Coloradas,20179,L2,V1,2025-12-28 18:59:08,2025-12-28 19:22:21,CC→CW,2025-12-28,,20179,20179
4634,2000069400,Lzo. Arenas,Manquimavida,20845,L1,V1,2025-12-28 16:14:07,2025-12-28 16:46:17,TH→HQ,2025-12-28,,20845,20845
4635,2000069543,Concepcion,Los Canelos,20173,L2,V1,2025-12-28 16:48:35,2025-12-28 18:04:04,CC→CW,2025-12-28,,20173,20173
4636,2000069543,Huinca,Concepcion,20182,L2,V1,2025-12-28 19:19:22,2025-12-28 20:02:09,CW→CC,2025-12-28,,20182,20182
4637,2000069709,Coronel,Cdal. Raul Silva Henriquez,20182,L2,V1,2025-12-28 19:12:06,2025-12-28 19:38:13,CW→CC,2025-12-28,,20182,20182
4638,2000069794,Mercado,Chiguayante,20859,L1,V1,2025-12-28 12:16:05,2025-12-28 13:11:00,TH→HQ,2025-12-28,,20859,20859
4639,2000069794,Mercado,Chiguayante,20847,L1,V1,2025-12-28 19:52:31,2025-12-28 20:41:12,TH→HQ,2025-12-28,,20847,20847
4640,2000069862,Concepcion,Cdal. Raul Silva Henriquez,20165,L2,V1,2025-12-28 12:44:02,2025-12-28 13:38:18,CC→CW,2025-12-28,,20165,20165
4641,2000069862,Cdal. Raul Silva Henriquez,Concepcion,20182,L2,V1,2025-12-28 19:29:27,2025-12-28 20:00:09,CW→CC,2025-12-28,,20182,20182
4642,2000069876,Cdal. Raul Silva Henriquez,Concepcion,20156,L2,V1,2025-12-28 10:52:05,2025-12-28 11:17:59,CW→CC,2025-12-28,,20156,20156
4643,2000069876,Concepcion,Cdal. Raul Silva Henriquez,20165,L2,V1,2025-12-28 13:13:54,2025-12-28 13:38:35,CC→CW,2025-12-28,,20165,20165
4644,2000070185,Concepcion,Costa Mar,20187,L2,V1,2025-12-28 20:34:03,2025-12-28 21:25:22,CC→CW,2025-12-28,,20187,20187
4645,2000070211,Hito Galvarino,El Parque,20168,L2,V1,2025-12-28 14:55:52,2025-12-28 15:12:55,CW→CC,2025-12-28,,20168,20168
4646,2000070211,El Parque,Hito Galvarino,20171,L2,V1,2025-12-28 16:47:04,2025-12-28 17:12:18,CC→CW,2025-12-28,,20171,20171
4647,2000070614,Hito Galvarino,Cristo Redentor,20169,L2,V1,2025-12-28 15:49:48,2025-12-28 16:10:05,CC→CW,2025-12-28,,20169,20169
4648,2000070614,Cristo Redentor,Hito Galvarino,20182,L2,V1,2025-12-28 19:20:17,2025-12-28 19:35:21,CW→CC,2025-12-28,,20182,20182
4649,2000070637,Los Canelos,Concepcion,20166,L2,V1,2025-12-28 13:53:36,2025-12-28 14:39:02,CW→CC,2025-12-28,,20166,20166
4650,2000070637,Concepcion,Los Canelos,20171,L2,V1,2025-12-28 16:30:56,2025-12-28 17:13:46,CC→CW,2025-12-28,,20171,20171
4651,2000070739,Cristo Redentor,Concepcion,20166,L2,V1,2025-12-28 13:44:16,2025-12-28 14:32:52,CW→CC,2025-12-28,,20166,20166
4652,2000070739,Concepcion,Cristo Redentor,20183,L2,V1,2025-12-28 19:44:37,2025-12-28 20:41:46,CC→CW,2025-12-28,,20183,20183
4653,2000070780,Cristo Redentor,Juan Pablo II,20176,L2,V1,2025-12-28 17:34:13,2025-12-28 18:20:22,CW→CC,2025-12-28,,20176,20176
4654,2000070780,Juan Pablo II,Cristo Redentor,20183,L2,V1,2025-12-28 19:44:22,2025-12-28 20:41:26,CC→CW,2025-12-28,,20183,20183
4655,2000071291,Higueras,La Leonera,20847,L1,V1,2025-12-28 20:04:58,2025-12-28 20:48:24,TH→HQ,2025-12-28,,20847,20847
4656,2000071412,Concepcion,Coronel,20157,L2,V1,2025-12-28 11:17:08,2025-12-28 12:15:11,CC→CW,2025-12-28,,20157,20157
4657,2000071626,Costa Mar,Coronel,20161,L2,V1,2025-12-28 12:04:38,2025-12-28 13:00:50,CC→CW,2025-12-28,,20161,20161
4658,2000071736,Concepcion,Laguna Quinenco,20177,L2,V1,2025-12-28 18:04:16,2025-12-28 19:12:16,CC→CW,2025-12-28,,20177,20177
4659,2000072055,Manquimavida,Concepcion,20846,L1,V1,2025-12-28 16:49:08,2025-12-28 18:37:45,HQ→TH,2025-12-28,combo_relajado_pase1,20846,20846
4660,2000072176,Juan Pablo II,Laguna Quinenco,20183,L2,V1,2025-12-28 19:17:06,2025-12-28 20:44:35,CC→CW,2025-12-28,,20183,20183
4661,2000072582,Huinca,Costa Mar,20160,L2,V1,2025-12-28 11:27:13,2025-12-28 11:59:20,CW→CC,2025-12-28,,20160,20160
4662,2000072582,Costa Mar,Huinca,20173,L2,V1,2025-12-28 17:42:16,2025-12-28 18:06:13,CC→CW,2025-12-28,,20173,20173
4663,2000072789,Hualqui,Concepcion,20844,L1,V1,2025-12-28 12:10:11,2025-12-28 13:02:07,HQ→TH,2025-12-28,,20844,20844
4664,2000072789,Concepcion,Hualqui,20845,L1,V1,2025-12-28 15:42:22,2025-12-28 17:04:08,TH→HQ,2025-12-28,,20845,20845
4665,2000072951,Concepcion,Mercado,20850,L1,V1,2025-12-28 08:37:38,2025-12-28 10:31:06,HQ→TH,2025-12-28,combo_por_entrada,20850,20850
4666,2000073601,Concepcion,Cdal. Raul Silva Henriquez,20187,L2,V1,2025-12-28 20:06:56,2025-12-28 21:31:43,CC→CW,2025-12-28,combo_por_entrada,20187,20187
4667,2000073820,Lomas Coloradas,Diagonal Bio Bio,20160,L2,V1,2025-12-28 11:46:55,2025-12-28 12:03:48,CW→CC,2025-12-28,,20160,20160
4668,2000073820,Diagonal Bio Bio,Lomas Coloradas,20165,L2,V1,2025-12-28 13:20:59,2025-12-28 13:37:31,CC→CW,2025-12-28,,20165,20165
4669,2000073821,Concepcion,Los Condores,20844,L1,V1,2025-12-28 12:39:24,2025-12-28 13:17:12,HQ→TH,2025-12-28,,20844,20844
4670,2000073964,Cdal. Raul Silva Henriquez,Concepcion,20160,L2,V1,2025-12-28 11:40:29,2025-12-28 12:13:20,CW→CC,2025-12-28,,20160,20160
4671,2000073964,Concepcion,Cdal. Raul Silva Henriquez,20171,L2,V1,2025-12-28 16:17:00,2025-12-28 17:04:38,CC→CW,2025-12-28,,20171,20171
4672,2000074005,Huinca,Concepcion,20172,L2,V1,2025-12-28 16:49:08,2025-12-28 17:34:00,CW→CC,2025-12-28,,20172,20172
4673,2000074194,Hito Galvarino,Concepcion,20176,L2,V1,2025-12-28 17:57:03,2025-12-28 18:27:02,CW→CC,2025-12-28,,20176,20176
4674,2000074740,Laguna Quinenco,Los Canelos,20178,L2,V1,2025-12-28 18:18:15,2025-12-28 18:27:21,CW→CC,2025-12-28,,20178,20178
4675,2000074759,Concepcion,Lomas Coloradas,20183,L2,V1,2025-12-28 19:26:45,2025-12-28 20:23:07,CC→CW,2025-12-28,,20183,20183
4676,2000074884,Hito Galvarino,Diagonal Bio Bio,20154,L2,V1,2025-12-28 09:56:45,2025-12-28 10:23:40,CW→CC,2025-12-28,,20154,20154
4677,2000075191,Manquimavida,Concepcion,20850,L1,V1,2025-12-28 09:33:36,2025-12-28 10:08:05,HQ→TH,2025-12-28,,20850,20850
4678,2000075191,Concepcion,Concepcion,,,N/A,2025-12-28 18:26:24,2025-12-28 18:27:41,,2025-12-28,no viajo,,
4679,2000075396,Huinca,Concepcion,20170,L2,V1,2025-12-28 15:34:37,2025-12-28 16:26:57,CW→CC,2025-12-28,,20170,20170
4680,2000075525,Juan Pablo II,Costa Mar,20183,L2,V1,2025-12-28 20:05:33,2025-12-28 20:17:09,CC→CW,2025-12-28,,20183,20183
4681,2000075534,Concepcion,Hito Galvarino,20171,L2,V1,2025-12-28 16:24:47,2025-12-28 17:11:11,CC→CW,2025-12-28,,20171,20171
4682,2000075700,Cdal. Raul Silva Henriquez,Huinca,20179,L2,V1,2025-12-28 19:24:27,2025-12-28 19:37:41,CC→CW,2025-12-28,,20179,20179
4683,2000075893,El Parque,Lomas Coloradas,20165,L2,V1,2025-12-28 13:25:15,2025-12-28 13:36:05,CC→CW,2025-12-28,,20165,20165
4684,2000076128,Laguna Quinenco,Concepcion,20186,L2,V1,2025-12-28 20:01:31,2025-12-28 20:59:22,CW→CC,2025-12-28,,20186,20186
4685,2000076301,Concepcion,Los Canelos,20167,L2,V1,2025-12-28 14:33:52,2025-12-28 15:09:22,CC→CW,2025-12-28,,20167,20167
4686,2000076509,Cdal. Raul Silva Henriquez,Coronel,20173,L2,V1,2025-12-28 17:49:33,2025-12-28 18:13:43,CC→CW,2025-12-28,,20173,20173
4687,2000076510,Diagonal Bio Bio,Concepcion,20172,L2,V1,2025-12-28 17:14:37,2025-12-28 17:28:46,CW→CC,2025-12-28,,20172,20172
4688,2000076616,Costa Mar,Concepcion,20178,L2,V1,2025-12-28 18:36:23,2025-12-28 19:00:17,CW→CC,2025-12-28,,20178,20178
4689,2000076619,Costa Mar,Laguna Quinenco,20151,L2,V1,2025-12-28 09:46:41,2025-12-28 10:14:36,CC→CW,2025-12-28,,20151,20151
4690,2000076662,Cristo Redentor,Costa Mar,20172,L2,V1,2025-12-28 16:42:42,2025-12-28 17:15:03,CW→CC,2025-12-28,,20172,20172
4691,2000076662,Costa Mar,Los Canelos,20187,L2,V1,2025-12-28 21:13:30,2025-12-28 21:41:21,CC→CW,2025-12-28,,20187,20187
4692,2000077044,Coronel,Concepcion,20168,L2,V1,2025-12-28 14:35:20,2025-12-28 15:27:59,CW→CC,2025-12-28,,20168,20168
4693,2000077497,Los Canelos,Lomas Coloradas,20182,L2,V1,2025-12-28 19:25:30,2025-12-28 19:44:38,CW→CC,2025-12-28,,20182,20182
4694,2000077639,Concepcion,Cdal. Raul Silva Henriquez,20179,L2,V1,2025-12-28 18:40:11,2025-12-28 19:26:03,CC→CW,2025-12-28,,20179,20179
4695,2000078180,Lomas Coloradas,Concepcion,20160,L2,V1,2025-12-28 11:47:47,2025-12-28 12:12:50,CW→CC,2025-12-28,,20160,20160
4696,2000078668,Lomas Coloradas,Laguna Quinenco,20161,L2,V1,2025-12-28 12:32:33,2025-12-28 12:57:40,CC→CW,2025-12-28,,20161,20161
4697,2000078668,Laguna Quinenco,Diagonal Bio Bio,20172,L2,V1,2025-12-28 16:35:35,2025-12-28 17:19:47,CW→CC,2025-12-28,,20172,20172
4698,2000078668,Diagonal Bio Bio,Lomas Coloradas,20183,L2,V1,2025-12-28 19:43:15,2025-12-28 20:23:01,CC→CW,2025-12-28,,20183,20183
4699,2000079259,Concepcion,Cdal. Raul Silva Henriquez,20187,L2,V1,2025-12-28 20:52:19,2025-12-28 21:32:48,CC→CW,2025-12-28,,20187,20187
4700,2000079292,Concepcion,Cdal. Raul Silva Henriquez,20171,L2,V1,2025-12-28 15:59:46,2025-12-28 17:04:25,CC→CW,2025-12-28,combo_por_entrada,20171,20171
4701,2000079517,Laguna Quinenco,Concepcion,20156,L2,V1,2025-12-28 10:36:51,2025-12-28 11:23:33,CW→CC,2025-12-28,,20156,20156
4702,2000079597,Diagonal Bio Bio,Laguna Quinenco,20187,L2,V1,2025-12-28 20:48:43,2025-12-28 21:47:48,CC→CW,2025-12-28,,20187,20187
4703,2000079988,Laguna Quinenco,Lomas Coloradas,20154,L2,V1,2025-12-28 09:42:07,2025-12-28 10:12:16,CW→CC,2025-12-28,,20154,20154
4704,2000079988,Lomas Coloradas,Laguna Quinenco,20173,L2,V1,2025-12-28 17:40:19,2025-12-28 18:11:15,CC→CW,2025-12-28,,20173,20173
4705,2000080139,Los Canelos,Lomas Coloradas,20172,L2,V1,2025-12-28 16:46:15,2025-12-28 17:10:00,CW→CC,2025-12-28,,20172,20172
4706,2000080139,Lomas Coloradas,Los Canelos,20173,L2,V1,2025-12-28 17:36:09,2025-12-28 18:04:21,CC→CW,2025-12-28,,20173,20173
4707,2000080144,Cristo Redentor,Concepcion,20156,L2,V1,2025-12-28 10:32:54,2025-12-28 11:20:16,CW→CC,2025-12-28,,20156,20156
4708,2000080144,Concepcion,Cristo Redentor,20183,L2,V1,2025-12-28 19:42:16,2025-12-28 20:41:45,CC→CW,2025-12-28,,20183,20183
4709,2000080220,Lomas Coloradas,Concepcion,20150,L2,V1,2025-12-28 09:08:22,2025-12-28 09:30:13,CW→CC,2025-12-28,,20150,20150
4710,2000080220,Juan Pablo II,Lomas Coloradas,20187,L2,V1,2025-12-28 20:50:43,2025-12-28 21:28:53,CC→CW,2025-12-28,,20187,20187
4711,2000080491,Lomas Coloradas,El Parque,20160,L2,V1,2025-12-28 11:40:17,2025-12-28 11:56:01,CW→CC,2025-12-28,,20160,20160
4712,2000080491,El Parque,Lomas Coloradas,20165,L2,V1,2025-12-28 13:13:02,2025-12-28 13:34:53,CC→CW,2025-12-28,,20165,20165
4713,2000080737,Concepcion,Diagonal Bio Bio,20183,L2,V1,2025-12-28 19:27:16,2025-12-28 20:12:08,CC→CW,2025-12-28,,20183,20183
4714,2000080925,Concepcion,Hito Galvarino,20161,L2,V1,2025-12-28 12:09:59,2025-12-28 12:45:33,CC→CW,2025-12-28,,20161,20161
4715,2000081273,Costa Mar,Concepcion,20150,L2,V1,2025-12-28 09:00:44,2025-12-28 09:30:40,CW→CC,2025-12-28,,20150,20150
4716,2000081273,Concepcion,Costa Mar,20161,L2,V1,2025-12-28 12:14:34,2025-12-28 12:31:08,CC→CW,2025-12-28,,20161,20161
4717,2000081519,Concepcion,Los Canelos,20169,L2,V1,2025-12-28 15:26:44,2025-12-28 16:05:44,CC→CW,2025-12-28,,20169,20169
4718,2000081519,Los Canelos,Concepcion,20186,L2,V1,2025-12-28 20:18:23,2025-12-28 21:00:26,CW→CC,2025-12-28,,20186,20186
4719,2000081607,Lomas Coloradas,Concepcion,20166,L2,V1,2025-12-28 14:06:07,2025-12-28 14:36:30,CW→CC,2025-12-28,,20166,20166
4720,2000081616,Laguna Quinenco,Concepcion,20150,L2,V1,2025-12-28 08:22:49,2025-12-28 09:32:01,CW→CC,2025-12-28,,20150,20150
4721,2000081670,Los Canelos,Concepcion,20172,L2,V1,2025-12-28 16:43:05,2025-12-28 17:29:25,CW→CC,2025-12-28,,20172,20172
4722,2000081823,Coronel,Alborada,20178,L2,V1,2025-12-28 18:01:17,2025-12-28 18:46:40,CW→CC,2025-12-28,,20178,20178
4723,2000082138,Concepcion,Lomas Coloradas,20173,L2,V1,2025-12-28 17:13:51,2025-12-28 17:50:28,CC→CW,2025-12-28,,20173,20173
4724,2000082226,Cristo Redentor,Concepcion,20166,L2,V1,2025-12-28 13:42:26,2025-12-28 14:34:04,CW→CC,2025-12-28,,20166,20166
4725,2000082378,Concepcion,Los Condores,20848,L1,V1,2025-12-28 20:13:37,2025-12-28 21:21:09,HQ→TH,2025-12-28,combo_por_entrada,20848,20848
4726,2000082719,Concepcion,Hualqui,20847,L1,V1,2025-12-28 20:20:17,2025-12-28 21:01:42,TH→HQ,2025-12-28,,20847,20847
4727,2000082983,Cdal. Raul Silva Henriquez,Concepcion,20168,L2,V1,2025-12-28 15:00:45,2025-12-28 15:29:53,CW→CC,2025-12-28,,20168,20168
4728,2000083063,Costa Mar,Concepcion,20156,L2,V1,2025-12-28 10:59:10,2025-12-28 11:17:32,CW→CC,2025-12-28,,20156,20156
4729,2000083063,Concepcion,Costa Mar,20161,L2,V1,2025-12-28 12:11:51,2025-12-28 12:30:57,CC→CW,2025-12-28,,20161,20161
4730,2000083230,Lomas Coloradas,Concepcion,20170,L2,V1,2025-12-28 15:53:14,2025-12-28 16:22:38,CW→CC,2025-12-28,,20170,20170
4731,2000083336,Laguna Quinenco,Lomas Coloradas,20162,L2,V1,2025-12-28 12:15:22,2025-12-28 12:38:57,CW→CC,2025-12-28,,20162,20162
4732,2000083447,Los Canelos,Lomas Coloradas,20182,L2,V1,2025-12-28 19:26:07,2025-12-28 19:41:18,CW→CC,2025-12-28,,20182,20182
4733,2000083447,Lomas Coloradas,Los Canelos,20183,L2,V1,2025-12-28 20:21:57,2025-12-28 20:38:12,CC→CW,2025-12-28,,20183,20183
4734,2000083503,Cristo Redentor,Concepcion,20160,L2,V1,2025-12-28 11:30:32,2025-12-28 12:13:09,CW→CC,2025-12-28,,20160,20160
4735,2000083503,Concepcion,Cristo Redentor,20169,L2,V1,2025-12-28 15:17:43,2025-12-28 16:09:16,CC→CW,2025-12-28,,20169,20169
4736,2000083512,Cristo Redentor,Concepcion,20154,L2,V1,2025-12-28 09:26:54,2025-12-28 10:32:59,CW→CC,2025-12-28,,20154,20154
4737,2000083512,Concepcion,Cristo Redentor,20183,L2,V1,2025-12-28 19:40:15,2025-12-28 21:47:05,CC→CW,2025-12-28,,20183,20183
4738,2000083696,Concepcion,Alborada,20183,L2,V1,2025-12-28 19:43:02,2025-12-28 20:15:36,CC→CW,2025-12-28,,20183,20183
4739,2000083710,Los Canelos,Concepcion,20166,L2,V1,2025-12-28 13:42:24,2025-12-28 14:33:00,CW→CC,2025-12-28,,20166,20166
4740,2000083710,Concepcion,Los Canelos,20173,L2,V1,2025-12-28 17:22:38,2025-12-28 18:03:30,CC→CW,2025-12-28,,20173,20173
4741,2000083959,Juan Pablo II,Lomas Coloradas,20167,L2,V1,2025-12-28 14:40:02,2025-12-28 14:59:53,CC→CW,2025-12-28,,20167,20167
4742,2000084804,Costa Mar,Coronel,20177,L2,V1,2025-12-28 18:38:42,2025-12-28 19:16:15,CC→CW,2025-12-28,,20177,20177
4743,2000084867,Coronel,El Parque,20172,L2,V1,2025-12-28 16:40:17,2025-12-28 17:12:33,CW→CC,2025-12-28,,20172,20172
4744,2000084867,El Parque,Coronel,20177,L2,V1,2025-12-28 18:44:41,2025-12-28 19:16:13,CC→CW,2025-12-28,,20177,20177
4745,2000084926,Cristo Redentor,Concepcion,20176,L2,V1,2025-12-28 17:44:31,2025-12-28 18:28:05,CW→CC,2025-12-28,,20176,20176
4746,2000085210,Laguna Quinenco,Concepcion,20154,L2,V1,2025-12-28 09:48:28,2025-12-28 10:32:59,CW→CC,2025-12-28,,20154,20154
4747,2000085396,Coronel,Diagonal Bio Bio,20186,L2,V1,2025-12-28 20:10:14,2025-12-28 20:49:13,CW→CC,2025-12-28,,20186,20186
4748,2000085823,Higueras,Manquimavida,20847,L1,V1,2025-12-28 20:08:13,2025-12-28 20:46:36,TH→HQ,2025-12-28,,20847,20847
4749,2000086014,Concepcion,Costa Mar,20187,L2,V1,2025-12-28 20:28:08,2025-12-28 21:24:17,CC→CW,2025-12-28,,20187,20187
4750,2000086133,Cdal. Raul Silva Henriquez,Concepcion,20182,L2,V1,2025-12-28 19:27:36,2025-12-28 20:00:20,CW→CC,2025-12-28,,20182,20182
4751,2000086730,Costa Mar,Concepcion,20154,L2,V1,2025-12-28 10:17:28,2025-12-28 10:35:09,CW→CC,2025-12-28,,20154,20154
4752,2000086777,Huinca,Concepcion,20150,L2,V1,2025-12-28 08:50:28,2025-12-28 09:30:33,CW→CC,2025-12-28,,20150,20150
4753,2000086777,Concepcion,Los Canelos,20183,L2,V1,2025-12-28 19:53:08,2025-12-28 20:37:46,CC→CW,2025-12-28,,20183,20183
4754,2000086907,Concepcion,Laguna Quinenco,20183,L2,V1,2025-12-28 19:58:51,2025-12-28 20:44:01,CC→CW,2025-12-28,,20183,20183
4755,2000086920,Coronel,Costa Mar,20176,L2,V1,2025-12-28 17:22:20,2025-12-28 18:12:21,CW→CC,2025-12-28,,20176,20176
4756,2000087179,Coronel,Concepcion,20160,L2,V1,2025-12-28 11:27:02,2025-12-28 12:13:11,CW→CC,2025-12-28,,20160,20160
4757,2000087542,Cristo Redentor,Concepcion,20166,L2,V1,2025-12-28 13:30:24,2025-12-28 14:33:39,CW→CC,2025-12-28,,20166,20166
4758,2000087542,Juan Pablo II,Huinca,20183,L2,V1,2025-12-28 20:03:36,2025-12-28 20:39:10,CC→CW,2025-12-28,,20183,20183
4759,2000087657,Laguna Quinenco,Los Canelos,20182,L2,V1,2025-12-28 19:18:02,2025-12-28 19:28:04,CW→CC,2025-12-28,,20182,20182
4760,2000087811,Lomas Coloradas,Coronel,20179,L2,V1,2025-12-28 19:03:12,2025-12-28 19:45:53,CC→CW,2025-12-28,,20179,20179
4761,2000087878,Hito Galvarino,El Parque,20150,L2,V1,2025-12-28 08:53:04,2025-12-28 09:14:13,CW→CC,2025-12-28,,20150,20150
4762,2000087878,El Parque,Hito Galvarino,20183,L2,V1,2025-12-28 20:17:55,2025-12-28 20:34:15,CC→CW,2025-12-28,,20183,20183
4763,2000088089,Costa Mar,Diagonal Bio Bio,20156,L2,V1,2025-12-28 10:57:48,2025-12-28 11:07:51,CW→CC,2025-12-28,,20156,20156
4764,2000088089,Diagonal Bio Bio,Costa Mar,20187,L2,V1,2025-12-28 21:06:12,2025-12-28 21:23:49,CC→CW,2025-12-28,,20187,20187
4765,2000088190,Concepcion,Concepcion,,,N/A,2025-12-28 17:23:52,2025-12-28 17:41:08,,2025-12-28,no viajo,,
4766,2000088190,Concepcion,Los Canelos,20177,L2,V1,2025-12-28 18:22:23,2025-12-28 19:05:07,CC→CW,2025-12-28,,20177,20177
4767,2000088386,Cristo Redentor,Concepcion,20186,L2,V1,2025-12-28 20:11:38,2025-12-28 21:00:40,CW→CC,2025-12-28,,20186,20186
4768,2000088819,Juan Pablo II,Costa Mar,20169,L2,V1,2025-12-28 15:28:23,2025-12-28 15:45:33,CC→CW,2025-12-28,,20169,20169
4769,2000088899,Costa Mar,Concepcion,20162,L2,V1,2025-12-28 12:40:34,2025-12-28 13:03:23,CW→CC,2025-12-28,,20162,20162
4770,2000088972,Concepcion,Coronel,20151,L2,V1,2025-12-28 09:17:34,2025-12-28 10:18:31,CC→CW,2025-12-28,,20151,20151
4771,2000089069,Diagonal Bio Bio,Huinca,20169,L2,V1,2025-12-28 15:21:19,2025-12-28 16:05:54,CC→CW,2025-12-28,,20169,20169
4772,2000089836,Los Condores,Chiguayante,20847,L1,V1,2025-12-28 19:49:07,2025-12-28 20:41:29,TH→HQ,2025-12-28,,20847,20847
4773,2000090018,UTF Santa Maria,Concepcion,20847,L1,V1,2025-12-28 20:15:23,2025-12-28 20:26:13,TH→HQ,2025-12-28,,20847,20847
4774,2000090573,Concepcion,El Parque,20151,L2,V1,2025-12-28 09:27:03,2025-12-28 09:50:09,CC→CW,2025-12-28,,20151,20151
4775,2000090573,El Parque,Concepcion,20182,L2,V1,2025-12-28 19:38:22,2025-12-28 20:00:00,CW→CC,2025-12-28,,20182,20182
4776,2000090909,Concepcion,Cristo Redentor,20167,L2,V1,2025-12-28 14:21:06,2025-12-28 15:13:28,CC→CW,2025-12-28,,20167,20167
4777,2000090928,Concepcion,El Parque,20167,L2,V1,2025-12-28 14:16:36,2025-12-28 14:54:21,CC→CW,2025-12-28,,20167,20167
4778,2000090928,El Parque,Concepcion,20170,L2,V1,2025-12-28 15:57:11,2025-12-28 16:23:39,CW→CC,2025-12-28,,20170,20170
4779,2000091356,Concepcion,Cdal. Raul Silva Henriquez,20165,L2,V1,2025-12-28 13:02:22,2025-12-28 13:38:14,CC→CW,2025-12-28,,20165,20165
4780,2000091370,Cdal. Raul Silva Henriquez,Cristo Redentor,20171,L2,V1,2025-12-28 16:54:02,2025-12-28 17:18:23,CC→CW,2025-12-28,,20171,20171
4781,2000091370,Cristo Redentor,Cdal. Raul Silva Henriquez,20182,L2,V1,2025-12-28 19:08:33,2025-12-28 19:38:46,CW→CC,2025-12-28,,20182,20182
4782,2000091453,Cdal. Raul Silva Henriquez,Juan Pablo II,20170,L2,V1,2025-12-28 15:52:55,2025-12-28 16:15:49,CW→CC,2025-12-28,,20170,20170
4783,2000091453,Juan Pablo II,Cdal. Raul Silva Henriquez,20171,L2,V1,2025-12-28 16:39:31,2025-12-28 17:03:48,CC→CW,2025-12-28,,20171,20171
4784,2000091643,Los Condores,La Leonera,20859,L1,V1,2025-12-28 12:28:51,2025-12-28 13:18:33,TH→HQ,2025-12-28,,20859,20859
4785,2000092418,Concepcion,Diagonal Bio Bio,20161,L2,V1,2025-12-28 11:53:24,2025-12-28 12:28:06,CC→CW,2025-12-28,,20161,20161
4786,2000092445,Concepcion,Cdal. Raul Silva Henriquez,20177,L2,V1,2025-12-28 18:27:11,2025-12-28 18:55:07,CC→CW,2025-12-28,,20177,20177
4787,2000093102,Concepcion,Coronel,20155,L2,V1,2025-12-28 10:20:43,2025-12-28 11:22:29,CC→CW,2025-12-28,,20155,20155
4788,2000093102,Concepcion,UTF Santa Maria,20848,L1,V1,2025-12-28 20:13:51,2025-12-28 21:18:43,HQ→TH,2025-12-28,combo_por_entrada,20848,20848
4789,2000093305,Lomas Coloradas,Concepcion,20172,L2,V1,2025-12-28 16:58:07,2025-12-28 17:28:47,CW→CC,2025-12-28,,20172,20172
4790,2000093515,Los Condores,Hualqui,20845,L1,V1,2025-12-28 16:04:31,2025-12-28 17:01:21,TH→HQ,2025-12-28,,20845,20845
4791,2000093515,Hualqui,Los Condores,20848,L1,V1,2025-12-28 20:08:31,2025-12-28 21:21:33,HQ→TH,2025-12-28,,20848,20848
4792,2000093590,Alborada,Concepcion,20172,L2,V1,2025-12-28 16:15:04,2025-12-28 17:34:47,CW→CC,2025-12-28,,20172,20170
4793,2000093723,Higueras,Concepcion,20859,L1,V1,2025-12-28 12:33:54,2025-12-28 12:55:11,TH→HQ,2025-12-28,,20859,20859
4794,2000093753,Mercado,Higueras,20847,L1,V1,2025-12-28 19:40:25,2025-12-28 20:09:57,TH→HQ,2025-12-28,,20847,20847
4795,2000094470,Coronel,Concepcion,20168,L2,V1,2025-12-28 14:38:56,2025-12-28 15:33:20,CW→CC,2025-12-28,,20168,20168
4796,2000094470,Concepcion,Laguna Quinenco,20187,L2,V1,2025-12-28 20:35:09,2025-12-28 21:49:34,CC→CW,2025-12-28,,20187,20187
4797,2000094652,La Leonera,Concepcion,20846,L1,V1,2025-12-28 17:07:20,2025-12-28 17:42:12,HQ→TH,2025-12-28,,20846,20846
4798,2000094652,Concepcion,Concepcion,,,N/A,2025-12-28 19:10:29,2025-12-28 19:11:06,,2025-12-28,no viajo,,
4799,2000094763,La Leonera,Concepcion,20844,L1,V1,2025-12-28 12:15:25,2025-12-28 13:03:16,HQ→TH,2025-12-28,,20844,20844
4800,2000095071,Concepcion,Concepcion,,,N/A,2025-12-28 16:10:57,2025-12-28 16:12:17,,2025-12-28,no viajo,,
4801,2000095410,Hito Galvarino,Cdal. Raul Silva Henriquez,20176,L2,V1,2025-12-28 17:43:06,2025-12-28 18:03:44,CW→CC,2025-12-28,,20176,20176
4802,2000095487,Cdal. Raul Silva Henriquez,Juan Pablo II,20170,L2,V1,2025-12-28 15:56:23,2025-12-28 16:16:20,CW→CC,2025-12-28,,20170,20170
4803,2000095487,Juan Pablo II,Cdal. Raul Silva Henriquez,20187,L2,V1,2025-12-28 20:51:10,2025-12-28 21:32:29,CC→CW,2025-12-28,,20187,20187
4804,2000095720,El Parque,Cristo Redentor,20179,L2,V1,2025-12-28 19:08:26,2025-12-28 19:40:35,CC→CW,2025-12-28,,20179,20179
4805,2000095800,Huinca,Concepcion,20176,L2,V1,2025-12-28 17:47:27,2025-12-28 18:27:50,CW→CC,2025-12-28,,20176,20176
4806,2000096416,Laguna Quinenco,Concepcion,20156,L2,V1,2025-12-28 10:10:26,2025-12-28 11:18:43,CW→CC,2025-12-28,,20156,20156
4807,2000096416,Concepcion,Concepcion,,,N/A,2025-12-28 13:24:17,2025-12-28 13:25:01,,2025-12-28,no viajo,,
4808,2000096416,Concepcion,Laguna Quinenco,20167,L2,V1,2025-12-28 13:52:07,2025-12-28 15:17:16,CC→CW,2025-12-28,,20167,20167
4809,2000096608,Concepcion,Huinca,20161,L2,V1,2025-12-28 11:40:51,2025-12-28 12:52:02,CC→CW,2025-12-28,,20161,20161
4810,2000097013,Concepcion,Costa Mar,20177,L2,V1,2025-12-28 18:22:34,2025-12-28 18:46:38,CC→CW,2025-12-28,,20177,20177
4811,2000097375,Huinca,Concepcion,20166,L2,V1,2025-12-28 13:24:06,2025-12-28 14:33:39,CW→CC,2025-12-28,,20166,20166
4812,2000097375,Concepcion,Huinca,20173,L2,V1,2025-12-28 17:23:25,2025-12-28 18:06:22,CC→CW,2025-12-28,,20173,20173
4813,2000097546,El Parque,Concepcion,20168,L2,V1,2025-12-28 14:35:14,2025-12-28 15:28:21,CW→CC,2025-12-28,,20168,20168
4814,2000097732,Los Canelos,Concepcion,20162,L2,V1,2025-12-28 12:20:18,2025-12-28 12:59:34,CW→CC,2025-12-28,,20162,20162
4815,2000097732,Concepcion,Los Canelos,20173,L2,V1,2025-12-28 17:24:45,2025-12-28 18:04:16,CC→CW,2025-12-28,,20173,20173
4816,2000097732,Los Canelos,Cristo Redentor,20177,L2,V1,2025-12-28 18:52:42,2025-12-28 19:09:56,CC→CW,2025-12-28,,20177,20177
4817,2000097862,Costa Mar,Cdal. Raul Silva Henriquez,20161,L2,V1,2025-12-28 12:29:12,2025-12-28 12:39:51,CC→CW,2025-12-28,,20161,20161
4818,2000097925,Cdal. Raul Silva Henriquez,Concepcion,20168,L2,V1,2025-12-28 15:00:42,2025-12-28 15:30:03,CW→CC,2025-12-28,,20168,20168
4819,2000097930,Diagonal Bio Bio,Lomas Coloradas,20151,L2,V1,2025-12-28 09:40:53,2025-12-28 09:53:12,CC→CW,2025-12-28,,20151,20151
4820,2000097930,Lomas Coloradas,Alborada,20162,L2,V1,2025-12-28 12:29:35,2025-12-28 12:47:26,CW→CC,2025-12-28,,20162,20162
4821,2000097933,Cdal. Raul Silva Henriquez,Juan Pablo II,20176,L2,V1,2025-12-28 17:55:06,2025-12-28 18:19:37,CW→CC,2025-12-28,,20176,20176
4822,2000098056,Concepcion,Hito Galvarino,20155,L2,V1,2025-12-28 09:18:35,2025-12-28 11:06:34,CC→CW,2025-12-28,combo_por_entrada,20155,20155
4823,2000098103,Concepcion,Laguna Quinenco,20167,L2,V1,2025-12-28 14:29:29,2025-12-28 15:16:36,CC→CW,2025-12-28,,20167,20167
4824,2000098196,Los Canelos,Cristo Redentor,20171,L2,V1,2025-12-28 17:08:34,2025-12-28 17:18:42,CC→CW,2025-12-28,,20171,20171
4825,2000098231,Concepcion,Costa Mar,20183,L2,V1,2025-12-28 19:41:18,2025-12-28 20:16:27,CC→CW,2025-12-28,,20183,20183
4826,2000098240,Los Canelos,Costa Mar,20150,L2,V1,2025-12-28 08:47:13,2025-12-28 09:16:13,CW→CC,2025-12-28,,20150,20150
4827,2000098735,Concepcion,Mercado,20846,L1,V1,2025-12-28 16:54:49,2025-12-28 17:59:50,HQ→TH,2025-12-28,combo_por_entrada,20846,20846
4828,2000098768,Huinca,Hito Galvarino,20178,L2,V1,2025-12-28 18:08:18,2025-12-28 18:30:27,CW→CC,2025-12-28,,20178,20178
4829,2000099246,Costa Mar,Hito Galvarino,20183,L2,V1,2025-12-28 19:57:31,2025-12-28 20:33:34,CC→CW,2025-12-28,,20183,20183
4830,2000099311,Juan Pablo II,El Parque,20167,L2,V1,2025-12-28 14:42:21,2025-12-28 14:53:46,CC→CW,2025-12-28,,20167,20167
4831,2000099311,El Parque,Coronel,20171,L2,V1,2025-12-28 16:47:56,2025-12-28 17:24:33,CC→CW,2025-12-28,,20171,20171
4832,2000099598,Costa Mar,Concepcion,20170,L2,V1,2025-12-28 16:07:12,2025-12-28 16:22:12,CW→CC,2025-12-28,,20170,20170
4833,2000099598,Concepcion,Costa Mar,20183,L2,V1,2025-12-28 19:26:20,2025-12-28 20:16:59,CC→CW,2025-12-28,,20183,20183
4834,2000099608,Los Canelos,Diagonal Bio Bio,20178,L2,V1,2025-12-28 18:21:34,2025-12-28 18:49:19,CW→CC,2025-12-28,,20178,20178
4835,2000099615,Coronel,Costa Mar,20150,L2,V1,2025-12-28 08:30:51,2025-12-28 09:16:41,CW→CC,2025-12-28,,20150,20150
4836,2000099615,Costa Mar,Coronel,20177,L2,V1,2025-12-28 18:06:16,2025-12-28 19:16:08,CC→CW,2025-12-28,,20177,20177
4837,2000099679,Costa Mar,Concepcion,20172,L2,V1,2025-12-28 17:02:13,2025-12-28 17:31:11,CW→CC,2025-12-28,,20172,20172
4838,2000099847,Concepcion,Hito Galvarino,20167,L2,V1,2025-12-28 14:34:20,2025-12-28 15:05:37,CC→CW,2025-12-28,,20167,20167
4839,2000099847,Hito Galvarino,Diagonal Bio Bio,20182,L2,V1,2025-12-28 19:28:41,2025-12-28 19:50:42,CW→CC,2025-12-28,,20182,20182
4840,2000099883,Diagonal Bio Bio,Costa Mar,20161,L2,V1,2025-12-28 12:12:41,2025-12-28 12:31:11,CC→CW,2025-12-28,,20161,20161
4841,2000100327,Lomas Coloradas,Concepcion,20162,L2,V1,2025-12-28 12:34:28,2025-12-28 12:58:49,CW→CC,2025-12-28,,20162,20162
4842,2000100701,Cristo Redentor,El Parque,20182,L2,V1,2025-12-28 19:16:59,2025-12-28 19:44:07,CW→CC,2025-12-28,,20182,20182
4843,2000101297,Cdal. Raul Silva Henriquez,Concepcion,20160,L2,V1,2025-12-28 11:37:23,2025-12-28 12:12:43,CW→CC,2025-12-28,,20160,20160
4844,2000102100,Concepcion,Los Condores,20848,L1,V1,2025-12-28 20:12:37,2025-12-28 21:22:44,HQ→TH,2025-12-28,combo_por_entrada,20848,20848
4845,2000102389,Los Canelos,Laguna Quinenco,20151,L2,V1,2025-12-28 09:58:25,2025-12-28 10:14:06,CC→CW,2025-12-28,,20151,20151
4846,2000102389,Laguna Quinenco,Los Canelos,20182,L2,V1,2025-12-28 19:14:56,2025-12-28 19:28:38,CW→CC,2025-12-28,,20182,20182
4847,2000103301,Los Canelos,Concepcion,20182,L2,V1,2025-12-28 19:20:47,2025-12-28 20:02:02,CW→CC,2025-12-28,,20182,20182
4848,2000103369,Los Canelos,Laguna Quinenco,20173,L2,V1,2025-12-28 18:02:04,2025-12-28 18:10:39,CC→CW,2025-12-28,,20173,20173
4849,2000103443,Concepcion,Concepcion,,,N/A,2025-12-28 16:23:51,2025-12-28 16:24:31,,2025-12-28,no viajo,,
4850,2000103443,Concepcion,Lomas Coloradas,20173,L2,V1,2025-12-28 17:14:04,2025-12-28 17:50:28,CC→CW,2025-12-28,,20173,20173
4851,2000103690,Concepcion,Cdal. Raul Silva Henriquez,20183,L2,V1,2025-12-28 19:46:45,2025-12-28 20:27:27,CC→CW,2025-12-28,,20183,20183
4852,2000103772,Concepcion,Coronel,20177,L2,V1,2025-12-28 18:12:39,2025-12-28 19:16:06,CC→CW,2025-12-28,,20177,20177
4853,2000104052,El Parque,Concepcion,20182,L2,V1,2025-12-28 19:40:05,2025-12-28 20:00:51,CW→CC,2025-12-28,,20182,20182
4854,2000104276,Lomas Coloradas,Concepcion,20170,L2,V1,2025-12-28 15:53:01,2025-12-28 16:22:50,CW→CC,2025-12-28,,20170,20170
4855,2000104291,Concepcion,El Parque,20169,L2,V1,2025-12-28 15:24:00,2025-12-28 15:48:36,CC→CW,2025-12-28,,20169,20169
4856,2000104291,El Parque,Concepcion,20172,L2,V1,2025-12-28 17:02:25,2025-12-28 17:30:13,CW→CC,2025-12-28,,20172,20172
4857,2000104292,El Parque,Concepcion,20172,L2,V1,2025-12-28 17:02:31,2025-12-28 17:30:06,CW→CC,2025-12-28,,20172,20172
4858,2000104866,Coronel,El Parque,20176,L2,V1,2025-12-28 17:37:30,2025-12-28 18:10:13,CW→CC,2025-12-28,,20176,20176
4859,2000104866,El Parque,Coronel,20183,L2,V1,2025-12-28 19:53:36,2025-12-28 20:47:25,CC→CW,2025-12-28,,20183,20183
4860,2000105573,Cristo Redentor,Concepcion,20150,L2,V1,2025-12-28 08:51:38,2025-12-28 09:30:40,CW→CC,2025-12-28,,20150,20150
4861,2000105833,Concepcion,Laguna Quinenco,20165,L2,V1,2025-12-28 13:08:21,2025-12-28 13:56:02,CC→CW,2025-12-28,,20165,20165
4862,2000105888,Alborada,Laguna Quinenco,20165,L2,V1,2025-12-28 12:43:59,2025-12-28 13:58:10,CC→CW,2025-12-28,,20165,20165
4863,2000105975,Costa Mar,Concepcion,20156,L2,V1,2025-12-28 10:56:31,2025-12-28 11:19:41,CW→CC,2025-12-28,,20156,20156
4864,2000105975,Concepcion,Costa Mar,20161,L2,V1,2025-12-28 12:14:37,2025-12-28 12:32:19,CC→CW,2025-12-28,,20161,20161
4865,2000106494,Coronel,Concepcion,20172,L2,V1,2025-12-28 16:38:20,2025-12-28 17:31:12,CW→CC,2025-12-28,,20172,20172
4866,2000106494,Concepcion,Cristo Redentor,20183,L2,V1,2025-12-28 19:54:53,2025-12-28 20:41:48,CC→CW,2025-12-28,,20183,20183
4867,2000106686,Concepcion,Costa Mar,20177,L2,V1,2025-12-28 17:54:19,2025-12-28 18:45:01,CC→CW,2025-12-28,,20177,20177
4868,2000107136,Laguna Quinenco,Cristo Redentor,20182,L2,V1,2025-12-28 19:00:24,2025-12-28 19:24:31,CW→CC,2025-12-28,,20182,20182
4869,2000107293,Coronel,Concepcion,20168,L2,V1,2025-12-28 14:31:53,2025-12-28 15:31:21,CW→CC,2025-12-28,,20168,20168
4870,2000107529,Los Canelos,Concepcion,20154,L2,V1,2025-12-28 09:40:34,2025-12-28 10:32:37,CW→CC,2025-12-28,,20154,20154
4871,2000107529,Concepcion,Los Canelos,20177,L2,V1,2025-12-28 18:26:12,2025-12-28 19:04:12,CC→CW,2025-12-28,,20177,20177
4872,2000107721,Hito Galvarino,Costa Mar,20154,L2,V1,2025-12-28 09:59:44,2025-12-28 10:18:09,CW→CC,2025-12-28,,20154,20154
4873,2000107938,Laguna Quinenco,Concepcion,20178,L2,V1,2025-12-28 18:15:15,2025-12-28 18:58:34,CW→CC,2025-12-28,,20178,20178
4874,2000108464,Cristo Redentor,Concepcion,20166,L2,V1,2025-12-28 13:52:23,2025-12-28 14:33:21,CW→CC,2025-12-28,,20166,20166
4875,2000108474,Los Canelos,Juan Pablo II,20176,L2,V1,2025-12-28 17:48:56,2025-12-28 18:19:43,CW→CC,2025-12-28,,20176,20176
4876,2000108553,Lomas Coloradas,El Parque,20162,L2,V1,2025-12-28 12:35:06,2025-12-28 12:42:25,CW→CC,2025-12-28,,20162,20162
4877,2000108553,El Parque,Lomas Coloradas,20167,L2,V1,2025-12-28 14:46:52,2025-12-28 14:56:59,CC→CW,2025-12-28,,20167,20167
4878,2000108958,Cristo Redentor,Concepcion,20170,L2,V1,2025-12-28 15:39:59,2025-12-28 16:22:38,CW→CC,2025-12-28,,20170,20170
4879,2000109436,Costa Mar,Laguna Quinenco,20155,L2,V1,2025-12-28 10:45:32,2025-12-28 11:16:54,CC→CW,2025-12-28,,20155,20155
4880,2000110054,Hito Galvarino,Concepcion,20178,L2,V1,2025-12-28 18:24:06,2025-12-28 18:58:46,CW→CC,2025-12-28,,20178,20178
4881,2000110199,Laguna Quinenco,Huinca,20186,L2,V1,2025-12-28 20:12:56,2025-12-28 20:24:46,CW→CC,2025-12-28,,20186,20186
4882,2000110207,Concepcion,Cdal. Raul Silva Henriquez,20171,L2,V1,2025-12-28 15:59:13,2025-12-28 17:05:47,CC→CW,2025-12-28,combo_por_entrada,20171,20171
4883,2000110332,Concepcion,Lomas Coloradas,20167,L2,V1,2025-12-28 14:13:04,2025-12-28 14:57:03,CC→CW,2025-12-28,,20167,20167
4884,2000110820,Concepcion,Costa Mar,20183,L2,V1,2025-12-28 19:56:28,2025-12-28 20:16:35,CC→CW,2025-12-28,,20183,20183
4885,2000111440,Huinca,Concepcion,20166,L2,V1,2025-12-28 13:52:20,2025-12-28 14:32:57,CW→CC,2025-12-28,,20166,20166
4886,2000111763,Manquimavida,El Arenal,20848,L1,V1,2025-12-28 20:38:05,2025-12-28 21:28:39,HQ→TH,2025-12-28,,20848,20848
4887,2000112366,El Parque,Concepcion,20172,L2,V1,2025-12-28 16:47:38,2025-12-28 17:29:26,CW→CC,2025-12-28,,20172,20172
4888,2000112366,Concepcion,Costa Mar,20183,L2,V1,2025-12-28 19:39:59,2025-12-28 20:16:53,CC→CW,2025-12-28,,20183,20183
4889,2000112432,Cristo Redentor,Concepcion,20162,L2,V1,2025-12-28 12:10:16,2025-12-28 13:05:05,CW→CC,2025-12-28,,20162,20162
4890,2000112666,Cdal. Raul Silva Henriquez,Los Canelos,20169,L2,V1,2025-12-28 15:47:25,2025-12-28 16:04:23,CC→CW,2025-12-28,,20169,20169
4891,2000113246,Concepcion,Coronel,20157,L2,V1,2025-12-28 11:05:42,2025-12-28 12:14:41,CC→CW,2025-12-28,,20157,20157
4892,2000113246,Coronel,Concepcion,20182,L2,V1,2025-12-28 18:39:33,2025-12-28 20:02:08,CW→CC,2025-12-28,,20182,20182
4893,2000113527,Concepcion,Los Condores,20848,L1,V1,2025-12-28 20:49:45,2025-12-28 21:22:14,HQ→TH,2025-12-28,,20848,20848
4894,2000113608,Laguna Quinenco,Huinca,20162,L2,V1,2025-12-28 12:15:41,2025-12-28 12:26:08,CW→CC,2025-12-28,,20162,20162
4895,2000113822,Concepcion,El Parque,20171,L2,V1,2025-12-28 16:33:13,2025-12-28 17:01:47,CC→CW,2025-12-28,,20171,20171
4896,2000113822,El Parque,Coronel,20183,L2,V1,2025-12-28 20:05:40,2025-12-28 20:47:35,CC→CW,2025-12-28,,20183,20183
4897,2000113936,Huinca,Concepcion,20168,L2,V1,2025-12-28 14:44:50,2025-12-28 15:31:10,CW→CC,2025-12-28,,20168,20168
4898,2000113936,Concepcion,Laguna Quinenco,20173,L2,V1,2025-12-28 17:24:33,2025-12-28 18:10:59,CC→CW,2025-12-28,,20173,20173
4899,2000114541,Hito Galvarino,Laguna Quinenco,20171,L2,V1,2025-12-28 16:43:11,2025-12-28 17:22:15,CC→CW,2025-12-28,,20171,20171
4900,2000114565,Laguna Quinenco,Costa Mar,20186,L2,V1,2025-12-28 20:08:54,2025-12-28 20:44:36,CW→CC,2025-12-28,,20186,20186
4901,2000114597,Lomas Coloradas,Juan Pablo II,20168,L2,V1,2025-12-28 15:03:51,2025-12-28 15:21:45,CW→CC,2025-12-28,,20168,20168
4902,2000114649,Cristo Redentor,Concepcion,20170,L2,V1,2025-12-28 15:45:04,2025-12-28 16:23:16,CW→CC,2025-12-28,,20170,20170
4903,2000114960,Concepcion,Laguna Quinenco,20187,L2,V1,2025-12-28 20:40:56,2025-12-28 21:47:02,CC→CW,2025-12-28,,20187,20187
4904,2000115225,Concepcion,Cristo Redentor,20157,L2,V1,2025-12-28 11:22:55,2025-12-28 12:12:26,CC→CW,2025-12-28,,20157,20157
4905,2000115278,Costa Mar,Concepcion,20168,L2,V1,2025-12-28 15:13:13,2025-12-28 15:28:17,CW→CC,2025-12-28,,20168,20168
4906,2000115278,Concepcion,El Parque,20179,L2,V1,2025-12-28 18:37:48,2025-12-28 19:19:48,CC→CW,2025-12-28,,20179,20177
4907,2000115298,Los Canelos,Laguna Quinenco,20161,L2,V1,2025-12-28 12:37:27,2025-12-28 13:00:09,CC→CW,2025-12-28,,20161,20161
4908,2000115546,Coronel,Concepcion,20160,L2,V1,2025-12-28 11:17:44,2025-12-28 12:13:05,CW→CC,2025-12-28,,20160,20160
4909,2000115546,Concepcion,Coronel,20187,L2,V1,2025-12-28 20:39:16,2025-12-28 21:50:02,CC→CW,2025-12-28,,20187,20187
4910,2000115708,Cristo Redentor,Cdal. Raul Silva Henriquez,20162,L2,V1,2025-12-28 12:03:44,2025-12-28 12:38:02,CW→CC,2025-12-28,,20162,20162
4911,2000115708,Lomas Coloradas,Cristo Redentor,20167,L2,V1,2025-12-28 14:36:08,2025-12-28 15:14:14,CC→CW,2025-12-28,,20167,20167
4912,2000115817,Los Canelos,El Parque,20150,L2,V1,2025-12-28 08:56:45,2025-12-28 09:19:05,CW→CC,2025-12-28,,20150,20150
4913,2000115817,El Parque,Hito Galvarino,20157,L2,V1,2025-12-28 11:34:12,2025-12-28 11:59:58,CC→CW,2025-12-28,,20157,20157
4914,2000115832,Juan Pablo II,Coronel,20187,L2,V1,2025-12-28 20:35:42,2025-12-28 21:49:59,CC→CW,2025-12-28,,20187,20187
4915,2000116151,Coronel,Cdal. Raul Silva Henriquez,20186,L2,V1,2025-12-28 19:45:42,2025-12-28 20:35:57,CW→CC,2025-12-28,,20186,20186
4916,2000116501,Cdal. Raul Silva Henriquez,Juan Pablo II,20160,L2,V1,2025-12-28 11:47:26,2025-12-28 12:06:22,CW→CC,2025-12-28,,20160,20160
4917,2000116859,Los Canelos,El Parque,20154,L2,V1,2025-12-28 09:49:56,2025-12-28 10:16:10,CW→CC,2025-12-28,,20154,20154
4918,2000116859,El Parque,Los Canelos,20161,L2,V1,2025-12-28 12:20:33,2025-12-28 12:49:17,CC→CW,2025-12-28,,20161,20161
4919,2000116920,Concepcion,Huinca,20183,L2,V1,2025-12-28 19:43:02,2025-12-28 20:39:39,CC→CW,2025-12-28,,20183,20183
4920,2000116942,Costa Mar,Huinca,20161,L2,V1,2025-12-28 12:19:52,2025-12-28 12:51:57,CC→CW,2025-12-28,,20161,20161
4921,2000117278,Cristo Redentor,Concepcion,,,N/A,2025-12-28 18:20:08,2025-12-28 18:47:23,,2025-12-28,sin_combo_factible_en_hub|sin_s1_factible_retro,,
4922,2000117347,Laguna Quinenco,Costa Mar,20166,L2,V1,2025-12-28 13:53:09,2025-12-28 14:19:02,CW→CC,2025-12-28,,20166,20166
4923,2000117347,Costa Mar,Laguna Quinenco,20167,L2,V1,2025-12-28 14:38:41,2025-12-28 15:16:52,CC→CW,2025-12-28,,20167,20167
4924,2000117676,Concepcion,El Parque,20167,L2,V1,2025-12-28 14:02:27,2025-12-28 14:55:10,CC→CW,2025-12-28,,20167,20167
4925,2000117676,El Parque,Concepcion,20172,L2,V1,2025-12-28 16:57:03,2025-12-28 17:30:37,CW→CC,2025-12-28,,20172,20172
4926,2000117677,Concepcion,El Parque,20167,L2,V1,2025-12-28 13:59:25,2025-12-28 14:54:56,CC→CW,2025-12-28,,20167,20167
4927,2000117677,El Parque,Concepcion,20172,L2,V1,2025-12-28 16:56:51,2025-12-28 17:29:50,CW→CC,2025-12-28,,20172,20172
4928,2000117871,Concepcion,Coronel,20167,L2,V1,2025-12-28 14:13:24,2025-12-28 15:23:18,CC→CW,2025-12-28,,20167,20167
4929,2000117986,Concepcion,Cdal. Raul Silva Henriquez,20187,L2,V1,2025-12-28 20:34:16,2025-12-28 21:32:18,CC→CW,2025-12-28,,20187,20187
4930,2000118101,Huinca,Concepcion,20162,L2,V1,2025-12-28 12:16:50,2025-12-28 13:02:51,CW→CC,2025-12-28,,20162,20162
4931,2000118230,Concepcion,Huinca,20171,L2,V1,2025-12-28 16:03:08,2025-12-28 17:16:11,CC→CW,2025-12-28,combo_por_entrada,20171,20171
4932,2000118446,Chiguayante,Hualqui,20857,L1,V1,2025-12-28 09:00:26,2025-12-28 09:31:21,TH→HQ,2025-12-28,,20857,20857
4933,2000118544,Concepcion,Cdal. Raul Silva Henriquez,20179,L2,V1,2025-12-28 18:38:02,2025-12-28 19:25:47,CC→CW,2025-12-28,,20179,20179
4934,2000118572,Concepcion,Coronel,20167,L2,V1,2025-12-28 14:13:28,2025-12-28 15:23:19,CC→CW,2025-12-28,,20167,20167
4935,2000118686,Concepcion,Cdal. Raul Silva Henriquez,20177,L2,V1,2025-12-28 17:49:02,2025-12-28 18:54:21,CC→CW,2025-12-28,,20177,20177
4936,2000118893,Costa Mar,Coronel,20161,L2,V1,2025-12-28 12:29:11,2025-12-28 13:00:15,CC→CW,2025-12-28,,20161,20161
4937,2000119048,Lomas Coloradas,Laguna Quinenco,20165,L2,V1,2025-12-28 13:15:49,2025-12-28 13:56:51,CC→CW,2025-12-28,,20165,20165
4938,2000119048,Laguna Quinenco,Lomas Coloradas,20182,L2,V1,2025-12-28 18:27:58,2025-12-28 19:41:05,CW→CC,2025-12-28,,20182,20182
4939,2000119260,Lomas Coloradas,El Parque,20162,L2,V1,2025-12-28 12:29:57,2025-12-28 12:42:41,CW→CC,2025-12-28,,20162,20162
4940,2000119266,Higueras,Concepcion,20859,L1,V1,2025-12-28 12:31:18,2025-12-28 12:54:46,TH→HQ,2025-12-28,,20859,20859
4941,2000119278,Concepcion,Los Canelos,20165,L2,V1,2025-12-28 12:53:15,2025-12-28 13:47:40,CC→CW,2025-12-28,,20165,20165
4942,2000119341,Lomas Coloradas,El Parque,20170,L2,V1,2025-12-28 15:58:12,2025-12-28 16:08:03,CW→CC,2025-12-28,,20170,20170
4943,2000119341,El Parque,Lomas Coloradas,20173,L2,V1,2025-12-28 17:29:50,2025-12-28 17:50:49,CC→CW,2025-12-28,,20173,20173
4944,2000119513,Concepcion,Cristo Redentor,20165,L2,V1,2025-12-28 12:59:30,2025-12-28 13:53:25,CC→CW,2025-12-28,,20165,20165
4945,2000119529,Laguna Quinenco,Cristo Redentor,20160,L2,V1,2025-12-28 11:19:34,2025-12-28 11:38:31,CW→CC,2025-12-28,,20160,20160
4946,2000119529,Cristo Redentor,Laguna Quinenco,20183,L2,V1,2025-12-28 20:14:08,2025-12-28 20:44:09,CC→CW,2025-12-28,,20183,20183
4947,2000119552,Laguna Quinenco,Cdal. Raul Silva Henriquez,20168,L2,V1,2025-12-28 14:38:09,2025-12-28 15:07:00,CW→CC,2025-12-28,,20168,20168
4948,2000119552,Cdal. Raul Silva Henriquez,Concepcion,20178,L2,V1,2025-12-28 18:29:42,2025-12-28 18:58:46,CW→CC,2025-12-28,,20178,20178
4949,2000119558,Cristo Redentor,Concepcion,20150,L2,V1,2025-12-28 08:47:18,2025-12-28 09:30:57,CW→CC,2025-12-28,,20150,20150
4950,2000119558,Concepcion,Cristo Redentor,20187,L2,V1,2025-12-28 20:52:23,2025-12-28 21:44:45,CC→CW,2025-12-28,,20187,20187
4951,2000119601,Concepcion,La Leonera,20847,L1,V1,2025-12-28 20:21:06,2025-12-28 20:48:13,TH→HQ,2025-12-28,,20847,20847
4952,2000119659,La Leonera,Concepcion,20846,L1,V1,2025-12-28 17:00:54,2025-12-28 17:36:33,HQ→TH,2025-12-28,,20846,20846
4953,2000119803,Coronel,Juan Pablo II,20178,L2,V1,2025-12-28 18:06:14,2025-12-28 18:52:19,CW→CC,2025-12-28,,20178,20178
4954,2000119966,Lomas Coloradas,Cristo Redentor,20151,L2,V1,2025-12-28 09:52:36,2025-12-28 10:11:25,CC→CW,2025-12-28,,20151,20151
4955,2000120168,Cristo Redentor,Lomas Coloradas,20186,L2,V1,2025-12-28 20:18:04,2025-12-28 20:38:28,CW→CC,2025-12-28,,20186,20186
4956,2000120298,Coronel,Diagonal Bio Bio,20186,L2,V1,2025-12-28 19:48:31,2025-12-28 20:50:23,CW→CC,2025-12-28,,20186,20186
4957,2000120315,Lomas Coloradas,Concepcion,20178,L2,V1,2025-12-28 18:19:56,2025-12-28 18:58:54,CW→CC,2025-12-28,,20178,20178
4958,2000120679,Concepcion,Cristo Redentor,20165,L2,V1,2025-12-28 13:03:53,2025-12-28 13:53:42,CC→CW,2025-12-28,,20165,20165
4959,2000120679,Cristo Redentor,Concepcion,20186,L2,V1,2025-12-28 20:04:27,2025-12-28 21:01:01,CW→CC,2025-12-28,,20186,20186
4960,2000121056,Los Canelos,Concepcion,20168,L2,V1,2025-12-28 14:37:06,2025-12-28 15:28:57,CW→CC,2025-12-28,,20168,20168
4961,2000121056,Concepcion,Cristo Redentor,20183,L2,V1,2025-12-28 19:41:09,2025-12-28 20:42:50,CC→CW,2025-12-28,,20183,20183
4962,2000121505,Diagonal Bio Bio,Huinca,20179,L2,V1,2025-12-28 18:57:33,2025-12-28 19:37:58,CC→CW,2025-12-28,,20179,20179
4963,2000121576,Concepcion,Los Canelos,20151,L2,V1,2025-12-28 09:28:24,2025-12-28 10:06:16,CC→CW,2025-12-28,,20151,20151
4964,2000121653,Hualqui,Concepcion,20848,L1,V1,2025-12-28 20:07:26,2025-12-28 21:08:13,HQ→TH,2025-12-28,,20848,20848
4965,2000121763,Concepcion,Cdal. Raul Silva Henriquez,20183,L2,V1,2025-12-28 19:49:52,2025-12-28 20:28:39,CC→CW,2025-12-28,,20183,20183
4966,2000121773,Alborada,Huinca,20173,L2,V1,2025-12-28 17:35:53,2025-12-28 18:06:14,CC→CW,2025-12-28,,20173,20173
4967,2000121773,Huinca,Alborada,20182,L2,V1,2025-12-28 18:42:53,2025-12-28 19:48:14,CW→CC,2025-12-28,,20182,20182
4968,2000122257,Pedro Medina,Concepcion,20846,L1,V1,2025-12-28 17:02:54,2025-12-28 17:46:52,HQ→TH,2025-12-28,,20846,20846
4969,2000122257,Juan Pablo II,Concepcion,20178,L2,V1,2025-12-28 18:23:59,2025-12-28 20:00:46,CW→CC,2025-12-28,,20178,20176
4970,2000122318,Higueras,La Leonera,20857,L1,V1,2025-12-28 08:37:09,2025-12-28 09:17:21,TH→HQ,2025-12-28,,20857,20857
4971,2000122544,Cdal. Raul Silva Henriquez,Concepcion,20172,L2,V1,2025-12-28 16:48:13,2025-12-28 17:28:55,CW→CC,2025-12-28,,20172,20172
4972,2000122853,Cdal. Raul Silva Henriquez,Concepcion,20150,L2,V1,2025-12-28 08:51:39,2025-12-28 09:32:09,CW→CC,2025-12-28,,20150,20150
4973,2000122897,Lomas Coloradas,Concepcion,20162,L2,V1,2025-12-28 12:28:13,2025-12-28 12:59:08,CW→CC,2025-12-28,,20162,20162
4974,2000122897,Concepcion,Lomas Coloradas,20173,L2,V1,2025-12-28 17:19:50,2025-12-28 17:52:10,CC→CW,2025-12-28,,20173,20173
4975,2000123073,Juan Pablo II,Huinca,20151,L2,V1,2025-12-28 09:12:21,2025-12-28 10:09:19,CC→CW,2025-12-28,,20151,20151
4976,2000123073,Huinca,Juan Pablo II,20178,L2,V1,2025-12-28 18:08:27,2025-12-28 18:52:00,CW→CC,2025-12-28,,20178,20178
4977,2000123102,Huinca,Coronel,20155,L2,V1,2025-12-28 11:06:46,2025-12-28 11:19:33,CC→CW,2025-12-28,,20155,20155
4978,2000123102,Coronel,Huinca,20172,L2,V1,2025-12-28 16:35:31,2025-12-28 16:54:19,CW→CC,2025-12-28,,20172,20172
4979,2000123187,Concepcion,Coronel,20155,L2,V1,2025-12-28 09:51:28,2025-12-28 11:22:40,CC→CW,2025-12-28,,20155,20155
4980,2000123998,Lomas Coloradas,Concepcion,20160,L2,V1,2025-12-28 11:44:14,2025-12-28 12:13:20,CW→CC,2025-12-28,,20160,20160
4981,2000124264,Cdal. Raul Silva Henriquez,Concepcion,20166,L2,V1,2025-12-28 14:07:47,2025-12-28 14:33:08,CW→CC,2025-12-28,,20166,20166
4982,2000124264,Concepcion,Cdal. Raul Silva Henriquez,20171,L2,V1,2025-12-28 16:35:53,2025-12-28 17:04:20,CC→CW,2025-12-28,,20171,20171
4983,2000124450,Huinca,Costa Mar,20170,L2,V1,2025-12-28 15:12:17,2025-12-28 16:08:59,CW→CC,2025-12-28,,20170,20170
4984,2000124470,La Leonera,UTF Santa Maria,20850,L1,V1,2025-12-28 09:33:14,2025-12-28 10:17:47,HQ→TH,2025-12-28,,20850,20850
4985,2000124470,Concepcion,La Leonera,20847,L1,V1,2025-12-28 20:22:11,2025-12-28 20:49:37,TH→HQ,2025-12-28,,20847,20847
4986,2000124475,Diagonal Bio Bio,Alborada,20155,L2,V1,2025-12-28 10:45:44,2025-12-28 10:50:05,CC→CW,2025-12-28,,20155,20155
4987,2000124702,Concepcion,Coronel,20157,L2,V1,2025-12-28 11:28:11,2025-12-28 12:15:53,CC→CW,2025-12-28,,20157,20157
4988,2000124702,Coronel,Concepcion,20186,L2,V1,2025-12-28 19:59:20,2025-12-28 21:00:26,CW→CC,2025-12-28,,20186,20186
4989,2000125022,Juan Pablo II,Laguna Quinenco,20177,L2,V1,2025-12-28 18:25:00,2025-12-28 20:44:21,CC→CW,2025-12-28,,20177,20177
4990,2000125168,Concepcion,Costa Mar,20155,L2,V1,2025-12-28 10:33:45,2025-12-28 10:51:56,CC→CW,2025-12-28,,20155,20155
4991,2000125168,Costa Mar,Concepcion,20166,L2,V1,2025-12-28 14:13:34,2025-12-28 14:34:29,CW→CC,2025-12-28,,20166,20166
4992,2000125385,Coronel,Concepcion,20160,L2,V1,2025-12-28 11:27:04,2025-12-28 12:13:15,CW→CC,2025-12-28,,20160,20160
4993,2000125443,Coronel,Concepcion,20154,L2,V1,2025-12-28 09:21:08,2025-12-28 10:33:54,CW→CC,2025-12-28,,20154,20154
4994,2000125443,Concepcion,Coronel,20165,L2,V1,2025-12-28 12:29:33,2025-12-28 14:01:49,CC→CW,2025-12-28,,20165,20165
4995,2000125474,Coronel,Concepcion,20156,L2,V1,2025-12-28 10:18:36,2025-12-28 11:18:16,CW→CC,2025-12-28,,20156,20156
4996,2000125474,Concepcion,Coronel,20171,L2,V1,2025-12-28 15:56:14,2025-12-28 17:24:22,CC→CW,2025-12-28,,20171,20171
4997,2000125494,Los Canelos,Diagonal Bio Bio,20162,L2,V1,2025-12-28 12:12:28,2025-12-28 12:49:54,CW→CC,2025-12-28,,20162,20162
4998,2000125494,Diagonal Bio Bio,Los Canelos,20165,L2,V1,2025-12-28 13:19:32,2025-12-28 13:47:59,CC→CW,2025-12-28,,20165,20165
4999,2000125568,El Parque,Cdal. Raul Silva Henriquez,20161,L2,V1,2025-12-28 12:15:22,2025-12-28 12:40:00,CC→CW,2025-12-28,,20161,20161
5000,2000125717,Diagonal Bio Bio,Cdal. Raul Silva Henriquez,20165,L2,V1,2025-12-28 12:59:19,2025-12-28 13:38:08,CC→CW,2025-12-28,,20165,20165
5001,2000126125,Costa Mar,Lomas Coloradas,20155,L2,V1,2025-12-28 10:48:29,2025-12-28 10:56:55,CC→CW,2025-12-28,,20155,20155
5002,2000126125,Lomas Coloradas,Costa Mar,20160,L2,V1,2025-12-28 11:33:36,2025-12-28 11:58:45,CW→CC,2025-12-28,,20160,20160
5003,2000126639,Costa Mar,Concepcion,20168,L2,V1,2025-12-28 15:11:30,2025-12-28 15:35:46,CW→CC,2025-12-28,,20168,20168
5004,2000126640,Concepcion,Los Condores,20846,L1,V1,2025-12-28 17:10:37,2025-12-28 17:49:48,HQ→TH,2025-12-28,combo_por_entrada,20846,20846
5005,2000126759,Laguna Quinenco,Concepcion,20156,L2,V1,2025-12-28 10:32:58,2025-12-28 11:18:10,CW→CC,2025-12-28,,20156,20156
5006,2000126759,Concepcion,Laguna Quinenco,20169,L2,V1,2025-12-28 15:12:32,2025-12-28 16:12:45,CC→CW,2025-12-28,,20169,20169
5007,2000126943,Laguna Quinenco,Costa Mar,20172,L2,V1,2025-12-28 16:30:51,2025-12-28 17:15:04,CW→CC,2025-12-28,,20172,20172
5008,2000126943,Costa Mar,Laguna Quinenco,20179,L2,V1,2025-12-28 19:14:47,2025-12-28 19:43:59,CC→CW,2025-12-28,,20179,20179
5009,2000126999,Hualqui,Concepcion,20846,L1,V1,2025-12-28 16:52:47,2025-12-28 17:36:22,HQ→TH,2025-12-28,,20846,20846
5010,2000127103,Costa Mar,Laguna Quinenco,20161,L2,V1,2025-12-28 12:26:40,2025-12-28 12:57:48,CC→CW,2025-12-28,,20161,20161
5011,2000127103,Laguna Quinenco,Costa Mar,20170,L2,V1,2025-12-28 15:37:31,2025-12-28 16:08:23,CW→CC,2025-12-28,,20170,20170
5012,2000127162,Hito Galvarino,Concepcion,20168,L2,V1,2025-12-28 14:54:18,2025-12-28 15:29:00,CW→CC,2025-12-28,,20168,20168
5013,2000127162,Concepcion,Hito Galvarino,20183,L2,V1,2025-12-28 19:56:29,2025-12-28 20:32:10,CC→CW,2025-12-28,,20183,20183
5014,2000127183,Concepcion,Lomas Coloradas,20167,L2,V1,2025-12-28 14:28:05,2025-12-28 14:57:51,CC→CW,2025-12-28,,20167,20167
5015,2000127218,Concepcion,Huinca,20151,L2,V1,2025-12-28 08:59:03,2025-12-28 10:09:20,CC→CW,2025-12-28,,20151,20151
5016,2000127296,Huinca,El Parque,20154,L2,V1,2025-12-28 09:43:51,2025-12-28 10:15:51,CW→CC,2025-12-28,,20154,20154
5017,2000127296,El Parque,Huinca,20157,L2,V1,2025-12-28 11:00:06,2025-12-28 12:06:21,CC→CW,2025-12-28,,20157,20155
5018,2000127452,Lomas Coloradas,Juan Pablo II,20150,L2,V1,2025-12-28 09:08:03,2025-12-28 09:23:24,CW→CC,2025-12-28,,20150,20150
5019,2000127612,Lomas Coloradas,Diagonal Bio Bio,20176,L2,V1,2025-12-28 18:04:35,2025-12-28 18:16:58,CW→CC,2025-12-28,,20176,20176
5020,2000127628,La Leonera,Concepcion,20850,L1,V1,2025-12-28 09:28:54,2025-12-28 10:09:06,HQ→TH,2025-12-28,,20850,20850
5021,2000127628,Concepcion,La Leonera,20847,L1,V1,2025-12-28 20:12:04,2025-12-28 20:49:40,TH→HQ,2025-12-28,,20847,20847
5022,2000127864,Concepcion,Los Canelos,20171,L2,V1,2025-12-28 16:21:14,2025-12-28 17:13:14,CC→CW,2025-12-28,,20171,20171
5023,2000127864,Los Canelos,Concepcion,20182,L2,V1,2025-12-28 19:14:22,2025-12-28 20:06:34,CW→CC,2025-12-28,,20182,20182
5024,2000127870,Laguna Quinenco,Costa Mar,20162,L2,V1,2025-12-28 12:02:21,2025-12-28 12:45:05,CW→CC,2025-12-28,,20162,20162
5025,2000127870,El Parque,Laguna Quinenco,20171,L2,V1,2025-12-28 16:37:59,2025-12-28 17:21:09,CC→CW,2025-12-28,,20171,20171
5026,2000127896,Laguna Quinenco,Hito Galvarino,20176,L2,V1,2025-12-28 17:44:19,2025-12-28 17:58:11,CW→CC,2025-12-28,,20176,20176
5027,2000127952,Concepcion,Costa Mar,20167,L2,V1,2025-12-28 14:33:21,2025-12-28 14:52:04,CC→CW,2025-12-28,,20167,20167
5028,2000127952,Costa Mar,Concepcion,20186,L2,V1,2025-12-28 20:07:09,2025-12-28 21:00:19,CW→CC,2025-12-28,,20186,20186
5029,2000127960,Concepcion,El Parque,20151,L2,V1,2025-12-28 08:13:22,2025-12-28 09:50:47,CC→CW,2025-12-28,combo_por_entrada,20151,20151
5030,2000127986,Concepcion,Los Canelos,20165,L2,V1,2025-12-28 12:37:36,2025-12-28 13:49:33,CC→CW,2025-12-28,combo_por_entrada,20165,20165
5031,2000127986,Concepcion,Higueras,20846,L1,V1,2025-12-28 16:43:08,2025-12-28 17:53:05,HQ→TH,2025-12-28,combo_por_entrada,20846,20846
5032,2000128350,Laguna Quinenco,Los Canelos,20172,L2,V1,2025-12-28 16:39:40,2025-12-28 16:57:24,CW→CC,2025-12-28,,20172,20172
5033,2000128425,Los Canelos,Juan Pablo II,20150,L2,V1,2025-12-28 08:55:00,2025-12-28 09:23:30,CW→CC,2025-12-28,,20150,20150
5034,2000128425,Juan Pablo II,Los Canelos,20167,L2,V1,2025-12-28 14:13:03,2025-12-28 15:08:35,CC→CW,2025-12-28,,20167,20167
5035,2000128666,Coronel,Diagonal Bio Bio,20176,L2,V1,2025-12-28 17:24:57,2025-12-28 18:16:55,CW→CC,2025-12-28,,20176,20176
5036,2000128824,Los Canelos,Coronel,20179,L2,V1,2025-12-28 19:33:24,2025-12-28 19:45:57,CC→CW,2025-12-28,,20179,20179
5037,2000128853,Los Canelos,Concepcion,20170,L2,V1,2025-12-28 15:49:41,2025-12-28 16:22:51,CW→CC,2025-12-28,,20170,20170
5038,2000129038,Concepcion,Cdal. Raul Silva Henriquez,20187,L2,V1,2025-12-28 20:53:37,2025-12-28 21:32:10,CC→CW,2025-12-28,,20187,20187
5039,2000129651,Costa Mar,Los Canelos,20165,L2,V1,2025-12-28 13:18:46,2025-12-28 13:48:39,CC→CW,2025-12-28,,20165,20165
5040,2000129991,Laguna Quinenco,Concepcion,20154,L2,V1,2025-12-28 09:47:20,2025-12-28 10:33:40,CW→CC,2025-12-28,,20154,20154
5041,2000129991,Concepcion,Laguna Quinenco,20169,L2,V1,2025-12-28 15:19:28,2025-12-28 16:13:22,CC→CW,2025-12-28,,20169,20169
5042,2000130099,Concepcion,Lomas Coloradas,20167,L2,V1,2025-12-28 14:25:36,2025-12-28 14:56:23,CC→CW,2025-12-28,,20167,20167
5043,2000130193,Concepcion,Mercado,20844,L1,V1,2025-12-28 11:15:40,2025-12-28 13:27:17,HQ→TH,2025-12-28,combo_por_entrada,20844,20844
5044,2000130193,Concepcion,Coronel,20171,L2,V1,2025-12-28 15:59:18,2025-12-28 17:26:11,CC→CW,2025-12-28,,20171,20171
5045,2000130499,Concepcion,Higueras,20848,L1,V1,2025-12-28 19:29:44,2025-12-28 21:29:55,HQ→TH,2025-12-28,,20848,20848
5046,2000130782,Laguna Quinenco,Concepcion,20186,L2,V1,2025-12-28 20:00:16,2025-12-28 21:01:14,CW→CC,2025-12-28,,20186,20186
5047,2000130871,Lomas Coloradas,Concepcion,20160,L2,V1,2025-12-28 11:35:05,2025-12-28 13:29:36,CW→CC,2025-12-28,combo_relajado_pase1,20160,20859
5048,2000130888,Costa Mar,Concepcion,20176,L2,V1,2025-12-28 18:05:24,2025-12-28 18:26:48,CW→CC,2025-12-28,,20176,20176
5049,2000131058,Concepcion,El Parque,20173,L2,V1,2025-12-28 17:31:13,2025-12-28 17:49:32,CC→CW,2025-12-28,,20173,20173
5050,2000131307,Los Canelos,Concepcion,20156,L2,V1,2025-12-28 10:24:23,2025-12-28 11:18:45,CW→CC,2025-12-28,,20156,20156
5051,2000131495,Lomas Coloradas,Concepcion,20170,L2,V1,2025-12-28 15:54:17,2025-12-28 16:23:24,CW→CC,2025-12-28,,20170,20170
5052,2000131591,Los Canelos,Concepcion,20166,L2,V1,2025-12-28 13:42:45,2025-12-28 14:33:41,CW→CC,2025-12-28,,20166,20166
5053,2000131591,Concepcion,El Parque,20169,L2,V1,2025-12-28 15:13:53,2025-12-28 15:48:22,CC→CW,2025-12-28,,20169,20169
5054,2000131634,Concepcion,UTF Santa Maria,20846,L1,V1,2025-12-28 16:54:47,2025-12-28 17:46:01,HQ→TH,2025-12-28,combo_por_entrada,20846,20846
5055,2000131685,Concepcion,Los Condores,20846,L1,V1,2025-12-28 17:19:57,2025-12-28 17:49:20,HQ→TH,2025-12-28,,20846,20846
5056,2000131905,Huinca,Concepcion,20168,L2,V1,2025-12-28 14:45:31,2025-12-28 15:28:39,CW→CC,2025-12-28,,20168,20168
5057,2000131905,Concepcion,Los Canelos,20187,L2,V1,2025-12-28 20:44:34,2025-12-28 21:40:56,CC→CW,2025-12-28,,20187,20187
5058,2000131975,Laguna Quinenco,Concepcion,20160,L2,V1,2025-12-28 11:09:14,2025-12-28 12:13:14,CW→CC,2025-12-28,,20160,20160
5059,2000131975,Concepcion,Laguna Quinenco,20167,L2,V1,2025-12-28 14:29:09,2025-12-28 15:17:39,CC→CW,2025-12-28,,20167,20167
5060,2000132155,Cristo Redentor,Costa Mar,20166,L2,V1,2025-12-28 13:30:29,2025-12-28 14:18:40,CW→CC,2025-12-28,,20166,20166
5061,2000132239,Huinca,Concepcion,20182,L2,V1,2025-12-28 19:20:51,2025-12-28 20:00:23,CW→CC,2025-12-28,,20182,20182
5062,2000132435,Los Canelos,El Parque,20156,L2,V1,2025-12-28 10:39:51,2025-12-28 11:00:14,CW→CC,2025-12-28,,20156,20156
5063,2000132435,El Parque,Los Canelos,20167,L2,V1,2025-12-28 14:32:18,2025-12-28 15:09:14,CC→CW,2025-12-28,,20167,20167
5064,2000132746,Lomas Coloradas,Laguna Quinenco,20165,L2,V1,2025-12-28 13:22:37,2025-12-28 13:56:20,CC→CW,2025-12-28,,20165,20165
5065,2000132746,Laguna Quinenco,Lomas Coloradas,20186,L2,V1,2025-12-28 19:39:47,2025-12-28 20:39:16,CW→CC,2025-12-28,,20186,20186
5066,2000132749,Concepcion,Lomas Coloradas,20177,L2,V1,2025-12-28 18:20:06,2025-12-28 18:51:17,CC→CW,2025-12-28,,20177,20177
5067,2000132850,Concepcion,Costa Mar,20155,L2,V1,2025-12-28 10:24:52,2025-12-28 10:51:07,CC→CW,2025-12-28,,20155,20155
5068,2000132850,Costa Mar,Concepcion,20166,L2,V1,2025-12-28 13:41:11,2025-12-28 14:32:53,CW→CC,2025-12-28,,20166,20166
5069,2000132927,Concepcion,Mercado,20846,L1,V1,2025-12-28 16:56:40,2025-12-28 18:02:08,HQ→TH,2025-12-28,combo_por_entrada,20846,20846
5070,2000133008,Laguna Quinenco,Diagonal Bio Bio,20156,L2,V1,2025-12-28 10:25:56,2025-12-28 11:07:38,CW→CC,2025-12-28,,20156,20156
5071,2000133008,Diagonal Bio Bio,Laguna Quinenco,20171,L2,V1,2025-12-28 16:48:09,2025-12-28 17:20:43,CC→CW,2025-12-28,,20171,20171
5072,2000133357,Concepcion,Laguna Quinenco,20169,L2,V1,2025-12-28 15:00:24,2025-12-28 16:13:43,CC→CW,2025-12-28,,20169,20169
5073,2000133409,Los Canelos,Lomas Coloradas,20168,L2,V1,2025-12-28 14:42:38,2025-12-28 15:09:32,CW→CC,2025-12-28,,20168,20168
5074,2000133453,Cdal. Raul Silva Henriquez,Los Canelos,20187,L2,V1,2025-12-28 21:10:20,2025-12-28 21:40:16,CC→CW,2025-12-28,,20187,20187
5075,2000133473,Los Canelos,Concepcion,20160,L2,V1,2025-12-28 11:32:48,2025-12-28 12:12:36,CW→CC,2025-12-28,,20160,20160
5076,2000133557,Los Canelos,Concepcion,20182,L2,V1,2025-12-28 19:10:17,2025-12-28 20:00:41,CW→CC,2025-12-28,,20182,20182
5077,2000133594,Hito Galvarino,Concepcion,20150,L2,V1,2025-12-28 08:49:20,2025-12-28 09:40:19,CW→CC,2025-12-28,,20150,20150
5078,2000133594,Concepcion,Hito Galvarino,20177,L2,V1,2025-12-28 18:06:51,2025-12-28 19:02:42,CC→CW,2025-12-28,,20177,20177
5079,2000133944,Cristo Redentor,Concepcion,20176,L2,V1,2025-12-28 17:28:05,2025-12-28 18:27:16,CW→CC,2025-12-28,,20176,20176
5080,2000134219,Laguna Quinenco,Costa Mar,20154,L2,V1,2025-12-28 09:42:31,2025-12-28 10:19:02,CW→CC,2025-12-28,,20154,20154
5081,2000134476,Laguna Quinenco,Cristo Redentor,20186,L2,V1,2025-12-28 20:11:35,2025-12-28 20:21:59,CW→CC,2025-12-28,,20186,20186
5082,2000134524,Lomas Coloradas,El Parque,20150,L2,V1,2025-12-28 09:02:06,2025-12-28 09:14:25,CW→CC,2025-12-28,,20150,20150
5083,2000134558,Concepcion,Lomas Coloradas,20155,L2,V1,2025-12-28 09:59:18,2025-12-28 10:57:17,CC→CW,2025-12-28,,20155,20155
5084,2000134558,Lomas Coloradas,Concepcion,20186,L2,V1,2025-12-28 20:37:17,2025-12-28 21:00:07,CW→CC,2025-12-28,,20186,20186
5085,2000134734,Huinca,Costa Mar,20178,L2,V1,2025-12-28 18:22:50,2025-12-28 18:46:29,CW→CC,2025-12-28,,20178,20178
5086,2000134875,Hualqui,Concepcion,20844,L1,V2,2025-12-28 12:22:52,2025-12-28 13:02:14,,2025-12-28,sin_combo_factible_en_hub|sin_s1_factible_retro,,20844
5087,2000135024,Concepcion,Costa Mar,20173,L2,V1,2025-12-28 17:00:32,2025-12-28 17:45:11,CC→CW,2025-12-28,,20173,20173
5088,2000135273,Cristo Redentor,Concepcion,20176,L2,V1,2025-12-28 17:42:09,2025-12-28 18:26:46,CW→CC,2025-12-28,,20176,20176
5089,2000135801,Cdal. Raul Silva Henriquez,Alborada,20162,L2,V1,2025-12-28 12:06:47,2025-12-28 12:47:00,CW→CC,2025-12-28,,20162,20162
5090,2000135851,Concepcion,El Parque,20165,L2,V1,2025-12-28 13:08:47,2025-12-28 13:32:40,CC→CW,2025-12-28,,20165,20165
5091,2000136198,Coronel,Juan Pablo II,20156,L2,V1,2025-12-28 10:31:05,2025-12-28 11:11:14,CW→CC,2025-12-28,,20156,20156
5092,2000136198,Concepcion,Los Canelos,20165,L2,V1,2025-12-28 13:06:37,2025-12-28 13:49:22,CC→CW,2025-12-28,,20165,20165
5093,2000136334,Laguna Quinenco,Concepcion,20166,L2,V1,2025-12-28 13:29:40,2025-12-28 14:32:23,CW→CC,2025-12-28,,20166,20166
5094,2000136334,Concepcion,Huinca,20173,L2,V1,2025-12-28 16:58:41,2025-12-28 18:06:28,CC→CW,2025-12-28,,20173,20173
5095,2000136356,Huinca,Concepcion,20186,L2,V1,2025-12-28 20:10:30,2025-12-28 21:02:52,CW→CC,2025-12-28,,20186,20186
5096,2000136551,Concepcion,Laguna Quinenco,20157,L2,V1,2025-12-28 11:08:09,2025-12-28 12:11:56,CC→CW,2025-12-28,,20157,20157
5097,2000136551,Laguna Quinenco,Concepcion,20182,L2,V1,2025-12-28 18:39:25,2025-12-28 20:00:36,CW→CC,2025-12-28,,20182,20182
5098,2000136704,Costa Mar,Los Canelos,20169,L2,V1,2025-12-28 15:25:35,2025-12-28 16:03:10,CC→CW,2025-12-28,,20169,20169
5099,2000136740,Concepcion,Hualqui,20845,L1,V1,2025-12-28 15:52:46,2025-12-28 17:02:00,TH→HQ,2025-12-28,combo_por_entrada,20845,20845
5100,2000136879,Lomas Coloradas,Concepcion,20160,L2,V1,2025-12-28 11:45:56,2025-12-28 12:13:07,CW→CC,2025-12-28,,20160,20160
5101,2000136912,Coronel,El Parque,20168,L2,V1,2025-12-28 14:36:23,2025-12-28 15:13:09,CW→CC,2025-12-28,,20168,20168
5102,2000136912,El Parque,Coronel,20173,L2,V1,2025-12-28 17:46:56,2025-12-28 18:14:28,CC→CW,2025-12-28,,20173,20173
5103,2000136973,Concepcion,Coronel,20157,L2,V1,2025-12-28 11:15:29,2025-12-28 12:19:49,CC→CW,2025-12-28,,20157,20157
5104,2000137138,Lomas Coloradas,Los Canelos,20177,L2,V1,2025-12-28 17:56:25,2025-12-28 19:04:35,CC→CW,2025-12-28,,20177,20173
5105,2000137243,Cristo Redentor,Concepcion,20156,L2,V1,2025-12-28 10:33:01,2025-12-28 11:18:00,CW→CC,2025-12-28,,20156,20156
5106,2000137243,Concepcion,Cristo Redentor,20165,L2,V1,2025-12-28 12:56:09,2025-12-28 13:53:32,CC→CW,2025-12-28,,20165,20165
5107,2000137311,Juan Pablo II,Coronel,20177,L2,V1,2025-12-28 18:03:00,2025-12-28 19:15:23,CC→CW,2025-12-28,,20177,20177
5108,2000137330,Coronel,Costa Mar,20150,L2,V1,2025-12-28 08:34:23,2025-12-28 09:16:41,CW→CC,2025-12-28,,20150,20150
5109,2000137330,Costa Mar,Coronel,20161,L2,V1,2025-12-28 11:53:06,2025-12-28 12:59:59,CC→CW,2025-12-28,,20161,20161
5110,2000137780,Los Canelos,Diagonal Bio Bio,20166,L2,V1,2025-12-28 13:47:53,2025-12-28 14:25:40,CW→CC,2025-12-28,,20166,20166
5111,2000137780,Concepcion,Los Canelos,20187,L2,V1,2025-12-28 21:17:38,2025-12-28 21:40:56,CC→CW,2025-12-28,combo_relajado_pase1,20187,20187
5112,2000138677,Concepcion,Los Canelos,20157,L2,V1,2025-12-28 11:10:08,2025-12-28 12:03:29,CC→CW,2025-12-28,,20157,20157
5113,2000139635,Cdal. Raul Silva Henriquez,Cristo Redentor,20165,L2,V1,2025-12-28 13:36:18,2025-12-28 13:53:26,CC→CW,2025-12-28,,20165,20165
5114,2000139635,Cristo Redentor,Cdal. Raul Silva Henriquez,20172,L2,V1,2025-12-28 16:39:19,2025-12-28 17:07:19,CW→CC,2025-12-28,,20172,20172
5115,2000139654,Cdal. Raul Silva Henriquez,Concepcion,20156,L2,V1,2025-12-28 10:36:57,2025-12-28 11:21:15,CW→CC,2025-12-28,,20156,20156
5116,2000139654,Concepcion,Cdal. Raul Silva Henriquez,20167,L2,V1,2025-12-28 14:01:01,2025-12-28 15:00:16,CC→CW,2025-12-28,,20167,20167
5117,2000139749,Juan Pablo II,Cdal. Raul Silva Henriquez,20177,L2,V1,2025-12-28 18:33:20,2025-12-28 18:54:57,CC→CW,2025-12-28,,20177,20177
5118,2000139854,Lomas Coloradas,Cristo Redentor,20151,L2,V1,2025-12-28 09:48:14,2025-12-28 10:11:29,CC→CW,2025-12-28,,20151,20151
5119,2000139854,Cristo Redentor,Lomas Coloradas,20186,L2,V1,2025-12-28 20:14:19,2025-12-28 20:39:03,CW→CC,2025-12-28,,20186,20186
5120,2000139966,El Parque,Concepcion,20172,L2,V1,2025-12-28 16:54:58,2025-12-28 17:28:26,CW→CC,2025-12-28,,20172,20172
5121,2000140198,Concepcion,Huinca,20179,L2,V1,2025-12-28 18:46:36,2025-12-28 19:37:52,CC→CW,2025-12-28,,20179,20179
5122,2000140240,Diagonal Bio Bio,Costa Mar,20187,L2,V1,2025-12-28 20:58:46,2025-12-28 21:23:36,CC→CW,2025-12-28,,20187,20187
5123,2000140441,Cdal. Raul Silva Henriquez,Cristo Redentor,20167,L2,V1,2025-12-28 14:56:37,2025-12-28 15:14:01,CC→CW,2025-12-28,,20167,20167
5124,2000140566,Huinca,Lomas Coloradas,20162,L2,V1,2025-12-28 12:06:16,2025-12-28 12:38:37,CW→CC,2025-12-28,,20162,20162
5125,2000140566,Lomas Coloradas,Huinca,20167,L2,V1,2025-12-28 14:42:24,2025-12-28 15:10:59,CC→CW,2025-12-28,,20167,20167
5126,2000140571,Huinca,Concepcion,20166,L2,V1,2025-12-28 13:48:20,2025-12-28 14:37:22,CW→CC,2025-12-28,,20166,20166
5127,2000140594,Juan Pablo II,Huinca,20177,L2,V1,2025-12-28 18:26:03,2025-12-28 19:06:44,CC→CW,2025-12-28,,20177,20177
5128,2000140653,Concepcion,Laguna Quinenco,20171,L2,V1,2025-12-28 15:49:33,2025-12-28 17:22:26,CC→CW,2025-12-28,combo_por_entrada,20171,20171
5129,2000140727,Diagonal Bio Bio,Costa Mar,20161,L2,V1,2025-12-28 12:12:50,2025-12-28 12:31:14,CC→CW,2025-12-28,,20161,20161
5130,2000140824,Concepcion,Chiguayante,20859,L1,V1,2025-12-28 12:22:19,2025-12-28 13:10:19,TH→HQ,2025-12-28,combo_relajado_pase2,20859,20160
5131,2000140824,Concepcion,Hito Galvarino,20187,L2,V1,2025-12-28 21:02:19,2025-12-28 21:37:29,CC→CW,2025-12-28,,20187,20187
5132,2000140864,Juan Pablo II,Los Canelos,20157,L2,V1,2025-12-28 11:27:41,2025-12-28 12:03:23,CC→CW,2025-12-28,,20157,20157
5133,2000140868,Los Canelos,Concepcion,20166,L2,V1,2025-12-28 13:55:14,2025-12-28 14:32:08,CW→CC,2025-12-28,,20166,20166
5134,2000140876,Los Canelos,Concepcion,20166,L2,V1,2025-12-28 13:57:46,2025-12-28 14:33:36,CW→CC,2025-12-28,,20166,20166
5135,2000140876,Concepcion,Los Canelos,20183,L2,V1,2025-12-28 19:52:32,2025-12-28 20:37:32,CC→CW,2025-12-28,,20183,20183
5136,2000141195,Concepcion,Los Canelos,20161,L2,V1,2025-12-28 11:59:15,2025-12-28 12:50:16,CC→CW,2025-12-28,,20161,20161
5137,2000141195,Los Canelos,El Parque,20168,L2,V1,2025-12-28 14:41:18,2025-12-28 15:12:19,CW→CC,2025-12-28,,20168,20168
5138,2000141195,El Parque,Los Canelos,20171,L2,V1,2025-12-28 16:45:08,2025-12-28 17:13:13,CC→CW,2025-12-28,,20171,20171
5139,2000141301,Juan Pablo II,Laguna Quinenco,20177,L2,V1,2025-12-28 18:24:02,2025-12-28 19:13:39,CC→CW,2025-12-28,,20177,20177
5140,2000141548,Costa Mar,Cristo Redentor,20161,L2,V1,2025-12-28 12:30:20,2025-12-28 12:53:45,CC→CW,2025-12-28,,20161,20161
5141,2000141548,Cristo Redentor,El Parque,20166,L2,V1,2025-12-28 13:41:33,2025-12-28 14:16:03,CW→CC,2025-12-28,,20166,20166
5142,2000141552,Costa Mar,Los Canelos,20179,L2,V1,2025-12-28 19:12:15,2025-12-28 19:35:40,CC→CW,2025-12-28,,20179,20179
5143,2000141807,Los Canelos,El Parque,20168,L2,V1,2025-12-28 14:47:36,2025-12-28 15:12:15,CW→CC,2025-12-28,,20168,20168
5144,2000141807,El Parque,Los Canelos,20171,L2,V1,2025-12-28 16:24:05,2025-12-28 17:13:21,CC→CW,2025-12-28,,20171,20171
5145,2000141812,Los Canelos,Laguna Quinenco,20173,L2,V1,2025-12-28 18:00:12,2025-12-28 18:10:41,CC→CW,2025-12-28,,20173,20173
5146,2000141812,Laguna Quinenco,Los Canelos,20186,L2,V1,2025-12-28 20:09:48,2025-12-28 20:26:11,CW→CC,2025-12-28,,20186,20186
5147,2000141906,Cristo Redentor,Concepcion,20186,L2,V1,2025-12-28 20:14:08,2025-12-28 20:59:32,CW→CC,2025-12-28,,20186,20186
5148,2000142183,La Leonera,Concepcion,20848,L1,V1,2025-12-28 20:40:43,2025-12-28 21:09:58,HQ→TH,2025-12-28,,20848,20848
5149,2000142321,Coronel,Concepcion,20186,L2,V1,2025-12-28 20:09:38,2025-12-28 20:59:11,CW→CC,2025-12-28,,20186,20186
5150,2000143059,Lomas Coloradas,Diagonal Bio Bio,20160,L2,V1,2025-12-28 11:46:51,2025-12-28 12:03:32,CW→CC,2025-12-28,,20160,20160
5151,2000143059,Diagonal Bio Bio,Lomas Coloradas,20165,L2,V1,2025-12-28 13:20:39,2025-12-28 13:35:10,CC→CW,2025-12-28,,20165,20165
5152,2000143117,Cristo Redentor,Alborada,20170,L2,V1,2025-12-28 15:38:27,2025-12-28 16:09:53,CW→CC,2025-12-28,,20170,20170
5153,2000143208,Concepcion,Lomas Coloradas,20151,L2,V1,2025-12-28 09:16:40,2025-12-28 09:53:45,CC→CW,2025-12-28,,20151,20151
5154,2000143208,Lomas Coloradas,Concepcion,20182,L2,V1,2025-12-28 19:23:25,2025-12-28 20:04:11,CW→CC,2025-12-28,,20182,20182
5155,2000143285,Los Canelos,El Parque,20150,L2,V1,2025-12-28 08:49:44,2025-12-28 09:14:14,CW→CC,2025-12-28,,20150,20150
5156,2000143298,Concepcion,Hito Galvarino,20173,L2,V1,2025-12-28 17:15:41,2025-12-28 18:00:59,CC→CW,2025-12-28,,20173,20173
5157,2000155532,Juan Pablo II,Los Canelos,20173,L2,V1,2025-12-28 17:26:11,2025-12-28 18:03:27,CC→CW,2025-12-28,,20173,20173
5158,2000155826,El Parque,Coronel,20183,L2,V1,2025-12-28 20:10:09,2025-12-28 20:46:23,CC→CW,2025-12-28,,20183,20183
5159,2000155834,Concepcion,Coronel,20155,L2,V1,2025-12-28 10:24:50,2025-12-28 11:20:32,CC→CW,2025-12-28,,20155,20155
5160,2000156609,Concepcion,El Parque,20157,L2,V1,2025-12-28 11:09:06,2025-12-28 11:48:36,CC→CW,2025-12-28,,20157,20157
5161,2000156609,El Parque,Concepcion,20168,L2,V1,2025-12-28 14:53:56,2025-12-28 15:28:57,CW→CC,2025-12-28,,20168,20168
5162,2000156618,Concepcion,Los Canelos,20173,L2,V1,2025-12-28 17:24:06,2025-12-28 18:04:11,CC→CW,2025-12-28,,20173,20173
5163,2000156736,Higueras,La Leonera,20847,L1,V1,2025-12-28 19:59:27,2025-12-28 20:48:30,TH→HQ,2025-12-28,,20847,20847
5164,2000156788,Huinca,Concepcion,20168,L2,V1,2025-12-28 14:34:04,2025-12-28 15:38:12,CW→CC,2025-12-28,,20168,20168
5165,2000156788,Concepcion,Huinca,20187,L2,V1,2025-12-28 20:17:43,2025-12-28 21:43:12,CC→CW,2025-12-28,,20187,20187
5166,2000156957,Costa Mar,Hito Galvarino,20157,L2,V1,2025-12-28 11:34:42,2025-12-28 12:00:21,CC→CW,2025-12-28,,20157,20157
5167,2000157106,Cristo Redentor,Diagonal Bio Bio,20172,L2,V1,2025-12-28 16:43:54,2025-12-28 17:19:45,CW→CC,2025-12-28,,20172,20172
5168,2000157106,Diagonal Bio Bio,Cristo Redentor,20187,L2,V1,2025-12-28 21:09:06,2025-12-28 21:45:07,CC→CW,2025-12-28,,20187,20187
5169,2000157721,Diagonal Bio Bio,Lomas Coloradas,20171,L2,V1,2025-12-28 16:16:55,2025-12-28 17:01:21,CC→CW,2025-12-28,,20171,20171
5170,2000157794,Cdal. Raul Silva Henriquez,Concepcion,20160,L2,V1,2025-12-28 11:43:23,2025-12-28 12:13:01,CW→CC,2025-12-28,,20160,20160
5171,2000157794,Concepcion,Cdal. Raul Silva Henriquez,20169,L2,V1,2025-12-28 15:16:27,2025-12-28 15:55:15,CC→CW,2025-12-28,,20169,20169
5172,2000158281,Lomas Coloradas,Concepcion,20154,L2,V1,2025-12-28 10:10:13,2025-12-28 10:33:17,CW→CC,2025-12-28,,20154,20154
5173,2000158281,Concepcion,Lomas Coloradas,20167,L2,V1,2025-12-28 13:54:30,2025-12-28 14:56:44,CC→CW,2025-12-28,,20167,20167
5174,2000158282,Concepcion,Hito Galvarino,20177,L2,V1,2025-12-28 17:09:56,2025-12-28 19:00:31,CC→CW,2025-12-28,combo_relajado_pase1,20177,20177
5175,2000158399,Laguna Quinenco,Costa Mar,20156,L2,V1,2025-12-28 10:36:35,2025-12-28 11:04:23,CW→CC,2025-12-28,,20156,20156
5176,2000158399,Costa Mar,Coronel,20165,L2,V1,2025-12-28 13:18:27,2025-12-28 14:01:33,CC→CW,2025-12-28,,20165,20165
5177,2000158655,Los Canelos,Concepcion,,,N/A,2025-12-28 08:52:39,2025-12-28 09:15:30,,2025-12-28,sin_combo_factible_en_hub|sin_s1_factible_retro,,
5178,2000158702,Coronel,Juan Pablo II,20182,L2,V1,2025-12-28 19:15:17,2025-12-28 19:54:10,CW→CC,2025-12-28,,20182,20182
5179,2000158750,Cristo Redentor,Concepcion,20166,L2,V1,2025-12-28 13:44:32,2025-12-28 14:35:35,CW→CC,2025-12-28,,20166,20166
5180,2000158750,Concepcion,Cristo Redentor,20183,L2,V1,2025-12-28 19:44:35,2025-12-28 20:41:53,CC→CW,2025-12-28,,20183,20183
5181,2000158856,Huinca,Concepcion,20168,L2,V1,2025-12-28 14:48:54,2025-12-28 15:36:54,CW→CC,2025-12-28,,20168,20168
5182,2000158856,Concepcion,Los Canelos,20177,L2,V1,2025-12-28 18:07:11,2025-12-28 19:04:48,CC→CW,2025-12-28,,20177,20177
5183,2000159069,Laguna Quinenco,Concepcion,20162,L2,V1,2025-12-28 12:11:58,2025-12-28 13:00:20,CW→CC,2025-12-28,,20162,20162
5184,2000159216,Lomas Coloradas,Coronel,20167,L2,V1,2025-12-28 14:45:11,2025-12-28 15:20:23,CC→CW,2025-12-28,,20167,20167
5185,2000159530,Los Canelos,Concepcion,20178,L2,V1,2025-12-28 18:07:42,2025-12-28 18:59:15,CW→CC,2025-12-28,,20178,20178
5186,2000159635,Coronel,Concepcion,20186,L2,V1,2025-12-28 20:08:14,2025-12-28 21:00:29,CW→CC,2025-12-28,,20186,20186
5187,2000159713,Los Canelos,Costa Mar,20156,L2,V1,2025-12-28 10:41:19,2025-12-28 11:04:02,CW→CC,2025-12-28,,20156,20156
5188,2000159861,Diagonal Bio Bio,Coronel,20179,L2,V1,2025-12-28 18:52:59,2025-12-28 19:45:52,CC→CW,2025-12-28,,20179,20179
5189,2000159934,Diagonal Bio Bio,Los Canelos,20157,L2,V1,2025-12-28 11:29:06,2025-12-28 12:03:12,CC→CW,2025-12-28,,20157,20157
5190,2000159998,Concepcion,Hito Galvarino,20177,L2,V1,2025-12-28 18:28:53,2025-12-28 19:01:55,CC→CW,2025-12-28,,20177,20177
5191,2000160063,Concepcion,Concepcion,,,N/A,2025-12-28 18:22:55,2025-12-28 18:23:21,,2025-12-28,no viajo,,
5192,2000160067,Concepcion,Lomas Coloradas,20171,L2,V1,2025-12-28 16:30:20,2025-12-28 17:00:33,CC→CW,2025-12-28,,20171,20171
5193,2000160185,Cristo Redentor,Cdal. Raul Silva Henriquez,20176,L2,V1,2025-12-28 17:43:59,2025-12-28 18:04:27,CW→CC,2025-12-28,,20176,20176
5194,2000160606,Costa Mar,Laguna Quinenco,20161,L2,V1,2025-12-28 12:25:27,2025-12-28 12:56:56,CC→CW,2025-12-28,,20161,20161
5195,2000160653,Laguna Quinenco,Cristo Redentor,20156,L2,V1,2025-12-28 10:34:28,2025-12-28 10:40:23,CW→CC,2025-12-28,,20156,20156
5196,2000160721,Cristo Redentor,Laguna Quinenco,20173,L2,V1,2025-12-28 18:06:22,2025-12-28 18:10:54,CC→CW,2025-12-28,,20173,20173
5197,2000160721,Laguna Quinenco,Los Canelos,20186,L2,V1,2025-12-28 20:01:16,2025-12-28 20:26:31,CW→CC,2025-12-28,,20186,20186
5198,2000160994,Concepcion,Coronel,20167,L2,V1,2025-12-28 14:24:05,2025-12-28 15:21:24,CC→CW,2025-12-28,,20167,20167
5199,2000161083,Cdal. Raul Silva Henriquez,Concepcion,20160,L2,V1,2025-12-28 11:45:37,2025-12-28 12:14:05,CW→CC,2025-12-28,,20160,20160
5200,2000161143,Laguna Quinenco,Concepcion,20154,L2,V1,2025-12-28 09:48:33,2025-12-28 10:32:42,CW→CC,2025-12-28,,20154,20154
5201,2000161143,Concepcion,Laguna Quinenco,20187,L2,V1,2025-12-28 20:57:19,2025-12-28 21:47:20,CC→CW,2025-12-28,,20187,20187
5202,2000161155,Cristo Redentor,Costa Mar,20176,L2,V1,2025-12-28 17:47:05,2025-12-28 18:12:04,CW→CC,2025-12-28,,20176,20176
5203,2000161220,Cristo Redentor,Concepcion,20154,L2,V1,2025-12-28 09:45:20,2025-12-28 10:33:25,CW→CC,2025-12-28,,20154,20154
5204,2000161222,Cristo Redentor,Hito Galvarino,20168,L2,V1,2025-12-28 14:50:31,2025-12-28 15:01:47,CW→CC,2025-12-28,,20168,20168
5205,2000161251,Concepcion,Costa Mar,20151,L2,V1,2025-12-28 09:28:59,2025-12-28 09:48:08,CC→CW,2025-12-28,,20151,20151
5206,2000161385,Concepcion,Concepcion,,,N/A,2025-12-28 18:59:13,2025-12-28 18:59:59,,2025-12-28,no viajo,,
5207,2000161462,Juan Pablo II,Hito Galvarino,20161,L2,V1,2025-12-28 12:15:31,2025-12-28 12:44:48,CC→CW,2025-12-28,,20161,20161
5208,2000161467,Hito Galvarino,Coronel,20157,L2,V1,2025-12-28 11:36:37,2025-12-28 12:15:15,CC→CW,2025-12-28,,20157,20157
5209,2000161467,Coronel,Cristo Redentor,20186,L2,V1,2025-12-28 19:40:26,2025-12-28 20:22:24,CW→CC,2025-12-28,,20186,20186
5210,2000161690,Concepcion,Lomas Coloradas,20161,L2,V1,2025-12-28 12:02:06,2025-12-28 12:36:44,CC→CW,2025-12-28,,20161,20161
5211,2000161690,Lomas Coloradas,Laguna Quinenco,20165,L2,V1,2025-12-28 13:32:23,2025-12-28 13:56:49,CC→CW,2025-12-28,,20165,20165
5212,2000161690,Coronel,Lomas Coloradas,20182,L2,V1,2025-12-28 18:57:33,2025-12-28 19:41:11,CW→CC,2025-12-28,,20182,20182
5213,2000161853,Concepcion,Hualqui,20847,L1,V1,2025-12-28 20:20:46,2025-12-28 21:00:34,TH→HQ,2025-12-28,,20847,20847
5214,2000162189,Laguna Quinenco,Concepcion,20178,L2,V1,2025-12-28 18:06:17,2025-12-28 18:59:11,CW→CC,2025-12-28,,20178,20178
5215,2000162324,Concepcion,Cdal. Raul Silva Henriquez,20155,L2,V1,2025-12-28 09:25:43,2025-12-28 11:00:38,CC→CW,2025-12-28,combo_por_entrada,20155,20155
5216,2000162509,Diagonal Bio Bio,Lomas Coloradas,20171,L2,V1,2025-12-28 16:49:58,2025-12-28 17:02:56,CC→CW,2025-12-28,,20171,20171
5217,2000162774,Concepcion,Pedro Medina,20845,L1,V1,2025-12-28 15:56:44,2025-12-28 16:44:59,TH→HQ,2025-12-28,combo_por_entrada,20845,20845
5218,2000162896,Laguna Quinenco,Juan Pablo II,20178,L2,V1,2025-12-28 18:16:42,2025-12-28 18:52:06,CW→CC,2025-12-28,,20178,20178
5219,2000163002,Huinca,Concepcion,20156,L2,V1,2025-12-28 10:38:02,2025-12-28 11:18:48,CW→CC,2025-12-28,,20156,20156
5220,2000163036,Laguna Quinenco,Concepcion,20186,L2,V1,2025-12-28 20:13:32,2025-12-28 21:00:26,CW→CC,2025-12-28,,20186,20186
5221,2000163081,Diagonal Bio Bio,Juan Pablo II,20186,L2,V1,2025-12-28 20:47:42,2025-12-28 20:52:58,CW→CC,2025-12-28,,20186,20186
5222,2000163130,El Arenal,Concepcion,20847,L1,V1,2025-12-28 19:52:34,2025-12-28 20:25:46,TH→HQ,2025-12-28,,20847,20847
5223,2000163154,Concepcion,Lomas Coloradas,20171,L2,V1,2025-12-28 15:43:34,2025-12-28 17:00:46,CC→CW,2025-12-28,,20171,20171
5224,2000163219,Cristo Redentor,Cdal. Raul Silva Henriquez,20186,L2,V1,2025-12-28 20:12:15,2025-12-28 20:36:55,CW→CC,2025-12-28,,20186,20186
5225,2000164041,Laguna Quinenco,Juan Pablo II,20176,L2,V1,2025-12-28 17:35:18,2025-12-28 18:19:52,CW→CC,2025-12-28,,20176,20176
5226,2000164443,Los Canelos,Hito Galvarino,20150,L2,V1,2025-12-28 08:45:59,2025-12-28 09:02:49,CW→CC,2025-12-28,,20150,20150
5227,2000164592,Juan Pablo II,Cdal. Raul Silva Henriquez,20179,L2,V1,2025-12-28 19:03:05,2025-12-28 19:25:13,CC→CW,2025-12-28,,20179,20179
5228,2000164761,Huinca,Concepcion,20154,L2,V1,2025-12-28 09:20:38,2025-12-28 10:35:39,CW→CC,2025-12-28,,20154,20154
5229,2000164761,Concepcion,Cristo Redentor,20179,L2,V1,2025-12-28 18:56:25,2025-12-28 19:40:43,CC→CW,2025-12-28,,20179,20179
5230,2000164797,Cristo Redentor,Concepcion,20154,L2,V1,2025-12-28 09:53:27,2025-12-28 10:39:17,CW→CC,2025-12-28,,20154,20154
5231,2000165031,Concepcion,Los Canelos,20179,L2,V1,2025-12-28 18:45:03,2025-12-28 19:34:59,CC→CW,2025-12-28,,20179,20179
5232,2000165033,Concepcion,Laguna Quinenco,20165,L2,V1,2025-12-28 12:50:31,2025-12-28 13:57:19,CC→CW,2025-12-28,,20165,20165
5233,2000165040,Alborada,Cristo Redentor,20167,L2,V1,2025-12-28 14:38:53,2025-12-28 15:14:23,CC→CW,2025-12-28,,20167,20167
5234,2000165076,Huinca,El Parque,20170,L2,V1,2025-12-28 15:40:20,2025-12-28 16:07:21,CW→CC,2025-12-28,,20170,20170
5235,2000165076,El Parque,Laguna Quinenco,20173,L2,V1,2025-12-28 17:35:44,2025-12-28 18:10:45,CC→CW,2025-12-28,,20173,20173
5236,2000165238,Lomas Coloradas,Concepcion,20162,L2,V1,2025-12-28 12:29:42,2025-12-28 13:00:00,CW→CC,2025-12-28,,20162,20162
5237,2000165378,Coronel,Juan Pablo II,20166,L2,V1,2025-12-28 13:47:27,2025-12-28 14:25:44,CW→CC,2025-12-28,,20166,20166
5238,2000165418,Coronel,Concepcion,20178,L2,V1,2025-12-28 18:06:20,2025-12-28 18:59:20,CW→CC,2025-12-28,,20178,20178
5239,2000165456,Costa Mar,Concepcion,20172,L2,V1,2025-12-28 16:58:18,2025-12-28 17:29:14,CW→CC,2025-12-28,,20172,20172
5240,2000165456,Concepcion,Costa Mar,20187,L2,V1,2025-12-28 20:51:24,2025-12-28 21:23:50,CC→CW,2025-12-28,,20187,20187
5241,2000165485,Concepcion,Costa Mar,20177,L2,V1,2025-12-28 17:46:03,2025-12-28 18:45:06,CC→CW,2025-12-28,,20177,20177
5242,2000166399,Concepcion,Los Canelos,20161,L2,V1,2025-12-28 12:06:51,2025-12-28 12:48:55,CC→CW,2025-12-28,,20161,20161
5243,2000166437,Alborada,Coronel,20165,L2,V1,2025-12-28 13:23:32,2025-12-28 14:00:23,CC→CW,2025-12-28,,20165,20165
5244,2000166437,Coronel,Alborada,20172,L2,V1,2025-12-28 16:25:46,2025-12-28 17:17:02,CW→CC,2025-12-28,,20172,20172
5245,2000166513,Alborada,Laguna Quinenco,20177,L2,V1,2025-12-28 17:47:01,2025-12-28 19:12:21,CC→CW,2025-12-28,,20177,20173
5246,2000166610,Concepcion,Cristo Redentor,20151,L2,V1,2025-12-28 08:53:27,2025-12-28 10:12:59,CC→CW,2025-12-28,,20151,20151
5247,2000166689,Concepcion,Cristo Redentor,20161,L2,V1,2025-12-28 12:02:21,2025-12-28 12:54:06,CC→CW,2025-12-28,,20161,20161
5248,2000166689,Cristo Redentor,Concepcion,20178,L2,V1,2025-12-28 18:13:32,2025-12-28 18:58:25,CW→CC,2025-12-28,,20178,20178
5249,2000166733,Concepcion,Coronel,20157,L2,V1,2025-12-28 11:26:56,2025-12-28 12:17:17,CC→CW,2025-12-28,,20157,20157
5250,2000166733,Laguna Quinenco,Concepcion,20178,L2,V1,2025-12-28 18:06:23,2025-12-28 18:59:12,CW→CC,2025-12-28,,20178,20178
5251,2000166919,Los Canelos,El Parque,20160,L2,V1,2025-12-28 11:36:24,2025-12-28 11:56:43,CW→CC,2025-12-28,,20160,20160
5252,2000166951,Los Canelos,Alborada,20154,L2,V1,2025-12-28 09:58:36,2025-12-28 10:20:35,CW→CC,2025-12-28,,20154,20154
5253,2000166951,Alborada,Los Canelos,20167,L2,V1,2025-12-28 14:43:13,2025-12-28 15:09:23,CC→CW,2025-12-28,,20167,20167
5254,2000167032,Los Canelos,Cdal. Raul Silva Henriquez,20156,L2,V1,2025-12-28 10:36:38,2025-12-28 10:54:26,CW→CC,2025-12-28,,20156,20156
5255,2000167200,Concepcion,Cristo Redentor,20183,L2,V1,2025-12-28 19:53:16,2025-12-28 20:41:39,CC→CW,2025-12-28,,20183,20183
5256,2000167240,Concepcion,Cristo Redentor,20187,L2,V1,2025-12-28 20:45:00,2025-12-28 21:44:56,CC→CW,2025-12-28,,20187,20187
5257,2000167343,Concepcion,Cdal. Raul Silva Henriquez,20161,L2,V1,2025-12-28 11:54:35,2025-12-28 12:39:56,CC→CW,2025-12-28,,20161,20161
5258,2000167343,Cdal. Raul Silva Henriquez,Diagonal Bio Bio,20170,L2,V1,2025-12-28 15:48:02,2025-12-28 16:13:04,CW→CC,2025-12-28,,20170,20170
5259,2000167343,Diagonal Bio Bio,Cdal. Raul Silva Henriquez,20183,L2,V1,2025-12-28 19:32:04,2025-12-28 20:26:39,CC→CW,2025-12-28,,20183,20183
5260,2000167510,Costa Mar,Los Canelos,20171,L2,V1,2025-12-28 16:38:17,2025-12-28 17:15:26,CC→CW,2025-12-28,,20171,20171
5261,2000167839,UTF Santa Maria,Concepcion,20859,L1,V1,2025-12-28 12:14:47,2025-12-28 12:55:28,TH→HQ,2025-12-28,,20859,20859
5262,2000167869,UTF Santa Maria,Hualqui,20845,L1,V1,2025-12-28 16:07:46,2025-12-28 17:03:04,TH→HQ,2025-12-28,,20845,20845
5263,2000167869,Hualqui,UTF Santa Maria,20848,L1,V1,2025-12-28 20:02:06,2025-12-28 21:18:38,HQ→TH,2025-12-28,,20848,20848
5264,2000168042,Los Canelos,Juan Pablo II,20172,L2,V1,2025-12-28 16:35:14,2025-12-28 17:21:54,CW→CC,2025-12-28,,20172,20172
5265,2000168042,Concepcion,Los Canelos,20183,L2,V1,2025-12-28 19:45:41,2025-12-28 20:37:07,CC→CW,2025-12-28,,20183,20183
5266,2000168137,Coronel,Cdal. Raul Silva Henriquez,20162,L2,V1,2025-12-28 12:08:05,2025-12-28 12:36:35,CW→CC,2025-12-28,,20162,20162
5267,2000168292,Cdal. Raul Silva Henriquez,Cristo Redentor,20165,L2,V1,2025-12-28 13:33:03,2025-12-28 13:54:11,CC→CW,2025-12-28,,20165,20165
5268,2000168292,Laguna Quinenco,Cdal. Raul Silva Henriquez,20172,L2,V1,2025-12-28 16:44:27,2025-12-28 17:07:19,CW→CC,2025-12-28,,20172,20172
5269,2000168511,Los Canelos,Laguna Quinenco,20167,L2,V1,2025-12-28 14:55:06,2025-12-28 15:16:54,CC→CW,2025-12-28,,20167,20167
5270,2000168511,Laguna Quinenco,Los Canelos,20172,L2,V1,2025-12-28 16:21:47,2025-12-28 16:57:52,CW→CC,2025-12-28,,20172,20172
5271,2000168518,Coronel,Los Canelos,20162,L2,V1,2025-12-28 12:15:10,2025-12-28 12:26:49,CW→CC,2025-12-28,,20162,20162
5272,2000168688,Hito Galvarino,Concepcion,20166,L2,V1,2025-12-28 13:51:50,2025-12-28 14:32:59,CW→CC,2025-12-28,,20166,20166
5273,2000168688,Concepcion,Costa Mar,20177,L2,V1,2025-12-28 17:45:01,2025-12-28 18:45:46,CC→CW,2025-12-28,,20177,20177
5274,2000169048,Los Canelos,Concepcion,20182,L2,V1,2025-12-28 19:10:33,2025-12-28 20:05:10,CW→CC,2025-12-28,,20182,20182
5275,2000169227,Concepcion,Cdal. Raul Silva Henriquez,20183,L2,V1,2025-12-28 19:22:36,2025-12-28 20:27:09,CC→CW,2025-12-28,,20183,20183
5276,2000169388,Huinca,Concepcion,20186,L2,V1,2025-12-28 20:19:40,2025-12-28 20:59:57,CW→CC,2025-12-28,,20186,20186
5277,2000169454,Los Canelos,Diagonal Bio Bio,20154,L2,V1,2025-12-28 09:32:19,2025-12-28 10:23:11,CW→CC,2025-12-28,,20154,20154
5278,2000169454,Diagonal Bio Bio,Los Canelos,20179,L2,V1,2025-12-28 19:00:17,2025-12-28 19:37:30,CC→CW,2025-12-28,,20179,20179
5279,2000169728,Concepcion,Cdal. Raul Silva Henriquez,20187,L2,V1,2025-12-28 19:50:26,2025-12-28 21:32:55,CC→CW,2025-12-28,combo_por_entrada,20187,20847
5280,2000169878,Hualqui,Concepcion,20850,L1,V1,2025-12-28 09:25:53,2025-12-28 11:00:48,HQ→TH,2025-12-28,combo_por_entrada,20850,20850
5281,2000169878,Cdal. Raul Silva Henriquez,Concepcion,20182,L2,V1,2025-12-28 19:17:29,2025-12-28 21:01:08,CW→CC,2025-12-28,combo_por_entrada,20182,20182
5282,2000169931,Mercado,Hualqui,20857,L1,V1,2025-12-28 08:26:39,2025-12-28 09:36:36,TH→HQ,2025-12-28,,20857,20857
5283,2000170069,Concepcion,Lomas Coloradas,20183,L2,V1,2025-12-28 19:51:12,2025-12-28 20:22:47,CC→CW,2025-12-28,,20183,20183
5284,2000170200,Laguna Quinenco,Cdal. Raul Silva Henriquez,20178,L2,V1,2025-12-28 18:07:51,2025-12-28 18:36:08,CW→CC,2025-12-28,,20178,20178
5285,2000170240,El Parque,Huinca,20151,L2,V1,2025-12-28 09:41:32,2025-12-28 10:09:16,CC→CW,2025-12-28,,20151,20151
5286,2000170377,Lomas Coloradas,Hito Galvarino,20155,L2,V1,2025-12-28 10:49:38,2025-12-28 11:06:37,CC→CW,2025-12-28,,20155,20155
5287,2000170878,Cdal. Raul Silva Henriquez,Huinca,20167,L2,V1,2025-12-28 14:56:23,2025-12-28 15:12:07,CC→CW,2025-12-28,,20167,20167
5288,2000171158,Lomas Coloradas,Concepcion,20166,L2,V1,2025-12-28 14:11:44,2025-12-28 14:32:26,CW→CC,2025-12-28,,20166,20166
5289,2000171173,Concepcion,Los Canelos,20155,L2,V1,2025-12-28 10:28:35,2025-12-28 11:09:17,CC→CW,2025-12-28,,20155,20155
5290,2000171311,Hito Galvarino,Juan Pablo II,20172,L2,V1,2025-12-28 16:59:27,2025-12-28 17:21:57,CW→CC,2025-12-28,,20172,20172
5291,2000171443,Lomas Coloradas,Hito Galvarino,20155,L2,V1,2025-12-28 10:49:42,2025-12-28 11:06:17,CC→CW,2025-12-28,,20155,20155
5292,2000171443,Hito Galvarino,Lomas Coloradas,20186,L2,V1,2025-12-28 20:24:29,2025-12-28 20:39:13,CW→CC,2025-12-28,,20186,20186
5293,2000171559,Alborada,Los Canelos,20183,L2,V1,2025-12-28 20:00:02,2025-12-28 20:40:07,CC→CW,2025-12-28,,20183,20183
5294,2000171598,Hito Galvarino,Cristo Redentor,20171,L2,V1,2025-12-28 16:41:36,2025-12-28 17:18:18,CC→CW,2025-12-28,,20171,20171
5295,2000172400,Concepcion,Costa Mar,20187,L2,V1,2025-12-28 20:58:27,2025-12-28 21:24:21,CC→CW,2025-12-28,,20187,20187
5296,2000172571,El Parque,Concepcion,20182,L2,V1,2025-12-28 19:26:19,2025-12-28 20:00:26,CW→CC,2025-12-28,,20182,20182
5297,2000172620,Concepcion,Alborada,20173,L2,V1,2025-12-28 17:15:29,2025-12-28 17:44:10,CC→CW,2025-12-28,,20173,20173
5298,2000172821,Los Canelos,Juan Pablo II,20150,L2,V1,2025-12-28 08:46:09,2025-12-28 09:38:56,CW→CC,2025-12-28,,20150,20150
5299,2000172821,Diagonal Bio Bio,Los Canelos,20183,L2,V1,2025-12-28 19:29:26,2025-12-28 20:37:37,CC→CW,2025-12-28,,20183,20183
5300,2000172827,Concepcion,Los Canelos,20171,L2,V1,2025-12-28 16:17:05,2025-12-28 17:15:31,CC→CW,2025-12-28,,20171,20171
5301,2000172827,Los Canelos,Concepcion,20186,L2,V1,2025-12-28 20:16:47,2025-12-28 21:00:22,CW→CC,2025-12-28,,20186,20186
5302,2000172914,Hito Galvarino,Concepcion,20150,L2,V1,2025-12-28 08:52:49,2025-12-28 09:30:58,CW→CC,2025-12-28,,20150,20150
5303,2000172915,Concepcion,Alborada,20183,L2,V1,2025-12-28 19:53:41,2025-12-28 20:14:35,CC→CW,2025-12-28,,20183,20183
5304,2000172926,Cristo Redentor,Concepcion,20166,L2,V1,2025-12-28 13:55:57,2025-12-28 14:36:21,CW→CC,2025-12-28,,20166,20166
5305,2000173130,Juan Pablo II,Cdal. Raul Silva Henriquez,20169,L2,V1,2025-12-28 15:34:51,2025-12-28 15:53:02,CC→CW,2025-12-28,,20169,20169
5306,2000173172,Cristo Redentor,Concepcion,20176,L2,V1,2025-12-28 17:45:11,2025-12-28 18:27:58,CW→CC,2025-12-28,,20176,20176
5307,2000173231,Concepcion,Costa Mar,20187,L2,V1,2025-12-28 20:58:44,2025-12-28 21:25:29,CC→CW,2025-12-28,,20187,20187
5308,2000173235,Costa Mar,El Parque,20169,L2,V1,2025-12-28 15:37:33,2025-12-28 15:47:51,CC→CW,2025-12-28,,20169,20169
5309,2000173235,El Parque,Costa Mar,20172,L2,V1,2025-12-28 16:51:42,2025-12-28 17:14:31,CW→CC,2025-12-28,,20172,20172
5310,2000173831,Coronel,Concepcion,20150,L2,V1,2025-12-28 08:44:42,2025-12-28 09:31:06,CW→CC,2025-12-28,,20150,20150
5311,2000173831,Concepcion,Coronel,20171,L2,V1,2025-12-28 15:43:37,2025-12-28 17:23:41,CC→CW,2025-12-28,,20171,20171
5312,2000173859,Los Canelos,Juan Pablo II,20172,L2,V1,2025-12-28 16:48:55,2025-12-28 17:22:18,CW→CC,2025-12-28,,20172,20172
5313,2000173915,Concepcion,Coronel,20171,L2,V1,2025-12-28 16:09:39,2025-12-28 17:23:43,CC→CW,2025-12-28,combo_por_entrada,20171,20171
5314,2000174249,Laguna Quinenco,Costa Mar,20162,L2,V1,2025-12-28 11:54:28,2025-12-28 12:44:42,CW→CC,2025-12-28,,20162,20162
5315,2000174406,Concepcion,Costa Mar,20171,L2,V1,2025-12-28 15:54:52,2025-12-28 16:55:22,CC→CW,2025-12-28,,20171,20171
5316,2000174504,Concepcion,Laguna Quinenco,20173,L2,V1,2025-12-28 17:30:04,2025-12-28 18:10:49,CC→CW,2025-12-28,,20173,20173
5317,2000174645,Los Canelos,Concepcion,20168,L2,V1,2025-12-28 14:49:34,2025-12-28 15:28:46,CW→CC,2025-12-28,,20168,20168
5318,2000174645,Concepcion,Los Canelos,20171,L2,V1,2025-12-28 16:22:37,2025-12-28 17:13:08,CC→CW,2025-12-28,,20171,20171
5319,2000175195,Cdal. Raul Silva Henriquez,Concepcion,20154,L2,V1,2025-12-28 10:04:35,2025-12-28 10:32:40,CW→CC,2025-12-28,,20154,20154
5320,2000175195,Concepcion,Cdal. Raul Silva Henriquez,20169,L2,V1,2025-12-28 15:26:42,2025-12-28 15:53:14,CC→CW,2025-12-28,,20169,20169
5321,2000175195,Cdal. Raul Silva Henriquez,Los Canelos,20183,L2,V1,2025-12-28 20:19:55,2025-12-28 20:37:27,CC→CW,2025-12-28,,20183,20183
5322,2000175355,Concepcion,Juan Pablo II,20155,L2,V1,2025-12-28 10:05:57,2025-12-28 10:44:29,CC→CW,2025-12-28,,20155,20155
5323,2000175355,Juan Pablo II,Concepcion,20176,L2,V1,2025-12-28 18:19:33,2025-12-28 18:32:06,CW→CC,2025-12-28,,20176,20176
5324,2000175377,Cristo Redentor,Concepcion,20170,L2,V1,2025-12-28 15:34:50,2025-12-28 16:22:59,CW→CC,2025-12-28,,20170,20170
5325,2000175430,Manquimavida,Lzo. Arenas,20846,L1,V1,2025-12-28 17:14:43,2025-12-28 17:42:06,HQ→TH,2025-12-28,,20846,20846
5326,2000175464,Concepcion,Cristo Redentor,20155,L2,V1,2025-12-28 10:27:38,2025-12-28 12:06:14,CC→CW,2025-12-28,,20155,20155
5327,2000175464,Coronel,Concepcion,20186,L2,V1,2025-12-28 20:04:46,2025-12-28 20:59:17,CW→CC,2025-12-28,,20186,20186
5328,2000175491,Concepcion,Huinca,20171,L2,V1,2025-12-28 16:30:35,2025-12-28 17:16:28,CC→CW,2025-12-28,,20171,20171
5329,2000175571,Lomas Coloradas,Juan Pablo II,20156,L2,V1,2025-12-28 10:55:49,2025-12-28 11:12:11,CW→CC,2025-12-28,,20156,20156
5330,2000175872,Huinca,Concepcion,20166,L2,V1,2025-12-28 13:37:09,2025-12-28 14:33:13,CW→CC,2025-12-28,,20166,20166
5331,2000175872,Concepcion,Huinca,20179,L2,V1,2025-12-28 18:48:14,2025-12-28 19:39:59,CC→CW,2025-12-28,,20179,20179
5332,2000175922,Coronel,Concepcion,20160,L2,V1,2025-12-28 11:24:57,2025-12-28 12:13:36,CW→CC,2025-12-28,,20160,20160
5333,2000175922,Concepcion,Los Canelos,20169,L2,V1,2025-12-28 15:08:32,2025-12-28 16:02:50,CC→CW,2025-12-28,,20169,20169
5334,2000176146,Coronel,Los Canelos,20154,L2,V1,2025-12-28 09:45:23,2025-12-28 10:00:28,CW→CC,2025-12-28,,20154,20154
5335,2000176148,Cristo Redentor,Laguna Quinenco,20161,L2,V1,2025-12-28 12:29:54,2025-12-28 12:57:18,CC→CW,2025-12-28,,20161,20161
5336,2000176148,Laguna Quinenco,Cristo Redentor,20186,L2,V1,2025-12-28 19:43:19,2025-12-28 20:22:26,CW→CC,2025-12-28,,20186,20186
5337,2000176198,Coronel,Cristo Redentor,20182,L2,V1,2025-12-28 18:39:19,2025-12-28 19:24:56,CW→CC,2025-12-28,,20182,20182
5338,2000176246,Huinca,Laguna Quinenco,20187,L2,V1,2025-12-28 21:37:33,2025-12-28 21:47:30,CC→CW,2025-12-28,,20187,20187
5339,2000176382,Cristo Redentor,Concepcion,20168,L2,V1,2025-12-28 14:46:18,2025-12-28 15:29:26,CW→CC,2025-12-28,,20168,20168
5340,2000176390,Concepcion,Coronel,20179,L2,V1,2025-12-28 18:51:57,2025-12-28 19:48:39,CC→CW,2025-12-28,,20179,20179
5341,2000176611,Cristo Redentor,Lomas Coloradas,20172,L2,V1,2025-12-28 16:44:18,2025-12-28 17:10:51,CW→CC,2025-12-28,,20172,20172
5342,2000176613,Los Condores,Hualqui,20845,L1,V1,2025-12-28 15:36:39,2025-12-28 17:01:21,TH→HQ,2025-12-28,,20845,20845
5343,2000176874,Concepcion,Huinca,20155,L2,V1,2025-12-28 09:45:06,2025-12-28 11:12:26,CC→CW,2025-12-28,combo_por_entrada,20155,20155
5344,2000176874,Concepcion,Chiguayante,20847,L1,V1,2025-12-28 18:06:59,2025-12-28 20:40:31,TH→HQ,2025-12-28,combo_por_entrada,20847,20847
5345,2000176975,Diagonal Bio Bio,Cdal. Raul Silva Henriquez,20161,L2,V1,2025-12-28 12:24:01,2025-12-28 12:40:29,CC→CW,2025-12-28,,20161,20161
5346,2000177005,Concepcion,Costa Mar,20167,L2,V1,2025-12-28 14:01:34,2025-12-28 14:51:37,CC→CW,2025-12-28,,20167,20167
5347,2000177034,Huinca,Diagonal Bio Bio,20170,L2,V1,2025-12-28 15:40:21,2025-12-28 16:13:48,CW→CC,2025-12-28,,20170,20170
5348,2000177292,Laguna Quinenco,Cristo Redentor,20178,L2,V1,2025-12-28 18:07:21,2025-12-28 18:23:04,CW→CC,2025-12-28,,20178,20178
5349,2000177325,Los Condores,Concepcion,20857,L1,V1,2025-12-28 08:37:19,2025-12-28 08:56:30,TH→HQ,2025-12-28,,20857,20857
5350,2000177325,Concepcion,Los Condores,20844,L1,V1,2025-12-28 12:39:56,2025-12-28 13:17:08,HQ→TH,2025-12-28,,20844,20844
5351,2000177341,Concepcion,Cristo Redentor,20155,L2,V1,2025-12-28 10:18:43,2025-12-28 11:14:12,CC→CW,2025-12-28,,20155,20155
5352,2000177478,Los Canelos,Concepcion,20166,L2,V1,2025-12-28 13:55:56,2025-12-28 14:41:36,CW→CC,2025-12-28,,20166,20166
5353,2000177478,Concepcion,Los Canelos,20179,L2,V1,2025-12-28 18:53:56,2025-12-28 19:35:29,CC→CW,2025-12-28,,20179,20179
5354,2000177679,Concepcion,Cristo Redentor,20161,L2,V1,2025-12-28 11:50:17,2025-12-28 12:55:07,CC→CW,2025-12-28,,20161,20161
5355,2000177829,Cristo Redentor,Concepcion,20150,L2,V1,2025-12-28 08:28:16,2025-12-28 09:30:37,CW→CC,2025-12-28,,20150,20150
5356,2000177829,Concepcion,Los Canelos,20179,L2,V1,2025-12-28 18:41:08,2025-12-28 19:35:42,CC→CW,2025-12-28,,20179,20179
5357,2000177939,Huinca,El Parque,20150,L2,V1,2025-12-28 08:48:44,2025-12-28 09:13:58,CW→CC,2025-12-28,,20150,20150
5358,2000177939,El Parque,Los Canelos,20183,L2,V1,2025-12-28 20:17:54,2025-12-28 20:36:46,CC→CW,2025-12-28,,20183,20183
5359,2000177986,Concepcion,Hualqui,20845,L1,V1,2025-12-28 15:18:26,2025-12-28 17:01:38,TH→HQ,2025-12-28,combo_por_entrada,20845,20845
5360,2000178208,Chiguayante,La Leonera,20859,L1,V1,2025-12-28 12:32:13,2025-12-28 13:18:54,TH→HQ,2025-12-28,,20859,20859
5361,2000178388,Concepcion,Cristo Redentor,20167,L2,V1,2025-12-28 14:20:56,2025-12-28 15:14:44,CC→CW,2025-12-28,,20167,20167
5362,2000178582,El Parque,Huinca,20177,L2,V1,2025-12-28 18:35:19,2025-12-28 19:07:29,CC→CW,2025-12-28,,20177,20177
5363,2000178650,El Parque,Huinca,20167,L2,V1,2025-12-28 14:49:35,2025-12-28 15:12:03,CC→CW,2025-12-28,,20167,20167
5364,2000178803,Hito Galvarino,Concepcion,20182,L2,V1,2025-12-28 19:11:34,2025-12-28 20:01:07,CW→CC,2025-12-28,,20182,20182
5365,2000178812,Juan Pablo II,Hito Galvarino,20161,L2,V1,2025-12-28 12:15:31,2025-12-28 12:44:49,CC→CW,2025-12-28,,20161,20161
5366,2000178884,Huinca,Cristo Redentor,20187,L2,V1,2025-12-28 21:38:19,2025-12-28 21:45:38,CC→CW,2025-12-28,,20187,20187
5367,2000179006,UTF Santa Maria,Manquimavida,20847,L1,V1,2025-12-28 19:58:18,2025-12-28 20:45:20,TH→HQ,2025-12-28,,20847,20847
5368,2000179158,Hito Galvarino,Coronel,20165,L2,V1,2025-12-28 12:53:20,2025-12-28 13:59:59,CC→CW,2025-12-28,,20165,20165
5369,2000179219,Lomas Coloradas,Coronel,20151,L2,V1,2025-12-28 09:49:42,2025-12-28 10:16:59,CC→CW,2025-12-28,,20151,20151
5370,2000179291,Costa Mar,Laguna Quinenco,20151,L2,V1,2025-12-28 09:40:33,2025-12-28 10:13:54,CC→CW,2025-12-28,,20151,20151
5371,2000179291,Laguna Quinenco,Costa Mar,20186,L2,V1,2025-12-28 20:11:31,2025-12-28 20:43:58,CW→CC,2025-12-28,,20186,20186
5372,2000179423,Diagonal Bio Bio,Laguna Quinenco,20151,L2,V1,2025-12-28 09:21:58,2025-12-28 10:15:44,CC→CW,2025-12-28,,20151,20151
5373,2000179423,Laguna Quinenco,Diagonal Bio Bio,20178,L2,V1,2025-12-28 17:59:30,2025-12-28 18:49:37,CW→CC,2025-12-28,,20178,20178
5374,2000179622,Los Canelos,El Parque,20170,L2,V1,2025-12-28 15:31:05,2025-12-28 16:06:28,CW→CC,2025-12-28,,20170,20170
5375,2000179907,Costa Mar,Alborada,20168,L2,V1,2025-12-28 15:06:57,2025-12-28 15:16:14,CW→CC,2025-12-28,,20168,20168
5376,2000180227,Concepcion,Cristo Redentor,20177,L2,V1,2025-12-28 18:04:30,2025-12-28 19:11:09,CC→CW,2025-12-28,,20177,20177
5377,2000180297,Coronel,Concepcion,20162,L2,V1,2025-12-28 12:09:56,2025-12-28 12:59:08,CW→CC,2025-12-28,,20162,20162
5378,2000180460,El Parque,Costa Mar,20176,L2,V1,2025-12-28 18:05:28,2025-12-28 18:11:53,CW→CC,2025-12-28,,20176,20176
5379,2000180783,Lomas Coloradas,Los Canelos,20165,L2,V1,2025-12-28 13:34:09,2025-12-28 13:48:31,CC→CW,2025-12-28,,20165,20165
5380,2000180849,Hito Galvarino,Concepcion,20166,L2,V1,2025-12-28 13:54:25,2025-12-28 14:34:40,CW→CC,2025-12-28,,20166,20166
5381,2000180868,Cdal. Raul Silva Henriquez,Los Canelos,20161,L2,V1,2025-12-28 12:35:06,2025-12-28 12:48:47,CC→CW,2025-12-28,,20161,20161
5382,2000181255,Los Canelos,Concepcion,20162,L2,V1,2025-12-28 12:15:55,2025-12-28 12:59:47,CW→CC,2025-12-28,,20162,20162
5383,2000181255,Concepcion,Los Canelos,20177,L2,V1,2025-12-28 18:17:38,2025-12-28 19:05:20,CC→CW,2025-12-28,,20177,20177
5384,2000181582,Lomas Coloradas,Diagonal Bio Bio,20160,L2,V1,2025-12-28 11:50:57,2025-12-28 12:03:28,CW→CC,2025-12-28,,20160,20160
5385,2000181597,Lomas Coloradas,Concepcion,20178,L2,V1,2025-12-28 18:23:43,2025-12-28 18:59:01,CW→CC,2025-12-28,,20178,20178
5386,2000181626,Cristo Redentor,Concepcion,20150,L2,V1,2025-12-28 08:50:26,2025-12-28 09:37:27,CW→CC,2025-12-28,,20150,20150
5387,2000181626,Concepcion,Cristo Redentor,20187,L2,V1,2025-12-28 21:02:43,2025-12-28 21:44:09,CC→CW,2025-12-28,,20187,20187
5388,2000181738,Juan Pablo II,Lomas Coloradas,20171,L2,V1,2025-12-28 16:32:54,2025-12-28 17:00:45,CC→CW,2025-12-28,,20171,20171
5389,2000182064,Lomas Coloradas,El Parque,20162,L2,V1,2025-12-28 12:22:04,2025-12-28 12:42:20,CW→CC,2025-12-28,,20162,20162
5390,2000182064,El Parque,Lomas Coloradas,20187,L2,V1,2025-12-28 20:48:41,2025-12-28 21:30:01,CC→CW,2025-12-28,,20187,20187
5391,2000182422,Laguna Quinenco,Concepcion,20162,L2,V1,2025-12-28 12:12:04,2025-12-28 13:01:15,CW→CC,2025-12-28,,20162,20162
5392,2000182524,Laguna Quinenco,Concepcion,20172,L2,V1,2025-12-28 16:10:10,2025-12-28 17:31:08,CW→CC,2025-12-28,,20172,20172
5393,2000182524,Concepcion,Laguna Quinenco,20177,L2,V1,2025-12-28 18:17:51,2025-12-28 19:12:33,CC→CW,2025-12-28,,20177,20177
5394,2000182609,Los Canelos,Concepcion,20150,L2,V1,2025-12-28 08:52:56,2025-12-28 09:30:01,CW→CC,2025-12-28,,20150,20150
5395,2000182609,Concepcion,Los Canelos,20187,L2,V1,2025-12-28 20:34:20,2025-12-28 21:40:24,CC→CW,2025-12-28,,20187,20187
5396,2000182836,Cdal. Raul Silva Henriquez,Concepcion,20150,L2,V1,2025-12-28 08:59:48,2025-12-28 09:30:13,CW→CC,2025-12-28,,20150,20150
5397,2000182847,Cdal. Raul Silva Henriquez,Lomas Coloradas,20168,L2,V1,2025-12-28 14:41:24,2025-12-28 15:09:14,CW→CC,2025-12-28,,20168,20168
5398,2000182847,Lomas Coloradas,Cdal. Raul Silva Henriquez,20169,L2,V1,2025-12-28 15:43:50,2025-12-28 15:53:18,CC→CW,2025-12-28,,20169,20169
5399,2000182856,Coronel,Cdal. Raul Silva Henriquez,20168,L2,V1,2025-12-28 14:39:40,2025-12-28 15:07:08,CW→CC,2025-12-28,,20168,20168
5400,2000182882,Cdal. Raul Silva Henriquez,Concepcion,20160,L2,V1,2025-12-28 11:40:19,2025-12-28 12:13:38,CW→CC,2025-12-28,,20160,20160
5401,2000182886,Concepcion,Cdal. Raul Silva Henriquez,20173,L2,V1,2025-12-28 17:19:27,2025-12-28 17:53:38,CC→CW,2025-12-28,,20173,20173
5402,2000182942,Cdal. Raul Silva Henriquez,El Parque,20168,L2,V1,2025-12-28 14:58:21,2025-12-28 15:12:21,CW→CC,2025-12-28,,20168,20168
5403,2000182942,El Parque,Lomas Coloradas,20169,L2,V1,2025-12-28 15:39:47,2025-12-28 15:50:11,CC→CW,2025-12-28,,20169,20169
5404,2000182968,Hualqui,Concepcion,20846,L1,V1,2025-12-28 16:50:22,2025-12-28 18:54:18,HQ→TH,2025-12-28,combo_relajado_pase1,20846,20177
5405,2000183185,Concepcion,Concepcion,,,N/A,2025-12-28 12:37:07,2025-12-28 12:39:12,,2025-12-28,no viajo,,
5406,2000183185,Concepcion,Los Canelos,20165,L2,V1,2025-12-28 12:55:04,2025-12-28 13:48:53,CC→CW,2025-12-28,,20165,20165
5407,2000183206,Concepcion,Alborada,20171,L2,V1,2025-12-28 15:59:26,2025-12-28 16:54:50,CC→CW,2025-12-28,,20171,20171
5408,2000183206,Alborada,Costa Mar,20173,L2,V1,2025-12-28 17:36:36,2025-12-28 17:45:48,CC→CW,2025-12-28,,20173,20173
5409,2000183206,Costa Mar,Concepcion,20178,L2,V1,2025-12-28 18:32:52,2025-12-28 18:59:02,CW→CC,2025-12-28,,20178,20178
5410,2000183217,Concepcion,Coronel,20177,L2,V1,2025-12-28 18:12:00,2025-12-28 19:16:23,CC→CW,2025-12-28,,20177,20177
5411,2000183227,Hito Galvarino,El Parque,20172,L2,V1,2025-12-28 16:12:36,2025-12-28 17:12:01,CW→CC,2025-12-28,,20172,20172
5412,2000183243,Lomas Coloradas,Concepcion,20154,L2,V1,2025-12-28 09:59:40,2025-12-28 10:32:09,CW→CC,2025-12-28,,20154,20154
5413,2000183243,Concepcion,Lomas Coloradas,20157,L2,V1,2025-12-28 10:57:39,2025-12-28 11:50:14,CC→CW,2025-12-28,,20157,20157
5414,2000183315,Concepcion,El Parque,20157,L2,V1,2025-12-28 11:26:00,2025-12-28 11:48:13,CC→CW,2025-12-28,,20157,20157
5415,2000183367,Concepcion,Cdal. Raul Silva Henriquez,20173,L2,V1,2025-12-28 17:27:07,2025-12-28 17:53:34,CC→CW,2025-12-28,,20173,20173
5416,2000183400,Pedro Medina,Hualqui,20847,L1,V1,2025-12-28 20:22:40,2025-12-28 21:01:10,TH→HQ,2025-12-28,,20847,20847
5417,2000183453,Hito Galvarino,Laguna Quinenco,20157,L2,V1,2025-12-28 11:46:39,2025-12-28 12:12:32,CC→CW,2025-12-28,,20157,20157
5418,2000183520,Concepcion,Concepcion,,,N/A,2025-12-28 08:48:55,2025-12-28 08:49:27,,2025-12-28,no viajo,,
5419,2000183549,Laguna Quinenco,Diagonal Bio Bio,20156,L2,V1,2025-12-28 10:27:10,2025-12-28 11:08:04,CW→CC,2025-12-28,,20156,20156
5420,2000183549,Diagonal Bio Bio,Laguna Quinenco,20179,L2,V1,2025-12-28 19:06:32,2025-12-28 19:42:43,CC→CW,2025-12-28,,20179,20179
5421,2000183606,Hito Galvarino,Concepcion,20154,L2,V1,2025-12-28 09:09:52,2025-12-28 10:32:57,CW→CC,2025-12-28,,20154,20154
5422,2000184026,Concepcion,Laguna Quinenco,20177,L2,V1,2025-12-28 18:08:09,2025-12-28 19:12:26,CC→CW,2025-12-28,,20177,20177
5423,2000184077,Concepcion,Costa Mar,20173,L2,V1,2025-12-28 17:21:34,2025-12-28 17:45:14,CC→CW,2025-12-28,,20173,20173
5424,2000184147,Costa Mar,Concepcion,20182,L2,V1,2025-12-28 19:41:38,2025-12-28 20:00:04,CW→CC,2025-12-28,,20182,20182
5425,2000184316,Los Canelos,Juan Pablo II,20170,L2,V1,2025-12-28 15:48:13,2025-12-28 16:15:52,CW→CC,2025-12-28,,20170,20170
5426,2000184346,Costa Mar,Lomas Coloradas,20171,L2,V1,2025-12-28 16:38:46,2025-12-28 17:00:28,CC→CW,2025-12-28,,20171,20171
5427,2000184350,Juan Pablo II,Lomas Coloradas,20171,L2,V1,2025-12-28 16:33:08,2025-12-28 17:00:52,CC→CW,2025-12-28,,20171,20171
5428,2000184476,El Parque,Lomas Coloradas,20179,L2,V1,2025-12-28 18:56:55,2025-12-28 19:22:47,CC→CW,2025-12-28,,20179,20179
5429,2000184607,Juan Pablo II,Concepcion,20160,L2,V1,2025-12-28 11:49:30,2025-12-28 13:15:52,CW→CC,2025-12-28,combo_relajado_pase1,20160,20859
5430,2000184885,Huinca,Costa Mar,20150,L2,V1,2025-12-28 08:48:09,2025-12-28 09:16:16,CW→CC,2025-12-28,,20150,20150
5431,2000185017,Costa Mar,Diagonal Bio Bio,20172,L2,V1,2025-12-28 17:03:01,2025-12-28 17:19:07,CW→CC,2025-12-28,,20172,20172
5432,2000185219,Cdal. Raul Silva Henriquez,Juan Pablo II,20172,L2,V1,2025-12-28 16:59:01,2025-12-28 17:22:19,CW→CC,2025-12-28,,20172,20172
5433,2000185566,Laguna Quinenco,Concepcion,20162,L2,V1,2025-12-28 12:12:07,2025-12-28 13:01:21,CW→CC,2025-12-28,,20162,20162
5434,2000185741,Laguna Quinenco,Cristo Redentor,20170,L2,V1,2025-12-28 15:30:06,2025-12-28 15:46:51,CW→CC,2025-12-28,,20170,20170
5435,2000186058,Coronel,Concepcion,20162,L2,V1,2025-12-28 12:11:31,2025-12-28 12:58:35,CW→CC,2025-12-28,,20162,20162
5436,2000186207,Coronel,El Parque,20176,L2,V1,2025-12-28 17:37:20,2025-12-28 18:10:20,CW→CC,2025-12-28,,20176,20176
5437,2000186207,El Parque,Coronel,20183,L2,V1,2025-12-28 19:53:49,2025-12-28 20:47:35,CC→CW,2025-12-28,,20183,20183
5438,2000186241,Concepcion,Laguna Quinenco,20155,L2,V1,2025-12-28 10:12:09,2025-12-28 11:17:41,CC→CW,2025-12-28,,20155,20155
5439,2000186342,Coronel,Concepcion,20170,L2,V1,2025-12-28 15:28:37,2025-12-28 16:23:04,CW→CC,2025-12-28,,20170,20170
5440,2000186342,Concepcion,Coronel,20183,L2,V1,2025-12-28 19:43:28,2025-12-28 20:46:41,CC→CW,2025-12-28,,20183,20183
5441,2000186734,Concepcion,Laguna Quinenco,20179,L2,V1,2025-12-28 18:51:25,2025-12-28 19:43:26,CC→CW,2025-12-28,,20179,20179
5442,2000186743,El Parque,Lomas Coloradas,20183,L2,V1,2025-12-28 19:38:01,2025-12-28 20:23:44,CC→CW,2025-12-28,,20183,20183
5443,2000186909,Cristo Redentor,Lomas Coloradas,20170,L2,V1,2025-12-28 15:42:27,2025-12-28 16:03:40,CW→CC,2025-12-28,,20170,20170
5444,2000186909,Lomas Coloradas,Cristo Redentor,20187,L2,V1,2025-12-28 21:11:29,2025-12-28 21:45:29,CC→CW,2025-12-28,,20187,20187
5445,2000186984,Coronel,Concepcion,20176,L2,V1,2025-12-28 17:25:02,2025-12-28 18:26:55,CW→CC,2025-12-28,,20176,20176
5446,2000186988,Lomas Coloradas,Concepcion,20172,L2,V1,2025-12-28 16:57:45,2025-12-28 17:28:56,CW→CC,2025-12-28,,20172,20172
5447,2000187011,Laguna Quinenco,Concepcion,20162,L2,V1,2025-12-28 12:11:47,2025-12-28 12:59:19,CW→CC,2025-12-28,,20162,20162
5448,2000187074,Cristo Redentor,Juan Pablo II,20176,L2,V1,2025-12-28 17:42:38,2025-12-28 18:19:58,CW→CC,2025-12-28,,20176,20176
5449,2000187074,Diagonal Bio Bio,Huinca,20187,L2,V1,2025-12-28 21:12:11,2025-12-28 21:43:53,CC→CW,2025-12-28,,20187,20187
5450,2000187246,Concepcion,Coronel,20155,L2,V1,2025-12-28 09:39:06,2025-12-28 11:20:01,CC→CW,2025-12-28,,20155,20151
5451,2000187426,Laguna Quinenco,Concepcion,20162,L2,V1,2025-12-28 12:14:05,2025-12-28 12:59:38,CW→CC,2025-12-28,,20162,20162
5452,2000187426,Concepcion,Laguna Quinenco,20169,L2,V1,2025-12-28 14:52:19,2025-12-28 16:11:53,CC→CW,2025-12-28,,20169,20169
5453,2000187479,Laguna Quinenco,Concepcion,20172,L2,V1,2025-12-28 16:30:44,2025-12-28 17:29:25,CW→CC,2025-12-28,,20172,20172
5454,2000187561,Huinca,Concepcion,20150,L2,V1,2025-12-28 08:50:07,2025-12-28 09:33:20,CW→CC,2025-12-28,,20150,20150
5455,2000187561,Concepcion,Huinca,20157,L2,V1,2025-12-28 11:23:42,2025-12-28 12:06:10,CC→CW,2025-12-28,,20157,20157
5456,2000187570,Concepcion,Mercado,20850,L1,V1,2025-12-28 08:39:42,2025-12-28 10:32:02,HQ→TH,2025-12-28,combo_por_entrada,20850,20850
5457,2000187901,Laguna Quinenco,Los Canelos,20186,L2,V1,2025-12-28 20:17:57,2025-12-28 20:26:41,CW→CC,2025-12-28,,20186,20186
5458,2000188054,Coronel,Cdal. Raul Silva Henriquez,20162,L2,V1,2025-12-28 12:08:20,2025-12-28 12:36:35,CW→CC,2025-12-28,,20162,20162
5459,2000188054,Coronel,Juan Pablo II,20186,L2,V1,2025-12-28 20:04:52,2025-12-28 20:53:06,CW→CC,2025-12-28,,20186,20186
5460,2000188082,Concepcion,Cristo Redentor,20173,L2,V1,2025-12-28 17:22:35,2025-12-28 18:08:12,CC→CW,2025-12-28,,20173,20173
5461,2000188154,Alborada,Los Canelos,20171,L2,V1,2025-12-28 16:48:11,2025-12-28 17:13:47,CC→CW,2025-12-28,,20171,20171
5462,2000188415,Concepcion,Costa Mar,20151,L2,V1,2025-12-28 09:17:02,2025-12-28 09:47:27,CC→CW,2025-12-28,,20151,20151
5463,2000188544,Coronel,Concepcion,20176,L2,V1,2025-12-28 17:25:09,2025-12-28 18:27:40,CW→CC,2025-12-28,,20176,20176
5464,2000188654,Huinca,Cdal. Raul Silva Henriquez,20166,L2,V1,2025-12-28 13:21:19,2025-12-28 14:10:45,CW→CC,2025-12-28,,20166,20166
5465,2000188745,Concepcion,Concepcion,,,N/A,2025-12-28 17:33:44,2025-12-28 17:34:15,,2025-12-28,no viajo,,
5466,2000188745,Concepcion,Cdal. Raul Silva Henriquez,20179,L2,V1,2025-12-28 18:54:14,2025-12-28 19:25:25,CC→CW,2025-12-28,,20179,20179
5467,2000188810,Costa Mar,Laguna Quinenco,20165,L2,V1,2025-12-28 13:25:34,2025-12-28 13:56:52,CC→CW,2025-12-28,,20165,20165
5468,2000188888,El Parque,Concepcion,20186,L2,V1,2025-12-28 20:10:14,2025-12-28 20:59:25,CW→CC,2025-12-28,,20186,20186
5469,2000189260,Coronel,El Parque,20170,L2,V1,2025-12-28 15:19:30,2025-12-28 16:07:26,CW→CC,2025-12-28,,20170,20170
5470,2000189282,Concepcion,Cdal. Raul Silva Henriquez,20167,L2,V1,2025-12-28 14:27:20,2025-12-28 14:59:35,CC→CW,2025-12-28,,20167,20167
5471,2000189598,Cristo Redentor,Juan Pablo II,20156,L2,V1,2025-12-28 10:26:06,2025-12-28 11:12:21,CW→CC,2025-12-28,,20156,20156
5472,2000189755,Costa Mar,Cristo Redentor,20155,L2,V1,2025-12-28 10:06:43,2025-12-28 11:14:13,CC→CW,2025-12-28,,20155,20155
5473,2000189755,Cristo Redentor,Los Canelos,20162,L2,V1,2025-12-28 11:45:07,2025-12-28 12:27:35,CW→CC,2025-12-28,,20162,20162
5474,2000189755,Los Canelos,Costa Mar,20172,L2,V1,2025-12-28 16:45:04,2025-12-28 17:14:47,CW→CC,2025-12-28,,20172,20172
5475,2000190034,Laguna Quinenco,Concepcion,20154,L2,V1,2025-12-28 09:04:45,2025-12-28 10:36:28,CW→CC,2025-12-28,,20154,20154
5476,2000190034,Concepcion,Laguna Quinenco,20167,L2,V1,2025-12-28 13:58:49,2025-12-28 15:20:55,CC→CW,2025-12-28,,20167,20167
5477,2000190517,Costa Mar,El Parque,20171,L2,V1,2025-12-28 16:53:08,2025-12-28 16:58:36,CC→CW,2025-12-28,,20171,20171
5478,2000190517,El Parque,Los Canelos,20173,L2,V1,2025-12-28 17:37:45,2025-12-28 18:03:27,CC→CW,2025-12-28,,20173,20173
5479,2000190517,Los Canelos,Costa Mar,20186,L2,V1,2025-12-28 20:16:58,2025-12-28 20:44:46,CW→CC,2025-12-28,,20186,20186
5480,2000190546,Cristo Redentor,Concepcion,20154,L2,V1,2025-12-28 09:43:46,2025-12-28 10:33:09,CW→CC,2025-12-28,,20154,20154
5481,2000190546,Concepcion,Cristo Redentor,20177,L2,V1,2025-12-28 18:25:43,2025-12-28 19:40:40,CC→CW,2025-12-28,,20177,20177
5482,2000190699,Cristo Redentor,Coronel,20167,L2,V1,2025-12-28 14:58:54,2025-12-28 15:19:56,CC→CW,2025-12-28,,20167,20167
5483,2000190769,Concepcion,Laguna Quinenco,20173,L2,V1,2025-12-28 17:13:46,2025-12-28 18:10:58,CC→CW,2025-12-28,,20173,20173
5484,2000190844,El Arenal,Manquimavida,20859,L1,V1,2025-12-28 12:27:51,2025-12-28 13:15:59,TH→HQ,2025-12-28,,20859,20859
5485,2000190844,Manquimavida,Mercado,20848,L1,V1,2025-12-28 20:34:30,2025-12-28 21:32:25,HQ→TH,2025-12-28,,20848,20848
5486,2000190894,Concepcion,Coronel,20187,L2,V1,2025-12-28 20:43:06,2025-12-28 21:50:16,CC→CW,2025-12-28,,20187,20187
5487,2000191005,Cristo Redentor,Concepcion,20154,L2,V1,2025-12-28 09:42:05,2025-12-28 10:32:32,CW→CC,2025-12-28,,20154,20154
5488,2000191005,Concepcion,Cristo Redentor,20157,L2,V1,2025-12-28 11:04:28,2025-12-28 12:09:31,CC→CW,2025-12-28,,20157,20157
5489,2000191102,Huinca,Concepcion,20168,L2,V1,2025-12-28 14:45:32,2025-12-28 15:28:49,CW→CC,2025-12-28,,20168,20168
5490,2000191102,Concepcion,Los Canelos,20187,L2,V1,2025-12-28 20:44:34,2025-12-28 21:40:56,CC→CW,2025-12-28,,20187,20187
5491,2000191117,Concepcion,Hito Galvarino,20167,L2,V1,2025-12-28 14:22:39,2025-12-28 15:05:44,CC→CW,2025-12-28,,20167,20167
5492,2000191159,Huinca,Costa Mar,20182,L2,V1,2025-12-28 19:08:41,2025-12-28 19:46:18,CW→CC,2025-12-28,,20182,20182
5493,2000191313,Concepcion,El Parque,20173,L2,V1,2025-12-28 17:21:40,2025-12-28 17:50:15,CC→CW,2025-12-28,,20173,20173
5494,2000191430,Concepcion,Concepcion,,,N/A,2025-12-28 19:26:56,2025-12-28 19:33:53,,2025-12-28,no viajo,,
5495,2000191566,Juan Pablo II,Coronel,20187,L2,V1,2025-12-28 21:00:30,2025-12-28 21:50:19,CC→CW,2025-12-28,,20187,20187
5496,2000191664,Concepcion,Cristo Redentor,20171,L2,V1,2025-12-28 16:20:56,2025-12-28 17:19:01,CC→CW,2025-12-28,,20171,20171
5497,2000191762,Cristo Redentor,Concepcion,20154,L2,V1,2025-12-28 09:34:35,2025-12-28 10:33:51,CW→CC,2025-12-28,,20154,20154
5498,2000191762,Concepcion,El Parque,20169,L2,V1,2025-12-28 15:12:08,2025-12-28 15:48:28,CC→CW,2025-12-28,,20169,20169
5499,2000191762,El Parque,Cristo Redentor,20171,L2,V1,2025-12-28 16:37:00,2025-12-28 17:18:04,CC→CW,2025-12-28,,20171,20171
5500,2000191955,Coronel,Concepcion,20172,L2,V1,2025-12-28 16:36:55,2025-12-28 17:32:42,CW→CC,2025-12-28,,20172,20172
5501,2000191955,Concepcion,Concepcion,,,N/A,2025-12-28 19:29:24,2025-12-28 19:32:51,,2025-12-28,no viajo,,
5502,2000191955,Concepcion,Coronel,20183,L2,V1,2025-12-28 19:50:31,2025-12-28 20:46:48,CC→CW,2025-12-28,,20183,20183
5503,2000191963,Cristo Redentor,Laguna Quinenco,20169,L2,V1,2025-12-28 16:01:34,2025-12-28 16:13:07,CC→CW,2025-12-28,,20169,20169
5504,2000191963,Laguna Quinenco,Cristo Redentor,20176,L2,V1,2025-12-28 17:35:26,2025-12-28 17:50:48,CW→CC,2025-12-28,,20176,20176
5505,2000191996,Lomas Coloradas,Concepcion,20168,L2,V1,2025-12-28 15:04:33,2025-12-28 15:28:58,CW→CC,2025-12-28,,20168,20168
5506,2000191996,Concepcion,Lomas Coloradas,20171,L2,V1,2025-12-28 16:31:40,2025-12-28 17:00:23,CC→CW,2025-12-28,,20171,20171
5507,2000191998,Coronel,Juan Pablo II,20154,L2,V1,2025-12-28 09:46:13,2025-12-28 10:28:09,CW→CC,2025-12-28,,20154,20154
5508,2000192049,Laguna Quinenco,Concepcion,20178,L2,V1,2025-12-28 18:14:02,2025-12-28 19:02:08,CW→CC,2025-12-28,,20178,20178
5509,2000192113,Hito Galvarino,Huinca,20171,L2,V1,2025-12-28 16:49:39,2025-12-28 17:15:58,CC→CW,2025-12-28,,20171,20171
5510,2000192142,Hito Galvarino,Diagonal Bio Bio,20186,L2,V1,2025-12-28 20:17:06,2025-12-28 20:49:01,CW→CC,2025-12-28,,20186,20186
5511,2000192272,Huinca,Concepcion,20154,L2,V1,2025-12-28 09:21:02,2025-12-28 10:32:36,CW→CC,2025-12-28,,20154,20154
5512,2000192505,Hito Galvarino,Huinca,20187,L2,V1,2025-12-28 21:26:20,2025-12-28 21:42:16,CC→CW,2025-12-28,,20187,20187
5513,2000192519,El Parque,Cristo Redentor,20183,L2,V1,2025-12-28 20:06:58,2025-12-28 20:41:12,CC→CW,2025-12-28,,20183,20183
5514,2000192731,Concepcion,Lomas Coloradas,20157,L2,V1,2025-12-28 11:13:52,2025-12-28 11:50:22,CC→CW,2025-12-28,,20157,20157
5515,2000192777,Cdal. Raul Silva Henriquez,Laguna Quinenco,20157,L2,V1,2025-12-28 11:48:58,2025-12-28 12:13:28,CC→CW,2025-12-28,,20157,20157
5516,2000192777,Coronel,Cdal. Raul Silva Henriquez,20178,L2,V1,2025-12-28 17:57:31,2025-12-28 18:36:41,CW→CC,2025-12-28,,20178,20178
5517,2000192989,Costa Mar,Juan Pablo II,20150,L2,V1,2025-12-28 09:14:19,2025-12-28 09:23:40,CW→CC,2025-12-28,,20150,20150
5518,2000193027,Concepcion,Lomas Coloradas,20165,L2,V1,2025-12-28 13:05:28,2025-12-28 13:35:00,CC→CW,2025-12-28,,20165,20165
5519,2000193357,Coronel,Juan Pablo II,20154,L2,V1,2025-12-28 09:42:28,2025-12-28 10:27:00,CW→CC,2025-12-28,,20154,20154
5520,2000193437,Los Canelos,Concepcion,20162,L2,V1,2025-12-28 12:17:29,2025-12-28 13:06:21,CW→CC,2025-12-28,,20162,20162
5521,2000193775,Concepcion,Pedro Medina,20847,L1,V1,2025-12-28 20:20:54,2025-12-28 20:42:52,TH→HQ,2025-12-28,,20847,20847
5522,2000193803,Concepcion,Laguna Quinenco,20187,L2,V1,2025-12-28 20:41:13,2025-12-28 21:51:37,CC→CW,2025-12-28,,20187,20187
5523,2000194013,Concepcion,Lomas Coloradas,20177,L2,V1,2025-12-28 17:46:47,2025-12-28 18:53:13,CC→CW,2025-12-28,,20177,20177
5524,2000194172,Laguna Quinenco,Concepcion,20166,L2,V1,2025-12-28 13:50:33,2025-12-28 14:33:03,CW→CC,2025-12-28,,20166,20166
5525,2000194172,Concepcion,Laguna Quinenco,20171,L2,V1,2025-12-28 16:32:35,2025-12-28 17:21:53,CC→CW,2025-12-28,,20171,20171
5526,2000194242,Huinca,Concepcion,20168,L2,V1,2025-12-28 14:40:12,2025-12-28 15:28:35,CW→CC,2025-12-28,,20168,20168
5527,2000194242,Concepcion,Cristo Redentor,20173,L2,V1,2025-12-28 17:24:53,2025-12-28 18:08:40,CC→CW,2025-12-28,,20173,20173
5528,2000194302,Concepcion,Alborada,20187,L2,V1,2025-12-28 20:36:29,2025-12-28 21:22:25,CC→CW,2025-12-28,,20187,20187
5529,2000194466,Lomas Coloradas,Concepcion,20162,L2,V1,2025-12-28 12:28:31,2025-12-28 12:59:27,CW→CC,2025-12-28,,20162,20162
5530,2000194772,Alborada,Concepcion,20166,L2,V1,2025-12-28 14:10:59,2025-12-28 14:33:31,CW→CC,2025-12-28,,20166,20166
5531,2000194772,Concepcion,Alborada,20173,L2,V1,2025-12-28 17:12:17,2025-12-28 17:43:49,CC→CW,2025-12-28,,20173,20173
5532,2000194793,Huinca,Juan Pablo II,20166,L2,V1,2025-12-28 13:49:23,2025-12-28 14:26:14,CW→CC,2025-12-28,,20166,20166
5533,2000194793,Juan Pablo II,Huinca,20167,L2,V1,2025-12-28 14:42:13,2025-12-28 15:13:00,CC→CW,2025-12-28,,20167,20167
5534,2000194845,Laguna Quinenco,Huinca,20178,L2,V1,2025-12-28 18:07:18,2025-12-28 18:25:19,CW→CC,2025-12-28,,20178,20178
5535,2000194909,Concepcion,El Parque,20151,L2,V1,2025-12-28 09:15:30,2025-12-28 09:50:13,CC→CW,2025-12-28,,20151,20151
5536,2000195037,Los Condores,Concepcion,20859,L1,V1,2025-12-28 12:31:30,2025-12-28 12:54:29,TH→HQ,2025-12-28,,20859,20859
5537,2000195037,Concepcion,Los Condores,20848,L1,V1,2025-12-28 20:34:21,2025-12-28 21:21:11,HQ→TH,2025-12-28,,20848,20848
5538,2000195046,Los Canelos,Concepcion,20162,L2,V1,2025-12-28 12:23:22,2025-12-28 12:59:43,CW→CC,2025-12-28,,20162,20162
5539,2000195115,Lomas Coloradas,Concepcion,20178,L2,V1,2025-12-28 18:28:52,2025-12-28 18:59:03,CW→CC,2025-12-28,,20178,20178
5540,2000195173,Coronel,Diagonal Bio Bio,20172,L2,V1,2025-12-28 16:39:21,2025-12-28 17:19:42,CW→CC,2025-12-28,,20172,20172
5541,2000195210,Concepcion,El Parque,20155,L2,V1,2025-12-28 10:15:55,2025-12-28 10:53:54,CC→CW,2025-12-28,,20155,20155
5542,2000195232,Concepcion,Concepcion,,,N/A,2025-12-28 17:15:32,2025-12-28 17:29:10,,2025-12-28,no viajo,,
5543,2000195259,Cdal. Raul Silva Henriquez,Costa Mar,20166,L2,V1,2025-12-28 14:07:12,2025-12-28 14:20:29,CW→CC,2025-12-28,,20166,20166
5544,2000195281,Cdal. Raul Silva Henriquez,Costa Mar,20168,L2,V1,2025-12-28 15:02:38,2025-12-28 15:15:10,CW→CC,2025-12-28,,20168,20168
5545,2000195284,Concepcion,Cdal. Raul Silva Henriquez,20183,L2,V1,2025-12-28 19:45:56,2025-12-28 20:26:34,CC→CW,2025-12-28,,20183,20183
5546,2000195360,Diagonal Bio Bio,Huinca,20167,L2,V1,2025-12-28 14:28:50,2025-12-28 15:11:57,CC→CW,2025-12-28,,20167,20167
5547,2000195365,Cdal. Raul Silva Henriquez,Juan Pablo II,20156,L2,V1,2025-12-28 10:46:52,2025-12-28 11:10:58,CW→CC,2025-12-28,,20156,20156
5548,2000195371,Cdal. Raul Silva Henriquez,Concepcion,20154,L2,V1,2025-12-28 10:05:42,2025-12-28 10:41:26,CW→CC,2025-12-28,,20154,20154
5549,2000195371,Concepcion,Cdal. Raul Silva Henriquez,20157,L2,V1,2025-12-28 10:45:17,2025-12-28 11:53:25,CC→CW,2025-12-28,,20157,20157
5550,2000195444,Concepcion,Lomas Coloradas,20187,L2,V1,2025-12-28 20:15:10,2025-12-28 21:30:59,CC→CW,2025-12-28,,20187,20187
5551,2000195522,Costa Mar,Hito Galvarino,20179,L2,V1,2025-12-28 19:08:39,2025-12-28 19:32:37,CC→CW,2025-12-28,,20179,20179
5552,2000195540,Los Canelos,Juan Pablo II,20150,L2,V1,2025-12-28 08:50:59,2025-12-28 09:23:53,CW→CC,2025-12-28,,20150,20150
5553,2000195540,Juan Pablo II,Los Canelos,20183,L2,V1,2025-12-28 19:36:37,2025-12-28 20:38:06,CC→CW,2025-12-28,,20183,20183
5554,2000195614,Coronel,Diagonal Bio Bio,20178,L2,V1,2025-12-28 18:07:52,2025-12-28 18:48:51,CW→CC,2025-12-28,,20178,20178
5555,2000195840,Los Condores,Concepcion,20845,L1,V1,2025-12-28 16:02:00,2025-12-28 16:25:15,TH→HQ,2025-12-28,,20845,20845
5556,2000195860,Diagonal Bio Bio,Costa Mar,20183,L2,V1,2025-12-28 19:54:54,2025-12-28 20:16:21,CC→CW,2025-12-28,,20183,20183
5557,2000196051,Concepcion,Los Canelos,20179,L2,V1,2025-12-28 18:38:58,2025-12-28 19:35:58,CC→CW,2025-12-28,,20179,20179
5558,2000196061,Huinca,Concepcion,20176,L2,V1,2025-12-28 17:41:26,2025-12-28 18:29:10,CW→CC,2025-12-28,,20176,20176
5559,2000196061,Concepcion,Los Canelos,20183,L2,V1,2025-12-28 19:39:16,2025-12-28 20:36:57,CC→CW,2025-12-28,,20183,20183
5560,2000196195,Costa Mar,Lomas Coloradas,20179,L2,V1,2025-12-28 19:02:22,2025-12-28 19:22:25,CC→CW,2025-12-28,,20179,20179
5561,2000196356,Lomas Coloradas,Cristo Redentor,20155,L2,V1,2025-12-28 10:45:18,2025-12-28 11:14:15,CC→CW,2025-12-28,,20155,20155
5562,2000196356,Cristo Redentor,Lomas Coloradas,20160,L2,V1,2025-12-28 11:35:00,2025-12-28 11:53:51,CW→CC,2025-12-28,,20160,20160
5563,2000196402,Concepcion,Laguna Quinenco,20165,L2,V1,2025-12-28 12:32:15,2025-12-28 13:56:44,CC→CW,2025-12-28,,20165,20165
5564,2000196674,Concepcion,Huinca,20187,L2,V1,2025-12-28 20:52:19,2025-12-28 21:43:37,CC→CW,2025-12-28,,20187,20187
5565,2000196713,Concepcion,Hito Galvarino,20187,L2,V1,2025-12-28 20:26:47,2025-12-28 21:37:28,CC→CW,2025-12-28,,20187,20187
5566,2000196812,Lomas Coloradas,Laguna Quinenco,20165,L2,V1,2025-12-28 13:12:03,2025-12-28 13:56:10,CC→CW,2025-12-28,,20165,20165
5567,2000196866,Los Canelos,Concepcion,20178,L2,V1,2025-12-28 18:16:30,2025-12-28 18:59:39,CW→CC,2025-12-28,,20178,20178
5568,2000196966,Higueras,Chiguayante,20845,L1,V1,2025-12-28 16:04:28,2025-12-28 16:40:13,TH→HQ,2025-12-28,,20845,20845
5569,2000197218,Cristo Redentor,Concepcion,20160,L2,V1,2025-12-28 10:56:18,2025-12-28 12:13:56,CW→CC,2025-12-28,,20160,20160
5570,2000197218,Concepcion,Cristo Redentor,20169,L2,V1,2025-12-28 15:18:53,2025-12-28 16:09:02,CC→CW,2025-12-28,,20169,20169
5571,2000197248,Concepcion,Coronel,20165,L2,V1,2025-12-28 12:42:37,2025-12-28 14:00:13,CC→CW,2025-12-28,,20165,20165
5572,2000197280,Costa Mar,Lomas Coloradas,20171,L2,V1,2025-12-28 16:38:26,2025-12-28 17:01:23,CC→CW,2025-12-28,,20171,20171
5573,2000197337,Hito Galvarino,Cristo Redentor,20187,L2,V1,2025-12-28 21:09:07,2025-12-28 21:45:11,CC→CW,2025-12-28,,20187,20187
5574,2000197367,Concepcion,Concepcion,,,N/A,2025-12-28 19:15:50,2025-12-28 19:17:49,,2025-12-28,no viajo,,
5575,2000197732,Alborada,Cristo Redentor,20169,L2,V1,2025-12-28 15:37:29,2025-12-28 16:08:45,CC→CW,2025-12-28,,20169,20169
5576,2000197808,Concepcion,Los Canelos,20183,L2,V1,2025-12-28 19:40:20,2025-12-28 20:38:48,CC→CW,2025-12-28,,20183,20183
5577,2000197912,Laguna Quinenco,Concepcion,20166,L2,V1,2025-12-28 13:40:49,2025-12-28 14:33:07,CW→CC,2025-12-28,,20166,20166
5578,2000197912,Concepcion,Laguna Quinenco,20177,L2,V1,2025-12-28 17:53:55,2025-12-28 19:12:42,CC→CW,2025-12-28,,20177,20177
5579,2000197998,Costa Mar,Los Canelos,20183,L2,V1,2025-12-28 20:16:09,2025-12-28 20:38:14,CC→CW,2025-12-28,,20183,20183
5580,2000198034,Cristo Redentor,El Parque,20150,L2,V1,2025-12-28 08:44:33,2025-12-28 09:14:30,CW→CC,2025-12-28,,20150,20150
5581,2000198079,Concepcion,Cristo Redentor,20183,L2,V1,2025-12-28 19:38:47,2025-12-28 20:40:38,CC→CW,2025-12-28,,20183,20183
5582,2000198316,Coronel,Huinca,20166,L2,V1,2025-12-28 13:48:51,2025-12-28 13:58:50,CW→CC,2025-12-28,,20166,20166
5583,2000198316,Huinca,Coronel,20187,L2,V1,2025-12-28 21:31:37,2025-12-28 21:50:15,CC→CW,2025-12-28,,20187,20187
5584,2000198330,Cristo Redentor,Concepcion,20168,L2,V1,2025-12-28 14:40:48,2025-12-28 15:29:04,CW→CC,2025-12-28,,20168,20168
5585,2000198330,Concepcion,Cristo Redentor,20187,L2,V1,2025-12-28 20:27:37,2025-12-28 21:44:58,CC→CW,2025-12-28,,20187,20187
5586,2000198399,Costa Mar,Laguna Quinenco,20171,L2,V1,2025-12-28 16:49:11,2025-12-28 17:21:15,CC→CW,2025-12-28,,20171,20171
5587,2000198399,Laguna Quinenco,Costa Mar,20182,L2,V1,2025-12-28 19:09:06,2025-12-28 19:47:50,CW→CC,2025-12-28,,20182,20182
5588,2000198427,Huinca,Concepcion,20170,L2,V1,2025-12-28 15:36:41,2025-12-28 16:23:17,CW→CC,2025-12-28,,20170,20170
5589,2000198552,Coronel,Cdal. Raul Silva Henriquez,20156,L2,V1,2025-12-28 10:15:03,2025-12-28 10:54:38,CW→CC,2025-12-28,,20156,20156
5590,2000198552,Cdal. Raul Silva Henriquez,Coronel,20157,L2,V1,2025-12-28 11:50:26,2025-12-28 12:15:38,CC→CW,2025-12-28,,20157,20157
5591,2000198604,Cdal. Raul Silva Henriquez,Cristo Redentor,20169,L2,V1,2025-12-28 15:47:23,2025-12-28 16:08:49,CC→CW,2025-12-28,,20169,20169
5592,2000198604,Cristo Redentor,Cdal. Raul Silva Henriquez,20178,L2,V1,2025-12-28 18:09:27,2025-12-28 18:36:59,CW→CC,2025-12-28,,20178,20178
5593,2000198662,Coronel,Concepcion,20154,L2,V1,2025-12-28 09:30:07,2025-12-28 10:33:02,CW→CC,2025-12-28,,20154,20154
5594,2000198905,Coronel,Juan Pablo II,20154,L2,V1,2025-12-28 09:47:49,2025-12-28 10:28:53,CW→CC,2025-12-28,,20154,20154
5595,2000198918,Diagonal Bio Bio,Laguna Quinenco,20167,L2,V1,2025-12-28 14:33:06,2025-12-28 15:16:54,CC→CW,2025-12-28,,20167,20167
5596,2000198918,Laguna Quinenco,Concepcion,20182,L2,V1,2025-12-28 19:05:52,2025-12-28 20:02:13,CW→CC,2025-12-28,,20182,20182
5597,2000199071,Cristo Redentor,Concepcion,20182,L2,V1,2025-12-28 19:18:49,2025-12-28 19:59:58,CW→CC,2025-12-28,,20182,20182
5598,2000199161,Lomas Coloradas,Juan Pablo II,20156,L2,V1,2025-12-28 10:51:18,2025-12-28 11:11:04,CW→CC,2025-12-28,,20156,20156
5599,2000199161,Juan Pablo II,Lomas Coloradas,20173,L2,V1,2025-12-28 17:36:20,2025-12-28 17:50:48,CC→CW,2025-12-28,,20173,20173
5600,2000199187,Pedro Medina,Concepcion,20846,L1,V1,2025-12-28 16:43:16,2025-12-28 17:42:14,HQ→TH,2025-12-28,,20846,20846
5601,2000199243,Concepcion,Lomas Coloradas,20187,L2,V1,2025-12-28 20:53:07,2025-12-28 21:30:00,CC→CW,2025-12-28,,20187,20187
5602,2000199260,Coronel,Concepcion,20154,L2,V1,2025-12-28 09:30:32,2025-12-28 10:33:20,CW→CC,2025-12-28,,20154,20154
5603,2000199495,Laguna Quinenco,Concepcion,20156,L2,V1,2025-12-28 10:31:14,2025-12-28 11:18:39,CW→CC,2025-12-28,,20156,20156
5604,2000199495,Concepcion,Laguna Quinenco,20167,L2,V1,2025-12-28 13:57:01,2025-12-28 15:17:07,CC→CW,2025-12-28,,20167,20167
5605,2000199635,Costa Mar,Laguna Quinenco,20161,L2,V1,2025-12-28 12:20:27,2025-12-28 12:57:36,CC→CW,2025-12-28,,20161,20161
5606,2000199773,Coronel,Cdal. Raul Silva Henriquez,20154,L2,V1,2025-12-28 09:32:22,2025-12-28 10:11:19,CW→CC,2025-12-28,,20154,20154
5607,2000199838,Coronel,Concepcion,20150,L2,V1,2025-12-28 08:34:30,2025-12-28 09:35:16,CW→CC,2025-12-28,,20150,20150
5608,2000199866,Cdal. Raul Silva Henriquez,Diagonal Bio Bio,20168,L2,V1,2025-12-28 15:00:30,2025-12-28 15:18:50,CW→CC,2025-12-28,,20168,20168
5609,2000199866,Diagonal Bio Bio,Cdal. Raul Silva Henriquez,20183,L2,V1,2025-12-28 20:05:53,2025-12-28 20:26:32,CC→CW,2025-12-28,,20183,20183
5610,2000199884,Lomas Coloradas,Coronel,20177,L2,V1,2025-12-28 18:10:52,2025-12-28 19:15:50,CC→CW,2025-12-28,,20177,20177
5611,2000199914,Hito Galvarino,Coronel,20173,L2,V1,2025-12-28 17:55:33,2025-12-28 18:13:11,CC→CW,2025-12-28,,20173,20173
5612,2000200158,Concepcion,La Leonera,20847,L1,V1,2025-12-28 20:21:28,2025-12-28 20:48:55,TH→HQ,2025-12-28,,20847,20847
5613,2000200504,Cdal. Raul Silva Henriquez,Laguna Quinenco,20151,L2,V1,2025-12-28 09:28:15,2025-12-28 10:14:05,CC→CW,2025-12-28,,20151,20151
5614,2000200504,Laguna Quinenco,Cdal. Raul Silva Henriquez,20170,L2,V1,2025-12-28 15:26:50,2025-12-28 16:00:25,CW→CC,2025-12-28,,20170,20170
5615,2000200542,Los Canelos,Cdal. Raul Silva Henriquez,20170,L2,V1,2025-12-28 15:41:31,2025-12-28 16:00:36,CW→CC,2025-12-28,,20170,20170
5616,2000200542,Cdal. Raul Silva Henriquez,Hito Galvarino,20183,L2,V1,2025-12-28 20:21:58,2025-12-28 20:34:14,CC→CW,2025-12-28,,20183,20183
5617,2000200543,Cdal. Raul Silva Henriquez,Cristo Redentor,20169,L2,V1,2025-12-28 15:32:37,2025-12-28 16:09:10,CC→CW,2025-12-28,,20169,20169
5618,2000200543,Cristo Redentor,Cdal. Raul Silva Henriquez,20172,L2,V1,2025-12-28 16:44:02,2025-12-28 17:07:49,CW→CC,2025-12-28,,20172,20172
5619,2000200543,Cdal. Raul Silva Henriquez,Lomas Coloradas,20186,L2,V1,2025-12-28 20:28:59,2025-12-28 20:41:10,CW→CC,2025-12-28,,20186,20186
5620,2000200639,Concepcion,Cristo Redentor,20171,L2,V1,2025-12-28 16:11:48,2025-12-28 17:20:26,CC→CW,2025-12-28,,20171,20171
5621,2000200668,Coronel,Cristo Redentor,20186,L2,V1,2025-12-28 20:05:09,2025-12-28 20:22:04,CW→CC,2025-12-28,,20186,20186
5622,2000200675,Cristo Redentor,Alborada,20166,L2,V1,2025-12-28 13:26:06,2025-12-28 14:20:48,CW→CC,2025-12-28,,20166,20166
5623,2000200675,Costa Mar,Cristo Redentor,20179,L2,V1,2025-12-28 19:10:51,2025-12-28 19:39:48,CC→CW,2025-12-28,,20179,20179
5624,2000200682,Concepcion,Cristo Redentor,20177,L2,V1,2025-12-28 18:23:32,2025-12-28 19:10:30,CC→CW,2025-12-28,,20177,20177
5625,2000200823,Juan Pablo II,Laguna Quinenco,20165,L2,V1,2025-12-28 13:18:00,2025-12-28 13:56:19,CC→CW,2025-12-28,,20165,20165
5626,2000200851,Los Canelos,Juan Pablo II,20150,L2,V1,2025-12-28 08:43:51,2025-12-28 09:23:57,CW→CC,2025-12-28,,20150,20150
5627,2000201277,Concepcion,Cdal. Raul Silva Henriquez,20183,L2,V1,2025-12-28 19:40:37,2025-12-28 20:26:44,CC→CW,2025-12-28,,20183,20183
5628,2000201365,Concepcion,Alborada,20183,L2,V1,2025-12-28 19:53:34,2025-12-28 20:14:32,CC→CW,2025-12-28,,20183,20183
5629,2000201662,Costa Mar,Concepcion,20166,L2,V1,2025-12-28 14:08:13,2025-12-28 14:32:33,CW→CC,2025-12-28,,20166,20166
5630,2000201731,Diagonal Bio Bio,Hito Galvarino,20171,L2,V1,2025-12-28 16:43:00,2025-12-28 17:09:23,CC→CW,2025-12-28,,20171,20171
5631,2000201743,Cristo Redentor,Diagonal Bio Bio,20160,L2,V1,2025-12-28 11:30:19,2025-12-28 12:03:17,CW→CC,2025-12-28,,20160,20160
5632,2000201802,Hito Galvarino,Diagonal Bio Bio,20162,L2,V1,2025-12-28 12:28:49,2025-12-28 12:49:59,CW→CC,2025-12-28,,20162,20162
5633,2000201811,Los Canelos,Concepcion,20150,L2,V1,2025-12-28 08:55:04,2025-12-28 09:30:24,CW→CC,2025-12-28,,20150,20150
5634,2000201811,Concepcion,Huinca,20179,L2,V1,2025-12-28 18:55:44,2025-12-28 19:38:26,CC→CW,2025-12-28,,20179,20179
5635,2000201822,Laguna Quinenco,Concepcion,20186,L2,V1,2025-12-28 20:11:35,2025-12-28 20:59:46,CW→CC,2025-12-28,,20186,20186
5636,2000201860,Concepcion,Concepcion,,,N/A,2025-12-28 18:08:56,2025-12-28 18:10:46,,2025-12-28,no viajo,,
5637,2000201982,Concepcion,Costa Mar,20183,L2,V1,2025-12-28 19:39:05,2025-12-28 20:16:31,CC→CW,2025-12-28,,20183,20183
5638,2000202042,Coronel,Diagonal Bio Bio,20168,L2,V1,2025-12-28 14:15:31,2025-12-28 15:19:10,CW→CC,2025-12-28,,20168,20168
5639,2000202042,Concepcion,Coronel,20183,L2,V1,2025-12-28 19:16:56,2025-12-28 20:47:05,CC→CW,2025-12-28,,20183,20183
5640,2000202060,Cdal. Raul Silva Henriquez,Coronel,20173,L2,V1,2025-12-28 17:49:40,2025-12-28 18:13:14,CC→CW,2025-12-28,,20173,20173
5641,2000202281,Lomas Coloradas,Cristo Redentor,20183,L2,V1,2025-12-28 20:02:36,2025-12-28 20:40:51,CC→CW,2025-12-28,,20183,20183
5642,2000202309,Concepcion,Mercado,20846,L1,V1,2025-12-28 16:51:29,2025-12-28 18:00:12,HQ→TH,2025-12-28,combo_por_entrada,20846,20846
5643,2000202446,Coronel,Lomas Coloradas,20186,L2,V1,2025-12-28 19:58:10,2025-12-28 20:38:31,CW→CC,2025-12-28,,20186,20186
5644,2000202613,Cristo Redentor,Diagonal Bio Bio,20150,L2,V1,2025-12-28 08:28:42,2025-12-28 09:21:08,CW→CC,2025-12-28,,20150,20150
5645,2000202710,Lomas Coloradas,Concepcion,20150,L2,V1,2025-12-28 09:00:42,2025-12-28 09:30:02,CW→CC,2025-12-28,,20150,20150
5646,2000202712,Laguna Quinenco,Concepcion,20182,L2,V1,2025-12-28 19:05:46,2025-12-28 20:02:08,CW→CC,2025-12-28,,20182,20182
5647,2000202902,Cristo Redentor,Concepcion,20162,L2,V1,2025-12-28 12:21:07,2025-12-28 13:10:21,CW→CC,2025-12-28,,20162,20162
5648,2000202902,Concepcion,Cristo Redentor,20173,L2,V1,2025-12-28 17:07:11,2025-12-28 18:08:09,CC→CW,2025-12-28,,20173,20173
5649,2000203132,Juan Pablo II,Huinca,20183,L2,V1,2025-12-28 19:47:33,2025-12-28 20:39:23,CC→CW,2025-12-28,,20183,20183
5650,2000203219,El Parque,Laguna Quinenco,20177,L2,V1,2025-12-28 18:37:40,2025-12-28 19:12:48,CC→CW,2025-12-28,,20177,20177
5651,2000203322,Concepcion,Hualqui,20859,L1,V1,2025-12-28 12:20:03,2025-12-28 13:29:01,TH→HQ,2025-12-28,combo_relajado_pase2,20859,20859
5652,2000203352,Laguna Quinenco,Concepcion,20150,L2,V1,2025-12-28 08:44:57,2025-12-28 09:35:04,CW→CC,2025-12-28,,20150,20150
5653,2000203352,Concepcion,Laguna Quinenco,20157,L2,V1,2025-12-28 10:50:59,2025-12-28 12:20:51,CC→CW,2025-12-28,,20157,20157
5654,2000203371,Concepcion,El Parque,20183,L2,V1,2025-12-28 19:58:28,2025-12-28 20:20:00,CC→CW,2025-12-28,,20183,20183
5655,2000203404,Hito Galvarino,Concepcion,20168,L2,V1,2025-12-28 14:56:24,2025-12-28 15:28:45,CW→CC,2025-12-28,,20168,20168
5656,2000203446,Alborada,Concepcion,20170,L2,V1,2025-12-28 16:08:13,2025-12-28 16:23:12,CW→CC,2025-12-28,,20170,20170
5657,2000203494,Concepcion,Chiguayante,20845,L1,V1,2025-12-28 16:24:49,2025-12-28 16:40:21,TH→HQ,2025-12-28,,20845,20845
5658,2000203494,Concepcion,Chiguayante,20847,L1,V1,2025-12-28 20:24:37,2025-12-28 20:40:46,TH→HQ,2025-12-28,,20847,20847
5659,2000203553,Diagonal Bio Bio,Costa Mar,20161,L2,V1,2025-12-28 12:14:29,2025-12-28 12:31:24,CC→CW,2025-12-28,,20161,20161
5660,2000203889,Coronel,Concepcion,20182,L2,V1,2025-12-28 19:10:52,2025-12-28 20:03:22,CW→CC,2025-12-28,,20182,20182
5661,2000203890,Los Canelos,El Parque,20172,L2,V1,2025-12-28 16:49:11,2025-12-28 17:13:05,CW→CC,2025-12-28,,20172,20172
5662,2000203890,El Parque,Los Canelos,20183,L2,V1,2025-12-28 19:57:30,2025-12-28 20:36:19,CC→CW,2025-12-28,,20183,20183
5663,2000204076,Concepcion,Costa Mar,20171,L2,V1,2025-12-28 16:30:47,2025-12-28 16:55:10,CC→CW,2025-12-28,,20171,20171
5664,2000204504,Concepcion,Mercado,20850,L1,V1,2025-12-28 09:26:59,2025-12-28 10:34:09,HQ→TH,2025-12-28,,20850,20850
5665,2000204504,Mercado,Concepcion,20859,L1,V1,2025-12-28 12:03:33,2025-12-28 12:56:03,TH→HQ,2025-12-28,,20859,20859
5666,2000204624,Concepcion,Concepcion,,,N/A,2025-12-28 19:43:45,2025-12-28 19:46:01,,2025-12-28,no viajo,,
5667,2000204661,Lomas Coloradas,Concepcion,20156,L2,V1,2025-12-28 10:52:41,2025-12-28 11:18:41,CW→CC,2025-12-28,,20156,20156
5668,2000204661,Concepcion,Lomas Coloradas,20179,L2,V1,2025-12-28 18:50:21,2025-12-28 19:22:14,CC→CW,2025-12-28,,20179,20179
5669,2000204724,Concepcion,Cdal. Raul Silva Henriquez,20177,L2,V1,2025-12-28 18:13:11,2025-12-28 18:54:20,CC→CW,2025-12-28,,20177,20177
5670,2000204756,Concepcion,Hualqui,20845,L1,V1,2025-12-28 16:04:47,2025-12-28 17:04:09,TH→HQ,2025-12-28,,20845,20845
5671,2000205057,Cristo Redentor,Concepcion,20176,L2,V1,2025-12-28 17:46:23,2025-12-28 18:27:35,CW→CC,2025-12-28,,20176,20176
5672,2000205092,Mercado,Pedro Medina,20847,L1,V1,2025-12-28 19:37:16,2025-12-28 20:42:38,TH→HQ,2025-12-28,,20847,20847
5673,2000205211,Cristo Redentor,Concepcion,20172,L2,V1,2025-12-28 16:41:55,2025-12-28 17:29:00,CW→CC,2025-12-28,,20172,20172
5674,2000205215,Concepcion,Los Canelos,20157,L2,V1,2025-12-28 11:14:50,2025-12-28 12:08:26,CC→CW,2025-12-28,,20157,20157
5675,2000205314,Concepcion,Cristo Redentor,20165,L2,V1,2025-12-28 13:05:18,2025-12-28 13:52:44,CC→CW,2025-12-28,,20165,20165
5676,2000205353,Lomas Coloradas,Concepcion,20172,L2,V1,2025-12-28 16:57:51,2025-12-28 17:28:08,CW→CC,2025-12-28,,20172,20172
5677,2000205353,Concepcion,Lomas Coloradas,20179,L2,V1,2025-12-28 18:54:54,2025-12-28 19:22:07,CC→CW,2025-12-28,,20179,20179
5678,2000205359,Cristo Redentor,Diagonal Bio Bio,20178,L2,V1,2025-12-28 18:15:56,2025-12-28 18:49:15,CW→CC,2025-12-28,,20178,20178
5679,2000205421,Concepcion,Hualqui,20845,L1,V1,2025-12-28 16:11:33,2025-12-28 17:00:09,TH→HQ,2025-12-28,,20845,20845
5680,2000205447,Concepcion,El Parque,20167,L2,V1,2025-12-28 14:08:36,2025-12-28 14:54:34,CC→CW,2025-12-28,,20167,20167
5681,2000205458,Concepcion,Costa Mar,20155,L2,V1,2025-12-28 10:16:52,2025-12-28 10:51:40,CC→CW,2025-12-28,,20155,20155
5682,2000205458,Costa Mar,Concepcion,20166,L2,V1,2025-12-28 14:13:19,2025-12-28 14:33:38,CW→CC,2025-12-28,,20166,20166
5683,2000205470,Coronel,Juan Pablo II,20156,L2,V1,2025-12-28 10:31:04,2025-12-28 11:11:18,CW→CC,2025-12-28,,20156,20156
5684,2000205470,Concepcion,Los Canelos,20165,L2,V1,2025-12-28 13:06:37,2025-12-28 13:49:25,CC→CW,2025-12-28,,20165,20165
5685,2000205688,Costa Mar,Laguna Quinenco,20183,L2,V1,2025-12-28 19:57:44,2025-12-28 20:43:30,CC→CW,2025-12-28,,20183,20183
5686,2000205800,Alborada,Concepcion,20166,L2,V1,2025-12-28 14:11:04,2025-12-28 14:33:43,CW→CC,2025-12-28,,20166,20166
5687,2000205800,Concepcion,Alborada,20173,L2,V1,2025-12-28 17:12:11,2025-12-28 17:43:56,CC→CW,2025-12-28,,20173,20173
5688,2000205908,El Parque,Cristo Redentor,20161,L2,V1,2025-12-28 12:25:11,2025-12-28 12:55:10,CC→CW,2025-12-28,,20161,20161
5689,2000205908,Laguna Quinenco,El Parque,20172,L2,V1,2025-12-28 16:46:38,2025-12-28 17:14:28,CW→CC,2025-12-28,,20172,20172
5690,2000206064,Concepcion,Cristo Redentor,20169,L2,V1,2025-12-28 15:20:52,2025-12-28 16:08:25,CC→CW,2025-12-28,,20169,20169
5691,2000206090,Juan Pablo II,Cristo Redentor,20171,L2,V1,2025-12-28 16:33:09,2025-12-28 17:18:15,CC→CW,2025-12-28,,20171,20171
5692,2000206121,Costa Mar,Coronel,20169,L2,V1,2025-12-28 15:38:44,2025-12-28 16:15:19,CC→CW,2025-12-28,,20169,20169
5693,2000206122,Costa Mar,Diagonal Bio Bio,20168,L2,V1,2025-12-28 15:10:17,2025-12-28 15:19:15,CW→CC,2025-12-28,,20168,20168
5694,2000206168,Diagonal Bio Bio,Concepcion,20154,L2,V1,2025-12-28 10:22:25,2025-12-28 10:32:58,CW→CC,2025-12-28,,20154,20154
5695,2000206168,Lomas Coloradas,Diagonal Bio Bio,20186,L2,V1,2025-12-28 20:27:12,2025-12-28 20:49:07,CW→CC,2025-12-28,,20186,20186
5696,2000206254,Huinca,Coronel,20169,L2,V1,2025-12-28 16:02:46,2025-12-28 16:15:21,CC→CW,2025-12-28,,20169,20169
5697,2000206460,Lomas Coloradas,Huinca,20173,L2,V1,2025-12-28 17:38:07,2025-12-28 18:06:58,CC→CW,2025-12-28,,20173,20173
5698,2000206468,Cristo Redentor,Concepcion,20150,L2,V1,2025-12-28 08:36:38,2025-12-28 09:32:33,CW→CC,2025-12-28,,20150,20150
5699,2000206468,Concepcion,Cristo Redentor,20187,L2,V1,2025-12-28 20:18:49,2025-12-28 21:44:50,CC→CW,2025-12-28,,20187,20187
5700,2000206508,El Parque,Los Canelos,20183,L2,V1,2025-12-28 20:17:50,2025-12-28 20:36:51,CC→CW,2025-12-28,,20183,20183
5701,2000206625,Costa Mar,Coronel,20167,L2,V1,2025-12-28 14:34:53,2025-12-28 15:20:21,CC→CW,2025-12-28,,20167,20167
5702,2000206625,Coronel,Costa Mar,20186,L2,V1,2025-12-28 19:56:12,2025-12-28 20:44:17,CW→CC,2025-12-28,,20186,20186
5703,2000206653,Coronel,Costa Mar,20186,L2,V1,2025-12-28 20:03:29,2025-12-28 20:44:05,CW→CC,2025-12-28,,20186,20186
5704,2000206783,Coronel,Lomas Coloradas,20186,L2,V1,2025-12-28 19:45:43,2025-12-28 20:38:38,CW→CC,2025-12-28,,20186,20186
5705,2000206783,Lomas Coloradas,Cdal. Raul Silva Henriquez,20187,L2,V1,2025-12-28 21:19:15,2025-12-28 21:32:18,CC→CW,2025-12-28,,20187,20187
5706,2000206796,Laguna Quinenco,Cristo Redentor,20154,L2,V1,2025-12-28 09:50:21,2025-12-28 09:56:57,CW→CC,2025-12-28,,20154,20154
5707,2000206913,Laguna Quinenco,Concepcion,20186,L2,V1,2025-12-28 20:11:54,2025-12-28 21:00:14,CW→CC,2025-12-28,,20186,20186
5708,2000206946,Concepcion,Laguna Quinenco,20165,L2,V1,2025-12-28 13:00:27,2025-12-28 13:56:42,CC→CW,2025-12-28,,20165,20165
5709,2000207114,Costa Mar,Concepcion,20166,L2,V1,2025-12-28 14:14:57,2025-12-28 14:32:51,CW→CC,2025-12-28,,20166,20166
5710,2000207120,Diagonal Bio Bio,Costa Mar,20179,L2,V1,2025-12-28 18:56:42,2025-12-28 19:17:27,CC→CW,2025-12-28,,20179,20179
5711,2000207238,Coronel,Cristo Redentor,20176,L2,V1,2025-12-28 17:40:26,2025-12-28 19:10:21,CW→CC,2025-12-28,,20176,20176
5712,2000207277,Juan Pablo II,Cristo Redentor,20167,L2,V1,2025-12-28 14:03:24,2025-12-28 15:13:31,CC→CW,2025-12-28,,20167,20167
5713,2000207315,Cristo Redentor,Costa Mar,20166,L2,V1,2025-12-28 13:52:52,2025-12-28 14:18:43,CW→CC,2025-12-28,,20166,20166
5714,2000207315,Costa Mar,Cristo Redentor,20169,L2,V1,2025-12-28 15:43:32,2025-12-28 16:08:06,CC→CW,2025-12-28,,20169,20169
5715,2000207322,Cristo Redentor,Diagonal Bio Bio,20170,L2,V1,2025-12-28 15:41:38,2025-12-28 16:14:34,CW→CC,2025-12-28,,20170,20170
5716,2000207322,Diagonal Bio Bio,Cristo Redentor,20187,L2,V1,2025-12-28 21:13:51,2025-12-28 21:45:07,CC→CW,2025-12-28,,20187,20187
5717,2000207442,Los Canelos,Cdal. Raul Silva Henriquez,20162,L2,V1,2025-12-28 12:18:04,2025-12-28 12:36:39,CW→CC,2025-12-28,,20162,20162
5718,2000207487,Los Canelos,Concepcion,20154,L2,V1,2025-12-28 09:51:35,2025-12-28 10:32:14,CW→CC,2025-12-28,,20154,20154
5719,2000207487,Concepcion,Los Canelos,20183,L2,V1,2025-12-28 20:00:29,2025-12-28 20:36:31,CC→CW,2025-12-28,,20183,20183
5720,2000207640,Concepcion,Lomas Coloradas,20155,L2,V1,2025-12-28 10:11:46,2025-12-28 10:57:28,CC→CW,2025-12-28,,20155,20155
5721,2000207640,Lomas Coloradas,Diagonal Bio Bio,20176,L2,V1,2025-12-28 18:01:58,2025-12-28 18:17:38,CW→CC,2025-12-28,,20176,20176
5722,2000207640,Diagonal Bio Bio,Lomas Coloradas,20187,L2,V1,2025-12-28 20:40:21,2025-12-28 21:29:37,CC→CW,2025-12-28,,20187,20187
5723,2000207650,Concepcion,Cdal. Raul Silva Henriquez,20165,L2,V1,2025-12-28 12:51:57,2025-12-28 13:38:26,CC→CW,2025-12-28,,20165,20165
5724,2000207650,Cdal. Raul Silva Henriquez,Concepcion,20178,L2,V1,2025-12-28 18:22:18,2025-12-28 19:01:01,CW→CC,2025-12-28,,20178,20178
5725,2000207681,Cdal. Raul Silva Henriquez,Cristo Redentor,20155,L2,V1,2025-12-28 10:56:50,2025-12-28 11:15:01,CC→CW,2025-12-28,,20155,20155
5726,2000207681,Cristo Redentor,Cdal. Raul Silva Henriquez,20162,L2,V1,2025-12-28 12:13:29,2025-12-28 12:36:29,CW→CC,2025-12-28,,20162,20162
5727,2000207688,Los Condores,Concepcion,20859,L1,V1,2025-12-28 12:32:12,2025-12-28 12:56:44,TH→HQ,2025-12-28,,20859,20859
5728,2000207692,Concepcion,La Leonera,20859,L1,V1,2025-12-28 12:26:59,2025-12-28 13:18:14,TH→HQ,2025-12-28,combo_relajado_pase2,20859,20859
5729,2000207805,Concepcion,Huinca,20177,L2,V1,2025-12-28 18:25:40,2025-12-28 19:08:15,CC→CW,2025-12-28,,20177,20177
5730,2000208041,Huinca,Concepcion,20150,L2,V1,2025-12-28 08:32:14,2025-12-28 09:30:59,CW→CC,2025-12-28,,20150,20150
5731,2000208041,Concepcion,Huinca,20165,L2,V1,2025-12-28 13:09:19,2025-12-28 13:51:20,CC→CW,2025-12-28,,20165,20165
5732,2000208326,Concepcion,Concepcion,,,N/A,2025-12-28 15:25:44,2025-12-28 15:31:52,,2025-12-28,no viajo,,
5733,2000208330,Alborada,Laguna Quinenco,20151,L2,V1,2025-12-28 09:43:34,2025-12-28 10:16:40,CC→CW,2025-12-28,,20151,20151
5734,2000208330,Laguna Quinenco,Alborada,20186,L2,V1,2025-12-28 20:05:56,2025-12-28 20:46:35,CW→CC,2025-12-28,,20186,20186
5735,2000208341,Laguna Quinenco,Concepcion,20182,L2,V1,2025-12-28 19:16:16,2025-12-28 20:01:33,CW→CC,2025-12-28,,20182,20182
5736,2000208349,Costa Mar,Diagonal Bio Bio,20166,L2,V1,2025-12-28 14:10:23,2025-12-28 14:23:03,CW→CC,2025-12-28,,20166,20166
5737,2000208450,Huinca,El Parque,20166,L2,V1,2025-12-28 13:53:55,2025-12-28 14:15:44,CW→CC,2025-12-28,,20166,20166
5738,2000208461,Higueras,Manquimavida,20845,L1,V1,2025-12-28 16:08:16,2025-12-28 16:45:56,TH→HQ,2025-12-28,,20845,20845
5739,2000208539,Coronel,Concepcion,20176,L2,V1,2025-12-28 17:38:36,2025-12-28 18:28:40,CW→CC,2025-12-28,,20176,20176
5740,2000208592,Concepcion,Mercado,20844,L1,V1,2025-12-28 11:47:02,2025-12-28 13:26:32,HQ→TH,2025-12-28,,20844,20844
5741,2000208658,Huinca,Lomas Coloradas,20170,L2,V1,2025-12-28 15:46:48,2025-12-28 16:02:43,CW→CC,2025-12-28,,20170,20170
5742,2000208668,Hito Galvarino,Cristo Redentor,20171,L2,V1,2025-12-28 16:23:23,2025-12-28 17:18:27,CC→CW,2025-12-28,,20171,20171
5743,2000208668,Huinca,Cdal. Raul Silva Henriquez,20186,L2,V1,2025-12-28 19:50:39,2025-12-28 20:36:00,CW→CC,2025-12-28,,20186,20186
5744,2000208725,Concepcion,Hualqui,20847,L1,V1,2025-12-28 20:17:59,2025-12-28 21:01:03,TH→HQ,2025-12-28,,20847,20847
5745,2000208881,Concepcion,Lomas Coloradas,20187,L2,V1,2025-12-28 19:55:53,2025-12-28 21:30:22,CC→CW,2025-12-28,combo_por_entrada,20187,20187
5746,2000208895,Laguna Quinenco,Concepcion,20186,L2,V1,2025-12-28 20:09:03,2025-12-28 21:00:31,CW→CC,2025-12-28,,20186,20186
5747,2000208922,Cdal. Raul Silva Henriquez,Costa Mar,20168,L2,V1,2025-12-28 15:02:34,2025-12-28 15:16:01,CW→CC,2025-12-28,,20168,20168
5748,2000209031,Cristo Redentor,Concepcion,20176,L2,V1,2025-12-28 17:40:54,2025-12-28 18:26:55,CW→CC,2025-12-28,,20176,20176
5749,2000209090,Concepcion,Concepcion,,,N/A,2025-12-28 15:49:36,2025-12-28 15:50:01,,2025-12-28,no viajo,,
5750,2000209090,Concepcion,Laguna Quinenco,20183,L2,V1,2025-12-28 19:49:05,2025-12-28 20:43:34,CC→CW,2025-12-28,,20183,20183
5751,2000209138,Juan Pablo II,Cdal. Raul Silva Henriquez,20157,L2,V1,2025-12-28 10:54:06,2025-12-28 11:54:11,CC→CW,2025-12-28,,20157,20157
5752,2000209278,Concepcion,El Parque,20165,L2,V1,2025-12-28 12:24:41,2025-12-28 13:33:12,CC→CW,2025-12-28,combo_por_entrada,20165,20165
5753,2000209297,Lomas Coloradas,Concepcion,20170,L2,V1,2025-12-28 15:56:17,2025-12-28 16:23:11,CW→CC,2025-12-28,,20170,20170
5754,2000209639,Costa Mar,Coronel,20169,L2,V1,2025-12-28 15:32:38,2025-12-28 16:16:07,CC→CW,2025-12-28,,20169,20169
5755,2000209644,Costa Mar,Cristo Redentor,20161,L2,V1,2025-12-28 12:30:21,2025-12-28 12:53:46,CC→CW,2025-12-28,,20161,20161
5756,2000209644,Cristo Redentor,El Parque,20166,L2,V1,2025-12-28 13:41:31,2025-12-28 14:16:08,CW→CC,2025-12-28,,20166,20166
5757,2000209730,Higueras,Concepcion,20847,L1,V1,2025-12-28 20:06:27,2025-12-28 20:26:09,TH→HQ,2025-12-28,,20847,20847
5758,2000209867,Concepcion,Los Canelos,20165,L2,V1,2025-12-28 13:13:42,2025-12-28 13:50:37,CC→CW,2025-12-28,,20165,20165
5759,2000209867,Hito Galvarino,Concepcion,20182,L2,V1,2025-12-28 19:26:51,2025-12-28 20:03:04,CW→CC,2025-12-28,,20182,20182
5760,2000210082,Laguna Quinenco,Huinca,20186,L2,V1,2025-12-28 20:15:51,2025-12-28 20:26:03,CW→CC,2025-12-28,,20186,20186
5761,2000210095,Concepcion,Coronel,20165,L2,V1,2025-12-28 12:55:30,2025-12-28 14:00:15,CC→CW,2025-12-28,,20165,20165
5762,2000210095,Coronel,Concepcion,20168,L2,V1,2025-12-28 14:32:17,2025-12-28 15:28:35,CW→CC,2025-12-28,,20168,20168
5763,2000210136,Concepcion,Los Canelos,20187,L2,V1,2025-12-28 20:54:28,2025-12-28 21:42:11,CC→CW,2025-12-28,,20187,20187
5764,2000210166,Los Canelos,Concepcion,20168,L2,V1,2025-12-28 14:52:18,2025-12-28 15:27:42,CW→CC,2025-12-28,,20168,20168
5765,2000210166,Concepcion,Los Canelos,20187,L2,V1,2025-12-28 20:49:11,2025-12-28 21:40:32,CC→CW,2025-12-28,,20187,20187
5766,2000210427,Concepcion,Concepcion,,,N/A,2025-12-28 18:09:12,2025-12-28 18:10:41,,2025-12-28,no viajo,,
5767,2000210427,Concepcion,Cristo Redentor,20183,L2,V1,2025-12-28 19:51:59,2025-12-28 20:41:50,CC→CW,2025-12-28,,20183,20183
5768,2000210545,Los Canelos,Concepcion,20168,L2,V1,2025-12-28 14:48:15,2025-12-28 15:28:07,CW→CC,2025-12-28,,20168,20168
5769,2000210545,Concepcion,Los Canelos,20183,L2,V1,2025-12-28 20:00:18,2025-12-28 20:36:24,CC→CW,2025-12-28,,20183,20183
5770,2000210582,Higueras,La Leonera,20847,L1,V1,2025-12-28 20:05:59,2025-12-28 20:48:34,TH→HQ,2025-12-28,,20847,20847
5771,2000210657,Huinca,Diagonal Bio Bio,20178,L2,V1,2025-12-28 18:11:37,2025-12-28 18:48:45,CW→CC,2025-12-28,,20178,20178
5772,2000210684,Concepcion,El Parque,20151,L2,V1,2025-12-28 09:12:30,2025-12-28 09:51:03,CC→CW,2025-12-28,,20151,20151
5773,2000210684,El Parque,Concepcion,20156,L2,V1,2025-12-28 10:43:34,2025-12-28 11:18:23,CW→CC,2025-12-28,,20156,20156
5774,2000210722,Concepcion,Cristo Redentor,20151,L2,V1,2025-12-28 09:12:57,2025-12-28 10:11:49,CC→CW,2025-12-28,,20151,20151
5775,2000210785,Laguna Quinenco,Concepcion,20168,L2,V1,2025-12-28 14:37:56,2025-12-28 15:28:36,CW→CC,2025-12-28,,20168,20168
5776,2000210812,El Parque,Concepcion,20182,L2,V1,2025-12-28 19:37:01,2025-12-28 20:00:36,CW→CC,2025-12-28,,20182,20182
5777,2000210846,Concepcion,Concepcion,,,N/A,2025-12-28 11:57:31,2025-12-28 11:58:24,,2025-12-28,no viajo,,
5778,2000211006,Alborada,Lomas Coloradas,20179,L2,V1,2025-12-28 19:09:52,2025-12-28 19:22:32,CC→CW,2025-12-28,,20179,20179
5779,2000211205,Huinca,Coronel,20179,L2,V1,2025-12-28 19:27:02,2025-12-28 19:45:14,CC→CW,2025-12-28,,20179,20179
5780,2000211303,Huinca,Costa Mar,20186,L2,V1,2025-12-28 20:17:42,2025-12-28 20:44:02,CW→CC,2025-12-28,,20186,20186
5781,2000211332,Hito Galvarino,Laguna Quinenco,20171,L2,V1,2025-12-28 16:41:33,2025-12-28 17:20:13,CC→CW,2025-12-28,,20171,20171
5782,2000211332,Laguna Quinenco,Los Canelos,20176,L2,V1,2025-12-28 17:35:25,2025-12-28 17:54:19,CW→CC,2025-12-28,,20176,20176
5783,2000211385,Los Canelos,Concepcion,20156,L2,V1,2025-12-28 10:29:13,2025-12-28 11:17:55,CW→CC,2025-12-28,,20156,20156
5784,2000211385,Concepcion,Los Canelos,20183,L2,V1,2025-12-28 20:00:08,2025-12-28 20:37:55,CC→CW,2025-12-28,,20183,20183
5785,2000211445,Concepcion,Lomas Coloradas,20167,L2,V1,2025-12-28 14:20:52,2025-12-28 14:59:32,CC→CW,2025-12-28,,20167,20167
5786,2000211449,Costa Mar,Juan Pablo II,20154,L2,V1,2025-12-28 10:07:30,2025-12-28 10:27:12,CW→CC,2025-12-28,,20154,20154
5787,2000211550,Cdal. Raul Silva Henriquez,Concepcion,20162,L2,V1,2025-12-28 12:31:54,2025-12-28 13:03:25,CW→CC,2025-12-28,,20162,20162
5788,2000211550,Costa Mar,Cdal. Raul Silva Henriquez,20173,L2,V1,2025-12-28 17:19:47,2025-12-28 17:53:28,CC→CW,2025-12-28,,20173,20173
5789,2000211667,Juan Pablo II,Laguna Quinenco,20187,L2,V1,2025-12-28 20:19:05,2025-12-28 21:47:24,CC→CW,2025-12-28,,20187,20187
5790,2000211715,Los Canelos,Concepcion,20162,L2,V1,2025-12-28 12:21:53,2025-12-28 13:00:22,CW→CC,2025-12-28,,20162,20162
5791,2000211715,Concepcion,Los Canelos,20177,L2,V1,2025-12-28 18:01:35,2025-12-28 19:04:47,CC→CW,2025-12-28,,20177,20177
5792,2000211898,Laguna Quinenco,Concepcion,20172,L2,V1,2025-12-28 16:30:26,2025-12-28 17:31:04,CW→CC,2025-12-28,,20172,20172
5793,2000212048,Concepcion,UTF Santa Maria,20846,L1,V1,2025-12-28 17:07:29,2025-12-28 17:46:17,HQ→TH,2025-12-28,,20846,20846
5794,2000212048,UTF Santa Maria,Concepcion,20847,L1,V1,2025-12-28 19:58:23,2025-12-28 20:25:57,TH→HQ,2025-12-28,,20847,20847
5795,2000212122,Concepcion,Concepcion,,,N/A,2025-12-28 16:46:45,2025-12-28 16:49:53,,2025-12-28,no viajo,,
5796,2000212209,Coronel,Concepcion,20172,L2,V1,2025-12-28 16:31:51,2025-12-28 17:33:05,CW→CC,2025-12-28,,20172,20172
5797,2000212209,Concepcion,Coronel,20183,L2,V1,2025-12-28 19:36:52,2025-12-28 20:46:58,CC→CW,2025-12-28,,20183,20183
5798,2000212214,Lomas Coloradas,Coronel,20171,L2,V1,2025-12-28 16:49:18,2025-12-28 17:24:36,CC→CW,2025-12-28,,20171,20171
5799,2000212241,Juan Pablo II,Costa Mar,20187,L2,V1,2025-12-28 20:19:22,2025-12-28 21:24:48,CC→CW,2025-12-28,,20187,20187
5800,2000212260,Huinca,Concepcion,20150,L2,V1,2025-12-28 08:50:10,2025-12-28 09:31:01,CW→CC,2025-12-28,,20150,20150
5801,2000212290,Cristo Redentor,Concepcion,20178,L2,V1,2025-12-28 18:11:15,2025-12-28 18:59:29,CW→CC,2025-12-28,,20178,20178
5802,2000212377,Juan Pablo II,Laguna Quinenco,20183,L2,V1,2025-12-28 19:39:10,2025-12-28 20:44:14,CC→CW,2025-12-28,,20183,20183
5803,2000212433,Coronel,El Parque,20166,L2,V1,2025-12-28 13:46:13,2025-12-28 14:16:30,CW→CC,2025-12-28,,20166,20166
5804,2000212433,El Parque,Coronel,20171,L2,V1,2025-12-28 16:25:59,2025-12-28 17:24:26,CC→CW,2025-12-28,,20171,20171
5805,2000212505,Concepcion,Pedro Medina,20847,L1,V1,2025-12-28 20:12:11,2025-12-28 20:42:53,TH→HQ,2025-12-28,,20847,20847
5806,2000212539,Concepcion,Coronel,20167,L2,V1,2025-12-28 14:17:47,2025-12-28 15:21:10,CC→CW,2025-12-28,,20167,20167
5807,2000212627,Los Canelos,Concepcion,20166,L2,V1,2025-12-28 13:54:43,2025-12-28 14:36:11,CW→CC,2025-12-28,,20166,20166
5808,2000212627,Concepcion,Cristo Redentor,20187,L2,V1,2025-12-28 20:34:50,2025-12-28 21:44:48,CC→CW,2025-12-28,,20187,20187
5809,2000212686,Cdal. Raul Silva Henriquez,Cristo Redentor,20161,L2,V1,2025-12-28 12:26:34,2025-12-28 12:54:41,CC→CW,2025-12-28,,20161,20161
5810,2000212686,Cristo Redentor,Cdal. Raul Silva Henriquez,20166,L2,V1,2025-12-28 13:48:03,2025-12-28 14:10:48,CW→CC,2025-12-28,,20166,20166
5811,2000212725,Los Canelos,Concepcion,20186,L2,V1,2025-12-28 20:01:51,2025-12-28 21:00:58,CW→CC,2025-12-28,,20186,20186
5812,2000212775,Cdal. Raul Silva Henriquez,Laguna Quinenco,20151,L2,V1,2025-12-28 09:52:39,2025-12-28 10:13:51,CC→CW,2025-12-28,,20151,20151
5813,2000212775,Coronel,Cdal. Raul Silva Henriquez,20172,L2,V1,2025-12-28 16:21:32,2025-12-28 17:07:07,CW→CC,2025-12-28,,20172,20172
5814,2000212858,Pedro Medina,Hualqui,20859,L1,V1,2025-12-28 12:51:57,2025-12-28 13:29:18,TH→HQ,2025-12-28,,20859,20859
5815,2000212858,Hualqui,Pedro Medina,20848,L1,V1,2025-12-28 20:23:32,2025-12-28 20:56:19,HQ→TH,2025-12-28,,20848,20848
5816,2000212887,Cdal. Raul Silva Henriquez,Concepcion,20186,L2,V1,2025-12-28 20:21:17,2025-12-28 21:21:29,CW→CC,2025-12-28,combo_por_entrada,20186,20186
5817,2000212902,Cdal. Raul Silva Henriquez,Concepcion,20168,L2,V1,2025-12-28 14:51:47,2025-12-28 15:29:04,CW→CC,2025-12-28,,20168,20168
5818,2000212906,Laguna Quinenco,Concepcion,20182,L2,V1,2025-12-28 19:16:20,2025-12-28 20:00:24,CW→CC,2025-12-28,,20182,20182
5819,2000212939,Chiguayante,Lzo. Arenas,20850,L1,V1,2025-12-28 09:42:48,2025-12-28 10:14:13,HQ→TH,2025-12-28,,20850,20850
5820,2000212979,Lomas Coloradas,Juan Pablo II,20168,L2,V1,2025-12-28 15:00:31,2025-12-28 15:22:12,CW→CC,2025-12-28,,20168,20168
5821,2000212996,Concepcion,Lomas Coloradas,20187,L2,V1,2025-12-28 20:44:46,2025-12-28 21:29:10,CC→CW,2025-12-28,,20187,20187
5822,2000213026,Huinca,Concepcion,20172,L2,V1,2025-12-28 16:45:59,2025-12-28 17:28:58,CW→CC,2025-12-28,,20172,20172
5823,2000213224,Concepcion,UTF Santa Maria,20846,L1,V1,2025-12-28 16:15:33,2025-12-28 17:45:30,HQ→TH,2025-12-28,combo_por_entrada,20846,20846
5824,2000213277,Diagonal Bio Bio,Concepcion,20166,L2,V1,2025-12-28 14:14:55,2025-12-28 14:32:42,CW→CC,2025-12-28,,20166,20166
5825,2000213277,Concepcion,Diagonal Bio Bio,20169,L2,V1,2025-12-28 15:18:12,2025-12-28 15:39:32,CC→CW,2025-12-28,,20169,20169
5826,2000213358,Concepcion,Laguna Quinenco,20155,L2,V1,2025-12-28 09:24:49,2025-12-28 11:17:02,CC→CW,2025-12-28,combo_por_entrada,20155,20155
5827,2000213403,Cdal. Raul Silva Henriquez,Concepcion,20150,L2,V1,2025-12-28 08:55:36,2025-12-28 09:30:16,CW→CC,2025-12-28,,20150,20150
5828,2000213442,Concepcion,Cdal. Raul Silva Henriquez,20165,L2,V1,2025-12-28 12:50:57,2025-12-28 13:37:58,CC→CW,2025-12-28,,20165,20165
5829,2000213453,Cristo Redentor,Costa Mar,20166,L2,V1,2025-12-28 12:46:35,2025-12-28 14:17:56,CW→CC,2025-12-28,,20166,20166
5830,2000213523,Laguna Quinenco,Costa Mar,20176,L2,V1,2025-12-28 17:46:14,2025-12-28 18:14:12,CW→CC,2025-12-28,,20176,20176
5831,2000214265,Cdal. Raul Silva Henriquez,Concepcion,20166,L2,V1,2025-12-28 13:37:54,2025-12-28 14:32:35,CW→CC,2025-12-28,,20166,20166
5832,2000214316,Cristo Redentor,Concepcion,20170,L2,V1,2025-12-28 15:33:22,2025-12-28 16:22:53,CW→CC,2025-12-28,,20170,20170
5833,2000214316,Concepcion,Cristo Redentor,20187,L2,V1,2025-12-28 20:20:41,2025-12-28 21:44:30,CC→CW,2025-12-28,,20187,20187
5834,2000214464,Los Canelos,Concepcion,20162,L2,V1,2025-12-28 12:20:15,2025-12-28 12:59:58,CW→CC,2025-12-28,,20162,20162
5835,2000214464,Concepcion,Los Canelos,20173,L2,V1,2025-12-28 17:24:45,2025-12-28 18:04:15,CC→CW,2025-12-28,,20173,20173
5836,2000214464,Los Canelos,Cristo Redentor,20177,L2,V1,2025-12-28 18:52:46,2025-12-28 19:10:03,CC→CW,2025-12-28,,20177,20177
5837,2000214576,Concepcion,Cdal. Raul Silva Henriquez,20173,L2,V1,2025-12-28 17:04:27,2025-12-28 17:53:00,CC→CW,2025-12-28,,20173,20173
5838,2000214614,Lomas Coloradas,Coronel,20167,L2,V1,2025-12-28 14:52:22,2025-12-28 15:20:02,CC→CW,2025-12-28,,20167,20167
5839,2000214615,Concepcion,Concepcion,,,N/A,2025-12-28 19:11:21,2025-12-28 19:17:16,,2025-12-28,no viajo,,
5840,2000214644,Concepcion,Lomas Coloradas,20157,L2,V1,2025-12-28 11:15:01,2025-12-28 11:50:32,CC→CW,2025-12-28,,20157,20157
5841,2000214654,Huinca,Concepcion,20186,L2,V1,2025-12-28 20:22:36,2025-12-28 21:05:40,CW→CC,2025-12-28,,20186,20186
5842,2000214712,Huinca,Concepcion,20160,L2,V1,2025-12-28 11:24:53,2025-12-28 12:13:19,CW→CC,2025-12-28,,20160,20160
5843,2000214714,Lomas Coloradas,El Parque,20160,L2,V1,2025-12-28 11:33:44,2025-12-28 11:57:09,CW→CC,2025-12-28,,20160,20160
5844,2000214759,Los Canelos,Diagonal Bio Bio,20178,L2,V1,2025-12-28 18:06:33,2025-12-28 18:50:19,CW→CC,2025-12-28,,20178,20178
5845,2000214902,Lomas Coloradas,Coronel,20167,L2,V1,2025-12-28 14:20:26,2025-12-28 15:22:07,CC→CW,2025-12-28,,20167,20167
5846,2000215028,Costa Mar,Concepcion,20182,L2,V1,2025-12-28 18:54:37,2025-12-28 20:01:54,CW→CC,2025-12-28,,20182,20182
5847,2000215085,Cristo Redentor,Concepcion,20170,L2,V1,2025-12-28 15:33:25,2025-12-28 16:22:59,CW→CC,2025-12-28,,20170,20170
5848,2000215087,Huinca,Concepcion,20182,L2,V1,2025-12-28 19:09:27,2025-12-28 20:01:27,CW→CC,2025-12-28,,20182,20182
5849,2000215092,Costa Mar,Coronel,20151,L2,V1,2025-12-28 09:26:47,2025-12-28 10:17:22,CC→CW,2025-12-28,,20151,20151
5850,2000215092,Coronel,Costa Mar,20160,L2,V1,2025-12-28 11:12:35,2025-12-28 11:59:06,CW→CC,2025-12-28,,20160,20160
5851,2000215583,Costa Mar,Concepcion,20154,L2,V1,2025-12-28 10:07:23,2025-12-28 10:33:00,CW→CC,2025-12-28,,20154,20154
5852,2000215644,Mercado,Concepcion,20859,L1,V1,2025-12-28 12:09:17,2025-12-28 12:54:45,TH→HQ,2025-12-28,,20859,20859
5853,2000215722,Concepcion,Cristo Redentor,20157,L2,V1,2025-12-28 11:22:41,2025-12-28 12:11:14,CC→CW,2025-12-28,,20157,20157
5854,2000215722,Cristo Redentor,Concepcion,20182,L2,V1,2025-12-28 19:07:00,2025-12-28 20:10:37,CW→CC,2025-12-28,,20182,20182
5855,2000215761,Lomas Coloradas,Concepcion,20172,L2,V1,2025-12-28 16:58:28,2025-12-28 17:29:55,CW→CC,2025-12-28,,20172,20172
5856,2000215761,Concepcion,Lomas Coloradas,20183,L2,V1,2025-12-28 19:48:26,2025-12-28 20:26:09,CC→CW,2025-12-28,,20183,20183
5857,2000215874,Cristo Redentor,Concepcion,20160,L2,V1,2025-12-28 11:01:51,2025-12-28 12:19:20,CW→CC,2025-12-28,,20160,20160
5858,2000215874,Concepcion,Cristo Redentor,20169,L2,V1,2025-12-28 15:18:56,2025-12-28 16:08:54,CC→CW,2025-12-28,,20169,20169
5859,2000215930,Lomas Coloradas,Concepcion,20162,L2,V1,2025-12-28 12:36:49,2025-12-28 13:08:13,CW→CC,2025-12-28,,20162,20162
5860,2000216010,Concepcion,Cristo Redentor,20157,L2,V1,2025-12-28 11:22:47,2025-12-28 12:09:27,CC→CW,2025-12-28,,20157,20157
5861,2000216010,Cristo Redentor,Concepcion,20178,L2,V1,2025-12-28 18:16:28,2025-12-28 18:59:41,CW→CC,2025-12-28,,20178,20178
5862,2000216051,Cristo Redentor,Costa Mar,20154,L2,V1,2025-12-28 09:25:08,2025-12-28 10:18:49,CW→CC,2025-12-28,,20154,20154
5863,2000216080,Cristo Redentor,Concepcion,20168,L2,V1,2025-12-28 14:43:44,2025-12-28 15:28:06,CW→CC,2025-12-28,,20168,20168
5864,2000216080,Concepcion,El Parque,20171,L2,V1,2025-12-28 16:04:22,2025-12-28 16:58:11,CC→CW,2025-12-28,,20171,20171
5865,2000216080,El Parque,Cristo Redentor,20173,L2,V1,2025-12-28 17:18:10,2025-12-28 18:08:33,CC→CW,2025-12-28,,20173,20173
5866,2000216158,Costa Mar,Concepcion,20168,L2,V1,2025-12-28 15:13:12,2025-12-28 15:28:22,CW→CC,2025-12-28,,20168,20168
5867,2000216158,Concepcion,El Parque,20179,L2,V1,2025-12-28 18:37:31,2025-12-28 19:19:45,CC→CW,2025-12-28,,20179,20177
5868,2000216187,Los Canelos,Coronel,20151,L2,V1,2025-12-28 10:00:52,2025-12-28 10:17:12,CC→CW,2025-12-28,,20151,20151
5869,2000216229,Coronel,Costa Mar,20186,L2,V1,2025-12-28 20:06:06,2025-12-28 20:44:03,CW→CC,2025-12-28,,20186,20186
5870,2000216232,Costa Mar,Coronel,20151,L2,V1,2025-12-28 09:44:56,2025-12-28 10:16:56,CC→CW,2025-12-28,,20151,20151
5871,2000216232,Coronel,Costa Mar,20162,L2,V1,2025-12-28 12:01:05,2025-12-28 12:45:18,CW→CC,2025-12-28,,20162,20162
5872,2000216283,Costa Mar,Concepcion,20162,L2,V1,2025-12-28 12:32:02,2025-12-28 12:59:14,CW→CC,2025-12-28,,20162,20162
5873,2000216283,Concepcion,Costa Mar,20179,L2,V1,2025-12-28 18:37:34,2025-12-28 19:17:30,CC→CW,2025-12-28,,20179,20177
5874,2000216285,Costa Mar,Concepcion,20170,L2,V1,2025-12-28 16:06:25,2025-12-28 16:22:56,CW→CC,2025-12-28,,20170,20170
5875,2000216294,Juan Pablo II,Laguna Quinenco,20165,L2,V1,2025-12-28 12:44:04,2025-12-28 13:56:25,CC→CW,2025-12-28,,20165,20165
5876,2000216516,Cdal. Raul Silva Henriquez,Concepcion,20156,L2,V1,2025-12-28 10:48:21,2025-12-28 11:17:36,CW→CC,2025-12-28,,20156,20156
5877,2000216516,Concepcion,Cdal. Raul Silva Henriquez,20187,L2,V1,2025-12-28 20:51:07,2025-12-28 21:32:38,CC→CW,2025-12-28,,20187,20187
5878,2000216529,Concepcion,Cdal. Raul Silva Henriquez,20173,L2,V1,2025-12-28 16:46:27,2025-12-28 17:53:48,CC→CW,2025-12-28,,20173,20171
5879,2000216530,Concepcion,Cdal. Raul Silva Henriquez,20187,L2,V1,2025-12-28 20:48:18,2025-12-28 21:32:02,CC→CW,2025-12-28,,20187,20187
5880,2000216643,El Arenal,Los Condores,20857,L1,V1,2025-12-28 08:22:30,2025-12-28 08:44:55,TH→HQ,2025-12-28,,20857,20857
5881,2000216661,Concepcion,Costa Mar,20169,L2,V1,2025-12-28 15:27:36,2025-12-28 15:44:51,CC→CW,2025-12-28,,20169,20169
5882,2000216796,Concepcion,Lomas Coloradas,20165,L2,V1,2025-12-28 13:13:03,2025-12-28 13:35:06,CC→CW,2025-12-28,,20165,20165
5883,2000216796,Lomas Coloradas,Concepcion,20176,L2,V1,2025-12-28 18:05:05,2025-12-28 18:29:19,CW→CC,2025-12-28,,20176,20176
5884,2000216802,Concepcion,Higueras,20850,L1,V1,2025-12-28 08:35:29,2025-12-28 10:23:38,HQ→TH,2025-12-28,combo_por_entrada,20850,20850
5885,2000216802,Concepcion,Hito Galvarino,20179,L2,V1,2025-12-28 18:37:32,2025-12-28 19:32:10,CC→CW,2025-12-28,,20179,20177
5886,2000216894,Los Canelos,Concepcion,20160,L2,V1,2025-12-28 11:23:08,2025-12-28 13:27:58,CW→CC,2025-12-28,combo_por_entrada,20160,20844
5887,2000216894,Concepcion,Los Canelos,20177,L2,V1,2025-12-28 18:10:12,2025-12-28 19:05:39,CC→CW,2025-12-28,,20177,20177
5888,2000216945,Los Canelos,Costa Mar,20168,L2,V1,2025-12-28 14:47:50,2025-12-28 15:14:41,CW→CC,2025-12-28,,20168,20168
5889,2000217003,Coronel,Concepcion,20162,L2,V1,2025-12-28 11:45:25,2025-12-28 13:00:33,CW→CC,2025-12-28,,20162,20162
5890,2000217003,Concepcion,Coronel,20183,L2,V1,2025-12-28 19:27:43,2025-12-28 20:46:50,CC→CW,2025-12-28,,20183,20183
5891,2000217147,Concepcion,Coronel,20177,L2,V1,2025-12-28 18:17:56,2025-12-28 19:15:32,CC→CW,2025-12-28,,20177,20177
5892,2000217198,Coronel,Concepcion,20170,L2,V1,2025-12-28 15:12:38,2025-12-28 16:23:31,CW→CC,2025-12-28,,20170,20170
5893,2000217212,Cristo Redentor,Costa Mar,20182,L2,V1,2025-12-28 18:33:48,2025-12-28 19:48:52,CW→CC,2025-12-28,,20182,20182
5894,2000217291,El Parque,Cristo Redentor,20173,L2,V1,2025-12-28 17:39:36,2025-12-28 18:09:08,CC→CW,2025-12-28,,20173,20173
5895,2000217324,Alborada,Coronel,20183,L2,V1,2025-12-28 20:10:34,2025-12-28 20:47:30,CC→CW,2025-12-28,,20183,20183
5896,2000217361,Lomas Coloradas,Coronel,20165,L2,V1,2025-12-28 13:26:56,2025-12-28 13:59:59,CC→CW,2025-12-28,,20165,20165
5897,2000217715,Diagonal Bio Bio,Costa Mar,20179,L2,V1,2025-12-28 19:00:06,2025-12-28 19:17:20,CC→CW,2025-12-28,,20179,20179
5898,2000217726,Costa Mar,Cristo Redentor,20155,L2,V1,2025-12-28 10:06:54,2025-12-28 11:14:09,CC→CW,2025-12-28,,20155,20155
5899,2000217726,Cristo Redentor,Costa Mar,20162,L2,V1,2025-12-28 11:45:07,2025-12-28 12:44:26,CW→CC,2025-12-28,,20162,20162
5900,2000217734,Costa Mar,Coronel,20177,L2,V1,2025-12-28 18:44:16,2025-12-28 19:15:43,CC→CW,2025-12-28,,20177,20177
5901,2000217860,Cristo Redentor,Juan Pablo II,20154,L2,V1,2025-12-28 09:47:26,2025-12-28 10:26:38,CW→CC,2025-12-28,,20154,20154
5902,2000217874,Concepcion,Los Canelos,20169,L2,V1,2025-12-28 14:42:44,2025-12-28 16:04:41,CC→CW,2025-12-28,,20169,20167
5903,2000217923,Hito Galvarino,Laguna Quinenco,20183,L2,V1,2025-12-28 20:19:34,2025-12-28 20:44:41,CC→CW,2025-12-28,,20183,20183
5904,2000217939,Laguna Quinenco,Concepcion,20186,L2,V1,2025-12-28 20:14:12,2025-12-28 21:02:53,CW→CC,2025-12-28,,20186,20186
5905,2000217957,Laguna Quinenco,Diagonal Bio Bio,20182,L2,V1,2025-12-28 19:14:32,2025-12-28 19:50:33,CW→CC,2025-12-28,,20182,20182
5906,2000218025,Lomas Coloradas,Cristo Redentor,20187,L2,V1,2025-12-28 21:21:08,2025-12-28 21:44:11,CC→CW,2025-12-28,,20187,20187
5907,2000218056,Los Canelos,Concepcion,20160,L2,V1,2025-12-28 11:29:12,2025-12-28 12:13:30,CW→CC,2025-12-28,,20160,20160
5908,2000218056,Juan Pablo II,Los Canelos,20183,L2,V1,2025-12-28 20:01:33,2025-12-28 20:36:57,CC→CW,2025-12-28,,20183,20183
5909,2000218112,Concepcion,El Parque,20165,L2,V1,2025-12-28 13:02:27,2025-12-28 13:32:42,CC→CW,2025-12-28,,20165,20165
5910,2000218112,El Parque,Concepcion,20168,L2,V1,2025-12-28 15:02:25,2025-12-28 15:28:30,CW→CC,2025-12-28,,20168,20168
5911,2000218505,Cristo Redentor,El Parque,20160,L2,V1,2025-12-28 11:19:45,2025-12-28 11:56:09,CW→CC,2025-12-28,,20160,20160
5912,2000218505,El Parque,Coronel,20165,L2,V1,2025-12-28 13:25:22,2025-12-28 14:00:09,CC→CW,2025-12-28,,20165,20165
5913,2000218530,Hito Galvarino,Lomas Coloradas,20162,L2,V1,2025-12-28 12:00:26,2025-12-28 12:39:02,CW→CC,2025-12-28,,20162,20162
5914,2000218534,Concepcion,Huinca,20179,L2,V1,2025-12-28 18:52:56,2025-12-28 19:37:30,CC→CW,2025-12-28,,20179,20179
5915,2000218541,Cristo Redentor,Concepcion,20178,L2,V1,2025-12-28 18:16:18,2025-12-28 19:00:51,CW→CC,2025-12-28,,20178,20178
5916,2000218557,Costa Mar,Concepcion,20170,L2,V1,2025-12-28 15:39:08,2025-12-28 16:23:41,CW→CC,2025-12-28,,20170,20170
5917,2000218577,Juan Pablo II,Concepcion,20156,L2,V1,2025-12-28 11:06:04,2025-12-28 11:18:44,CW→CC,2025-12-28,,20156,20156
5918,2000218585,Concepcion,Hualqui,20845,L1,V1,2025-12-28 16:21:06,2025-12-28 17:02:12,TH→HQ,2025-12-28,,20845,20845
5919,2000218585,Hualqui,Concepcion,20848,L1,V1,2025-12-28 20:09:18,2025-12-28 21:09:53,HQ→TH,2025-12-28,,20848,20848
5920,2000243520,Concepcion,Cristo Redentor,20187,L2,V1,2025-12-28 20:44:47,2025-12-28 21:44:05,CC→CW,2025-12-28,,20187,20187
5921,2000243541,Los Canelos,Costa Mar,20186,L2,V1,2025-12-28 20:17:05,2025-12-28 20:44:56,CW→CC,2025-12-28,,20186,20186
5922,2000243564,Los Canelos,El Parque,20170,L2,V1,2025-12-28 15:35:34,2025-12-28 16:06:21,CW→CC,2025-12-28,,20170,20170
5923,2000243564,El Parque,Los Canelos,20173,L2,V1,2025-12-28 17:41:10,2025-12-28 18:03:17,CC→CW,2025-12-28,,20173,20173
5924,2000243585,Laguna Quinenco,Juan Pablo II,20182,L2,V1,2025-12-28 19:08:26,2025-12-28 19:53:45,CW→CC,2025-12-28,,20182,20182
5925,2000243669,El Parque,Costa Mar,20186,L2,V1,2025-12-28 20:40:13,2025-12-28 20:44:38,CW→CC,2025-12-28,,20186,20186
5926,2000243683,Juan Pablo II,Coronel,20151,L2,V1,2025-12-28 09:35:28,2025-12-28 10:17:34,CC→CW,2025-12-28,,20151,20151
5927,2000243726,Juan Pablo II,Laguna Quinenco,20177,L2,V1,2025-12-28 18:19:06,2025-12-28 19:12:54,CC→CW,2025-12-28,,20177,20177
5928,2000243750,Laguna Quinenco,Concepcion,20156,L2,V1,2025-12-28 10:38:43,2025-12-28 12:13:32,CW→CC,2025-12-28,,20156,20156
5929,2000243750,Concepcion,Laguna Quinenco,20169,L2,V1,2025-12-28 14:42:58,2025-12-28 16:13:03,CC→CW,2025-12-28,,20169,20167
5930,2000243765,Huinca,El Parque,20178,L2,V1,2025-12-28 18:20:16,2025-12-28 18:41:46,CW→CC,2025-12-28,,20178,20178
5931,2000243863,Lomas Coloradas,Coronel,20167,L2,V1,2025-12-28 14:46:25,2025-12-28 15:21:21,CC→CW,2025-12-28,,20167,20167
5932,2000243867,Lomas Coloradas,Diagonal Bio Bio,20168,L2,V1,2025-12-28 14:58:25,2025-12-28 15:19:25,CW→CC,2025-12-28,,20168,20168
5933,2000243867,Juan Pablo II,Lomas Coloradas,20177,L2,V1,2025-12-28 18:13:04,2025-12-28 18:51:27,CC→CW,2025-12-28,,20177,20177
5934,2000243994,Diagonal Bio Bio,Lomas Coloradas,20165,L2,V1,2025-12-28 13:08:04,2025-12-28 13:35:33,CC→CW,2025-12-28,,20165,20165
5935,2000243994,Lomas Coloradas,Diagonal Bio Bio,20166,L2,V1,2025-12-28 14:04:31,2025-12-28 14:23:37,CW→CC,2025-12-28,,20166,20166
5936,2000243997,Cdal. Raul Silva Henriquez,Alborada,20186,L2,V1,2025-12-28 20:28:22,2025-12-28 20:46:43,CW→CC,2025-12-28,,20186,20186
5937,2000244214,Coronel,Concepcion,20168,L2,V1,2025-12-28 14:39:00,2025-12-28 15:33:21,CW→CC,2025-12-28,,20168,20168
5938,2000244214,Concepcion,Laguna Quinenco,20187,L2,V1,2025-12-28 20:34:49,2025-12-28 21:49:30,CC→CW,2025-12-28,,20187,20187
5939,2000244257,Juan Pablo II,Laguna Quinenco,20161,L2,V1,2025-12-28 12:17:33,2025-12-28 12:57:34,CC→CW,2025-12-28,,20161,20161
5940,2000244347,El Parque,Diagonal Bio Bio,20182,L2,V1,2025-12-28 19:42:05,2025-12-28 19:52:37,CW→CC,2025-12-28,,20182,20182
5941,2000244527,Concepcion,Cristo Redentor,20177,L2,V1,2025-12-28 18:03:03,2025-12-28 19:09:39,CC→CW,2025-12-28,,20177,20177
5942,2000244586,Cdal. Raul Silva Henriquez,Lomas Coloradas,20170,L2,V1,2025-12-28 15:56:29,2025-12-28 16:02:38,CW→CC,2025-12-28,,20170,20170
5943,2000244663,Concepcion,Laguna Quinenco,20155,L2,V1,2025-12-28 10:00:01,2025-12-28 11:18:03,CC→CW,2025-12-28,,20155,20155
5944,2000244779,Concepcion,Lomas Coloradas,20179,L2,V1,2025-12-28 18:56:40,2025-12-28 19:22:01,CC→CW,2025-12-28,,20179,20179
5945,2000244831,Concepcion,Hito Galvarino,20155,L2,V1,2025-12-28 10:14:47,2025-12-28 11:12:25,CC→CW,2025-12-28,,20155,20155
5946,2000244978,El Parque,Concepcion,20186,L2,V1,2025-12-28 20:38:30,2025-12-28 20:59:57,CW→CC,2025-12-28,,20186,20186
5947,2000245186,Concepcion,Diagonal Bio Bio,20167,L2,V1,2025-12-28 14:33:58,2025-12-28 14:49:17,CC→CW,2025-12-28,,20167,20167
5948,2000245201,Lomas Coloradas,Juan Pablo II,20178,L2,V1,2025-12-28 18:32:20,2025-12-28 18:51:55,CW→CC,2025-12-28,,20178,20178
5949,2000245423,Laguna Quinenco,Lomas Coloradas,20168,L2,V1,2025-12-28 14:39:49,2025-12-28 15:09:56,CW→CC,2025-12-28,,20168,20168
5950,2000245540,Concepcion,Costa Mar,20183,L2,V1,2025-12-28 19:41:46,2025-12-28 20:17:07,CC→CW,2025-12-28,,20183,20183
5951,2000245575,Costa Mar,Lomas Coloradas,20165,L2,V1,2025-12-28 12:56:48,2025-12-28 13:35:17,CC→CW,2025-12-28,,20165,20165
5952,2000245575,Lomas Coloradas,Costa Mar,20186,L2,V1,2025-12-28 20:07:10,2025-12-28 20:44:33,CW→CC,2025-12-28,,20186,20186
5953,2000245602,Cristo Redentor,Hito Galvarino,20182,L2,V1,2025-12-28 19:20:06,2025-12-28 19:35:24,CW→CC,2025-12-28,,20182,20182
5954,2000245604,Costa Mar,Laguna Quinenco,20161,L2,V1,2025-12-28 12:29:14,2025-12-28 12:56:53,CC→CW,2025-12-28,,20161,20161
5955,2000245604,Laguna Quinenco,Costa Mar,20166,L2,V1,2025-12-28 13:45:31,2025-12-28 14:17:53,CW→CC,2025-12-28,,20166,20166
5956,2000245648,Hito Galvarino,Cristo Redentor,20173,L2,V1,2025-12-28 17:40:00,2025-12-28 18:08:44,CC→CW,2025-12-28,,20173,20173
5957,2000245668,Los Canelos,Concepcion,20150,L2,V1,2025-12-28 08:30:46,2025-12-28 09:31:19,CW→CC,2025-12-28,,20150,20150
5958,2000245705,Los Canelos,Concepcion,20168,L2,V1,2025-12-28 14:46:10,2025-12-28 15:28:42,CW→CC,2025-12-28,,20168,20168
5959,2000245705,Concepcion,Los Canelos,20179,L2,V1,2025-12-28 18:45:59,2025-12-28 19:35:20,CC→CW,2025-12-28,,20179,20179
5960,2000245754,Los Canelos,Concepcion,20176,L2,V1,2025-12-28 17:47:25,2025-12-28 18:27:32,CW→CC,2025-12-28,,20176,20176
5961,2000245854,Concepcion,Huinca,20167,L2,V1,2025-12-28 14:15:03,2025-12-28 15:11:51,CC→CW,2025-12-28,,20167,20167
5962,2000245857,Cristo Redentor,Concepcion,20166,L2,V1,2025-12-28 13:39:23,2025-12-28 14:32:21,CW→CC,2025-12-28,,20166,20166
5963,2000245857,Concepcion,Concepcion,,,N/A,2025-12-28 19:23:32,2025-12-28 19:24:05,,2025-12-28,no viajo,,
5964,2000245857,Concepcion,Huinca,20183,L2,V1,2025-12-28 19:47:22,2025-12-28 20:38:37,CC→CW,2025-12-28,,20183,20183
5965,2000245948,Alborada,Los Canelos,20183,L2,V1,2025-12-28 19:26:42,2025-12-28 20:37:46,CC→CW,2025-12-28,,20183,20183
5966,2000246045,Cristo Redentor,El Parque,20160,L2,V1,2025-12-28 11:33:58,2025-12-28 11:56:45,CW→CC,2025-12-28,,20160,20160
5967,2000246091,Laguna Quinenco,Concepcion,20154,L2,V1,2025-12-28 09:05:02,2025-12-28 10:35:56,CW→CC,2025-12-28,,20154,20154
5968,2000246091,Concepcion,Laguna Quinenco,20167,L2,V1,2025-12-28 13:58:56,2025-12-28 15:22:06,CC→CW,2025-12-28,,20167,20167
5969,2000246096,Cristo Redentor,Coronel,20155,L2,V1,2025-12-28 11:12:45,2025-12-28 11:19:38,CC→CW,2025-12-28,,20155,20155
5970,2000246096,Coronel,Cristo Redentor,20162,L2,V1,2025-12-28 11:57:51,2025-12-28 12:22:43,CW→CC,2025-12-28,,20162,20162
5971,2000246167,Concepcion,Los Canelos,20177,L2,V1,2025-12-28 18:07:16,2025-12-28 19:04:43,CC→CW,2025-12-28,,20177,20177
5972,2000246248,Chiguayante,UTF Santa Maria,20846,L1,V1,2025-12-28 17:14:36,2025-12-28 17:45:35,HQ→TH,2025-12-28,,20846,20846
5973,2000246264,Concepcion,El Parque,20171,L2,V1,2025-12-28 16:28:53,2025-12-28 16:58:02,CC→CW,2025-12-28,,20171,20171
5974,2000246264,El Parque,Concepcion,20176,L2,V1,2025-12-28 17:16:44,2025-12-28 18:28:18,CW→CC,2025-12-28,,20176,20172
5975,2000246341,Lomas Coloradas,El Parque,20170,L2,V1,2025-12-28 15:57:34,2025-12-28 16:07:51,CW→CC,2025-12-28,,20170,20170
5976,2000246342,Concepcion,Lomas Coloradas,20183,L2,V1,2025-12-28 19:51:16,2025-12-28 20:22:54,CC→CW,2025-12-28,,20183,20183
5977,2000246389,Lomas Coloradas,Costa Mar,20172,L2,V1,2025-12-28 16:52:00,2025-12-28 17:14:35,CW→CC,2025-12-28,,20172,20172
5978,2000246389,Costa Mar,Lomas Coloradas,20179,L2,V1,2025-12-28 19:13:10,2025-12-28 19:22:03,CC→CW,2025-12-28,,20179,20179
5979,2000246414,Chiguayante,Mercado,20844,L1,V1,2025-12-28 12:26:34,2025-12-28 13:29:43,HQ→TH,2025-12-28,,20844,20844
5980,2000246414,Mercado,Chiguayante,20845,L1,V1,2025-12-28 15:49:38,2025-12-28 16:42:12,TH→HQ,2025-12-28,,20845,20845
5981,2000246419,Chiguayante,Mercado,20850,L1,V1,2025-12-28 09:44:28,2025-12-28 10:30:43,HQ→TH,2025-12-28,,20850,20850
5982,2000246475,Concepcion,Concepcion,,,N/A,2025-12-28 18:09:09,2025-12-28 18:10:46,,2025-12-28,no viajo,,
5983,2000246475,Concepcion,Chiguayante,20847,L1,V1,2025-12-28 19:52:07,2025-12-28 20:41:07,TH→HQ,2025-12-28,,20847,20847
5984,2000246476,Concepcion,Lomas Coloradas,20169,L2,V1,2025-12-28 15:15:19,2025-12-28 15:50:41,CC→CW,2025-12-28,,20169,20169
5985,2000246681,Costa Mar,Concepcion,20166,L2,V1,2025-12-28 14:16:01,2025-12-28 14:36:11,CW→CC,2025-12-28,,20166,20166
5986,2000246681,Concepcion,Costa Mar,20179,L2,V1,2025-12-28 18:57:05,2025-12-28 19:18:19,CC→CW,2025-12-28,,20179,20179
5987,2000246689,Laguna Quinenco,Los Canelos,20160,L2,V1,2025-12-28 11:30:15,2025-12-28 11:41:50,CW→CC,2025-12-28,,20160,20160
5988,2000246705,Concepcion,Costa Mar,20187,L2,V1,2025-12-28 20:55:50,2025-12-28 21:23:57,CC→CW,2025-12-28,,20187,20187
5989,2000246721,Lomas Coloradas,Concepcion,20166,L2,V1,2025-12-28 14:11:26,2025-12-28 14:37:44,CW→CC,2025-12-28,,20166,20166
5990,2000246721,Concepcion,Lomas Coloradas,20183,L2,V1,2025-12-28 20:00:55,2025-12-28 20:25:39,CC→CW,2025-12-28,,20183,20183
5991,2000246745,Los Canelos,Costa Mar,20176,L2,V1,2025-12-28 17:42:11,2025-12-28 18:12:10,CW→CC,2025-12-28,,20176,20176
5992,2000246745,Costa Mar,Laguna Quinenco,20187,L2,V1,2025-12-28 20:23:35,2025-12-28 21:48:19,CC→CW,2025-12-28,,20187,20183
5993,2000246747,Diagonal Bio Bio,Costa Mar,20187,L2,V1,2025-12-28 21:06:42,2025-12-28 21:23:26,CC→CW,2025-12-28,,20187,20187
5994,2000246781,Cristo Redentor,Juan Pablo II,20150,L2,V1,2025-12-28 08:36:43,2025-12-28 09:23:54,CW→CC,2025-12-28,,20150,20150
5995,2000246781,Concepcion,Cristo Redentor,20167,L2,V1,2025-12-28 13:35:49,2025-12-28 15:14:07,CC→CW,2025-12-28,,20167,20167
5996,2000246828,Concepcion,Cristo Redentor,20187,L2,V1,2025-12-28 20:53:37,2025-12-28 21:44:55,CC→CW,2025-12-28,,20187,20187
5997,2000246985,El Parque,Lomas Coloradas,20177,L2,V1,2025-12-28 18:38:12,2025-12-28 18:52:12,CC→CW,2025-12-28,,20177,20177
5998,2000247003,Cristo Redentor,Laguna Quinenco,20167,L2,V1,2025-12-28 14:54:13,2025-12-28 15:17:50,CC→CW,2025-12-28,,20167,20167
5999,2000247005,Huinca,Cristo Redentor,20155,L2,V1,2025-12-28 11:05:37,2025-12-28 11:13:57,CC→CW,2025-12-28,,20155,20155
6000,2000247008,Concepcion,Los Canelos,20183,L2,V1,2025-12-28 19:39:34,2025-12-28 20:37:42,CC→CW,2025-12-28,,20183,20183
6001,2000247071,Costa Mar,Huinca,20173,L2,V1,2025-12-28 17:40:32,2025-12-28 18:08:52,CC→CW,2025-12-28,,20173,20173
6002,2000247079,Diagonal Bio Bio,Los Canelos,20183,L2,V1,2025-12-28 20:10:49,2025-12-28 20:37:40,CC→CW,2025-12-28,,20183,20183
6003,2000247097,Hito Galvarino,Concepcion,20182,L2,V1,2025-12-28 19:25:44,2025-12-28 20:06:40,CW→CC,2025-12-28,,20182,20182
6004,2000247113,Los Condores,Chiguayante,20845,L1,V1,2025-12-28 15:51:49,2025-12-28 16:40:58,TH→HQ,2025-12-28,,20845,20845
6005,2000247133,Diagonal Bio Bio,Concepcion,20168,L2,V1,2025-12-28 14:54:32,2025-12-28 15:29:22,CW→CC,2025-12-28,,20168,20168
6006,2000247204,Concepcion,Costa Mar,20187,L2,V1,2025-12-28 20:49:55,2025-12-28 21:23:57,CC→CW,2025-12-28,,20187,20187
6007,2000247259,Juan Pablo II,Cristo Redentor,20177,L2,V1,2025-12-28 18:32:10,2025-12-28 19:10:39,CC→CW,2025-12-28,,20177,20177
6008,2000247274,Cristo Redentor,Lomas Coloradas,20182,L2,V1,2025-12-28 19:14:53,2025-12-28 19:41:15,CW→CC,2025-12-28,,20182,20182
6009,2000247357,Laguna Quinenco,Hito Galvarino,20176,L2,V1,2025-12-28 17:44:33,2025-12-28 17:57:59,CW→CC,2025-12-28,,20176,20176
6010,2000247359,Concepcion,Laguna Quinenco,20177,L2,V1,2025-12-28 18:08:26,2025-12-28 19:12:31,CC→CW,2025-12-28,,20177,20177
6011,2000247373,Huinca,Laguna Quinenco,20171,L2,V1,2025-12-28 17:04:18,2025-12-28 17:22:44,CC→CW,2025-12-28,,20171,20171
6012,2000247412,Concepcion,Lomas Coloradas,20167,L2,V1,2025-12-28 14:27:25,2025-12-28 14:56:34,CC→CW,2025-12-28,,20167,20167
6013,2000247429,Concepcion,Lomas Coloradas,20169,L2,V1,2025-12-28 14:58:21,2025-12-28 15:50:40,CC→CW,2025-12-28,,20169,20169
6014,2000247437,Lomas Coloradas,Cristo Redentor,20161,L2,V1,2025-12-28 12:22:35,2025-12-28 12:54:12,CC→CW,2025-12-28,,20161,20161
6015,2000247733,Coronel,El Parque,20162,L2,V1,2025-12-28 12:10:46,2025-12-28 12:42:49,CW→CC,2025-12-28,,20162,20162
6016,2000247733,El Parque,Laguna Quinenco,20183,L2,V1,2025-12-28 20:07:07,2025-12-28 20:44:09,CC→CW,2025-12-28,,20183,20183
6017,2000247822,Los Canelos,Hito Galvarino,20162,L2,V1,2025-12-28 12:15:02,2025-12-28 12:30:11,CW→CC,2025-12-28,,20162,20162
6018,2000247954,Laguna Quinenco,Concepcion,20166,L2,V1,2025-12-28 13:42:24,2025-12-28 15:28:47,CW→CC,2025-12-28,,20166,20166
6019,2000247954,Concepcion,Huinca,20183,L2,V1,2025-12-28 19:55:22,2025-12-28 20:39:32,CC→CW,2025-12-28,,20183,20183
6020,2000247997,Los Canelos,Concepcion,20166,L2,V1,2025-12-28 13:52:22,2025-12-28 14:34:16,CW→CC,2025-12-28,,20166,20166
6021,2000247997,Concepcion,Concepcion,,,N/A,2025-12-28 17:23:59,2025-12-28 17:41:12,,2025-12-28,no viajo,,
6022,2000247997,Concepcion,Los Canelos,20177,L2,V1,2025-12-28 18:22:30,2025-12-28 19:05:07,CC→CW,2025-12-28,,20177,20177
6023,2000248146,Concepcion,Los Canelos,20177,L2,V1,2025-12-28 18:24:10,2025-12-28 19:05:52,CC→CW,2025-12-28,,20177,20177
6024,2000248187,Cristo Redentor,Juan Pablo II,20162,L2,V1,2025-12-28 12:09:59,2025-12-28 12:55:26,CW→CC,2025-12-28,,20162,20162
6025,2000248213,Los Canelos,Concepcion,20172,L2,V1,2025-12-28 16:48:33,2025-12-28 17:28:51,CW→CC,2025-12-28,,20172,20172
6026,2000248213,Concepcion,Los Canelos,20183,L2,V1,2025-12-28 19:37:21,2025-12-28 20:39:42,CC→CW,2025-12-28,,20183,20183
6027,2000248253,El Parque,Concepcion,20154,L2,V1,2025-12-28 10:00:07,2025-12-28 10:33:00,CW→CC,2025-12-28,,20154,20154
6028,2000248253,Concepcion,El Parque,20187,L2,V1,2025-12-28 20:44:55,2025-12-28 21:27:02,CC→CW,2025-12-28,,20187,20187
6029,2000248437,Los Canelos,Diagonal Bio Bio,20156,L2,V1,2025-12-28 10:43:42,2025-12-28 11:08:15,CW→CC,2025-12-28,,20156,20156
6030,2000248437,Diagonal Bio Bio,Los Canelos,20165,L2,V1,2025-12-28 13:21:21,2025-12-28 13:48:31,CC→CW,2025-12-28,,20165,20165
6031,2000248448,Cristo Redentor,Coronel,20157,L2,V1,2025-12-28 12:00:22,2025-12-28 12:15:05,CC→CW,2025-12-28,,20157,20157
6032,2000248448,Coronel,Huinca,20166,L2,V1,2025-12-28 13:48:28,2025-12-28 13:59:01,CW→CC,2025-12-28,,20166,20166
6033,2000248464,Concepcion,Huinca,20187,L2,V1,2025-12-28 20:29:24,2025-12-28 21:43:25,CC→CW,2025-12-28,,20187,20187
6034,2020001373,Lomas Coloradas,Costa Mar,20150,L2,V1,2025-12-28 09:06:12,2025-12-28 09:16:29,CW→CC,2025-12-28,,20150,20150
6035,2020034801,Cristo Redentor,Concepcion,20156,L2,V1,2025-12-28 10:34:05,2025-12-28 11:18:37,CW→CC,2025-12-28,,20156,20156
6036,2040088073,Concepcion,Laguna Quinenco,20165,L2,V1,2025-12-28 12:51:24,2025-12-28 13:58:25,CC→CW,2025-12-28,,20165,20165
6037,2040088073,Laguna Quinenco,Concepcion,20168,L2,V1,2025-12-28 14:43:35,2025-12-28 15:32:26,CW→CC,2025-12-28,,20168,20168
6038,2040088074,Concepcion,Cristo Redentor,20177,L2,V1,2025-12-28 18:20:13,2025-12-28 19:10:34,CC→CW,2025-12-28,,20177,20177
6039,2040088200,Concepcion,Lomas Coloradas,20151,L2,V1,2025-12-28 09:20:49,2025-12-28 09:53:06,CC→CW,2025-12-28,,20151,20151
6040,2040088238,Concepcion,Cristo Redentor,20187,L2,V1,2025-12-28 20:57:20,2025-12-28 21:45:20,CC→CW,2025-12-28,,20187,20187
6041,2040088240,Laguna Quinenco,Los Canelos,20168,L2,V1,2025-12-28 14:30:27,2025-12-28 14:56:57,CW→CC,2025-12-28,,20168,20168
6042,2040088252,Laguna Quinenco,El Parque,20178,L2,V1,2025-12-28 18:11:51,2025-12-28 18:41:31,CW→CC,2025-12-28,,20178,20178
6043,2040088252,El Parque,Hito Galvarino,20183,L2,V1,2025-12-28 19:58:32,2025-12-28 20:32:56,CC→CW,2025-12-28,,20183,20183
6044,2040088472,Diagonal Bio Bio,Laguna Quinenco,20155,L2,V1,2025-12-28 10:43:49,2025-12-28 11:17:19,CC→CW,2025-12-28,,20155,20155
6045,2040089268,Laguna Quinenco,Cristo Redentor,20178,L2,V1,2025-12-28 18:14:35,2025-12-28 18:22:29,CW→CC,2025-12-28,,20178,20178
6046,2040089285,Coronel,Cristo Redentor,20178,L2,V1,2025-12-28 18:02:18,2025-12-28 18:22:50,CW→CC,2025-12-28,,20178,20178
6047,2040089309,Laguna Quinenco,Concepcion,20150,L2,V1,2025-12-28 08:48:32,2025-12-28 09:30:42,CW→CC,2025-12-28,,20150,20150
6048,2040089309,Concepcion,Cristo Redentor,20155,L2,V1,2025-12-28 10:32:14,2025-12-28 11:15:18,CC→CW,2025-12-28,,20155,20155
6049,2040089322,Laguna Quinenco,Concepcion,20150,L2,V1,2025-12-28 08:40:36,2025-12-28 09:30:28,CW→CC,2025-12-28,,20150,20150
6050,2040089322,Concepcion,Laguna Quinenco,20187,L2,V1,2025-12-28 20:47:03,2025-12-28 21:47:09,CC→CW,2025-12-28,,20187,20187
6051,2040089789,Juan Pablo II,Lomas Coloradas,20183,L2,V1,2025-12-28 19:59:31,2025-12-28 20:23:44,CC→CW,2025-12-28,,20183,20183
6052,2040092106,Lomas Coloradas,El Parque,20176,L2,V1,2025-12-28 18:00:13,2025-12-28 18:09:46,CW→CC,2025-12-28,,20176,20176
6053,2040092275,Concepcion,Laguna Quinenco,20157,L2,V1,2025-12-28 11:07:52,2025-12-28 12:13:07,CC→CW,2025-12-28,,20157,20157
6054,2040092275,Concepcion,Laguna Quinenco,20171,L2,V1,2025-12-28 16:38:30,2025-12-28 17:20:23,CC→CW,2025-12-28,,20171,20171
6055,2040092579,Costa Mar,Los Canelos,20177,L2,V1,2025-12-28 18:32:47,2025-12-28 19:05:31,CC→CW,2025-12-28,,20177,20177
6056,2040092820,El Parque,Laguna Quinenco,20183,L2,V1,2025-12-28 19:41:48,2025-12-28 20:44:39,CC→CW,2025-12-28,,20183,20183
6057,2040093077,Concepcion,Coronel,20151,L2,V1,2025-12-28 08:50:29,2025-12-28 10:17:36,CC→CW,2025-12-28,,20151,20151
6058,2040093131,Lzo. Arenas,Hualqui,20847,L1,V1,2025-12-28 20:18:04,2025-12-28 21:01:49,TH→HQ,2025-12-28,,20847,20847
6059,2040093635,Laguna Quinenco,Concepcion,20182,L2,V1,2025-12-28 18:54:18,2025-12-28 20:01:06,CW→CC,2025-12-28,,20182,20182
6060,2040093720,Los Canelos,Concepcion,20178,L2,V1,2025-12-28 18:24:59,2025-12-28 18:59:22,CW→CC,2025-12-28,,20178,20178
6061,2040093744,Los Canelos,Concepcion,20166,L2,V1,2025-12-28 13:46:20,2025-12-28 14:36:18,CW→CC,2025-12-28,,20166,20166
6062,2040093747,Diagonal Bio Bio,Los Canelos,20151,L2,V1,2025-12-28 09:36:09,2025-12-28 10:06:59,CC→CW,2025-12-28,,20151,20151
6063,2040093921,Coronel,Concepcion,20160,L2,V1,2025-12-28 11:19:11,2025-12-28 12:13:44,CW→CC,2025-12-28,,20160,20160
6064,2040093921,Concepcion,Cristo Redentor,20177,L2,V1,2025-12-28 18:18:35,2025-12-28 19:10:03,CC→CW,2025-12-28,,20177,20177
6065,2040102566,Concepcion,Coronel,20165,L2,V1,2025-12-28 12:53:56,2025-12-28 13:59:52,CC→CW,2025-12-28,,20165,20165
6066,2040102978,Lomas Coloradas,Concepcion,20168,L2,V1,2025-12-28 15:01:35,2025-12-28 15:30:04,CW→CC,2025-12-28,,20168,20168
6067,2040103672,Mercado,Concepcion,20859,L1,V1,2025-12-28 12:18:19,2025-12-28 12:55:03,TH→HQ,2025-12-28,,20859,20859
6068,2040103814,El Parque,Lomas Coloradas,20187,L2,V1,2025-12-28 21:18:58,2025-12-28 21:30:16,CC→CW,2025-12-28,,20187,20187
6069,2040103900,Diagonal Bio Bio,Lomas Coloradas,20165,L2,V1,2025-12-28 13:22:29,2025-12-28 13:35:28,CC→CW,2025-12-28,,20165,20165
6070,2040103964,Concepcion,Cdal. Raul Silva Henriquez,20187,L2,V1,2025-12-28 20:48:18,2025-12-28 21:32:57,CC→CW,2025-12-28,,20187,20187
6071,2040136805,Laguna Quinenco,Cdal. Raul Silva Henriquez,20182,L2,V1,2025-12-28 19:08:38,2025-12-28 19:38:10,CW→CC,2025-12-28,,20182,20182
6072,2040137018,Concepcion,Laguna Quinenco,20151,L2,V1,2025-12-28 09:11:33,2025-12-28 10:14:01,CC→CW,2025-12-28,,20151,20151
6073,2040137018,Laguna Quinenco,Concepcion,20178,L2,V1,2025-12-28 18:03:23,2025-12-28 18:58:47,CW→CC,2025-12-28,,20178,20178
6074,2040137135,Hito Galvarino,Concepcion,20156,L2,V1,2025-12-28 10:45:53,2025-12-28 11:17:52,CW→CC,2025-12-28,,20156,20156
6075,2040137355,Costa Mar,Coronel,20177,L2,V1,2025-12-28 18:32:09,2025-12-28 19:15:22,CC→CW,2025-12-28,,20177,20177
6076,2040137621,Concepcion,Concepcion,,,N/A,2025-12-28 19:58:03,2025-12-28 19:59:38,,2025-12-28,no viajo,,
6077,2040137685,Concepcion,Concepcion,,,N/A,2025-12-28 16:32:28,2025-12-28 16:33:01,,2025-12-28,no viajo,,
6078,2040137717,Manquimavida,Concepcion,20844,L1,V1,2025-12-28 12:27:00,2025-12-28 13:06:54,HQ→TH,2025-12-28,,20844,20844
6079,2040137717,Concepcion,Manquimavida,20845,L1,V1,2025-12-28 16:17:53,2025-12-28 16:46:56,TH→HQ,2025-12-28,,20845,20845
6080,2040137878,Los Condores,La Leonera,20859,L1,V1,2025-12-28 12:35:27,2025-12-28 13:18:10,TH→HQ,2025-12-28,,20859,20859
6081,2040140003,Los Canelos,Alborada,20166,L2,V1,2025-12-28 13:45:18,2025-12-28 14:21:58,CW→CC,2025-12-28,,20166,20166
6082,2040140003,Alborada,Los Canelos,20177,L2,V1,2025-12-28 18:45:32,2025-12-28 19:35:57,CC→CW,2025-12-28,,20177,20177
6083,2040140039,Cristo Redentor,Cdal. Raul Silva Henriquez,20176,L2,V1,2025-12-28 17:43:38,2025-12-28 18:04:26,CW→CC,2025-12-28,,20176,20176
6084,2040140898,Concepcion,Lomas Coloradas,20187,L2,V1,2025-12-28 20:48:15,2025-12-28 21:29:23,CC→CW,2025-12-28,,20187,20187
6085,2040141190,Lomas Coloradas,Coronel,20177,L2,V1,2025-12-28 18:32:39,2025-12-28 19:15:13,CC→CW,2025-12-28,,20177,20177
6086,2040141310,Coronel,Lomas Coloradas,20176,L2,V1,2025-12-28 17:37:49,2025-12-28 18:06:49,CW→CC,2025-12-28,,20176,20176
6087,2040141310,Lomas Coloradas,Juan Pablo II,20178,L2,V1,2025-12-28 18:35:10,2025-12-28 18:53:34,CW→CC,2025-12-28,,20178,20178
6088,2040141332,Laguna Quinenco,Concepcion,20172,L2,V1,2025-12-28 16:34:48,2025-12-28 17:29:10,CW→CC,2025-12-28,,20172,20172
6089,2040141429,Los Canelos,Concepcion,20166,L2,V1,2025-12-28 13:57:43,2025-12-28 14:34:48,CW→CC,2025-12-28,,20166,20166
6090,2040141429,Concepcion,El Parque,20171,L2,V1,2025-12-28 16:19:50,2025-12-28 16:58:56,CC→CW,2025-12-28,,20171,20171
6091,2040141429,El Parque,Los Canelos,20177,L2,V1,2025-12-28 18:28:05,2025-12-28 19:05:01,CC→CW,2025-12-28,,20177,20177
6092,2040141588,Concepcion,Cristo Redentor,20161,L2,V1,2025-12-28 12:06:01,2025-12-28 12:54:07,CC→CW,2025-12-28,,20161,20161
6093,2040141588,Cristo Redentor,Concepcion,20186,L2,V1,2025-12-28 20:12:17,2025-12-28 21:00:36,CW→CC,2025-12-28,,20186,20186
6094,2040141625,Lomas Coloradas,Concepcion,20166,L2,V1,2025-12-28 14:06:11,2025-12-28 14:33:02,CW→CC,2025-12-28,,20166,20166
6095,2040141913,Concepcion,Lomas Coloradas,20171,L2,V1,2025-12-28 16:30:21,2025-12-28 17:00:33,CC→CW,2025-12-28,,20171,20171
6096,2040146026,Laguna Quinenco,Lomas Coloradas,20170,L2,V1,2025-12-28 15:35:34,2025-12-28 16:03:07,CW→CC,2025-12-28,,20170,20170
6097,2040146029,Concepcion,Cdal. Raul Silva Henriquez,20151,L2,V1,2025-12-28 09:09:37,2025-12-28 09:56:20,CC→CW,2025-12-28,,20151,20151
6098,2040146029,Cdal. Raul Silva Henriquez,Concepcion,20162,L2,V1,2025-12-28 12:31:46,2025-12-28 12:59:54,CW→CC,2025-12-28,,20162,20162
6099,2040146163,Concepcion,Cdal. Raul Silva Henriquez,20165,L2,V1,2025-12-28 12:17:28,2025-12-28 13:39:49,CC→CW,2025-12-28,combo_por_entrada,20165,20165
6100,2040146288,Higueras,Mercado,20850,L1,V1,2025-12-28 10:12:03,2025-12-28 10:31:01,HQ→TH,2025-12-28,,20850,20850
6101,2040146377,Hito Galvarino,Cristo Redentor,20171,L2,V1,2025-12-28 16:28:28,2025-12-28 17:17:43,CC→CW,2025-12-28,,20171,20171
6102,2040146537,Diagonal Bio Bio,Costa Mar,20169,L2,V1,2025-12-28 15:34:12,2025-12-28 15:45:18,CC→CW,2025-12-28,,20169,20169
6103,2040146552,Costa Mar,Concepcion,20178,L2,V1,2025-12-28 18:43:05,2025-12-28 18:58:52,CW→CC,2025-12-28,,20178,20178
6104,2040146552,Concepcion,Costa Mar,20183,L2,V1,2025-12-28 19:49:00,2025-12-28 20:17:04,CC→CW,2025-12-28,,20183,20183
6105,2040146588,Costa Mar,Lomas Coloradas,20173,L2,V1,2025-12-28 16:59:33,2025-12-28 17:50:45,CC→CW,2025-12-28,,20173,20171
6106,2040146821,Laguna Quinenco,Cristo Redentor,20186,L2,V1,2025-12-28 20:16:04,2025-12-28 20:22:01,CW→CC,2025-12-28,,20186,20186
6107,2040146952,Concepcion,Cdal. Raul Silva Henriquez,20151,L2,V1,2025-12-28 09:28:48,2025-12-28 09:56:15,CC→CW,2025-12-28,,20151,20151
6108,2040147292,Juan Pablo II,Hito Galvarino,20187,L2,V1,2025-12-28 21:10:26,2025-12-28 21:37:02,CC→CW,2025-12-28,,20187,20187
6109,2040147387,Juan Pablo II,Cdal. Raul Silva Henriquez,20183,L2,V1,2025-12-28 19:41:15,2025-12-28 20:27:21,CC→CW,2025-12-28,,20183,20183
6110,2040147438,Huinca,Concepcion,20162,L2,V1,2025-12-28 12:17:12,2025-12-28 13:00:17,CW→CC,2025-12-28,,20162,20162
6111,2040147444,Coronel,Juan Pablo II,20162,L2,V1,2025-12-28 11:49:16,2025-12-28 12:52:49,CW→CC,2025-12-28,,20162,20162
6112,2040147444,Concepcion,Coronel,20171,L2,V1,2025-12-28 16:19:15,2025-12-28 17:23:46,CC→CW,2025-12-28,,20171,20171
6113,2040147959,Cdal. Raul Silva Henriquez,Concepcion,20168,L2,V1,2025-12-28 14:53:59,2025-12-28 15:27:49,CW→CC,2025-12-28,,20168,20168
6114,2040147959,Concepcion,Cdal. Raul Silva Henriquez,20177,L2,V1,2025-12-28 18:09:19,2025-12-28 18:54:47,CC→CW,2025-12-28,,20177,20177
6115,2040213412,Cdal. Raul Silva Henriquez,Concepcion,20168,L2,V1,2025-12-28 14:56:37,2025-12-28 15:28:05,CW→CC,2025-12-28,,20168,20168
6116,2040213412,Concepcion,Cdal. Raul Silva Henriquez,20173,L2,V1,2025-12-28 17:21:28,2025-12-28 17:53:19,CC→CW,2025-12-28,,20173,20173
6117,2040262140,Cdal. Raul Silva Henriquez,Concepcion,20186,L2,V1,2025-12-28 20:14:05,2025-12-28 20:59:31,CW→CC,2025-12-28,,20186,20186
6118,2100000049,Coronel,Juan Pablo II,20182,L2,V1,2025-12-28 19:06:27,2025-12-28 19:54:06,CW→CC,2025-12-28,,20182,20182
6119,2100000467,Los Condores,Manquimavida,20847,L1,V1,2025-12-28 19:58:02,2025-12-28 20:47:07,TH→HQ,2025-12-28,,20847,20847
6120,2100000713,Laguna Quinenco,Concepcion,20186,L2,V1,2025-12-28 19:38:55,2025-12-28 21:01:43,CW→CC,2025-12-28,,20186,20186
6121,2100000749,Diagonal Bio Bio,Coronel,20155,L2,V1,2025-12-28 10:01:41,2025-12-28 11:20:21,CC→CW,2025-12-28,,20155,20155
6122,2100000772,El Parque,Laguna Quinenco,20183,L2,V1,2025-12-28 20:17:28,2025-12-28 20:44:28,CC→CW,2025-12-28,,20183,20183
6123,2100001010,Concepcion,Lomas Coloradas,20169,L2,V1,2025-12-28 15:21:10,2025-12-28 16:01:27,CC→CW,2025-12-28,,20169,20169
6124,2100001359,Diagonal Bio Bio,Cdal. Raul Silva Henriquez,20165,L2,V1,2025-12-28 13:16:47,2025-12-28 13:38:21,CC→CW,2025-12-28,,20165,20165
6125,2100001557,Los Canelos,Concepcion,20160,L2,V1,2025-12-28 11:36:50,2025-12-28 12:13:35,CW→CC,2025-12-28,,20160,20160
6126,2100001557,Concepcion,Los Canelos,20169,L2,V1,2025-12-28 15:08:28,2025-12-28 16:02:54,CC→CW,2025-12-28,,20169,20169
6127,2100002102,Lomas Coloradas,Concepcion,20160,L2,V1,2025-12-28 11:48:42,2025-12-28 12:12:31,CW→CC,2025-12-28,,20160,20160
6128,2100002102,Concepcion,Lomas Coloradas,20187,L2,V1,2025-12-28 20:46:40,2025-12-28 21:29:42,CC→CW,2025-12-28,,20187,20187
6129,2100002655,Concepcion,Laguna Quinenco,20155,L2,V1,2025-12-28 10:14:56,2025-12-28 11:17:38,CC→CW,2025-12-28,,20155,20155
6130,2100002655,Laguna Quinenco,Concepcion,20186,L2,V1,2025-12-28 20:12:43,2025-12-28 21:02:48,CW→CC,2025-12-28,,20186,20186
6131,2100002745,Concepcion,Chiguayante,20847,L1,V1,2025-12-28 20:20:44,2025-12-28 20:40:52,TH→HQ,2025-12-28,,20847,20847
6132,2100002987,Coronel,Concepcion,20162,L2,V1,2025-12-28 12:02:40,2025-12-28 12:59:48,CW→CC,2025-12-28,,20162,20162
6133,2100003054,Cristo Redentor,El Parque,20162,L2,V1,2025-12-28 12:11:51,2025-12-28 12:42:53,CW→CC,2025-12-28,,20162,20162
6134,2100003054,El Parque,Cristo Redentor,20165,L2,V1,2025-12-28 13:21:13,2025-12-28 13:53:45,CC→CW,2025-12-28,,20165,20165
6135,2100003146,Hito Galvarino,Concepcion,20154,L2,V1,2025-12-28 09:48:23,2025-12-28 10:33:25,CW→CC,2025-12-28,,20154,20154
6136,2100003146,Concepcion,Hito Galvarino,20167,L2,V1,2025-12-28 14:21:00,2025-12-28 15:06:08,CC→CW,2025-12-28,,20167,20167
6137,2100003151,Concepcion,Los Canelos,20179,L2,V1,2025-12-28 18:55:24,2025-12-28 19:36:04,CC→CW,2025-12-28,,20179,20179
6138,2100003250,El Parque,Coronel,20167,L2,V1,2025-12-28 14:50:12,2025-12-28 15:21:27,CC→CW,2025-12-28,,20167,20167
6139,2100003341,Concepcion,UTF Santa Maria,20846,L1,V1,2025-12-28 16:45:59,2025-12-28 17:45:25,HQ→TH,2025-12-28,combo_por_entrada,20846,20846
6140,2100003904,Concepcion,Huinca,20177,L2,V1,2025-12-28 18:23:06,2025-12-28 19:07:51,CC→CW,2025-12-28,,20177,20177
6141,2100004258,Concepcion,Higueras,20848,L1,V1,2025-12-28 20:37:27,2025-12-28 21:23:56,HQ→TH,2025-12-28,combo_por_entrada,20848,20848
6142,2100004762,Los Canelos,El Parque,20172,L2,V1,2025-12-28 16:49:07,2025-12-28 17:13:35,CW→CC,2025-12-28,,20172,20172
6143,2100004762,El Parque,Cdal. Raul Silva Henriquez,20179,L2,V1,2025-12-28 19:14:40,2025-12-28 19:25:40,CC→CW,2025-12-28,,20179,20179
6144,2100004762,Lomas Coloradas,Los Canelos,20187,L2,V1,2025-12-28 21:15:48,2025-12-28 21:41:05,CC→CW,2025-12-28,,20187,20187
6145,2100004836,Los Canelos,Concepcion,20150,L2,V1,2025-12-28 08:46:27,2025-12-28 09:41:30,CW→CC,2025-12-28,,20150,20150
6146,2100004836,Concepcion,Los Canelos,20177,L2,V1,2025-12-28 18:12:02,2025-12-28 19:05:08,CC→CW,2025-12-28,,20177,20177
6147,2100004943,Coronel,Concepcion,20172,L2,V1,2025-12-28 16:36:06,2025-12-28 19:46:25,CW→CC,2025-12-28,,20172,20172
6148,2100004943,Concepcion,Coronel,20183,L2,V1,2025-12-28 19:46:32,2025-12-28 20:46:53,CC→CW,2025-12-28,,20183,20183
6149,2100005291,Hualqui,Los Condores,20850,L1,V1,2025-12-28 09:27:17,2025-12-28 10:20:28,HQ→TH,2025-12-28,,20850,20850
6150,2100005368,Lomas Coloradas,Cristo Redentor,20151,L2,V1,2025-12-28 09:50:52,2025-12-28 10:11:32,CC→CW,2025-12-28,,20151,20151
6151,2100005713,Costa Mar,Concepcion,20162,L2,V1,2025-12-28 12:40:14,2025-12-28 12:58:54,CW→CC,2025-12-28,,20162,20162
6152,2100005719,Costa Mar,Los Canelos,20151,L2,V1,2025-12-28 09:27:14,2025-12-28 10:06:52,CC→CW,2025-12-28,,20151,20151
6153,2100006197,Lomas Coloradas,Hito Galvarino,20151,L2,V1,2025-12-28 09:49:51,2025-12-28 10:03:13,CC→CW,2025-12-28,,20151,20151
6154,2100006224,Cristo Redentor,Laguna Quinenco,20183,L2,V1,2025-12-28 20:17:50,2025-12-28 20:43:37,CC→CW,2025-12-28,,20183,20183
6155,2100006304,Lomas Coloradas,Laguna Quinenco,20169,L2,V1,2025-12-28 15:47:45,2025-12-28 16:12:43,CC→CW,2025-12-28,,20169,20169
6156,2100006304,Laguna Quinenco,Lomas Coloradas,20178,L2,V1,2025-12-28 18:09:02,2025-12-28 18:38:47,CW→CC,2025-12-28,,20178,20178
6157,2100006700,Lomas Coloradas,Concepcion,20172,L2,V1,2025-12-28 16:58:10,2025-12-28 17:30:38,CW→CC,2025-12-28,,20172,20172
6158,2100006781,Costa Mar,Diagonal Bio Bio,20170,L2,V1,2025-12-28 16:02:44,2025-12-28 16:13:46,CW→CC,2025-12-28,,20170,20170
6159,2100006850,Concepcion,Concepcion,,,N/A,2025-12-28 10:56:27,2025-12-28 10:57:21,,2025-12-28,no viajo,,
6160,2100006932,Juan Pablo II,Concepcion,20182,L2,V1,2025-12-28 19:41:34,2025-12-28 20:07:29,CW→CC,2025-12-28,,20182,20182
6161,2100007141,Cristo Redentor,El Parque,20166,L2,V1,2025-12-28 13:46:04,2025-12-28 14:15:50,CW→CC,2025-12-28,,20166,20166
6162,2100007141,El Parque,Cristo Redentor,20169,L2,V1,2025-12-28 15:37:13,2025-12-28 16:09:23,CC→CW,2025-12-28,,20169,20169
6163,2100007373,Cristo Redentor,Cdal. Raul Silva Henriquez,20172,L2,V1,2025-12-28 16:45:24,2025-12-28 17:07:15,CW→CC,2025-12-28,,20172,20172
6164,2100007728,Los Canelos,Concepcion,20156,L2,V1,2025-12-28 10:36:56,2025-12-28 11:17:46,CW→CC,2025-12-28,,20156,20156
6165,2100007728,Concepcion,Los Canelos,20165,L2,V1,2025-12-28 12:49:32,2025-12-28 13:48:05,CC→CW,2025-12-28,,20165,20165
6166,2100007728,Concepcion,Chiguayante,20845,L1,V1,2025-12-28 15:41:47,2025-12-28 16:41:00,TH→HQ,2025-12-28,combo_por_entrada,20845,20845
6167,2100007912,Concepcion,Laguna Quinenco,20165,L2,V1,2025-12-28 13:02:46,2025-12-28 13:56:40,CC→CW,2025-12-28,,20165,20165
6168,2100007944,Los Canelos,Lomas Coloradas,20150,L2,V1,2025-12-28 08:45:51,2025-12-28 09:11:03,CW→CC,2025-12-28,,20150,20150
6169,2100008201,Coronel,Concepcion,20186,L2,V1,2025-12-28 20:05:19,2025-12-28 21:02:23,CW→CC,2025-12-28,,20186,20186
6170,2100008444,Cdal. Raul Silva Henriquez,Concepcion,20186,L2,V1,2025-12-28 20:28:45,2025-12-28 21:15:56,CW→CC,2025-12-28,combo_por_entrada,20186,20186
6171,2100008755,Coronel,Concepcion,20166,L2,V1,2025-12-28 13:40:29,2025-12-28 14:42:15,CW→CC,2025-12-28,,20166,20166
6172,2100008792,Laguna Quinenco,Cristo Redentor,20170,L2,V1,2025-12-28 15:33:32,2025-12-28 15:46:11,CW→CC,2025-12-28,,20170,20170
6173,2100008856,El Parque,Cristo Redentor,20183,L2,V1,2025-12-28 20:13:09,2025-12-28 20:41:42,CC→CW,2025-12-28,,20183,20183
6174,2100008857,El Parque,Laguna Quinenco,20171,L2,V1,2025-12-28 16:35:51,2025-12-28 17:21:09,CC→CW,2025-12-28,,20171,20171
6175,2100008898,Diagonal Bio Bio,Los Canelos,20179,L2,V1,2025-12-28 19:06:18,2025-12-28 19:35:10,CC→CW,2025-12-28,,20179,20179
6176,2100009418,Lomas Coloradas,Laguna Quinenco,20157,L2,V1,2025-12-28 11:43:32,2025-12-28 12:11:32,CC→CW,2025-12-28,,20157,20157
6177,2100009596,Huinca,Concepcion,20154,L2,V1,2025-12-28 09:47:59,2025-12-28 10:32:14,CW→CC,2025-12-28,,20154,20154
6178,2100009596,Concepcion,Los Canelos,20165,L2,V1,2025-12-28 12:45:37,2025-12-28 13:47:48,CC→CW,2025-12-28,,20165,20165
6179,2100009902,Laguna Quinenco,Concepcion,20156,L2,V1,2025-12-28 10:36:22,2025-12-28 11:26:23,CW→CC,2025-12-28,,20156,20156
6180,2100009902,Concepcion,Laguna Quinenco,20177,L2,V1,2025-12-28 18:20:25,2025-12-28 19:12:41,CC→CW,2025-12-28,,20177,20177
6181,2100009924,Huinca,Cdal. Raul Silva Henriquez,20182,L2,V1,2025-12-28 18:59:48,2025-12-28 19:38:21,CW→CC,2025-12-28,,20182,20182
6182,2100009943,Concepcion,Cristo Redentor,20173,L2,V1,2025-12-28 17:11:02,2025-12-28 18:08:14,CC→CW,2025-12-28,,20173,20173
6183,2100009990,Alborada,Cdal. Raul Silva Henriquez,20171,L2,V1,2025-12-28 16:38:02,2025-12-28 17:03:51,CC→CW,2025-12-28,,20171,20171
6184,2102000506,Lomas Coloradas,Costa Mar,20154,L2,V1,2025-12-28 10:11:00,2025-12-28 10:18:22,CW→CC,2025-12-28,,20154,20154
6185,2102001358,Concepcion,Cristo Redentor,20161,L2,V1,2025-12-28 12:09:18,2025-12-28 12:55:58,CC→CW,2025-12-28,,20161,20161
6186,2102001358,Cristo Redentor,Concepcion,20182,L2,V1,2025-12-28 19:07:57,2025-12-28 20:02:14,CW→CC,2025-12-28,,20182,20182
6187,2102001358,Concepcion,Pedro Medina,20847,L1,V1,2025-12-28 20:24:21,2025-12-28 20:43:31,TH→HQ,2025-12-28,,20847,20847
6188,2102001373,Lomas Coloradas,Hito Galvarino,20155,L2,V1,2025-12-28 10:44:44,2025-12-28 11:05:43,CC→CW,2025-12-28,,20155,20155
6189,2102001373,Hito Galvarino,Lomas Coloradas,20160,L2,V1,2025-12-28 11:06:52,2025-12-28 11:53:52,CW→CC,2025-12-28,,20160,20160
6190,2102001632,Concepcion,Coronel,20183,L2,V1,2025-12-28 19:56:01,2025-12-28 20:46:57,CC→CW,2025-12-28,,20183,20183
6191,2102002415,Los Canelos,Juan Pablo II,20166,L2,V1,2025-12-28 13:54:39,2025-12-28 14:25:34,CW→CC,2025-12-28,,20166,20166
6192,2102002490,Coronel,Concepcion,,,N/A,2025-12-28 09:43:36,2025-12-28 10:17:25,,2025-12-28,sin_combo_factible_en_hub|sin_s1_factible_retro,,
6193,2102002588,Coronel,Costa Mar,20178,L2,V1,2025-12-28 18:05:20,2025-12-28 18:43:41,CW→CC,2025-12-28,,20178,20178
6194,2102002622,Concepcion,Hito Galvarino,20171,L2,V1,2025-12-28 16:26:01,2025-12-28 17:09:59,CC→CW,2025-12-28,,20171,20171
6195,2102002782,Los Canelos,Concepcion,20154,L2,V1,2025-12-28 09:57:58,2025-12-28 10:33:12,CW→CC,2025-12-28,,20154,20154
6196,2102002782,Concepcion,Los Canelos,20187,L2,V1,2025-12-28 20:52:14,2025-12-28 21:40:41,CC→CW,2025-12-28,,20187,20187
6197,2102003336,Laguna Quinenco,Los Canelos,20178,L2,V1,2025-12-28 18:13:38,2025-12-28 18:26:31,CW→CC,2025-12-28,,20178,20178
6198,2102003362,Lzo. Arenas,Chiguayante,20845,L1,V1,2025-12-28 16:16:18,2025-12-28 16:40:31,TH→HQ,2025-12-28,,20845,20845
6199,2102003876,Alborada,Concepcion,20178,L2,V1,2025-12-28 18:45:41,2025-12-28 19:05:59,CW→CC,2025-12-28,,20178,20178
6200,2102004336,Coronel,Huinca,20162,L2,V1,2025-12-28 12:07:19,2025-12-28 12:24:54,CW→CC,2025-12-28,,20162,20162
6201,2102004494,El Parque,Huinca,20183,L2,V1,2025-12-28 20:07:42,2025-12-28 20:40:22,CC→CW,2025-12-28,,20183,20183
6202,2102004671,Huinca,Los Canelos,20178,L2,V1,2025-12-28 18:09:19,2025-12-28 18:27:16,CW→CC,2025-12-28,,20178,20178
6203,2102004671,Los Canelos,Cristo Redentor,20183,L2,V1,2025-12-28 20:30:45,2025-12-28 20:42:12,CC→CW,2025-12-28,,20183,20183
6204,2102004713,Hito Galvarino,Concepcion,20166,L2,V1,2025-12-28 13:59:38,2025-12-28 17:23:53,CW→CC,2025-12-28,,20166,20166
6205,2102004713,Concepcion,Hito Galvarino,20173,L2,V1,2025-12-28 17:23:57,2025-12-28 18:00:10,CC→CW,2025-12-28,,20173,20173
6206,2102004755,Concepcion,El Parque,20173,L2,V1,2025-12-28 17:13:02,2025-12-28 17:50:06,CC→CW,2025-12-28,,20173,20173
6207,2102004755,El Parque,Cristo Redentor,20177,L2,V1,2025-12-28 18:46:41,2025-12-28 19:11:01,CC→CW,2025-12-28,,20177,20177
6208,2102005131,Laguna Quinenco,El Parque,20178,L2,V1,2025-12-28 18:13:11,2025-12-28 18:41:27,CW→CC,2025-12-28,,20178,20178
6209,2102005131,Costa Mar,Lomas Coloradas,20187,L2,V1,2025-12-28 21:12:16,2025-12-28 21:29:56,CC→CW,2025-12-28,,20187,20187
6210,2102005550,Concepcion,Cdal. Raul Silva Henriquez,20171,L2,V1,2025-12-28 16:11:06,2025-12-28 17:03:37,CC→CW,2025-12-28,combo_por_entrada,20171,20171
6211,2102006552,El Parque,Lomas Coloradas,20165,L2,V1,2025-12-28 13:22:52,2025-12-28 13:34:59,CC→CW,2025-12-28,,20165,20165
6212,2102006552,Lomas Coloradas,El Parque,20186,L2,V1,2025-12-28 20:12:33,2025-12-28 20:41:24,CW→CC,2025-12-28,,20186,20186
6213,2102006815,Alborada,Los Canelos,20151,L2,V1,2025-12-28 09:24:59,2025-12-28 10:06:13,CC→CW,2025-12-28,,20151,20151
6214,2102006829,Juan Pablo II,Costa Mar,20187,L2,V1,2025-12-28 20:19:23,2025-12-28 21:24:56,CC→CW,2025-12-28,,20187,20187
6215,2103000013,Cdal. Raul Silva Henriquez,Concepcion,20150,L2,V1,2025-12-28 08:55:52,2025-12-28 09:30:19,CW→CC,2025-12-28,,20150,20150
6216,2103000066,Concepcion,Lomas Coloradas,20165,L2,V1,2025-12-28 13:07:43,2025-12-28 13:35:33,CC→CW,2025-12-28,,20165,20165
6217,2103000093,Cdal. Raul Silva Henriquez,Diagonal Bio Bio,20162,L2,V1,2025-12-28 12:30:19,2025-12-28 12:49:46,CW→CC,2025-12-28,,20162,20162
6218,2103000093,Diagonal Bio Bio,Lomas Coloradas,20167,L2,V1,2025-12-28 14:24:19,2025-12-28 14:56:23,CC→CW,2025-12-28,,20167,20167
6219,2103000105,Diagonal Bio Bio,Concepcion,20168,L2,V1,2025-12-28 15:07:00,2025-12-28 15:28:57,CW→CC,2025-12-28,,20168,20168
6220,2103000106,Diagonal Bio Bio,Concepcion,20168,L2,V1,2025-12-28 15:06:46,2025-12-28 15:29:16,CW→CC,2025-12-28,,20168,20168
6221,2103000140,Coronel,Concepcion,20176,L2,V1,2025-12-28 17:15:48,2025-12-28 18:27:02,CW→CC,2025-12-28,,20176,20176
6222,2103000181,Lzo. Arenas,Manquimavida,20845,L1,V1,2025-12-28 16:18:19,2025-12-28 16:46:06,TH→HQ,2025-12-28,,20845,20845
6223,2103000182,Costa Mar,Diagonal Bio Bio,20176,L2,V1,2025-12-28 18:08:54,2025-12-28 18:17:07,CW→CC,2025-12-28,,20176,20176
6224,2103000206,Concepcion,Lzo. Arenas,20850,L1,V1,2025-12-28 09:46:52,2025-12-28 10:13:04,HQ→TH,2025-12-28,combo_relajado_pase1,20850,20850
6225,2103000272,Concepcion,Los Canelos,20151,L2,V1,2025-12-28 09:20:52,2025-12-28 10:07:28,CC→CW,2025-12-28,,20151,20151
6226,2103000272,Concepcion,El Arenal,20848,L1,V1,2025-12-28 20:15:01,2025-12-28 21:28:58,HQ→TH,2025-12-28,combo_por_entrada,20848,20848
6227,2103000318,Alborada,Cdal. Raul Silva Henriquez,20177,L2,V1,2025-12-28 18:36:23,2025-12-28 18:54:09,CC→CW,2025-12-28,,20177,20177
6228,2103001419,Los Canelos,Concepcion,20154,L2,V1,2025-12-28 09:49:51,2025-12-28 10:32:48,CW→CC,2025-12-28,,20154,20154
6229,2103001419,Concepcion,Los Canelos,20169,L2,V1,2025-12-28 15:06:36,2025-12-28 16:02:45,CC→CW,2025-12-28,,20169,20169
6230,2103002034,Hualqui,Chiguayante,20844,L1,V1,2025-12-28 11:59:59,2025-12-28 12:52:28,HQ→TH,2025-12-28,,20844,20844
6231,2103002086,Lomas Coloradas,El Parque,20150,L2,V1,2025-12-28 09:07:29,2025-12-28 09:14:18,CW→CC,2025-12-28,,20150,20150
6232,2103002086,El Parque,Lomas Coloradas,20183,L2,V1,2025-12-28 20:17:24,2025-12-28 20:22:56,CC→CW,2025-12-28,,20183,20183
6233,2103002121,Concepcion,Hito Galvarino,20161,L2,V1,2025-12-28 11:47:53,2025-12-28 12:45:57,CC→CW,2025-12-28,,20161,20161
6234,2103002121,Hito Galvarino,Concepcion,20186,L2,V1,2025-12-28 20:24:28,2025-12-28 20:59:48,CW→CC,2025-12-28,,20186,20186
6235,2103002304,Diagonal Bio Bio,Coronel,20167,L2,V1,2025-12-28 14:29:36,2025-12-28 15:20:11,CC→CW,2025-12-28,,20167,20167
6236,2103002312,Costa Mar,Concepcion,20186,L2,V1,2025-12-28 20:25:53,2025-12-28 21:01:39,CW→CC,2025-12-28,,20186,20186
6237,2103002355,El Arenal,Lzo. Arenas,20859,L1,V1,2025-12-28 12:09:26,2025-12-28 12:49:57,TH→HQ,2025-12-28,,20859,20859
6238,2103002429,Concepcion,Higueras,20848,L1,V1,2025-12-28 19:38:41,2025-12-28 21:23:59,HQ→TH,2025-12-28,combo_por_entrada,20848,20848
6239,2103002438,Cristo Redentor,El Parque,20162,L2,V1,2025-12-28 12:11:58,2025-12-28 12:43:05,CW→CC,2025-12-28,,20162,20162
6240,2103002438,El Parque,Cristo Redentor,20165,L2,V1,2025-12-28 13:21:07,2025-12-28 13:53:49,CC→CW,2025-12-28,,20165,20165
6241,2103002462,Coronel,Diagonal Bio Bio,20172,L2,V1,2025-12-28 16:39:47,2025-12-28 17:19:33,CW→CC,2025-12-28,,20172,20172
6242,2103002639,Laguna Quinenco,Los Canelos,20176,L2,V1,2025-12-28 17:38:47,2025-12-28 17:55:01,CW→CC,2025-12-28,,20176,20176
6243,2103002724,Laguna Quinenco,Los Canelos,20166,L2,V1,2025-12-28 13:42:10,2025-12-28 14:01:12,CW→CC,2025-12-28,,20166,20166
6244,2103002797,Los Canelos,Concepcion,,,N/A,2025-12-28 08:53:55,2025-12-28 09:15:46,,2025-12-28,sin_combo_factible_en_hub|sin_s1_factible_retro,,
6245,2103002829,Huinca,Concepcion,20154,L2,V1,2025-12-28 09:24:13,2025-12-28 10:34:33,CW→CC,2025-12-28,,20154,20154
6246,2103002955,Los Canelos,El Parque,20170,L2,V1,2025-12-28 15:42:29,2025-12-28 16:06:46,CW→CC,2025-12-28,,20170,20170
6247,2103002955,El Parque,Laguna Quinenco,20173,L2,V1,2025-12-28 17:35:53,2025-12-28 18:11:11,CC→CW,2025-12-28,,20173,20173
6248,2103002955,Laguna Quinenco,Los Canelos,20186,L2,V1,2025-12-28 20:08:57,2025-12-28 20:26:56,CW→CC,2025-12-28,,20186,20186
6249,2103002977,Concepcion,Laguna Quinenco,20173,L2,V1,2025-12-28 16:44:29,2025-12-28 18:11:21,CC→CW,2025-12-28,,20173,20171
6250,2103003020,Huinca,Costa Mar,20154,L2,V1,2025-12-28 09:51:08,2025-12-28 10:18:29,CW→CC,2025-12-28,,20154,20154
6251,2103003020,Costa Mar,Huinca,20167,L2,V1,2025-12-28 14:43:01,2025-12-28 15:12:23,CC→CW,2025-12-28,,20167,20167
6252,2103003153,Huinca,Concepcion,20150,L2,V1,2025-12-28 08:53:19,2025-12-28 09:30:52,CW→CC,2025-12-28,,20150,20150
6253,2103003222,Concepcion,Cristo Redentor,20173,L2,V1,2025-12-28 17:21:25,2025-12-28 18:08:23,CC→CW,2025-12-28,,20173,20173
6254,2103003285,Cristo Redentor,Lomas Coloradas,20170,L2,V1,2025-12-28 15:38:27,2025-12-28 16:04:35,CW→CC,2025-12-28,,20170,20170
6255,2103003285,Lomas Coloradas,Cristo Redentor,20173,L2,V1,2025-12-28 17:28:16,2025-12-28 18:08:56,CC→CW,2025-12-28,,20173,20173
6256,2103003382,Cristo Redentor,Concepcion,20156,L2,V1,2025-12-28 10:18:09,2025-12-28 11:18:28,CW→CC,2025-12-28,,20156,20156
6257,2103003382,Concepcion,Lomas Coloradas,20165,L2,V1,2025-12-28 13:14:40,2025-12-28 13:35:25,CC→CW,2025-12-28,,20165,20165
6258,2103003382,Lomas Coloradas,Cristo Redentor,20171,L2,V1,2025-12-28 16:51:59,2025-12-28 17:18:14,CC→CW,2025-12-28,,20171,20171
6259,2103003389,Juan Pablo II,Coronel,20179,L2,V1,2025-12-28 19:00:43,2025-12-28 19:45:50,CC→CW,2025-12-28,,20179,20179
6260,2103003391,Cdal. Raul Silva Henriquez,Coronel,20151,L2,V1,2025-12-28 09:49:21,2025-12-28 10:16:41,CC→CW,2025-12-28,,20151,20151
6261,2103003391,Coronel,Cdal. Raul Silva Henriquez,20172,L2,V1,2025-12-28 16:33:27,2025-12-28 17:07:13,CW→CC,2025-12-28,,20172,20172
6262,2103003400,Concepcion,Huinca,20171,L2,V1,2025-12-28 16:19:33,2025-12-28 17:16:18,CC→CW,2025-12-28,,20171,20171
6263,2103003401,Concepcion,El Parque,20177,L2,V1,2025-12-28 18:23:30,2025-12-28 18:52:56,CC→CW,2025-12-28,,20177,20177
6264,2103003401,El Parque,Concepcion,20182,L2,V1,2025-12-28 19:35:54,2025-12-28 20:02:53,CW→CC,2025-12-28,,20182,20182
6265,2103003404,Laguna Quinenco,Concepcion,20176,L2,V1,2025-12-28 17:34:00,2025-12-28 18:27:54,CW→CC,2025-12-28,,20176,20176
6266,2103003404,Concepcion,Cristo Redentor,20183,L2,V1,2025-12-28 19:31:10,2025-12-28 20:41:24,CC→CW,2025-12-28,,20183,20183
6267,2103003423,Laguna Quinenco,Cristo Redentor,20170,L2,V1,2025-12-28 15:33:38,2025-12-28 15:46:05,CW→CC,2025-12-28,,20170,20170
6268,2103003563,Cristo Redentor,Concepcion,20154,L2,V1,2025-12-28 09:22:09,2025-12-28 10:32:50,CW→CC,2025-12-28,,20154,20154
6269,2103003563,Concepcion,Cristo Redentor,20183,L2,V1,2025-12-28 19:26:20,2025-12-28 20:42:24,CC→CW,2025-12-28,,20183,20183
6270,2103003610,Concepcion,Diagonal Bio Bio,20157,L2,V1,2025-12-28 11:17:12,2025-12-28 11:40:15,CC→CW,2025-12-28,,20157,20157
6271,2103003610,Concepcion,Diagonal Bio Bio,20183,L2,V1,2025-12-28 19:53:16,2025-12-28 20:12:19,CC→CW,2025-12-28,,20183,20183
6272,2103003747,Cdal. Raul Silva Henriquez,Coronel,20157,L2,V1,2025-12-28 11:39:46,2025-12-28 12:14:57,CC→CW,2025-12-28,,20157,20157
6273,2103003747,Coronel,Cdal. Raul Silva Henriquez,20172,L2,V1,2025-12-28 16:28:52,2025-12-28 17:07:25,CW→CC,2025-12-28,,20172,20172
6274,2103003901,Cdal. Raul Silva Henriquez,Concepcion,20166,L2,V1,2025-12-28 14:09:20,2025-12-28 14:33:08,CW→CC,2025-12-28,,20166,20166
6275,2103009649,Cristo Redentor,Lomas Coloradas,20186,L2,V1,2025-12-28 20:11:51,2025-12-28 20:38:55,CW→CC,2025-12-28,,20186,20186
6276,2103010004,Los Canelos,Concepcion,20150,L2,V1,2025-12-28 08:51:49,2025-12-28 09:30:45,CW→CC,2025-12-28,,20150,20150
6277,2103010004,Concepcion,Los Canelos,20187,L2,V1,2025-12-28 20:36:47,2025-12-28 21:40:36,CC→CW,2025-12-28,,20187,20187
6278,2103010019,Huinca,Concepcion,20182,L2,V1,2025-12-28 19:06:32,2025-12-28 20:01:15,CW→CC,2025-12-28,,20182,20182
6279,2103010020,Laguna Quinenco,Concepcion,20156,L2,V1,2025-12-28 10:36:39,2025-12-28 11:18:41,CW→CC,2025-12-28,,20156,20156
6280,2103010049,Cristo Redentor,Laguna Quinenco,20161,L2,V1,2025-12-28 12:29:43,2025-12-28 12:57:14,CC→CW,2025-12-28,,20161,20161
6281,2103010049,Laguna Quinenco,Cristo Redentor,20186,L2,V1,2025-12-28 19:42:47,2025-12-28 20:22:25,CW→CC,2025-12-28,,20186,20186
6282,2103010148,Huinca,Costa Mar,20150,L2,V1,2025-12-28 08:48:19,2025-12-28 09:16:42,CW→CC,2025-12-28,,20150,20150
6283,2103010148,Costa Mar,Huinca,20171,L2,V1,2025-12-28 16:39:03,2025-12-28 17:16:20,CC→CW,2025-12-28,,20171,20171
6284,2103010149,Los Canelos,Lomas Coloradas,20182,L2,V1,2025-12-28 19:23:16,2025-12-28 19:42:00,CW→CC,2025-12-28,,20182,20182
6285,2103010269,Los Canelos,Huinca,20177,L2,V1,2025-12-28 18:24:58,2025-12-28 19:38:03,CC→CW,2025-12-28,,20177,20177
6286,2103010305,Concepcion,Los Canelos,20179,L2,V1,2025-12-28 18:40:47,2025-12-28 19:36:14,CC→CW,2025-12-28,,20179,20179
6287,2103010446,Cristo Redentor,Lomas Coloradas,20170,L2,V1,2025-12-28 15:38:32,2025-12-28 16:04:32,CW→CC,2025-12-28,,20170,20170
6288,2103010446,Lomas Coloradas,Cristo Redentor,20173,L2,V1,2025-12-28 17:28:25,2025-12-28 18:08:50,CC→CW,2025-12-28,,20173,20173
6289,2104003041,Concepcion,Chiguayante,20847,L1,V1,2025-12-28 20:20:46,2025-12-28 20:40:58,TH→HQ,2025-12-28,,20847,20847
6290,2104003052,Concepcion,Concepcion,,,N/A,2025-12-28 08:44:34,2025-12-28 08:46:11,,2025-12-28,no viajo,,
6291,2104003070,Concepcion,Concepcion,,,N/A,2025-12-28 12:48:39,2025-12-28 17:32:24,,2025-12-28,no viajo,,
6292,2104003070,Concepcion,Concepcion,,,N/A,2025-12-28 18:29:24,2025-12-28 18:30:02,,2025-12-28,no viajo,,
6293,2104003515,Concepcion,Hito Galvarino,20173,L2,V1,2025-12-28 17:26:53,2025-12-28 17:59:36,CC→CW,2025-12-28,,20173,20173
6294,2104004359,Concepcion,Cdal. Raul Silva Henriquez,20171,L2,V1,2025-12-28 16:23:26,2025-12-28 17:04:36,CC→CW,2025-12-28,,20171,20171
6295,2106000064,Concepcion,Coronel,20187,L2,V1,2025-12-28 20:37:12,2025-12-28 21:50:28,CC→CW,2025-12-28,,20187,20187
6296,2106000071,Concepcion,Concepcion,,,N/A,2025-12-28 17:31:16,2025-12-28 17:31:50,,2025-12-28,no viajo,,
6297,2106000121,Los Condores,Concepcion,20859,L1,V1,2025-12-28 12:25:18,2025-12-28 13:03:41,TH→HQ,2025-12-28,,20859,20859
6298,2106000121,Concepcion,Los Condores,20848,L1,V1,2025-12-28 20:13:08,2025-12-28 21:21:24,HQ→TH,2025-12-28,,20848,20848
6299,2106000133,Lomas Coloradas,Alborada,20172,L2,V1,2025-12-28 17:03:47,2025-12-28 17:17:27,CW→CC,2025-12-28,,20172,20172
6300,2106000171,Concepcion,Hito Galvarino,20177,L2,V1,2025-12-28 18:22:08,2025-12-28 19:01:02,CC→CW,2025-12-28,,20177,20177
6301,2106000207,El Parque,Lomas Coloradas,20183,L2,V1,2025-12-28 20:06:27,2025-12-28 20:22:49,CC→CW,2025-12-28,,20183,20183
6302,2106000400,Concepcion,Coronel,20171,L2,V1,2025-12-28 16:17:26,2025-12-28 17:25:29,CC→CW,2025-12-28,,20171,20171
6303,2106000589,Los Canelos,Concepcion,20168,L2,V1,2025-12-28 14:41:26,2025-12-28 15:29:17,CW→CC,2025-12-28,,20168,20168
6304,2106000589,Concepcion,Los Canelos,20171,L2,V1,2025-12-28 16:31:54,2025-12-28 17:13:21,CC→CW,2025-12-28,,20171,20171
6305,2106000794,Huinca,Laguna Quinenco,20187,L2,V1,2025-12-28 21:37:50,2025-12-28 21:47:25,CC→CW,2025-12-28,,20187,20187
6306,2106000930,Concepcion,Cristo Redentor,20157,L2,V1,2025-12-28 11:13:55,2025-12-28 12:10:17,CC→CW,2025-12-28,,20157,20157
6307,2106000966,Los Canelos,Coronel,20151,L2,V1,2025-12-28 09:31:39,2025-12-28 10:17:27,CC→CW,2025-12-28,,20151,20151
6308,2106000989,Concepcion,Hito Galvarino,20183,L2,V1,2025-12-28 19:51:41,2025-12-28 20:32:58,CC→CW,2025-12-28,,20183,20183
6309,2106001038,El Arenal,Concepcion,20847,L1,V1,2025-12-28 19:58:55,2025-12-28 20:26:25,TH→HQ,2025-12-28,,20847,20847
6310,2106001108,Laguna Quinenco,El Parque,20176,L2,V1,2025-12-28 17:33:09,2025-12-28 18:10:50,CW→CC,2025-12-28,,20176,20176
6311,2106001108,El Parque,Los Canelos,20179,L2,V1,2025-12-28 19:14:34,2025-12-28 19:35:46,CC→CW,2025-12-28,,20179,20179
6312,2106001218,Coronel,Cdal. Raul Silva Henriquez,20176,L2,V1,2025-12-28 17:46:11,2025-12-28 18:36:18,CW→CC,2025-12-28,,20176,20176
6313,2106001245,Concepcion,Los Canelos,20167,L2,V1,2025-12-28 14:10:11,2025-12-28 15:08:57,CC→CW,2025-12-28,,20167,20167
6314,2106001245,Los Canelos,Concepcion,20178,L2,V1,2025-12-28 18:24:21,2025-12-28 18:59:07,CW→CC,2025-12-28,,20178,20178
6315,2106001297,Coronel,Concepcion,20170,L2,V1,2025-12-28 15:02:19,2025-12-28 16:24:19,CW→CC,2025-12-28,,20170,20170
6316,2106001358,Concepcion,Costa Mar,20161,L2,V1,2025-12-28 12:06:24,2025-12-28 12:31:41,CC→CW,2025-12-28,,20161,20161
6317,2106001516,Costa Mar,Coronel,20155,L2,V1,2025-12-28 10:36:10,2025-12-28 11:20:24,CC→CW,2025-12-28,,20155,20155
6318,2106001623,Laguna Quinenco,Concepcion,20162,L2,V1,2025-12-28 12:14:26,2025-12-28 12:59:27,CW→CC,2025-12-28,,20162,20162
6319,2106001623,Concepcion,Laguna Quinenco,20187,L2,V1,2025-12-28 20:45:08,2025-12-28 21:47:01,CC→CW,2025-12-28,,20187,20187
6320,2106001674,Los Canelos,Concepcion,20154,L2,V1,2025-12-28 09:54:03,2025-12-28 10:33:37,CW→CC,2025-12-28,,20154,20154
6321,2106001674,Concepcion,Los Canelos,20179,L2,V1,2025-12-28 18:50:17,2025-12-28 19:36:42,CC→CW,2025-12-28,,20179,20179
6322,2106001679,Higueras,Concepcion,20859,L1,V1,2025-12-28 12:37:47,2025-12-28 13:49:01,TH→HQ,2025-12-28,combo_por_entrada,20859,20859
6323,2106001722,Hito Galvarino,Concepcion,20154,L2,V1,2025-12-28 09:57:39,2025-12-28 10:32:46,CW→CC,2025-12-28,,20154,20154
6324,2106001722,Concepcion,Hito Galvarino,20183,L2,V1,2025-12-28 20:00:44,2025-12-28 20:32:50,CC→CW,2025-12-28,,20183,20183
6325,2106001789,Huinca,Concepcion,20154,L2,V1,2025-12-28 09:39:36,2025-12-28 10:32:29,CW→CC,2025-12-28,,20154,20154
6326,2106001814,Alborada,Coronel,20183,L2,V1,2025-12-28 20:10:13,2025-12-28 20:47:13,CC→CW,2025-12-28,,20183,20183
6327,2106001859,Laguna Quinenco,Cristo Redentor,20178,L2,V1,2025-12-28 18:11:27,2025-12-28 18:23:47,CW→CC,2025-12-28,,20178,20178
6328,2106001943,Los Canelos,Cristo Redentor,20157,L2,V1,2025-12-28 11:52:45,2025-12-28 12:08:54,CC→CW,2025-12-28,,20157,20157
6329,2106001953,Concepcion,Hualqui,20845,L1,V1,2025-12-28 15:28:44,2025-12-28 17:01:36,TH→HQ,2025-12-28,combo_por_entrada,20845,20845
6330,2106003313,El Parque,Hito Galvarino,20183,L2,V1,2025-12-28 20:05:16,2025-12-28 20:33:26,CC→CW,2025-12-28,,20183,20183
6331,2106003348,Coronel,Costa Mar,20150,L2,V1,2025-12-28 08:33:58,2025-12-28 09:16:34,CW→CC,2025-12-28,,20150,20150
6332,2106003348,Costa Mar,Coronel,20161,L2,V1,2025-12-28 11:53:03,2025-12-28 12:59:48,CC→CW,2025-12-28,,20161,20161
6333,2106003467,Hito Galvarino,Concepcion,20154,L2,V1,2025-12-28 09:48:31,2025-12-28 10:33:20,CW→CC,2025-12-28,,20154,20154
6334,2106003467,Concepcion,Hito Galvarino,20167,L2,V1,2025-12-28 14:21:10,2025-12-28 15:06:14,CC→CW,2025-12-28,,20167,20167
6335,2106003522,Laguna Quinenco,Concepcion,,,N/A,2025-12-28 14:33:05,2025-12-28 15:13:08,,2025-12-28,sin_combo_factible_en_hub|sin_s1_factible_retro,,
6336,2106003522,Concepcion,Laguna Quinenco,20183,L2,V1,2025-12-28 20:03:33,2025-12-28 21:47:35,CC→CW,2025-12-28,,20183,20183
6337,2106003560,Concepcion,Hito Galvarino,20151,L2,V1,2025-12-28 09:05:40,2025-12-28 10:03:06,CC→CW,2025-12-28,,20151,20151
6338,2106003657,Laguna Quinenco,Los Canelos,20186,L2,V1,2025-12-28 20:03:54,2025-12-28 20:26:33,CW→CC,2025-12-28,,20186,20186
6339,2106003681,Laguna Quinenco,Cristo Redentor,20182,L2,V1,2025-12-28 19:07:43,2025-12-28 19:24:05,CW→CC,2025-12-28,,20182,20182
6340,2106003741,Concepcion,Huinca,20157,L2,V1,2025-12-28 11:23:19,2025-12-28 12:08:39,CC→CW,2025-12-28,,20157,20157
6341,2106003741,Concepcion,UTF Santa Maria,20846,L1,V1,2025-12-28 16:43:00,2025-12-28 17:46:02,HQ→TH,2025-12-28,combo_por_entrada,20846,20846
6342,2106003759,Costa Mar,Diagonal Bio Bio,20168,L2,V1,2025-12-28 15:08:27,2025-12-28 15:19:01,CW→CC,2025-12-28,,20168,20168
6343,2106003759,Diagonal Bio Bio,Costa Mar,20179,L2,V1,2025-12-28 19:08:46,2025-12-28 19:17:19,CC→CW,2025-12-28,,20179,20179
6344,2106003771,Concepcion,Lomas Coloradas,20187,L2,V1,2025-12-28 20:36:44,2025-12-28 21:29:08,CC→CW,2025-12-28,,20187,20187
6345,2106003773,Cristo Redentor,Lomas Coloradas,20154,L2,V1,2025-12-28 09:54:26,2025-12-28 10:11:55,CW→CC,2025-12-28,,20154,20154
6346,2106003773,Lomas Coloradas,Cristo Redentor,20165,L2,V1,2025-12-28 13:32:22,2025-12-28 13:52:51,CC→CW,2025-12-28,,20165,20165
6347,2106003811,Manquimavida,Hualqui,20859,L1,V1,2025-12-28 13:13:42,2025-12-28 13:29:29,TH→HQ,2025-12-28,,20859,20859
6348,2106003838,Lomas Coloradas,Concepcion,20178,L2,V1,2025-12-28 18:32:17,2025-12-28 18:58:50,CW→CC,2025-12-28,,20178,20178
6349,2106003889,Concepcion,Cristo Redentor,20183,L2,V1,2025-12-28 19:55:23,2025-12-28 20:41:08,CC→CW,2025-12-28,,20183,20183
6350,2106003890,Coronel,Concepcion,20182,L2,V1,2025-12-28 18:54:12,2025-12-28 20:01:20,CW→CC,2025-12-28,,20182,20182
6351,2106003904,Diagonal Bio Bio,Juan Pablo II,20154,L2,V1,2025-12-28 10:12:51,2025-12-28 10:26:38,CW→CC,2025-12-28,,20154,20154
6352,2106003908,Juan Pablo II,Concepcion,20168,L2,V1,2025-12-28 15:06:00,2025-12-28 15:30:08,CW→CC,2025-12-28,,20168,20168
6353,2106003908,Concepcion,Costa Mar,20171,L2,V1,2025-12-28 16:10:42,2025-12-28 17:24:19,CC→CW,2025-12-28,,20171,20171
6354,2106003908,Costa Mar,Diagonal Bio Bio,20176,L2,V1,2025-12-28 17:40:20,2025-12-28 18:49:41,CW→CC,2025-12-28,,20176,20176
6355,2106003952,Diagonal Bio Bio,Lomas Coloradas,20179,L2,V1,2025-12-28 19:02:24,2025-12-28 19:22:01,CC→CW,2025-12-28,,20179,20179
6356,2106006512,El Parque,Juan Pablo II,20166,L2,V1,2025-12-28 13:58:08,2025-12-28 14:25:36,CW→CC,2025-12-28,,20166,20166
6357,2106006512,Juan Pablo II,El Parque,20167,L2,V1,2025-12-28 14:38:08,2025-12-28 14:53:53,CC→CW,2025-12-28,,20167,20167
6358,2106006512,El Parque,Los Canelos,20169,L2,V1,2025-12-28 15:14:21,2025-12-28 16:02:38,CC→CW,2025-12-28,,20169,20169
6359,2106006533,Cristo Redentor,Juan Pablo II,20160,L2,V1,2025-12-28 11:24:53,2025-12-28 12:06:18,CW→CC,2025-12-28,,20160,20160
6360,2106006533,Juan Pablo II,Cristo Redentor,20161,L2,V1,2025-12-28 12:24:13,2025-12-28 13:54:23,CC→CW,2025-12-28,,20161,20161
6361,2106006612,Coronel,Juan Pablo II,20176,L2,V1,2025-12-28 17:28:58,2025-12-28 18:30:51,CW→CC,2025-12-28,,20176,20176
6362,2106006638,Laguna Quinenco,El Parque,20182,L2,V1,2025-12-28 18:50:38,2025-12-28 19:44:00,CW→CC,2025-12-28,,20182,20182
6363,2106006639,Alborada,Laguna Quinenco,20177,L2,V1,2025-12-28 18:45:08,2025-12-28 19:43:01,CC→CW,2025-12-28,,20177,20177
6364,2106006687,El Arenal,UTF Santa Maria,20859,L1,V1,2025-12-28 12:27:36,2025-12-28 12:46:16,TH→HQ,2025-12-28,,20859,20859
6365,2106006746,Laguna Quinenco,Costa Mar,20176,L2,V1,2025-12-28 17:09:52,2025-12-28 18:12:19,CW→CC,2025-12-28,,20176,20176
6366,2106006757,Diagonal Bio Bio,Huinca,20171,L2,V1,2025-12-28 16:33:55,2025-12-28 17:15:37,CC→CW,2025-12-28,,20171,20171
6367,2106006764,Coronel,Juan Pablo II,20154,L2,V1,2025-12-28 09:30:45,2025-12-28 10:29:30,CW→CC,2025-12-28,,20154,20154
6368,2106006764,Concepcion,Coronel,20169,L2,V1,2025-12-28 15:30:16,2025-12-28 17:31:25,CC→CW,2025-12-28,,20169,20169
6369,2106006791,Concepcion,Lomas Coloradas,20151,L2,V1,2025-12-28 08:23:13,2025-12-28 09:55:40,CC→CW,2025-12-28,combo_por_entrada,20151,20151
6370,2106006828,Concepcion,El Parque,20167,L2,V1,2025-12-28 13:59:18,2025-12-28 14:55:04,CC→CW,2025-12-28,,20167,20167
6371,2106006828,El Parque,Concepcion,20172,L2,V1,2025-12-28 16:56:57,2025-12-28 17:30:44,CW→CC,2025-12-28,,20172,20172
6372,2106006848,Concepcion,Concepcion,,,N/A,2025-12-28 18:14:31,2025-12-28 18:15:11,,2025-12-28,no viajo,,
6373,2106006851,Concepcion,Laguna Quinenco,20157,L2,V1,2025-12-28 10:56:58,2025-12-28 12:12:52,CC→CW,2025-12-28,,20157,20157
6374,2106006852,Concepcion,Laguna Quinenco,20157,L2,V1,2025-12-28 10:57:00,2025-12-28 12:12:38,CC→CW,2025-12-28,,20157,20157
6375,2106006869,Concepcion,Diagonal Bio Bio,20167,L2,V1,2025-12-28 14:34:45,2025-12-28 14:46:58,CC→CW,2025-12-28,,20167,20167
6376,2106006879,Concepcion,Mercado,20850,L1,V1,2025-12-28 08:46:42,2025-12-28 10:32:17,HQ→TH,2025-12-28,combo_por_entrada,20850,20850
6377,2106006879,Concepcion,Los Canelos,20179,L2,V1,2025-12-28 18:33:19,2025-12-28 19:35:33,CC→CW,2025-12-28,,20179,20177
6378,900000000123,Cristo Redentor,Costa Mar,20156,L2,V1,2025-12-28 10:18:05,2025-12-28 11:04:04,CW→CC,2025-12-28,,20156,20156
6379,900000000123,Costa Mar,Cristo Redentor,20173,L2,V1,2025-12-28 17:46:00,2025-12-28 19:09:45,CC→CW,2025-12-28,,20173,20173
6380,900000000154,El Parque,Concepcion,20176,L2,V1,2025-12-28 18:06:44,2025-12-28 18:30:28,CW→CC,2025-12-28,,20176,20176
6381,900000000158,Hito Galvarino,El Parque,20150,L2,V1,2025-12-28 08:59:01,2025-12-28 09:14:08,CW→CC,2025-12-28,,20150,20150
6382,900053036771,Hualqui,Manquimavida,20848,L1,V1,2025-12-28 20:14:36,2025-12-28 20:53:56,HQ→TH,2025-12-28,,20848,20848
6383,900053036901,Costa Mar,Coronel,20151,L2,V1,2025-12-28 09:45:35,2025-12-28 10:17:03,CC→CW,2025-12-28,,20151,20151
6384,900053036901,Coronel,Costa Mar,20162,L2,V1,2025-12-28 12:00:59,2025-12-28 12:45:30,CW→CC,2025-12-28,,20162,20162
6385,900053036918,Concepcion,Los Canelos,20187,L2,V1,2025-12-28 20:07:20,2025-12-28 21:40:18,CC→CW,2025-12-28,combo_por_entrada,20187,20187
6386,900053036925,Los Canelos,Laguna Quinenco,20183,L2,V1,2025-12-28 20:18:16,2025-12-28 20:43:54,CC→CW,2025-12-28,,20183,20183
6387,900053037091,Laguna Quinenco,Los Canelos,20166,L2,V1,2025-12-28 13:51:14,2025-12-28 14:01:01,CW→CC,2025-12-28,,20166,20166
6388,900053037235,Cristo Redentor,Los Canelos,20178,L2,V1,2025-12-28 18:20:21,2025-12-28 18:26:44,CW→CC,2025-12-28,,20178,20178
6389,900053037311,Juan Pablo II,Laguna Quinenco,20179,L2,V1,2025-12-28 19:02:38,2025-12-28 19:42:45,CC→CW,2025-12-28,,20179,20179
6390,900053037521,Cristo Redentor,Concepcion,20178,L2,V1,2025-12-28 18:14:30,2025-12-28 19:00:57,CW→CC,2025-12-28,,20178,20178
6391,900053037751,Concepcion,Huinca,20151,L2,V1,2025-12-28 08:45:43,2025-12-28 10:08:28,CC→CW,2025-12-28,,20151,20151
6392,900053037751,Huinca,Concepcion,20178,L2,V1,2025-12-28 18:11:36,2025-12-28 18:59:25,CW→CC,2025-12-28,,20178,20178
6393,900053037972,Costa Mar,Concepcion,20156,L2,V1,2025-12-28 10:54:51,2025-12-28 11:23:13,CW→CC,2025-12-28,,20156,20156
6394,900053037972,Concepcion,Costa Mar,20183,L2,V1,2025-12-28 19:58:28,2025-12-28 20:17:17,CC→CW,2025-12-28,,20183,20183
